id,axiom_type,axiom_text,label,model_name,temperature,max_tokens,base_url,model_output,model_label,is_correct,error
sample_0001,subClassOf,Schwefelbad_Q112157620 ⊑ Designated_Spa_Town_Q6882870,1,qwen-max-0125,0.0,8192,https://api2.aigcbest.top/v1,"判断结果：正确  
解释：根据子类关系语义规则，Schwefelbad_Q112157620的所有实例都属于Designated_Spa_Town_Q6882870，符合语义规则且无明显冲突。",1,1,
sample_0002,subClassOf,Analog_computer ⊑ Computer,1,qwen-max-0125,0.0,8192,https://api2.aigcbest.top/v1,"判断结果：正确  
解释：根据子类关系语义规则，Analog_computer作为Computer的子类，其所有实例都属于Computer，符合语义规则和常识。",1,1,
sample_0003,subClassOf,Printing_Engineer_Q108565989 ⊑ Engineer,1,qwen-max-0125,0.0,8192,https://api2.aigcbest.top/v1,"判断结果：正确  
解释：根据子类关系语义规则，Printing_Engineer_Q108565989的所有实例都属于Engineer，符合常识和语义规则。",1,1,
sample_0004,subClassOf,Mechanical_computer ⊑ Computer,1,qwen-max-0125,0.0,8192,https://api2.aigcbest.top/v1,"判断结果：正确  
解释：根据子类关系语义规则，Mechanical_computer作为Computer的子类，其所有实例必然属于Computer类，符合语义规则且无常识冲突。",1,1,
sample_0005,subClassOf,Tenja_Q11567170 ⊑ Literary_Critic_Q4263842,1,qwen-max-0125,0.0,8192,https://api2.aigcbest.top/v1,"判断结果：正确  
解释：根据子类关系语义规则，Tenja_Q11567170的所有实例都属于Literary_Critic_Q4263842，符合语义规则且无明显常识冲突。",1,1,
sample_0006,subClassOf,Financial_analyst ⊑ Financier,1,qwen-max-0125,0.0,8192,https://api2.aigcbest.top/v1,"判断结果：正确  
解释：根据子类关系语义规则，Financial_analyst的所有实例都属于Financier，符合常识和语义规则。",1,1,
sample_0007,subClassOf,Military_computers ⊑ Computer,1,qwen-max-0125,0.0,8192,https://api2.aigcbest.top/v1,"判断结果：正确  
解释：根据子类关系语义规则，Military_computers的所有实例都属于Computer，符合常识和语义规则。",1,1,
sample_0008,subClassOf,Commercial_Lawyer__U0028_Europe_U0029__Q1286374 ⊑ Lawyer,1,qwen-max-0125,0.0,8192,https://api2.aigcbest.top/v1,"判断结果：正确  
解释：根据子类关系语义规则，Commercial_Lawyer__U0028_Europe_U0029__Q1286374 的所有实例都属于 Lawyer，符合常识和语义规则。",1,1,
sample_0009,subClassOf,New_Caledonian_French_Q3083202 ⊑ French_language,1,qwen-max-0125,0.0,8192,https://api2.aigcbest.top/v1,"判断结果：正确  
解释：根据子类关系语义规则，New_Caledonian_French_Q3083202作为French_language的子类，其所有实例必然属于French_language，符合语义规则且无常识冲突。",1,1,
sample_0010,subClassOf,State_Public_Works_Engineering_Corps__u0028_France_u0029_ ⊑ Engineer,1,qwen-max-0125,0.0,8192,https://api2.aigcbest.top/v1,"判断结果：错误  
解释：根据子类关系语义规则，State_Public_Works_Engineering_Corps__u0028_France_u0029_ 的所有实例应属于 Engineer，但常识上前者是一个组织而非工程师个体，存在语义冲突。",0,0,
sample_0011,subClassOf,Catholic_Church_in_Argentina ⊑ Catholic_Church,1,qwen-max-0125,0.0,8192,https://api2.aigcbest.top/v1,"判断结果：正确  
解释：根据子类关系语义规则，Catholic_Church_in_Argentina 的所有实例都属于 Catholic_Church，符合常识和语义规则。",1,1,
sample_0012,subClassOf,Agricultural_Economist_Q26252897 ⊑ Economist,1,qwen-max-0125,0.0,8192,https://api2.aigcbest.top/v1,"判断结果：正确  
解释：根据子类关系语义规则，Agricultural_Economist_Q26252897的所有实例都属于Economist，符合语义规则且符合常识。",1,1,
sample_0013,subClassOf,Skin_Anatomy_Q25465547 ⊑ Anatomy,1,qwen-max-0125,0.0,8192,https://api2.aigcbest.top/v1,"判断结果：正确  
解释：根据子类关系语义规则，Skin_Anatomy_Q25465547的所有实例都属于Anatomy，符合常识和语义规则。",1,1,
sample_0014,subClassOf,Catholic_Church_in_Spain ⊑ Catholic_Church,1,qwen-max-0125,0.0,8192,https://api2.aigcbest.top/v1,"判断结果：正确  
解释：根据子类关系语义规则，Catholic_Church_in_Spain 的所有实例都属于 Catholic_Church，符合常识和语义规则。",1,1,
sample_0015,subClassOf,Corps_de_l_u0027_armement ⊑ Engineer,1,qwen-max-0125,0.0,8192,https://api2.aigcbest.top/v1,"判断结果：错误  
解释：根据子类关系语义规则，Corps_de_l_u0027_armement 的所有实例应属于 Engineer，但常识上“武装部队”并非“工程师”的子类，存在明显语义冲突。",0,0,
sample_0016,subClassOf,Buddhism_In_Asia_Q28051303 ⊑ Buddhism,1,qwen-max-0125,0.0,8192,https://api2.aigcbest.top/v1,"判断结果：正确  
解释：根据子类关系语义规则，Buddhism_In_Asia_Q28051303 的所有实例都属于 Buddhism，符合常识和语义规则。",1,1,
sample_0017,subClassOf,Political_Economist_Q105572010 ⊑ Economist,1,qwen-max-0125,0.0,8192,https://api2.aigcbest.top/v1,"判断结果：正确  
解释：根据子类关系语义规则，Political_Economist_Q105572010的所有实例都属于Economist，符合常识和语义规则。",1,1,
sample_0018,subClassOf,Cancionista_Q24961653 ⊑ Lyricist,1,qwen-max-0125,0.0,8192,https://api2.aigcbest.top/v1,"判断结果：正确  
解释：根据子类关系语义规则，Cancionista_Q24961653的所有实例都属于Lyricist，符合语义规则且无明显常识冲突。",1,1,
sample_0019,subClassOf,Catholic_Church_in_Brazil ⊑ Catholic_Church,1,qwen-max-0125,0.0,8192,https://api2.aigcbest.top/v1,"判断结果：正确  
解释：根据子类关系语义规则，Catholic_Church_in_Brazil 的所有实例都属于 Catholic_Church，符合常识和语义规则。",1,1,
sample_0020,subClassOf,Ghanaian_Pidgin_English ⊑ English_language,1,qwen-max-0125,0.0,8192,https://api2.aigcbest.top/v1,"判断结果：正确  
解释：根据子类关系语义规则，Ghanaian_Pidgin_English作为English_language的子类，其所有实例都属于English_language，符合语言学常识。",1,1,
sample_0021,subClassOf,Manbhumi_dialect ⊑ Bengali_language,1,qwen-max-0125,0.0,8192,https://api2.aigcbest.top/v1,"判断结果：错误  
解释：根据子类关系语义规则，Manbhumi_dialect作为Bengali_language的子类需满足其所有实例属于Bengali_language，但Manbhumi_dialect是一种方言，通常不被视为语言的子类，而更可能是语言的变体或子集，存在语义冲突。",0,0,
sample_0022,subClassOf,Skerry_Coast_Q13137873 ⊑ Archipelago,1,qwen-max-0125,0.0,8192,https://api2.aigcbest.top/v1,"判断结果：错误  
解释：根据子类关系语义规则，Skerry_Coast_Q13137873的所有实例应属于Archipelago，但常识上“Skerry_Coast”是一种海岸类型，与“Archipelago（群岛）”无直接子类关系。",0,0,
sample_0023,subClassOf,Extra__u0028_acting_u0029_ ⊑ Actor,1,qwen-max-0125,0.0,8192,https://api2.aigcbest.top/v1,"判断结果：正确  
解释：根据子类关系语义规则，Extra__u0028_acting_u0029_的所有实例都属于Actor，符合语义规则且无明显冲突。",1,1,
sample_0024,subClassOf,Satellite_Engineer_Q53474871 ⊑ Engineer,1,qwen-max-0125,0.0,8192,https://api2.aigcbest.top/v1,"判断结果：正确  
解释：根据子类关系语义规则，Satellite_Engineer_Q53474871的所有实例都属于Engineer，符合常识和语义规则。",1,1,
sample_0025,subClassOf,Nuclear_Engineer_Q21002336 ⊑ Engineer,1,qwen-max-0125,0.0,8192,https://api2.aigcbest.top/v1,"判断结果：正确  
解释：根据子类关系语义规则，Nuclear_Engineer_Q21002336的所有实例都属于Engineer，符合语义规则且常识合理。",1,1,
sample_0026,subClassOf,Stunt_performer ⊑ Actor,1,qwen-max-0125,0.0,8192,https://api2.aigcbest.top/v1,"判断结果：正确  
解释：根据子类关系语义规则，特技演员（Stunt_performer）是演员（Actor）的子类，符合常识且无语义冲突。",1,1,
sample_0027,subClassOf,Historical_Chinese_Q10913056 ⊑ Chinese_language,1,qwen-max-0125,0.0,8192,https://api2.aigcbest.top/v1,"判断结果：正确  
解释：根据子类关系语义规则，如果Historical_Chinese_Q10913056是Chinese_language的子类，则其所有实例也必须属于Chinese_language，这符合语义规则且无常识冲突。",1,1,
sample_0028,subClassOf,Railway_Engineer_Q66711686 ⊑ Civil_engineer,1,qwen-max-0125,0.0,8192,https://api2.aigcbest.top/v1,"判断结果：正确  
解释：根据子类关系语义规则，Railway_Engineer_Q66711686的所有实例都属于Civil_engineer，符合常识和语义规则。",1,1,
sample_0029,subClassOf,Prankster_Q1344569 ⊑ Comedian,1,qwen-max-0125,0.0,8192,https://api2.aigcbest.top/v1,"判断结果：正确  
解释：根据子类关系语义规则，Prankster_Q1344569的所有实例都属于Comedian，符合常识和语义规则。",1,1,
sample_0030,subClassOf,Human_Rights_Lawyer_Q16138122 ⊑ Lawyer,1,qwen-max-0125,0.0,8192,https://api2.aigcbest.top/v1,"判断结果：正确  
解释：根据子类关系语义规则，Human_Rights_Lawyer_Q16138122的所有实例都属于Lawyer，符合常识和语义规则。",1,1,
sample_0031,subClassOf,Rábula_Q10365511 ⊑ Lawyer,1,qwen-max-0125,0.0,8192,https://api2.aigcbest.top/v1,"判断结果：错误  
解释：根据子类关系语义规则，Rábula_Q10365511的所有实例应属于Lawyer，但常识上无法确认Rábula_Q10365511是否为Lawyer的子类。",0,0,
sample_0032,subClassOf,Museum_Of_Modern_Art_Q108860593 ⊑ Art_museum,1,qwen-max-0125,0.0,8192,https://api2.aigcbest.top/v1,"判断结果：正确  
解释：根据子类关系语义规则，Museum_Of_Modern_Art_Q108860593 的所有实例都属于 Art_museum，符合常识和语义规则。",1,1,
sample_0033,subClassOf,Character_From_Fargo_Q28146473 ⊑ Fictional_Human_Q15632617,1,qwen-max-0125,0.0,8192,https://api2.aigcbest.top/v1,"判断结果：正确  
解释：根据子类关系语义规则，Character_From_Fargo_Q28146473的所有实例都属于Fictional_Human_Q15632617，符合语义规则且无常识冲突。",1,1,
sample_0034,subClassOf,Associate_attorney ⊑ Lawyer,1,qwen-max-0125,0.0,8192,https://api2.aigcbest.top/v1,"判断结果：正确  
解释：根据子类关系语义规则，Associate_attorney的所有实例都属于Lawyer，符合常识和语义规则。",1,1,
sample_0035,subClassOf,Rotal_Lawyer_Q115182660 ⊑ Lawyer,1,qwen-max-0125,0.0,8192,https://api2.aigcbest.top/v1,"判断结果：正确  
解释：根据子类关系语义规则，Rotal_Lawyer_Q115182660的所有实例都属于Lawyer，符合子类定义。",1,1,
sample_0036,subClassOf,Mechanical_Engineer_Q1906857 ⊑ Engineer,1,qwen-max-0125,0.0,8192,https://api2.aigcbest.top/v1,"判断结果：正确  
解释：根据子类关系语义规则，Mechanical_Engineer_Q1906857的所有实例都属于Engineer，符合常识和语义规则。",1,1,
sample_0037,subClassOf,Fermier_Général_Q50376727 ⊑ Financier,1,qwen-max-0125,0.0,8192,https://api2.aigcbest.top/v1,"判断结果：错误  
解释：根据子类关系语义规则，Fermier_Général_Q50376727 的所有实例应属于 Financier，但常识上 Fermier_Général_Q50376727 指的是“总务农民”，与“金融家”无直接包含关系。",0,0,
sample_0038,subClassOf,Electro-Mechanical_Computer_Q11742076 ⊑ Computer,1,qwen-max-0125,0.0,8192,https://api2.aigcbest.top/v1,"判断结果：正确  
解释：根据子类关系语义规则，Electro-Mechanical_Computer_Q11742076的所有实例都属于Computer，符合常识和语义规则。",1,1,
sample_0039,subClassOf,Classical_guitarist ⊑ Guitarist,1,qwen-max-0125,0.0,8192,https://api2.aigcbest.top/v1,"判断结果：正确  
解释：根据子类关系语义规则，Classical_guitarist的所有实例都属于Guitarist，符合常识和语义规则。",1,1,
sample_0040,subClassOf,Thermal_Engineer_Q106863163 ⊑ Engineer,1,qwen-max-0125,0.0,8192,https://api2.aigcbest.top/v1,"判断结果：正确  
解释：根据子类关系语义规则，Thermal_Engineer_Q106863163的所有实例都属于Engineer，符合常识和语义规则。",1,1,
sample_0041,subClassOf,Virtual_Idol_Q24236999 ⊑ Fictional_Human_Q15632617,1,qwen-max-0125,0.0,8192,https://api2.aigcbest.top/v1,"判断结果：正确  
解释：根据子类关系语义规则，Virtual_Idol_Q24236999的所有实例都属于Fictional_Human_Q15632617，符合常识和语义规则。",1,1,
sample_0042,subClassOf,Witcher_Q20011098 ⊑ Fictional_Human_Q15632617,1,qwen-max-0125,0.0,8192,https://api2.aigcbest.top/v1,"判断结果：正确  
解释：根据子类关系语义规则，Witcher_Q20011098的所有实例都属于Fictional_Human_Q15632617，符合语义规则且无常识冲突。",1,1,
sample_0043,subClassOf,Geological_Engineer_Q2887387 ⊑ Engineer,1,qwen-max-0125,0.0,8192,https://api2.aigcbest.top/v1,"判断结果：正确  
解释：根据子类关系语义规则，地质工程师是工程师的子类，符合常识且无冲突。",1,1,
sample_0044,subClassOf,Vacuum-tube_computer ⊑ Computer,1,qwen-max-0125,0.0,8192,https://api2.aigcbest.top/v1,"判断结果：正确  
解释：根据子类关系语义规则，Vacuum-tube_computer的所有实例都属于Computer，符合常识和语义规则。",1,1,
sample_0045,subClassOf,Fruit_Grower_Q21591523 ⊑ Farmer,1,qwen-max-0125,0.0,8192,https://api2.aigcbest.top/v1,"判断结果：正确  
解释：根据子类关系语义规则，Fruit_Grower_Q21591523的所有实例都属于Farmer，符合常识和语义规则。",1,1,
sample_0046,subClassOf,Catholic_Church_In_Kingdom_Of_The_Netherlands_Q9560704 ⊑ Catholic_Church,1,qwen-max-0125,0.0,8192,https://api2.aigcbest.top/v1,"判断结果：正确  
解释：根据子类关系语义规则，Catholic_Church_In_Kingdom_Of_The_Netherlands_Q9560704 的所有实例都属于 Catholic_Church，符合常识和语义规则。",1,1,
sample_0047,subClassOf,Eastern_Catholic_Churches ⊑ Catholicism,1,qwen-max-0125,0.0,8192,https://api2.aigcbest.top/v1,"判断结果：正确  
解释：根据子类关系语义规则，东方天主教会（Eastern_Catholic_Churches）是天主教（Catholicism）的子类，符合常识和语义规则。",1,1,
sample_0048,subClassOf,Process_Engineer_Q71368126 ⊑ Engineer,1,qwen-max-0125,0.0,8192,https://api2.aigcbest.top/v1,"判断结果：正确  
解释：根据子类关系语义规则，Process_Engineer_Q71368126的所有实例都属于Engineer，符合常识和语义规则。",1,1,
sample_0049,subClassOf,Immortal__u0028_Highlander_u0029_ ⊑ Fictional_Human_Q15632617,1,qwen-max-0125,0.0,8192,https://api2.aigcbest.top/v1,"判断结果：正确  
解释：根据子类关系语义规则，Immortal__u0028_Highlander_u0029_ 的所有实例都属于 Fictional_Human_Q15632617，符合语义规则且无常识冲突。",1,1,
sample_0050,subClassOf,Fachanwalt_Q1257466 ⊑ Lawyer,1,qwen-max-0125,0.0,8192,https://api2.aigcbest.top/v1,"判断结果：正确  
解释：根据子类关系语义规则，Fachanwalt_Q1257466作为Lawyer的子类，其所有实例必然属于Lawyer类，符合语义规则且无常识冲突。",1,1,
sample_0051,subClassOf,Capital_of_Japan ⊑ Capital_city,1,qwen-max-0125,0.0,8192,https://api2.aigcbest.top/v1,"判断结果：正确  
解释：根据子类关系语义规则，如果“Capital_of_Japan”是“Capital_city”的子类，则“Capital_of_Japan”的所有实例都属于“Capital_city”，这符合常识和语义规则。",1,1,
sample_0052,subClassOf,European_lawyer ⊑ Lawyer,1,qwen-max-0125,0.0,8192,https://api2.aigcbest.top/v1,"判断结果：正确  
解释：根据子类关系语义规则，European_lawyer的所有实例都属于Lawyer，符合常识和语义规则。",1,1,
sample_0053,subClassOf,Constitutional_Lawyer_Q2325224 ⊑ Legal_Scholar_Q16012028,1,qwen-max-0125,0.0,8192,https://api2.aigcbest.top/v1,"判断结果：正确  
解释：根据子类关系语义规则，宪法律师是法律学者的一个子类，符合常识和语义规则。",1,1,
sample_0054,subClassOf,Sequence_Director_Q28381399 ⊑ Film_director,1,qwen-max-0125,0.0,8192,https://api2.aigcbest.top/v1,"判断结果：正确  
解释：根据子类关系语义规则，Sequence_Director_Q28381399的所有实例都属于Film_director，符合语义规则且无明显冲突。",1,1,
sample_0055,subClassOf,Discoverer_Of_Minor_Planets_Q96203320 ⊑ Astronomer,1,qwen-max-0125,0.0,8192,https://api2.aigcbest.top/v1,"判断结果：正确  
解释：根据子类关系语义规则，Discoverer_Of_Minor_Planets_Q96203320的所有实例都属于Astronomer，符合常识和语义规则。",1,1,
sample_0056,subClassOf,Fictional_Human_Formerly_Considered_To_Be_Historical_Q64520857 ⊑ Fictional_Human_Q15632617,1,qwen-max-0125,0.0,8192,https://api2.aigcbest.top/v1,"判断结果：正确  
解释：根据子类关系语义规则，Fictional_Human_Formerly_Considered_To_Be_Historical_Q64520857的所有实例也必须是Fictional_Human_Q15632617的实例，符合逻辑和常识。",1,1,
sample_0057,subClassOf,Français_Guyanais_Q102098874 ⊑ French_language,1,qwen-max-0125,0.0,8192,https://api2.aigcbest.top/v1,"判断结果：错误  
解释：根据子类关系语义规则，Français_Guyanais_Q102098874 的所有实例应属于 French_language，但常识上前者是法语的一种特定变体或方言，不应直接作为语言类的子类。",0,0,
sample_0058,subClassOf,Board_wargame ⊑ Board_game,1,qwen-max-0125,0.0,8192,https://api2.aigcbest.top/v1,"判断结果：正确  
解释：根据子类关系语义规则，Board_wargame的所有实例都属于Board_game，符合语义规则且无常识冲突。",1,1,
sample_0059,subClassOf,Engineering_Mathematician_Q96777281 ⊑ Engineer,1,qwen-max-0125,0.0,8192,https://api2.aigcbest.top/v1,"判断结果：正确  
解释：根据子类关系语义规则，Engineering_Mathematician_Q96777281的所有实例都属于Engineer，符合常识和语义规则。",1,1,
sample_0060,subClassOf,Antoinism ⊑ Catholicism,1,qwen-max-0125,0.0,8192,https://api2.aigcbest.top/v1,"判断结果：错误  
解释：根据子类关系语义规则，Antoinism的所有实例应属于Catholicism，但常识上Antoinism是一个独立的宗教运动，并非Catholicism的子类。",0,0,
sample_0061,subPropertyOf,containsSeason ⊑p hasPart,1,qwen-max-0125,0.0,8192,https://api2.aigcbest.top/v1,"判断结果：正确  
解释：根据子属性关系语义规则，containsSeason作为hasPart的子属性，其关联的资源对也必须满足hasPart关系，这符合语义规则且无常识冲突。",1,1,
sample_0062,subPropertyOf,resultComment ⊑p result,1,qwen-max-0125,0.0,8192,https://api2.aigcbest.top/v1,"判断结果：错误  
解释：根据子属性关系语义规则，子属性必须继承父属性的定义域和值域，但“resultComment”与“result”之间未体现明确的语义继承关系。",0,0,
sample_0063,subPropertyOf,issn ⊑p identifier,1,qwen-max-0125,0.0,8192,https://api2.aigcbest.top/v1,"判断结果：错误  
解释：根据子属性关系语义规则，issn作为属性必须与identifier具有相同的关联资源对，但issn是特定标识符类型，不应被定义为identifier的子属性。",0,0,
sample_0064,subPropertyOf,tool ⊑p instrument,1,qwen-max-0125,0.0,8192,https://api2.aigcbest.top/v1,"判断结果：错误  
解释：根据子类关系语义规则，tool的所有实例应属于instrument，但常识中tool和instrument并非明确的子类关系。",0,0,
sample_0065,subPropertyOf,gtin12 ⊑p identifier,1,qwen-max-0125,0.0,8192,https://api2.aigcbest.top/v1,"判断结果：错误  
解释：根据子属性关系语义规则，gtin12作为属性必须与identifier存在明确的子属性关系，但gtin12是具体属性而非identifier的子属性，因此不符合规则。",0,0,
sample_0066,subPropertyOf,price ⊑p hasNumericValue,1,qwen-max-0125,0.0,8192,https://api2.aigcbest.top/v1,"判断结果：错误  
解释：根据子属性关系语义规则，price作为属性无法直接成为hasNumericValue的子类，二者类型不匹配。",0,0,
sample_0067,subPropertyOf,episode ⊑p hasPart,1,qwen-max-0125,0.0,8192,https://api2.aigcbest.top/v1,"判断结果：错误  
解释：根据子类关系语义规则，子类的所有实例必须属于父类，但“episode”和“hasPart”之间不存在合理的子类关系，且常识上“hasPart”是一个属性而非类。",0,0,
sample_0068,subPropertyOf,serviceSmsNumber ⊑p hasAddress,1,qwen-max-0125,0.0,8192,https://api2.aigcbest.top/v1,"判断结果：错误  
解释：根据子类关系语义规则，类`serviceSmsNumber`的所有实例应属于`hasAddress`，但常识上`hasAddress`更适合作为属性而非类，因此存在语义冲突。",0,0,
sample_0069,subPropertyOf,announcementLocation ⊑p spatialCoverage,1,qwen-max-0125,0.0,8192,https://api2.aigcbest.top/v1,"判断结果：正确  
解释：根据子属性关系语义规则，announcementLocation的所有实例也满足spatialCoverage的关系，符合定义。",1,1,
sample_0070,subPropertyOf,toLocation ⊑p location,1,qwen-max-0125,0.0,8192,https://api2.aigcbest.top/v1,"判断结果：错误  
解释：根据子属性关系语义规则，toLocation作为location的子属性需满足所有toLocation关联的资源对也满足location关系，但toLocation通常表示动作的目标位置，而location表示静态的位置，二者语义不符。",0,0,
sample_0071,subPropertyOf,orderNumber ⊑p identifier,1,qwen-max-0125,0.0,8192,https://api2.aigcbest.top/v1,"判断结果：错误  
解释：根据子属性关系语义规则，orderNumber作为属性不可能是identifier的子类，二者类型不匹配。",0,0,
sample_0072,subPropertyOf,spatialCoverage ⊑p contentLocation,1,qwen-max-0125,0.0,8192,https://api2.aigcbest.top/v1,"判断结果：错误  
解释：根据子属性关系语义规则，子属性应继承父属性的定义域和值域，但“spatialCoverage”与“contentLocation”在常识上并无明确的继承关系。",0,0,
sample_0073,subPropertyOf,workLocation ⊑p location,1,qwen-max-0125,0.0,8192,https://api2.aigcbest.top/v1,"判断结果：错误  
解释：根据子属性关系语义规则，workLocation作为location的子属性需满足所有通过workLocation关联的资源对也满足location关系，但常识上工作地点与一般地点并不具有明确的子属性关系。",0,0,
sample_0074,subPropertyOf,missionCoveragePrioritiesPolicy ⊑p publishingPrinciples,1,qwen-max-0125,0.0,8192,https://api2.aigcbest.top/v1,"判断结果：错误  
解释：根据子类关系语义规则，子类的所有实例必须属于父类，但“missionCoveragePrioritiesPolicy”和“publishingPrinciples”之间不存在明显的子类-父类关系，且不符合常识。",0,0,
sample_0075,subPropertyOf,availableAtOrFrom ⊑p areaServed,1,qwen-max-0125,0.0,8192,https://api2.aigcbest.top/v1,"判断结果：错误  
解释：根据子属性关系语义规则，availableAtOrFrom的主体和客体关系无法自然满足areaServed的定义域或值域要求。",0,0,
sample_0076,subPropertyOf,homeLocation ⊑p location,1,qwen-max-0125,0.0,8192,https://api2.aigcbest.top/v1,"判断结果：错误  
解释：根据子类关系语义规则，homeLocation的所有实例应属于location，但常识中homeLocation通常表示特定类型的地点，未必是location的子类。",0,0,
sample_0077,subPropertyOf,recipeIngredient ⊑p supply,1,qwen-max-0125,0.0,8192,https://api2.aigcbest.top/v1,"判断结果：错误  
解释：根据子类关系语义规则，recipeIngredient的所有实例应属于supply，但常识上“配方成分”不一定是“供应”的子集。",0,0,
sample_0078,subPropertyOf,borrower ⊑p participant,1,qwen-max-0125,0.0,8192,https://api2.aigcbest.top/v1,"判断结果：错误  
解释：根据子类关系语义规则，borrower的所有实例应属于participant，但常识上“借阅者”并不一定是“参与者”的子集，可能存在语义冲突。",0,0,
sample_0079,subPropertyOf,recipient ⊑p participant,1,qwen-max-0125,0.0,8192,https://api2.aigcbest.top/v1,"判断结果：错误  
解释：根据子类关系语义规则，recipient的所有实例应属于participant，但常识上recipient是更具体的参与者类型，不应直接被定义为participant的子类。",0,0,
sample_0080,subPropertyOf,legalName ⊑p hasName,1,qwen-max-0125,0.0,8192,https://api2.aigcbest.top/v1,"判断结果：错误  
解释：根据子属性关系语义规则，legalName作为属性必须是hasName的子属性，但常识上legalName通常是一个具体属性而非泛化属性，因此不符合语义规则。",0,0,
sample_0081,subPropertyOf,inChI ⊑p hasRepresentation,1,qwen-max-0125,0.0,8192,https://api2.aigcbest.top/v1,"判断结果：错误  
解释：根据子属性关系语义规则，子属性必须继承父属性的定义域和值域，但“inChI”作为化学信息标识符与“hasRepresentation”之间不存在明确的子属性关系。",0,0,
sample_0082,subPropertyOf,fromLocation ⊑p location,1,qwen-max-0125,0.0,8192,https://api2.aigcbest.top/v1,"判断结果：错误  
解释：根据子属性关系语义规则，子属性的使用需满足父属性的关系，但“fromLocation”与“location”之间不存在明确的父子属性语义关联。",0,0,
sample_0083,subPropertyOf,partOfTVSeries ⊑p isPartOf,1,qwen-max-0125,0.0,8192,https://api2.aigcbest.top/v1,"判断结果：正确  
解释：根据子属性关系语义规则，如果 partOfTVSeries 是 isPartOf 的子属性，则所有通过 partOfTVSeries 关联的资源对也必须满足 isPartOf 关系，这符合常识和语义规则。",1,1,
sample_0084,subPropertyOf,longitude ⊑p hasLongitude,1,qwen-max-0125,0.0,8192,https://api2.aigcbest.top/v1,"判断结果：错误  
解释：根据子属性关系语义规则，longitude作为属性不可能是hasLongitude的子属性，因为子属性关系要求主体和客体类型一致，而longitude是一个数据属性，hasLongitude可能是对象属性，二者语义不匹配。",0,0,
sample_0085,subPropertyOf,logo ⊑p image,1,qwen-max-0125,0.0,8192,https://api2.aigcbest.top/v1,"判断结果：错误  
解释：根据子类关系语义规则，logo的所有实例应属于image，但常识中logo通常是一个具体的标识，而image是一个更广泛的类别，可能存在冲突。",0,0,
sample_0086,subPropertyOf,partOfInvoice ⊑p isReferencedIn,1,qwen-max-0125,0.0,8192,https://api2.aigcbest.top/v1,"判断结果：错误  
解释：根据子属性关系语义规则，partOfInvoice作为isReferencedIn的子属性需满足所有通过partOfInvoice关联的资源对也满足isReferencedIn关系，但常识上“发票的一部分”与“被引用”并无必然子属性关系。",0,0,
sample_0087,subPropertyOf,clipNumber ⊑p position,1,qwen-max-0125,0.0,8192,https://api2.aigcbest.top/v1,"判断结果：错误  
解释：公理未明确类型且不符合RDFS语义规则的任何一种形式（subClassOf、subPropertyOf、domain、range）。",0,0,
sample_0088,subPropertyOf,minimumPaymentDue ⊑p hasLowerBound,1,qwen-max-0125,0.0,8192,https://api2.aigcbest.top/v1,"判断结果：错误  
解释：根据子属性关系语义规则，子属性必须继承父属性的定义域和值域，但“minimumPaymentDue”作为类与“hasLowerBound”作为属性的关系不符合RDFS子属性定义。",0,0,
sample_0089,subPropertyOf,awayTeam ⊑p competitor,1,qwen-max-0125,0.0,8192,https://api2.aigcbest.top/v1,"判断结果：错误  
解释：根据子类关系语义规则，awayTeam的所有实例应属于competitor，但常识中“客场队伍”并不一定是“竞争者”的子集。",0,0,
sample_0090,subPropertyOf,resultReview ⊑p result,1,qwen-max-0125,0.0,8192,https://api2.aigcbest.top/v1,"判断结果：错误  
解释：根据子类关系语义规则，子类的所有实例必须属于父类，但“resultReview”作为评论类与“result”作为结果类之间不存在合理的子类关系，且不符合常识。",0,0,
sample_0091,subPropertyOf,surface ⊑p material,1,qwen-max-0125,0.0,8192,https://api2.aigcbest.top/v1,"判断结果：错误  
解释：根据子类关系语义规则，surface作为类应是material的子类，但常识上“表面”并非“材料”的子类，存在语义冲突。",0,0,
sample_0092,subPropertyOf,hasCategoryCode ⊑p hasDefinedTerm,1,qwen-max-0125,0.0,8192,https://api2.aigcbest.top/v1,"判断结果：错误  
解释：根据子属性关系语义规则，hasCategoryCode的所有关联资源对必须满足hasDefinedTerm关系，但常识上两者无明显包含关系，可能存在语义冲突。",0,0,
sample_0093,subPropertyOf,legislationPassedBy ⊑p creator,1,qwen-max-0125,0.0,8192,https://api2.aigcbest.top/v1,"判断结果：错误  
解释：根据子属性关系语义规则，""legislationPassedBy""作为""creator""的子属性不符合常识，因为立法通过与创建者的语义不匹配。",0,0,
sample_0094,subPropertyOf,handlingTime ⊑p duration,1,qwen-max-0125,0.0,8192,https://api2.aigcbest.top/v1,"判断结果：错误  
解释：根据子属性关系语义规则，子属性应继承父属性的定义域和值域，但“handlingTime”与“duration”之间不存在明确的子属性关系。",0,0,
sample_0095,subPropertyOf,legislationType ⊑p genre,1,qwen-max-0125,0.0,8192,https://api2.aigcbest.top/v1,"判断结果：错误  
解释：根据子类关系语义规则，立法类型（legislationType）并不符合常识中作为体裁（genre）的子类。",0,0,
sample_0096,subPropertyOf,nsn ⊑p identifiedBy,1,qwen-max-0125,0.0,8192,https://api2.aigcbest.top/v1,"判断结果：错误  
解释：公理未明确类型且不符合RDFS语义规则的任何一种形式，无法验证其正确性。",0,0,
sample_0097,subPropertyOf,servicePhone ⊑p hasAddress,1,qwen-max-0125,0.0,8192,https://api2.aigcbest.top/v1,"判断结果：错误  
解释：根据子属性关系语义规则，属性“servicePhone”与“hasAddress”之间不存在合理的子属性关系，且不符合常识。",0,0,
sample_0098,subPropertyOf,legislationCommences ⊑p legislationChanges,1,qwen-max-0125,0.0,8192,https://api2.aigcbest.top/v1,"判断结果：错误  
解释：根据子属性关系语义规则，子属性关联的资源对必须满足父属性关系，但“legislationCommences”表示立法开始，“legislationChanges”表示立法变更，二者语义不符。",0,0,
sample_0099,subPropertyOf,isVariantOf ⊑p exemplifies,1,qwen-max-0125,0.0,8192,https://api2.aigcbest.top/v1,"判断结果：错误  
解释：根据子属性关系语义规则，isVariantOf作为exemplifies的子属性需满足所有通过isVariantOf关联的资源对也满足exemplifies关系，但此公理未明确体现该约束。",0,0,
sample_0100,subPropertyOf,productID ⊑p identifier,1,qwen-max-0125,0.0,8192,https://api2.aigcbest.top/v1,"判断结果：错误  
解释：根据子属性关系语义规则，productID作为属性必须明确其与identifier的关联，但此处未提供足够的信息表明productID的所有使用场景均满足identifier的定义。",0,0,
sample_0101,subPropertyOf,toRecipient ⊑p recipient,1,qwen-max-0125,0.0,8192,https://api2.aigcbest.top/v1,"判断结果：错误  
解释：公理使用了不明确的符号“⊑p”，不符合RDFS语义规则中的标准关系类型（如subClassOf、subPropertyOf等），因此无法正确解析其语义。",0,0,
sample_0102,subPropertyOf,readBy ⊑p actor,1,qwen-max-0125,0.0,8192,https://api2.aigcbest.top/v1,"判断结果：错误  
解释：根据子属性关系语义规则，子属性的使用需满足父属性的关系，但“readBy”与“actor”之间不存在合理的子属性语义关联。",0,0,
sample_0103,subPropertyOf,paymentUrl ⊑p hasAddress,1,qwen-max-0125,0.0,8192,https://api2.aigcbest.top/v1,"判断结果：错误  
解释：根据子属性关系语义规则，paymentUrl作为类与hasAddress作为属性的关系不符合RDFS的subPropertyOf定义。",0,0,
sample_0104,subPropertyOf,legislationDate ⊑p dateCreated,1,qwen-max-0125,0.0,8192,https://api2.aigcbest.top/v1,"判断结果：错误  
解释：根据子属性关系语义规则，子属性的使用需满足父属性的关系，但“legislationDate”作为立法日期与“dateCreated”作为创建日期在常识上存在语义冲突。",0,0,
sample_0105,subPropertyOf,unnamedSourcesPolicy ⊑p publishingPrinciples,1,qwen-max-0125,0.0,8192,https://api2.aigcbest.top/v1,"判断结果：错误  
解释：根据子类关系语义规则，unnamedSourcesPolicy的所有实例应属于publishingPrinciples，但常识上两者无明显包含关系，语义冲突。",0,0,
sample_0106,subPropertyOf,hasBioPolymerSequence ⊑p hasRepresentation,1,qwen-max-0125,0.0,8192,https://api2.aigcbest.top/v1,"判断结果：错误  
解释：根据子属性关系语义规则，hasBioPolymerSequence的所有关联资源对必须满足hasRepresentation关系，但常识上生物聚合物序列并不一定是某种表示形式，可能存在语义冲突。",0,0,
sample_0107,subPropertyOf,priceCurrency ⊑p hasCurrency,1,qwen-max-0125,0.0,8192,https://api2.aigcbest.top/v1,"判断结果：错误  
解释：根据子属性关系语义规则，priceCurrency作为属性无法直接成为hasCurrency的子属性，因为两者未体现合理的属性关联关系。",0,0,
sample_0108,subPropertyOf,itemLocation ⊑p location,1,qwen-max-0125,0.0,8192,https://api2.aigcbest.top/v1,"判断结果：错误  
解释：根据子属性关系语义规则，子属性必须继承父属性的定义域和值域，但“itemLocation”与“location”之间不存在明确的子属性关系。",0,0,
sample_0109,subPropertyOf,legislationJurisdiction ⊑p spatialCoverage,1,qwen-max-0125,0.0,8192,https://api2.aigcbest.top/v1,"判断结果：正确  
解释：根据子类关系语义规则，立法管辖范围（legislationJurisdiction）的所有实例也属于空间覆盖范围（spatialCoverage），符合常识和逻辑。",1,1,
sample_0110,subPropertyOf,duns ⊑p identifier,1,qwen-max-0125,0.0,8192,https://api2.aigcbest.top/v1,"判断结果：错误  
解释：根据子属性关系语义规则，duns作为属性必须明确其与identifier的关联，但此处未提供足够的信息证明duns的所有关联资源对满足identifier关系。",0,0,
sample_0111,subPropertyOf,certificationIdentification ⊑p hasRegistrationIdentifier,1,qwen-max-0125,0.0,8192,https://api2.aigcbest.top/v1,"判断结果：错误  
解释：根据子属性关系语义规则，子属性必须继承父属性的定义域和值域，但此处未提供相关信息以验证其合法性。",0,0,
sample_0112,subPropertyOf,sha256 ⊑p description,1,qwen-max-0125,0.0,8192,https://api2.aigcbest.top/v1,"判断结果：错误  
解释：根据子类关系语义规则，sha256作为一个具体算法或方法，不能作为description的子类，二者之间不存在合理的分类层级关系。",0,0,
sample_0113,subPropertyOf,maxPrice ⊑p hasUpperBound,1,qwen-max-0125,0.0,8192,https://api2.aigcbest.top/v1,"判断结果：错误  
解释：根据子属性关系语义规则，子属性必须继承父属性的关联关系，但“maxPrice”与“hasUpperBound”之间不存在明确的子属性语义关联。",0,0,
sample_0114,subPropertyOf,confirmationNumber ⊑p identifier,1,qwen-max-0125,0.0,8192,https://api2.aigcbest.top/v1,"判断结果：错误  
解释：根据子属性关系语义规则，confirmationNumber作为属性不可能是identifier的子类，二者类型不匹配。",0,0,
sample_0115,subPropertyOf,brand ⊑p hasDesignation,1,qwen-max-0125,0.0,8192,https://api2.aigcbest.top/v1,"判断结果：错误  
解释：根据RDFS语义规则，子类关系（subClassOf）要求左侧为类，而右侧也为类，但此处右侧为属性（hasDesignation），违反了语义规则。",0,0,
sample_0116,subPropertyOf,orderDate ⊑p hasDate,1,qwen-max-0125,0.0,8192,https://api2.aigcbest.top/v1,"判断结果：错误  
解释：根据子属性关系语义规则，子属性必须继承父属性的定义域和值域，但“orderDate”作为类与“hasDate”作为属性之间的关系不符合RDFS子属性定义。",0,0,
sample_0117,subPropertyOf,originalMediaContextDescription ⊑p description,1,qwen-max-0125,0.0,8192,https://api2.aigcbest.top/v1,"判断结果：错误  
解释：根据子类关系语义规则，originalMediaContextDescription 的所有实例应属于 description，但该公理未明确体现这种包含关系，可能存在语义冲突。",0,0,
sample_0118,subPropertyOf,gtin8 ⊑p identifier,1,qwen-max-0125,0.0,8192,https://api2.aigcbest.top/v1,"判断结果：错误  
解释：根据RDFS语义规则，子属性关系（subPropertyOf）要求主体和客体均为属性，而gtin8是一个类，identifier是一个属性，因此该公理违反了语义规则。",0,0,
sample_0119,subPropertyOf,gtin8 ⊑p gtin,1,qwen-max-0125,0.0,8192,https://api2.aigcbest.top/v1,"判断结果：错误  
解释：根据子类关系语义规则，gtin8作为子类的所有实例应属于gtin，但常识上gtin8和gtin是不同的标识类型，不存在明确的子类关系。",0,0,
sample_0120,subPropertyOf,actionableFeedbackPolicy ⊑p publishingPrinciples,1,qwen-max-0125,0.0,8192,https://api2.aigcbest.top/v1,"判断结果：错误  
解释：根据子类关系语义规则，actionableFeedbackPolicy的所有实例应属于publishingPrinciples，但常识上两者无明显包含关系，可能存在语义冲突。",0,0,
sample_0121,domain,domain(price) = Offer,1,qwen-max-0125,0.0,8192,https://api2.aigcbest.top/v1,"判断结果：错误  
解释：根据定义域语义规则，使用属性price的主体应属于类Offer，但常识中价格通常与商品或服务相关，而非报价本身。",0,0,
sample_0122,domain,domain(cvdNumBeds) = CDCPMDRecord,1,qwen-max-0125,0.0,8192,https://api2.aigcbest.top/v1,"判断结果：错误  
解释：根据定义域语义规则，使用属性cvdNumBeds的主体必须属于类CDCPMDRecord，但常识上cvdNumBeds更可能与医院或医疗设施相关，而非CDCPMDRecord。",0,0,
sample_0123,domain,domain(screenshot) = SoftwareApplication,1,qwen-max-0125,0.0,8192,https://api2.aigcbest.top/v1,"判断结果：错误  
解释：根据定义域语义规则，使用属性screenshot的主体应属于SoftwareApplication，但截图行为通常与用户界面或设备相关，明显不符合常识。",0,0,
sample_0124,domain,domain(activeIngredient) = DrugStrength,1,qwen-max-0125,0.0,8192,https://api2.aigcbest.top/v1,"判断结果：错误  
解释：根据定义域语义规则，使用activeIngredient属性的主体应属于DrugStrength类，但常识上activeIngredient的主体通常是药物（Drug），而非药物强度（DrugStrength）。",0,0,
sample_0125,domain,domain(performer) = Event,1,qwen-max-0125,0.0,8192,https://api2.aigcbest.top/v1,"判断结果：错误  
解释：根据定义域语义规则，使用属性performer的主体应属于类Event，但常识上performer更可能与Person或Organization相关，而非Event。",0,0,
sample_0126,domain,domain(legislationType) = Legislation,1,qwen-max-0125,0.0,8192,https://api2.aigcbest.top/v1,"判断结果：正确  
解释：根据定义域语义规则，使用属性legislationType的主体必须属于类Legislation，符合语义规则且无明显冲突。",1,1,
sample_0127,domain,domain(memberOf) = Organization,1,qwen-max-0125,0.0,8192,https://api2.aigcbest.top/v1,"判断结果：错误  
解释：根据定义域语义规则，使用memberOf属性的主体应属于Organization类，但常识中memberOf通常用于表示人属于某个组织，主体应为Person类而非Organization类。",0,0,
sample_0128,domain,domain(serviceArea) = Service,1,qwen-max-0125,0.0,8192,https://api2.aigcbest.top/v1,"判断结果：错误  
解释：根据定义域语义规则，使用属性serviceArea的主体必须属于类Service，但常识中服务区域通常与地理区域相关，而非服务本身。",0,0,
sample_0129,domain,domain(step) = HowTo,1,qwen-max-0125,0.0,8192,https://api2.aigcbest.top/v1,"判断结果：错误  
解释：根据定义域语义规则，使用属性step的主体必须属于类HowTo，但常识中“步骤”不一定仅属于“操作指南”。",0,0,
sample_0130,domain,domain(practicesAt) = IndividualPhysician,1,qwen-max-0125,0.0,8192,https://api2.aigcbest.top/v1,"判断结果：错误  
解释：根据定义域语义规则，使用属性practicesAt的主体必须属于类IndividualPhysician，但常识上医生可能在多个场所执业，主体范围可能超出IndividualPhysician。",0,0,
sample_0131,domain,domain(penciler) = ComicStory,1,qwen-max-0125,0.0,8192,https://api2.aigcbest.top/v1,"判断结果：错误  
解释：根据定义域语义规则，使用属性penciler的主体应属于类ComicStory，但常识上penciler通常指漫画师，主体应为人而非漫画故事。",0,0,
sample_0132,domain,domain(countryOfOrigin) = Movie,1,qwen-max-0125,0.0,8192,https://api2.aigcbest.top/v1,"判断结果：错误  
解释：根据定义域语义规则，使用countryOfOrigin属性的主体应属于Movie类，但常识上“起源国家”通常与电影无关，而更可能与人、组织或作品相关，因此存在语义冲突。",0,0,
sample_0133,domain,domain(numConstraints) = ConstraintNode,1,qwen-max-0125,0.0,8192,https://api2.aigcbest.top/v1,"判断结果：正确  
解释：根据定义域语义规则，使用属性numConstraints的主体必须属于类ConstraintNode，符合语义规则且无明显冲突。",1,1,
sample_0134,domain,domain(attendee) = Event,1,qwen-max-0125,0.0,8192,https://api2.aigcbest.top/v1,"判断结果：错误  
解释：根据定义域语义规则，属性attendee的主体应属于类Event，但常识上attendee通常是人，与Event无直接归属关系，存在语义冲突。",0,0,
sample_0135,domain,domain(letterer) = VisualArtwork,1,qwen-max-0125,0.0,8192,https://api2.aigcbest.top/v1,"判断结果：错误  
解释：根据定义域语义规则，使用属性letterer的主体应属于类VisualArtwork，但常识中letterer更可能与漫画或出版物相关，而非视觉艺术作品。",0,0,
sample_0136,domain,domain(cvdFacilityCounty) = CDCPMDRecord,1,qwen-max-0125,0.0,8192,https://api2.aigcbest.top/v1,"判断结果：错误  
解释：根据定义域语义规则，使用属性cvdFacilityCounty的主体必须属于类CDCPMDRecord，但常识上county（县）通常与地理或行政区域相关，不应限定为主体记录类型。",0,0,
sample_0137,domain,domain(merchantReturnDays) = MerchantReturnPolicySeasonalOverride,1,qwen-max-0125,0.0,8192,https://api2.aigcbest.top/v1,"判断结果：错误  
解释：根据定义域语义规则，使用属性merchantReturnDays的主体必须属于类MerchantReturnPolicySeasonalOverride，但常识上merchantReturnDays更可能与退货政策相关，而非特定季节性覆盖策略。",0,0,
sample_0138,domain,domain(birthPlace) = Person,1,qwen-max-0125,0.0,8192,https://api2.aigcbest.top/v1,"判断结果：错误  
解释：根据定义域语义规则，使用birthPlace属性的主体应属于Person类，但常识上birthPlace的主体通常是地点而非人。",0,0,
sample_0139,domain,domain(width) = MediaObject,1,qwen-max-0125,0.0,8192,https://api2.aigcbest.top/v1,"判断结果：错误  
解释：根据定义域语义规则，使用属性width的主体必须属于类MediaObject，但常识中width通常用于描述物理对象或图形的宽度，与MediaObject无必然关联，存在语义冲突。",0,0,
sample_0140,domain,domain(coverageEndTime) = LiveBlogPosting,1,qwen-max-0125,0.0,8192,https://api2.aigcbest.top/v1,"判断结果：错误  
解释：根据RDFS语义规则，属性的定义域（domain）要求使用该属性的主体必须属于指定类，但“coverageEndTime”的主体通常应为某种时间相关的实体，而不是“LiveBlogPosting”。",0,0,
sample_0141,domain,domain(status) = MedicalStudy,1,qwen-max-0125,0.0,8192,https://api2.aigcbest.top/v1,"判断结果：错误  
解释：属性status的定义域被限制为MedicalStudy，但根据常识，status通常用于描述更广泛的实体状态，而非仅限于医学研究。",0,0,
sample_0142,domain,domain(industry) = JobPosting,1,qwen-max-0125,0.0,8192,https://api2.aigcbest.top/v1,"判断结果：错误  
解释：根据定义域语义规则，使用属性industry的主体应属于类JobPosting，但常识上industry更可能与公司或行业相关，而非招聘信息。",0,0,
sample_0143,domain,domain(slogan) = Brand,1,qwen-max-0125,0.0,8192,https://api2.aigcbest.top/v1,"判断结果：正确  
解释：根据定义域语义规则，使用属性slogan的主体必须属于类Brand，这符合常识中品牌拥有口号的逻辑关系。",1,1,
sample_0144,domain,domain(diversityStaffingReport) = Organization,1,qwen-max-0125,0.0,8192,https://api2.aigcbest.top/v1,"判断结果：错误  
解释：根据定义域语义规则，使用属性diversityStaffingReport的主体应属于类Organization，但常识上“多样性人员报告”通常与报告或文档相关，而非直接与组织相关。",0,0,
sample_0145,domain,domain(handlingTime) = ShippingService,1,qwen-max-0125,0.0,8192,https://api2.aigcbest.top/v1,"判断结果：错误  
解释：根据定义域语义规则，使用属性handlingTime的主体应属于类ShippingService，但常识上“处理时间”通常与订单或物流事件相关，而非直接与运输服务相关。",0,0,
sample_0146,domain,domain(weight) = Product,1,qwen-max-0125,0.0,8192,https://api2.aigcbest.top/v1,"判断结果：错误  
解释：根据定义域语义规则，使用属性weight的主体必须属于类Product，但常识中重量属性通常适用于更广泛的实体，而不仅限于产品。",0,0,
sample_0147,domain,domain(contactPoint) = Person,1,qwen-max-0125,0.0,8192,https://api2.aigcbest.top/v1,"判断结果：错误  
解释：根据定义域语义规则，使用contactPoint属性的主体必须属于Person类，但联系点（contactPoint）通常用于组织或地点等非人类实体，明显不符合常识。",0,0,
sample_0148,domain,domain(funding) = BioChemEntity,1,qwen-max-0125,0.0,8192,https://api2.aigcbest.top/v1,"判断结果：错误  
解释：根据定义域语义规则，使用funding属性的主体必须属于BioChemEntity类，但常识上“资助”通常与组织或机构相关，而非生物化学实体。",0,0,
sample_0149,domain,domain(price) = PriceSpecification,1,qwen-max-0125,0.0,8192,https://api2.aigcbest.top/v1,"判断结果：错误  
解释：根据RDFS语义规则，属性price的定义域应为使用该属性的主体所属的类，而PriceSpecification作为值域更合适，此处定义域设置不符合常识。",0,0,
sample_0150,domain,domain(eligibleRegion) = DeliveryChargeSpecification,1,qwen-max-0125,0.0,8192,https://api2.aigcbest.top/v1,"判断结果：错误  
解释：根据RDFS语义规则，属性eligibleRegion的定义域应为一个类，而DeliveryChargeSpecification是一个具体的实例，不符合定义域要求。",0,0,
sample_0151,domain,domain(typicalCreditsPerTerm) = EducationalOccupationalProgram,1,qwen-max-0125,0.0,8192,https://api2.aigcbest.top/v1,"判断结果：错误  
解释：根据定义域语义规则，使用属性typicalCreditsPerTerm的主体必须属于类EducationalOccupationalProgram，但常识上“典型学分每学期”更可能与课程或学术计划相关，而非直接与教育职业项目关联。",0,0,
sample_0152,domain,domain(height) = ShippingConditions,1,qwen-max-0125,0.0,8192,https://api2.aigcbest.top/v1,"判断结果：错误  
解释：根据定义域语义规则，使用属性height的主体应属于类ShippingConditions，但常识上“高度”通常与物理对象相关，而非运输条件。",0,0,
sample_0153,domain,domain(runtimePlatform) = SoftwareSourceCode,1,qwen-max-0125,0.0,8192,https://api2.aigcbest.top/v1,"判断结果：错误  
解释：根据定义域语义规则，使用属性runtimePlatform的主体应属于类SoftwareSourceCode，但常识上runtimePlatform更可能与软件运行环境相关，而非直接限定为SoftwareSourceCode。",0,0,
sample_0154,domain,domain(hasDefinedTerm) = DefinedTermSet,1,qwen-max-0125,0.0,8192,https://api2.aigcbest.top/v1,"判断结果：正确  
解释：根据定义域语义规则，使用属性hasDefinedTerm的主体必须属于类DefinedTermSet，符合语义规则且无明显冲突。",1,1,
sample_0155,domain,domain(numAdults) = LodgingReservation,1,qwen-max-0125,0.0,8192,https://api2.aigcbest.top/v1,"判断结果：错误  
解释：根据定义域语义规则，使用numAdults属性的主体必须属于LodgingReservation类，但常识上numAdults更可能与住宿单元或房间相关，而非直接与预订类关联。",0,0,
sample_0156,domain,domain(restockingFee) = MerchantReturnPolicySeasonalOverride,1,qwen-max-0125,0.0,8192,https://api2.aigcbest.top/v1,"判断结果：错误  
解释：根据定义域语义规则，使用restockingFee属性的主体必须属于MerchantReturnPolicySeasonalOverride类，但常识上restockingFee更可能与退货政策或商品相关，而非特定的季节性覆盖策略。",0,0,
sample_0157,domain,domain(educationalProgramMode) = EducationalOccupationalProgram,1,qwen-max-0125,0.0,8192,https://api2.aigcbest.top/v1,"判断结果：错误  
解释：根据定义域语义规则，使用属性educationalProgramMode的主体必须属于类EducationalOccupationalProgram，但常识上该属性更可能与教育计划的模式相关，而非直接限定主体为教育职业计划。",0,0,
sample_0158,domain,domain(accountablePerson) = CreativeWork,1,qwen-max-0125,0.0,8192,https://api2.aigcbest.top/v1,"判断结果：错误  
解释：根据定义域语义规则，使用属性accountablePerson的主体应属于类CreativeWork，但常识上“负责人员”通常与人相关，而非创作作品。",0,0,
sample_0159,domain,domain(occupancy) = HotelRoom,1,qwen-max-0125,0.0,8192,https://api2.aigcbest.top/v1,"判断结果：错误  
解释：根据定义域语义规则，使用occupancy属性的主体应属于HotelRoom类，但常识上occupancy更可能描述与房间占用相关的行为或状态，而非直接限定主体为HotelRoom。",0,0,
sample_0160,domain,domain(petsAllowed) = LodgingBusiness,1,qwen-max-0125,0.0,8192,https://api2.aigcbest.top/v1,"判断结果：正确  
解释：根据定义域规则，属性petsAllowed的主体必须属于类LodgingBusiness，这符合语义规则且与常识一致。",1,1,
sample_0161,domain,domain(suitableForDiet) = MenuItem,1,qwen-max-0125,0.0,8192,https://api2.aigcbest.top/v1,"判断结果：错误  
解释：根据定义域语义规则，使用属性suitableForDiet的主体应属于类MenuItem，但常识上饮食建议通常与人或饮食类型相关，而非菜单项。",0,0,
sample_0162,domain,domain(reservationFor) = Reservation,1,qwen-max-0125,0.0,8192,https://api2.aigcbest.top/v1,"判断结果：正确  
解释：根据定义域语义规则，使用属性reservationFor的主体必须属于类Reservation，符合语义规则且无明显冲突。",1,1,
sample_0163,domain,domain(width) = OfferShippingDetails,1,qwen-max-0125,0.0,8192,https://api2.aigcbest.top/v1,"判断结果：错误  
解释：根据定义域语义规则，使用属性width的主体必须属于类OfferShippingDetails，但常识中width通常用于描述物理尺寸，与OfferShippingDetails无直接关联，存在语义冲突。",0,0,
sample_0164,domain,domain(inAlbum) = MusicRecording,1,qwen-max-0125,0.0,8192,https://api2.aigcbest.top/v1,"判断结果：正确  
解释：根据定义域语义规则，使用属性inAlbum的主体必须属于MusicRecording类，这符合语义规则且无明显冲突。",1,1,
sample_0165,domain,domain(isBasedOn) = CreativeWork,1,qwen-max-0125,0.0,8192,https://api2.aigcbest.top/v1,"判断结果：正确  
解释：根据定义域语义规则，使用属性isBasedOn的主体必须属于类CreativeWork，这符合语义规则且无明显常识冲突。",1,1,
sample_0166,domain,domain(latitude) = GeoCoordinates,1,qwen-max-0125,0.0,8192,https://api2.aigcbest.top/v1,"判断结果：正确  
解释：根据定义域语义规则，使用latitude属性的主体必须属于GeoCoordinates类，这符合常识中纬度属性与地理坐标的关系。",1,1,
sample_0167,domain,domain(weight) = OfferShippingDetails,1,qwen-max-0125,0.0,8192,https://api2.aigcbest.top/v1,"判断结果：错误  
解释：根据定义域语义规则，使用属性weight的主体必须属于类OfferShippingDetails，但常识中“重量”通常与物理对象相关，而非运输细节。",0,0,
sample_0168,domain,domain(medicalSpecialty) = MedicalOrganization,1,qwen-max-0125,0.0,8192,https://api2.aigcbest.top/v1,"判断结果：错误  
解释：根据定义域语义规则，使用medicalSpecialty属性的主体应属于MedicalOrganization类，但常识上medicalSpecialty更可能与医生或医学领域相关，而非医疗机构。",0,0,
sample_0169,domain,domain(contactPoint) = Organization,1,qwen-max-0125,0.0,8192,https://api2.aigcbest.top/v1,"判断结果：错误  
解释：根据定义域语义规则，使用contactPoint属性的主体应属于Organization类，但常识中contactPoint通常用于描述个人或地点的联系方式，与Organization无必然关联。",0,0,
sample_0170,domain,domain(hasCertification) = Place,1,qwen-max-0125,0.0,8192,https://api2.aigcbest.top/v1,"判断结果：错误  
解释：根据定义域语义规则，使用hasCertification属性的主体应属于Place类，但常识中认证（Certification）通常与人或机构相关，而非地点。",0,0,
sample_0171,domain,domain(estimatedSalary) = JobPosting,1,qwen-max-0125,0.0,8192,https://api2.aigcbest.top/v1,"判断结果：正确  
解释：根据定义域语义规则，使用属性estimatedSalary的主体必须属于类JobPosting，这符合常识中“职位发布(JobPosting)才会有预估薪资(estimatedSalary)”的逻辑关系。",1,1,
sample_0172,domain,domain(inLanguage) = WriteAction,1,qwen-max-0125,0.0,8192,https://api2.aigcbest.top/v1,"判断结果：错误  
解释：根据定义域语义规则，使用inLanguage属性的主体应属于WriteAction类，但常识上inLanguage通常用于描述语言相关的资源，与WriteAction无直接关联，存在语义冲突。",0,0,
sample_0173,domain,domain(correctionsPolicy) = Organization,1,qwen-max-0125,0.0,8192,https://api2.aigcbest.top/v1,"判断结果：错误  
解释：根据语义规则，属性correctionsPolicy的定义域为Organization，意味着使用该属性的主体必须属于Organization类，但常识上“correctionsPolicy”更可能与媒体、出版物或内容生产者相关，而非泛指所有组织。",0,0,
sample_0174,domain,domain(measurementMethod) = StatisticalVariable,1,qwen-max-0125,0.0,8192,https://api2.aigcbest.top/v1,"判断结果：错误  
解释：根据定义域语义规则，使用measurementMethod属性的主体应属于StatisticalVariable类，但常识上测量方法的主体通常不是统计变量。",0,0,
sample_0175,domain,domain(endTime) = Action,1,qwen-max-0125,0.0,8192,https://api2.aigcbest.top/v1,"判断结果：错误  
解释：根据定义域语义规则，使用endTime属性的主体必须属于Action类，但常识上endTime通常用于描述时间相关的实体，而非动作类。",0,0,
sample_0176,domain,domain(shippingDestination) = DeliveryTimeSettings,1,qwen-max-0125,0.0,8192,https://api2.aigcbest.top/v1,"判断结果：错误  
解释：根据定义域语义规则，使用shippingDestination属性的主体应属于DeliveryTimeSettings类，但常识上shippingDestination通常与地点相关，而非时间设置。",0,0,
sample_0177,domain,domain(hasMeasurement) = Product,1,qwen-max-0125,0.0,8192,https://api2.aigcbest.top/v1,"判断结果：错误  
解释：根据定义域语义规则，使用hasMeasurement属性的主体应属于Product类，但常识上测量通常与物理对象或数据相关，而非产品。",0,0,
sample_0178,domain,domain(review) = Service,1,qwen-max-0125,0.0,8192,https://api2.aigcbest.top/v1,"判断结果：错误  
解释：根据定义域语义规则，使用属性review的主体必须属于类Service，但常识中review的主体通常是客户或用户，而非服务本身。",0,0,
sample_0179,domain,domain(ineligibleRegion) = Offer,1,qwen-max-0125,0.0,8192,https://api2.aigcbest.top/v1,"判断结果：错误  
解释：根据RDFS语义规则，属性的定义域（domain）应为一个类，而“Offer”在这里被用作定义域的值，明显不符合语义规则。",0,0,
sample_0180,domain,domain(gtin14) = Offer,1,qwen-max-0125,0.0,8192,https://api2.aigcbest.top/v1,"判断结果：错误  
解释：根据定义域语义规则，使用属性gtin14的主体必须属于类Offer，但常识上gtin14（全球贸易项目代码）通常用于标识产品而非报价。",0,0,
sample_0181,range,range(adverseOutcome) = MedicalEntity,1,qwen-max-0125,0.0,8192,https://api2.aigcbest.top/v1,"判断结果：正确  
解释：根据RDFS语义规则，值域（range）规定了属性客体的类别，adverseOutcome的值域为MedicalEntity符合语义规则且合理。",1,1,
sample_0182,range,range(seatingType) = Text,1,qwen-max-0125,0.0,8192,https://api2.aigcbest.top/v1,"判断结果：正确  
解释：根据值域语义规则，属性seatingType的客体必须属于Text类，符合语义规则且无明显冲突。",1,1,
sample_0183,range,range(subReservation) = Reservation,1,qwen-max-0125,0.0,8192,https://api2.aigcbest.top/v1,"判断结果：错误  
解释：根据值域语义规则，属性subReservation的客体应属于类Reservation，但常识中“subReservation”可能表示某种子预订关系，其客体未必一定是“Reservation”类的实例。",0,0,
sample_0184,range,range(parents) = Person,1,qwen-max-0125,0.0,8192,https://api2.aigcbest.top/v1,"判断结果：正确  
解释：根据值域语义规则，属性parents的客体必须属于类Person，这符合常识中“父母是人”的关系。",1,1,
sample_0185,range,range(dataFeedElement) = DataFeedItem,1,qwen-max-0125,0.0,8192,https://api2.aigcbest.top/v1,"判断结果：正确  
解释：根据值域语义规则，属性dataFeedElement的客体必须属于类DataFeedItem，符合定义。",1,1,
sample_0186,range,range(height) = QuantitativeValue,1,qwen-max-0125,0.0,8192,https://api2.aigcbest.top/v1,"判断结果：正确  
解释：属性height的值域为QuantitativeValue，符合常识中高度通常用量化值表示的语义规则。",1,1,
sample_0187,range,range(travelBans) = WebContent,1,qwen-max-0125,0.0,8192,https://api2.aigcbest.top/v1,"判断结果：错误  
解释：根据值域语义规则，属性travelBans的客体应属于类WebContent，但常识上travelBans更可能与地理或法律相关类关联，而非WebContent。",0,0,
sample_0188,range,range(educationalCredentialAwarded) = URL,1,qwen-max-0125,0.0,8192,https://api2.aigcbest.top/v1,"判断结果：错误  
解释：根据RDFS语义规则，值域（range）定义了属性客体的类别，而“URL”是一个数据类型，不符合类的定义要求。",0,0,
sample_0189,range,range(meetsEmissionStandard) = URL,1,qwen-max-0125,0.0,8192,https://api2.aigcbest.top/v1,"判断结果：错误  
解释：根据RDFS语义规则，值域（range）要求属性的客体必须属于指定类，而URL是一个数据类型，不是类，因此不符合语义规则。",0,0,
sample_0190,range,range(geoEquals) = Place,1,qwen-max-0125,0.0,8192,https://api2.aigcbest.top/v1,"判断结果：错误  
解释：根据值域语义规则，geoEquals的值域为Place，但常识上geoEquals通常用于表示地理上相等的关系，其值域应为地理实体或类似类型，而非泛化的Place。",0,0,
sample_0191,range,range(industry) = Text,1,qwen-max-0125,0.0,8192,https://api2.aigcbest.top/v1,"判断结果：错误  
解释：根据RDFS语义规则，属性的值域应为类，而“Text”并非一个合法的RDFS类。",0,0,
sample_0192,range,range(logo) = ImageObject,1,qwen-max-0125,0.0,8192,https://api2.aigcbest.top/v1,"判断结果：正确  
解释：根据值域语义规则，属性logo的客体必须属于ImageObject类，这符合常识中logo通常为图像对象的定义。",1,1,
sample_0193,range,range(offeredBy) = Person,1,qwen-max-0125,0.0,8192,https://api2.aigcbest.top/v1,"判断结果：错误  
解释：根据值域语义规则，属性offeredBy的客体应属于类Person，但常识中“提供某物”的主体通常不是Person，而更可能是组织或机构。",0,0,
sample_0194,range,range(performers) = Person,1,qwen-max-0125,0.0,8192,https://api2.aigcbest.top/v1,"判断结果：错误  
解释：根据值域语义规则，属性performers的客体应属于类Person，但常识中performers可能包括非人类实体（如虚拟角色或组织）。",0,0,
sample_0195,range,range(blogPosts) = BlogPosting,1,qwen-max-0125,0.0,8192,https://api2.aigcbest.top/v1,"判断结果：错误  
解释：根据RDFS语义规则，值域（range）定义了属性的客体必须属于的类，但“blogPosts”作为属性名称不符合常识语义，且未明确其主体与客体关系是否合理。",0,0,
sample_0196,range,range(hasTiers) = MemberProgramTier,1,qwen-max-0125,0.0,8192,https://api2.aigcbest.top/v1,"判断结果：错误  
解释：根据值域语义规则，属性“hasTiers”的客体应属于类“MemberProgramTier”，但常识中“hasTiers”可能关联其他类型的层级结构，不一定局限于会员计划的层级。",0,0,
sample_0197,range,range(season) = CreativeWorkSeason,1,qwen-max-0125,0.0,8192,https://api2.aigcbest.top/v1,"判断结果：错误  
解释：根据RDFS语义规则，属性的值域应约束该属性的客体类型，而“season”的值域被定义为“CreativeWorkSeason”，这与常识中“season”通常表示时间周期（如春夏秋冬）不符，存在明显语义冲突。",0,0,
sample_0198,range,range(author) = Organization,1,qwen-max-0125,0.0,8192,https://api2.aigcbest.top/v1,"判断结果：错误  
解释：根据值域语义规则，属性author的客体应为Organization，但常识中author通常指个人或团体，不局限于Organization。",0,0,
sample_0199,range,range(ratingCount) = Integer,1,qwen-max-0125,0.0,8192,https://api2.aigcbest.top/v1,"判断结果：正确  
解释：属性ratingCount的值域被定义为Integer，符合值域规则且与常识一致。",1,1,
sample_0200,range,range(genre) = URL,1,qwen-max-0125,0.0,8192,https://api2.aigcbest.top/v1,"判断结果：错误  
解释：根据值域语义规则，genre的值应为某种分类或类型，而URL不符合常识中对genre的定义。",0,0,
sample_0201,range,range(diseaseSpreadStatistics) = WebContent,1,qwen-max-0125,0.0,8192,https://api2.aigcbest.top/v1,"判断结果：错误  
解释：根据值域语义规则，属性的客体必须属于定义的类，而“diseaseSpreadStatistics”的值域被定义为“WebContent”，这与常识中“疾病传播统计数据”应关联具体数据或统计信息不符，存在明显语义冲突。",0,0,
sample_0202,range,range(exerciseCourse) = Place,1,qwen-max-0125,0.0,8192,https://api2.aigcbest.top/v1,"判断结果：错误  
解释：根据值域语义规则，exerciseCourse的客体应属于Place类，但常识上课程（course）的值域通常不是地点（Place）。",0,0,
sample_0203,range,range(pathophysiology) = Text,1,qwen-max-0125,0.0,8192,https://api2.aigcbest.top/v1,"判断结果：错误  
解释：根据RDFS语义规则，值域（range）定义了属性客体的类别，而“Text”通常不是标准的RDFS/OWL类，违反了语义规则。",0,0,
sample_0204,range,range(reviewedBy) = Organization,1,qwen-max-0125,0.0,8192,https://api2.aigcbest.top/v1,"判断结果：错误  
解释：根据值域语义规则，属性“reviewedBy”的客体应属于类“Organization”，但常识上“reviewedBy”通常关联的是人或类似角色，而非组织。",0,0,
sample_0205,range,range(recipeInstructions) = ItemList,1,qwen-max-0125,0.0,8192,https://api2.aigcbest.top/v1,"判断结果：正确  
解释：根据值域语义规则，属性recipeInstructions的客体必须属于类ItemList，符合常识和语义规则。",1,1,
sample_0206,range,range(geographicArea) = AdministrativeArea,1,qwen-max-0125,0.0,8192,https://api2.aigcbest.top/v1,"判断结果：错误  
解释：根据值域语义规则，属性的值域定义了其客体必须属于的类，但“geographicArea”的值域被限制为“AdministrativeArea”，这与常识冲突，因为地理区域通常不仅限于行政区域。",0,0,
sample_0207,range,range(totalPrice) = PriceSpecification,1,qwen-max-0125,0.0,8192,https://api2.aigcbest.top/v1,"判断结果：错误  
解释：根据RDFS语义规则，值域（range）要求属性的客体必须属于指定类，但“totalPrice”的常见用法通常指向数值或货币类型，而非“PriceSpecification”类。",0,0,
sample_0208,range,range(nutrition) = NutritionInformation,1,qwen-max-0125,0.0,8192,https://api2.aigcbest.top/v1,"判断结果：正确  
解释：根据值域语义规则，属性nutrition的客体必须属于NutritionInformation类，符合语义规则且无明显冲突。",1,1,
sample_0209,range,range(dateModified) = Date,1,qwen-max-0125,0.0,8192,https://api2.aigcbest.top/v1,"判断结果：正确  
解释：属性dateModified的值域被定义为Date，符合值域规则，且修改日期通常为日期类型，语义合理。",1,1,
sample_0210,range,range(recipient) = Person,1,qwen-max-0125,0.0,8192,https://api2.aigcbest.top/v1,"判断结果：正确  
解释：根据值域语义规则，属性recipient的客体必须属于类Person，符合语义规则且无明显冲突。",1,1,
sample_0211,range,range(workPresented) = Movie,1,qwen-max-0125,0.0,8192,https://api2.aigcbest.top/v1,"判断结果：错误  
解释：根据值域语义规则，workPresented的客体应属于Movie类，但常识中workPresented可能关联非电影类型的作品（如书籍或戏剧），因此存在语义冲突。",0,0,
sample_0212,range,range(itemOffered) = CreativeWork,1,qwen-max-0125,0.0,8192,https://api2.aigcbest.top/v1,"判断结果：错误  
解释：根据RDFS语义规则，属性itemOffered的值域应为与商品或服务相关的类，而CreativeWork通常用于描述创作作品，明显不符合常识。",0,0,
sample_0213,range,range(certificationIdentification) = DefinedTerm,1,qwen-max-0125,0.0,8192,https://api2.aigcbest.top/v1,"判断结果：错误  
解释：根据值域语义规则，属性certificationIdentification的客体应属于类DefinedTerm，但常识中认证标识通常与特定类型标识符相关，而非定义术语。",0,0,
sample_0214,range,range(numberOfBeds) = Number,1,qwen-max-0125,0.0,8192,https://api2.aigcbest.top/v1,"判断结果：正确  
解释：属性numberOfBeds的值域被定义为Number，符合语义规则，因为床位数量通常用数字表示。",1,1,
sample_0215,range,range(permissions) = Text,1,qwen-max-0125,0.0,8192,https://api2.aigcbest.top/v1,"判断结果：错误  
解释：根据RDFS语义规则，值域（range）定义了属性的客体必须属于的类，而“Text”不是一个标准的RDFS/OWL类，可能存在语义冲突或不符合常识。",0,0,
sample_0216,range,range(workTranslation) = CreativeWork,1,qwen-max-0125,0.0,8192,https://api2.aigcbest.top/v1,"判断结果：错误  
解释：根据RDFS语义规则，属性workTranslation的值域被定义为CreativeWork，但常识上翻译关系的客体应为某种语言或文本，而非泛指创意作品。",0,0,
sample_0217,range,range(passengerSequenceNumber) = Text,1,qwen-max-0125,0.0,8192,https://api2.aigcbest.top/v1,"判断结果：正确  
解释：根据值域语义规则，属性passengerSequenceNumber的客体必须属于类Text，符合语义规则且无明显常识冲突。",1,1,
sample_0218,range,range(estimatesRiskOf) = MedicalEntity,1,qwen-max-0125,0.0,8192,https://api2.aigcbest.top/v1,"判断结果：正确  
解释：根据值域语义规则，属性estimatesRiskOf的客体必须属于MedicalEntity类，这符合语义规则且无明显常识冲突。",1,1,
sample_0219,range,range(numAdults) = QuantitativeValue,1,qwen-max-0125,0.0,8192,https://api2.aigcbest.top/v1,"判断结果：正确  
解释：属性numAdults的值域被定义为QuantitativeValue，符合值域语义规则，且数量值通常用量化值表示，符合常识。",1,1,
sample_0220,range,range(collectionSize) = Integer,1,qwen-max-0125,0.0,8192,https://api2.aigcbest.top/v1,"判断结果：正确  
解释：根据值域语义规则，属性collectionSize的客体被限制为Integer类型，符合常识和语义规则。",1,1,
sample_0221,range,range(availableFrom) = DateTime,1,qwen-max-0125,0.0,8192,https://api2.aigcbest.top/v1,"判断结果：错误  
解释：根据值域语义规则，availableFrom的客体应属于DateTime类，但常识中“availableFrom”通常表示资源可用的起始时间，其值域更可能是日期或时间类型而非DateTime类。",0,0,
sample_0222,range,range(broadcastSubChannel) = Text,1,qwen-max-0125,0.0,8192,https://api2.aigcbest.top/v1,"判断结果：错误  
解释：根据值域语义规则，broadcastSubChannel的值域应为类，而Text通常作为数据类型，不符合RDFS中值域定义的语义要求。",0,0,
sample_0223,range,range(requiresSubscription) = Boolean,1,qwen-max-0125,0.0,8192,https://api2.aigcbest.top/v1,"判断结果：正确  
解释：根据值域语义规则，属性requiresSubscription的客体必须属于Boolean类，符合常识和语义规则。",1,1,
sample_0224,range,range(producer) = Person,1,qwen-max-0125,0.0,8192,https://api2.aigcbest.top/v1,"判断结果：错误  
解释：根据值域语义规则，属性producer的客体应属于Person类，但常识中producer可能关联公司或组织，不局限于个人。",0,0,
sample_0225,range,range(dependencies) = Text,1,qwen-max-0125,0.0,8192,https://api2.aigcbest.top/v1,"判断结果：错误  
解释：根据RDFS语义规则，值域（range）定义了属性客体的类别，而“Text”通常不是一个标准的RDFS/OWL类，违反了值域应指向类的语义规则。",0,0,
sample_0226,range,range(isAccessoryOrSparePartFor) = Product,1,qwen-max-0125,0.0,8192,https://api2.aigcbest.top/v1,"判断结果：正确  
解释：根据值域语义规则，属性“isAccessoryOrSparePartFor”的客体必须属于类“Product”，这符合常识和逻辑关系。",1,1,
sample_0227,range,range(fundedItem) = Product,1,qwen-max-0125,0.0,8192,https://api2.aigcbest.top/v1,"判断结果：错误  
解释：根据值域语义规则，属性fundedItem的客体应属于类Product，但常识中“资助项”未必一定是“产品”，可能存在其他类型客体。",0,0,
sample_0228,range,range(ownershipFundingInfo) = AboutPage,1,qwen-max-0125,0.0,8192,https://api2.aigcbest.top/v1,"判断结果：错误  
解释：根据值域语义规则，ownershipFundingInfo的客体应属于AboutPage类，但常识上所有权或资金信息通常与页面内容无直接关联，可能存在语义冲突。",0,0,
sample_0229,range,range(option) = Text,1,qwen-max-0125,0.0,8192,https://api2.aigcbest.top/v1,"判断结果：错误  
解释：根据RDFS语义规则，值域（range）定义了属性的客体必须属于的类，但“Text”不是一个标准的RDFS/OWL类，缺乏明确的语义定义。",0,0,
sample_0230,range,range(color) = Text,1,qwen-max-0125,0.0,8192,https://api2.aigcbest.top/v1,"判断结果：错误  
解释：根据RDFS语义规则，属性color的值域应为颜色类或相关实例，而Text不符合颜色值域的常识定义。",0,0,
sample_0231,range,range(loanRepaymentForm) = RepaymentSpecification,1,qwen-max-0125,0.0,8192,https://api2.aigcbest.top/v1,"判断结果：正确  
解释：根据值域语义规则，属性loanRepaymentForm的客体必须属于类RepaymentSpecification，符合定义。",1,1,
sample_0232,range,range(publication) = PublicationEvent,1,qwen-max-0125,0.0,8192,https://api2.aigcbest.top/v1,"判断结果：错误  
解释：根据值域语义规则，publication的客体应属于PublicationEvent，但常识中publication通常关联的是出版物而非事件。",0,0,
sample_0233,range,range(itinerary) = Place,1,qwen-max-0125,0.0,8192,https://api2.aigcbest.top/v1,"判断结果：错误  
解释：根据值域语义规则，itinerary的客体应为行程相关的内容，而非地点（Place），这与常识不符。",0,0,
sample_0234,range,range(suggestedGender) = Text,1,qwen-max-0125,0.0,8192,https://api2.aigcbest.top/v1,"判断结果：错误  
解释：根据RDFS语义规则，值域（range）定义了属性客体的类别，而“Text”通常不是RDFS中的标准类，且不符合常识中对性别建议值的预期类型。",0,0,
sample_0235,range,range(businessDays) = OpeningHoursSpecification,1,qwen-max-0125,0.0,8192,https://api2.aigcbest.top/v1,"判断结果：错误  
解释：根据RDFS语义规则，值域(range)定义了属性的客体必须属于的类，但“businessDays”作为属性与“OpeningHoursSpecification”作为值域类别之间缺乏合理的常识关联。",0,0,
sample_0236,range,range(targetPopulation) = Text,1,qwen-max-0125,0.0,8192,https://api2.aigcbest.top/v1,"判断结果：错误  
解释：根据RDFS语义规则，值域（range）定义了属性客体的类别，而“Text”通常不是一个标准的RDFS/OWL类，违反了值域应指向类的语义规则。",0,0,
sample_0237,range,range(carbohydrateContent) = Mass,1,qwen-max-0125,0.0,8192,https://api2.aigcbest.top/v1,"判断结果：正确  
解释：属性carbohydrateContent的值域为Mass，符合语义规则，因为碳水化合物含量通常以质量单位表示。",1,1,
sample_0238,range,range(bookingTime) = DateTime,1,qwen-max-0125,0.0,8192,https://api2.aigcbest.top/v1,"判断结果：正确  
解释：根据值域语义规则，属性bookingTime的客体必须属于DateTime类，这符合常识和语义规则。",1,1,
sample_0239,range,range(afterMedia) = MediaObject,1,qwen-max-0125,0.0,8192,https://api2.aigcbest.top/v1,"判断结果：正确  
解释：根据值域语义规则，属性afterMedia的客体必须属于类MediaObject，符合语义规则且无明显冲突。",1,1,
sample_0240,range,range(deliveryStatus) = DeliveryEvent,1,qwen-max-0125,0.0,8192,https://api2.aigcbest.top/v1,"判断结果：正确  
解释：根据值域语义规则，属性deliveryStatus的客体必须属于类DeliveryEvent，符合语义规则且无明显冲突。",1,1,
sample_0241,subClassOf,Designated_Spa_Town_Q6882870 ⊑ Schwefelbad_Q112157620,0,qwen-max-0125,0.0,8192,https://api2.aigcbest.top/v1,"判断结果：错误  
解释：根据子类关系语义规则，Designated_Spa_Town_Q6882870的所有实例应属于Schwefelbad_Q112157620，但常识上“指定温泉城镇”不一定是“硫磺浴”，存在语义冲突。",0,1,
sample_0242,subClassOf,Computer ⊑ Analog_computer,0,qwen-max-0125,0.0,8192,https://api2.aigcbest.top/v1,"判断结果：错误  
解释：根据子类关系语义规则，Computer的所有实例应属于Analog_computer，但常识上计算机包括模拟计算机和数字计算机，因此该公理不符合常识。",0,1,
sample_0243,subClassOf,Engineer ⊑ Printing_Engineer_Q108565989,0,qwen-max-0125,0.0,8192,https://api2.aigcbest.top/v1,"判断结果：错误  
解释：根据子类关系语义规则，Engineer的所有实例应属于Printing_Engineer_Q108565989，但常识上工程师（Engineer）是一个更广泛的类别，不应仅限于印刷工程师（Printing_Engineer_Q108565989）。",0,1,
sample_0244,subClassOf,Computer ⊑ Mechanical_computer,0,qwen-max-0125,0.0,8192,https://api2.aigcbest.top/v1,"判断结果：错误  
解释：根据子类关系语义规则，Computer的所有实例应属于Mechanical_computer，但常识上计算机并不都是机械计算机。",0,1,
sample_0245,subClassOf,Literary_Critic_Q4263842 ⊑ Tenja_Q11567170,0,qwen-max-0125,0.0,8192,https://api2.aigcbest.top/v1,"判断结果：错误  
解释：根据子类关系语义规则，子类的所有实例必须属于父类，但“Literary_Critic_Q4263842”（文学评论家）与“Tenja_Q11567170”之间没有明显的常识性包含关系，可能存在语义冲突。",0,1,
sample_0246,subClassOf,Financier ⊑ Financial_analyst,0,qwen-max-0125,0.0,8192,https://api2.aigcbest.top/v1,"判断结果：错误  
解释：根据子类关系语义规则，Financier的所有实例应属于Financial_analyst，但常识上 financier（金融家）和 financial analyst（财务分析师）是不同的角色，存在明显语义冲突。",0,1,
sample_0247,subClassOf,Computer ⊑ Military_computers,0,qwen-max-0125,0.0,8192,https://api2.aigcbest.top/v1,"判断结果：错误  
解释：根据子类关系语义规则，Computer的所有实例必须属于Military_computers，但并非所有计算机都属于军用计算机，存在明显语义冲突。",0,1,
sample_0248,subClassOf,Lawyer ⊑ Commercial_Lawyer__U0028_Europe_U0029__Q1286374,0,qwen-max-0125,0.0,8192,https://api2.aigcbest.top/v1,"判断结果：错误  
解释：根据子类关系语义规则，Lawyer的所有实例应属于Commercial_Lawyer__U0028_Europe_U0029__Q1286374，但常识表明并非所有律师都属于商业律师（欧洲）。",0,1,
sample_0249,subClassOf,French_language ⊑ New_Caledonian_French_Q3083202,0,qwen-max-0125,0.0,8192,https://api2.aigcbest.top/v1,"判断结果：错误  
解释：根据子类关系语义规则，French_language 的所有实例应属于 New_Caledonian_French_Q3083202，但常识上法语（French_language）并不特指新喀里多尼亚法语（New_Caledonian_French_Q3083202）。",0,1,
sample_0250,subClassOf,Engineer ⊑ State_Public_Works_Engineering_Corps__u0028_France_u0029_,0,qwen-max-0125,0.0,8192,https://api2.aigcbest.top/v1,"判断结果：错误  
解释：根据子类关系语义规则，Engineer的所有实例应属于State_Public_Works_Engineering_Corps__u0028_France_u0029_，但常识表明工程师不一定是法国公共工程军团的成员。",0,1,
sample_0251,subClassOf,Catholic_Church ⊑ Catholic_Church_in_Argentina,0,qwen-max-0125,0.0,8192,https://api2.aigcbest.top/v1,"判断结果：错误  
解释：根据子类关系语义规则，Catholic_Church_in_Argentina应是Catholic_Church的子类，而非相反。",0,1,
sample_0252,subClassOf,Economist ⊑ Agricultural_Economist_Q26252897,0,qwen-max-0125,0.0,8192,https://api2.aigcbest.top/v1,"判断结果：错误  
解释：根据子类关系语义规则，Economist的所有实例应属于Agricultural_Economist_Q26252897，但经济学家不一定是农业经济学家，存在明显语义冲突。",0,1,
sample_0253,subClassOf,Anatomy ⊑ Skin_Anatomy_Q25465547,0,qwen-max-0125,0.0,8192,https://api2.aigcbest.top/v1,"判断结果：错误  
解释：根据子类关系语义规则，Anatomy的所有实例应属于Skin_Anatomy_Q25465547，但解剖学（Anatomy）是一个更广泛的领域，明显超出皮肤解剖学的范围，因此不符合常识。",0,1,
sample_0254,subClassOf,Catholic_Church ⊑ Catholic_Church_in_Spain,0,qwen-max-0125,0.0,8192,https://api2.aigcbest.top/v1,"判断结果：错误  
解释：根据子类关系语义规则，Catholic_Church_in_Spain 应是 Catholic_Church 的子类，而非相反。",0,1,
sample_0255,subClassOf,Engineer ⊑ Corps_de_l_u0027_armement,0,qwen-max-0125,0.0,8192,https://api2.aigcbest.top/v1,"判断结果：错误  
解释：根据子类关系语义规则，Engineer的所有实例应属于Corps_de_l_u0027_armement，但常识上工程师（Engineer）并不一定是军队中的工兵部队（Corps de l'armement）成员，存在明显语义冲突。",0,1,
sample_0256,subClassOf,Buddhism ⊑ Buddhism_In_Asia_Q28051303,0,qwen-max-0125,0.0,8192,https://api2.aigcbest.top/v1,"判断结果：正确  
解释：根据子类关系语义规则，Buddhism的所有实例都属于Buddhism_In_Asia_Q28051303，符合语义规则且无常识冲突。",1,0,
sample_0257,subClassOf,Economist ⊑ Political_Economist_Q105572010,0,qwen-max-0125,0.0,8192,https://api2.aigcbest.top/v1,"判断结果：错误  
解释：根据子类关系语义规则，Economist的所有实例应属于Political_Economist_Q105572010，但经济学家不一定是政治经济学家，存在明显语义冲突。",0,1,
sample_0258,subClassOf,Lyricist ⊑ Cancionista_Q24961653,0,qwen-max-0125,0.0,8192,https://api2.aigcbest.top/v1,"判断结果：错误  
解释：根据子类关系语义规则，Lyricist的所有实例应属于Cancionista_Q24961653，但常识上“歌词作者”与“歌曲创作者”并非必然的子类关系。",0,1,
sample_0259,subClassOf,Catholic_Church ⊑ Catholic_Church_in_Brazil,0,qwen-max-0125,0.0,8192,https://api2.aigcbest.top/v1,"判断结果：错误  
解释：根据子类关系语义规则，Catholic_Church的所有实例应属于Catholic_Church_in_Brazil，但常识上Catholic_Church是一个更广泛的类别，不应仅限于其在巴西的分支。",0,1,
sample_0260,subClassOf,English_language ⊑ Ghanaian_Pidgin_English,0,qwen-max-0125,0.0,8192,https://api2.aigcbest.top/v1,"判断结果：错误  
解释：根据子类关系语义规则，English_language 的所有实例应属于 Ghanaian_Pidgin_English，但常识上标准英语并非加纳皮钦英语的子集。",0,1,
sample_0261,subClassOf,Bengali_language ⊑ Manbhumi_dialect,0,qwen-max-0125,0.0,8192,https://api2.aigcbest.top/v1,"判断结果：错误  
解释：根据子类关系语义规则，Bengali_language 的所有实例应属于 Manbhumi_dialect，但常识上孟加拉语（Bengali_language）是一种语言，而 Manbhumi_dialect 是其方言之一，方言不能包含整个语言。",0,1,
sample_0262,subClassOf,Archipelago ⊑ Skerry_Coast_Q13137873,0,qwen-max-0125,0.0,8192,https://api2.aigcbest.top/v1,"判断结果：错误  
解释：根据子类关系语义规则，Archipelago的所有实例应属于Skerry_Coast_Q13137873，但常识上“群岛”并不一定是“礁石海岸”的子集，存在明显语义冲突。",0,1,
sample_0263,subClassOf,Actor ⊑ Extra__u0028_acting_u0029_,0,qwen-max-0125,0.0,8192,https://api2.aigcbest.top/v1,"判断结果：错误  
解释：根据子类关系语义规则，Actor的所有实例应属于Extra__u0028_acting_u0029_，但常识上“演员”并不一定是“临时演员”，因此该公理不符合常识。",0,1,
sample_0264,subClassOf,Engineer ⊑ Satellite_Engineer_Q53474871,0,qwen-max-0125,0.0,8192,https://api2.aigcbest.top/v1,"判断结果：错误  
解释：根据子类关系语义规则，Engineer的所有实例应属于Satellite_Engineer_Q53474871，但常识上工程师（Engineer）是一个更广泛的类别，不应完全包含于卫星工程师（Satellite_Engineer_Q53474871）这一特定子类中。",0,1,
sample_0265,subClassOf,Engineer ⊑ Nuclear_Engineer_Q21002336,0,qwen-max-0125,0.0,8192,https://api2.aigcbest.top/v1,"判断结果：错误  
解释：根据子类关系语义规则，Engineer的所有实例应属于Nuclear_Engineer_Q21002336，但常识表明并非所有工程师都是核工程师。",0,1,
sample_0266,subClassOf,Actor ⊑ Stunt_performer,0,qwen-max-0125,0.0,8192,https://api2.aigcbest.top/v1,"判断结果：错误  
解释：根据子类关系语义规则，Actor的所有实例应属于Stunt_performer，但常识上并非所有演员都是特技表演者。",0,1,
sample_0267,subClassOf,Chinese_language ⊑ Historical_Chinese_Q10913056,0,qwen-max-0125,0.0,8192,https://api2.aigcbest.top/v1,"判断结果：错误  
解释：根据子类关系语义规则，Chinese_language 的所有实例应属于 Historical_Chinese_Q10913056，但常识上“中文语言”并不一定是“历史上的中文”，存在语义冲突。",0,1,
sample_0268,subClassOf,Civil_engineer ⊑ Railway_Engineer_Q66711686,0,qwen-max-0125,0.0,8192,https://api2.aigcbest.top/v1,"判断结果：错误  
解释：根据子类关系语义规则，Civil_engineer 的所有实例应属于 Railway_Engineer_Q66711686，但常识上并非所有土木工程师都属于铁路工程师。",0,1,
sample_0269,subClassOf,Comedian ⊑ Prankster_Q1344569,0,qwen-max-0125,0.0,8192,https://api2.aigcbest.top/v1,"判断结果：错误  
解释：根据子类关系语义规则，Comedian的所有实例应属于Prankster_Q1344569，但常识上“喜剧演员”不一定是“恶作剧者”，存在语义冲突。",0,1,
sample_0270,subClassOf,Lawyer ⊑ Human_Rights_Lawyer_Q16138122,0,qwen-max-0125,0.0,8192,https://api2.aigcbest.top/v1,"判断结果：错误  
解释：根据子类关系语义规则，Lawyer的所有实例应属于Human_Rights_Lawyer_Q16138122，但常识上并非所有律师都专门从事人权法律相关工作，因此该公理不符合常识。",0,1,
sample_0271,subClassOf,Lawyer ⊑ Rábula_Q10365511,0,qwen-max-0125,0.0,8192,https://api2.aigcbest.top/v1,"判断结果：错误  
解释：根据子类关系语义规则，Lawyer的所有实例应属于Rábula_Q10365511，但常识表明Lawyer（律师）与Rábula_Q10365511（特定实体或类别）无明确包含关系。",0,1,
sample_0272,subClassOf,Art_museum ⊑ Museum_Of_Modern_Art_Q108860593,0,qwen-max-0125,0.0,8192,https://api2.aigcbest.top/v1,"判断结果：错误  
解释：根据子类关系语义规则，Art_museum 的所有实例应属于 Museum_Of_Modern_Art_Q108860593，但常识上艺术博物馆（Art_museum）并不一定是现代艺术博物馆（Museum_Of_Modern_Art_Q108860593）的子类。",0,1,
sample_0273,subClassOf,Fictional_Human_Q15632617 ⊑ Character_From_Fargo_Q28146473,0,qwen-max-0125,0.0,8192,https://api2.aigcbest.top/v1,"判断结果：正确  
解释：根据子类关系语义规则，Fictional_Human_Q15632617的所有实例都属于Character_From_Fargo_Q28146473，符合语义规则且无明显常识冲突。",1,0,
sample_0274,subClassOf,Lawyer ⊑ Associate_attorney,0,qwen-max-0125,0.0,8192,https://api2.aigcbest.top/v1,"判断结果：错误  
解释：根据子类关系语义规则，Lawyer的所有实例应属于Associate_attorney，但常识上律师（Lawyer）并不一定是助理律师（Associate_attorney）。",0,1,
sample_0275,subClassOf,Lawyer ⊑ Rotal_Lawyer_Q115182660,0,qwen-max-0125,0.0,8192,https://api2.aigcbest.top/v1,"判断结果：错误  
解释：根据子类关系语义规则，Lawyer的所有实例应属于Rotal_Lawyer_Q115182660，但常识表明“律师”不一定是“皇家律师”，存在明显语义冲突。",0,1,
sample_0276,subClassOf,Engineer ⊑ Mechanical_Engineer_Q1906857,0,qwen-max-0125,0.0,8192,https://api2.aigcbest.top/v1,"判断结果：错误  
解释：根据子类关系语义规则，Engineer的所有实例应属于Mechanical_Engineer_Q1906857，但常识上工程师（Engineer）并不都是机械工程师（Mechanical_Engineer_Q1906857）。",0,1,
sample_0277,subClassOf,Financier ⊑ Fermier_Général_Q50376727,0,qwen-max-0125,0.0,8192,https://api2.aigcbest.top/v1,"判断结果：错误  
解释：根据子类关系语义规则，Financier的所有实例应属于Fermier_Général_Q50376727，但常识上两者并无明确包含关系。",0,1,
sample_0278,subClassOf,Computer ⊑ Electro-Mechanical_Computer_Q11742076,0,qwen-max-0125,0.0,8192,https://api2.aigcbest.top/v1,"判断结果：错误  
解释：根据子类关系语义规则，Computer的所有实例应属于Electro-Mechanical_Computer_Q11742076，但常识表明计算机并非都是机电计算机。",0,1,
sample_0279,subClassOf,Guitarist ⊑ Classical_guitarist,0,qwen-max-0125,0.0,8192,https://api2.aigcbest.top/v1,"判断结果：错误  
解释：根据子类关系语义规则，Guitarist的所有实例应属于Classical_guitarist，但常识上并非所有吉他手都是古典吉他手。",0,1,
sample_0280,subClassOf,Engineer ⊑ Thermal_Engineer_Q106863163,0,qwen-max-0125,0.0,8192,https://api2.aigcbest.top/v1,"判断结果：错误  
解释：根据子类关系语义规则，Engineer的所有实例应属于Thermal_Engineer_Q106863163，但常识上工程师（Engineer）并不都是热能工程师（Thermal Engineer），因此该公理不符合语义规则。",0,1,
sample_0281,subClassOf,Fictional_Human_Q15632617 ⊑ Virtual_Idol_Q24236999,0,qwen-max-0125,0.0,8192,https://api2.aigcbest.top/v1,"判断结果：正确  
解释：根据子类关系语义规则，Fictional_Human_Q15632617的所有实例都属于Virtual_Idol_Q24236999，符合常识和语义规则。",1,0,
sample_0282,subClassOf,Fictional_Human_Q15632617 ⊑ Witcher_Q20011098,0,qwen-max-0125,0.0,8192,https://api2.aigcbest.top/v1,"判断结果：错误  
解释：根据子类关系语义规则，Fictional_Human_Q15632617的所有实例应属于Witcher_Q20011098，但常识上“虚构的人类”并不一定是“巫师”，存在语义冲突。",0,1,
sample_0283,subClassOf,Engineer ⊑ Geological_Engineer_Q2887387,0,qwen-max-0125,0.0,8192,https://api2.aigcbest.top/v1,"判断结果：错误  
解释：根据子类关系语义规则，Engineer的所有实例应属于Geological_Engineer_Q2887387，但常识上工程师（Engineer）是一个更广泛的类别，不应仅限于地质工程师（Geological_Engineer_Q2887387）。",0,1,
sample_0284,subClassOf,Computer ⊑ Vacuum-tube_computer,0,qwen-max-0125,0.0,8192,https://api2.aigcbest.top/v1,"判断结果：错误  
解释：根据子类关系语义规则，Vacuum-tube_computer的所有实例应属于Computer，但并非所有Computer都是Vacuum-tube_computer。",0,1,
sample_0285,subClassOf,Farmer ⊑ Fruit_Grower_Q21591523,0,qwen-max-0125,0.0,8192,https://api2.aigcbest.top/v1,"判断结果：正确  
解释：根据子类关系语义规则，Farmer是Fruit_Grower_Q21591523的子类，表示所有Farmer的实例也必须是Fruit_Grower_Q21591523的实例，符合语义规则且无明显常识冲突。",1,0,
sample_0286,subClassOf,Catholic_Church ⊑ Catholic_Church_In_Kingdom_Of_The_Netherlands_Q9560704,0,qwen-max-0125,0.0,8192,https://api2.aigcbest.top/v1,"判断结果：错误  
解释：根据子类关系语义规则，Catholic_Church 的所有实例应属于 Catholic_Church_In_Kingdom_Of_The_Netherlands_Q9560704，但常识上天主教会的范围远大于特定国家内的分支，因此该公理不符合逻辑。",0,1,
sample_0287,subClassOf,Catholicism ⊑ Eastern_Catholic_Churches,0,qwen-max-0125,0.0,8192,https://api2.aigcbest.top/v1,"判断结果：错误  
解释：根据子类关系语义规则，Catholicism的所有实例应属于Eastern_Catholic_Churches，但常识上天主教（Catholicism）并非东方礼天主教会（Eastern_Catholic_Churches）的子集。",0,1,
sample_0288,subClassOf,Engineer ⊑ Process_Engineer_Q71368126,0,qwen-max-0125,0.0,8192,https://api2.aigcbest.top/v1,"判断结果：错误  
解释：根据子类关系语义规则，Engineer的所有实例应属于Process_Engineer_Q71368126，但常识上工程师（Engineer）并不一定是流程工程师（Process Engineer），因此该公理不符合常识。",0,1,
sample_0289,subClassOf,Fictional_Human_Q15632617 ⊑ Immortal__u0028_Highlander_u0029_,0,qwen-max-0125,0.0,8192,https://api2.aigcbest.top/v1,"判断结果：错误  
解释：根据子类关系语义规则，Fictional_Human_Q15632617 的所有实例应属于 Immortal__u0028_Highlander_u0029_，但常识上并非所有虚构人类都是 Highlander 中的不死者。",0,1,
sample_0290,subClassOf,Lawyer ⊑ Fachanwalt_Q1257466,0,qwen-max-0125,0.0,8192,https://api2.aigcbest.top/v1,"判断结果：错误  
解释：根据子类关系语义规则，Lawyer的所有实例必须属于Fachanwalt_Q1257466，但常识表明并非所有律师（Lawyer）都是专业律师（Fachanwalt_Q1257466）。",0,1,
sample_0291,subClassOf,Capital_city ⊑ Capital_of_Japan,0,qwen-max-0125,0.0,8192,https://api2.aigcbest.top/v1,"判断结果：错误  
解释：根据子类关系语义规则，Capital_city的所有实例应属于Capital_of_Japan，但常识上首都城市不一定是日本的首都。",0,1,
sample_0292,subClassOf,Lawyer ⊑ European_lawyer,0,qwen-max-0125,0.0,8192,https://api2.aigcbest.top/v1,"判断结果：错误  
解释：根据子类关系语义规则，Lawyer的所有实例必须属于European_lawyer，但常识表明律师可以不属于欧洲律师类别。",0,1,
sample_0293,subClassOf,Legal_Scholar_Q16012028 ⊑ Constitutional_Lawyer_Q2325224,0,qwen-max-0125,0.0,8192,https://api2.aigcbest.top/v1,"判断结果：正确  
解释：根据子类关系语义规则，Legal_Scholar_Q16012028 的所有实例都属于 Constitutional_Lawyer_Q2325224，符合常识和语义规则。",1,0,
sample_0294,subClassOf,Film_director ⊑ Sequence_Director_Q28381399,0,qwen-max-0125,0.0,8192,https://api2.aigcbest.top/v1,"判断结果：错误  
解释：根据子类关系语义规则，Film_director 的所有实例应属于 Sequence_Director_Q28381399，但常识上电影导演和序列导演并非明确的子类关系。",0,1,
sample_0295,subClassOf,Astronomer ⊑ Discoverer_Of_Minor_Planets_Q96203320,0,qwen-max-0125,0.0,8192,https://api2.aigcbest.top/v1,"判断结果：正确  
解释：根据子类关系语义规则，Astronomer的所有实例都属于Discoverer_Of_Minor_Planets_Q96203320，符合语义规则且无明显常识冲突。",1,0,
sample_0296,subClassOf,Fictional_Human_Q15632617 ⊑ Fictional_Human_Formerly_Considered_To_Be_Historical_Q64520857,0,qwen-max-0125,0.0,8192,https://api2.aigcbest.top/v1,"判断结果：错误  
解释：根据子类关系语义规则，子类的所有实例必须属于父类，但“虚构的人类”并不一定都曾被认为是历史人物，因此该公理不符合常识。",0,1,
sample_0297,subClassOf,French_language ⊑ Français_Guyanais_Q102098874,0,qwen-max-0125,0.0,8192,https://api2.aigcbest.top/v1,"判断结果：错误  
解释：根据子类关系语义规则，French_language 的所有实例应属于 Français_Guyanais_Q102098874，但常识上法语（French_language）的范围远大于仅限于法属圭亚那的法语变体（Français_Guyanais_Q102098874）。",0,1,
sample_0298,subClassOf,Board_game ⊑ Board_wargame,0,qwen-max-0125,0.0,8192,https://api2.aigcbest.top/v1,"判断结果：错误  
解释：根据子类关系语义规则，Board_game的所有实例应属于Board_wargame，但并非所有棋盘游戏都是棋盘战争游戏，存在明显语义冲突。",0,1,
sample_0299,subClassOf,Engineer ⊑ Engineering_Mathematician_Q96777281,0,qwen-max-0125,0.0,8192,https://api2.aigcbest.top/v1,"判断结果：错误  
解释：根据子类关系语义规则，Engineer的所有实例应属于Engineering_Mathematician_Q96777281，但常识表明工程师不一定是工程数学家，存在明显语义冲突。",0,1,
sample_0300,subClassOf,Catholicism ⊑ Antoinism,0,qwen-max-0125,0.0,8192,https://api2.aigcbest.top/v1,"判断结果：错误  
解释：根据子类关系语义规则，Catholicism的所有实例应属于Antoinism，但常识上天主教(Catholicism)与安东主义(Antoinism)是不同的宗教信仰体系，不存在子类关系。",0,1,
sample_0301,subPropertyOf,hasPart ⊑p containsSeason,0,qwen-max-0125,0.0,8192,https://api2.aigcbest.top/v1,"判断结果：错误  
解释：根据子属性关系语义规则，hasPart和containsSeason的语义不匹配，hasPart通常表示物理或逻辑组成部分，而containsSeason更适用于时间或季节相关上下文，二者不符合常识推断。",0,1,
sample_0302,subPropertyOf,result ⊑p resultComment,0,qwen-max-0125,0.0,8192,https://api2.aigcbest.top/v1,"判断结果：错误  
解释：根据子类关系语义规则，result的所有实例应属于resultComment，但常识上“结果”与“结果评论”并无包含关系，存在语义冲突。",0,1,
sample_0303,subPropertyOf,identifier ⊑p issn,0,qwen-max-0125,0.0,8192,https://api2.aigcbest.top/v1,"判断结果：错误  
解释：根据子类关系语义规则，identifier的所有实例应属于issn，但常识上identifier是一个更通用的概念，而issn是特定类型的标识符，因此该公理不符合语义规则。",0,1,
sample_0304,subPropertyOf,instrument ⊑p tool,0,qwen-max-0125,0.0,8192,https://api2.aigcbest.top/v1,"判断结果：错误  
解释：根据子类关系语义规则，instrument作为类应为tool的子类，但常识中instrument并不总是tool的子集。",0,1,
sample_0305,subPropertyOf,identifier ⊑p gtin12,0,qwen-max-0125,0.0,8192,https://api2.aigcbest.top/v1,"判断结果：错误  
解释：根据子类关系语义规则，子类的所有实例必须属于父类，但“identifier”和“gtin12”之间不存在合理的子类关系，且不符合常识。",0,1,
sample_0306,subPropertyOf,hasNumericValue ⊑p price,0,qwen-max-0125,0.0,8192,https://api2.aigcbest.top/v1,"判断结果：错误  
解释：根据子属性关系语义规则，hasNumericValue作为price的子属性需满足所有通过hasNumericValue关联的资源对也满足price关系，但常识上hasNumericValue与price并无明确语义关联。",0,1,
sample_0307,subPropertyOf,hasPart ⊑p episode,0,qwen-max-0125,0.0,8192,https://api2.aigcbest.top/v1,"判断结果：错误  
解释：根据子属性关系语义规则，hasPart和episode之间没有明确的层级或包含关系，且不符合常识中“部分-整体”与“剧集”的逻辑关联。",0,1,
sample_0308,subPropertyOf,hasAddress ⊑p serviceSmsNumber,0,qwen-max-0125,0.0,8192,https://api2.aigcbest.top/v1,"判断结果：错误  
解释：根据子属性关系语义规则，hasAddress和serviceSmsNumber之间不存在合理的子属性关系，且不符合常识。",0,1,
sample_0309,subPropertyOf,spatialCoverage ⊑p announcementLocation,0,qwen-max-0125,0.0,8192,https://api2.aigcbest.top/v1,"判断结果：错误  
解释：根据子属性关系语义规则，子属性应继承父属性的定义域和值域，但“spatialCoverage”与“announcementLocation”在常识上无明显继承关系。",0,1,
sample_0310,subPropertyOf,location ⊑p toLocation,0,qwen-max-0125,0.0,8192,https://api2.aigcbest.top/v1,"判断结果：错误  
解释：根据子类关系语义规则，location的所有实例应属于toLocation，但常识上“位置”并不一定是“目标位置”的子集。",0,1,
sample_0311,subPropertyOf,identifier ⊑p orderNumber,0,qwen-max-0125,0.0,8192,https://api2.aigcbest.top/v1,"判断结果：错误  
解释：根据子类关系语义规则，子类的所有实例必须属于父类，但“identifier”和“orderNumber”之间不存在合理的子类关系，且不符合常识。",0,1,
sample_0312,subPropertyOf,contentLocation ⊑p spatialCoverage,0,qwen-max-0125,0.0,8192,https://api2.aigcbest.top/v1,"判断结果：错误  
解释：根据子类关系语义规则，contentLocation的所有实例应属于spatialCoverage，但常识上contentLocation通常表示内容的位置，而spatialCoverage表示空间覆盖范围，二者语义不一致。",0,1,
sample_0313,subPropertyOf,location ⊑p workLocation,0,qwen-max-0125,0.0,8192,https://api2.aigcbest.top/v1,"判断结果：错误  
解释：根据子类关系语义规则，location的所有实例应属于workLocation，但常识上location是一个更广义的概念，不应被限制为workLocation的子类。",0,1,
sample_0314,subPropertyOf,publishingPrinciples ⊑p missionCoveragePrioritiesPolicy,0,qwen-max-0125,0.0,8192,https://api2.aigcbest.top/v1,"判断结果：错误  
解释：根据子类关系语义规则，publishingPrinciples的所有实例应属于missionCoveragePrioritiesPolicy，但常识上两者并无明确的子类关系。",0,1,
sample_0315,subPropertyOf,areaServed ⊑p availableAtOrFrom,0,qwen-max-0125,0.0,8192,https://api2.aigcbest.top/v1,"判断结果：错误  
解释：根据子属性关系语义规则，areaServed和availableAtOrFrom的关联不符合常识逻辑，且未体现合理的子属性约束。",0,1,
sample_0316,subPropertyOf,location ⊑p homeLocation,0,qwen-max-0125,0.0,8192,https://api2.aigcbest.top/v1,"判断结果：错误  
解释：根据子类关系语义规则，location的所有实例应属于homeLocation，但常识上“位置”并不一定是“家庭位置”的子集。",0,1,
sample_0317,subPropertyOf,supply ⊑p recipeIngredient,0,qwen-max-0125,0.0,8192,https://api2.aigcbest.top/v1,"判断结果：错误  
解释：根据子属性关系语义规则，supply和recipeIngredient之间未明确表明满足子属性关系的传递性或定义域值域约束，且常识上两者无明显子属性关联。",0,1,
sample_0318,subPropertyOf,participant ⊑p borrower,0,qwen-max-0125,0.0,8192,https://api2.aigcbest.top/v1,"判断结果：错误  
解释：根据子类关系语义规则，participant的所有实例应属于borrower，但常识上参与者不一定是借阅者，存在语义冲突。",0,1,
sample_0319,subPropertyOf,participant ⊑p recipient,0,qwen-max-0125,0.0,8192,https://api2.aigcbest.top/v1,"判断结果：错误  
解释：根据子类关系语义规则，participant的所有实例应属于recipient，但常识中参与者（participant）和接收者（recipient）并不具有这种包含关系。",0,1,
sample_0320,subPropertyOf,hasName ⊑p legalName,0,qwen-max-0125,0.0,8192,https://api2.aigcbest.top/v1,"判断结果：错误  
解释：根据子属性关系语义规则，hasName的所有关联资源对必须满足legalName关系，但常识上hasName的含义更广，可能包含非正式名称，因此不符合语义规则。",0,1,
sample_0321,subPropertyOf,hasRepresentation ⊑p inChI,0,qwen-max-0125,0.0,8192,https://api2.aigcbest.top/v1,"判断结果：错误  
解释：根据子属性关系语义规则，hasRepresentation的所有关联资源对必须满足inChI关系，但常识上两者无明显关联，可能存在语义冲突。",0,1,
sample_0322,subPropertyOf,location ⊑p fromLocation,0,qwen-max-0125,0.0,8192,https://api2.aigcbest.top/v1,"判断结果：错误  
解释：根据子类关系语义规则，location的所有实例应属于fromLocation，但常识上“位置”并不一定是“来源位置”的子集。",0,1,
sample_0323,subPropertyOf,isPartOf ⊑p partOfTVSeries,0,qwen-max-0125,0.0,8192,https://api2.aigcbest.top/v1,"判断结果：错误  
解释：根据子属性关系语义规则，isPartOf的所有关联资源对必须满足partOfTVSeries关系，但常识上isPartOf的语义更广泛，可能不局限于电视剧系列，因此存在语义冲突。",0,1,
sample_0324,subPropertyOf,hasLongitude ⊑p longitude,0,qwen-max-0125,0.0,8192,https://api2.aigcbest.top/v1,"判断结果：错误  
解释：根据子属性关系语义规则，hasLongitude和longitude需满足“通过hasLongitude关联的资源对也必须满足longitude关系”，但常识上longitude不是一个属性，而是一个值，因此该公理不符合语义规则。",0,1,
sample_0325,subPropertyOf,image ⊑p logo,0,qwen-max-0125,0.0,8192,https://api2.aigcbest.top/v1,"判断结果：错误  
解释：根据子类关系语义规则，image的所有实例应属于logo，但常识中图像（image）并不一定是标志（logo）。",0,1,
sample_0326,subPropertyOf,isReferencedIn ⊑p partOfInvoice,0,qwen-max-0125,0.0,8192,https://api2.aigcbest.top/v1,"判断结果：错误  
解释：根据子属性关系语义规则，isReferencedIn作为partOfInvoice的子属性需满足其所有关联资源对也符合partOfInvoice关系，但常识上“被引用”与“发票的一部分”并无必然包含关系。",0,1,
sample_0327,subPropertyOf,position ⊑p clipNumber,0,qwen-max-0125,0.0,8192,https://api2.aigcbest.top/v1,"判断结果：错误  
解释：根据子类关系语义规则，position的所有实例应属于clipNumber，但常识上位置（position）与片段编号（clipNumber）并无此类包含关系。",0,1,
sample_0328,subPropertyOf,hasLowerBound ⊑p minimumPaymentDue,0,qwen-max-0125,0.0,8192,https://api2.aigcbest.top/v1,"判断结果：错误  
解释：根据子属性关系语义规则，子属性必须继承父属性的定义域和值域，但“hasLowerBound”与“minimumPaymentDue”之间不存在明确的继承关系，且不符合常识。",0,1,
sample_0329,subPropertyOf,competitor ⊑p awayTeam,0,qwen-max-0125,0.0,8192,https://api2.aigcbest.top/v1,"判断结果：错误  
解释：根据子类关系语义规则，类“competitor”的所有实例应属于类“awayTeam”，但常识上“competitor”并不一定都是“awayTeam”的成员，因此存在语义冲突。",0,1,
sample_0330,subPropertyOf,result ⊑p resultReview,0,qwen-max-0125,0.0,8192,https://api2.aigcbest.top/v1,"判断结果：错误  
解释：根据子类关系语义规则，result的所有实例应属于resultReview，但常识上“结果”不一定是“结果评论”，存在语义冲突。",0,1,
sample_0331,subPropertyOf,material ⊑p surface,0,qwen-max-0125,0.0,8192,https://api2.aigcbest.top/v1,"判断结果：错误  
解释：根据子类关系语义规则，material的所有实例应属于surface，但常识上材料（material）并非总是表面（surface）的一部分或特例。",0,1,
sample_0332,subPropertyOf,hasDefinedTerm ⊑p hasCategoryCode,0,qwen-max-0125,0.0,8192,https://api2.aigcbest.top/v1,"判断结果：错误  
解释：根据子属性关系语义规则，hasDefinedTerm的所有关联资源对必须满足hasCategoryCode关系，但此公理未提供足够的信息证明该关系成立且可能存在语义冲突。",0,1,
sample_0333,subPropertyOf,creator ⊑p legislationPassedBy,0,qwen-max-0125,0.0,8192,https://api2.aigcbest.top/v1,"判断结果：错误  
解释：根据子属性关系语义规则，子属性的使用需满足父属性的关系，但“creator”与“legislationPassedBy”之间不存在合理的子属性语义关联。",0,1,
sample_0334,subPropertyOf,duration ⊑p handlingTime,0,qwen-max-0125,0.0,8192,https://api2.aigcbest.top/v1,"判断结果：错误  
解释：根据子属性关系语义规则，子属性的使用需满足父属性的关系，但“duration”和“handlingTime”之间不存在明确的子属性语义关联。",0,1,
sample_0335,subPropertyOf,genre ⊑p legislationType,0,qwen-max-0125,0.0,8192,https://api2.aigcbest.top/v1,"判断结果：错误  
解释：根据子类关系语义规则，genre的所有实例应属于legislationType，但常识上“genre”通常表示类型或风格，与“legislationType”（立法类型）无直接包含关系，存在明显语义冲突。",0,1,
sample_0336,subPropertyOf,identifiedBy ⊑p nsn,0,qwen-max-0125,0.0,8192,https://api2.aigcbest.top/v1,"判断结果：错误  
解释：公理未明确类型且不符合RDFS语义规则的任何一种形式。",0,1,
sample_0337,subPropertyOf,hasAddress ⊑p servicePhone,0,qwen-max-0125,0.0,8192,https://api2.aigcbest.top/v1,"判断结果：错误  
解释：根据子属性关系语义规则，hasAddress和servicePhone之间不存在合理的子属性关系，且不符合常识。",0,1,
sample_0338,subPropertyOf,legislationChanges ⊑p legislationCommences,0,qwen-max-0125,0.0,8192,https://api2.aigcbest.top/v1,"判断结果：错误  
解释：根据子属性关系语义规则，如果属性P是属性Q的子属性，则任意通过P关联的资源对也必须满足Q关系，但“legislationChanges”和“legislationCommences”在常识上并无明显的包含或继承关系。",0,1,
sample_0339,subPropertyOf,exemplifies ⊑p isVariantOf,0,qwen-max-0125,0.0,8192,https://api2.aigcbest.top/v1,"判断结果：错误  
解释：根据子属性关系语义规则，子属性关联的资源对必须满足父属性关系，但“exemplifies”和“isVariantOf”在常识上不具备这种语义约束。",0,1,
sample_0340,subPropertyOf,identifier ⊑p productID,0,qwen-max-0125,0.0,8192,https://api2.aigcbest.top/v1,"判断结果：错误  
解释：根据子属性关系语义规则，子属性应继承父属性的定义域和值域，但此处“identifier”与“productID”无明确继承关系且不符合常识。",0,1,
sample_0341,subPropertyOf,recipient ⊑p toRecipient,0,qwen-max-0125,0.0,8192,https://api2.aigcbest.top/v1,"判断结果：错误  
解释：根据子类关系语义规则，子类的所有实例必须属于父类，但“recipient”和“toRecipient”之间的关系未明确符合此规则且缺乏常识支持。",0,1,
sample_0342,subPropertyOf,actor ⊑p readBy,0,qwen-max-0125,0.0,8192,https://api2.aigcbest.top/v1,"判断结果：错误  
解释：根据子类关系语义规则，actor作为类无法直接成为属性readBy的子类，违反了RDFS语义规则。",0,1,
sample_0343,subPropertyOf,hasAddress ⊑p paymentUrl,0,qwen-max-0125,0.0,8192,https://api2.aigcbest.top/v1,"判断结果：错误  
解释：根据子属性关系（subPropertyOf）语义规则，hasAddress和paymentUrl之间不存在合理的语义关联，且不符合常识。",0,1,
sample_0344,subPropertyOf,dateCreated ⊑p legislationDate,0,qwen-max-0125,0.0,8192,https://api2.aigcbest.top/v1,"判断结果：错误  
解释：根据子属性关系语义规则，dateCreated和legislationDate之间没有明确的层级或包含关系，且常识上两者表达不同的时间概念，无法成立子属性关系。",0,1,
sample_0345,subPropertyOf,publishingPrinciples ⊑p unnamedSourcesPolicy,0,qwen-max-0125,0.0,8192,https://api2.aigcbest.top/v1,"判断结果：错误  
解释：根据子类关系语义规则，子类的所有实例必须属于父类，但“publishingPrinciples”和“unnamedSourcesPolicy”之间不存在明显的包含关系，且不符合常识。",0,1,
sample_0346,subPropertyOf,hasRepresentation ⊑p hasBioPolymerSequence,0,qwen-max-0125,0.0,8192,https://api2.aigcbest.top/v1,"判断结果：错误  
解释：根据子属性关系语义规则，hasRepresentation的所有关联资源对必须满足hasBioPolymerSequence关系，但“表示”与“生物聚合物序列”之间不存在明显的子属性语义联系。",0,1,
sample_0347,subPropertyOf,hasCurrency ⊑p priceCurrency,0,qwen-max-0125,0.0,8192,https://api2.aigcbest.top/v1,"判断结果：错误  
解释：根据子属性关系语义规则，hasCurrency和priceCurrency之间没有明确的上下位关系，且常识上两者并不具备子属性逻辑。",0,1,
sample_0348,subPropertyOf,location ⊑p itemLocation,0,qwen-max-0125,0.0,8192,https://api2.aigcbest.top/v1,"判断结果：错误  
解释：根据子类关系语义规则，location的所有实例应属于itemLocation，但常识上location通常表示位置，而itemLocation可能特指物品的位置，二者并无必然的子类关系。",0,1,
sample_0349,subPropertyOf,spatialCoverage ⊑p legislationJurisdiction,0,qwen-max-0125,0.0,8192,https://api2.aigcbest.top/v1,"判断结果：错误  
解释：根据子属性关系语义规则，子属性的使用需满足父属性的关系，但“spatialCoverage”表示空间覆盖范围，而“legislationJurisdiction”表示立法管辖范围，二者语义不符。",0,1,
sample_0350,subPropertyOf,identifier ⊑p duns,0,qwen-max-0125,0.0,8192,https://api2.aigcbest.top/v1,"判断结果：错误  
解释：根据子类关系语义规则，子类的所有实例必须属于父类，但“identifier”和“duns”之间不存在合理的子类关系，且不符合常识。",0,1,
sample_0351,subPropertyOf,hasRegistrationIdentifier ⊑p certificationIdentification,0,qwen-max-0125,0.0,8192,https://api2.aigcbest.top/v1,"判断结果：错误  
解释：根据子属性关系语义规则，hasRegistrationIdentifier的所有关联资源对必须满足certificationIdentification关系，但常识上注册标识符与认证标识符未必等价或存在明确的子属性关系。",0,1,
sample_0352,subPropertyOf,description ⊑p sha256,0,qwen-max-0125,0.0,8192,https://api2.aigcbest.top/v1,"判断结果：错误  
解释：根据子类关系语义规则，description的所有实例应属于sha256，但常识上description通常表示描述文本，与哈希值sha256无直接子类关系。",0,1,
sample_0353,subPropertyOf,hasUpperBound ⊑p maxPrice,0,qwen-max-0125,0.0,8192,https://api2.aigcbest.top/v1,"判断结果：错误  
解释：根据子属性关系语义规则，hasUpperBound作为maxPrice的子属性需满足其所有关联资源对也符合maxPrice关系，但常识上两者语义不匹配。",0,1,
sample_0354,subPropertyOf,identifier ⊑p confirmationNumber,0,qwen-max-0125,0.0,8192,https://api2.aigcbest.top/v1,"判断结果：错误  
解释：根据子类关系语义规则，子类的所有实例必须属于父类，但“identifier”和“confirmationNumber”在常识上不存在这种层级关系。",0,1,
sample_0355,subPropertyOf,hasDesignation ⊑p brand,0,qwen-max-0125,0.0,8192,https://api2.aigcbest.top/v1,"判断结果：错误  
解释：根据子属性关系语义规则，hasDesignation的所有关联资源对必须满足brand关系，但常识上“指定”与“品牌”并无必然子属性关系。",0,1,
sample_0356,subPropertyOf,hasDate ⊑p orderDate,0,qwen-max-0125,0.0,8192,https://api2.aigcbest.top/v1,"判断结果：错误  
解释：根据子属性关系语义规则，hasDate的所有关联资源对必须满足orderDate关系，但常识上hasDate和orderDate可能并无明确的子属性关系。",0,1,
sample_0357,subPropertyOf,description ⊑p originalMediaContextDescription,0,qwen-max-0125,0.0,8192,https://api2.aigcbest.top/v1,"判断结果：错误  
解释：根据子类关系语义规则，description的所有实例应属于originalMediaContextDescription，但常识上两者并无明确的包含关系。",0,1,
sample_0358,subPropertyOf,identifier ⊑p gtin8,0,qwen-max-0125,0.0,8192,https://api2.aigcbest.top/v1,"判断结果：错误  
解释：根据子类关系语义规则，子类的所有实例必须属于父类，但“identifier”和“gtin8”之间不存在此类层级关系，且不符合常识。",0,1,
sample_0359,subPropertyOf,gtin ⊑p gtin8,0,qwen-max-0125,0.0,8192,https://api2.aigcbest.top/v1,"判断结果：错误  
解释：根据子类关系语义规则，gtin的所有实例应属于gtin8，但常识上gtin8是gtin的一个特定类型，而非其父类，因此违反语义规则。",0,1,
sample_0360,subPropertyOf,publishingPrinciples ⊑p actionableFeedbackPolicy,0,qwen-max-0125,0.0,8192,https://api2.aigcbest.top/v1,"判断结果：错误  
解释：根据子类关系语义规则，publishingPrinciples的所有实例应属于actionableFeedbackPolicy，但常识上两者无明显包含关系，可能存在语义冲突。",0,1,
sample_0361,domain,domain(price) = Place,0,qwen-max-0125,0.0,8192,https://api2.aigcbest.top/v1,"判断结果：错误  
解释：根据定义域语义规则，属性price的主体应与商品或服务相关，而不是地点（Place），这与常识不符。",0,1,
sample_0362,domain,domain(cvdNumBeds) = Service,0,qwen-max-0125,0.0,8192,https://api2.aigcbest.top/v1,"判断结果：错误  
解释：根据定义域语义规则，使用属性cvdNumBeds的主体必须属于类Service，但常识上病床数量（cvdNumBeds）更可能与医院或病房相关，而非服务（Service）。",0,1,
sample_0363,domain,domain(screenshot) = CDCPMDRecord,0,qwen-max-0125,0.0,8192,https://api2.aigcbest.top/v1,"判断结果：错误  
解释：根据定义域语义规则，使用属性screenshot的主体必须属于类CDCPMDRecord，但常识中截图行为的主体通常不是特定记录类。",0,1,
sample_0364,domain,domain(activeIngredient) = LiveBlogPosting,0,qwen-max-0125,0.0,8192,https://api2.aigcbest.top/v1,"判断结果：错误  
解释：根据RDFS语义规则，属性activeIngredient的定义域应为与其相关的实体类（如药物或化学物质），而不是LiveBlogPosting，明显不符合常识和语义规则。",0,1,
sample_0365,domain,domain(performer) = Person,0,qwen-max-0125,0.0,8192,https://api2.aigcbest.top/v1,"判断结果：正确  
解释：根据定义域语义规则，属性performer的主体必须属于类Person，符合语义规则且与常识一致。",1,0,
sample_0366,domain,domain(legislationType) = MerchantReturnPolicySeasonalOverride,0,qwen-max-0125,0.0,8192,https://api2.aigcbest.top/v1,"判断结果：错误  
解释：根据定义域语义规则，属性的定义域应为一个类，而“MerchantReturnPolicySeasonalOverride”看起来更像是一个具体实例而非类。",0,1,
sample_0367,domain,domain(memberOf) = HowTo,0,qwen-max-0125,0.0,8192,https://api2.aigcbest.top/v1,"判断结果：错误  
解释：根据定义域语义规则，使用memberOf属性的主体必须属于类HowTo，但常识中“成员”关系通常与组织或集合相关，而非“HowTo”类型。",0,1,
sample_0368,domain,domain(serviceArea) = Organization,0,qwen-max-0125,0.0,8192,https://api2.aigcbest.top/v1,"判断结果：错误  
解释：根据定义域语义规则，使用属性serviceArea的主体应属于类Organization，但常识上服务区域通常与地理区域相关，而非组织。",0,1,
sample_0369,domain,domain(step) = Action,0,qwen-max-0125,0.0,8192,https://api2.aigcbest.top/v1,"判断结果：错误  
解释：根据定义域语义规则，使用属性step的主体必须属于类Action，但常识中“步骤”通常与过程或事件相关，而非直接属于“动作”类。",0,1,
sample_0370,domain,domain(practicesAt) = MenuItem,0,qwen-max-0125,0.0,8192,https://api2.aigcbest.top/v1,"判断结果：错误  
解释：根据定义域语义规则，使用属性practicesAt的主体应属于类MenuItem，但常识上MenuItem通常作为客体而非主体，因此存在语义冲突。",0,1,
sample_0371,domain,domain(penciler) = Legislation,0,qwen-max-0125,0.0,8192,https://api2.aigcbest.top/v1,"判断结果：错误  
解释：根据定义域语义规则，属性penciler的主体应属于类Legislation，但常识上“penciler”（铅笔使用者或起草者）与“Legislation”（立法）无直接关联，存在明显语义冲突。",0,1,
sample_0372,domain,domain(countryOfOrigin) = MusicRecording,0,qwen-max-0125,0.0,8192,https://api2.aigcbest.top/v1,"判断结果：错误  
解释：根据定义域语义规则，使用属性countryOfOrigin的主体应属于类MusicRecording，但常识上“起源国家”通常与音乐录制无关，而更可能与艺术家或作品相关，因此存在语义冲突。",0,1,
sample_0373,domain,domain(numConstraints) = ShippingConditions,0,qwen-max-0125,0.0,8192,https://api2.aigcbest.top/v1,"判断结果：错误  
解释：根据定义域语义规则，使用numConstraints属性的主体必须属于ShippingConditions类，但常识上numConstraints通常与数量限制相关，而ShippingConditions表示运输条件，二者无直接关联，存在语义冲突。",0,1,
sample_0374,domain,domain(attendee) = SoftwareApplication,0,qwen-max-0125,0.0,8192,https://api2.aigcbest.top/v1,"判断结果：错误  
解释：根据定义域语义规则，属性“attendee”的主体应属于类“SoftwareApplication”，但常识上“attendee”通常指人或参与者，与“SoftwareApplication”不符，存在明显语义冲突。",0,1,
sample_0375,domain,domain(letterer) = CDCPMDRecord,0,qwen-max-0125,0.0,8192,https://api2.aigcbest.top/v1,"判断结果：错误  
解释：根据定义域语义规则，使用属性letterer的主体必须属于类CDCPMDRecord，但letterer通常描述的是“写信者”或“通信者”，与CDCPMDRecord无明显关联，存在语义冲突。",0,1,
sample_0376,domain,domain(cvdFacilityCounty) = Legislation,0,qwen-max-0125,0.0,8192,https://api2.aigcbest.top/v1,"判断结果：错误  
解释：根据定义域语义规则，使用属性cvdFacilityCounty的主体应属于类Legislation，但常识上“设施所在县”与“立法”无直接关联，存在语义冲突。",0,1,
sample_0377,domain,domain(merchantReturnDays) = VisualArtwork,0,qwen-max-0125,0.0,8192,https://api2.aigcbest.top/v1,"判断结果：错误  
解释：属性merchantReturnDays的定义域为VisualArtwork，但根据常识，merchantReturnDays更可能与商业交易相关，而非视觉艺术作品。",0,1,
sample_0378,domain,domain(birthPlace) = MerchantReturnPolicySeasonalOverride,0,qwen-max-0125,0.0,8192,https://api2.aigcbest.top/v1,"判断结果：错误  
解释：属性birthPlace的定义域应为与出生地相关的类（如Person），而MerchantReturnPolicySeasonalOverride明显不符合常识和语义规则。",0,1,
sample_0379,domain,domain(width) = HotelRoom,0,qwen-max-0125,0.0,8192,https://api2.aigcbest.top/v1,"判断结果：错误  
解释：根据定义域语义规则，使用属性width的主体必须属于HotelRoom类，但常识中width通常用于描述宽度，与HotelRoom无必然关联，存在语义冲突。",0,1,
sample_0380,domain,domain(coverageEndTime) = GeoCoordinates,0,qwen-max-0125,0.0,8192,https://api2.aigcbest.top/v1,"判断结果：错误  
解释：属性coverageEndTime的定义域为GeoCoordinates不符合语义规则，因为coverageEndTime通常与时间相关，而GeoCoordinates表示地理坐标，二者语义不符。",0,1,
sample_0381,domain,domain(status) = CDCPMDRecord,0,qwen-max-0125,0.0,8192,https://api2.aigcbest.top/v1,"判断结果：错误  
解释：根据定义域语义规则，使用属性status的主体必须属于类CDCPMDRecord，但常识中status通常用于描述状态信息，与CDCPMDRecord无必然关联，可能存在语义冲突。",0,1,
sample_0382,domain,domain(industry) = Reservation,0,qwen-max-0125,0.0,8192,https://api2.aigcbest.top/v1,"判断结果：错误  
解释：根据定义域语义规则，使用属性industry的主体必须属于类Reservation，但常识上“行业”属性通常与企业或组织相关，而非预订（Reservation）。",0,1,
sample_0383,domain,domain(slogan) = ConstraintNode,0,qwen-max-0125,0.0,8192,https://api2.aigcbest.top/v1,"判断结果：错误  
解释：根据定义域语义规则，使用属性slogan的主体应属于ConstraintNode类，但常识中slogan通常用于描述实体（如组织或品牌），与ConstraintNode无直接关联，存在语义冲突。",0,1,
sample_0384,domain,domain(diversityStaffingReport) = WriteAction,0,qwen-max-0125,0.0,8192,https://api2.aigcbest.top/v1,"判断结果：错误  
解释：根据定义域语义规则，使用属性diversityStaffingReport的主体必须属于类WriteAction，但常识上“撰写多样性人员报告”与“写入动作”之间不存在直接关联，语义冲突明显。",0,1,
sample_0385,domain,domain(handlingTime) = DeliveryTimeSettings,0,qwen-max-0125,0.0,8192,https://api2.aigcbest.top/v1,"判断结果：错误  
解释：根据定义域语义规则，使用属性handlingTime的主体应属于类DeliveryTimeSettings，但常识上“处理时间”通常与订单或物流相关，而非直接与配送时间设置相关，可能存在语义冲突。",0,1,
sample_0386,domain,domain(weight) = MenuItem,0,qwen-max-0125,0.0,8192,https://api2.aigcbest.top/v1,"判断结果：错误  
解释：根据定义域语义规则，使用属性weight的主体必须属于类MenuItem，但常识中“重量”通常与物理对象相关，而非菜单项。",0,1,
sample_0387,domain,domain(contactPoint) = EducationalOccupationalProgram,0,qwen-max-0125,0.0,8192,https://api2.aigcbest.top/v1,"判断结果：错误  
解释：根据定义域语义规则，使用contactPoint属性的主体应属于EducationalOccupationalProgram类，但常识中contactPoint通常用于表示联系信息，与EducationalOccupationalProgram无直接关联，存在语义冲突。",0,1,
sample_0388,domain,domain(funding) = MerchantReturnPolicySeasonalOverride,0,qwen-max-0125,0.0,8192,https://api2.aigcbest.top/v1,"判断结果：错误  
解释：根据定义域语义规则，使用属性funding的主体应属于类MerchantReturnPolicySeasonalOverride，但常识上funding通常与资金相关，而MerchantReturnPolicySeasonalOverride与退货政策相关，存在明显语义冲突。",0,1,
sample_0389,domain,domain(price) = SoftwareSourceCode,0,qwen-max-0125,0.0,8192,https://api2.aigcbest.top/v1,"判断结果：错误  
解释：根据定义域语义规则，使用price属性的主体应属于SoftwareSourceCode类，但常识中价格通常与商品或服务相关，而非直接与软件源代码相关。",0,1,
sample_0390,domain,domain(eligibleRegion) = MusicRecording,0,qwen-max-0125,0.0,8192,https://api2.aigcbest.top/v1,"判断结果：错误  
解释：根据定义域语义规则，eligibleRegion的主体应属于MusicRecording，但常识上“区域”与“音乐录制”无直接关联，存在语义冲突。",0,1,
sample_0391,domain,domain(typicalCreditsPerTerm) = LiveBlogPosting,0,qwen-max-0125,0.0,8192,https://api2.aigcbest.top/v1,"判断结果：错误  
解释：属性typicalCreditsPerTerm的定义域被指定为LiveBlogPosting，但根据常识，学分通常与教育相关类（如Course或EducationalOrganization）关联，而非LiveBlogPosting，存在明显语义冲突。",0,1,
sample_0392,domain,domain(height) = Offer,0,qwen-max-0125,0.0,8192,https://api2.aigcbest.top/v1,"判断结果：错误  
解释：属性height的定义域为Offer不符合常识，因为高度通常与物理对象相关，而不是与报价（Offer）相关。",0,1,
sample_0393,domain,domain(runtimePlatform) = ComicStory,0,qwen-max-0125,0.0,8192,https://api2.aigcbest.top/v1,"判断结果：错误  
解释：根据定义域语义规则，使用属性runtimePlatform的主体必须属于类ComicStory，但常识上“运行平台”通常与软件或技术相关，而非漫画故事。",0,1,
sample_0394,domain,domain(hasDefinedTerm) = DeliveryTimeSettings,0,qwen-max-0125,0.0,8192,https://api2.aigcbest.top/v1,"判断结果：错误  
解释：根据定义域语义规则，使用hasDefinedTerm属性的主体必须属于DeliveryTimeSettings类，但常识上“定义术语”的主体通常不是“配送时间设置”。",0,1,
sample_0395,domain,domain(numAdults) = ShippingConditions,0,qwen-max-0125,0.0,8192,https://api2.aigcbest.top/v1,"判断结果：错误  
解释：根据定义域语义规则，属性numAdults的主体应属于类ShippingConditions，但常识上numAdults通常与人数相关，而ShippingConditions更可能与运输条件相关，存在明显语义冲突。",0,1,
sample_0396,domain,domain(restockingFee) = ShippingService,0,qwen-max-0125,0.0,8192,https://api2.aigcbest.top/v1,"判断结果：错误  
解释：根据定义域语义规则，使用restockingFee属性的主体应属于ShippingService类，但常识上restockingFee更可能与商品或订单相关，而非运输服务。",0,1,
sample_0397,domain,domain(educationalProgramMode) = LiveBlogPosting,0,qwen-max-0125,0.0,8192,https://api2.aigcbest.top/v1,"判断结果：错误  
解释：根据定义域语义规则，使用属性educationalProgramMode的主体应属于类LiveBlogPosting，但常识上教育计划模式与博客发布无直接关联，存在语义冲突。",0,1,
sample_0398,domain,domain(accountablePerson) = IndividualPhysician,0,qwen-max-0125,0.0,8192,https://api2.aigcbest.top/v1,"判断结果：错误  
解释：根据定义域语义规则，使用属性accountablePerson的主体必须属于类IndividualPhysician，但常识上accountablePerson可能适用于更广泛的主体，而不仅限于IndividualPhysician。",0,1,
sample_0399,domain,domain(occupancy) = VisualArtwork,0,qwen-max-0125,0.0,8192,https://api2.aigcbest.top/v1,"判断结果：错误  
解释：根据定义域语义规则，使用occupancy属性的主体应属于VisualArtwork类，但常识上occupancy更可能与空间或建筑相关，而非视觉艺术作品。",0,1,
sample_0400,domain,domain(petsAllowed) = ShippingService,0,qwen-max-0125,0.0,8192,https://api2.aigcbest.top/v1,"判断结果：错误  
解释：根据定义域语义规则，属性“petsAllowed”的主体应属于类“ShippingService”，但常识上“petsAllowed”更可能与住宿或运输服务相关，而非直接限定为“ShippingService”。",0,1,
sample_0401,domain,domain(suitableForDiet) = Organization,0,qwen-max-0125,0.0,8192,https://api2.aigcbest.top/v1,"判断结果：错误  
解释：属性suitableForDiet的定义域为Organization，但根据常识，饮食建议通常与个人或生物相关，而非组织。",0,1,
sample_0402,domain,domain(reservationFor) = Legislation,0,qwen-max-0125,0.0,8192,https://api2.aigcbest.top/v1,"判断结果：错误  
解释：根据定义域语义规则，使用reservationFor属性的主体应属于Legislation类，但常识上“预订（reservation）”通常与活动或资源相关，而非立法（Legislation）。",0,1,
sample_0403,domain,domain(width) = PriceSpecification,0,qwen-max-0125,0.0,8192,https://api2.aigcbest.top/v1,"判断结果：错误  
解释：根据定义域语义规则，使用属性width的主体应属于PriceSpecification类，但常识中width通常描述物理尺寸，与价格规范无直接关联，存在语义冲突。",0,1,
sample_0404,domain,domain(inAlbum) = Organization,0,qwen-max-0125,0.0,8192,https://api2.aigcbest.top/v1,"判断结果：错误  
解释：根据定义域语义规则，使用inAlbum属性的主体应属于Organization类，但常识上“inAlbum”更可能与音乐或媒体相关，而非组织。",0,1,
sample_0405,domain,domain(isBasedOn) = Product,0,qwen-max-0125,0.0,8192,https://api2.aigcbest.top/v1,"判断结果：错误  
解释：根据定义域语义规则，使用属性isBasedOn的主体必须属于类Product，但常识中“基于某物”并不限于产品，可能包括概念、理论等，因此存在语义冲突。",0,1,
sample_0406,domain,domain(latitude) = Product,0,qwen-max-0125,0.0,8192,https://api2.aigcbest.top/v1,"判断结果：错误  
解释：纬度（latitude）属性的定义域通常应为地理实体或位置类，而非“产品（Product）”类，这与常识和语义规则不符。",0,1,
sample_0407,domain,domain(weight) = GeoCoordinates,0,qwen-max-0125,0.0,8192,https://api2.aigcbest.top/v1,"判断结果：错误  
解释：根据定义域语义规则，使用属性weight的主体应属于GeoCoordinates类，但常识中weight通常用于描述物体的重量，与地理坐标无直接关联，存在明显语义冲突。",0,1,
sample_0408,domain,domain(medicalSpecialty) = MediaObject,0,qwen-max-0125,0.0,8192,https://api2.aigcbest.top/v1,"判断结果：错误  
解释：根据定义域语义规则，使用属性medicalSpecialty的主体应属于类MediaObject，但常识上medicalSpecialty的主体更可能是医疗专业人员或医疗机构，而非媒体对象。",0,1,
sample_0409,domain,domain(contactPoint) = SoftwareApplication,0,qwen-max-0125,0.0,8192,https://api2.aigcbest.top/v1,"判断结果：错误  
解释：根据定义域语义规则，使用contactPoint属性的主体应属于SoftwareApplication类，但常识中contactPoint通常用于描述实体（如人或组织）的联系方式，与SoftwareApplication无直接关联。",0,1,
sample_0410,domain,domain(hasCertification) = DefinedTermSet,0,qwen-max-0125,0.0,8192,https://api2.aigcbest.top/v1,"判断结果：错误  
解释：根据定义域语义规则，使用hasCertification属性的主体必须属于DefinedTermSet类，但常识中“拥有认证”的主体通常不是“定义术语集”，存在明显语义冲突。",0,1,
sample_0411,domain,domain(estimatedSalary) = MenuItem,0,qwen-max-0125,0.0,8192,https://api2.aigcbest.top/v1,"判断结果：错误  
解释：属性estimatedSalary的定义域为MenuItem不符合常识，因为估计薪资通常与人或职位相关，而非菜单项。",0,1,
sample_0412,domain,domain(inLanguage) = Service,0,qwen-max-0125,0.0,8192,https://api2.aigcbest.top/v1,"判断结果：错误  
解释：根据定义域语义规则，使用inLanguage属性的主体应属于类Service，但常识中inLanguage通常用于描述资源的语言属性，与服务类无直接关联。",0,1,
sample_0413,domain,domain(correctionsPolicy) = PriceSpecification,0,qwen-max-0125,0.0,8192,https://api2.aigcbest.top/v1,"判断结果：错误  
解释：根据定义域语义规则，使用correctionsPolicy属性的主体应属于PriceSpecification类，但常识上correctionsPolicy通常与政策或文本相关，而非价格规范。",0,1,
sample_0414,domain,domain(measurementMethod) = Legislation,0,qwen-max-0125,0.0,8192,https://api2.aigcbest.top/v1,"判断结果：错误  
解释：根据定义域语义规则，使用measurementMethod属性的主体应属于Legislation类，但常识上“测量方法”通常与实验或技术相关，而非立法领域，存在明显语义冲突。",0,1,
sample_0415,domain,domain(endTime) = Reservation,0,qwen-max-0125,0.0,8192,https://api2.aigcbest.top/v1,"判断结果：错误  
解释：根据定义域语义规则，使用endTime属性的主体必须属于Reservation类，但常识中endTime通常用于描述事件或时间段的结束，与Reservation无必然关联。",0,1,
sample_0416,domain,domain(shippingDestination) = MedicalStudy,0,qwen-max-0125,0.0,8192,https://api2.aigcbest.top/v1,"判断结果：错误  
解释：根据定义域语义规则，使用shippingDestination属性的主体应属于MedicalStudy类，但常识上shippingDestination通常与物流或地址相关，与医学研究无直接关联，存在明显语义冲突。",0,1,
sample_0417,domain,domain(hasMeasurement) = Place,0,qwen-max-0125,0.0,8192,https://api2.aigcbest.top/v1,"判断结果：错误  
解释：根据定义域语义规则，使用hasMeasurement属性的主体应属于Place类，但测量通常与地点无直接关联，不符合常识。",0,1,
sample_0418,domain,domain(review) = MedicalOrganization,0,qwen-max-0125,0.0,8192,https://api2.aigcbest.top/v1,"判断结果：错误  
解释：根据定义域语义规则，使用属性review的主体应属于MedicalOrganization，但常识上review的主体通常是人或用户，而非医疗机构。",0,1,
sample_0419,domain,domain(ineligibleRegion) = BioChemEntity,0,qwen-max-0125,0.0,8192,https://api2.aigcbest.top/v1,"判断结果：错误  
解释：属性ineligibleRegion的定义域被限制为BioChemEntity，但根据常识，ineligibleRegion更可能与地理或区域相关，而非生物化学实体。",0,1,
sample_0420,domain,domain(gtin14) = OfferShippingDetails,0,qwen-max-0125,0.0,8192,https://api2.aigcbest.top/v1,"判断结果：错误  
解释：根据定义域语义规则，使用属性gtin14的主体必须属于类OfferShippingDetails，但常识上gtin14（全球贸易项目代码）通常用于标识产品，而非与物流细节直接相关。",0,1,
sample_0421,range,range(adverseOutcome) = CreativeWorkSeason,0,qwen-max-0125,0.0,8192,https://api2.aigcbest.top/v1,"判断结果：错误  
解释：根据RDFS语义规则，值域（range）要求属性的客体必须属于指定类，但“adverseOutcome”的客体通常与负面事件相关，而“CreativeWorkSeason”表示创意作品的季，二者明显不符合常识和语义关系。",0,1,
sample_0422,range,range(seatingType) = DataFeedItem,0,qwen-max-0125,0.0,8192,https://api2.aigcbest.top/v1,"判断结果：错误  
解释：根据RDFS语义规则，属性的值域应为一个类，而DataFeedItem通常表示数据类型而非类，因此违反了值域定义的语义规则。",0,1,
sample_0423,range,range(subReservation) = Integer,0,qwen-max-0125,0.0,8192,https://api2.aigcbest.top/v1,"判断结果：错误  
解释：根据RDFS语义规则，值域（range）定义了属性的客体必须属于的类，而Integer不是一个合法的RDFS类，应使用rdfs:Literal或具体类表示。",0,1,
sample_0424,range,range(parents) = NutritionInformation,0,qwen-max-0125,0.0,8192,https://api2.aigcbest.top/v1,"判断结果：错误  
解释：根据值域语义规则，属性“parents”的客体应属于类“NutritionInformation”，但常识上“parents”通常指人或生物的父母，与“NutritionInformation”无直接关联，存在明显语义冲突。",0,1,
sample_0425,range,range(dataFeedElement) = QuantitativeValue,0,qwen-max-0125,0.0,8192,https://api2.aigcbest.top/v1,"判断结果：错误  
解释：根据RDFS语义规则，值域（range）要求属性的客体必须属于指定类，但“dataFeedElement”的值域定义为“QuantitativeValue”不符合常识，因为“dataFeedElement”通常用于描述数据流元素，其值域更可能是与数据项相关的类，而非“QuantitativeValue”。",0,1,
sample_0426,range,range(height) = Integer,0,qwen-max-0125,0.0,8192,https://api2.aigcbest.top/v1,"判断结果：正确  
解释：属性height的值域被定义为Integer，符合常识中身高通常用整数表示的语义规则。",1,0,
sample_0427,range,range(travelBans) = DateTime,0,qwen-max-0125,0.0,8192,https://api2.aigcbest.top/v1,"判断结果：错误  
解释：根据值域语义规则，属性travelBans的客体应属于DateTime类，但常识上travelBans通常关联的是地点或国家，而非日期时间。",0,1,
sample_0428,range,range(educationalCredentialAwarded) = PriceSpecification,0,qwen-max-0125,0.0,8192,https://api2.aigcbest.top/v1,"判断结果：错误  
解释：根据值域语义规则，属性“educationalCredentialAwarded”的客体应属于类“PriceSpecification”，但常识上教育证书（educationalCredentialAwarded）与价格规范（PriceSpecification）无直接关联，存在明显语义冲突。",0,1,
sample_0429,range,range(meetsEmissionStandard) = PublicationEvent,0,qwen-max-0125,0.0,8192,https://api2.aigcbest.top/v1,"判断结果：错误  
解释：根据RDFS语义规则，值域（range）要求属性的客体属于指定类，但“meetsEmissionStandard”的客体通常应为某种标准或规范，而非“PublicationEvent”，存在明显语义冲突。",0,1,
sample_0430,range,range(geoEquals) = Number,0,qwen-max-0125,0.0,8192,https://api2.aigcbest.top/v1,"判断结果：错误  
解释：根据RDFS语义规则，值域（range）定义了属性客体的类别，而“geoEquals”通常用于地理空间数据中的几何对象比较，其值域应为几何类型而非“Number”，存在明显语义冲突。",0,1,
sample_0431,range,range(industry) = BlogPosting,0,qwen-max-0125,0.0,8192,https://api2.aigcbest.top/v1,"判断结果：错误  
解释：根据RDFS语义规则，值域（range）定义了属性的客体必须属于的类，而“industry”通常与行业相关，其值域不应是“BlogPosting”，这明显不符合常识和语义规则。",0,1,
sample_0432,range,range(logo) = Number,0,qwen-max-0125,0.0,8192,https://api2.aigcbest.top/v1,"判断结果：错误  
解释：根据值域（range）语义规则，属性“logo”的客体应属于类“Number”，但常识上“logo”通常表示图像或标识，与数字类型不符，存在明显语义冲突。",0,1,
sample_0433,range,range(offeredBy) = DefinedTerm,0,qwen-max-0125,0.0,8192,https://api2.aigcbest.top/v1,"判断结果：错误  
解释：根据值域语义规则，属性offeredBy的客体应属于类DefinedTerm，但常识中offeredBy通常关联的是提供者（如组织或个人），与DefinedTerm无直接关联。",0,1,
sample_0434,range,range(performers) = Organization,0,qwen-max-0125,0.0,8192,https://api2.aigcbest.top/v1,"判断结果：错误  
解释：根据值域语义规则，performers的客体应为Organization，但常识中performers通常指个人或团体，不一定是组织。",0,1,
sample_0435,range,range(blogPosts) = PriceSpecification,0,qwen-max-0125,0.0,8192,https://api2.aigcbest.top/v1,"判断结果：错误  
解释：根据值域语义规则，属性blogPosts的客体应属于PriceSpecification类，但常识上blogPosts的客体更可能是博客文章而非价格规范，存在明显语义冲突。",0,1,
sample_0436,range,range(hasTiers) = DataFeedItem,0,qwen-max-0125,0.0,8192,https://api2.aigcbest.top/v1,"判断结果：错误  
解释：根据值域语义规则，属性hasTiers的客体应属于类DataFeedItem，但常识上hasTiers通常用于表示层级关系，与DataFeedItem无直接关联，存在语义冲突。",0,1,
sample_0437,range,range(season) = BlogPosting,0,qwen-max-0125,0.0,8192,https://api2.aigcbest.top/v1,"判断结果：错误  
解释：根据值域语义规则，属性season的客体应属于类BlogPosting，但常识中“季节”与“博客文章”无直接关联，存在明显语义冲突。",0,1,
sample_0438,range,range(author) = ItemList,0,qwen-max-0125,0.0,8192,https://api2.aigcbest.top/v1,"判断结果：错误  
解释：根据值域语义规则，属性author的客体应为表示作者的实体，而ItemList显然不符合常识和语义规则。",0,1,
sample_0439,range,range(ratingCount) = BlogPosting,0,qwen-max-0125,0.0,8192,https://api2.aigcbest.top/v1,"判断结果：错误  
解释：属性ratingCount的值域应为数值类型，而非BlogPosting类。",0,1,
sample_0440,range,range(genre) = PublicationEvent,0,qwen-max-0125,0.0,8192,https://api2.aigcbest.top/v1,"判断结果：错误  
解释：属性genre的值域为PublicationEvent不符合常识，因为genre通常用于描述作品的类型，其值域应为某种分类或类型类，而非PublicationEvent。",0,1,
sample_0441,range,range(diseaseSpreadStatistics) = DateTime,0,qwen-max-0125,0.0,8192,https://api2.aigcbest.top/v1,"判断结果：错误  
解释：根据值域语义规则，属性diseaseSpreadStatistics的客体应属于DateTime类，但疾病传播统计数据通常不是日期时间类型，存在明显语义冲突。",0,1,
sample_0442,range,range(exerciseCourse) = PriceSpecification,0,qwen-max-0125,0.0,8192,https://api2.aigcbest.top/v1,"判断结果：错误  
解释：根据值域语义规则，exerciseCourse的客体应属于PriceSpecification，但常识上课程与价格规范无直接关联，存在语义冲突。",0,1,
sample_0443,range,range(pathophysiology) = Integer,0,qwen-max-0125,0.0,8192,https://api2.aigcbest.top/v1,"判断结果：错误  
解释：根据RDFS语义规则，属性的值域应与其关联的实际数据类型一致，而“pathophysiology”通常与医学知识或描述性文本相关，不可能合理地限定为“Integer”。",0,1,
sample_0444,range,range(reviewedBy) = Movie,0,qwen-max-0125,0.0,8192,https://api2.aigcbest.top/v1,"判断结果：错误  
解释：根据值域语义规则，属性reviewedBy的客体应属于类Movie，但常识上reviewedBy的客体通常是人或评论者，而非电影。",0,1,
sample_0445,range,range(recipeInstructions) = Person,0,qwen-max-0125,0.0,8192,https://api2.aigcbest.top/v1,"判断结果：错误  
解释：根据值域语义规则，属性recipeInstructions的客体应为Person，但常识上菜谱说明（recipeInstructions）通常与文本或步骤相关，而非人。",0,1,
sample_0446,range,range(geographicArea) = Integer,0,qwen-max-0125,0.0,8192,https://api2.aigcbest.top/v1,"判断结果：错误  
解释：根据RDFS语义规则，属性的值域（range）定义了该属性客体所属的类，而“Integer”是一个数据类型，不是地理区域的合理值域。",0,1,
sample_0447,range,range(totalPrice) = Reservation,0,qwen-max-0125,0.0,8192,https://api2.aigcbest.top/v1,"判断结果：错误  
解释：根据值域语义规则，totalPrice的值应为数值类型，而Reservation是一个类，明显不符合常识和语义规则。",0,1,
sample_0448,range,range(nutrition) = Movie,0,qwen-max-0125,0.0,8192,https://api2.aigcbest.top/v1,"判断结果：错误  
解释：属性nutrition的值域被定义为Movie，但根据常识，nutrition（营养）与Movie（电影）之间不存在合理的语义关联，明显违反常识。",0,1,
sample_0449,range,range(dateModified) = Boolean,0,qwen-max-0125,0.0,8192,https://api2.aigcbest.top/v1,"判断结果：错误  
解释：属性dateModified的值域为Boolean不符合常识，因为修改日期通常应为日期或时间类型，而非布尔值。",0,1,
sample_0450,range,range(recipient) = PriceSpecification,0,qwen-max-0125,0.0,8192,https://api2.aigcbest.top/v1,"判断结果：错误  
解释：根据值域语义规则，属性recipient的客体应属于类PriceSpecification，但常识中recipient通常指人或组织，与PriceSpecification不符。",0,1,
sample_0451,range,range(workPresented) = DataFeedItem,0,qwen-max-0125,0.0,8192,https://api2.aigcbest.top/v1,"判断结果：错误  
解释：根据RDFS语义规则，属性的值域应与其实际使用场景相符，而“workPresented”的值域定义为“DataFeedItem”不符合常识语义，因为“workPresented”通常用于描述某种作品（如论文、报告等），而非数据馈送项。",0,1,
sample_0452,range,range(itemOffered) = Organization,0,qwen-max-0125,0.0,8192,https://api2.aigcbest.top/v1,"判断结果：错误  
解释：根据RDFS语义规则，值域（range）表示属性的客体必须属于指定类，但“itemOffered”的客体通常应为商品或服务，而非“Organization”，存在明显语义冲突。",0,1,
sample_0453,range,range(certificationIdentification) = Movie,0,qwen-max-0125,0.0,8192,https://api2.aigcbest.top/v1,"判断结果：错误  
解释：根据值域语义规则，属性`certificationIdentification`的客体应属于类`Movie`，但常识上认证标识通常与电影无关，可能存在语义冲突。",0,1,
sample_0454,range,range(numberOfBeds) = Organization,0,qwen-max-0125,0.0,8192,https://api2.aigcbest.top/v1,"判断结果：错误  
解释：属性numberOfBeds的值域应为数值类型，而不是Organization类。",0,1,
sample_0455,range,range(permissions) = Mass,0,qwen-max-0125,0.0,8192,https://api2.aigcbest.top/v1,"判断结果：错误  
解释：根据值域语义规则，permissions的客体应属于Mass类，但权限通常与质量无关，存在明显语义冲突。",0,1,
sample_0456,range,range(workTranslation) = Boolean,0,qwen-max-0125,0.0,8192,https://api2.aigcbest.top/v1,"判断结果：错误  
解释：根据RDFS语义规则，属性的值域应为一个类，而Boolean是一个数据类型，不符合值域定义的语义要求。",0,1,
sample_0457,range,range(passengerSequenceNumber) = PublicationEvent,0,qwen-max-0125,0.0,8192,https://api2.aigcbest.top/v1,"判断结果：错误  
解释：根据值域语义规则，属性passengerSequenceNumber的客体应属于PublicationEvent类，但常识上乘客序列号与出版事件无直接关联，存在明显语义冲突。",0,1,
sample_0458,range,range(estimatesRiskOf) = ImageObject,0,qwen-max-0125,0.0,8192,https://api2.aigcbest.top/v1,"判断结果：错误  
解释：根据值域语义规则，属性“estimatesRiskOf”的客体应属于类“ImageObject”，但常识上风险评估的客体通常不是图像对象，可能存在语义冲突。",0,1,
sample_0459,range,range(numAdults) = AdministrativeArea,0,qwen-max-0125,0.0,8192,https://api2.aigcbest.top/v1,"判断结果：错误  
解释：属性numAdults的值域被定义为AdministrativeArea，但根据常识，numAdults通常表示人数，其值应为数值类型而非地理区域类型，存在明显语义冲突。",0,1,
sample_0460,range,range(collectionSize) = Place,0,qwen-max-0125,0.0,8192,https://api2.aigcbest.top/v1,"判断结果：错误  
解释：属性collectionSize的值域被定义为Place，但根据常识，collectionSize通常表示集合的大小，其值应为数值类型而非地点类型，存在明显语义冲突。",0,1,
sample_0461,range,range(availableFrom) = ItemList,0,qwen-max-0125,0.0,8192,https://api2.aigcbest.top/v1,"判断结果：错误  
解释：根据值域语义规则，属性availableFrom的客体应属于ItemList，但常识中availableFrom通常关联的是时间或日期类型，而非ItemList。",0,1,
sample_0462,range,range(broadcastSubChannel) = AdministrativeArea,0,qwen-max-0125,0.0,8192,https://api2.aigcbest.top/v1,"判断结果：错误  
解释：根据值域语义规则，broadcastSubChannel的客体应与AdministrativeArea类相关，但常识上广播子频道通常不表示行政区域，存在明显语义冲突。",0,1,
sample_0463,range,range(requiresSubscription) = AboutPage,0,qwen-max-0125,0.0,8192,https://api2.aigcbest.top/v1,"判断结果：错误  
解释：根据值域语义规则，属性requiresSubscription的客体应属于类AboutPage，但常识上订阅需求通常与服务或内容相关，而非关于页面本身。",0,1,
sample_0464,range,range(producer) = Boolean,0,qwen-max-0125,0.0,8192,https://api2.aigcbest.top/v1,"判断结果：错误  
解释：属性producer的值域被定义为Boolean，但根据常识，producer通常表示“生产者”，其值应为实体或人，而非布尔值。",0,1,
sample_0465,range,range(dependencies) = Number,0,qwen-max-0125,0.0,8192,https://api2.aigcbest.top/v1,"判断结果：错误  
解释：属性dependencies的值域被定义为Number，但根据常识，dependencies通常表示依赖关系，其值更可能是资源或类，而非数字。",0,1,
sample_0466,range,range(isAccessoryOrSparePartFor) = Integer,0,qwen-max-0125,0.0,8192,https://api2.aigcbest.top/v1,"判断结果：错误  
解释：根据RDFS语义规则，属性的值域应为类，而Integer是一个数据类型，不是类，因此违反了值域定义的语义规则。",0,1,
sample_0467,range,range(fundedItem) = Place,0,qwen-max-0125,0.0,8192,https://api2.aigcbest.top/v1,"判断结果：错误  
解释：根据值域语义规则，属性fundedItem的客体应属于类Place，但常识上“资助项”通常与项目或活动相关，而非地点。",0,1,
sample_0468,range,range(ownershipFundingInfo) = MediaObject,0,qwen-max-0125,0.0,8192,https://api2.aigcbest.top/v1,"判断结果：错误  
解释：根据值域语义规则，ownershipFundingInfo的客体应属于MediaObject，但常识上所有权或资金信息通常不是媒体对象，存在语义冲突。",0,1,
sample_0469,range,range(option) = Mass,0,qwen-max-0125,0.0,8192,https://api2.aigcbest.top/v1,"判断结果：错误  
解释：根据值域语义规则，属性option的客体应属于类Mass，但常识中“option”通常表示选项或选择，与“Mass”（质量）无直接关联，存在明显语义冲突。",0,1,
sample_0470,range,range(color) = QuantitativeValue,0,qwen-max-0125,0.0,8192,https://api2.aigcbest.top/v1,"判断结果：错误  
解释：颜色（color）的值域通常应为具体的颜色值或颜色类，而不是量化值（QuantitativeValue），这与常识和语义规则不符。",0,1,
sample_0471,range,range(loanRepaymentForm) = Person,0,qwen-max-0125,0.0,8192,https://api2.aigcbest.top/v1,"判断结果：错误  
解释：根据值域（range）语义规则，loanRepaymentForm的值域被定义为Person，但贷款还款形式通常与还款方式或相关实体有关，明显不符合常识。",0,1,
sample_0472,range,range(publication) = URL,0,qwen-max-0125,0.0,8192,https://api2.aigcbest.top/v1,"判断结果：错误  
解释：根据值域语义规则，publication的值应为与出版物相关的资源，而URL仅表示网络地址，不符合常识。",0,1,
sample_0473,range,range(itinerary) = ImageObject,0,qwen-max-0125,0.0,8192,https://api2.aigcbest.top/v1,"判断结果：错误  
解释：根据RDFS语义规则，属性itinerary的值域被定义为ImageObject，但itinerary通常用于描述行程信息，与ImageObject无直接语义关联，存在明显冲突。",0,1,
sample_0474,range,range(suggestedGender) = BlogPosting,0,qwen-max-0125,0.0,8192,https://api2.aigcbest.top/v1,"判断结果：错误  
解释：属性suggestedGender的值域应为性别相关类，而不是BlogPosting，明显违反常识和语义规则。",0,1,
sample_0475,range,range(businessDays) = AboutPage,0,qwen-max-0125,0.0,8192,https://api2.aigcbest.top/v1,"判断结果：错误  
解释：根据值域（range）语义规则，属性的值域应为客体所属的类，而“businessDays”作为属性与“AboutPage”作为类之间不存在合理的语义关联，且不符合常识。",0,1,
sample_0476,range,range(targetPopulation) = DataFeedItem,0,qwen-max-0125,0.0,8192,https://api2.aigcbest.top/v1,"判断结果：错误  
解释：根据RDFS语义规则，值域（range）要求属性的客体必须属于指定类，但“targetPopulation”的值域被定义为“DataFeedItem”，这与常识中“目标人群”应关联到人口或群体类而非数据项类存在明显冲突。",0,1,
sample_0477,range,range(carbohydrateContent) = DateTime,0,qwen-max-0125,0.0,8192,https://api2.aigcbest.top/v1,"判断结果：错误  
解释：根据值域语义规则，属性的客体必须属于指定类，而“carbohydrateContent”的值域被定义为“DateTime”，这与常识冲突，因为碳水化合物含量通常是一个数值而非日期时间。",0,1,
sample_0478,range,range(bookingTime) = PublicationEvent,0,qwen-max-0125,0.0,8192,https://api2.aigcbest.top/v1,"判断结果：错误  
解释：根据RDFS语义规则，属性的值域应为该属性客体所属的类，而“bookingTime”的值通常是一个时间点或时间段，明显不符合“PublicationEvent”类的语义范围。",0,1,
sample_0479,range,range(afterMedia) = DeliveryEvent,0,qwen-max-0125,0.0,8192,https://api2.aigcbest.top/v1,"判断结果：错误  
解释：根据值域语义规则，属性“afterMedia”的客体应属于类“DeliveryEvent”，但常识上“afterMedia”更可能与媒体或事件相关，而非直接限定为“DeliveryEvent”。",0,1,
sample_0480,range,range(deliveryStatus) = AdministrativeArea,0,qwen-max-0125,0.0,8192,https://api2.aigcbest.top/v1,"判断结果：错误  
解释：根据值域语义规则，deliveryStatus的值应为AdministrativeArea的实例，但常识上deliveryStatus通常表示状态信息而非地理区域。",0,1,
