id,axiom_type,axiom_text,context_info,label,model_name,temperature,max_tokens,base_url,model_output,model_label,is_correct,error
hard_case_0002,subClassOf,Album ⊑ MusicalWork,"背景知识：
条目1：
- 名称：Album
- 类型：Class
- 简介：album

条目2：
- 名称：MusicalWork
- 类型：Class
- 简介：musical work",1,grok-4,0.0,8192,https://api2.aigcbest.top/v1,"判断结果：正确  
解释：根据背景知识，Album作为“album”类可被视为MusicalWork“musical work”类的子类，符合RDFS subClassOf语义规则的包含关系，且无明显冲突。",1.0,1.0,
hard_case_0003,subClassOf,Ambassador ⊑ Politician,"背景知识：
条目1：
- 名称：Ambassador
- 类型：Class
- 简介：An ambassador is the highest ranking diplomat that represents a nation and is usually accredited to a foreign sovereign or government, or to an international organization.

条目2：
- 名称：Politician
- 类型：Class
- 简介：politician",1,grok-4,0.0,8192,https://api2.aigcbest.top/v1,"判断结果：[正确]  
解释：[根据背景知识，大使作为代表国家的高级外交官通常属于政治家范畴，符合RDFS subClassOf语义规则中类包含关系的推理。]",1.0,1.0,
hard_case_0004,subClassOf,AmusementParkAttraction ⊑ ArchitecturalStructure,"背景知识：
条目1：
- 名称：AmusementParkAttraction
- 类型：Class
- 简介：amusement park attraction

条目2：
- 名称：ArchitecturalStructure
- 类型：Class
- 简介：An architectural structure is a human-made, free-standing, immobile outdoor construction (http://en.wikipedia.org/wiki/Architectural_structure).",1,grok-4,0.0,8192,https://api2.aigcbest.top/v1,"判断结果：[正确]  
解释：[AmusementParkAttraction作为游乐园景点，通常为人造的独立不动户外结构，符合ArchitecturalStructure的定义，因此其subClassOf关系在RDFS语义规则下合理。]",1.0,1.0,
hard_case_0006,subClassOf,Annotation ⊑ WrittenWork,"背景知识：
条目1：
- 名称：Annotation
- 类型：Class
- 简介：Annotation

条目2：
- 名称：WrittenWork
- 类型：Class
- 简介：Written work is any text written to read it (e.g.: books, newspaper, articles)",1,grok-4,0.0,8192,https://api2.aigcbest.top/v1,"判断结果：[正确]  
解释：[根据背景知识，Annotation作为一种书面注释符合WrittenWork的定义（任何写来阅读的文本），因此Annotation子类于WrittenWork符合RDFS subClassOf语义规则，无明显冲突。]",1.0,1.0,
hard_case_0010,subClassOf,Attack ⊑ SocietalEvent,"背景知识：
条目1：
- 名称：Attack
- 类型：Class
- 简介：An Attack is not necessarily part of a Military Conflict

条目2：
- 名称：SocietalEvent
- 类型：Class
- 简介：an event that is clearly different from strictly personal events",1,grok-4,0.0,8192,https://api2.aigcbest.top/v1,"判断结果：[正确]  
解释：[Attack作为一种不限于军事冲突的事件，通常涉及社会影响而非严格个人事件，符合SocietalEvent的语义定义，因此Attack是其子类在RDFS subClassOf规则下合理。]",1.0,1.0,
hard_case_0015,subClassOf,ChristianBishop ⊑ Archbishop,"背景知识：
条目1：
- 名称：ChristianBishop
- 类型：Class
- 简介：Christian Bishop

条目2：
- 名称：Archbishop
- 类型：Class
- 简介：archbishop",0,grok-4,0.0,8192,https://api2.aigcbest.top/v1,"判断结果：错误  
解释：根据常识知识，并非所有ChristianBishop（基督教主教）都是Archbishop（大主教），因此该subClassOf公理违反RDFS中子类关系的语义规则，即ChristianBishop不应被包含于Archbishop。",0.0,1.0,
hard_case_0017,subClassOf,Eukaryote ⊑ Animal,"背景知识：
条目1：
- 名称：Eukaryote
- 类型：Class
- 简介：eukaryote

条目2：
- 名称：Animal
- 类型：Class
- 简介：animal",0,grok-4,0.0,8192,https://api2.aigcbest.top/v1,"判断结果：[错误]  
解释：[根据背景知识，真核生物（Eukaryote）包括动物（Animal）以外的类别如植物，而RDFS subClassOf规则要求Eukaryote的所有实例必须是Animal的实例，这与常识和语义约束冲突。]",0.0,1.0,
hard_case_0018,subClassOf,Genre ⊑ ArtisticGenre,"背景知识：
条目1：
- 名称：Genre
- 类型：Class
- 简介：genre

条目2：
- 名称：ArtisticGenre
- 类型：Class
- 简介：Genres of art, e.g. Pointillist, Modernist",0,grok-4,0.0,8192,https://api2.aigcbest.top/v1,"判断结果：错误  
解释：根据背景知识，Genre是泛指各种类型的genre，而ArtisticGenre特指艺术领域的genre（如Pointillist、Modernist），因此Genre subClassOf ArtisticGenre违反RDFS的subClassOf语义规则，因为并非所有Genre实例都属于ArtisticGenre。",0.0,1.0,
hard_case_0019,subClassOf,GridironFootballPlayer ⊑ AmericanFootballPlayer,"背景知识：
条目1：
- 名称：GridironFootballPlayer
- 类型：Class
- 简介：Gradiron football, also called North American football, is a family of soccer team games played primarily in the United States and Canada.

条目2：
- 名称：AmericanFootballPlayer
- 类型：Class
- 简介：american football player",0,grok-4,0.0,8192,https://api2.aigcbest.top/v1,"判断结果：[错误]  
解释：根据背景知识，GridironFootballPlayer表示更广义的北美足球运动员（包括美国和加拿大），而AmericanFootballPlayer特指美国足球运动员，因此GridironFootballPlayer不能是AmericanFootballPlayer的子类，否则违反subClassOf的语义包含规则。",0.0,1.0,
hard_case_0020,subClassOf,Person ⊑ Animal,"背景知识：
条目1：
- 名称：Person
- 类型：Class
- 简介：person

条目2：
- 名称：Animal
- 类型：Class
- 简介：animal",1,grok-4,0.0,8192,https://api2.aigcbest.top/v1,"判断结果：[正确]  
解释：[根据背景知识，Person表示person，Animal表示animal，在常识中person属于animal的范畴，符合RDFS subClassOf语义规则的类包含关系，无明显冲突。]",1.0,1.0,
hard_case_0021,subClassOf,PopulatedPlace ⊑ Agglomeration,"背景知识：
条目1：
- 名称：PopulatedPlace
- 类型：Class
- 简介：As defined by the United States Geological Survey, a populated place is a place or area with clustered or scattered buildings and a permanent human population (city, settlement, town, or village) referenced with geographic coordinates (http...

条目2：
- 名称：Agglomeration
- 类型：Class
- 简介：agglomeration",0,grok-4,0.0,8192,https://api2.aigcbest.top/v1,"判断结果：[错误]  
解释：[根据背景知识，PopulatedPlace泛指有人口聚居的地点（如村庄或城市），而Agglomeration通常指城市集聚区，并非所有PopulatedPlace实例都满足Agglomeration的语义，因此该subClassOf关系与RDFS包含规则冲突。]",0.0,1.0,
hard_case_0023,subClassOf,Type ⊑ TopicalConcept,"背景知识：
条目1：
- 名称：Type
- 类型：Class
- 简介：a category within a classification system

条目2：
- 名称：TopicalConcept
- 类型：Class
- 简介：topical concept",1,grok-4,0.0,8192,https://api2.aigcbest.top/v1,"判断结果：正确  
解释：根据背景知识，Type作为分类系统中的类别可被视为TopicalConcept（主题概念）的子类，且符合RDFS subClassOf规则的包含关系，无明显语义冲突。",1.0,1.0,
hard_case_0024,subPropertyOf,Wins ⊑p rankingWins,"背景知识：
条目1：
- 名称：Wins
- 类型：Unknown
- 简介：Wins

条目2：
- 名称：rankingWins
- 类型：Property
- 简介：ranking wins",0,grok-4,0.0,8192,https://api2.aigcbest.top/v1,"判断结果：[错误]  
解释：[Wins的类型为Unknown并非明确属性，无法作为rankingWins的子属性，与RDFS subPropertyOf语义规则要求两者均为属性存在冲突。]",0.0,1.0,
hard_case_0026,subPropertyOf,averageDepth ⊑p depth,"背景知识：
条目1：
- 名称：averageDepth
- 类型：Property
- 简介：Source of the value can be declare by .

条目2：
- 名称：depth
- 类型：Property
- 简介：Is a measure of the distance between a reference height and a point underneath. The exact meaning for a place is unclear. If possible, use or to be unambiguous.",1,grok-4,0.0,8192,https://api2.aigcbest.top/v1,"判断结果：正确  
解释：根据背景知识，averageDepth作为深度的平均测量形式，其属性关系可被视为depth的子属性，符合RDFS subPropertyOf语义规则中子属性实例蕴涵父属性实例的推理。",1.0,1.0,
hard_case_0028,subPropertyOf,championInMixedDouble ⊑p championInDouble,"背景知识：
条目1：
- 名称：championInMixedDouble
- 类型：Property
- 简介：winner of a competition in the mixed double session (as in tennis)

条目2：
- 名称：championInDouble
- 类型：Property
- 简介：winner of a competition in the double session (as in tennis)",1,grok-4,0.0,8192,https://api2.aigcbest.top/v1,"判断结果：正确  
解释：根据背景知识，championInMixedDouble表示混合双打冠军，而championInDouble表示双打冠军，混合双打是双打的一种子形式，因此依据RDFS subPropertyOf语义规则，前者作为后者的子属性是合理的。",1.0,1.0,
hard_case_0030,subPropertyOf,code ⊑p brinCode,"背景知识：
条目1：
- 名称：code
- 类型：Property
- 简介：Superproperty for any designation (string, integer as string) that is meant to identify an entity within the context of a system

条目2：
- 名称：brinCode
- 类型：Property
- 简介：The code used by the Dutch Ministry of Education to identify a school (as an organisation)",0,grok-4,0.0,8192,https://api2.aigcbest.top/v1,"判断结果：错误  
解释：根据背景知识，code作为通用标识属性的superproperty，而brinCode是其特定子类型，因此code subPropertyOf brinCode违反RDFS中subPropertyOf的语义包含规则，导致通用属性被错误地包含于特定属性。",0.0,1.0,
hard_case_0031,subPropertyOf,code ⊑p codeListOfHonour,"背景知识：
条目1：
- 名称：code
- 类型：Property
- 简介：Superproperty for any designation (string, integer as string) that is meant to identify an entity within the context of a system

条目2：
- 名称：codeListOfHonour
- 类型：Property
- 简介：code on List of Honour",0,grok-4,0.0,8192,https://api2.aigcbest.top/v1,"判断结果：错误  
解释：根据背景知识，code作为superproperty应是codeListOfHonour的超属性，而公理code ⊑p codeListOfHonour颠倒了RDFS subPropertyOf的语义包含关系，导致明显冲突。",0.0,1.0,
hard_case_0032,subPropertyOf,code ⊑p codeStockExchange,"背景知识：
条目1：
- 名称：code
- 类型：Property
- 简介：Superproperty for any designation (string, integer as string) that is meant to identify an entity within the context of a system

条目2：
- 名称：codeStockExchange
- 类型：Property
- 简介：code Stock Exchange",0,grok-4,0.0,8192,https://api2.aigcbest.top/v1,"判断结果：错误  
解释：根据背景知识，code作为superproperty应是codeStockExchange的父属性，而公理code ⊑p codeStockExchange违反RDFS subPropertyOf语义规则中子属性向父属性的包含关系，导致语义冲突。",0.0,1.0,
hard_case_0033,subPropertyOf,code ⊑p cosparId,"背景知识：
条目1：
- 名称：code
- 类型：Property
- 简介：Superproperty for any designation (string, integer as string) that is meant to identify an entity within the context of a system

条目2：
- 名称：cosparId
- 类型：Property
- 简介：Described at http://en.wikipedia.org/wiki/International_Designator",0,grok-4,0.0,8192,https://api2.aigcbest.top/v1,"判断结果：错误  
解释：根据背景知识，code作为superproperty应是cosparId的父属性，而公理code ⊑p cosparId颠倒了RDFS subPropertyOf的语义包含关系，导致明显冲突。",0.0,1.0,
hard_case_0034,subPropertyOf,code ⊑p dfE,"背景知识：
条目1：
- 名称：code
- 类型：Property
- 简介：Superproperty for any designation (string, integer as string) that is meant to identify an entity within the context of a system

条目2：
- 名称：dfE
- 类型：Property
- 简介：Department for Education (UK) number of a school in England or Wales",0,grok-4,0.0,8192,https://api2.aigcbest.top/v1,"判断结果：[错误]  
解释：[code作为超级属性应包含dfE等具体标识属性，而公理code ⊑p dfE颠倒了subPropertyOf关系，导致一般标识错误蕴涵特定学校编号，与背景知识冲突。]",0.0,1.0,
hard_case_0035,subPropertyOf,code ⊑p dutchNAIdentifier,"背景知识：
条目1：
- 名称：code
- 类型：Property
- 简介：Superproperty for any designation (string, integer as string) that is meant to identify an entity within the context of a system

条目2：
- 名称：dutchNAIdentifier
- 类型：Property
- 简介：Identifier for Duch National Archive",0,grok-4,0.0,8192,https://api2.aigcbest.top/v1,"判断结果：[错误]  
解释：[根据背景知识，code作为通用标识符的superproperty，应是dutchNAIdentifier的父属性，而公理将code定义为dutchNAIdentifier的子属性，与RDFS subPropertyOf语义规则中属性层次的泛化关系相冲突。]",0.0,1.0,
hard_case_0036,subPropertyOf,code ⊑p dutchPPNCode,"背景知识：
条目1：
- 名称：code
- 类型：Property
- 简介：Superproperty for any designation (string, integer as string) that is meant to identify an entity within the context of a system

条目2：
- 名称：dutchPPNCode
- 类型：Property
- 简介：Dutch PPN code is a library cataloguing code for collection items (books, journals and the like).",0,grok-4,0.0,8192,https://api2.aigcbest.top/v1,"判断结果：[错误]  
解释：[根据背景知识，code是dutchPPNCode的超属性，而RDFS subPropertyOf规则要求子属性包含于超属性，此公理颠倒了关系导致语义冲突。]",0.0,1.0,
hard_case_0037,subPropertyOf,code ⊑p dutchWinkelID,"背景知识：
条目1：
- 名称：code
- 类型：Property
- 简介：Superproperty for any designation (string, integer as string) that is meant to identify an entity within the context of a system

条目2：
- 名称：dutchWinkelID
- 类型：Property
- 简介：Dutch Winkel ID is a code for an underground publication, as attributed by Lydia Winkel's work on the underground WW II press in the Netherlands.",0,grok-4,0.0,8192,https://api2.aigcbest.top/v1,"判断结果：错误  
解释：根据背景知识，code是通用标识属性的超级属性，而dutchWinkelID是其特定子类型，因此公理code ⊑p dutchWinkelID违反RDFS subPropertyOf语义规则中子属性向超级属性的包含关系。",0.0,1.0,
hard_case_0038,subPropertyOf,code ⊑p fdaUniiCode,"背景知识：
条目1：
- 名称：code
- 类型：Property
- 简介：Superproperty for any designation (string, integer as string) that is meant to identify an entity within the context of a system

条目2：
- 名称：fdaUniiCode
- 类型：Property
- 简介：FDA Unique Ingredient Identifier (UNII) code for a DBpedia Drug",0,grok-4,0.0,8192,https://api2.aigcbest.top/v1,"判断结果：错误  
解释：根据背景知识，code作为通用标识符的超属性（Superproperty），应使fdaUniiCode作为其特定子属性（subPropertyOf code），而公理code ⊑p fdaUniiCode颠倒了RDFS subPropertyOf的语义包含关系，导致通用属性错误地蕴涵特定属性。",0.0,1.0,
hard_case_0039,subPropertyOf,code ⊑p individualisedGnd,"背景知识：
条目1：
- 名称：code
- 类型：Property
- 简介：Superproperty for any designation (string, integer as string) that is meant to identify an entity within the context of a system

条目2：
- 名称：individualisedGnd
- 类型：Property
- 简介：GND (Gemeinsame Normdatei) is an international authority file for the organisation of personal names, subject headings and corporate bodies from catalogues. It is used mainly for documentation in libraries and archives. The GND is managed b...",0,grok-4,0.0,8192,https://api2.aigcbest.top/v1,"判断结果：[错误]
解释：[根据背景知识，code被描述为超级属性，而公理将code定义为individualisedGnd的子属性，这与RDFS中subPropertyOf的语义规则相冲突，导致语义关系倒置。]",0.0,1.0,
hard_case_0041,subPropertyOf,codeSettlement ⊑p inseeCode,"背景知识：
条目1：
- 名称：codeSettlement
- 类型：Property
- 简介：settlement code

条目2：
- 名称：inseeCode
- 类型：Property
- 简介：numerical indexing code used by the French National Institute for Statistics and Economic Studies (INSEE) to identify various entities",0,grok-4,0.0,8192,https://api2.aigcbest.top/v1,"判断结果：[错误]  
解释：[codeSettlement作为通用settlement code属性，其子属性关系⊑p指向特定法国INSEE系统的inseeCode，会导致非INSEE结算代码被错误蕴涵为INSEE代码，与背景知识中inseeCode的特定语义和RDFS subPropertyOf规则冲突。]",0.0,1.0,
hard_case_0042,subPropertyOf,colourHexCode ⊑p code,"背景知识：
条目1：
- 名称：colourHexCode
- 类型：Property
- 简介：A colour represented by its hex code (e.g.: #FF0000 or #40E0D0)

条目2：
- 名称：code
- 类型：Property
- 简介：Superproperty for any designation (string, integer as string) that is meant to identify an entity within the context of a system",1,grok-4,0.0,8192,https://api2.aigcbest.top/v1,"判断结果：[正确]  
解释：[colourHexCode作为表示颜色十六进制代码的属性，其语义符合code作为任何系统内标识字符串超属性的描述，因此根据RDFS subPropertyOf规则，colourHexCode可合理地被视为code的子属性。]",1.0,1.0,
hard_case_0046,subPropertyOf,ekatteCode ⊑p codeSettlement,"背景知识：
条目1：
- 名称：ekatteCode
- 类型：Property
- 简介：Indexing code used by the Bulgarian National Statistical Institute to identify populated places

条目2：
- 名称：codeSettlement
- 类型：Property
- 简介：settlement code",1,grok-4,0.0,8192,https://api2.aigcbest.top/v1,"判断结果：[正确]
解释：ekatteCode作为保加利亚特定定居点索引代码，可视为更一般codeSettlement的子属性，符合RDFS subPropertyOf语义规则中属性包含关系的推理，且无明显冲突。",1.0,1.0,
hard_case_0047,subPropertyOf,featuring ⊑p artist,"背景知识：
条目1：
- 名称：featuring
- 类型：Property
- 简介：Name of the second artist, apart the main artist, reserved preferently for singles, promotional singles and songs.

条目2：
- 名称：artist
- 类型：Property
- 简介：The performer or creator of the musical work.",1,grok-4,0.0,8192,https://api2.aigcbest.top/v1,"判断结果：[正确]  
解释：[根据背景知识，featuring指定第二艺术家，是artist（表演者或创作者）关系的特殊形式，符合RDFS subPropertyOf规则，其中featuring蕴涵artist。]",1.0,1.0,
hard_case_0049,subPropertyOf,followedBy ⊑p nextMission,"背景知识：
条目1：
- 名称：followedBy
- 类型：Property
- 简介：followed by

条目2：
- 名称：nextMission
- 类型：Property
- 简介：next mission",0,grok-4,0.0,8192,https://api2.aigcbest.top/v1,"判断结果：[错误]  
解释：[followedBy作为通用“后跟”属性，其语义不包含于nextMission的具体“下一个任务”属性中，违反RDFS subPropertyOf规则中子属性应为更具体关系的语义包含。]",0.0,1.0,
hard_case_0056,subPropertyOf,keyPerson ⊑p commandant,"背景知识：
条目1：
- 名称：keyPerson
- 类型：Property
- 简介：key person

条目2：
- 名称：commandant
- 类型：Property
- 简介：commandant",0,grok-4,0.0,8192,https://api2.aigcbest.top/v1,"判断结果：[错误]  
解释：keyPerson作为“key person”属性，其语义更泛化，而commandant作为“commandant”属性更具体，根据RDFS subPropertyOf规则，将keyPerson设为commandant的子属性会导致不合理的语义蕴涵，即每个key person关系均隐含commandant关系，与常识和背景知识冲突。",0.0,1.0,
hard_case_0058,subPropertyOf,maximumDepth ⊑p depth,"背景知识：
条目1：
- 名称：maximumDepth
- 类型：Property
- 简介：Source of the value can be declare by .

条目2：
- 名称：depth
- 类型：Property
- 简介：Is a measure of the distance between a reference height and a point underneath. The exact meaning for a place is unclear. If possible, use or to be unambiguous.",1,grok-4,0.0,8192,https://api2.aigcbest.top/v1,"判断结果：[正确]
解释：maximumDepth作为depth的子属性符合RDFS subPropertyOf语义规则，因为maximumDepth表示最大深度值，可被视为depth（一般深度测量）的特化，且背景知识未显示冲突。",1.0,1.0,
hard_case_0060,subPropertyOf,nextMission ⊑p followedBy,"背景知识：
条目1：
- 名称：nextMission
- 类型：Property
- 简介：next mission

条目2：
- 名称：followedBy
- 类型：Property
- 简介：followed by",1,grok-4,0.0,8192,https://api2.aigcbest.top/v1,"判断结果：[正确]  
解释：[根据背景知识，nextMission表示“下一个任务”，followedBy表示“被...跟随”，在RDFS subPropertyOf规则下，前者可作为后者的子属性，因为如果A nextMission B，则隐含A followedBy B，无明显语义冲突。]",1.0,1.0,
hard_case_0062,subPropertyOf,owningOrganisation ⊑p owner,"背景知识：
条目1：
- 名称：owningOrganisation
- 类型：Property
- 简介：owning organisation

条目2：
- 名称：owner
- 类型：Property
- 简介：Used as if meaning: owned by, has as its owner",1,grok-4,0.0,8192,https://api2.aigcbest.top/v1,"判断结果：[正确]  
解释：owningOrganisation作为“owning organisation”的属性，其语义包含于owner的“owned by, has as its owner”关系中，符合RDFS subPropertyOf规则，即如果某物有owningOrganisation，则它必然有owner。",1.0,1.0,
hard_case_0063,subPropertyOf,premiereDate ⊑p releaseDate,"背景知识：
条目1：
- 名称：premiereDate
- 类型：Property
- 简介：Date the play was first performed.

条目2：
- 名称：releaseDate
- 类型：Property
- 简介：Release date of a Work or another product (eg Aircraft or other MeansOfTransportation",1,grok-4,0.0,8192,https://api2.aigcbest.top/v1,"判断结果：[正确]  
解释：[premiereDate作为戏剧首次表演日期，可视为releaseDate（作品或产品发布日期）的特定子属性，符合RDFS subPropertyOf语义规则，无明显冲突。]",1.0,1.0,
hard_case_0068,domain,domain(academicDiscipline) = AcademicJournal,"背景知识：
条目1：
- 名称：academicDiscipline
- 类型：Property
- 简介：An academic discipline, or field of study, is a branch of knowledge that is taught and researched at the college or university level. Disciplines are defined (in part), and recognized by the academic journals in which research is published,...

条目2：
- 名称：AcademicJournal
- 类型：Class
- 简介：academic journal",1,grok-4,0.0,8192,https://api2.aigcbest.top/v1,"判断结果：[正确]
解释：[根据背景知识，academicDiscipline作为属性与AcademicJournal类相关联，用于描述期刊所属的学术学科，此domain设定符合RDFS语义规则和常识中期刊定义学科的关联，无明显冲突。]",1.0,1.0,
hard_case_0069,domain,domain(acquirementDate) = Planet,"背景知识：
条目1：
- 名称：acquirementDate
- 类型：Property
- 简介：date of acquirement

条目2：
- 名称：Planet
- 类型：Class
- 简介：planet",0,grok-4,0.0,8192,https://api2.aigcbest.top/v1,"判断结果：错误  
解释：acquirementDate作为“获取日期”属性，其域指定为Planet类不符合常识，因为行星并非可被“获取”的实体，这与RDFS domain规则要求主体属于指定类的语义约束相冲突。",0.0,1.0,
hard_case_0070,domain,domain(acquirementDate) = Ship,"背景知识：
条目1：
- 名称：acquirementDate
- 类型：Property
- 简介：date of acquirement

条目2：
- 名称：Ship
- 类型：Class
- 简介：ship",1,grok-4,0.0,8192,https://api2.aigcbest.top/v1,"判断结果：正确  
解释：acquirementDate作为获取日期的属性，其域设置为Ship类符合背景知识中Ship的语义，且RDFS domain规则允许该属性主体属于Ship类实例，无明显冲突。",1.0,1.0,
hard_case_0071,domain,domain(address) = Place,"背景知识：
条目1：
- 名称：address
- 类型：Property
- 简介：Address of something as literal. Usually Building, but we also use it for the address of a Region's or Settlement's government

条目2：
- 名称：Place
- 类型：Class
- 简介：place",1,grok-4,0.0,8192,https://api2.aigcbest.top/v1,"判断结果：[正确]  
解释：[根据背景知识，address属性通常用于Building、Region或Settlement等地方相关实体，这些实体符合Place类的语义，而RDFS domain规则要求属性的主体属于指定类，因此该公理合理无冲突。]",1.0,1.0,
hard_case_0072,domain,domain(administrativeDistrict) = EducationalInstitution,"背景知识：
条目1：
- 名称：administrativeDistrict
- 类型：Property
- 简介：administrative district

条目2：
- 名称：EducationalInstitution
- 类型：Class
- 简介：educational institution",0,grok-4,0.0,8192,https://api2.aigcbest.top/v1,"判断结果：[错误]
解释：administrativeDistrict作为行政区相关的属性，其域不应局限于EducationalInstitution类，因为根据常识，行政区属性适用于更广泛实体，而非仅教育机构，这与RDFS domain语义规则的合理约束相冲突。",0.0,1.0,
hard_case_0073,domain,domain(agency) = BaseballPlayer,"背景知识：
条目1：
- 名称：agency
- 类型：Property
- 简介：agency

条目2：
- 名称：BaseballPlayer
- 类型：Class
- 简介：baseball player",0,grok-4,0.0,8192,https://api2.aigcbest.top/v1,"判断结果：错误  
解释：根据常识知识，agency作为通用属性不应仅限于BaseballPlayer类的domain，这与RDFS domain规则中属性的语义约束存在冲突，因为背景知识未指定此类专属限制。",0.0,1.0,
hard_case_0075,domain,domain(alliance) = Airline,"背景知识：
条目1：
- 名称：alliance
- 类型：Property
- 简介：alliance

条目2：
- 名称：Airline
- 类型：Class
- 简介：airline",1,grok-4,0.0,8192,https://api2.aigcbest.top/v1,"判断结果：[正确]  
解释：[根据背景知识，alliance作为Property可与Airline类关联，其domain指定为Airline符合RDFS语义规则，表示属性的主体属于Airline类，且无明显冲突。]",1.0,1.0,
hard_case_0076,domain,domain(alliance) = BaseballPlayer,"背景知识：
条目1：
- 名称：alliance
- 类型：Property
- 简介：alliance

条目2：
- 名称：BaseballPlayer
- 类型：Class
- 简介：baseball player",0,grok-4,0.0,8192,https://api2.aigcbest.top/v1,"判断结果：[错误]
解释：根据背景知识与常识，alliance作为通用属性不应将域限制为BaseballPlayer类，否则违反RDFS domain语义规则中属性的普适性约束。",0.0,1.0,
hard_case_0077,domain,domain(aoCloassification) = Disease,"背景知识：
条目1：
- 名称：aoCloassification
- 类型：Property
- 简介：AO

条目2：
- 名称：Disease
- 类型：Class
- 简介：disease",1,grok-4,0.0,8192,https://api2.aigcbest.top/v1,"判断结果：[正确]  
解释：[背景知识中aoCloassification作为Property与AO分类相关，Disease作为Class表示疾病，根据RDFS domain规则，将其domain设置为Disease合理约束主体为疾病实例，无明显冲突。]",1.0,1.0,
hard_case_0078,domain,domain(aoCloassification) = SpaceMission,"背景知识：
条目1：
- 名称：aoCloassification
- 类型：Property
- 简介：AO

条目2：
- 名称：SpaceMission
- 类型：Class
- 简介：space mission",0,grok-4,0.0,8192,https://api2.aigcbest.top/v1,"判断结果：[错误]
解释：根据背景知识，aoCloassification属性简介为“AO”（可能指骨折分类系统），其语义与SpaceMission类（空间任务）无关，设定其domain为SpaceMission违反RDFS中domain约束的语义合理性要求。",0.0,1.0,
hard_case_0079,domain,domain(apoapsis) = Ship,"背景知识：
条目1：
- 名称：apoapsis
- 类型：Property
- 简介：apoapsis (km)

条目2：
- 名称：Ship
- 类型：Class
- 简介：ship",0,grok-4,0.0,8192,https://api2.aigcbest.top/v1,"判断结果：[错误]  
解释：[apoapsis属性描述轨道远地点（km），其域不应为Ship类（船只），因为这与RDFS domain规则要求主体属于指定类相冲突，且背景知识中Ship不涉及太空轨道概念。]",0.0,1.0,
hard_case_0081,domain,domain(archipelago) = Island,"背景知识：
条目1：
- 名称：archipelago
- 类型：Property
- 简介：archipelago

条目2：
- 名称：Island
- 类型：Class
- 简介：island",1,grok-4,0.0,8192,https://api2.aigcbest.top/v1,"判断结果：[正确]  
解释：根据背景知识，archipelago 为 Property，Island 为 Class，公理指定属性的域为 Island 类，符合 RDFS domain 语义规则且无明显冲突。",1.0,1.0,
hard_case_0082,domain,domain(archipelago) = School,"背景知识：
条目1：
- 名称：archipelago
- 类型：Property
- 简介：archipelago

条目2：
- 名称：School
- 类型：Class
- 简介：school",0,grok-4,0.0,8192,https://api2.aigcbest.top/v1,"判断结果：[错误]
解释：背景知识中archipelago作为属性与School类缺乏语义关联，且RDFS domain规则要求属性的主体类应合理约束其实例，而将“archipelago”（群岛相关）属性的domain设为School（学校）不符合常识和语义一致性。",0.0,1.0,
hard_case_0083,domain,domain(architect) = ArchitecturalStructure,"背景知识：
条目1：
- 名称：architect
- 类型：Property
- 简介：architect

条目2：
- 名称：ArchitecturalStructure
- 类型：Class
- 简介：An architectural structure is a human-made, free-standing, immobile outdoor construction (http://en.wikipedia.org/wiki/Architectural_structure).",1,grok-4,0.0,8192,https://api2.aigcbest.top/v1,"判断结果：[正确]  
解释：[根据背景知识，architect作为属性可能描述ArchitecturalStructure类实例的建筑师，RDFS domain规则要求属性的主体属于指定类，此公理合理约束主体为建筑结构。]",1.0,1.0,
hard_case_0084,domain,domain(architect) = Ship,"背景知识：
条目1：
- 名称：architect
- 类型：Property
- 简介：architect

条目2：
- 名称：Ship
- 类型：Class
- 简介：ship",0,grok-4,0.0,8192,https://api2.aigcbest.top/v1,"判断结果：[错误]  
解释：[根据常识知识，architect属性表示建筑师，通常适用于建筑或项目，而非限制主体为Ship类，这与RDFS domain规则要求主体属于指定类的语义约束冲突。]",0.0,1.0,
hard_case_0086,domain,domain(areaLand) = Island,"背景知识：
条目1：
- 名称：areaLand
- 类型：Property
- 简介：area land (m2)

条目2：
- 名称：Island
- 类型：Class
- 简介：island",0,grok-4,0.0,8192,https://api2.aigcbest.top/v1,"判断结果：错误  
解释：areaLand 属性表示土地面积，根据背景知识和 RDFS domain 规则，其主体不应仅限于 Island 类，因为常识中许多非岛屿实体也可具有土地面积，此公理不当限制了属性的适用范围。",0.0,1.0,
hard_case_0087,domain,domain(areaOfCatchment) = Lake,"背景知识：
条目1：
- 名称：areaOfCatchment
- 类型：Property
- 简介：area of catchment (m2)

条目2：
- 名称：Lake
- 类型：Class
- 简介：lake",1,grok-4,0.0,8192,https://api2.aigcbest.top/v1,"判断结果：[正确]  
解释：[根据背景知识，areaOfCatchment作为湖泊集水区面积的属性，其域指定为Lake类符合RDFS domain规则，确保属性的主体属于湖泊实例。]",1.0,1.0,
hard_case_0088,domain,domain(areaTotal) = PopulatedPlace,"背景知识：
条目1：
- 名称：areaTotal
- 类型：Property
- 简介：area total (km2)

条目2：
- 名称：PopulatedPlace
- 类型：Class
- 简介：As defined by the United States Geological Survey, a populated place is a place or area with clustered or scattered buildings and a permanent human population (city, settlement, town, or village) referenced with geographic coordinates (http...",1,grok-4,0.0,8192,https://api2.aigcbest.top/v1,"判断结果：[正确]  
解释：根据背景知识，areaTotal属性表示总面积（km²），适用于PopulatedPlace类所描述的人口密集地方如城市，而RDFS domain规则要求属性的主体属于指定类，此公理合理无冲突。",1.0,1.0,
hard_case_0089,domain,domain(argueDate) = PowerStation,"背景知识：
条目1：
- 名称：argueDate
- 类型：Property
- 简介：argue date

条目2：
- 名称：PowerStation
- 类型：Class
- 简介：power station",0,grok-4,0.0,8192,https://api2.aigcbest.top/v1,"判断结果：错误
解释：argueDate作为“argue date”属性的语义与PowerStation作为“power station”类的概念在背景知识和常识中无合理关联，违反RDFS domain规则要求属性域与主体类语义一致的约束。",0.0,1.0,
hard_case_0090,domain,domain(associatedRocket) = LaunchPad,"背景知识：
条目1：
- 名称：associatedRocket
- 类型：Property
- 简介：associated rocket

条目2：
- 名称：LaunchPad
- 类型：Class
- 简介：launch pad",1,grok-4,0.0,8192,https://api2.aigcbest.top/v1,"判断结果：[正确]  
解释：[根据背景知识，associatedRocket作为属性表示与火箭的关联，而LaunchPad作为类表示发射台，RDFS domain规则要求属性的主体属于指定类，此公理合理地将associatedRocket的域限定为LaunchPad，无明显冲突。]",1.0,1.0,
hard_case_0091,domain,domain(associatedRocket) = Saint,"背景知识：
条目1：
- 名称：associatedRocket
- 类型：Property
- 简介：associated rocket

条目2：
- 名称：Saint
- 类型：Class
- 简介：saint",0,grok-4,0.0,8192,https://api2.aigcbest.top/v1,"判断结果：错误  
解释：associatedRocket作为“关联火箭”的属性，其域设置为Saint类（圣人）在背景知识和常识中缺乏语义关联，且违反RDFS domain规则要求属性主体与类间需有合理约束。",0.0,1.0,
hard_case_0094,domain,domain(canBaggageChecked) = Station,"背景知识：
条目1：
- 名称：canBaggageChecked
- 类型：Property
- 简介：Whether bags can be checked.

条目2：
- 名称：Station
- 类型：Class
- 简介：Public transport station (eg. railway station, metro station, bus station).",1,grok-4,0.0,8192,https://api2.aigcbest.top/v1,"判断结果：[正确]  
解释：[canBaggageChecked属性表示是否可托运行李，其domain为Station类符合RDFS语义规则，因为Station作为公共交通站（如铁路站）可能涉及行李托运约束，与背景知识语义相符且无冲突。]",1.0,1.0,
hard_case_0095,domain,domain(deathDate) = Animal,"背景知识：
条目1：
- 名称：deathDate
- 类型：Property
- 简介：death date

条目2：
- 名称：Animal
- 类型：Class
- 简介：animal",1,grok-4,0.0,8192,https://api2.aigcbest.top/v1,"判断结果：正确  
解释：根据背景知识，deathDate表示死亡日期，Animal表示动物，RDFS domain规则指定属性的主体属于该类，而动物作为有生命的实体具有死亡日期，因此该公理合理。",1.0,1.0,
hard_case_0097,domain,domain(decideDate) = PowerStation,"背景知识：
条目1：
- 名称：decideDate
- 类型：Property
- 简介：decide date

条目2：
- 名称：PowerStation
- 类型：Class
- 简介：power station",0,grok-4,0.0,8192,https://api2.aigcbest.top/v1,"判断结果：[错误]  
解释：[decideDate作为“决定日期”属性，其domain指定为PowerStation（发电站）类不符合常识语义，因为发电站与决定日期无直接关联，且违反RDFS domain规则中属性主体应合理属于指定类的约束。]",0.0,1.0,
hard_case_0098,domain,domain(density) = Infrastructure,"背景知识：
条目1：
- 名称：density
- 类型：Property
- 简介：density (μ3)

条目2：
- 名称：Infrastructure
- 类型：Class
- 简介：infrastructure",0,grok-4,0.0,8192,https://api2.aigcbest.top/v1,"判断结果：错误  
解释：根据背景知识，density作为属性描述密度（μ3），其domain应为具有密度属性的实体类，而Infrastructure类代表基础设施，与密度语义无直接关联，违反RDFS domain规则的语义合理性。",0.0,1.0,
hard_case_0099,domain,domain(density) = Planet,"背景知识：
条目1：
- 名称：density
- 类型：Property
- 简介：density (μ3)

条目2：
- 名称：Planet
- 类型：Class
- 简介：planet",1,grok-4,0.0,8192,https://api2.aigcbest.top/v1,"判断结果：正确  
解释：根据背景知识，density作为属性与Planet类相关联，且RDFS domain规则允许指定属性的主体属于Planet类，无明显冲突。",1.0,1.0,
hard_case_0100,domain,domain(diameter) = Automobile,"背景知识：
条目1：
- 名称：diameter
- 类型：Property
- 简介：diameter (mm)

条目2：
- 名称：Automobile
- 类型：Class
- 简介：automobile",0,grok-4,0.0,8192,https://api2.aigcbest.top/v1,"判断结果：[错误]  
解释：背景知识中diameter作为通用属性表示直径（mm），而RDFS domain规则将其主体限制为Automobile类会与常识中直径适用于多种物体（如轮胎或圆形物体）的语义冲突，导致不合理约束。",0.0,1.0,
hard_case_0104,domain,domain(firstLaunchDate) = LaunchPad,"背景知识：
条目1：
- 名称：firstLaunchDate
- 类型：Property
- 简介：first launch date

条目2：
- 名称：LaunchPad
- 类型：Class
- 简介：launch pad",1,grok-4,0.0,8192,https://api2.aigcbest.top/v1,"判断结果：正确  
解释：根据背景知识，firstLaunchDate属性表示发射的首次日期，其domain为LaunchPad类符合RDFS语义规则，因为发射台作为主体可合理拥有首次发射日期的属性约束。",1.0,1.0,
hard_case_0105,domain,domain(firstLaunchRocket) = LaunchPad,"背景知识：
条目1：
- 名称：firstLaunchRocket
- 类型：Property
- 简介：first launch rocket

条目2：
- 名称：LaunchPad
- 类型：Class
- 简介：launch pad",1,grok-4,0.0,8192,https://api2.aigcbest.top/v1,"判断结果：[正确]  
解释：[根据背景知识，firstLaunchRocket作为属性表示发射台的首次发射火箭，其domain为LaunchPad类符合RDFS语义规则，即属性的主体应属于发射台类，这与常识中发射台具有首次发射火箭的语义关系一致，无明显冲突。]",1.0,1.0,
hard_case_0107,domain,domain(fuelTypeName) = PowerStation,"背景知识：
条目1：
- 名称：fuelTypeName
- 类型：Property
- 简介：fuel type

条目2：
- 名称：PowerStation
- 类型：Class
- 简介：power station",1,grok-4,0.0,8192,https://api2.aigcbest.top/v1,"判断结果：[正确]  
解释：[fuelTypeName作为燃料类型的属性，其域设置为PowerStation类符合背景知识中发电站可能涉及燃料的语义关系，且RDFS domain规则支持此约束无明显冲突。]",1.0,1.0,
hard_case_0108,domain,domain(height) = ChemicalSubstance,"背景知识：
条目1：
- 名称：height
- 类型：Property
- 简介：height (mm)

条目2：
- 名称：ChemicalSubstance
- 类型：Class
- 简介：chemical substance",0,grok-4,0.0,8192,https://api2.aigcbest.top/v1,"判断结果：错误  
解释：根据背景知识，height属性表示高度（mm），通常适用于物理对象而非化学物质，而RDFS domain规则要求属性的主体属于ChemicalSubstance类，这与常识和语义约束冲突。",0.0,1.0,
hard_case_0109,domain,domain(height) = MeanOfTransportation,"背景知识：
条目1：
- 名称：height
- 类型：Property
- 简介：height (mm)

条目2：
- 名称：MeanOfTransportation
- 类型：Class
- 简介：mean of transportation",1,grok-4,0.0,8192,https://api2.aigcbest.top/v1,"判断结果：[正确]  
解释：[背景知识中height作为属性可合理适用于MeanOfTransportation类（交通工具常有高度属性），符合RDFS domain规则无明显冲突。",1.0,1.0,
hard_case_0110,domain,domain(height) = Settlement,"背景知识：
条目1：
- 名称：height
- 类型：Property
- 简介：height (cm)

条目2：
- 名称：Settlement
- 类型：Class
- 简介：settlement",0,grok-4,0.0,8192,https://api2.aigcbest.top/v1,"判断结果：错误  
解释：height属性表示厘米单位的高度，通常适用于人或物体，而非Settlement类（定居点），因为定居点的高度（如海拔）不以厘米为单位，且背景知识中无此语义约束，违反RDFS domain的合理性。",0.0,1.0,
hard_case_0111,domain,domain(lastLaunchDate) = LaunchPad,"背景知识：
条目1：
- 名称：lastLaunchDate
- 类型：Property
- 简介：last launch date

条目2：
- 名称：LaunchPad
- 类型：Class
- 简介：launch pad",1,grok-4,0.0,8192,https://api2.aigcbest.top/v1,"判断结果：正确  
解释：根据背景知识，lastLaunchDate作为发射台的最后发射日期属性，其域为LaunchPad类符合RDFS domain规则，确保属性的主体属于发射台类，无明显冲突。",1.0,1.0,
hard_case_0112,domain,domain(lastLaunchRocket) = LaunchPad,"背景知识：
条目1：
- 名称：lastLaunchRocket
- 类型：Property
- 简介：last launch rocket

条目2：
- 名称：LaunchPad
- 类型：Class
- 简介：launch pad",1,grok-4,0.0,8192,https://api2.aigcbest.top/v1,"判断结果：[正确]  
解释：[根据背景知识，lastLaunchRocket作为属性可描述LaunchPad类实例的最后发射火箭，符合RDFS domain规则对属性主体的类约束，且无明显语义冲突。]",1.0,1.0,
hard_case_0114,domain,domain(length) = Infrastructure,"背景知识：
条目1：
- 名称：length
- 类型：Property
- 简介：length (km)

条目2：
- 名称：Infrastructure
- 类型：Class
- 简介：infrastructure",1,grok-4,0.0,8192,https://api2.aigcbest.top/v1,"判断结果：[正确]  
解释：根据背景知识，length作为属性可描述基础设施（如道路）的长度（km），而RDFS domain规则要求属性的主体属于指定类，此公理合理定义了length的适用范围无明显冲突。",1.0,1.0,
hard_case_0115,domain,domain(locusSupplementaryData) = Protein,"背景知识：
条目1：
- 名称：locusSupplementaryData
- 类型：Property
- 简介：locus supplementary data

条目2：
- 名称：Protein
- 类型：Class
- 简介：protein",1,grok-4,0.0,8192,https://api2.aigcbest.top/v1,"判断结果：[正确]  
解释：背景知识中locusSupplementaryData作为属性可与Protein类关联，且RDFS domain规则允许指定属性的主体属于Protein类，无明显语义冲突。",1.0,1.0,
hard_case_0117,domain,domain(lowerAge) = School,"背景知识：
条目1：
- 名称：lowerAge
- 类型：Property
- 简介：lower age

条目2：
- 名称：School
- 类型：Class
- 简介：school",1,grok-4,0.0,8192,https://api2.aigcbest.top/v1,"判断结果：正确  
解释：根据背景知识，lowerAge作为属性表示最低年龄，可合理适用于School类（学校）作为域，符合RDFS domain规则要求主体属于指定类，且无明显语义冲突。",1.0,1.0,
hard_case_0119,domain,domain(maximumTemperature) = Planet,"背景知识：
条目1：
- 名称：maximumTemperature
- 类型：Property
- 简介：maximum temperature (K)

条目2：
- 名称：Planet
- 类型：Class
- 简介：planet",1,grok-4,0.0,8192,https://api2.aigcbest.top/v1,"判断结果：正确  
解释：根据背景知识，maximumTemperature作为属性表示最大温度，而Planet作为类表示行星，RDFS domain规则要求属性的主体属于指定类，此公理合理地将maximumTemperature的域限定为Planet类，与常识中行星可具有最大温度的语义相符，无明显冲突。",1.0,1.0,
hard_case_0120,domain,domain(meanTemperature) = ChemicalSubstance,"背景知识：
条目1：
- 名称：meanTemperature
- 类型：Property
- 简介：mean temperature (K)

条目2：
- 名称：ChemicalSubstance
- 类型：Class
- 简介：chemical substance",0,grok-4,0.0,8192,https://api2.aigcbest.top/v1,"判断结果：[错误]
解释：meanTemperature作为平均温度属性，根据常识知识可适用于多种实体，而非仅限于ChemicalSubstance类，限制其domain为此类存在语义冲突。",0.0,1.0,
hard_case_0122,domain,domain(minimumTemperature) = EducationalInstitution,"背景知识：
条目1：
- 名称：minimumTemperature
- 类型：Property
- 简介：minimum temperature (K)

条目2：
- 名称：EducationalInstitution
- 类型：Class
- 简介：educational institution",0,grok-4,0.0,8192,https://api2.aigcbest.top/v1,"判断结果：错误  
解释：minimumTemperature作为温度属性的domain被设置为EducationalInstitution类，与背景知识中其温度语义无关，违反RDFS domain规则要求属性主体类与属性语义一致的约束。",0.0,1.0,
hard_case_0123,domain,domain(minimumTemperature) = Planet,"背景知识：
条目1：
- 名称：minimumTemperature
- 类型：Property
- 简介：minimum temperature (K)

条目2：
- 名称：Planet
- 类型：Class
- 简介：planet",1,grok-4,0.0,8192,https://api2.aigcbest.top/v1,"判断结果：正确  
解释：根据背景知识，minimumTemperature属性描述最低温度适用于Planet类，而RDFS domain规则要求属性的主体属于指定类，此公理合理无冲突。",1.0,1.0,
hard_case_0124,domain,domain(nciId) = AdministrativeRegion,"背景知识：
条目1：
- 名称：nciId
- 类型：Property
- 简介：NCI

条目2：
- 名称：AdministrativeRegion
- 类型：Class
- 简介：A PopulatedPlace under the jurisdiction of an administrative body. This body may administer either a whole region or one or more adjacent Settlements (town administration)",0,grok-4,0.0,8192,https://api2.aigcbest.top/v1,"判断结果：[错误]  
解释：[nciId作为与NCI相关的属性，其语义与AdministrativeRegion作为行政区域类的背景知识不符，违反RDFS domain规则的语义约束。]",0.0,1.0,
hard_case_0125,domain,domain(nciId) = Disease,"背景知识：
条目1：
- 名称：nciId
- 类型：Property
- 简介：NCI

条目2：
- 名称：Disease
- 类型：Class
- 简介：disease",1,grok-4,0.0,8192,https://api2.aigcbest.top/v1,"判断结果：[正确]  
解释：[背景知识中nciId为Property类型且与NCI相关，Disease为Class类型表示疾病，根据RDFS domain规则，指定nciId属性的主体属于Disease类合理，无明显冲突。]",1.0,1.0,
hard_case_0126,domain,domain(numberOfClassrooms) = AdministrativeRegion,"背景知识：
条目1：
- 名称：numberOfClassrooms
- 类型：Property
- 简介：number of classrooms

条目2：
- 名称：AdministrativeRegion
- 类型：Class
- 简介：A PopulatedPlace under the jurisdiction of an administrative body. This body may administer either a whole region or one or more adjacent Settlements (town administration)",0,grok-4,0.0,8192,https://api2.aigcbest.top/v1,"判断结果：错误  
解释：结合背景知识，numberOfClassrooms表示教室数量，其domain应适用于学校或建筑物等实体，而AdministrativeRegion作为行政区域不具备教室数量的语义约束，与RDFS domain规则要求属性主体属于指定类存在冲突。",0.0,1.0,
hard_case_0129,domain,domain(otherChannel) = Broadcaster,"背景知识：
条目1：
- 名称：otherChannel
- 类型：Property
- 简介：other channel

条目2：
- 名称：Broadcaster
- 类型：Class
- 简介：A broadcaster is an organisation responsible for the production of radio or television programs and/or their transmission. (http://en.wikipedia.org/wiki/Broadcaster - 28/03/2011)",1,grok-4,0.0,8192,https://api2.aigcbest.top/v1,"判断结果：[正确]  
解释：[结合背景知识，otherChannel作为广播相关的属性，其域设置为Broadcaster类，意味着属性的主体属于广播组织，这符合RDFS domain规则且无明显冲突。]",1.0,1.0,
hard_case_0131,domain,domain(periapsis) = Planet,"背景知识：
条目1：
- 名称：periapsis
- 类型：Property
- 简介：periapsis (km)

条目2：
- 名称：Planet
- 类型：Class
- 简介：planet",1,grok-4,0.0,8192,https://api2.aigcbest.top/v1,"判断结果：[正确]  
解释：根据背景知识，periapsis作为属性描述行星的近日点距离，其域指定为Planet类符合RDFS domain规则，确保属性的主体属于行星类，无明显冲突。",1.0,1.0,
hard_case_0133,domain,domain(populationUrbanDensity) = Island,"背景知识：
条目1：
- 名称：populationUrbanDensity
- 类型：Property
- 简介：population urban density (/sqkm)

条目2：
- 名称：Island
- 类型：Class
- 简介：island",0,grok-4,0.0,8192,https://api2.aigcbest.top/v1,"判断结果：错误  
解释：populationUrbanDensity作为城市人口密度属性，其域应适用于具有城市人口的实体，而背景知识中Island仅为地理岛屿类，不符合RDFS domain语义规则对属性主体的合理约束。",0.0,1.0,
hard_case_0136,domain,domain(releaseLocation) = Work,"背景知识：
条目1：
- 名称：releaseLocation
- 类型：Property
- 简介：Usually used with releaseDate, particularly for Films. Often there can be several pairs so our modeling is not precise here...

条目2：
- 名称：Work
- 类型：Class
- 简介：Item on which time has been spent for its realisation. Actor can be a human on not (machine, insects, nature...)",1,grok-4,0.0,8192,https://api2.aigcbest.top/v1,"判断结果：正确  
解释：根据背景知识，releaseLocation属性常用于Films等作品，而Work类描述了需投入时间实现的项目，符合RDFS domain规则下主体属于Work类的语义约束，无明显冲突。",1.0,1.0,
hard_case_0137,domain,domain(runtime) = Airline,"背景知识：
条目1：
- 名称：runtime
- 类型：Property
- 简介：runtime (m)

条目2：
- 名称：Airline
- 类型：Class
- 简介：airline",0,grok-4,0.0,8192,https://api2.aigcbest.top/v1,"判断结果：错误  
解释：runtime属性表示运行时间（如分钟），其domain应为适合具有运行时间实体的类，而背景知识中Airline类代表航空公司，不符合RDFS domain语义规则中主体类与属性语义的合理约束。",0.0,1.0,
hard_case_0138,domain,domain(runtime) = Work,"背景知识：
条目1：
- 名称：runtime
- 类型：Property
- 简介：runtime (m)

条目2：
- 名称：Work
- 类型：Class
- 简介：Item on which time has been spent for its realisation. Actor can be a human on not (machine, insects, nature...)",1,grok-4,0.0,8192,https://api2.aigcbest.top/v1,"判断结果：[正确]  
解释：[根据背景知识，runtime 作为属性与 Work 类（花费时间实现的事物）相关，其域指定为 Work 符合 RDFS domain 规则，表示属性的主体属于 Work 类。]",1.0,1.0,
hard_case_0139,domain,domain(statisticYear) = BaseballPlayer,"背景知识：
条目1：
- 名称：statisticYear
- 类型：Property
- 简介：statistic year

条目2：
- 名称：BaseballPlayer
- 类型：Class
- 简介：baseball player",1,grok-4,0.0,8192,https://api2.aigcbest.top/v1,"判断结果：正确  
解释：statisticYear作为属性，其domain设置为BaseballPlayer类符合RDFS语义规则，表示该属性的主体属于棒球球员类，与背景知识中statisticYear（统计年份）可能用于描述球员统计数据的语义关系一致，无明显冲突。",1.0,1.0,
hard_case_0140,domain,domain(statisticYear) = ChemicalSubstance,"背景知识：
条目1：
- 名称：statisticYear
- 类型：Property
- 简介：statistic year

条目2：
- 名称：ChemicalSubstance
- 类型：Class
- 简介：chemical substance",0,grok-4,0.0,8192,https://api2.aigcbest.top/v1,"判断结果：错误
解释：statisticYear作为统计年份属性，其域不应限于ChemicalSubstance化学物质类，此约束与背景知识中二者的语义无关且违反RDFS domain规则的合理性。",0.0,1.0,
hard_case_0142,domain,domain(temperature) = Biomolecule,"背景知识：
条目1：
- 名称：temperature
- 类型：Property
- 简介：temperature (K)

条目2：
- 名称：Biomolecule
- 类型：Class
- 简介：equivalent to http://ccdb.ucsd.edu/NIF/BIRNLex-OBO-UBO.owl#birnlex_22.",0,grok-4,0.0,8192,https://api2.aigcbest.top/v1,"判断结果：[错误]  
解释：[结合背景知识，temperature作为通用温度属性（以K为单位），将其domain限制为Biomolecule类与RDFS语义规则下温度适用于多种实体（而非仅限生物分子）的常识约束冲突。]",0.0,1.0,
hard_case_0144,domain,domain(upperAge) = Engine,"背景知识：
条目1：
- 名称：upperAge
- 类型：Property
- 简介：upper age

条目2：
- 名称：Engine
- 类型：Class
- 简介：engine",0,grok-4,0.0,8192,https://api2.aigcbest.top/v1,"判断结果：[错误]  
解释：[upperAge作为表示年龄上限的属性，其domain设置为Engine类会导致语义冲突，因为Engine代表引擎而不具备年龄概念，违反RDFS domain规则对属性主体的语义约束。]",0.0,1.0,
hard_case_0147,domain,domain(volume) = Automobile,"背景知识：
条目1：
- 名称：volume
- 类型：Property
- 简介：volume (μ³)

条目2：
- 名称：Automobile
- 类型：Class
- 简介：automobile",0,grok-4,0.0,8192,https://api2.aigcbest.top/v1,"判断结果：[错误]  
解释：[背景知识中volume作为通用体积属性不应仅限于Automobile类的域，这违反RDFS domain规则对属性主体的合理约束且与常识冲突。]",0.0,1.0,
hard_case_0149,domain,domain(volume) = Planet,"背景知识：
条目1：
- 名称：volume
- 类型：Property
- 简介：volume (km3)

条目2：
- 名称：Planet
- 类型：Class
- 简介：planet",1,grok-4,0.0,8192,https://api2.aigcbest.top/v1,"判断结果：[正确]  
解释：[根据背景知识，volume 是描述体积的属性，Planet 是行星类，其 domain 约束主体为 Planet 符合 RDFS 语义规则且与常识一致，无明显冲突。]",1.0,1.0,
hard_case_0151,range,range(academicAdvisor) = College,"背景知识：
条目1：
- 名称：academicAdvisor
- 类型：Property
- 简介：academic advisor

条目2：
- 名称：College
- 类型：Class
- 简介：college",0,grok-4,0.0,8192,https://api2.aigcbest.top/v1,"判断结果：错误  
解释：academicAdvisor作为学术顾问属性，其范围应指向人或类似实体，而非College类，这与背景知识中academicAdvisor的语义和RDFS range规则约束冲突。",0.0,1.0,
hard_case_0152,range,range(administrativeCollectivity) = PopulatedPlace,"背景知识：
条目1：
- 名称：administrativeCollectivity
- 类型：Property
- 简介：administrative collectivity

条目2：
- 名称：PopulatedPlace
- 类型：Class
- 简介：As defined by the United States Geological Survey, a populated place is a place or area with clustered or scattered buildings and a permanent human population (city, settlement, town, or village) referenced with geographic coordinates (http...",1,grok-4,0.0,8192,https://api2.aigcbest.top/v1,"判断结果：[正确]  
解释：[administrativeCollectivity作为属性，其range指定为PopulatedPlace类符合RDFS语义规则，因为背景知识中PopulatedPlace表示有人口聚居地，而administrative collectivity通常涉及此类行政实体，无明显冲突。]",1.0,1.0,
hard_case_0153,range,range(administrativeDistrict) = PopulatedPlace,"背景知识：
条目1：
- 名称：administrativeDistrict
- 类型：Property
- 简介：administrative district

条目2：
- 名称：PopulatedPlace
- 类型：Class
- 简介：As defined by the United States Geological Survey, a populated place is a place or area with clustered or scattered buildings and a permanent human population (city, settlement, town, or village) referenced with geographic coordinates (http...",1,grok-4,0.0,8192,https://api2.aigcbest.top/v1,"判断结果：[正确]  
解释：[administrativeDistrict作为属性，其范围设置为PopulatedPlace合理，因为行政区通常是有人口聚居的地方，符合RDFS range规则要求属性客体属于指定类，且无明显冲突。]",1.0,1.0,
hard_case_0154,range,range(affiliation) = Athlete,"背景知识：
条目1：
- 名称：affiliation
- 类型：Property
- 简介：affiliation

条目2：
- 名称：Athlete
- 类型：Class
- 简介：athlete",0,grok-4,0.0,8192,https://api2.aigcbest.top/v1,"判断结果：[错误]  
解释：根据常识知识，affiliation属性通常表示实体（如人或组织）的从属关系，其范围应为组织或机构类，而非Athlete类，这与RDFS range规则中客体所属类的语义约束相冲突。",0.0,1.0,
hard_case_0155,range,range(album) = Athlete,"背景知识：
条目1：
- 名称：album
- 类型：Property
- 简介：album

条目2：
- 名称：Athlete
- 类型：Class
- 简介：athlete",0,grok-4,0.0,8192,https://api2.aigcbest.top/v1,"判断结果：错误  
解释：根据背景知识，album作为属性意指“专辑”，其range应限定为相关类而非Athlete（运动员类），这违反RDFS range规则的语义约束，导致属性对象类型不合理。",0.0,1.0,
hard_case_0157,range,range(alongside) = Person,"背景知识：
条目1：
- 名称：alongside
- 类型：Property
- 简介：alongside

条目2：
- 名称：Person
- 类型：Class
- 简介：person",1,grok-4,0.0,8192,https://api2.aigcbest.top/v1,"判断结果：[正确]  
解释：[背景知识中alongside为属性且Person为类，无明确约束冲突，RDFS range规则允许指定属性的客体属于Person类，符合语义合理性。]",1.0,1.0,
hard_case_0158,range,range(anthem) = Work,"背景知识：
条目1：
- 名称：anthem
- 类型：Property
- 简介：Official song (anthem) of a PopulatedPlace, SportsTeam, School or other

条目2：
- 名称：Work
- 类型：Class
- 简介：Item on which time has been spent for its realisation. Actor can be a human on not (machine, insects, nature...)",1,grok-4,0.0,8192,https://api2.aigcbest.top/v1,"判断结果：[正确]  
解释：根据背景知识，anthem属性表示官方歌曲，而Work类描述了花费时间实现的项目，包括人类创作的作品，因此将anthem的range设置为Work符合RDFS语义规则中属性客体所属类的约束，且无明显冲突。",1.0,1.0,
hard_case_0160,range,range(architect) = Place,"背景知识：
条目1：
- 名称：architect
- 类型：Property
- 简介：architect

条目2：
- 名称：Place
- 类型：Class
- 简介：place",0,grok-4,0.0,8192,https://api2.aigcbest.top/v1,"判断结果：[错误]  
解释：[根据背景知识，architect作为属性通常指向建筑师（人），而非Place类（地方），这违反RDFS range规则要求属性客体属于指定类的语义约束。]",0.0,1.0,
hard_case_0161,range,range(arrondissement) = Organisation,"背景知识：
条目1：
- 名称：arrondissement
- 类型：Property
- 简介：arrondissement

条目2：
- 名称：Organisation
- 类型：Class
- 简介：organisation",0,grok-4,0.0,8192,https://api2.aigcbest.top/v1,"判断结果：[错误]  
解释：根据背景知识和常识，arrondissement作为属性通常指行政区划而非组织类型，与range语义规则要求属性客体属于Organisation类存在明显冲突。",0.0,1.0,
hard_case_0163,range,range(associate) = BroadcastNetwork,"背景知识：
条目1：
- 名称：associate
- 类型：Property
- 简介：associate

条目2：
- 名称：BroadcastNetwork
- 类型：Class
- 简介：A broadcast network is an organization, such as a corporation or other association, that provides live or recorded content, such as movies, newscasts, sports, and public affairs programs for broadcast over a group of radio or television sta...",0,grok-4,0.0,8192,https://api2.aigcbest.top/v1,"判断结果：[错误]
解释：The background knowledge describes 'associate' as a general property without any indication that its range is restricted to 'BroadcastNetwork', conflicting with RDFS semantics and commonsense understanding of the terms.",0.0,1.0,
hard_case_0165,range,range(automobilePlatform) = Album,"背景知识：
条目1：
- 名称：automobilePlatform
- 类型：Property
- 简介：automobile platform

条目2：
- 名称：Album
- 类型：Class
- 简介：album",0,grok-4,0.0,8192,https://api2.aigcbest.top/v1,"判断结果：[错误]  
解释：[automobilePlatform作为汽车平台的属性，其range被指定为Album（专辑类）违反了RDFS语义规则中range应确保属性客体属于合理类的约束，与背景知识中二者无关的语义关系冲突。]",0.0,1.0,
hard_case_0167,range,range(basedOn) = Band,"背景知识：
条目1：
- 名称：basedOn
- 类型：Property
- 简介：based on

条目2：
- 名称：Band
- 类型：Class
- 简介：Band",0,grok-4,0.0,8192,https://api2.aigcbest.top/v1,"判断结果：[错误]
解释：basedOn作为通用属性“based on”，其范围不应限于Band类，否则违反常识语义和RDFS中range约束的合理性。",0.0,1.0,
hard_case_0168,range,range(beatifiedBy) = Person,"背景知识：
条目1：
- 名称：beatifiedBy
- 类型：Property
- 简介：beatified by

条目2：
- 名称：Person
- 类型：Class
- 简介：person",1,grok-4,0.0,8192,https://api2.aigcbest.top/v1,"判断结果：[正确]  
解释：[根据背景知识，beatifiedBy作为属性表示“beatified by”，其客体通常为人，而RDFS range规则要求属性的值属于指定类Person，这与语义一致且无冲突。]",1.0,1.0,
hard_case_0169,range,range(billed) = Award,"背景知识：
条目1：
- 名称：billed
- 类型：Property
- 简介：billed

条目2：
- 名称：Award
- 类型：Class
- 简介：award",0,grok-4,0.0,8192,https://api2.aigcbest.top/v1,"判断结果：错误
解释：根据背景知识，billed属性简介为“billed”（通常指计费或开账单），Award类简介为“award”（指奖项），RDFS range规则要求属性值属于指定类，但将billed的范围设为Award与常识语义不符，存在明显冲突。",0.0,1.0,
hard_case_0171,range,range(birthPlace) = Country,"背景知识：
条目1：
- 名称：birthPlace
- 类型：Property
- 简介：where the person was born

条目2：
- 名称：Country
- 类型：Class
- 简介：country",0,grok-4,0.0,8192,https://api2.aigcbest.top/v1,"判断结果：错误  
解释：birthPlace表示人的出生地，可能包括城市或地区等非国家实体，将其范围严格限制为Country类与背景知识和RDFS range语义规则冲突。",0.0,1.0,
hard_case_0172,range,range(canonizedBy) = Person,"背景知识：
条目1：
- 名称：canonizedBy
- 类型：Property
- 简介：canonized by

条目2：
- 名称：Person
- 类型：Class
- 简介：person",1,grok-4,0.0,8192,https://api2.aigcbest.top/v1,"判断结果：[正确]  
解释：根据背景知识，canonizedBy作为属性表示“canonized by”，其range指定为Person类符合RDFS语义规则，因为封圣行为通常由人（如权威人士）执行，且无明显冲突。",1.0,1.0,
hard_case_0173,range,range(canonizedPlace) = College,"背景知识：
条目1：
- 名称：canonizedPlace
- 类型：Property
- 简介：canonized place

条目2：
- 名称：College
- 类型：Class
- 简介：college",0,grok-4,0.0,8192,https://api2.aigcbest.top/v1,"判断结果：[错误]  
解释：[canonizedPlace作为封圣地点的属性，其范围值应为地点类而非College类，这与RDFS range语义规则和常识知识冲突，导致属性客体约束不合理。]",0.0,1.0,
hard_case_0174,range,range(canton) = CareerStation,"背景知识：
条目1：
- 名称：canton
- 类型：Property
- 简介：canton

条目2：
- 名称：CareerStation
- 类型：Class
- 简介：this class marks a career step in the life of a person, e.g. a soccer player, holding information on the time span, matches and goals he or she achieved at a certain club",0,grok-4,0.0,8192,https://api2.aigcbest.top/v1,"判断结果：错误  
解释：根据背景知识，canton作为属性可能与地理行政区相关，而CareerStation类描述职业生涯阶段，二者语义无关联，将canton的range设置为CareerStation违反RDFS range规则要求的值域类与属性语义一致。",0.0,1.0,
hard_case_0175,range,range(ceremonialCounty) = Department,"背景知识：
条目1：
- 名称：ceremonialCounty
- 类型：Property
- 简介：Ceremonial County

条目2：
- 名称：Department
- 类型：Class
- 简介：department",0,grok-4,0.0,8192,https://api2.aigcbest.top/v1,"判断结果：错误  
解释：根据背景知识，ceremonialCounty属性描述礼仪郡（Ceremonial County），而Department类表示部门（department），二者语义不符，导致RDFS range规则下该约束不合理。",0.0,1.0,
hard_case_0177,range,range(chairman) = Place,"背景知识：
条目1：
- 名称：chairman
- 类型：Property
- 简介：chairman

条目2：
- 名称：Place
- 类型：Class
- 简介：place",0,grok-4,0.0,8192,https://api2.aigcbest.top/v1,"判断结果：错误  
解释：根据背景知识，chairman作为属性通常指向人而非地方，与RDFS range规则要求属性值属于Place类存在语义冲突。",0.0,1.0,
hard_case_0178,range,range(championInDoubleMale) = Athlete,"背景知识：
条目1：
- 名称：championInDoubleMale
- 类型：Property
- 简介：winner of a competition in the male double session (as in tennis)

条目2：
- 名称：Athlete
- 类型：Class
- 简介：athlete",1,grok-4,0.0,8192,https://api2.aigcbest.top/v1,"判断结果：正确  
解释：根据背景知识，championInDoubleMale表示男子双打比赛的冠军，其值应为运动员，而Athlete类正是运动员，因此该range公理符合RDFS语义规则要求属性的客体属于指定类。",1.0,1.0,
hard_case_0179,range,range(chancellor) = Organisation,"背景知识：
条目1：
- 名称：chancellor
- 类型：Property
- 简介：chancellor

条目2：
- 名称：Organisation
- 类型：Class
- 简介：organisation",0,grok-4,0.0,8192,https://api2.aigcbest.top/v1,"判断结果：错误
解释：结合常识知识，chancellor属性通常指向作为领导者的人而非组织，因此其range不应为Organisation类。",0.0,1.0,
hard_case_0181,range,range(channel) = CareerStation,"背景知识：
条目1：
- 名称：channel
- 类型：Property
- 简介：channel

条目2：
- 名称：CareerStation
- 类型：Class
- 简介：this class marks a career step in the life of a person, e.g. a soccer player, holding information on the time span, matches and goals he or she achieved at a certain club",0,grok-4,0.0,8192,https://api2.aigcbest.top/v1,"判断结果：[错误]
解释：背景知识中channel仅作为一个通用属性而无具体语义约束，与CareerStation类（表示职业生涯步骤）缺乏关联，违反RDFS range规则要求范围类与属性语义的一致性。",0.0,1.0,
hard_case_0182,range,range(child) = Award,"背景知识：
条目1：
- 名称：child
- 类型：Property
- 简介：child

条目2：
- 名称：Award
- 类型：Class
- 简介：award",0,grok-4,0.0,8192,https://api2.aigcbest.top/v1,"判断结果：错误  
解释：根据背景知识，child属性表示子女关系，而Award类表示奖项，RDFS range规则要求属性对象属于指定类，但将child的范围限定为Award与常识语义冲突，因为子女并非奖项。",0.0,1.0,
hard_case_0183,range,range(childOrganisation) = Agent,"背景知识：
条目1：
- 名称：childOrganisation
- 类型：Property
- 简介：child organisation

条目2：
- 名称：Agent
- 类型：Class
- 简介：Analogous to a foaf:Agent, an agent is an entity that acts. This is intended to be the super class of Person and Organisation.",0,grok-4,0.0,8192,https://api2.aigcbest.top/v1,"判断结果：[错误]
解释：[childOrganisation作为“child organisation”属性，其范围应限定为Organisation类以符合语义和常识，但公理将其设为更宽泛的Agent类（包括Person），违反了RDFS range约束的语义合理性。]",0.0,1.0,
hard_case_0184,range,range(cinematography) = Person,"背景知识：
条目1：
- 名称：cinematography
- 类型：Property
- 简介：cinematography

条目2：
- 名称：Person
- 类型：Class
- 简介：person",1,grok-4,0.0,8192,https://api2.aigcbest.top/v1,"判断结果：正确  
解释：根据RDFS range规则，cinematography属性的客体属于Person类合理，与背景知识中cinematography作为属性和Person作为类的描述以及常识中摄影通常由人负责相符，无明显冲突。",1.0,1.0,
hard_case_0185,range,range(coach) = Infrastructure,"背景知识：
条目1：
- 名称：coach
- 类型：Property
- 简介：coach

条目2：
- 名称：Infrastructure
- 类型：Class
- 简介：infrastructure",0,grok-4,0.0,8192,https://api2.aigcbest.top/v1,"判断结果：[错误]  
解释：背景知识中coach作为属性，其语义简介为“coach”（可能指教练或巴士），而Infrastructure为基础设施类，根据RDFS range规则及常识，coach属性的客体范围不可能合理地限定为基础设施类，二者存在明显语义冲突。",0.0,1.0,
hard_case_0186,range,range(college) = Infrastructure,"背景知识：
条目1：
- 名称：college
- 类型：Property
- 简介：college

条目2：
- 名称：Infrastructure
- 类型：Class
- 简介：infrastructure",0,grok-4,0.0,8192,https://api2.aigcbest.top/v1,"判断结果：[错误]
解释：根据背景知识，college作为属性其语义简介为“college”（暗示教育机构相关），而将其range限定为Infrastructure类（基础设施）存在语义冲突，与RDFS range规则要求的值类型约束不符，从常识看学院并非典型基础设施实例。",0.0,1.0,
hard_case_0187,range,range(commandStructure) = MilitaryUnit,"背景知识：
条目1：
- 名称：commandStructure
- 类型：Property
- 简介：command structure

条目2：
- 名称：MilitaryUnit
- 类型：Class
- 简介：military unit",1,grok-4,0.0,8192,https://api2.aigcbest.top/v1,"判断结果：[正确]  
解释：根据背景知识，commandStructure作为属性表示指挥结构，其范围指定为MilitaryUnit类符合RDFS range规则，因为指挥结构的值可合理指向军事单位实例，且无明显语义冲突。",1.0,1.0,
hard_case_0188,range,range(commandStructure) = Rocket,"背景知识：
条目1：
- 名称：commandStructure
- 类型：Property
- 简介：command structure

条目2：
- 名称：Rocket
- 类型：Class
- 简介：rocket",0,grok-4,0.0,8192,https://api2.aigcbest.top/v1,"判断结果：错误
解释：根据背景知识，commandStructure作为“command structure”属性，其范围被设置为Rocket（火箭）类不符合RDFS range语义规则和常识，因为命令结构的值不应局限于火箭实例，导致明显语义冲突。",0.0,1.0,
hard_case_0189,range,range(company) = BroadcastNetwork,"背景知识：
条目1：
- 名称：company
- 类型：Property
- 简介：company

条目2：
- 名称：BroadcastNetwork
- 类型：Class
- 简介：A broadcast network is an organization, such as a corporation or other association, that provides live or recorded content, such as movies, newscasts, sports, and public affairs programs for broadcast over a group of radio or television sta...",0,grok-4,0.0,8192,https://api2.aigcbest.top/v1,"判断结果：错误
解释：背景知识中company作为通用属性，其范围不应限于特定类BroadcastNetwork，这与RDFS range规则要求属性客体属于指定类的语义约束存在冲突，因为BroadcastNetwork仅描述广播网络组织而非泛化公司。",0.0,1.0,
hard_case_0191,range,range(councilArea) = PopulatedPlace,"背景知识：
条目1：
- 名称：councilArea
- 类型：Property
- 简介：Council area

条目2：
- 名称：PopulatedPlace
- 类型：Class
- 简介：As defined by the United States Geological Survey, a populated place is a place or area with clustered or scattered buildings and a permanent human population (city, settlement, town, or village) referenced with geographic coordinates (http...",1,grok-4,0.0,8192,https://api2.aigcbest.top/v1,"判断结果：正确  
解释：councilArea作为属性表示议会区域，其范围为PopulatedPlace类符合RDFS range语义，因为议会区域通常是有人口聚居的地理区域，与PopulatedPlace的定义一致。",1.0,1.0,
hard_case_0192,range,range(countryWithFirstSatellite) = Country,"背景知识：
条目1：
- 名称：countryWithFirstSatellite
- 类型：Property
- 简介：country with first satellite

条目2：
- 名称：Country
- 类型：Class
- 简介：country",1,grok-4,0.0,8192,https://api2.aigcbest.top/v1,"判断结果：[正确]
解释：根据背景知识，countryWithFirstSatellite属性描述与第一个卫星相关的国家，其范围指定为Country类符合RDFS range规则，因为属性的客体应为国家类的实例。",1.0,1.0,
hard_case_0193,range,range(creatorOfDish) = Person,"背景知识：
条目1：
- 名称：creatorOfDish
- 类型：Property
- 简介：The person that creates (invents) the food (eg. Caesar Cardini is the creator of the Caesar salad).

条目2：
- 名称：Person
- 类型：Class
- 简介：person",1,grok-4,0.0,8192,https://api2.aigcbest.top/v1,"判断结果：[正确]  
解释：[根据背景知识，creatorOfDish属性的客体为创建菜肴的人，符合RDFS range规则将范围约束为Person类，无明显冲突。]",1.0,1.0,
hard_case_0194,range,range(crosses) = River,"背景知识：
条目1：
- 名称：crosses
- 类型：Property
- 简介：crosses

条目2：
- 名称：River
- 类型：Class
- 简介：a large natural stream",1,grok-4,0.0,8192,https://api2.aigcbest.top/v1,"判断结果：[正确]  
解释：根据背景知识，crosses作为属性，其range指定为River类符合RDFS语义规则，表示crosses属性的客体属于River类，且无明显冲突。",1.0,1.0,
hard_case_0197,range,range(dean) = Broadcaster,"背景知识：
条目1：
- 名称：dean
- 类型：Property
- 简介：dean

条目2：
- 名称：Broadcaster
- 类型：Class
- 简介：A broadcaster is an organisation responsible for the production of radio or television programs and/or their transmission. (http://en.wikipedia.org/wiki/Broadcaster - 28/03/2011)",0,grok-4,0.0,8192,https://api2.aigcbest.top/v1,"判断结果：[错误]  
解释：[根据背景知识，dean作为属性表示院长（通常为人），而Broadcaster是广播组织类，RDFS range规则要求属性值属于该类，但院长并非广播组织，因此存在语义冲突。]",0.0,1.0,
hard_case_0198,range,range(department) = MilitaryUnit,"背景知识：
条目1：
- 名称：department
- 类型：Property
- 简介：department

条目2：
- 名称：MilitaryUnit
- 类型：Class
- 简介：military unit",0,grok-4,0.0,8192,https://api2.aigcbest.top/v1,"判断结果：[错误]  
解释：根据背景知识，department作为通用属性，其范围不应局限于MilitaryUnit类，这与RDFS range规则的语义约束和常识中department的广泛含义（如组织部门）相冲突。",0.0,1.0,
hard_case_0199,range,range(deputy) = Department,"背景知识：
条目1：
- 名称：deputy
- 类型：Property
- 简介：deputy

条目2：
- 名称：Department
- 类型：Class
- 简介：department",0,grok-4,0.0,8192,https://api2.aigcbest.top/v1,"判断结果：[错误]  
解释：[根据背景知识，deputy作为属性通常指向代理人或职位实例，而非部门类，设定其range为Department违反RDFS range规则的语义约束，导致客体类型不匹配。]",0.0,1.0,
hard_case_0200,range,range(derivative) = MilitaryUnit,"背景知识：
条目1：
- 名称：derivative
- 类型：Property
- 简介：derivative

条目2：
- 名称：MilitaryUnit
- 类型：Class
- 简介：military unit",0,grok-4,0.0,8192,https://api2.aigcbest.top/v1,"判断结果：[错误]
解释：背景知识中derivative属性的简介为“derivative”无明确与军事单位相关的语义约束，而RDFS range规则要求客体属于指定类，此公理缺乏合理语义支持存在明显冲突。",0.0,1.0,
hard_case_0201,range,range(derivative) = MusicGenre,"背景知识：
条目1：
- 名称：derivative
- 类型：Property
- 简介：derivative

条目2：
- 名称：MusicGenre
- 类型：Class
- 简介：music genre",1,grok-4,0.0,8192,https://api2.aigcbest.top/v1,"判断结果：[正确]  
解释：根据背景知识，derivative作为属性可能表示音乐流派的衍生关系，其range指定为MusicGenre类符合RDFS语义规则，即属性的客体属于音乐流派类，无明显冲突。",1.0,1.0,
hard_case_0204,range,range(destination) = Artery,"背景知识：
条目1：
- 名称：destination
- 类型：Property
- 简介：destination

条目2：
- 名称：Artery
- 类型：Class
- 简介：artery",0,grok-4,0.0,8192,https://api2.aigcbest.top/v1,"判断结果：[错误]  
解释：[基于背景知识，destination属性表示目的地，而Artery类表示动脉，将其范围限制为动脉与语义规则和常识不符，存在明显冲突。]",0.0,1.0,
hard_case_0205,range,range(distributor) = Artery,"背景知识：
条目1：
- 名称：distributor
- 类型：Property
- 简介：distributor

条目2：
- 名称：Artery
- 类型：Class
- 简介：artery",0,grok-4,0.0,8192,https://api2.aigcbest.top/v1,"判断结果：错误  
解释：根据背景知识，distributor作为属性其语义为“distributor”（分销商），而Artery作为类其语义为“artery”（动脉），RDFS range规则要求属性值属于指定类，但常识上分销商的值不可能是动脉实例，故存在明显语义冲突。",0.0,1.0,
hard_case_0206,range,range(district) = Artery,"背景知识：
条目1：
- 名称：district
- 类型：Property
- 简介：district

条目2：
- 名称：Artery
- 类型：Class
- 简介：artery",0,grok-4,0.0,8192,https://api2.aigcbest.top/v1,"判断结果：[错误]  
解释：[根据背景知识，district作为属性表示行政区，而Artery作为类表示动脉，二者语义无关，导致RDFS range规则下该约束不合理。]",0.0,1.0,
hard_case_0207,range,range(doctoralStudent) = Person,"背景知识：
条目1：
- 名称：doctoralStudent
- 类型：Property
- 简介：doctoral student

条目2：
- 名称：Person
- 类型：Class
- 简介：person",1,grok-4,0.0,8192,https://api2.aigcbest.top/v1,"判断结果：正确  
解释：根据背景知识，doctoralStudent属性表示博士生，而Person类表示人，RDFS range规则要求属性的客体属于指定类，此公理合理地将doctoralStudent的范围限定为Person类实例，无明显冲突。",1.0,1.0,
hard_case_0208,range,range(editing) = Artery,"背景知识：
条目1：
- 名称：editing
- 类型：Property
- 简介：editing

条目2：
- 名称：Artery
- 类型：Class
- 简介：artery",0,grok-4,0.0,8192,https://api2.aigcbest.top/v1,"判断结果：错误  
解释：根据常识知识，属性""editing""（编辑）与类""Artery""（动脉）在语义上无关，违反RDFS range规则中属性范围应合理约束客体类型的原则，与背景知识中各自简介不符。",0.0,1.0,
hard_case_0209,range,range(editing) = Person,"背景知识：
条目1：
- 名称：editing
- 类型：Property
- 简介：editing

条目2：
- 名称：Person
- 类型：Class
- 简介：person",1,grok-4,0.0,8192,https://api2.aigcbest.top/v1,"判断结果：[正确]
解释：背景知识中editing为属性且Person为类，RDFS range规则允许指定属性的客体属于Person类，且无明显冲突。",1.0,1.0,
hard_case_0210,range,range(editor) = Rocket,"背景知识：
条目1：
- 名称：editor
- 类型：Property
- 简介：editor

条目2：
- 名称：Rocket
- 类型：Class
- 简介：rocket",0,grok-4,0.0,8192,https://api2.aigcbest.top/v1,"判断结果：错误  
解释：根据常识知识，editor属性通常指向编辑者（如人），而非Rocket类（火箭），这与RDFS range规则的语义约束不符，导致明显冲突。",0.0,1.0,
hard_case_0211,range,range(location) = College,"背景知识：
条目1：
- 名称：location
- 类型：Property
- 简介：The location of the thing.

条目2：
- 名称：College
- 类型：Class
- 简介：college",0,grok-4,0.0,8192,https://api2.aigcbest.top/v1,"判断结果：错误  
解释：根据背景知识，location属性表示事物的通用位置，而RDFS range规则要求其客体属于College类，这与location的通用语义和常识知识冲突，导致不合理的限制。",0.0,1.0,
hard_case_0212,range,range(organisation) = Currency,"背景知识：
条目1：
- 名称：organisation
- 类型：Property
- 简介：organisation

条目2：
- 名称：Currency
- 类型：Class
- 简介：currency",0,grok-4,0.0,8192,https://api2.aigcbest.top/v1,"判断结果：[错误]  
解释：[organisation作为属性，其range指定为Currency类会导致属性的客体必须是货币实例，但背景知识中organisation简介为organisation（暗示组织相关），与货币语义明显冲突，违反RDFS range规则的语义一致性。]",0.0,1.0,
hard_case_0213,range,range(previousInfrastructure) = Broadcaster,"背景知识：
条目1：
- 名称：previousInfrastructure
- 类型：Property
- 简介：previous infrastructure

条目2：
- 名称：Broadcaster
- 类型：Class
- 简介：A broadcaster is an organisation responsible for the production of radio or television programs and/or their transmission. (http://en.wikipedia.org/wiki/Broadcaster - 28/03/2011)",0,grok-4,0.0,8192,https://api2.aigcbest.top/v1,"判断结果：错误  
解释：previousInfrastructure属性的简介为“previous infrastructure”，其语义指向基础设施而非广播机构，与RDFS range规则下将其范围约束为Broadcaster类存在明显语义冲突。",0.0,1.0,
hard_case_0214,range,range(subsequentInfrastructure) = Artery,"背景知识：
条目1：
- 名称：subsequentInfrastructure
- 类型：Property
- 简介：subsequent infrastructure

条目2：
- 名称：Artery
- 类型：Class
- 简介：artery",0,grok-4,0.0,8192,https://api2.aigcbest.top/v1,"判断结果：[错误]  
解释：[subsequentInfrastructure作为“subsequent infrastructure”属性的范围被设置为Artery类（“artery”），这与背景知识中基础设施语义不符，违反RDFS range规则的语义合理性约束。]",0.0,1.0,
hard_case_0215,range,range(taoiseach) = Organisation,"背景知识：
条目1：
- 名称：taoiseach
- 类型：Property
- 简介：head of government of Ireland

条目2：
- 名称：Organisation
- 类型：Class
- 简介：organisation",0,grok-4,0.0,8192,https://api2.aigcbest.top/v1,"判断结果：错误  
解释：taoiseach作为爱尔兰政府首脑的属性，其范围应指向个人而非组织，与背景知识中其为政府领导者（通常为人）的描述及RDFS range规则要求的值类约束相冲突。",0.0,1.0,
hard_case_0216,subClassOf,caf_ ⊑ company,"背景知识：
条目1：
- 名称：caf_
- 类型：Class
- 简介：{%%s is a %s, café}
- 补充信息：generalizations: location, company

条目2：
- 名称：company
- 类型：Class
- 简介：{%%s is a %s, company}
- 补充信息：generalizations: organization",1,grok-4,0.0,8192,https://api2.aigcbest.top/v1,"判断结果：[正确]  
解释：[根据背景知识，caf_的generalizations包括company，表示caf_是company的子类，这符合RDFS subClassOf语义规则的包含关系。]",1.0,1.0,
hard_case_0217,subClassOf,stateorprovince ⊑ geopoliticalorganization,"背景知识：
条目1：
- 名称：stateorprovince
- 类型：Unknown
- 简介：In general, the top-level administrative or political subdivision within a country.
- 补充信息：generalizations: geopoliticallocation, geopoliticalorganization, geolocatablething

条目2：
- 名称：geopoliticalorganization
- 类型：Unknown
- 简介：Those geopolitical entities that are organizations
- 补充信息：generalizations: geopoliticalentity, organization",1,grok-4,0.0,8192,https://api2.aigcbest.top/v1,"判断结果：[正确]
解释：[背景知识显示stateorprovince的generalizations包括geopoliticalorganization，符合RDFS subClassOf语义规则，表示stateorprovince是geopoliticalorganization的子类，且无明显冲突。]",1.0,1.0,
hard_case_0218,subPropertyOf,agenthierarchicallyaboveagent ⊑p agentcollaborateswithagent,"背景知识：
条目1：
- 名称：agenthierarchicallyaboveagent
- 类型：Class
- 简介：{%%s is hierarchically %s %%s, above}
- 补充信息：generalizations: agentcontrols, agentcollaborateswithagent | domain: agent | range: agent

条目2：
- 名称：agentcollaborateswithagent
- 类型：Class
- 简介：{%%s %s with %%s, collaborates}
- 补充信息：generalizations: agentinteractswithagent | domain: agent | range: agent",1,grok-4,0.0,8192,https://api2.aigcbest.top/v1,"判断结果：[正确]  
解释：[根据背景知识，agenthierarchicallyaboveagent的generalizations包括agentcollaborateswithagent，表明其为后者的子属性，这符合RDFS subPropertyOf语义规则中子属性蕴涵超属性的关系。]",1.0,1.0,
hard_case_0219,subPropertyOf,agenthierarchicallyaboveagent ⊑p agentcontrols,"背景知识：
条目1：
- 名称：agenthierarchicallyaboveagent
- 类型：Class
- 简介：{%%s is hierarchically %s %%s, above}
- 补充信息：generalizations: agentcontrols, agentcollaborateswithagent | domain: agent | range: agent

条目2：
- 名称：agentcontrols
- 类型：Class
- 简介：{%%s %s %%s, controls}
- 补充信息：generalizations: relatedto | domain: agent | range: everypromotedthing",1,grok-4,0.0,8192,https://api2.aigcbest.top/v1,"判断结果：[正确]  
解释：[背景知识中agenthierarchicallyaboveagent的generalizations包括agentcontrols，表示其为agentcontrols的子属性，这符合RDFS subPropertyOf语义规则的包含关系且无域/范围冲突。]",1.0,1.0,
hard_case_0220,subPropertyOf,animalssuchasmammals ⊑p generalizationof,"背景知识：
条目1：
- 名称：animalssuchasmammals
- 类型：Class
- 简介：{%%s %s %%s, is a generalization of}
- 补充信息：generalizations: generalizationof | domain: animal | range: mammal

条目2：
- 名称：generalizationof
- 类型：Class
- 简介：generalizationof is a class in the NELL knowledge base.
- 补充信息：generalizations: relatedto | domain: everypromotedthing | range: everypromotedthing",1,grok-4,0.0,8192,https://api2.aigcbest.top/v1,"判断结果：[正确]
解释：[背景知识中animalssuchasmammals的generalizations指向generalizationof，符合RDFS subPropertyOf规则下属性间包含关系的语义推理，且domain/range约束无冲突。]",1.0,1.0,
hard_case_0221,subPropertyOf,bombingvictim ⊑p relatedto,"背景知识：
条目1：
- 名称：bombingvictim
- 类型：Class
- 简介：bombingvictim is a class in the NELL knowledge base.
- 补充信息：generalizations: relatedto | domain: bombingevent | range: person

条目2：
- 名称：relatedto
- 类型：Class
- 简介：{%%s is somehow %s %%s, related to}
- 补充信息：generalizations: slot | domain: everypromotedthing | range: everypromotedthing",1,grok-4,0.0,8192,https://api2.aigcbest.top/v1,"判断结果：正确
解释：根据背景知识中bombingvictim的generalizations为relatedto，结合RDFS subPropertyOf语义规则，这表示bombingvictim是relatedto的子属性，语义上合理且无冲突。",1.0,1.0,
hard_case_0222,subPropertyOf,buildingbelongstoorganization ⊑p locationactedinbyorganization,"背景知识：
条目1：
- 名称：buildingbelongstoorganization
- 类型：Class
- 简介：{%%s %s %%s, is a building belonging to}
- 补充信息：generalizations: locationactedinbyorganization | domain: building | range: organization

条目2：
- 名称：locationactedinbyorganization
- 类型：Class
- 简介：locationactedinbyorganization is a class in the NELL knowledge base.
- 补充信息：generalizations: locationactedinbyagent | domain: location | range: organization",1,grok-4,0.0,8192,https://api2.aigcbest.top/v1,"判断结果：[正确]  
解释：[背景知识显示buildingbelongstoorganization的generalizations包括locationactedinbyorganization，且其domain（building）是location的子类，符合RDFS subPropertyOf语义规则的属性包含关系。]",1.0,1.0,
hard_case_0223,subPropertyOf,cityattractions ⊑p cityhostsattraction,"背景知识：
条目1：
- 名称：cityattractions
- 类型：Unknown
- 简介：The city that an attraction is located in
- 补充信息：generalizations: locationcontainslocation | domain: city | range: attraction

条目2：
- 名称：cityhostsattraction
- 类型：Unknown
- 简介：Attraction occurs in the city
- 补充信息：generalizations: cityattractions | domain: city | range: attraction",0,grok-4,0.0,8192,https://api2.aigcbest.top/v1,"判断结果：[错误]  
解释：[背景知识显示cityhostsattraction的generalizations为cityattractions，表明cityhostsattraction是cityattractions的子属性，与公理中cityattractions subPropertyOf cityhostsattraction的方向相反，违反RDFS subPropertyOf语义规则。]",0.0,1.0,
hard_case_0224,subPropertyOf,cityhostsattraction ⊑p cityattractions,"背景知识：
条目1：
- 名称：cityhostsattraction
- 类型：Unknown
- 简介：Attraction occurs in the city
- 补充信息：generalizations: cityattractions | domain: city | range: attraction

条目2：
- 名称：cityattractions
- 类型：Unknown
- 简介：The city that an attraction is located in
- 补充信息：generalizations: locationcontainslocation | domain: city | range: attraction",1,grok-4,0.0,8192,https://api2.aigcbest.top/v1,"判断结果：[正确]
解释：背景知识中明确指出cityhostsattraction的generalizations为cityattractions，符合RDFS subPropertyOf语义规则，表示cityhostsattraction是cityattractions的子属性。",1.0,1.0,
hard_case_0225,subPropertyOf,citysportsteams ⊑p proxyfor,"背景知识：
条目1：
- 名称：citysportsteams
- 类型：Class
- 简介：citysportsteams is a class in the NELL knowledge base.
- 补充信息：generalizations: proxyfor, locationactedinbyorganization | domain: city | range: sportsteam

条目2：
- 名称：proxyfor
- 类型：Class
- 简介：{%%s is a %s for %%s, proxy}
- 补充信息：generalizations: mutualproxyfor | domain: everypromotedthing | range: everypromotedthing",1,grok-4,0.0,8192,https://api2.aigcbest.top/v1,"判断结果：[正确]  
解释：根据背景知识，citysportsteams的generalizations包括proxyfor，且两者均具有domain和range特征，符合RDFS subPropertyOf语义规则，表示citysportsteams是proxyfor的子属性，无明显冲突。",1.0,1.0,
hard_case_0226,subPropertyOf,companyalsoknownas ⊑p organizationalsoknownas,"背景知识：
条目1：
- 名称：companyalsoknownas
- 类型：Class
- 简介：{%%s is a company %s %%s, also known as}
- 补充信息：generalizations: organizationalsoknownas | domain: company | range: company

条目2：
- 名称：organizationalsoknownas
- 类型：Class
- 简介：{%%s is an organization %s %%s, also known as}
- 补充信息：generalizations: synonymfor | domain: organization | range: organization",1,grok-4,0.0,8192,https://api2.aigcbest.top/v1,"判断结果：[正确]  
解释：[背景知识显示companyalsoknownas的generalizations为organizationalsoknownas，且其domain/range（company）符合organizationalsoknownas的domain/range（organization）的子类关系，这与RDFS subPropertyOf语义规则一致，支持属性包含关系。]",1.0,1.0,
hard_case_0227,subPropertyOf,countryofpersondeath ⊑p locationofpersondeath,"背景知识：
条目1：
- 名称：countryofpersondeath
- 类型：Class
- 简介：countryofpersondeath is a class in the NELL knowledge base.
- 补充信息：generalizations: locationofpersondeath | domain: country | range: person

条目2：
- 名称：locationofpersondeath
- 类型：Class
- 简介：locationofpersondeath is a class in the NELL knowledge base.
- 补充信息：generalizations: locationactedinbyagent | domain: location | range: person",1,grok-4,0.0,8192,https://api2.aigcbest.top/v1,"判断结果：[正确]  
解释：[背景知识显示countryofpersondeath的generalizations包括locationofpersondeath，且其domain（country）是location的子类、range一致，符合RDFS subPropertyOf语义规则的属性包含关系。]",1.0,1.0,
hard_case_0228,subPropertyOf,dateof ⊑p dateatwhichexistslocation,"背景知识：
条目1：
- 名称：dateof
- 类型：Unknown
- 简介：assigns dates to things.
- 补充信息：generalizations: relatedto | domain: date | range: everypromotedthing

条目2：
- 名称：dateatwhichexistslocation
- 类型：Unknown
- 简介：Most general location-to-date relation. Note that locations are not eternal.
- 补充信息：generalizations: dateof | domain: date | range: location",0,grok-4,0.0,8192,https://api2.aigcbest.top/v1,"判断结果：[错误]  
解释：公理声称dateof是dateatwhichexistslocation的子属性，但背景知识显示dateatwhichexistslocation的generalizations为dateof，表明实际subPropertyOf关系相反，与RDFS语义规则冲突。",0.0,1.0,
hard_case_0230,subPropertyOf,inverseofanimalssuchasmammals ⊑p specializationof,"背景知识：
条目1：
- 名称：inverseofanimalssuchasmammals
- 类型：Unknown
- 简介：Describes the animal types that are generalizations of mammals
- 补充信息：generalizations: specializationof | domain: mammal | range: animal

条目2：
- 名称：specializationof
- 类型：Unknown
- 简介：one thing is a more specific kind of another thing
- 补充信息：generalizations: relatedto | domain: everypromotedthing | range: everypromotedthing",1,grok-4,0.0,8192,https://api2.aigcbest.top/v1,"判断结果：正确  
解释：公理表示inverseofanimalssuchasmammals是specializationof的子属性，与背景知识中inverseofanimalssuchasmammals的generalizations指向specializationof一致，且RDFS subPropertyOf规则支持这种语义包含关系无冲突。",1.0,1.0,
hard_case_0231,subPropertyOf,inverseofautomobilemakerchiefexecutiveceo ⊑p ceoof,"背景知识：
条目1：
- 名称：inverseofautomobilemakerchiefexecutiveceo
- 类型：Class
- 简介：inverseofautomobilemakerchiefexecutiveceo is a class in the NELL knowledge base.
- 补充信息：generalizations: ceoof | domain: ceo | range: automobilemaker

条目2：
- 名称：ceoof
- 类型：Class
- 简介：{%%s is the %s %%s, CEO of}
- 补充信息：generalizations: topmemberoforganization | domain: ceo | range: company",1,grok-4,0.0,8192,https://api2.aigcbest.top/v1,"判断结果：[正确]
解释：背景知识中inverseofautomobilemakerchiefexecutiveceo的generalizations为ceoof，且两者域与值域兼容，支持其作为ceoof的子属性。",1.0,1.0,
hard_case_0232,subPropertyOf,inverseofcoachcanspeaklanguage ⊑p relatedto,"背景知识：
条目1：
- 名称：inverseofcoachcanspeaklanguage
- 类型：Unknown
- 简介：Describes the languages that coaches might speak
- 补充信息：generalizations: relatedto | domain: language | range: coach

条目2：
- 名称：relatedto
- 类型：Unknown
- 简介：associated; connected (http://dictionary.reference.com/browse/related)
- 补充信息：generalizations: slot | domain: everypromotedthing | range: everypromotedthing",1,grok-4,0.0,8192,https://api2.aigcbest.top/v1,"判断结果：正确  
解释：背景知识中inverseofcoachcanspeaklanguage的generalizations明确包括relatedto，表示其为relatedto的子属性，这符合RDFS subPropertyOf语义规则中子属性包含于超属性的推理。",1.0,1.0,
hard_case_0234,subPropertyOf,inverseofmammalsuchasmammal ⊑p specializationof,"背景知识：
条目1：
- 名称：inverseofmammalsuchasmammal
- 类型：Class
- 简介：inverseofmammalsuchasmammal is a class in the NELL knowledge base.
- 补充信息：generalizations: specializationof | domain: mammal | range: mammal

条目2：
- 名称：specializationof
- 类型：Class
- 简介：{%%s is a %s %%s, kind of}
- 补充信息：generalizations: relatedto | domain: everypromotedthing | range: everypromotedthing",1,grok-4,0.0,8192,https://api2.aigcbest.top/v1,"判断结果：[正确]  
解释：[背景知识表明inverseofmammalsuchasmammal的generalizations包括specializationof，符合RDFS subPropertyOf语义规则，即前者是后者的子属性。]",1.0,1.0,
hard_case_0235,subPropertyOf,inverseofpersongraduatedfromuniversity ⊑p schoolgraduatedperson,"背景知识：
条目1：
- 名称：inverseofpersongraduatedfromuniversity
- 类型：Class
- 简介：inverseofpersongraduatedfromuniversity is a class in the NELL knowledge base.
- 补充信息：generalizations: schoolgraduatedperson | domain: university | range: person

条目2：
- 名称：schoolgraduatedperson
- 类型：Class
- 简介：schoolgraduatedperson is a class in the NELL knowledge base.
- 补充信息：generalizations: schoolattendedbyperson | domain: school | range: person",1,grok-4,0.0,8192,https://api2.aigcbest.top/v1,"判断结果：[正确]  
解释：[背景知识中明确指出inverseofpersongraduatedfromuniversity的generalizations包括schoolgraduatedperson，符合RDFS subPropertyOf语义规则，表示属性间的包含关系，且域与值域约束（university作为school的特化）无冲突。]",1.0,1.0,
hard_case_0236,subPropertyOf,inverseofplantgrowinginplant ⊑p relatedto,"背景知识：
条目1：
- 名称：inverseofplantgrowinginplant
- 类型：Class
- 简介：inverseofplantgrowinginplant is a class in the NELL knowledge base.
- 补充信息：generalizations: relatedto | domain: plant | range: plant

条目2：
- 名称：relatedto
- 类型：Class
- 简介：{%%s is somehow %s %%s, related to}
- 补充信息：generalizations: slot | domain: everypromotedthing | range: everypromotedthing",1,grok-4,0.0,8192,https://api2.aigcbest.top/v1,"判断结果：正确  
解释：根据背景知识，inverseofplantgrowinginplant的generalizations包括relatedto，这符合RDFS subPropertyOf语义规则，表示前者是后者的子属性，且无明显冲突。",1.0,1.0,
hard_case_0237,subPropertyOf,inverseofprofessionactsatthesameareaofpoliticissue ⊑p relatedto,"背景知识：
条目1：
- 名称：inverseofprofessionactsatthesameareaofpoliticissue
- 类型：Class
- 简介：inverseofprofessionactsatthesameareaofpoliticissue is a class in the NELL knowledge base.
- 补充信息：generalizations: relatedto | domain: profession | range: politicsissue

条目2：
- 名称：relatedto
- 类型：Class
- 简介：{%%s is somehow %s %%s, related to}
- 补充信息：generalizations: slot | domain: everypromotedthing | range: everypromotedthing",1,grok-4,0.0,8192,https://api2.aigcbest.top/v1,"判断结果：[正确]  
解释：[背景知识中inverseofprofessionactsatthesameareaofpoliticissue的generalizations包括relatedto，符合RDFS subPropertyOf语义规则，表示其为relatedto的子属性，且域范围约束无冲突。]",1.0,1.0,
hard_case_0238,subPropertyOf,invertebratehascolor ⊑p relatedto,"背景知识：
条目1：
- 名称：invertebratehascolor
- 类型：Class
- 简介：{%%s %s %%s, is related to}
- 补充信息：generalizations: relatedto | domain: invertebrate | range: color

条目2：
- 名称：relatedto
- 类型：Class
- 简介：{%%s is somehow %s %%s, related to}
- 补充信息：generalizations: slot | domain: everypromotedthing | range: everypromotedthing",1,grok-4,0.0,8192,https://api2.aigcbest.top/v1,"判断结果：[正确]  
解释：[背景知识显示invertebratehascolor的generalizations包括relatedto，符合RDFS subPropertyOf语义规则，表示invertebratehascolor是relatedto的子属性且其关系可被继承。]",1.0,1.0,
hard_case_0239,subPropertyOf,istallerthan ⊑p relatedto,"背景知识：
条目1：
- 名称：istallerthan
- 类型：Class
- 简介：{%%s is %s %%s, taller than}
- 补充信息：generalizations: relatedto | domain: everypromotedthing | range: everypromotedthing

条目2：
- 名称：relatedto
- 类型：Class
- 简介：{%%s is somehow %s %%s, related to}
- 补充信息：generalizations: slot | domain: everypromotedthing | range: everypromotedthing",1,grok-4,0.0,8192,https://api2.aigcbest.top/v1,"判断结果：[正确]  
解释：[根据背景知识，istallerthan的generalizations为relatedto，表示istallerthan是relatedto的子属性，这符合RDFS subPropertyOf语义规则，其中如果x istallerthan y则隐含x relatedto y。]",1.0,1.0,
hard_case_0240,subPropertyOf,languageschoolincity ⊑p relatedto,"背景知识：
条目1：
- 名称：languageschoolincity
- 类型：Class
- 简介：{%%s is a language %s the city %%s, taught in language schools in}
- 补充信息：generalizations: relatedto | domain: language | range: city

条目2：
- 名称：relatedto
- 类型：Class
- 简介：{%%s is somehow %s %%s, related to}
- 补充信息：generalizations: slot | domain: everypromotedthing | range: everypromotedthing",1,grok-4,0.0,8192,https://api2.aigcbest.top/v1,"判断结果：[正确]  
解释：[根据背景知识，languageschoolincity的generalizations包括relatedto，表示其为relatedto的子属性，这符合RDFS subPropertyOf语义规则中属性包含关系的推理，且无明显冲突。]",1.0,1.0,
hard_case_0241,subPropertyOf,locationofevent ⊑p locatedat,"背景知识：
条目1：
- 名称：locationofevent
- 类型：Unknown
- 简介：the location that an event is happened at
- 补充信息：generalizations: locatedat | domain: location | range: event

条目2：
- 名称：locatedat
- 类型：Unknown
- 简介：assigns locations to things.
- 补充信息：generalizations: relatedto | domain: location | range: everypromotedthing",1,grok-4,0.0,8192,https://api2.aigcbest.top/v1,"判断结果：[正确]  
解释：[背景知识显示locationofevent的generalizations包括locatedat，符合RDFS subPropertyOf语义规则，表示locationofevent是locatedat的子属性。]",1.0,1.0,
hard_case_0242,subPropertyOf,mlauthorofsoftware ⊑p agentcreated,"背景知识：
条目1：
- 名称：mlauthorofsoftware
- 类型：Class
- 简介：{%%s is a machine-learning author who %s the software %%s, wrote}
- 补充信息：generalizations: agentcreated, agentinvolvedwithitem | domain: mlauthor | range: mlsoftware

条目2：
- 名称：agentcreated
- 类型：Class
- 简介：{%%s %s %%s, created}
- 补充信息：generalizations: relatedto | domain: agent | range: everypromotedthing",1,grok-4,0.0,8192,https://api2.aigcbest.top/v1,"判断结果：[正确]  
解释：[根据背景知识，mlauthorofsoftware的generalizations包括agentcreated，表明其作为属性的子关系符合RDFS subPropertyOf语义规则，且domain与range约束兼容无冲突。]",1.0,1.0,
hard_case_0243,subPropertyOf,mlsoftwareauthor ⊑p createdbyagent,"背景知识：
条目1：
- 名称：mlsoftwareauthor
- 类型：Class
- 简介：mlsoftwareauthor is a class in the NELL knowledge base.
- 补充信息：generalizations: iteminvolvedwithagent, createdbyagent | domain: mlsoftware | range: mlauthor

条目2：
- 名称：createdbyagent
- 类型：Class
- 简介：createdbyagent is a class in the NELL knowledge base.
- 补充信息：generalizations: relatedto | domain: everypromotedthing | range: agent",1,grok-4,0.0,8192,https://api2.aigcbest.top/v1,"判断结果：正确  
解释：根据背景知识，mlsoftwareauthor的generalizations包括createdbyagent，这符合RDFS subPropertyOf语义规则，表示mlsoftwareauthor是createdbyagent的子属性，其domain和range约束也兼容。",1.0,1.0,
hard_case_0244,subPropertyOf,museumincity ⊑p attractionofcity,"背景知识：
条目1：
- 名称：museumincity
- 类型：Class
- 简介：{%%s is a museum %s %%s, in the city}
- 补充信息：generalizations: attractionofcity, buildinglocatedincity | domain: museum | range: city

条目2：
- 名称：attractionofcity
- 类型：Class
- 简介：{%%s is a tourist attraction %s %%s, in the city}
- 补充信息：generalizations: locationlocatedwithinlocation | domain: attraction | range: city",1,grok-4,0.0,8192,https://api2.aigcbest.top/v1,"判断结果：[正确]  
解释：[背景知识中museumincity的generalizations明确包括attractionofcity，符合RDFS subPropertyOf语义规则，表示museumincity的实例隐含为attractionofcity的实例，无冲突。]",1.0,1.0,
hard_case_0245,subPropertyOf,productinstanceof ⊑p specializationof,"背景知识：
条目1：
- 名称：productinstanceof
- 类型：Unknown
- 简介：Specifies that a particular product is a particular kind of thing
- 补充信息：generalizations: specializationof | domain: product | range: item

条目2：
- 名称：specializationof
- 类型：Unknown
- 简介：one thing is a more specific kind of another thing
- 补充信息：generalizations: relatedto | domain: everypromotedthing | range: everypromotedthing",1,grok-4,0.0,8192,https://api2.aigcbest.top/v1,"判断结果：[正确]  
解释：根据背景知识，productinstanceof的generalizations包括specializationof，这符合RDFS subPropertyOf语义规则，表示productinstanceof是specializationof的子属性，且domain/range约束无明显冲突。",1.0,1.0,
hard_case_0246,subPropertyOf,relatedto ⊑p magnitudeofearthquaque,"背景知识：
条目1：
- 名称：relatedto
- 类型：Unknown
- 简介：associated; connected (http://dictionary.reference.com/browse/related)
- 补充信息：generalizations: slot | domain: everypromotedthing | range: everypromotedthing

条目2：
- 名称：magnitudeofearthquaque
- 类型：Unknown
- 简介：{%%s is the %s the event %%s, magnitude of}
- 补充信息：generalizations: relatedto | domain: everypromotedthing | range: earthquakeevent",0,grok-4,0.0,8192,https://api2.aigcbest.top/v1,"判断结果：[错误]  
解释：[背景知识显示magnitudeofearthquaque是relatedto的specialization（子属性），而公理颠倒了这一subPropertyOf关系，与RDFS语义规则中子属性应更具体且蕴涵超属性的含义冲突。]",0.0,1.0,
hard_case_0247,subPropertyOf,sportsgamewinnerscore ⊑p relatedto,"背景知识：
条目1：
- 名称：sportsgamewinnerscore
- 类型：Unknown
- 简介：Specifies the score with which the winning team in a particular sportsGame lost.
- 补充信息：generalizations: relatedto | domain: sportsgame | range: nonneginteger

条目2：
- 名称：relatedto
- 类型：Unknown
- 简介：associated; connected (http://dictionary.reference.com/browse/related)
- 补充信息：generalizations: slot | domain: everypromotedthing | range: everypromotedthing",1,grok-4,0.0,8192,https://api2.aigcbest.top/v1,"判断结果：[正确]  
解释：[背景知识中sportsgamewinnerscore的generalizations包括relatedto，支持其作为relatedto的子属性，符合RDFS subPropertyOf语义规则的包含关系。]",1.0,1.0,
hard_case_0248,subPropertyOf,sportusesstadium ⊑p relatedto,"背景知识：
条目1：
- 名称：sportusesstadium
- 类型：Class
- 简介：{%%s is a sport %s the venue %%s, played in}
- 补充信息：generalizations: relatedto | domain: sport | range: stadiumoreventvenue

条目2：
- 名称：relatedto
- 类型：Class
- 简介：{%%s is somehow %s %%s, related to}
- 补充信息：generalizations: slot | domain: everypromotedthing | range: everypromotedthing",1,grok-4,0.0,8192,https://api2.aigcbest.top/v1,"判断结果：[正确]
解释：[sportusesstadium的背景知识显示其generalizations为relatedto，符合RDFS subPropertyOf语义规则，表示sportusesstadium是relatedto的子属性，且其domain和range更具体而不冲突。]",1.0,1.0,
hard_case_0249,subPropertyOf,statehaslake ⊑p locationcontainslocation,"背景知识：
条目1：
- 名称：statehaslake
- 类型：Class
- 简介：statehaslake is a class in the NELL knowledge base.
- 补充信息：generalizations: locationcontainslocation | domain: stateorprovince | range: lake

条目2：
- 名称：locationcontainslocation
- 类型：Class
- 简介：locationcontainslocation is a class in the NELL knowledge base.
- 补充信息：generalizations: superpartof, locatedat | domain: location | range: location",1,grok-4,0.0,8192,https://api2.aigcbest.top/v1,"判断结果：正确  
解释：根据背景知识，statehaslake的generalizations包括locationcontainslocation，符合RDFS subPropertyOf语义规则，其中statehaslake作为特定属性（domain: stateorprovince, range: lake）被包含于更一般的locationcontainslocation（domain: location, range: location）。",1.0,1.0,
hard_case_0250,subPropertyOf,timeofprotest ⊑p relatedto,"背景知识：
条目1：
- 名称：timeofprotest
- 类型：Class
- 简介：{%%s is the %s the event %%s, time of}
- 补充信息：generalizations: relatedto | domain: time | range: protestevent

条目2：
- 名称：relatedto
- 类型：Class
- 简介：{%%s is somehow %s %%s, related to}
- 补充信息：generalizations: slot | domain: everypromotedthing | range: everypromotedthing",1,grok-4,0.0,8192,https://api2.aigcbest.top/v1,"判断结果：正确  
解释：背景知识中timeofprotest的generalizations明确指向relatedto，符合RDFS subPropertyOf语义规则，表示timeofprotest作为子属性继承relatedto的语义关系且无冲突。",1.0,1.0,
hard_case_0251,domain,domain(arteriessuchasarteries) = artery,"背景知识：
条目1：
- 名称：arteriessuchasarteries
- 类型：Class
- 简介：{%%s %s %%s, is a generalization of}
- 补充信息：generalizations: generalizationof | domain: artery | range: artery

条目2：
- 名称：artery
- 类型：Class
- 简介：{%%s is an %s, artery}
- 补充信息：generalizations: bodypart",1,grok-4,0.0,8192,https://api2.aigcbest.top/v1,"判断结果：[正确]  
解释：[公理domain(arteriessuchasarteries)=artery与背景知识中补充信息的domain: artery一致，符合RDFS中domain规则对属性的语义约束。]",1.0,1.0,
hard_case_0252,domain,domain(dateatwhichexistslocation) = date,"背景知识：
条目1：
- 名称：dateatwhichexistslocation
- 类型：Class
- 简介：dateatwhichexistslocation is a class in the NELL knowledge base.
- 补充信息：generalizations: dateof | domain: date | range: location

条目2：
- 名称：date
- 类型：Class
- 简介：{%%s is a %s, date}
- 补充信息：generalizations: abstractthing",1,grok-4,0.0,8192,https://api2.aigcbest.top/v1,"判断结果：正确  
解释：背景知识中明确指定dateatwhichexistslocation的domain为date，这符合RDFS中domain公理对属性主体类别的语义约束。",1.0,1.0,
hard_case_0253,domain,domain(inverseofanimalssuchasmammals) = mammal,"背景知识：
条目1：
- 名称：inverseofanimalssuchasmammals
- 类型：Unknown
- 简介：Describes the animal types that are generalizations of mammals
- 补充信息：generalizations: specializationof | domain: mammal | range: animal

条目2：
- 名称：mammal
- 类型：Unknown
- 简介：Mammals (formally Mammalia) are a class of vertebrate, air-breathing animals whose females are characterized by the possession of mammary glands while both males and females are characterized by hair and/or fur, three middle ear bones used....
- 补充信息：generalizations: vertebrate",1,grok-4,0.0,8192,https://api2.aigcbest.top/v1,"判断结果：[正确]  
解释：[背景知识中明确指定inverseofanimalssuchasmammals属性的domain为mammal，与RDFS domain规则一致，无冲突。]",1.0,1.0,
hard_case_0254,domain,domain(inverseofarthropodlooklikeinsect) = insect,"背景知识：
条目1：
- 名称：inverseofarthropodlooklikeinsect
- 类型：Unknown
- 简介：Describes the arthropod that look like specific insects
- 补充信息：generalizations: relatedto | domain: insect | range: arthropod

条目2：
- 名称：insect
- 类型：Unknown
- 简介：class within the arthropods that have a chitinous exoskeleton, a three-part body (head, thorax, and abdomen), three pairs of jointed legs, compound eyes, and two antennae
- 补充信息：generalizations: arthropod",1,grok-4,0.0,8192,https://api2.aigcbest.top/v1,"判断结果：[正确]  
解释：[背景知识中明确指定inverseofarthropodlooklikeinsect的domain为insect，与公理一致且符合RDFS domain语义规则。]",1.0,1.0,
hard_case_0255,domain,domain(inverseofbankboughtbank) = bank,"背景知识：
条目1：
- 名称：inverseofbankboughtbank
- 类型：Class
- 简介：inverseofbankboughtbank is a class in the NELL knowledge base.
- 补充信息：generalizations: acquiredby | domain: bank | range: bank

条目2：
- 名称：bank
- 类型：Class
- 简介：{%%s is a %s, bank}
- 补充信息：generalizations: company",1,grok-4,0.0,8192,https://api2.aigcbest.top/v1,"判断结果：[正确]  
解释：背景知识中明确指出inverseofbankboughtbank的domain为bank，这符合RDFS中domain公理对属性主体类别的语义约束。",1.0,1.0,
hard_case_0256,domain,domain(inverseofcoachstudiedatuniversity) = university,"背景知识：
条目1：
- 名称：inverseofcoachstudiedatuniversity
- 类型：Unknown
- 简介：Describes the university where the coach studied at
- 补充信息：generalizations: relatedto | domain: university | range: coach

条目2：
- 名称：university
- 类型：Unknown
- 简介：A university is a post-high school educational institution. This category includes colleges and technical schools.
- 补充信息：generalizations: school, geolocatablething",1,grok-4,0.0,8192,https://api2.aigcbest.top/v1,"判断结果：[正确]  
解释：[背景知识中明确指定inverseofcoachstudiedatuniversity的domain为university，这符合RDFS domain规则对属性主体类别的约束。]",1.0,1.0,
hard_case_0257,domain,domain(inverseofsoftwareprogrammedinprogramminglanguage) = programminglanguage,"背景知识：
条目1：
- 名称：inverseofsoftwareprogrammedinprogramminglanguage
- 类型：Class
- 简介：inverseofsoftwareprogrammedinprogramminglanguage is a class in the NELL knowledge base.
- 补充信息：generalizations: relatedto | domain: programminglanguage | range: software

条目2：
- 名称：programminglanguage
- 类型：Class
- 简介：{%%s is a %s, programming language}
- 补充信息：generalizations: abstractthing",1,grok-4,0.0,8192,https://api2.aigcbest.top/v1,"判断结果：[正确]  
解释：[公理指定的domain与背景知识中inverseofsoftwareprogrammedinprogramminglanguage的domain信息一致，符合RDFS中domain表示属性主体所属类的语义规则。]",1.0,1.0,
hard_case_0258,domain,domain(latitudelongitudeof) = llcoordinate,"背景知识：
条目1：
- 名称：latitudelongitudeof
- 类型：Unknown
- 简介：the latitude and longitude of this location, or the latitude and longitude typically associated with this thing
- 补充信息：generalizations: relatedto | domain: llcoordinate | range: everypromotedthing

条目2：
- 名称：llcoordinate
- 类型：Unknown
- 简介：Longitude is the angular distance of a point's meridian from the Prime (Greenwich) Meridian
- 补充信息：generalizations: abstractthing",1,grok-4,0.0,8192,https://api2.aigcbest.top/v1,"判断结果：正确  
解释：背景知识明确指定latitudelongitudeof的domain为llcoordinate，这符合RDFS中domain规则对属性主体类别的约束。",1.0,1.0,
hard_case_0259,domain,domain(numberofcasualtiesinroadaccident) = nonneginteger,"背景知识：
条目1：
- 名称：numberofcasualtiesinroadaccident
- 类型：Class
- 简介：{%%s is the number of people that %s the event %%s, died in}
- 补充信息：generalizations: relatedto | domain: nonneginteger | range: roadaccidentevent

条目2：
- 名称：nonneginteger
- 类型：Class
- 简介：{%%s is a %s, non-negative integer}
- 补充信息：generalizations: abstractthing",1,grok-4,0.0,8192,https://api2.aigcbest.top/v1,"判断结果：[正确]  
解释：[背景知识中明确指定numberofcasualtiesinroadaccident的domain为nonneginteger，这符合RDFS中domain规则对属性主体类别的语义约束。]",1.0,1.0,
hard_case_0260,domain,domain(officeheldbypolitician) = politicaloffice,"背景知识：
条目1：
- 名称：officeheldbypolitician
- 类型：Unknown
- 简介：Specifies that a particular politician holds a particular office
- 补充信息：generalizations: relatedto | domain: politicaloffice | range: politician

条目2：
- 名称：politicaloffice
- 类型：Unknown
- 简介：This type is for the office, title, or position within a government. It includes both single-person offices (prime minister, emperor, mayor), titles of members of a governing body (representative, sentator, MP), and titles of additional pos...
- 补充信息：generalizations: abstractthing",1,grok-4,0.0,8192,https://api2.aigcbest.top/v1,"判断结果：[正确]  
解释：[背景知识明确指定officeheldbypolitician的domain为politicaloffice，这符合RDFS中domain规则对属性主体类别的约束。]",1.0,1.0,
hard_case_0261,domain,domain(organizationhastopmember) = company,"背景知识：
条目1：
- 名称：organizationhastopmember
- 类型：Unknown
- 简介：Identifies people in high-level, leading positions at organizations. Applicable positions have authority over the entire organization (e.g. presidents, VPs, directors, and C-level executives), not merely over departments or subsidiaries.
- 补充信息：generalizations: organizationleadbyperson, worker | domain: company | range: person

条目2：
- 名称：company
- 类型：Unknown
- 简介：A company is an organization whose goal is to make money
- 补充信息：generalizations: organization",1,grok-4,0.0,8192,https://api2.aigcbest.top/v1,"判断结果：[正确]  
解释：[背景知识中明确指定organizationhastopmember的domain为company，这符合RDFS domain规则对属性主体类别的约束。]",1.0,1.0,
hard_case_0262,domain,domain(producedby) = product,"背景知识：
条目1：
- 名称：producedby
- 类型：Class
- 简介：producedby is a class in the NELL knowledge base.
- 补充信息：generalizations: iteminvolvedwithagent, createdbyagent | domain: product | range: company

条目2：
- 名称：product
- 类型：Class
- 简介：{%%s is a %s, product}
- 补充信息：generalizations: item",1,grok-4,0.0,8192,https://api2.aigcbest.top/v1,"判断结果：正确  
解释：背景知识中明确指定producedby的domain为product，这符合RDFS中domain规则对属性主体类的语义约束。",1.0,1.0,
hard_case_0263,domain,domain(productlauchpredecessor) = productlaunchevent,"背景知识：
条目1：
- 名称：productlauchpredecessor
- 类型：Class
- 简介：{%%s was %s of the product launched in %%s, the predecessor}
- 补充信息：generalizations: relatedto | domain: productlaunchevent | range: product

条目2：
- 名称：productlaunchevent
- 类型：Class
- 简介：{%%s is a %s, product launch event}
- 补充信息：generalizations: event",1,grok-4,0.0,8192,https://api2.aigcbest.top/v1,"判断结果：[正确]  
解释：[背景知识中明确定义了productlauchpredecessor属性的domain为productlaunchevent，这符合RDFS语义规则中domain约束主体所属类的要求，无冲突。]",1.0,1.0,
hard_case_0264,domain,domain(professionactsatthesameareaofpoliticissue) = politicsissue,"背景知识：
条目1：
- 名称：professionactsatthesameareaofpoliticissue
- 类型：Unknown
- 简介：Describes professions that work at the area of a political issue
- 补充信息：generalizations: relatedto | domain: politicsissue | range: profession

条目2：
- 名称：politicsissue
- 类型：Unknown
- 简介：An issue of political concern
- 补充信息：generalizations: abstractthing",1,grok-4,0.0,8192,https://api2.aigcbest.top/v1,"判断结果：正确  
解释：背景知识明确指定professionactsatthesameareaofpoliticissue的domain为politicsissue，这符合RDFS中domain规则对属性主体类别的约束。",1.0,1.0,
hard_case_0265,domain,domain(superpartof) = everypromotedthing,"背景知识：
条目1：
- 名称：superpartof
- 类型：Class
- 简介：superpartof is a class in the NELL knowledge base.
- 补充信息：generalizations: relatedto | domain: everypromotedthing | range: everypromotedthing

条目2：
- 名称：everypromotedthing
- 类型：Class
- 简介：{%%s is %s, something}",1,grok-4,0.0,8192,https://api2.aigcbest.top/v1,"判断结果：正确  
解释：背景知识明确指出superpartof的domain为everypromotedthing，这符合RDFS domain规则对属性主体类别的语义约束。",1.0,1.0,
hard_case_0266,domain,domain(timeofprotest) = time,"背景知识：
条目1：
- 名称：timeofprotest
- 类型：Unknown
- 简介：{%%s is the %s the event %%s, time of}
- 补充信息：generalizations: relatedto | domain: time | range: protestevent

条目2：
- 名称：time
- 类型：Unknown
- 简介：a specific time
- 补充信息：generalizations: abstractthing",1,grok-4,0.0,8192,https://api2.aigcbest.top/v1,"判断结果：[正确]  
解释：[背景知识明确指定timeofprotest的domain为time，这符合RDFS中domain规则对属性主体类的语义约束。]",1.0,1.0,
hard_case_0267,range,range(arteriessuchasarteries) = artery,"背景知识：
条目1：
- 名称：arteriessuchasarteries
- 类型：Class
- 简介：{%%s %s %%s, is a generalization of}
- 补充信息：generalizations: generalizationof | domain: artery | range: artery

条目2：
- 名称：artery
- 类型：Class
- 简介：{%%s is an %s, artery}
- 补充信息：generalizations: bodypart",1,grok-4,0.0,8192,https://api2.aigcbest.top/v1,"判断结果：[正确]
解释：[背景知识中明确补充信息指出arteriessuchasarteries的range为artery，与RDFS range语义规则一致，无冲突。]",1.0,1.0,
hard_case_0268,range,range(comediancanbethesameasmale) = male,"背景知识：
条目1：
- 名称：comediancanbethesameasmale
- 类型：Class
- 简介：{%%s %s %%s, is related to}
- 补充信息：generalizations: canbethesameas | domain: comedian | range: male

条目2：
- 名称：male
- 类型：Class
- 简介：{%%s is a %s, male}
- 补充信息：generalizations: person",1,grok-4,0.0,8192,https://api2.aigcbest.top/v1,"判断结果：[正确]
解释：背景知识中明确指定comediancanbethesameasmale的range为male，这符合RDFS中range公理对属性客体类别的语义约束。",1.0,1.0,
hard_case_0269,range,range(countryhascitizen) = athlete,"背景知识：
条目1：
- 名称：countryhascitizen
- 类型：Class
- 简介：countryhascitizen is a class in the NELL knowledge base.
- 补充信息：generalizations: locationrelatedtoagent | domain: country | range: person

条目2：
- 名称：athlete
- 类型：Unknown
- 简介：An athlete is a person who plays a sport competitively.
- 补充信息：generalizations: person",0,grok-4,0.0,8192,https://api2.aigcbest.top/v1,"判断结果：[错误]  
解释：[背景知识中countryhascitizen的range为person，而公理将其设置为athlete（person的子类），这违反RDFS range语义规则导致约束过窄，与背景知识冲突。]",0.0,1.0,
hard_case_0270,range,range(dateatwhichexistslocation) = city,"背景知识：
条目1：
- 名称：dateatwhichexistslocation
- 类型：Class
- 简介：dateatwhichexistslocation is a class in the NELL knowledge base.
- 补充信息：generalizations: dateof | domain: date | range: location

条目2：
- 名称：city
- 类型：Unknown
- 简介：City/town/village refers to all named inhabited places at the most locally recognized level, but above the level of neighborhood. It is the most local region where there is a form of government or self-organization. Cities/towns/villages ar...
- 补充信息：generalizations: geopoliticallocation, geopoliticalorganization, geolocatablething",0,grok-4,0.0,8192,https://api2.aigcbest.top/v1,"判断结果：[错误]  
解释：[背景知识明确指定dateatwhichexistslocation的range为location，而公理将其设置为city，与给定约束存在冲突。]",0.0,1.0,
hard_case_0271,range,range(inverseofarthropodlooklikeinsect) = arthropod,"背景知识：
条目1：
- 名称：inverseofarthropodlooklikeinsect
- 类型：Unknown
- 简介：Describes the arthropod that look like specific insects
- 补充信息：generalizations: relatedto | domain: insect | range: arthropod

条目2：
- 名称：arthropod
- 类型：Unknown
- 简介：Arthropods are members of the phylum Arthropoda.
- 补充信息：generalizations: invertebrate",1,grok-4,0.0,8192,https://api2.aigcbest.top/v1,"判断结果：[正确]  
解释：[公理声明的range与背景知识中inverseofarthropodlooklikeinsect属性的range信息一致，符合RDFS中range语义规则对属性客体类别的约束。]",1.0,1.0,
hard_case_0272,range,range(inverseofcoachstudiedatuniversity) = coach,"背景知识：
条目1：
- 名称：inverseofcoachstudiedatuniversity
- 类型：Unknown
- 简介：Describes the university where the coach studied at
- 补充信息：generalizations: relatedto | domain: university | range: coach

条目2：
- 名称：coach
- 类型：Unknown
- 简介：A coach is a trainer for a sports team. He leads the team in exercises and manages the team during gameplay. This category includes assistant coaches and other trainers.
- 补充信息：generalizations: person",1,grok-4,0.0,8192,https://api2.aigcbest.top/v1,"判断结果：正确  
解释：背景知识明确指定inverseofcoachstudiedatuniversity的range为coach，这符合RDFS中range公理对属性客体类别的语义约束。",1.0,1.0,
hard_case_0273,range,range(latitudelongitudeof) = everypromotedthing,"背景知识：
条目1：
- 名称：latitudelongitudeof
- 类型：Unknown
- 简介：the latitude and longitude of this location, or the latitude and longitude typically associated with this thing
- 补充信息：generalizations: relatedto | domain: llcoordinate | range: everypromotedthing

条目2：
- 名称：everypromotedthing
- 类型：Unknown
- 简介：every promoted category instance in KB",1,grok-4,0.0,8192,https://api2.aigcbest.top/v1,"判断结果：[正确]
解释：背景知识明确指定latitudelongitudeof的range为everypromotedthing，这符合RDFS中range公理对属性客体类别的语义约束，无明显冲突。",1.0,1.0,
hard_case_0274,range,range(locationofbombing) = bombingevent,"背景知识：
条目1：
- 名称：locationofbombing
- 类型：Unknown
- 简介：{%%s is the %s the event %%s, location of}
- 补充信息：generalizations: relatedto | domain: location | range: bombingevent

条目2：
- 名称：bombingevent
- 类型：Unknown
- 简介：{%%s is a %s, bombing event}
- 补充信息：generalizations: event",1,grok-4,0.0,8192,https://api2.aigcbest.top/v1,"判断结果：[正确]  
解释：[背景知识明确指定locationofbombing的range为bombingevent，这符合RDFS中range规则对属性客体类别的约束。]",1.0,1.0,
hard_case_0275,range,range(numberofcasualtiesinroadaccident) = roadaccidentevent,"背景知识：
条目1：
- 名称：numberofcasualtiesinroadaccident
- 类型：Class
- 简介：{%%s is the number of people that %s the event %%s, died in}
- 补充信息：generalizations: relatedto | domain: nonneginteger | range: roadaccidentevent

条目2：
- 名称：roadaccidentevent
- 类型：Class
- 简介：{%%s is a %s, road accident event}
- 补充信息：generalizations: event",1,grok-4,0.0,8192,https://api2.aigcbest.top/v1,"判断结果：[正确]  
解释：[背景知识中明确指定numberofcasualtiesinroadaccident的range为roadaccidentevent，这符合RDFS中range公理对属性客体类别的语义约束。]",1.0,1.0,
hard_case_0276,range,range(officeheldbypolitician) = politician,"背景知识：
条目1：
- 名称：officeheldbypolitician
- 类型：Unknown
- 简介：Specifies that a particular politician holds a particular office
- 补充信息：generalizations: relatedto | domain: politicaloffice | range: politician

条目2：
- 名称：politician
- 类型：Unknown
- 简介：Any person who has held or sought a position in a government. The term ""politician"" may not be strictly accurate for some positions such as kings, but we have to call it something!
- 补充信息：generalizations: person",1,grok-4,0.0,8192,https://api2.aigcbest.top/v1,"判断结果：正确  
解释：背景知识明确指定officeheldbypolitician的range为politician，这符合RDFS中range公理的语义规则，表示属性的客体属于politician类。",1.0,1.0,
hard_case_0277,range,range(timeofprotest) = protestevent,"背景知识：
条目1：
- 名称：timeofprotest
- 类型：Unknown
- 简介：{%%s is the %s the event %%s, time of}
- 补充信息：generalizations: relatedto | domain: time | range: protestevent

条目2：
- 名称：protestevent
- 类型：Unknown
- 简介：{%%s is a %s, protest event}
- 补充信息：generalizations: event",1,grok-4,0.0,8192,https://api2.aigcbest.top/v1,"判断结果：[正确]  
解释：[背景知识明确指定timeofprotest的range为protestevent，这符合RDFS中range公理对属性值类别的语义约束。]",1.0,1.0,
hard_case_0279,subClassOf,Cancionista_Q24961653 ⊑ Lyricist,"背景知识：
条目1：
- 名称：Cancionista_Q24961653
- 类型：Class
- 简介：Cancionista_Q24961653 is a class in the knowledge base.

条目2：
- 名称：Lyricist
- 类型：Class
- 简介：A lyricist is a writer who writes lyrics, as opposed to a composer, who writes the song's music which may include the melody, harmony, arrangement and accompaniment.",1,grok-4,0.0,8192,https://api2.aigcbest.top/v1,"判断结果：[正确]
解释：根据常识知识，Cancionista_Q24961653 对应于词曲作者或歌词作家，与Lyricist的语义相符，且无背景知识冲突，符合RDFS subClassOf规则的包含关系。",1.0,1.0,
hard_case_0280,subClassOf,Corps_de_l_u0027_armement ⊑ Engineer,"背景知识：
条目1：
- 名称：Corps_de_l_u0027_armement
- 类型：Class
- 简介：Corps_de_l_u0027_armement is a class in the knowledge base.

条目2：
- 名称：Engineer
- 类型：Class
- 简介：An engineer is a practitioner of engineering. The word engineer is derived from the Latin words ingeniare and ingenium (""cleverness""). The foundational qualifications of a licensed professional engineer typically include a four-year bachelo...",1,grok-4,0.0,8192,https://api2.aigcbest.top/v1,"判断结果：[正确]  
解释：[根据背景知识，Corps_de_l_u0027_armement作为一个知识库中的类，其成员属于工程师范畴，与Engineer类的工程从业者定义相符，符合RDFS subClassOf语义规则的包含关系。]",1.0,1.0,
hard_case_0281,subClassOf,Engineering_Mathematician_Q96777281 ⊑ Engineer,"背景知识：
条目1：
- 名称：Engineering_Mathematician_Q96777281
- 类型：Class
- 简介：Engineering_Mathematician_Q96777281 is a class in the knowledge base.

条目2：
- 名称：Engineer
- 类型：Class
- 简介：An engineer is a practitioner of engineering. The word engineer is derived from the Latin words ingeniare and ingenium (""cleverness""). The foundational qualifications of a licensed professional engineer typically include a four-year bachelo...",1,grok-4,0.0,8192,https://api2.aigcbest.top/v1,"判断结果：[正确]  
解释：[根据背景知识，Engineering_Mathematician_Q96777281 作为工程数学家的类，其实例应属于 Engineer 类的从业者范畴，这符合 RDFS subClassOf 规则的包含关系且无冲突。]",1.0,1.0,
hard_case_0282,subClassOf,Fermier_Général_Q50376727 ⊑ Financier,"背景知识：
条目1：
- 名称：Fermier_Général_Q50376727
- 类型：Class
- 简介：Fermier_Général_Q50376727 is a class in the knowledge base.

条目2：
- 名称：Financier
- 类型：Class
- 简介：An investor is a person or entity that allocates financial capital with the expectation of a future return (profit) or to gain an advantage (interest). Through this allocated capital the investor usually purchases some species of property.....",1,grok-4,0.0,8192,https://api2.aigcbest.top/v1,"判断结果：[正确]
解释：[Fermier_Général_Q50376727作为历史上的税农类，与Financier作为投资者的类在语义上存在包含关系，符合RDFS subClassOf规则和背景知识中金融资本分配的描述。]",1.0,1.0,
hard_case_0283,subClassOf,Fictional_Human_Q15632617 ⊑ Fictional_Human_Formerly_Considered_To_Be_Historical_Q64520857,"背景知识：
条目1：
- 名称：Fictional_Human_Q15632617
- 类型：Class
- 简介：Fictional_Human_Q15632617 is a class in the knowledge base.

条目2：
- 名称：Fictional_Human_Formerly_Considered_To_Be_Historical_Q64520857
- 类型：Class
- 简介：Fictional_Human_Formerly_Considered_To_Be_Historical_Q64520857 is a class in the knowledge base.",0,grok-4,0.0,8192,https://api2.aigcbest.top/v1,"判断结果：[错误]  
解释：[根据常识知识，以前被认为是历史性的虚构人类是虚构人类的一个子集，因此子类关系应为反向，该公理违反RDFS subClassOf的语义包含规则。]",0.0,1.0,
hard_case_0284,subClassOf,Fictional_Human_Q15632617 ⊑ Immortal__u0028_Highlander_u0029_,"背景知识：
条目1：
- 名称：Fictional_Human_Q15632617
- 类型：Class
- 简介：Fictional_Human_Q15632617 is a class in the knowledge base.

条目2：
- 名称：Immortal__u0028_Highlander_u0029_
- 类型：Class
- 简介：Immortal__u0028_Highlander_u0029_ is a class in the knowledge base.",0,grok-4,0.0,8192,https://api2.aigcbest.top/v1,"判断结果：[错误]  
解释：[结合常识知识，Fictional_Human_Q15632617 表示虚构人类类，而 Immortal__u0028_Highlander_u0029_ 是特定不朽者类，前者并非后者的子类，因为并非所有虚构人类都是Highlander不朽者，这违反subClassOf的语义包含规则。]",0.0,1.0,
hard_case_0285,subClassOf,Fictional_Human_Q15632617 ⊑ Witcher_Q20011098,"背景知识：
条目1：
- 名称：Fictional_Human_Q15632617
- 类型：Class
- 简介：Fictional_Human_Q15632617 is a class in the knowledge base.

条目2：
- 名称：Witcher_Q20011098
- 类型：Class
- 简介：Witcher_Q20011098 is a class in the knowledge base.",0,grok-4,0.0,8192,https://api2.aigcbest.top/v1,"判断结果：[错误]  
解释：[Fictional_Human_Q15632617 表示虚构人类类，而 Witcher_Q20011098 表示巫师类，根据常识和 RDFS subClassOf 语义规则，所有虚构人类并非都是巫师，此公理违反类包含关系的合理性。]",0.0,1.0,
hard_case_0287,subClassOf,Français_Guyanais_Q102098874 ⊑ French_language,"背景知识：
条目1：
- 名称：Français_Guyanais_Q102098874
- 类型：Class
- 简介：Français_Guyanais_Q102098874 is a class in the knowledge base.

条目2：
- 名称：French_language
- 类型：Class
- 简介：French is a Romance language of the Indo-European family. Like all other Romance languages, it descended from the Vulgar Latin of the Roman Empire. French evolved from Northern Old Gallo-Romance, a descendant of the Latin spoken in Northern...",1,grok-4,0.0,8192,https://api2.aigcbest.top/v1,"判断结果：正确  
解释：根据背景知识，Français_Guyanais_Q102098874作为知识库中的类可能代表法语的圭亚那变体，而French_language是法语类，RDFS的subClassOf规则允许变体类作为语言类的子类，这与语义包含关系一致。",1.0,1.0,
hard_case_0289,subClassOf,Historical_Chinese_Q10913056 ⊑ Chinese_language,"背景知识：
条目1：
- 名称：Historical_Chinese_Q10913056
- 类型：Class
- 简介：Historical_Chinese_Q10913056 is a class in the knowledge base.

条目2：
- 名称：Chinese_language
- 类型：Class
- 简介：Chinese is an umbrella term for all Sinitic languages, widely recognized as a collection of language varieties, spoken natively by the ethnic Han Chinese majority and many minority ethnic groups in Greater China, as well as by various commu...",1,grok-4,0.0,8192,https://api2.aigcbest.top/v1,"判断结果：[正确]
解释：[根据背景知识，Historical_Chinese_Q10913056 作为一个知识库中的类可能代表历史汉语形式，而 Chinese_language 是所有汉语变体的统称，因此其 subClassOf 关系符合 RDFS 语义规则中类包含的推理。]",1.0,1.0,
hard_case_0290,subClassOf,Lawyer ⊑ Rábula_Q10365511,"背景知识：
条目1：
- 名称：Lawyer
- 类型：Class
- 简介：A lawyer is a person who is qualified to offer advice about the law, draft legal documents, or represent individuals in legal matters.

条目2：
- 名称：Rábula_Q10365511
- 类型：Class
- 简介：Rábula_Q10365511 is a class in the knowledge base.",0,grok-4,0.0,8192,https://api2.aigcbest.top/v1,"判断结果：[错误]  
解释：根据常识知识，Lawyer表示合格的律师，而Rábula_Q10365511指代非正式或无资格的法律从业者，二者语义不符，导致subClassOf关系存在明显冲突。",0.0,1.0,
hard_case_0291,subClassOf,Legal_Scholar_Q16012028 ⊑ Constitutional_Lawyer_Q2325224,"背景知识：
条目1：
- 名称：Legal_Scholar_Q16012028
- 类型：Class
- 简介：Legal_Scholar_Q16012028 is a class in the knowledge base.

条目2：
- 名称：Constitutional_Lawyer_Q2325224
- 类型：Class
- 简介：Constitutional_Lawyer_Q2325224 is a class in the knowledge base.",0,grok-4,0.0,8192,https://api2.aigcbest.top/v1,"判断结果：[错误]  
解释：[根据常识，Legal_Scholar_Q16012028（法律学者）并非Constitutional_Lawyer_Q2325224（宪法律师）的子类，因为并非所有法律学者都是宪法律师，此subClassOf关系与语义包含规则冲突。]",0.0,1.0,
hard_case_0293,subClassOf,Manbhumi_dialect ⊑ Bengali_language,"背景知识：
条目1：
- 名称：Manbhumi_dialect
- 类型：Class
- 简介：Western Bengali or Mānbhūmī Bengali is a set of western vernacular Bengali dialects spoken in Purulia, West Bardhaman, Bankura, Greater Medinipur, Birbhum, Singhbhum, Santal Parganas, Chotanagpur, Kakdwip of South 24 Parganas and other adja...

条目2：
- 名称：Bengali_language
- 类型：Class
- 简介：Bengali, also known by its endonym Bangla, is a classical Indo-Aryan language belonging to the Indo-Iranian branch of the Indo-European language family. It is primarily spoken by the Bengali people, native to the Bengal region. With over 24...",1,grok-4,0.0,8192,https://api2.aigcbest.top/v1,"判断结果：正确  
解释：Manbhumi_dialect作为西部孟加拉语方言，其所有实例根据背景知识属于Bengali_language的范畴，符合RDFS subClassOf语义规则的包含关系。",1.0,1.0,
hard_case_0294,subClassOf,Prankster_Q1344569 ⊑ Comedian,"背景知识：
条目1：
- 名称：Prankster_Q1344569
- 类型：Class
- 简介：Prankster_Q1344569 is a class in the knowledge base.

条目2：
- 名称：Comedian
- 类型：Class
- 简介：A comedian or comic is a person who seeks to entertain an audience by making them laugh. This may be done by telling jokes, creating amusing situations, acting foolishly, or employing prop comedy. A comedian who addresses an audience direct...",1,grok-4,0.0,8192,https://api2.aigcbest.top/v1,"判断结果：[正确]
解释：根据背景知识，Prankster_Q1344569作为知识库中的类，其实例可通过制造有趣情况或愚蠢行为来娱乐观众，这符合Comedian的定义，因此subClassOf关系在RDFS语义下合理无明显冲突。",1.0,1.0,
hard_case_0298,subClassOf,State_Public_Works_Engineering_Corps__u0028_France_u0029_ ⊑ Engineer,"背景知识：
条目1：
- 名称：State_Public_Works_Engineering_Corps__u0028_France_u0029_
- 类型：Class
- 简介：State_Public_Works_Engineering_Corps__u0028_France_u0029_ is a class in the knowledge base.

条目2：
- 名称：Engineer
- 类型：Class
- 简介：An engineer is a practitioner of engineering. The word engineer is derived from the Latin words ingeniare and ingenium (""cleverness""). The foundational qualifications of a licensed professional engineer typically include a four-year bachelo...",1,grok-4,0.0,8192,https://api2.aigcbest.top/v1,"判断结果：[正确]
解释：[根据背景知识，State_Public_Works_Engineering_Corps_(France) 是与工程相关的类，其成员作为工程实践者符合 Engineer 类的定义，这满足 RDFS subClassOf 表示的类包含关系语义规则。]",1.0,1.0,
hard_case_0301,subPropertyOf,announcementLocation ⊑p spatialCoverage,"背景知识：
条目1：
- 名称：announcementLocation
- 类型：Property
- 简介：Indicates a specific <a class=""localLink"" href=""/CivicStructure"">CivicStructure</a> or <a class=""localLink"" href=""/LocalBusiness"">LocalBusiness</a> associated with the SpecialAnnouncement. For example, a specific testing facility or busines...
- 补充信息：domainIncludes: http://schema.org/SpecialAnnouncement | rangeIncludes: http://schema.org/CivicStructure, http://schema.org/LocalBusiness

条目2：
- 名称：spatialCoverage
- 类型：Property
- 简介：The spatialCoverage of a CreativeWork indicates the place(s) which are the focus of the content. It is a subproperty of contentLocation intended primarily for more technical and detailed materials. For example with a Dataset, it indicates a...
- 补充信息：domainIncludes: http://schema.org/CreativeWork | rangeIncludes: http://schema.org/Place",1,grok-4,0.0,8192,https://api2.aigcbest.top/v1,"判断结果：正确  
解释：announcementLocation的domain SpecialAnnouncement是CreativeWork的子类，其range CivicStructure和LocalBusiness是Place的子类，与spatialCoverage的domain和range兼容，且语义上announcementLocation可视为spatialCoverage的特化子属性，符合RDFS subPropertyOf规则。",1.0,1.0,
hard_case_0305,subPropertyOf,clipNumber ⊑p position,"背景知识：
条目1：
- 名称：clipNumber
- 类型：Property
- 简介：Position of the clip within an ordered group of clips.
- 补充信息：domainIncludes: http://schema.org/Clip | rangeIncludes: http://schema.org/Integer, http://schema.org/Text

条目2：
- 名称：position
- 类型：Property
- 简介：The position of an item in a series or sequence of items.
- 补充信息：domainIncludes: http://schema.org/CreativeWork, http://schema.org/ListItem | rangeIncludes: http://schema.org/Integer, http://schema.org/Text",1,grok-4,0.0,8192,https://api2.aigcbest.top/v1,"判断结果：[正确]  
解释：[clipNumber作为position的特化属性，其domain（Clip，为CreativeWork子类）和range（Integer/Text）与position兼容，符合RDFS subPropertyOf语义规则中属性的继承与包含关系。]",1.0,1.0,
hard_case_0306,subPropertyOf,confirmationNumber ⊑p identifier,"背景知识：
条目1：
- 名称：confirmationNumber
- 类型：Property
- 简介：A number that confirms the given order or payment has been received.
- 补充信息：domainIncludes: http://schema.org/Invoice, http://schema.org/Order | rangeIncludes: http://schema.org/Text

条目2：
- 名称：identifier
- 类型：Property
- 简介：The identifier property represents any kind of identifier for any kind of <a class=""localLink"" href=""/Thing"">Thing</a>, such as ISBNs, GTIN codes, UUIDs etc. Schema.org provides dedicated properties for representing many of these, either as...
- 补充信息：domainIncludes: http://schema.org/Thing | rangeIncludes: http://schema.org/PropertyValue, http://schema.org/Text, http://schema.org/URL",1,grok-4,0.0,8192,https://api2.aigcbest.top/v1,"判断结果：正确
解释：confirmationNumber作为特定确认号码的属性，其语义上可被视为通用标识符属性identifier的子属性，且其domain和range约束与identifier兼容，符合RDFS subPropertyOf规则的包含关系。",1.0,1.0,
hard_case_0307,subPropertyOf,episode ⊑p hasPart,"背景知识：
条目1：
- 名称：episode
- 类型：Property
- 简介：An episode of a TV, radio or game media within a series or season.
- 补充信息：domainIncludes: http://schema.org/CreativeWorkSeason, http://schema.org/RadioSeries, http://schema.org/TVSeries, http://schema.org/VideoGameSeries | rangeIncludes: http://schema.or...

条目2：
- 名称：hasPart
- 类型：Property
- 简介：Indicates an item or CreativeWork that is part of this item, or CreativeWork (in some sense).
- 补充信息：domainIncludes: http://schema.org/CreativeWork | rangeIncludes: http://schema.org/CreativeWork",1,grok-4,0.0,8192,https://api2.aigcbest.top/v1,"判断结果：正确
解释：episode属性表示系列包含剧集，与hasPart属性的“包含部分”语义兼容，且episode的domain和range均可推理为hasPart的子集，符合RDFS subPropertyOf规则。",1.0,1.0,
hard_case_0309,subPropertyOf,hasCategoryCode ⊑p hasDefinedTerm,"背景知识：
条目1：
- 名称：hasCategoryCode
- 类型：Property
- 简介：A Category code contained in this code set.
- 补充信息：domainIncludes: http://schema.org/CategoryCodeSet | rangeIncludes: http://schema.org/CategoryCode

条目2：
- 名称：hasDefinedTerm
- 类型：Property
- 简介：A Defined Term contained in this term set.
- 补充信息：domainIncludes: http://schema.org/DefinedTermSet, http://schema.org/Taxon | rangeIncludes: http://schema.org/DefinedTerm",1,grok-4,0.0,8192,https://api2.aigcbest.top/v1,"判断结果：[正确]
解释：[hasCategoryCode的domain（CategoryCodeSet）和range（CategoryCode）与hasDefinedTerm的domain（DefinedTermSet等）和range（DefinedTerm）在Schema.org语义中兼容，且subPropertyOf规则支持属性包含关系无明显冲突。]",1.0,1.0,
hard_case_0310,subPropertyOf,homeLocation ⊑p location,"背景知识：
条目1：
- 名称：homeLocation
- 类型：Property
- 简介：A contact location for a person's residence.
- 补充信息：domainIncludes: http://schema.org/Person | rangeIncludes: http://schema.org/ContactPoint, http://schema.org/Place

条目2：
- 名称：location
- 类型：Property
- 简介：The location of, for example, where an event is happening, where an organization is located, or where an action takes place.
- 补充信息：domainIncludes: http://schema.org/Action, http://schema.org/Event, http://schema.org/InteractionCounter, http://schema.org/Organization | rangeIncludes: http://schema.org/Place, ht...",1,grok-4,0.0,8192,https://api2.aigcbest.top/v1,"判断结果：[正确]  
解释：[homeLocation作为针对个人住宅的具体位置属性，其语义包含于更一般的location属性中，符合RDFS subPropertyOf规则，且背景知识中二者的domain和range兼容无明显冲突。]",1.0,1.0,
hard_case_0311,subPropertyOf,identifier ⊑p gtin12,"背景知识：
条目1：
- 名称：identifier
- 类型：Property
- 简介：The identifier property represents any kind of identifier for any kind of <a class=""localLink"" href=""/Thing"">Thing</a>, such as ISBNs, GTIN codes, UUIDs etc. Schema.org provides dedicated properties for representing many of these, either as...
- 补充信息：domainIncludes: http://schema.org/Thing | rangeIncludes: http://schema.org/PropertyValue, http://schema.org/Text, http://schema.org/URL

条目2：
- 名称：gtin12
- 类型：Property
- 简介：The GTIN-12 code of the product, or the product to which the offer refers. The GTIN-12 is the 12-digit GS1 Identification Key composed of a U.P.C. Company Prefix, Item Reference, and Check Digit used to identify trade items. See <a href=""ht...
- 补充信息：domainIncludes: http://schema.org/Demand, http://schema.org/Offer, http://schema.org/Product | rangeIncludes: http://schema.org/Text",0,grok-4,0.0,8192,https://api2.aigcbest.top/v1,"判断结果：[错误]  
解释：[identifier是一个通用标识符属性，包括多种类型如GTIN codes，而gtin12是其特定子类型，因此subPropertyOf关系应为gtin12 ⊑p identifier而非反之，这违反RDFS中属性包含的语义规则和背景知识中的语义约束。]",0.0,1.0,
hard_case_0312,subPropertyOf,identifier ⊑p gtin8,"背景知识：
条目1：
- 名称：identifier
- 类型：Property
- 简介：The identifier property represents any kind of identifier for any kind of <a class=""localLink"" href=""/Thing"">Thing</a>, such as ISBNs, GTIN codes, UUIDs etc. Schema.org provides dedicated properties for representing many of these, either as...
- 补充信息：domainIncludes: http://schema.org/Thing | rangeIncludes: http://schema.org/PropertyValue, http://schema.org/Text, http://schema.org/URL

条目2：
- 名称：gtin8
- 类型：Property
- 简介：The GTIN-8 code of the product, or the product to which the offer refers. This code is also known as EAN/UCC-8 or 8-digit EAN. See <a href=""http://www.gs1.org/barcodes/technical/idkeys/gtin"">GS1 GTIN Summary</a> for more details.
- 补充信息：domainIncludes: http://schema.org/Demand, http://schema.org/Offer, http://schema.org/Product | rangeIncludes: http://schema.org/Text",0,grok-4,0.0,8192,https://api2.aigcbest.top/v1,"判断结果：[错误]  
解释：根据背景知识，identifier是通用标识符属性（包括GTIN codes），而gtin8是其特定子类型，因此RDFS subPropertyOf规则应为gtin8 ⊑p identifier而非反之，此公理颠倒了属性包含关系导致语义冲突。",0.0,1.0,
hard_case_0313,subPropertyOf,identifier ⊑p issn,"背景知识：
条目1：
- 名称：identifier
- 类型：Property
- 简介：The identifier property represents any kind of identifier for any kind of <a class=""localLink"" href=""/Thing"">Thing</a>, such as ISBNs, GTIN codes, UUIDs etc. Schema.org provides dedicated properties for representing many of these, either as...
- 补充信息：domainIncludes: http://schema.org/Thing | rangeIncludes: http://schema.org/PropertyValue, http://schema.org/Text, http://schema.org/URL

条目2：
- 名称：issn
- 类型：Property
- 简介：The International Standard Serial Number (ISSN) that identifies this serial publication. You can repeat this property to identify different formats of, or the linking ISSN (ISSN-L) for, this serial publication.
- 补充信息：domainIncludes: http://schema.org/Blog, http://schema.org/CreativeWorkSeries, http://schema.org/Dataset, http://schema.org/WebSite | rangeIncludes: http://schema.org/Text",0,grok-4,0.0,8192,https://api2.aigcbest.top/v1,"判断结果：错误  
解释：identifier是通用标识符属性，而issn是特定于序列出版物的标识符子类型，根据RDFS subPropertyOf语义，identifier subPropertyOf issn会导致通用标识符不当蕴涵为特定ISSN，违反背景知识中identifier的更广domain和语义。",0.0,1.0,
hard_case_0314,subPropertyOf,inChI ⊑p hasRepresentation,"背景知识：
条目1：
- 名称：inChI
- 类型：Property
- 简介：Non-proprietary identifier for molecular entity that can be used in printed and electronic data sources thus enabling easier linking of diverse data compilations.
- 补充信息：domainIncludes: http://schema.org/MolecularEntity | rangeIncludes: http://schema.org/Text

条目2：
- 名称：hasRepresentation
- 类型：Property
- 简介：A common representation such as a protein sequence or chemical structure for this entity. For images use schema.org/image.
- 补充信息：domainIncludes: http://schema.org/BioChemEntity | rangeIncludes: http://schema.org/PropertyValue, http://schema.org/Text, http://schema.org/URL",1,grok-4,0.0,8192,https://api2.aigcbest.top/v1,"判断结果：正确  
解释：inChI作为hasRepresentation的子属性合理，因为inChI的domain（MolecularEntity）可被视为BioChemEntity的子集，且其range（Text）包含在hasRepresentation的range中，符合RDFS subPropertyOf的语义继承规则。",1.0,1.0,
hard_case_0321,subPropertyOf,legislationPassedBy ⊑p creator,"背景知识：
条目1：
- 名称：legislationPassedBy
- 类型：Property
- 简介：The person or organization that originally passed or made the law: typically parliament (for primary legislation) or government (for secondary legislation). This indicates the ""legal author"" of the law, as opposed to its physical author.
- 补充信息：domainIncludes: http://schema.org/Legislation | rangeIncludes: http://schema.org/Organization, http://schema.org/Person

条目2：
- 名称：creator
- 类型：Property
- 简介：The creator/author of this CreativeWork. This is the same as the Author property for CreativeWork.
- 补充信息：domainIncludes: http://schema.org/CreativeWork, http://schema.org/UserComments | rangeIncludes: http://schema.org/Organization, http://schema.org/Person",1,grok-4,0.0,8192,https://api2.aigcbest.top/v1,"判断结果：[正确]  
解释：[legislationPassedBy表示法律的法律作者，而creator表示创意作品的作者，在RDFS subPropertyOf语义下，若Legislation属于CreativeWork范畴，则前者可作为后者的子属性，无明显冲突。]",1.0,1.0,
hard_case_0323,subPropertyOf,logo ⊑p image,"背景知识：
条目1：
- 名称：logo
- 类型：Property
- 简介：An associated logo.
- 补充信息：domainIncludes: http://schema.org/Brand, http://schema.org/Certification, http://schema.org/Organization, http://schema.org/Place, http://schema.org/Product, http://schema.org/Serv...

条目2：
- 名称：image
- 类型：Property
- 简介：An image of the item. This can be a <a class=""localLink"" href=""/URL"">URL</a> or a fully described <a class=""localLink"" href=""/ImageObject"">ImageObject</a>.
- 补充信息：domainIncludes: http://schema.org/Thing | rangeIncludes: http://schema.org/ImageObject, http://schema.org/URL",1,grok-4,0.0,8192,https://api2.aigcbest.top/v1,"判断结果：[正确]  
解释：根据背景知识，logo作为关联logo的属性，其语义上可视为image（物品图像）的特定子属性，符合RDFS subPropertyOf规则，其中logo的domain是image domain（Thing）的子集，且无明显语义冲突。",1.0,1.0,
hard_case_0327,subPropertyOf,missionCoveragePrioritiesPolicy ⊑p publishingPrinciples,"背景知识：
条目1：
- 名称：missionCoveragePrioritiesPolicy
- 类型：Property
- 简介：For a <a class=""localLink"" href=""/NewsMediaOrganization"">NewsMediaOrganization</a>, a statement on coverage priorities, including any public agenda or stance on issues.
- 补充信息：domainIncludes: http://schema.org/NewsMediaOrganization | rangeIncludes: http://schema.org/CreativeWork, http://schema.org/URL

条目2：
- 名称：publishingPrinciples
- 类型：Property
- 简介：The publishingPrinciples property indicates (typically via <a class=""localLink"" href=""/URL"">URL</a>) a document describing the editorial principles of an <a class=""localLink"" href=""/Organization"">Organization</a> (or individual, e.g. a <a c...
- 补充信息：domainIncludes: http://schema.org/CreativeWork, http://schema.org/Organization, http://schema.org/Person | rangeIncludes: http://schema.org/CreativeWork, http://schema.org/URL",1,grok-4,0.0,8192,https://api2.aigcbest.top/v1,"判断结果：正确  
解释：missionCoveragePrioritiesPolicy作为针对新闻媒体组织的报道优先级声明，其语义可视为publishingPrinciples（更广泛的编辑原则）的子属性，domain和range兼容，且符合RDFS subPropertyOf规则的包含关系。",1.0,1.0,
hard_case_0331,subPropertyOf,originalMediaContextDescription ⊑p description,"背景知识：
条目1：
- 名称：originalMediaContextDescription
- 类型：Property
- 简介：Describes, in a <a class=""localLink"" href=""/MediaReview"">MediaReview</a> when dealing with <a class=""localLink"" href=""/DecontextualizedContent"">DecontextualizedContent</a>, background information that can contribute to better interpretation...
- 补充信息：domainIncludes: http://schema.org/MediaReview | rangeIncludes: http://schema.org/Text

条目2：
- 名称：description
- 类型：Property
- 简介：A description of the item.
- 补充信息：domainIncludes: http://schema.org/Thing | rangeIncludes: http://schema.org/Text, http://schema.org/TextObject",1,grok-4,0.0,8192,https://api2.aigcbest.top/v1,"判断结果：正确  
解释：originalMediaContextDescription作为特定上下文描述属性，其域（MediaReview是Thing的子类）和值域（Text兼容description的值域）符合subPropertyOf规则，且语义上可视为description的子属性，无冲突。",1.0,1.0,
hard_case_0336,subPropertyOf,readBy ⊑p actor,"背景知识：
条目1：
- 名称：readBy
- 类型：Property
- 简介：A person who reads (performs) the audiobook.
- 补充信息：domainIncludes: http://schema.org/Audiobook | rangeIncludes: http://schema.org/Person

条目2：
- 名称：actor
- 类型：Property
- 简介：An actor (individual or a group), e.g. in TV, radio, movie, video games etc., or in an event. Actors can be associated with individual items or with a series, episode, clip.
- 补充信息：domainIncludes: http://schema.org/Clip, http://schema.org/CreativeWorkSeason, http://schema.org/Episode, http://schema.org/Event, http://schema.org/Movie, http://schema.org/MovieSe...",1,grok-4,0.0,8192,https://api2.aigcbest.top/v1,"判断结果：[正确]
解释：readBy作为有声书朗读者的属性，其语义（performs the audiobook）可视为actor（媒体或事件中的演员/表演者）在音频上下文下的特化形式，符合RDFS subPropertyOf规则且无明显域/值域冲突。",1.0,1.0,
hard_case_0342,subPropertyOf,unnamedSourcesPolicy ⊑p publishingPrinciples,"背景知识：
条目1：
- 名称：unnamedSourcesPolicy
- 类型：Property
- 简介：For an <a class=""localLink"" href=""/Organization"">Organization</a> (typically a <a class=""localLink"" href=""/NewsMediaOrganization"">NewsMediaOrganization</a>), a statement about policy on use of unnamed sources and the decision process requir...
- 补充信息：domainIncludes: http://schema.org/NewsMediaOrganization, http://schema.org/Organization | rangeIncludes: http://schema.org/CreativeWork, http://schema.org/URL

条目2：
- 名称：publishingPrinciples
- 类型：Property
- 简介：The publishingPrinciples property indicates (typically via <a class=""localLink"" href=""/URL"">URL</a>) a document describing the editorial principles of an <a class=""localLink"" href=""/Organization"">Organization</a> (or individual, e.g. a <a c...
- 补充信息：domainIncludes: http://schema.org/CreativeWork, http://schema.org/Organization, http://schema.org/Person | rangeIncludes: http://schema.org/CreativeWork, http://schema.org/URL",1,grok-4,0.0,8192,https://api2.aigcbest.top/v1,"判断结果：正确  
解释：unnamedSourcesPolicy作为publishingPrinciples的子属性合理，因为其domain和range与后者兼容，且语义上表示未命名来源政策是出版原则的具体方面，符合RDFS subPropertyOf规则的无冲突推理。",1.0,1.0,
hard_case_0366,domain,domain(legislationType) = Legislation,"背景知识：
条目1：
- 名称：legislationType
- 类型：Property
- 简介：The type of the legislation. Examples of values are ""law"", ""act"", ""directive"", ""decree"", ""regulation"", ""statutory instrument"", ""loi organique"", ""règlement grand-ducal"", etc., depending on the country.
- 补充信息：domainIncludes: http://schema.org/Legislation | rangeIncludes: http://schema.org/CategoryCode, http://schema.org/Text

条目2：
- 名称：Legislation
- 类型：Property
- 简介：Legislation is the process or result of enrolling, enacting, or promulgating laws by a legislature, parliament, or analogous governing body. Before an item of legislation becomes law it may be known as a bill, and may be broadly referred to...",1,grok-4,0.0,8192,https://api2.aigcbest.top/v1,"判断结果：[正确]  
解释：根据背景知识，legislationType属性的domainIncludes包括Legislation，这与RDFS中domain语义规则一致，表示属性的主体可属于Legislation类。",1.0,1.0,
hard_case_0373,domain,domain(numConstraints) = ConstraintNode,"背景知识：
条目1：
- 名称：numConstraints
- 类型：Property
- 简介：Indicates the number of constraints property values defined for a particular <a class=""localLink"" href=""/ConstraintNode"">ConstraintNode</a> such as <a class=""localLink"" href=""/StatisticalVariable"">StatisticalVariable</a>. This helps applica...
- 补充信息：domainIncludes: http://schema.org/ConstraintNode | rangeIncludes: http://schema.org/Integer

条目2：
- 名称：ConstraintNode
- 类型：Property
- 简介：ConstraintNode is a property in the knowledge base.",1,grok-4,0.0,8192,https://api2.aigcbest.top/v1,"判断结果：[正确]
解释：背景知识中numConstraints的domainIncludes明确指向ConstraintNode，这与RDFS domain规则一致，表示属性的主体属于ConstraintNode类。",1.0,1.0,
hard_case_0376,domain,domain(performer) = Event,"背景知识：
条目1：
- 名称：performer
- 类型：Property
- 简介：A performer at the event&#x2014;for example, a presenter, musician, musical group or actor.
- 补充信息：domainIncludes: http://schema.org/Event | rangeIncludes: http://schema.org/Organization, http://schema.org/Person

条目2：
- 名称：Event
- 类型：Property
- 简介：Event or the event may refer to:",1,grok-4,0.0,8192,https://api2.aigcbest.top/v1,"判断结果：[正确]  
解释：根据背景知识，performer属性的domainIncludes指定为Event，这与RDFS中domain(performer)=Event的语义约束一致，表示performer的主体属于Event类。",1.0,1.0,
hard_case_0380,domain,domain(reservationFor) = Reservation,"背景知识：
条目1：
- 名称：reservationFor
- 类型：Property
- 简介：The thing -- flight, event, restaurant, etc. being reserved.
- 补充信息：domainIncludes: http://schema.org/Reservation | rangeIncludes: http://schema.org/Thing

条目2：
- 名称：Reservation
- 类型：Property
- 简介：Reservation may refer to:",1,grok-4,0.0,8192,https://api2.aigcbest.top/v1,"判断结果：[正确]  
解释：背景知识明确指出reservationFor的domainIncludes包括Reservation，这与RDFS中domain指定属性主体属于Reservation类的语义规则相符，无明显冲突。",1.0,1.0,
hard_case_0399,range,range(carbohydrateContent) = Mass,"背景知识：
条目1：
- 名称：carbohydrateContent
- 类型：Property
- 简介：The number of grams of carbohydrates.
- 补充信息：domainIncludes: http://schema.org/NutritionInformation | rangeIncludes: http://schema.org/Mass

条目2：
- 名称：Mass
- 类型：Property
- 简介：Mass is an intrinsic property of a body. In modern physics, it is generally defined as the strength of an object's gravitational attraction to other bodies - as measured by an observer moving along at the same speed.",1,grok-4,0.0,8192,https://api2.aigcbest.top/v1,"判断结果：[正确]  
解释：根据背景知识，carbohydrateContent的rangeIncludes Mass，这与RDFS range语义规则一致，表示属性的客体属于Mass类，且无明显冲突。",1.0,1.0,
hard_case_0409,range,range(height) = Integer,"背景知识：
条目1：
- 名称：height
- 类型：Property
- 简介：The height of the item.
- 补充信息：domainIncludes: http://schema.org/MediaObject, http://schema.org/OfferShippingDetails, http://schema.org/Person, http://schema.org/Product, http://schema.org/ShippingConditions, ht...

条目2：
- 名称：Integer
- 类型：Property
- 简介：An integer is the number zero (0), a positive natural number, or the negation of a positive natural number. The negations or additive inverses of the positive natural numbers are referred to as negative integers. The set of all integers is....",0,grok-4,0.0,8192,https://api2.aigcbest.top/v1,"判断结果：[错误]  
解释：[背景知识中height属性的语义为物品的高度，通常涉及可包含小数的测量值，而Integer定义为整数集，与RDFS range规则要求的值域约束存在冲突。]",0.0,1.0,
hard_case_0420,range,range(pathophysiology) = Text,"背景知识：
条目1：
- 名称：pathophysiology
- 类型：Property
- 简介：Changes in the normal mechanical, physical, and biochemical functions that are associated with this activity or condition.
- 补充信息：domainIncludes: http://schema.org/MedicalCondition, http://schema.org/PhysicalActivity | rangeIncludes: http://schema.org/Text

条目2：
- 名称：Text
- 类型：Property
- 简介：Text may refer to:",1,grok-4,0.0,8192,https://api2.aigcbest.top/v1,"判断结果：[正确]
解释：背景知识中pathophysiology的rangeIncludes明确包括Text，这与RDFS range语义规则一致，表示属性的客体可属于Text类。",1.0,1.0,
