id,axiom_type,axiom_text,context_info,label,model_name,temperature,max_tokens,base_url,model_output,model_label,is_correct,error
sample_0001,subClassOf,Schwefelbad_Q112157620 ⊑ Designated_Spa_Town_Q6882870,"背景知识：
条目1：
- 名称：Schwefelbad_Q112157620
- 类型：Class
- 简介：Schwefelbad_Q112157620 is a class in the knowledge base.

条目2：
- 名称：Designated_Spa_Town_Q6882870
- 类型：Class
- 简介：Designated_Spa_Town_Q6882870 is a class in the knowledge base.",1,qwen-max-0125,0.0,8192,https://api2.aigcbest.top/v1,"判断结果：错误  
解释：背景知识中未提供Schwefelbad_Q112157620与Designated_Spa_Town_Q6882870之间的包含关系，因此无法支持该subClassOf公理。",0,0,
sample_0002,subClassOf,Analog_computer ⊑ Computer,"背景知识：
条目1：
- 名称：Analog_computer
- 类型：Class
- 简介：An analog computer or analogue computer is a type of computation machine (computer) that uses physical phenomena such as electrical, mechanical, or hydraulic quantities behaving according to the mathematical principles in question to model....

条目2：
- 名称：Computer
- 类型：Class
- 简介：A computer is a machine that can be programmed to automatically carry out sequences of arithmetic or logical operations (computation). Modern digital electronic computers can perform generic sets of operations known as programs, which enabl...",1,qwen-max-0125,0.0,8192,https://api2.aigcbest.top/v1,"判断结果：正确  
解释：根据背景知识，Analog_computer是一种特定类型的计算机，而Computer是一个更广泛的类别，符合RDFS中subClassOf的语义规则，即Analog_computer的所有实例也应是Computer的实例。",1,1,
sample_0003,subClassOf,Printing_Engineer_Q108565989 ⊑ Engineer,"背景知识：
条目1：
- 名称：Printing_Engineer_Q108565989
- 类型：Class
- 简介：Printing_Engineer_Q108565989 is a class in the knowledge base.

条目2：
- 名称：Engineer
- 类型：Class
- 简介：An engineer is a practitioner of engineering. The word engineer is derived from the Latin words ingeniare and ingenium (""cleverness""). The foundational qualifications of a licensed professional engineer typically include a four-year bachelo...",1,qwen-max-0125,0.0,8192,https://api2.aigcbest.top/v1,"判断结果：正确  
解释：根据背景知识，Printing_Engineer_Q108565989 是一个类，Engineer 是更通用的类，印刷工程师是工程师的一种，符合 RDFS 的 subClassOf 语义规则。",1,1,
sample_0004,subClassOf,Mechanical_computer ⊑ Computer,"背景知识：
条目1：
- 名称：Mechanical_computer
- 类型：Class
- 简介：A mechanical computer is a computer built from mechanical components such as levers and gears rather than electronic components. The most common examples are adding machines and mechanical counters, which use the turning of gears to increme...

条目2：
- 名称：Computer
- 类型：Class
- 简介：A computer is a machine that can be programmed to automatically carry out sequences of arithmetic or logical operations (computation). Modern digital electronic computers can perform generic sets of operations known as programs, which enabl...",1,qwen-max-0125,0.0,8192,https://api2.aigcbest.top/v1,"判断结果：正确  
解释：根据背景知识，Mechanical_computer是使用机械组件构建的计算机，而Computer是更广泛的类别，包含任何可编程执行计算的机器，因此Mechanical_computer是Computer的子类，符合RDFS中subClassOf的语义规则。",1,1,
sample_0005,subClassOf,Tenja_Q11567170 ⊑ Literary_Critic_Q4263842,"背景知识：
条目1：
- 名称：Tenja_Q11567170
- 类型：Class
- 简介：Tenja_Q11567170 is a class in the knowledge base.

条目2：
- 名称：Literary_Critic_Q4263842
- 类型：Class
- 简介：Literary_Critic_Q4263842 is a class in the knowledge base.",1,qwen-max-0125,0.0,8192,https://api2.aigcbest.top/v1,"判断结果：错误  
解释：背景知识中未提供Tenja_Q11567170与Literary_Critic_Q4263842之间的包含关系，因此该公理缺乏支持依据。",0,0,
sample_0006,subClassOf,Financial_analyst ⊑ Financier,"背景知识：
条目1：
- 名称：Financial_analyst
- 类型：Class
- 简介：A financial analyst is a professional undertaking financial analysis for external or internal clients as a core feature of the job. The role may specifically be titled securities analyst, research analyst, equity analyst, investment analyst...

条目2：
- 名称：Financier
- 类型：Class
- 简介：An investor is a person or entity that allocates financial capital with the expectation of a future return (profit) or to gain an advantage (interest). Through this allocated capital the investor usually purchases some species of property.....",1,qwen-max-0125,0.0,8192,https://api2.aigcbest.top/v1,"判断结果：正确  
解释：根据背景知识，Financial_analyst是从事金融分析的专业人士，而Financier是广义上的投资者或金融从业者，Financial_analyst可以被视作Financier的一个子集，符合RDFS中subClassOf的语义规则。",1,1,
sample_0007,subClassOf,Military_computers ⊑ Computer,"背景知识：
条目1：
- 名称：Military_computers
- 类型：Class
- 简介：This article specifically addresses U.S. armed forces military computers and their use.

条目2：
- 名称：Computer
- 类型：Class
- 简介：A computer is a machine that can be programmed to automatically carry out sequences of arithmetic or logical operations (computation). Modern digital electronic computers can perform generic sets of operations known as programs, which enabl...",1,qwen-max-0125,0.0,8192,https://api2.aigcbest.top/v1,"判断结果：正确  
解释：根据背景知识，Military_computers 是一种特定用途的计算机，而 Computer 是通用概念，符合 RDFS 中 subClassOf 的语义规则，即子类是父类的一种具体化。",1,1,
sample_0008,subClassOf,Commercial_Lawyer__U0028_Europe_U0029__Q1286374 ⊑ Lawyer,"背景知识：
条目1：
- 名称：Commercial_Lawyer__U0028_Europe_U0029__Q1286374
- 类型：Class
- 简介：Commercial_Lawyer__U0028_Europe_U0029__Q1286374 is a class in the knowledge base.

条目2：
- 名称：Lawyer
- 类型：Class
- 简介：A lawyer is a person who is qualified to offer advice about the law, draft legal documents, or represent individuals in legal matters.",1,qwen-max-0125,0.0,8192,https://api2.aigcbest.top/v1,"判断结果：正确  
解释：根据背景知识，Commercial_Lawyer__U0028_Europe_U0029__Q1286374 是一个类，Lawyer 是一个更通用的类，且商业律师是律师的一种，符合 RDFS 的 subClassOf 语义规则。",1,1,
sample_0009,subClassOf,New_Caledonian_French_Q3083202 ⊑ French_language,"背景知识：
条目1：
- 名称：New_Caledonian_French_Q3083202
- 类型：Class
- 简介：New_Caledonian_French_Q3083202 is a class in the knowledge base.

条目2：
- 名称：French_language
- 类型：Class
- 简介：French is a Romance language of the Indo-European family. Like all other Romance languages, it descended from the Vulgar Latin of the Roman Empire. French evolved from Northern Old Gallo-Romance, a descendant of the Latin spoken in Northern...",1,qwen-max-0125,0.0,8192,https://api2.aigcbest.top/v1,"判断结果：正确  
解释：根据背景知识，New_Caledonian_French_Q3083202 是一个类，French_language 也是一个类，且前者可以合理地被视作后者的子类，符合 RDFS 中 subClassOf 的语义规则。",1,1,
sample_0010,subClassOf,State_Public_Works_Engineering_Corps__u0028_France_u0029_ ⊑ Engineer,"背景知识：
条目1：
- 名称：State_Public_Works_Engineering_Corps__u0028_France_u0029_
- 类型：Class
- 简介：State_Public_Works_Engineering_Corps__u0028_France_u0029_ is a class in the knowledge base.

条目2：
- 名称：Engineer
- 类型：Class
- 简介：An engineer is a practitioner of engineering. The word engineer is derived from the Latin words ingeniare and ingenium (""cleverness""). The foundational qualifications of a licensed professional engineer typically include a four-year bachelo...",1,qwen-max-0125,0.0,8192,https://api2.aigcbest.top/v1,"判断结果：错误  
解释：根据背景知识，State_Public_Works_Engineering_Corps__u0028_France_u0029_ 是一个类，而 Engineer 也是一个类，但前者描述的是一个组织或机构，后者描述的是个人职业角色，二者不存在子类关系。",0,0,
sample_0011,subClassOf,Catholic_Church_in_Argentina ⊑ Catholic_Church,"背景知识：
条目1：
- 名称：Catholic_Church_in_Argentina
- 类型：Class
- 简介：The Argentine Catholic Church, or Catholic Church in Argentina, is part of the worldwide Catholic Church, under the spiritual leadership of the Pope, the Curia in Rome, and the Argentine Episcopal Conference.

条目2：
- 名称：Catholic_Church
- 类型：Class
- 简介：The Catholic Church, commonly called the Roman Catholic Church, is the largest Christian denomination, with an estimated 1.28 to 1.41 billion baptized members worldwide as of 2026. It consists of 24 autonomous churches—the Latin Church and....",1,qwen-max-0125,0.0,8192,https://api2.aigcbest.top/v1,"判断结果：正确  
解释：根据背景知识，Catholic_Church_in_Argentina 是 Catholic_Church 的一部分，符合 RDFS 中 subClassOf 的语义规则，即子类是父类的一个特例或子集。",1,1,
sample_0012,subClassOf,Agricultural_Economist_Q26252897 ⊑ Economist,"背景知识：
条目1：
- 名称：Agricultural_Economist_Q26252897
- 类型：Class
- 简介：Agricultural_Economist_Q26252897 is a class in the knowledge base.

条目2：
- 名称：Economist
- 类型：Class
- 简介：An economist is a professional and practitioner in the social science discipline of economics.",1,qwen-max-0125,0.0,8192,https://api2.aigcbest.top/v1,"判断结果：正确  
解释：根据背景知识，Agricultural_Economist_Q26252897 是一个类，Economist 也是一个类，且农业经济学家是经济学家的一个子集，符合 subClassOf 的语义规则。",1,1,
sample_0013,subClassOf,Skin_Anatomy_Q25465547 ⊑ Anatomy,"背景知识：
条目1：
- 名称：Skin_Anatomy_Q25465547
- 类型：Class
- 简介：Skin_Anatomy_Q25465547 is a class in the knowledge base.

条目2：
- 名称：Anatomy
- 类型：Class
- 简介：Anatomy is the branch of morphology concerned with the study of the internal and external structure of organisms and their parts. Anatomy is a branch of natural science that deals with the structural organization of living things. It is an....",1,qwen-max-0125,0.0,8192,https://api2.aigcbest.top/v1,"判断结果：正确  
解释：根据背景知识，Skin_Anatomy_Q25465547 是一个类，而 Anatomy 是一个更广泛的类，皮肤解剖学属于解剖学的一部分，因此 Skin_Anatomy_Q25465547 是 Anatomy 的子类，符合 subClassOf 的语义规则。",1,1,
sample_0014,subClassOf,Catholic_Church_in_Spain ⊑ Catholic_Church,"背景知识：
条目1：
- 名称：Catholic_Church_in_Spain
- 类型：Class
- 简介：The Spanish Catholic Church, or Catholic Church in Spain, is part of the Catholic Church under the spiritual leadership of the Pope in Rome, and the Spanish Episcopal Conference.

条目2：
- 名称：Catholic_Church
- 类型：Class
- 简介：The Catholic Church, commonly called the Roman Catholic Church, is the largest Christian denomination, with an estimated 1.28 to 1.41 billion baptized members worldwide as of 2026. It consists of 24 autonomous churches—the Latin Church and....",1,qwen-max-0125,0.0,8192,https://api2.aigcbest.top/v1,"判断结果：正确  
解释：根据背景知识，Catholic_Church_in_Spain 是 Catholic_Church 的一部分，符合 subClassOf 的语义规则，即子类的所有实例也是父类的实例。",1,1,
sample_0015,subClassOf,Corps_de_l_u0027_armement ⊑ Engineer,"背景知识：
条目1：
- 名称：Corps_de_l_u0027_armement
- 类型：Class
- 简介：Corps_de_l_u0027_armement is a class in the knowledge base.

条目2：
- 名称：Engineer
- 类型：Class
- 简介：An engineer is a practitioner of engineering. The word engineer is derived from the Latin words ingeniare and ingenium (""cleverness""). The foundational qualifications of a licensed professional engineer typically include a four-year bachelo...",1,qwen-max-0125,0.0,8192,https://api2.aigcbest.top/v1,"判断结果：错误  
解释：根据背景知识，Corps_de_l_u0027_armement和Engineer是两个独立的类，且无信息表明前者是后者的子类，因此该公理与背景知识冲突。",0,0,
sample_0016,subClassOf,Buddhism_In_Asia_Q28051303 ⊑ Buddhism,"背景知识：
条目1：
- 名称：Buddhism_In_Asia_Q28051303
- 类型：Class
- 简介：Buddhism_In_Asia_Q28051303 is a class in the knowledge base.

条目2：
- 名称：Buddhism
- 类型：Class
- 简介：Buddhism, also known as Buddha-dharma and Dharmavinaya, is an Indian religion and philosophy based on teachings attributed to the Buddha, a śramaṇa and religious teacher who lived in the 6th or 5th century BCE. It is the world's fourth-larg...",1,qwen-max-0125,0.0,8192,https://api2.aigcbest.top/v1,"判断结果：正确  
解释：根据背景知识，Buddhism_In_Asia_Q28051303 是一个类，且语义上可以理解为 Buddhism 的子集，符合 RDFS 中 subClassOf 的语义规则。",1,1,
sample_0017,subClassOf,Political_Economist_Q105572010 ⊑ Economist,"背景知识：
条目1：
- 名称：Political_Economist_Q105572010
- 类型：Class
- 简介：Political_Economist_Q105572010 is a class in the knowledge base.

条目2：
- 名称：Economist
- 类型：Class
- 简介：An economist is a professional and practitioner in the social science discipline of economics.",1,qwen-max-0125,0.0,8192,https://api2.aigcbest.top/v1,"判断结果：正确  
解释：根据背景知识，Political_Economist_Q105572010 是一个类，Economist 也是一个类，且政治经济学家是经济学家的一个子集，符合 subClassOf 的语义规则。",1,1,
sample_0018,subClassOf,Cancionista_Q24961653 ⊑ Lyricist,"背景知识：
条目1：
- 名称：Cancionista_Q24961653
- 类型：Class
- 简介：Cancionista_Q24961653 is a class in the knowledge base.

条目2：
- 名称：Lyricist
- 类型：Class
- 简介：A lyricist is a writer who writes lyrics, as opposed to a composer, who writes the song's music which may include the melody, harmony, arrangement and accompaniment.",1,qwen-max-0125,0.0,8192,https://api2.aigcbest.top/v1,"判断结果：错误  
解释：根据背景知识，Cancionista_Q24961653和Lyricist是两个独立的类，未提供任何包含关系的依据，因此Cancionista_Q24961653不是Lyricist的子类。",0,0,
sample_0019,subClassOf,Catholic_Church_in_Brazil ⊑ Catholic_Church,"背景知识：
条目1：
- 名称：Catholic_Church_in_Brazil
- 类型：Class
- 简介：The Brazilian Catholic Church, or Catholic Church in Brazil, is part of the worldwide Catholic Church, under the spiritual leadership of the Pope in Rome, and the influential National Conference of Bishops of Brazil, composed of over 400 pr...

条目2：
- 名称：Catholic_Church
- 类型：Class
- 简介：The Catholic Church, commonly called the Roman Catholic Church, is the largest Christian denomination, with an estimated 1.28 to 1.41 billion baptized members worldwide as of 2026. It consists of 24 autonomous churches—the Latin Church and....",1,qwen-max-0125,0.0,8192,https://api2.aigcbest.top/v1,"判断结果：正确  
解释：根据背景知识，Catholic_Church_in_Brazil 是 Catholic_Church 的一部分，符合 subClassOf 的语义规则，即子类的所有实例也是父类的实例。",1,1,
sample_0020,subClassOf,Ghanaian_Pidgin_English ⊑ English_language,"背景知识：
条目1：
- 名称：Ghanaian_Pidgin_English
- 类型：Class
- 简介：Ghanaian Pidgin English (GhaPE) is a Ghanaian English-lexifier pidgin also known as Pidgin, Broken English, and Kru English. GhaPE is a regional variety of West African Pidgin English spoken in Ghana, predominantly in the southern capital,....

条目2：
- 名称：English_language
- 类型：Class
- 简介：English is a West Germanic language that emerged in early medieval England and has since become a global lingua franca. The namesake of the language is the Angles, one of the Germanic peoples who migrated to Britain after the end of Roman r...",1,qwen-max-0125,0.0,8192,https://api2.aigcbest.top/v1,"判断结果：正确  
解释：根据背景知识，Ghanaian_Pidgin_English 是一种以英语为词汇基础的皮钦语，语义上可视为 English_language 的子类，符合 RDFS 中 subClassOf 的语义规则。",1,1,
sample_0021,subClassOf,Manbhumi_dialect ⊑ Bengali_language,"背景知识：
条目1：
- 名称：Manbhumi_dialect
- 类型：Class
- 简介：Western Bengali or Mānbhūmī Bengali is a set of western vernacular Bengali dialects spoken in Purulia, West Bardhaman, Bankura, Greater Medinipur, Birbhum, Singhbhum, Santal Parganas, Chotanagpur, Kakdwip of South 24 Parganas and other adja...

条目2：
- 名称：Bengali_language
- 类型：Class
- 简介：Bengali, also known by its endonym Bangla, is a classical Indo-Aryan language belonging to the Indo-Iranian branch of the Indo-European language family. It is primarily spoken by the Bengali people, native to the Bengal region. With over 24...",1,qwen-max-0125,0.0,8192,https://api2.aigcbest.top/v1,"判断结果：正确  
解释：根据背景知识，Manbhumi_dialect是西方孟加拉语的一种方言，而Bengali_language是孟加拉语的总称，因此Manbhumi_dialect是Bengali_language的子类，符合RDFS中subClassOf的语义规则。",1,1,
sample_0022,subClassOf,Skerry_Coast_Q13137873 ⊑ Archipelago,"背景知识：
条目1：
- 名称：Skerry_Coast_Q13137873
- 类型：Class
- 简介：Skerry_Coast_Q13137873 is a class in the knowledge base.

条目2：
- 名称：Archipelago
- 类型：Class
- 简介：An archipelago, sometimes called an island group or island chain, is a chain, cluster, or collection of islands. An archipelago may be in an ocean, a sea, or a smaller body of water. Examples of archipelagos include the Aegean Islands, the....",1,qwen-max-0125,0.0,8192,https://api2.aigcbest.top/v1,"判断结果：错误  
解释：根据背景知识，Skerry_Coast_Q13137873和Archipelago是两个独立的类，且没有信息表明Skerry_Coast_Q13137873是Archipelago的子类。",0,0,
sample_0023,subClassOf,Extra__u0028_acting_u0029_ ⊑ Actor,"背景知识：
条目1：
- 名称：Extra__u0028_acting_u0029_
- 类型：Class
- 简介：Extra__u0028_acting_u0029_ is a class in the knowledge base.

条目2：
- 名称：Actor
- 类型：Class
- 简介：An actor (masculine/gender-neutral), or actress (feminine), is a person who portrays a character in a production. The actor performs ""in the flesh"" in the traditional medium of the theatre or in modern media such as film, radio, and televis...",1,qwen-max-0125,0.0,8192,https://api2.aigcbest.top/v1,"判断结果：正确  
解释：根据背景知识，Extra__u0028_acting_u0029_ 是一个类，Actor 也是一个类，且 Extra__u0028_acting_u0029_ 可以被语义上理解为 Actor 的一种特定角色类型，因此符合 RDFS 中 subClassOf 的语义规则。",1,1,
sample_0024,subClassOf,Satellite_Engineer_Q53474871 ⊑ Engineer,"背景知识：
条目1：
- 名称：Satellite_Engineer_Q53474871
- 类型：Class
- 简介：Satellite_Engineer_Q53474871 is a class in the knowledge base.

条目2：
- 名称：Engineer
- 类型：Class
- 简介：An engineer is a practitioner of engineering. The word engineer is derived from the Latin words ingeniare and ingenium (""cleverness""). The foundational qualifications of a licensed professional engineer typically include a four-year bachelo...",1,qwen-max-0125,0.0,8192,https://api2.aigcbest.top/v1,"判断结果：正确  
解释：根据背景知识，Satellite_Engineer_Q53474871 是一个类，Engineer 是更通用的类，且卫星工程师是工程师的一种，符合 subClassOf 的语义规则。",1,1,
sample_0025,subClassOf,Nuclear_Engineer_Q21002336 ⊑ Engineer,"背景知识：
条目1：
- 名称：Nuclear_Engineer_Q21002336
- 类型：Class
- 简介：Nuclear_Engineer_Q21002336 is a class in the knowledge base.

条目2：
- 名称：Engineer
- 类型：Class
- 简介：An engineer is a practitioner of engineering. The word engineer is derived from the Latin words ingeniare and ingenium (""cleverness""). The foundational qualifications of a licensed professional engineer typically include a four-year bachelo...",1,qwen-max-0125,0.0,8192,https://api2.aigcbest.top/v1,"判断结果：正确  
解释：根据背景知识，Nuclear_Engineer_Q21002336 是一个类，Engineer 也是一个类，且核工程师是工程师的一个子集，符合 subClassOf 的语义规则。",1,1,
sample_0026,subClassOf,Stunt_performer ⊑ Actor,"背景知识：
条目1：
- 名称：Stunt_performer
- 类型：Class
- 简介：A stunt performer, often called a stuntman or stuntwoman and occasionally stuntperson or stunt-person, is a trained professional who performs daring acts, often as a career. Stunt performers usually appear in films or on television, as oppo...

条目2：
- 名称：Actor
- 类型：Class
- 简介：An actor (masculine/gender-neutral), or actress (feminine), is a person who portrays a character in a production. The actor performs ""in the flesh"" in the traditional medium of the theatre or in modern media such as film, radio, and televis...",1,qwen-max-0125,0.0,8192,https://api2.aigcbest.top/v1,"判断结果：正确  
解释：根据背景知识，Stunt_performer是经过训练的专业人员，通常在影视作品中表演特技，而Actor是扮演角色的人员，特技演员可以视为演员的一种特定角色类型，因此Stunt_performer是Actor的子类符合RDFS语义规则。",1,1,
sample_0027,subClassOf,Historical_Chinese_Q10913056 ⊑ Chinese_language,"背景知识：
条目1：
- 名称：Historical_Chinese_Q10913056
- 类型：Class
- 简介：Historical_Chinese_Q10913056 is a class in the knowledge base.

条目2：
- 名称：Chinese_language
- 类型：Class
- 简介：Chinese is an umbrella term for all Sinitic languages, widely recognized as a collection of language varieties, spoken natively by the ethnic Han Chinese majority and many minority ethnic groups in Greater China, as well as by various commu...",1,qwen-max-0125,0.0,8192,https://api2.aigcbest.top/v1,"判断结果：错误  
解释：根据背景知识，Historical_Chinese_Q10913056 和 Chinese_language 是两个独立的类，未表明前者是后者的子类，因此该公理与背景知识不符。",0,0,
sample_0028,subClassOf,Railway_Engineer_Q66711686 ⊑ Civil_engineer,"背景知识：
条目1：
- 名称：Railway_Engineer_Q66711686
- 类型：Class
- 简介：Railway_Engineer_Q66711686 is a class in the knowledge base.

条目2：
- 名称：Civil_engineer
- 类型：Class
- 简介：A civil engineer is a person who practices civil engineering – the application of planning, designing, constructing, maintaining, and operating infrastructure while protecting the public and environmental health, as well as improving existi...",1,qwen-max-0125,0.0,8192,https://api2.aigcbest.top/v1,"判断结果：正确  
解释：根据背景知识，Railway_Engineer_Q66711686 是一个类，Civil_engineer 是另一个类，且铁路工程师是土木工程师的一个子集符合常识和RDFS的subClassOf语义规则。",1,1,
sample_0029,subClassOf,Prankster_Q1344569 ⊑ Comedian,"背景知识：
条目1：
- 名称：Prankster_Q1344569
- 类型：Class
- 简介：Prankster_Q1344569 is a class in the knowledge base.

条目2：
- 名称：Comedian
- 类型：Class
- 简介：A comedian or comic is a person who seeks to entertain an audience by making them laugh. This may be done by telling jokes, creating amusing situations, acting foolishly, or employing prop comedy. A comedian who addresses an audience direct...",1,qwen-max-0125,0.0,8192,https://api2.aigcbest.top/v1,"判断结果：正确  
解释：根据背景知识，Prankster_Q1344569 和 Comedian 均为类，且语义上“恶作剧者”可以被合理地视为“喜剧演员”的一种子类，符合 RDFS 的 subClassOf 语义规则。",1,1,
sample_0030,subClassOf,Human_Rights_Lawyer_Q16138122 ⊑ Lawyer,"背景知识：
条目1：
- 名称：Human_Rights_Lawyer_Q16138122
- 类型：Class
- 简介：Human_Rights_Lawyer_Q16138122 is a class in the knowledge base.

条目2：
- 名称：Lawyer
- 类型：Class
- 简介：A lawyer is a person who is qualified to offer advice about the law, draft legal documents, or represent individuals in legal matters.",1,qwen-max-0125,0.0,8192,https://api2.aigcbest.top/v1,"判断结果：正确  
解释：根据背景知识，Human_Rights_Lawyer_Q16138122 是一个类，Lawyer 也是一个类，且语义上人权律师是律师的一个子集，符合 subClassOf 的语义规则。",1,1,
sample_0031,subClassOf,Rábula_Q10365511 ⊑ Lawyer,"背景知识：
条目1：
- 名称：Rábula_Q10365511
- 类型：Class
- 简介：Rábula_Q10365511 is a class in the knowledge base.

条目2：
- 名称：Lawyer
- 类型：Class
- 简介：A lawyer is a person who is qualified to offer advice about the law, draft legal documents, or represent individuals in legal matters.",1,qwen-max-0125,0.0,8192,https://api2.aigcbest.top/v1,"判断结果：错误  
解释：根据背景知识，Rábula_Q10365511和Lawyer是两个独立的类，且没有信息表明Rábula_Q10365511的所有实例都属于Lawyer类，因此该公理与背景知识不符。",0,0,
sample_0032,subClassOf,Museum_Of_Modern_Art_Q108860593 ⊑ Art_museum,"背景知识：
条目1：
- 名称：Museum_Of_Modern_Art_Q108860593
- 类型：Class
- 简介：Museum_Of_Modern_Art_Q108860593 is a class in the knowledge base.

条目2：
- 名称：Art_museum
- 类型：Class
- 简介：An art museum, or art gallery, is an organization, usually with buildings or spaces for the display of art from the museum's own collection. It might be in public or private ownership, be accessible to all, or have restrictions in place. Al...",1,qwen-max-0125,0.0,8192,https://api2.aigcbest.top/v1,"判断结果：正确  
解释：根据背景知识，Museum_Of_Modern_Art_Q108860593 是一个类，而 Art_museum 是一个更通用的类，现代艺术博物馆可以合理地视为艺术博物馆的子类，符合 RDFS 的 subClassOf 语义规则。",1,1,
sample_0033,subClassOf,Character_From_Fargo_Q28146473 ⊑ Fictional_Human_Q15632617,"背景知识：
条目1：
- 名称：Character_From_Fargo_Q28146473
- 类型：Class
- 简介：Character_From_Fargo_Q28146473 is a class in the knowledge base.

条目2：
- 名称：Fictional_Human_Q15632617
- 类型：Class
- 简介：Fictional_Human_Q15632617 is a class in the knowledge base.",1,qwen-max-0125,0.0,8192,https://api2.aigcbest.top/v1,"判断结果：正确  
解释：根据背景知识，Character_From_Fargo_Q28146473 和 Fictional_Human_Q15632617 均为类，且语义上可推断前者是后者的子集，符合 RDFS 中 subClassOf 的语义规则。",1,1,
sample_0034,subClassOf,Associate_attorney ⊑ Lawyer,"背景知识：
条目1：
- 名称：Associate_attorney
- 类型：Class
- 简介：An associate attorney is a lawyer and an employee of a law firm who does not hold an ownership interest as a partner.

条目2：
- 名称：Lawyer
- 类型：Class
- 简介：A lawyer is a person who is qualified to offer advice about the law, draft legal documents, or represent individuals in legal matters.",1,qwen-max-0125,0.0,8192,https://api2.aigcbest.top/v1,"判断结果：正确  
解释：根据背景知识，Associate_attorney是Lawyer的一种具体角色，符合RDFS中subClassOf的语义规则，即Associate_attorney的所有实例也必然是Lawyer的实例。",1,1,
sample_0035,subClassOf,Rotal_Lawyer_Q115182660 ⊑ Lawyer,"背景知识：
条目1：
- 名称：Rotal_Lawyer_Q115182660
- 类型：Class
- 简介：Rotal_Lawyer_Q115182660 is a class in the knowledge base.

条目2：
- 名称：Lawyer
- 类型：Class
- 简介：A lawyer is a person who is qualified to offer advice about the law, draft legal documents, or represent individuals in legal matters.",1,qwen-max-0125,0.0,8192,https://api2.aigcbest.top/v1,"判断结果：正确  
解释：根据背景知识，Rotal_Lawyer_Q115182660 是一个类，Lawyer 是另一个类，且 Lawyer 的定义表明其为法律相关职业的人员，因此 Rotal_Lawyer_Q115182660 作为 Lawyer 的子类在语义上是合理的。",1,1,
sample_0036,subClassOf,Mechanical_Engineer_Q1906857 ⊑ Engineer,"背景知识：
条目1：
- 名称：Mechanical_Engineer_Q1906857
- 类型：Class
- 简介：Mechanical_Engineer_Q1906857 is a class in the knowledge base.

条目2：
- 名称：Engineer
- 类型：Class
- 简介：An engineer is a practitioner of engineering. The word engineer is derived from the Latin words ingeniare and ingenium (""cleverness""). The foundational qualifications of a licensed professional engineer typically include a four-year bachelo...",1,qwen-max-0125,0.0,8192,https://api2.aigcbest.top/v1,"判断结果：正确  
解释：根据背景知识，Mechanical_Engineer_Q1906857 是一个类，Engineer 是更广泛的类，机械工程师是工程师的一种，符合 subClassOf 的语义规则。",1,1,
sample_0037,subClassOf,Fermier_Général_Q50376727 ⊑ Financier,"背景知识：
条目1：
- 名称：Fermier_Général_Q50376727
- 类型：Class
- 简介：Fermier_Général_Q50376727 is a class in the knowledge base.

条目2：
- 名称：Financier
- 类型：Class
- 简介：An investor is a person or entity that allocates financial capital with the expectation of a future return (profit) or to gain an advantage (interest). Through this allocated capital the investor usually purchases some species of property.....",1,qwen-max-0125,0.0,8192,https://api2.aigcbest.top/v1,"判断结果：错误  
解释：根据背景知识，Fermier_Général_Q50376727 和 Financier 是两个独立的类，且无信息表明 Fermier_Général_Q50376727 是 Financier 的子类。",0,0,
sample_0038,subClassOf,Electro-Mechanical_Computer_Q11742076 ⊑ Computer,"背景知识：
条目1：
- 名称：Electro-Mechanical_Computer_Q11742076
- 类型：Class
- 简介：Electro-Mechanical_Computer_Q11742076 is a class in the knowledge base.

条目2：
- 名称：Computer
- 类型：Class
- 简介：A computer is a machine that can be programmed to automatically carry out sequences of arithmetic or logical operations (computation). Modern digital electronic computers can perform generic sets of operations known as programs, which enabl...",1,qwen-max-0125,0.0,8192,https://api2.aigcbest.top/v1,"判断结果：正确  
解释：根据背景知识，Electro-Mechanical_Computer_Q11742076 是一个类，且语义上可以推断其属于计算机的一种，因此符合 RDFS 的 subClassOf 语义规则。",1,1,
sample_0039,subClassOf,Classical_guitarist ⊑ Guitarist,"背景知识：
条目1：
- 名称：Classical_guitarist
- 类型：Class
- 简介：This is a list of classical guitarists.

条目2：
- 名称：Guitarist
- 类型：Class
- 简介：A guitarist is a person who plays the guitar. Guitarists may play a variety of guitar family instruments such as classical guitars, acoustic guitars, electric guitars, and bass guitars. Some guitarists accompany themselves on the guitar by....",1,qwen-max-0125,0.0,8192,https://api2.aigcbest.top/v1,"判断结果：正确  
解释：根据背景知识，Classical_guitarist是古典吉他演奏者的类，而Guitarist是吉他演奏者的类，语义上Classical_guitarist是Guitarist的一个子集，符合RDFS中subClassOf的语义规则。",1,1,
sample_0040,subClassOf,Thermal_Engineer_Q106863163 ⊑ Engineer,"背景知识：
条目1：
- 名称：Thermal_Engineer_Q106863163
- 类型：Class
- 简介：Thermal_Engineer_Q106863163 is a class in the knowledge base.

条目2：
- 名称：Engineer
- 类型：Class
- 简介：An engineer is a practitioner of engineering. The word engineer is derived from the Latin words ingeniare and ingenium (""cleverness""). The foundational qualifications of a licensed professional engineer typically include a four-year bachelo...",1,qwen-max-0125,0.0,8192,https://api2.aigcbest.top/v1,"判断结果：正确  
解释：根据背景知识，Thermal_Engineer_Q106863163 是一个类，Engineer 是一个更通用的类，热工程师是工程师的一种，符合 subClassOf 的语义规则。",1,1,
sample_0041,subClassOf,Virtual_Idol_Q24236999 ⊑ Fictional_Human_Q15632617,"背景知识：
条目1：
- 名称：Virtual_Idol_Q24236999
- 类型：Class
- 简介：Virtual_Idol_Q24236999 is a class in the knowledge base.

条目2：
- 名称：Fictional_Human_Q15632617
- 类型：Class
- 简介：Fictional_Human_Q15632617 is a class in the knowledge base.",1,qwen-max-0125,0.0,8192,https://api2.aigcbest.top/v1,"判断结果：正确  
解释：根据背景知识，Virtual_Idol_Q24236999和Fictional_Human_Q15632617均为类，且虚拟偶像可被视为虚构人类的子集，符合RDFS中subClassOf的语义规则。",1,1,
sample_0042,subClassOf,Witcher_Q20011098 ⊑ Fictional_Human_Q15632617,"背景知识：
条目1：
- 名称：Witcher_Q20011098
- 类型：Class
- 简介：Witcher_Q20011098 is a class in the knowledge base.

条目2：
- 名称：Fictional_Human_Q15632617
- 类型：Class
- 简介：Fictional_Human_Q15632617 is a class in the knowledge base.",1,qwen-max-0125,0.0,8192,https://api2.aigcbest.top/v1,"判断结果：正确  
解释：根据背景知识，Witcher_Q20011098和Fictional_Human_Q15632617均为类，且公理表示Witcher_Q20011098是Fictional_Human_Q15632617的子类，符合RDFS中subClassOf的语义规则，未发现冲突。",1,1,
sample_0043,subClassOf,Geological_Engineer_Q2887387 ⊑ Engineer,"背景知识：
条目1：
- 名称：Geological_Engineer_Q2887387
- 类型：Class
- 简介：Geological_Engineer_Q2887387 is a class in the knowledge base.

条目2：
- 名称：Engineer
- 类型：Class
- 简介：An engineer is a practitioner of engineering. The word engineer is derived from the Latin words ingeniare and ingenium (""cleverness""). The foundational qualifications of a licensed professional engineer typically include a four-year bachelo...",1,qwen-max-0125,0.0,8192,https://api2.aigcbest.top/v1,"判断结果：正确  
解释：根据背景知识，地质工程师是工程师的一个子类，符合RDFS中subClassOf的语义规则，即Geological_Engineer_Q2887387的所有实例也应是Engineer的实例。",1,1,
sample_0044,subClassOf,Vacuum-tube_computer ⊑ Computer,"背景知识：
条目1：
- 名称：Vacuum-tube_computer
- 类型：Class
- 简介：A vacuum-tube computer, now termed a first-generation computer, is a computer that uses vacuum tubes for logic circuitry. While the history of mechanical aids to computation goes back centuries, if not millennia, the history of vacuum tube....

条目2：
- 名称：Computer
- 类型：Class
- 简介：A computer is a machine that can be programmed to automatically carry out sequences of arithmetic or logical operations (computation). Modern digital electronic computers can perform generic sets of operations known as programs, which enabl...",1,qwen-max-0125,0.0,8192,https://api2.aigcbest.top/v1,"判断结果：正确  
解释：根据背景知识，Vacuum-tube_computer是使用真空管的计算机，属于Computer的一种特定类型，符合RDFS中subClassOf的语义规则，即Vacuum-tube_computer的所有实例也应是Computer的实例。",1,1,
sample_0045,subClassOf,Fruit_Grower_Q21591523 ⊑ Farmer,"背景知识：
条目1：
- 名称：Fruit_Grower_Q21591523
- 类型：Class
- 简介：Fruit_Grower_Q21591523 is a class in the knowledge base.

条目2：
- 名称：Farmer
- 类型：Class
- 简介：A farmer is a person engaged in agriculture, raising living organisms for food or raw materials. The term usually applies to people who do some combination of raising field crops, orchards, vineyards, poultry, or other livestock. A farmer m...",1,qwen-max-0125,0.0,8192,https://api2.aigcbest.top/v1,"判断结果：正确  
解释：根据背景知识，Fruit_Grower_Q21591523 是一个类，Farmer 是从事农业的人，而水果种植者（Fruit_Grower）可以合理地视为农民（Farmer）的一个子类，符合 RDFS 中 subClassOf 的语义规则。",1,1,
sample_0046,subClassOf,Catholic_Church_In_Kingdom_Of_The_Netherlands_Q9560704 ⊑ Catholic_Church,"背景知识：
条目1：
- 名称：Catholic_Church_In_Kingdom_Of_The_Netherlands_Q9560704
- 类型：Class
- 简介：Catholic_Church_In_Kingdom_Of_The_Netherlands_Q9560704 is a class in the knowledge base.

条目2：
- 名称：Catholic_Church
- 类型：Class
- 简介：The Catholic Church, commonly called the Roman Catholic Church, is the largest Christian denomination, with an estimated 1.28 to 1.41 billion baptized members worldwide as of 2026. It consists of 24 autonomous churches—the Latin Church and....",1,qwen-max-0125,0.0,8192,https://api2.aigcbest.top/v1,"判断结果：正确  
解释：根据背景知识，Catholic_Church_In_Kingdom_Of_The_Netherlands_Q9560704 是一个特定类，而 Catholic_Church 是一个更广泛的类，符合 RDFS 中 subClassOf 的语义规则，即子类是父类的一个特例。",1,1,
sample_0047,subClassOf,Eastern_Catholic_Churches ⊑ Catholicism,"背景知识：
条目1：
- 名称：Eastern_Catholic_Churches
- 类型：Class
- 简介：The Eastern Catholic Churches or Oriental Catholic Churches, also known as the Eastern-Rite Catholic Churches, Eastern Rite Catholicism, or simply the Eastern Churches, are 23 Eastern Christian autonomous particular churches of the Catholic...

条目2：
- 名称：Catholicism
- 类型：Class
- 简介：The Catholic Church, commonly called the Roman Catholic Church, is the largest Christian denomination, with an estimated 1.28 to 1.41 billion baptized members worldwide as of 2026. It consists of 24 autonomous churches—the Latin Church and....",1,qwen-max-0125,0.0,8192,https://api2.aigcbest.top/v1,"判断结果：正确  
解释：根据背景知识，Eastern_Catholic_Churches是Catholicism的组成部分，符合RDFS中subClassOf的语义规则，即Eastern_Catholic_Churches的所有实例也是Catholicism的实例。",1,1,
sample_0048,subClassOf,Process_Engineer_Q71368126 ⊑ Engineer,"背景知识：
条目1：
- 名称：Process_Engineer_Q71368126
- 类型：Class
- 简介：Process_Engineer_Q71368126 is a class in the knowledge base.

条目2：
- 名称：Engineer
- 类型：Class
- 简介：An engineer is a practitioner of engineering. The word engineer is derived from the Latin words ingeniare and ingenium (""cleverness""). The foundational qualifications of a licensed professional engineer typically include a four-year bachelo...",1,qwen-max-0125,0.0,8192,https://api2.aigcbest.top/v1,"判断结果：正确  
解释：根据背景知识，Process_Engineer_Q71368126 是一个类，Engineer 是一个更通用的类，且工艺工程师（Process Engineer）属于工程师（Engineer）的一种，符合 subClassOf 的语义规则。",1,1,
sample_0049,subClassOf,Immortal__u0028_Highlander_u0029_ ⊑ Fictional_Human_Q15632617,"背景知识：
条目1：
- 名称：Immortal__u0028_Highlander_u0029_
- 类型：Class
- 简介：Immortal__u0028_Highlander_u0029_ is a class in the knowledge base.

条目2：
- 名称：Fictional_Human_Q15632617
- 类型：Class
- 简介：Fictional_Human_Q15632617 is a class in the knowledge base.",1,qwen-max-0125,0.0,8192,https://api2.aigcbest.top/v1,"判断结果：正确  
解释：根据背景知识，Immortal__u0028_Highlander_u0029_ 和 Fictional_Human_Q15632617 均为类，且语义上“Immortal__u0028_Highlander_u0029_”可以合理地被视作 “Fictional_Human_Q15632617” 的子类，符合 RDFS 的 subClassOf 语义规则。",1,1,
sample_0050,subClassOf,Fachanwalt_Q1257466 ⊑ Lawyer,"背景知识：
条目1：
- 名称：Fachanwalt_Q1257466
- 类型：Class
- 简介：Fachanwalt_Q1257466 is a class in the knowledge base.

条目2：
- 名称：Lawyer
- 类型：Class
- 简介：A lawyer is a person who is qualified to offer advice about the law, draft legal documents, or represent individuals in legal matters.",1,qwen-max-0125,0.0,8192,https://api2.aigcbest.top/v1,"判断结果：正确  
解释：根据背景知识，Fachanwalt_Q1257466 是一个类，而 Lawyer 也是一个类，且 Fachanwalt_Q1257466 可以被常识理解为 Lawyer 的一种特定类型，符合 RDFS 中 subClassOf 的语义规则。",1,1,
sample_0051,subClassOf,Capital_of_Japan ⊑ Capital_city,"背景知识：
条目1：
- 名称：Capital_of_Japan
- 类型：Class
- 简介：The capital of Japan is Tokyo. Throughout history, the national capital of Japan has been in locations other than Tokyo. The oldest capital is Nara.

条目2：
- 名称：Capital_city
- 类型：Class
- 简介：A capital city, or just capital, is the municipality holding primary status in a country, state, province, department, or other subnational division, usually as its seat of government. A capital is typically a city that physically encompass...",1,qwen-max-0125,0.0,8192,https://api2.aigcbest.top/v1,"判断结果：正确  
解释：根据背景知识，Capital_of_Japan 是东京，而东京作为一个国家的首都，符合 Capital_city 的定义，因此 Capital_of_Japan 是 Capital_city 的子类关系合理。",1,1,
sample_0052,subClassOf,European_lawyer ⊑ Lawyer,"背景知识：
条目1：
- 名称：European_lawyer
- 类型：Class
- 简介：A European lawyer, beyond the self-evident definition of 'a lawyer in Europe', also refers to a specific definition introduced by the UK's European Communities Order 1978, which permits lawyers from other EU member states to practice law wi...

条目2：
- 名称：Lawyer
- 类型：Class
- 简介：A lawyer is a person who is qualified to offer advice about the law, draft legal documents, or represent individuals in legal matters.",1,qwen-max-0125,0.0,8192,https://api2.aigcbest.top/v1,"判断结果：正确  
解释：根据背景知识，European_lawyer 是一种特定类型的律师（Lawyer），符合 RDFS 中 subClassOf 的语义规则，即 European_lawyer 的所有实例也应是 Lawyer 的实例。",1,1,
sample_0053,subClassOf,Constitutional_Lawyer_Q2325224 ⊑ Legal_Scholar_Q16012028,"背景知识：
条目1：
- 名称：Constitutional_Lawyer_Q2325224
- 类型：Class
- 简介：Constitutional_Lawyer_Q2325224 is a class in the knowledge base.

条目2：
- 名称：Legal_Scholar_Q16012028
- 类型：Class
- 简介：Legal_Scholar_Q16012028 is a class in the knowledge base.",1,qwen-max-0125,0.0,8192,https://api2.aigcbest.top/v1,"判断结果：正确  
解释：根据背景知识和常识，宪法律师是法律学者的一个子类，符合RDFS中subClassOf的语义规则。",1,1,
sample_0054,subClassOf,Sequence_Director_Q28381399 ⊑ Film_director,"背景知识：
条目1：
- 名称：Sequence_Director_Q28381399
- 类型：Class
- 简介：Sequence_Director_Q28381399 is a class in the knowledge base.

条目2：
- 名称：Film_director
- 类型：Class
- 简介：A film director or filmmaker is a person who controls a film's artistic and dramatic aspects and visualizes the screenplay while guiding the film crew and actors in the fulfillment of that vision. The director has a key role in choosing the...",1,qwen-max-0125,0.0,8192,https://api2.aigcbest.top/v1,"判断结果：正确  
解释：根据背景知识，Sequence_Director_Q28381399 和 Film_director 均为类，且语义上 Sequence_Director_Q28381399 可被合理推断为 Film_director 的子类，符合 RDFS 中 subClassOf 的语义规则。",1,1,
sample_0055,subClassOf,Discoverer_Of_Minor_Planets_Q96203320 ⊑ Astronomer,"背景知识：
条目1：
- 名称：Discoverer_Of_Minor_Planets_Q96203320
- 类型：Class
- 简介：Discoverer_Of_Minor_Planets_Q96203320 is a class in the knowledge base.

条目2：
- 名称：Astronomer
- 类型：Class
- 简介：An astronomer is a scientist in the field of astronomy who focuses on a specific question or field outside the scope of Earth. Astronomers study astronomical objects, such as stars, planets, moons, comets and galaxies, by some combination o...",1,qwen-max-0125,0.0,8192,https://api2.aigcbest.top/v1,"判断结果：正确  
解释：根据背景知识，Discoverer_Of_Minor_Planets_Q96203320 是一个类，Astronomer 也是一个类，且发现小行星的人通常属于天文学家的范畴，符合 subClassOf 的语义规则。",1,1,
sample_0056,subClassOf,Fictional_Human_Formerly_Considered_To_Be_Historical_Q64520857 ⊑ Fictional_Human_Q15632617,"背景知识：
条目1：
- 名称：Fictional_Human_Formerly_Considered_To_Be_Historical_Q64520857
- 类型：Class
- 简介：Fictional_Human_Formerly_Considered_To_Be_Historical_Q64520857 is a class in the knowledge base.

条目2：
- 名称：Fictional_Human_Q15632617
- 类型：Class
- 简介：Fictional_Human_Q15632617 is a class in the knowledge base.",1,qwen-max-0125,0.0,8192,https://api2.aigcbest.top/v1,"判断结果：正确  
解释：根据背景知识，Fictional_Human_Formerly_Considered_To_Be_Historical_Q64520857 和 Fictional_Human_Q15632617 均为类，且前者可以合理地被视作后者的子类，符合 RDFS 中 subClassOf 的语义规则。",1,1,
sample_0057,subClassOf,Français_Guyanais_Q102098874 ⊑ French_language,"背景知识：
条目1：
- 名称：Français_Guyanais_Q102098874
- 类型：Class
- 简介：Français_Guyanais_Q102098874 is a class in the knowledge base.

条目2：
- 名称：French_language
- 类型：Class
- 简介：French is a Romance language of the Indo-European family. Like all other Romance languages, it descended from the Vulgar Latin of the Roman Empire. French evolved from Northern Old Gallo-Romance, a descendant of the Latin spoken in Northern...",1,qwen-max-0125,0.0,8192,https://api2.aigcbest.top/v1,"判断结果：错误  
解释：根据背景知识，Français_Guyanais_Q102098874 是一个类，而 French_language 也是一个类，但没有任何信息表明前者是后者的子类，因此该公理与背景知识不符。",0,0,
sample_0058,subClassOf,Board_wargame ⊑ Board_game,"背景知识：
条目1：
- 名称：Board_wargame
- 类型：Class
- 简介：A board wargame is a wargame with a set playing surface or board, as opposed to being played on a computer or in a more free-form playing area as in miniatures games. The modern, commercial wargaming hobby developed in 1954 following the pu...

条目2：
- 名称：Board_game
- 类型：Class
- 简介：A board game is a type of tabletop game that involves small objects that are placed and moved in particular ways on a specially designed patterned game board, potentially including other components, e.g. dice. The earliest known uses of the...",1,qwen-max-0125,0.0,8192,https://api2.aigcbest.top/v1,"判断结果：正确  
解释：根据背景知识，Board_wargame是Board_game的一种特定类型，符合RDFS中subClassOf的语义规则，即子类是父类的一个特例。",1,1,
sample_0059,subClassOf,Engineering_Mathematician_Q96777281 ⊑ Engineer,"背景知识：
条目1：
- 名称：Engineering_Mathematician_Q96777281
- 类型：Class
- 简介：Engineering_Mathematician_Q96777281 is a class in the knowledge base.

条目2：
- 名称：Engineer
- 类型：Class
- 简介：An engineer is a practitioner of engineering. The word engineer is derived from the Latin words ingeniare and ingenium (""cleverness""). The foundational qualifications of a licensed professional engineer typically include a four-year bachelo...",1,qwen-max-0125,0.0,8192,https://api2.aigcbest.top/v1,"判断结果：正确  
解释：根据背景知识，Engineering_Mathematician_Q96777281 是一个类，Engineer 也是一个类，且工程数学家可以被合理地视为工程师的一个子集，符合 subClassOf 的语义规则。",1,1,
sample_0060,subClassOf,Antoinism ⊑ Catholicism,"背景知识：
条目1：
- 名称：Antoinism
- 类型：Class
- 简介：Antoinism is a healing-oriented new religious movement founded in 1910 by Louis-Joseph Antoine (1846–1912) in Jemeppe-sur-Meuse, Seraing in Belgium. With a total of 64 temples, over forty reading rooms across the world and thousands of memb...

条目2：
- 名称：Catholicism
- 类型：Class
- 简介：The Catholic Church, commonly called the Roman Catholic Church, is the largest Christian denomination, with an estimated 1.28 to 1.41 billion baptized members worldwide as of 2026. It consists of 24 autonomous churches—the Latin Church and....",1,qwen-max-0125,0.0,8192,https://api2.aigcbest.top/v1,"判断结果：错误  
解释：根据背景知识，Antoinism是一个1910年创立的新宗教运动，而Catholicism是基督教中最大的教派，两者在语义上并无包含关系，因此Antoinism不是Catholicism的子类。",0,0,
sample_0061,subPropertyOf,containsSeason ⊑p hasPart,"背景知识：
条目1：
- 名称：containsSeason
- 类型：Property
- 简介：A season that is part of the media series.
- 补充信息：domainIncludes: http://schema.org/RadioSeries, http://schema.org/TVSeries, http://schema.org/VideoGameSeries | rangeIncludes: http://schema.org/CreativeWorkSeason

条目2：
- 名称：hasPart
- 类型：Property
- 简介：Indicates an item or CreativeWork that is part of this item, or CreativeWork (in some sense).
- 补充信息：domainIncludes: http://schema.org/CreativeWork | rangeIncludes: http://schema.org/CreativeWork",1,qwen-max-0125,0.0,8192,https://api2.aigcbest.top/v1,"判断结果：正确  
解释：根据背景知识，containsSeason的domainIncludes包含TVSeries等类，而rangeIncludes为CreativeWorkSeason，这符合hasPart的语义范围（domain和range均为CreativeWork），因此containsSeason是hasPart的一种具体形式，公理合理。",1,1,
sample_0062,subPropertyOf,resultComment ⊑p result,"背景知识：
条目1：
- 名称：resultComment
- 类型：Property
- 简介：A sub property of result. The Comment created or sent as a result of this action.
- 补充信息：domainIncludes: http://schema.org/CommentAction, http://schema.org/ReplyAction | rangeIncludes: http://schema.org/Comment

条目2：
- 名称：result
- 类型：Property
- 简介：The result produced in the action. E.g. John wrote <em>a book</em>.
- 补充信息：domainIncludes: http://schema.org/Action | rangeIncludes: http://schema.org/Thing",1,qwen-max-0125,0.0,8192,https://api2.aigcbest.top/v1,"判断结果：正确  
解释：根据背景知识，resultComment 是 result 的子属性，且二者的域和值范围符合 RDFS 语义规则中的 subPropertyOf 关系约束。",1,1,
sample_0063,subPropertyOf,issn ⊑p identifier,"背景知识：
条目1：
- 名称：issn
- 类型：Property
- 简介：The International Standard Serial Number (ISSN) that identifies this serial publication. You can repeat this property to identify different formats of, or the linking ISSN (ISSN-L) for, this serial publication.
- 补充信息：domainIncludes: http://schema.org/Blog, http://schema.org/CreativeWorkSeries, http://schema.org/Dataset, http://schema.org/WebSite | rangeIncludes: http://schema.org/Text

条目2：
- 名称：identifier
- 类型：Property
- 简介：The identifier property represents any kind of identifier for any kind of <a class=""localLink"" href=""/Thing"">Thing</a>, such as ISBNs, GTIN codes, UUIDs etc. Schema.org provides dedicated properties for representing many of these, either as...
- 补充信息：domainIncludes: http://schema.org/Thing | rangeIncludes: http://schema.org/PropertyValue, http://schema.org/Text, http://schema.org/URL",1,qwen-max-0125,0.0,8192,https://api2.aigcbest.top/v1,"判断结果：正确  
解释：根据背景知识，issn是标识连续出版物的属性，而identifier是更通用的标识符属性，issn可以被视为identifier的一种特定类型，符合subPropertyOf的语义规则。",1,1,
sample_0064,subPropertyOf,tool ⊑p instrument,"背景知识：
条目1：
- 名称：tool
- 类型：Property
- 简介：A sub property of instrument. An object used (but not consumed) when performing instructions or a direction.
- 补充信息：domainIncludes: http://schema.org/HowTo, http://schema.org/HowToDirection | rangeIncludes: http://schema.org/HowToTool, http://schema.org/Text

条目2：
- 名称：instrument
- 类型：Property
- 简介：The object that helped the agent perform the action. E.g. John wrote a book with <em>a pen</em>.
- 补充信息：domainIncludes: http://schema.org/Action | rangeIncludes: http://schema.org/Thing",1,qwen-max-0125,0.0,8192,https://api2.aigcbest.top/v1,"判断结果：正确  
解释：根据背景知识，tool是instrument的子属性，且两者的domain和range均符合RDFS语义规则中的子属性约束。",1,1,
sample_0065,subPropertyOf,gtin12 ⊑p identifier,"背景知识：
条目1：
- 名称：gtin12
- 类型：Property
- 简介：The GTIN-12 code of the product, or the product to which the offer refers. The GTIN-12 is the 12-digit GS1 Identification Key composed of a U.P.C. Company Prefix, Item Reference, and Check Digit used to identify trade items. See <a href=""ht...
- 补充信息：domainIncludes: http://schema.org/Demand, http://schema.org/Offer, http://schema.org/Product | rangeIncludes: http://schema.org/Text

条目2：
- 名称：identifier
- 类型：Property
- 简介：The identifier property represents any kind of identifier for any kind of <a class=""localLink"" href=""/Thing"">Thing</a>, such as ISBNs, GTIN codes, UUIDs etc. Schema.org provides dedicated properties for representing many of these, either as...
- 补充信息：domainIncludes: http://schema.org/Thing | rangeIncludes: http://schema.org/PropertyValue, http://schema.org/Text, http://schema.org/URL",1,qwen-max-0125,0.0,8192,https://api2.aigcbest.top/v1,"判断结果：正确  
解释：根据背景知识，gtin12是用于标识产品的属性，而identifier是通用标识符属性，gtin12可视为identifier的一种具体类型，符合subPropertyOf的语义规则。",1,1,
sample_0066,subPropertyOf,price ⊑p hasNumericValue,"背景知识：
条目1：
- 名称：price
- 类型：Property
- 简介：The offer price of a product, or of a price component when attached to PriceSpecification and its subtypes.<br/><br/> Usage guidelines:<br/><br/> <ul> <li>Use the <a class=""localLink"" href=""/priceCurrency"">priceCurrency</a> property (with s...
- 补充信息：domainIncludes: http://schema.org/DonateAction, http://schema.org/Offer, http://schema.org/PriceSpecification, http://schema.org/TradeAction | rangeIncludes: http://schema.org/Numb...

条目2：
- 名称：hasNumericValue
- 类型：Class
- 简介：hasNumericValue is a class in the knowledge base.",1,qwen-max-0125,0.0,8192,https://api2.aigcbest.top/v1,"判断结果：错误  
解释：根据背景知识，price是一个Property，而hasNumericValue是一个Class，RDFS中属性（Property）不能是类（Class）的子属性（subPropertyOf）。",0,0,
sample_0067,subPropertyOf,episode ⊑p hasPart,"背景知识：
条目1：
- 名称：episode
- 类型：Property
- 简介：An episode of a TV, radio or game media within a series or season.
- 补充信息：domainIncludes: http://schema.org/CreativeWorkSeason, http://schema.org/RadioSeries, http://schema.org/TVSeries, http://schema.org/VideoGameSeries | rangeIncludes: http://schema.or...

条目2：
- 名称：hasPart
- 类型：Property
- 简介：Indicates an item or CreativeWork that is part of this item, or CreativeWork (in some sense).
- 补充信息：domainIncludes: http://schema.org/CreativeWork | rangeIncludes: http://schema.org/CreativeWork",1,qwen-max-0125,0.0,8192,https://api2.aigcbest.top/v1,"判断结果：错误  
解释：根据背景知识，episode的domainIncludes与rangeIncludes表明其主体和客体分别属于特定类，而hasPart的语义更广泛，无法直接推断episode一定是hasPart的子属性。",0,0,
sample_0068,subPropertyOf,serviceSmsNumber ⊑p hasAddress,"背景知识：
条目1：
- 名称：serviceSmsNumber
- 类型：Property
- 简介：The number to access the service by text message.
- 补充信息：domainIncludes: http://schema.org/ServiceChannel | rangeIncludes: http://schema.org/ContactPoint

条目2：
- 名称：hasAddress
- 类型：Class
- 简介：hasAddress is a class in the knowledge base.",1,qwen-max-0125,0.0,8192,https://api2.aigcbest.top/v1,"判断结果：错误  
解释：serviceSmsNumber 是一个属性，而 hasAddress 是一个类，根据 RDFS 语义规则，属性和类之间不能直接建立子属性关系 (subPropertyOf)。",0,0,
sample_0069,subPropertyOf,announcementLocation ⊑p spatialCoverage,"背景知识：
条目1：
- 名称：announcementLocation
- 类型：Property
- 简介：Indicates a specific <a class=""localLink"" href=""/CivicStructure"">CivicStructure</a> or <a class=""localLink"" href=""/LocalBusiness"">LocalBusiness</a> associated with the SpecialAnnouncement. For example, a specific testing facility or busines...
- 补充信息：domainIncludes: http://schema.org/SpecialAnnouncement | rangeIncludes: http://schema.org/CivicStructure, http://schema.org/LocalBusiness

条目2：
- 名称：spatialCoverage
- 类型：Property
- 简介：The spatialCoverage of a CreativeWork indicates the place(s) which are the focus of the content. It is a subproperty of contentLocation intended primarily for more technical and detailed materials. For example with a Dataset, it indicates a...
- 补充信息：domainIncludes: http://schema.org/CreativeWork | rangeIncludes: http://schema.org/Place",1,qwen-max-0125,0.0,8192,https://api2.aigcbest.top/v1,"判断结果：错误  
解释：根据背景知识，announcementLocation的domain是SpecialAnnouncement，而spatialCoverage的domain是CreativeWork，两者领域不一致，因此announcementLocation不可能是spatialCoverage的子属性。",0,0,
sample_0070,subPropertyOf,toLocation ⊑p location,"背景知识：
条目1：
- 名称：toLocation
- 类型：Property
- 简介：A sub property of location. The final location of the object or the agent after the action.
- 补充信息：domainIncludes: http://schema.org/ExerciseAction, http://schema.org/InsertAction, http://schema.org/MoveAction, http://schema.org/TransferAction | rangeIncludes: http://schema.org/...

条目2：
- 名称：location
- 类型：Property
- 简介：The location of, for example, where an event is happening, where an organization is located, or where an action takes place.
- 补充信息：domainIncludes: http://schema.org/Action, http://schema.org/Event, http://schema.org/InteractionCounter, http://schema.org/Organization | rangeIncludes: http://schema.org/Place, ht...",1,qwen-max-0125,0.0,8192,https://api2.aigcbest.top/v1,"判断结果：正确  
解释：根据背景知识，toLocation 是 location 的子属性，且其语义和约束符合 RDFS 中 subPropertyOf 的定义规则。",1,1,
sample_0071,subPropertyOf,orderNumber ⊑p identifier,"背景知识：
条目1：
- 名称：orderNumber
- 类型：Property
- 简介：The identifier of the transaction.
- 补充信息：domainIncludes: http://schema.org/Order | rangeIncludes: http://schema.org/Text

条目2：
- 名称：identifier
- 类型：Property
- 简介：The identifier property represents any kind of identifier for any kind of <a class=""localLink"" href=""/Thing"">Thing</a>, such as ISBNs, GTIN codes, UUIDs etc. Schema.org provides dedicated properties for representing many of these, either as...
- 补充信息：domainIncludes: http://schema.org/Thing | rangeIncludes: http://schema.org/PropertyValue, http://schema.org/Text, http://schema.org/URL",1,qwen-max-0125,0.0,8192,https://api2.aigcbest.top/v1,"判断结果：正确  
解释：根据背景知识，orderNumber的domain是Order，range是Text，而identifier的domain是Thing（Order是Thing的子类），range包含Text，因此orderNumber可以作为identifier的子属性。",1,1,
sample_0072,subPropertyOf,spatialCoverage ⊑p contentLocation,"背景知识：
条目1：
- 名称：spatialCoverage
- 类型：Property
- 简介：The spatialCoverage of a CreativeWork indicates the place(s) which are the focus of the content. It is a subproperty of contentLocation intended primarily for more technical and detailed materials. For example with a Dataset, it indicates a...
- 补充信息：domainIncludes: http://schema.org/CreativeWork | rangeIncludes: http://schema.org/Place

条目2：
- 名称：contentLocation
- 类型：Property
- 简介：The location depicted or described in the content. For example, the location in a photograph or painting.
- 补充信息：domainIncludes: http://schema.org/CreativeWork | rangeIncludes: http://schema.org/Place",1,qwen-max-0125,0.0,8192,https://api2.aigcbest.top/v1,"判断结果：正确  
解释：根据背景知识，spatialCoverage是contentLocation的子属性，且两者的domain和range一致，符合RDFS中subPropertyOf的语义规则。",1,1,
sample_0073,subPropertyOf,workLocation ⊑p location,"背景知识：
条目1：
- 名称：workLocation
- 类型：Property
- 简介：A contact location for a person's place of work.
- 补充信息：domainIncludes: http://schema.org/Person | rangeIncludes: http://schema.org/ContactPoint, http://schema.org/Place

条目2：
- 名称：location
- 类型：Property
- 简介：The location of, for example, where an event is happening, where an organization is located, or where an action takes place.
- 补充信息：domainIncludes: http://schema.org/Action, http://schema.org/Event, http://schema.org/InteractionCounter, http://schema.org/Organization | rangeIncludes: http://schema.org/Place, ht...",1,qwen-max-0125,0.0,8192,https://api2.aigcbest.top/v1,"判断结果：正确  
解释：根据背景知识，workLocation的domainIncludes为Person且rangeIncludes包含Place，而location的domainIncludes包含Action、Event等且rangeIncludes也包含Place，因此workLocation可以被视作location的一种特定形式，符合subPropertyOf语义规则。",1,1,
sample_0074,subPropertyOf,missionCoveragePrioritiesPolicy ⊑p publishingPrinciples,"背景知识：
条目1：
- 名称：missionCoveragePrioritiesPolicy
- 类型：Property
- 简介：For a <a class=""localLink"" href=""/NewsMediaOrganization"">NewsMediaOrganization</a>, a statement on coverage priorities, including any public agenda or stance on issues.
- 补充信息：domainIncludes: http://schema.org/NewsMediaOrganization | rangeIncludes: http://schema.org/CreativeWork, http://schema.org/URL

条目2：
- 名称：publishingPrinciples
- 类型：Property
- 简介：The publishingPrinciples property indicates (typically via <a class=""localLink"" href=""/URL"">URL</a>) a document describing the editorial principles of an <a class=""localLink"" href=""/Organization"">Organization</a> (or individual, e.g. a <a c...
- 补充信息：domainIncludes: http://schema.org/CreativeWork, http://schema.org/Organization, http://schema.org/Person | rangeIncludes: http://schema.org/CreativeWork, http://schema.org/URL",1,qwen-max-0125,0.0,8192,https://api2.aigcbest.top/v1,"判断结果：错误  
解释：根据背景知识，missionCoveragePrioritiesPolicy的domain为NewsMediaOrganization，而publishingPrinciples的domain包括CreativeWork、Organization和Person，两者的主体范围不一致，因此不符合subPropertyOf的语义规则。",0,0,
sample_0075,subPropertyOf,availableAtOrFrom ⊑p areaServed,"背景知识：
条目1：
- 名称：availableAtOrFrom
- 类型：Property
- 简介：The place(s) from which the offer can be obtained (e.g. store locations).
- 补充信息：domainIncludes: http://schema.org/Demand, http://schema.org/Offer | rangeIncludes: http://schema.org/Place

条目2：
- 名称：areaServed
- 类型：Property
- 简介：The geographic area where a service or offered item is provided.
- 补充信息：domainIncludes: http://schema.org/ContactPoint, http://schema.org/DeliveryChargeSpecification, http://schema.org/Demand, http://schema.org/FinancialIncentive, http://schema.org/Off...",1,qwen-max-0125,0.0,8192,https://api2.aigcbest.top/v1,"判断结果：错误  
解释：根据背景知识，availableAtOrFrom的domainIncludes为Demand和Offer，而areaServed的domainIncludes不包含这些类，因此两者之间不存在subPropertyOf关系。",0,0,
sample_0076,subPropertyOf,homeLocation ⊑p location,"背景知识：
条目1：
- 名称：homeLocation
- 类型：Property
- 简介：A contact location for a person's residence.
- 补充信息：domainIncludes: http://schema.org/Person | rangeIncludes: http://schema.org/ContactPoint, http://schema.org/Place

条目2：
- 名称：location
- 类型：Property
- 简介：The location of, for example, where an event is happening, where an organization is located, or where an action takes place.
- 补充信息：domainIncludes: http://schema.org/Action, http://schema.org/Event, http://schema.org/InteractionCounter, http://schema.org/Organization | rangeIncludes: http://schema.org/Place, ht...",1,qwen-max-0125,0.0,8192,https://api2.aigcbest.top/v1,"判断结果：正确  
解释：根据背景知识，homeLocation的rangeIncludes包含Place，而location的rangeIncludes也包含Place，且location的语义更广，因此homeLocation可以被视作location的子属性。",1,1,
sample_0077,subPropertyOf,recipeIngredient ⊑p supply,"背景知识：
条目1：
- 名称：recipeIngredient
- 类型：Property
- 简介：An ingredient or ordered list of ingredients and potentially quantities used in the recipe, e.g. 1 cup of sugar, flour or garlic. The ingredients can be represented as free text or more structured values.
- 补充信息：domainIncludes: http://schema.org/Recipe | rangeIncludes: http://schema.org/ItemList, http://schema.org/PropertyValue, http://schema.org/Text

条目2：
- 名称：supply
- 类型：Property
- 简介：A sub-property of instrument. A supply consumed when performing instructions or a direction.
- 补充信息：domainIncludes: http://schema.org/HowTo, http://schema.org/HowToDirection | rangeIncludes: http://schema.org/HowToSupply, http://schema.org/Text",1,qwen-max-0125,0.0,8192,https://api2.aigcbest.top/v1,"判断结果：错误  
解释：根据背景知识，recipeIngredient的domain是Recipe，而supply的domain是HowTo或HowToDirection，两者的主体类不一致，因此recipeIngredient不可能是supply的子属性。",0,0,
sample_0078,subPropertyOf,borrower ⊑p participant,"背景知识：
条目1：
- 名称：borrower
- 类型：Property
- 简介：A sub property of participant. The person that borrows the object being lent.
- 补充信息：domainIncludes: http://schema.org/LendAction | rangeIncludes: http://schema.org/Person

条目2：
- 名称：participant
- 类型：Property
- 简介：Other co-agents that participated in the action indirectly. E.g. John wrote a book with <em>Steve</em>.
- 补充信息：domainIncludes: http://schema.org/Action | rangeIncludes: http://schema.org/Organization, http://schema.org/Person",1,qwen-max-0125,0.0,8192,https://api2.aigcbest.top/v1,"判断结果：正确  
解释：根据背景知识，borrower是participant的子属性，且其domain和range均符合participant的约束，满足RDFS中subPropertyOf的语义规则。",1,1,
sample_0079,subPropertyOf,recipient ⊑p participant,"背景知识：
条目1：
- 名称：recipient
- 类型：Property
- 简介：A sub property of participant. The participant who is at the receiving end of the action.
- 补充信息：domainIncludes: http://schema.org/AuthorizeAction, http://schema.org/CommunicateAction, http://schema.org/DonateAction, http://schema.org/GiveAction, http://schema.org/Message, htt...

条目2：
- 名称：participant
- 类型：Property
- 简介：Other co-agents that participated in the action indirectly. E.g. John wrote a book with <em>Steve</em>.
- 补充信息：domainIncludes: http://schema.org/Action | rangeIncludes: http://schema.org/Organization, http://schema.org/Person",1,qwen-max-0125,0.0,8192,https://api2.aigcbest.top/v1,"判断结果：正确  
解释：根据背景知识，recipient是participant的子属性，且其语义符合RDFS中subPropertyOf的定义，即recipient的所有实例也应是participant的实例。",1,1,
sample_0080,subPropertyOf,legalName ⊑p hasName,"背景知识：
条目1：
- 名称：legalName
- 类型：Property
- 简介：The official name of the organization, e.g. the registered company name.
- 补充信息：domainIncludes: http://schema.org/Organization | rangeIncludes: http://schema.org/Text

条目2：
- 名称：hasName
- 类型：Class
- 简介：hasName is a class in the knowledge base.",1,qwen-max-0125,0.0,8192,https://api2.aigcbest.top/v1,"判断结果：错误  
解释：legalName 是一个属性 (Property)，而 hasName 是一个类 (Class)，根据 RDFS 语义规则，属性和类之间不能直接建立子属性关系 (subPropertyOf)。",0,0,
sample_0081,subPropertyOf,inChI ⊑p hasRepresentation,"背景知识：
条目1：
- 名称：inChI
- 类型：Property
- 简介：Non-proprietary identifier for molecular entity that can be used in printed and electronic data sources thus enabling easier linking of diverse data compilations.
- 补充信息：domainIncludes: http://schema.org/MolecularEntity | rangeIncludes: http://schema.org/Text

条目2：
- 名称：hasRepresentation
- 类型：Property
- 简介：A common representation such as a protein sequence or chemical structure for this entity. For images use schema.org/image.
- 补充信息：domainIncludes: http://schema.org/BioChemEntity | rangeIncludes: http://schema.org/PropertyValue, http://schema.org/Text, http://schema.org/URL",1,qwen-max-0125,0.0,8192,https://api2.aigcbest.top/v1,"判断结果：错误  
解释：根据背景知识，inChI的domain是MolecularEntity，而hasRepresentation的domain是BioChemEntity，两者领域不一致，因此inChI不可能是hasRepresentation的子属性。",0,0,
sample_0082,subPropertyOf,fromLocation ⊑p location,"背景知识：
条目1：
- 名称：fromLocation
- 类型：Property
- 简介：A sub property of location. The original location of the object or the agent before the action.
- 补充信息：domainIncludes: http://schema.org/ExerciseAction, http://schema.org/MoveAction, http://schema.org/TransferAction | rangeIncludes: http://schema.org/Place

条目2：
- 名称：location
- 类型：Property
- 简介：The location of, for example, where an event is happening, where an organization is located, or where an action takes place.
- 补充信息：domainIncludes: http://schema.org/Action, http://schema.org/Event, http://schema.org/InteractionCounter, http://schema.org/Organization | rangeIncludes: http://schema.org/Place, ht...",1,qwen-max-0125,0.0,8192,https://api2.aigcbest.top/v1,"判断结果：正确  
解释：根据背景知识，fromLocation 是 location 的子属性，且二者的 domain 和 range 均兼容，符合 RDFS 中 subPropertyOf 的语义规则。",1,1,
sample_0083,subPropertyOf,partOfTVSeries ⊑p isPartOf,"背景知识：
条目1：
- 名称：partOfTVSeries
- 类型：Property
- 简介：The TV series to which this episode or season belongs.
- 补充信息：domainIncludes: http://schema.org/TVClip, http://schema.org/TVEpisode, http://schema.org/TVSeason | rangeIncludes: http://schema.org/TVSeries

条目2：
- 名称：isPartOf
- 类型：Property
- 简介：Indicates an item or CreativeWork that this item, or CreativeWork (in some sense), is part of.
- 补充信息：domainIncludes: http://schema.org/CreativeWork | rangeIncludes: http://schema.org/CreativeWork, http://schema.org/URL",1,qwen-max-0125,0.0,8192,https://api2.aigcbest.top/v1,"判断结果：正确  
解释：根据背景知识，partOfTVSeries的domain和range均符合isPartOf的语义范围，且两者都表达了“部分-整体”的关系，因此partOfTVSeries是isPartOf的子属性。",1,1,
sample_0084,subPropertyOf,longitude ⊑p hasLongitude,"背景知识：
条目1：
- 名称：longitude
- 类型：Property
- 简介：The longitude of a location. For example <code>-122.08585</code> (<a href=""https://en.wikipedia.org/wiki/World_Geodetic_System"">WGS 84</a>).
- 补充信息：domainIncludes: http://schema.org/GeoCoordinates, http://schema.org/Place | rangeIncludes: http://schema.org/Number, http://schema.org/Text

条目2：
- 名称：hasLongitude
- 类型：Class
- 简介：hasLongitude is a class in the knowledge base.",1,qwen-max-0125,0.0,8192,https://api2.aigcbest.top/v1,"判断结果：错误  
解释：根据背景知识，longitude是一个Property，而hasLongitude是一个Class，RDFS中subPropertyOf关系仅适用于属性之间，因此该公理语义上不成立。",0,0,
sample_0085,subPropertyOf,logo ⊑p image,"背景知识：
条目1：
- 名称：logo
- 类型：Property
- 简介：An associated logo.
- 补充信息：domainIncludes: http://schema.org/Brand, http://schema.org/Certification, http://schema.org/Organization, http://schema.org/Place, http://schema.org/Product, http://schema.org/Serv...

条目2：
- 名称：image
- 类型：Property
- 简介：An image of the item. This can be a <a class=""localLink"" href=""/URL"">URL</a> or a fully described <a class=""localLink"" href=""/ImageObject"">ImageObject</a>.
- 补充信息：domainIncludes: http://schema.org/Thing | rangeIncludes: http://schema.org/ImageObject, http://schema.org/URL",1,qwen-max-0125,0.0,8192,https://api2.aigcbest.top/v1,"判断结果：错误  
解释：根据背景知识，logo的domainIncludes包含多个特定类，而image的domainIncludes为Thing，两者的语义范围不一致，且无明确的subPropertyOf关系支持此公理。",0,0,
sample_0086,subPropertyOf,partOfInvoice ⊑p isReferencedIn,"背景知识：
条目1：
- 名称：partOfInvoice
- 类型：Property
- 简介：The order is being paid as part of the referenced Invoice.
- 补充信息：domainIncludes: http://schema.org/Order | rangeIncludes: http://schema.org/Invoice

条目2：
- 名称：isReferencedIn
- 类型：Class
- 简介：isReferencedIn is a class in the knowledge base.",1,qwen-max-0125,0.0,8192,https://api2.aigcbest.top/v1,"判断结果：错误  
解释：partOfInvoice 是一个属性，而 isReferencedIn 是一个类，根据 RDFS 语义规则，属性和类之间不能直接建立 subPropertyOf (⊑p) 关系。",0,0,
sample_0087,subPropertyOf,clipNumber ⊑p position,"背景知识：
条目1：
- 名称：clipNumber
- 类型：Property
- 简介：Position of the clip within an ordered group of clips.
- 补充信息：domainIncludes: http://schema.org/Clip | rangeIncludes: http://schema.org/Integer, http://schema.org/Text

条目2：
- 名称：position
- 类型：Property
- 简介：The position of an item in a series or sequence of items.
- 补充信息：domainIncludes: http://schema.org/CreativeWork, http://schema.org/ListItem | rangeIncludes: http://schema.org/Integer, http://schema.org/Text",1,qwen-max-0125,0.0,8192,https://api2.aigcbest.top/v1,"判断结果：错误  
解释：根据背景知识，clipNumber的domain为Clip，而position的domain包括CreativeWork和ListItem，两者domain不一致，因此clipNumber不是position的子属性。",0,0,
sample_0088,subPropertyOf,minimumPaymentDue ⊑p hasLowerBound,"背景知识：
条目1：
- 名称：minimumPaymentDue
- 类型：Property
- 简介：The minimum payment required at this time.
- 补充信息：domainIncludes: http://schema.org/Invoice | rangeIncludes: http://schema.org/MonetaryAmount, http://schema.org/PriceSpecification

条目2：
- 名称：hasLowerBound
- 类型：Class
- 简介：hasLowerBound is a class in the knowledge base.",1,qwen-max-0125,0.0,8192,https://api2.aigcbest.top/v1,"判断结果：错误  
解释：minimumPaymentDue 是一个属性，而 hasLowerBound 是一个类，根据 RDFS 语义规则，属性和类之间不能直接建立 subPropertyOf 关系。",0,0,
sample_0089,subPropertyOf,awayTeam ⊑p competitor,"背景知识：
条目1：
- 名称：awayTeam
- 类型：Property
- 简介：The away team in a sports event.
- 补充信息：domainIncludes: http://schema.org/SportsEvent | rangeIncludes: http://schema.org/Person, http://schema.org/SportsTeam

条目2：
- 名称：competitor
- 类型：Property
- 简介：A competitor in a sports event.
- 补充信息：domainIncludes: http://schema.org/SportsEvent | rangeIncludes: http://schema.org/Person, http://schema.org/SportsTeam",1,qwen-max-0125,0.0,8192,https://api2.aigcbest.top/v1,"判断结果：正确  
解释：根据背景知识，awayTeam和competitor的domain均为SportsEvent，且它们的range均包含Person和SportsTeam，因此awayTeam可以被视作competitor的一种特定情况，符合subPropertyOf语义规则。",1,1,
sample_0090,subPropertyOf,resultReview ⊑p result,"背景知识：
条目1：
- 名称：resultReview
- 类型：Property
- 简介：A sub property of result. The review that resulted in the performing of the action.
- 补充信息：domainIncludes: http://schema.org/ReviewAction | rangeIncludes: http://schema.org/Review

条目2：
- 名称：result
- 类型：Property
- 简介：The result produced in the action. E.g. John wrote <em>a book</em>.
- 补充信息：domainIncludes: http://schema.org/Action | rangeIncludes: http://schema.org/Thing",1,qwen-max-0125,0.0,8192,https://api2.aigcbest.top/v1,"判断结果：正确  
解释：根据背景知识，resultReview 是 result 的子属性，且二者的域和值范围符合 RDFS 语义规则中 subPropertyOf 的约束条件。",1,1,
sample_0091,subPropertyOf,surface ⊑p material,"背景知识：
条目1：
- 名称：surface
- 类型：Property
- 简介：A material used as a surface in some artwork, e.g. Canvas, Paper, Wood, Board, etc.
- 补充信息：domainIncludes: http://schema.org/VisualArtwork | rangeIncludes: http://schema.org/Text, http://schema.org/URL

条目2：
- 名称：material
- 类型：Property
- 简介：A material that something is made from, e.g. leather, wool, cotton, paper.
- 补充信息：domainIncludes: http://schema.org/CreativeWork, http://schema.org/Product | rangeIncludes: http://schema.org/Product, http://schema.org/Text, http://schema.org/URL",1,qwen-max-0125,0.0,8192,https://api2.aigcbest.top/v1,"判断结果：错误  
解释：根据背景知识，surface的domain是VisualArtwork，而material的domain包括CreativeWork和Product，两者领域不一致，因此surface不是material的子属性。",0,0,
sample_0092,subPropertyOf,hasCategoryCode ⊑p hasDefinedTerm,"背景知识：
条目1：
- 名称：hasCategoryCode
- 类型：Property
- 简介：A Category code contained in this code set.
- 补充信息：domainIncludes: http://schema.org/CategoryCodeSet | rangeIncludes: http://schema.org/CategoryCode

条目2：
- 名称：hasDefinedTerm
- 类型：Property
- 简介：A Defined Term contained in this term set.
- 补充信息：domainIncludes: http://schema.org/DefinedTermSet, http://schema.org/Taxon | rangeIncludes: http://schema.org/DefinedTerm",1,qwen-max-0125,0.0,8192,https://api2.aigcbest.top/v1,"判断结果：错误  
解释：根据背景知识，hasCategoryCode的domain和range与hasDefinedTerm的domain和range不匹配，无法满足subPropertyOf的语义约束。",0,0,
sample_0093,subPropertyOf,legislationPassedBy ⊑p creator,"背景知识：
条目1：
- 名称：legislationPassedBy
- 类型：Property
- 简介：The person or organization that originally passed or made the law: typically parliament (for primary legislation) or government (for secondary legislation). This indicates the ""legal author"" of the law, as opposed to its physical author.
- 补充信息：domainIncludes: http://schema.org/Legislation | rangeIncludes: http://schema.org/Organization, http://schema.org/Person

条目2：
- 名称：creator
- 类型：Property
- 简介：The creator/author of this CreativeWork. This is the same as the Author property for CreativeWork.
- 补充信息：domainIncludes: http://schema.org/CreativeWork, http://schema.org/UserComments | rangeIncludes: http://schema.org/Organization, http://schema.org/Person",1,qwen-max-0125,0.0,8192,https://api2.aigcbest.top/v1,"判断结果：错误  
解释：根据背景知识，legislationPassedBy的domain是Legislation，而creator的domain是CreativeWork和UserComments，两者的领域不兼容，因此该公理与语义规则冲突。",0,0,
sample_0094,subPropertyOf,handlingTime ⊑p duration,"背景知识：
条目1：
- 名称：handlingTime
- 类型：Property
- 简介：The typical delay between the receipt of the order and the goods either leaving the warehouse or being prepared for pickup, in case the delivery method is on site pickup.<br/><br/> In the context of <a class=""localLink"" href=""/ShippingDeliv...
- 补充信息：domainIncludes: http://schema.org/ShippingDeliveryTime, http://schema.org/ShippingService | rangeIncludes: http://schema.org/QuantitativeValue, http://schema.org/ServicePeriod

条目2：
- 名称：duration
- 类型：Property
- 简介：The duration of the item (movie, audio recording, event, etc.) in <a href=""http://en.wikipedia.org/wiki/ISO_8601"">ISO 8601 duration format</a>.
- 补充信息：domainIncludes: http://schema.org/Audiobook, http://schema.org/Episode, http://schema.org/Event, http://schema.org/MediaObject, http://schema.org/Movie, http://schema.org/MusicReco...",1,qwen-max-0125,0.0,8192,https://api2.aigcbest.top/v1,"判断结果：错误  
解释：根据背景知识，handlingTime的domain和range与duration的domain和range无直接包含关系，且语义上两者描述的内容不一致，无法满足subPropertyOf的语义约束。",0,0,
sample_0095,subPropertyOf,legislationType ⊑p genre,"背景知识：
条目1：
- 名称：legislationType
- 类型：Property
- 简介：The type of the legislation. Examples of values are ""law"", ""act"", ""directive"", ""decree"", ""regulation"", ""statutory instrument"", ""loi organique"", ""règlement grand-ducal"", etc., depending on the country.
- 补充信息：domainIncludes: http://schema.org/Legislation | rangeIncludes: http://schema.org/CategoryCode, http://schema.org/Text

条目2：
- 名称：genre
- 类型：Property
- 简介：Genre of the creative work, broadcast channel or group.
- 补充信息：domainIncludes: http://schema.org/BroadcastChannel, http://schema.org/CreativeWork, http://schema.org/MusicGroup | rangeIncludes: http://schema.org/DefinedTerm, http://schema.org/T...",1,qwen-max-0125,0.0,8192,https://api2.aigcbest.top/v1,"判断结果：错误  
解释：根据背景知识，legislationType的domain是Legislation，而genre的domain包括BroadcastChannel、CreativeWork和MusicGroup，两者的语义领域不一致，因此legislationType不可能是genre的子属性。",0,0,
sample_0096,subPropertyOf,nsn ⊑p identifiedBy,"背景知识：
条目1：
- 名称：nsn
- 类型：Property
- 简介：Indicates the <a href=""https://en.wikipedia.org/wiki/NATO_Stock_Number"">NATO stock number</a> (nsn) of a <a class=""localLink"" href=""/Product"">Product</a>.
- 补充信息：domainIncludes: http://schema.org/Product | rangeIncludes: http://schema.org/Text

条目2：
- 名称：identifiedBy
- 类型：Class
- 简介：identifiedBy is a class in the knowledge base.",1,qwen-max-0125,0.0,8192,https://api2.aigcbest.top/v1,"判断结果：错误  
解释：nsn是一个属性（Property），而identifiedBy是一个类（Class），根据RDFS语义规则，属性和类之间不能直接建立子属性（subPropertyOf）关系。",0,0,
sample_0097,subPropertyOf,servicePhone ⊑p hasAddress,"背景知识：
条目1：
- 名称：servicePhone
- 类型：Property
- 简介：The phone number to use to access the service.
- 补充信息：domainIncludes: http://schema.org/ServiceChannel | rangeIncludes: http://schema.org/ContactPoint

条目2：
- 名称：hasAddress
- 类型：Class
- 简介：hasAddress is a class in the knowledge base.",1,qwen-max-0125,0.0,8192,https://api2.aigcbest.top/v1,"判断结果：错误  
解释：servicePhone 是一个属性，而 hasAddress 是一个类，根据 RDFS 语义规则，属性和类之间不能直接建立 subPropertyOf (⊑p) 关系。",0,0,
sample_0098,subPropertyOf,legislationCommences ⊑p legislationChanges,"背景知识：
条目1：
- 名称：legislationCommences
- 类型：Property
- 简介：Another legislation that this one sets into force.
- 补充信息：domainIncludes: http://schema.org/Legislation | rangeIncludes: http://schema.org/Legislation

条目2：
- 名称：legislationChanges
- 类型：Property
- 简介：Another legislation that this legislation changes. This encompasses the notions of amendment, replacement, correction, repeal, or other types of change. This may be a direct change (textual or non-textual amendment) or a consequential or in...
- 补充信息：domainIncludes: http://schema.org/Legislation | rangeIncludes: http://schema.org/Legislation",1,qwen-max-0125,0.0,8192,https://api2.aigcbest.top/v1,"判断结果：错误  
解释：根据背景知识，legislationCommences和legislationChanges的语义不同，前者表示立法启动另一立法，后者表示立法对另一立法的修改，二者无包含关系。",0,0,
sample_0099,subPropertyOf,isVariantOf ⊑p exemplifies,"背景知识：
条目1：
- 名称：isVariantOf
- 类型：Property
- 简介：Indicates the kind of product that this is a variant of. In the case of <a class=""localLink"" href=""/ProductModel"">ProductModel</a>, this is a pointer (from a ProductModel) to a base product from which this product is a variant. It is safe t...
- 补充信息：domainIncludes: http://schema.org/Product, http://schema.org/ProductModel | rangeIncludes: http://schema.org/ProductGroup, http://schema.org/ProductModel

条目2：
- 名称：exemplifies
- 类型：Class
- 简介：exemplifies is a class in the knowledge base.",1,qwen-max-0125,0.0,8192,https://api2.aigcbest.top/v1,"判断结果：错误  
解释：isVariantOf 是一个属性 (Property)，而 exemplifies 是一个类 (Class)，根据 RDFS 语义规则，属性和类之间无法直接建立 subPropertyOf 关系。",0,0,
sample_0100,subPropertyOf,productID ⊑p identifier,"背景知识：
条目1：
- 名称：productID
- 类型：Property
- 简介：The product identifier, such as ISBN. For example: <code>meta itemprop=""productID"" content=""isbn:123-456-789""</code>.
- 补充信息：domainIncludes: http://schema.org/Product | rangeIncludes: http://schema.org/Text

条目2：
- 名称：identifier
- 类型：Property
- 简介：The identifier property represents any kind of identifier for any kind of <a class=""localLink"" href=""/Thing"">Thing</a>, such as ISBNs, GTIN codes, UUIDs etc. Schema.org provides dedicated properties for representing many of these, either as...
- 补充信息：domainIncludes: http://schema.org/Thing | rangeIncludes: http://schema.org/PropertyValue, http://schema.org/Text, http://schema.org/URL",1,qwen-max-0125,0.0,8192,https://api2.aigcbest.top/v1,"判断结果：正确  
解释：根据背景知识，productID的domain是Product，而identifier的domain是Thing（Product是Thing的子类），且两者的range都包含Text，因此productID可以被认为是identifier的子属性。",1,1,
sample_0101,subPropertyOf,toRecipient ⊑p recipient,"背景知识：
条目1：
- 名称：toRecipient
- 类型：Property
- 简介：A sub property of recipient. The recipient who was directly sent the message.
- 补充信息：domainIncludes: http://schema.org/Message | rangeIncludes: http://schema.org/Audience, http://schema.org/ContactPoint, http://schema.org/Organization, http://schema.org/Person

条目2：
- 名称：recipient
- 类型：Property
- 简介：A sub property of participant. The participant who is at the receiving end of the action.
- 补充信息：domainIncludes: http://schema.org/AuthorizeAction, http://schema.org/CommunicateAction, http://schema.org/DonateAction, http://schema.org/GiveAction, http://schema.org/Message, htt...",1,qwen-max-0125,0.0,8192,https://api2.aigcbest.top/v1,"判断结果：正确  
解释：根据背景知识，toRecipient是recipient的子属性，符合RDFS中subPropertyOf的语义规则，即toRecipient的所有实例关系也属于recipient的实例关系。",1,1,
sample_0102,subPropertyOf,readBy ⊑p actor,"背景知识：
条目1：
- 名称：readBy
- 类型：Property
- 简介：A person who reads (performs) the audiobook.
- 补充信息：domainIncludes: http://schema.org/Audiobook | rangeIncludes: http://schema.org/Person

条目2：
- 名称：actor
- 类型：Property
- 简介：An actor (individual or a group), e.g. in TV, radio, movie, video games etc., or in an event. Actors can be associated with individual items or with a series, episode, clip.
- 补充信息：domainIncludes: http://schema.org/Clip, http://schema.org/CreativeWorkSeason, http://schema.org/Episode, http://schema.org/Event, http://schema.org/Movie, http://schema.org/MovieSe...",1,qwen-max-0125,0.0,8192,https://api2.aigcbest.top/v1,"判断结果：错误  
解释：根据背景知识，readBy的主体是Audiobook，而actor的主体包括Clip、CreativeWorkSeason等，两者的语义范围不一致，因此readBy不是actor的子属性。",0,0,
sample_0103,subPropertyOf,paymentUrl ⊑p hasAddress,"背景知识：
条目1：
- 名称：paymentUrl
- 类型：Property
- 简介：The URL for sending a payment.
- 补充信息：domainIncludes: http://schema.org/Order | rangeIncludes: http://schema.org/URL

条目2：
- 名称：hasAddress
- 类型：Class
- 简介：hasAddress is a class in the knowledge base.",1,qwen-max-0125,0.0,8192,https://api2.aigcbest.top/v1,"判断结果：错误  
解释：paymentUrl 是一个属性（Property），而 hasAddress 是一个类（Class），根据 RDFS 语义规则，属性和类之间不能直接建立子属性（subPropertyOf）关系。",0,0,
sample_0104,subPropertyOf,legislationDate ⊑p dateCreated,"背景知识：
条目1：
- 名称：legislationDate
- 类型：Property
- 简介：The date of adoption or signature of the legislation. This is the date at which the text is officially aknowledged to be a legislation, even though it might not even be published or in force.
- 补充信息：domainIncludes: http://schema.org/Legislation | rangeIncludes: http://schema.org/Date

条目2：
- 名称：dateCreated
- 类型：Property
- 简介：The date on which the CreativeWork was created or the item was added to a DataFeed.
- 补充信息：domainIncludes: http://schema.org/CreativeWork, http://schema.org/DataFeedItem | rangeIncludes: http://schema.org/Date, http://schema.org/DateTime",1,qwen-max-0125,0.0,8192,https://api2.aigcbest.top/v1,"判断结果：错误  
解释：根据背景知识，legislationDate的domain是Legislation，而dateCreated的domain包括CreativeWork和DataFeedItem，两者的适用范围不一致，因此legislationDate不是dateCreated的子属性。",0,0,
sample_0105,subPropertyOf,unnamedSourcesPolicy ⊑p publishingPrinciples,"背景知识：
条目1：
- 名称：unnamedSourcesPolicy
- 类型：Property
- 简介：For an <a class=""localLink"" href=""/Organization"">Organization</a> (typically a <a class=""localLink"" href=""/NewsMediaOrganization"">NewsMediaOrganization</a>), a statement about policy on use of unnamed sources and the decision process requir...
- 补充信息：domainIncludes: http://schema.org/NewsMediaOrganization, http://schema.org/Organization | rangeIncludes: http://schema.org/CreativeWork, http://schema.org/URL

条目2：
- 名称：publishingPrinciples
- 类型：Property
- 简介：The publishingPrinciples property indicates (typically via <a class=""localLink"" href=""/URL"">URL</a>) a document describing the editorial principles of an <a class=""localLink"" href=""/Organization"">Organization</a> (or individual, e.g. a <a c...
- 补充信息：domainIncludes: http://schema.org/CreativeWork, http://schema.org/Organization, http://schema.org/Person | rangeIncludes: http://schema.org/CreativeWork, http://schema.org/URL",1,qwen-max-0125,0.0,8192,https://api2.aigcbest.top/v1,"判断结果：错误  
解释：根据背景知识，unnamedSourcesPolicy和publishingPrinciples是两个独立的属性，且它们的domainIncludes和rangeIncludes定义并无包含关系，因此unnamedSourcesPolicy不是publishingPrinciples的子属性。",0,0,
sample_0106,subPropertyOf,hasBioPolymerSequence ⊑p hasRepresentation,"背景知识：
条目1：
- 名称：hasBioPolymerSequence
- 类型：Property
- 简介：A symbolic representation of a BioChemEntity. For example, a nucleotide sequence of a Gene or an amino acid sequence of a Protein.
- 补充信息：domainIncludes: http://schema.org/Gene, http://schema.org/Protein | rangeIncludes: http://schema.org/Text

条目2：
- 名称：hasRepresentation
- 类型：Property
- 简介：A common representation such as a protein sequence or chemical structure for this entity. For images use schema.org/image.
- 补充信息：domainIncludes: http://schema.org/BioChemEntity | rangeIncludes: http://schema.org/PropertyValue, http://schema.org/Text, http://schema.org/URL",1,qwen-max-0125,0.0,8192,https://api2.aigcbest.top/v1,"判断结果：正确  
解释：根据背景知识，hasBioPolymerSequence的domainIncludes为Gene和Protein，而hasRepresentation的domainIncludes为BioChemEntity，Gene和Protein是BioChemEntity的子类，且两者的rangeIncludes均包含Text，因此hasBioPolymerSequence可以视为hasRepresentation的子属性。",1,1,
sample_0107,subPropertyOf,priceCurrency ⊑p hasCurrency,"背景知识：
条目1：
- 名称：priceCurrency
- 类型：Property
- 简介：The currency of the price, or a price component when attached to <a class=""localLink"" href=""/PriceSpecification"">PriceSpecification</a> and its subtypes.<br/><br/> Use standard formats: <a href=""http://en.wikipedia.org/wiki/ISO_4217"">ISO 42...
- 补充信息：domainIncludes: http://schema.org/DonateAction, http://schema.org/Offer, http://schema.org/PriceSpecification, http://schema.org/Reservation, http://schema.org/Ticket, http://schem...

条目2：
- 名称：hasCurrency
- 类型：Class
- 简介：hasCurrency is a class in the knowledge base.",1,qwen-max-0125,0.0,8192,https://api2.aigcbest.top/v1,"判断结果：错误  
解释：priceCurrency 是一个属性（Property），而 hasCurrency 是一个类（Class），根据 RDFS 语义规则，属性和类之间不能直接建立子属性（subPropertyOf）关系。",0,0,
sample_0108,subPropertyOf,itemLocation ⊑p location,"背景知识：
条目1：
- 名称：itemLocation
- 类型：Property
- 简介：Current location of the item.
- 补充信息：domainIncludes: http://schema.org/ArchiveComponent | rangeIncludes: http://schema.org/Place, http://schema.org/PostalAddress, http://schema.org/Text

条目2：
- 名称：location
- 类型：Property
- 简介：The location of, for example, where an event is happening, where an organization is located, or where an action takes place.
- 补充信息：domainIncludes: http://schema.org/Action, http://schema.org/Event, http://schema.org/InteractionCounter, http://schema.org/Organization | rangeIncludes: http://schema.org/Place, ht...",1,qwen-max-0125,0.0,8192,https://api2.aigcbest.top/v1,"判断结果：错误  
解释：根据背景知识，itemLocation的domain和range与location的domain和range不完全一致，无法满足subPropertyOf的语义约束。",0,0,
sample_0109,subPropertyOf,legislationJurisdiction ⊑p spatialCoverage,"背景知识：
条目1：
- 名称：legislationJurisdiction
- 类型：Property
- 简介：The jurisdiction from which the legislation originates.
- 补充信息：domainIncludes: http://schema.org/Legislation | rangeIncludes: http://schema.org/AdministrativeArea, http://schema.org/Text

条目2：
- 名称：spatialCoverage
- 类型：Property
- 简介：The spatialCoverage of a CreativeWork indicates the place(s) which are the focus of the content. It is a subproperty of contentLocation intended primarily for more technical and detailed materials. For example with a Dataset, it indicates a...
- 补充信息：domainIncludes: http://schema.org/CreativeWork | rangeIncludes: http://schema.org/Place",1,qwen-max-0125,0.0,8192,https://api2.aigcbest.top/v1,"判断结果：错误  
解释：根据背景知识，legislationJurisdiction的domain是Legislation，而spatialCoverage的domain是CreativeWork，两者的主体类不一致，因此legislationJurisdiction不可能是spatialCoverage的子属性。",0,0,
sample_0110,subPropertyOf,duns ⊑p identifier,"背景知识：
条目1：
- 名称：duns
- 类型：Property
- 简介：The Dun &amp; Bradstreet DUNS number for identifying an organization or business person.
- 补充信息：domainIncludes: http://schema.org/Organization, http://schema.org/Person | rangeIncludes: http://schema.org/Text

条目2：
- 名称：identifier
- 类型：Property
- 简介：The identifier property represents any kind of identifier for any kind of <a class=""localLink"" href=""/Thing"">Thing</a>, such as ISBNs, GTIN codes, UUIDs etc. Schema.org provides dedicated properties for representing many of these, either as...
- 补充信息：domainIncludes: http://schema.org/Thing | rangeIncludes: http://schema.org/PropertyValue, http://schema.org/Text, http://schema.org/URL",1,qwen-max-0125,0.0,8192,https://api2.aigcbest.top/v1,"判断结果：正确  
解释：根据背景知识，duns的domainIncludes为Organization和Person，均属于Thing的子类，且其rangeIncludes为Text，与identifier的domainIncludes和rangeIncludes兼容，符合subPropertyOf语义规则。",1,1,
sample_0111,subPropertyOf,certificationIdentification ⊑p hasRegistrationIdentifier,"背景知识：
条目1：
- 名称：certificationIdentification
- 类型：Property
- 简介：Identifier of a certification instance (as registered with an independent certification body). Typically this identifier can be used to consult and verify the certification instance. See also <a href=""https://www.gs1.org/voc/certificationId...
- 补充信息：domainIncludes: http://schema.org/Certification | rangeIncludes: http://schema.org/DefinedTerm, http://schema.org/Text

条目2：
- 名称：hasRegistrationIdentifier
- 类型：Class
- 简介：hasRegistrationIdentifier is a class in the knowledge base.",1,qwen-max-0125,0.0,8192,https://api2.aigcbest.top/v1,"判断结果：错误  
解释：certificationIdentification 是一个属性（Property），而 hasRegistrationIdentifier 是一个类（Class），根据 RDFS 语义规则，属性和类之间不能直接建立 subPropertyOf (⊑p) 关系。",0,0,
sample_0112,subPropertyOf,sha256 ⊑p description,"背景知识：
条目1：
- 名称：sha256
- 类型：Property
- 简介：The <a href=""https://en.wikipedia.org/wiki/SHA-2"">SHA-2</a> SHA256 hash of the content of the item. For example, a zero-length input has value 'e3b0c44298fc1c149afbf4c8996fb92427ae41e4649b934ca495991b7852b855'.
- 补充信息：domainIncludes: http://schema.org/MediaObject | rangeIncludes: http://schema.org/Text

条目2：
- 名称：description
- 类型：Property
- 简介：A description of the item.
- 补充信息：domainIncludes: http://schema.org/Thing | rangeIncludes: http://schema.org/Text, http://schema.org/TextObject",1,qwen-max-0125,0.0,8192,https://api2.aigcbest.top/v1,"判断结果：错误  
解释：根据背景知识，sha256和description是两种不同语义的属性，前者用于表示内容的SHA-256哈希值，后者用于描述项目的说明，二者无包含关系，因此sha256 ⊑p description不符合RDFS语义规则。",0,0,
sample_0113,subPropertyOf,maxPrice ⊑p hasUpperBound,"背景知识：
条目1：
- 名称：maxPrice
- 类型：Property
- 简介：The highest price if the price is a range.
- 补充信息：domainIncludes: http://schema.org/PriceSpecification | rangeIncludes: http://schema.org/Number

条目2：
- 名称：hasUpperBound
- 类型：Class
- 简介：hasUpperBound is a class in the knowledge base.",1,qwen-max-0125,0.0,8192,https://api2.aigcbest.top/v1,"判断结果：错误  
解释：maxPrice是一个属性（Property），而hasUpperBound是一个类（Class），根据RDFS语义规则，属性和类之间不能直接建立子属性（subPropertyOf）关系。",0,0,
sample_0114,subPropertyOf,confirmationNumber ⊑p identifier,"背景知识：
条目1：
- 名称：confirmationNumber
- 类型：Property
- 简介：A number that confirms the given order or payment has been received.
- 补充信息：domainIncludes: http://schema.org/Invoice, http://schema.org/Order | rangeIncludes: http://schema.org/Text

条目2：
- 名称：identifier
- 类型：Property
- 简介：The identifier property represents any kind of identifier for any kind of <a class=""localLink"" href=""/Thing"">Thing</a>, such as ISBNs, GTIN codes, UUIDs etc. Schema.org provides dedicated properties for representing many of these, either as...
- 补充信息：domainIncludes: http://schema.org/Thing | rangeIncludes: http://schema.org/PropertyValue, http://schema.org/Text, http://schema.org/URL",1,qwen-max-0125,0.0,8192,https://api2.aigcbest.top/v1,"判断结果：错误  
解释：根据背景知识，confirmationNumber的domainIncludes为Invoice和Order，而identifier的domainIncludes为Thing，两者范围不一致，且无明确包含关系支持该公理。",0,0,
sample_0115,subPropertyOf,brand ⊑p hasDesignation,"背景知识：
条目1：
- 名称：brand
- 类型：Property
- 简介：The brand(s) associated with a product or service, or the brand(s) maintained by an organization or business person.
- 补充信息：domainIncludes: http://schema.org/Organization, http://schema.org/Person, http://schema.org/Product, http://schema.org/Service | rangeIncludes: http://schema.org/Brand, http://sche...

条目2：
- 名称：hasDesignation
- 类型：Class
- 简介：hasDesignation is a class in the knowledge base.",1,qwen-max-0125,0.0,8192,https://api2.aigcbest.top/v1,"判断结果：错误  
解释：brand 是一个 Property，而 hasDesignation 是一个 Class，根据 RDFS 语义规则，Property 和 Class 之间不能直接建立 subPropertyOf (⊑p) 关系。",0,0,
sample_0116,subPropertyOf,orderDate ⊑p hasDate,"背景知识：
条目1：
- 名称：orderDate
- 类型：Property
- 简介：Date order was placed.
- 补充信息：domainIncludes: http://schema.org/Order | rangeIncludes: http://schema.org/Date, http://schema.org/DateTime

条目2：
- 名称：hasDate
- 类型：Class
- 简介：hasDate is a class in the knowledge base.",1,qwen-max-0125,0.0,8192,https://api2.aigcbest.top/v1,"判断结果：错误  
解释：orderDate 是一个属性（Property），而 hasDate 是一个类（Class），根据 RDFS 语义规则，属性和类之间不能直接建立 subPropertyOf (⊑p) 关系。",0,0,
sample_0117,subPropertyOf,originalMediaContextDescription ⊑p description,"背景知识：
条目1：
- 名称：originalMediaContextDescription
- 类型：Property
- 简介：Describes, in a <a class=""localLink"" href=""/MediaReview"">MediaReview</a> when dealing with <a class=""localLink"" href=""/DecontextualizedContent"">DecontextualizedContent</a>, background information that can contribute to better interpretation...
- 补充信息：domainIncludes: http://schema.org/MediaReview | rangeIncludes: http://schema.org/Text

条目2：
- 名称：description
- 类型：Property
- 简介：A description of the item.
- 补充信息：domainIncludes: http://schema.org/Thing | rangeIncludes: http://schema.org/Text, http://schema.org/TextObject",1,qwen-max-0125,0.0,8192,https://api2.aigcbest.top/v1,"判断结果：错误  
解释：根据背景知识，originalMediaContextDescription的domain为MediaReview，而description的domain为Thing，两者domain不一致，且无包含关系，因此originalMediaContextDescription不是description的子属性。",0,0,
sample_0118,subPropertyOf,gtin8 ⊑p identifier,"背景知识：
条目1：
- 名称：gtin8
- 类型：Property
- 简介：The GTIN-8 code of the product, or the product to which the offer refers. This code is also known as EAN/UCC-8 or 8-digit EAN. See <a href=""http://www.gs1.org/barcodes/technical/idkeys/gtin"">GS1 GTIN Summary</a> for more details.
- 补充信息：domainIncludes: http://schema.org/Demand, http://schema.org/Offer, http://schema.org/Product | rangeIncludes: http://schema.org/Text

条目2：
- 名称：identifier
- 类型：Property
- 简介：The identifier property represents any kind of identifier for any kind of <a class=""localLink"" href=""/Thing"">Thing</a>, such as ISBNs, GTIN codes, UUIDs etc. Schema.org provides dedicated properties for representing many of these, either as...
- 补充信息：domainIncludes: http://schema.org/Thing | rangeIncludes: http://schema.org/PropertyValue, http://schema.org/Text, http://schema.org/URL",1,qwen-max-0125,0.0,8192,https://api2.aigcbest.top/v1,"判断结果：正确  
解释：根据背景知识，gtin8是Product、Demand或Offer的属性，而identifier是Thing的通用标识符属性，gtin8作为特定类型的标识符可以被视作identifier的子属性。",1,1,
sample_0119,subPropertyOf,gtin8 ⊑p gtin,"背景知识：
条目1：
- 名称：gtin8
- 类型：Property
- 简介：The GTIN-8 code of the product, or the product to which the offer refers. This code is also known as EAN/UCC-8 or 8-digit EAN. See <a href=""http://www.gs1.org/barcodes/technical/idkeys/gtin"">GS1 GTIN Summary</a> for more details.
- 补充信息：domainIncludes: http://schema.org/Demand, http://schema.org/Offer, http://schema.org/Product | rangeIncludes: http://schema.org/Text

条目2：
- 名称：gtin
- 类型：Property
- 简介：A Global Trade Item Number (<a href=""https://www.gs1.org/standards/id-keys/gtin"">GTIN</a>). GTINs identify trade items, including products and services, using numeric identification codes.<br/><br/> A correct <a class=""localLink"" href=""/gti...
- 补充信息：domainIncludes: http://schema.org/Demand, http://schema.org/Offer, http://schema.org/Product | rangeIncludes: http://schema.org/Text, http://schema.org/URL",1,qwen-max-0125,0.0,8192,https://api2.aigcbest.top/v1,"判断结果：正确  
解释：根据背景知识，gtin8和gtin均为Property，且它们的domainIncludes和rangeIncludes具有语义上的包含关系，符合RDFS中subPropertyOf的语义规则。",1,1,
sample_0120,subPropertyOf,actionableFeedbackPolicy ⊑p publishingPrinciples,"背景知识：
条目1：
- 名称：actionableFeedbackPolicy
- 类型：Property
- 简介：For a <a class=""localLink"" href=""/NewsMediaOrganization"">NewsMediaOrganization</a> or other news-related <a class=""localLink"" href=""/Organization"">Organization</a>, a statement about public engagement activities (for news media, the newsroo...
- 补充信息：domainIncludes: http://schema.org/NewsMediaOrganization, http://schema.org/Organization | rangeIncludes: http://schema.org/CreativeWork, http://schema.org/URL

条目2：
- 名称：publishingPrinciples
- 类型：Property
- 简介：The publishingPrinciples property indicates (typically via <a class=""localLink"" href=""/URL"">URL</a>) a document describing the editorial principles of an <a class=""localLink"" href=""/Organization"">Organization</a> (or individual, e.g. a <a c...
- 补充信息：domainIncludes: http://schema.org/CreativeWork, http://schema.org/Organization, http://schema.org/Person | rangeIncludes: http://schema.org/CreativeWork, http://schema.org/URL",1,qwen-max-0125,0.0,8192,https://api2.aigcbest.top/v1,"判断结果：错误  
解释：根据背景知识，actionableFeedbackPolicy的domainIncludes为NewsMediaOrganization和Organization，而publishingPrinciples的domainIncludes包含CreativeWork、Organization和Person，两者的主体范围不一致，无法满足subPropertyOf的语义约束。",0,0,
sample_0121,domain,domain(price) = Offer,"背景知识：
条目1：
- 名称：price
- 类型：Property
- 简介：The offer price of a product, or of a price component when attached to PriceSpecification and its subtypes.<br/><br/> Usage guidelines:<br/><br/> <ul> <li>Use the <a class=""localLink"" href=""/priceCurrency"">priceCurrency</a> property (with s...
- 补充信息：domainIncludes: http://schema.org/DonateAction, http://schema.org/Offer, http://schema.org/PriceSpecification, http://schema.org/TradeAction | rangeIncludes: http://schema.org/Numb...

条目2：
- 名称：Offer
- 类型：Property
- 简介：(The) Offer or offers may refer to:",1,qwen-max-0125,0.0,8192,https://api2.aigcbest.top/v1,"判断结果：错误  
解释：根据背景知识，price的domainIncludes包含多个类（如DonateAction、Offer、PriceSpecification等），而公理中将domain限制为仅Offer，与背景知识不符。",0,0,
sample_0122,domain,domain(cvdNumBeds) = CDCPMDRecord,"背景知识：
条目1：
- 名称：cvdNumBeds
- 类型：Property
- 简介：numbeds - HOSPITAL INPATIENT BEDS: Inpatient beds, including all staffed, licensed, and overflow (surge) beds used for inpatients.
- 补充信息：domainIncludes: http://schema.org/CDCPMDRecord | rangeIncludes: http://schema.org/Number

条目2：
- 名称：CDCPMDRecord
- 类型：Property
- 简介：CDCPMDRecord is a property in the knowledge base.",1,qwen-max-0125,0.0,8192,https://api2.aigcbest.top/v1,"判断结果：正确  
解释：根据背景知识，cvdNumBeds的domainIncludes为CDCPMDRecord，符合RDFS语义规则中domain的定义，因此该公理合理。",1,1,
sample_0123,domain,domain(screenshot) = SoftwareApplication,"背景知识：
条目1：
- 名称：screenshot
- 类型：Property
- 简介：A link to a screenshot image of the app.
- 补充信息：domainIncludes: http://schema.org/SoftwareApplication | rangeIncludes: http://schema.org/ImageObject, http://schema.org/URL

条目2：
- 名称：SoftwareApplication
- 类型：Property
- 简介：Application software is software that is intended for end-user use – not operating, administering or programming a computer. It includes programs such as word processors, web browsers, media players, and mobile applications used in daily ta...",1,qwen-max-0125,0.0,8192,https://api2.aigcbest.top/v1,"判断结果：正确  
解释：根据背景知识，screenshot的domainIncludes为SoftwareApplication，符合RDFS中domain语义规则，表明screenshot属性的主体应属于SoftwareApplication类。",1,1,
sample_0124,domain,domain(activeIngredient) = DrugStrength,"背景知识：
条目1：
- 名称：activeIngredient
- 类型：Property
- 简介：An active ingredient, typically chemical compounds and/or biologic substances.
- 补充信息：domainIncludes: http://schema.org/DietarySupplement, http://schema.org/Drug, http://schema.org/DrugStrength, http://schema.org/Substance | rangeIncludes: http://schema.org/Text

条目2：
- 名称：DrugStrength
- 类型：Property
- 简介：DrugStrength is a property in the knowledge base.",1,qwen-max-0125,0.0,8192,https://api2.aigcbest.top/v1,"判断结果：错误  
解释：根据背景知识，activeIngredient的domainIncludes包含DietarySupplement、Drug、DrugStrength和Substance等多个类，而公理中将domain限定为仅DrugStrength，与背景知识冲突。",0,0,
sample_0125,domain,domain(performer) = Event,"背景知识：
条目1：
- 名称：performer
- 类型：Property
- 简介：A performer at the event&#x2014;for example, a presenter, musician, musical group or actor.
- 补充信息：domainIncludes: http://schema.org/Event | rangeIncludes: http://schema.org/Organization, http://schema.org/Person

条目2：
- 名称：Event
- 类型：Property
- 简介：Event or the event may refer to:",1,qwen-max-0125,0.0,8192,https://api2.aigcbest.top/v1,"判断结果：正确  
解释：根据背景知识，performer 的 domainIncludes 为 Event，符合 RDFS 中 domain 的语义规则，即属性的主体应属于指定类。",1,1,
sample_0126,domain,domain(legislationType) = Legislation,"背景知识：
条目1：
- 名称：legislationType
- 类型：Property
- 简介：The type of the legislation. Examples of values are ""law"", ""act"", ""directive"", ""decree"", ""regulation"", ""statutory instrument"", ""loi organique"", ""règlement grand-ducal"", etc., depending on the country.
- 补充信息：domainIncludes: http://schema.org/Legislation | rangeIncludes: http://schema.org/CategoryCode, http://schema.org/Text

条目2：
- 名称：Legislation
- 类型：Property
- 简介：Legislation is the process or result of enrolling, enacting, or promulgating laws by a legislature, parliament, or analogous governing body. Before an item of legislation becomes law it may be known as a bill, and may be broadly referred to...",1,qwen-max-0125,0.0,8192,https://api2.aigcbest.top/v1,"判断结果：错误  
解释：根据背景知识，legislationType的domainIncludes为http://schema.org/Legislation，而非直接等于Legislation，因此该公理与背景知识不符。",0,0,
sample_0127,domain,domain(memberOf) = Organization,"背景知识：
条目1：
- 名称：memberOf
- 类型：Property
- 简介：An Organization (or ProgramMembership) to which this Person or Organization belongs.
- 补充信息：domainIncludes: http://schema.org/Organization, http://schema.org/Person | rangeIncludes: http://schema.org/MemberProgramTier, http://schema.org/Organization, http://schema.org/Pro...

条目2：
- 名称：Organization
- 类型：Property
- 简介：An organization or organisation is an entity—such as a company, or corporation or an institution, or an association—comprising one or more people and having a particular purpose.",1,qwen-max-0125,0.0,8192,https://api2.aigcbest.top/v1,"判断结果：错误  
解释：根据背景知识，memberOf 的 domainIncludes 包含 Organization 和 Person，而公理中仅限定为 Organization，与背景知识不符。",0,0,
sample_0128,domain,domain(serviceArea) = Service,"背景知识：
条目1：
- 名称：serviceArea
- 类型：Property
- 简介：The geographic area where the service is provided.
- 补充信息：domainIncludes: http://schema.org/ContactPoint, http://schema.org/Organization, http://schema.org/Service | rangeIncludes: http://schema.org/AdministrativeArea, http://schema.org/G...

条目2：
- 名称：Service
- 类型：Property
- 简介：Service may refer to:",1,qwen-max-0125,0.0,8192,https://api2.aigcbest.top/v1,"判断结果：错误  
解释：根据背景知识，serviceArea的domainIncludes包含ContactPoint、Organization和Service，而公理中仅将domain限定为Service，与背景知识不符。",0,0,
sample_0129,domain,domain(step) = HowTo,"背景知识：
条目1：
- 名称：step
- 类型：Property
- 简介：A single step item (as HowToStep, text, document, video, etc.) or a HowToSection.
- 补充信息：domainIncludes: http://schema.org/HowTo | rangeIncludes: http://schema.org/CreativeWork, http://schema.org/HowToSection, http://schema.org/HowToStep, http://schema.org/Text

条目2：
- 名称：HowTo
- 类型：Property
- 简介：How to or how-to may refer to:A user guide A tutorial Especially, instructional material created for the do it yourself market",1,qwen-max-0125,0.0,8192,https://api2.aigcbest.top/v1,"判断结果：正确  
解释：根据背景知识，step的domainIncludes为HowTo，符合RDFS语义规则中domain的定义，因此该公理合理。",1,1,
sample_0130,domain,domain(practicesAt) = IndividualPhysician,"背景知识：
条目1：
- 名称：practicesAt
- 类型：Property
- 简介：A <a class=""localLink"" href=""/MedicalOrganization"">MedicalOrganization</a> where the <a class=""localLink"" href=""/IndividualPhysician"">IndividualPhysician</a> practices.
- 补充信息：domainIncludes: http://schema.org/IndividualPhysician | rangeIncludes: http://schema.org/MedicalOrganization

条目2：
- 名称：IndividualPhysician
- 类型：Property
- 简介：IndividualPhysician is a property in the knowledge base.",1,qwen-max-0125,0.0,8192,https://api2.aigcbest.top/v1,"判断结果：正确  
解释：根据背景知识，practicesAt的domainIncludes为IndividualPhysician，符合RDFS中domain语义规则，表明属性practicesAt的主体应属于IndividualPhysician类。",1,1,
sample_0131,domain,domain(penciler) = ComicStory,"背景知识：
条目1：
- 名称：penciler
- 类型：Property
- 简介：The individual who draws the primary narrative artwork.
- 补充信息：domainIncludes: http://schema.org/ComicIssue, http://schema.org/ComicStory, http://schema.org/VisualArtwork | rangeIncludes: http://schema.org/Person

条目2：
- 名称：ComicStory
- 类型：Property
- 简介：ComicStory is a property in the knowledge base.",1,qwen-max-0125,0.0,8192,https://api2.aigcbest.top/v1,"判断结果：错误  
解释：根据背景知识，penciler的domainIncludes包含ComicIssue、ComicStory和VisualArtwork，而不仅仅是ComicStory，因此该公理与背景知识冲突。",0,0,
sample_0132,domain,domain(countryOfOrigin) = Movie,"背景知识：
条目1：
- 名称：countryOfOrigin
- 类型：Property
- 简介：The country of origin of something, including products as well as creative works such as movie and TV content.<br/><br/> In the case of TV and movie, this would be the country of the principle offices of the production company or individual...
- 补充信息：domainIncludes: http://schema.org/CreativeWork, http://schema.org/Movie, http://schema.org/Product, http://schema.org/TVEpisode, http://schema.org/TVSeason, http://schema.org/TVSer...

条目2：
- 名称：Movie
- 类型：Property
- 简介：A film, movie, or motion picture is a work of visual art that simulates experiences and otherwise communicates ideas, stories, perceptions, emotions, or atmosphere through the use of moving images that are generally, since the 1930s, synchr...",1,qwen-max-0125,0.0,8192,https://api2.aigcbest.top/v1,"判断结果：错误  
解释：根据背景知识，countryOfOrigin 的 domainIncludes 包含多个类（如 CreativeWork、Movie、Product 等），而公理中将其 domain 限定为 Movie，与背景知识不符。",0,0,
sample_0133,domain,domain(numConstraints) = ConstraintNode,"背景知识：
条目1：
- 名称：numConstraints
- 类型：Property
- 简介：Indicates the number of constraints property values defined for a particular <a class=""localLink"" href=""/ConstraintNode"">ConstraintNode</a> such as <a class=""localLink"" href=""/StatisticalVariable"">StatisticalVariable</a>. This helps applica...
- 补充信息：domainIncludes: http://schema.org/ConstraintNode | rangeIncludes: http://schema.org/Integer

条目2：
- 名称：ConstraintNode
- 类型：Property
- 简介：ConstraintNode is a property in the knowledge base.",1,qwen-max-0125,0.0,8192,https://api2.aigcbest.top/v1,"判断结果：正确  
解释：根据背景知识，numConstraints的domainIncludes为ConstraintNode，符合RDFS中domain语义规则，表明numConstraints的主体应属于ConstraintNode类。",1,1,
sample_0134,domain,domain(attendee) = Event,"背景知识：
条目1：
- 名称：attendee
- 类型：Property
- 简介：A person or organization attending the event.
- 补充信息：domainIncludes: http://schema.org/Event | rangeIncludes: http://schema.org/Organization, http://schema.org/Person

条目2：
- 名称：Event
- 类型：Property
- 简介：Event or the event may refer to:",1,qwen-max-0125,0.0,8192,https://api2.aigcbest.top/v1,"判断结果：正确  
解释：根据背景知识，attendee的domainIncludes为Event，符合RDFS中domain的语义规则，即属性的主体应属于指定类。",1,1,
sample_0135,domain,domain(letterer) = VisualArtwork,"背景知识：
条目1：
- 名称：letterer
- 类型：Property
- 简介：The individual who adds lettering, including speech balloons and sound effects, to artwork.
- 补充信息：domainIncludes: http://schema.org/ComicIssue, http://schema.org/ComicStory, http://schema.org/VisualArtwork | rangeIncludes: http://schema.org/Person

条目2：
- 名称：VisualArtwork
- 类型：Property
- 简介：VisualArtwork is a property in the knowledge base.",1,qwen-max-0125,0.0,8192,https://api2.aigcbest.top/v1,"判断结果：错误  
解释：根据背景知识，letterer的domainIncludes包含多个类（如ComicIssue、ComicStory和VisualArtwork），而公理中将domain限制为仅VisualArtwork，与背景知识冲突。",0,0,
sample_0136,domain,domain(cvdFacilityCounty) = CDCPMDRecord,"背景知识：
条目1：
- 名称：cvdFacilityCounty
- 类型：Property
- 简介：Name of the County of the NHSN facility that this data record applies to. Use <a class=""localLink"" href=""/cvdFacilityId"">cvdFacilityId</a> to identify the facility. To provide other details, <a class=""localLink"" href=""/healthcareReportingDa...
- 补充信息：domainIncludes: http://schema.org/CDCPMDRecord | rangeIncludes: http://schema.org/Text

条目2：
- 名称：CDCPMDRecord
- 类型：Property
- 简介：CDCPMDRecord is a property in the knowledge base.",1,qwen-max-0125,0.0,8192,https://api2.aigcbest.top/v1,"判断结果：正确  
解释：根据背景知识，cvdFacilityCounty的domainIncludes为CDCPMDRecord，符合RDFS中domain语义规则的定义。",1,1,
sample_0137,domain,domain(merchantReturnDays) = MerchantReturnPolicySeasonalOverride,"背景知识：
条目1：
- 名称：merchantReturnDays
- 类型：Property
- 简介：Specifies either a fixed return date or the number of days (from the delivery date) that a product can be returned. Used when the <a class=""localLink"" href=""/returnPolicyCategory"">returnPolicyCategory</a> property is specified as <a class=""...
- 补充信息：domainIncludes: http://schema.org/MerchantReturnPolicy, http://schema.org/MerchantReturnPolicySeasonalOverride | rangeIncludes: http://schema.org/Date, http://schema.org/DateTime,....

条目2：
- 名称：MerchantReturnPolicySeasonalOverride
- 类型：Property
- 简介：MerchantReturnPolicySeasonalOverride is a property in the knowledge base.",1,qwen-max-0125,0.0,8192,https://api2.aigcbest.top/v1,"判断结果：错误  
解释：根据背景知识，merchantReturnDays的domainIncludes包含http://schema.org/MerchantReturnPolicy和http://schema.org/MerchantReturnPolicySeasonalOverride，而公理中仅限定为MerchantReturnPolicySeasonalOverride，与背景知识不符。",0,0,
sample_0138,domain,domain(birthPlace) = Person,"背景知识：
条目1：
- 名称：birthPlace
- 类型：Property
- 简介：The place where the person was born.
- 补充信息：domainIncludes: http://schema.org/Person | rangeIncludes: http://schema.org/Place

条目2：
- 名称：Person
- 类型：Property
- 简介：A person is a being who has certain capacities or attributes such as reason, morality, consciousness or self-consciousness, and being a part of a culturally established form of social relations such as kinship, ownership of property, or leg...",1,qwen-max-0125,0.0,8192,https://api2.aigcbest.top/v1,"判断结果：正确  
解释：根据背景知识，birthPlace的domainIncludes为Person，符合RDFS语义规则中domain的定义，即属性的主体应属于指定类。",1,1,
sample_0139,domain,domain(width) = MediaObject,"背景知识：
条目1：
- 名称：width
- 类型：Property
- 简介：The width of the item.
- 补充信息：domainIncludes: http://schema.org/MediaObject, http://schema.org/OfferShippingDetails, http://schema.org/Product, http://schema.org/ShippingConditions, http://schema.org/VisualArtw...

条目2：
- 名称：MediaObject
- 类型：Property
- 简介：The Media Object Server (MOS) protocol allows newsroom computer systems (NRCS) to communicate using a standard protocol with video servers, audio servers, still stores, and character generators for broadcast production.",1,qwen-max-0125,0.0,8192,https://api2.aigcbest.top/v1,"判断结果：错误  
解释：根据背景知识，width的domainIncludes包含多个类（如MediaObject、Product等），而公理中将domain限定为仅MediaObject，与背景知识不符。",0,0,
sample_0140,domain,domain(coverageEndTime) = LiveBlogPosting,"背景知识：
条目1：
- 名称：coverageEndTime
- 类型：Property
- 简介：The time when the live blog will stop covering the Event. Note that coverage may continue after the Event concludes.
- 补充信息：domainIncludes: http://schema.org/LiveBlogPosting | rangeIncludes: http://schema.org/DateTime

条目2：
- 名称：LiveBlogPosting
- 类型：Property
- 简介：LiveBlogPosting is a property in the knowledge base.",1,qwen-max-0125,0.0,8192,https://api2.aigcbest.top/v1,"判断结果：正确  
解释：根据背景知识，coverageEndTime的domainIncludes为LiveBlogPosting，符合RDFS中domain语义规则，表明该属性的主体应属于LiveBlogPosting类。",1,1,
sample_0141,domain,domain(status) = MedicalStudy,"背景知识：
条目1：
- 名称：status
- 类型：Property
- 简介：The status of the study (enumerated).
- 补充信息：domainIncludes: http://schema.org/MedicalCondition, http://schema.org/MedicalProcedure, http://schema.org/MedicalStudy | rangeIncludes: http://schema.org/EventStatusType, http://sc...

条目2：
- 名称：MedicalStudy
- 类型：Property
- 简介：MedicalStudy is a property in the knowledge base.",1,qwen-max-0125,0.0,8192,https://api2.aigcbest.top/v1,"判断结果：错误  
解释：根据背景知识，status的domainIncludes包含多个类（如MedicalCondition、MedicalProcedure、MedicalStudy），而公理中将domain限制为仅MedicalStudy，与背景知识冲突。",0,0,
sample_0142,domain,domain(industry) = JobPosting,"背景知识：
条目1：
- 名称：industry
- 类型：Property
- 简介：The industry associated with the job position.
- 补充信息：domainIncludes: http://schema.org/JobPosting | rangeIncludes: http://schema.org/DefinedTerm, http://schema.org/Text

条目2：
- 名称：JobPosting
- 类型：Property
- 简介：JobPosting is a property in the knowledge base.",1,qwen-max-0125,0.0,8192,https://api2.aigcbest.top/v1,"判断结果：正确  
解释：根据背景知识，industry的domainIncludes为JobPosting，符合RDFS中domain语义规则，表明industry属性的主体应属于JobPosting类。",1,1,
sample_0143,domain,domain(slogan) = Brand,"背景知识：
条目1：
- 名称：slogan
- 类型：Property
- 简介：A slogan or motto associated with the item.
- 补充信息：domainIncludes: http://schema.org/Brand, http://schema.org/Organization, http://schema.org/Place, http://schema.org/Product, http://schema.org/Service | rangeIncludes: http://schem...

条目2：
- 名称：Brand
- 类型：Property
- 简介：A brand is a name, term, design, symbol or any other feature that distinguishes one seller's goods or service from those of other sellers. Brands are studied in business, marketing, and advertising and used for recognition and, importantly,...",1,qwen-max-0125,0.0,8192,https://api2.aigcbest.top/v1,"判断结果：错误  
解释：根据背景知识，slogan的domainIncludes包含多个类（如Brand、Organization等），而公理中将domain限制为仅Brand，与背景知识不符。",0,0,
sample_0144,domain,domain(diversityStaffingReport) = Organization,"背景知识：
条目1：
- 名称：diversityStaffingReport
- 类型：Property
- 简介：For an <a class=""localLink"" href=""/Organization"">Organization</a> (often but not necessarily a <a class=""localLink"" href=""/NewsMediaOrganization"">NewsMediaOrganization</a>), a report on staffing diversity issues. In a news context this migh...
- 补充信息：domainIncludes: http://schema.org/NewsMediaOrganization, http://schema.org/Organization | rangeIncludes: http://schema.org/Article, http://schema.org/URL

条目2：
- 名称：Organization
- 类型：Property
- 简介：An organization or organisation is an entity—such as a company, or corporation or an institution, or an association—comprising one or more people and having a particular purpose.",1,qwen-max-0125,0.0,8192,https://api2.aigcbest.top/v1,"判断结果：正确  
解释：根据背景知识，diversityStaffingReport 的 domainIncludes 包含 Organization，且公理 domain(diversityStaffingReport) = Organization 符合 RDFS 语义规则中属性主体类别的约束定义。",1,1,
sample_0145,domain,domain(handlingTime) = ShippingService,"背景知识：
条目1：
- 名称：handlingTime
- 类型：Property
- 简介：The typical delay between the receipt of the order and the goods either leaving the warehouse or being prepared for pickup, in case the delivery method is on site pickup.<br/><br/> In the context of <a class=""localLink"" href=""/ShippingDeliv...
- 补充信息：domainIncludes: http://schema.org/ShippingDeliveryTime, http://schema.org/ShippingService | rangeIncludes: http://schema.org/QuantitativeValue, http://schema.org/ServicePeriod

条目2：
- 名称：ShippingService
- 类型：Property
- 简介：ShippingService is a property in the knowledge base.",1,qwen-max-0125,0.0,8192,https://api2.aigcbest.top/v1,"判断结果：错误  
解释：根据背景知识，handlingTime的domainIncludes包含ShippingDeliveryTime和ShippingService，而RDFS语义规则要求domain定义必须是精确的类，不能仅选择其中一个作为唯一定义。",0,0,
sample_0146,domain,domain(weight) = Product,"背景知识：
条目1：
- 名称：weight
- 类型：Property
- 简介：The weight of the product or person.
- 补充信息：domainIncludes: http://schema.org/OfferShippingDetails, http://schema.org/Person, http://schema.org/Product, http://schema.org/ShippingConditions, http://schema.org/VisualArtwork |...

条目2：
- 名称：Product
- 类型：Property
- 简介：Product may refer to:",1,qwen-max-0125,0.0,8192,https://api2.aigcbest.top/v1,"判断结果：错误  
解释：根据背景知识，weight 的 domainIncludes 包含多个类（如 OfferShippingDetails、Person、Product 等），而公理中将 domain 限定为仅 Product，与背景知识冲突。",0,0,
sample_0147,domain,domain(contactPoint) = Person,"背景知识：
条目1：
- 名称：contactPoint
- 类型：Property
- 简介：A contact point for a person or organization.
- 补充信息：domainIncludes: http://schema.org/HealthInsurancePlan, http://schema.org/Organization, http://schema.org/Person | rangeIncludes: http://schema.org/ContactPoint

条目2：
- 名称：Person
- 类型：Property
- 简介：A person is a being who has certain capacities or attributes such as reason, morality, consciousness or self-consciousness, and being a part of a culturally established form of social relations such as kinship, ownership of property, or leg...",1,qwen-max-0125,0.0,8192,https://api2.aigcbest.top/v1,"判断结果：错误  
解释：根据背景知识，contactPoint的domainIncludes包含HealthInsurancePlan、Organization和Person，而不仅仅是Person，因此该公理与背景知识冲突。",0,0,
sample_0148,domain,domain(funding) = BioChemEntity,"背景知识：
条目1：
- 名称：funding
- 类型：Property
- 简介：A <a class=""localLink"" href=""/Grant"">Grant</a> that directly or indirectly provide funding or sponsorship for this item. See also <a class=""localLink"" href=""/ownershipFundingInfo"">ownershipFundingInfo</a>.
- 补充信息：domainIncludes: http://schema.org/BioChemEntity, http://schema.org/CreativeWork, http://schema.org/Event, http://schema.org/MedicalEntity, http://schema.org/Organization, http://sc...

条目2：
- 名称：BioChemEntity
- 类型：Property
- 简介：BioChemEntity is a property in the knowledge base.",1,qwen-max-0125,0.0,8192,https://api2.aigcbest.top/v1,"判断结果：错误  
解释：根据背景知识，funding的domainIncludes包含多个类（如BioChemEntity、CreativeWork等），而公理中将domain限定为仅BioChemEntity，与背景知识冲突。",0,0,
sample_0149,domain,domain(price) = PriceSpecification,"背景知识：
条目1：
- 名称：price
- 类型：Property
- 简介：The offer price of a product, or of a price component when attached to PriceSpecification and its subtypes.<br/><br/> Usage guidelines:<br/><br/> <ul> <li>Use the <a class=""localLink"" href=""/priceCurrency"">priceCurrency</a> property (with s...
- 补充信息：domainIncludes: http://schema.org/DonateAction, http://schema.org/Offer, http://schema.org/PriceSpecification, http://schema.org/TradeAction | rangeIncludes: http://schema.org/Numb...

条目2：
- 名称：PriceSpecification
- 类型：Property
- 简介：PriceSpecification is a property in the knowledge base.",1,qwen-max-0125,0.0,8192,https://api2.aigcbest.top/v1,"判断结果：错误  
解释：根据背景知识，price的domainIncludes包含多个类（如DonateAction、Offer等），而PriceSpecification仅是其中之一，因此domain(price)不应被限定为PriceSpecification。",0,0,
sample_0150,domain,domain(eligibleRegion) = DeliveryChargeSpecification,"背景知识：
条目1：
- 名称：eligibleRegion
- 类型：Property
- 简介：The ISO 3166-1 (ISO 3166-1 alpha-2) or ISO 3166-2 code, the place, or the GeoShape for the geo-political region(s) for which the offer or delivery charge specification is valid.<br/><br/> See also <a class=""localLink"" href=""/ineligibleRegio...
- 补充信息：domainIncludes: http://schema.org/ActionAccessSpecification, http://schema.org/DeliveryChargeSpecification, http://schema.org/Demand, http://schema.org/Offer | rangeIncludes: http:...

条目2：
- 名称：DeliveryChargeSpecification
- 类型：Property
- 简介：DeliveryChargeSpecification is a property in the knowledge base.",1,qwen-max-0125,0.0,8192,https://api2.aigcbest.top/v1,"判断结果：错误  
解释：根据背景知识，eligibleRegion的domainIncludes包含多个类（如ActionAccessSpecification、DeliveryChargeSpecification等），而公理中将其domain限定为单一类DeliveryChargeSpecification，与背景知识不符。",0,0,
sample_0151,domain,domain(typicalCreditsPerTerm) = EducationalOccupationalProgram,"背景知识：
条目1：
- 名称：typicalCreditsPerTerm
- 类型：Property
- 简介：The number of credits or units a full-time student would be expected to take in 1 term however 'term' is defined by the institution.
- 补充信息：domainIncludes: http://schema.org/EducationalOccupationalProgram | rangeIncludes: http://schema.org/Integer, http://schema.org/StructuredValue

条目2：
- 名称：EducationalOccupationalProgram
- 类型：Property
- 简介：EducationalOccupationalProgram is a property in the knowledge base.",1,qwen-max-0125,0.0,8192,https://api2.aigcbest.top/v1,"判断结果：正确  
解释：根据背景知识，typicalCreditsPerTerm的domainIncludes为EducationalOccupationalProgram，符合RDFS中domain语义规则，表明该属性的主体应属于EducationalOccupationalProgram类。",1,1,
sample_0152,domain,domain(height) = ShippingConditions,"背景知识：
条目1：
- 名称：height
- 类型：Property
- 简介：The height of the item.
- 补充信息：domainIncludes: http://schema.org/MediaObject, http://schema.org/OfferShippingDetails, http://schema.org/Person, http://schema.org/Product, http://schema.org/ShippingConditions, ht...

条目2：
- 名称：ShippingConditions
- 类型：Property
- 简介：ShippingConditions is a property in the knowledge base.",1,qwen-max-0125,0.0,8192,https://api2.aigcbest.top/v1,"判断结果：错误  
解释：根据背景知识，height的domainIncludes包含多个类（如MediaObject、Person等），而ShippingConditions只是其中一个可能的类，因此不能断言domain(height)唯一等于ShippingConditions。",0,0,
sample_0153,domain,domain(runtimePlatform) = SoftwareSourceCode,"背景知识：
条目1：
- 名称：runtimePlatform
- 类型：Property
- 简介：Runtime platform or script interpreter dependencies (example: Java v1, Python 2.3, .NET Framework 3.0).
- 补充信息：domainIncludes: http://schema.org/SoftwareApplication, http://schema.org/SoftwareSourceCode | rangeIncludes: http://schema.org/RuntimePlatform, http://schema.org/Text

条目2：
- 名称：SoftwareSourceCode
- 类型：Property
- 简介：SoftwareSourceCode is a property in the knowledge base.",1,qwen-max-0125,0.0,8192,https://api2.aigcbest.top/v1,"判断结果：错误  
解释：根据背景知识，runtimePlatform的domainIncludes包含SoftwareApplication和SoftwareSourceCode，而公理中将其domain限定为仅SoftwareSourceCode，与背景知识不符。",0,0,
sample_0154,domain,domain(hasDefinedTerm) = DefinedTermSet,"背景知识：
条目1：
- 名称：hasDefinedTerm
- 类型：Property
- 简介：A Defined Term contained in this term set.
- 补充信息：domainIncludes: http://schema.org/DefinedTermSet, http://schema.org/Taxon | rangeIncludes: http://schema.org/DefinedTerm

条目2：
- 名称：DefinedTermSet
- 类型：Property
- 简介：DefinedTermSet is a property in the knowledge base.",1,qwen-max-0125,0.0,8192,https://api2.aigcbest.top/v1,"判断结果：正确  
解释：根据背景知识，hasDefinedTerm的domainIncludes包含DefinedTermSet，符合RDFS中domain语义规则，因此该公理合理。",1,1,
sample_0155,domain,domain(numAdults) = LodgingReservation,"背景知识：
条目1：
- 名称：numAdults
- 类型：Property
- 简介：The number of adults staying in the unit.
- 补充信息：domainIncludes: http://schema.org/LodgingReservation | rangeIncludes: http://schema.org/Integer, http://schema.org/QuantitativeValue

条目2：
- 名称：LodgingReservation
- 类型：Property
- 简介：LodgingReservation is a property in the knowledge base.",1,qwen-max-0125,0.0,8192,https://api2.aigcbest.top/v1,"判断结果：正确  
解释：根据背景知识，numAdults的domainIncludes为LodgingReservation，符合RDFS语义规则中domain的定义，因此该公理合理。",1,1,
sample_0156,domain,domain(restockingFee) = MerchantReturnPolicySeasonalOverride,"背景知识：
条目1：
- 名称：restockingFee
- 类型：Property
- 简介：Use <a class=""localLink"" href=""/MonetaryAmount"">MonetaryAmount</a> to specify a fixed restocking fee for product returns, or use <a class=""localLink"" href=""/Number"">Number</a> to specify a percentage of the product price paid by the custome...
- 补充信息：domainIncludes: http://schema.org/MerchantReturnPolicy, http://schema.org/MerchantReturnPolicySeasonalOverride | rangeIncludes: http://schema.org/MonetaryAmount, http://schema.org/...

条目2：
- 名称：MerchantReturnPolicySeasonalOverride
- 类型：Property
- 简介：MerchantReturnPolicySeasonalOverride is a property in the knowledge base.",1,qwen-max-0125,0.0,8192,https://api2.aigcbest.top/v1,"判断结果：错误  
解释：根据背景知识，restockingFee的domainIncludes包含MerchantReturnPolicy和MerchantReturnPolicySeasonalOverride，而公理中将domain限定为仅MerchantReturnPolicySeasonalOverride，与背景知识不符。",0,0,
sample_0157,domain,domain(educationalProgramMode) = EducationalOccupationalProgram,"背景知识：
条目1：
- 名称：educationalProgramMode
- 类型：Property
- 简介：Similar to courseMode, the medium or means of delivery of the program as a whole. The value may either be a text label (e.g. ""online"", ""onsite"" or ""blended""; ""synchronous"" or ""asynchronous""; ""full-time"" or ""part-time"") or a URL reference to...
- 补充信息：domainIncludes: http://schema.org/EducationalOccupationalProgram | rangeIncludes: http://schema.org/Text, http://schema.org/URL

条目2：
- 名称：EducationalOccupationalProgram
- 类型：Property
- 简介：EducationalOccupationalProgram is a property in the knowledge base.",1,qwen-max-0125,0.0,8192,https://api2.aigcbest.top/v1,"判断结果：正确  
解释：根据背景知识，educationalProgramMode的domainIncludes为EducationalOccupationalProgram，符合RDFS中domain语义规则的定义。",1,1,
sample_0158,domain,domain(accountablePerson) = CreativeWork,"背景知识：
条目1：
- 名称：accountablePerson
- 类型：Property
- 简介：Specifies the Person that is legally accountable for the CreativeWork.
- 补充信息：domainIncludes: http://schema.org/CreativeWork | rangeIncludes: http://schema.org/Person

条目2：
- 名称：CreativeWork
- 类型：Property
- 简介：A creative work is a manifestation of creative effort in the world through a creative process involving one or more individuals. The term includes fine artwork, dance, writing (literature), filmmaking, and musical composition. The term is f...",1,qwen-max-0125,0.0,8192,https://api2.aigcbest.top/v1,"判断结果：正确  
解释：根据背景知识，accountablePerson的domainIncludes为CreativeWork，符合RDFS语义规则中domain的定义，因此该公理合理。",1,1,
sample_0159,domain,domain(occupancy) = HotelRoom,"背景知识：
条目1：
- 名称：occupancy
- 类型：Property
- 简介：The allowed total occupancy for the accommodation in persons (including infants etc). For individual accommodations, this is not necessarily the legal maximum but defines the permitted usage as per the contractual agreement (e.g. a double r...
- 补充信息：domainIncludes: http://schema.org/Accommodation, http://schema.org/Apartment, http://schema.org/HotelRoom, http://schema.org/SingleFamilyResidence, http://schema.org/Suite | rangeI...

条目2：
- 名称：HotelRoom
- 类型：Property
- 简介：Hotel Room is an American drama anthology series that aired for three episodes on HBO on January 8, 1993, with a rerun the next night. Created by Monty Montgomery and David Lynch, each episode stars a different cast and takes place in the s...",1,qwen-max-0125,0.0,8192,https://api2.aigcbest.top/v1,"判断结果：错误  
解释：根据背景知识，occupancy的domainIncludes包含多个类（如Accommodation、Apartment等），而不仅限于HotelRoom，因此该公理与背景知识冲突。",0,0,
sample_0160,domain,domain(petsAllowed) = LodgingBusiness,"背景知识：
条目1：
- 名称：petsAllowed
- 类型：Property
- 简介：Indicates whether pets are allowed to enter the accommodation or lodging business. More detailed information can be put in a text value.
- 补充信息：domainIncludes: http://schema.org/Accommodation, http://schema.org/ApartmentComplex, http://schema.org/FloorPlan, http://schema.org/LodgingBusiness | rangeIncludes: http://schema.o...

条目2：
- 名称：LodgingBusiness
- 类型：Property
- 简介：LodgingBusiness is a property in the knowledge base.",1,qwen-max-0125,0.0,8192,https://api2.aigcbest.top/v1,"判断结果：错误  
解释：根据背景知识，petsAllowed的domainIncludes包含多个类（如Accommodation、ApartmentComplex等），而不仅仅是LodgingBusiness，因此该公理与背景知识冲突。",0,0,
sample_0161,domain,domain(suitableForDiet) = MenuItem,"背景知识：
条目1：
- 名称：suitableForDiet
- 类型：Property
- 简介：Indicates a dietary restriction or guideline for which this recipe or menu item is suitable, e.g. diabetic, halal etc.
- 补充信息：domainIncludes: http://schema.org/MenuItem, http://schema.org/Recipe | rangeIncludes: http://schema.org/Diet, http://schema.org/RestrictedDiet

条目2：
- 名称：MenuItem
- 类型：Property
- 简介：MenuItem is a property in the knowledge base.",1,qwen-max-0125,0.0,8192,https://api2.aigcbest.top/v1,"判断结果：错误  
解释：根据背景知识，suitableForDiet的domainIncludes包含MenuItem和Recipe，而公理中仅将domain限定为MenuItem，与背景知识不符。",0,0,
sample_0162,domain,domain(reservationFor) = Reservation,"背景知识：
条目1：
- 名称：reservationFor
- 类型：Property
- 简介：The thing -- flight, event, restaurant, etc. being reserved.
- 补充信息：domainIncludes: http://schema.org/Reservation | rangeIncludes: http://schema.org/Thing

条目2：
- 名称：Reservation
- 类型：Property
- 简介：Reservation may refer to:",1,qwen-max-0125,0.0,8192,https://api2.aigcbest.top/v1,"判断结果：错误  
解释：根据背景知识，reservationFor的domainIncludes为http://schema.org/Reservation，而Reservation被定义为Property而非Class，因此domain(reservationFor) = Reservation与RDFS语义规则冲突。",0,0,
sample_0163,domain,domain(width) = OfferShippingDetails,"背景知识：
条目1：
- 名称：width
- 类型：Property
- 简介：The width of the item.
- 补充信息：domainIncludes: http://schema.org/MediaObject, http://schema.org/OfferShippingDetails, http://schema.org/Product, http://schema.org/ShippingConditions, http://schema.org/VisualArtw...

条目2：
- 名称：OfferShippingDetails
- 类型：Property
- 简介：OfferShippingDetails is a property in the knowledge base.",1,qwen-max-0125,0.0,8192,https://api2.aigcbest.top/v1,"判断结果：错误  
解释：根据背景知识，width的domainIncludes包含多个类（如MediaObject、Product等），而不仅仅是OfferShippingDetails，因此该公理与背景知识冲突。",0,0,
sample_0164,domain,domain(inAlbum) = MusicRecording,"背景知识：
条目1：
- 名称：inAlbum
- 类型：Property
- 简介：The album to which this recording belongs.
- 补充信息：domainIncludes: http://schema.org/MusicRecording | rangeIncludes: http://schema.org/MusicAlbum

条目2：
- 名称：MusicRecording
- 类型：Property
- 简介：Sound recording and reproduction is the electrical, mechanical, electronic, or digital inscription and re-creation of sound waves, such as spoken voice, singing, instrumental music, or sound effects. The two main classes of sound recording....",1,qwen-max-0125,0.0,8192,https://api2.aigcbest.top/v1,"判断结果：正确  
解释：根据背景知识，inAlbum的domainIncludes为MusicRecording，符合RDFS语义规则中domain的定义，因此该公理合理。",1,1,
sample_0165,domain,domain(isBasedOn) = CreativeWork,"背景知识：
条目1：
- 名称：isBasedOn
- 类型：Property
- 简介：A resource from which this work is derived or from which it is a modification or adaptation.
- 补充信息：domainIncludes: http://schema.org/CreativeWork | rangeIncludes: http://schema.org/CreativeWork, http://schema.org/Product, http://schema.org/URL

条目2：
- 名称：CreativeWork
- 类型：Property
- 简介：A creative work is a manifestation of creative effort in the world through a creative process involving one or more individuals. The term includes fine artwork, dance, writing (literature), filmmaking, and musical composition. The term is f...",1,qwen-max-0125,0.0,8192,https://api2.aigcbest.top/v1,"判断结果：正确  
解释：根据背景知识，isBasedOn的domainIncludes为CreativeWork，符合RDFS语义规则中domain的定义，因此该公理合理。",1,1,
sample_0166,domain,domain(latitude) = GeoCoordinates,"背景知识：
条目1：
- 名称：latitude
- 类型：Property
- 简介：The latitude of a location. For example <code>37.42242</code> (<a href=""https://en.wikipedia.org/wiki/World_Geodetic_System"">WGS 84</a>).
- 补充信息：domainIncludes: http://schema.org/GeoCoordinates, http://schema.org/Place | rangeIncludes: http://schema.org/Number, http://schema.org/Text

条目2：
- 名称：GeoCoordinates
- 类型：Property
- 简介：GeoCoordinates is a property in the knowledge base.",1,qwen-max-0125,0.0,8192,https://api2.aigcbest.top/v1,"判断结果：错误  
解释：根据背景知识，latitude 的 domainIncludes 包含 GeoCoordinates 和 Place，而公理中限定其 domain 仅为 GeoCoordinates，与背景知识不符。",0,0,
sample_0167,domain,domain(weight) = OfferShippingDetails,"背景知识：
条目1：
- 名称：weight
- 类型：Property
- 简介：The weight of the product or person.
- 补充信息：domainIncludes: http://schema.org/OfferShippingDetails, http://schema.org/Person, http://schema.org/Product, http://schema.org/ShippingConditions, http://schema.org/VisualArtwork |...

条目2：
- 名称：OfferShippingDetails
- 类型：Property
- 简介：OfferShippingDetails is a property in the knowledge base.",1,qwen-max-0125,0.0,8192,https://api2.aigcbest.top/v1,"判断结果：错误  
解释：根据背景知识，weight的domainIncludes包含多个类（如Person、Product等），而不仅仅是OfferShippingDetails，因此该公理与背景知识冲突。",0,0,
sample_0168,domain,domain(medicalSpecialty) = MedicalOrganization,"背景知识：
条目1：
- 名称：medicalSpecialty
- 类型：Property
- 简介：A medical specialty of the provider.
- 补充信息：domainIncludes: http://schema.org/Hospital, http://schema.org/MedicalClinic, http://schema.org/MedicalOrganization, http://schema.org/Physician | rangeIncludes: http://schema.org/M...

条目2：
- 名称：MedicalOrganization
- 类型：Property
- 简介：MedicalOrganization is a property in the knowledge base.",1,qwen-max-0125,0.0,8192,https://api2.aigcbest.top/v1,"判断结果：错误  
解释：根据背景知识，medicalSpecialty的domainIncludes包含多个类（如Hospital、MedicalClinic、Physician等），而不仅仅是MedicalOrganization，因此该公理与背景知识冲突。",0,0,
sample_0169,domain,domain(contactPoint) = Organization,"背景知识：
条目1：
- 名称：contactPoint
- 类型：Property
- 简介：A contact point for a person or organization.
- 补充信息：domainIncludes: http://schema.org/HealthInsurancePlan, http://schema.org/Organization, http://schema.org/Person | rangeIncludes: http://schema.org/ContactPoint

条目2：
- 名称：Organization
- 类型：Property
- 简介：An organization or organisation is an entity—such as a company, or corporation or an institution, or an association—comprising one or more people and having a particular purpose.",1,qwen-max-0125,0.0,8192,https://api2.aigcbest.top/v1,"判断结果：错误  
解释：根据背景知识，contactPoint的domainIncludes包含HealthInsurancePlan、Organization和Person，而不仅仅是Organization，因此该公理与背景知识冲突。",0,0,
sample_0170,domain,domain(hasCertification) = Place,"背景知识：
条目1：
- 名称：hasCertification
- 类型：Property
- 简介：Certification information about a product, organization, service, place, or person.
- 补充信息：domainIncludes: http://schema.org/Organization, http://schema.org/Person, http://schema.org/Place, http://schema.org/Product, http://schema.org/Service | rangeIncludes: http://sche...

条目2：
- 名称：Place
- 类型：Property
- 简介：Place may refer to:",1,qwen-max-0125,0.0,8192,https://api2.aigcbest.top/v1,"判断结果：错误  
解释：根据背景知识，hasCertification的domainIncludes包含Organization、Person、Place、Product和Service，而不仅仅是Place，因此该公理与背景知识冲突。",0,0,
sample_0171,domain,domain(estimatedSalary) = JobPosting,"背景知识：
条目1：
- 名称：estimatedSalary
- 类型：Property
- 简介：An estimated salary for a job posting or occupation, based on a variety of variables including, but not limited to industry, job title, and location. Estimated salaries are often computed by outside organizations rather than the hiring orga...
- 补充信息：domainIncludes: http://schema.org/JobPosting, http://schema.org/Occupation | rangeIncludes: http://schema.org/MonetaryAmount, http://schema.org/MonetaryAmountDistribution, http://s...

条目2：
- 名称：JobPosting
- 类型：Property
- 简介：JobPosting is a property in the knowledge base.",1,qwen-max-0125,0.0,8192,https://api2.aigcbest.top/v1,"判断结果：错误  
解释：根据背景知识，estimatedSalary的domainIncludes包含JobPosting和Occupation，而公理中仅限定为JobPosting，与背景知识不符。",0,0,
sample_0172,domain,domain(inLanguage) = WriteAction,"背景知识：
条目1：
- 名称：inLanguage
- 类型：Property
- 简介：The language of the content or performance or used in an action. Please use one of the language codes from the <a href=""http://tools.ietf.org/html/bcp47"">IETF BCP 47 standard</a>. See also <a class=""localLink"" href=""/availableLanguage"">avai...
- 补充信息：domainIncludes: http://schema.org/BroadcastService, http://schema.org/CommunicateAction, http://schema.org/CreativeWork, http://schema.org/Event, http://schema.org/LinkRole, http:/...

条目2：
- 名称：WriteAction
- 类型：Property
- 简介：WriteAction is a property in the knowledge base.",1,qwen-max-0125,0.0,8192,https://api2.aigcbest.top/v1,"判断结果：错误  
解释：根据背景知识，inLanguage的domainIncludes包含多个类（如BroadcastService、CreativeWork等），而WriteAction并未出现在其定义中，因此该公理与背景知识冲突。",0,0,
sample_0173,domain,domain(correctionsPolicy) = Organization,"背景知识：
条目1：
- 名称：correctionsPolicy
- 类型：Property
- 简介：For an <a class=""localLink"" href=""/Organization"">Organization</a> (e.g. <a class=""localLink"" href=""/NewsMediaOrganization"">NewsMediaOrganization</a>), a statement describing (in news media, the newsroom’s) disclosure and correction policy f...
- 补充信息：domainIncludes: http://schema.org/NewsMediaOrganization, http://schema.org/Organization | rangeIncludes: http://schema.org/CreativeWork, http://schema.org/URL

条目2：
- 名称：Organization
- 类型：Property
- 简介：An organization or organisation is an entity—such as a company, or corporation or an institution, or an association—comprising one or more people and having a particular purpose.",1,qwen-max-0125,0.0,8192,https://api2.aigcbest.top/v1,"判断结果：正确  
解释：根据背景知识，correctionsPolicy的domainIncludes包含Organization，符合RDFS中domain语义规则，表明该属性的主体可以是Organization类的实例。",1,1,
sample_0174,domain,domain(measurementMethod) = StatisticalVariable,"背景知识：
条目1：
- 名称：measurementMethod
- 类型：Property
- 简介：A subproperty of <a class=""localLink"" href=""/measurementTechnique"">measurementTechnique</a> that can be used for specifying specific methods, in particular via <a class=""localLink"" href=""/MeasurementMethodEnum"">MeasurementMethodEnum</a>.
- 补充信息：domainIncludes: http://schema.org/DataCatalog, http://schema.org/DataDownload, http://schema.org/Dataset, http://schema.org/Observation, http://schema.org/PropertyValue, http://sch...

条目2：
- 名称：StatisticalVariable
- 类型：Property
- 简介：StatisticalVariable is a property in the knowledge base.",1,qwen-max-0125,0.0,8192,https://api2.aigcbest.top/v1,"判断结果：错误  
解释：根据背景知识，measurementMethod的domainIncludes包含多个类（如DataCatalog、Dataset等），而StatisticalVariable并未被提及为其中之一，因此该公理与背景知识冲突。",0,0,
sample_0175,domain,domain(endTime) = Action,"背景知识：
条目1：
- 名称：endTime
- 类型：Property
- 简介：The endTime of something. For a reserved event or service (e.g. FoodEstablishmentReservation), the time that it is expected to end. For actions that span a period of time, when the action was performed. E.g. John wrote a book from January t...
- 补充信息：domainIncludes: http://schema.org/Action, http://schema.org/FoodEstablishmentReservation, http://schema.org/InteractionCounter, http://schema.org/MediaObject, http://schema.org/Sch...

条目2：
- 名称：Action
- 类型：Property
- 简介：Action may refer to:Action (philosophy), something which is done by a person Action principles the heart of fundamental physics Action (narrative), a literary mode Action fiction, a type of genre fiction Action game, a genre of video game",1,qwen-max-0125,0.0,8192,https://api2.aigcbest.top/v1,"判断结果：错误  
解释：根据背景知识，endTime 的 domainIncludes 包含多个类（如 Action、FoodEstablishmentReservation 等），而公理中将其 domain 限定为仅 Action，与背景知识冲突。",0,0,
sample_0176,domain,domain(shippingDestination) = DeliveryTimeSettings,"背景知识：
条目1：
- 名称：shippingDestination
- 类型：Property
- 简介：indicates (possibly multiple) shipping destinations. These can be defined in several ways, e.g. postalCode ranges.
- 补充信息：domainIncludes: http://schema.org/DeliveryTimeSettings, http://schema.org/OfferShippingDetails, http://schema.org/ShippingConditions, http://schema.org/ShippingRateSettings | range...

条目2：
- 名称：DeliveryTimeSettings
- 类型：Property
- 简介：DeliveryTimeSettings is a property in the knowledge base.",1,qwen-max-0125,0.0,8192,https://api2.aigcbest.top/v1,"判断结果：错误  
解释：根据背景知识，shippingDestination的domainIncludes包含多个类（如DeliveryTimeSettings、OfferShippingDetails等），而公理中将其domain限定为唯一的DeliveryTimeSettings，与背景知识冲突。",0,0,
sample_0177,domain,domain(hasMeasurement) = Product,"背景知识：
条目1：
- 名称：hasMeasurement
- 类型：Property
- 简介：A measurement of an item, For example, the inseam of pants, the wheel size of a bicycle, the gauge of a screw, or the carbon footprint measured for certification by an authority. Usually an exact measurement, but can also be a range of meas...
- 补充信息：domainIncludes: http://schema.org/Certification, http://schema.org/Offer, http://schema.org/Product, http://schema.org/SizeSpecification | rangeIncludes: http://schema.org/Quantita...

条目2：
- 名称：Product
- 类型：Property
- 简介：Product may refer to:",1,qwen-max-0125,0.0,8192,https://api2.aigcbest.top/v1,"判断结果：错误  
解释：根据背景知识，hasMeasurement的domainIncludes包含多个类（如Certification、Offer、Product等），而不仅仅是Product，因此该公理与背景知识冲突。",0,0,
sample_0178,domain,domain(review) = Service,"背景知识：
条目1：
- 名称：review
- 类型：Property
- 简介：A review of the item.
- 补充信息：domainIncludes: http://schema.org/Brand, http://schema.org/CreativeWork, http://schema.org/Event, http://schema.org/Offer, http://schema.org/Organization, http://schema.org/Place,....

条目2：
- 名称：Service
- 类型：Property
- 简介：Service may refer to:",1,qwen-max-0125,0.0,8192,https://api2.aigcbest.top/v1,"判断结果：错误  
解释：根据背景知识，review的domainIncludes包含多个类（如Brand、CreativeWork等），而Service并未明确列出，因此将domain(review)限定为Service与背景知识冲突。",0,0,
sample_0179,domain,domain(ineligibleRegion) = Offer,"背景知识：
条目1：
- 名称：ineligibleRegion
- 类型：Property
- 简介：The ISO 3166-1 (ISO 3166-1 alpha-2) or ISO 3166-2 code, the place, or the GeoShape for the geo-political region(s) for which the offer or delivery charge specification is not valid, e.g. a region where the transaction is not allowed.<br/><b...
- 补充信息：domainIncludes: http://schema.org/ActionAccessSpecification, http://schema.org/DeliveryChargeSpecification, http://schema.org/Demand, http://schema.org/MediaObject, http://schema.o...

条目2：
- 名称：Offer
- 类型：Property
- 简介：(The) Offer or offers may refer to:",1,qwen-max-0125,0.0,8192,https://api2.aigcbest.top/v1,"判断结果：错误  
解释：根据背景知识，ineligibleRegion的domainIncludes未包含Offer，因此该公理与背景知识冲突。",0,0,
sample_0180,domain,domain(gtin14) = Offer,"背景知识：
条目1：
- 名称：gtin14
- 类型：Property
- 简介：The GTIN-14 code of the product, or the product to which the offer refers. See <a href=""http://www.gs1.org/barcodes/technical/idkeys/gtin"">GS1 GTIN Summary</a> for more details.
- 补充信息：domainIncludes: http://schema.org/Demand, http://schema.org/Offer, http://schema.org/Product | rangeIncludes: http://schema.org/Text

条目2：
- 名称：Offer
- 类型：Property
- 简介：(The) Offer or offers may refer to:",1,qwen-max-0125,0.0,8192,https://api2.aigcbest.top/v1,"判断结果：错误  
解释：根据背景知识，gtin14的domainIncludes包含Demand、Offer和Product，而不仅仅是Offer，因此该公理与背景知识冲突。",0,0,
sample_0181,range,range(adverseOutcome) = MedicalEntity,"背景知识：
条目1：
- 名称：adverseOutcome
- 类型：Property
- 简介：A possible complication and/or side effect of this therapy. If it is known that an adverse outcome is serious (resulting in death, disability, or permanent damage; requiring hospitalization; or otherwise life-threatening or requiring immedi...
- 补充信息：domainIncludes: http://schema.org/MedicalDevice, http://schema.org/TherapeuticProcedure | rangeIncludes: http://schema.org/MedicalEntity

条目2：
- 名称：MedicalEntity
- 类型：Property
- 简介：MedicalEntity is a property in the knowledge base.",1,qwen-max-0125,0.0,8192,https://api2.aigcbest.top/v1,"判断结果：正确  
解释：根据背景知识，adverseOutcome的rangeIncludes为MedicalEntity，符合RDFS语义规则中range的定义，因此该公理合理。",1,1,
sample_0182,range,range(seatingType) = Text,"背景知识：
条目1：
- 名称：seatingType
- 类型：Property
- 简介：The type/class of the seat.
- 补充信息：domainIncludes: http://schema.org/Seat | rangeIncludes: http://schema.org/QualitativeValue, http://schema.org/Text

条目2：
- 名称：Text
- 类型：Property
- 简介：Text may refer to:",1,qwen-max-0125,0.0,8192,https://api2.aigcbest.top/v1,"判断结果：错误  
解释：根据背景知识，seatingType的rangeIncludes包含QualitativeValue和Text，因此其值域不仅限于Text，公理与背景知识冲突。",0,0,
sample_0183,range,range(subReservation) = Reservation,"背景知识：
条目1：
- 名称：subReservation
- 类型：Property
- 简介：The individual reservations included in the package. Typically a repeated property.
- 补充信息：domainIncludes: http://schema.org/ReservationPackage | rangeIncludes: http://schema.org/Reservation

条目2：
- 名称：Reservation
- 类型：Property
- 简介：Reservation may refer to:",1,qwen-max-0125,0.0,8192,https://api2.aigcbest.top/v1,"判断结果：正确  
解释：根据背景知识，subReservation的rangeIncludes为Reservation，符合RDFS语义规则中range的定义，因此该公理合理。",1,1,
sample_0184,range,range(parents) = Person,"背景知识：
条目1：
- 名称：parents
- 类型：Property
- 简介：A parents of the person.
- 补充信息：domainIncludes: http://schema.org/Person | rangeIncludes: http://schema.org/Person

条目2：
- 名称：Person
- 类型：Property
- 简介：A person is a being who has certain capacities or attributes such as reason, morality, consciousness or self-consciousness, and being a part of a culturally established form of social relations such as kinship, ownership of property, or leg...",1,qwen-max-0125,0.0,8192,https://api2.aigcbest.top/v1,"判断结果：正确  
解释：根据背景知识，parents的rangeIncludes为Person，符合RDFS语义规则中range的定义，因此该公理合理。",1,1,
sample_0185,range,range(dataFeedElement) = DataFeedItem,"背景知识：
条目1：
- 名称：dataFeedElement
- 类型：Property
- 简介：An item within a data feed. Data feeds may have many elements.
- 补充信息：domainIncludes: http://schema.org/DataFeed | rangeIncludes: http://schema.org/DataFeedItem, http://schema.org/Text, http://schema.org/Thing

条目2：
- 名称：DataFeedItem
- 类型：Property
- 简介：DataFeedItem is a property in the knowledge base.",1,qwen-max-0125,0.0,8192,https://api2.aigcbest.top/v1,"判断结果：错误  
解释：根据背景知识，dataFeedElement的rangeIncludes包含DataFeedItem、Text和Thing，而不仅仅是DataFeedItem，因此该公理与背景知识冲突。",0,0,
sample_0186,range,range(height) = QuantitativeValue,"背景知识：
条目1：
- 名称：height
- 类型：Property
- 简介：The height of the item.
- 补充信息：domainIncludes: http://schema.org/MediaObject, http://schema.org/OfferShippingDetails, http://schema.org/Person, http://schema.org/Product, http://schema.org/ShippingConditions, ht...

条目2：
- 名称：QuantitativeValue
- 类型：Property
- 简介：QuantitativeValue is a property in the knowledge base.",1,qwen-max-0125,0.0,8192,https://api2.aigcbest.top/v1,"判断结果：正确  
解释：根据背景知识，height的range被定义为QuantitativeValue，符合RDFS语义规则中属性客体应属于某一类的约束。",1,1,
sample_0187,range,range(travelBans) = WebContent,"背景知识：
条目1：
- 名称：travelBans
- 类型：Property
- 简介：Information about travel bans, e.g. in the context of a pandemic.
- 补充信息：domainIncludes: http://schema.org/SpecialAnnouncement | rangeIncludes: http://schema.org/URL, http://schema.org/WebContent

条目2：
- 名称：WebContent
- 类型：Property
- 简介：WebContent is a property in the knowledge base.",1,qwen-max-0125,0.0,8192,https://api2.aigcbest.top/v1,"判断结果：错误  
解释：根据背景知识，travelBans的rangeIncludes为URL和WebContent，而公理中仅限定为WebContent，与背景知识不符。",0,0,
sample_0188,range,range(educationalCredentialAwarded) = URL,"背景知识：
条目1：
- 名称：educationalCredentialAwarded
- 类型：Property
- 简介：A description of the qualification, award, certificate, diploma or other educational credential awarded as a consequence of successful completion of this course or program.
- 补充信息：domainIncludes: http://schema.org/Course, http://schema.org/EducationalOccupationalProgram | rangeIncludes: http://schema.org/EducationalOccupationalCredential, http://schema.org/T...

条目2：
- 名称：URL
- 类型：Property
- 简介：A uniform resource locator (URL), colloquially known as a web address, is a reference to a resource on the World Wide Web. A URL specifies the location of a resource on a computer network and a mechanism for retrieving it. A URL is a specif...",1,qwen-max-0125,0.0,8192,https://api2.aigcbest.top/v1,"判断结果：错误  
解释：根据背景知识，educationalCredentialAwarded的rangeIncludes为EducationalOccupationalCredential或相关类，而非URL，因此该公理与背景知识冲突。",0,0,
sample_0189,range,range(meetsEmissionStandard) = URL,"背景知识：
条目1：
- 名称：meetsEmissionStandard
- 类型：Property
- 简介：Indicates that the vehicle meets the respective emission standard.
- 补充信息：domainIncludes: http://schema.org/Vehicle | rangeIncludes: http://schema.org/QualitativeValue, http://schema.org/Text, http://schema.org/URL

条目2：
- 名称：URL
- 类型：Property
- 简介：A uniform resource locator (URL), colloquially known as a web address, is a reference to a resource on the World Wide Web. A URL specifies the location of a resource on a computer network and a mechanism for retrieving it. A URL is a specif...",1,qwen-max-0125,0.0,8192,https://api2.aigcbest.top/v1,"判断结果：错误  
解释：根据背景知识，meetsEmissionStandard的rangeIncludes包含QualitativeValue、Text和URL，而公理中将其范围限定为仅为URL，与背景知识冲突。",0,0,
sample_0190,range,range(geoEquals) = Place,"背景知识：
条目1：
- 名称：geoEquals
- 类型：Property
- 简介：Represents spatial relations in which two geometries (or the places they represent) are topologically equal, as defined in <a href=""https://en.wikipedia.org/wiki/DE-9IM"">DE-9IM</a>. ""Two geometries are topologically equal if their interiors...
- 补充信息：domainIncludes: http://schema.org/GeospatialGeometry, http://schema.org/Place | rangeIncludes: http://schema.org/GeospatialGeometry, http://schema.org/Place

条目2：
- 名称：Place
- 类型：Property
- 简介：Place may refer to:",1,qwen-max-0125,0.0,8192,https://api2.aigcbest.top/v1,"判断结果：错误  
解释：根据背景知识，geoEquals 的 rangeIncludes 包含 GeospatialGeometry 和 Place，因此其值域不仅限于 Place，还应包括 GeospatialGeometry。",0,0,
sample_0191,range,range(industry) = Text,"背景知识：
条目1：
- 名称：industry
- 类型：Property
- 简介：The industry associated with the job position.
- 补充信息：domainIncludes: http://schema.org/JobPosting | rangeIncludes: http://schema.org/DefinedTerm, http://schema.org/Text

条目2：
- 名称：Text
- 类型：Property
- 简介：Text may refer to:",1,qwen-max-0125,0.0,8192,https://api2.aigcbest.top/v1,"判断结果：错误  
解释：根据背景知识，industry的rangeIncludes为DefinedTerm和Text，而公理仅限定为Text，与背景知识不符。",0,0,
sample_0192,range,range(logo) = ImageObject,"背景知识：
条目1：
- 名称：logo
- 类型：Property
- 简介：An associated logo.
- 补充信息：domainIncludes: http://schema.org/Brand, http://schema.org/Certification, http://schema.org/Organization, http://schema.org/Place, http://schema.org/Product, http://schema.org/Serv...

条目2：
- 名称：ImageObject
- 类型：Property
- 简介：ImageObject is a property in the knowledge base.",1,qwen-max-0125,0.0,8192,https://api2.aigcbest.top/v1,"判断结果：错误  
解释：根据背景知识，logo的range未明确指定为ImageObject，且ImageObject被描述为一个属性而非类，与range应指向类的语义规则冲突。",0,0,
sample_0193,range,range(offeredBy) = Person,"背景知识：
条目1：
- 名称：offeredBy
- 类型：Property
- 简介：A pointer to the organization or person making the offer.
- 补充信息：domainIncludes: http://schema.org/Offer | rangeIncludes: http://schema.org/Organization, http://schema.org/Person

条目2：
- 名称：Person
- 类型：Property
- 简介：A person is a being who has certain capacities or attributes such as reason, morality, consciousness or self-consciousness, and being a part of a culturally established form of social relations such as kinship, ownership of property, or leg...",1,qwen-max-0125,0.0,8192,https://api2.aigcbest.top/v1,"判断结果：错误  
解释：根据背景知识，offeredBy的rangeIncludes包含Organization和Person，因此其值域不仅限于Person，还可能包括Organization。",0,0,
sample_0194,range,range(performers) = Person,"背景知识：
条目1：
- 名称：performers
- 类型：Property
- 简介：The main performer or performers of the event&#x2014;for example, a presenter, musician, or actor.
- 补充信息：domainIncludes: http://schema.org/Event | rangeIncludes: http://schema.org/Organization, http://schema.org/Person

条目2：
- 名称：Person
- 类型：Property
- 简介：A person is a being who has certain capacities or attributes such as reason, morality, consciousness or self-consciousness, and being a part of a culturally established form of social relations such as kinship, ownership of property, or leg...",1,qwen-max-0125,0.0,8192,https://api2.aigcbest.top/v1,"判断结果：错误  
解释：背景知识中rangeIncludes表明performers的值域包括Organization和Person，而公理仅限定为Person，与背景知识冲突。",0,0,
sample_0195,range,range(blogPosts) = BlogPosting,"背景知识：
条目1：
- 名称：blogPosts
- 类型：Property
- 简介：Indicates a post that is part of a <a class=""localLink"" href=""/Blog"">Blog</a>. Note that historically, what we term a ""Blog"" was once known as a ""weblog"", and that what we term a ""BlogPosting"" is now often colloquially referred to as a ""blo...
- 补充信息：domainIncludes: http://schema.org/Blog | rangeIncludes: http://schema.org/BlogPosting

条目2：
- 名称：BlogPosting
- 类型：Property
- 简介：BlogPosting is a property in the knowledge base.",1,qwen-max-0125,0.0,8192,https://api2.aigcbest.top/v1,"判断结果：正确  
解释：根据背景知识，blogPosts 的 rangeIncludes 为 BlogPosting，符合 RDFS 中 range 的语义规则，因此该公理合理。",1,1,
sample_0196,range,range(hasTiers) = MemberProgramTier,"背景知识：
条目1：
- 名称：hasTiers
- 类型：Property
- 简介：The tiers of a member program.
- 补充信息：domainIncludes: http://schema.org/MemberProgram | rangeIncludes: http://schema.org/MemberProgramTier

条目2：
- 名称：MemberProgramTier
- 类型：Property
- 简介：MemberProgramTier is a property in the knowledge base.",1,qwen-max-0125,0.0,8192,https://api2.aigcbest.top/v1,"判断结果：正确  
解释：根据背景知识，hasTiers的rangeIncludes为MemberProgramTier，符合RDFS语义规则中range的定义，因此该公理合理。",1,1,
sample_0197,range,range(season) = CreativeWorkSeason,"背景知识：
条目1：
- 名称：season
- 类型：Property
- 简介：A season in a media series.
- 补充信息：domainIncludes: http://schema.org/RadioSeries, http://schema.org/TVSeries, http://schema.org/VideoGameSeries | rangeIncludes: http://schema.org/CreativeWorkSeason, http://schema.or...

条目2：
- 名称：CreativeWorkSeason
- 类型：Property
- 简介：CreativeWorkSeason is a property in the knowledge base.",1,qwen-max-0125,0.0,8192,https://api2.aigcbest.top/v1,"判断结果：正确  
解释：根据背景知识，season的rangeIncludes包含CreativeWorkSeason，符合RDFS语义规则中range的定义。",1,1,
sample_0198,range,range(author) = Organization,"背景知识：
条目1：
- 名称：author
- 类型：Property
- 简介：The author of this content or rating. Please note that author is special in that HTML 5 provides a special mechanism for indicating authorship via the rel tag. That is equivalent to this and may be used interchangeably.
- 补充信息：domainIncludes: http://schema.org/CreativeWork, http://schema.org/Rating | rangeIncludes: http://schema.org/Organization, http://schema.org/Person

条目2：
- 名称：Organization
- 类型：Property
- 简介：An organization or organisation is an entity—such as a company, or corporation or an institution, or an association—comprising one or more people and having a particular purpose.",1,qwen-max-0125,0.0,8192,https://api2.aigcbest.top/v1,"判断结果：错误  
解释：根据背景知识，author的rangeIncludes包含Organization和Person，因此其值域不仅限于Organization，还应包括Person。",0,0,
sample_0199,range,range(ratingCount) = Integer,"背景知识：
条目1：
- 名称：ratingCount
- 类型：Property
- 简介：The count of total number of ratings.
- 补充信息：domainIncludes: http://schema.org/AggregateRating | rangeIncludes: http://schema.org/Integer

条目2：
- 名称：Integer
- 类型：Property
- 简介：An integer is the number zero (0), a positive natural number, or the negation of a positive natural number. The negations or additive inverses of the positive natural numbers are referred to as negative integers. The set of all integers is....",1,qwen-max-0125,0.0,8192,https://api2.aigcbest.top/v1,"判断结果：正确  
解释：根据背景知识，ratingCount的rangeIncludes为Integer，符合RDFS语义规则中range的定义，因此该公理合理。",1,1,
sample_0200,range,range(genre) = URL,"背景知识：
条目1：
- 名称：genre
- 类型：Property
- 简介：Genre of the creative work, broadcast channel or group.
- 补充信息：domainIncludes: http://schema.org/BroadcastChannel, http://schema.org/CreativeWork, http://schema.org/MusicGroup | rangeIncludes: http://schema.org/DefinedTerm, http://schema.org/T...

条目2：
- 名称：URL
- 类型：Property
- 简介：A uniform resource locator (URL), colloquially known as a web address, is a reference to a resource on the World Wide Web. A URL specifies the location of a resource on a computer network and a mechanism for retrieving it. A URL is a specif...",1,qwen-max-0125,0.0,8192,https://api2.aigcbest.top/v1,"判断结果：错误  
解释：根据背景知识，genre的rangeIncludes为DefinedTerm等类型，而非URL，因此该公理与背景知识冲突。",0,0,
sample_0201,range,range(diseaseSpreadStatistics) = WebContent,"背景知识：
条目1：
- 名称：diseaseSpreadStatistics
- 类型：Property
- 简介：Statistical information about the spread of a disease, either as <a class=""localLink"" href=""/WebContent"">WebContent</a>, or described directly as a <a class=""localLink"" href=""/Dataset"">Dataset</a>, or the specific <a class=""localLink"" href=...
- 补充信息：domainIncludes: http://schema.org/SpecialAnnouncement | rangeIncludes: http://schema.org/Dataset, http://schema.org/Observation, http://schema.org/URL, http://schema.org/WebContent

条目2：
- 名称：WebContent
- 类型：Property
- 简介：WebContent is a property in the knowledge base.",1,qwen-max-0125,0.0,8192,https://api2.aigcbest.top/v1,"判断结果：错误  
解释：根据背景知识，diseaseSpreadStatistics 的 rangeIncludes 包含多个类（Dataset、Observation、URL、WebContent），而公理将其范围限定为仅 WebContent，与背景知识冲突。",0,0,
sample_0202,range,range(exerciseCourse) = Place,"背景知识：
条目1：
- 名称：exerciseCourse
- 类型：Property
- 简介：A sub property of location. The course where this action was taken.
- 补充信息：domainIncludes: http://schema.org/ExerciseAction | rangeIncludes: http://schema.org/Place

条目2：
- 名称：Place
- 类型：Property
- 简介：Place may refer to:",1,qwen-max-0125,0.0,8192,https://api2.aigcbest.top/v1,"判断结果：正确  
解释：根据背景知识，exerciseCourse的rangeIncludes为Place，符合RDFS语义规则中range的定义，因此该公理合理。",1,1,
sample_0203,range,range(pathophysiology) = Text,"背景知识：
条目1：
- 名称：pathophysiology
- 类型：Property
- 简介：Changes in the normal mechanical, physical, and biochemical functions that are associated with this activity or condition.
- 补充信息：domainIncludes: http://schema.org/MedicalCondition, http://schema.org/PhysicalActivity | rangeIncludes: http://schema.org/Text

条目2：
- 名称：Text
- 类型：Property
- 简介：Text may refer to:",1,qwen-max-0125,0.0,8192,https://api2.aigcbest.top/v1,"判断结果：正确  
解释：根据背景知识，pathophysiology的rangeIncludes为Text，符合RDFS语义规则中range的定义，因此该公理合理。",1,1,
sample_0204,range,range(reviewedBy) = Organization,"背景知识：
条目1：
- 名称：reviewedBy
- 类型：Property
- 简介：People or organizations that have reviewed the content on this web page for accuracy and/or completeness.
- 补充信息：domainIncludes: http://schema.org/WebPage | rangeIncludes: http://schema.org/Organization, http://schema.org/Person

条目2：
- 名称：Organization
- 类型：Property
- 简介：An organization or organisation is an entity—such as a company, or corporation or an institution, or an association—comprising one or more people and having a particular purpose.",1,qwen-max-0125,0.0,8192,https://api2.aigcbest.top/v1,"判断结果：错误  
解释：根据背景知识，reviewedBy的rangeIncludes包含Organization和Person，因此其值域不仅限于Organization。",0,0,
sample_0205,range,range(recipeInstructions) = ItemList,"背景知识：
条目1：
- 名称：recipeInstructions
- 类型：Property
- 简介：A step in making the recipe, in the form of a single item (document, video, etc.) or an ordered list with HowToStep and/or HowToSection items.
- 补充信息：domainIncludes: http://schema.org/Recipe | rangeIncludes: http://schema.org/CreativeWork, http://schema.org/ItemList, http://schema.org/Text

条目2：
- 名称：ItemList
- 类型：Property
- 简介：ItemList is a property in the knowledge base.",1,qwen-max-0125,0.0,8192,https://api2.aigcbest.top/v1,"判断结果：错误  
解释：根据背景知识，recipeInstructions的rangeIncludes包含CreativeWork、ItemList和Text，而公理仅限定为ItemList，与背景知识不符。",0,0,
sample_0206,range,range(geographicArea) = AdministrativeArea,"背景知识：
条目1：
- 名称：geographicArea
- 类型：Property
- 简介：The geographic area associated with the audience.
- 补充信息：domainIncludes: http://schema.org/Audience | rangeIncludes: http://schema.org/AdministrativeArea

条目2：
- 名称：AdministrativeArea
- 类型：Property
- 简介：AdministrativeArea is a property in the knowledge base.",1,qwen-max-0125,0.0,8192,https://api2.aigcbest.top/v1,"判断结果：正确  
解释：根据背景知识，geographicArea的rangeIncludes为AdministrativeArea，符合RDFS语义规则中range的定义。",1,1,
sample_0207,range,range(totalPrice) = PriceSpecification,"背景知识：
条目1：
- 名称：totalPrice
- 类型：Property
- 简介：The total price for the reservation or ticket, including applicable taxes, shipping, etc.<br/><br/> Usage guidelines:<br/><br/> <ul> <li>Use values from 0123456789 (Unicode 'DIGIT ZERO' (U+0030) to 'DIGIT NINE' (U+0039)) rather than superfi...
- 补充信息：domainIncludes: http://schema.org/Reservation, http://schema.org/Ticket | rangeIncludes: http://schema.org/Number, http://schema.org/PriceSpecification, http://schema.org/Text

条目2：
- 名称：PriceSpecification
- 类型：Property
- 简介：PriceSpecification is a property in the knowledge base.",1,qwen-max-0125,0.0,8192,https://api2.aigcbest.top/v1,"判断结果：错误  
解释：根据背景知识，totalPrice的rangeIncludes包含http://schema.org/Number、http://schema.org/PriceSpecification和http://schema.org/Text，而公理中仅限定为PriceSpecification，与背景知识不符。",0,0,
sample_0208,range,range(nutrition) = NutritionInformation,"背景知识：
条目1：
- 名称：nutrition
- 类型：Property
- 简介：Nutrition information about the recipe or menu item.
- 补充信息：domainIncludes: http://schema.org/MenuItem, http://schema.org/Recipe | rangeIncludes: http://schema.org/NutritionInformation

条目2：
- 名称：NutritionInformation
- 类型：Property
- 简介：NutritionInformation is a property in the knowledge base.",1,qwen-max-0125,0.0,8192,https://api2.aigcbest.top/v1,"判断结果：正确  
解释：根据背景知识，nutrition的rangeIncludes为NutritionInformation，符合RDFS语义规则中range的定义，因此该公理合理。",1,1,
sample_0209,range,range(dateModified) = Date,"背景知识：
条目1：
- 名称：dateModified
- 类型：Property
- 简介：The date on which the CreativeWork was most recently modified or when the item's entry was modified within a DataFeed.
- 补充信息：domainIncludes: http://schema.org/CreativeWork, http://schema.org/DataFeedItem | rangeIncludes: http://schema.org/Date, http://schema.org/DateTime

条目2：
- 名称：Date
- 类型：Property
- 简介：Date or dates may refer to:Date, the fruit of the date palm Jujube, also known as red date or Chinese date, the fruit of Ziziphus jujuba",1,qwen-max-0125,0.0,8192,https://api2.aigcbest.top/v1,"判断结果：错误  
解释：根据背景知识，dateModified的rangeIncludes为http://schema.org/Date和http://schema.org/DateTime，而Date单独作为range不符合其定义范围。",0,0,
sample_0210,range,range(recipient) = Person,"背景知识：
条目1：
- 名称：recipient
- 类型：Property
- 简介：A sub property of participant. The participant who is at the receiving end of the action.
- 补充信息：domainIncludes: http://schema.org/AuthorizeAction, http://schema.org/CommunicateAction, http://schema.org/DonateAction, http://schema.org/GiveAction, http://schema.org/Message, htt...

条目2：
- 名称：Person
- 类型：Property
- 简介：A person is a being who has certain capacities or attributes such as reason, morality, consciousness or self-consciousness, and being a part of a culturally established form of social relations such as kinship, ownership of property, or leg...",1,qwen-max-0125,0.0,8192,https://api2.aigcbest.top/v1,"判断结果：正确  
解释：根据背景知识，recipient的range被定义为Person，符合RDFS语义规则中属性客体应属于某一类的约束。",1,1,
sample_0211,range,range(workPresented) = Movie,"背景知识：
条目1：
- 名称：workPresented
- 类型：Property
- 简介：The movie presented during this event.
- 补充信息：domainIncludes: http://schema.org/ScreeningEvent | rangeIncludes: http://schema.org/Movie

条目2：
- 名称：Movie
- 类型：Property
- 简介：A film, movie, or motion picture is a work of visual art that simulates experiences and otherwise communicates ideas, stories, perceptions, emotions, or atmosphere through the use of moving images that are generally, since the 1930s, synchr...",1,qwen-max-0125,0.0,8192,https://api2.aigcbest.top/v1,"判断结果：正确  
解释：根据背景知识，workPresented的rangeIncludes为Movie，符合RDFS语义规则中range的定义，因此该公理合理。",1,1,
sample_0212,range,range(itemOffered) = CreativeWork,"背景知识：
条目1：
- 名称：itemOffered
- 类型：Property
- 简介：An item being offered (or demanded). The transactional nature of the offer or demand is documented using <a class=""localLink"" href=""/businessFunction"">businessFunction</a>, e.g. sell, lease etc. While several common expected types are liste...
- 补充信息：domainIncludes: http://schema.org/Demand, http://schema.org/Offer | rangeIncludes: http://schema.org/AggregateOffer, http://schema.org/CreativeWork, http://schema.org/Event, http:/...

条目2：
- 名称：CreativeWork
- 类型：Property
- 简介：A creative work is a manifestation of creative effort in the world through a creative process involving one or more individuals. The term includes fine artwork, dance, writing (literature), filmmaking, and musical composition. The term is f...",1,qwen-max-0125,0.0,8192,https://api2.aigcbest.top/v1,"判断结果：错误  
解释：根据背景知识，itemOffered的rangeIncludes包含多个类（如AggregateOffer、CreativeWork、Event等），而公理将其范围限定为仅CreativeWork，与背景知识冲突。",0,0,
sample_0213,range,range(certificationIdentification) = DefinedTerm,"背景知识：
条目1：
- 名称：certificationIdentification
- 类型：Property
- 简介：Identifier of a certification instance (as registered with an independent certification body). Typically this identifier can be used to consult and verify the certification instance. See also <a href=""https://www.gs1.org/voc/certificationId...
- 补充信息：domainIncludes: http://schema.org/Certification | rangeIncludes: http://schema.org/DefinedTerm, http://schema.org/Text

条目2：
- 名称：DefinedTerm
- 类型：Property
- 简介：DefinedTerm is a property in the knowledge base.",1,qwen-max-0125,0.0,8192,https://api2.aigcbest.top/v1,"判断结果：错误  
解释：根据背景知识，certificationIdentification的rangeIncludes为DefinedTerm和Text，而公理将其范围限定为仅DefinedTerm，与背景知识不符。",0,0,
sample_0214,range,range(numberOfBeds) = Number,"背景知识：
条目1：
- 名称：numberOfBeds
- 类型：Property
- 简介：The quantity of the given bed type available in the HotelRoom, Suite, House, or Apartment.
- 补充信息：domainIncludes: http://schema.org/BedDetails | rangeIncludes: http://schema.org/Number

条目2：
- 名称：Number
- 类型：Property
- 简介：A number is a mathematical object used to count, measure, and label. The most basic examples are the natural numbers: 1, 2, 3, 4, 5, and so forth. Individual numbers can be represented in language with number words or by dedicated symbols c...",1,qwen-max-0125,0.0,8192,https://api2.aigcbest.top/v1,"判断结果：正确  
解释：根据背景知识，numberOfBeds的rangeIncludes为Number，且Number是一个用于表示数值的属性，符合RDFS中range的语义规则。",1,1,
sample_0215,range,range(permissions) = Text,"背景知识：
条目1：
- 名称：permissions
- 类型：Property
- 简介：Permission(s) required to run the app (for example, a mobile app may require full internet access or may run only on wifi).
- 补充信息：domainIncludes: http://schema.org/SoftwareApplication | rangeIncludes: http://schema.org/Text

条目2：
- 名称：Text
- 类型：Property
- 简介：Text may refer to:",1,qwen-max-0125,0.0,8192,https://api2.aigcbest.top/v1,"判断结果：正确  
解释：根据背景知识，permissions的rangeIncludes为Text，符合RDFS语义规则中range的定义，因此该公理合理。",1,1,
sample_0216,range,range(workTranslation) = CreativeWork,"背景知识：
条目1：
- 名称：workTranslation
- 类型：Property
- 简介：A work that is a translation of the content of this work. E.g. 西遊記 has an English workTranslation “Journey to the West”, a German workTranslation “Monkeys Pilgerfahrt” and a Vietnamese translation Tây du ký bình khảo.
- 补充信息：domainIncludes: http://schema.org/CreativeWork | rangeIncludes: http://schema.org/CreativeWork

条目2：
- 名称：CreativeWork
- 类型：Property
- 简介：A creative work is a manifestation of creative effort in the world through a creative process involving one or more individuals. The term includes fine artwork, dance, writing (literature), filmmaking, and musical composition. The term is f...",1,qwen-max-0125,0.0,8192,https://api2.aigcbest.top/v1,"判断结果：正确  
解释：根据背景知识，workTranslation的rangeIncludes为CreativeWork，符合RDFS语义规则中range的定义，因此该公理合理。",1,1,
sample_0217,range,range(passengerSequenceNumber) = Text,"背景知识：
条目1：
- 名称：passengerSequenceNumber
- 类型：Property
- 简介：The passenger's sequence number as assigned by the airline.
- 补充信息：domainIncludes: http://schema.org/FlightReservation | rangeIncludes: http://schema.org/Text

条目2：
- 名称：Text
- 类型：Property
- 简介：Text may refer to:",1,qwen-max-0125,0.0,8192,https://api2.aigcbest.top/v1,"判断结果：正确  
解释：根据背景知识，passengerSequenceNumber的rangeIncludes为Text，符合RDFS语义规则中range的定义，因此该公理合理。",1,1,
sample_0218,range,range(estimatesRiskOf) = MedicalEntity,"背景知识：
条目1：
- 名称：estimatesRiskOf
- 类型：Property
- 简介：The condition, complication, or symptom whose risk is being estimated.
- 补充信息：domainIncludes: http://schema.org/MedicalRiskEstimator | rangeIncludes: http://schema.org/MedicalEntity

条目2：
- 名称：MedicalEntity
- 类型：Property
- 简介：MedicalEntity is a property in the knowledge base.",1,qwen-max-0125,0.0,8192,https://api2.aigcbest.top/v1,"判断结果：正确  
解释：根据背景知识，estimatesRiskOf 的 rangeIncludes 为 MedicalEntity，符合 RDFS 中 range 的语义规则，因此该公理合理。",1,1,
sample_0219,range,range(numAdults) = QuantitativeValue,"背景知识：
条目1：
- 名称：numAdults
- 类型：Property
- 简介：The number of adults staying in the unit.
- 补充信息：domainIncludes: http://schema.org/LodgingReservation | rangeIncludes: http://schema.org/Integer, http://schema.org/QuantitativeValue

条目2：
- 名称：QuantitativeValue
- 类型：Property
- 简介：QuantitativeValue is a property in the knowledge base.",1,qwen-max-0125,0.0,8192,https://api2.aigcbest.top/v1,"判断结果：错误  
解释：根据背景知识，numAdults的rangeIncludes为Integer和QuantitativeValue，而公理中仅限定为QuantitativeValue，与背景知识不符。",0,0,
sample_0220,range,range(collectionSize) = Integer,"背景知识：
条目1：
- 名称：collectionSize
- 类型：Property
- 简介：The number of items in the <a class=""localLink"" href=""/Collection"">Collection</a>.
- 补充信息：domainIncludes: http://schema.org/Collection | rangeIncludes: http://schema.org/Integer

条目2：
- 名称：Integer
- 类型：Property
- 简介：An integer is the number zero (0), a positive natural number, or the negation of a positive natural number. The negations or additive inverses of the positive natural numbers are referred to as negative integers. The set of all integers is....",1,qwen-max-0125,0.0,8192,https://api2.aigcbest.top/v1,"判断结果：正确  
解释：根据背景知识，collectionSize的rangeIncludes为Integer，符合RDFS语义规则中range的定义，因此该公理合理。",1,1,
sample_0221,range,range(availableFrom) = DateTime,"背景知识：
条目1：
- 名称：availableFrom
- 类型：Property
- 简介：When the item is available for pickup from the store, locker, etc.
- 补充信息：domainIncludes: http://schema.org/DeliveryEvent | rangeIncludes: http://schema.org/DateTime

条目2：
- 名称：DateTime
- 类型：Property
- 简介：DateTime is a property in the knowledge base.",1,qwen-max-0125,0.0,8192,https://api2.aigcbest.top/v1,"判断结果：正确  
解释：根据背景知识，availableFrom的rangeIncludes为DateTime，符合RDFS语义规则中range的定义。",1,1,
sample_0222,range,range(broadcastSubChannel) = Text,"背景知识：
条目1：
- 名称：broadcastSubChannel
- 类型：Property
- 简介：The subchannel used for the broadcast.
- 补充信息：domainIncludes: http://schema.org/BroadcastFrequencySpecification | rangeIncludes: http://schema.org/Text

条目2：
- 名称：Text
- 类型：Property
- 简介：Text may refer to:",1,qwen-max-0125,0.0,8192,https://api2.aigcbest.top/v1,"判断结果：正确  
解释：根据背景知识，broadcastSubChannel的rangeIncludes为Text，符合RDFS语义规则中range的定义，因此该公理合理。",1,1,
sample_0223,range,range(requiresSubscription) = Boolean,"背景知识：
条目1：
- 名称：requiresSubscription
- 类型：Property
- 简介：Indicates if use of the media require a subscription (either paid or free). Allowed values are <code>true</code> or <code>false</code> (note that an earlier version had 'yes', 'no').
- 补充信息：domainIncludes: http://schema.org/ActionAccessSpecification, http://schema.org/MediaObject | rangeIncludes: http://schema.org/Boolean, http://schema.org/MediaSubscription

条目2：
- 名称：Boolean
- 类型：Property
- 简介：Any kind of logic, function, expression, or theory based on the work of George Boole is considered Boolean.",1,qwen-max-0125,0.0,8192,https://api2.aigcbest.top/v1,"判断结果：正确  
解释：根据背景知识，requiresSubscription的rangeIncludes包含Boolean，符合RDFS语义规则中range的定义。",1,1,
sample_0224,range,range(producer) = Person,"背景知识：
条目1：
- 名称：producer
- 类型：Property
- 简介：The person or organization who produced the work (e.g. music album, movie, TV/radio series etc.).
- 补充信息：domainIncludes: http://schema.org/CreativeWork | rangeIncludes: http://schema.org/Organization, http://schema.org/Person

条目2：
- 名称：Person
- 类型：Property
- 简介：A person is a being who has certain capacities or attributes such as reason, morality, consciousness or self-consciousness, and being a part of a culturally established form of social relations such as kinship, ownership of property, or leg...",1,qwen-max-0125,0.0,8192,https://api2.aigcbest.top/v1,"判断结果：错误  
解释：根据背景知识，producer的rangeIncludes包含Organization和Person，因此其值域不仅限于Person。",0,0,
sample_0225,range,range(dependencies) = Text,"背景知识：
条目1：
- 名称：dependencies
- 类型：Property
- 简介：Prerequisites needed to fulfill steps in article.
- 补充信息：domainIncludes: http://schema.org/TechArticle | rangeIncludes: http://schema.org/Text

条目2：
- 名称：Text
- 类型：Property
- 简介：Text may refer to:",1,qwen-max-0125,0.0,8192,https://api2.aigcbest.top/v1,"判断结果：正确  
解释：根据背景知识，dependencies 属性的 rangeIncludes 指定了 Text，符合 RDFS 中 range 的语义规则，表明该属性的客体应属于 Text 类。",1,1,
sample_0226,range,range(isAccessoryOrSparePartFor) = Product,"背景知识：
条目1：
- 名称：isAccessoryOrSparePartFor
- 类型：Property
- 简介：A pointer to another product (or multiple products) for which this product is an accessory or spare part.
- 补充信息：domainIncludes: http://schema.org/Product | rangeIncludes: http://schema.org/Product

条目2：
- 名称：Product
- 类型：Property
- 简介：Product may refer to:",1,qwen-max-0125,0.0,8192,https://api2.aigcbest.top/v1,"判断结果：正确  
解释：根据背景知识，isAccessoryOrSparePartFor的rangeIncludes为Product，符合RDFS语义规则中range的定义，因此该公理合理。",1,1,
sample_0227,range,range(fundedItem) = Product,"背景知识：
条目1：
- 名称：fundedItem
- 类型：Property
- 简介：Indicates something directly or indirectly funded or sponsored through a <a class=""localLink"" href=""/Grant"">Grant</a>. See also <a class=""localLink"" href=""/ownershipFundingInfo"">ownershipFundingInfo</a>.
- 补充信息：domainIncludes: http://schema.org/Grant | rangeIncludes: http://schema.org/BioChemEntity, http://schema.org/CreativeWork, http://schema.org/Event, http://schema.org/MedicalEntity,....

条目2：
- 名称：Product
- 类型：Property
- 简介：Product may refer to:",1,qwen-max-0125,0.0,8192,https://api2.aigcbest.top/v1,"判断结果：错误  
解释：根据背景知识，fundedItem的rangeIncludes包含CreativeWork、Event等类，而未提及Product类，因此该公理与背景知识冲突。",0,0,
sample_0228,range,range(ownershipFundingInfo) = AboutPage,"背景知识：
条目1：
- 名称：ownershipFundingInfo
- 类型：Property
- 简介：For an <a class=""localLink"" href=""/Organization"">Organization</a> (often but not necessarily a <a class=""localLink"" href=""/NewsMediaOrganization"">NewsMediaOrganization</a>), a description of organizational ownership structure; funding and g...
- 补充信息：domainIncludes: http://schema.org/NewsMediaOrganization, http://schema.org/Organization | rangeIncludes: http://schema.org/AboutPage, http://schema.org/CreativeWork, http://schema....

条目2：
- 名称：AboutPage
- 类型：Property
- 简介：AboutPage is a property in the knowledge base.",1,qwen-max-0125,0.0,8192,https://api2.aigcbest.top/v1,"判断结果：错误  
解释：根据背景知识，ownershipFundingInfo的rangeIncludes包含多个类（如AboutPage、CreativeWork等），而公理将其范围限定为仅AboutPage，与背景知识冲突。",0,0,
sample_0229,range,range(option) = Text,"背景知识：
条目1：
- 名称：option
- 类型：Property
- 简介：A sub property of object. The options subject to this action.
- 补充信息：domainIncludes: http://schema.org/ChooseAction | rangeIncludes: http://schema.org/Text, http://schema.org/Thing

条目2：
- 名称：Text
- 类型：Property
- 简介：Text may refer to:",1,qwen-max-0125,0.0,8192,https://api2.aigcbest.top/v1,"判断结果：错误  
解释：根据背景知识，option的rangeIncludes包含Text和Thing，而不仅仅是Text，因此该公理与背景知识冲突。",0,0,
sample_0230,range,range(color) = Text,"背景知识：
条目1：
- 名称：color
- 类型：Property
- 简介：The color of the product.
- 补充信息：domainIncludes: http://schema.org/Product | rangeIncludes: http://schema.org/Text

条目2：
- 名称：Text
- 类型：Property
- 简介：Text may refer to:",1,qwen-max-0125,0.0,8192,https://api2.aigcbest.top/v1,"判断结果：正确  
解释：根据背景知识，color的rangeIncludes为Text，符合RDFS语义规则中range的定义，因此该公理合理。",1,1,
sample_0231,range,range(loanRepaymentForm) = RepaymentSpecification,"背景知识：
条目1：
- 名称：loanRepaymentForm
- 类型：Property
- 简介：A form of paying back money previously borrowed from a lender. Repayment usually takes the form of periodic payments that normally include part principal plus interest in each payment.
- 补充信息：domainIncludes: http://schema.org/LoanOrCredit | rangeIncludes: http://schema.org/RepaymentSpecification

条目2：
- 名称：RepaymentSpecification
- 类型：Property
- 简介：RepaymentSpecification is a property in the knowledge base.",1,qwen-max-0125,0.0,8192,https://api2.aigcbest.top/v1,"判断结果：正确  
解释：根据背景知识，loanRepaymentForm的rangeIncludes为RepaymentSpecification，符合RDFS语义规则中range的定义，因此该公理合理。",1,1,
sample_0232,range,range(publication) = PublicationEvent,"背景知识：
条目1：
- 名称：publication
- 类型：Property
- 简介：A publication event associated with the item.
- 补充信息：domainIncludes: http://schema.org/CreativeWork | rangeIncludes: http://schema.org/PublicationEvent

条目2：
- 名称：PublicationEvent
- 类型：Property
- 简介：PublicationEvent is a property in the knowledge base.",1,qwen-max-0125,0.0,8192,https://api2.aigcbest.top/v1,"判断结果：正确  
解释：根据背景知识，publication的rangeIncludes为PublicationEvent，符合RDFS语义规则中range的定义，因此该公理合理。",1,1,
sample_0233,range,range(itinerary) = Place,"背景知识：
条目1：
- 名称：itinerary
- 类型：Property
- 简介：Destination(s) ( <a class=""localLink"" href=""/Place"">Place</a> ) that make up a trip. For a trip where destination order is important use <a class=""localLink"" href=""/ItemList"">ItemList</a> to specify that order (see examples).
- 补充信息：domainIncludes: http://schema.org/Trip | rangeIncludes: http://schema.org/ItemList, http://schema.org/Place

条目2：
- 名称：Place
- 类型：Property
- 简介：Place may refer to:",1,qwen-max-0125,0.0,8192,https://api2.aigcbest.top/v1,"判断结果：错误  
解释：背景知识中明确指出，itinerary的rangeIncludes包含http://schema.org/ItemList和http://schema.org/Place，因此其范围不仅限于Place。",0,0,
sample_0234,range,range(suggestedGender) = Text,"背景知识：
条目1：
- 名称：suggestedGender
- 类型：Property
- 简介：The suggested gender of the intended person or audience, for example ""male"", ""female"", or ""unisex"".
- 补充信息：domainIncludes: http://schema.org/PeopleAudience, http://schema.org/SizeSpecification | rangeIncludes: http://schema.org/GenderType, http://schema.org/Text

条目2：
- 名称：Text
- 类型：Property
- 简介：Text may refer to:",1,qwen-max-0125,0.0,8192,https://api2.aigcbest.top/v1,"判断结果：错误  
解释：根据背景知识，suggestedGender的rangeIncludes包含GenderType和Text，因此其值域不仅限于Text，还可能包括GenderType。",0,0,
sample_0235,range,range(businessDays) = OpeningHoursSpecification,"背景知识：
条目1：
- 名称：businessDays
- 类型：Property
- 简介：Days of the week when the merchant typically operates, indicated via opening hours markup.
- 补充信息：domainIncludes: http://schema.org/ServicePeriod, http://schema.org/ShippingDeliveryTime | rangeIncludes: http://schema.org/DayOfWeek, http://schema.org/OpeningHoursSpecification

条目2：
- 名称：OpeningHoursSpecification
- 类型：Property
- 简介：OpeningHoursSpecification is a property in the knowledge base.",1,qwen-max-0125,0.0,8192,https://api2.aigcbest.top/v1,"判断结果：错误  
解释：根据背景知识，businessDays的rangeIncludes为http://schema.org/DayOfWeek和http://schema.org/OpeningHoursSpecification，而公理中将range限定为仅OpeningHoursSpecification，与背景知识冲突。",0,0,
sample_0236,range,range(targetPopulation) = Text,"背景知识：
条目1：
- 名称：targetPopulation
- 类型：Property
- 简介：Characteristics of the population for which this is intended, or which typically uses it, e.g. 'adults'.
- 补充信息：domainIncludes: http://schema.org/DietarySupplement, http://schema.org/DoseSchedule | rangeIncludes: http://schema.org/Text

条目2：
- 名称：Text
- 类型：Property
- 简介：Text may refer to:",1,qwen-max-0125,0.0,8192,https://api2.aigcbest.top/v1,"判断结果：正确  
解释：根据背景知识，targetPopulation的rangeIncludes为Text，符合RDFS语义规则中range的定义，因此该公理合理。",1,1,
sample_0237,range,range(carbohydrateContent) = Mass,"背景知识：
条目1：
- 名称：carbohydrateContent
- 类型：Property
- 简介：The number of grams of carbohydrates.
- 补充信息：domainIncludes: http://schema.org/NutritionInformation | rangeIncludes: http://schema.org/Mass

条目2：
- 名称：Mass
- 类型：Property
- 简介：Mass is an intrinsic property of a body. In modern physics, it is generally defined as the strength of an object's gravitational attraction to other bodies - as measured by an observer moving along at the same speed.",1,qwen-max-0125,0.0,8192,https://api2.aigcbest.top/v1,"判断结果：正确  
解释：根据背景知识，carbohydrateContent的rangeIncludes为Mass，符合RDFS语义规则中range的定义，即属性的客体应属于指定类。",1,1,
sample_0238,range,range(bookingTime) = DateTime,"背景知识：
条目1：
- 名称：bookingTime
- 类型：Property
- 简介：The date and time the reservation was booked.
- 补充信息：domainIncludes: http://schema.org/Reservation | rangeIncludes: http://schema.org/DateTime

条目2：
- 名称：DateTime
- 类型：Property
- 简介：DateTime is a property in the knowledge base.",1,qwen-max-0125,0.0,8192,https://api2.aigcbest.top/v1,"判断结果：正确  
解释：根据背景知识，bookingTime的rangeIncludes为DateTime，符合RDFS语义规则中range的定义，因此该公理合理。",1,1,
sample_0239,range,range(afterMedia) = MediaObject,"背景知识：
条目1：
- 名称：afterMedia
- 类型：Property
- 简介：A media object representing the circumstances after performing this direction.
- 补充信息：domainIncludes: http://schema.org/HowToDirection | rangeIncludes: http://schema.org/MediaObject, http://schema.org/URL

条目2：
- 名称：MediaObject
- 类型：Property
- 简介：The Media Object Server (MOS) protocol allows newsroom computer systems (NRCS) to communicate using a standard protocol with video servers, audio servers, still stores, and character generators for broadcast production.",1,qwen-max-0125,0.0,8192,https://api2.aigcbest.top/v1,"判断结果：错误  
解释：根据背景知识，afterMedia的rangeIncludes包含http://schema.org/MediaObject和http://schema.org/URL，而公理中仅限定为MediaObject，与背景知识不符。",0,0,
sample_0240,range,range(deliveryStatus) = DeliveryEvent,"背景知识：
条目1：
- 名称：deliveryStatus
- 类型：Property
- 简介：New entry added as the package passes through each leg of its journey (from shipment to final delivery).
- 补充信息：domainIncludes: http://schema.org/ParcelDelivery | rangeIncludes: http://schema.org/DeliveryEvent

条目2：
- 名称：DeliveryEvent
- 类型：Property
- 简介：DeliveryEvent is a property in the knowledge base.",1,qwen-max-0125,0.0,8192,https://api2.aigcbest.top/v1,"判断结果：正确  
解释：根据背景知识，deliveryStatus的rangeIncludes为DeliveryEvent，符合RDFS语义规则中range的定义。",1,1,
sample_0241,subClassOf,Designated_Spa_Town_Q6882870 ⊑ Schwefelbad_Q112157620,"背景知识：
条目1：
- 名称：Designated_Spa_Town_Q6882870
- 类型：Class
- 简介：Designated_Spa_Town_Q6882870 is a class in the knowledge base.

条目2：
- 名称：Schwefelbad_Q112157620
- 类型：Class
- 简介：Schwefelbad_Q112157620 is a class in the knowledge base.",0,qwen-max-0125,0.0,8192,https://api2.aigcbest.top/v1,"判断结果：错误  
解释：根据背景知识，Designated_Spa_Town_Q6882870和Schwefelbad_Q112157620是两个独立的类，没有信息表明前者是后者的子类，因此该公理与背景知识冲突。",0,1,
sample_0242,subClassOf,Computer ⊑ Analog_computer,"背景知识：
条目1：
- 名称：Computer
- 类型：Class
- 简介：A computer is a machine that can be programmed to automatically carry out sequences of arithmetic or logical operations (computation). Modern digital electronic computers can perform generic sets of operations known as programs, which enabl...

条目2：
- 名称：Analog_computer
- 类型：Class
- 简介：An analog computer or analogue computer is a type of computation machine (computer) that uses physical phenomena such as electrical, mechanical, or hydraulic quantities behaving according to the mathematical principles in question to model....",0,qwen-max-0125,0.0,8192,https://api2.aigcbest.top/v1,"判断结果：错误  
解释：根据背景知识，Computer是通用计算设备，而Analog_computer是基于物理现象的模拟计算设备，两者并非包含关系，因此Computer ⊑ Analog_computer不符合subClassOf语义规则。",0,1,
sample_0243,subClassOf,Engineer ⊑ Printing_Engineer_Q108565989,"背景知识：
条目1：
- 名称：Engineer
- 类型：Class
- 简介：An engineer is a practitioner of engineering. The word engineer is derived from the Latin words ingeniare and ingenium (""cleverness""). The foundational qualifications of a licensed professional engineer typically include a four-year bachelo...

条目2：
- 名称：Printing_Engineer_Q108565989
- 类型：Class
- 简介：Printing_Engineer_Q108565989 is a class in the knowledge base.",0,qwen-max-0125,0.0,8192,https://api2.aigcbest.top/v1,"判断结果：错误  
解释：根据背景知识，Printing_Engineer_Q108565989 是一个特定类，而 Engineer 是一个更通用的类，公理表示所有 Engineer 都是 Printing_Engineer_Q108565989 的子类，这与常识和语义规则不符。",0,1,
sample_0244,subClassOf,Computer ⊑ Mechanical_computer,"背景知识：
条目1：
- 名称：Computer
- 类型：Class
- 简介：A computer is a machine that can be programmed to automatically carry out sequences of arithmetic or logical operations (computation). Modern digital electronic computers can perform generic sets of operations known as programs, which enabl...

条目2：
- 名称：Mechanical_computer
- 类型：Class
- 简介：A mechanical computer is a computer built from mechanical components such as levers and gears rather than electronic components. The most common examples are adding machines and mechanical counters, which use the turning of gears to increme...",0,qwen-max-0125,0.0,8192,https://api2.aigcbest.top/v1,"判断结果：错误  
解释：根据背景知识，Computer是一个通用的类，而Mechanical_computer是Computer的一个特定子类，因此应该是Mechanical_computer ⊑ Computer，而非Computer ⊑ Mechanical_computer。",0,1,
sample_0245,subClassOf,Literary_Critic_Q4263842 ⊑ Tenja_Q11567170,"背景知识：
条目1：
- 名称：Literary_Critic_Q4263842
- 类型：Class
- 简介：Literary_Critic_Q4263842 is a class in the knowledge base.

条目2：
- 名称：Tenja_Q11567170
- 类型：Class
- 简介：Tenja_Q11567170 is a class in the knowledge base.",0,qwen-max-0125,0.0,8192,https://api2.aigcbest.top/v1,"判断结果：错误  
解释：背景知识中未提供Literary_Critic_Q4263842与Tenja_Q11567170之间的包含关系，且根据常识无法推断文学评论家类是Tenja_Q11567170的子类。",0,1,
sample_0246,subClassOf,Financier ⊑ Financial_analyst,"背景知识：
条目1：
- 名称：Financier
- 类型：Class
- 简介：An investor is a person or entity that allocates financial capital with the expectation of a future return (profit) or to gain an advantage (interest). Through this allocated capital the investor usually purchases some species of property.....

条目2：
- 名称：Financial_analyst
- 类型：Class
- 简介：A financial analyst is a professional undertaking financial analysis for external or internal clients as a core feature of the job. The role may specifically be titled securities analyst, research analyst, equity analyst, investment analyst...",0,qwen-max-0125,0.0,8192,https://api2.aigcbest.top/v1,"判断结果：错误  
解释：根据背景知识，Financier是指投资者，而Financial_analyst是指金融分析师，投资者并不一定是金融分析师，因此Financier不是Financial_analyst的子类。",0,1,
sample_0247,subClassOf,Computer ⊑ Military_computers,"背景知识：
条目1：
- 名称：Computer
- 类型：Class
- 简介：A computer is a machine that can be programmed to automatically carry out sequences of arithmetic or logical operations (computation). Modern digital electronic computers can perform generic sets of operations known as programs, which enabl...

条目2：
- 名称：Military_computers
- 类型：Class
- 简介：This article specifically addresses U.S. armed forces military computers and their use.",0,qwen-max-0125,0.0,8192,https://api2.aigcbest.top/v1,"判断结果：错误  
解释：根据背景知识，Computer是一个通用的类，而Military_computers是特定领域的计算机类，通用类不可能是特定类的子类。",0,1,
sample_0248,subClassOf,Lawyer ⊑ Commercial_Lawyer__U0028_Europe_U0029__Q1286374,"背景知识：
条目1：
- 名称：Lawyer
- 类型：Class
- 简介：A lawyer is a person who is qualified to offer advice about the law, draft legal documents, or represent individuals in legal matters.

条目2：
- 名称：Commercial_Lawyer__U0028_Europe_U0029__Q1286374
- 类型：Class
- 简介：Commercial_Lawyer__U0028_Europe_U0029__Q1286374 is a class in the knowledge base.",0,qwen-max-0125,0.0,8192,https://api2.aigcbest.top/v1,"判断结果：错误  
解释：根据背景知识，Lawyer是一个更广泛的类，而Commercial_Lawyer__U0028_Europe_U0029__Q1286374是特定领域的子类，因此Lawyer不应被定义为Commercial_Lawyer__U0028_Europe_U0029__Q1286374的子类。",0,1,
sample_0249,subClassOf,French_language ⊑ New_Caledonian_French_Q3083202,"背景知识：
条目1：
- 名称：French_language
- 类型：Class
- 简介：French is a Romance language of the Indo-European family. Like all other Romance languages, it descended from the Vulgar Latin of the Roman Empire. French evolved from Northern Old Gallo-Romance, a descendant of the Latin spoken in Northern...

条目2：
- 名称：New_Caledonian_French_Q3083202
- 类型：Class
- 简介：New_Caledonian_French_Q3083202 is a class in the knowledge base.",0,qwen-max-0125,0.0,8192,https://api2.aigcbest.top/v1,"判断结果：错误  
解释：根据背景知识，French_language 是一个更广泛的类，而 New_Caledonian_French_Q3083202 是一个特定的类，语义上应是 New_Caledonian_French_Q3083202 ⊑ French_language，而非相反。",0,1,
sample_0250,subClassOf,Engineer ⊑ State_Public_Works_Engineering_Corps__u0028_France_u0029_,"背景知识：
条目1：
- 名称：Engineer
- 类型：Class
- 简介：An engineer is a practitioner of engineering. The word engineer is derived from the Latin words ingeniare and ingenium (""cleverness""). The foundational qualifications of a licensed professional engineer typically include a four-year bachelo...

条目2：
- 名称：State_Public_Works_Engineering_Corps__u0028_France_u0029_
- 类型：Class
- 简介：State_Public_Works_Engineering_Corps__u0028_France_u0029_ is a class in the knowledge base.",0,qwen-max-0125,0.0,8192,https://api2.aigcbest.top/v1,"判断结果：错误  
解释：根据背景知识，Engineer是一个通用的类，而State_Public_Works_Engineering_Corps__u0028_France_u0029_是特定于法国的一个工程类，Engineer并不一定是State_Public_Works_Engineering_Corps__u0028_France_u0029_的子类。",0,1,
sample_0251,subClassOf,Catholic_Church ⊑ Catholic_Church_in_Argentina,"背景知识：
条目1：
- 名称：Catholic_Church
- 类型：Class
- 简介：The Catholic Church, commonly called the Roman Catholic Church, is the largest Christian denomination, with an estimated 1.28 to 1.41 billion baptized members worldwide as of 2026. It consists of 24 autonomous churches—the Latin Church and....

条目2：
- 名称：Catholic_Church_in_Argentina
- 类型：Class
- 简介：The Argentine Catholic Church, or Catholic Church in Argentina, is part of the worldwide Catholic Church, under the spiritual leadership of the Pope, the Curia in Rome, and the Argentine Episcopal Conference.",0,qwen-max-0125,0.0,8192,https://api2.aigcbest.top/v1,"判断结果：错误  
解释：根据背景知识，Catholic_Church_in_Argentina 是 Catholic_Church 的一部分，而不是其超类，因此该包含关系与语义规则冲突。",0,1,
sample_0252,subClassOf,Economist ⊑ Agricultural_Economist_Q26252897,"背景知识：
条目1：
- 名称：Economist
- 类型：Class
- 简介：An economist is a professional and practitioner in the social science discipline of economics.

条目2：
- 名称：Agricultural_Economist_Q26252897
- 类型：Class
- 简介：Agricultural_Economist_Q26252897 is a class in the knowledge base.",0,qwen-max-0125,0.0,8192,https://api2.aigcbest.top/v1,"判断结果：错误  
解释：根据背景知识，Economist是一个更广泛的类，而Agricultural_Economist_Q26252897是特定领域的经济学家，应为Economist的子类，而非超类。",0,1,
sample_0253,subClassOf,Anatomy ⊑ Skin_Anatomy_Q25465547,"背景知识：
条目1：
- 名称：Anatomy
- 类型：Class
- 简介：Anatomy is the branch of morphology concerned with the study of the internal and external structure of organisms and their parts. Anatomy is a branch of natural science that deals with the structural organization of living things. It is an....

条目2：
- 名称：Skin_Anatomy_Q25465547
- 类型：Class
- 简介：Skin_Anatomy_Q25465547 is a class in the knowledge base.",0,qwen-max-0125,0.0,8192,https://api2.aigcbest.top/v1,"判断结果：错误  
解释：根据背景知识，Anatomy是一个更广泛的类，而Skin_Anatomy_Q25465547是具体的一个类，公理表示Anatomy是Skin_Anatomy_Q25465547的子类，这与常识和语义规则冲突。",0,1,
sample_0254,subClassOf,Catholic_Church ⊑ Catholic_Church_in_Spain,"背景知识：
条目1：
- 名称：Catholic_Church
- 类型：Class
- 简介：The Catholic Church, commonly called the Roman Catholic Church, is the largest Christian denomination, with an estimated 1.28 to 1.41 billion baptized members worldwide as of 2026. It consists of 24 autonomous churches—the Latin Church and....

条目2：
- 名称：Catholic_Church_in_Spain
- 类型：Class
- 简介：The Spanish Catholic Church, or Catholic Church in Spain, is part of the Catholic Church under the spiritual leadership of the Pope in Rome, and the Spanish Episcopal Conference.",0,qwen-max-0125,0.0,8192,https://api2.aigcbest.top/v1,"判断结果：错误  
解释：根据背景知识，Catholic_Church是一个全球性的宗教实体，而Catholic_Church_in_Spain是其在西班牙的分支部分，因此Catholic_Church不应被定义为Catholic_Church_in_Spain的子类。",0,1,
sample_0255,subClassOf,Engineer ⊑ Corps_de_l_u0027_armement,"背景知识：
条目1：
- 名称：Engineer
- 类型：Class
- 简介：An engineer is a practitioner of engineering. The word engineer is derived from the Latin words ingeniare and ingenium (""cleverness""). The foundational qualifications of a licensed professional engineer typically include a four-year bachelo...

条目2：
- 名称：Corps_de_l_u0027_armement
- 类型：Class
- 简介：Corps_de_l_u0027_armement is a class in the knowledge base.",0,qwen-max-0125,0.0,8192,https://api2.aigcbest.top/v1,"判断结果：错误  
解释：根据背景知识，Engineer和Corps_de_l_u0027_armement是两个独立的类，且无信息表明所有Engineer都属于Corps_de_l_u0027_armement，因此该包含关系不成立。",0,1,
sample_0256,subClassOf,Buddhism ⊑ Buddhism_In_Asia_Q28051303,"背景知识：
条目1：
- 名称：Buddhism
- 类型：Class
- 简介：Buddhism, also known as Buddha-dharma and Dharmavinaya, is an Indian religion and philosophy based on teachings attributed to the Buddha, a śramaṇa and religious teacher who lived in the 6th or 5th century BCE. It is the world's fourth-larg...

条目2：
- 名称：Buddhism_In_Asia_Q28051303
- 类型：Class
- 简介：Buddhism_In_Asia_Q28051303 is a class in the knowledge base.",0,qwen-max-0125,0.0,8192,https://api2.aigcbest.top/v1,"判断结果：错误  
解释：根据背景知识，Buddhism是一个独立的类，而Buddhism_In_Asia_Q28051303是另一个类，二者并无明确的包含关系，因此Buddhism不是Buddhism_In_Asia_Q28051303的子类。",0,1,
sample_0257,subClassOf,Economist ⊑ Political_Economist_Q105572010,"背景知识：
条目1：
- 名称：Economist
- 类型：Class
- 简介：An economist is a professional and practitioner in the social science discipline of economics.

条目2：
- 名称：Political_Economist_Q105572010
- 类型：Class
- 简介：Political_Economist_Q105572010 is a class in the knowledge base.",0,qwen-max-0125,0.0,8192,https://api2.aigcbest.top/v1,"判断结果：错误  
解释：根据背景知识，Economist是一个经济学领域的专家，而Political_Economist_Q105572010并未明确表明是Economist的子类，因此无法推断Economist的所有实例都属于Political_Economist_Q105572010。",0,1,
sample_0258,subClassOf,Lyricist ⊑ Cancionista_Q24961653,"背景知识：
条目1：
- 名称：Lyricist
- 类型：Class
- 简介：A lyricist is a writer who writes lyrics, as opposed to a composer, who writes the song's music which may include the melody, harmony, arrangement and accompaniment.

条目2：
- 名称：Cancionista_Q24961653
- 类型：Class
- 简介：Cancionista_Q24961653 is a class in the knowledge base.",0,qwen-max-0125,0.0,8192,https://api2.aigcbest.top/v1,"判断结果：错误  
解释：根据背景知识，Lyricist是写歌词的人，而Cancionista_Q24961653的描述未表明其与Lyricist存在包含关系，因此该公理与语义规则冲突。",0,1,
sample_0259,subClassOf,Catholic_Church ⊑ Catholic_Church_in_Brazil,"背景知识：
条目1：
- 名称：Catholic_Church
- 类型：Class
- 简介：The Catholic Church, commonly called the Roman Catholic Church, is the largest Christian denomination, with an estimated 1.28 to 1.41 billion baptized members worldwide as of 2026. It consists of 24 autonomous churches—the Latin Church and....

条目2：
- 名称：Catholic_Church_in_Brazil
- 类型：Class
- 简介：The Brazilian Catholic Church, or Catholic Church in Brazil, is part of the worldwide Catholic Church, under the spiritual leadership of the Pope in Rome, and the influential National Conference of Bishops of Brazil, composed of over 400 pr...",0,qwen-max-0125,0.0,8192,https://api2.aigcbest.top/v1,"判断结果：错误  
解释：根据背景知识，Catholic_Church_in_Brazil 是 Catholic_Church 的一部分，而不是其超类，因此该公理与 subClassOf 的语义规则冲突。",0,1,
sample_0260,subClassOf,English_language ⊑ Ghanaian_Pidgin_English,"背景知识：
条目1：
- 名称：English_language
- 类型：Class
- 简介：English is a West Germanic language that emerged in early medieval England and has since become a global lingua franca. The namesake of the language is the Angles, one of the Germanic peoples who migrated to Britain after the end of Roman r...

条目2：
- 名称：Ghanaian_Pidgin_English
- 类型：Class
- 简介：Ghanaian Pidgin English (GhaPE) is a Ghanaian English-lexifier pidgin also known as Pidgin, Broken English, and Kru English. GhaPE is a regional variety of West African Pidgin English spoken in Ghana, predominantly in the southern capital,....",0,qwen-max-0125,0.0,8192,https://api2.aigcbest.top/v1,"判断结果：错误  
解释：根据背景知识，English_language 是一种西日耳曼语言，而 Ghanaian_Pidgin_English 是基于英语的皮钦语变体，两者之间不存在类包含关系，因此 English_language 不可能是 Ghanaian_Pidgin_English 的子类。",0,1,
sample_0261,subClassOf,Bengali_language ⊑ Manbhumi_dialect,"背景知识：
条目1：
- 名称：Bengali_language
- 类型：Class
- 简介：Bengali, also known by its endonym Bangla, is a classical Indo-Aryan language belonging to the Indo-Iranian branch of the Indo-European language family. It is primarily spoken by the Bengali people, native to the Bengal region. With over 24...

条目2：
- 名称：Manbhumi_dialect
- 类型：Class
- 简介：Western Bengali or Mānbhūmī Bengali is a set of western vernacular Bengali dialects spoken in Purulia, West Bardhaman, Bankura, Greater Medinipur, Birbhum, Singhbhum, Santal Parganas, Chotanagpur, Kakdwip of South 24 Parganas and other adja...",0,qwen-max-0125,0.0,8192,https://api2.aigcbest.top/v1,"判断结果：错误  
解释：根据背景知识，Bengali_language是一个语言类，而Manbhumi_dialect是Bengali的方言类，语言类不可能是方言类的子类，违反了subClassOf的语义规则。",0,1,
sample_0262,subClassOf,Archipelago ⊑ Skerry_Coast_Q13137873,"背景知识：
条目1：
- 名称：Archipelago
- 类型：Class
- 简介：An archipelago, sometimes called an island group or island chain, is a chain, cluster, or collection of islands. An archipelago may be in an ocean, a sea, or a smaller body of water. Examples of archipelagos include the Aegean Islands, the....

条目2：
- 名称：Skerry_Coast_Q13137873
- 类型：Class
- 简介：Skerry_Coast_Q13137873 is a class in the knowledge base.",0,qwen-max-0125,0.0,8192,https://api2.aigcbest.top/v1,"判断结果：错误  
解释：根据背景知识，Archipelago表示群岛，而Skerry_Coast_Q13137873是一个未明确语义的类，二者之间并无包含关系的依据，因此该公理与常识和背景知识冲突。",0,1,
sample_0263,subClassOf,Actor ⊑ Extra__u0028_acting_u0029_,"背景知识：
条目1：
- 名称：Actor
- 类型：Class
- 简介：An actor (masculine/gender-neutral), or actress (feminine), is a person who portrays a character in a production. The actor performs ""in the flesh"" in the traditional medium of the theatre or in modern media such as film, radio, and televis...

条目2：
- 名称：Extra__u0028_acting_u0029_
- 类型：Class
- 简介：Extra__u0028_acting_u0029_ is a class in the knowledge base.",0,qwen-max-0125,0.0,8192,https://api2.aigcbest.top/v1,"判断结果：错误  
解释：根据背景知识，Actor是一个表示演员的类，而Extra__u0028_acting_u0029_是另一个独立的类，没有信息表明所有Actor都是Extra__u0028_acting_u0029_的子类，因此该公理与背景知识冲突。",0,1,
sample_0264,subClassOf,Engineer ⊑ Satellite_Engineer_Q53474871,"背景知识：
条目1：
- 名称：Engineer
- 类型：Class
- 简介：An engineer is a practitioner of engineering. The word engineer is derived from the Latin words ingeniare and ingenium (""cleverness""). The foundational qualifications of a licensed professional engineer typically include a four-year bachelo...

条目2：
- 名称：Satellite_Engineer_Q53474871
- 类型：Class
- 简介：Satellite_Engineer_Q53474871 is a class in the knowledge base.",0,qwen-max-0125,0.0,8192,https://api2.aigcbest.top/v1,"判断结果：错误  
解释：根据背景知识，Engineer是一个更广泛的类，而Satellite_Engineer_Q53474871是特定领域的子类，公理中将Engineer定义为Satellite_Engineer_Q53474871的子类与常识和语义规则冲突。",0,1,
sample_0265,subClassOf,Engineer ⊑ Nuclear_Engineer_Q21002336,"背景知识：
条目1：
- 名称：Engineer
- 类型：Class
- 简介：An engineer is a practitioner of engineering. The word engineer is derived from the Latin words ingeniare and ingenium (""cleverness""). The foundational qualifications of a licensed professional engineer typically include a four-year bachelo...

条目2：
- 名称：Nuclear_Engineer_Q21002336
- 类型：Class
- 简介：Nuclear_Engineer_Q21002336 is a class in the knowledge base.",0,qwen-max-0125,0.0,8192,https://api2.aigcbest.top/v1,"判断结果：错误  
解释：根据背景知识，Engineer是一个更广泛的类，而Nuclear_Engineer_Q21002336是特定领域的工程师类，因此Engineer不应是Nuclear_Engineer_Q21002336的子类。",0,1,
sample_0266,subClassOf,Actor ⊑ Stunt_performer,"背景知识：
条目1：
- 名称：Actor
- 类型：Class
- 简介：An actor (masculine/gender-neutral), or actress (feminine), is a person who portrays a character in a production. The actor performs ""in the flesh"" in the traditional medium of the theatre or in modern media such as film, radio, and televis...

条目2：
- 名称：Stunt_performer
- 类型：Class
- 简介：A stunt performer, often called a stuntman or stuntwoman and occasionally stuntperson or stunt-person, is a trained professional who performs daring acts, often as a career. Stunt performers usually appear in films or on television, as oppo...",0,qwen-max-0125,0.0,8192,https://api2.aigcbest.top/v1,"判断结果：错误  
解释：根据背景知识，Actor表示演员，而Stunt_performer表示特技表演者，二者并无包含关系，且常识表明并非所有演员都是特技表演者。",0,1,
sample_0267,subClassOf,Chinese_language ⊑ Historical_Chinese_Q10913056,"背景知识：
条目1：
- 名称：Chinese_language
- 类型：Class
- 简介：Chinese is an umbrella term for all Sinitic languages, widely recognized as a collection of language varieties, spoken natively by the ethnic Han Chinese majority and many minority ethnic groups in Greater China, as well as by various commu...

条目2：
- 名称：Historical_Chinese_Q10913056
- 类型：Class
- 简介：Historical_Chinese_Q10913056 is a class in the knowledge base.",0,qwen-max-0125,0.0,8192,https://api2.aigcbest.top/v1,"判断结果：错误  
解释：根据背景知识，Chinese_language 是一个表示汉语语言的类，而 Historical_Chinese_Q10913056 是一个历史相关的类，二者并无明确的包含关系，因此该公理与语义规则和常识冲突。",0,1,
sample_0268,subClassOf,Civil_engineer ⊑ Railway_Engineer_Q66711686,"背景知识：
条目1：
- 名称：Civil_engineer
- 类型：Class
- 简介：A civil engineer is a person who practices civil engineering – the application of planning, designing, constructing, maintaining, and operating infrastructure while protecting the public and environmental health, as well as improving existi...

条目2：
- 名称：Railway_Engineer_Q66711686
- 类型：Class
- 简介：Railway_Engineer_Q66711686 is a class in the knowledge base.",0,qwen-max-0125,0.0,8192,https://api2.aigcbest.top/v1,"判断结果：错误  
解释：根据背景知识，Civil_engineer是土木工程师的通用类，而Railway_Engineer_Q66711686是铁路工程师的特定类，前者并不一定是后者的子类。",0,1,
sample_0269,subClassOf,Comedian ⊑ Prankster_Q1344569,"背景知识：
条目1：
- 名称：Comedian
- 类型：Class
- 简介：A comedian or comic is a person who seeks to entertain an audience by making them laugh. This may be done by telling jokes, creating amusing situations, acting foolishly, or employing prop comedy. A comedian who addresses an audience direct...

条目2：
- 名称：Prankster_Q1344569
- 类型：Class
- 简介：Prankster_Q1344569 is a class in the knowledge base.",0,qwen-max-0125,0.0,8192,https://api2.aigcbest.top/v1,"判断结果：错误  
解释：根据背景知识，Comedian是指通过讲笑话、制造滑稽情境等方式让观众发笑的人，而Prankster_Q1344569的定义未表明其与Comedian存在包含关系，因此Comedian并非Prankster_Q1344569的子类。",0,1,
sample_0270,subClassOf,Lawyer ⊑ Human_Rights_Lawyer_Q16138122,"背景知识：
条目1：
- 名称：Lawyer
- 类型：Class
- 简介：A lawyer is a person who is qualified to offer advice about the law, draft legal documents, or represent individuals in legal matters.

条目2：
- 名称：Human_Rights_Lawyer_Q16138122
- 类型：Class
- 简介：Human_Rights_Lawyer_Q16138122 is a class in the knowledge base.",0,qwen-max-0125,0.0,8192,https://api2.aigcbest.top/v1,"判断结果：错误  
解释：根据背景知识，Lawyer是一个更广泛的类，而Human_Rights_Lawyer_Q16138122是特定领域的律师类，因此Lawyer不应被定义为Human_Rights_Lawyer_Q16138122的子类。",0,1,
sample_0271,subClassOf,Lawyer ⊑ Rábula_Q10365511,"背景知识：
条目1：
- 名称：Lawyer
- 类型：Class
- 简介：A lawyer is a person who is qualified to offer advice about the law, draft legal documents, or represent individuals in legal matters.

条目2：
- 名称：Rábula_Q10365511
- 类型：Class
- 简介：Rábula_Q10365511 is a class in the knowledge base.",0,qwen-max-0125,0.0,8192,https://api2.aigcbest.top/v1,"判断结果：错误  
解释：根据背景知识，Lawyer是一个明确的法律职业类，而Rábula_Q10365511的描述未表明其与Lawyer存在包含关系，因此该公理缺乏语义支持。",0,1,
sample_0272,subClassOf,Art_museum ⊑ Museum_Of_Modern_Art_Q108860593,"背景知识：
条目1：
- 名称：Art_museum
- 类型：Class
- 简介：An art museum, or art gallery, is an organization, usually with buildings or spaces for the display of art from the museum's own collection. It might be in public or private ownership, be accessible to all, or have restrictions in place. Al...

条目2：
- 名称：Museum_Of_Modern_Art_Q108860593
- 类型：Class
- 简介：Museum_Of_Modern_Art_Q108860593 is a class in the knowledge base.",0,qwen-max-0125,0.0,8192,https://api2.aigcbest.top/v1,"判断结果：错误  
解释：根据背景知识，Art_museum是一个更广泛的类，而Museum_Of_Modern_Art_Q108860593是特定的现代艺术博物馆类，公理表示Art_museum是Museum_Of_Modern_Art_Q108860593的子类，这与常识和语义规则冲突。",0,1,
sample_0273,subClassOf,Fictional_Human_Q15632617 ⊑ Character_From_Fargo_Q28146473,"背景知识：
条目1：
- 名称：Fictional_Human_Q15632617
- 类型：Class
- 简介：Fictional_Human_Q15632617 is a class in the knowledge base.

条目2：
- 名称：Character_From_Fargo_Q28146473
- 类型：Class
- 简介：Character_From_Fargo_Q28146473 is a class in the knowledge base.",0,qwen-max-0125,0.0,8192,https://api2.aigcbest.top/v1,"判断结果：错误  
解释：根据背景知识，Fictional_Human_Q15632617和Character_From_Fargo_Q28146473是两个独立的类，没有信息表明前者一定是后者的子类，因此该公理与背景知识冲突。",0,1,
sample_0274,subClassOf,Lawyer ⊑ Associate_attorney,"背景知识：
条目1：
- 名称：Lawyer
- 类型：Class
- 简介：A lawyer is a person who is qualified to offer advice about the law, draft legal documents, or represent individuals in legal matters.

条目2：
- 名称：Associate_attorney
- 类型：Class
- 简介：An associate attorney is a lawyer and an employee of a law firm who does not hold an ownership interest as a partner.",0,qwen-max-0125,0.0,8192,https://api2.aigcbest.top/v1,"判断结果：错误  
解释：根据背景知识，Associate_attorney是Lawyer的一个子类，而公理Lawyer ⊑ Associate_attorney错误地表示Lawyer是Associate_attorney的子类，与RDFS语义规则和背景知识冲突。",0,1,
sample_0275,subClassOf,Lawyer ⊑ Rotal_Lawyer_Q115182660,"背景知识：
条目1：
- 名称：Lawyer
- 类型：Class
- 简介：A lawyer is a person who is qualified to offer advice about the law, draft legal documents, or represent individuals in legal matters.

条目2：
- 名称：Rotal_Lawyer_Q115182660
- 类型：Class
- 简介：Rotal_Lawyer_Q115182660 is a class in the knowledge base.",0,qwen-max-0125,0.0,8192,https://api2.aigcbest.top/v1,"判断结果：错误  
解释：根据背景知识，Lawyer是一个明确的法律职业类别，而Rotal_Lawyer_Q115182660未表明与Lawyer存在包含关系，因此该公理与语义规则和常识冲突。",0,1,
sample_0276,subClassOf,Engineer ⊑ Mechanical_Engineer_Q1906857,"背景知识：
条目1：
- 名称：Engineer
- 类型：Class
- 简介：An engineer is a practitioner of engineering. The word engineer is derived from the Latin words ingeniare and ingenium (""cleverness""). The foundational qualifications of a licensed professional engineer typically include a four-year bachelo...

条目2：
- 名称：Mechanical_Engineer_Q1906857
- 类型：Class
- 简介：Mechanical_Engineer_Q1906857 is a class in the knowledge base.",0,qwen-max-0125,0.0,8192,https://api2.aigcbest.top/v1,"判断结果：错误  
解释：根据背景知识，Engineer是一个更广泛的类，而Mechanical_Engineer_Q1906857是具体的子类，公理中将Engineer定义为Mechanical_Engineer_Q1906857的子类与常识和语义规则冲突。",0,1,
sample_0277,subClassOf,Financier ⊑ Fermier_Général_Q50376727,"背景知识：
条目1：
- 名称：Financier
- 类型：Class
- 简介：An investor is a person or entity that allocates financial capital with the expectation of a future return (profit) or to gain an advantage (interest). Through this allocated capital the investor usually purchases some species of property.....

条目2：
- 名称：Fermier_Général_Q50376727
- 类型：Class
- 简介：Fermier_Général_Q50376727 is a class in the knowledge base.",0,qwen-max-0125,0.0,8192,https://api2.aigcbest.top/v1,"判断结果：错误  
解释：根据背景知识，Financier是投资者的类，而Fermier_Général_Q50376727是一个独立的类，二者之间没有明确的包含关系，因此Financier不是Fermier_Général_Q50376727的子类。",0,1,
sample_0278,subClassOf,Computer ⊑ Electro-Mechanical_Computer_Q11742076,"背景知识：
条目1：
- 名称：Computer
- 类型：Class
- 简介：A computer is a machine that can be programmed to automatically carry out sequences of arithmetic or logical operations (computation). Modern digital electronic computers can perform generic sets of operations known as programs, which enabl...

条目2：
- 名称：Electro-Mechanical_Computer_Q11742076
- 类型：Class
- 简介：Electro-Mechanical_Computer_Q11742076 is a class in the knowledge base.",0,qwen-max-0125,0.0,8192,https://api2.aigcbest.top/v1,"判断结果：错误  
解释：根据背景知识，Computer是一个通用的类，而Electro-Mechanical_Computer_Q11742076是特定类型的计算机，语义上应是Electro-Mechanical_Computer_Q11742076 ⊑ Computer，而非Computer ⊑ Electro-Mechanical_Computer_Q11742076。",0,1,
sample_0279,subClassOf,Guitarist ⊑ Classical_guitarist,"背景知识：
条目1：
- 名称：Guitarist
- 类型：Class
- 简介：A guitarist is a person who plays the guitar. Guitarists may play a variety of guitar family instruments such as classical guitars, acoustic guitars, electric guitars, and bass guitars. Some guitarists accompany themselves on the guitar by....

条目2：
- 名称：Classical_guitarist
- 类型：Class
- 简介：This is a list of classical guitarists.",0,qwen-max-0125,0.0,8192,https://api2.aigcbest.top/v1,"判断结果：错误  
解释：根据背景知识，Guitarist是一个更广泛的类，包含所有会弹吉他的音乐家，而Classical_guitarist是Guitarist的一个子集，因此应为Classical_guitarist ⊑ Guitarist，而非相反。",0,1,
sample_0280,subClassOf,Engineer ⊑ Thermal_Engineer_Q106863163,"背景知识：
条目1：
- 名称：Engineer
- 类型：Class
- 简介：An engineer is a practitioner of engineering. The word engineer is derived from the Latin words ingeniare and ingenium (""cleverness""). The foundational qualifications of a licensed professional engineer typically include a four-year bachelo...

条目2：
- 名称：Thermal_Engineer_Q106863163
- 类型：Class
- 简介：Thermal_Engineer_Q106863163 is a class in the knowledge base.",0,qwen-max-0125,0.0,8192,https://api2.aigcbest.top/v1,"判断结果：错误  
解释：根据背景知识，Engineer是一个更广泛的类，而Thermal_Engineer_Q106863163是特定领域的工程师类，因此Engineer不应被定义为Thermal_Engineer_Q106863163的子类。",0,1,
sample_0281,subClassOf,Fictional_Human_Q15632617 ⊑ Virtual_Idol_Q24236999,"背景知识：
条目1：
- 名称：Fictional_Human_Q15632617
- 类型：Class
- 简介：Fictional_Human_Q15632617 is a class in the knowledge base.

条目2：
- 名称：Virtual_Idol_Q24236999
- 类型：Class
- 简介：Virtual_Idol_Q24236999 is a class in the knowledge base.",0,qwen-max-0125,0.0,8192,https://api2.aigcbest.top/v1,"判断结果：错误  
解释：根据背景知识，Fictional_Human_Q15632617和Virtual_Idol_Q24236999是两个独立的类，没有明确的包含关系表明所有虚构人类都属于虚拟偶像。",0,1,
sample_0282,subClassOf,Fictional_Human_Q15632617 ⊑ Witcher_Q20011098,"背景知识：
条目1：
- 名称：Fictional_Human_Q15632617
- 类型：Class
- 简介：Fictional_Human_Q15632617 is a class in the knowledge base.

条目2：
- 名称：Witcher_Q20011098
- 类型：Class
- 简介：Witcher_Q20011098 is a class in the knowledge base.",0,qwen-max-0125,0.0,8192,https://api2.aigcbest.top/v1,"判断结果：错误  
解释：根据背景知识，Fictional_Human_Q15632617和Witcher_Q20011098是两个独立的类，没有信息表明前者是后者的子类，因此该公理与背景知识冲突。",0,1,
sample_0283,subClassOf,Engineer ⊑ Geological_Engineer_Q2887387,"背景知识：
条目1：
- 名称：Engineer
- 类型：Class
- 简介：An engineer is a practitioner of engineering. The word engineer is derived from the Latin words ingeniare and ingenium (""cleverness""). The foundational qualifications of a licensed professional engineer typically include a four-year bachelo...

条目2：
- 名称：Geological_Engineer_Q2887387
- 类型：Class
- 简介：Geological_Engineer_Q2887387 is a class in the knowledge base.",0,qwen-max-0125,0.0,8192,https://api2.aigcbest.top/v1,"判断结果：错误  
解释：根据背景知识，Engineer是一个更广泛的类，而Geological_Engineer_Q2887387是具体的工程师类型，因此Engineer不应是Geological_Engineer_Q2887387的子类。",0,1,
sample_0284,subClassOf,Computer ⊑ Vacuum-tube_computer,"背景知识：
条目1：
- 名称：Computer
- 类型：Class
- 简介：A computer is a machine that can be programmed to automatically carry out sequences of arithmetic or logical operations (computation). Modern digital electronic computers can perform generic sets of operations known as programs, which enabl...

条目2：
- 名称：Vacuum-tube_computer
- 类型：Class
- 简介：A vacuum-tube computer, now termed a first-generation computer, is a computer that uses vacuum tubes for logic circuitry. While the history of mechanical aids to computation goes back centuries, if not millennia, the history of vacuum tube....",0,qwen-max-0125,0.0,8192,https://api2.aigcbest.top/v1,"判断结果：错误  
解释：根据背景知识，Vacuum-tube_computer是Computer的一个子类（第一代计算机是计算机的一种），而公理Computer ⊑ Vacuum-tube_computer错误地表示Computer是Vacuum-tube_computer的子类，与语义规则和常识冲突。",0,1,
sample_0285,subClassOf,Farmer ⊑ Fruit_Grower_Q21591523,"背景知识：
条目1：
- 名称：Farmer
- 类型：Class
- 简介：A farmer is a person engaged in agriculture, raising living organisms for food or raw materials. The term usually applies to people who do some combination of raising field crops, orchards, vineyards, poultry, or other livestock. A farmer m...

条目2：
- 名称：Fruit_Grower_Q21591523
- 类型：Class
- 简介：Fruit_Grower_Q21591523 is a class in the knowledge base.",0,qwen-max-0125,0.0,8192,https://api2.aigcbest.top/v1,"判断结果：错误  
解释：根据背景知识，Farmer是一个从事农业的人，而Fruit_Grower_Q21591523是知识库中的一个类，但没有明确信息表明所有Farmer都属于Fruit_Grower_Q21591523，因此该包含关系不符合常识和语义规则。",0,1,
sample_0286,subClassOf,Catholic_Church ⊑ Catholic_Church_In_Kingdom_Of_The_Netherlands_Q9560704,"背景知识：
条目1：
- 名称：Catholic_Church
- 类型：Class
- 简介：The Catholic Church, commonly called the Roman Catholic Church, is the largest Christian denomination, with an estimated 1.28 to 1.41 billion baptized members worldwide as of 2026. It consists of 24 autonomous churches—the Latin Church and....

条目2：
- 名称：Catholic_Church_In_Kingdom_Of_The_Netherlands_Q9560704
- 类型：Class
- 简介：Catholic_Church_In_Kingdom_Of_The_Netherlands_Q9560704 is a class in the knowledge base.",0,qwen-max-0125,0.0,8192,https://api2.aigcbest.top/v1,"判断结果：错误  
解释：根据背景知识，Catholic_Church 是一个全球性的宗教组织，而 Catholic_Church_In_Kingdom_Of_The_Netherlands_Q9560704 是特定地区的一个类，语义上前者不可能是后者的子类。",0,1,
sample_0287,subClassOf,Catholicism ⊑ Eastern_Catholic_Churches,"背景知识：
条目1：
- 名称：Catholicism
- 类型：Class
- 简介：The Catholic Church, commonly called the Roman Catholic Church, is the largest Christian denomination, with an estimated 1.28 to 1.41 billion baptized members worldwide as of 2026. It consists of 24 autonomous churches—the Latin Church and....

条目2：
- 名称：Eastern_Catholic_Churches
- 类型：Class
- 简介：The Eastern Catholic Churches or Oriental Catholic Churches, also known as the Eastern-Rite Catholic Churches, Eastern Rite Catholicism, or simply the Eastern Churches, are 23 Eastern Christian autonomous particular churches of the Catholic...",0,qwen-max-0125,0.0,8192,https://api2.aigcbest.top/v1,"判断结果：错误  
解释：根据背景知识，Catholicism包含多个自主教会（如Latin Church和Eastern Catholic Churches），因此Catholicism应为更广义的类，而Eastern_Catholic_Churches是其子集之一，公理中将Catholicism描述为Eastern_Catholic_Churches的子类与语义关系不符。",0,1,
sample_0288,subClassOf,Engineer ⊑ Process_Engineer_Q71368126,"背景知识：
条目1：
- 名称：Engineer
- 类型：Class
- 简介：An engineer is a practitioner of engineering. The word engineer is derived from the Latin words ingeniare and ingenium (""cleverness""). The foundational qualifications of a licensed professional engineer typically include a four-year bachelo...

条目2：
- 名称：Process_Engineer_Q71368126
- 类型：Class
- 简介：Process_Engineer_Q71368126 is a class in the knowledge base.",0,qwen-max-0125,0.0,8192,https://api2.aigcbest.top/v1,"判断结果：错误  
解释：根据背景知识，Engineer是一个更广泛的类，而Process_Engineer_Q71368126是具体的一个类，公理表示Engineer是Process_Engineer_Q71368126的子类，这与常识和语义规则冲突。",0,1,
sample_0289,subClassOf,Fictional_Human_Q15632617 ⊑ Immortal__u0028_Highlander_u0029_,"背景知识：
条目1：
- 名称：Fictional_Human_Q15632617
- 类型：Class
- 简介：Fictional_Human_Q15632617 is a class in the knowledge base.

条目2：
- 名称：Immortal__u0028_Highlander_u0029_
- 类型：Class
- 简介：Immortal__u0028_Highlander_u0029_ is a class in the knowledge base.",0,qwen-max-0125,0.0,8192,https://api2.aigcbest.top/v1,"判断结果：错误  
解释：根据背景知识，Fictional_Human_Q15632617和Immortal__u0028_Highlander_u0029_是两个独立的类，没有信息表明前者一定是后者的子类，因此该公理与背景知识冲突。",0,1,
sample_0290,subClassOf,Lawyer ⊑ Fachanwalt_Q1257466,"背景知识：
条目1：
- 名称：Lawyer
- 类型：Class
- 简介：A lawyer is a person who is qualified to offer advice about the law, draft legal documents, or represent individuals in legal matters.

条目2：
- 名称：Fachanwalt_Q1257466
- 类型：Class
- 简介：Fachanwalt_Q1257466 is a class in the knowledge base.",0,qwen-max-0125,0.0,8192,https://api2.aigcbest.top/v1,"判断结果：错误  
解释：根据背景知识，Lawyer是一个法律从业者的类，而Fachanwalt_Q1257466的描述未表明其与Lawyer存在包含关系，因此该公理与语义规则冲突。",0,1,
sample_0291,subClassOf,Capital_city ⊑ Capital_of_Japan,"背景知识：
条目1：
- 名称：Capital_city
- 类型：Class
- 简介：A capital city, or just capital, is the municipality holding primary status in a country, state, province, department, or other subnational division, usually as its seat of government. A capital is typically a city that physically encompass...

条目2：
- 名称：Capital_of_Japan
- 类型：Class
- 简介：The capital of Japan is Tokyo. Throughout history, the national capital of Japan has been in locations other than Tokyo. The oldest capital is Nara.",0,qwen-max-0125,0.0,8192,https://api2.aigcbest.top/v1,"判断结果：错误  
解释：根据背景知识，Capital_city是一个通用的类，表示首都城市的概念，而Capital_of_Japan是特定于日本首都的类，二者之间不存在包含关系，因此公理不合理。",0,1,
sample_0292,subClassOf,Lawyer ⊑ European_lawyer,"背景知识：
条目1：
- 名称：Lawyer
- 类型：Class
- 简介：A lawyer is a person who is qualified to offer advice about the law, draft legal documents, or represent individuals in legal matters.

条目2：
- 名称：European_lawyer
- 类型：Class
- 简介：A European lawyer, beyond the self-evident definition of 'a lawyer in Europe', also refers to a specific definition introduced by the UK's European Communities Order 1978, which permits lawyers from other EU member states to practice law wi...",0,qwen-max-0125,0.0,8192,https://api2.aigcbest.top/v1,"判断结果：错误  
解释：根据背景知识，Lawyer是一个更广泛的类别，而European_lawyer是特定条件下的一种律师，因此Lawyer不应被定义为European_lawyer的子类。",0,1,
sample_0293,subClassOf,Legal_Scholar_Q16012028 ⊑ Constitutional_Lawyer_Q2325224,"背景知识：
条目1：
- 名称：Legal_Scholar_Q16012028
- 类型：Class
- 简介：Legal_Scholar_Q16012028 is a class in the knowledge base.

条目2：
- 名称：Constitutional_Lawyer_Q2325224
- 类型：Class
- 简介：Constitutional_Lawyer_Q2325224 is a class in the knowledge base.",0,qwen-max-0125,0.0,8192,https://api2.aigcbest.top/v1,"判断结果：错误  
解释：根据背景知识，Legal_Scholar_Q16012028和Constitutional_Lawyer_Q2325224是两个独立的类，且无信息表明所有Legal_Scholar_Q16012028的实例都属于Constitutional_Lawyer_Q2325224，因此该公理与背景知识冲突。",0,1,
sample_0294,subClassOf,Film_director ⊑ Sequence_Director_Q28381399,"背景知识：
条目1：
- 名称：Film_director
- 类型：Class
- 简介：A film director or filmmaker is a person who controls a film's artistic and dramatic aspects and visualizes the screenplay while guiding the film crew and actors in the fulfillment of that vision. The director has a key role in choosing the...

条目2：
- 名称：Sequence_Director_Q28381399
- 类型：Class
- 简介：Sequence_Director_Q28381399 is a class in the knowledge base.",0,qwen-max-0125,0.0,8192,https://api2.aigcbest.top/v1,"判断结果：错误  
解释：根据背景知识，Film_director 是一个具体的类，描述了电影导演的角色，而 Sequence_Director_Q28381399 的语义未明确表明其与 Film_director 存在包含关系，因此该公理缺乏合理依据。",0,1,
sample_0295,subClassOf,Astronomer ⊑ Discoverer_Of_Minor_Planets_Q96203320,"背景知识：
条目1：
- 名称：Astronomer
- 类型：Class
- 简介：An astronomer is a scientist in the field of astronomy who focuses on a specific question or field outside the scope of Earth. Astronomers study astronomical objects, such as stars, planets, moons, comets and galaxies, by some combination o...

条目2：
- 名称：Discoverer_Of_Minor_Planets_Q96203320
- 类型：Class
- 简介：Discoverer_Of_Minor_Planets_Q96203320 is a class in the knowledge base.",0,qwen-max-0125,0.0,8192,https://api2.aigcbest.top/v1,"判断结果：错误  
解释：根据背景知识，Astronomer是一个广义的科学家类别，而Discoverer_Of_Minor_Planets_Q96203320是一个特定类别的发现者，Astronomer并不一定是Discoverer_Of_Minor_Planets_Q96203320的子类。",0,1,
sample_0296,subClassOf,Fictional_Human_Q15632617 ⊑ Fictional_Human_Formerly_Considered_To_Be_Historical_Q64520857,"背景知识：
条目1：
- 名称：Fictional_Human_Q15632617
- 类型：Class
- 简介：Fictional_Human_Q15632617 is a class in the knowledge base.

条目2：
- 名称：Fictional_Human_Formerly_Considered_To_Be_Historical_Q64520857
- 类型：Class
- 简介：Fictional_Human_Formerly_Considered_To_Be_Historical_Q64520857 is a class in the knowledge base.",0,qwen-max-0125,0.0,8192,https://api2.aigcbest.top/v1,"判断结果：错误  
解释：根据背景知识，Fictional_Human_Q15632617 和 Fictional_Human_Formerly_Considered_To_Be_Historical_Q64520857 是两个独立的类，没有明确的包含关系表明前者是后者的子类。",0,1,
sample_0297,subClassOf,French_language ⊑ Français_Guyanais_Q102098874,"背景知识：
条目1：
- 名称：French_language
- 类型：Class
- 简介：French is a Romance language of the Indo-European family. Like all other Romance languages, it descended from the Vulgar Latin of the Roman Empire. French evolved from Northern Old Gallo-Romance, a descendant of the Latin spoken in Northern...

条目2：
- 名称：Français_Guyanais_Q102098874
- 类型：Class
- 简介：Français_Guyanais_Q102098874 is a class in the knowledge base.",0,qwen-max-0125,0.0,8192,https://api2.aigcbest.top/v1,"判断结果：错误  
解释：根据背景知识，French_language 是一个表示法语的类，而 Français_Guyanais_Q102098874 是另一个独立的类，二者之间没有明确的包含关系，因此 French_language 不可能是 Français_Guyanais_Q102098874 的子类。",0,1,
sample_0298,subClassOf,Board_game ⊑ Board_wargame,"背景知识：
条目1：
- 名称：Board_game
- 类型：Class
- 简介：A board game is a type of tabletop game that involves small objects that are placed and moved in particular ways on a specially designed patterned game board, potentially including other components, e.g. dice. The earliest known uses of the...

条目2：
- 名称：Board_wargame
- 类型：Class
- 简介：A board wargame is a wargame with a set playing surface or board, as opposed to being played on a computer or in a more free-form playing area as in miniatures games. The modern, commercial wargaming hobby developed in 1954 following the pu...",0,qwen-max-0125,0.0,8192,https://api2.aigcbest.top/v1,"判断结果：错误  
解释：根据背景知识，Board_game是一个更广泛的类，而Board_wargame是其特定子类，因此应为Board_wargame ⊑ Board_game，而非相反。",0,1,
sample_0299,subClassOf,Engineer ⊑ Engineering_Mathematician_Q96777281,"背景知识：
条目1：
- 名称：Engineer
- 类型：Class
- 简介：An engineer is a practitioner of engineering. The word engineer is derived from the Latin words ingeniare and ingenium (""cleverness""). The foundational qualifications of a licensed professional engineer typically include a four-year bachelo...

条目2：
- 名称：Engineering_Mathematician_Q96777281
- 类型：Class
- 简介：Engineering_Mathematician_Q96777281 is a class in the knowledge base.",0,qwen-max-0125,0.0,8192,https://api2.aigcbest.top/v1,"判断结果：错误  
解释：根据背景知识，Engineer和Engineering_Mathematician_Q96777281是两个独立的类，且无信息表明所有Engineer都属于Engineering_Mathematician_Q96777281，因此该子类关系不成立。",0,1,
sample_0300,subClassOf,Catholicism ⊑ Antoinism,"背景知识：
条目1：
- 名称：Catholicism
- 类型：Class
- 简介：The Catholic Church, commonly called the Roman Catholic Church, is the largest Christian denomination, with an estimated 1.28 to 1.41 billion baptized members worldwide as of 2026. It consists of 24 autonomous churches—the Latin Church and....

条目2：
- 名称：Antoinism
- 类型：Class
- 简介：Antoinism is a healing-oriented new religious movement founded in 1910 by Louis-Joseph Antoine (1846–1912) in Jemeppe-sur-Meuse, Seraing in Belgium. With a total of 64 temples, over forty reading rooms across the world and thousands of memb...",0,qwen-max-0125,0.0,8192,https://api2.aigcbest.top/v1,"判断结果：错误  
解释：根据背景知识，Catholicism和Antoinism是两个独立的宗教类别，不存在类之间的包含关系，因此Catholicism不是Antoinism的子类。",0,1,
sample_0301,subPropertyOf,hasPart ⊑p containsSeason,"背景知识：
条目1：
- 名称：hasPart
- 类型：Property
- 简介：Indicates an item or CreativeWork that is part of this item, or CreativeWork (in some sense).
- 补充信息：domainIncludes: http://schema.org/CreativeWork | rangeIncludes: http://schema.org/CreativeWork

条目2：
- 名称：containsSeason
- 类型：Property
- 简介：A season that is part of the media series.
- 补充信息：domainIncludes: http://schema.org/RadioSeries, http://schema.org/TVSeries, http://schema.org/VideoGameSeries | rangeIncludes: http://schema.org/CreativeWorkSeason",0,qwen-max-0125,0.0,8192,https://api2.aigcbest.top/v1,"判断结果：错误  
解释：根据背景知识，hasPart的定义比containsSeason更通用，而containsSeason的domain和range限制更具体，因此hasPart不是containsSeason的子属性。",0,1,
sample_0302,subPropertyOf,result ⊑p resultComment,"背景知识：
条目1：
- 名称：result
- 类型：Property
- 简介：The result produced in the action. E.g. John wrote <em>a book</em>.
- 补充信息：domainIncludes: http://schema.org/Action | rangeIncludes: http://schema.org/Thing

条目2：
- 名称：resultComment
- 类型：Property
- 简介：A sub property of result. The Comment created or sent as a result of this action.
- 补充信息：domainIncludes: http://schema.org/CommentAction, http://schema.org/ReplyAction | rangeIncludes: http://schema.org/Comment",0,qwen-max-0125,0.0,8192,https://api2.aigcbest.top/v1,"判断结果：错误  
解释：根据背景知识，resultComment是result的子属性，而公理result ⊑p resultComment表示result是resultComment的子属性，与背景知识冲突。",0,1,
sample_0303,subPropertyOf,identifier ⊑p issn,"背景知识：
条目1：
- 名称：identifier
- 类型：Property
- 简介：The identifier property represents any kind of identifier for any kind of <a class=""localLink"" href=""/Thing"">Thing</a>, such as ISBNs, GTIN codes, UUIDs etc. Schema.org provides dedicated properties for representing many of these, either as...
- 补充信息：domainIncludes: http://schema.org/Thing | rangeIncludes: http://schema.org/PropertyValue, http://schema.org/Text, http://schema.org/URL

条目2：
- 名称：issn
- 类型：Property
- 简介：The International Standard Serial Number (ISSN) that identifies this serial publication. You can repeat this property to identify different formats of, or the linking ISSN (ISSN-L) for, this serial publication.
- 补充信息：domainIncludes: http://schema.org/Blog, http://schema.org/CreativeWorkSeries, http://schema.org/Dataset, http://schema.org/WebSite | rangeIncludes: http://schema.org/Text",0,qwen-max-0125,0.0,8192,https://api2.aigcbest.top/v1,"判断结果：错误  
解释：根据背景知识，identifier的domainIncludes为Thing，而issn的domainIncludes为Blog、CreativeWorkSeries等特定类，两者的适用范围不一致，因此identifier不是issn的子属性。",0,1,
sample_0304,subPropertyOf,instrument ⊑p tool,"背景知识：
条目1：
- 名称：instrument
- 类型：Property
- 简介：The object that helped the agent perform the action. E.g. John wrote a book with <em>a pen</em>.
- 补充信息：domainIncludes: http://schema.org/Action | rangeIncludes: http://schema.org/Thing

条目2：
- 名称：tool
- 类型：Property
- 简介：A sub property of instrument. An object used (but not consumed) when performing instructions or a direction.
- 补充信息：domainIncludes: http://schema.org/HowTo, http://schema.org/HowToDirection | rangeIncludes: http://schema.org/HowToTool, http://schema.org/Text",0,qwen-max-0125,0.0,8192,https://api2.aigcbest.top/v1,"判断结果：错误  
解释：根据背景知识，tool是instrument的子属性，而公理instrument ⊑p tool表示instrument是tool的子属性，与背景知识冲突。",0,1,
sample_0305,subPropertyOf,identifier ⊑p gtin12,"背景知识：
条目1：
- 名称：identifier
- 类型：Property
- 简介：The identifier property represents any kind of identifier for any kind of <a class=""localLink"" href=""/Thing"">Thing</a>, such as ISBNs, GTIN codes, UUIDs etc. Schema.org provides dedicated properties for representing many of these, either as...
- 补充信息：domainIncludes: http://schema.org/Thing | rangeIncludes: http://schema.org/PropertyValue, http://schema.org/Text, http://schema.org/URL

条目2：
- 名称：gtin12
- 类型：Property
- 简介：The GTIN-12 code of the product, or the product to which the offer refers. The GTIN-12 is the 12-digit GS1 Identification Key composed of a U.P.C. Company Prefix, Item Reference, and Check Digit used to identify trade items. See <a href=""ht...
- 补充信息：domainIncludes: http://schema.org/Demand, http://schema.org/Offer, http://schema.org/Product | rangeIncludes: http://schema.org/Text",0,qwen-max-0125,0.0,8192,https://api2.aigcbest.top/v1,"判断结果：错误  
解释：根据背景知识，identifier的定义域包含Thing，而gtin12的定义域仅限于Demand、Offer和Product，因此identifier不可能是gtin12的子属性。",0,1,
sample_0306,subPropertyOf,hasNumericValue ⊑p price,"背景知识：
条目1：
- 名称：hasNumericValue
- 类型：Class
- 简介：hasNumericValue is a class in the knowledge base.

条目2：
- 名称：price
- 类型：Property
- 简介：The offer price of a product, or of a price component when attached to PriceSpecification and its subtypes.<br/><br/> Usage guidelines:<br/><br/> <ul> <li>Use the <a class=""localLink"" href=""/priceCurrency"">priceCurrency</a> property (with s...
- 补充信息：domainIncludes: http://schema.org/DonateAction, http://schema.org/Offer, http://schema.org/PriceSpecification, http://schema.org/TradeAction | rangeIncludes: http://schema.org/Numb...",0,qwen-max-0125,0.0,8192,https://api2.aigcbest.top/v1,"判断结果：错误  
解释：根据背景知识，hasNumericValue是一个类，而price是一个属性，RDFS中subPropertyOf关系只能用于属性之间，因此该公理不合理。",0,1,
sample_0307,subPropertyOf,hasPart ⊑p episode,"背景知识：
条目1：
- 名称：hasPart
- 类型：Property
- 简介：Indicates an item or CreativeWork that is part of this item, or CreativeWork (in some sense).
- 补充信息：domainIncludes: http://schema.org/CreativeWork | rangeIncludes: http://schema.org/CreativeWork

条目2：
- 名称：episode
- 类型：Property
- 简介：An episode of a TV, radio or game media within a series or season.
- 补充信息：domainIncludes: http://schema.org/CreativeWorkSeason, http://schema.org/RadioSeries, http://schema.org/TVSeries, http://schema.org/VideoGameSeries | rangeIncludes: http://schema.or...",0,qwen-max-0125,0.0,8192,https://api2.aigcbest.top/v1,"判断结果：错误  
解释：根据背景知识，hasPart的domain和range均为CreativeWork，而episode的domain包括CreativeWorkSeason等特定类，range为CreativeWork，两者的语义范围不一致，因此hasPart不是episode的子属性。",0,1,
sample_0308,subPropertyOf,hasAddress ⊑p serviceSmsNumber,"背景知识：
条目1：
- 名称：hasAddress
- 类型：Class
- 简介：hasAddress is a class in the knowledge base.

条目2：
- 名称：serviceSmsNumber
- 类型：Property
- 简介：The number to access the service by text message.
- 补充信息：domainIncludes: http://schema.org/ServiceChannel | rangeIncludes: http://schema.org/ContactPoint",0,qwen-max-0125,0.0,8192,https://api2.aigcbest.top/v1,"判断结果：错误  
解释：根据背景知识，hasAddress是一个类，而serviceSmsNumber是一个属性，RDFS中subPropertyOf关系仅适用于属性之间，因此该公理违反了RDFS语义规则。",0,1,
sample_0309,subPropertyOf,spatialCoverage ⊑p announcementLocation,"背景知识：
条目1：
- 名称：spatialCoverage
- 类型：Property
- 简介：The spatialCoverage of a CreativeWork indicates the place(s) which are the focus of the content. It is a subproperty of contentLocation intended primarily for more technical and detailed materials. For example with a Dataset, it indicates a...
- 补充信息：domainIncludes: http://schema.org/CreativeWork | rangeIncludes: http://schema.org/Place

条目2：
- 名称：announcementLocation
- 类型：Property
- 简介：Indicates a specific <a class=""localLink"" href=""/CivicStructure"">CivicStructure</a> or <a class=""localLink"" href=""/LocalBusiness"">LocalBusiness</a> associated with the SpecialAnnouncement. For example, a specific testing facility or busines...
- 补充信息：domainIncludes: http://schema.org/SpecialAnnouncement | rangeIncludes: http://schema.org/CivicStructure, http://schema.org/LocalBusiness",0,qwen-max-0125,0.0,8192,https://api2.aigcbest.top/v1,"判断结果：错误  
解释：根据背景知识，spatialCoverage的domain是CreativeWork，而announcementLocation的domain是SpecialAnnouncement，两者领域不一致，因此spatialCoverage不是announcementLocation的子属性。",0,1,
sample_0310,subPropertyOf,location ⊑p toLocation,"背景知识：
条目1：
- 名称：location
- 类型：Property
- 简介：The location of, for example, where an event is happening, where an organization is located, or where an action takes place.
- 补充信息：domainIncludes: http://schema.org/Action, http://schema.org/Event, http://schema.org/InteractionCounter, http://schema.org/Organization | rangeIncludes: http://schema.org/Place, ht...

条目2：
- 名称：toLocation
- 类型：Property
- 简介：A sub property of location. The final location of the object or the agent after the action.
- 补充信息：domainIncludes: http://schema.org/ExerciseAction, http://schema.org/InsertAction, http://schema.org/MoveAction, http://schema.org/TransferAction | rangeIncludes: http://schema.org/...",0,qwen-max-0125,0.0,8192,https://api2.aigcbest.top/v1,"判断结果：错误  
解释：根据背景知识，toLocation是location的子属性，而公理表示location是toLocation的子属性，与子属性关系的语义规则冲突。",0,1,
sample_0311,subPropertyOf,identifier ⊑p orderNumber,"背景知识：
条目1：
- 名称：identifier
- 类型：Property
- 简介：The identifier property represents any kind of identifier for any kind of <a class=""localLink"" href=""/Thing"">Thing</a>, such as ISBNs, GTIN codes, UUIDs etc. Schema.org provides dedicated properties for representing many of these, either as...
- 补充信息：domainIncludes: http://schema.org/Thing | rangeIncludes: http://schema.org/PropertyValue, http://schema.org/Text, http://schema.org/URL

条目2：
- 名称：orderNumber
- 类型：Property
- 简介：The identifier of the transaction.
- 补充信息：domainIncludes: http://schema.org/Order | rangeIncludes: http://schema.org/Text",0,qwen-max-0125,0.0,8192,https://api2.aigcbest.top/v1,"判断结果：错误  
解释：根据背景知识，identifier的domainIncludes为Thing，而orderNumber的domainIncludes为Order，两者在定义域上不一致，因此identifier不可能是orderNumber的子属性。",0,1,
sample_0312,subPropertyOf,contentLocation ⊑p spatialCoverage,"背景知识：
条目1：
- 名称：contentLocation
- 类型：Property
- 简介：The location depicted or described in the content. For example, the location in a photograph or painting.
- 补充信息：domainIncludes: http://schema.org/CreativeWork | rangeIncludes: http://schema.org/Place

条目2：
- 名称：spatialCoverage
- 类型：Property
- 简介：The spatialCoverage of a CreativeWork indicates the place(s) which are the focus of the content. It is a subproperty of contentLocation intended primarily for more technical and detailed materials. For example with a Dataset, it indicates a...
- 补充信息：domainIncludes: http://schema.org/CreativeWork | rangeIncludes: http://schema.org/Place",0,qwen-max-0125,0.0,8192,https://api2.aigcbest.top/v1,"判断结果：错误  
解释：根据背景知识，spatialCoverage是contentLocation的子属性，而非相反，因此公理contentLocation ⊑p spatialCoverage与subPropertyOf语义规则冲突。",0,1,
sample_0313,subPropertyOf,location ⊑p workLocation,"背景知识：
条目1：
- 名称：location
- 类型：Property
- 简介：The location of, for example, where an event is happening, where an organization is located, or where an action takes place.
- 补充信息：domainIncludes: http://schema.org/Action, http://schema.org/Event, http://schema.org/InteractionCounter, http://schema.org/Organization | rangeIncludes: http://schema.org/Place, ht...

条目2：
- 名称：workLocation
- 类型：Property
- 简介：A contact location for a person's place of work.
- 补充信息：domainIncludes: http://schema.org/Person | rangeIncludes: http://schema.org/ContactPoint, http://schema.org/Place",0,qwen-max-0125,0.0,8192,https://api2.aigcbest.top/v1,"判断结果：错误  
解释：根据背景知识，location的定义域包括Action、Event等，而workLocation的定义域仅限于Person，两者语义范围不一致，因此location不是workLocation的子属性。",0,1,
sample_0314,subPropertyOf,publishingPrinciples ⊑p missionCoveragePrioritiesPolicy,"背景知识：
条目1：
- 名称：publishingPrinciples
- 类型：Property
- 简介：The publishingPrinciples property indicates (typically via <a class=""localLink"" href=""/URL"">URL</a>) a document describing the editorial principles of an <a class=""localLink"" href=""/Organization"">Organization</a> (or individual, e.g. a <a c...
- 补充信息：domainIncludes: http://schema.org/CreativeWork, http://schema.org/Organization, http://schema.org/Person | rangeIncludes: http://schema.org/CreativeWork, http://schema.org/URL

条目2：
- 名称：missionCoveragePrioritiesPolicy
- 类型：Property
- 简介：For a <a class=""localLink"" href=""/NewsMediaOrganization"">NewsMediaOrganization</a>, a statement on coverage priorities, including any public agenda or stance on issues.
- 补充信息：domainIncludes: http://schema.org/NewsMediaOrganization | rangeIncludes: http://schema.org/CreativeWork, http://schema.org/URL",0,qwen-max-0125,0.0,8192,https://api2.aigcbest.top/v1,"判断结果：错误  
解释：根据背景知识，publishingPrinciples和missionCoveragePrioritiesPolicy是两个独立的属性，且它们的domain和range定义不同，无法推导出publishingPrinciples是missionCoveragePrioritiesPolicy的子属性关系。",0,1,
sample_0315,subPropertyOf,areaServed ⊑p availableAtOrFrom,"背景知识：
条目1：
- 名称：areaServed
- 类型：Property
- 简介：The geographic area where a service or offered item is provided.
- 补充信息：domainIncludes: http://schema.org/ContactPoint, http://schema.org/DeliveryChargeSpecification, http://schema.org/Demand, http://schema.org/FinancialIncentive, http://schema.org/Off...

条目2：
- 名称：availableAtOrFrom
- 类型：Property
- 简介：The place(s) from which the offer can be obtained (e.g. store locations).
- 补充信息：domainIncludes: http://schema.org/Demand, http://schema.org/Offer | rangeIncludes: http://schema.org/Place",0,qwen-max-0125,0.0,8192,https://api2.aigcbest.top/v1,"判断结果：错误  
解释：根据背景知识，areaServed和availableAtOrFrom的domainIncludes不完全一致，且两者的语义无包含关系，因此areaServed不是availableAtOrFrom的子属性。",0,1,
sample_0316,subPropertyOf,location ⊑p homeLocation,"背景知识：
条目1：
- 名称：location
- 类型：Property
- 简介：The location of, for example, where an event is happening, where an organization is located, or where an action takes place.
- 补充信息：domainIncludes: http://schema.org/Action, http://schema.org/Event, http://schema.org/InteractionCounter, http://schema.org/Organization | rangeIncludes: http://schema.org/Place, ht...

条目2：
- 名称：homeLocation
- 类型：Property
- 简介：A contact location for a person's residence.
- 补充信息：domainIncludes: http://schema.org/Person | rangeIncludes: http://schema.org/ContactPoint, http://schema.org/Place",0,qwen-max-0125,0.0,8192,https://api2.aigcbest.top/v1,"判断结果：错误  
解释：根据背景知识，location的定义比homeLocation更广泛，而homeLocation是特定于Person类的居住地点，因此location不可能是homeLocation的子属性。",0,1,
sample_0317,subPropertyOf,supply ⊑p recipeIngredient,"背景知识：
条目1：
- 名称：supply
- 类型：Property
- 简介：A sub-property of instrument. A supply consumed when performing instructions or a direction.
- 补充信息：domainIncludes: http://schema.org/HowTo, http://schema.org/HowToDirection | rangeIncludes: http://schema.org/HowToSupply, http://schema.org/Text

条目2：
- 名称：recipeIngredient
- 类型：Property
- 简介：An ingredient or ordered list of ingredients and potentially quantities used in the recipe, e.g. 1 cup of sugar, flour or garlic. The ingredients can be represented as free text or more structured values.
- 补充信息：domainIncludes: http://schema.org/Recipe | rangeIncludes: http://schema.org/ItemList, http://schema.org/PropertyValue, http://schema.org/Text",0,qwen-max-0125,0.0,8192,https://api2.aigcbest.top/v1,"判断结果：错误  
解释：根据背景知识，supply的domainIncludes为HowTo或HowToDirection，而recipeIngredient的domainIncludes为Recipe，两者的主体类不一致，因此supply不可能是recipeIngredient的子属性。",0,1,
sample_0318,subPropertyOf,participant ⊑p borrower,"背景知识：
条目1：
- 名称：participant
- 类型：Property
- 简介：Other co-agents that participated in the action indirectly. E.g. John wrote a book with <em>Steve</em>.
- 补充信息：domainIncludes: http://schema.org/Action | rangeIncludes: http://schema.org/Organization, http://schema.org/Person

条目2：
- 名称：borrower
- 类型：Property
- 简介：A sub property of participant. The person that borrows the object being lent.
- 补充信息：domainIncludes: http://schema.org/LendAction | rangeIncludes: http://schema.org/Person",0,qwen-max-0125,0.0,8192,https://api2.aigcbest.top/v1,"判断结果：错误  
解释：根据背景知识，borrower是participant的子属性，而公理表示participant是borrower的子属性，与背景知识冲突。",0,1,
sample_0319,subPropertyOf,participant ⊑p recipient,"背景知识：
条目1：
- 名称：participant
- 类型：Property
- 简介：Other co-agents that participated in the action indirectly. E.g. John wrote a book with <em>Steve</em>.
- 补充信息：domainIncludes: http://schema.org/Action | rangeIncludes: http://schema.org/Organization, http://schema.org/Person

条目2：
- 名称：recipient
- 类型：Property
- 简介：A sub property of participant. The participant who is at the receiving end of the action.
- 补充信息：domainIncludes: http://schema.org/AuthorizeAction, http://schema.org/CommunicateAction, http://schema.org/DonateAction, http://schema.org/GiveAction, http://schema.org/Message, htt...",0,qwen-max-0125,0.0,8192,https://api2.aigcbest.top/v1,"判断结果：错误  
解释：根据背景知识，recipient是participant的子属性，而公理表示participant是recipient的子属性，与背景知识和RDFS语义规则冲突。",0,1,
sample_0320,subPropertyOf,hasName ⊑p legalName,"背景知识：
条目1：
- 名称：hasName
- 类型：Class
- 简介：hasName is a class in the knowledge base.

条目2：
- 名称：legalName
- 类型：Property
- 简介：The official name of the organization, e.g. the registered company name.
- 补充信息：domainIncludes: http://schema.org/Organization | rangeIncludes: http://schema.org/Text",0,qwen-max-0125,0.0,8192,https://api2.aigcbest.top/v1,"判断结果：错误  
解释：根据背景知识，hasName是一个类，而legalName是一个属性，RDFS中subPropertyOf关系仅适用于属性之间，因此该公理不合理。",0,1,
sample_0321,subPropertyOf,hasRepresentation ⊑p inChI,"背景知识：
条目1：
- 名称：hasRepresentation
- 类型：Property
- 简介：A common representation such as a protein sequence or chemical structure for this entity. For images use schema.org/image.
- 补充信息：domainIncludes: http://schema.org/BioChemEntity | rangeIncludes: http://schema.org/PropertyValue, http://schema.org/Text, http://schema.org/URL

条目2：
- 名称：inChI
- 类型：Property
- 简介：Non-proprietary identifier for molecular entity that can be used in printed and electronic data sources thus enabling easier linking of diverse data compilations.
- 补充信息：domainIncludes: http://schema.org/MolecularEntity | rangeIncludes: http://schema.org/Text",0,qwen-max-0125,0.0,8192,https://api2.aigcbest.top/v1,"判断结果：错误  
解释：根据背景知识，hasRepresentation的domainIncludes为BioChemEntity，而inChI的domainIncludes为MolecularEntity，两者范围不一致，且无包含关系，因此hasRepresentation不是inChI的子属性。",0,1,
sample_0322,subPropertyOf,location ⊑p fromLocation,"背景知识：
条目1：
- 名称：location
- 类型：Property
- 简介：The location of, for example, where an event is happening, where an organization is located, or where an action takes place.
- 补充信息：domainIncludes: http://schema.org/Action, http://schema.org/Event, http://schema.org/InteractionCounter, http://schema.org/Organization | rangeIncludes: http://schema.org/Place, ht...

条目2：
- 名称：fromLocation
- 类型：Property
- 简介：A sub property of location. The original location of the object or the agent before the action.
- 补充信息：domainIncludes: http://schema.org/ExerciseAction, http://schema.org/MoveAction, http://schema.org/TransferAction | rangeIncludes: http://schema.org/Place",0,qwen-max-0125,0.0,8192,https://api2.aigcbest.top/v1,"判断结果：错误  
解释：根据背景知识，fromLocation是location的子属性，而公理表示location是fromLocation的子属性，与子属性关系的语义规则冲突。",0,1,
sample_0323,subPropertyOf,isPartOf ⊑p partOfTVSeries,"背景知识：
条目1：
- 名称：isPartOf
- 类型：Property
- 简介：Indicates an item or CreativeWork that this item, or CreativeWork (in some sense), is part of.
- 补充信息：domainIncludes: http://schema.org/CreativeWork | rangeIncludes: http://schema.org/CreativeWork, http://schema.org/URL

条目2：
- 名称：partOfTVSeries
- 类型：Property
- 简介：The TV series to which this episode or season belongs.
- 补充信息：domainIncludes: http://schema.org/TVClip, http://schema.org/TVEpisode, http://schema.org/TVSeason | rangeIncludes: http://schema.org/TVSeries",0,qwen-max-0125,0.0,8192,https://api2.aigcbest.top/v1,"判断结果：错误  
解释：isPartOf的定义表明其domain和range更通用，而partOfTVSeries的domain和range更具体，前者无法被后者完全包含。",0,1,
sample_0324,subPropertyOf,hasLongitude ⊑p longitude,"背景知识：
条目1：
- 名称：hasLongitude
- 类型：Class
- 简介：hasLongitude is a class in the knowledge base.

条目2：
- 名称：longitude
- 类型：Property
- 简介：The longitude of a location. For example <code>-122.08585</code> (<a href=""https://en.wikipedia.org/wiki/World_Geodetic_System"">WGS 84</a>).
- 补充信息：domainIncludes: http://schema.org/GeoCoordinates, http://schema.org/Place | rangeIncludes: http://schema.org/Number, http://schema.org/Text",0,qwen-max-0125,0.0,8192,https://api2.aigcbest.top/v1,"判断结果：错误  
解释：根据背景知识，hasLongitude是一个类，而longitude是一个属性，RDFS中subPropertyOf关系仅适用于属性之间，因此该公理不合理。",0,1,
sample_0325,subPropertyOf,image ⊑p logo,"背景知识：
条目1：
- 名称：image
- 类型：Property
- 简介：An image of the item. This can be a <a class=""localLink"" href=""/URL"">URL</a> or a fully described <a class=""localLink"" href=""/ImageObject"">ImageObject</a>.
- 补充信息：domainIncludes: http://schema.org/Thing | rangeIncludes: http://schema.org/ImageObject, http://schema.org/URL

条目2：
- 名称：logo
- 类型：Property
- 简介：An associated logo.
- 补充信息：domainIncludes: http://schema.org/Brand, http://schema.org/Certification, http://schema.org/Organization, http://schema.org/Place, http://schema.org/Product, http://schema.org/Serv...",0,qwen-max-0125,0.0,8192,https://api2.aigcbest.top/v1,"判断结果：错误  
解释：根据背景知识，image的domainIncludes为Thing，而logo的domainIncludes为Brand、Organization等特定类，两者的适用范围不一致，因此image不是logo的子属性。",0,1,
sample_0326,subPropertyOf,isReferencedIn ⊑p partOfInvoice,"背景知识：
条目1：
- 名称：isReferencedIn
- 类型：Class
- 简介：isReferencedIn is a class in the knowledge base.

条目2：
- 名称：partOfInvoice
- 类型：Property
- 简介：The order is being paid as part of the referenced Invoice.
- 补充信息：domainIncludes: http://schema.org/Order | rangeIncludes: http://schema.org/Invoice",0,qwen-max-0125,0.0,8192,https://api2.aigcbest.top/v1,"判断结果：错误  
解释：isReferencedIn 是一个类，而 partOfInvoice 是一个属性，根据 RDFS 语义规则，类和属性之间不能直接建立 subClassOf 关系。",0,1,
sample_0327,subPropertyOf,position ⊑p clipNumber,"背景知识：
条目1：
- 名称：position
- 类型：Property
- 简介：The position of an item in a series or sequence of items.
- 补充信息：domainIncludes: http://schema.org/CreativeWork, http://schema.org/ListItem | rangeIncludes: http://schema.org/Integer, http://schema.org/Text

条目2：
- 名称：clipNumber
- 类型：Property
- 简介：Position of the clip within an ordered group of clips.
- 补充信息：domainIncludes: http://schema.org/Clip | rangeIncludes: http://schema.org/Integer, http://schema.org/Text",0,qwen-max-0125,0.0,8192,https://api2.aigcbest.top/v1,"判断结果：错误  
解释：根据背景知识，position的定义域包括CreativeWork和ListItem，而clipNumber的定义域仅为Clip，两者语义范围不一致，因此position不可能是clipNumber的子属性。",0,1,
sample_0328,subPropertyOf,hasLowerBound ⊑p minimumPaymentDue,"背景知识：
条目1：
- 名称：hasLowerBound
- 类型：Class
- 简介：hasLowerBound is a class in the knowledge base.

条目2：
- 名称：minimumPaymentDue
- 类型：Property
- 简介：The minimum payment required at this time.
- 补充信息：domainIncludes: http://schema.org/Invoice | rangeIncludes: http://schema.org/MonetaryAmount, http://schema.org/PriceSpecification",0,qwen-max-0125,0.0,8192,https://api2.aigcbest.top/v1,"判断结果：错误  
解释：根据背景知识，hasLowerBound是一个类，而minimumPaymentDue是一个属性，RDFS中subPropertyOf关系仅适用于属性之间，因此该公理语义上不成立。",0,1,
sample_0329,subPropertyOf,competitor ⊑p awayTeam,"背景知识：
条目1：
- 名称：competitor
- 类型：Property
- 简介：A competitor in a sports event.
- 补充信息：domainIncludes: http://schema.org/SportsEvent | rangeIncludes: http://schema.org/Person, http://schema.org/SportsTeam

条目2：
- 名称：awayTeam
- 类型：Property
- 简介：The away team in a sports event.
- 补充信息：domainIncludes: http://schema.org/SportsEvent | rangeIncludes: http://schema.org/Person, http://schema.org/SportsTeam",0,qwen-max-0125,0.0,8192,https://api2.aigcbest.top/v1,"判断结果：错误  
解释：根据背景知识，competitor和awayTeam的domainIncludes均为SportsEvent，但它们的语义不同，competitor表示参赛者，而awayTeam特指客场队伍，因此competitor不是awayTeam的子属性。",0,1,
sample_0330,subPropertyOf,result ⊑p resultReview,"背景知识：
条目1：
- 名称：result
- 类型：Property
- 简介：The result produced in the action. E.g. John wrote <em>a book</em>.
- 补充信息：domainIncludes: http://schema.org/Action | rangeIncludes: http://schema.org/Thing

条目2：
- 名称：resultReview
- 类型：Property
- 简介：A sub property of result. The review that resulted in the performing of the action.
- 补充信息：domainIncludes: http://schema.org/ReviewAction | rangeIncludes: http://schema.org/Review",0,qwen-max-0125,0.0,8192,https://api2.aigcbest.top/v1,"判断结果：错误  
解释：根据背景知识，resultReview是result的子属性，而公理result ⊑p resultReview表示result是resultReview的子属性，与背景知识冲突。",0,1,
sample_0331,subPropertyOf,material ⊑p surface,"背景知识：
条目1：
- 名称：material
- 类型：Property
- 简介：A material that something is made from, e.g. leather, wool, cotton, paper.
- 补充信息：domainIncludes: http://schema.org/CreativeWork, http://schema.org/Product | rangeIncludes: http://schema.org/Product, http://schema.org/Text, http://schema.org/URL

条目2：
- 名称：surface
- 类型：Property
- 简介：A material used as a surface in some artwork, e.g. Canvas, Paper, Wood, Board, etc.
- 补充信息：domainIncludes: http://schema.org/VisualArtwork | rangeIncludes: http://schema.org/Text, http://schema.org/URL",0,qwen-max-0125,0.0,8192,https://api2.aigcbest.top/v1,"判断结果：错误  
解释：根据背景知识，material的domainIncludes包含CreativeWork和Product，而surface的domainIncludes仅包含VisualArtwork，两者的主体类不一致，因此material不可能是surface的子属性。",0,1,
sample_0332,subPropertyOf,hasDefinedTerm ⊑p hasCategoryCode,"背景知识：
条目1：
- 名称：hasDefinedTerm
- 类型：Property
- 简介：A Defined Term contained in this term set.
- 补充信息：domainIncludes: http://schema.org/DefinedTermSet, http://schema.org/Taxon | rangeIncludes: http://schema.org/DefinedTerm

条目2：
- 名称：hasCategoryCode
- 类型：Property
- 简介：A Category code contained in this code set.
- 补充信息：domainIncludes: http://schema.org/CategoryCodeSet | rangeIncludes: http://schema.org/CategoryCode",0,qwen-max-0125,0.0,8192,https://api2.aigcbest.top/v1,"判断结果：错误  
解释：根据背景知识，hasDefinedTerm和hasCategoryCode的domainIncludes和rangeIncludes不同，无法满足subPropertyOf的语义约束。",0,1,
sample_0333,subPropertyOf,creator ⊑p legislationPassedBy,"背景知识：
条目1：
- 名称：creator
- 类型：Property
- 简介：The creator/author of this CreativeWork. This is the same as the Author property for CreativeWork.
- 补充信息：domainIncludes: http://schema.org/CreativeWork, http://schema.org/UserComments | rangeIncludes: http://schema.org/Organization, http://schema.org/Person

条目2：
- 名称：legislationPassedBy
- 类型：Property
- 简介：The person or organization that originally passed or made the law: typically parliament (for primary legislation) or government (for secondary legislation). This indicates the ""legal author"" of the law, as opposed to its physical author.
- 补充信息：domainIncludes: http://schema.org/Legislation | rangeIncludes: http://schema.org/Organization, http://schema.org/Person",0,qwen-max-0125,0.0,8192,https://api2.aigcbest.top/v1,"判断结果：错误  
解释：根据背景知识，creator的domainIncludes为CreativeWork和UserComments，而legislationPassedBy的domainIncludes为Legislation，两者的主体类不一致，因此creator不可能是legislationPassedBy的子属性。",0,1,
sample_0334,subPropertyOf,duration ⊑p handlingTime,"背景知识：
条目1：
- 名称：duration
- 类型：Property
- 简介：The duration of the item (movie, audio recording, event, etc.) in <a href=""http://en.wikipedia.org/wiki/ISO_8601"">ISO 8601 duration format</a>.
- 补充信息：domainIncludes: http://schema.org/Audiobook, http://schema.org/Episode, http://schema.org/Event, http://schema.org/MediaObject, http://schema.org/Movie, http://schema.org/MusicReco...

条目2：
- 名称：handlingTime
- 类型：Property
- 简介：The typical delay between the receipt of the order and the goods either leaving the warehouse or being prepared for pickup, in case the delivery method is on site pickup.<br/><br/> In the context of <a class=""localLink"" href=""/ShippingDeliv...
- 补充信息：domainIncludes: http://schema.org/ShippingDeliveryTime, http://schema.org/ShippingService | rangeIncludes: http://schema.org/QuantitativeValue, http://schema.org/ServicePeriod",0,qwen-max-0125,0.0,8192,https://api2.aigcbest.top/v1,"判断结果：错误  
解释：根据背景知识，duration和handlingTime是两个不同的属性，分别描述持续时间和处理时间，二者无包含关系，因此该公理与语义规则冲突。",0,1,
sample_0335,subPropertyOf,genre ⊑p legislationType,"背景知识：
条目1：
- 名称：genre
- 类型：Property
- 简介：Genre of the creative work, broadcast channel or group.
- 补充信息：domainIncludes: http://schema.org/BroadcastChannel, http://schema.org/CreativeWork, http://schema.org/MusicGroup | rangeIncludes: http://schema.org/DefinedTerm, http://schema.org/T...

条目2：
- 名称：legislationType
- 类型：Property
- 简介：The type of the legislation. Examples of values are ""law"", ""act"", ""directive"", ""decree"", ""regulation"", ""statutory instrument"", ""loi organique"", ""règlement grand-ducal"", etc., depending on the country.
- 补充信息：domainIncludes: http://schema.org/Legislation | rangeIncludes: http://schema.org/CategoryCode, http://schema.org/Text",0,qwen-max-0125,0.0,8192,https://api2.aigcbest.top/v1,"判断结果：错误  
解释：根据背景知识，genre和legislationType是两个独立的属性，分别适用于不同的领域（创意作品与立法类型），并无包含关系，因此genre ⊑p legislationType不符合RDFS语义规则。",0,1,
sample_0336,subPropertyOf,identifiedBy ⊑p nsn,"背景知识：
条目1：
- 名称：identifiedBy
- 类型：Class
- 简介：identifiedBy is a class in the knowledge base.

条目2：
- 名称：nsn
- 类型：Property
- 简介：Indicates the <a href=""https://en.wikipedia.org/wiki/NATO_Stock_Number"">NATO stock number</a> (nsn) of a <a class=""localLink"" href=""/Product"">Product</a>.
- 补充信息：domainIncludes: http://schema.org/Product | rangeIncludes: http://schema.org/Text",0,qwen-max-0125,0.0,8192,https://api2.aigcbest.top/v1,"判断结果：错误  
解释：根据背景知识，identifiedBy是一个类，而nsn是一个属性，RDFS中subPropertyOf关系仅适用于属性之间，因此该公理不合理。",0,1,
sample_0337,subPropertyOf,hasAddress ⊑p servicePhone,"背景知识：
条目1：
- 名称：hasAddress
- 类型：Class
- 简介：hasAddress is a class in the knowledge base.

条目2：
- 名称：servicePhone
- 类型：Property
- 简介：The phone number to use to access the service.
- 补充信息：domainIncludes: http://schema.org/ServiceChannel | rangeIncludes: http://schema.org/ContactPoint",0,qwen-max-0125,0.0,8192,https://api2.aigcbest.top/v1,"判断结果：错误  
解释：根据背景知识，hasAddress是一个类，而servicePhone是一个属性，RDFS中subPropertyOf关系仅适用于属性之间，因此该公理不合理。",0,1,
sample_0338,subPropertyOf,legislationChanges ⊑p legislationCommences,"背景知识：
条目1：
- 名称：legislationChanges
- 类型：Property
- 简介：Another legislation that this legislation changes. This encompasses the notions of amendment, replacement, correction, repeal, or other types of change. This may be a direct change (textual or non-textual amendment) or a consequential or in...
- 补充信息：domainIncludes: http://schema.org/Legislation | rangeIncludes: http://schema.org/Legislation

条目2：
- 名称：legislationCommences
- 类型：Property
- 简介：Another legislation that this one sets into force.
- 补充信息：domainIncludes: http://schema.org/Legislation | rangeIncludes: http://schema.org/Legislation",0,qwen-max-0125,0.0,8192,https://api2.aigcbest.top/v1,"判断结果：错误  
解释：根据背景知识，legislationChanges表示立法之间的修改关系，而legislationCommences表示立法之间的生效关系，二者语义不同且无包含关系，因此该公理与语义规则冲突。",0,1,
sample_0339,subPropertyOf,exemplifies ⊑p isVariantOf,"背景知识：
条目1：
- 名称：exemplifies
- 类型：Class
- 简介：exemplifies is a class in the knowledge base.

条目2：
- 名称：isVariantOf
- 类型：Property
- 简介：Indicates the kind of product that this is a variant of. In the case of <a class=""localLink"" href=""/ProductModel"">ProductModel</a>, this is a pointer (from a ProductModel) to a base product from which this product is a variant. It is safe t...
- 补充信息：domainIncludes: http://schema.org/Product, http://schema.org/ProductModel | rangeIncludes: http://schema.org/ProductGroup, http://schema.org/ProductModel",0,qwen-max-0125,0.0,8192,https://api2.aigcbest.top/v1,"判断结果：错误  
解释：exemplifies是一个类，而isVariantOf是一个属性，根据RDFS语义规则，类与属性之间不能直接建立子类关系（subClassOf）。",0,1,
sample_0340,subPropertyOf,identifier ⊑p productID,"背景知识：
条目1：
- 名称：identifier
- 类型：Property
- 简介：The identifier property represents any kind of identifier for any kind of <a class=""localLink"" href=""/Thing"">Thing</a>, such as ISBNs, GTIN codes, UUIDs etc. Schema.org provides dedicated properties for representing many of these, either as...
- 补充信息：domainIncludes: http://schema.org/Thing | rangeIncludes: http://schema.org/PropertyValue, http://schema.org/Text, http://schema.org/URL

条目2：
- 名称：productID
- 类型：Property
- 简介：The product identifier, such as ISBN. For example: <code>meta itemprop=""productID"" content=""isbn:123-456-789""</code>.
- 补充信息：domainIncludes: http://schema.org/Product | rangeIncludes: http://schema.org/Text",0,qwen-max-0125,0.0,8192,https://api2.aigcbest.top/v1,"判断结果：错误  
解释：根据背景知识，identifier的domainIncludes为Thing，而productID的domainIncludes为Product，两者的适用范围不一致，因此identifier不是productID的子属性。",0,1,
sample_0341,subPropertyOf,recipient ⊑p toRecipient,"背景知识：
条目1：
- 名称：recipient
- 类型：Property
- 简介：A sub property of participant. The participant who is at the receiving end of the action.
- 补充信息：domainIncludes: http://schema.org/AuthorizeAction, http://schema.org/CommunicateAction, http://schema.org/DonateAction, http://schema.org/GiveAction, http://schema.org/Message, htt...

条目2：
- 名称：toRecipient
- 类型：Property
- 简介：A sub property of recipient. The recipient who was directly sent the message.
- 补充信息：domainIncludes: http://schema.org/Message | rangeIncludes: http://schema.org/Audience, http://schema.org/ContactPoint, http://schema.org/Organization, http://schema.org/Person",0,qwen-max-0125,0.0,8192,https://api2.aigcbest.top/v1,"判断结果：错误  
解释：根据背景知识，toRecipient是recipient的子属性，而公理表示recipient是toRecipient的子属性，与背景知识和RDFS语义规则冲突。",0,1,
sample_0342,subPropertyOf,actor ⊑p readBy,"背景知识：
条目1：
- 名称：actor
- 类型：Property
- 简介：An actor (individual or a group), e.g. in TV, radio, movie, video games etc., or in an event. Actors can be associated with individual items or with a series, episode, clip.
- 补充信息：domainIncludes: http://schema.org/Clip, http://schema.org/CreativeWorkSeason, http://schema.org/Episode, http://schema.org/Event, http://schema.org/Movie, http://schema.org/MovieSe...

条目2：
- 名称：readBy
- 类型：Property
- 简介：A person who reads (performs) the audiobook.
- 补充信息：domainIncludes: http://schema.org/Audiobook | rangeIncludes: http://schema.org/Person",0,qwen-max-0125,0.0,8192,https://api2.aigcbest.top/v1,"判断结果：错误  
解释：根据背景知识，actor的domainIncludes包含多种创意作品或事件，而readBy的domain仅限于Audiobook，两者的主体范围不一致，因此actor不可能是readBy的子属性。",0,1,
sample_0343,subPropertyOf,hasAddress ⊑p paymentUrl,"背景知识：
条目1：
- 名称：hasAddress
- 类型：Class
- 简介：hasAddress is a class in the knowledge base.

条目2：
- 名称：paymentUrl
- 类型：Property
- 简介：The URL for sending a payment.
- 补充信息：domainIncludes: http://schema.org/Order | rangeIncludes: http://schema.org/URL",0,qwen-max-0125,0.0,8192,https://api2.aigcbest.top/v1,"判断结果：错误  
解释：根据背景知识，hasAddress是一个类，而paymentUrl是一个属性，RDFS的subPropertyOf关系仅适用于属性之间，因此该公理不合理。",0,1,
sample_0344,subPropertyOf,dateCreated ⊑p legislationDate,"背景知识：
条目1：
- 名称：dateCreated
- 类型：Property
- 简介：The date on which the CreativeWork was created or the item was added to a DataFeed.
- 补充信息：domainIncludes: http://schema.org/CreativeWork, http://schema.org/DataFeedItem | rangeIncludes: http://schema.org/Date, http://schema.org/DateTime

条目2：
- 名称：legislationDate
- 类型：Property
- 简介：The date of adoption or signature of the legislation. This is the date at which the text is officially aknowledged to be a legislation, even though it might not even be published or in force.
- 补充信息：domainIncludes: http://schema.org/Legislation | rangeIncludes: http://schema.org/Date",0,qwen-max-0125,0.0,8192,https://api2.aigcbest.top/v1,"判断结果：错误  
解释：根据背景知识，dateCreated的domainIncludes包含CreativeWork和DataFeedItem，而legislationDate的domainIncludes仅为Legislation，两者的主体类不一致，因此dateCreated不可能是legislationDate的子属性。",0,1,
sample_0345,subPropertyOf,publishingPrinciples ⊑p unnamedSourcesPolicy,"背景知识：
条目1：
- 名称：publishingPrinciples
- 类型：Property
- 简介：The publishingPrinciples property indicates (typically via <a class=""localLink"" href=""/URL"">URL</a>) a document describing the editorial principles of an <a class=""localLink"" href=""/Organization"">Organization</a> (or individual, e.g. a <a c...
- 补充信息：domainIncludes: http://schema.org/CreativeWork, http://schema.org/Organization, http://schema.org/Person | rangeIncludes: http://schema.org/CreativeWork, http://schema.org/URL

条目2：
- 名称：unnamedSourcesPolicy
- 类型：Property
- 简介：For an <a class=""localLink"" href=""/Organization"">Organization</a> (typically a <a class=""localLink"" href=""/NewsMediaOrganization"">NewsMediaOrganization</a>), a statement about policy on use of unnamed sources and the decision process requir...
- 补充信息：domainIncludes: http://schema.org/NewsMediaOrganization, http://schema.org/Organization | rangeIncludes: http://schema.org/CreativeWork, http://schema.org/URL",0,qwen-max-0125,0.0,8192,https://api2.aigcbest.top/v1,"判断结果：错误  
解释：根据背景知识，publishingPrinciples和unnamedSourcesPolicy是两个独立的属性，分别描述不同的语义关系，且无任何包含或继承关系的依据。",0,1,
sample_0346,subPropertyOf,hasRepresentation ⊑p hasBioPolymerSequence,"背景知识：
条目1：
- 名称：hasRepresentation
- 类型：Property
- 简介：A common representation such as a protein sequence or chemical structure for this entity. For images use schema.org/image.
- 补充信息：domainIncludes: http://schema.org/BioChemEntity | rangeIncludes: http://schema.org/PropertyValue, http://schema.org/Text, http://schema.org/URL

条目2：
- 名称：hasBioPolymerSequence
- 类型：Property
- 简介：A symbolic representation of a BioChemEntity. For example, a nucleotide sequence of a Gene or an amino acid sequence of a Protein.
- 补充信息：domainIncludes: http://schema.org/Gene, http://schema.org/Protein | rangeIncludes: http://schema.org/Text",0,qwen-max-0125,0.0,8192,https://api2.aigcbest.top/v1,"判断结果：错误  
解释：根据背景知识，hasRepresentation的定义域包含BioChemEntity，而hasBioPolymerSequence的定义域仅限于Gene和Protein，因此hasRepresentation不能被认定为hasBioPolymerSequence的子属性。",0,1,
sample_0347,subPropertyOf,hasCurrency ⊑p priceCurrency,"背景知识：
条目1：
- 名称：hasCurrency
- 类型：Class
- 简介：hasCurrency is a class in the knowledge base.

条目2：
- 名称：priceCurrency
- 类型：Property
- 简介：The currency of the price, or a price component when attached to <a class=""localLink"" href=""/PriceSpecification"">PriceSpecification</a> and its subtypes.<br/><br/> Use standard formats: <a href=""http://en.wikipedia.org/wiki/ISO_4217"">ISO 42...
- 补充信息：domainIncludes: http://schema.org/DonateAction, http://schema.org/Offer, http://schema.org/PriceSpecification, http://schema.org/Reservation, http://schema.org/Ticket, http://schem...",0,qwen-max-0125,0.0,8192,https://api2.aigcbest.top/v1,"判断结果：错误  
解释：根据背景知识，hasCurrency是一个类，而priceCurrency是一个属性，RDFS中subPropertyOf关系仅适用于属性之间，因此该公理不合理。",0,1,
sample_0348,subPropertyOf,location ⊑p itemLocation,"背景知识：
条目1：
- 名称：location
- 类型：Property
- 简介：The location of, for example, where an event is happening, where an organization is located, or where an action takes place.
- 补充信息：domainIncludes: http://schema.org/Action, http://schema.org/Event, http://schema.org/InteractionCounter, http://schema.org/Organization | rangeIncludes: http://schema.org/Place, ht...

条目2：
- 名称：itemLocation
- 类型：Property
- 简介：Current location of the item.
- 补充信息：domainIncludes: http://schema.org/ArchiveComponent | rangeIncludes: http://schema.org/Place, http://schema.org/PostalAddress, http://schema.org/Text",0,qwen-max-0125,0.0,8192,https://api2.aigcbest.top/v1,"判断结果：错误  
解释：根据背景知识，location的定义域包括Action、Event等，而itemLocation的定义域仅为ArchiveComponent，两者语义范围不一致，因此location不是itemLocation的子属性。",0,1,
sample_0349,subPropertyOf,spatialCoverage ⊑p legislationJurisdiction,"背景知识：
条目1：
- 名称：spatialCoverage
- 类型：Property
- 简介：The spatialCoverage of a CreativeWork indicates the place(s) which are the focus of the content. It is a subproperty of contentLocation intended primarily for more technical and detailed materials. For example with a Dataset, it indicates a...
- 补充信息：domainIncludes: http://schema.org/CreativeWork | rangeIncludes: http://schema.org/Place

条目2：
- 名称：legislationJurisdiction
- 类型：Property
- 简介：The jurisdiction from which the legislation originates.
- 补充信息：domainIncludes: http://schema.org/Legislation | rangeIncludes: http://schema.org/AdministrativeArea, http://schema.org/Text",0,qwen-max-0125,0.0,8192,https://api2.aigcbest.top/v1,"判断结果：错误  
解释：根据背景知识，spatialCoverage的domain是CreativeWork，而legislationJurisdiction的domain是Legislation，两者领域不一致，因此spatialCoverage不可能是legislationJurisdiction的子属性。",0,1,
sample_0350,subPropertyOf,identifier ⊑p duns,"背景知识：
条目1：
- 名称：identifier
- 类型：Property
- 简介：The identifier property represents any kind of identifier for any kind of <a class=""localLink"" href=""/Thing"">Thing</a>, such as ISBNs, GTIN codes, UUIDs etc. Schema.org provides dedicated properties for representing many of these, either as...
- 补充信息：domainIncludes: http://schema.org/Thing | rangeIncludes: http://schema.org/PropertyValue, http://schema.org/Text, http://schema.org/URL

条目2：
- 名称：duns
- 类型：Property
- 简介：The Dun &amp; Bradstreet DUNS number for identifying an organization or business person.
- 补充信息：domainIncludes: http://schema.org/Organization, http://schema.org/Person | rangeIncludes: http://schema.org/Text",0,qwen-max-0125,0.0,8192,https://api2.aigcbest.top/v1,"判断结果：错误  
解释：根据背景知识，identifier的domainIncludes为Thing，而duns的domainIncludes为Organization和Person，两者的适用范围不一致，因此identifier不是duns的子属性。",0,1,
sample_0351,subPropertyOf,hasRegistrationIdentifier ⊑p certificationIdentification,"背景知识：
条目1：
- 名称：hasRegistrationIdentifier
- 类型：Class
- 简介：hasRegistrationIdentifier is a class in the knowledge base.

条目2：
- 名称：certificationIdentification
- 类型：Property
- 简介：Identifier of a certification instance (as registered with an independent certification body). Typically this identifier can be used to consult and verify the certification instance. See also <a href=""https://www.gs1.org/voc/certificationId...
- 补充信息：domainIncludes: http://schema.org/Certification | rangeIncludes: http://schema.org/DefinedTerm, http://schema.org/Text",0,qwen-max-0125,0.0,8192,https://api2.aigcbest.top/v1,"判断结果：错误  
解释：hasRegistrationIdentifier 是一个类，而 certificationIdentification 是一个属性，根据 RDFS 语义规则，类与属性之间不能直接建立 subPropertyOf 关系。",0,1,
sample_0352,subPropertyOf,description ⊑p sha256,"背景知识：
条目1：
- 名称：description
- 类型：Property
- 简介：A description of the item.
- 补充信息：domainIncludes: http://schema.org/Thing | rangeIncludes: http://schema.org/Text, http://schema.org/TextObject

条目2：
- 名称：sha256
- 类型：Property
- 简介：The <a href=""https://en.wikipedia.org/wiki/SHA-2"">SHA-2</a> SHA256 hash of the content of the item. For example, a zero-length input has value 'e3b0c44298fc1c149afbf4c8996fb92427ae41e4649b934ca495991b7852b855'.
- 补充信息：domainIncludes: http://schema.org/MediaObject | rangeIncludes: http://schema.org/Text",0,qwen-max-0125,0.0,8192,https://api2.aigcbest.top/v1,"判断结果：错误  
解释：根据背景知识，description的domainIncludes为Thing，而sha256的domainIncludes为MediaObject，两者领域不一致，且语义上description描述内容与sha256表示哈希值无包含关系，因此该公理不合理。",0,1,
sample_0353,subPropertyOf,hasUpperBound ⊑p maxPrice,"背景知识：
条目1：
- 名称：hasUpperBound
- 类型：Class
- 简介：hasUpperBound is a class in the knowledge base.

条目2：
- 名称：maxPrice
- 类型：Property
- 简介：The highest price if the price is a range.
- 补充信息：domainIncludes: http://schema.org/PriceSpecification | rangeIncludes: http://schema.org/Number",0,qwen-max-0125,0.0,8192,https://api2.aigcbest.top/v1,"判断结果：错误  
解释：根据背景知识，hasUpperBound是一个类，而maxPrice是一个属性，RDFS中subPropertyOf关系仅适用于属性之间，因此该公理语义上不合理。",0,1,
sample_0354,subPropertyOf,identifier ⊑p confirmationNumber,"背景知识：
条目1：
- 名称：identifier
- 类型：Property
- 简介：The identifier property represents any kind of identifier for any kind of <a class=""localLink"" href=""/Thing"">Thing</a>, such as ISBNs, GTIN codes, UUIDs etc. Schema.org provides dedicated properties for representing many of these, either as...
- 补充信息：domainIncludes: http://schema.org/Thing | rangeIncludes: http://schema.org/PropertyValue, http://schema.org/Text, http://schema.org/URL

条目2：
- 名称：confirmationNumber
- 类型：Property
- 简介：A number that confirms the given order or payment has been received.
- 补充信息：domainIncludes: http://schema.org/Invoice, http://schema.org/Order | rangeIncludes: http://schema.org/Text",0,qwen-max-0125,0.0,8192,https://api2.aigcbest.top/v1,"判断结果：错误  
解释：根据背景知识，identifier的domainIncludes为Thing，而confirmationNumber的domainIncludes为Invoice和Order，两者的适用范围不一致，因此identifier不可能是confirmationNumber的子属性。",0,1,
sample_0355,subPropertyOf,hasDesignation ⊑p brand,"背景知识：
条目1：
- 名称：hasDesignation
- 类型：Class
- 简介：hasDesignation is a class in the knowledge base.

条目2：
- 名称：brand
- 类型：Property
- 简介：The brand(s) associated with a product or service, or the brand(s) maintained by an organization or business person.
- 补充信息：domainIncludes: http://schema.org/Organization, http://schema.org/Person, http://schema.org/Product, http://schema.org/Service | rangeIncludes: http://schema.org/Brand, http://sche...",0,qwen-max-0125,0.0,8192,https://api2.aigcbest.top/v1,"判断结果：错误  
解释：根据背景知识，hasDesignation是一个类，而brand是一个属性，RDFS中subPropertyOf关系仅适用于属性之间，因此该公理违反了RDFS语义规则。",0,1,
sample_0356,subPropertyOf,hasDate ⊑p orderDate,"背景知识：
条目1：
- 名称：hasDate
- 类型：Class
- 简介：hasDate is a class in the knowledge base.

条目2：
- 名称：orderDate
- 类型：Property
- 简介：Date order was placed.
- 补充信息：domainIncludes: http://schema.org/Order | rangeIncludes: http://schema.org/Date, http://schema.org/DateTime",0,qwen-max-0125,0.0,8192,https://api2.aigcbest.top/v1,"判断结果：错误  
解释：根据背景知识，hasDate是一个类，而orderDate是一个属性，RDFS中subPropertyOf关系仅适用于属性之间，因此该公理不合理。",0,1,
sample_0357,subPropertyOf,description ⊑p originalMediaContextDescription,"背景知识：
条目1：
- 名称：description
- 类型：Property
- 简介：A description of the item.
- 补充信息：domainIncludes: http://schema.org/Thing | rangeIncludes: http://schema.org/Text, http://schema.org/TextObject

条目2：
- 名称：originalMediaContextDescription
- 类型：Property
- 简介：Describes, in a <a class=""localLink"" href=""/MediaReview"">MediaReview</a> when dealing with <a class=""localLink"" href=""/DecontextualizedContent"">DecontextualizedContent</a>, background information that can contribute to better interpretation...
- 补充信息：domainIncludes: http://schema.org/MediaReview | rangeIncludes: http://schema.org/Text",0,qwen-max-0125,0.0,8192,https://api2.aigcbest.top/v1,"判断结果：错误  
解释：根据背景知识，description的domainIncludes为Thing，而originalMediaContextDescription的domainIncludes为MediaReview，两者在定义域上不兼容，因此description不可能是originalMediaContextDescription的子属性。",0,1,
sample_0358,subPropertyOf,identifier ⊑p gtin8,"背景知识：
条目1：
- 名称：identifier
- 类型：Property
- 简介：The identifier property represents any kind of identifier for any kind of <a class=""localLink"" href=""/Thing"">Thing</a>, such as ISBNs, GTIN codes, UUIDs etc. Schema.org provides dedicated properties for representing many of these, either as...
- 补充信息：domainIncludes: http://schema.org/Thing | rangeIncludes: http://schema.org/PropertyValue, http://schema.org/Text, http://schema.org/URL

条目2：
- 名称：gtin8
- 类型：Property
- 简介：The GTIN-8 code of the product, or the product to which the offer refers. This code is also known as EAN/UCC-8 or 8-digit EAN. See <a href=""http://www.gs1.org/barcodes/technical/idkeys/gtin"">GS1 GTIN Summary</a> for more details.
- 补充信息：domainIncludes: http://schema.org/Demand, http://schema.org/Offer, http://schema.org/Product | rangeIncludes: http://schema.org/Text",0,qwen-max-0125,0.0,8192,https://api2.aigcbest.top/v1,"判断结果：错误  
解释：根据背景知识，identifier的定义域包含Thing，而gtin8的定义域为Demand、Offer和Product，两者的定义域不一致，且identifier并未被描述为gtin8的子属性，因此该公理与语义规则冲突。",0,1,
sample_0359,subPropertyOf,gtin ⊑p gtin8,"背景知识：
条目1：
- 名称：gtin
- 类型：Property
- 简介：A Global Trade Item Number (<a href=""https://www.gs1.org/standards/id-keys/gtin"">GTIN</a>). GTINs identify trade items, including products and services, using numeric identification codes.<br/><br/> A correct <a class=""localLink"" href=""/gti...
- 补充信息：domainIncludes: http://schema.org/Demand, http://schema.org/Offer, http://schema.org/Product | rangeIncludes: http://schema.org/Text, http://schema.org/URL

条目2：
- 名称：gtin8
- 类型：Property
- 简介：The GTIN-8 code of the product, or the product to which the offer refers. This code is also known as EAN/UCC-8 or 8-digit EAN. See <a href=""http://www.gs1.org/barcodes/technical/idkeys/gtin"">GS1 GTIN Summary</a> for more details.
- 补充信息：domainIncludes: http://schema.org/Demand, http://schema.org/Offer, http://schema.org/Product | rangeIncludes: http://schema.org/Text",0,qwen-max-0125,0.0,8192,https://api2.aigcbest.top/v1,"判断结果：错误  
解释：根据背景知识，gtin和gtin8是两个独立的属性，且gtin的范围包括Text和URL，而gtin8的范围仅为Text，无法推导出gtin是gtin8的子属性。",0,1,
sample_0360,subPropertyOf,publishingPrinciples ⊑p actionableFeedbackPolicy,"背景知识：
条目1：
- 名称：publishingPrinciples
- 类型：Property
- 简介：The publishingPrinciples property indicates (typically via <a class=""localLink"" href=""/URL"">URL</a>) a document describing the editorial principles of an <a class=""localLink"" href=""/Organization"">Organization</a> (or individual, e.g. a <a c...
- 补充信息：domainIncludes: http://schema.org/CreativeWork, http://schema.org/Organization, http://schema.org/Person | rangeIncludes: http://schema.org/CreativeWork, http://schema.org/URL

条目2：
- 名称：actionableFeedbackPolicy
- 类型：Property
- 简介：For a <a class=""localLink"" href=""/NewsMediaOrganization"">NewsMediaOrganization</a> or other news-related <a class=""localLink"" href=""/Organization"">Organization</a>, a statement about public engagement activities (for news media, the newsroo...
- 补充信息：domainIncludes: http://schema.org/NewsMediaOrganization, http://schema.org/Organization | rangeIncludes: http://schema.org/CreativeWork, http://schema.org/URL",0,qwen-max-0125,0.0,8192,https://api2.aigcbest.top/v1,"判断结果：错误  
解释：根据背景知识，publishingPrinciples和actionableFeedbackPolicy是两个独立的属性，分别描述不同的语义关系，且无任何包含关系的依据，因此该公理与RDFS语义规则冲突。",0,1,
sample_0361,domain,domain(price) = Place,"背景知识：
条目1：
- 名称：price
- 类型：Property
- 简介：The offer price of a product, or of a price component when attached to PriceSpecification and its subtypes.<br/><br/> Usage guidelines:<br/><br/> <ul> <li>Use the <a class=""localLink"" href=""/priceCurrency"">priceCurrency</a> property (with s...
- 补充信息：domainIncludes: http://schema.org/DonateAction, http://schema.org/Offer, http://schema.org/PriceSpecification, http://schema.org/TradeAction | rangeIncludes: http://schema.org/Numb...

条目2：
- 名称：Place
- 类型：Property
- 简介：Place may refer to:",0,qwen-max-0125,0.0,8192,https://api2.aigcbest.top/v1,"判断结果：错误  
解释：根据背景知识，price的domainIncludes为DonateAction、Offer、PriceSpecification和TradeAction，而非Place，因此该公理与背景知识冲突。",0,1,
sample_0362,domain,domain(cvdNumBeds) = Service,"背景知识：
条目1：
- 名称：cvdNumBeds
- 类型：Property
- 简介：numbeds - HOSPITAL INPATIENT BEDS: Inpatient beds, including all staffed, licensed, and overflow (surge) beds used for inpatients.
- 补充信息：domainIncludes: http://schema.org/CDCPMDRecord | rangeIncludes: http://schema.org/Number

条目2：
- 名称：Service
- 类型：Property
- 简介：Service may refer to:",0,qwen-max-0125,0.0,8192,https://api2.aigcbest.top/v1,"判断结果：错误  
解释：根据背景知识，cvdNumBeds的domain应为CDCPMDRecord，而非Service，因此该公理与背景知识冲突。",0,1,
sample_0363,domain,domain(screenshot) = CDCPMDRecord,"背景知识：
条目1：
- 名称：screenshot
- 类型：Property
- 简介：A link to a screenshot image of the app.
- 补充信息：domainIncludes: http://schema.org/SoftwareApplication | rangeIncludes: http://schema.org/ImageObject, http://schema.org/URL

条目2：
- 名称：CDCPMDRecord
- 类型：Property
- 简介：CDCPMDRecord is a property in the knowledge base.",0,qwen-max-0125,0.0,8192,https://api2.aigcbest.top/v1,"判断结果：错误  
解释：根据背景知识，screenshot的domain应为SoftwareApplication，而非CDCPMDRecord。",0,1,
sample_0364,domain,domain(activeIngredient) = LiveBlogPosting,"背景知识：
条目1：
- 名称：activeIngredient
- 类型：Property
- 简介：An active ingredient, typically chemical compounds and/or biologic substances.
- 补充信息：domainIncludes: http://schema.org/DietarySupplement, http://schema.org/Drug, http://schema.org/DrugStrength, http://schema.org/Substance | rangeIncludes: http://schema.org/Text

条目2：
- 名称：LiveBlogPosting
- 类型：Property
- 简介：LiveBlogPosting is a property in the knowledge base.",0,qwen-max-0125,0.0,8192,https://api2.aigcbest.top/v1,"判断结果：错误  
解释：根据背景知识，activeIngredient的domain应为DietarySupplement、Drug、DrugStrength或Substance，而非LiveBlogPosting。",0,1,
sample_0365,domain,domain(performer) = Person,"背景知识：
条目1：
- 名称：performer
- 类型：Property
- 简介：A performer at the event&#x2014;for example, a presenter, musician, musical group or actor.
- 补充信息：domainIncludes: http://schema.org/Event | rangeIncludes: http://schema.org/Organization, http://schema.org/Person

条目2：
- 名称：Person
- 类型：Property
- 简介：A person is a being who has certain capacities or attributes such as reason, morality, consciousness or self-consciousness, and being a part of a culturally established form of social relations such as kinship, ownership of property, or leg...",0,qwen-max-0125,0.0,8192,https://api2.aigcbest.top/v1,"判断结果：错误  
解释：根据背景知识，performer的domainIncludes为Event，而非Person，因此该公理与背景知识冲突。",0,1,
sample_0366,domain,domain(legislationType) = MerchantReturnPolicySeasonalOverride,"背景知识：
条目1：
- 名称：legislationType
- 类型：Property
- 简介：The type of the legislation. Examples of values are ""law"", ""act"", ""directive"", ""decree"", ""regulation"", ""statutory instrument"", ""loi organique"", ""règlement grand-ducal"", etc., depending on the country.
- 补充信息：domainIncludes: http://schema.org/Legislation | rangeIncludes: http://schema.org/CategoryCode, http://schema.org/Text

条目2：
- 名称：MerchantReturnPolicySeasonalOverride
- 类型：Property
- 简介：MerchantReturnPolicySeasonalOverride is a property in the knowledge base.",0,qwen-max-0125,0.0,8192,https://api2.aigcbest.top/v1,"判断结果：错误  
解释：根据背景知识，legislationType的domain应为Legislation类，而MerchantReturnPolicySeasonalOverride是一个属性，与语义规则冲突。",0,1,
sample_0367,domain,domain(memberOf) = HowTo,"背景知识：
条目1：
- 名称：memberOf
- 类型：Property
- 简介：An Organization (or ProgramMembership) to which this Person or Organization belongs.
- 补充信息：domainIncludes: http://schema.org/Organization, http://schema.org/Person | rangeIncludes: http://schema.org/MemberProgramTier, http://schema.org/Organization, http://schema.org/Pro...

条目2：
- 名称：HowTo
- 类型：Property
- 简介：How to or how-to may refer to:A user guide A tutorial Especially, instructional material created for the do it yourself market",0,qwen-max-0125,0.0,8192,https://api2.aigcbest.top/v1,"判断结果：错误  
解释：根据背景知识，memberOf的domain应为Person或Organization，而非HowTo，与公理冲突。",0,1,
sample_0368,domain,domain(serviceArea) = Organization,"背景知识：
条目1：
- 名称：serviceArea
- 类型：Property
- 简介：The geographic area where the service is provided.
- 补充信息：domainIncludes: http://schema.org/ContactPoint, http://schema.org/Organization, http://schema.org/Service | rangeIncludes: http://schema.org/AdministrativeArea, http://schema.org/G...

条目2：
- 名称：Organization
- 类型：Property
- 简介：An organization or organisation is an entity—such as a company, or corporation or an institution, or an association—comprising one or more people and having a particular purpose.",0,qwen-max-0125,0.0,8192,https://api2.aigcbest.top/v1,"判断结果：错误  
解释：根据背景知识，serviceArea的domainIncludes包含ContactPoint、Organization和服务Service，而不仅仅是Organization，因此该公理与背景知识冲突。",0,1,
sample_0369,domain,domain(step) = Action,"背景知识：
条目1：
- 名称：step
- 类型：Property
- 简介：A single step item (as HowToStep, text, document, video, etc.) or a HowToSection.
- 补充信息：domainIncludes: http://schema.org/HowTo | rangeIncludes: http://schema.org/CreativeWork, http://schema.org/HowToSection, http://schema.org/HowToStep, http://schema.org/Text

条目2：
- 名称：Action
- 类型：Property
- 简介：Action may refer to:Action (philosophy), something which is done by a person Action principles the heart of fundamental physics Action (narrative), a literary mode Action fiction, a type of genre fiction Action game, a genre of video game",0,qwen-max-0125,0.0,8192,https://api2.aigcbest.top/v1,"判断结果：错误  
解释：根据背景知识，step的domainIncludes为HowTo，而非Action，因此该公理与背景知识冲突。",0,1,
sample_0370,domain,domain(practicesAt) = MenuItem,"背景知识：
条目1：
- 名称：practicesAt
- 类型：Property
- 简介：A <a class=""localLink"" href=""/MedicalOrganization"">MedicalOrganization</a> where the <a class=""localLink"" href=""/IndividualPhysician"">IndividualPhysician</a> practices.
- 补充信息：domainIncludes: http://schema.org/IndividualPhysician | rangeIncludes: http://schema.org/MedicalOrganization

条目2：
- 名称：MenuItem
- 类型：Property
- 简介：MenuItem is a property in the knowledge base.",0,qwen-max-0125,0.0,8192,https://api2.aigcbest.top/v1,"判断结果：错误  
解释：根据背景知识，practicesAt的domain应为IndividualPhysician，而非MenuItem，与公理描述不符。",0,1,
sample_0371,domain,domain(penciler) = Legislation,"背景知识：
条目1：
- 名称：penciler
- 类型：Property
- 简介：The individual who draws the primary narrative artwork.
- 补充信息：domainIncludes: http://schema.org/ComicIssue, http://schema.org/ComicStory, http://schema.org/VisualArtwork | rangeIncludes: http://schema.org/Person

条目2：
- 名称：Legislation
- 类型：Property
- 简介：Legislation is the process or result of enrolling, enacting, or promulgating laws by a legislature, parliament, or analogous governing body. Before an item of legislation becomes law it may be known as a bill, and may be broadly referred to...",0,qwen-max-0125,0.0,8192,https://api2.aigcbest.top/v1,"判断结果：错误  
解释：根据背景知识，penciler的domain应为ComicIssue、ComicStory或VisualArtwork，而非Legislation，与语义规则冲突。",0,1,
sample_0372,domain,domain(countryOfOrigin) = MusicRecording,"背景知识：
条目1：
- 名称：countryOfOrigin
- 类型：Property
- 简介：The country of origin of something, including products as well as creative works such as movie and TV content.<br/><br/> In the case of TV and movie, this would be the country of the principle offices of the production company or individual...
- 补充信息：domainIncludes: http://schema.org/CreativeWork, http://schema.org/Movie, http://schema.org/Product, http://schema.org/TVEpisode, http://schema.org/TVSeason, http://schema.org/TVSer...

条目2：
- 名称：MusicRecording
- 类型：Property
- 简介：Sound recording and reproduction is the electrical, mechanical, electronic, or digital inscription and re-creation of sound waves, such as spoken voice, singing, instrumental music, or sound effects. The two main classes of sound recording....",0,qwen-max-0125,0.0,8192,https://api2.aigcbest.top/v1,"判断结果：错误  
解释：根据背景知识，countryOfOrigin的domainIncludes未包含MusicRecording，且MusicRecording是一个类而非属性，与公理语义不符。",0,1,
sample_0373,domain,domain(numConstraints) = ShippingConditions,"背景知识：
条目1：
- 名称：numConstraints
- 类型：Property
- 简介：Indicates the number of constraints property values defined for a particular <a class=""localLink"" href=""/ConstraintNode"">ConstraintNode</a> such as <a class=""localLink"" href=""/StatisticalVariable"">StatisticalVariable</a>. This helps applica...
- 补充信息：domainIncludes: http://schema.org/ConstraintNode | rangeIncludes: http://schema.org/Integer

条目2：
- 名称：ShippingConditions
- 类型：Property
- 简介：ShippingConditions is a property in the knowledge base.",0,qwen-max-0125,0.0,8192,https://api2.aigcbest.top/v1,"判断结果：错误  
解释：根据背景知识，numConstraints的domain应为ConstraintNode，而非ShippingConditions。",0,1,
sample_0374,domain,domain(attendee) = SoftwareApplication,"背景知识：
条目1：
- 名称：attendee
- 类型：Property
- 简介：A person or organization attending the event.
- 补充信息：domainIncludes: http://schema.org/Event | rangeIncludes: http://schema.org/Organization, http://schema.org/Person

条目2：
- 名称：SoftwareApplication
- 类型：Property
- 简介：Application software is software that is intended for end-user use – not operating, administering or programming a computer. It includes programs such as word processors, web browsers, media players, and mobile applications used in daily ta...",0,qwen-max-0125,0.0,8192,https://api2.aigcbest.top/v1,"判断结果：错误  
解释：根据背景知识，attendee的domain应为Event，而SoftwareApplication与Event无包含关系，因此该公理与背景知识冲突。",0,1,
sample_0375,domain,domain(letterer) = CDCPMDRecord,"背景知识：
条目1：
- 名称：letterer
- 类型：Property
- 简介：The individual who adds lettering, including speech balloons and sound effects, to artwork.
- 补充信息：domainIncludes: http://schema.org/ComicIssue, http://schema.org/ComicStory, http://schema.org/VisualArtwork | rangeIncludes: http://schema.org/Person

条目2：
- 名称：CDCPMDRecord
- 类型：Property
- 简介：CDCPMDRecord is a property in the knowledge base.",0,qwen-max-0125,0.0,8192,https://api2.aigcbest.top/v1,"判断结果：错误  
解释：根据背景知识，letterer的domainIncludes为ComicIssue、ComicStory和VisualArtwork，而非CDCPMDRecord，因此该公理与背景知识冲突。",0,1,
sample_0376,domain,domain(cvdFacilityCounty) = Legislation,"背景知识：
条目1：
- 名称：cvdFacilityCounty
- 类型：Property
- 简介：Name of the County of the NHSN facility that this data record applies to. Use <a class=""localLink"" href=""/cvdFacilityId"">cvdFacilityId</a> to identify the facility. To provide other details, <a class=""localLink"" href=""/healthcareReportingDa...
- 补充信息：domainIncludes: http://schema.org/CDCPMDRecord | rangeIncludes: http://schema.org/Text

条目2：
- 名称：Legislation
- 类型：Property
- 简介：Legislation is the process or result of enrolling, enacting, or promulgating laws by a legislature, parliament, or analogous governing body. Before an item of legislation becomes law it may be known as a bill, and may be broadly referred to...",0,qwen-max-0125,0.0,8192,https://api2.aigcbest.top/v1,"判断结果：错误  
解释：根据背景知识，cvdFacilityCounty的domain应为CDCPMDRecord，而非Legislation，与公理定义冲突。",0,1,
sample_0377,domain,domain(merchantReturnDays) = VisualArtwork,"背景知识：
条目1：
- 名称：merchantReturnDays
- 类型：Property
- 简介：Specifies either a fixed return date or the number of days (from the delivery date) that a product can be returned. Used when the <a class=""localLink"" href=""/returnPolicyCategory"">returnPolicyCategory</a> property is specified as <a class=""...
- 补充信息：domainIncludes: http://schema.org/MerchantReturnPolicy, http://schema.org/MerchantReturnPolicySeasonalOverride | rangeIncludes: http://schema.org/Date, http://schema.org/DateTime,....

条目2：
- 名称：VisualArtwork
- 类型：Property
- 简介：VisualArtwork is a property in the knowledge base.",0,qwen-max-0125,0.0,8192,https://api2.aigcbest.top/v1,"判断结果：错误  
解释：根据背景知识，merchantReturnDays的domain应为MerchantReturnPolicy或MerchantReturnPolicySeasonalOverride，而非VisualArtwork，因此该公理与背景知识冲突。",0,1,
sample_0378,domain,domain(birthPlace) = MerchantReturnPolicySeasonalOverride,"背景知识：
条目1：
- 名称：birthPlace
- 类型：Property
- 简介：The place where the person was born.
- 补充信息：domainIncludes: http://schema.org/Person | rangeIncludes: http://schema.org/Place

条目2：
- 名称：MerchantReturnPolicySeasonalOverride
- 类型：Property
- 简介：MerchantReturnPolicySeasonalOverride is a property in the knowledge base.",0,qwen-max-0125,0.0,8192,https://api2.aigcbest.top/v1,"判断结果：错误  
解释：根据背景知识，birthPlace的domain应为Person，而MerchantReturnPolicySeasonalOverride是一个Property，与birthPlace的定义不符。",0,1,
sample_0379,domain,domain(width) = HotelRoom,"背景知识：
条目1：
- 名称：width
- 类型：Property
- 简介：The width of the item.
- 补充信息：domainIncludes: http://schema.org/MediaObject, http://schema.org/OfferShippingDetails, http://schema.org/Product, http://schema.org/ShippingConditions, http://schema.org/VisualArtw...

条目2：
- 名称：HotelRoom
- 类型：Property
- 简介：Hotel Room is an American drama anthology series that aired for three episodes on HBO on January 8, 1993, with a rerun the next night. Created by Monty Montgomery and David Lynch, each episode stars a different cast and takes place in the s...",0,qwen-max-0125,0.0,8192,https://api2.aigcbest.top/v1,"判断结果：错误  
解释：根据背景知识，width的domainIncludes包含多个类（如MediaObject、Product等），而HotelRoom并未在其中，因此该公理与背景知识冲突。",0,1,
sample_0380,domain,domain(coverageEndTime) = GeoCoordinates,"背景知识：
条目1：
- 名称：coverageEndTime
- 类型：Property
- 简介：The time when the live blog will stop covering the Event. Note that coverage may continue after the Event concludes.
- 补充信息：domainIncludes: http://schema.org/LiveBlogPosting | rangeIncludes: http://schema.org/DateTime

条目2：
- 名称：GeoCoordinates
- 类型：Property
- 简介：GeoCoordinates is a property in the knowledge base.",0,qwen-max-0125,0.0,8192,https://api2.aigcbest.top/v1,"判断结果：错误  
解释：根据背景知识，coverageEndTime的domain应为LiveBlogPosting，而非GeoCoordinates。",0,1,
sample_0381,domain,domain(status) = CDCPMDRecord,"背景知识：
条目1：
- 名称：status
- 类型：Property
- 简介：The status of the study (enumerated).
- 补充信息：domainIncludes: http://schema.org/MedicalCondition, http://schema.org/MedicalProcedure, http://schema.org/MedicalStudy | rangeIncludes: http://schema.org/EventStatusType, http://sc...

条目2：
- 名称：CDCPMDRecord
- 类型：Property
- 简介：CDCPMDRecord is a property in the knowledge base.",0,qwen-max-0125,0.0,8192,https://api2.aigcbest.top/v1,"判断结果：错误  
解释：根据背景知识，status的domainIncludes为MedicalCondition、MedicalProcedure和MedicalStudy，而非CDCPMDRecord，因此该公理与背景知识冲突。",0,1,
sample_0382,domain,domain(industry) = Reservation,"背景知识：
条目1：
- 名称：industry
- 类型：Property
- 简介：The industry associated with the job position.
- 补充信息：domainIncludes: http://schema.org/JobPosting | rangeIncludes: http://schema.org/DefinedTerm, http://schema.org/Text

条目2：
- 名称：Reservation
- 类型：Property
- 简介：Reservation may refer to:",0,qwen-max-0125,0.0,8192,https://api2.aigcbest.top/v1,"判断结果：错误  
解释：根据背景知识，industry的domainIncludes为JobPosting，而Reservation并未被定义为industry的合法主体类，因此该公理与背景知识冲突。",0,1,
sample_0383,domain,domain(slogan) = ConstraintNode,"背景知识：
条目1：
- 名称：slogan
- 类型：Property
- 简介：A slogan or motto associated with the item.
- 补充信息：domainIncludes: http://schema.org/Brand, http://schema.org/Organization, http://schema.org/Place, http://schema.org/Product, http://schema.org/Service | rangeIncludes: http://schem...

条目2：
- 名称：ConstraintNode
- 类型：Property
- 简介：ConstraintNode is a property in the knowledge base.",0,qwen-max-0125,0.0,8192,https://api2.aigcbest.top/v1,"判断结果：错误  
解释：根据背景知识，slogan的domainIncludes为Brand、Organization、Place、Product和Service，而未提及ConstraintNode，因此domain(slogan) = ConstraintNode与背景知识冲突。",0,1,
sample_0384,domain,domain(diversityStaffingReport) = WriteAction,"背景知识：
条目1：
- 名称：diversityStaffingReport
- 类型：Property
- 简介：For an <a class=""localLink"" href=""/Organization"">Organization</a> (often but not necessarily a <a class=""localLink"" href=""/NewsMediaOrganization"">NewsMediaOrganization</a>), a report on staffing diversity issues. In a news context this migh...
- 补充信息：domainIncludes: http://schema.org/NewsMediaOrganization, http://schema.org/Organization | rangeIncludes: http://schema.org/Article, http://schema.org/URL

条目2：
- 名称：WriteAction
- 类型：Property
- 简介：WriteAction is a property in the knowledge base.",0,qwen-max-0125,0.0,8192,https://api2.aigcbest.top/v1,"判断结果：错误  
解释：根据背景知识，diversityStaffingReport的domain应为Organization或NewsMediaOrganization，而非WriteAction。",0,1,
sample_0385,domain,domain(handlingTime) = DeliveryTimeSettings,"背景知识：
条目1：
- 名称：handlingTime
- 类型：Property
- 简介：The typical delay between the receipt of the order and the goods either leaving the warehouse or being prepared for pickup, in case the delivery method is on site pickup.<br/><br/> In the context of <a class=""localLink"" href=""/ShippingDeliv...
- 补充信息：domainIncludes: http://schema.org/ShippingDeliveryTime, http://schema.org/ShippingService | rangeIncludes: http://schema.org/QuantitativeValue, http://schema.org/ServicePeriod

条目2：
- 名称：DeliveryTimeSettings
- 类型：Property
- 简介：DeliveryTimeSettings is a property in the knowledge base.",0,qwen-max-0125,0.0,8192,https://api2.aigcbest.top/v1,"判断结果：错误  
解释：根据背景知识，handlingTime的domainIncludes为ShippingDeliveryTime和ShippingService，而非DeliveryTimeSettings，因此该公理与背景知识冲突。",0,1,
sample_0386,domain,domain(weight) = MenuItem,"背景知识：
条目1：
- 名称：weight
- 类型：Property
- 简介：The weight of the product or person.
- 补充信息：domainIncludes: http://schema.org/OfferShippingDetails, http://schema.org/Person, http://schema.org/Product, http://schema.org/ShippingConditions, http://schema.org/VisualArtwork |...

条目2：
- 名称：MenuItem
- 类型：Property
- 简介：MenuItem is a property in the knowledge base.",0,qwen-max-0125,0.0,8192,https://api2.aigcbest.top/v1,"判断结果：错误  
解释：根据背景知识，weight的domainIncludes包含多个类（如OfferShippingDetails、Person等），而MenuItem并未在其中，因此该公理与背景知识冲突。",0,1,
sample_0387,domain,domain(contactPoint) = EducationalOccupationalProgram,"背景知识：
条目1：
- 名称：contactPoint
- 类型：Property
- 简介：A contact point for a person or organization.
- 补充信息：domainIncludes: http://schema.org/HealthInsurancePlan, http://schema.org/Organization, http://schema.org/Person | rangeIncludes: http://schema.org/ContactPoint

条目2：
- 名称：EducationalOccupationalProgram
- 类型：Property
- 简介：EducationalOccupationalProgram is a property in the knowledge base.",0,qwen-max-0125,0.0,8192,https://api2.aigcbest.top/v1,"判断结果：错误  
解释：根据背景知识，contactPoint的domainIncludes为HealthInsurancePlan、Organization和Person，而EducationalOccupationalProgram并未包含在其中，因此该公理与背景知识冲突。",0,1,
sample_0388,domain,domain(funding) = MerchantReturnPolicySeasonalOverride,"背景知识：
条目1：
- 名称：funding
- 类型：Property
- 简介：A <a class=""localLink"" href=""/Grant"">Grant</a> that directly or indirectly provide funding or sponsorship for this item. See also <a class=""localLink"" href=""/ownershipFundingInfo"">ownershipFundingInfo</a>.
- 补充信息：domainIncludes: http://schema.org/BioChemEntity, http://schema.org/CreativeWork, http://schema.org/Event, http://schema.org/MedicalEntity, http://schema.org/Organization, http://sc...

条目2：
- 名称：MerchantReturnPolicySeasonalOverride
- 类型：Property
- 简介：MerchantReturnPolicySeasonalOverride is a property in the knowledge base.",0,qwen-max-0125,0.0,8192,https://api2.aigcbest.top/v1,"判断结果：错误  
解释：根据背景知识，funding的domainIncludes多个类（如BioChemEntity、CreativeWork等），而MerchantReturnPolicySeasonalOverride是一个Property，与funding的domain定义不符。",0,1,
sample_0389,domain,domain(price) = SoftwareSourceCode,"背景知识：
条目1：
- 名称：price
- 类型：Property
- 简介：The offer price of a product, or of a price component when attached to PriceSpecification and its subtypes.<br/><br/> Usage guidelines:<br/><br/> <ul> <li>Use the <a class=""localLink"" href=""/priceCurrency"">priceCurrency</a> property (with s...
- 补充信息：domainIncludes: http://schema.org/DonateAction, http://schema.org/Offer, http://schema.org/PriceSpecification, http://schema.org/TradeAction | rangeIncludes: http://schema.org/Numb...

条目2：
- 名称：SoftwareSourceCode
- 类型：Property
- 简介：SoftwareSourceCode is a property in the knowledge base.",0,qwen-max-0125,0.0,8192,https://api2.aigcbest.top/v1,"判断结果：错误  
解释：根据背景知识，price的domainIncludes并不包含SoftwareSourceCode，因此该公理与背景知识冲突。",0,1,
sample_0390,domain,domain(eligibleRegion) = MusicRecording,"背景知识：
条目1：
- 名称：eligibleRegion
- 类型：Property
- 简介：The ISO 3166-1 (ISO 3166-1 alpha-2) or ISO 3166-2 code, the place, or the GeoShape for the geo-political region(s) for which the offer or delivery charge specification is valid.<br/><br/> See also <a class=""localLink"" href=""/ineligibleRegio...
- 补充信息：domainIncludes: http://schema.org/ActionAccessSpecification, http://schema.org/DeliveryChargeSpecification, http://schema.org/Demand, http://schema.org/Offer | rangeIncludes: http:...

条目2：
- 名称：MusicRecording
- 类型：Property
- 简介：Sound recording and reproduction is the electrical, mechanical, electronic, or digital inscription and re-creation of sound waves, such as spoken voice, singing, instrumental music, or sound effects. The two main classes of sound recording....",0,qwen-max-0125,0.0,8192,https://api2.aigcbest.top/v1,"判断结果：错误  
解释：根据背景知识，eligibleRegion的domainIncludes不包含MusicRecording，且MusicRecording是一个类而非属性，与语义规则冲突。",0,1,
sample_0391,domain,domain(typicalCreditsPerTerm) = LiveBlogPosting,"背景知识：
条目1：
- 名称：typicalCreditsPerTerm
- 类型：Property
- 简介：The number of credits or units a full-time student would be expected to take in 1 term however 'term' is defined by the institution.
- 补充信息：domainIncludes: http://schema.org/EducationalOccupationalProgram | rangeIncludes: http://schema.org/Integer, http://schema.org/StructuredValue

条目2：
- 名称：LiveBlogPosting
- 类型：Property
- 简介：LiveBlogPosting is a property in the knowledge base.",0,qwen-max-0125,0.0,8192,https://api2.aigcbest.top/v1,"判断结果：错误  
解释：根据背景知识，typicalCreditsPerTerm的domain应为EducationalOccupationalProgram，而LiveBlogPosting与其无语义关联，违反了RDFS的domain约束规则。",0,1,
sample_0392,domain,domain(height) = Offer,"背景知识：
条目1：
- 名称：height
- 类型：Property
- 简介：The height of the item.
- 补充信息：domainIncludes: http://schema.org/MediaObject, http://schema.org/OfferShippingDetails, http://schema.org/Person, http://schema.org/Product, http://schema.org/ShippingConditions, ht...

条目2：
- 名称：Offer
- 类型：Property
- 简介：(The) Offer or offers may refer to:",0,qwen-max-0125,0.0,8192,https://api2.aigcbest.top/v1,"判断结果：错误  
解释：根据背景知识，height的domainIncludes包含多个类（如MediaObject、Person等），而Offer并未明确列出，因此将domain(height)限定为Offer与背景知识冲突。",0,1,
sample_0393,domain,domain(runtimePlatform) = ComicStory,"背景知识：
条目1：
- 名称：runtimePlatform
- 类型：Property
- 简介：Runtime platform or script interpreter dependencies (example: Java v1, Python 2.3, .NET Framework 3.0).
- 补充信息：domainIncludes: http://schema.org/SoftwareApplication, http://schema.org/SoftwareSourceCode | rangeIncludes: http://schema.org/RuntimePlatform, http://schema.org/Text

条目2：
- 名称：ComicStory
- 类型：Property
- 简介：ComicStory is a property in the knowledge base.",0,qwen-max-0125,0.0,8192,https://api2.aigcbest.top/v1,"判断结果：错误  
解释：根据背景知识，runtimePlatform的domain应为SoftwareApplication或SoftwareSourceCode，而非ComicStory。",0,1,
sample_0394,domain,domain(hasDefinedTerm) = DeliveryTimeSettings,"背景知识：
条目1：
- 名称：hasDefinedTerm
- 类型：Property
- 简介：A Defined Term contained in this term set.
- 补充信息：domainIncludes: http://schema.org/DefinedTermSet, http://schema.org/Taxon | rangeIncludes: http://schema.org/DefinedTerm

条目2：
- 名称：DeliveryTimeSettings
- 类型：Property
- 简介：DeliveryTimeSettings is a property in the knowledge base.",0,qwen-max-0125,0.0,8192,https://api2.aigcbest.top/v1,"判断结果：错误  
解释：根据背景知识，hasDefinedTerm的domainIncludes为DefinedTermSet或Taxon，而非DeliveryTimeSettings，因此该公理与背景知识冲突。",0,1,
sample_0395,domain,domain(numAdults) = ShippingConditions,"背景知识：
条目1：
- 名称：numAdults
- 类型：Property
- 简介：The number of adults staying in the unit.
- 补充信息：domainIncludes: http://schema.org/LodgingReservation | rangeIncludes: http://schema.org/Integer, http://schema.org/QuantitativeValue

条目2：
- 名称：ShippingConditions
- 类型：Property
- 简介：ShippingConditions is a property in the knowledge base.",0,qwen-max-0125,0.0,8192,https://api2.aigcbest.top/v1,"判断结果：错误  
解释：根据背景知识，numAdults的domain应为LodgingReservation，而ShippingConditions与numAdults无语义关联，违反了RDFS的domain约束规则。",0,1,
sample_0396,domain,domain(restockingFee) = ShippingService,"背景知识：
条目1：
- 名称：restockingFee
- 类型：Property
- 简介：Use <a class=""localLink"" href=""/MonetaryAmount"">MonetaryAmount</a> to specify a fixed restocking fee for product returns, or use <a class=""localLink"" href=""/Number"">Number</a> to specify a percentage of the product price paid by the custome...
- 补充信息：domainIncludes: http://schema.org/MerchantReturnPolicy, http://schema.org/MerchantReturnPolicySeasonalOverride | rangeIncludes: http://schema.org/MonetaryAmount, http://schema.org/...

条目2：
- 名称：ShippingService
- 类型：Property
- 简介：ShippingService is a property in the knowledge base.",0,qwen-max-0125,0.0,8192,https://api2.aigcbest.top/v1,"判断结果：错误  
解释：根据背景知识，restockingFee的domain应为MerchantReturnPolicy或其子类，而非ShippingService。",0,1,
sample_0397,domain,domain(educationalProgramMode) = LiveBlogPosting,"背景知识：
条目1：
- 名称：educationalProgramMode
- 类型：Property
- 简介：Similar to courseMode, the medium or means of delivery of the program as a whole. The value may either be a text label (e.g. ""online"", ""onsite"" or ""blended""; ""synchronous"" or ""asynchronous""; ""full-time"" or ""part-time"") or a URL reference to...
- 补充信息：domainIncludes: http://schema.org/EducationalOccupationalProgram | rangeIncludes: http://schema.org/Text, http://schema.org/URL

条目2：
- 名称：LiveBlogPosting
- 类型：Property
- 简介：LiveBlogPosting is a property in the knowledge base.",0,qwen-max-0125,0.0,8192,https://api2.aigcbest.top/v1,"判断结果：错误  
解释：根据背景知识，educationalProgramMode的domain应为EducationalOccupationalProgram，而非LiveBlogPosting。",0,1,
sample_0398,domain,domain(accountablePerson) = IndividualPhysician,"背景知识：
条目1：
- 名称：accountablePerson
- 类型：Property
- 简介：Specifies the Person that is legally accountable for the CreativeWork.
- 补充信息：domainIncludes: http://schema.org/CreativeWork | rangeIncludes: http://schema.org/Person

条目2：
- 名称：IndividualPhysician
- 类型：Property
- 简介：IndividualPhysician is a property in the knowledge base.",0,qwen-max-0125,0.0,8192,https://api2.aigcbest.top/v1,"判断结果：错误  
解释：根据背景知识，accountablePerson的domain应为CreativeWork，而非IndividualPhysician。",0,1,
sample_0399,domain,domain(occupancy) = VisualArtwork,"背景知识：
条目1：
- 名称：occupancy
- 类型：Property
- 简介：The allowed total occupancy for the accommodation in persons (including infants etc). For individual accommodations, this is not necessarily the legal maximum but defines the permitted usage as per the contractual agreement (e.g. a double r...
- 补充信息：domainIncludes: http://schema.org/Accommodation, http://schema.org/Apartment, http://schema.org/HotelRoom, http://schema.org/SingleFamilyResidence, http://schema.org/Suite | rangeI...

条目2：
- 名称：VisualArtwork
- 类型：Property
- 简介：VisualArtwork is a property in the knowledge base.",0,qwen-max-0125,0.0,8192,https://api2.aigcbest.top/v1,"判断结果：错误  
解释：根据背景知识，occupancy的domain应与住宿相关类（如Accommodation、Apartment等）相关，而VisualArtwork与其语义不符，违反了RDFS的domain约束规则。",0,1,
sample_0400,domain,domain(petsAllowed) = ShippingService,"背景知识：
条目1：
- 名称：petsAllowed
- 类型：Property
- 简介：Indicates whether pets are allowed to enter the accommodation or lodging business. More detailed information can be put in a text value.
- 补充信息：domainIncludes: http://schema.org/Accommodation, http://schema.org/ApartmentComplex, http://schema.org/FloorPlan, http://schema.org/LodgingBusiness | rangeIncludes: http://schema.o...

条目2：
- 名称：ShippingService
- 类型：Property
- 简介：ShippingService is a property in the knowledge base.",0,qwen-max-0125,0.0,8192,https://api2.aigcbest.top/v1,"判断结果：错误  
解释：根据背景知识，petsAllowed的domain应为Accommodation、ApartmentComplex、FloorPlan或LodgingBusiness，而非ShippingService，与语义规则冲突。",0,1,
sample_0401,domain,domain(suitableForDiet) = Organization,"背景知识：
条目1：
- 名称：suitableForDiet
- 类型：Property
- 简介：Indicates a dietary restriction or guideline for which this recipe or menu item is suitable, e.g. diabetic, halal etc.
- 补充信息：domainIncludes: http://schema.org/MenuItem, http://schema.org/Recipe | rangeIncludes: http://schema.org/Diet, http://schema.org/RestrictedDiet

条目2：
- 名称：Organization
- 类型：Property
- 简介：An organization or organisation is an entity—such as a company, or corporation or an institution, or an association—comprising one or more people and having a particular purpose.",0,qwen-max-0125,0.0,8192,https://api2.aigcbest.top/v1,"判断结果：错误  
解释：根据背景知识，suitableForDiet的domain应为MenuItem或Recipe，而非Organization，与公理冲突。",0,1,
sample_0402,domain,domain(reservationFor) = Legislation,"背景知识：
条目1：
- 名称：reservationFor
- 类型：Property
- 简介：The thing -- flight, event, restaurant, etc. being reserved.
- 补充信息：domainIncludes: http://schema.org/Reservation | rangeIncludes: http://schema.org/Thing

条目2：
- 名称：Legislation
- 类型：Property
- 简介：Legislation is the process or result of enrolling, enacting, or promulgating laws by a legislature, parliament, or analogous governing body. Before an item of legislation becomes law it may be known as a bill, and may be broadly referred to...",0,qwen-max-0125,0.0,8192,https://api2.aigcbest.top/v1,"判断结果：错误  
解释：根据背景知识，reservationFor的domain应为Reservation，而非Legislation，与公理冲突。",0,1,
sample_0403,domain,domain(width) = PriceSpecification,"背景知识：
条目1：
- 名称：width
- 类型：Property
- 简介：The width of the item.
- 补充信息：domainIncludes: http://schema.org/MediaObject, http://schema.org/OfferShippingDetails, http://schema.org/Product, http://schema.org/ShippingConditions, http://schema.org/VisualArtw...

条目2：
- 名称：PriceSpecification
- 类型：Property
- 简介：PriceSpecification is a property in the knowledge base.",0,qwen-max-0125,0.0,8192,https://api2.aigcbest.top/v1,"判断结果：错误  
解释：根据背景知识，width的domainIncludes包含多个类（如MediaObject、Product等），而PriceSpecification并未出现在其定义中，因此该公理与背景知识冲突。",0,1,
sample_0404,domain,domain(inAlbum) = Organization,"背景知识：
条目1：
- 名称：inAlbum
- 类型：Property
- 简介：The album to which this recording belongs.
- 补充信息：domainIncludes: http://schema.org/MusicRecording | rangeIncludes: http://schema.org/MusicAlbum

条目2：
- 名称：Organization
- 类型：Property
- 简介：An organization or organisation is an entity—such as a company, or corporation or an institution, or an association—comprising one or more people and having a particular purpose.",0,qwen-max-0125,0.0,8192,https://api2.aigcbest.top/v1,"判断结果：错误  
解释：根据背景知识，inAlbum的domain应为MusicRecording，而非Organization，这与RDFS语义规则中domain的定义冲突。",0,1,
sample_0405,domain,domain(isBasedOn) = Product,"背景知识：
条目1：
- 名称：isBasedOn
- 类型：Property
- 简介：A resource from which this work is derived or from which it is a modification or adaptation.
- 补充信息：domainIncludes: http://schema.org/CreativeWork | rangeIncludes: http://schema.org/CreativeWork, http://schema.org/Product, http://schema.org/URL

条目2：
- 名称：Product
- 类型：Property
- 简介：Product may refer to:",0,qwen-max-0125,0.0,8192,https://api2.aigcbest.top/v1,"判断结果：错误  
解释：根据背景知识，isBasedOn的domainIncludes为CreativeWork，而非Product，因此该公理与背景知识冲突。",0,1,
sample_0406,domain,domain(latitude) = Product,"背景知识：
条目1：
- 名称：latitude
- 类型：Property
- 简介：The latitude of a location. For example <code>37.42242</code> (<a href=""https://en.wikipedia.org/wiki/World_Geodetic_System"">WGS 84</a>).
- 补充信息：domainIncludes: http://schema.org/GeoCoordinates, http://schema.org/Place | rangeIncludes: http://schema.org/Number, http://schema.org/Text

条目2：
- 名称：Product
- 类型：Property
- 简介：Product may refer to:",0,qwen-max-0125,0.0,8192,https://api2.aigcbest.top/v1,"判断结果：错误  
解释：根据背景知识，latitude的domain应为GeoCoordinates或Place，而非Product，因此该公理与背景知识冲突。",0,1,
sample_0407,domain,domain(weight) = GeoCoordinates,"背景知识：
条目1：
- 名称：weight
- 类型：Property
- 简介：The weight of the product or person.
- 补充信息：domainIncludes: http://schema.org/OfferShippingDetails, http://schema.org/Person, http://schema.org/Product, http://schema.org/ShippingConditions, http://schema.org/VisualArtwork |...

条目2：
- 名称：GeoCoordinates
- 类型：Property
- 简介：GeoCoordinates is a property in the knowledge base.",0,qwen-max-0125,0.0,8192,https://api2.aigcbest.top/v1,"判断结果：错误  
解释：根据背景知识，weight的domainIncludes包含多个类（如OfferShippingDetails、Person等），而GeoCoordinates并未在其中，因此该公理与背景知识冲突。",0,1,
sample_0408,domain,domain(medicalSpecialty) = MediaObject,"背景知识：
条目1：
- 名称：medicalSpecialty
- 类型：Property
- 简介：A medical specialty of the provider.
- 补充信息：domainIncludes: http://schema.org/Hospital, http://schema.org/MedicalClinic, http://schema.org/MedicalOrganization, http://schema.org/Physician | rangeIncludes: http://schema.org/M...

条目2：
- 名称：MediaObject
- 类型：Property
- 简介：The Media Object Server (MOS) protocol allows newsroom computer systems (NRCS) to communicate using a standard protocol with video servers, audio servers, still stores, and character generators for broadcast production.",0,qwen-max-0125,0.0,8192,https://api2.aigcbest.top/v1,"判断结果：错误  
解释：根据背景知识，medicalSpecialty的domain应为Hospital、MedicalClinic、MedicalOrganization或Physician，而MediaObject与这些类无直接关联，违反了RDFS语义规则。",0,1,
sample_0409,domain,domain(contactPoint) = SoftwareApplication,"背景知识：
条目1：
- 名称：contactPoint
- 类型：Property
- 简介：A contact point for a person or organization.
- 补充信息：domainIncludes: http://schema.org/HealthInsurancePlan, http://schema.org/Organization, http://schema.org/Person | rangeIncludes: http://schema.org/ContactPoint

条目2：
- 名称：SoftwareApplication
- 类型：Property
- 简介：Application software is software that is intended for end-user use – not operating, administering or programming a computer. It includes programs such as word processors, web browsers, media players, and mobile applications used in daily ta...",0,qwen-max-0125,0.0,8192,https://api2.aigcbest.top/v1,"判断结果：错误  
解释：根据背景知识，contactPoint的domainIncludes为HealthInsurancePlan、Organization和Person，而SoftwareApplication并未包含在其中，因此该公理与背景知识冲突。",0,1,
sample_0410,domain,domain(hasCertification) = DefinedTermSet,"背景知识：
条目1：
- 名称：hasCertification
- 类型：Property
- 简介：Certification information about a product, organization, service, place, or person.
- 补充信息：domainIncludes: http://schema.org/Organization, http://schema.org/Person, http://schema.org/Place, http://schema.org/Product, http://schema.org/Service | rangeIncludes: http://sche...

条目2：
- 名称：DefinedTermSet
- 类型：Property
- 简介：DefinedTermSet is a property in the knowledge base.",0,qwen-max-0125,0.0,8192,https://api2.aigcbest.top/v1,"判断结果：错误  
解释：根据背景知识，hasCertification的domainIncludes包含Organization、Person、Place、Product和Service，而DefinedTermSet并未出现在其定义域中，因此该公理与背景知识冲突。",0,1,
sample_0411,domain,domain(estimatedSalary) = MenuItem,"背景知识：
条目1：
- 名称：estimatedSalary
- 类型：Property
- 简介：An estimated salary for a job posting or occupation, based on a variety of variables including, but not limited to industry, job title, and location. Estimated salaries are often computed by outside organizations rather than the hiring orga...
- 补充信息：domainIncludes: http://schema.org/JobPosting, http://schema.org/Occupation | rangeIncludes: http://schema.org/MonetaryAmount, http://schema.org/MonetaryAmountDistribution, http://s...

条目2：
- 名称：MenuItem
- 类型：Property
- 简介：MenuItem is a property in the knowledge base.",0,qwen-max-0125,0.0,8192,https://api2.aigcbest.top/v1,"判断结果：错误  
解释：根据背景知识，estimatedSalary的domain应为JobPosting或Occupation，而非MenuItem，与公理冲突。",0,1,
sample_0412,domain,domain(inLanguage) = Service,"背景知识：
条目1：
- 名称：inLanguage
- 类型：Property
- 简介：The language of the content or performance or used in an action. Please use one of the language codes from the <a href=""http://tools.ietf.org/html/bcp47"">IETF BCP 47 standard</a>. See also <a class=""localLink"" href=""/availableLanguage"">avai...
- 补充信息：domainIncludes: http://schema.org/BroadcastService, http://schema.org/CommunicateAction, http://schema.org/CreativeWork, http://schema.org/Event, http://schema.org/LinkRole, http:/...

条目2：
- 名称：Service
- 类型：Property
- 简介：Service may refer to:",0,qwen-max-0125,0.0,8192,https://api2.aigcbest.top/v1,"判断结果：错误  
解释：根据背景知识，inLanguage的domainIncludes未包含Service，且Service是一个类而非属性，与RDFS语义规则冲突。",0,1,
sample_0413,domain,domain(correctionsPolicy) = PriceSpecification,"背景知识：
条目1：
- 名称：correctionsPolicy
- 类型：Property
- 简介：For an <a class=""localLink"" href=""/Organization"">Organization</a> (e.g. <a class=""localLink"" href=""/NewsMediaOrganization"">NewsMediaOrganization</a>), a statement describing (in news media, the newsroom’s) disclosure and correction policy f...
- 补充信息：domainIncludes: http://schema.org/NewsMediaOrganization, http://schema.org/Organization | rangeIncludes: http://schema.org/CreativeWork, http://schema.org/URL

条目2：
- 名称：PriceSpecification
- 类型：Property
- 简介：PriceSpecification is a property in the knowledge base.",0,qwen-max-0125,0.0,8192,https://api2.aigcbest.top/v1,"判断结果：错误  
解释：根据背景知识，correctionsPolicy的domain应为Organization或NewsMediaOrganization，而非PriceSpecification。",0,1,
sample_0414,domain,domain(measurementMethod) = Legislation,"背景知识：
条目1：
- 名称：measurementMethod
- 类型：Property
- 简介：A subproperty of <a class=""localLink"" href=""/measurementTechnique"">measurementTechnique</a> that can be used for specifying specific methods, in particular via <a class=""localLink"" href=""/MeasurementMethodEnum"">MeasurementMethodEnum</a>.
- 补充信息：domainIncludes: http://schema.org/DataCatalog, http://schema.org/DataDownload, http://schema.org/Dataset, http://schema.org/Observation, http://schema.org/PropertyValue, http://sch...

条目2：
- 名称：Legislation
- 类型：Property
- 简介：Legislation is the process or result of enrolling, enacting, or promulgating laws by a legislature, parliament, or analogous governing body. Before an item of legislation becomes law it may be known as a bill, and may be broadly referred to...",0,qwen-max-0125,0.0,8192,https://api2.aigcbest.top/v1,"判断结果：错误  
解释：根据背景知识，measurementMethod的domainIncludes为多个类（如DataCatalog、Dataset等），而未提及Legislation，因此该公理与背景知识冲突。",0,1,
sample_0415,domain,domain(endTime) = Reservation,"背景知识：
条目1：
- 名称：endTime
- 类型：Property
- 简介：The endTime of something. For a reserved event or service (e.g. FoodEstablishmentReservation), the time that it is expected to end. For actions that span a period of time, when the action was performed. E.g. John wrote a book from January t...
- 补充信息：domainIncludes: http://schema.org/Action, http://schema.org/FoodEstablishmentReservation, http://schema.org/InteractionCounter, http://schema.org/MediaObject, http://schema.org/Sch...

条目2：
- 名称：Reservation
- 类型：Property
- 简介：Reservation may refer to:",0,qwen-max-0125,0.0,8192,https://api2.aigcbest.top/v1,"判断结果：错误  
解释：根据背景知识，endTime的domainIncludes包含多个类（如Action、FoodEstablishmentReservation等），而Reservation并未明确列出，因此将domain(endTime)限定为Reservation与背景知识冲突。",0,1,
sample_0416,domain,domain(shippingDestination) = MedicalStudy,"背景知识：
条目1：
- 名称：shippingDestination
- 类型：Property
- 简介：indicates (possibly multiple) shipping destinations. These can be defined in several ways, e.g. postalCode ranges.
- 补充信息：domainIncludes: http://schema.org/DeliveryTimeSettings, http://schema.org/OfferShippingDetails, http://schema.org/ShippingConditions, http://schema.org/ShippingRateSettings | range...

条目2：
- 名称：MedicalStudy
- 类型：Property
- 简介：MedicalStudy is a property in the knowledge base.",0,qwen-max-0125,0.0,8192,https://api2.aigcbest.top/v1,"判断结果：错误  
解释：根据背景知识，shippingDestination的domainIncludes未提及MedicalStudy，且语义上MedicalStudy与shippingDestination无直接关联，违反了RDFS的domain约束规则。",0,1,
sample_0417,domain,domain(hasMeasurement) = Place,"背景知识：
条目1：
- 名称：hasMeasurement
- 类型：Property
- 简介：A measurement of an item, For example, the inseam of pants, the wheel size of a bicycle, the gauge of a screw, or the carbon footprint measured for certification by an authority. Usually an exact measurement, but can also be a range of meas...
- 补充信息：domainIncludes: http://schema.org/Certification, http://schema.org/Offer, http://schema.org/Product, http://schema.org/SizeSpecification | rangeIncludes: http://schema.org/Quantita...

条目2：
- 名称：Place
- 类型：Property
- 简介：Place may refer to:",0,qwen-max-0125,0.0,8192,https://api2.aigcbest.top/v1,"判断结果：错误  
解释：根据背景知识，hasMeasurement的domainIncludes为Certification、Offer、Product和SizeSpecification，而非Place，因此该公理与背景知识冲突。",0,1,
sample_0418,domain,domain(review) = MedicalOrganization,"背景知识：
条目1：
- 名称：review
- 类型：Property
- 简介：A review of the item.
- 补充信息：domainIncludes: http://schema.org/Brand, http://schema.org/CreativeWork, http://schema.org/Event, http://schema.org/Offer, http://schema.org/Organization, http://schema.org/Place,....

条目2：
- 名称：MedicalOrganization
- 类型：Property
- 简介：MedicalOrganization is a property in the knowledge base.",0,qwen-max-0125,0.0,8192,https://api2.aigcbest.top/v1,"判断结果：错误  
解释：根据背景知识，review的domainIncludes包含多个类（如Brand、CreativeWork等），而MedicalOrganization并未明确列出，因此将domain限制为MedicalOrganization与背景知识冲突。",0,1,
sample_0419,domain,domain(ineligibleRegion) = BioChemEntity,"背景知识：
条目1：
- 名称：ineligibleRegion
- 类型：Property
- 简介：The ISO 3166-1 (ISO 3166-1 alpha-2) or ISO 3166-2 code, the place, or the GeoShape for the geo-political region(s) for which the offer or delivery charge specification is not valid, e.g. a region where the transaction is not allowed.<br/><b...
- 补充信息：domainIncludes: http://schema.org/ActionAccessSpecification, http://schema.org/DeliveryChargeSpecification, http://schema.org/Demand, http://schema.org/MediaObject, http://schema.o...

条目2：
- 名称：BioChemEntity
- 类型：Property
- 简介：BioChemEntity is a property in the knowledge base.",0,qwen-max-0125,0.0,8192,https://api2.aigcbest.top/v1,"判断结果：错误  
解释：根据背景知识，ineligibleRegion的domainIncludes未包含BioChemEntity，且语义上ineligibleRegion与BioChemEntity无直接关联，违反了RDFS的domain约束规则。",0,1,
sample_0420,domain,domain(gtin14) = OfferShippingDetails,"背景知识：
条目1：
- 名称：gtin14
- 类型：Property
- 简介：The GTIN-14 code of the product, or the product to which the offer refers. See <a href=""http://www.gs1.org/barcodes/technical/idkeys/gtin"">GS1 GTIN Summary</a> for more details.
- 补充信息：domainIncludes: http://schema.org/Demand, http://schema.org/Offer, http://schema.org/Product | rangeIncludes: http://schema.org/Text

条目2：
- 名称：OfferShippingDetails
- 类型：Property
- 简介：OfferShippingDetails is a property in the knowledge base.",0,qwen-max-0125,0.0,8192,https://api2.aigcbest.top/v1,"判断结果：错误  
解释：根据背景知识，gtin14的domainIncludes为Demand、Offer和Product，而非OfferShippingDetails，因此该公理与背景知识冲突。",0,1,
sample_0421,range,range(adverseOutcome) = CreativeWorkSeason,"背景知识：
条目1：
- 名称：adverseOutcome
- 类型：Property
- 简介：A possible complication and/or side effect of this therapy. If it is known that an adverse outcome is serious (resulting in death, disability, or permanent damage; requiring hospitalization; or otherwise life-threatening or requiring immedi...
- 补充信息：domainIncludes: http://schema.org/MedicalDevice, http://schema.org/TherapeuticProcedure | rangeIncludes: http://schema.org/MedicalEntity

条目2：
- 名称：CreativeWorkSeason
- 类型：Property
- 简介：CreativeWorkSeason is a property in the knowledge base.",0,qwen-max-0125,0.0,8192,https://api2.aigcbest.top/v1,"判断结果：错误  
解释：根据背景知识，adverseOutcome的range应为MedicalEntity，而CreativeWorkSeason与MedicalEntity无语义关联，违反了RDFS的range约束规则。",0,1,
sample_0422,range,range(seatingType) = DataFeedItem,"背景知识：
条目1：
- 名称：seatingType
- 类型：Property
- 简介：The type/class of the seat.
- 补充信息：domainIncludes: http://schema.org/Seat | rangeIncludes: http://schema.org/QualitativeValue, http://schema.org/Text

条目2：
- 名称：DataFeedItem
- 类型：Property
- 简介：DataFeedItem is a property in the knowledge base.",0,qwen-max-0125,0.0,8192,https://api2.aigcbest.top/v1,"判断结果：错误  
解释：根据背景知识，seatingType的range应为QualitativeValue或Text，而非DataFeedItem。",0,1,
sample_0423,range,range(subReservation) = Integer,"背景知识：
条目1：
- 名称：subReservation
- 类型：Property
- 简介：The individual reservations included in the package. Typically a repeated property.
- 补充信息：domainIncludes: http://schema.org/ReservationPackage | rangeIncludes: http://schema.org/Reservation

条目2：
- 名称：Integer
- 类型：Property
- 简介：An integer is the number zero (0), a positive natural number, or the negation of a positive natural number. The negations or additive inverses of the positive natural numbers are referred to as negative integers. The set of all integers is....",0,qwen-max-0125,0.0,8192,https://api2.aigcbest.top/v1,"判断结果：错误  
解释：根据背景知识，subReservation的range应为http://schema.org/Reservation，而非Integer，与公理冲突。",0,1,
sample_0424,range,range(parents) = NutritionInformation,"背景知识：
条目1：
- 名称：parents
- 类型：Property
- 简介：A parents of the person.
- 补充信息：domainIncludes: http://schema.org/Person | rangeIncludes: http://schema.org/Person

条目2：
- 名称：NutritionInformation
- 类型：Property
- 简介：NutritionInformation is a property in the knowledge base.",0,qwen-max-0125,0.0,8192,https://api2.aigcbest.top/v1,"判断结果：错误  
解释：根据背景知识，parents的range应为Person，而NutritionInformation与Person无直接关联，违反了RDFS语义规则。",0,1,
sample_0425,range,range(dataFeedElement) = QuantitativeValue,"背景知识：
条目1：
- 名称：dataFeedElement
- 类型：Property
- 简介：An item within a data feed. Data feeds may have many elements.
- 补充信息：domainIncludes: http://schema.org/DataFeed | rangeIncludes: http://schema.org/DataFeedItem, http://schema.org/Text, http://schema.org/Thing

条目2：
- 名称：QuantitativeValue
- 类型：Property
- 简介：QuantitativeValue is a property in the knowledge base.",0,qwen-max-0125,0.0,8192,https://api2.aigcbest.top/v1,"判断结果：错误  
解释：根据背景知识，dataFeedElement的rangeIncludes为DataFeedItem、Text和Thing，而未提及QuantitativeValue，因此该公理与背景知识冲突。",0,1,
sample_0426,range,range(height) = Integer,"背景知识：
条目1：
- 名称：height
- 类型：Property
- 简介：The height of the item.
- 补充信息：domainIncludes: http://schema.org/MediaObject, http://schema.org/OfferShippingDetails, http://schema.org/Person, http://schema.org/Product, http://schema.org/ShippingConditions, ht...

条目2：
- 名称：Integer
- 类型：Property
- 简介：An integer is the number zero (0), a positive natural number, or the negation of a positive natural number. The negations or additive inverses of the positive natural numbers are referred to as negative integers. The set of all integers is....",0,qwen-max-0125,0.0,8192,https://api2.aigcbest.top/v1,"判断结果：正确  
解释：根据背景知识，height的range被定义为Integer，符合RDFS语义规则中属性值范围的约束。",1,0,
sample_0427,range,range(travelBans) = DateTime,"背景知识：
条目1：
- 名称：travelBans
- 类型：Property
- 简介：Information about travel bans, e.g. in the context of a pandemic.
- 补充信息：domainIncludes: http://schema.org/SpecialAnnouncement | rangeIncludes: http://schema.org/URL, http://schema.org/WebContent

条目2：
- 名称：DateTime
- 类型：Property
- 简介：DateTime is a property in the knowledge base.",0,qwen-max-0125,0.0,8192,https://api2.aigcbest.top/v1,"判断结果：错误  
解释：根据背景知识，travelBans的rangeIncludes为URL和WebContent，而DateTime是一个独立的Property，与URL或WebContent无直接关联，因此该公理与背景知识冲突。",0,1,
sample_0428,range,range(educationalCredentialAwarded) = PriceSpecification,"背景知识：
条目1：
- 名称：educationalCredentialAwarded
- 类型：Property
- 简介：A description of the qualification, award, certificate, diploma or other educational credential awarded as a consequence of successful completion of this course or program.
- 补充信息：domainIncludes: http://schema.org/Course, http://schema.org/EducationalOccupationalProgram | rangeIncludes: http://schema.org/EducationalOccupationalCredential, http://schema.org/T...

条目2：
- 名称：PriceSpecification
- 类型：Property
- 简介：PriceSpecification is a property in the knowledge base.",0,qwen-max-0125,0.0,8192,https://api2.aigcbest.top/v1,"判断结果：错误  
解释：根据背景知识，educationalCredentialAwarded的range应为EducationalOccupationalCredential或相关类型，而非PriceSpecification，与语义规则冲突。",0,1,
sample_0429,range,range(meetsEmissionStandard) = PublicationEvent,"背景知识：
条目1：
- 名称：meetsEmissionStandard
- 类型：Property
- 简介：Indicates that the vehicle meets the respective emission standard.
- 补充信息：domainIncludes: http://schema.org/Vehicle | rangeIncludes: http://schema.org/QualitativeValue, http://schema.org/Text, http://schema.org/URL

条目2：
- 名称：PublicationEvent
- 类型：Property
- 简介：PublicationEvent is a property in the knowledge base.",0,qwen-max-0125,0.0,8192,https://api2.aigcbest.top/v1,"判断结果：错误  
解释：根据背景知识，meetsEmissionStandard的rangeIncludes为QualitativeValue、Text和URL，而PublicationEvent并未包含在其中，因此该公理与背景知识冲突。",0,1,
sample_0430,range,range(geoEquals) = Number,"背景知识：
条目1：
- 名称：geoEquals
- 类型：Property
- 简介：Represents spatial relations in which two geometries (or the places they represent) are topologically equal, as defined in <a href=""https://en.wikipedia.org/wiki/DE-9IM"">DE-9IM</a>. ""Two geometries are topologically equal if their interiors...
- 补充信息：domainIncludes: http://schema.org/GeospatialGeometry, http://schema.org/Place | rangeIncludes: http://schema.org/GeospatialGeometry, http://schema.org/Place

条目2：
- 名称：Number
- 类型：Property
- 简介：A number is a mathematical object used to count, measure, and label. The most basic examples are the natural numbers: 1, 2, 3, 4, 5, and so forth. Individual numbers can be represented in language with number words or by dedicated symbols c...",0,qwen-max-0125,0.0,8192,https://api2.aigcbest.top/v1,"判断结果：错误  
解释：根据背景知识，geoEquals的range应为GeospatialGeometry或Place，而非Number，与公理冲突。",0,1,
sample_0431,range,range(industry) = BlogPosting,"背景知识：
条目1：
- 名称：industry
- 类型：Property
- 简介：The industry associated with the job position.
- 补充信息：domainIncludes: http://schema.org/JobPosting | rangeIncludes: http://schema.org/DefinedTerm, http://schema.org/Text

条目2：
- 名称：BlogPosting
- 类型：Property
- 简介：BlogPosting is a property in the knowledge base.",0,qwen-max-0125,0.0,8192,https://api2.aigcbest.top/v1,"判断结果：错误  
解释：根据背景知识，industry的rangeIncludes为DefinedTerm和Text，而BlogPosting并不在其中，因此该公理与背景知识冲突。",0,1,
sample_0432,range,range(logo) = Number,"背景知识：
条目1：
- 名称：logo
- 类型：Property
- 简介：An associated logo.
- 补充信息：domainIncludes: http://schema.org/Brand, http://schema.org/Certification, http://schema.org/Organization, http://schema.org/Place, http://schema.org/Product, http://schema.org/Serv...

条目2：
- 名称：Number
- 类型：Property
- 简介：A number is a mathematical object used to count, measure, and label. The most basic examples are the natural numbers: 1, 2, 3, 4, 5, and so forth. Individual numbers can be represented in language with number words or by dedicated symbols c...",0,qwen-max-0125,0.0,8192,https://api2.aigcbest.top/v1,"判断结果：错误  
解释：根据背景知识，logo的range应为图像或相关资源，而Number表示数学对象，与logo的语义不符。",0,1,
sample_0433,range,range(offeredBy) = DefinedTerm,"背景知识：
条目1：
- 名称：offeredBy
- 类型：Property
- 简介：A pointer to the organization or person making the offer.
- 补充信息：domainIncludes: http://schema.org/Offer | rangeIncludes: http://schema.org/Organization, http://schema.org/Person

条目2：
- 名称：DefinedTerm
- 类型：Property
- 简介：DefinedTerm is a property in the knowledge base.",0,qwen-max-0125,0.0,8192,https://api2.aigcbest.top/v1,"判断结果：错误  
解释：根据背景知识，offeredBy的rangeIncludes为Organization或Person，而DefinedTerm并不在范围中，因此该公理与背景知识冲突。",0,1,
sample_0434,range,range(performers) = Organization,"背景知识：
条目1：
- 名称：performers
- 类型：Property
- 简介：The main performer or performers of the event&#x2014;for example, a presenter, musician, or actor.
- 补充信息：domainIncludes: http://schema.org/Event | rangeIncludes: http://schema.org/Organization, http://schema.org/Person

条目2：
- 名称：Organization
- 类型：Property
- 简介：An organization or organisation is an entity—such as a company, or corporation or an institution, or an association—comprising one or more people and having a particular purpose.",0,qwen-max-0125,0.0,8192,https://api2.aigcbest.top/v1,"判断结果：错误  
解释：背景知识表明performers的rangeIncludes包含Organization和Person，因此将range限定为仅Organization与背景知识冲突。",0,1,
sample_0435,range,range(blogPosts) = PriceSpecification,"背景知识：
条目1：
- 名称：blogPosts
- 类型：Property
- 简介：Indicates a post that is part of a <a class=""localLink"" href=""/Blog"">Blog</a>. Note that historically, what we term a ""Blog"" was once known as a ""weblog"", and that what we term a ""BlogPosting"" is now often colloquially referred to as a ""blo...
- 补充信息：domainIncludes: http://schema.org/Blog | rangeIncludes: http://schema.org/BlogPosting

条目2：
- 名称：PriceSpecification
- 类型：Property
- 简介：PriceSpecification is a property in the knowledge base.",0,qwen-max-0125,0.0,8192,https://api2.aigcbest.top/v1,"判断结果：错误  
解释：根据背景知识，blogPosts的range应为BlogPosting，而PriceSpecification与BlogPosting无直接关联，违反了RDFS语义规则。",0,1,
sample_0436,range,range(hasTiers) = DataFeedItem,"背景知识：
条目1：
- 名称：hasTiers
- 类型：Property
- 简介：The tiers of a member program.
- 补充信息：domainIncludes: http://schema.org/MemberProgram | rangeIncludes: http://schema.org/MemberProgramTier

条目2：
- 名称：DataFeedItem
- 类型：Property
- 简介：DataFeedItem is a property in the knowledge base.",0,qwen-max-0125,0.0,8192,https://api2.aigcbest.top/v1,"判断结果：错误  
解释：根据背景知识，hasTiers的range应为MemberProgramTier，而非DataFeedItem，与公理冲突。",0,1,
sample_0437,range,range(season) = BlogPosting,"背景知识：
条目1：
- 名称：season
- 类型：Property
- 简介：A season in a media series.
- 补充信息：domainIncludes: http://schema.org/RadioSeries, http://schema.org/TVSeries, http://schema.org/VideoGameSeries | rangeIncludes: http://schema.org/CreativeWorkSeason, http://schema.or...

条目2：
- 名称：BlogPosting
- 类型：Property
- 简介：BlogPosting is a property in the knowledge base.",0,qwen-max-0125,0.0,8192,https://api2.aigcbest.top/v1,"判断结果：错误  
解释：根据背景知识，season的rangeIncludes为CreativeWorkSeason，而BlogPosting与其无直接关联，违反了RDFS语义规则。",0,1,
sample_0438,range,range(author) = ItemList,"背景知识：
条目1：
- 名称：author
- 类型：Property
- 简介：The author of this content or rating. Please note that author is special in that HTML 5 provides a special mechanism for indicating authorship via the rel tag. That is equivalent to this and may be used interchangeably.
- 补充信息：domainIncludes: http://schema.org/CreativeWork, http://schema.org/Rating | rangeIncludes: http://schema.org/Organization, http://schema.org/Person

条目2：
- 名称：ItemList
- 类型：Property
- 简介：ItemList is a property in the knowledge base.",0,qwen-max-0125,0.0,8192,https://api2.aigcbest.top/v1,"判断结果：错误  
解释：根据背景知识，author的rangeIncludes为Organization和Person，而ItemList并未包含在内，因此该公理与背景知识冲突。",0,1,
sample_0439,range,range(ratingCount) = BlogPosting,"背景知识：
条目1：
- 名称：ratingCount
- 类型：Property
- 简介：The count of total number of ratings.
- 补充信息：domainIncludes: http://schema.org/AggregateRating | rangeIncludes: http://schema.org/Integer

条目2：
- 名称：BlogPosting
- 类型：Property
- 简介：BlogPosting is a property in the knowledge base.",0,qwen-max-0125,0.0,8192,https://api2.aigcbest.top/v1,"判断结果：错误  
解释：根据背景知识，ratingCount的range应为Integer，而BlogPosting是一个Property，与Integer类型不符，违反了RDFS语义规则。",0,1,
sample_0440,range,range(genre) = PublicationEvent,"背景知识：
条目1：
- 名称：genre
- 类型：Property
- 简介：Genre of the creative work, broadcast channel or group.
- 补充信息：domainIncludes: http://schema.org/BroadcastChannel, http://schema.org/CreativeWork, http://schema.org/MusicGroup | rangeIncludes: http://schema.org/DefinedTerm, http://schema.org/T...

条目2：
- 名称：PublicationEvent
- 类型：Property
- 简介：PublicationEvent is a property in the knowledge base.",0,qwen-max-0125,0.0,8192,https://api2.aigcbest.top/v1,"判断结果：错误  
解释：根据背景知识，genre的rangeIncludes为http://schema.org/DefinedTerm等类，而PublicationEvent并未包含在内，因此该公理与背景知识冲突。",0,1,
sample_0441,range,range(diseaseSpreadStatistics) = DateTime,"背景知识：
条目1：
- 名称：diseaseSpreadStatistics
- 类型：Property
- 简介：Statistical information about the spread of a disease, either as <a class=""localLink"" href=""/WebContent"">WebContent</a>, or described directly as a <a class=""localLink"" href=""/Dataset"">Dataset</a>, or the specific <a class=""localLink"" href=...
- 补充信息：domainIncludes: http://schema.org/SpecialAnnouncement | rangeIncludes: http://schema.org/Dataset, http://schema.org/Observation, http://schema.org/URL, http://schema.org/WebContent

条目2：
- 名称：DateTime
- 类型：Property
- 简介：DateTime is a property in the knowledge base.",0,qwen-max-0125,0.0,8192,https://api2.aigcbest.top/v1,"判断结果：错误  
解释：根据背景知识，diseaseSpreadStatistics的rangeIncludes为Dataset、Observation、URL和WebContent，而DateTime并未包含在内，因此该公理与背景知识冲突。",0,1,
sample_0442,range,range(exerciseCourse) = PriceSpecification,"背景知识：
条目1：
- 名称：exerciseCourse
- 类型：Property
- 简介：A sub property of location. The course where this action was taken.
- 补充信息：domainIncludes: http://schema.org/ExerciseAction | rangeIncludes: http://schema.org/Place

条目2：
- 名称：PriceSpecification
- 类型：Property
- 简介：PriceSpecification is a property in the knowledge base.",0,qwen-max-0125,0.0,8192,https://api2.aigcbest.top/v1,"判断结果：错误  
解释：根据背景知识，exerciseCourse的range应为Place，而PriceSpecification与Place无直接关联，因此该公理与背景知识冲突。",0,1,
sample_0443,range,range(pathophysiology) = Integer,"背景知识：
条目1：
- 名称：pathophysiology
- 类型：Property
- 简介：Changes in the normal mechanical, physical, and biochemical functions that are associated with this activity or condition.
- 补充信息：domainIncludes: http://schema.org/MedicalCondition, http://schema.org/PhysicalActivity | rangeIncludes: http://schema.org/Text

条目2：
- 名称：Integer
- 类型：Property
- 简介：An integer is the number zero (0), a positive natural number, or the negation of a positive natural number. The negations or additive inverses of the positive natural numbers are referred to as negative integers. The set of all integers is....",0,qwen-max-0125,0.0,8192,https://api2.aigcbest.top/v1,"判断结果：错误  
解释：根据背景知识，pathophysiology的rangeIncludes为Text，而Integer与Text类型不符，违反了RDFS语义规则。",0,1,
sample_0444,range,range(reviewedBy) = Movie,"背景知识：
条目1：
- 名称：reviewedBy
- 类型：Property
- 简介：People or organizations that have reviewed the content on this web page for accuracy and/or completeness.
- 补充信息：domainIncludes: http://schema.org/WebPage | rangeIncludes: http://schema.org/Organization, http://schema.org/Person

条目2：
- 名称：Movie
- 类型：Property
- 简介：A film, movie, or motion picture is a work of visual art that simulates experiences and otherwise communicates ideas, stories, perceptions, emotions, or atmosphere through the use of moving images that are generally, since the 1930s, synchr...",0,qwen-max-0125,0.0,8192,https://api2.aigcbest.top/v1,"判断结果：错误  
解释：根据背景知识，reviewedBy的range应为Organization或Person，而Movie与其语义不符，违反了RDFS的range约束规则。",0,1,
sample_0445,range,range(recipeInstructions) = Person,"背景知识：
条目1：
- 名称：recipeInstructions
- 类型：Property
- 简介：A step in making the recipe, in the form of a single item (document, video, etc.) or an ordered list with HowToStep and/or HowToSection items.
- 补充信息：domainIncludes: http://schema.org/Recipe | rangeIncludes: http://schema.org/CreativeWork, http://schema.org/ItemList, http://schema.org/Text

条目2：
- 名称：Person
- 类型：Property
- 简介：A person is a being who has certain capacities or attributes such as reason, morality, consciousness or self-consciousness, and being a part of a culturally established form of social relations such as kinship, ownership of property, or leg...",0,qwen-max-0125,0.0,8192,https://api2.aigcbest.top/v1,"判断结果：错误  
解释：根据背景知识，recipeInstructions的rangeIncludes为CreativeWork、ItemList或Text，而Person与这些类无直接关联，违反了RDFS语义规则。",0,1,
sample_0446,range,range(geographicArea) = Integer,"背景知识：
条目1：
- 名称：geographicArea
- 类型：Property
- 简介：The geographic area associated with the audience.
- 补充信息：domainIncludes: http://schema.org/Audience | rangeIncludes: http://schema.org/AdministrativeArea

条目2：
- 名称：Integer
- 类型：Property
- 简介：An integer is the number zero (0), a positive natural number, or the negation of a positive natural number. The negations or additive inverses of the positive natural numbers are referred to as negative integers. The set of all integers is....",0,qwen-max-0125,0.0,8192,https://api2.aigcbest.top/v1,"判断结果：错误  
解释：根据背景知识，geographicArea的range应为AdministrativeArea，而Integer与其语义不符，违反了RDFS的range约束规则。",0,1,
sample_0447,range,range(totalPrice) = Reservation,"背景知识：
条目1：
- 名称：totalPrice
- 类型：Property
- 简介：The total price for the reservation or ticket, including applicable taxes, shipping, etc.<br/><br/> Usage guidelines:<br/><br/> <ul> <li>Use values from 0123456789 (Unicode 'DIGIT ZERO' (U+0030) to 'DIGIT NINE' (U+0039)) rather than superfi...
- 补充信息：domainIncludes: http://schema.org/Reservation, http://schema.org/Ticket | rangeIncludes: http://schema.org/Number, http://schema.org/PriceSpecification, http://schema.org/Text

条目2：
- 名称：Reservation
- 类型：Property
- 简介：Reservation may refer to:",0,qwen-max-0125,0.0,8192,https://api2.aigcbest.top/v1,"判断结果：错误  
解释：根据背景知识，totalPrice的range应包括Number、PriceSpecification或Text，而非Reservation，这与RDFS语义规则冲突。",0,1,
sample_0448,range,range(nutrition) = Movie,"背景知识：
条目1：
- 名称：nutrition
- 类型：Property
- 简介：Nutrition information about the recipe or menu item.
- 补充信息：domainIncludes: http://schema.org/MenuItem, http://schema.org/Recipe | rangeIncludes: http://schema.org/NutritionInformation

条目2：
- 名称：Movie
- 类型：Property
- 简介：A film, movie, or motion picture is a work of visual art that simulates experiences and otherwise communicates ideas, stories, perceptions, emotions, or atmosphere through the use of moving images that are generally, since the 1930s, synchr...",0,qwen-max-0125,0.0,8192,https://api2.aigcbest.top/v1,"判断结果：错误  
解释：根据背景知识，nutrition的range应为NutritionInformation，而Movie与NutritionInformation无语义关联，违反了RDFS的range约束规则。",0,1,
sample_0449,range,range(dateModified) = Boolean,"背景知识：
条目1：
- 名称：dateModified
- 类型：Property
- 简介：The date on which the CreativeWork was most recently modified or when the item's entry was modified within a DataFeed.
- 补充信息：domainIncludes: http://schema.org/CreativeWork, http://schema.org/DataFeedItem | rangeIncludes: http://schema.org/Date, http://schema.org/DateTime

条目2：
- 名称：Boolean
- 类型：Property
- 简介：Any kind of logic, function, expression, or theory based on the work of George Boole is considered Boolean.",0,qwen-max-0125,0.0,8192,https://api2.aigcbest.top/v1,"判断结果：错误  
解释：根据背景知识，dateModified的rangeIncludes为Date或DateTime，而非Boolean，因此该公理与背景知识冲突。",0,1,
sample_0450,range,range(recipient) = PriceSpecification,"背景知识：
条目1：
- 名称：recipient
- 类型：Property
- 简介：A sub property of participant. The participant who is at the receiving end of the action.
- 补充信息：domainIncludes: http://schema.org/AuthorizeAction, http://schema.org/CommunicateAction, http://schema.org/DonateAction, http://schema.org/GiveAction, http://schema.org/Message, htt...

条目2：
- 名称：PriceSpecification
- 类型：Property
- 简介：PriceSpecification is a property in the knowledge base.",0,qwen-max-0125,0.0,8192,https://api2.aigcbest.top/v1,"判断结果：错误  
解释：根据背景知识，recipient的range应与接收者相关，而PriceSpecification表示价格规范，二者语义不符。",0,1,
sample_0451,range,range(workPresented) = DataFeedItem,"背景知识：
条目1：
- 名称：workPresented
- 类型：Property
- 简介：The movie presented during this event.
- 补充信息：domainIncludes: http://schema.org/ScreeningEvent | rangeIncludes: http://schema.org/Movie

条目2：
- 名称：DataFeedItem
- 类型：Property
- 简介：DataFeedItem is a property in the knowledge base.",0,qwen-max-0125,0.0,8192,https://api2.aigcbest.top/v1,"判断结果：错误  
解释：根据背景知识，workPresented的range应为Movie，而DataFeedItem与Movie无直接关联，违反了range的语义约束。",0,1,
sample_0452,range,range(itemOffered) = Organization,"背景知识：
条目1：
- 名称：itemOffered
- 类型：Property
- 简介：An item being offered (or demanded). The transactional nature of the offer or demand is documented using <a class=""localLink"" href=""/businessFunction"">businessFunction</a>, e.g. sell, lease etc. While several common expected types are liste...
- 补充信息：domainIncludes: http://schema.org/Demand, http://schema.org/Offer | rangeIncludes: http://schema.org/AggregateOffer, http://schema.org/CreativeWork, http://schema.org/Event, http:/...

条目2：
- 名称：Organization
- 类型：Property
- 简介：An organization or organisation is an entity—such as a company, or corporation or an institution, or an association—comprising one or more people and having a particular purpose.",0,qwen-max-0125,0.0,8192,https://api2.aigcbest.top/v1,"判断结果：错误  
解释：根据背景知识，itemOffered的rangeIncludes包含http://schema.org/AggregateOffer、http://schema.org/CreativeWork等类型，而Organization并未被列为合法的range范围，因此该公理与背景知识冲突。",0,1,
sample_0453,range,range(certificationIdentification) = Movie,"背景知识：
条目1：
- 名称：certificationIdentification
- 类型：Property
- 简介：Identifier of a certification instance (as registered with an independent certification body). Typically this identifier can be used to consult and verify the certification instance. See also <a href=""https://www.gs1.org/voc/certificationId...
- 补充信息：domainIncludes: http://schema.org/Certification | rangeIncludes: http://schema.org/DefinedTerm, http://schema.org/Text

条目2：
- 名称：Movie
- 类型：Property
- 简介：A film, movie, or motion picture is a work of visual art that simulates experiences and otherwise communicates ideas, stories, perceptions, emotions, or atmosphere through the use of moving images that are generally, since the 1930s, synchr...",0,qwen-max-0125,0.0,8192,https://api2.aigcbest.top/v1,"判断结果：错误  
解释：根据背景知识，certificationIdentification的rangeIncludes为DefinedTerm和Text，而Movie并不在其范围内，因此该公理与背景知识冲突。",0,1,
sample_0454,range,range(numberOfBeds) = Organization,"背景知识：
条目1：
- 名称：numberOfBeds
- 类型：Property
- 简介：The quantity of the given bed type available in the HotelRoom, Suite, House, or Apartment.
- 补充信息：domainIncludes: http://schema.org/BedDetails | rangeIncludes: http://schema.org/Number

条目2：
- 名称：Organization
- 类型：Property
- 简介：An organization or organisation is an entity—such as a company, or corporation or an institution, or an association—comprising one or more people and having a particular purpose.",0,qwen-max-0125,0.0,8192,https://api2.aigcbest.top/v1,"判断结果：错误  
解释：根据背景知识，numberOfBeds的range应为Number，而Organization与其语义不符，违反了RDFS的range约束规则。",0,1,
sample_0455,range,range(permissions) = Mass,"背景知识：
条目1：
- 名称：permissions
- 类型：Property
- 简介：Permission(s) required to run the app (for example, a mobile app may require full internet access or may run only on wifi).
- 补充信息：domainIncludes: http://schema.org/SoftwareApplication | rangeIncludes: http://schema.org/Text

条目2：
- 名称：Mass
- 类型：Property
- 简介：Mass is an intrinsic property of a body. In modern physics, it is generally defined as the strength of an object's gravitational attraction to other bodies - as measured by an observer moving along at the same speed.",0,qwen-max-0125,0.0,8192,https://api2.aigcbest.top/v1,"判断结果：错误  
解释：根据背景知识，permissions的range应为Text，而Mass是一个与物理质量相关的属性，二者语义不符。",0,1,
sample_0456,range,range(workTranslation) = Boolean,"背景知识：
条目1：
- 名称：workTranslation
- 类型：Property
- 简介：A work that is a translation of the content of this work. E.g. 西遊記 has an English workTranslation “Journey to the West”, a German workTranslation “Monkeys Pilgerfahrt” and a Vietnamese translation Tây du ký bình khảo.
- 补充信息：domainIncludes: http://schema.org/CreativeWork | rangeIncludes: http://schema.org/CreativeWork

条目2：
- 名称：Boolean
- 类型：Property
- 简介：Any kind of logic, function, expression, or theory based on the work of George Boole is considered Boolean.",0,qwen-max-0125,0.0,8192,https://api2.aigcbest.top/v1,"判断结果：错误  
解释：根据背景知识，workTranslation的range应为CreativeWork，而Boolean与CreativeWork无语义关联，违反了RDFS的range约束规则。",0,1,
sample_0457,range,range(passengerSequenceNumber) = PublicationEvent,"背景知识：
条目1：
- 名称：passengerSequenceNumber
- 类型：Property
- 简介：The passenger's sequence number as assigned by the airline.
- 补充信息：domainIncludes: http://schema.org/FlightReservation | rangeIncludes: http://schema.org/Text

条目2：
- 名称：PublicationEvent
- 类型：Property
- 简介：PublicationEvent is a property in the knowledge base.",0,qwen-max-0125,0.0,8192,https://api2.aigcbest.top/v1,"判断结果：错误  
解释：根据背景知识，passengerSequenceNumber的range应为Text，而PublicationEvent是一个Property，与Text类型不符，违反了RDFS语义规则。",0,1,
sample_0458,range,range(estimatesRiskOf) = ImageObject,"背景知识：
条目1：
- 名称：estimatesRiskOf
- 类型：Property
- 简介：The condition, complication, or symptom whose risk is being estimated.
- 补充信息：domainIncludes: http://schema.org/MedicalRiskEstimator | rangeIncludes: http://schema.org/MedicalEntity

条目2：
- 名称：ImageObject
- 类型：Property
- 简介：ImageObject is a property in the knowledge base.",0,qwen-max-0125,0.0,8192,https://api2.aigcbest.top/v1,"判断结果：错误  
解释：根据背景知识，estimatesRiskOf的range应为MedicalEntity，而ImageObject与其无直接关联，违反了RDFS语义规则。",0,1,
sample_0459,range,range(numAdults) = AdministrativeArea,"背景知识：
条目1：
- 名称：numAdults
- 类型：Property
- 简介：The number of adults staying in the unit.
- 补充信息：domainIncludes: http://schema.org/LodgingReservation | rangeIncludes: http://schema.org/Integer, http://schema.org/QuantitativeValue

条目2：
- 名称：AdministrativeArea
- 类型：Property
- 简介：AdministrativeArea is a property in the knowledge base.",0,qwen-max-0125,0.0,8192,https://api2.aigcbest.top/v1,"判断结果：错误  
解释：根据背景知识，numAdults的range应为Integer或QuantitativeValue，而AdministrativeArea是一个Property，与numAdults的定义不符。",0,1,
sample_0460,range,range(collectionSize) = Place,"背景知识：
条目1：
- 名称：collectionSize
- 类型：Property
- 简介：The number of items in the <a class=""localLink"" href=""/Collection"">Collection</a>.
- 补充信息：domainIncludes: http://schema.org/Collection | rangeIncludes: http://schema.org/Integer

条目2：
- 名称：Place
- 类型：Property
- 简介：Place may refer to:",0,qwen-max-0125,0.0,8192,https://api2.aigcbest.top/v1,"判断结果：错误  
解释：根据背景知识，collectionSize的range应为Integer，而Place是一个Property，与语义规则和背景知识冲突。",0,1,
sample_0461,range,range(availableFrom) = ItemList,"背景知识：
条目1：
- 名称：availableFrom
- 类型：Property
- 简介：When the item is available for pickup from the store, locker, etc.
- 补充信息：domainIncludes: http://schema.org/DeliveryEvent | rangeIncludes: http://schema.org/DateTime

条目2：
- 名称：ItemList
- 类型：Property
- 简介：ItemList is a property in the knowledge base.",0,qwen-max-0125,0.0,8192,https://api2.aigcbest.top/v1,"判断结果：错误  
解释：根据背景知识，availableFrom的range应为DateTime，而非ItemList，与公理冲突。",0,1,
sample_0462,range,range(broadcastSubChannel) = AdministrativeArea,"背景知识：
条目1：
- 名称：broadcastSubChannel
- 类型：Property
- 简介：The subchannel used for the broadcast.
- 补充信息：domainIncludes: http://schema.org/BroadcastFrequencySpecification | rangeIncludes: http://schema.org/Text

条目2：
- 名称：AdministrativeArea
- 类型：Property
- 简介：AdministrativeArea is a property in the knowledge base.",0,qwen-max-0125,0.0,8192,https://api2.aigcbest.top/v1,"判断结果：错误  
解释：根据背景知识，broadcastSubChannel的range应为Text，而AdministrativeArea是一个Property，与Text类型不符，违反了RDFS语义规则。",0,1,
sample_0463,range,range(requiresSubscription) = AboutPage,"背景知识：
条目1：
- 名称：requiresSubscription
- 类型：Property
- 简介：Indicates if use of the media require a subscription (either paid or free). Allowed values are <code>true</code> or <code>false</code> (note that an earlier version had 'yes', 'no').
- 补充信息：domainIncludes: http://schema.org/ActionAccessSpecification, http://schema.org/MediaObject | rangeIncludes: http://schema.org/Boolean, http://schema.org/MediaSubscription

条目2：
- 名称：AboutPage
- 类型：Property
- 简介：AboutPage is a property in the knowledge base.",0,qwen-max-0125,0.0,8192,https://api2.aigcbest.top/v1,"判断结果：错误  
解释：根据背景知识，requiresSubscription的range应为Boolean或MediaSubscription，而非AboutPage。",0,1,
sample_0464,range,range(producer) = Boolean,"背景知识：
条目1：
- 名称：producer
- 类型：Property
- 简介：The person or organization who produced the work (e.g. music album, movie, TV/radio series etc.).
- 补充信息：domainIncludes: http://schema.org/CreativeWork | rangeIncludes: http://schema.org/Organization, http://schema.org/Person

条目2：
- 名称：Boolean
- 类型：Property
- 简介：Any kind of logic, function, expression, or theory based on the work of George Boole is considered Boolean.",0,qwen-max-0125,0.0,8192,https://api2.aigcbest.top/v1,"判断结果：错误  
解释：根据背景知识，producer的range应为Organization或Person，而非Boolean，与语义规则冲突。",0,1,
sample_0465,range,range(dependencies) = Number,"背景知识：
条目1：
- 名称：dependencies
- 类型：Property
- 简介：Prerequisites needed to fulfill steps in article.
- 补充信息：domainIncludes: http://schema.org/TechArticle | rangeIncludes: http://schema.org/Text

条目2：
- 名称：Number
- 类型：Property
- 简介：A number is a mathematical object used to count, measure, and label. The most basic examples are the natural numbers: 1, 2, 3, 4, 5, and so forth. Individual numbers can be represented in language with number words or by dedicated symbols c...",0,qwen-max-0125,0.0,8192,https://api2.aigcbest.top/v1,"判断结果：错误  
解释：根据背景知识，dependencies 的 rangeIncludes 是 http://schema.org/Text，而 Number 与 Text 类型不符，违反了 RDFS 的 range 约束规则。",0,1,
sample_0466,range,range(isAccessoryOrSparePartFor) = Integer,"背景知识：
条目1：
- 名称：isAccessoryOrSparePartFor
- 类型：Property
- 简介：A pointer to another product (or multiple products) for which this product is an accessory or spare part.
- 补充信息：domainIncludes: http://schema.org/Product | rangeIncludes: http://schema.org/Product

条目2：
- 名称：Integer
- 类型：Property
- 简介：An integer is the number zero (0), a positive natural number, or the negation of a positive natural number. The negations or additive inverses of the positive natural numbers are referred to as negative integers. The set of all integers is....",0,qwen-max-0125,0.0,8192,https://api2.aigcbest.top/v1,"判断结果：错误  
解释：根据背景知识，isAccessoryOrSparePartFor的range应为http://schema.org/Product，而Integer与其语义不符，违反了RDFS的range约束规则。",0,1,
sample_0467,range,range(fundedItem) = Place,"背景知识：
条目1：
- 名称：fundedItem
- 类型：Property
- 简介：Indicates something directly or indirectly funded or sponsored through a <a class=""localLink"" href=""/Grant"">Grant</a>. See also <a class=""localLink"" href=""/ownershipFundingInfo"">ownershipFundingInfo</a>.
- 补充信息：domainIncludes: http://schema.org/Grant | rangeIncludes: http://schema.org/BioChemEntity, http://schema.org/CreativeWork, http://schema.org/Event, http://schema.org/MedicalEntity,....

条目2：
- 名称：Place
- 类型：Property
- 简介：Place may refer to:",0,qwen-max-0125,0.0,8192,https://api2.aigcbest.top/v1,"判断结果：错误  
解释：根据背景知识，fundedItem的rangeIncludes包含CreativeWork、Event等类，而未提及Place，因此与公理range(fundedItem) = Place冲突。",0,1,
sample_0468,range,range(ownershipFundingInfo) = MediaObject,"背景知识：
条目1：
- 名称：ownershipFundingInfo
- 类型：Property
- 简介：For an <a class=""localLink"" href=""/Organization"">Organization</a> (often but not necessarily a <a class=""localLink"" href=""/NewsMediaOrganization"">NewsMediaOrganization</a>), a description of organizational ownership structure; funding and g...
- 补充信息：domainIncludes: http://schema.org/NewsMediaOrganization, http://schema.org/Organization | rangeIncludes: http://schema.org/AboutPage, http://schema.org/CreativeWork, http://schema....

条目2：
- 名称：MediaObject
- 类型：Property
- 简介：The Media Object Server (MOS) protocol allows newsroom computer systems (NRCS) to communicate using a standard protocol with video servers, audio servers, still stores, and character generators for broadcast production.",0,qwen-max-0125,0.0,8192,https://api2.aigcbest.top/v1,"判断结果：错误  
解释：根据背景知识，ownershipFundingInfo的rangeIncludes为AboutPage和CreativeWork等类，而MediaObject并未被提及，因此该公理与背景知识冲突。",0,1,
sample_0469,range,range(option) = Mass,"背景知识：
条目1：
- 名称：option
- 类型：Property
- 简介：A sub property of object. The options subject to this action.
- 补充信息：domainIncludes: http://schema.org/ChooseAction | rangeIncludes: http://schema.org/Text, http://schema.org/Thing

条目2：
- 名称：Mass
- 类型：Property
- 简介：Mass is an intrinsic property of a body. In modern physics, it is generally defined as the strength of an object's gravitational attraction to other bodies - as measured by an observer moving along at the same speed.",0,qwen-max-0125,0.0,8192,https://api2.aigcbest.top/v1,"判断结果：错误  
解释：根据背景知识，option的rangeIncludes为Text和Thing，而Mass是一个Property，与option的range定义不符。",0,1,
sample_0470,range,range(color) = QuantitativeValue,"背景知识：
条目1：
- 名称：color
- 类型：Property
- 简介：The color of the product.
- 补充信息：domainIncludes: http://schema.org/Product | rangeIncludes: http://schema.org/Text

条目2：
- 名称：QuantitativeValue
- 类型：Property
- 简介：QuantitativeValue is a property in the knowledge base.",0,qwen-max-0125,0.0,8192,https://api2.aigcbest.top/v1,"判断结果：错误  
解释：根据背景知识，color的range应为Text，而QuantitativeValue是一个Property，与Text类型不符，违反了RDFS语义规则。",0,1,
sample_0471,range,range(loanRepaymentForm) = Person,"背景知识：
条目1：
- 名称：loanRepaymentForm
- 类型：Property
- 简介：A form of paying back money previously borrowed from a lender. Repayment usually takes the form of periodic payments that normally include part principal plus interest in each payment.
- 补充信息：domainIncludes: http://schema.org/LoanOrCredit | rangeIncludes: http://schema.org/RepaymentSpecification

条目2：
- 名称：Person
- 类型：Property
- 简介：A person is a being who has certain capacities or attributes such as reason, morality, consciousness or self-consciousness, and being a part of a culturally established form of social relations such as kinship, ownership of property, or leg...",0,qwen-max-0125,0.0,8192,https://api2.aigcbest.top/v1,"判断结果：错误  
解释：根据背景知识，loanRepaymentForm的range应为RepaymentSpecification，而非Person，与公理冲突。",0,1,
sample_0472,range,range(publication) = URL,"背景知识：
条目1：
- 名称：publication
- 类型：Property
- 简介：A publication event associated with the item.
- 补充信息：domainIncludes: http://schema.org/CreativeWork | rangeIncludes: http://schema.org/PublicationEvent

条目2：
- 名称：URL
- 类型：Property
- 简介：A uniform resource locator (URL), colloquially known as a web address, is a reference to a resource on the World Wide Web. A URL specifies the location of a resource on a computer network and a mechanism for retrieving it. A URL is a specif...",0,qwen-max-0125,0.0,8192,https://api2.aigcbest.top/v1,"判断结果：错误  
解释：根据背景知识，publication的range应为http://schema.org/PublicationEvent，而非URL，因此该公理与背景知识冲突。",0,1,
sample_0473,range,range(itinerary) = ImageObject,"背景知识：
条目1：
- 名称：itinerary
- 类型：Property
- 简介：Destination(s) ( <a class=""localLink"" href=""/Place"">Place</a> ) that make up a trip. For a trip where destination order is important use <a class=""localLink"" href=""/ItemList"">ItemList</a> to specify that order (see examples).
- 补充信息：domainIncludes: http://schema.org/Trip | rangeIncludes: http://schema.org/ItemList, http://schema.org/Place

条目2：
- 名称：ImageObject
- 类型：Property
- 简介：ImageObject is a property in the knowledge base.",0,qwen-max-0125,0.0,8192,https://api2.aigcbest.top/v1,"判断结果：错误  
解释：根据背景知识，itinerary的range应为Place或ItemList，而非ImageObject，与公理冲突。",0,1,
sample_0474,range,range(suggestedGender) = BlogPosting,"背景知识：
条目1：
- 名称：suggestedGender
- 类型：Property
- 简介：The suggested gender of the intended person or audience, for example ""male"", ""female"", or ""unisex"".
- 补充信息：domainIncludes: http://schema.org/PeopleAudience, http://schema.org/SizeSpecification | rangeIncludes: http://schema.org/GenderType, http://schema.org/Text

条目2：
- 名称：BlogPosting
- 类型：Property
- 简介：BlogPosting is a property in the knowledge base.",0,qwen-max-0125,0.0,8192,https://api2.aigcbest.top/v1,"判断结果：错误  
解释：根据背景知识，suggestedGender的range应为GenderType或Text，而BlogPosting是一个Property，与range的定义冲突。",0,1,
sample_0475,range,range(businessDays) = AboutPage,"背景知识：
条目1：
- 名称：businessDays
- 类型：Property
- 简介：Days of the week when the merchant typically operates, indicated via opening hours markup.
- 补充信息：domainIncludes: http://schema.org/ServicePeriod, http://schema.org/ShippingDeliveryTime | rangeIncludes: http://schema.org/DayOfWeek, http://schema.org/OpeningHoursSpecification

条目2：
- 名称：AboutPage
- 类型：Property
- 简介：AboutPage is a property in the knowledge base.",0,qwen-max-0125,0.0,8192,https://api2.aigcbest.top/v1,"判断结果：错误  
解释：根据背景知识，businessDays的range应为DayOfWeek或OpeningHoursSpecification，而AboutPage是一个Property，与range定义不符。",0,1,
sample_0476,range,range(targetPopulation) = DataFeedItem,"背景知识：
条目1：
- 名称：targetPopulation
- 类型：Property
- 简介：Characteristics of the population for which this is intended, or which typically uses it, e.g. 'adults'.
- 补充信息：domainIncludes: http://schema.org/DietarySupplement, http://schema.org/DoseSchedule | rangeIncludes: http://schema.org/Text

条目2：
- 名称：DataFeedItem
- 类型：Property
- 简介：DataFeedItem is a property in the knowledge base.",0,qwen-max-0125,0.0,8192,https://api2.aigcbest.top/v1,"判断结果：错误  
解释：根据背景知识，targetPopulation的range应为Text，而DataFeedItem是一个Property，与range的定义冲突。",0,1,
sample_0477,range,range(carbohydrateContent) = DateTime,"背景知识：
条目1：
- 名称：carbohydrateContent
- 类型：Property
- 简介：The number of grams of carbohydrates.
- 补充信息：domainIncludes: http://schema.org/NutritionInformation | rangeIncludes: http://schema.org/Mass

条目2：
- 名称：DateTime
- 类型：Property
- 简介：DateTime is a property in the knowledge base.",0,qwen-max-0125,0.0,8192,https://api2.aigcbest.top/v1,"判断结果：错误  
解释：根据背景知识，carbohydrateContent的range应为Mass，而DateTime与Mass无语义关联，违反了RDFS的range约束规则。",0,1,
sample_0478,range,range(bookingTime) = PublicationEvent,"背景知识：
条目1：
- 名称：bookingTime
- 类型：Property
- 简介：The date and time the reservation was booked.
- 补充信息：domainIncludes: http://schema.org/Reservation | rangeIncludes: http://schema.org/DateTime

条目2：
- 名称：PublicationEvent
- 类型：Property
- 简介：PublicationEvent is a property in the knowledge base.",0,qwen-max-0125,0.0,8192,https://api2.aigcbest.top/v1,"判断结果：错误  
解释：根据背景知识，bookingTime的range应为DateTime，而非PublicationEvent，与公理冲突。",0,1,
sample_0479,range,range(afterMedia) = DeliveryEvent,"背景知识：
条目1：
- 名称：afterMedia
- 类型：Property
- 简介：A media object representing the circumstances after performing this direction.
- 补充信息：domainIncludes: http://schema.org/HowToDirection | rangeIncludes: http://schema.org/MediaObject, http://schema.org/URL

条目2：
- 名称：DeliveryEvent
- 类型：Property
- 简介：DeliveryEvent is a property in the knowledge base.",0,qwen-max-0125,0.0,8192,https://api2.aigcbest.top/v1,"判断结果：错误  
解释：根据背景知识，afterMedia的rangeIncludes为MediaObject和URL，而非DeliveryEvent，因此该公理与背景知识冲突。",0,1,
sample_0480,range,range(deliveryStatus) = AdministrativeArea,"背景知识：
条目1：
- 名称：deliveryStatus
- 类型：Property
- 简介：New entry added as the package passes through each leg of its journey (from shipment to final delivery).
- 补充信息：domainIncludes: http://schema.org/ParcelDelivery | rangeIncludes: http://schema.org/DeliveryEvent

条目2：
- 名称：AdministrativeArea
- 类型：Property
- 简介：AdministrativeArea is a property in the knowledge base.",0,qwen-max-0125,0.0,8192,https://api2.aigcbest.top/v1,"判断结果：错误  
解释：根据背景知识，deliveryStatus的range应为DeliveryEvent，而AdministrativeArea是一个独立的属性，与DeliveryEvent无直接关联，因此该公理与背景知识冲突。",0,1,
