id,axiom_type,axiom_text,context_info,label,model_name,temperature,max_tokens,base_url,model_output,model_label,is_correct,error
hard_case_0001,subClassOf,Airline ⊑ PublicTransitSystem,"背景知识：
条目1：
- 名称：Airline
- 类型：Class
- 简介：airline

条目2：
- 名称：PublicTransitSystem
- 类型：Class
- 简介：A public transit system is a shared passenger transportation service which is available for use by the general public. Public transport modes include buses, trolleybuses, trams and trains, 'rapid transit' (metro/subways/undergrounds etc) an...",1,llama-3.1-70b,0.0,8192,https://api2.aigcbest.top/v1,"判断结果：正确
解释：根据背景知识，Airline 是一种公共交通系统，因此 Airline 是 PublicTransitSystem 的子类，满足 RDFS 中的 subClassOf 语义规则。",1,1,
hard_case_0002,subClassOf,Album ⊑ MusicalWork,"背景知识：
条目1：
- 名称：Album
- 类型：Class
- 简介：album

条目2：
- 名称：MusicalWork
- 类型：Class
- 简介：musical work",1,llama-3.1-70b,0.0,8192,https://api2.aigcbest.top/v1,"判断结果：正确
解释：根据背景知识，Album 是一种具体的音乐作品类型，MusicalWork 是一个更广泛的音乐作品概念，符合子类关系的语义约束。",1,1,
hard_case_0003,subClassOf,Ambassador ⊑ Politician,"背景知识：
条目1：
- 名称：Ambassador
- 类型：Class
- 简介：An ambassador is the highest ranking diplomat that represents a nation and is usually accredited to a foreign sovereign or government, or to an international organization.

条目2：
- 名称：Politician
- 类型：Class
- 简介：politician",1,llama-3.1-70b,0.0,8192,https://api2.aigcbest.top/v1,"判断结果：正确
解释：根据背景知识，Ambassador是一位代表国家的最高外交官，而Politician是指政治人物，两者之间存在包含关系，Ambassador是Politician的一种特殊类型。",1,1,
hard_case_0004,subClassOf,AmusementParkAttraction ⊑ ArchitecturalStructure,"背景知识：
条目1：
- 名称：AmusementParkAttraction
- 类型：Class
- 简介：amusement park attraction

条目2：
- 名称：ArchitecturalStructure
- 类型：Class
- 简介：An architectural structure is a human-made, free-standing, immobile outdoor construction (http://en.wikipedia.org/wiki/Architectural_structure).",1,llama-3.1-70b,0.0,8192,https://api2.aigcbest.top/v1,"判断结果：正确
解释：根据背景知识，AmusementParkAttraction 是 ArchitecturalStructure 的子类，因为游乐园景点通常是人造的、独立的、不动的户外建筑结构。",1,1,
hard_case_0005,subClassOf,AnimangaCharacter ⊑ ComicsCharacter,"背景知识：
条目1：
- 名称：AnimangaCharacter
- 类型：Class
- 简介：Anime/Manga character

条目2：
- 名称：ComicsCharacter
- 类型：Class
- 简介：comics character",1,llama-3.1-70b,0.0,8192,https://api2.aigcbest.top/v1,"判断结果：正确
解释：根据背景知识，AnimangaCharacter是Anime/Manga character，而ComicsCharacter是comics character，两者存在包含关系， AnimangaCharacter是ComicsCharacter的子类。",1,1,
hard_case_0007,subClassOf,Archaea ⊑ Species,"背景知识：
条目1：
- 名称：Archaea
- 类型：Class
- 简介：archaea

条目2：
- 名称：Species
- 类型：Class
- 简介：A category in the rating system",1,llama-3.1-70b,0.0,8192,https://api2.aigcbest.top/v1,"判断结果：正确
解释：根据背景知识，Archaea是一种古细菌类别，而Species是分类系统中的一个类别，Archaea属于Species的子类是合理的。",1,1,
hard_case_0010,subClassOf,Attack ⊑ SocietalEvent,"背景知识：
条目1：
- 名称：Attack
- 类型：Class
- 简介：An Attack is not necessarily part of a Military Conflict

条目2：
- 名称：SocietalEvent
- 类型：Class
- 简介：an event that is clearly different from strictly personal events",1,llama-3.1-70b,0.0,8192,https://api2.aigcbest.top/v1,"判断结果：正确
解释：根据背景知识，Attack 是一种不一定是军事冲突的一部分的事件，而 SocietalEvent 是一种与个人事件明显不同的事件，Attack 可以被视为一种 SocietalEvent。",1,1,
hard_case_0012,subClassOf,Bacteria ⊑ Species,"背景知识：
条目1：
- 名称：Bacteria
- 类型：Class
- 简介：bacteria

条目2：
- 名称：Species
- 类型：Class
- 简介：A category in the rating system",1,llama-3.1-70b,0.0,8192,https://api2.aigcbest.top/v1,"判断结果：正确
解释：根据背景知识，Bacteria是Species的子类，符合RDFS中subClassOf的语义规则。",1,1,
hard_case_0014,subClassOf,BaseballSeason ⊑ SportsTeamSeason,"背景知识：
条目1：
- 名称：BaseballSeason
- 类型：Class
- 简介：baseball season

条目2：
- 名称：SportsTeamSeason
- 类型：Class
- 简介：A season for a particular sports team (as opposed to the season for the entire league that the team is in)",1,llama-3.1-70b,0.0,8192,https://api2.aigcbest.top/v1,"判断结果：正确
解释：根据背景知识，BaseballSeason是SportsTeamSeason的子类，因为棒球赛季是特定体育团队的赛季。",1,1,
hard_case_0015,subClassOf,ChristianBishop ⊑ Archbishop,"背景知识：
条目1：
- 名称：ChristianBishop
- 类型：Class
- 简介：Christian Bishop

条目2：
- 名称：Archbishop
- 类型：Class
- 简介：archbishop",0,llama-3.1-70b,0.0,8192,https://api2.aigcbest.top/v1,"判断结果：错误
解释：根据背景知识，ChristianBishop和Archbishop都是类，但没有明确的包含关系，不能直接推断出ChristianBishop是Archbishop的子类。",0,1,
hard_case_0017,subClassOf,Eukaryote ⊑ Animal,"背景知识：
条目1：
- 名称：Eukaryote
- 类型：Class
- 简介：eukaryote

条目2：
- 名称：Animal
- 类型：Class
- 简介：animal",0,llama-3.1-70b,0.0,8192,https://api2.aigcbest.top/v1,"判断结果：错误
解释：根据背景知识，Eukaryote 和 Animal 是两个不同的类，Eukaryote 不是 Animal 的子类。",0,1,
hard_case_0018,subClassOf,Genre ⊑ ArtisticGenre,"背景知识：
条目1：
- 名称：Genre
- 类型：Class
- 简介：genre

条目2：
- 名称：ArtisticGenre
- 类型：Class
- 简介：Genres of art, e.g. Pointillist, Modernist",0,llama-3.1-70b,0.0,8192,https://api2.aigcbest.top/v1,"判断结果：错误
解释：根据背景知识，Genre 是一个更广泛的概念，而 ArtisticGenre 是 Genre 的一个特定子类，因此 Genre 不应该是 ArtisticGenre 的子类。",0,1,
hard_case_0020,subClassOf,Person ⊑ Animal,"背景知识：
条目1：
- 名称：Person
- 类型：Class
- 简介：person

条目2：
- 名称：Animal
- 类型：Class
- 简介：animal",1,llama-3.1-70b,0.0,8192,https://api2.aigcbest.top/v1,"判断结果：正确
解释：根据背景知识，Person是Animal的子类，符合RDFS中subClassOf的语义规则。",1,1,
hard_case_0023,subClassOf,Type ⊑ TopicalConcept,"背景知识：
条目1：
- 名称：Type
- 类型：Class
- 简介：a category within a classification system

条目2：
- 名称：TopicalConcept
- 类型：Class
- 简介：topical concept",1,llama-3.1-70b,0.0,8192,https://api2.aigcbest.top/v1,"判断结果：正确
解释：根据背景知识，Type是分类系统中的一个类别，而TopicalConcept是主题概念，Type可以被视为TopicalConcept的一个子类。",1,1,
hard_case_0024,subPropertyOf,Wins ⊑p rankingWins,"背景知识：
条目1：
- 名称：Wins
- 类型：Unknown
- 简介：Wins

条目2：
- 名称：rankingWins
- 类型：Property
- 简介：ranking wins",0,llama-3.1-70b,0.0,8192,https://api2.aigcbest.top/v1,"判断结果：错误
解释：根据RDFS语义规则， Wins ⊑p rankingWins 表示 Wins 是 rankingWins 的子属性，但 Wins 的类型为 Unknown，而 rankingWins 的类型为 Property， Wins 不是属性，因此该公理不合理。",0,1,
hard_case_0027,subPropertyOf,bronzeMedalist ⊑p Medalist,"背景知识：
条目1：
- 名称：bronzeMedalist
- 类型：Property
- 简介：bronze medalist

条目2：
- 名称：Medalist
- 类型：Unknown
- 简介：Medalist",1,llama-3.1-70b,0.0,8192,https://api2.aigcbest.top/v1,"判断结果：正确
解释：bronzeMedalist作为Medalist的子属性，表明铜牌获得者是奖牌获得者的子类，符合常识和RDFS语义规则。",1,1,
hard_case_0028,subPropertyOf,championInMixedDouble ⊑p championInDouble,"背景知识：
条目1：
- 名称：championInMixedDouble
- 类型：Property
- 简介：winner of a competition in the mixed double session (as in tennis)

条目2：
- 名称：championInDouble
- 类型：Property
- 简介：winner of a competition in the double session (as in tennis)",1,llama-3.1-70b,0.0,8192,https://api2.aigcbest.top/v1,"判断结果：正确
解释：根据RDFS语义规则，子属性的范围是父属性的子集，且子属性的定义域是父属性的定义域的子集，因此championInMixedDouble ⊑p championInDouble是合理的。",1,1,
hard_case_0030,subPropertyOf,code ⊑p brinCode,"背景知识：
条目1：
- 名称：code
- 类型：Property
- 简介：Superproperty for any designation (string, integer as string) that is meant to identify an entity within the context of a system

条目2：
- 名称：brinCode
- 类型：Property
- 简介：The code used by the Dutch Ministry of Education to identify a school (as an organisation)",0,llama-3.1-70b,0.0,8192,https://api2.aigcbest.top/v1,"判断结果：错误
解释：根据RDFS语义规则，subPropertyOf表示属性之间的包含关系，但给定公理中code ⊑p brinCode不符合此规则，因为brinCode是code的子属性，而非父属性。",0,1,
hard_case_0031,subPropertyOf,code ⊑p codeListOfHonour,"背景知识：
条目1：
- 名称：code
- 类型：Property
- 简介：Superproperty for any designation (string, integer as string) that is meant to identify an entity within the context of a system

条目2：
- 名称：codeListOfHonour
- 类型：Property
- 简介：code on List of Honour",0,llama-3.1-70b,0.0,8192,https://api2.aigcbest.top/v1,"判断结果：错误
解释：根据RDFS语义规则，subPropertyOf表示属性之间的包含关系，但codeListOfHonour是code的子属性，不能作为code的超属性。",0,1,
hard_case_0032,subPropertyOf,code ⊑p codeStockExchange,"背景知识：
条目1：
- 名称：code
- 类型：Property
- 简介：Superproperty for any designation (string, integer as string) that is meant to identify an entity within the context of a system

条目2：
- 名称：codeStockExchange
- 类型：Property
- 简介：code Stock Exchange",0,llama-3.1-70b,0.0,8192,https://api2.aigcbest.top/v1,"判断结果：错误
解释：根据RDFS语义规则，subPropertyOf表示属性之间的包含关系，但codeStockExchange是code的子属性，这与背景知识中code是任何系统中实体的标识符的定义不符。",0,1,
hard_case_0039,subPropertyOf,code ⊑p individualisedGnd,"背景知识：
条目1：
- 名称：code
- 类型：Property
- 简介：Superproperty for any designation (string, integer as string) that is meant to identify an entity within the context of a system

条目2：
- 名称：individualisedGnd
- 类型：Property
- 简介：GND (Gemeinsame Normdatei) is an international authority file for the organisation of personal names, subject headings and corporate bodies from catalogues. It is used mainly for documentation in libraries and archives. The GND is managed b...",0,llama-3.1-70b,0.0,8192,https://api2.aigcbest.top/v1,"判断结果：错误
解释：根据RDFS语义规则，subPropertyOf表示属性之间的包含关系，但code和individualisedGnd都是属性，且个体化GND是GND的子属性，code是任何识别实体的超属性，与个体化GND的关系不明确，因此无法确定code是individualisedGnd的子属性。",0,1,
hard_case_0041,subPropertyOf,codeSettlement ⊑p inseeCode,"背景知识：
条目1：
- 名称：codeSettlement
- 类型：Property
- 简介：settlement code

条目2：
- 名称：inseeCode
- 类型：Property
- 简介：numerical indexing code used by the French National Institute for Statistics and Economic Studies (INSEE) to identify various entities",0,llama-3.1-70b,0.0,8192,https://api2.aigcbest.top/v1,"判断结果：错误
解释：根据背景知识，codeSettlement和inseeCode都是属性，不能使用subClassOf表示类之间的包含关系。",0,1,
hard_case_0042,subPropertyOf,colourHexCode ⊑p code,"背景知识：
条目1：
- 名称：colourHexCode
- 类型：Property
- 简介：A colour represented by its hex code (e.g.: #FF0000 or #40E0D0)

条目2：
- 名称：code
- 类型：Property
- 简介：Superproperty for any designation (string, integer as string) that is meant to identify an entity within the context of a system",1,llama-3.1-70b,0.0,8192,https://api2.aigcbest.top/v1,"判断结果：正确
解释：colourHexCode作为code的子属性，表明colourHexCode是code的特定类型，符合RDFS的subPropertyOf语义规则。",1,1,
hard_case_0043,subPropertyOf,distanceToCapital ⊑p Distance,"背景知识：
条目1：
- 名称：distanceToCapital
- 类型：Property
- 简介：distance to capital (μ)

条目2：
- 名称：Distance
- 类型：Unknown
- 简介：Distance",1,llama-3.1-70b,0.0,8192,https://api2.aigcbest.top/v1,"判断结果：正确
解释：根据RDFS语义规则，distanceToCapital ⊑p Distance表示distanceToCapital属性的值域应属于Distance类，这与背景知识中distanceToCapital的类型为Property和Distance的类型为Unknown相符。",1,1,
hard_case_0044,subPropertyOf,dutchMIPCode ⊑p Code,"背景知识：
条目1：
- 名称：dutchMIPCode
- 类型：Property
- 简介：The Dutch MIP project was meant to take stock of all kinds of monuments

条目2：
- 名称：Code
- 类型：Unknown
- 简介：Code",1,llama-3.1-70b,0.0,8192,https://api2.aigcbest.top/v1,"判断结果：正确
解释：根据RDFS语义规则，dutchMIPCode ⊑p Code表示dutchMIPCode是Code的子属性，这与背景知识中dutchMIPCode是Code的特定实例相符。",1,1,
hard_case_0045,subPropertyOf,eastPlace ⊑p closeTo,"背景知识：
条目1：
- 名称：eastPlace
- 类型：Property
- 简介：indicates another place situated east.

条目2：
- 名称：closeTo
- 类型：Property
- 简介：place close to another place",1,llama-3.1-70b,0.0,8192,https://api2.aigcbest.top/v1,"判断结果：正确
解释：根据RDFS语义规则，eastPlace ⊑p closeTo表示eastPlace是closeTo的子属性，符合背景知识中eastPlace和closeTo的语义关系。",1,1,
hard_case_0050,subPropertyOf,goldMedalist ⊑p Medalist,"背景知识：
条目1：
- 名称：goldMedalist
- 类型：Property
- 简介：gold medalist

条目2：
- 名称：Medalist
- 类型：Unknown
- 简介：Medalist",1,llama-3.1-70b,0.0,8192,https://api2.aigcbest.top/v1,"判断结果：正确
解释：根据RDFS语义规则，goldMedalist ⊑p Medalist表示goldMedalist是Medalist的子属性，这与背景知识中goldMedalist和Medalist的定义相符。",1,1,
hard_case_0051,subPropertyOf,greekName ⊑p Name,"背景知识：
条目1：
- 名称：greekName
- 类型：Property
- 简介：name in ancient Greek

条目2：
- 名称：Name
- 类型：Class
- 简介：name",1,llama-3.1-70b,0.0,8192,https://api2.aigcbest.top/v1,"判断结果：正确
解释：根据RDFS语义规则，greekName ⊑p Name表示greekName是Name的子属性，符合背景知识中greekName是Name的古希腊语名称的语义关系。",1,1,
hard_case_0053,subPropertyOf,iso6391Code ⊑p LanguageCode,"背景知识：
条目1：
- 名称：iso6391Code
- 类型：Property
- 简介：ISO 639-1 code

条目2：
- 名称：LanguageCode
- 类型：Unknown
- 简介：LanguageCode",1,llama-3.1-70b,0.0,8192,https://api2.aigcbest.top/v1,"判断结果：正确
解释：根据RDFS语义规则，iso6391Code作为LanguageCode的子属性，表明iso6391Code的值域是LanguageCode的值域的子集，符合常识知识。",1,1,
hard_case_0054,subPropertyOf,iso6392Code ⊑p LanguageCode,"背景知识：
条目1：
- 名称：iso6392Code
- 类型：Property
- 简介：ISO 639-2 code

条目2：
- 名称：LanguageCode
- 类型：Unknown
- 简介：LanguageCode",1,llama-3.1-70b,0.0,8192,https://api2.aigcbest.top/v1,"判断结果：正确
解释：根据RDFS语义规则，iso6392Code作为LanguageCode的子属性，表明iso6392Code是LanguageCode的特例，符合语义关系约束。",1,1,
hard_case_0055,subPropertyOf,iso6393Code ⊑p LanguageCode,"背景知识：
条目1：
- 名称：iso6393Code
- 类型：Property
- 简介：ISO 639-3 code

条目2：
- 名称：LanguageCode
- 类型：Unknown
- 简介：LanguageCode",1,llama-3.1-70b,0.0,8192,https://api2.aigcbest.top/v1,"判断结果：正确
解释：根据RDFS语义规则，iso6393Code作为LanguageCode的子属性，表明iso6393Code的值域是LanguageCode的值域的子集，符合常识知识。",1,1,
hard_case_0056,subPropertyOf,keyPerson ⊑p commandant,"背景知识：
条目1：
- 名称：keyPerson
- 类型：Property
- 简介：key person

条目2：
- 名称：commandant
- 类型：Property
- 简介：commandant",0,llama-3.1-70b,0.0,8192,https://api2.aigcbest.top/v1,"判断结果：错误
解释：根据RDFS语义规则，subPropertyOf表示属性之间的包含关系，但keyPerson和commandant都是属性，不能直接使用⊑p表示包含关系。",0,1,
hard_case_0057,subPropertyOf,latinName ⊑p Name,"背景知识：
条目1：
- 名称：latinName
- 类型：Property
- 简介：name in latin

条目2：
- 名称：Name
- 类型：Class
- 简介：name",1,llama-3.1-70b,0.0,8192,https://api2.aigcbest.top/v1,"判断结果：正确
解释：根据RDFS语义规则，latinName ⊑p Name表示latinName是Name的子属性，符合背景知识中latinName是Name的拉丁名的描述。",1,1,
hard_case_0060,subPropertyOf,nextMission ⊑p followedBy,"背景知识：
条目1：
- 名称：nextMission
- 类型：Property
- 简介：next mission

条目2：
- 名称：followedBy
- 类型：Property
- 简介：followed by",1,llama-3.1-70b,0.0,8192,https://api2.aigcbest.top/v1,"判断结果：正确
解释：根据RDFS语义规则，subPropertyOf表示属性之间的包含关系，nextMission ⊑p followedBy表示nextMission是followedBy的子属性，符合背景知识中两个属性的语义关系。",1,1,
hard_case_0061,subPropertyOf,officialSchoolColour ⊑p ColourName,"背景知识：
条目1：
- 名称：officialSchoolColour
- 类型：Property
- 简介：The official colour of the EducationalInstitution represented by the colour name (e.g.: red or green).

条目2：
- 名称：ColourName
- 类型：Unknown
- 简介：ColourName",1,llama-3.1-70b,0.0,8192,https://api2.aigcbest.top/v1,"判断结果：正确
解释：根据RDFS语义规则，⊑p表示subPropertyOf，表示属性之间的包含关系，结合背景知识，officialSchoolColour是表示学校官方颜色的属性，ColourName是颜色名称的类，推理结果为：officialSchoolColour是ColourName的子属性，符合语义关系。",1,1,
hard_case_0066,subPropertyOf,silverMedalist ⊑p Medalist,"背景知识：
条目1：
- 名称：silverMedalist
- 类型：Property
- 简介：siler medalist

条目2：
- 名称：Medalist
- 类型：Unknown
- 简介：Medalist",1,llama-3.1-70b,0.0,8192,https://api2.aigcbest.top/v1,"判断结果：正确
解释：根据RDFS语义规则，silverMedalist ⊑p Medalist表示silverMedalist是Medalist的子属性，这与背景知识中silverMedalist是Medalist的子类的描述相符。",1,1,
hard_case_0067,domain,domain(academicAdvisor) = Scientist,"背景知识：
条目1：
- 名称：academicAdvisor
- 类型：Property
- 简介：academic advisor

条目2：
- 名称：Scientist
- 类型：Class
- 简介：scientist",1,llama-3.1-70b,0.0,8192,https://api2.aigcbest.top/v1,"判断结果：正确
解释：根据RDFS语义规则，domain约束表示属性的主体应属于某一类，公理中academicAdvisor的domain被定义为Scientist，这意味着academicAdvisor属性的主体应该是Scientist类的实例，这与常识知识和背景知识相符。",1,1,
hard_case_0069,domain,domain(acquirementDate) = Planet,"背景知识：
条目1：
- 名称：acquirementDate
- 类型：Property
- 简介：date of acquirement

条目2：
- 名称：Planet
- 类型：Class
- 简介：planet",0,llama-3.1-70b,0.0,8192,https://api2.aigcbest.top/v1,"判断结果：错误
解释：根据RDFS语义规则，domain约束表示属性的主体应属于某一类，但背景知识中acquirementDate的类型为Property，而Planet是Class，两者类型不符。",0,1,
hard_case_0074,domain,domain(albedo) = Planet,"背景知识：
条目1：
- 名称：albedo
- 类型：Property
- 简介：reflection coefficient

条目2：
- 名称：Planet
- 类型：Class
- 简介：planet",1,llama-3.1-70b,0.0,8192,https://api2.aigcbest.top/v1,"判断结果：正确
解释：根据RDFS语义规则，domain约束表示属性的主体应属于某一类，背景知识中albedo是属性，Planet是类，且albedo的简介为reflection coefficient，常识中反射系数通常与行星有关，因此该公理合理。",1,1,
hard_case_0075,domain,domain(alliance) = Airline,"背景知识：
条目1：
- 名称：alliance
- 类型：Property
- 简介：alliance

条目2：
- 名称：Airline
- 类型：Class
- 简介：airline",1,llama-3.1-70b,0.0,8192,https://api2.aigcbest.top/v1,"判断结果：正确
解释：根据RDFS语义规则，domain(alliance) = Airline表示属性alliance的主体应属于类Airline，这与背景知识中alliance是属性、Airline是类的定义相符。",1,1,
hard_case_0077,domain,domain(aoCloassification) = Disease,"背景知识：
条目1：
- 名称：aoCloassification
- 类型：Property
- 简介：AO

条目2：
- 名称：Disease
- 类型：Class
- 简介：disease",1,llama-3.1-70b,0.0,8192,https://api2.aigcbest.top/v1,"判断结果：正确
解释：根据RDFS语义规则，domain约束表示属性的主体应属于某一类，aoCloassification的domain为Disease，符合常识知识和背景知识中aoCloassification是与疾病相关的属性。",1,1,
hard_case_0080,domain,domain(apparentMagnitude) = Planet,"背景知识：
条目1：
- 名称：apparentMagnitude
- 类型：Property
- 简介：apparent magnitude

条目2：
- 名称：Planet
- 类型：Class
- 简介：planet",1,llama-3.1-70b,0.0,8192,https://api2.aigcbest.top/v1,"判断结果：正确
解释：根据RDFS语义规则，domain约束表示属性的主体应属于某一类，公理中apparentMagnitude的domain被定义为Planet，与背景知识中apparentMagnitude是Planet的属性相符。",1,1,
hard_case_0081,domain,domain(archipelago) = Island,"背景知识：
条目1：
- 名称：archipelago
- 类型：Property
- 简介：archipelago

条目2：
- 名称：Island
- 类型：Class
- 简介：island",1,llama-3.1-70b,0.0,8192,https://api2.aigcbest.top/v1,"判断结果：正确
解释：根据RDFS语义规则，domain约束表示属性的主体应属于某一类，公理中archipelago的domain为Island，符合archipelago与Island之间的语义关系。",1,1,
hard_case_0082,domain,domain(archipelago) = School,"背景知识：
条目1：
- 名称：archipelago
- 类型：Property
- 简介：archipelago

条目2：
- 名称：School
- 类型：Class
- 简介：school",0,llama-3.1-70b,0.0,8192,https://api2.aigcbest.top/v1,"判断结果：错误
解释：根据RDFS语义规则，domain约束表示属性的主体应属于某一类，但archipelago是Property类型，而School是Class类型，二者类型不符。",0,1,
hard_case_0083,domain,domain(architect) = ArchitecturalStructure,"背景知识：
条目1：
- 名称：architect
- 类型：Property
- 简介：architect

条目2：
- 名称：ArchitecturalStructure
- 类型：Class
- 简介：An architectural structure is a human-made, free-standing, immobile outdoor construction (http://en.wikipedia.org/wiki/Architectural_structure).",1,llama-3.1-70b,0.0,8192,https://api2.aigcbest.top/v1,"判断结果：正确
解释：根据RDFS语义规则，domain约束表示属性的主体应属于某一类，背景知识中architect是属性，ArchitecturalStructure是类，且architect的定义与ArchitecturalStructure相关，因此该公理合理。",1,1,
hard_case_0085,domain,domain(area) = PopulatedPlace,"背景知识：
条目1：
- 名称：area
- 类型：Property
- 简介：The area of the thing in square meters.

条目2：
- 名称：PopulatedPlace
- 类型：Class
- 简介：As defined by the United States Geological Survey, a populated place is a place or area with clustered or scattered buildings and a permanent human population (city, settlement, town, or village) referenced with geographic coordinates (http...",1,llama-3.1-70b,0.0,8192,https://api2.aigcbest.top/v1,"判断结果：正确
解释：根据RDFS语义规则，domain约束表示属性的主体应属于某一类，公理中area属性的主体被约束为PopulatedPlace类，与背景知识中area属性的定义相符。",1,1,
hard_case_0087,domain,domain(areaOfCatchment) = Lake,"背景知识：
条目1：
- 名称：areaOfCatchment
- 类型：Property
- 简介：area of catchment (m2)

条目2：
- 名称：Lake
- 类型：Class
- 简介：lake",1,llama-3.1-70b,0.0,8192,https://api2.aigcbest.top/v1,"判断结果：正确
解释：根据RDFS语义规则，domain约束表示属性的主体应属于某一类，公理中areaOfCatchment的domain被定义为Lake，与背景知识中areaOfCatchment的类型为Property和Lake的类型为Class相符。",1,1,
hard_case_0088,domain,domain(areaTotal) = PopulatedPlace,"背景知识：
条目1：
- 名称：areaTotal
- 类型：Property
- 简介：area total (km2)

条目2：
- 名称：PopulatedPlace
- 类型：Class
- 简介：As defined by the United States Geological Survey, a populated place is a place or area with clustered or scattered buildings and a permanent human population (city, settlement, town, or village) referenced with geographic coordinates (http...",1,llama-3.1-70b,0.0,8192,https://api2.aigcbest.top/v1,"判断结果：正确
解释：根据RDFS语义规则，domain约束表示属性的主体应属于某一类，背景知识中areaTotal属性与PopulatedPlace类之间存在语义关联，表明areaTotal属性的主体确实是PopulatedPlace类。",1,1,
hard_case_0090,domain,domain(associatedRocket) = LaunchPad,"背景知识：
条目1：
- 名称：associatedRocket
- 类型：Property
- 简介：associated rocket

条目2：
- 名称：LaunchPad
- 类型：Class
- 简介：launch pad",1,llama-3.1-70b,0.0,8192,https://api2.aigcbest.top/v1,"判断结果：正确
解释：根据RDFS语义规则，domain约束表示属性的主体应属于某一类，公理中associatedRocket的domain被定义为LaunchPad，这意味着associatedRocket属性的主体应该是LaunchPad类的实例，这与背景知识中associatedRocket是属性、LaunchPad是类的定义相符。",1,1,
hard_case_0094,domain,domain(canBaggageChecked) = Station,"背景知识：
条目1：
- 名称：canBaggageChecked
- 类型：Property
- 简介：Whether bags can be checked.

条目2：
- 名称：Station
- 类型：Class
- 简介：Public transport station (eg. railway station, metro station, bus station).",1,llama-3.1-70b,0.0,8192,https://api2.aigcbest.top/v1,"判断结果：正确
解释：根据RDFS语义规则，domain约束表示属性的主体应属于某一类，公理中canBaggageChecked的domain被设定为Station，与背景知识中Station是公共交通站点的定义相符。",1,1,
hard_case_0099,domain,domain(density) = Planet,"背景知识：
条目1：
- 名称：density
- 类型：Property
- 简介：density (μ3)

条目2：
- 名称：Planet
- 类型：Class
- 简介：planet",1,llama-3.1-70b,0.0,8192,https://api2.aigcbest.top/v1,"判断结果：正确
解释：根据RDFS语义规则，domain约束表示属性的主体应属于某一类，公理中density的domain被定义为Planet，与背景知识中density是Planet的属性的描述相符。",1,1,
hard_case_0101,domain,domain(diameter) = Engine,"背景知识：
条目1：
- 名称：diameter
- 类型：Property
- 简介：diameter (mm)

条目2：
- 名称：Engine
- 类型：Class
- 简介：engine",1,llama-3.1-70b,0.0,8192,https://api2.aigcbest.top/v1,"判断结果：正确
解释：根据RDFS语义规则，domain约束表示属性的主体应属于某一类，公理domain(diameter) = Engine表示diameter属性的主体应属于Engine类，这与背景知识中diameter属性的类型为Property和Engine类的类型为Class相符。",1,1,
hard_case_0102,domain,domain(fileSize) = Software,"背景知识：
条目1：
- 名称：fileSize
- 类型：Property
- 简介：size of a file or software

条目2：
- 名称：Software
- 类型：Class
- 简介：software",1,llama-3.1-70b,0.0,8192,https://api2.aigcbest.top/v1,"判断结果：正确
解释：根据RDFS语义规则，domain(fileSize) = Software表示属性fileSize的主体应属于类Software，这与背景知识中fileSize的简介“size of a file or software”相符。",1,1,
hard_case_0104,domain,domain(firstLaunchDate) = LaunchPad,"背景知识：
条目1：
- 名称：firstLaunchDate
- 类型：Property
- 简介：first launch date

条目2：
- 名称：LaunchPad
- 类型：Class
- 简介：launch pad",1,llama-3.1-70b,0.0,8192,https://api2.aigcbest.top/v1,"判断结果：正确
解释：根据RDFS语义规则，domain约束表示属性的主体应属于某一类，公理中firstLaunchDate的domain为LaunchPad，符合常识知识和背景知识中对firstLaunchDate和LaunchPad的描述。",1,1,
hard_case_0105,domain,domain(firstLaunchRocket) = LaunchPad,"背景知识：
条目1：
- 名称：firstLaunchRocket
- 类型：Property
- 简介：first launch rocket

条目2：
- 名称：LaunchPad
- 类型：Class
- 简介：launch pad",1,llama-3.1-70b,0.0,8192,https://api2.aigcbest.top/v1,"判断结果：正确
解释：根据RDFS语义规则，domain约束表示属性的主体应属于某一类，公理中firstLaunchRocket的domain为LaunchPad，符合常识知识和背景知识中LaunchPad作为类的定义。",1,1,
hard_case_0107,domain,domain(fuelTypeName) = PowerStation,"背景知识：
条目1：
- 名称：fuelTypeName
- 类型：Property
- 简介：fuel type

条目2：
- 名称：PowerStation
- 类型：Class
- 简介：power station",1,llama-3.1-70b,0.0,8192,https://api2.aigcbest.top/v1,"判断结果：正确
解释：根据RDFS语义规则，domain约束表示属性的主体应属于某一类，公理中fuelTypeName的domain为PowerStation，符合燃料类型通常与发电站相关的常识知识。",1,1,
hard_case_0109,domain,domain(height) = MeanOfTransportation,"背景知识：
条目1：
- 名称：height
- 类型：Property
- 简介：height (mm)

条目2：
- 名称：MeanOfTransportation
- 类型：Class
- 简介：mean of transportation",1,llama-3.1-70b,0.0,8192,https://api2.aigcbest.top/v1,"判断结果：正确
解释：根据RDFS语义规则，domain约束表示属性的主体应属于某一类，height属性的主体属于MeanOfTransportation类，符合常识知识和背景知识。",1,1,
hard_case_0111,domain,domain(lastLaunchDate) = LaunchPad,"背景知识：
条目1：
- 名称：lastLaunchDate
- 类型：Property
- 简介：last launch date

条目2：
- 名称：LaunchPad
- 类型：Class
- 简介：launch pad",1,llama-3.1-70b,0.0,8192,https://api2.aigcbest.top/v1,"判断结果：正确
解释：根据RDFS语义规则，domain约束表示属性的主体应属于某一类，lastLaunchDate的domain为LaunchPad，表明lastLaunchDate属性的主体是LaunchPad类的实例，这与背景知识中lastLaunchDate是LaunchPad的属性的描述相符。",1,1,
hard_case_0112,domain,domain(lastLaunchRocket) = LaunchPad,"背景知识：
条目1：
- 名称：lastLaunchRocket
- 类型：Property
- 简介：last launch rocket

条目2：
- 名称：LaunchPad
- 类型：Class
- 简介：launch pad",1,llama-3.1-70b,0.0,8192,https://api2.aigcbest.top/v1,"判断结果：正确
解释：根据RDFS语义规则，domain约束表示属性的主体应属于某一类，lastLaunchRocket属性的主体应属于LaunchPad类，与背景知识一致。",1,1,
hard_case_0114,domain,domain(length) = Infrastructure,"背景知识：
条目1：
- 名称：length
- 类型：Property
- 简介：length (km)

条目2：
- 名称：Infrastructure
- 类型：Class
- 简介：infrastructure",1,llama-3.1-70b,0.0,8192,https://api2.aigcbest.top/v1,"判断结果：正确
解释：根据RDFS语义规则，domain约束表示属性的主体应属于某一类，公理中length属性的主体被约束为Infrastructure类，与背景知识中length属性的类型为Property和Infrastructure类的类型为Class相符。",1,1,
hard_case_0115,domain,domain(locusSupplementaryData) = Protein,"背景知识：
条目1：
- 名称：locusSupplementaryData
- 类型：Property
- 简介：locus supplementary data

条目2：
- 名称：Protein
- 类型：Class
- 简介：protein",1,llama-3.1-70b,0.0,8192,https://api2.aigcbest.top/v1,"判断结果：正确
解释：根据RDFS语义规则，domain约束表示属性的主体应属于某一类，公理中locusSupplementaryData的domain被定义为Protein，与背景知识中locusSupplementaryData是属性、Protein是类的定义相符。",1,1,
hard_case_0117,domain,domain(lowerAge) = School,"背景知识：
条目1：
- 名称：lowerAge
- 类型：Property
- 简介：lower age

条目2：
- 名称：School
- 类型：Class
- 简介：school",1,llama-3.1-70b,0.0,8192,https://api2.aigcbest.top/v1,"判断结果：正确
解释：根据RDFS语义规则，domain约束表示属性的主体应属于某一类，公理中lowerAge的domain为School，符合常识知识中年龄与学校的关联关系。",1,1,
hard_case_0118,domain,domain(mass) = Planet,"背景知识：
条目1：
- 名称：mass
- 类型：Property
- 简介：mass (kg)

条目2：
- 名称：Planet
- 类型：Class
- 简介：planet",1,llama-3.1-70b,0.0,8192,https://api2.aigcbest.top/v1,"判断结果：正确
解释：根据RDFS语义规则，domain约束表示属性的主体应属于某一类，mass属性的主体Planet符合常识知识和背景知识的描述。",1,1,
hard_case_0119,domain,domain(maximumTemperature) = Planet,"背景知识：
条目1：
- 名称：maximumTemperature
- 类型：Property
- 简介：maximum temperature (K)

条目2：
- 名称：Planet
- 类型：Class
- 简介：planet",1,llama-3.1-70b,0.0,8192,https://api2.aigcbest.top/v1,"判断结果：正确
解释：根据RDFS语义规则，domain约束表示属性的主体应属于某一类，公理中maximumTemperature的domain被定义为Planet，与背景知识中maximumTemperature的类型为Property和Planet的类型为Class相符。",1,1,
hard_case_0121,domain,domain(meltingPoint) = Drug,"背景知识：
条目1：
- 名称：meltingPoint
- 类型：Property
- 简介：melting point (K)

条目2：
- 名称：Drug
- 类型：Class
- 简介：drug",1,llama-3.1-70b,0.0,8192,https://api2.aigcbest.top/v1,"判断结果：正确
解释：根据RDFS语义规则，domain约束表示属性的主体应属于某一类，公理中domain(meltingPoint) = Drug表示meltingPoint属性的主体应属于Drug类，这与背景知识中meltingPoint是Property、Drug是Class的定义相符。",1,1,
hard_case_0122,domain,domain(minimumTemperature) = EducationalInstitution,"背景知识：
条目1：
- 名称：minimumTemperature
- 类型：Property
- 简介：minimum temperature (K)

条目2：
- 名称：EducationalInstitution
- 类型：Class
- 简介：educational institution",0,llama-3.1-70b,0.0,8192,https://api2.aigcbest.top/v1,"判断结果：错误
解释：根据RDFS语义规则，domain约束表示属性的主体应属于某一类，但minimumTemperature属性的主体不应是EducationalInstitution类。",0,1,
hard_case_0123,domain,domain(minimumTemperature) = Planet,"背景知识：
条目1：
- 名称：minimumTemperature
- 类型：Property
- 简介：minimum temperature (K)

条目2：
- 名称：Planet
- 类型：Class
- 简介：planet",1,llama-3.1-70b,0.0,8192,https://api2.aigcbest.top/v1,"判断结果：正确
解释：根据RDFS语义规则，domain约束表示属性的主体应属于某一类，公理中minimumTemperature的domain被定义为Planet，与背景知识中minimumTemperature的类型为Property和Planet的类型为Class相符。",1,1,
hard_case_0125,domain,domain(nciId) = Disease,"背景知识：
条目1：
- 名称：nciId
- 类型：Property
- 简介：NCI

条目2：
- 名称：Disease
- 类型：Class
- 简介：disease",1,llama-3.1-70b,0.0,8192,https://api2.aigcbest.top/v1,"判断结果：正确
解释：根据RDFS语义规则，domain约束表示属性的主体应属于某一类，公理中nciId的domain为Disease，符合背景知识中nciId为Property且Disease为Class的定义。",1,1,
hard_case_0128,domain,domain(orbitalPeriod) = Planet,"背景知识：
条目1：
- 名称：orbitalPeriod
- 类型：Property
- 简介：orbital period (μ)

条目2：
- 名称：Planet
- 类型：Class
- 简介：planet",1,llama-3.1-70b,0.0,8192,https://api2.aigcbest.top/v1,"判断结果：正确
解释：根据RDFS语义规则，domain约束表示属性的主体应属于某一类，orbitalPeriod的domain为Planet，符合常识知识中行星的轨道周期的定义。",1,1,
hard_case_0129,domain,domain(otherChannel) = Broadcaster,"背景知识：
条目1：
- 名称：otherChannel
- 类型：Property
- 简介：other channel

条目2：
- 名称：Broadcaster
- 类型：Class
- 简介：A broadcaster is an organisation responsible for the production of radio or television programs and/or their transmission. (http://en.wikipedia.org/wiki/Broadcaster - 28/03/2011)",1,llama-3.1-70b,0.0,8192,https://api2.aigcbest.top/v1,"判断结果：正确
解释：根据RDFS语义规则，domain约束表示属性的主体应属于某一类，公理中otherChannel的domain为Broadcaster，符合背景知识中Broadcaster的定义和其他频道的语义关系。",1,1,
hard_case_0131,domain,domain(periapsis) = Planet,"背景知识：
条目1：
- 名称：periapsis
- 类型：Property
- 简介：periapsis (km)

条目2：
- 名称：Planet
- 类型：Class
- 简介：planet",1,llama-3.1-70b,0.0,8192,https://api2.aigcbest.top/v1,"判断结果：正确
解释：根据RDFS语义规则，domain约束表示属性的主体应属于某一类，公理中periapsis的domain被定义为Planet，与背景知识中periapsis的类型为Property和Planet的类型为Class相符。",1,1,
hard_case_0133,domain,domain(populationUrbanDensity) = Island,"背景知识：
条目1：
- 名称：populationUrbanDensity
- 类型：Property
- 简介：population urban density (/sqkm)

条目2：
- 名称：Island
- 类型：Class
- 简介：island",0,llama-3.1-70b,0.0,8192,https://api2.aigcbest.top/v1,"判断结果：错误
解释：根据RDFS语义规则，domain约束表示属性的主体应属于某一类，但populationUrbanDensity表示人口城市密度，通常与城市或地区相关，而不是与岛屿直接相关，因此将其domain设为Island不合理。",0,1,
hard_case_0136,domain,domain(releaseLocation) = Work,"背景知识：
条目1：
- 名称：releaseLocation
- 类型：Property
- 简介：Usually used with releaseDate, particularly for Films. Often there can be several pairs so our modeling is not precise here...

条目2：
- 名称：Work
- 类型：Class
- 简介：Item on which time has been spent for its realisation. Actor can be a human on not (machine, insects, nature...)",1,llama-3.1-70b,0.0,8192,https://api2.aigcbest.top/v1,"判断结果：正确
解释：根据RDFS语义规则，domain约束表示属性的主体应属于某一类，背景知识中releaseLocation的描述与Work类的定义相符。",1,1,
hard_case_0138,domain,domain(runtime) = Work,"背景知识：
条目1：
- 名称：runtime
- 类型：Property
- 简介：runtime (m)

条目2：
- 名称：Work
- 类型：Class
- 简介：Item on which time has been spent for its realisation. Actor can be a human on not (machine, insects, nature...)",1,llama-3.1-70b,0.0,8192,https://api2.aigcbest.top/v1,"判断结果：正确
解释：根据RDFS语义规则，domain约束表示属性的主体应属于某一类，runtime属性的domain为Work，符合runtime属性的定义和Work类的描述。",1,1,
hard_case_0139,domain,domain(statisticYear) = BaseballPlayer,"背景知识：
条目1：
- 名称：statisticYear
- 类型：Property
- 简介：statistic year

条目2：
- 名称：BaseballPlayer
- 类型：Class
- 简介：baseball player",1,llama-3.1-70b,0.0,8192,https://api2.aigcbest.top/v1,"判断结果：正确
解释：根据RDFS语义规则，domain约束表示属性的主体应属于某一类，公理中domain(statisticYear) = BaseballPlayer表示statisticYear属性的主体应属于BaseballPlayer类，与背景知识和语义规则一致。",1,1,
hard_case_0142,domain,domain(temperature) = Biomolecule,"背景知识：
条目1：
- 名称：temperature
- 类型：Property
- 简介：temperature (K)

条目2：
- 名称：Biomolecule
- 类型：Class
- 简介：equivalent to http://ccdb.ucsd.edu/NIF/BIRNLex-OBO-UBO.owl#birnlex_22.",0,llama-3.1-70b,0.0,8192,https://api2.aigcbest.top/v1,"判断结果：错误
解释：根据RDFS语义规则，domain约束表示属性的主体应属于某一类，但背景知识中temperature被定义为属性，其类型为Property，而Biomolecule被定义为类，其类型为Class，两者类型不符，导致domain约束不成立。",0,1,
hard_case_0143,domain,domain(temperature) = Planet,"背景知识：
条目1：
- 名称：temperature
- 类型：Property
- 简介：temperature (K)

条目2：
- 名称：Planet
- 类型：Class
- 简介：planet",1,llama-3.1-70b,0.0,8192,https://api2.aigcbest.top/v1,"判断结果：正确
解释：根据RDFS语义规则，domain约束表示属性的主体应属于某一类，公理中temperature的domain被定义为Planet，与背景知识中temperature是Planet的属性的描述相符。",1,1,
hard_case_0146,domain,domain(vehiclesInFleet) = PublicTransitSystem,"背景知识：
条目1：
- 名称：vehiclesInFleet
- 类型：Property
- 简介：Points out means of transport contained in the companies vehicle fleet.

条目2：
- 名称：PublicTransitSystem
- 类型：Class
- 简介：A public transit system is a shared passenger transportation service which is available for use by the general public. Public transport modes include buses, trolleybuses, trams and trains, 'rapid transit' (metro/subways/undergrounds etc) an...",1,llama-3.1-70b,0.0,8192,https://api2.aigcbest.top/v1,"判断结果：正确
解释：根据RDFS语义规则，domain约束表示属性的主体应属于某一类，背景知识中vehiclesInFleet属性用于描述公司车队中的交通工具，PublicTransitSystem类表示公共交通系统，两者语义相关，因此该公理合理。",1,1,
hard_case_0148,domain,domain(volume) = Lake,"背景知识：
条目1：
- 名称：volume
- 类型：Property
- 简介：volume (μ³)

条目2：
- 名称：Lake
- 类型：Class
- 简介：lake",1,llama-3.1-70b,0.0,8192,https://api2.aigcbest.top/v1,"判断结果：正确
解释：根据RDFS语义规则，domain(volume) = Lake表示属性volume的主体应属于类Lake，这与背景知识中volume表示湖泊体积的约束信息相符。",1,1,
hard_case_0149,domain,domain(volume) = Planet,"背景知识：
条目1：
- 名称：volume
- 类型：Property
- 简介：volume (km3)

条目2：
- 名称：Planet
- 类型：Class
- 简介：planet",1,llama-3.1-70b,0.0,8192,https://api2.aigcbest.top/v1,"判断结果：正确
解释：根据RDFS语义规则，domain(volume) = Planet表示属性volume的主体应属于类Planet，这与背景知识中volume的类型为Property和Planet的类型为Class相符。",1,1,
hard_case_0150,domain,domain(width) = MeanOfTransportation,"背景知识：
条目1：
- 名称：width
- 类型：Property
- 简介：width (mm)

条目2：
- 名称：MeanOfTransportation
- 类型：Class
- 简介：mean of transportation",1,llama-3.1-70b,0.0,8192,https://api2.aigcbest.top/v1,"判断结果：正确
解释：根据RDFS语义规则，domain约束表示属性的主体应属于某一类，width属性的主体属于MeanOfTransportation类是合理的。",1,1,
hard_case_0152,range,range(administrativeCollectivity) = PopulatedPlace,"背景知识：
条目1：
- 名称：administrativeCollectivity
- 类型：Property
- 简介：administrative collectivity

条目2：
- 名称：PopulatedPlace
- 类型：Class
- 简介：As defined by the United States Geological Survey, a populated place is a place or area with clustered or scattered buildings and a permanent human population (city, settlement, town, or village) referenced with geographic coordinates (http...",1,llama-3.1-70b,0.0,8192,https://api2.aigcbest.top/v1,"判断结果：正确
解释：根据RDFS语义规则，range约束表示属性的客体应属于某一类，administrativeCollectivity的range为PopulatedPlace，表明行政集体的客体是居住地，这与常识和背景知识相符。",1,1,
hard_case_0153,range,range(administrativeDistrict) = PopulatedPlace,"背景知识：
条目1：
- 名称：administrativeDistrict
- 类型：Property
- 简介：administrative district

条目2：
- 名称：PopulatedPlace
- 类型：Class
- 简介：As defined by the United States Geological Survey, a populated place is a place or area with clustered or scattered buildings and a permanent human population (city, settlement, town, or village) referenced with geographic coordinates (http...",1,llama-3.1-70b,0.0,8192,https://api2.aigcbest.top/v1,"判断结果：正确
解释：根据RDFS语义规则，range约束表示属性的客体应属于某一类，administrativeDistrict的range为PopulatedPlace，表明行政区划的客体是居住地，符合常识和背景知识。",1,1,
hard_case_0154,range,range(affiliation) = Athlete,"背景知识：
条目1：
- 名称：affiliation
- 类型：Property
- 简介：affiliation

条目2：
- 名称：Athlete
- 类型：Class
- 简介：athlete",0,llama-3.1-70b,0.0,8192,https://api2.aigcbest.top/v1,"判断结果：错误
解释：根据RDFS语义规则，range约束表示属性的客体应属于某一类，但affiliation属性的客体不应是Athlete类本身，而是表示运动员隶属关系的某个实体或值。",0,1,
hard_case_0155,range,range(album) = Athlete,"背景知识：
条目1：
- 名称：album
- 类型：Property
- 简介：album

条目2：
- 名称：Athlete
- 类型：Class
- 简介：athlete",0,llama-3.1-70b,0.0,8192,https://api2.aigcbest.top/v1,"判断结果：错误
解释：根据RDFS语义规则，range约束表示属性的客体应属于某一类，但album属性的客体不应是Athlete类。",0,1,
hard_case_0157,range,range(alongside) = Person,"背景知识：
条目1：
- 名称：alongside
- 类型：Property
- 简介：alongside

条目2：
- 名称：Person
- 类型：Class
- 简介：person",1,llama-3.1-70b,0.0,8192,https://api2.aigcbest.top/v1,"判断结果：正确
解释：根据RDFS语义规则，range约束表示属性的客体应属于某一类，公理range(alongside) = Person表示alongside属性的客体应属于Person类，与背景知识和语义规则一致。",1,1,
hard_case_0158,range,range(anthem) = Work,"背景知识：
条目1：
- 名称：anthem
- 类型：Property
- 简介：Official song (anthem) of a PopulatedPlace, SportsTeam, School or other

条目2：
- 名称：Work
- 类型：Class
- 简介：Item on which time has been spent for its realisation. Actor can be a human on not (machine, insects, nature...)",1,llama-3.1-70b,0.0,8192,https://api2.aigcbest.top/v1,"判断结果：正确
解释：根据RDFS语义规则，range约束表示属性的客体应属于某一类，背景知识中anthem的简介表明其为Official song，而Work的简介为Item on which time has been spent for its realisation，两者语义上存在包含关系，故该公理合理。",1,1,
hard_case_0162,range,range(artist) = MusicalArtist,"背景知识：
条目1：
- 名称：artist
- 类型：Property
- 简介：The performer or creator of the musical work.

条目2：
- 名称：MusicalArtist
- 类型：Class
- 简介：musical artist",0,llama-3.1-70b,0.0,8192,https://api2.aigcbest.top/v1,"判断结果：错误
解释：根据RDFS语义规则，range约束表示属性的客体应属于某一类，但artist属性的客体应是音乐作品的演奏者或创作者，而不是音乐艺术家本身。",0,1,
hard_case_0163,range,range(associate) = BroadcastNetwork,"背景知识：
条目1：
- 名称：associate
- 类型：Property
- 简介：associate

条目2：
- 名称：BroadcastNetwork
- 类型：Class
- 简介：A broadcast network is an organization, such as a corporation or other association, that provides live or recorded content, such as movies, newscasts, sports, and public affairs programs for broadcast over a group of radio or television sta...",0,llama-3.1-70b,0.0,8192,https://api2.aigcbest.top/v1,"判断结果：错误
解释：根据RDFS语义规则，range约束表示属性的客体应属于某一类，但背景知识中“associate”属性的类型为Property，而不是DataProperty或ObjectProperty，因此无法直接应用range约束。",0,1,
hard_case_0164,range,range(associationOfLocalGovernment) = PopulatedPlace,"背景知识：
条目1：
- 名称：associationOfLocalGovernment
- 类型：Property
- 简介：association of local government

条目2：
- 名称：PopulatedPlace
- 类型：Class
- 简介：As defined by the United States Geological Survey, a populated place is a place or area with clustered or scattered buildings and a permanent human population (city, settlement, town, or village) referenced with geographic coordinates (http...",1,llama-3.1-70b,0.0,8192,https://api2.aigcbest.top/v1,"判断结果：正确
解释：根据RDFS语义规则，range约束表示属性的客体应属于某一类，associationOfLocalGovernment的range为PopulatedPlace，表明该属性的客体是PopulatedPlace类的实例，这与背景知识中PopulatedPlace类的定义相符。",1,1,
hard_case_0165,range,range(automobilePlatform) = Album,"背景知识：
条目1：
- 名称：automobilePlatform
- 类型：Property
- 简介：automobile platform

条目2：
- 名称：Album
- 类型：Class
- 简介：album",0,llama-3.1-70b,0.0,8192,https://api2.aigcbest.top/v1,"判断结果：错误
解释：根据RDFS语义规则，range约束表示属性的客体应属于某一类，但automobilePlatform的range被定义为Album，与其作为汽车平台的属性类型不符。",0,1,
hard_case_0166,range,range(automobilePlatform) = Automobile,"背景知识：
条目1：
- 名称：automobilePlatform
- 类型：Property
- 简介：automobile platform

条目2：
- 名称：Automobile
- 类型：Class
- 简介：automobile",1,llama-3.1-70b,0.0,8192,https://api2.aigcbest.top/v1,"判断结果：正确
解释：根据RDFS语义规则，range约束表示属性的客体应属于某一类，公理range(automobilePlatform) = Automobile表明automobilePlatform属性的客体应属于Automobile类，这与背景知识中automobilePlatform属性的简介“automobile platform”和Automobile类的简介“automobile”相符。",1,1,
hard_case_0168,range,range(beatifiedBy) = Person,"背景知识：
条目1：
- 名称：beatifiedBy
- 类型：Property
- 简介：beatified by

条目2：
- 名称：Person
- 类型：Class
- 简介：person",1,llama-3.1-70b,0.0,8192,https://api2.aigcbest.top/v1,"判断结果：正确
解释：根据RDFS语义规则，range约束表示属性的客体应属于某一类，beatifiedBy的range为Person，表明beatifiedBy的客体是Person，这与常识知识一致。",1,1,
hard_case_0172,range,range(canonizedBy) = Person,"背景知识：
条目1：
- 名称：canonizedBy
- 类型：Property
- 简介：canonized by

条目2：
- 名称：Person
- 类型：Class
- 简介：person",1,llama-3.1-70b,0.0,8192,https://api2.aigcbest.top/v1,"判断结果：正确
解释：根据RDFS语义规则，range约束表示属性的客体应属于某一类，公理range(canonizedBy) = Person表示canonizedBy属性的客体应属于Person类，与背景知识中canonizedBy属性的类型和Person类的定义相符。",1,1,
hard_case_0176,range,range(ceremonialCounty) = PopulatedPlace,"背景知识：
条目1：
- 名称：ceremonialCounty
- 类型：Property
- 简介：Ceremonial County

条目2：
- 名称：PopulatedPlace
- 类型：Class
- 简介：As defined by the United States Geological Survey, a populated place is a place or area with clustered or scattered buildings and a permanent human population (city, settlement, town, or village) referenced with geographic coordinates (http...",1,llama-3.1-70b,0.0,8192,https://api2.aigcbest.top/v1,"判断结果：正确
解释：根据RDFS语义规则，range约束表示属性的客体应属于某一类，ceremonialCounty属性的range为PopulatedPlace，符合常识知识中ceremonialCounty与PopulatedPlace之间的语义关系。",1,1,
hard_case_0178,range,range(championInDoubleMale) = Athlete,"背景知识：
条目1：
- 名称：championInDoubleMale
- 类型：Property
- 简介：winner of a competition in the male double session (as in tennis)

条目2：
- 名称：Athlete
- 类型：Class
- 简介：athlete",1,llama-3.1-70b,0.0,8192,https://api2.aigcbest.top/v1,"判断结果：正确
解释：根据RDFS语义规则，range约束表示属性的客体应属于某一类，结合背景知识，championInDoubleMale属性的客体是Athlete类的实例，因此该公理合理。",1,1,
hard_case_0182,range,range(child) = Award,"背景知识：
条目1：
- 名称：child
- 类型：Property
- 简介：child

条目2：
- 名称：Award
- 类型：Class
- 简介：award",0,llama-3.1-70b,0.0,8192,https://api2.aigcbest.top/v1,"判断结果：错误
解释：根据RDFS语义规则，range约束表示属性的客体应属于某一类，但child属性的客体不应是Award类。",0,1,
hard_case_0187,range,range(commandStructure) = MilitaryUnit,"背景知识：
条目1：
- 名称：commandStructure
- 类型：Property
- 简介：command structure

条目2：
- 名称：MilitaryUnit
- 类型：Class
- 简介：military unit",1,llama-3.1-70b,0.0,8192,https://api2.aigcbest.top/v1,"判断结果：正确
解释：根据RDFS语义规则，range约束表示属性的客体应属于某一类，commandStructure的range为MilitaryUnit，符合commandStructure作为军事单位指挥结构的常识。",1,1,
hard_case_0189,range,range(company) = BroadcastNetwork,"背景知识：
条目1：
- 名称：company
- 类型：Property
- 简介：company

条目2：
- 名称：BroadcastNetwork
- 类型：Class
- 简介：A broadcast network is an organization, such as a corporation or other association, that provides live or recorded content, such as movies, newscasts, sports, and public affairs programs for broadcast over a group of radio or television sta...",0,llama-3.1-70b,0.0,8192,https://api2.aigcbest.top/v1,"判断结果：错误
解释：根据RDFS语义规则，range约束表示属性的客体应属于某一类，但company属性的range被定义为BroadcastNetwork类，这与常识知识不符，因为公司通常不是广播网络。",0,1,
hard_case_0190,range,range(constituencyDistrict) = PopulatedPlace,"背景知识：
条目1：
- 名称：constituencyDistrict
- 类型：Property
- 简介：constituency district

条目2：
- 名称：PopulatedPlace
- 类型：Class
- 简介：As defined by the United States Geological Survey, a populated place is a place or area with clustered or scattered buildings and a permanent human population (city, settlement, town, or village) referenced with geographic coordinates (http...",1,llama-3.1-70b,0.0,8192,https://api2.aigcbest.top/v1,"判断结果：正确
解释：根据RDFS语义规则，range约束表示属性的客体应属于某一类，公理range(constituencyDistrict) = PopulatedPlace表示constituencyDistrict属性的客体应属于PopulatedPlace类，这与背景知识中PopulatedPlace类的定义相符。",1,1,
hard_case_0191,range,range(councilArea) = PopulatedPlace,"背景知识：
条目1：
- 名称：councilArea
- 类型：Property
- 简介：Council area

条目2：
- 名称：PopulatedPlace
- 类型：Class
- 简介：As defined by the United States Geological Survey, a populated place is a place or area with clustered or scattered buildings and a permanent human population (city, settlement, town, or village) referenced with geographic coordinates (http...",1,llama-3.1-70b,0.0,8192,https://api2.aigcbest.top/v1,"判断结果：正确
解释：根据RDFS语义规则，range约束表示属性的客体应属于某一类，公理range(councilArea) = PopulatedPlace表明属性councilArea的客体应属于类PopulatedPlace，与背景知识中councilArea的定义和PopulatedPlace的描述相符。",1,1,
hard_case_0192,range,range(countryWithFirstSatellite) = Country,"背景知识：
条目1：
- 名称：countryWithFirstSatellite
- 类型：Property
- 简介：country with first satellite

条目2：
- 名称：Country
- 类型：Class
- 简介：country",1,llama-3.1-70b,0.0,8192,https://api2.aigcbest.top/v1,"判断结果：正确
解释：根据RDFS语义规则，range约束表示属性的客体应属于某一类，countryWithFirstSatellite属性的range为Country，符合常识知识和背景知识中对countryWithFirstSatellite和Country的定义。",1,1,
hard_case_0193,range,range(creatorOfDish) = Person,"背景知识：
条目1：
- 名称：creatorOfDish
- 类型：Property
- 简介：The person that creates (invents) the food (eg. Caesar Cardini is the creator of the Caesar salad).

条目2：
- 名称：Person
- 类型：Class
- 简介：person",1,llama-3.1-70b,0.0,8192,https://api2.aigcbest.top/v1,"判断结果：正确
解释：根据RDFS语义规则，range约束表示属性的客体应属于某一类，creatorOfDish的range为Person，符合背景知识中creatorOfDish的定义，即创建菜肴的人是Person。",1,1,
hard_case_0194,range,range(crosses) = River,"背景知识：
条目1：
- 名称：crosses
- 类型：Property
- 简介：crosses

条目2：
- 名称：River
- 类型：Class
- 简介：a large natural stream",1,llama-3.1-70b,0.0,8192,https://api2.aigcbest.top/v1,"判断结果：正确
解释：根据RDFS语义规则，range约束表示属性的客体应属于某一类，公理range(crosses) = River表明属性crosses的客体应属于类River，这与背景知识中crosses的类型为Property和River的类型为Class相符。",1,1,
hard_case_0197,range,range(dean) = Broadcaster,"背景知识：
条目1：
- 名称：dean
- 类型：Property
- 简介：dean

条目2：
- 名称：Broadcaster
- 类型：Class
- 简介：A broadcaster is an organisation responsible for the production of radio or television programs and/or their transmission. (http://en.wikipedia.org/wiki/Broadcaster - 28/03/2011)",0,llama-3.1-70b,0.0,8192,https://api2.aigcbest.top/v1,"判断结果：错误
解释：根据背景知识，dean是属性，而Broadcaster是类，range约束指出属性的客体应属于某一类，但dean的客体不应是Broadcaster类。",0,1,
hard_case_0200,range,range(derivative) = MilitaryUnit,"背景知识：
条目1：
- 名称：derivative
- 类型：Property
- 简介：derivative

条目2：
- 名称：MilitaryUnit
- 类型：Class
- 简介：military unit",0,llama-3.1-70b,0.0,8192,https://api2.aigcbest.top/v1,"判断结果：错误
解释：根据RDFS语义规则，range约束表示属性的客体应属于某一类，但背景知识中derivative被定义为Property，而MilitaryUnit被定义为Class，两者类型不符。",0,1,
hard_case_0201,range,range(derivative) = MusicGenre,"背景知识：
条目1：
- 名称：derivative
- 类型：Property
- 简介：derivative

条目2：
- 名称：MusicGenre
- 类型：Class
- 简介：music genre",1,llama-3.1-70b,0.0,8192,https://api2.aigcbest.top/v1,"判断结果：正确
解释：根据RDFS语义规则，range约束表示属性的客体应属于某一类，公理range(derivative) = MusicGenre表示derivative属性的客体应属于MusicGenre类，这与背景知识中derivative属性的定义和MusicGenre类的定义相符。",1,1,
hard_case_0206,range,range(district) = Artery,"背景知识：
条目1：
- 名称：district
- 类型：Property
- 简介：district

条目2：
- 名称：Artery
- 类型：Class
- 简介：artery",0,llama-3.1-70b,0.0,8192,https://api2.aigcbest.top/v1,"判断结果：错误
解释：根据RDFS语义规则，range约束表示属性的客体应属于某一类，但district是属性，而Artery是类，且背景知识中未提供district与Artery之间的语义关系，因此该公理不合理。",0,1,
hard_case_0207,range,range(doctoralStudent) = Person,"背景知识：
条目1：
- 名称：doctoralStudent
- 类型：Property
- 简介：doctoral student

条目2：
- 名称：Person
- 类型：Class
- 简介：person",1,llama-3.1-70b,0.0,8192,https://api2.aigcbest.top/v1,"判断结果：正确
解释：根据RDFS语义规则，range约束表示属性的客体应属于某一类，公理range(doctoralStudent) = Person表明doctoralStudent属性的客体应属于Person类，与背景知识中doctoralStudent是Property且Person是Class的信息相符。",1,1,
hard_case_0208,range,range(editing) = Artery,"背景知识：
条目1：
- 名称：editing
- 类型：Property
- 简介：editing

条目2：
- 名称：Artery
- 类型：Class
- 简介：artery",0,llama-3.1-70b,0.0,8192,https://api2.aigcbest.top/v1,"判断结果：错误
解释：根据RDFS语义规则，range约束表示属性的客体应属于某一类，但editing属性的range被定义为Artery类，这与editing属性的类型和Artery类的类型不符。",0,1,
hard_case_0209,range,range(editing) = Person,"背景知识：
条目1：
- 名称：editing
- 类型：Property
- 简介：editing

条目2：
- 名称：Person
- 类型：Class
- 简介：person",1,llama-3.1-70b,0.0,8192,https://api2.aigcbest.top/v1,"判断结果：正确
解释：根据RDFS语义规则，range约束表示属性的客体应属于某一类，公理range(editing) = Person表示editing属性的客体应属于Person类，这与背景知识中editing属性的定义和Person类的定义相符。",1,1,
hard_case_0210,range,range(editor) = Rocket,"背景知识：
条目1：
- 名称：editor
- 类型：Property
- 简介：editor

条目2：
- 名称：Rocket
- 类型：Class
- 简介：rocket",0,llama-3.1-70b,0.0,8192,https://api2.aigcbest.top/v1,"判断结果：错误
解释：editor属性的range约束应该是指向一个类，而Rocket是类，但editor属性的range约束应该是指向一个类，用于表示编辑者的身份或信息，而不是火箭。",0,1,
hard_case_0211,range,range(location) = College,"背景知识：
条目1：
- 名称：location
- 类型：Property
- 简介：The location of the thing.

条目2：
- 名称：College
- 类型：Class
- 简介：college",0,llama-3.1-70b,0.0,8192,https://api2.aigcbest.top/v1,"判断结果：错误
解释：根据RDFS语义规则，range约束表示属性的客体应属于某一类，但location属性的客体不一定是College类。",0,1,
hard_case_0213,range,range(previousInfrastructure) = Broadcaster,"背景知识：
条目1：
- 名称：previousInfrastructure
- 类型：Property
- 简介：previous infrastructure

条目2：
- 名称：Broadcaster
- 类型：Class
- 简介：A broadcaster is an organisation responsible for the production of radio or television programs and/or their transmission. (http://en.wikipedia.org/wiki/Broadcaster - 28/03/2011)",0,llama-3.1-70b,0.0,8192,https://api2.aigcbest.top/v1,"判断结果：错误
解释：根据RDFS语义规则，range约束表示属性的客体应属于某一类，但previousInfrastructure属性的客体不应是Broadcaster类。",0,1,
hard_case_0216,subClassOf,caf_ ⊑ company,"背景知识：
条目1：
- 名称：caf_
- 类型：Class
- 简介：{%%s is a %s, café}
- 补充信息：generalizations: location, company

条目2：
- 名称：company
- 类型：Class
- 简介：{%%s is a %s, company}
- 补充信息：generalizations: organization",1,llama-3.1-70b,0.0,8192,https://api2.aigcbest.top/v1,"判断结果：正确
解释：根据背景知识，caf_ 的补充信息中提到其 generalizations 为 location 和 company，表明 caf_ 是 company 的子类，这与 RDFS 中的 subClassOf 语义规则一致。",1,1,
hard_case_0217,subClassOf,stateorprovince ⊑ geopoliticalorganization,"背景知识：
条目1：
- 名称：stateorprovince
- 类型：Unknown
- 简介：In general, the top-level administrative or political subdivision within a country.
- 补充信息：generalizations: geopoliticallocation, geopoliticalorganization, geolocatablething

条目2：
- 名称：geopoliticalorganization
- 类型：Unknown
- 简介：Those geopolitical entities that are organizations
- 补充信息：generalizations: geopoliticalentity, organization",1,llama-3.1-70b,0.0,8192,https://api2.aigcbest.top/v1,"判断结果：正确
解释：根据背景知识，stateorprovince 是 geopoliticallocation 的一种，geopoliticalorganization 是 geopoliticalentity 的一种，而 geopoliticallocation 是 geopoliticalentity 的一种，因此 stateorprovince 可以看作是 geopoliticalorganization 的子类。",1,1,
hard_case_0219,subPropertyOf,agenthierarchicallyaboveagent ⊑p agentcontrols,"背景知识：
条目1：
- 名称：agenthierarchicallyaboveagent
- 类型：Class
- 简介：{%%s is hierarchically %s %%s, above}
- 补充信息：generalizations: agentcontrols, agentcollaborateswithagent | domain: agent | range: agent

条目2：
- 名称：agentcontrols
- 类型：Class
- 简介：{%%s %s %%s, controls}
- 补充信息：generalizations: relatedto | domain: agent | range: everypromotedthing",1,llama-3.1-70b,0.0,8192,https://api2.aigcbest.top/v1,"判断结果：正确
解释：根据背景知识，agenthierarchicallyaboveagent 是 agentcontrols 的一个特化（generalizations），因此 agenthierarchicallyaboveagent ⊑p agentcontrols 符合 RDFS 的子类关系约束。",1,1,
hard_case_0220,subPropertyOf,animalssuchasmammals ⊑p generalizationof,"背景知识：
条目1：
- 名称：animalssuchasmammals
- 类型：Class
- 简介：{%%s %s %%s, is a generalization of}
- 补充信息：generalizations: generalizationof | domain: animal | range: mammal

条目2：
- 名称：generalizationof
- 类型：Class
- 简介：generalizationof is a class in the NELL knowledge base.
- 补充信息：generalizations: relatedto | domain: everypromotedthing | range: everypromotedthing",1,llama-3.1-70b,0.0,8192,https://api2.aigcbest.top/v1,"判断结果：正确
解释：根据背景知识，animalssuchasmammals的简介中提到“is a generalization of”，这意味着animalssuchasmammals是generalizationof的子类，符合RDFS中subClassOf的语义规则。",1,1,
hard_case_0221,subPropertyOf,bombingvictim ⊑p relatedto,"背景知识：
条目1：
- 名称：bombingvictim
- 类型：Class
- 简介：bombingvictim is a class in the NELL knowledge base.
- 补充信息：generalizations: relatedto | domain: bombingevent | range: person

条目2：
- 名称：relatedto
- 类型：Class
- 简介：{%%s is somehow %s %%s, related to}
- 补充信息：generalizations: slot | domain: everypromotedthing | range: everypromotedthing",1,llama-3.1-70b,0.0,8192,https://api2.aigcbest.top/v1,"判断结果：正确
解释：根据背景知识，bombingvictim 的 generalizations 是 relatedto，表示 bombingvictim 是 relatedto 的子类，符合 RDFS 中的 subClassOf 语义规则。",1,1,
hard_case_0222,subPropertyOf,buildingbelongstoorganization ⊑p locationactedinbyorganization,"背景知识：
条目1：
- 名称：buildingbelongstoorganization
- 类型：Class
- 简介：{%%s %s %%s, is a building belonging to}
- 补充信息：generalizations: locationactedinbyorganization | domain: building | range: organization

条目2：
- 名称：locationactedinbyorganization
- 类型：Class
- 简介：locationactedinbyorganization is a class in the NELL knowledge base.
- 补充信息：generalizations: locationactedinbyagent | domain: location | range: organization",1,llama-3.1-70b,0.0,8192,https://api2.aigcbest.top/v1,"判断结果：正确
解释：根据背景知识，buildingbelongstoorganization 是 locationactedinbyorganization 的子类，且两者的 domain 和 range 均满足 RDFS 语义规则。",1,1,
hard_case_0223,subPropertyOf,cityattractions ⊑p cityhostsattraction,"背景知识：
条目1：
- 名称：cityattractions
- 类型：Unknown
- 简介：The city that an attraction is located in
- 补充信息：generalizations: locationcontainslocation | domain: city | range: attraction

条目2：
- 名称：cityhostsattraction
- 类型：Unknown
- 简介：Attraction occurs in the city
- 补充信息：generalizations: cityattractions | domain: city | range: attraction",0,llama-3.1-70b,0.0,8192,https://api2.aigcbest.top/v1,"判断结果：错误
解释：根据背景知识，cityattractions和cityhostsattraction的domain和range信息不一致，cityattractions的domain是city，range是attraction，而cityhostsattraction的domain是city，range也是attraction，但两者的generalizations信息不一致，cityhostsattraction的generalizations是cityattractions，cityattractions的generalizations是locationcontainslocation，根据RDFS语义规则，子类的domain和range应是父类的子集，但cityhostsattraction的domain和range信息与cityattractions不一致，因此该公理不合理。",0,1,
hard_case_0224,subPropertyOf,cityhostsattraction ⊑p cityattractions,"背景知识：
条目1：
- 名称：cityhostsattraction
- 类型：Unknown
- 简介：Attraction occurs in the city
- 补充信息：generalizations: cityattractions | domain: city | range: attraction

条目2：
- 名称：cityattractions
- 类型：Unknown
- 简介：The city that an attraction is located in
- 补充信息：generalizations: locationcontainslocation | domain: city | range: attraction",1,llama-3.1-70b,0.0,8192,https://api2.aigcbest.top/v1,"判断结果：正确
解释：根据背景知识，cityhostsattraction和cityattractions都描述了城市和景点之间的关系，且两者的domain和range均为city和attraction，符合subPropertyOf的语义规则。",1,1,
hard_case_0225,subPropertyOf,citysportsteams ⊑p proxyfor,"背景知识：
条目1：
- 名称：citysportsteams
- 类型：Class
- 简介：citysportsteams is a class in the NELL knowledge base.
- 补充信息：generalizations: proxyfor, locationactedinbyorganization | domain: city | range: sportsteam

条目2：
- 名称：proxyfor
- 类型：Class
- 简介：{%%s is a %s for %%s, proxy}
- 补充信息：generalizations: mutualproxyfor | domain: everypromotedthing | range: everypromotedthing",1,llama-3.1-70b,0.0,8192,https://api2.aigcbest.top/v1,"判断结果：正确
解释：根据背景知识，citysportsteams 的 generalizations 包括 proxyfor，表示 citysportsteams 是 proxyfor 的子类，符合 RDFS 中的 subClassOf 语义规则。",1,1,
hard_case_0226,subPropertyOf,companyalsoknownas ⊑p organizationalsoknownas,"背景知识：
条目1：
- 名称：companyalsoknownas
- 类型：Class
- 简介：{%%s is a company %s %%s, also known as}
- 补充信息：generalizations: organizationalsoknownas | domain: company | range: company

条目2：
- 名称：organizationalsoknownas
- 类型：Class
- 简介：{%%s is an organization %s %%s, also known as}
- 补充信息：generalizations: synonymfor | domain: organization | range: organization",1,llama-3.1-70b,0.0,8192,https://api2.aigcbest.top/v1,"判断结果：正确
解释：根据背景知识，companyalsoknownas是organizationalsoknownas的特化，符合subClassOf的语义关系。",1,1,
hard_case_0227,subPropertyOf,countryofpersondeath ⊑p locationofpersondeath,"背景知识：
条目1：
- 名称：countryofpersondeath
- 类型：Class
- 简介：countryofpersondeath is a class in the NELL knowledge base.
- 补充信息：generalizations: locationofpersondeath | domain: country | range: person

条目2：
- 名称：locationofpersondeath
- 类型：Class
- 简介：locationofpersondeath is a class in the NELL knowledge base.
- 补充信息：generalizations: locationactedinbyagent | domain: location | range: person",1,llama-3.1-70b,0.0,8192,https://api2.aigcbest.top/v1,"判断结果：正确
解释：根据背景知识，countryofpersondeath 是 locationofpersondeath 的子类，符合 RDFS 中的 subClassOf 语义规则。",1,1,
hard_case_0228,subPropertyOf,dateof ⊑p dateatwhichexistslocation,"背景知识：
条目1：
- 名称：dateof
- 类型：Unknown
- 简介：assigns dates to things.
- 补充信息：generalizations: relatedto | domain: date | range: everypromotedthing

条目2：
- 名称：dateatwhichexistslocation
- 类型：Unknown
- 简介：Most general location-to-date relation. Note that locations are not eternal.
- 补充信息：generalizations: dateof | domain: date | range: location",0,llama-3.1-70b,0.0,8192,https://api2.aigcbest.top/v1,"判断结果：错误
解释：根据背景知识，dateof 的 domain 是 date，range 是 everypromotedthing，而 dateatwhichexistslocation 的 domain 是 date，range 是 location，dateof ⊑p dateatwhichexistslocation 这一公理违反了 RDFS 的 range 语义规则。",0,1,
hard_case_0229,subPropertyOf,hobbiessuchashobbies ⊑p generalizationof,"背景知识：
条目1：
- 名称：hobbiessuchashobbies
- 类型：Class
- 简介：{%%s %s %%s, is a generalization of}
- 补充信息：generalizations: generalizationof | domain: hobby | range: hobby

条目2：
- 名称：generalizationof
- 类型：Class
- 简介：generalizationof is a class in the NELL knowledge base.
- 补充信息：generalizations: relatedto | domain: everypromotedthing | range: everypromotedthing",1,llama-3.1-70b,0.0,8192,https://api2.aigcbest.top/v1,"判断结果：正确
解释：根据背景知识，hobbiessuchashobbies 的 generalizations 为 generalizationof，且 hobbiessuchashobbies 的 domain 和 range 均为 hobby，符合 RDFS 的 subClassOf 语义规则。",1,1,
hard_case_0230,subPropertyOf,inverseofanimalssuchasmammals ⊑p specializationof,"背景知识：
条目1：
- 名称：inverseofanimalssuchasmammals
- 类型：Unknown
- 简介：Describes the animal types that are generalizations of mammals
- 补充信息：generalizations: specializationof | domain: mammal | range: animal

条目2：
- 名称：specializationof
- 类型：Unknown
- 简介：one thing is a more specific kind of another thing
- 补充信息：generalizations: relatedto | domain: everypromotedthing | range: everypromotedthing",1,llama-3.1-70b,0.0,8192,https://api2.aigcbest.top/v1,"判断结果：正确
解释：根据背景知识，inverseofanimalssuchasmammals描述了动物类型的概括，特别是哺乳动物的概括，而specializationof表示一种事物是另一种事物的更具体的种类，因此inverseofanimalssuchasmammals是specializationof的子类。",1,1,
hard_case_0231,subPropertyOf,inverseofautomobilemakerchiefexecutiveceo ⊑p ceoof,"背景知识：
条目1：
- 名称：inverseofautomobilemakerchiefexecutiveceo
- 类型：Class
- 简介：inverseofautomobilemakerchiefexecutiveceo is a class in the NELL knowledge base.
- 补充信息：generalizations: ceoof | domain: ceo | range: automobilemaker

条目2：
- 名称：ceoof
- 类型：Class
- 简介：{%%s is the %s %%s, CEO of}
- 补充信息：generalizations: topmemberoforganization | domain: ceo | range: company",1,llama-3.1-70b,0.0,8192,https://api2.aigcbest.top/v1,"判断结果：正确
解释：根据背景知识，inverseofautomobilemakerchiefexecutiveceo 的 generalizations 为 ceoof，表明 inverseofautomobilemakerchiefexecutiveceo 是 ceoof 的子类，符合 RDFS 中的 subClassOf 语义规则。",1,1,
hard_case_0232,subPropertyOf,inverseofcoachcanspeaklanguage ⊑p relatedto,"背景知识：
条目1：
- 名称：inverseofcoachcanspeaklanguage
- 类型：Unknown
- 简介：Describes the languages that coaches might speak
- 补充信息：generalizations: relatedto | domain: language | range: coach

条目2：
- 名称：relatedto
- 类型：Unknown
- 简介：associated; connected (http://dictionary.reference.com/browse/related)
- 补充信息：generalizations: slot | domain: everypromotedthing | range: everypromotedthing",1,llama-3.1-70b,0.0,8192,https://api2.aigcbest.top/v1,"判断结果：正确
解释：根据RDFS语义规则，inverseofcoachcanspeaklanguage ⊑p relatedto表示inverseofcoachcanspeaklanguage是relatedto的子属性，符合背景知识中对两者的描述。",1,1,
hard_case_0234,subPropertyOf,inverseofmammalsuchasmammal ⊑p specializationof,"背景知识：
条目1：
- 名称：inverseofmammalsuchasmammal
- 类型：Class
- 简介：inverseofmammalsuchasmammal is a class in the NELL knowledge base.
- 补充信息：generalizations: specializationof | domain: mammal | range: mammal

条目2：
- 名称：specializationof
- 类型：Class
- 简介：{%%s is a %s %%s, kind of}
- 补充信息：generalizations: relatedto | domain: everypromotedthing | range: everypromotedthing",1,llama-3.1-70b,0.0,8192,https://api2.aigcbest.top/v1,"判断结果：正确
解释：根据背景知识，inverseofmammalsuchasmammal 的 domain 和 range 都是 mammal，而 specializationof 的 domain 和 range 都是 everypromotedthing，且 mammal 是 everypromotedthing 的子类，因此 inverseofmammalsuchasmammal ⊑p specializationof 符合 RDFS 语义规则。",1,1,
hard_case_0235,subPropertyOf,inverseofpersongraduatedfromuniversity ⊑p schoolgraduatedperson,"背景知识：
条目1：
- 名称：inverseofpersongraduatedfromuniversity
- 类型：Class
- 简介：inverseofpersongraduatedfromuniversity is a class in the NELL knowledge base.
- 补充信息：generalizations: schoolgraduatedperson | domain: university | range: person

条目2：
- 名称：schoolgraduatedperson
- 类型：Class
- 简介：schoolgraduatedperson is a class in the NELL knowledge base.
- 补充信息：generalizations: schoolattendedbyperson | domain: school | range: person",1,llama-3.1-70b,0.0,8192,https://api2.aigcbest.top/v1,"判断结果：正确
解释：根据背景知识，inverseofpersongraduatedfromuniversity 的 generalizations 为 schoolgraduatedperson，符合 RDFS 中的 subClassOf 语义规则。",1,1,
hard_case_0236,subPropertyOf,inverseofplantgrowinginplant ⊑p relatedto,"背景知识：
条目1：
- 名称：inverseofplantgrowinginplant
- 类型：Class
- 简介：inverseofplantgrowinginplant is a class in the NELL knowledge base.
- 补充信息：generalizations: relatedto | domain: plant | range: plant

条目2：
- 名称：relatedto
- 类型：Class
- 简介：{%%s is somehow %s %%s, related to}
- 补充信息：generalizations: slot | domain: everypromotedthing | range: everypromotedthing",1,llama-3.1-70b,0.0,8192,https://api2.aigcbest.top/v1,"判断结果：正确
解释：根据背景知识，inverseofplantgrowinginplant 的 generalizations 为 relatedto，表示 inverseofplantgrowinginplant 是 relatedto 的子类，符合 RDFS 中的 subClassOf 语义规则。",1,1,
hard_case_0237,subPropertyOf,inverseofprofessionactsatthesameareaofpoliticissue ⊑p relatedto,"背景知识：
条目1：
- 名称：inverseofprofessionactsatthesameareaofpoliticissue
- 类型：Class
- 简介：inverseofprofessionactsatthesameareaofpoliticissue is a class in the NELL knowledge base.
- 补充信息：generalizations: relatedto | domain: profession | range: politicsissue

条目2：
- 名称：relatedto
- 类型：Class
- 简介：{%%s is somehow %s %%s, related to}
- 补充信息：generalizations: slot | domain: everypromotedthing | range: everypromotedthing",1,llama-3.1-70b,0.0,8192,https://api2.aigcbest.top/v1,"判断结果：正确
解释：根据背景知识，inverseofprofessionactsatthesameareaofpoliticissue 的 generalizations 是 relatedto，表示 inverseofprofessionactsatthesameareaofpoliticissue 是 relatedto 的子类，符合 RDFS 的 subClassOf 语义规则。",1,1,
hard_case_0238,subPropertyOf,invertebratehascolor ⊑p relatedto,"背景知识：
条目1：
- 名称：invertebratehascolor
- 类型：Class
- 简介：{%%s %s %%s, is related to}
- 补充信息：generalizations: relatedto | domain: invertebrate | range: color

条目2：
- 名称：relatedto
- 类型：Class
- 简介：{%%s is somehow %s %%s, related to}
- 补充信息：generalizations: slot | domain: everypromotedthing | range: everypromotedthing",1,llama-3.1-70b,0.0,8192,https://api2.aigcbest.top/v1,"判断结果：正确
解释：根据背景知识和RDFS语义规则，invertebratehascolor的domain为invertebrate，range为color，而relatedto的domain和range均为everypromotedthing，由于invertebrate和color都属于everypromotedthing的子类，因此invertebratehascolor ⊑p relatedto成立。",1,1,
hard_case_0239,subPropertyOf,istallerthan ⊑p relatedto,"背景知识：
条目1：
- 名称：istallerthan
- 类型：Class
- 简介：{%%s is %s %%s, taller than}
- 补充信息：generalizations: relatedto | domain: everypromotedthing | range: everypromotedthing

条目2：
- 名称：relatedto
- 类型：Class
- 简介：{%%s is somehow %s %%s, related to}
- 补充信息：generalizations: slot | domain: everypromotedthing | range: everypromotedthing",1,llama-3.1-70b,0.0,8192,https://api2.aigcbest.top/v1,"判断结果：正确
解释：根据背景知识，istallerthan 的 generalizations 是 relatedto，表示 istallerthan 是 relatedto 的子类，符合 RDFS 中的 subClassOf 语义规则。",1,1,
hard_case_0240,subPropertyOf,languageschoolincity ⊑p relatedto,"背景知识：
条目1：
- 名称：languageschoolincity
- 类型：Class
- 简介：{%%s is a language %s the city %%s, taught in language schools in}
- 补充信息：generalizations: relatedto | domain: language | range: city

条目2：
- 名称：relatedto
- 类型：Class
- 简介：{%%s is somehow %s %%s, related to}
- 补充信息：generalizations: slot | domain: everypromotedthing | range: everypromotedthing",1,llama-3.1-70b,0.0,8192,https://api2.aigcbest.top/v1,"判断结果：正确
解释：根据背景知识，languageschoolincity 的 generalizations 是 relatedto，表示 languageschoolincity 是 relatedto 的子类，符合 RDFS 的 subClassOf 语义规则。",1,1,
hard_case_0241,subPropertyOf,locationofevent ⊑p locatedat,"背景知识：
条目1：
- 名称：locationofevent
- 类型：Unknown
- 简介：the location that an event is happened at
- 补充信息：generalizations: locatedat | domain: location | range: event

条目2：
- 名称：locatedat
- 类型：Unknown
- 简介：assigns locations to things.
- 补充信息：generalizations: relatedto | domain: location | range: everypromotedthing",1,llama-3.1-70b,0.0,8192,https://api2.aigcbest.top/v1,"判断结果：正确
解释：根据背景知识，locationofevent 是 locatedat 的特化，且两者都描述了位置与事件或事物之间的关系，符合 RDFS 的 subPropertyOf 语义规则。",1,1,
hard_case_0242,subPropertyOf,mlauthorofsoftware ⊑p agentcreated,"背景知识：
条目1：
- 名称：mlauthorofsoftware
- 类型：Class
- 简介：{%%s is a machine-learning author who %s the software %%s, wrote}
- 补充信息：generalizations: agentcreated, agentinvolvedwithitem | domain: mlauthor | range: mlsoftware

条目2：
- 名称：agentcreated
- 类型：Class
- 简介：{%%s %s %%s, created}
- 补充信息：generalizations: relatedto | domain: agent | range: everypromotedthing",1,llama-3.1-70b,0.0,8192,https://api2.aigcbest.top/v1,"判断结果：正确
解释：根据背景知识，mlauthorofsoftware 是 agentcreated 的子类，且两者的 domain 和 range 均存在对应关系，满足 RDFS 的子类和子属性语义规则。",1,1,
hard_case_0243,subPropertyOf,mlsoftwareauthor ⊑p createdbyagent,"背景知识：
条目1：
- 名称：mlsoftwareauthor
- 类型：Class
- 简介：mlsoftwareauthor is a class in the NELL knowledge base.
- 补充信息：generalizations: iteminvolvedwithagent, createdbyagent | domain: mlsoftware | range: mlauthor

条目2：
- 名称：createdbyagent
- 类型：Class
- 简介：createdbyagent is a class in the NELL knowledge base.
- 补充信息：generalizations: relatedto | domain: everypromotedthing | range: agent",1,llama-3.1-70b,0.0,8192,https://api2.aigcbest.top/v1,"判断结果：正确
解释：根据背景知识，mlsoftwareauthor 的 generalizations 中包含 createdbyagent，表明 mlsoftwareauthor 是 createdbyagent 的子类，符合 RDFS 中的 subClassOf 语义规则。",1,1,
hard_case_0244,subPropertyOf,museumincity ⊑p attractionofcity,"背景知识：
条目1：
- 名称：museumincity
- 类型：Class
- 简介：{%%s is a museum %s %%s, in the city}
- 补充信息：generalizations: attractionofcity, buildinglocatedincity | domain: museum | range: city

条目2：
- 名称：attractionofcity
- 类型：Class
- 简介：{%%s is a tourist attraction %s %%s, in the city}
- 补充信息：generalizations: locationlocatedwithinlocation | domain: attraction | range: city",1,llama-3.1-70b,0.0,8192,https://api2.aigcbest.top/v1,"判断结果：正确
解释：根据背景知识，museumincity 是 attractionofcity 的子类，且两者都表示类之间的包含关系，符合 RDFS 的 subClassOf 语义规则。",1,1,
hard_case_0245,subPropertyOf,productinstanceof ⊑p specializationof,"背景知识：
条目1：
- 名称：productinstanceof
- 类型：Unknown
- 简介：Specifies that a particular product is a particular kind of thing
- 补充信息：generalizations: specializationof | domain: product | range: item

条目2：
- 名称：specializationof
- 类型：Unknown
- 简介：one thing is a more specific kind of another thing
- 补充信息：generalizations: relatedto | domain: everypromotedthing | range: everypromotedthing",1,llama-3.1-70b,0.0,8192,https://api2.aigcbest.top/v1,"判断结果：正确
解释：根据背景知识，productinstanceof的domain为product，range为item，而specializationof的domain和range均为everypromotedthing，且productinstanceof的generalizations为specializationof，符合RDFS语义规则中subClassOf的定义。",1,1,
hard_case_0246,subPropertyOf,relatedto ⊑p magnitudeofearthquaque,"背景知识：
条目1：
- 名称：relatedto
- 类型：Unknown
- 简介：associated; connected (http://dictionary.reference.com/browse/related)
- 补充信息：generalizations: slot | domain: everypromotedthing | range: everypromotedthing

条目2：
- 名称：magnitudeofearthquaque
- 类型：Unknown
- 简介：{%%s is the %s the event %%s, magnitude of}
- 补充信息：generalizations: relatedto | domain: everypromotedthing | range: earthquakeevent",0,llama-3.1-70b,0.0,8192,https://api2.aigcbest.top/v1,"判断结果：错误
解释：根据背景知识，magnitudeofearthquaque的domain是everypromotedthing，range是earthquakeevent，而relatedto的domain和range都是everypromotedthing，根据RDFS语义规则，子属性的domain和range应是父属性的子类或相同类，因此magnitudeofearthquaque不能是relatedto的子属性。",0,1,
hard_case_0248,subPropertyOf,sportusesstadium ⊑p relatedto,"背景知识：
条目1：
- 名称：sportusesstadium
- 类型：Class
- 简介：{%%s is a sport %s the venue %%s, played in}
- 补充信息：generalizations: relatedto | domain: sport | range: stadiumoreventvenue

条目2：
- 名称：relatedto
- 类型：Class
- 简介：{%%s is somehow %s %%s, related to}
- 补充信息：generalizations: slot | domain: everypromotedthing | range: everypromotedthing",1,llama-3.1-70b,0.0,8192,https://api2.aigcbest.top/v1,"判断结果：正确
解释：根据背景知识，sportusesstadium 的 generalizations 是 relatedto，表示 sportusesstadium 是 relatedto 的子类，符合 RDFS 的 subClassOf 语义规则。",1,1,
hard_case_0249,subPropertyOf,statehaslake ⊑p locationcontainslocation,"背景知识：
条目1：
- 名称：statehaslake
- 类型：Class
- 简介：statehaslake is a class in the NELL knowledge base.
- 补充信息：generalizations: locationcontainslocation | domain: stateorprovince | range: lake

条目2：
- 名称：locationcontainslocation
- 类型：Class
- 简介：locationcontainslocation is a class in the NELL knowledge base.
- 补充信息：generalizations: superpartof, locatedat | domain: location | range: location",1,llama-3.1-70b,0.0,8192,https://api2.aigcbest.top/v1,"判断结果：正确
解释：根据背景知识，statehaslake 的 generalizations 包括 locationcontainslocation，表明 statehaslake 是 locationcontainslocation 的子类，符合 RDFS 中的 subClassOf 语义规则。",1,1,
hard_case_0251,domain,domain(arteriessuchasarteries) = artery,"背景知识：
条目1：
- 名称：arteriessuchasarteries
- 类型：Class
- 简介：{%%s %s %%s, is a generalization of}
- 补充信息：generalizations: generalizationof | domain: artery | range: artery

条目2：
- 名称：artery
- 类型：Class
- 简介：{%%s is an %s, artery}
- 补充信息：generalizations: bodypart",1,llama-3.1-70b,0.0,8192,https://api2.aigcbest.top/v1,"判断结果：正确
解释：根据背景知识，arteriessuchasarteries的domain为artery，与RDFS语义规则一致。",1,1,
hard_case_0252,domain,domain(dateatwhichexistslocation) = date,"背景知识：
条目1：
- 名称：dateatwhichexistslocation
- 类型：Class
- 简介：dateatwhichexistslocation is a class in the NELL knowledge base.
- 补充信息：generalizations: dateof | domain: date | range: location

条目2：
- 名称：date
- 类型：Class
- 简介：{%%s is a %s, date}
- 补充信息：generalizations: abstractthing",1,llama-3.1-70b,0.0,8192,https://api2.aigcbest.top/v1,"判断结果：正确
解释：根据RDFS语义规则，domain约束表示属性的主体应属于某一类，背景知识中dateatwhichexistslocation的domain为date，表明dateatwhichexistslocation的主体应属于date类。",1,1,
hard_case_0253,domain,domain(inverseofanimalssuchasmammals) = mammal,"背景知识：
条目1：
- 名称：inverseofanimalssuchasmammals
- 类型：Unknown
- 简介：Describes the animal types that are generalizations of mammals
- 补充信息：generalizations: specializationof | domain: mammal | range: animal

条目2：
- 名称：mammal
- 类型：Unknown
- 简介：Mammals (formally Mammalia) are a class of vertebrate, air-breathing animals whose females are characterized by the possession of mammary glands while both males and females are characterized by hair and/or fur, three middle ear bones used....
- 补充信息：generalizations: vertebrate",1,llama-3.1-70b,0.0,8192,https://api2.aigcbest.top/v1,"判断结果：正确
解释：根据背景知识，inverseofanimalssuchasmammals的domain为mammal，与RDFS语义规则一致。",1,1,
hard_case_0254,domain,domain(inverseofarthropodlooklikeinsect) = insect,"背景知识：
条目1：
- 名称：inverseofarthropodlooklikeinsect
- 类型：Unknown
- 简介：Describes the arthropod that look like specific insects
- 补充信息：generalizations: relatedto | domain: insect | range: arthropod

条目2：
- 名称：insect
- 类型：Unknown
- 简介：class within the arthropods that have a chitinous exoskeleton, a three-part body (head, thorax, and abdomen), three pairs of jointed legs, compound eyes, and two antennae
- 补充信息：generalizations: arthropod",1,llama-3.1-70b,0.0,8192,https://api2.aigcbest.top/v1,"判断结果：正确
解释：根据背景知识，inverseofarthropodlooklikeinsect的domain为insect，与给定公理一致。",1,1,
hard_case_0255,domain,domain(inverseofbankboughtbank) = bank,"背景知识：
条目1：
- 名称：inverseofbankboughtbank
- 类型：Class
- 简介：inverseofbankboughtbank is a class in the NELL knowledge base.
- 补充信息：generalizations: acquiredby | domain: bank | range: bank

条目2：
- 名称：bank
- 类型：Class
- 简介：{%%s is a %s, bank}
- 补充信息：generalizations: company",1,llama-3.1-70b,0.0,8192,https://api2.aigcbest.top/v1,"判断结果：正确
解释：根据背景知识，inverseofbankboughtbank的domain为bank，与RDFS语义规则一致。",1,1,
hard_case_0256,domain,domain(inverseofcoachstudiedatuniversity) = university,"背景知识：
条目1：
- 名称：inverseofcoachstudiedatuniversity
- 类型：Unknown
- 简介：Describes the university where the coach studied at
- 补充信息：generalizations: relatedto | domain: university | range: coach

条目2：
- 名称：university
- 类型：Unknown
- 简介：A university is a post-high school educational institution. This category includes colleges and technical schools.
- 补充信息：generalizations: school, geolocatablething",1,llama-3.1-70b,0.0,8192,https://api2.aigcbest.top/v1,"判断结果：正确
解释：根据RDFS语义规则，domain约束表示属性的主体应属于某一类，背景知识中inverseofcoachstudiedatuniversity的domain为university，符合RDFS语义规则。",1,1,
hard_case_0257,domain,domain(inverseofsoftwareprogrammedinprogramminglanguage) = programminglanguage,"背景知识：
条目1：
- 名称：inverseofsoftwareprogrammedinprogramminglanguage
- 类型：Class
- 简介：inverseofsoftwareprogrammedinprogramminglanguage is a class in the NELL knowledge base.
- 补充信息：generalizations: relatedto | domain: programminglanguage | range: software

条目2：
- 名称：programminglanguage
- 类型：Class
- 简介：{%%s is a %s, programming language}
- 补充信息：generalizations: abstractthing",1,llama-3.1-70b,0.0,8192,https://api2.aigcbest.top/v1,"判断结果：正确
解释：根据背景知识，inverseofsoftwareprogrammedinprogramminglanguage的domain为programminglanguage，与RDFS语义规则一致。",1,1,
hard_case_0258,domain,domain(latitudelongitudeof) = llcoordinate,"背景知识：
条目1：
- 名称：latitudelongitudeof
- 类型：Unknown
- 简介：the latitude and longitude of this location, or the latitude and longitude typically associated with this thing
- 补充信息：generalizations: relatedto | domain: llcoordinate | range: everypromotedthing

条目2：
- 名称：llcoordinate
- 类型：Unknown
- 简介：Longitude is the angular distance of a point's meridian from the Prime (Greenwich) Meridian
- 补充信息：generalizations: abstractthing",1,llama-3.1-70b,0.0,8192,https://api2.aigcbest.top/v1,"判断结果：正确
解释：根据RDFS语义规则，domain约束表示属性的主体应属于某一类，latitudelongitudeof的domain为llcoordinate，符合背景知识中latitudelongitudeof的domain信息。",1,1,
hard_case_0259,domain,domain(numberofcasualtiesinroadaccident) = nonneginteger,"背景知识：
条目1：
- 名称：numberofcasualtiesinroadaccident
- 类型：Class
- 简介：{%%s is the number of people that %s the event %%s, died in}
- 补充信息：generalizations: relatedto | domain: nonneginteger | range: roadaccidentevent

条目2：
- 名称：nonneginteger
- 类型：Class
- 简介：{%%s is a %s, non-negative integer}
- 补充信息：generalizations: abstractthing",1,llama-3.1-70b,0.0,8192,https://api2.aigcbest.top/v1,"判断结果：正确
解释：根据RDFS语义规则，domain约束表示属性的主体应属于某一类，背景知识中numberofcasualtiesinroadaccident的domain为nonneginteger，符合RDFS语义规则。",1,1,
hard_case_0261,domain,domain(organizationhastopmember) = company,"背景知识：
条目1：
- 名称：organizationhastopmember
- 类型：Unknown
- 简介：Identifies people in high-level, leading positions at organizations. Applicable positions have authority over the entire organization (e.g. presidents, VPs, directors, and C-level executives), not merely over departments or subsidiaries.
- 补充信息：generalizations: organizationleadbyperson, worker | domain: company | range: person

条目2：
- 名称：company
- 类型：Unknown
- 简介：A company is an organization whose goal is to make money
- 补充信息：generalizations: organization",1,llama-3.1-70b,0.0,8192,https://api2.aigcbest.top/v1,"判断结果：正确
解释：根据背景知识，organizationhastopmember的domain为company，与RDFS语义规则中domain约束一致。",1,1,
hard_case_0262,domain,domain(producedby) = product,"背景知识：
条目1：
- 名称：producedby
- 类型：Class
- 简介：producedby is a class in the NELL knowledge base.
- 补充信息：generalizations: iteminvolvedwithagent, createdbyagent | domain: product | range: company

条目2：
- 名称：product
- 类型：Class
- 简介：{%%s is a %s, product}
- 补充信息：generalizations: item",1,llama-3.1-70b,0.0,8192,https://api2.aigcbest.top/v1,"判断结果：正确
解释：根据背景知识，producedby的domain为product，与RDFS语义规则一致。",1,1,
hard_case_0263,domain,domain(productlauchpredecessor) = productlaunchevent,"背景知识：
条目1：
- 名称：productlauchpredecessor
- 类型：Class
- 简介：{%%s was %s of the product launched in %%s, the predecessor}
- 补充信息：generalizations: relatedto | domain: productlaunchevent | range: product

条目2：
- 名称：productlaunchevent
- 类型：Class
- 简介：{%%s is a %s, product launch event}
- 补充信息：generalizations: event",1,llama-3.1-70b,0.0,8192,https://api2.aigcbest.top/v1,"判断结果：正确
解释：根据背景知识，productlauchpredecessor的domain为productlaunchevent，与RDFS语义规则一致。",1,1,
hard_case_0265,domain,domain(superpartof) = everypromotedthing,"背景知识：
条目1：
- 名称：superpartof
- 类型：Class
- 简介：superpartof is a class in the NELL knowledge base.
- 补充信息：generalizations: relatedto | domain: everypromotedthing | range: everypromotedthing

条目2：
- 名称：everypromotedthing
- 类型：Class
- 简介：{%%s is %s, something}",1,llama-3.1-70b,0.0,8192,https://api2.aigcbest.top/v1,"判断结果：正确
解释：根据背景知识，superpartof的domain为everypromotedthing，与RDFS语义规则一致。",1,1,
hard_case_0267,range,range(arteriessuchasarteries) = artery,"背景知识：
条目1：
- 名称：arteriessuchasarteries
- 类型：Class
- 简介：{%%s %s %%s, is a generalization of}
- 补充信息：generalizations: generalizationof | domain: artery | range: artery

条目2：
- 名称：artery
- 类型：Class
- 简介：{%%s is an %s, artery}
- 补充信息：generalizations: bodypart",1,llama-3.1-70b,0.0,8192,https://api2.aigcbest.top/v1,"判断结果：正确
解释：根据RDFS语义规则，range属性表示属性的客体应属于某一类，背景知识中条目1的补充信息中range: artery表明arteriessuchasarteries的客体应属于artery类，公理range(arteriessuchasarteries) = artery与背景知识和语义规则一致。",1,1,
hard_case_0268,range,range(comediancanbethesameasmale) = male,"背景知识：
条目1：
- 名称：comediancanbethesameasmale
- 类型：Class
- 简介：{%%s %s %%s, is related to}
- 补充信息：generalizations: canbethesameas | domain: comedian | range: male

条目2：
- 名称：male
- 类型：Class
- 简介：{%%s is a %s, male}
- 补充信息：generalizations: person",1,llama-3.1-70b,0.0,8192,https://api2.aigcbest.top/v1,"判断结果：正确
解释：根据RDFS语义规则，range属性表示属性的客体应属于某一类，背景知识中条目1的补充信息中range：male正是表明了comediancanbethesameasmale属性的客体应属于male类。",1,1,
hard_case_0269,range,range(countryhascitizen) = athlete,"背景知识：
条目1：
- 名称：countryhascitizen
- 类型：Class
- 简介：countryhascitizen is a class in the NELL knowledge base.
- 补充信息：generalizations: locationrelatedtoagent | domain: country | range: person

条目2：
- 名称：athlete
- 类型：Unknown
- 简介：An athlete is a person who plays a sport competitively.
- 补充信息：generalizations: person",0,llama-3.1-70b,0.0,8192,https://api2.aigcbest.top/v1,"判断结果：错误
解释：根据背景知识，countryhascitizen的range是person，而athlete是person的子类，不能直接等同于range。",0,1,
hard_case_0270,range,range(dateatwhichexistslocation) = city,"背景知识：
条目1：
- 名称：dateatwhichexistslocation
- 类型：Class
- 简介：dateatwhichexistslocation is a class in the NELL knowledge base.
- 补充信息：generalizations: dateof | domain: date | range: location

条目2：
- 名称：city
- 类型：Unknown
- 简介：City/town/village refers to all named inhabited places at the most locally recognized level, but above the level of neighborhood. It is the most local region where there is a form of government or self-organization. Cities/towns/villages ar...
- 补充信息：generalizations: geopoliticallocation, geopoliticalorganization, geolocatablething",0,llama-3.1-70b,0.0,8192,https://api2.aigcbest.top/v1,"判断结果：错误
解释：根据背景知识，dateatwhichexistslocation的range是location，而city是location的子类，不能直接等同。",0,1,
hard_case_0271,range,range(inverseofarthropodlooklikeinsect) = arthropod,"背景知识：
条目1：
- 名称：inverseofarthropodlooklikeinsect
- 类型：Unknown
- 简介：Describes the arthropod that look like specific insects
- 补充信息：generalizations: relatedto | domain: insect | range: arthropod

条目2：
- 名称：arthropod
- 类型：Unknown
- 简介：Arthropods are members of the phylum Arthropoda.
- 补充信息：generalizations: invertebrate",1,llama-3.1-70b,0.0,8192,https://api2.aigcbest.top/v1,"判断结果：正确
解释：根据背景知识，inverseofarthropodlooklikeinsect的range被定义为arthropod，与RDFS语义规则一致。",1,1,
hard_case_0272,range,range(inverseofcoachstudiedatuniversity) = coach,"背景知识：
条目1：
- 名称：inverseofcoachstudiedatuniversity
- 类型：Unknown
- 简介：Describes the university where the coach studied at
- 补充信息：generalizations: relatedto | domain: university | range: coach

条目2：
- 名称：coach
- 类型：Unknown
- 简介：A coach is a trainer for a sports team. He leads the team in exercises and manages the team during gameplay. This category includes assistant coaches and other trainers.
- 补充信息：generalizations: person",1,llama-3.1-70b,0.0,8192,https://api2.aigcbest.top/v1,"判断结果：正确
解释：根据RDFS语义规则，range属性表示属性的客体应属于某一类，背景知识中inverseofcoachstudiedatuniversity的range为coach，与公理一致。",1,1,
hard_case_0274,range,range(locationofbombing) = bombingevent,"背景知识：
条目1：
- 名称：locationofbombing
- 类型：Unknown
- 简介：{%%s is the %s the event %%s, location of}
- 补充信息：generalizations: relatedto | domain: location | range: bombingevent

条目2：
- 名称：bombingevent
- 类型：Unknown
- 简介：{%%s is a %s, bombing event}
- 补充信息：generalizations: event",1,llama-3.1-70b,0.0,8192,https://api2.aigcbest.top/v1,"判断结果：正确
解释：根据RDFS语义规则，range属性表示属性的客体应属于某一类，背景知识中locationofbombing的range为bombingevent，符合语义规则。",1,1,
hard_case_0276,range,range(officeheldbypolitician) = politician,"背景知识：
条目1：
- 名称：officeheldbypolitician
- 类型：Unknown
- 简介：Specifies that a particular politician holds a particular office
- 补充信息：generalizations: relatedto | domain: politicaloffice | range: politician

条目2：
- 名称：politician
- 类型：Unknown
- 简介：Any person who has held or sought a position in a government. The term ""politician"" may not be strictly accurate for some positions such as kings, but we have to call it something!
- 补充信息：generalizations: person",1,llama-3.1-70b,0.0,8192,https://api2.aigcbest.top/v1,"判断结果：正确
解释：根据RDFS语义规则，range约束表示属性的客体应属于某一类，背景知识中officeheldbypolitician的range为politician，符合RDFS语义规则。",1,1,
hard_case_0277,range,range(timeofprotest) = protestevent,"背景知识：
条目1：
- 名称：timeofprotest
- 类型：Unknown
- 简介：{%%s is the %s the event %%s, time of}
- 补充信息：generalizations: relatedto | domain: time | range: protestevent

条目2：
- 名称：protestevent
- 类型：Unknown
- 简介：{%%s is a %s, protest event}
- 补充信息：generalizations: event",1,llama-3.1-70b,0.0,8192,https://api2.aigcbest.top/v1,"判断结果：正确
解释：根据RDFS语义规则，range(timeofprotest) = protestevent表示timeofprotest属性的客体应属于protestevent类，这与背景知识中timeofprotest的range信息一致。",1,1,
hard_case_0279,subClassOf,Cancionista_Q24961653 ⊑ Lyricist,"背景知识：
条目1：
- 名称：Cancionista_Q24961653
- 类型：Class
- 简介：Cancionista_Q24961653 is a class in the knowledge base.

条目2：
- 名称：Lyricist
- 类型：Class
- 简介：A lyricist is a writer who writes lyrics, as opposed to a composer, who writes the song's music which may include the melody, harmony, arrangement and accompaniment.",1,llama-3.1-70b,0.0,8192,https://api2.aigcbest.top/v1,"判断结果：正确
解释：根据RDFS语义规则，subClassOf表示类之间的包含关系，Cancionista_Q24961653是Lyricist的子类，符合背景知识中Cancionista_Q24961653和Lyricist的定义。",1,1,
hard_case_0281,subClassOf,Engineering_Mathematician_Q96777281 ⊑ Engineer,"背景知识：
条目1：
- 名称：Engineering_Mathematician_Q96777281
- 类型：Class
- 简介：Engineering_Mathematician_Q96777281 is a class in the knowledge base.

条目2：
- 名称：Engineer
- 类型：Class
- 简介：An engineer is a practitioner of engineering. The word engineer is derived from the Latin words ingeniare and ingenium (""cleverness""). The foundational qualifications of a licensed professional engineer typically include a four-year bachelo...",1,llama-3.1-70b,0.0,8192,https://api2.aigcbest.top/v1,"判断结果：正确
解释：根据RDFS语义规则，subClassOf表示类之间的包含关系，Engineering_Mathematician_Q96777281是Engineer的子类，符合背景知识中对Engineer的描述。",1,1,
hard_case_0282,subClassOf,Fermier_Général_Q50376727 ⊑ Financier,"背景知识：
条目1：
- 名称：Fermier_Général_Q50376727
- 类型：Class
- 简介：Fermier_Général_Q50376727 is a class in the knowledge base.

条目2：
- 名称：Financier
- 类型：Class
- 简介：An investor is a person or entity that allocates financial capital with the expectation of a future return (profit) or to gain an advantage (interest). Through this allocated capital the investor usually purchases some species of property.....",1,llama-3.1-70b,0.0,8192,https://api2.aigcbest.top/v1,"判断结果：正确
解释：根据RDFS语义规则，Fermier_Général_Q50376727 ⊑ Financier表示Fermier_Général_Q50376727是Financier的子类，这与背景知识中Fermier_Général_Q50376727和Financier的定义相符。",1,1,
hard_case_0283,subClassOf,Fictional_Human_Q15632617 ⊑ Fictional_Human_Formerly_Considered_To_Be_Historical_Q64520857,"背景知识：
条目1：
- 名称：Fictional_Human_Q15632617
- 类型：Class
- 简介：Fictional_Human_Q15632617 is a class in the knowledge base.

条目2：
- 名称：Fictional_Human_Formerly_Considered_To_Be_Historical_Q64520857
- 类型：Class
- 简介：Fictional_Human_Formerly_Considered_To_Be_Historical_Q64520857 is a class in the knowledge base.",0,llama-3.1-70b,0.0,8192,https://api2.aigcbest.top/v1,"判断结果：错误
解释：根据背景知识，Fictional_Human_Q15632617 和 Fictional_Human_Formerly_Considered_To_Be_Historical_Q64520857 都是类，但 Fictional_Human_Q15632617 不是 Fictional_Human_Formerly_Considered_To_Be_Historical_Q64520857 的子类。",0,1,
hard_case_0285,subClassOf,Fictional_Human_Q15632617 ⊑ Witcher_Q20011098,"背景知识：
条目1：
- 名称：Fictional_Human_Q15632617
- 类型：Class
- 简介：Fictional_Human_Q15632617 is a class in the knowledge base.

条目2：
- 名称：Witcher_Q20011098
- 类型：Class
- 简介：Witcher_Q20011098 is a class in the knowledge base.",0,llama-3.1-70b,0.0,8192,https://api2.aigcbest.top/v1,"判断结果：错误
解释：根据背景知识，Fictional_Human_Q15632617 和 Witcher_Q20011098 都是类，但没有明确的包含关系信息，因此无法确定 Fictional_Human_Q15632617 是 Witcher_Q20011098 的子类。",0,1,
hard_case_0287,subClassOf,Français_Guyanais_Q102098874 ⊑ French_language,"背景知识：
条目1：
- 名称：Français_Guyanais_Q102098874
- 类型：Class
- 简介：Français_Guyanais_Q102098874 is a class in the knowledge base.

条目2：
- 名称：French_language
- 类型：Class
- 简介：French is a Romance language of the Indo-European family. Like all other Romance languages, it descended from the Vulgar Latin of the Roman Empire. French evolved from Northern Old Gallo-Romance, a descendant of the Latin spoken in Northern...",1,llama-3.1-70b,0.0,8192,https://api2.aigcbest.top/v1,"判断结果：正确
解释：根据RDFS语义规则，subClassOf表示类之间的包含关系，Français_Guyanais_Q102098874是French_language的子类，符合语义约束。",1,1,
hard_case_0288,subClassOf,Ghanaian_Pidgin_English ⊑ English_language,"背景知识：
条目1：
- 名称：Ghanaian_Pidgin_English
- 类型：Class
- 简介：Ghanaian Pidgin English (GhaPE) is a Ghanaian English-lexifier pidgin also known as Pidgin, Broken English, and Kru English. GhaPE is a regional variety of West African Pidgin English spoken in Ghana, predominantly in the southern capital,....

条目2：
- 名称：English_language
- 类型：Class
- 简介：English is a West Germanic language that emerged in early medieval England and has since become a global lingua franca. The namesake of the language is the Angles, one of the Germanic peoples who migrated to Britain after the end of Roman r...",1,llama-3.1-70b,0.0,8192,https://api2.aigcbest.top/v1,"判断结果：正确
解释：根据背景知识，Ghanaian_Pidgin_English 是一种基于英语的皮钦语，因此可以推断其是 English_language 的子类。",1,1,
hard_case_0289,subClassOf,Historical_Chinese_Q10913056 ⊑ Chinese_language,"背景知识：
条目1：
- 名称：Historical_Chinese_Q10913056
- 类型：Class
- 简介：Historical_Chinese_Q10913056 is a class in the knowledge base.

条目2：
- 名称：Chinese_language
- 类型：Class
- 简介：Chinese is an umbrella term for all Sinitic languages, widely recognized as a collection of language varieties, spoken natively by the ethnic Han Chinese majority and many minority ethnic groups in Greater China, as well as by various commu...",1,llama-3.1-70b,0.0,8192,https://api2.aigcbest.top/v1,"判断结果：正确
解释：根据RDFS语义规则，subClassOf表示类之间的包含关系，Historical_Chinese_Q10913056是Chinese_language的子类，符合语义约束。",1,1,
hard_case_0290,subClassOf,Lawyer ⊑ Rábula_Q10365511,"背景知识：
条目1：
- 名称：Lawyer
- 类型：Class
- 简介：A lawyer is a person who is qualified to offer advice about the law, draft legal documents, or represent individuals in legal matters.

条目2：
- 名称：Rábula_Q10365511
- 类型：Class
- 简介：Rábula_Q10365511 is a class in the knowledge base.",0,llama-3.1-70b,0.0,8192,https://api2.aigcbest.top/v1,"判断结果：错误
解释：根据背景知识，Lawyer 是一个具体的职业类别，而 Rábula_Q10365511 是一个未知类别，两者之间没有明显的包含关系。",0,1,
hard_case_0291,subClassOf,Legal_Scholar_Q16012028 ⊑ Constitutional_Lawyer_Q2325224,"背景知识：
条目1：
- 名称：Legal_Scholar_Q16012028
- 类型：Class
- 简介：Legal_Scholar_Q16012028 is a class in the knowledge base.

条目2：
- 名称：Constitutional_Lawyer_Q2325224
- 类型：Class
- 简介：Constitutional_Lawyer_Q2325224 is a class in the knowledge base.",0,llama-3.1-70b,0.0,8192,https://api2.aigcbest.top/v1,"判断结果：错误
解释：根据背景知识，Legal_Scholar_Q16012028 和 Constitutional_Lawyer_Q2325224 都是类，但没有明确的包含关系信息，因此无法确定 Legal_Scholar_Q16012028 是 Constitutional_Lawyer_Q2325224 的子类。",0,1,
hard_case_0293,subClassOf,Manbhumi_dialect ⊑ Bengali_language,"背景知识：
条目1：
- 名称：Manbhumi_dialect
- 类型：Class
- 简介：Western Bengali or Mānbhūmī Bengali is a set of western vernacular Bengali dialects spoken in Purulia, West Bardhaman, Bankura, Greater Medinipur, Birbhum, Singhbhum, Santal Parganas, Chotanagpur, Kakdwip of South 24 Parganas and other adja...

条目2：
- 名称：Bengali_language
- 类型：Class
- 简介：Bengali, also known by its endonym Bangla, is a classical Indo-Aryan language belonging to the Indo-Iranian branch of the Indo-European language family. It is primarily spoken by the Bengali people, native to the Bengal region. With over 24...",1,llama-3.1-70b,0.0,8192,https://api2.aigcbest.top/v1,"判断结果：正确
解释：根据背景知识，Manbhumi_dialect 是 Bengali_language 的一种方言，因此满足 subClassOf 的语义关系。",1,1,
hard_case_0294,subClassOf,Prankster_Q1344569 ⊑ Comedian,"背景知识：
条目1：
- 名称：Prankster_Q1344569
- 类型：Class
- 简介：Prankster_Q1344569 is a class in the knowledge base.

条目2：
- 名称：Comedian
- 类型：Class
- 简介：A comedian or comic is a person who seeks to entertain an audience by making them laugh. This may be done by telling jokes, creating amusing situations, acting foolishly, or employing prop comedy. A comedian who addresses an audience direct...",1,llama-3.1-70b,0.0,8192,https://api2.aigcbest.top/v1,"判断结果：正确
解释：根据RDFS语义规则，subClassOf表示类之间的包含关系，Prankster_Q1344569是Comedian的子类，符合常识知识和背景知识的描述。",1,1,
hard_case_0296,subClassOf,Schwefelbad_Q112157620 ⊑ Designated_Spa_Town_Q6882870,"背景知识：
条目1：
- 名称：Schwefelbad_Q112157620
- 类型：Class
- 简介：Schwefelbad_Q112157620 is a class in the knowledge base.

条目2：
- 名称：Designated_Spa_Town_Q6882870
- 类型：Class
- 简介：Designated_Spa_Town_Q6882870 is a class in the knowledge base.",1,llama-3.1-70b,0.0,8192,https://api2.aigcbest.top/v1,"判断结果：正确
解释：根据RDFS语义规则，subClassOf表示类之间的包含关系，Schwefelbad_Q112157620是Designated_Spa_Town_Q6882870的子类，符合常识知识和背景知识。",1,1,
hard_case_0297,subClassOf,Skerry_Coast_Q13137873 ⊑ Archipelago,"背景知识：
条目1：
- 名称：Skerry_Coast_Q13137873
- 类型：Class
- 简介：Skerry_Coast_Q13137873 is a class in the knowledge base.

条目2：
- 名称：Archipelago
- 类型：Class
- 简介：An archipelago, sometimes called an island group or island chain, is a chain, cluster, or collection of islands. An archipelago may be in an ocean, a sea, or a smaller body of water. Examples of archipelagos include the Aegean Islands, the....",1,llama-3.1-70b,0.0,8192,https://api2.aigcbest.top/v1,"判断结果：正确
解释：根据RDFS语义规则，Skerry_Coast_Q13137873 ⊑ Archipelago表示Skerry_Coast_Q13137873是Archipelago的子类，这与背景知识中Skerry_Coast_Q13137873是类的定义相符。",1,1,
hard_case_0298,subClassOf,State_Public_Works_Engineering_Corps__u0028_France_u0029_ ⊑ Engineer,"背景知识：
条目1：
- 名称：State_Public_Works_Engineering_Corps__u0028_France_u0029_
- 类型：Class
- 简介：State_Public_Works_Engineering_Corps__u0028_France_u0029_ is a class in the knowledge base.

条目2：
- 名称：Engineer
- 类型：Class
- 简介：An engineer is a practitioner of engineering. The word engineer is derived from the Latin words ingeniare and ingenium (""cleverness""). The foundational qualifications of a licensed professional engineer typically include a four-year bachelo...",1,llama-3.1-70b,0.0,8192,https://api2.aigcbest.top/v1,"判断结果：正确
解释：根据RDFS语义规则，subClassOf表示类之间的包含关系，State_Public_Works_Engineering_Corps__u0028_France_u0029_是Engineer的子类，符合背景知识中Engineer的定义。",1,1,
hard_case_0299,subClassOf,Tenja_Q11567170 ⊑ Literary_Critic_Q4263842,"背景知识：
条目1：
- 名称：Tenja_Q11567170
- 类型：Class
- 简介：Tenja_Q11567170 is a class in the knowledge base.

条目2：
- 名称：Literary_Critic_Q4263842
- 类型：Class
- 简介：Literary_Critic_Q4263842 is a class in the knowledge base.",1,llama-3.1-70b,0.0,8192,https://api2.aigcbest.top/v1,"判断结果：正确
解释：根据RDFS语义规则，subClassOf表示类之间的包含关系，Tenja_Q11567170是Literary_Critic_Q4263842的子类，符合背景知识中类之间的语义关系。",1,1,
hard_case_0310,subPropertyOf,homeLocation ⊑p location,"背景知识：
条目1：
- 名称：homeLocation
- 类型：Property
- 简介：A contact location for a person's residence.
- 补充信息：domainIncludes: http://schema.org/Person | rangeIncludes: http://schema.org/ContactPoint, http://schema.org/Place

条目2：
- 名称：location
- 类型：Property
- 简介：The location of, for example, where an event is happening, where an organization is located, or where an action takes place.
- 补充信息：domainIncludes: http://schema.org/Action, http://schema.org/Event, http://schema.org/InteractionCounter, http://schema.org/Organization | rangeIncludes: http://schema.org/Place, ht...",1,llama-3.1-70b,0.0,8192,https://api2.aigcbest.top/v1,"判断结果：正确
解释：根据RDFS语义规则，homeLocation ⊑p location表示homeLocation是location的子属性，且两者的domain和range信息在背景知识中存在相应的包含关系。",1,1,
hard_case_0311,subPropertyOf,identifier ⊑p gtin12,"背景知识：
条目1：
- 名称：identifier
- 类型：Property
- 简介：The identifier property represents any kind of identifier for any kind of <a class=""localLink"" href=""/Thing"">Thing</a>, such as ISBNs, GTIN codes, UUIDs etc. Schema.org provides dedicated properties for representing many of these, either as...
- 补充信息：domainIncludes: http://schema.org/Thing | rangeIncludes: http://schema.org/PropertyValue, http://schema.org/Text, http://schema.org/URL

条目2：
- 名称：gtin12
- 类型：Property
- 简介：The GTIN-12 code of the product, or the product to which the offer refers. The GTIN-12 is the 12-digit GS1 Identification Key composed of a U.P.C. Company Prefix, Item Reference, and Check Digit used to identify trade items. See <a href=""ht...
- 补充信息：domainIncludes: http://schema.org/Demand, http://schema.org/Offer, http://schema.org/Product | rangeIncludes: http://schema.org/Text",0,llama-3.1-70b,0.0,8192,https://api2.aigcbest.top/v1,"判断结果：错误
解释：根据RDFS语义规则，identifier是Thing的属性，而gtin12是Demand、Offer、Product的属性，两者domain不一致，因此identifier不能是gtin12的子属性。",0,1,
hard_case_0312,subPropertyOf,identifier ⊑p gtin8,"背景知识：
条目1：
- 名称：identifier
- 类型：Property
- 简介：The identifier property represents any kind of identifier for any kind of <a class=""localLink"" href=""/Thing"">Thing</a>, such as ISBNs, GTIN codes, UUIDs etc. Schema.org provides dedicated properties for representing many of these, either as...
- 补充信息：domainIncludes: http://schema.org/Thing | rangeIncludes: http://schema.org/PropertyValue, http://schema.org/Text, http://schema.org/URL

条目2：
- 名称：gtin8
- 类型：Property
- 简介：The GTIN-8 code of the product, or the product to which the offer refers. This code is also known as EAN/UCC-8 or 8-digit EAN. See <a href=""http://www.gs1.org/barcodes/technical/idkeys/gtin"">GS1 GTIN Summary</a> for more details.
- 补充信息：domainIncludes: http://schema.org/Demand, http://schema.org/Offer, http://schema.org/Product | rangeIncludes: http://schema.org/Text",0,llama-3.1-70b,0.0,8192,https://api2.aigcbest.top/v1,"判断结果：错误
解释：根据RDFS语义规则，identifier是Thing的属性，而gtin8是Demand、Offer、Product的属性，两者domain不一致，因此identifier不能是gtin8的子属性。",0,1,
hard_case_0313,subPropertyOf,identifier ⊑p issn,"背景知识：
条目1：
- 名称：identifier
- 类型：Property
- 简介：The identifier property represents any kind of identifier for any kind of <a class=""localLink"" href=""/Thing"">Thing</a>, such as ISBNs, GTIN codes, UUIDs etc. Schema.org provides dedicated properties for representing many of these, either as...
- 补充信息：domainIncludes: http://schema.org/Thing | rangeIncludes: http://schema.org/PropertyValue, http://schema.org/Text, http://schema.org/URL

条目2：
- 名称：issn
- 类型：Property
- 简介：The International Standard Serial Number (ISSN) that identifies this serial publication. You can repeat this property to identify different formats of, or the linking ISSN (ISSN-L) for, this serial publication.
- 补充信息：domainIncludes: http://schema.org/Blog, http://schema.org/CreativeWorkSeries, http://schema.org/Dataset, http://schema.org/WebSite | rangeIncludes: http://schema.org/Text",0,llama-3.1-70b,0.0,8192,https://api2.aigcbest.top/v1,"判断结果：错误
解释：根据背景知识，identifier的rangeIncludes为http://schema.org/PropertyValue、http://schema.org/Text和http://schema.org/URL，而issn的rangeIncludes仅为http://schema.org/Text，且issn的domainIncludes与identifier的domainIncludes不完全一致，因此identifier ⊑p issn不成立。",0,1,
hard_case_0325,subPropertyOf,maxPrice ⊑p hasUpperBound,"背景知识：
条目1：
- 名称：maxPrice
- 类型：Property
- 简介：The highest price if the price is a range.
- 补充信息：domainIncludes: http://schema.org/PriceSpecification | rangeIncludes: http://schema.org/Number

条目2：
- 名称：hasUpperBound
- 类型：Class
- 简介：hasUpperBound is a class in the knowledge base.",1,llama-3.1-70b,0.0,8192,https://api2.aigcbest.top/v1,"判断结果：正确
解释：根据RDFS语义规则，maxPrice作为一个属性，其rangeIncludes为http://schema.org/Number，表明其值域为数字类型，而hasUpperBound作为一个类，可能表示具有上限的概念，maxPrice作为最高价格的属性，很可能是具有上限的，因此maxPrice ⊑p hasUpperBound是合理的。",1,1,
hard_case_0331,subPropertyOf,originalMediaContextDescription ⊑p description,"背景知识：
条目1：
- 名称：originalMediaContextDescription
- 类型：Property
- 简介：Describes, in a <a class=""localLink"" href=""/MediaReview"">MediaReview</a> when dealing with <a class=""localLink"" href=""/DecontextualizedContent"">DecontextualizedContent</a>, background information that can contribute to better interpretation...
- 补充信息：domainIncludes: http://schema.org/MediaReview | rangeIncludes: http://schema.org/Text

条目2：
- 名称：description
- 类型：Property
- 简介：A description of the item.
- 补充信息：domainIncludes: http://schema.org/Thing | rangeIncludes: http://schema.org/Text, http://schema.org/TextObject",1,llama-3.1-70b,0.0,8192,https://api2.aigcbest.top/v1,"判断结果：正确
解释：根据RDFS语义规则，originalMediaContextDescription ⊑p description表示originalMediaContextDescription是description的子属性，且两者都具有相同的domain和range约束，符合RDFS的subPropertyOf语义。",1,1,
hard_case_0334,subPropertyOf,price ⊑p hasNumericValue,"背景知识：
条目1：
- 名称：price
- 类型：Property
- 简介：The offer price of a product, or of a price component when attached to PriceSpecification and its subtypes.<br/><br/> Usage guidelines:<br/><br/> <ul> <li>Use the <a class=""localLink"" href=""/priceCurrency"">priceCurrency</a> property (with s...
- 补充信息：domainIncludes: http://schema.org/DonateAction, http://schema.org/Offer, http://schema.org/PriceSpecification, http://schema.org/TradeAction | rangeIncludes: http://schema.org/Numb...

条目2：
- 名称：hasNumericValue
- 类型：Class
- 简介：hasNumericValue is a class in the knowledge base.",1,llama-3.1-70b,0.0,8192,https://api2.aigcbest.top/v1,"判断结果：正确
解释：根据RDFS语义规则，price的rangeIncludes为http://schema.org/Number，hasNumericValue是Number的子类，因此price ⊑p hasNumericValue是合理的。",1,1,
hard_case_0343,subPropertyOf,workLocation ⊑p location,"背景知识：
条目1：
- 名称：workLocation
- 类型：Property
- 简介：A contact location for a person's place of work.
- 补充信息：domainIncludes: http://schema.org/Person | rangeIncludes: http://schema.org/ContactPoint, http://schema.org/Place

条目2：
- 名称：location
- 类型：Property
- 简介：The location of, for example, where an event is happening, where an organization is located, or where an action takes place.
- 补充信息：domainIncludes: http://schema.org/Action, http://schema.org/Event, http://schema.org/InteractionCounter, http://schema.org/Organization | rangeIncludes: http://schema.org/Place, ht...",1,llama-3.1-70b,0.0,8192,https://api2.aigcbest.top/v1,"判断结果：正确
解释：根据背景知识，workLocation表示联系人工作地点的位置，location表示事件、组织或行动发生的地点，两者都表示位置信息，且workLocation的domainIncludes为Person，rangeIncludes为ContactPoint或Place，而location的domainIncludes包括Action、Event、InteractionCounter、Organization，rangeIncludes为Place，根据RDFS语义规则，workLocation ⊑p location表示workLocation是location的子属性，符合语义关系。",1,1,
hard_case_0349,domain,domain(coverageEndTime) = LiveBlogPosting,"背景知识：
条目1：
- 名称：coverageEndTime
- 类型：Property
- 简介：The time when the live blog will stop covering the Event. Note that coverage may continue after the Event concludes.
- 补充信息：domainIncludes: http://schema.org/LiveBlogPosting | rangeIncludes: http://schema.org/DateTime

条目2：
- 名称：LiveBlogPosting
- 类型：Property
- 简介：LiveBlogPosting is a property in the knowledge base.",1,llama-3.1-70b,0.0,8192,https://api2.aigcbest.top/v1,"判断结果：正确
解释：根据RDFS语义规则，domain约束表示属性的主体应属于某一类，背景知识中coverageEndTime的domainIncludes为LiveBlogPosting，符合RDFS语义规则。",1,1,
hard_case_0350,domain,domain(cvdFacilityCounty) = CDCPMDRecord,"背景知识：
条目1：
- 名称：cvdFacilityCounty
- 类型：Property
- 简介：Name of the County of the NHSN facility that this data record applies to. Use <a class=""localLink"" href=""/cvdFacilityId"">cvdFacilityId</a> to identify the facility. To provide other details, <a class=""localLink"" href=""/healthcareReportingDa...
- 补充信息：domainIncludes: http://schema.org/CDCPMDRecord | rangeIncludes: http://schema.org/Text

条目2：
- 名称：CDCPMDRecord
- 类型：Property
- 简介：CDCPMDRecord is a property in the knowledge base.",1,llama-3.1-70b,0.0,8192,https://api2.aigcbest.top/v1,"判断结果：正确
解释：根据RDFS语义规则，domain约束表示属性的主体应属于某一类，背景知识中cvdFacilityCounty的domainIncludes为http://schema.org/CDCPMDRecord，表明cvdFacilityCounty的主体应属于CDCPMDRecord类。",1,1,
hard_case_0351,domain,domain(cvdNumBeds) = CDCPMDRecord,"背景知识：
条目1：
- 名称：cvdNumBeds
- 类型：Property
- 简介：numbeds - HOSPITAL INPATIENT BEDS: Inpatient beds, including all staffed, licensed, and overflow (surge) beds used for inpatients.
- 补充信息：domainIncludes: http://schema.org/CDCPMDRecord | rangeIncludes: http://schema.org/Number

条目2：
- 名称：CDCPMDRecord
- 类型：Property
- 简介：CDCPMDRecord is a property in the knowledge base.",1,llama-3.1-70b,0.0,8192,https://api2.aigcbest.top/v1,"判断结果：正确
解释：根据RDFS语义规则，domain约束表示属性的主体应属于某一类，背景知识中cvdNumBeds的domainIncludes为CDCPMDRecord，表明cvdNumBeds的主体应属于CDCPMDRecord类。",1,1,
hard_case_0363,domain,domain(industry) = JobPosting,"背景知识：
条目1：
- 名称：industry
- 类型：Property
- 简介：The industry associated with the job position.
- 补充信息：domainIncludes: http://schema.org/JobPosting | rangeIncludes: http://schema.org/DefinedTerm, http://schema.org/Text

条目2：
- 名称：JobPosting
- 类型：Property
- 简介：JobPosting is a property in the knowledge base.",1,llama-3.1-70b,0.0,8192,https://api2.aigcbest.top/v1,"判断结果：正确
解释：根据RDFS语义规则，domain约束表示属性的主体应属于某一类，背景知识中industry的domainIncludes为http://schema.org/JobPosting，表明industry属性的主体应属于JobPosting类。",1,1,
hard_case_0372,domain,domain(numAdults) = LodgingReservation,"背景知识：
条目1：
- 名称：numAdults
- 类型：Property
- 简介：The number of adults staying in the unit.
- 补充信息：domainIncludes: http://schema.org/LodgingReservation | rangeIncludes: http://schema.org/Integer, http://schema.org/QuantitativeValue

条目2：
- 名称：LodgingReservation
- 类型：Property
- 简介：LodgingReservation is a property in the knowledge base.",1,llama-3.1-70b,0.0,8192,https://api2.aigcbest.top/v1,"判断结果：正确
解释：根据RDFS语义规则和背景知识，numAdults属性的domain确实是LodgingReservation类。",1,1,
hard_case_0373,domain,domain(numConstraints) = ConstraintNode,"背景知识：
条目1：
- 名称：numConstraints
- 类型：Property
- 简介：Indicates the number of constraints property values defined for a particular <a class=""localLink"" href=""/ConstraintNode"">ConstraintNode</a> such as <a class=""localLink"" href=""/StatisticalVariable"">StatisticalVariable</a>. This helps applica...
- 补充信息：domainIncludes: http://schema.org/ConstraintNode | rangeIncludes: http://schema.org/Integer

条目2：
- 名称：ConstraintNode
- 类型：Property
- 简介：ConstraintNode is a property in the knowledge base.",1,llama-3.1-70b,0.0,8192,https://api2.aigcbest.top/v1,"判断结果：正确
解释：根据RDFS语义规则，domain约束表示属性的主体应属于某一类，背景知识中numConstraints的domainIncludes为ConstraintNode，表明numConstraints属性的主体应属于ConstraintNode类。",1,1,
hard_case_0376,domain,domain(performer) = Event,"背景知识：
条目1：
- 名称：performer
- 类型：Property
- 简介：A performer at the event&#x2014;for example, a presenter, musician, musical group or actor.
- 补充信息：domainIncludes: http://schema.org/Event | rangeIncludes: http://schema.org/Organization, http://schema.org/Person

条目2：
- 名称：Event
- 类型：Property
- 简介：Event or the event may refer to:",1,llama-3.1-70b,0.0,8192,https://api2.aigcbest.top/v1,"判断结果：正确
解释：根据RDFS语义规则，domain(performer) = Event表示属性performer的主体应属于类Event，与背景知识中domainIncludes: http://schema.org/Event相符。",1,1,
hard_case_0388,domain,domain(step) = HowTo,"背景知识：
条目1：
- 名称：step
- 类型：Property
- 简介：A single step item (as HowToStep, text, document, video, etc.) or a HowToSection.
- 补充信息：domainIncludes: http://schema.org/HowTo | rangeIncludes: http://schema.org/CreativeWork, http://schema.org/HowToSection, http://schema.org/HowToStep, http://schema.org/Text

条目2：
- 名称：HowTo
- 类型：Property
- 简介：How to or how-to may refer to:A user guide A tutorial Especially, instructional material created for the do it yourself market",1,llama-3.1-70b,0.0,8192,https://api2.aigcbest.top/v1,"判断结果：正确
解释：根据RDFS语义规则，domain约束表示属性的主体应属于某一类，背景知识中step的domainIncludes为http://schema.org/HowTo，表明step属性的主体应属于HowTo类。",1,1,
hard_case_0390,domain,domain(typicalCreditsPerTerm) = EducationalOccupationalProgram,"背景知识：
条目1：
- 名称：typicalCreditsPerTerm
- 类型：Property
- 简介：The number of credits or units a full-time student would be expected to take in 1 term however 'term' is defined by the institution.
- 补充信息：domainIncludes: http://schema.org/EducationalOccupationalProgram | rangeIncludes: http://schema.org/Integer, http://schema.org/StructuredValue

条目2：
- 名称：EducationalOccupationalProgram
- 类型：Property
- 简介：EducationalOccupationalProgram is a property in the knowledge base.",1,llama-3.1-70b,0.0,8192,https://api2.aigcbest.top/v1,"判断结果：正确
解释：根据RDFS语义规则和背景知识，typicalCreditsPerTerm的domain确实是EducationalOccupationalProgram。",1,1,
hard_case_0395,range,range(afterMedia) = MediaObject,"背景知识：
条目1：
- 名称：afterMedia
- 类型：Property
- 简介：A media object representing the circumstances after performing this direction.
- 补充信息：domainIncludes: http://schema.org/HowToDirection | rangeIncludes: http://schema.org/MediaObject, http://schema.org/URL

条目2：
- 名称：MediaObject
- 类型：Property
- 简介：The Media Object Server (MOS) protocol allows newsroom computer systems (NRCS) to communicate using a standard protocol with video servers, audio servers, still stores, and character generators for broadcast production.",1,llama-3.1-70b,0.0,8192,https://api2.aigcbest.top/v1,"判断结果：正确
解释：根据背景知识，afterMedia的rangeIncludes为http://schema.org/MediaObject，符合RDFS语义规则中range的定义。",1,1,
hard_case_0397,range,range(availableFrom) = DateTime,"背景知识：
条目1：
- 名称：availableFrom
- 类型：Property
- 简介：When the item is available for pickup from the store, locker, etc.
- 补充信息：domainIncludes: http://schema.org/DeliveryEvent | rangeIncludes: http://schema.org/DateTime

条目2：
- 名称：DateTime
- 类型：Property
- 简介：DateTime is a property in the knowledge base.",1,llama-3.1-70b,0.0,8192,https://api2.aigcbest.top/v1,"判断结果：正确
解释：根据背景知识，availableFrom属性的rangeIncludes为http://schema.org/DateTime，与公理中range(availableFrom) = DateTime的语义一致。",1,1,
hard_case_0399,range,range(carbohydrateContent) = Mass,"背景知识：
条目1：
- 名称：carbohydrateContent
- 类型：Property
- 简介：The number of grams of carbohydrates.
- 补充信息：domainIncludes: http://schema.org/NutritionInformation | rangeIncludes: http://schema.org/Mass

条目2：
- 名称：Mass
- 类型：Property
- 简介：Mass is an intrinsic property of a body. In modern physics, it is generally defined as the strength of an object's gravitational attraction to other bodies - as measured by an observer moving along at the same speed.",1,llama-3.1-70b,0.0,8192,https://api2.aigcbest.top/v1,"判断结果：正确
解释：根据RDFS语义规则和背景知识，carbohydrateContent属性的range被定义为Mass，这意味着carbohydrateContent的值应该是Mass类型的，这与背景知识中对carbohydrateContent的描述相符。",1,1,
hard_case_0403,range,range(deliveryStatus) = DeliveryEvent,"背景知识：
条目1：
- 名称：deliveryStatus
- 类型：Property
- 简介：New entry added as the package passes through each leg of its journey (from shipment to final delivery).
- 补充信息：domainIncludes: http://schema.org/ParcelDelivery | rangeIncludes: http://schema.org/DeliveryEvent

条目2：
- 名称：DeliveryEvent
- 类型：Property
- 简介：DeliveryEvent is a property in the knowledge base.",1,llama-3.1-70b,0.0,8192,https://api2.aigcbest.top/v1,"判断结果：正确
解释：根据背景知识，deliveryStatus的rangeIncludes为http://schema.org/DeliveryEvent，与公理中range(deliveryStatus) = DeliveryEvent的语义一致。",1,1,
hard_case_0410,range,range(height) = QuantitativeValue,"背景知识：
条目1：
- 名称：height
- 类型：Property
- 简介：The height of the item.
- 补充信息：domainIncludes: http://schema.org/MediaObject, http://schema.org/OfferShippingDetails, http://schema.org/Person, http://schema.org/Product, http://schema.org/ShippingConditions, ht...

条目2：
- 名称：QuantitativeValue
- 类型：Property
- 简介：QuantitativeValue is a property in the knowledge base.",1,llama-3.1-70b,0.0,8192,https://api2.aigcbest.top/v1,"判断结果：正确
解释：根据RDFS语义规则，range约束表示属性的客体应属于某一类，height属性的range为QuantitativeValue，符合height表示物体高度的语义。",1,1,
hard_case_0412,range,range(itemOffered) = CreativeWork,"背景知识：
条目1：
- 名称：itemOffered
- 类型：Property
- 简介：An item being offered (or demanded). The transactional nature of the offer or demand is documented using <a class=""localLink"" href=""/businessFunction"">businessFunction</a>, e.g. sell, lease etc. While several common expected types are liste...
- 补充信息：domainIncludes: http://schema.org/Demand, http://schema.org/Offer | rangeIncludes: http://schema.org/AggregateOffer, http://schema.org/CreativeWork, http://schema.org/Event, http:/...

条目2：
- 名称：CreativeWork
- 类型：Property
- 简介：A creative work is a manifestation of creative effort in the world through a creative process involving one or more individuals. The term includes fine artwork, dance, writing (literature), filmmaking, and musical composition. The term is f...",1,llama-3.1-70b,0.0,8192,https://api2.aigcbest.top/v1,"判断结果：正确
解释：根据背景知识，itemOffered的rangeIncludes中包含了CreativeWork，符合RDFS语义规则中range的定义。",1,1,
hard_case_0413,range,range(itinerary) = Place,"背景知识：
条目1：
- 名称：itinerary
- 类型：Property
- 简介：Destination(s) ( <a class=""localLink"" href=""/Place"">Place</a> ) that make up a trip. For a trip where destination order is important use <a class=""localLink"" href=""/ItemList"">ItemList</a> to specify that order (see examples).
- 补充信息：domainIncludes: http://schema.org/Trip | rangeIncludes: http://schema.org/ItemList, http://schema.org/Place

条目2：
- 名称：Place
- 类型：Property
- 简介：Place may refer to:",1,llama-3.1-70b,0.0,8192,https://api2.aigcbest.top/v1,"判断结果：正确
解释：根据背景知识，itinerary属性的rangeIncludes为http://schema.org/ItemList和http://schema.org/Place，表明itinerary属性的值可以是Place类型，因此公理range(itinerary) = Place是合理的。",1,1,
hard_case_0414,range,range(logo) = ImageObject,"背景知识：
条目1：
- 名称：logo
- 类型：Property
- 简介：An associated logo.
- 补充信息：domainIncludes: http://schema.org/Brand, http://schema.org/Certification, http://schema.org/Organization, http://schema.org/Place, http://schema.org/Product, http://schema.org/Serv...

条目2：
- 名称：ImageObject
- 类型：Property
- 简介：ImageObject is a property in the knowledge base.",1,llama-3.1-70b,0.0,8192,https://api2.aigcbest.top/v1,"判断结果：正确
解释：根据RDFS语义规则，range约束表示属性的客体应属于某一类，背景知识中logo的补充信息中没有明确指出其range，结合常识知识，logo通常与图像相关，因此range(logo) = ImageObject是合理的。",1,1,
hard_case_0418,range,range(option) = Text,"背景知识：
条目1：
- 名称：option
- 类型：Property
- 简介：A sub property of object. The options subject to this action.
- 补充信息：domainIncludes: http://schema.org/ChooseAction | rangeIncludes: http://schema.org/Text, http://schema.org/Thing

条目2：
- 名称：Text
- 类型：Property
- 简介：Text may refer to:",1,llama-3.1-70b,0.0,8192,https://api2.aigcbest.top/v1,"判断结果：正确
解释：根据背景知识，option属性的rangeIncludes为http://schema.org/Text，符合RDFS语义规则中range的定义。",1,1,
hard_case_0420,range,range(pathophysiology) = Text,"背景知识：
条目1：
- 名称：pathophysiology
- 类型：Property
- 简介：Changes in the normal mechanical, physical, and biochemical functions that are associated with this activity or condition.
- 补充信息：domainIncludes: http://schema.org/MedicalCondition, http://schema.org/PhysicalActivity | rangeIncludes: http://schema.org/Text

条目2：
- 名称：Text
- 类型：Property
- 简介：Text may refer to:",1,llama-3.1-70b,0.0,8192,https://api2.aigcbest.top/v1,"判断结果：正确
解释：根据RDFS语义规则，range(pathophysiology) = Text表示pathophysiology属性的值域应属于Text类，这与背景知识中rangeIncludes: http://schema.org/Text的约束信息一致。",1,1,
hard_case_0423,range,range(publication) = PublicationEvent,"背景知识：
条目1：
- 名称：publication
- 类型：Property
- 简介：A publication event associated with the item.
- 补充信息：domainIncludes: http://schema.org/CreativeWork | rangeIncludes: http://schema.org/PublicationEvent

条目2：
- 名称：PublicationEvent
- 类型：Property
- 简介：PublicationEvent is a property in the knowledge base.",1,llama-3.1-70b,0.0,8192,https://api2.aigcbest.top/v1,"判断结果：正确
解释：根据背景知识，publication属性的rangeIncludes为http://schema.org/PublicationEvent，与公理中range(publication) = PublicationEvent的语义一致。",1,1,
hard_case_0425,range,range(recipient) = Person,"背景知识：
条目1：
- 名称：recipient
- 类型：Property
- 简介：A sub property of participant. The participant who is at the receiving end of the action.
- 补充信息：domainIncludes: http://schema.org/AuthorizeAction, http://schema.org/CommunicateAction, http://schema.org/DonateAction, http://schema.org/GiveAction, http://schema.org/Message, htt...

条目2：
- 名称：Person
- 类型：Property
- 简介：A person is a being who has certain capacities or attributes such as reason, morality, consciousness or self-consciousness, and being a part of a culturally established form of social relations such as kinship, ownership of property, or leg...",1,llama-3.1-70b,0.0,8192,https://api2.aigcbest.top/v1,"判断结果：正确
解释：根据RDFS语义规则，range约束表示属性的客体应属于某一类，背景知识中recipient的range为Person，符合常识知识中recipient通常指的是人。",1,1,
hard_case_0426,range,range(requiresSubscription) = Boolean,"背景知识：
条目1：
- 名称：requiresSubscription
- 类型：Property
- 简介：Indicates if use of the media require a subscription (either paid or free). Allowed values are <code>true</code> or <code>false</code> (note that an earlier version had 'yes', 'no').
- 补充信息：domainIncludes: http://schema.org/ActionAccessSpecification, http://schema.org/MediaObject | rangeIncludes: http://schema.org/Boolean, http://schema.org/MediaSubscription

条目2：
- 名称：Boolean
- 类型：Property
- 简介：Any kind of logic, function, expression, or theory based on the work of George Boole is considered Boolean.",1,llama-3.1-70b,0.0,8192,https://api2.aigcbest.top/v1,"判断结果：正确
解释：根据背景知识，requiresSubscription属性的rangeIncludes为Boolean，符合RDFS语义规则中range的定义。",1,1,
hard_case_0430,range,range(totalPrice) = PriceSpecification,"背景知识：
条目1：
- 名称：totalPrice
- 类型：Property
- 简介：The total price for the reservation or ticket, including applicable taxes, shipping, etc.<br/><br/> Usage guidelines:<br/><br/> <ul> <li>Use values from 0123456789 (Unicode 'DIGIT ZERO' (U+0030) to 'DIGIT NINE' (U+0039)) rather than superfi...
- 补充信息：domainIncludes: http://schema.org/Reservation, http://schema.org/Ticket | rangeIncludes: http://schema.org/Number, http://schema.org/PriceSpecification, http://schema.org/Text

条目2：
- 名称：PriceSpecification
- 类型：Property
- 简介：PriceSpecification is a property in the knowledge base.",1,llama-3.1-70b,0.0,8192,https://api2.aigcbest.top/v1,"判断结果：正确
解释：根据背景知识，totalPrice的rangeIncludes包含PriceSpecification，符合RDFS语义规则。",1,1,
