id,axiom_type,axiom_text,context_info,label,model_name,temperature,max_tokens,base_url,model_output,model_label,is_correct,error
hard_case_0006,subClassOf,Annotation ⊑ WrittenWork,"背景知识：
条目1：
- 名称：Annotation
- 类型：Class
- 简介：Annotation

条目2：
- 名称：WrittenWork
- 类型：Class
- 简介：Written work is any text written to read it (e.g.: books, newspaper, articles)",1,llama-3.1-70b,0.0,8192,https://api2.aigcbest.top/v1,"判断结果：错误
解释：根据背景知识，Annotation 和 WrittenWork 之间没有明确的包含关系，Annotation 可能不一定是 WrittenWork 的子类。",0,0,
hard_case_0008,subClassOf,Archive ⊑ CollectionOfValuables,"背景知识：
条目1：
- 名称：Archive
- 类型：Class
- 简介：Collection of documents pertaining to a person or organisation.

条目2：
- 名称：CollectionOfValuables
- 类型：Class
- 简介：Collection of valuables is a collection considered to be a work in itself)",1,llama-3.1-70b,0.0,8192,https://api2.aigcbest.top/v1,"判断结果：错误
解释：根据背景知识，Archive 表示的是与个人或组织相关的文档集合，而 CollectionOfValuables 表示的是被视为独立作品的贵重物品集合，两者概念不一致，因此 Archive 不应是 CollectionOfValuables 的子类。",0,0,
hard_case_0009,subClassOf,ArtistDiscography ⊑ MusicalWork,"背景知识：
条目1：
- 名称：ArtistDiscography
- 类型：Class
- 简介：artist discography

条目2：
- 名称：MusicalWork
- 类型：Class
- 简介：musical work",1,llama-3.1-70b,0.0,8192,https://api2.aigcbest.top/v1,"判断结果：错误
解释：ArtistDiscography 表示艺术家的音乐作品集，而 MusicalWork 表示音乐作品，根据背景知识和常识，ArtistDiscography 应该是 MusicalWork 的一个子类，但根据给定的公理，ArtistDiscography 是 MusicalWork 的超类，这与常识不符。",0,0,
hard_case_0011,subClassOf,BackScene ⊑ MusicalArtist,"背景知识：
条目1：
- 名称：BackScene
- 类型：Class
- 简介：Composer, producer, and backstage people.

条目2：
- 名称：MusicalArtist
- 类型：Class
- 简介：musical artist",1,llama-3.1-70b,0.0,8192,https://api2.aigcbest.top/v1,"判断结果：错误
解释：根据背景知识，BackScene 表示幕后人员，而 MusicalArtist 表示音乐艺术家，两者概念不一致，不能建立子类关系。",0,0,
hard_case_0013,subClassOf,Baronet ⊑ BritishRoyalty,"背景知识：
条目1：
- 名称：Baronet
- 类型：Class
- 简介：baronet

条目2：
- 名称：BritishRoyalty
- 类型：Class
- 简介：British royalty",1,llama-3.1-70b,0.0,8192,https://api2.aigcbest.top/v1,"判断结果：错误
解释：根据背景知识，Baronet 和 BritishRoyalty 是两个不同的概念，Baronet 指的是下级贵族，BritishRoyalty 指的是英国皇室，二者之间没有包含关系。",0,0,
hard_case_0016,subClassOf,Department ⊑ GovernmentalAdministrativeRegion,"背景知识：
条目1：
- 名称：Department
- 类型：Class
- 简介：department

条目2：
- 名称：GovernmentalAdministrativeRegion
- 类型：Class
- 简介：An administrative body governing some territorial unity, in this case a governmental administrative body",1,llama-3.1-70b,0.0,8192,https://api2.aigcbest.top/v1,"判断结果：错误
解释：根据背景知识，Department 和 GovernmentalAdministrativeRegion 是两个不同的类，前者是部门，后者是政府行政区域，两者之间没有包含关系。",0,0,
hard_case_0019,subClassOf,GridironFootballPlayer ⊑ AmericanFootballPlayer,"背景知识：
条目1：
- 名称：GridironFootballPlayer
- 类型：Class
- 简介：Gradiron football, also called North American football, is a family of soccer team games played primarily in the United States and Canada.

条目2：
- 名称：AmericanFootballPlayer
- 类型：Class
- 简介：american football player",0,llama-3.1-70b,0.0,8192,https://api2.aigcbest.top/v1,"判断结果：正确
解释：根据背景知识，GridironFootballPlayer是指美式橄榄球运动员，而AmericanFootballPlayer也是指美式橄榄球运动员，因此GridironFootballPlayer是AmericanFootballPlayer的子类。",1,0,
hard_case_0021,subClassOf,PopulatedPlace ⊑ Agglomeration,"背景知识：
条目1：
- 名称：PopulatedPlace
- 类型：Class
- 简介：As defined by the United States Geological Survey, a populated place is a place or area with clustered or scattered buildings and a permanent human population (city, settlement, town, or village) referenced with geographic coordinates (http...

条目2：
- 名称：Agglomeration
- 类型：Class
- 简介：agglomeration",0,llama-3.1-70b,0.0,8192,https://api2.aigcbest.top/v1,"判断结果：正确
解释：根据背景知识，PopulatedPlace 是一个具有永久人类居住点的聚居地，而 Agglomeration 指的是聚居地，因此 PopulatedPlace 是 Agglomeration 的子类。",1,0,
hard_case_0022,subClassOf,TopicalConcept ⊑ Type,"背景知识：
条目1：
- 名称：TopicalConcept
- 类型：Class
- 简介：topical concept

条目2：
- 名称：Type
- 类型：Class
- 简介：a category within a classification system",0,llama-3.1-70b,0.0,8192,https://api2.aigcbest.top/v1,"判断结果：正确
解释：根据背景知识，TopicalConcept是topical concept的类别，而Type是分类系统中的类别，TopicalConcept ⊑ Type表示TopicalConcept是Type的子类，这与背景知识和RDFS语义规则一致。",1,0,
hard_case_0025,subPropertyOf,administrativeHeadCity ⊑p capital,"背景知识：
条目1：
- 名称：administrativeHeadCity
- 类型：Property
- 简介：city where stand the administrative power

条目2：
- 名称：capital
- 类型：Property
- 简介：capital",0,llama-3.1-70b,0.0,8192,https://api2.aigcbest.top/v1,"判断结果：正确
解释：根据RDFS语义规则，administrativeHeadCity ⊑p capital表示administrativeHeadCity是capital的子属性，符合背景知识中administrativeHeadCity和capital的定义。",1,0,
hard_case_0026,subPropertyOf,averageDepth ⊑p depth,"背景知识：
条目1：
- 名称：averageDepth
- 类型：Property
- 简介：Source of the value can be declare by .

条目2：
- 名称：depth
- 类型：Property
- 简介：Is a measure of the distance between a reference height and a point underneath. The exact meaning for a place is unclear. If possible, use or to be unambiguous.",1,llama-3.1-70b,0.0,8192,https://api2.aigcbest.top/v1,"判断结果：错误
解释：根据RDFS语义规则，subPropertyOf表示属性之间的包含关系，但averageDepth和depth的定义中没有明确指出它们之间存在包含关系。",0,0,
hard_case_0029,subPropertyOf,chief ⊑p Leader,"背景知识：
条目1：
- 名称：chief
- 类型：Property
- 简介：chief

条目2：
- 名称：Leader
- 类型：Unknown
- 简介：Leader",1,llama-3.1-70b,0.0,8192,https://api2.aigcbest.top/v1,"判断结果：错误
解释：根据RDFS语义规则，chief是属性，而Leader的类型未知，不能直接确定其为类或属性，因此无法确定chief ⊑p Leader的语义关系是否合理。",0,0,
hard_case_0033,subPropertyOf,code ⊑p cosparId,"背景知识：
条目1：
- 名称：code
- 类型：Property
- 简介：Superproperty for any designation (string, integer as string) that is meant to identify an entity within the context of a system

条目2：
- 名称：cosparId
- 类型：Property
- 简介：Described at http://en.wikipedia.org/wiki/International_Designator",0,llama-3.1-70b,0.0,8192,https://api2.aigcbest.top/v1,"判断结果：正确
解释：根据RDFS语义规则，code ⊑p cosparId表示code是cosparId的子属性，这与背景知识中code是任何识别实体的超属性的描述相符。",1,0,
hard_case_0034,subPropertyOf,code ⊑p dfE,"背景知识：
条目1：
- 名称：code
- 类型：Property
- 简介：Superproperty for any designation (string, integer as string) that is meant to identify an entity within the context of a system

条目2：
- 名称：dfE
- 类型：Property
- 简介：Department for Education (UK) number of a school in England or Wales",0,llama-3.1-70b,0.0,8192,https://api2.aigcbest.top/v1,"判断结果：正确
解释：根据RDFS语义规则，code ⊑p dfE表示code是dfE的子属性，符合背景知识中code是任何识别实体的超属性的描述。",1,0,
hard_case_0035,subPropertyOf,code ⊑p dutchNAIdentifier,"背景知识：
条目1：
- 名称：code
- 类型：Property
- 简介：Superproperty for any designation (string, integer as string) that is meant to identify an entity within the context of a system

条目2：
- 名称：dutchNAIdentifier
- 类型：Property
- 简介：Identifier for Duch National Archive",0,llama-3.1-70b,0.0,8192,https://api2.aigcbest.top/v1,"判断结果：正确
解释：根据RDFS语义规则，code ⊑p dutchNAIdentifier表示code是dutchNAIdentifier的子属性，这与背景知识中code是任何识别实体的超属性的描述相符。",1,0,
hard_case_0036,subPropertyOf,code ⊑p dutchPPNCode,"背景知识：
条目1：
- 名称：code
- 类型：Property
- 简介：Superproperty for any designation (string, integer as string) that is meant to identify an entity within the context of a system

条目2：
- 名称：dutchPPNCode
- 类型：Property
- 简介：Dutch PPN code is a library cataloguing code for collection items (books, journals and the like).",0,llama-3.1-70b,0.0,8192,https://api2.aigcbest.top/v1,"判断结果：正确
解释：根据RDFS语义规则，code ⊑p dutchPPNCode表示code是dutchPPNCode的子属性，这与背景知识中code是任何识别实体的超属性，dutchPPNCode是荷兰PPN代码的特定属性的描述相符。",1,0,
hard_case_0037,subPropertyOf,code ⊑p dutchWinkelID,"背景知识：
条目1：
- 名称：code
- 类型：Property
- 简介：Superproperty for any designation (string, integer as string) that is meant to identify an entity within the context of a system

条目2：
- 名称：dutchWinkelID
- 类型：Property
- 简介：Dutch Winkel ID is a code for an underground publication, as attributed by Lydia Winkel's work on the underground WW II press in the Netherlands.",0,llama-3.1-70b,0.0,8192,https://api2.aigcbest.top/v1,"判断结果：正确
解释：根据RDFS语义规则，code ⊑p dutchWinkelID表示code是dutchWinkelID的子属性，这与背景知识中code是dutchWinkelID的超属性相符。",1,0,
hard_case_0038,subPropertyOf,code ⊑p fdaUniiCode,"背景知识：
条目1：
- 名称：code
- 类型：Property
- 简介：Superproperty for any designation (string, integer as string) that is meant to identify an entity within the context of a system

条目2：
- 名称：fdaUniiCode
- 类型：Property
- 简介：FDA Unique Ingredient Identifier (UNII) code for a DBpedia Drug",0,llama-3.1-70b,0.0,8192,https://api2.aigcbest.top/v1,"判断结果：正确
解释：根据RDFS语义规则，code ⊑p fdaUniiCode表示code是fdaUniiCode的子属性，这与背景知识中code是fdaUniiCode的超属性的描述相符。",1,0,
hard_case_0040,subPropertyOf,codeMemorial ⊑p Code,"背景知识：
条目1：
- 名称：codeMemorial
- 类型：Property
- 简介：Identifier for monuments of the Memorial type

条目2：
- 名称：Code
- 类型：Unknown
- 简介：Code",1,llama-3.1-70b,0.0,8192,https://api2.aigcbest.top/v1,"判断结果：错误
解释：codeMemorial是属性，Code是未知类型，根据RDFS语义规则，属性不能是类的子类。",0,0,
hard_case_0046,subPropertyOf,ekatteCode ⊑p codeSettlement,"背景知识：
条目1：
- 名称：ekatteCode
- 类型：Property
- 简介：Indexing code used by the Bulgarian National Statistical Institute to identify populated places

条目2：
- 名称：codeSettlement
- 类型：Property
- 简介：settlement code",1,llama-3.1-70b,0.0,8192,https://api2.aigcbest.top/v1,"判断结果：错误
解释：根据背景知识，ekatteCode和codeSettlement都是属性，不能使用subClassOf表示类之间的包含关系。",0,0,
hard_case_0047,subPropertyOf,featuring ⊑p artist,"背景知识：
条目1：
- 名称：featuring
- 类型：Property
- 简介：Name of the second artist, apart the main artist, reserved preferently for singles, promotional singles and songs.

条目2：
- 名称：artist
- 类型：Property
- 简介：The performer or creator of the musical work.",1,llama-3.1-70b,0.0,8192,https://api2.aigcbest.top/v1,"判断结果：错误
解释：根据背景知识，featuring 和 artist 是两个不同的属性，featuring 表示第二艺术家，artist 表示主要艺术家，二者不具有包含关系。",0,0,
hard_case_0048,subPropertyOf,followedBy ⊑p nextEvent,"背景知识：
条目1：
- 名称：followedBy
- 类型：Property
- 简介：followed by

条目2：
- 名称：nextEvent
- 类型：Property
- 简介：next event",0,llama-3.1-70b,0.0,8192,https://api2.aigcbest.top/v1,"判断结果：正确
解释：根据RDFS语义规则，subPropertyOf表示属性之间的包含关系，followedBy ⊑p nextEvent表示followedBy是nextEvent的子属性，符合背景知识中followedBy和nextEvent的语义关系。",1,0,
hard_case_0049,subPropertyOf,followedBy ⊑p nextMission,"背景知识：
条目1：
- 名称：followedBy
- 类型：Property
- 简介：followed by

条目2：
- 名称：nextMission
- 类型：Property
- 简介：next mission",0,llama-3.1-70b,0.0,8192,https://api2.aigcbest.top/v1,"判断结果：正确
解释：根据RDFS语义规则，subPropertyOf表示属性之间的包含关系，followedBy ⊑p nextMission表示followedBy是nextMission的子属性，符合背景知识中followedBy和nextMission的语义关系。",1,0,
hard_case_0052,subPropertyOf,inseeCode ⊑p codeSettlement,"背景知识：
条目1：
- 名称：inseeCode
- 类型：Property
- 简介：numerical indexing code used by the French National Institute for Statistics and Economic Studies (INSEE) to identify various entities

条目2：
- 名称：codeSettlement
- 类型：Property
- 简介：settlement code",1,llama-3.1-70b,0.0,8192,https://api2.aigcbest.top/v1,"判断结果：错误
解释：根据背景知识，inseeCode和codeSettlement都是属性，且没有明显的包含关系，inseeCode ⊑p codeSettlement不符合subPropertyOf的语义规则。",0,0,
hard_case_0058,subPropertyOf,maximumDepth ⊑p depth,"背景知识：
条目1：
- 名称：maximumDepth
- 类型：Property
- 简介：Source of the value can be declare by .

条目2：
- 名称：depth
- 类型：Property
- 简介：Is a measure of the distance between a reference height and a point underneath. The exact meaning for a place is unclear. If possible, use or to be unambiguous.",1,llama-3.1-70b,0.0,8192,https://api2.aigcbest.top/v1,"判断结果：错误
解释：根据RDFS语义规则，subPropertyOf表示属性之间的包含关系，但根据背景知识，maximumDepth和depth是两个不同的属性，前者表示值的来源，后者表示深度的测量值，因此它们之间不应该存在包含关系。",0,0,
hard_case_0059,subPropertyOf,mayor ⊑p Leader,"背景知识：
条目1：
- 名称：mayor
- 类型：Property
- 简介：mayor

条目2：
- 名称：Leader
- 类型：Unknown
- 简介：Leader",1,llama-3.1-70b,0.0,8192,https://api2.aigcbest.top/v1,"判断结果：错误
解释：mayor被定义为属性，而Leader的类型未知，根据RDFS语义规则，属性不能是类的子类。",0,0,
hard_case_0062,subPropertyOf,owningOrganisation ⊑p owner,"背景知识：
条目1：
- 名称：owningOrganisation
- 类型：Property
- 简介：owning organisation

条目2：
- 名称：owner
- 类型：Property
- 简介：Used as if meaning: owned by, has as its owner",1,llama-3.1-70b,0.0,8192,https://api2.aigcbest.top/v1,"判断结果：错误
解释：owningOrganisation和owner都是属性，不能使用subClassOf表示类之间的包含关系。",0,0,
hard_case_0063,subPropertyOf,premiereDate ⊑p releaseDate,"背景知识：
条目1：
- 名称：premiereDate
- 类型：Property
- 简介：Date the play was first performed.

条目2：
- 名称：releaseDate
- 类型：Property
- 简介：Release date of a Work or another product (eg Aircraft or other MeansOfTransportation",1,llama-3.1-70b,0.0,8192,https://api2.aigcbest.top/v1,"判断结果：错误
解释：根据背景知识，premiereDate表示首演日期，而releaseDate表示发布日期，两者在语义上并不具有包含关系。",0,0,
hard_case_0064,subPropertyOf,premiereYear ⊑p releaseYear,"背景知识：
条目1：
- 名称：premiereYear
- 类型：Property
- 简介：Year the play was first performed.

条目2：
- 名称：releaseYear
- 类型：Unknown
- 简介：releaseYear",1,llama-3.1-70b,0.0,8192,https://api2.aigcbest.top/v1,"判断结果：错误
解释：根据背景知识，premiereYear和releaseYear的类型和含义不一致，不能直接建立子属性关系。",0,0,
hard_case_0065,subPropertyOf,rankingWins ⊑p Wins,"背景知识：
条目1：
- 名称：rankingWins
- 类型：Property
- 简介：ranking wins

条目2：
- 名称：Wins
- 类型：Unknown
- 简介：Wins",1,llama-3.1-70b,0.0,8192,https://api2.aigcbest.top/v1,"判断结果：错误
解释：根据RDFS语义规则，subPropertyOf表示属性之间的包含关系，但背景知识中rankingWins和Wins的类型不一致，且Wins类型未知，无法确定其语义关系。",0,0,
hard_case_0068,domain,domain(academicDiscipline) = AcademicJournal,"背景知识：
条目1：
- 名称：academicDiscipline
- 类型：Property
- 简介：An academic discipline, or field of study, is a branch of knowledge that is taught and researched at the college or university level. Disciplines are defined (in part), and recognized by the academic journals in which research is published,...

条目2：
- 名称：AcademicJournal
- 类型：Class
- 简介：academic journal",1,llama-3.1-70b,0.0,8192,https://api2.aigcbest.top/v1,"判断结果：错误
解释：根据RDFS语义规则，domain约束表示属性的主体应属于某一类，但academicDiscipline的定义为“An academic discipline, or field of study, is a branch of knowledge”，这表明academicDiscipline是一个知识领域，而不是一个实体或对象，因此不能作为属性的主体。",0,0,
hard_case_0070,domain,domain(acquirementDate) = Ship,"背景知识：
条目1：
- 名称：acquirementDate
- 类型：Property
- 简介：date of acquirement

条目2：
- 名称：Ship
- 类型：Class
- 简介：ship",1,llama-3.1-70b,0.0,8192,https://api2.aigcbest.top/v1,"判断结果：错误
解释：根据RDFS语义规则，domain约束表示属性的主体应属于某一类，但背景知识中acquirementDate的类型为Property，而Ship为Class，两者类型不符。",0,0,
hard_case_0071,domain,domain(address) = Place,"背景知识：
条目1：
- 名称：address
- 类型：Property
- 简介：Address of something as literal. Usually Building, but we also use it for the address of a Region's or Settlement's government

条目2：
- 名称：Place
- 类型：Class
- 简介：place",1,llama-3.1-70b,0.0,8192,https://api2.aigcbest.top/v1,"判断结果：错误
解释：根据背景知识，address的主体不仅限于Place，还包括Region和Settlement等，因此domain(address) = Place过于狭窄。",0,0,
hard_case_0072,domain,domain(administrativeDistrict) = EducationalInstitution,"背景知识：
条目1：
- 名称：administrativeDistrict
- 类型：Property
- 简介：administrative district

条目2：
- 名称：EducationalInstitution
- 类型：Class
- 简介：educational institution",0,llama-3.1-70b,0.0,8192,https://api2.aigcbest.top/v1,"判断结果：正确
解释：根据RDFS语义规则，domain约束表示属性的主体应属于某一类，administrativeDistrict属性的主体属于EducationalInstitution类是合理的。",1,0,
hard_case_0073,domain,domain(agency) = BaseballPlayer,"背景知识：
条目1：
- 名称：agency
- 类型：Property
- 简介：agency

条目2：
- 名称：BaseballPlayer
- 类型：Class
- 简介：baseball player",0,llama-3.1-70b,0.0,8192,https://api2.aigcbest.top/v1,"判断结果：正确
解释：根据RDFS语义规则，domain约束表示属性的主体应属于某一类，公理中agency属性的主体被约束为BaseballPlayer类，与背景知识中agency属性的定义相符。",1,0,
hard_case_0076,domain,domain(alliance) = BaseballPlayer,"背景知识：
条目1：
- 名称：alliance
- 类型：Property
- 简介：alliance

条目2：
- 名称：BaseballPlayer
- 类型：Class
- 简介：baseball player",0,llama-3.1-70b,0.0,8192,https://api2.aigcbest.top/v1,"判断结果：正确
解释：根据RDFS语义规则，domain(alliance) = BaseballPlayer表示属性alliance的主体应属于类BaseballPlayer，这与背景知识中alliance和BaseballPlayer的定义相符。",1,0,
hard_case_0078,domain,domain(aoCloassification) = SpaceMission,"背景知识：
条目1：
- 名称：aoCloassification
- 类型：Property
- 简介：AO

条目2：
- 名称：SpaceMission
- 类型：Class
- 简介：space mission",0,llama-3.1-70b,0.0,8192,https://api2.aigcbest.top/v1,"判断结果：正确
解释：根据RDFS语义规则，domain约束表示属性的主体应属于某一类，aoCloassification的domain为SpaceMission，表明aoCloassification属性的主体是SpaceMission类的实例，这与背景知识中aoCloassification是AO的分类属性相符。",1,0,
hard_case_0079,domain,domain(apoapsis) = Ship,"背景知识：
条目1：
- 名称：apoapsis
- 类型：Property
- 简介：apoapsis (km)

条目2：
- 名称：Ship
- 类型：Class
- 简介：ship",0,llama-3.1-70b,0.0,8192,https://api2.aigcbest.top/v1,"判断结果：正确
解释：根据RDFS语义规则，domain约束表示属性的主体应属于某一类，apoapsis作为一个属性，其domain被定义为Ship，这意味着apoapsis的主体应是Ship类的实例，这与背景知识中apoapsis的描述“apoapsis (km)”和Ship的描述“ship”相符。",1,0,
hard_case_0084,domain,domain(architect) = Ship,"背景知识：
条目1：
- 名称：architect
- 类型：Property
- 简介：architect

条目2：
- 名称：Ship
- 类型：Class
- 简介：ship",0,llama-3.1-70b,0.0,8192,https://api2.aigcbest.top/v1,"判断结果：正确
解释：根据RDFS语义规则，domain约束表示属性的主体应属于某一类，公理中architect的domain为Ship，符合architect作为ship的属性的语义关系。",1,0,
hard_case_0086,domain,domain(areaLand) = Island,"背景知识：
条目1：
- 名称：areaLand
- 类型：Property
- 简介：area land (m2)

条目2：
- 名称：Island
- 类型：Class
- 简介：island",0,llama-3.1-70b,0.0,8192,https://api2.aigcbest.top/v1,"判断结果：正确
解释：根据RDFS语义规则，domain约束表示属性的主体应属于某一类，公理中areaLand的domain为Island，符合背景知识中areaLand是Island的属性的语义关系。",1,0,
hard_case_0089,domain,domain(argueDate) = PowerStation,"背景知识：
条目1：
- 名称：argueDate
- 类型：Property
- 简介：argue date

条目2：
- 名称：PowerStation
- 类型：Class
- 简介：power station",0,llama-3.1-70b,0.0,8192,https://api2.aigcbest.top/v1,"判断结果：正确
解释：根据RDFS语义规则，domain(argueDate) = PowerStation表示argueDate属性的主体应属于PowerStation类，这与背景知识中argueDate和PowerStation的定义相符。",1,0,
hard_case_0091,domain,domain(associatedRocket) = Saint,"背景知识：
条目1：
- 名称：associatedRocket
- 类型：Property
- 简介：associated rocket

条目2：
- 名称：Saint
- 类型：Class
- 简介：saint",0,llama-3.1-70b,0.0,8192,https://api2.aigcbest.top/v1,"判断结果：正确
解释：根据RDFS语义规则，domain约束表示属性的主体应属于某一类，公理中associatedRocket的domain被定义为Saint，符合RDFS语义规则和背景知识中associatedRocket和Saint的定义。",1,0,
hard_case_0092,domain,domain(averageSpeed) = Planet,"背景知识：
条目1：
- 名称：averageSpeed
- 类型：Property
- 简介：The average speed of a thing.

条目2：
- 名称：Planet
- 类型：Class
- 简介：planet",1,llama-3.1-70b,0.0,8192,https://api2.aigcbest.top/v1,"判断结果：错误
解释：根据RDFS语义规则，domain约束指出属性的主体应属于某一类，但averageSpeed的主体不限于Planet，可能还包括其他类型的对象。",0,0,
hard_case_0093,domain,domain(birthPlace) = Animal,"背景知识：
条目1：
- 名称：birthPlace
- 类型：Property
- 简介：where the person was born

条目2：
- 名称：Animal
- 类型：Class
- 简介：animal",1,llama-3.1-70b,0.0,8192,https://api2.aigcbest.top/v1,"判断结果：错误
解释：根据背景知识，birthPlace表示的是人的出生地，而Animal表示的是动物，根据常识知识，人的出生地不应该是动物，因此该公理与背景知识存在明显冲突。",0,0,
hard_case_0095,domain,domain(deathDate) = Animal,"背景知识：
条目1：
- 名称：deathDate
- 类型：Property
- 简介：death date

条目2：
- 名称：Animal
- 类型：Class
- 简介：animal",1,llama-3.1-70b,0.0,8192,https://api2.aigcbest.top/v1,"判断结果：错误
解释：根据RDFS语义规则，domain约束表示属性的主体应属于某一类，但deathDate属性的主体不应局限于Animal类。",0,0,
hard_case_0096,domain,domain(deathPlace) = Animal,"背景知识：
条目1：
- 名称：deathPlace
- 类型：Property
- 简介：The place where the person died.

条目2：
- 名称：Animal
- 类型：Class
- 简介：animal",1,llama-3.1-70b,0.0,8192,https://api2.aigcbest.top/v1,"判断结果：错误
解释：根据背景知识，deathPlace的主体应是Person，而非Animal。",0,0,
hard_case_0097,domain,domain(decideDate) = PowerStation,"背景知识：
条目1：
- 名称：decideDate
- 类型：Property
- 简介：decide date

条目2：
- 名称：PowerStation
- 类型：Class
- 简介：power station",0,llama-3.1-70b,0.0,8192,https://api2.aigcbest.top/v1,"判断结果：正确
解释：根据RDFS语义规则，domain约束表示属性的主体应属于某一类，decideDate属性的主体为PowerStation类，符合常识知识和语义规则。",1,0,
hard_case_0098,domain,domain(density) = Infrastructure,"背景知识：
条目1：
- 名称：density
- 类型：Property
- 简介：density (μ3)

条目2：
- 名称：Infrastructure
- 类型：Class
- 简介：infrastructure",0,llama-3.1-70b,0.0,8192,https://api2.aigcbest.top/v1,"判断结果：正确
解释：根据RDFS语义规则，domain约束表示属性的主体应属于某一类，公理中density的domain被定义为Infrastructure，与背景知识中density是Property、Infrastructure是Class的信息相符。",1,0,
hard_case_0100,domain,domain(diameter) = Automobile,"背景知识：
条目1：
- 名称：diameter
- 类型：Property
- 简介：diameter (mm)

条目2：
- 名称：Automobile
- 类型：Class
- 简介：automobile",0,llama-3.1-70b,0.0,8192,https://api2.aigcbest.top/v1,"判断结果：正确
解释：根据RDFS语义规则，domain约束表示属性的主体应属于某一类，公理domain(diameter) = Automobile表示diameter属性的主体应属于Automobile类，与背景知识中diameter属性的类型为Property和Automobile类的类型为Class相符。",1,0,
hard_case_0103,domain,domain(firstLaunchDate) = Drug,"背景知识：
条目1：
- 名称：firstLaunchDate
- 类型：Property
- 简介：first launch date

条目2：
- 名称：Drug
- 类型：Class
- 简介：drug",0,llama-3.1-70b,0.0,8192,https://api2.aigcbest.top/v1,"判断结果：正确
解释：根据RDFS语义规则，domain约束表示属性的主体应属于某一类，公理中domain(firstLaunchDate) = Drug表示firstLaunchDate属性的主体应属于Drug类，这与背景知识中firstLaunchDate是Property，Drug是Class的定义相符。",1,0,
hard_case_0106,domain,domain(firstLaunchRocket) = Scientist,"背景知识：
条目1：
- 名称：firstLaunchRocket
- 类型：Property
- 简介：first launch rocket

条目2：
- 名称：Scientist
- 类型：Class
- 简介：scientist",0,llama-3.1-70b,0.0,8192,https://api2.aigcbest.top/v1,"判断结果：正确
解释：根据RDFS语义规则，domain约束表示属性的主体应属于某一类，公理中firstLaunchRocket的domain为Scientist，符合常识知识和背景知识中Scientist类的定义。",1,0,
hard_case_0108,domain,domain(height) = ChemicalSubstance,"背景知识：
条目1：
- 名称：height
- 类型：Property
- 简介：height (mm)

条目2：
- 名称：ChemicalSubstance
- 类型：Class
- 简介：chemical substance",0,llama-3.1-70b,0.0,8192,https://api2.aigcbest.top/v1,"判断结果：正确
解释：根据RDFS语义规则，domain约束表示属性的主体应属于某一类，height属性的主体为ChemicalSubstance符合常识知识和背景知识。",1,0,
hard_case_0110,domain,domain(height) = Settlement,"背景知识：
条目1：
- 名称：height
- 类型：Property
- 简介：height (cm)

条目2：
- 名称：Settlement
- 类型：Class
- 简介：settlement",0,llama-3.1-70b,0.0,8192,https://api2.aigcbest.top/v1,"判断结果：正确
解释：根据RDFS语义规则，domain约束表示属性的主体应属于某一类，height属性的主体属于Settlement类是合理的。",1,0,
hard_case_0113,domain,domain(lastLaunchRocket) = Place,"背景知识：
条目1：
- 名称：lastLaunchRocket
- 类型：Property
- 简介：last launch rocket

条目2：
- 名称：Place
- 类型：Class
- 简介：place",0,llama-3.1-70b,0.0,8192,https://api2.aigcbest.top/v1,"判断结果：正确
解释：根据RDFS语义规则，domain约束表示属性的主体应属于某一类，lastLaunchRocket属性的主体属于Place类，符合常识知识和语义规则。",1,0,
hard_case_0116,domain,domain(lowerAge) = Person,"背景知识：
条目1：
- 名称：lowerAge
- 类型：Property
- 简介：lower age

条目2：
- 名称：Person
- 类型：Class
- 简介：person",0,llama-3.1-70b,0.0,8192,https://api2.aigcbest.top/v1,"判断结果：正确
解释：根据RDFS语义规则，domain约束表示属性的主体应属于某一类，公理中lowerAge的domain为Person，符合常识知识中属性lowerAge的主体应为Person的语义关系。",1,0,
hard_case_0120,domain,domain(meanTemperature) = ChemicalSubstance,"背景知识：
条目1：
- 名称：meanTemperature
- 类型：Property
- 简介：mean temperature (K)

条目2：
- 名称：ChemicalSubstance
- 类型：Class
- 简介：chemical substance",0,llama-3.1-70b,0.0,8192,https://api2.aigcbest.top/v1,"判断结果：正确
解释：根据RDFS语义规则，domain约束表示属性的主体应属于某一类，meanTemperature的domain为ChemicalSubstance，符合常识知识中化学物质的平均温度的描述。",1,0,
hard_case_0124,domain,domain(nciId) = AdministrativeRegion,"背景知识：
条目1：
- 名称：nciId
- 类型：Property
- 简介：NCI

条目2：
- 名称：AdministrativeRegion
- 类型：Class
- 简介：A PopulatedPlace under the jurisdiction of an administrative body. This body may administer either a whole region or one or more adjacent Settlements (town administration)",0,llama-3.1-70b,0.0,8192,https://api2.aigcbest.top/v1,"判断结果：正确
解释：根据RDFS语义规则，domain约束表示属性的主体应属于某一类，nciId属性的主体属于AdministrativeRegion类，符合背景知识中AdministrativeRegion类的定义。",1,0,
hard_case_0126,domain,domain(numberOfClassrooms) = AdministrativeRegion,"背景知识：
条目1：
- 名称：numberOfClassrooms
- 类型：Property
- 简介：number of classrooms

条目2：
- 名称：AdministrativeRegion
- 类型：Class
- 简介：A PopulatedPlace under the jurisdiction of an administrative body. This body may administer either a whole region or one or more adjacent Settlements (town administration)",0,llama-3.1-70b,0.0,8192,https://api2.aigcbest.top/v1,"判断结果：正确
解释：根据RDFS语义规则，domain约束表示属性的主体应属于某一类，numberOfClassrooms属性的主体为AdministrativeRegion是合理的，因为行政区域可能拥有若干教室。",1,0,
hard_case_0127,domain,domain(numberOfPads) = MeanOfTransportation,"背景知识：
条目1：
- 名称：numberOfPads
- 类型：Property
- 简介：number of pads

条目2：
- 名称：MeanOfTransportation
- 类型：Class
- 简介：mean of transportation",0,llama-3.1-70b,0.0,8192,https://api2.aigcbest.top/v1,"判断结果：正确
解释：根据RDFS语义规则，domain约束表示属性的主体应属于某一类，公理中numberOfPads的domain被定义为MeanOfTransportation，这意味着numberOfPads属性的主体应是MeanOfTransportation的实例，这与背景知识中numberOfPads是表示交通工具的属性的描述相符。",1,0,
hard_case_0130,domain,domain(otherChannel) = Drug,"背景知识：
条目1：
- 名称：otherChannel
- 类型：Property
- 简介：other channel

条目2：
- 名称：Drug
- 类型：Class
- 简介：drug",0,llama-3.1-70b,0.0,8192,https://api2.aigcbest.top/v1,"判断结果：正确
解释：根据RDFS语义规则，domain约束表示属性的主体应属于某一类，公理中otherChannel的domain被定义为Drug，这意味着otherChannel属性的主体应是Drug类的实例，这与背景知识中otherChannel是属性、Drug是类的定义相符。",1,0,
hard_case_0132,domain,domain(pictureFormat) = Broadcaster,"背景知识：
条目1：
- 名称：pictureFormat
- 类型：Property
- 简介：picture format

条目2：
- 名称：Broadcaster
- 类型：Class
- 简介：A broadcaster is an organisation responsible for the production of radio or television programs and/or their transmission. (http://en.wikipedia.org/wiki/Broadcaster - 28/03/2011)",1,llama-3.1-70b,0.0,8192,https://api2.aigcbest.top/v1,"判断结果：错误
解释：根据RDFS语义规则，domain约束表示属性的主体应属于某一类，但pictureFormat属性与Broadcaster类之间的语义关系不明确，且背景知识中未提供相关信息支持。",0,0,
hard_case_0134,domain,domain(previousInfrastructure) = PublicTransitSystem,"背景知识：
条目1：
- 名称：previousInfrastructure
- 类型：Property
- 简介：previous infrastructure

条目2：
- 名称：PublicTransitSystem
- 类型：Class
- 简介：A public transit system is a shared passenger transportation service which is available for use by the general public. Public transport modes include buses, trolleybuses, trams and trains, 'rapid transit' (metro/subways/undergrounds etc) an...",0,llama-3.1-70b,0.0,8192,https://api2.aigcbest.top/v1,"判断结果：正确
解释：根据RDFS语义规则，domain约束表示属性的主体应属于某一类，公理中previousInfrastructure的domain被定义为PublicTransitSystem，这意味着previousInfrastructure属性的主体应是PublicTransitSystem的实例，这与背景知识中PublicTransitSystem的定义相符。",1,0,
hard_case_0135,domain,domain(projectBudgetTotal) = Work,"背景知识：
条目1：
- 名称：projectBudgetTotal
- 类型：Property
- 简介：The total budget of the research project.

条目2：
- 名称：Work
- 类型：Class
- 简介：Item on which time has been spent for its realisation. Actor can be a human on not (machine, insects, nature...)",0,llama-3.1-70b,0.0,8192,https://api2.aigcbest.top/v1,"判断结果：正确
解释：根据RDFS语义规则，domain约束表示属性的主体应属于某一类，背景知识中projectBudgetTotal是属性，Work是类，且projectBudgetTotal的简介中提到“research project”，这暗示了projectBudgetTotal的主体可能是Work，因此该公理是合理的。",1,0,
hard_case_0137,domain,domain(runtime) = Airline,"背景知识：
条目1：
- 名称：runtime
- 类型：Property
- 简介：runtime (m)

条目2：
- 名称：Airline
- 类型：Class
- 简介：airline",0,llama-3.1-70b,0.0,8192,https://api2.aigcbest.top/v1,"判断结果：正确
解释：根据RDFS语义规则，domain约束表示属性的主体应属于某一类，runtime属性的domain为Airline，表明runtime属性的主体是Airline类的实例，这与背景知识中runtime属性的定义相符。",1,0,
hard_case_0140,domain,domain(statisticYear) = ChemicalSubstance,"背景知识：
条目1：
- 名称：statisticYear
- 类型：Property
- 简介：statistic year

条目2：
- 名称：ChemicalSubstance
- 类型：Class
- 简介：chemical substance",0,llama-3.1-70b,0.0,8192,https://api2.aigcbest.top/v1,"判断结果：正确
解释：根据RDFS语义规则，domain约束表示属性的主体应属于某一类，公理中statisticYear的domain被定义为ChemicalSubstance，符合语义规则。",1,0,
hard_case_0141,domain,domain(subsequentInfrastructure) = Museum,"背景知识：
条目1：
- 名称：subsequentInfrastructure
- 类型：Property
- 简介：subsequent infrastructure

条目2：
- 名称：Museum
- 类型：Class
- 简介：museum",0,llama-3.1-70b,0.0,8192,https://api2.aigcbest.top/v1,"判断结果：正确
解释：根据RDFS语义规则，domain约束表示属性的主体应属于某一类，公理中domain(subsequentInfrastructure) = Museum表示subsequentInfrastructure属性的主体应属于Museum类，与背景知识和语义规则一致。",1,0,
hard_case_0144,domain,domain(upperAge) = Engine,"背景知识：
条目1：
- 名称：upperAge
- 类型：Property
- 简介：upper age

条目2：
- 名称：Engine
- 类型：Class
- 简介：engine",0,llama-3.1-70b,0.0,8192,https://api2.aigcbest.top/v1,"判断结果：正确
解释：根据RDFS语义规则，domain约束表示属性的主体应属于某一类，公理中upperAge的domain被定义为Engine，符合常识知识和背景知识中Engine是类的定义。",1,0,
hard_case_0145,domain,domain(upperAge) = School,"背景知识：
条目1：
- 名称：upperAge
- 类型：Property
- 简介：upper age

条目2：
- 名称：School
- 类型：Class
- 简介：school",1,llama-3.1-70b,0.0,8192,https://api2.aigcbest.top/v1,"判断结果：错误
解释：根据RDFS语义规则，domain约束表示属性的主体应属于某一类，但upperAge属性的主体不应直接是School类，而应是具有年龄属性的个体。",0,0,
hard_case_0147,domain,domain(volume) = Automobile,"背景知识：
条目1：
- 名称：volume
- 类型：Property
- 简介：volume (μ³)

条目2：
- 名称：Automobile
- 类型：Class
- 简介：automobile",0,llama-3.1-70b,0.0,8192,https://api2.aigcbest.top/v1,"判断结果：正确
解释：根据RDFS语义规则，domain(volume) = Automobile表示属性volume的主体应属于类Automobile，这与背景知识中volume是汽车的属性相符。",1,0,
hard_case_0151,range,range(academicAdvisor) = College,"背景知识：
条目1：
- 名称：academicAdvisor
- 类型：Property
- 简介：academic advisor

条目2：
- 名称：College
- 类型：Class
- 简介：college",0,llama-3.1-70b,0.0,8192,https://api2.aigcbest.top/v1,"判断结果：正确
解释：根据RDFS语义规则，range约束表示属性的客体应属于某一类，公理range(academicAdvisor) = College表明学术顾问的客体是学院，这与常识和背景知识相符。",1,0,
hard_case_0156,range,range(alongside) = Department,"背景知识：
条目1：
- 名称：alongside
- 类型：Property
- 简介：alongside

条目2：
- 名称：Department
- 类型：Class
- 简介：department",0,llama-3.1-70b,0.0,8192,https://api2.aigcbest.top/v1,"判断结果：正确
解释：根据RDFS语义规则，range约束表示属性的客体应属于某一类，公理range(alongside) = Department表明属性alongside的客体应属于类Department，与背景知识和语义规则一致。",1,0,
hard_case_0159,range,range(appointer) = Company,"背景知识：
条目1：
- 名称：appointer
- 类型：Property
- 简介：appointer

条目2：
- 名称：Company
- 类型：Class
- 简介：company",0,llama-3.1-70b,0.0,8192,https://api2.aigcbest.top/v1,"判断结果：正确
解释：根据RDFS语义规则，range约束表示属性的客体应属于某一类，appointer属性的range为Company，表明appointer属性的值应为Company类的实例，这与背景知识中appointer属性的定义相符。",1,0,
hard_case_0160,range,range(architect) = Place,"背景知识：
条目1：
- 名称：architect
- 类型：Property
- 简介：architect

条目2：
- 名称：Place
- 类型：Class
- 简介：place",0,llama-3.1-70b,0.0,8192,https://api2.aigcbest.top/v1,"判断结果：正确
解释：根据RDFS语义规则，range约束表示属性的客体应属于某一类，公理range(architect) = Place表明属性architect的客体应属于类Place，与背景知识和语义规则一致。",1,0,
hard_case_0161,range,range(arrondissement) = Organisation,"背景知识：
条目1：
- 名称：arrondissement
- 类型：Property
- 简介：arrondissement

条目2：
- 名称：Organisation
- 类型：Class
- 简介：organisation",0,llama-3.1-70b,0.0,8192,https://api2.aigcbest.top/v1,"判断结果：正确
解释：根据RDFS语义规则，range(arrondissement) = Organisation表示arrondissement属性的客体应属于Organisation类，这与背景知识中arrondissement和Organisation的定义相符。",1,0,
hard_case_0167,range,range(basedOn) = Band,"背景知识：
条目1：
- 名称：basedOn
- 类型：Property
- 简介：based on

条目2：
- 名称：Band
- 类型：Class
- 简介：Band",0,llama-3.1-70b,0.0,8192,https://api2.aigcbest.top/v1,"判断结果：正确
解释：根据RDFS语义规则，range约束表示属性的客体应属于某一类，公理range(basedOn) = Band表示属性basedOn的客体应属于类Band，与背景知识和语义规则一致。",1,0,
hard_case_0169,range,range(billed) = Award,"背景知识：
条目1：
- 名称：billed
- 类型：Property
- 简介：billed

条目2：
- 名称：Award
- 类型：Class
- 简介：award",0,llama-3.1-70b,0.0,8192,https://api2.aigcbest.top/v1,"判断结果：正确
解释：根据RDFS语义规则，range(billed) = Award表示属性billed的客体应属于类Award，这与背景知识中billed的类型为Property和Award的类型为Class相符。",1,0,
hard_case_0170,range,range(billed) = PopulatedPlace,"背景知识：
条目1：
- 名称：billed
- 类型：Property
- 简介：billed

条目2：
- 名称：PopulatedPlace
- 类型：Class
- 简介：As defined by the United States Geological Survey, a populated place is a place or area with clustered or scattered buildings and a permanent human population (city, settlement, town, or village) referenced with geographic coordinates (http...",1,llama-3.1-70b,0.0,8192,https://api2.aigcbest.top/v1,"判断结果：错误
解释：根据RDFS语义规则，range约束表示属性的客体应属于某一类，但billed属性的客体不一定是PopulatedPlace类的实例。",0,0,
hard_case_0171,range,range(birthPlace) = Country,"背景知识：
条目1：
- 名称：birthPlace
- 类型：Property
- 简介：where the person was born

条目2：
- 名称：Country
- 类型：Class
- 简介：country",0,llama-3.1-70b,0.0,8192,https://api2.aigcbest.top/v1,"判断结果：正确
解释：根据RDFS语义规则，range约束表示属性的客体应属于某一类，birthPlace的range为Country，符合出生地应为国家的常识。",1,0,
hard_case_0173,range,range(canonizedPlace) = College,"背景知识：
条目1：
- 名称：canonizedPlace
- 类型：Property
- 简介：canonized place

条目2：
- 名称：College
- 类型：Class
- 简介：college",0,llama-3.1-70b,0.0,8192,https://api2.aigcbest.top/v1,"判断结果：正确
解释：根据RDFS语义规则，range约束表示属性的客体应属于某一类，canonizedPlace的range为College，表明canonizedPlace属性的值应为College类的实例，这与背景知识中canonizedPlace和College的定义相符。",1,0,
hard_case_0174,range,range(canton) = CareerStation,"背景知识：
条目1：
- 名称：canton
- 类型：Property
- 简介：canton

条目2：
- 名称：CareerStation
- 类型：Class
- 简介：this class marks a career step in the life of a person, e.g. a soccer player, holding information on the time span, matches and goals he or she achieved at a certain club",0,llama-3.1-70b,0.0,8192,https://api2.aigcbest.top/v1,"判断结果：正确
解释：根据RDFS语义规则，range(canton) = CareerStation表示属性canton的客体应属于类CareerStation，这与背景知识中canton的定义和CareerStation的描述相符。",1,0,
hard_case_0175,range,range(ceremonialCounty) = Department,"背景知识：
条目1：
- 名称：ceremonialCounty
- 类型：Property
- 简介：Ceremonial County

条目2：
- 名称：Department
- 类型：Class
- 简介：department",0,llama-3.1-70b,0.0,8192,https://api2.aigcbest.top/v1,"判断结果：正确
解释：根据RDFS语义规则，range约束表示属性的客体应属于某一类，ceremonialCounty属性的客体应属于Department类，与背景知识中Department的类型为Class相符。",1,0,
hard_case_0177,range,range(chairman) = Place,"背景知识：
条目1：
- 名称：chairman
- 类型：Property
- 简介：chairman

条目2：
- 名称：Place
- 类型：Class
- 简介：place",0,llama-3.1-70b,0.0,8192,https://api2.aigcbest.top/v1,"判断结果：正确
解释：根据RDFS语义规则，range约束表示属性的客体应属于某一类，chairman属性的range为Place，表明chairman的值应为Place类的实例，这与常识知识一致。",1,0,
hard_case_0179,range,range(chancellor) = Organisation,"背景知识：
条目1：
- 名称：chancellor
- 类型：Property
- 简介：chancellor

条目2：
- 名称：Organisation
- 类型：Class
- 简介：organisation",0,llama-3.1-70b,0.0,8192,https://api2.aigcbest.top/v1,"判断结果：正确
解释：根据RDFS语义规则，range约束表示属性的客体应属于某一类，公理range(chancellor) = Organisation表明chancellor属性的客体应属于Organisation类，这与背景知识中chancellor属性的定义和Organisation类的定义相符。",1,0,
hard_case_0180,range,range(channel) = Broadcaster,"背景知识：
条目1：
- 名称：channel
- 类型：Property
- 简介：channel

条目2：
- 名称：Broadcaster
- 类型：Class
- 简介：A broadcaster is an organisation responsible for the production of radio or television programs and/or their transmission. (http://en.wikipedia.org/wiki/Broadcaster - 28/03/2011)",1,llama-3.1-70b,0.0,8192,https://api2.aigcbest.top/v1,"判断结果：错误
解释：根据RDFS语义规则，range约束表示属性的客体应属于某一类，但channel属性的客体不应是Broadcaster类。",0,0,
hard_case_0181,range,range(channel) = CareerStation,"背景知识：
条目1：
- 名称：channel
- 类型：Property
- 简介：channel

条目2：
- 名称：CareerStation
- 类型：Class
- 简介：this class marks a career step in the life of a person, e.g. a soccer player, holding information on the time span, matches and goals he or she achieved at a certain club",0,llama-3.1-70b,0.0,8192,https://api2.aigcbest.top/v1,"判断结果：正确
解释：根据RDFS语义规则，range约束表示属性的客体应属于某一类，channel属性的range为CareerStation，表明channel属性的值应为CareerStation类的实例，这与背景知识中channel属性的定义相符。",1,0,
hard_case_0183,range,range(childOrganisation) = Agent,"背景知识：
条目1：
- 名称：childOrganisation
- 类型：Property
- 简介：child organisation

条目2：
- 名称：Agent
- 类型：Class
- 简介：Analogous to a foaf:Agent, an agent is an entity that acts. This is intended to be the super class of Person and Organisation.",0,llama-3.1-70b,0.0,8192,https://api2.aigcbest.top/v1,"判断结果：正确
解释：根据RDFS语义规则，range约束表示属性的客体应属于某一类，childOrganisation的range为Agent，意味着childOrganisation的客体是Agent的实例，这与背景知识中Agent是实体的定义相符。",1,0,
hard_case_0184,range,range(cinematography) = Person,"背景知识：
条目1：
- 名称：cinematography
- 类型：Property
- 简介：cinematography

条目2：
- 名称：Person
- 类型：Class
- 简介：person",1,llama-3.1-70b,0.0,8192,https://api2.aigcbest.top/v1,"判断结果：错误
解释：根据RDFS语义规则，range约束表示属性的客体应属于某一类，但cinematography属性的客体不应是Person类。",0,0,
hard_case_0185,range,range(coach) = Infrastructure,"背景知识：
条目1：
- 名称：coach
- 类型：Property
- 简介：coach

条目2：
- 名称：Infrastructure
- 类型：Class
- 简介：infrastructure",0,llama-3.1-70b,0.0,8192,https://api2.aigcbest.top/v1,"判断结果：正确
解释：根据RDFS语义规则，range约束表示属性的客体应属于某一类，coach属性的range为Infrastructure，表明coach属性的客体是infrastructure类的实例，这与背景知识中coach和Infrastructure的定义相符。",1,0,
hard_case_0186,range,range(college) = Infrastructure,"背景知识：
条目1：
- 名称：college
- 类型：Property
- 简介：college

条目2：
- 名称：Infrastructure
- 类型：Class
- 简介：infrastructure",0,llama-3.1-70b,0.0,8192,https://api2.aigcbest.top/v1,"判断结果：正确
解释：根据RDFS语义规则，range约束表示属性的客体应属于某一类，公理range(college) = Infrastructure表示college属性的客体应属于Infrastructure类，这与背景知识中Infrastructure是类的定义相符。",1,0,
hard_case_0188,range,range(commandStructure) = Rocket,"背景知识：
条目1：
- 名称：commandStructure
- 类型：Property
- 简介：command structure

条目2：
- 名称：Rocket
- 类型：Class
- 简介：rocket",0,llama-3.1-70b,0.0,8192,https://api2.aigcbest.top/v1,"判断结果：正确
解释：根据RDFS语义规则，range约束表示属性的客体应属于某一类，commandStructure属性的range为Rocket，表明commandStructure属性的值应为Rocket类的实例，这与背景知识中commandStructure为属性、Rocket为类的定义相符。",1,0,
hard_case_0195,range,range(cultivatedVariety) = CultivatedVariety,"背景知识：
条目1：
- 名称：cultivatedVariety
- 类型：Property
- 简介：Name of the cultivar (cultivated variety)

条目2：
- 名称：CultivatedVariety
- 类型：Class
- 简介：A cultivar is a plant or grouping of plants selected for desirable characteristics that can be maintained by propagation. A plant whose origin or selection is primarily due to intentional human activity.",1,llama-3.1-70b,0.0,8192,https://api2.aigcbest.top/v1,"判断结果：错误
解释：根据RDFS语义规则，range约束表示属性的客体应属于某一类，但cultivatedVariety属性的range被定义为CultivatedVariety类，这与其类型为Property的事实不符。",0,0,
hard_case_0196,range,range(curator) = Agent,"背景知识：
条目1：
- 名称：curator
- 类型：Property
- 简介：curator

条目2：
- 名称：Agent
- 类型：Class
- 简介：Analogous to a foaf:Agent, an agent is an entity that acts. This is intended to be the super class of Person and Organisation.",0,llama-3.1-70b,0.0,8192,https://api2.aigcbest.top/v1,"判断结果：正确
解释：根据RDFS语义规则，range约束表示属性的客体应属于某一类，curator属性的range为Agent，表明curator属性的值应为Agent类的实例，这与背景知识中Agent类的定义相符。",1,0,
hard_case_0198,range,range(department) = MilitaryUnit,"背景知识：
条目1：
- 名称：department
- 类型：Property
- 简介：department

条目2：
- 名称：MilitaryUnit
- 类型：Class
- 简介：military unit",0,llama-3.1-70b,0.0,8192,https://api2.aigcbest.top/v1,"判断结果：正确
解释：根据RDFS语义规则，range约束表示属性的客体应属于某一类，公理range(department) = MilitaryUnit表示属性department的客体应属于类MilitaryUnit，与背景知识和语义规则一致。",1,0,
hard_case_0199,range,range(deputy) = Department,"背景知识：
条目1：
- 名称：deputy
- 类型：Property
- 简介：deputy

条目2：
- 名称：Department
- 类型：Class
- 简介：department",0,llama-3.1-70b,0.0,8192,https://api2.aigcbest.top/v1,"判断结果：正确
解释：根据RDFS语义规则，range约束表示属性的客体应属于某一类，公理range(deputy) = Department表明属性deputy的客体应属于类Department，与背景知识和语义规则一致。",1,0,
hard_case_0202,range,range(designCompany) = Organisation,"背景知识：
条目1：
- 名称：designCompany
- 类型：Property
- 简介：designer company

条目2：
- 名称：Organisation
- 类型：Class
- 简介：organisation",0,llama-3.1-70b,0.0,8192,https://api2.aigcbest.top/v1,"判断结果：正确
解释：根据RDFS语义规则，range约束表示属性的客体应属于某一类，designCompany属性的客体应属于Organisation类，与背景知识中designCompany属性的简介“designer company”相符。",1,0,
hard_case_0203,range,range(designer) = Agent,"背景知识：
条目1：
- 名称：designer
- 类型：Property
- 简介：designer

条目2：
- 名称：Agent
- 类型：Class
- 简介：Analogous to a foaf:Agent, an agent is an entity that acts. This is intended to be the super class of Person and Organisation.",0,llama-3.1-70b,0.0,8192,https://api2.aigcbest.top/v1,"判断结果：正确
解释：根据RDFS语义规则，range约束表示属性的客体应属于某一类，designer属性的range为Agent，表明designer属性的值应为Agent类的实例，这与背景知识中Agent类的定义相符。",1,0,
hard_case_0204,range,range(destination) = Artery,"背景知识：
条目1：
- 名称：destination
- 类型：Property
- 简介：destination

条目2：
- 名称：Artery
- 类型：Class
- 简介：artery",0,llama-3.1-70b,0.0,8192,https://api2.aigcbest.top/v1,"判断结果：正确
解释：根据RDFS语义规则，range(destination) = Artery表示属性destination的客体应属于类Artery，这与背景知识中destination的定义和Artery的类型相符。",1,0,
hard_case_0205,range,range(distributor) = Artery,"背景知识：
条目1：
- 名称：distributor
- 类型：Property
- 简介：distributor

条目2：
- 名称：Artery
- 类型：Class
- 简介：artery",0,llama-3.1-70b,0.0,8192,https://api2.aigcbest.top/v1,"判断结果：正确
解释：根据RDFS语义规则，range约束表示属性的客体应属于某一类，公理range(distributor) = Artery表示distributor属性的客体应属于Artery类，与背景知识和语义规则一致。",1,0,
hard_case_0212,range,range(organisation) = Currency,"背景知识：
条目1：
- 名称：organisation
- 类型：Property
- 简介：organisation

条目2：
- 名称：Currency
- 类型：Class
- 简介：currency",0,llama-3.1-70b,0.0,8192,https://api2.aigcbest.top/v1,"判断结果：正确
解释：根据RDFS语义规则，range约束表示属性的客体应属于某一类，organisation属性的range为Currency，符合语义规则和背景知识。",1,0,
hard_case_0214,range,range(subsequentInfrastructure) = Artery,"背景知识：
条目1：
- 名称：subsequentInfrastructure
- 类型：Property
- 简介：subsequent infrastructure

条目2：
- 名称：Artery
- 类型：Class
- 简介：artery",0,llama-3.1-70b,0.0,8192,https://api2.aigcbest.top/v1,"判断结果：正确
解释：根据RDFS语义规则，range约束表示属性的客体应属于某一类，公理range(subsequentInfrastructure) = Artery表示属性subsequentInfrastructure的客体应属于类Artery，与背景知识和语义规则一致。",1,0,
hard_case_0215,range,range(taoiseach) = Organisation,"背景知识：
条目1：
- 名称：taoiseach
- 类型：Property
- 简介：head of government of Ireland

条目2：
- 名称：Organisation
- 类型：Class
- 简介：organisation",0,llama-3.1-70b,0.0,8192,https://api2.aigcbest.top/v1,"判断结果：正确
解释：根据RDFS语义规则，range约束表示属性的客体应属于某一类，公理range(taoiseach) = Organisation表明taoiseach属性的客体应属于Organisation类，与背景知识中taoiseach是爱尔兰政府首脑的描述相符。",1,0,
hard_case_0218,subPropertyOf,agenthierarchicallyaboveagent ⊑p agentcollaborateswithagent,"背景知识：
条目1：
- 名称：agenthierarchicallyaboveagent
- 类型：Class
- 简介：{%%s is hierarchically %s %%s, above}
- 补充信息：generalizations: agentcontrols, agentcollaborateswithagent | domain: agent | range: agent

条目2：
- 名称：agentcollaborateswithagent
- 类型：Class
- 简介：{%%s %s with %%s, collaborates}
- 补充信息：generalizations: agentinteractswithagent | domain: agent | range: agent",1,llama-3.1-70b,0.0,8192,https://api2.aigcbest.top/v1,"判断结果：错误
解释：根据背景知识，agenthierarchicallyaboveagent 的 generalizations 是 agentcontrols 和 agentcollaborateswithagent，而 agentcollaborateswithagent 的 generalizations 是 agentinteractswithagent，两者之间没有直接的包含关系。",0,0,
hard_case_0233,subPropertyOf,inverseofcriminalssuchascriminals ⊑p specializationof,"背景知识：
条目1：
- 名称：inverseofcriminalssuchascriminals
- 类型：Unknown
- 简介：Describes the criminals types that are generalizations of specific criminals
- 补充信息：generalizations: specializationof | domain: criminal | range: criminal

条目2：
- 名称：specializationof
- 类型：Unknown
- 简介：one thing is a more specific kind of another thing
- 补充信息：generalizations: relatedto | domain: everypromotedthing | range: everypromotedthing",1,llama-3.1-70b,0.0,8192,https://api2.aigcbest.top/v1,"判断结果：错误
解释：根据背景知识，inverseofcriminalssuchascriminals的domain和range均为criminal，而specializationof的domain和range均为everypromotedthing，两者不相符，因此inverseofcriminalssuchascriminals不能是specializationof的子类。",0,0,
hard_case_0247,subPropertyOf,sportsgamewinnerscore ⊑p relatedto,"背景知识：
条目1：
- 名称：sportsgamewinnerscore
- 类型：Unknown
- 简介：Specifies the score with which the winning team in a particular sportsGame lost.
- 补充信息：generalizations: relatedto | domain: sportsgame | range: nonneginteger

条目2：
- 名称：relatedto
- 类型：Unknown
- 简介：associated; connected (http://dictionary.reference.com/browse/related)
- 补充信息：generalizations: slot | domain: everypromotedthing | range: everypromotedthing",1,llama-3.1-70b,0.0,8192,https://api2.aigcbest.top/v1,"判断结果：错误
解释：根据背景知识，sportsgamewinnerscore的domain是sportsgame，而relatedto的domain是everypromotedthing，两者不一致，因此该公理不合理。",0,0,
hard_case_0250,subPropertyOf,timeofprotest ⊑p relatedto,"背景知识：
条目1：
- 名称：timeofprotest
- 类型：Class
- 简介：{%%s is the %s the event %%s, time of}
- 补充信息：generalizations: relatedto | domain: time | range: protestevent

条目2：
- 名称：relatedto
- 类型：Class
- 简介：{%%s is somehow %s %%s, related to}
- 补充信息：generalizations: slot | domain: everypromotedthing | range: everypromotedthing",1,llama-3.1-70b,0.0,8192,https://api2.aigcbest.top/v1,"判断结果：错误
解释：根据背景知识，timeofprotest的domain是time，range是protestevent，而relatedto的domain是everypromotedthing，range也是everypromotedthing，两者之间的domain和range不匹配，因此不能推断timeofprotest是relatedto的子类。",0,0,
hard_case_0260,domain,domain(officeheldbypolitician) = politicaloffice,"背景知识：
条目1：
- 名称：officeheldbypolitician
- 类型：Unknown
- 简介：Specifies that a particular politician holds a particular office
- 补充信息：generalizations: relatedto | domain: politicaloffice | range: politician

条目2：
- 名称：politicaloffice
- 类型：Unknown
- 简介：This type is for the office, title, or position within a government. It includes both single-person offices (prime minister, emperor, mayor), titles of members of a governing body (representative, sentator, MP), and titles of additional pos...
- 补充信息：generalizations: abstractthing",1,llama-3.1-70b,0.0,8192,https://api2.aigcbest.top/v1,"判断结果：错误
解释：根据背景知识，officeheldbypolitician的domain应为politician，而非politicaloffice。",0,0,
hard_case_0264,domain,domain(professionactsatthesameareaofpoliticissue) = politicsissue,"背景知识：
条目1：
- 名称：professionactsatthesameareaofpoliticissue
- 类型：Unknown
- 简介：Describes professions that work at the area of a political issue
- 补充信息：generalizations: relatedto | domain: politicsissue | range: profession

条目2：
- 名称：politicsissue
- 类型：Unknown
- 简介：An issue of political concern
- 补充信息：generalizations: abstractthing",1,llama-3.1-70b,0.0,8192,https://api2.aigcbest.top/v1,"判断结果：错误
解释：根据RDFS语义规则，domain约束表示属性的主体应属于某一类，但给定公理中，professionactsatthesameareaofpoliticissue的domain被设置为politicsissue，这与背景知识中其range为profession的信息不符。",0,0,
hard_case_0266,domain,domain(timeofprotest) = time,"背景知识：
条目1：
- 名称：timeofprotest
- 类型：Unknown
- 简介：{%%s is the %s the event %%s, time of}
- 补充信息：generalizations: relatedto | domain: time | range: protestevent

条目2：
- 名称：time
- 类型：Unknown
- 简介：a specific time
- 补充信息：generalizations: abstractthing",1,llama-3.1-70b,0.0,8192,https://api2.aigcbest.top/v1,"判断结果：错误
解释：根据背景知识，timeofprotest的domain应为protestevent，而非time。",0,0,
hard_case_0273,range,range(latitudelongitudeof) = everypromotedthing,"背景知识：
条目1：
- 名称：latitudelongitudeof
- 类型：Unknown
- 简介：the latitude and longitude of this location, or the latitude and longitude typically associated with this thing
- 补充信息：generalizations: relatedto | domain: llcoordinate | range: everypromotedthing

条目2：
- 名称：everypromotedthing
- 类型：Unknown
- 简介：every promoted category instance in KB",1,llama-3.1-70b,0.0,8192,https://api2.aigcbest.top/v1,"判断结果：错误
解释：根据背景知识，latitudelongitudeof的range应为llcoordinate，而非everypromotedthing。",0,0,
hard_case_0275,range,range(numberofcasualtiesinroadaccident) = roadaccidentevent,"背景知识：
条目1：
- 名称：numberofcasualtiesinroadaccident
- 类型：Class
- 简介：{%%s is the number of people that %s the event %%s, died in}
- 补充信息：generalizations: relatedto | domain: nonneginteger | range: roadaccidentevent

条目2：
- 名称：roadaccidentevent
- 类型：Class
- 简介：{%%s is a %s, road accident event}
- 补充信息：generalizations: event",1,llama-3.1-70b,0.0,8192,https://api2.aigcbest.top/v1,"判断结果：错误
解释：根据背景知识，numberofcasualtiesinroadaccident的range应为nonneginteger，而非roadaccidentevent。",0,0,
hard_case_0278,subClassOf,Antoinism ⊑ Catholicism,"背景知识：
条目1：
- 名称：Antoinism
- 类型：Class
- 简介：Antoinism is a healing-oriented new religious movement founded in 1910 by Louis-Joseph Antoine (1846–1912) in Jemeppe-sur-Meuse, Seraing in Belgium. With a total of 64 temples, over forty reading rooms across the world and thousands of memb...

条目2：
- 名称：Catholicism
- 类型：Class
- 简介：The Catholic Church, commonly called the Roman Catholic Church, is the largest Christian denomination, with an estimated 1.28 to 1.41 billion baptized members worldwide as of 2026. It consists of 24 autonomous churches—the Latin Church and....",1,llama-3.1-70b,0.0,8192,https://api2.aigcbest.top/v1,"判断结果：错误
解释：根据背景知识，Antoinism和Catholicism是两个不同的宗教运动，Antoinism不是Catholicism的子类。",0,0,
hard_case_0280,subClassOf,Corps_de_l_u0027_armement ⊑ Engineer,"背景知识：
条目1：
- 名称：Corps_de_l_u0027_armement
- 类型：Class
- 简介：Corps_de_l_u0027_armement is a class in the knowledge base.

条目2：
- 名称：Engineer
- 类型：Class
- 简介：An engineer is a practitioner of engineering. The word engineer is derived from the Latin words ingeniare and ingenium (""cleverness""). The foundational qualifications of a licensed professional engineer typically include a four-year bachelo...",1,llama-3.1-70b,0.0,8192,https://api2.aigcbest.top/v1,"判断结果：错误
解释：根据背景知识，Corps_de_l_u0027_armement 是一个类，而 Engineer 是一个类，两者之间没有明显的包含关系。",0,0,
hard_case_0284,subClassOf,Fictional_Human_Q15632617 ⊑ Immortal__u0028_Highlander_u0029_,"背景知识：
条目1：
- 名称：Fictional_Human_Q15632617
- 类型：Class
- 简介：Fictional_Human_Q15632617 is a class in the knowledge base.

条目2：
- 名称：Immortal__u0028_Highlander_u0029_
- 类型：Class
- 简介：Immortal__u0028_Highlander_u0029_ is a class in the knowledge base.",0,llama-3.1-70b,0.0,8192,https://api2.aigcbest.top/v1,"判断结果：正确
解释：根据RDFS语义规则，subClassOf表示类之间的包含关系，Fictional_Human_Q15632617是Immortal__u0028_Highlander_u0029_的子类，符合背景知识中类之间的逻辑关系。",1,0,
hard_case_0286,subClassOf,Financial_analyst ⊑ Financier,"背景知识：
条目1：
- 名称：Financial_analyst
- 类型：Class
- 简介：A financial analyst is a professional undertaking financial analysis for external or internal clients as a core feature of the job. The role may specifically be titled securities analyst, research analyst, equity analyst, investment analyst...

条目2：
- 名称：Financier
- 类型：Class
- 简介：An investor is a person or entity that allocates financial capital with the expectation of a future return (profit) or to gain an advantage (interest). Through this allocated capital the investor usually purchases some species of property.....",1,llama-3.1-70b,0.0,8192,https://api2.aigcbest.top/v1,"判断结果：错误
解释：根据背景知识，Financial_analyst 和 Financier 的定义和描述并不支持 Financial_analyst 是 Financier 的子类。",0,0,
hard_case_0292,subClassOf,Lyricist ⊑ Cancionista_Q24961653,"背景知识：
条目1：
- 名称：Lyricist
- 类型：Class
- 简介：A lyricist is a writer who writes lyrics, as opposed to a composer, who writes the song's music which may include the melody, harmony, arrangement and accompaniment.

条目2：
- 名称：Cancionista_Q24961653
- 类型：Class
- 简介：Cancionista_Q24961653 is a class in the knowledge base.",0,llama-3.1-70b,0.0,8192,https://api2.aigcbest.top/v1,"判断结果：正确
解释：根据RDFS语义规则，Lyricist ⊑ Cancionista_Q24961653表示Lyricist是Cancionista_Q24961653的子类，这与背景知识中Lyricist和Cancionista_Q24961653的定义相符。",1,0,
hard_case_0295,subClassOf,Rábula_Q10365511 ⊑ Lawyer,"背景知识：
条目1：
- 名称：Rábula_Q10365511
- 类型：Class
- 简介：Rábula_Q10365511 is a class in the knowledge base.

条目2：
- 名称：Lawyer
- 类型：Class
- 简介：A lawyer is a person who is qualified to offer advice about the law, draft legal documents, or represent individuals in legal matters.",1,llama-3.1-70b,0.0,8192,https://api2.aigcbest.top/v1,"判断结果：错误
解释：根据背景知识，Rábula_Q10365511 是一个类，但其具体含义不明，而 Lawyer 是一个明确的职业类别，两者之间的包含关系不明确，因此该公理不合理。",0,0,
hard_case_0300,subPropertyOf,actionableFeedbackPolicy ⊑p publishingPrinciples,"背景知识：
条目1：
- 名称：actionableFeedbackPolicy
- 类型：Property
- 简介：For a <a class=""localLink"" href=""/NewsMediaOrganization"">NewsMediaOrganization</a> or other news-related <a class=""localLink"" href=""/Organization"">Organization</a>, a statement about public engagement activities (for news media, the newsroo...
- 补充信息：domainIncludes: http://schema.org/NewsMediaOrganization, http://schema.org/Organization | rangeIncludes: http://schema.org/CreativeWork, http://schema.org/URL

条目2：
- 名称：publishingPrinciples
- 类型：Property
- 简介：The publishingPrinciples property indicates (typically via <a class=""localLink"" href=""/URL"">URL</a>) a document describing the editorial principles of an <a class=""localLink"" href=""/Organization"">Organization</a> (or individual, e.g. a <a c...
- 补充信息：domainIncludes: http://schema.org/CreativeWork, http://schema.org/Organization, http://schema.org/Person | rangeIncludes: http://schema.org/CreativeWork, http://schema.org/URL",1,llama-3.1-70b,0.0,8192,https://api2.aigcbest.top/v1,"判断结果：错误
解释：根据背景知识，actionableFeedbackPolicy 和 publishingPrinciples 的 domain 和 range 不完全一致，不能直接推断出前者是后者的子属性。",0,0,
hard_case_0301,subPropertyOf,announcementLocation ⊑p spatialCoverage,"背景知识：
条目1：
- 名称：announcementLocation
- 类型：Property
- 简介：Indicates a specific <a class=""localLink"" href=""/CivicStructure"">CivicStructure</a> or <a class=""localLink"" href=""/LocalBusiness"">LocalBusiness</a> associated with the SpecialAnnouncement. For example, a specific testing facility or busines...
- 补充信息：domainIncludes: http://schema.org/SpecialAnnouncement | rangeIncludes: http://schema.org/CivicStructure, http://schema.org/LocalBusiness

条目2：
- 名称：spatialCoverage
- 类型：Property
- 简介：The spatialCoverage of a CreativeWork indicates the place(s) which are the focus of the content. It is a subproperty of contentLocation intended primarily for more technical and detailed materials. For example with a Dataset, it indicates a...
- 补充信息：domainIncludes: http://schema.org/CreativeWork | rangeIncludes: http://schema.org/Place",1,llama-3.1-70b,0.0,8192,https://api2.aigcbest.top/v1,"判断结果：错误
解释：announcementLocation的rangeIncludes是CivicStructure和LocalBusiness，而spatialCoverage的rangeIncludes是Place，根据RDFS语义规则，子属性的range不能超出父属性的range。",0,0,
hard_case_0302,subPropertyOf,availableAtOrFrom ⊑p areaServed,"背景知识：
条目1：
- 名称：availableAtOrFrom
- 类型：Property
- 简介：The place(s) from which the offer can be obtained (e.g. store locations).
- 补充信息：domainIncludes: http://schema.org/Demand, http://schema.org/Offer | rangeIncludes: http://schema.org/Place

条目2：
- 名称：areaServed
- 类型：Property
- 简介：The geographic area where a service or offered item is provided.
- 补充信息：domainIncludes: http://schema.org/ContactPoint, http://schema.org/DeliveryChargeSpecification, http://schema.org/Demand, http://schema.org/FinancialIncentive, http://schema.org/Off...",1,llama-3.1-70b,0.0,8192,https://api2.aigcbest.top/v1,"判断结果：错误
解释：根据背景知识，availableAtOrFrom和areaServed的domain和range不一致，availableAtOrFrom的domainIncludes为http://schema.org/Demand和http://schema.org/Offer，而areaServed的domainIncludes为http://schema.org/ContactPoint、http://schema.org/DeliveryChargeSpecification、http://schema.org/Demand、http://schema.org/FinancialIncentive和http://schema.org/Offer等，两者不完全相同，因此availableAtOrFrom ⊑p areaServed不成立。",0,0,
hard_case_0303,subPropertyOf,brand ⊑p hasDesignation,"背景知识：
条目1：
- 名称：brand
- 类型：Property
- 简介：The brand(s) associated with a product or service, or the brand(s) maintained by an organization or business person.
- 补充信息：domainIncludes: http://schema.org/Organization, http://schema.org/Person, http://schema.org/Product, http://schema.org/Service | rangeIncludes: http://schema.org/Brand, http://sche...

条目2：
- 名称：hasDesignation
- 类型：Class
- 简介：hasDesignation is a class in the knowledge base.",1,llama-3.1-70b,0.0,8192,https://api2.aigcbest.top/v1,"判断结果：错误
解释：根据RDFS语义规则，brand是属性，而hasDesignation是类，属性不能是类的子类。",0,0,
hard_case_0304,subPropertyOf,certificationIdentification ⊑p hasRegistrationIdentifier,"背景知识：
条目1：
- 名称：certificationIdentification
- 类型：Property
- 简介：Identifier of a certification instance (as registered with an independent certification body). Typically this identifier can be used to consult and verify the certification instance. See also <a href=""https://www.gs1.org/voc/certificationId...
- 补充信息：domainIncludes: http://schema.org/Certification | rangeIncludes: http://schema.org/DefinedTerm, http://schema.org/Text

条目2：
- 名称：hasRegistrationIdentifier
- 类型：Class
- 简介：hasRegistrationIdentifier is a class in the knowledge base.",1,llama-3.1-70b,0.0,8192,https://api2.aigcbest.top/v1,"判断结果：错误
解释：根据背景知识，certificationIdentification 是一个属性，而 hasRegistrationIdentifier 是一个类，根据 RDFS 语义规则，属性不能是类的子类。",0,0,
hard_case_0305,subPropertyOf,clipNumber ⊑p position,"背景知识：
条目1：
- 名称：clipNumber
- 类型：Property
- 简介：Position of the clip within an ordered group of clips.
- 补充信息：domainIncludes: http://schema.org/Clip | rangeIncludes: http://schema.org/Integer, http://schema.org/Text

条目2：
- 名称：position
- 类型：Property
- 简介：The position of an item in a series or sequence of items.
- 补充信息：domainIncludes: http://schema.org/CreativeWork, http://schema.org/ListItem | rangeIncludes: http://schema.org/Integer, http://schema.org/Text",1,llama-3.1-70b,0.0,8192,https://api2.aigcbest.top/v1,"判断结果：错误
解释：根据背景知识，clipNumber的domainIncludes是http://schema.org/Clip，而position的domainIncludes是http://schema.org/CreativeWork和http://schema.org/ListItem，两者不完全匹配，因此clipNumber不能是position的子属性。",0,0,
hard_case_0306,subPropertyOf,confirmationNumber ⊑p identifier,"背景知识：
条目1：
- 名称：confirmationNumber
- 类型：Property
- 简介：A number that confirms the given order or payment has been received.
- 补充信息：domainIncludes: http://schema.org/Invoice, http://schema.org/Order | rangeIncludes: http://schema.org/Text

条目2：
- 名称：identifier
- 类型：Property
- 简介：The identifier property represents any kind of identifier for any kind of <a class=""localLink"" href=""/Thing"">Thing</a>, such as ISBNs, GTIN codes, UUIDs etc. Schema.org provides dedicated properties for representing many of these, either as...
- 补充信息：domainIncludes: http://schema.org/Thing | rangeIncludes: http://schema.org/PropertyValue, http://schema.org/Text, http://schema.org/URL",1,llama-3.1-70b,0.0,8192,https://api2.aigcbest.top/v1,"判断结果：错误
解释：根据背景知识，confirmationNumber的domainIncludes为Invoice和Order，而identifier的domainIncludes为Thing，且Thing是Invoice和Order的父类，根据RDFS语义规则，子类的属性不能包含父类的属性。",0,0,
hard_case_0307,subPropertyOf,episode ⊑p hasPart,"背景知识：
条目1：
- 名称：episode
- 类型：Property
- 简介：An episode of a TV, radio or game media within a series or season.
- 补充信息：domainIncludes: http://schema.org/CreativeWorkSeason, http://schema.org/RadioSeries, http://schema.org/TVSeries, http://schema.org/VideoGameSeries | rangeIncludes: http://schema.or...

条目2：
- 名称：hasPart
- 类型：Property
- 简介：Indicates an item or CreativeWork that is part of this item, or CreativeWork (in some sense).
- 补充信息：domainIncludes: http://schema.org/CreativeWork | rangeIncludes: http://schema.org/CreativeWork",1,llama-3.1-70b,0.0,8192,https://api2.aigcbest.top/v1,"判断结果：错误
解释：根据RDFS语义规则，episode是属性，而hasPart是属性，属性不能是另一个属性的子属性。",0,0,
hard_case_0308,subPropertyOf,handlingTime ⊑p duration,"背景知识：
条目1：
- 名称：handlingTime
- 类型：Property
- 简介：The typical delay between the receipt of the order and the goods either leaving the warehouse or being prepared for pickup, in case the delivery method is on site pickup.<br/><br/> In the context of <a class=""localLink"" href=""/ShippingDeliv...
- 补充信息：domainIncludes: http://schema.org/ShippingDeliveryTime, http://schema.org/ShippingService | rangeIncludes: http://schema.org/QuantitativeValue, http://schema.org/ServicePeriod

条目2：
- 名称：duration
- 类型：Property
- 简介：The duration of the item (movie, audio recording, event, etc.) in <a href=""http://en.wikipedia.org/wiki/ISO_8601"">ISO 8601 duration format</a>.
- 补充信息：domainIncludes: http://schema.org/Audiobook, http://schema.org/Episode, http://schema.org/Event, http://schema.org/MediaObject, http://schema.org/Movie, http://schema.org/MusicReco...",1,llama-3.1-70b,0.0,8192,https://api2.aigcbest.top/v1,"判断结果：错误
解释：根据背景知识，handlingTime 和 duration 属于不同类别的属性，且没有明显的包含关系，因此不能推断 handlingTime 是 duration 的子属性。",0,0,
hard_case_0309,subPropertyOf,hasCategoryCode ⊑p hasDefinedTerm,"背景知识：
条目1：
- 名称：hasCategoryCode
- 类型：Property
- 简介：A Category code contained in this code set.
- 补充信息：domainIncludes: http://schema.org/CategoryCodeSet | rangeIncludes: http://schema.org/CategoryCode

条目2：
- 名称：hasDefinedTerm
- 类型：Property
- 简介：A Defined Term contained in this term set.
- 补充信息：domainIncludes: http://schema.org/DefinedTermSet, http://schema.org/Taxon | rangeIncludes: http://schema.org/DefinedTerm",1,llama-3.1-70b,0.0,8192,https://api2.aigcbest.top/v1,"判断结果：错误
解释：根据背景知识，hasCategoryCode和hasDefinedTerm的domain和range分别对应不同的类，且没有显示的包含关系，因此不能推断hasCategoryCode是hasDefinedTerm的子属性。",0,0,
hard_case_0314,subPropertyOf,inChI ⊑p hasRepresentation,"背景知识：
条目1：
- 名称：inChI
- 类型：Property
- 简介：Non-proprietary identifier for molecular entity that can be used in printed and electronic data sources thus enabling easier linking of diverse data compilations.
- 补充信息：domainIncludes: http://schema.org/MolecularEntity | rangeIncludes: http://schema.org/Text

条目2：
- 名称：hasRepresentation
- 类型：Property
- 简介：A common representation such as a protein sequence or chemical structure for this entity. For images use schema.org/image.
- 补充信息：domainIncludes: http://schema.org/BioChemEntity | rangeIncludes: http://schema.org/PropertyValue, http://schema.org/Text, http://schema.org/URL",1,llama-3.1-70b,0.0,8192,https://api2.aigcbest.top/v1,"判断结果：错误
解释：根据背景知识，inChI的rangeIncludes是http://schema.org/Text，而hasRepresentation的rangeIncludes是http://schema.org/PropertyValue、http://schema.org/Text和http://schema.org/URL，两者rangeIncludes不完全匹配，因此inChI不能是hasRepresentation的子属性。",0,0,
hard_case_0315,subPropertyOf,isVariantOf ⊑p exemplifies,"背景知识：
条目1：
- 名称：isVariantOf
- 类型：Property
- 简介：Indicates the kind of product that this is a variant of. In the case of <a class=""localLink"" href=""/ProductModel"">ProductModel</a>, this is a pointer (from a ProductModel) to a base product from which this product is a variant. It is safe t...
- 补充信息：domainIncludes: http://schema.org/Product, http://schema.org/ProductModel | rangeIncludes: http://schema.org/ProductGroup, http://schema.org/ProductModel

条目2：
- 名称：exemplifies
- 类型：Class
- 简介：exemplifies is a class in the knowledge base.",1,llama-3.1-70b,0.0,8192,https://api2.aigcbest.top/v1,"判断结果：错误
解释：根据RDFS语义规则，isVariantOf是属性，而exemplifies是类，属性不能是类的子类。",0,0,
hard_case_0316,subPropertyOf,itemLocation ⊑p location,"背景知识：
条目1：
- 名称：itemLocation
- 类型：Property
- 简介：Current location of the item.
- 补充信息：domainIncludes: http://schema.org/ArchiveComponent | rangeIncludes: http://schema.org/Place, http://schema.org/PostalAddress, http://schema.org/Text

条目2：
- 名称：location
- 类型：Property
- 简介：The location of, for example, where an event is happening, where an organization is located, or where an action takes place.
- 补充信息：domainIncludes: http://schema.org/Action, http://schema.org/Event, http://schema.org/InteractionCounter, http://schema.org/Organization | rangeIncludes: http://schema.org/Place, ht...",1,llama-3.1-70b,0.0,8192,https://api2.aigcbest.top/v1,"判断结果：错误
解释：根据背景知识，itemLocation和location的domain和range不完全一致，itemLocation ⊑p location不满足RDFS的subPropertyOf语义规则。",0,0,
hard_case_0317,subPropertyOf,legalName ⊑p hasName,"背景知识：
条目1：
- 名称：legalName
- 类型：Property
- 简介：The official name of the organization, e.g. the registered company name.
- 补充信息：domainIncludes: http://schema.org/Organization | rangeIncludes: http://schema.org/Text

条目2：
- 名称：hasName
- 类型：Class
- 简介：hasName is a class in the knowledge base.",1,llama-3.1-70b,0.0,8192,https://api2.aigcbest.top/v1,"判断结果：错误
解释：根据RDFS语义规则，legalName是属性，而hasName是类，属性不能是类的子类。",0,0,
hard_case_0318,subPropertyOf,legislationCommences ⊑p legislationChanges,"背景知识：
条目1：
- 名称：legislationCommences
- 类型：Property
- 简介：Another legislation that this one sets into force.
- 补充信息：domainIncludes: http://schema.org/Legislation | rangeIncludes: http://schema.org/Legislation

条目2：
- 名称：legislationChanges
- 类型：Property
- 简介：Another legislation that this legislation changes. This encompasses the notions of amendment, replacement, correction, repeal, or other types of change. This may be a direct change (textual or non-textual amendment) or a consequential or in...
- 补充信息：domainIncludes: http://schema.org/Legislation | rangeIncludes: http://schema.org/Legislation",1,llama-3.1-70b,0.0,8192,https://api2.aigcbest.top/v1,"判断结果：错误
解释：根据背景知识，legislationCommences和legislationChanges的domain和range都为http://schema.org/Legislation，但两者的含义不同，legislationCommences表示立法开始生效，而legislationChanges表示立法的改变，因此不能推断legislationCommences是legislationChanges的子属性。",0,0,
hard_case_0319,subPropertyOf,legislationDate ⊑p dateCreated,"背景知识：
条目1：
- 名称：legislationDate
- 类型：Property
- 简介：The date of adoption or signature of the legislation. This is the date at which the text is officially aknowledged to be a legislation, even though it might not even be published or in force.
- 补充信息：domainIncludes: http://schema.org/Legislation | rangeIncludes: http://schema.org/Date

条目2：
- 名称：dateCreated
- 类型：Property
- 简介：The date on which the CreativeWork was created or the item was added to a DataFeed.
- 补充信息：domainIncludes: http://schema.org/CreativeWork, http://schema.org/DataFeedItem | rangeIncludes: http://schema.org/Date, http://schema.org/DateTime",1,llama-3.1-70b,0.0,8192,https://api2.aigcbest.top/v1,"判断结果：错误
解释：根据背景知识，legislationDate的domain是Legislation，而dateCreated的domain是CreativeWork和DataFeedItem，两者没有直接的包含关系。",0,0,
hard_case_0320,subPropertyOf,legislationJurisdiction ⊑p spatialCoverage,"背景知识：
条目1：
- 名称：legislationJurisdiction
- 类型：Property
- 简介：The jurisdiction from which the legislation originates.
- 补充信息：domainIncludes: http://schema.org/Legislation | rangeIncludes: http://schema.org/AdministrativeArea, http://schema.org/Text

条目2：
- 名称：spatialCoverage
- 类型：Property
- 简介：The spatialCoverage of a CreativeWork indicates the place(s) which are the focus of the content. It is a subproperty of contentLocation intended primarily for more technical and detailed materials. For example with a Dataset, it indicates a...
- 补充信息：domainIncludes: http://schema.org/CreativeWork | rangeIncludes: http://schema.org/Place",1,llama-3.1-70b,0.0,8192,https://api2.aigcbest.top/v1,"判断结果：错误
解释：根据背景知识，legislationJurisdiction 和 spatialCoverage 的 domain 和 range 不一致，legislationJurisdiction 的 domain 是 Legislation，range 是 AdministrativeArea 或 Text，而 spatialCoverage 的 domain 是 CreativeWork，range 是 Place，因此不能推断 legislationJurisdiction 是 spatialCoverage 的子属性。",0,0,
hard_case_0321,subPropertyOf,legislationPassedBy ⊑p creator,"背景知识：
条目1：
- 名称：legislationPassedBy
- 类型：Property
- 简介：The person or organization that originally passed or made the law: typically parliament (for primary legislation) or government (for secondary legislation). This indicates the ""legal author"" of the law, as opposed to its physical author.
- 补充信息：domainIncludes: http://schema.org/Legislation | rangeIncludes: http://schema.org/Organization, http://schema.org/Person

条目2：
- 名称：creator
- 类型：Property
- 简介：The creator/author of this CreativeWork. This is the same as the Author property for CreativeWork.
- 补充信息：domainIncludes: http://schema.org/CreativeWork, http://schema.org/UserComments | rangeIncludes: http://schema.org/Organization, http://schema.org/Person",1,llama-3.1-70b,0.0,8192,https://api2.aigcbest.top/v1,"判断结果：错误
解释：根据背景知识，legislationPassedBy 的 domainIncludes 是 Legislation，而 creator 的 domainIncludes 是 CreativeWork 和 UserComments，两者不相等，因此不能推断 legislationPassedBy 是 creator 的子属性。",0,0,
hard_case_0322,subPropertyOf,legislationType ⊑p genre,"背景知识：
条目1：
- 名称：legislationType
- 类型：Property
- 简介：The type of the legislation. Examples of values are ""law"", ""act"", ""directive"", ""decree"", ""regulation"", ""statutory instrument"", ""loi organique"", ""règlement grand-ducal"", etc., depending on the country.
- 补充信息：domainIncludes: http://schema.org/Legislation | rangeIncludes: http://schema.org/CategoryCode, http://schema.org/Text

条目2：
- 名称：genre
- 类型：Property
- 简介：Genre of the creative work, broadcast channel or group.
- 补充信息：domainIncludes: http://schema.org/BroadcastChannel, http://schema.org/CreativeWork, http://schema.org/MusicGroup | rangeIncludes: http://schema.org/DefinedTerm, http://schema.org/T...",1,llama-3.1-70b,0.0,8192,https://api2.aigcbest.top/v1,"判断结果：错误
解释：根据背景知识，legislationType 和 genre 属于不同类别且具有不同的语义约束，legislationType 表示立法类型，而 genre 表示创作作品、广播频道或团体的类型，二者之间不具有子属性关系。",0,0,
hard_case_0323,subPropertyOf,logo ⊑p image,"背景知识：
条目1：
- 名称：logo
- 类型：Property
- 简介：An associated logo.
- 补充信息：domainIncludes: http://schema.org/Brand, http://schema.org/Certification, http://schema.org/Organization, http://schema.org/Place, http://schema.org/Product, http://schema.org/Serv...

条目2：
- 名称：image
- 类型：Property
- 简介：An image of the item. This can be a <a class=""localLink"" href=""/URL"">URL</a> or a fully described <a class=""localLink"" href=""/ImageObject"">ImageObject</a>.
- 补充信息：domainIncludes: http://schema.org/Thing | rangeIncludes: http://schema.org/ImageObject, http://schema.org/URL",1,llama-3.1-70b,0.0,8192,https://api2.aigcbest.top/v1,"判断结果：错误
解释：根据背景知识，logo和image是两个不同的属性，logo表示关联的logo，image表示项目的图像，两者没有包含关系。",0,0,
hard_case_0324,subPropertyOf,longitude ⊑p hasLongitude,"背景知识：
条目1：
- 名称：longitude
- 类型：Property
- 简介：The longitude of a location. For example <code>-122.08585</code> (<a href=""https://en.wikipedia.org/wiki/World_Geodetic_System"">WGS 84</a>).
- 补充信息：domainIncludes: http://schema.org/GeoCoordinates, http://schema.org/Place | rangeIncludes: http://schema.org/Number, http://schema.org/Text

条目2：
- 名称：hasLongitude
- 类型：Class
- 简介：hasLongitude is a class in the knowledge base.",1,llama-3.1-70b,0.0,8192,https://api2.aigcbest.top/v1,"判断结果：错误
解释：根据RDFS语义规则，longitude是属性，而hasLongitude是类，属性不能是类的子类。",0,0,
hard_case_0326,subPropertyOf,minimumPaymentDue ⊑p hasLowerBound,"背景知识：
条目1：
- 名称：minimumPaymentDue
- 类型：Property
- 简介：The minimum payment required at this time.
- 补充信息：domainIncludes: http://schema.org/Invoice | rangeIncludes: http://schema.org/MonetaryAmount, http://schema.org/PriceSpecification

条目2：
- 名称：hasLowerBound
- 类型：Class
- 简介：hasLowerBound is a class in the knowledge base.",1,llama-3.1-70b,0.0,8192,https://api2.aigcbest.top/v1,"判断结果：错误
解释：根据RDFS语义规则，minimumPaymentDue是属性，而hasLowerBound是类，属性不能是类的子类。",0,0,
hard_case_0327,subPropertyOf,missionCoveragePrioritiesPolicy ⊑p publishingPrinciples,"背景知识：
条目1：
- 名称：missionCoveragePrioritiesPolicy
- 类型：Property
- 简介：For a <a class=""localLink"" href=""/NewsMediaOrganization"">NewsMediaOrganization</a>, a statement on coverage priorities, including any public agenda or stance on issues.
- 补充信息：domainIncludes: http://schema.org/NewsMediaOrganization | rangeIncludes: http://schema.org/CreativeWork, http://schema.org/URL

条目2：
- 名称：publishingPrinciples
- 类型：Property
- 简介：The publishingPrinciples property indicates (typically via <a class=""localLink"" href=""/URL"">URL</a>) a document describing the editorial principles of an <a class=""localLink"" href=""/Organization"">Organization</a> (or individual, e.g. a <a c...
- 补充信息：domainIncludes: http://schema.org/CreativeWork, http://schema.org/Organization, http://schema.org/Person | rangeIncludes: http://schema.org/CreativeWork, http://schema.org/URL",1,llama-3.1-70b,0.0,8192,https://api2.aigcbest.top/v1,"判断结果：错误
解释：根据背景知识，missionCoveragePrioritiesPolicy的domainIncludes是NewsMediaOrganization，而publishingPrinciples的domainIncludes是CreativeWork、Organization和Person，两者不完全匹配，因此不能推断missionCoveragePrioritiesPolicy是publishingPrinciples的子属性。",0,0,
hard_case_0328,subPropertyOf,nsn ⊑p identifiedBy,"背景知识：
条目1：
- 名称：nsn
- 类型：Property
- 简介：Indicates the <a href=""https://en.wikipedia.org/wiki/NATO_Stock_Number"">NATO stock number</a> (nsn) of a <a class=""localLink"" href=""/Product"">Product</a>.
- 补充信息：domainIncludes: http://schema.org/Product | rangeIncludes: http://schema.org/Text

条目2：
- 名称：identifiedBy
- 类型：Class
- 简介：identifiedBy is a class in the knowledge base.",1,llama-3.1-70b,0.0,8192,https://api2.aigcbest.top/v1,"判断结果：错误
解释：nsn是属性，identifiedBy是类，根据RDFS语义规则，属性不能是类的子类。",0,0,
hard_case_0329,subPropertyOf,orderDate ⊑p hasDate,"背景知识：
条目1：
- 名称：orderDate
- 类型：Property
- 简介：Date order was placed.
- 补充信息：domainIncludes: http://schema.org/Order | rangeIncludes: http://schema.org/Date, http://schema.org/DateTime

条目2：
- 名称：hasDate
- 类型：Class
- 简介：hasDate is a class in the knowledge base.",1,llama-3.1-70b,0.0,8192,https://api2.aigcbest.top/v1,"判断结果：错误
解释：根据RDFS语义规则，orderDate是属性，而hasDate是类，属性不能是类的子类。",0,0,
hard_case_0330,subPropertyOf,orderNumber ⊑p identifier,"背景知识：
条目1：
- 名称：orderNumber
- 类型：Property
- 简介：The identifier of the transaction.
- 补充信息：domainIncludes: http://schema.org/Order | rangeIncludes: http://schema.org/Text

条目2：
- 名称：identifier
- 类型：Property
- 简介：The identifier property represents any kind of identifier for any kind of <a class=""localLink"" href=""/Thing"">Thing</a>, such as ISBNs, GTIN codes, UUIDs etc. Schema.org provides dedicated properties for representing many of these, either as...
- 补充信息：domainIncludes: http://schema.org/Thing | rangeIncludes: http://schema.org/PropertyValue, http://schema.org/Text, http://schema.org/URL",1,llama-3.1-70b,0.0,8192,https://api2.aigcbest.top/v1,"判断结果：错误
解释：orderNumber的domain是http://schema.org/Order，而identifier的domain是http://schema.org/Thing，根据RDFS语义规则，子属性的domain应是父属性domain的子类，但Order不是Thing的子类。",0,0,
hard_case_0332,subPropertyOf,partOfInvoice ⊑p isReferencedIn,"背景知识：
条目1：
- 名称：partOfInvoice
- 类型：Property
- 简介：The order is being paid as part of the referenced Invoice.
- 补充信息：domainIncludes: http://schema.org/Order | rangeIncludes: http://schema.org/Invoice

条目2：
- 名称：isReferencedIn
- 类型：Class
- 简介：isReferencedIn is a class in the knowledge base.",1,llama-3.1-70b,0.0,8192,https://api2.aigcbest.top/v1,"判断结果：错误
解释：根据RDFS语义规则，partOfInvoice是属性，而isReferencedIn是类，属性不能是类的子类。",0,0,
hard_case_0333,subPropertyOf,paymentUrl ⊑p hasAddress,"背景知识：
条目1：
- 名称：paymentUrl
- 类型：Property
- 简介：The URL for sending a payment.
- 补充信息：domainIncludes: http://schema.org/Order | rangeIncludes: http://schema.org/URL

条目2：
- 名称：hasAddress
- 类型：Class
- 简介：hasAddress is a class in the knowledge base.",1,llama-3.1-70b,0.0,8192,https://api2.aigcbest.top/v1,"判断结果：错误
解释：根据RDFS语义规则，paymentUrl是属性，而hasAddress是类，属性不能是类的子类。",0,0,
hard_case_0335,subPropertyOf,priceCurrency ⊑p hasCurrency,"背景知识：
条目1：
- 名称：priceCurrency
- 类型：Property
- 简介：The currency of the price, or a price component when attached to <a class=""localLink"" href=""/PriceSpecification"">PriceSpecification</a> and its subtypes.<br/><br/> Use standard formats: <a href=""http://en.wikipedia.org/wiki/ISO_4217"">ISO 42...
- 补充信息：domainIncludes: http://schema.org/DonateAction, http://schema.org/Offer, http://schema.org/PriceSpecification, http://schema.org/Reservation, http://schema.org/Ticket, http://schem...

条目2：
- 名称：hasCurrency
- 类型：Class
- 简介：hasCurrency is a class in the knowledge base.",1,llama-3.1-70b,0.0,8192,https://api2.aigcbest.top/v1,"判断结果：错误
解释：根据RDFS语义规则，priceCurrency是属性，而hasCurrency是类，属性不能是类的子类。",0,0,
hard_case_0336,subPropertyOf,readBy ⊑p actor,"背景知识：
条目1：
- 名称：readBy
- 类型：Property
- 简介：A person who reads (performs) the audiobook.
- 补充信息：domainIncludes: http://schema.org/Audiobook | rangeIncludes: http://schema.org/Person

条目2：
- 名称：actor
- 类型：Property
- 简介：An actor (individual or a group), e.g. in TV, radio, movie, video games etc., or in an event. Actors can be associated with individual items or with a series, episode, clip.
- 补充信息：domainIncludes: http://schema.org/Clip, http://schema.org/CreativeWorkSeason, http://schema.org/Episode, http://schema.org/Event, http://schema.org/Movie, http://schema.org/MovieSe...",1,llama-3.1-70b,0.0,8192,https://api2.aigcbest.top/v1,"判断结果：错误
解释：根据背景知识，readBy的domainIncludes是Audiobook，而actor的domainIncludes是Clip、CreativeWorkSeason、Episode、Event、Movie等，与readBy的domainIncludes不一致，因此不能推断readBy是actor的子属性。",0,0,
hard_case_0337,subPropertyOf,recipeIngredient ⊑p supply,"背景知识：
条目1：
- 名称：recipeIngredient
- 类型：Property
- 简介：An ingredient or ordered list of ingredients and potentially quantities used in the recipe, e.g. 1 cup of sugar, flour or garlic. The ingredients can be represented as free text or more structured values.
- 补充信息：domainIncludes: http://schema.org/Recipe | rangeIncludes: http://schema.org/ItemList, http://schema.org/PropertyValue, http://schema.org/Text

条目2：
- 名称：supply
- 类型：Property
- 简介：A sub-property of instrument. A supply consumed when performing instructions or a direction.
- 补充信息：domainIncludes: http://schema.org/HowTo, http://schema.org/HowToDirection | rangeIncludes: http://schema.org/HowToSupply, http://schema.org/Text",1,llama-3.1-70b,0.0,8192,https://api2.aigcbest.top/v1,"判断结果：错误
解释：根据背景知识，recipeIngredient和supply是两个不同的属性，分别表示食谱中的成分和供给，且它们的domain和range也不相同，因此不能建立子属性关系。",0,0,
hard_case_0338,subPropertyOf,servicePhone ⊑p hasAddress,"背景知识：
条目1：
- 名称：servicePhone
- 类型：Property
- 简介：The phone number to use to access the service.
- 补充信息：domainIncludes: http://schema.org/ServiceChannel | rangeIncludes: http://schema.org/ContactPoint

条目2：
- 名称：hasAddress
- 类型：Class
- 简介：hasAddress is a class in the knowledge base.",1,llama-3.1-70b,0.0,8192,https://api2.aigcbest.top/v1,"判断结果：错误
解释：根据RDFS语义规则，servicePhone是属性，而hasAddress是类，属性不能是类的子类。",0,0,
hard_case_0339,subPropertyOf,serviceSmsNumber ⊑p hasAddress,"背景知识：
条目1：
- 名称：serviceSmsNumber
- 类型：Property
- 简介：The number to access the service by text message.
- 补充信息：domainIncludes: http://schema.org/ServiceChannel | rangeIncludes: http://schema.org/ContactPoint

条目2：
- 名称：hasAddress
- 类型：Class
- 简介：hasAddress is a class in the knowledge base.",1,llama-3.1-70b,0.0,8192,https://api2.aigcbest.top/v1,"判断结果：错误
解释：根据RDFS语义规则，serviceSmsNumber是属性，而hasAddress是类，属性不能是类的子类。",0,0,
hard_case_0340,subPropertyOf,sha256 ⊑p description,"背景知识：
条目1：
- 名称：sha256
- 类型：Property
- 简介：The <a href=""https://en.wikipedia.org/wiki/SHA-2"">SHA-2</a> SHA256 hash of the content of the item. For example, a zero-length input has value 'e3b0c44298fc1c149afbf4c8996fb92427ae41e4649b934ca495991b7852b855'.
- 补充信息：domainIncludes: http://schema.org/MediaObject | rangeIncludes: http://schema.org/Text

条目2：
- 名称：description
- 类型：Property
- 简介：A description of the item.
- 补充信息：domainIncludes: http://schema.org/Thing | rangeIncludes: http://schema.org/Text, http://schema.org/TextObject",1,llama-3.1-70b,0.0,8192,https://api2.aigcbest.top/v1,"判断结果：错误
解释：根据RDFS语义规则，sha256和description是两个不同的属性，且没有显示出任何包含关系，因此不能推断出sha256是description的子属性。",0,0,
hard_case_0341,subPropertyOf,surface ⊑p material,"背景知识：
条目1：
- 名称：surface
- 类型：Property
- 简介：A material used as a surface in some artwork, e.g. Canvas, Paper, Wood, Board, etc.
- 补充信息：domainIncludes: http://schema.org/VisualArtwork | rangeIncludes: http://schema.org/Text, http://schema.org/URL

条目2：
- 名称：material
- 类型：Property
- 简介：A material that something is made from, e.g. leather, wool, cotton, paper.
- 补充信息：domainIncludes: http://schema.org/CreativeWork, http://schema.org/Product | rangeIncludes: http://schema.org/Product, http://schema.org/Text, http://schema.org/URL",1,llama-3.1-70b,0.0,8192,https://api2.aigcbest.top/v1,"判断结果：错误
解释：根据背景知识，surface和material的domain和range不完全一致，surface ⊑p material不符合RDFS的subPropertyOf语义规则。",0,0,
hard_case_0342,subPropertyOf,unnamedSourcesPolicy ⊑p publishingPrinciples,"背景知识：
条目1：
- 名称：unnamedSourcesPolicy
- 类型：Property
- 简介：For an <a class=""localLink"" href=""/Organization"">Organization</a> (typically a <a class=""localLink"" href=""/NewsMediaOrganization"">NewsMediaOrganization</a>), a statement about policy on use of unnamed sources and the decision process requir...
- 补充信息：domainIncludes: http://schema.org/NewsMediaOrganization, http://schema.org/Organization | rangeIncludes: http://schema.org/CreativeWork, http://schema.org/URL

条目2：
- 名称：publishingPrinciples
- 类型：Property
- 简介：The publishingPrinciples property indicates (typically via <a class=""localLink"" href=""/URL"">URL</a>) a document describing the editorial principles of an <a class=""localLink"" href=""/Organization"">Organization</a> (or individual, e.g. a <a c...
- 补充信息：domainIncludes: http://schema.org/CreativeWork, http://schema.org/Organization, http://schema.org/Person | rangeIncludes: http://schema.org/CreativeWork, http://schema.org/URL",1,llama-3.1-70b,0.0,8192,https://api2.aigcbest.top/v1,"判断结果：错误
解释：unnamedSourcesPolicy和publishingPrinciples的domain和range不一致，不能直接推断出unnamedSourcesPolicy是publishingPrinciples的子属性。",0,0,
hard_case_0344,domain,domain(activeIngredient) = DrugStrength,"背景知识：
条目1：
- 名称：activeIngredient
- 类型：Property
- 简介：An active ingredient, typically chemical compounds and/or biologic substances.
- 补充信息：domainIncludes: http://schema.org/DietarySupplement, http://schema.org/Drug, http://schema.org/DrugStrength, http://schema.org/Substance | rangeIncludes: http://schema.org/Text

条目2：
- 名称：DrugStrength
- 类型：Property
- 简介：DrugStrength is a property in the knowledge base.",1,llama-3.1-70b,0.0,8192,https://api2.aigcbest.top/v1,"判断结果：错误
解释：根据背景知识，activeIngredient的domainIncludes为DietarySupplement、Drug、DrugStrength和Substance，而不是仅为DrugStrength。",0,0,
hard_case_0345,domain,domain(attendee) = Event,"背景知识：
条目1：
- 名称：attendee
- 类型：Property
- 简介：A person or organization attending the event.
- 补充信息：domainIncludes: http://schema.org/Event | rangeIncludes: http://schema.org/Organization, http://schema.org/Person

条目2：
- 名称：Event
- 类型：Property
- 简介：Event or the event may refer to:",1,llama-3.1-70b,0.0,8192,https://api2.aigcbest.top/v1,"判断结果：错误
解释：根据背景知识，attendee属性的domainIncludes是http://schema.org/Event，但其类型是Property，而非Class，且Event的类型也是Property，与RDFS语义规则不符。",0,0,
hard_case_0346,domain,domain(contactPoint) = Organization,"背景知识：
条目1：
- 名称：contactPoint
- 类型：Property
- 简介：A contact point for a person or organization.
- 补充信息：domainIncludes: http://schema.org/HealthInsurancePlan, http://schema.org/Organization, http://schema.org/Person | rangeIncludes: http://schema.org/ContactPoint

条目2：
- 名称：Organization
- 类型：Property
- 简介：An organization or organisation is an entity—such as a company, or corporation or an institution, or an association—comprising one or more people and having a particular purpose.",1,llama-3.1-70b,0.0,8192,https://api2.aigcbest.top/v1,"判断结果：错误
解释：根据背景知识，contactPoint的domainIncludes不仅包括Organization，还包括HealthInsurancePlan和Person，因此不能仅将其domain限定为Organization。",0,0,
hard_case_0347,domain,domain(contactPoint) = Person,"背景知识：
条目1：
- 名称：contactPoint
- 类型：Property
- 简介：A contact point for a person or organization.
- 补充信息：domainIncludes: http://schema.org/HealthInsurancePlan, http://schema.org/Organization, http://schema.org/Person | rangeIncludes: http://schema.org/ContactPoint

条目2：
- 名称：Person
- 类型：Property
- 简介：A person is a being who has certain capacities or attributes such as reason, morality, consciousness or self-consciousness, and being a part of a culturally established form of social relations such as kinship, ownership of property, or leg...",1,llama-3.1-70b,0.0,8192,https://api2.aigcbest.top/v1,"判断结果：错误
解释：根据背景知识，contactPoint的domainIncludes包括Person，但不仅限于Person，还包括HealthInsurancePlan和Organization，因此不能断言domain(contactPoint)仅等于Person。",0,0,
hard_case_0348,domain,domain(countryOfOrigin) = Movie,"背景知识：
条目1：
- 名称：countryOfOrigin
- 类型：Property
- 简介：The country of origin of something, including products as well as creative works such as movie and TV content.<br/><br/> In the case of TV and movie, this would be the country of the principle offices of the production company or individual...
- 补充信息：domainIncludes: http://schema.org/CreativeWork, http://schema.org/Movie, http://schema.org/Product, http://schema.org/TVEpisode, http://schema.org/TVSeason, http://schema.org/TVSer...

条目2：
- 名称：Movie
- 类型：Property
- 简介：A film, movie, or motion picture is a work of visual art that simulates experiences and otherwise communicates ideas, stories, perceptions, emotions, or atmosphere through the use of moving images that are generally, since the 1930s, synchr...",1,llama-3.1-70b,0.0,8192,https://api2.aigcbest.top/v1,"判断结果：错误
解释：根据背景知识，countryOfOrigin的domainIncludes不仅包括Movie，还包括其他类，如CreativeWork、Product等，因此不能将其domain限定为仅Movie。",0,0,
hard_case_0352,domain,domain(eligibleRegion) = DeliveryChargeSpecification,"背景知识：
条目1：
- 名称：eligibleRegion
- 类型：Property
- 简介：The ISO 3166-1 (ISO 3166-1 alpha-2) or ISO 3166-2 code, the place, or the GeoShape for the geo-political region(s) for which the offer or delivery charge specification is valid.<br/><br/> See also <a class=""localLink"" href=""/ineligibleRegio...
- 补充信息：domainIncludes: http://schema.org/ActionAccessSpecification, http://schema.org/DeliveryChargeSpecification, http://schema.org/Demand, http://schema.org/Offer | rangeIncludes: http:...

条目2：
- 名称：DeliveryChargeSpecification
- 类型：Property
- 简介：DeliveryChargeSpecification is a property in the knowledge base.",1,llama-3.1-70b,0.0,8192,https://api2.aigcbest.top/v1,"判断结果：错误
解释：根据背景知识，eligibleRegion的domainIncludes有多个类，而公理中仅指定了一个类DeliveryChargeSpecification，与背景知识不符。",0,0,
hard_case_0353,domain,domain(endTime) = Action,"背景知识：
条目1：
- 名称：endTime
- 类型：Property
- 简介：The endTime of something. For a reserved event or service (e.g. FoodEstablishmentReservation), the time that it is expected to end. For actions that span a period of time, when the action was performed. E.g. John wrote a book from January t...
- 补充信息：domainIncludes: http://schema.org/Action, http://schema.org/FoodEstablishmentReservation, http://schema.org/InteractionCounter, http://schema.org/MediaObject, http://schema.org/Sch...

条目2：
- 名称：Action
- 类型：Property
- 简介：Action may refer to:Action (philosophy), something which is done by a person Action principles the heart of fundamental physics Action (narrative), a literary mode Action fiction, a type of genre fiction Action game, a genre of video game",1,llama-3.1-70b,0.0,8192,https://api2.aigcbest.top/v1,"判断结果：错误
解释：endTime属性的domain不仅包括Action，还包括其他类，如FoodEstablishmentReservation、InteractionCounter、MediaObject等。",0,0,
hard_case_0354,domain,domain(estimatedSalary) = JobPosting,"背景知识：
条目1：
- 名称：estimatedSalary
- 类型：Property
- 简介：An estimated salary for a job posting or occupation, based on a variety of variables including, but not limited to industry, job title, and location. Estimated salaries are often computed by outside organizations rather than the hiring orga...
- 补充信息：domainIncludes: http://schema.org/JobPosting, http://schema.org/Occupation | rangeIncludes: http://schema.org/MonetaryAmount, http://schema.org/MonetaryAmountDistribution, http://s...

条目2：
- 名称：JobPosting
- 类型：Property
- 简介：JobPosting is a property in the knowledge base.",1,llama-3.1-70b,0.0,8192,https://api2.aigcbest.top/v1,"判断结果：错误
解释：根据背景知识，estimatedSalary的domainIncludes为http://schema.org/JobPosting和http://schema.org/Occupation，而不是仅为JobPosting。",0,0,
hard_case_0355,domain,domain(funding) = BioChemEntity,"背景知识：
条目1：
- 名称：funding
- 类型：Property
- 简介：A <a class=""localLink"" href=""/Grant"">Grant</a> that directly or indirectly provide funding or sponsorship for this item. See also <a class=""localLink"" href=""/ownershipFundingInfo"">ownershipFundingInfo</a>.
- 补充信息：domainIncludes: http://schema.org/BioChemEntity, http://schema.org/CreativeWork, http://schema.org/Event, http://schema.org/MedicalEntity, http://schema.org/Organization, http://sc...

条目2：
- 名称：BioChemEntity
- 类型：Property
- 简介：BioChemEntity is a property in the knowledge base.",1,llama-3.1-70b,0.0,8192,https://api2.aigcbest.top/v1,"判断结果：错误
解释：根据背景知识，funding的domainIncludes包括多个类，而不仅仅是BioChemEntity。",0,0,
hard_case_0356,domain,domain(gtin14) = Offer,"背景知识：
条目1：
- 名称：gtin14
- 类型：Property
- 简介：The GTIN-14 code of the product, or the product to which the offer refers. See <a href=""http://www.gs1.org/barcodes/technical/idkeys/gtin"">GS1 GTIN Summary</a> for more details.
- 补充信息：domainIncludes: http://schema.org/Demand, http://schema.org/Offer, http://schema.org/Product | rangeIncludes: http://schema.org/Text

条目2：
- 名称：Offer
- 类型：Property
- 简介：(The) Offer or offers may refer to:",1,llama-3.1-70b,0.0,8192,https://api2.aigcbest.top/v1,"判断结果：错误
解释：根据背景知识，gtin14的domainIncludes为Demand、Offer和Product，而非仅为Offer。",0,0,
hard_case_0357,domain,domain(handlingTime) = ShippingService,"背景知识：
条目1：
- 名称：handlingTime
- 类型：Property
- 简介：The typical delay between the receipt of the order and the goods either leaving the warehouse or being prepared for pickup, in case the delivery method is on site pickup.<br/><br/> In the context of <a class=""localLink"" href=""/ShippingDeliv...
- 补充信息：domainIncludes: http://schema.org/ShippingDeliveryTime, http://schema.org/ShippingService | rangeIncludes: http://schema.org/QuantitativeValue, http://schema.org/ServicePeriod

条目2：
- 名称：ShippingService
- 类型：Property
- 简介：ShippingService is a property in the knowledge base.",1,llama-3.1-70b,0.0,8192,https://api2.aigcbest.top/v1,"判断结果：错误
解释：根据背景知识，handlingTime的domainIncludes是http://schema.org/ShippingDeliveryTime和http://schema.org/ShippingService，而不是仅仅等于ShippingService。",0,0,
hard_case_0358,domain,domain(hasCertification) = Place,"背景知识：
条目1：
- 名称：hasCertification
- 类型：Property
- 简介：Certification information about a product, organization, service, place, or person.
- 补充信息：domainIncludes: http://schema.org/Organization, http://schema.org/Person, http://schema.org/Place, http://schema.org/Product, http://schema.org/Service | rangeIncludes: http://sche...

条目2：
- 名称：Place
- 类型：Property
- 简介：Place may refer to:",1,llama-3.1-70b,0.0,8192,https://api2.aigcbest.top/v1,"判断结果：错误
解释：根据背景知识，hasCertification的domainIncludes包括Organization、Person、Place、Product和Service，而不仅仅是Place。",0,0,
hard_case_0359,domain,domain(hasDefinedTerm) = DefinedTermSet,"背景知识：
条目1：
- 名称：hasDefinedTerm
- 类型：Property
- 简介：A Defined Term contained in this term set.
- 补充信息：domainIncludes: http://schema.org/DefinedTermSet, http://schema.org/Taxon | rangeIncludes: http://schema.org/DefinedTerm

条目2：
- 名称：DefinedTermSet
- 类型：Property
- 简介：DefinedTermSet is a property in the knowledge base.",1,llama-3.1-70b,0.0,8192,https://api2.aigcbest.top/v1,"判断结果：错误
解释：根据背景知识，hasDefinedTerm的domainIncludes是http://schema.org/DefinedTermSet和http://schema.org/Taxon，而不是仅仅是DefinedTermSet。",0,0,
hard_case_0360,domain,domain(hasMeasurement) = Product,"背景知识：
条目1：
- 名称：hasMeasurement
- 类型：Property
- 简介：A measurement of an item, For example, the inseam of pants, the wheel size of a bicycle, the gauge of a screw, or the carbon footprint measured for certification by an authority. Usually an exact measurement, but can also be a range of meas...
- 补充信息：domainIncludes: http://schema.org/Certification, http://schema.org/Offer, http://schema.org/Product, http://schema.org/SizeSpecification | rangeIncludes: http://schema.org/Quantita...

条目2：
- 名称：Product
- 类型：Property
- 简介：Product may refer to:",1,llama-3.1-70b,0.0,8192,https://api2.aigcbest.top/v1,"判断结果：错误
解释：根据背景知识，hasMeasurement的domainIncludes不仅包括Product，还包括Certification、Offer和SizeSpecification等，因此不能仅将其domain限定为Product。",0,0,
hard_case_0361,domain,domain(height) = ShippingConditions,"背景知识：
条目1：
- 名称：height
- 类型：Property
- 简介：The height of the item.
- 补充信息：domainIncludes: http://schema.org/MediaObject, http://schema.org/OfferShippingDetails, http://schema.org/Person, http://schema.org/Product, http://schema.org/ShippingConditions, ht...

条目2：
- 名称：ShippingConditions
- 类型：Property
- 简介：ShippingConditions is a property in the knowledge base.",1,llama-3.1-70b,0.0,8192,https://api2.aigcbest.top/v1,"判断结果：错误
解释：根据背景知识，height属性的domainIncludes ShippingConditions，但不意味着domain(height)仅等于ShippingConditions。",0,0,
hard_case_0362,domain,domain(inLanguage) = WriteAction,"背景知识：
条目1：
- 名称：inLanguage
- 类型：Property
- 简介：The language of the content or performance or used in an action. Please use one of the language codes from the <a href=""http://tools.ietf.org/html/bcp47"">IETF BCP 47 standard</a>. See also <a class=""localLink"" href=""/availableLanguage"">avai...
- 补充信息：domainIncludes: http://schema.org/BroadcastService, http://schema.org/CommunicateAction, http://schema.org/CreativeWork, http://schema.org/Event, http://schema.org/LinkRole, http:/...

条目2：
- 名称：WriteAction
- 类型：Property
- 简介：WriteAction is a property in the knowledge base.",1,llama-3.1-70b,0.0,8192,https://api2.aigcbest.top/v1,"判断结果：错误
解释：根据背景知识，inLanguage的domainIncludes包括多个类，如BroadcastService、CommunicateAction、CreativeWork等，而WriteAction并未在其中，因此该公理与背景知识存在冲突。",0,0,
hard_case_0364,domain,domain(ineligibleRegion) = Offer,"背景知识：
条目1：
- 名称：ineligibleRegion
- 类型：Property
- 简介：The ISO 3166-1 (ISO 3166-1 alpha-2) or ISO 3166-2 code, the place, or the GeoShape for the geo-political region(s) for which the offer or delivery charge specification is not valid, e.g. a region where the transaction is not allowed.<br/><b...
- 补充信息：domainIncludes: http://schema.org/ActionAccessSpecification, http://schema.org/DeliveryChargeSpecification, http://schema.org/Demand, http://schema.org/MediaObject, http://schema.o...

条目2：
- 名称：Offer
- 类型：Property
- 简介：(The) Offer or offers may refer to:",1,llama-3.1-70b,0.0,8192,https://api2.aigcbest.top/v1,"判断结果：错误
解释：ineligibleRegion属性的domain不仅包括Offer，还包括其他类，如ActionAccessSpecification、DeliveryChargeSpecification等。",0,0,
hard_case_0365,domain,domain(latitude) = GeoCoordinates,"背景知识：
条目1：
- 名称：latitude
- 类型：Property
- 简介：The latitude of a location. For example <code>37.42242</code> (<a href=""https://en.wikipedia.org/wiki/World_Geodetic_System"">WGS 84</a>).
- 补充信息：domainIncludes: http://schema.org/GeoCoordinates, http://schema.org/Place | rangeIncludes: http://schema.org/Number, http://schema.org/Text

条目2：
- 名称：GeoCoordinates
- 类型：Property
- 简介：GeoCoordinates is a property in the knowledge base.",1,llama-3.1-70b,0.0,8192,https://api2.aigcbest.top/v1,"判断结果：错误
解释：根据背景知识，latitude的domainIncludes是http://schema.org/GeoCoordinates和http://schema.org/Place，而不是GeoCoordinates。",0,0,
hard_case_0366,domain,domain(legislationType) = Legislation,"背景知识：
条目1：
- 名称：legislationType
- 类型：Property
- 简介：The type of the legislation. Examples of values are ""law"", ""act"", ""directive"", ""decree"", ""regulation"", ""statutory instrument"", ""loi organique"", ""règlement grand-ducal"", etc., depending on the country.
- 补充信息：domainIncludes: http://schema.org/Legislation | rangeIncludes: http://schema.org/CategoryCode, http://schema.org/Text

条目2：
- 名称：Legislation
- 类型：Property
- 简介：Legislation is the process or result of enrolling, enacting, or promulgating laws by a legislature, parliament, or analogous governing body. Before an item of legislation becomes law it may be known as a bill, and may be broadly referred to...",1,llama-3.1-70b,0.0,8192,https://api2.aigcbest.top/v1,"判断结果：错误
解释：根据背景知识，legislationType的domainIncludes是http://schema.org/Legislation，而不是Legislation。",0,0,
hard_case_0367,domain,domain(letterer) = VisualArtwork,"背景知识：
条目1：
- 名称：letterer
- 类型：Property
- 简介：The individual who adds lettering, including speech balloons and sound effects, to artwork.
- 补充信息：domainIncludes: http://schema.org/ComicIssue, http://schema.org/ComicStory, http://schema.org/VisualArtwork | rangeIncludes: http://schema.org/Person

条目2：
- 名称：VisualArtwork
- 类型：Property
- 简介：VisualArtwork is a property in the knowledge base.",1,llama-3.1-70b,0.0,8192,https://api2.aigcbest.top/v1,"判断结果：错误
解释：根据背景知识，letterer的domainIncludes为http://schema.org/ComicIssue、http://schema.org/ComicStory和http://schema.org/VisualArtwork，而VisualArtwork是letterer的rangeIncludes，而非domain。",0,0,
hard_case_0368,domain,domain(measurementMethod) = StatisticalVariable,"背景知识：
条目1：
- 名称：measurementMethod
- 类型：Property
- 简介：A subproperty of <a class=""localLink"" href=""/measurementTechnique"">measurementTechnique</a> that can be used for specifying specific methods, in particular via <a class=""localLink"" href=""/MeasurementMethodEnum"">MeasurementMethodEnum</a>.
- 补充信息：domainIncludes: http://schema.org/DataCatalog, http://schema.org/DataDownload, http://schema.org/Dataset, http://schema.org/Observation, http://schema.org/PropertyValue, http://sch...

条目2：
- 名称：StatisticalVariable
- 类型：Property
- 简介：StatisticalVariable is a property in the knowledge base.",1,llama-3.1-70b,0.0,8192,https://api2.aigcbest.top/v1,"判断结果：错误
解释：根据背景知识，measurementMethod的domainIncludes包括多个类，如DataCatalog、DataDownload、Dataset、Observation、PropertyValue等，但不包括StatisticalVariable。",0,0,
hard_case_0369,domain,domain(medicalSpecialty) = MedicalOrganization,"背景知识：
条目1：
- 名称：medicalSpecialty
- 类型：Property
- 简介：A medical specialty of the provider.
- 补充信息：domainIncludes: http://schema.org/Hospital, http://schema.org/MedicalClinic, http://schema.org/MedicalOrganization, http://schema.org/Physician | rangeIncludes: http://schema.org/M...

条目2：
- 名称：MedicalOrganization
- 类型：Property
- 简介：MedicalOrganization is a property in the knowledge base.",1,llama-3.1-70b,0.0,8192,https://api2.aigcbest.top/v1,"判断结果：错误
解释：根据背景知识，medicalSpecialty的domainIncludes包括Hospital、MedicalClinic、MedicalOrganization和Physician，而不是仅仅等于MedicalOrganization。",0,0,
hard_case_0370,domain,domain(memberOf) = Organization,"背景知识：
条目1：
- 名称：memberOf
- 类型：Property
- 简介：An Organization (or ProgramMembership) to which this Person or Organization belongs.
- 补充信息：domainIncludes: http://schema.org/Organization, http://schema.org/Person | rangeIncludes: http://schema.org/MemberProgramTier, http://schema.org/Organization, http://schema.org/Pro...

条目2：
- 名称：Organization
- 类型：Property
- 简介：An organization or organisation is an entity—such as a company, or corporation or an institution, or an association—comprising one or more people and having a particular purpose.",1,llama-3.1-70b,0.0,8192,https://api2.aigcbest.top/v1,"判断结果：错误
解释：根据背景知识，memberOf的domainIncludes不仅包括Organization，还包括Person，因此domain(memberOf) = Organization是不准确的。",0,0,
hard_case_0371,domain,domain(merchantReturnDays) = MerchantReturnPolicySeasonalOverride,"背景知识：
条目1：
- 名称：merchantReturnDays
- 类型：Property
- 简介：Specifies either a fixed return date or the number of days (from the delivery date) that a product can be returned. Used when the <a class=""localLink"" href=""/returnPolicyCategory"">returnPolicyCategory</a> property is specified as <a class=""...
- 补充信息：domainIncludes: http://schema.org/MerchantReturnPolicy, http://schema.org/MerchantReturnPolicySeasonalOverride | rangeIncludes: http://schema.org/Date, http://schema.org/DateTime,....

条目2：
- 名称：MerchantReturnPolicySeasonalOverride
- 类型：Property
- 简介：MerchantReturnPolicySeasonalOverride is a property in the knowledge base.",1,llama-3.1-70b,0.0,8192,https://api2.aigcbest.top/v1,"判断结果：错误
解释：根据背景知识，merchantReturnDays的domainIncludes为http://schema.org/MerchantReturnPolicy和http://schema.org/MerchantReturnPolicySeasonalOverride，而非仅为MerchantReturnPolicySeasonalOverride。",0,0,
hard_case_0374,domain,domain(occupancy) = HotelRoom,"背景知识：
条目1：
- 名称：occupancy
- 类型：Property
- 简介：The allowed total occupancy for the accommodation in persons (including infants etc). For individual accommodations, this is not necessarily the legal maximum but defines the permitted usage as per the contractual agreement (e.g. a double r...
- 补充信息：domainIncludes: http://schema.org/Accommodation, http://schema.org/Apartment, http://schema.org/HotelRoom, http://schema.org/SingleFamilyResidence, http://schema.org/Suite | rangeI...

条目2：
- 名称：HotelRoom
- 类型：Property
- 简介：Hotel Room is an American drama anthology series that aired for three episodes on HBO on January 8, 1993, with a rerun the next night. Created by Monty Montgomery and David Lynch, each episode stars a different cast and takes place in the s...",1,llama-3.1-70b,0.0,8192,https://api2.aigcbest.top/v1,"判断结果：错误
解释：根据背景知识，occupancy的domainIncludes包括Accommodation、Apartment、HotelRoom、SingleFamilyResidence和Suite等多个类，而公理中domain(occupancy) = HotelRoom仅指定了一个类，且没有包含所有domainIncludes的类。",0,0,
hard_case_0375,domain,domain(penciler) = ComicStory,"背景知识：
条目1：
- 名称：penciler
- 类型：Property
- 简介：The individual who draws the primary narrative artwork.
- 补充信息：domainIncludes: http://schema.org/ComicIssue, http://schema.org/ComicStory, http://schema.org/VisualArtwork | rangeIncludes: http://schema.org/Person

条目2：
- 名称：ComicStory
- 类型：Property
- 简介：ComicStory is a property in the knowledge base.",1,llama-3.1-70b,0.0,8192,https://api2.aigcbest.top/v1,"判断结果：错误
解释：根据背景知识，penciler的domainIncludes为http://schema.org/ComicIssue和http://schema.org/VisualArtwork，而非ComicStory。",0,0,
hard_case_0377,domain,domain(petsAllowed) = LodgingBusiness,"背景知识：
条目1：
- 名称：petsAllowed
- 类型：Property
- 简介：Indicates whether pets are allowed to enter the accommodation or lodging business. More detailed information can be put in a text value.
- 补充信息：domainIncludes: http://schema.org/Accommodation, http://schema.org/ApartmentComplex, http://schema.org/FloorPlan, http://schema.org/LodgingBusiness | rangeIncludes: http://schema.o...

条目2：
- 名称：LodgingBusiness
- 类型：Property
- 简介：LodgingBusiness is a property in the knowledge base.",1,llama-3.1-70b,0.0,8192,https://api2.aigcbest.top/v1,"判断结果：错误
解释：根据背景知识，petsAllowed的domainIncludes包括http://schema.org/Accommodation、http://schema.org/ApartmentComplex、http://schema.org/FloorPlan和http://schema.org/LodgingBusiness，而不是仅仅等于LodgingBusiness。",0,0,
hard_case_0378,domain,domain(price) = Offer,"背景知识：
条目1：
- 名称：price
- 类型：Property
- 简介：The offer price of a product, or of a price component when attached to PriceSpecification and its subtypes.<br/><br/> Usage guidelines:<br/><br/> <ul> <li>Use the <a class=""localLink"" href=""/priceCurrency"">priceCurrency</a> property (with s...
- 补充信息：domainIncludes: http://schema.org/DonateAction, http://schema.org/Offer, http://schema.org/PriceSpecification, http://schema.org/TradeAction | rangeIncludes: http://schema.org/Numb...

条目2：
- 名称：Offer
- 类型：Property
- 简介：(The) Offer or offers may refer to:",1,llama-3.1-70b,0.0,8192,https://api2.aigcbest.top/v1,"判断结果：错误
解释：根据背景知识，price的domainIncludes有多个值，包括DonateAction、Offer、PriceSpecification和TradeAction，而不是只有Offer。",0,0,
hard_case_0379,domain,domain(price) = PriceSpecification,"背景知识：
条目1：
- 名称：price
- 类型：Property
- 简介：The offer price of a product, or of a price component when attached to PriceSpecification and its subtypes.<br/><br/> Usage guidelines:<br/><br/> <ul> <li>Use the <a class=""localLink"" href=""/priceCurrency"">priceCurrency</a> property (with s...
- 补充信息：domainIncludes: http://schema.org/DonateAction, http://schema.org/Offer, http://schema.org/PriceSpecification, http://schema.org/TradeAction | rangeIncludes: http://schema.org/Numb...

条目2：
- 名称：PriceSpecification
- 类型：Property
- 简介：PriceSpecification is a property in the knowledge base.",1,llama-3.1-70b,0.0,8192,https://api2.aigcbest.top/v1,"判断结果：错误
解释：根据背景知识，price的domainIncludes有多个类，包括DonateAction、Offer、PriceSpecification和TradeAction，而公理中仅指定了PriceSpecification作为price的domain，这与背景知识不符。",0,0,
hard_case_0380,domain,domain(reservationFor) = Reservation,"背景知识：
条目1：
- 名称：reservationFor
- 类型：Property
- 简介：The thing -- flight, event, restaurant, etc. being reserved.
- 补充信息：domainIncludes: http://schema.org/Reservation | rangeIncludes: http://schema.org/Thing

条目2：
- 名称：Reservation
- 类型：Property
- 简介：Reservation may refer to:",1,llama-3.1-70b,0.0,8192,https://api2.aigcbest.top/v1,"判断结果：错误
解释：根据背景知识，reservationFor的domainIncludes是http://schema.org/Reservation，而不是等于Reservation。",0,0,
hard_case_0381,domain,domain(restockingFee) = MerchantReturnPolicySeasonalOverride,"背景知识：
条目1：
- 名称：restockingFee
- 类型：Property
- 简介：Use <a class=""localLink"" href=""/MonetaryAmount"">MonetaryAmount</a> to specify a fixed restocking fee for product returns, or use <a class=""localLink"" href=""/Number"">Number</a> to specify a percentage of the product price paid by the custome...
- 补充信息：domainIncludes: http://schema.org/MerchantReturnPolicy, http://schema.org/MerchantReturnPolicySeasonalOverride | rangeIncludes: http://schema.org/MonetaryAmount, http://schema.org/...

条目2：
- 名称：MerchantReturnPolicySeasonalOverride
- 类型：Property
- 简介：MerchantReturnPolicySeasonalOverride is a property in the knowledge base.",1,llama-3.1-70b,0.0,8192,https://api2.aigcbest.top/v1,"判断结果：错误
解释：根据背景知识，restockingFee的domainIncludes为http://schema.org/MerchantReturnPolicy和http://schema.org/MerchantReturnPolicySeasonalOverride，而不是仅为MerchantReturnPolicySeasonalOverride。",0,0,
hard_case_0382,domain,domain(review) = Service,"背景知识：
条目1：
- 名称：review
- 类型：Property
- 简介：A review of the item.
- 补充信息：domainIncludes: http://schema.org/Brand, http://schema.org/CreativeWork, http://schema.org/Event, http://schema.org/Offer, http://schema.org/Organization, http://schema.org/Place,....

条目2：
- 名称：Service
- 类型：Property
- 简介：Service may refer to:",1,llama-3.1-70b,0.0,8192,https://api2.aigcbest.top/v1,"判断结果：错误
解释：根据背景知识，review的domainIncludes包括Brand、CreativeWork、Event、Offer、Organization、Place等，但不包括Service。",0,0,
hard_case_0383,domain,domain(runtimePlatform) = SoftwareSourceCode,"背景知识：
条目1：
- 名称：runtimePlatform
- 类型：Property
- 简介：Runtime platform or script interpreter dependencies (example: Java v1, Python 2.3, .NET Framework 3.0).
- 补充信息：domainIncludes: http://schema.org/SoftwareApplication, http://schema.org/SoftwareSourceCode | rangeIncludes: http://schema.org/RuntimePlatform, http://schema.org/Text

条目2：
- 名称：SoftwareSourceCode
- 类型：Property
- 简介：SoftwareSourceCode is a property in the knowledge base.",1,llama-3.1-70b,0.0,8192,https://api2.aigcbest.top/v1,"判断结果：错误
解释：根据背景知识，runtimePlatform的domainIncludes是http://schema.org/SoftwareApplication和http://schema.org/SoftwareSourceCode，而不是仅仅是SoftwareSourceCode。",0,0,
hard_case_0384,domain,domain(serviceArea) = Service,"背景知识：
条目1：
- 名称：serviceArea
- 类型：Property
- 简介：The geographic area where the service is provided.
- 补充信息：domainIncludes: http://schema.org/ContactPoint, http://schema.org/Organization, http://schema.org/Service | rangeIncludes: http://schema.org/AdministrativeArea, http://schema.org/G...

条目2：
- 名称：Service
- 类型：Property
- 简介：Service may refer to:",1,llama-3.1-70b,0.0,8192,https://api2.aigcbest.top/v1,"判断结果：错误
解释：根据背景知识，serviceArea的domainIncludes是ContactPoint、Organization和Service，而不是仅仅是Service。",0,0,
hard_case_0385,domain,domain(shippingDestination) = DeliveryTimeSettings,"背景知识：
条目1：
- 名称：shippingDestination
- 类型：Property
- 简介：indicates (possibly multiple) shipping destinations. These can be defined in several ways, e.g. postalCode ranges.
- 补充信息：domainIncludes: http://schema.org/DeliveryTimeSettings, http://schema.org/OfferShippingDetails, http://schema.org/ShippingConditions, http://schema.org/ShippingRateSettings | range...

条目2：
- 名称：DeliveryTimeSettings
- 类型：Property
- 简介：DeliveryTimeSettings is a property in the knowledge base.",1,llama-3.1-70b,0.0,8192,https://api2.aigcbest.top/v1,"判断结果：错误
解释：根据背景知识，shippingDestination的domainIncludes有多个值，包括DeliveryTimeSettings，但不仅限于此，因此不能断言domain(shippingDestination)仅等于DeliveryTimeSettings。",0,0,
hard_case_0386,domain,domain(slogan) = Brand,"背景知识：
条目1：
- 名称：slogan
- 类型：Property
- 简介：A slogan or motto associated with the item.
- 补充信息：domainIncludes: http://schema.org/Brand, http://schema.org/Organization, http://schema.org/Place, http://schema.org/Product, http://schema.org/Service | rangeIncludes: http://schem...

条目2：
- 名称：Brand
- 类型：Property
- 简介：A brand is a name, term, design, symbol or any other feature that distinguishes one seller's goods or service from those of other sellers. Brands are studied in business, marketing, and advertising and used for recognition and, importantly,...",1,llama-3.1-70b,0.0,8192,https://api2.aigcbest.top/v1,"判断结果：错误
解释：根据背景知识，slogan的domainIncludes包括Brand、Organization、Place、Product和Service，而不是仅仅等于Brand。",0,0,
hard_case_0387,domain,domain(status) = MedicalStudy,"背景知识：
条目1：
- 名称：status
- 类型：Property
- 简介：The status of the study (enumerated).
- 补充信息：domainIncludes: http://schema.org/MedicalCondition, http://schema.org/MedicalProcedure, http://schema.org/MedicalStudy | rangeIncludes: http://schema.org/EventStatusType, http://sc...

条目2：
- 名称：MedicalStudy
- 类型：Property
- 简介：MedicalStudy is a property in the knowledge base.",1,llama-3.1-70b,0.0,8192,https://api2.aigcbest.top/v1,"判断结果：错误
解释：根据背景知识，status属性的domainIncludes为http://schema.org/MedicalCondition和http://schema.org/MedicalProcedure，而不是MedicalStudy。",0,0,
hard_case_0389,domain,domain(suitableForDiet) = MenuItem,"背景知识：
条目1：
- 名称：suitableForDiet
- 类型：Property
- 简介：Indicates a dietary restriction or guideline for which this recipe or menu item is suitable, e.g. diabetic, halal etc.
- 补充信息：domainIncludes: http://schema.org/MenuItem, http://schema.org/Recipe | rangeIncludes: http://schema.org/Diet, http://schema.org/RestrictedDiet

条目2：
- 名称：MenuItem
- 类型：Property
- 简介：MenuItem is a property in the knowledge base.",1,llama-3.1-70b,0.0,8192,https://api2.aigcbest.top/v1,"判断结果：错误
解释：根据背景知识，suitableForDiet的domainIncludes为http://schema.org/MenuItem和http://schema.org/Recipe，而不是仅为MenuItem。",0,0,
hard_case_0391,domain,domain(weight) = OfferShippingDetails,"背景知识：
条目1：
- 名称：weight
- 类型：Property
- 简介：The weight of the product or person.
- 补充信息：domainIncludes: http://schema.org/OfferShippingDetails, http://schema.org/Person, http://schema.org/Product, http://schema.org/ShippingConditions, http://schema.org/VisualArtwork |...

条目2：
- 名称：OfferShippingDetails
- 类型：Property
- 简介：OfferShippingDetails is a property in the knowledge base.",1,llama-3.1-70b,0.0,8192,https://api2.aigcbest.top/v1,"判断结果：错误
解释：根据背景知识，weight属性的domainIncludes不仅包括OfferShippingDetails，还包括其他类，如Person、Product等，因此不能将domain(weight)限定为仅有OfferShippingDetails。",0,0,
hard_case_0392,domain,domain(weight) = Product,"背景知识：
条目1：
- 名称：weight
- 类型：Property
- 简介：The weight of the product or person.
- 补充信息：domainIncludes: http://schema.org/OfferShippingDetails, http://schema.org/Person, http://schema.org/Product, http://schema.org/ShippingConditions, http://schema.org/VisualArtwork |...

条目2：
- 名称：Product
- 类型：Property
- 简介：Product may refer to:",1,llama-3.1-70b,0.0,8192,https://api2.aigcbest.top/v1,"判断结果：错误
解释：根据背景知识，weight属性的domainIncludes不仅包括Product，还包括其他类，如Person、OfferShippingDetails等，因此不能仅将其domain限定为Product。",0,0,
hard_case_0393,domain,domain(width) = MediaObject,"背景知识：
条目1：
- 名称：width
- 类型：Property
- 简介：The width of the item.
- 补充信息：domainIncludes: http://schema.org/MediaObject, http://schema.org/OfferShippingDetails, http://schema.org/Product, http://schema.org/ShippingConditions, http://schema.org/VisualArtw...

条目2：
- 名称：MediaObject
- 类型：Property
- 简介：The Media Object Server (MOS) protocol allows newsroom computer systems (NRCS) to communicate using a standard protocol with video servers, audio servers, still stores, and character generators for broadcast production.",1,llama-3.1-70b,0.0,8192,https://api2.aigcbest.top/v1,"判断结果：错误
解释：根据背景知识，width的domainIncludes不仅包括MediaObject，还包括其他类，如OfferShippingDetails、Product等，因此不能将width的domain限定为仅MediaObject。",0,0,
hard_case_0394,domain,domain(width) = OfferShippingDetails,"背景知识：
条目1：
- 名称：width
- 类型：Property
- 简介：The width of the item.
- 补充信息：domainIncludes: http://schema.org/MediaObject, http://schema.org/OfferShippingDetails, http://schema.org/Product, http://schema.org/ShippingConditions, http://schema.org/VisualArtw...

条目2：
- 名称：OfferShippingDetails
- 类型：Property
- 简介：OfferShippingDetails is a property in the knowledge base.",1,llama-3.1-70b,0.0,8192,https://api2.aigcbest.top/v1,"判断结果：错误
解释：根据背景知识，width的domainIncludes包括OfferShippingDetails，但不唯一对应于OfferShippingDetails。",0,0,
hard_case_0396,range,range(author) = Organization,"背景知识：
条目1：
- 名称：author
- 类型：Property
- 简介：The author of this content or rating. Please note that author is special in that HTML 5 provides a special mechanism for indicating authorship via the rel tag. That is equivalent to this and may be used interchangeably.
- 补充信息：domainIncludes: http://schema.org/CreativeWork, http://schema.org/Rating | rangeIncludes: http://schema.org/Organization, http://schema.org/Person

条目2：
- 名称：Organization
- 类型：Property
- 简介：An organization or organisation is an entity—such as a company, or corporation or an institution, or an association—comprising one or more people and having a particular purpose.",1,llama-3.1-70b,0.0,8192,https://api2.aigcbest.top/v1,"判断结果：错误
解释：根据背景知识，author属性的rangeIncludes不仅包括Organization，还包括Person，但公理中仅指定了Organization，存在信息不全。",0,0,
hard_case_0398,range,range(businessDays) = OpeningHoursSpecification,"背景知识：
条目1：
- 名称：businessDays
- 类型：Property
- 简介：Days of the week when the merchant typically operates, indicated via opening hours markup.
- 补充信息：domainIncludes: http://schema.org/ServicePeriod, http://schema.org/ShippingDeliveryTime | rangeIncludes: http://schema.org/DayOfWeek, http://schema.org/OpeningHoursSpecification

条目2：
- 名称：OpeningHoursSpecification
- 类型：Property
- 简介：OpeningHoursSpecification is a property in the knowledge base.",1,llama-3.1-70b,0.0,8192,https://api2.aigcbest.top/v1,"判断结果：错误
解释：根据背景知识，businessDays的rangeIncludes是http://schema.org/DayOfWeek和http://schema.org/OpeningHoursSpecification，而不是仅仅是OpeningHoursSpecification。",0,0,
hard_case_0400,range,range(certificationIdentification) = DefinedTerm,"背景知识：
条目1：
- 名称：certificationIdentification
- 类型：Property
- 简介：Identifier of a certification instance (as registered with an independent certification body). Typically this identifier can be used to consult and verify the certification instance. See also <a href=""https://www.gs1.org/voc/certificationId...
- 补充信息：domainIncludes: http://schema.org/Certification | rangeIncludes: http://schema.org/DefinedTerm, http://schema.org/Text

条目2：
- 名称：DefinedTerm
- 类型：Property
- 简介：DefinedTerm is a property in the knowledge base.",1,llama-3.1-70b,0.0,8192,https://api2.aigcbest.top/v1,"判断结果：错误
解释：根据背景知识，certificationIdentification的rangeIncludes为http://schema.org/DefinedTerm和http://schema.org/Text，而公理中range(certificationIdentification) = DefinedTerm与此不符。",0,0,
hard_case_0401,range,range(dataFeedElement) = DataFeedItem,"背景知识：
条目1：
- 名称：dataFeedElement
- 类型：Property
- 简介：An item within a data feed. Data feeds may have many elements.
- 补充信息：domainIncludes: http://schema.org/DataFeed | rangeIncludes: http://schema.org/DataFeedItem, http://schema.org/Text, http://schema.org/Thing

条目2：
- 名称：DataFeedItem
- 类型：Property
- 简介：DataFeedItem is a property in the knowledge base.",1,llama-3.1-70b,0.0,8192,https://api2.aigcbest.top/v1,"判断结果：错误
解释：根据背景知识，dataFeedElement的rangeIncludes为http://schema.org/DataFeedItem、http://schema.org/Text和http://schema.org/Thing，而不是仅为DataFeedItem。",0,0,
hard_case_0402,range,range(dateModified) = Date,"背景知识：
条目1：
- 名称：dateModified
- 类型：Property
- 简介：The date on which the CreativeWork was most recently modified or when the item's entry was modified within a DataFeed.
- 补充信息：domainIncludes: http://schema.org/CreativeWork, http://schema.org/DataFeedItem | rangeIncludes: http://schema.org/Date, http://schema.org/DateTime

条目2：
- 名称：Date
- 类型：Property
- 简介：Date or dates may refer to:Date, the fruit of the date palm Jujube, also known as red date or Chinese date, the fruit of Ziziphus jujuba",1,llama-3.1-70b,0.0,8192,https://api2.aigcbest.top/v1,"判断结果：错误
解释：根据背景知识，dateModified的rangeIncludes是http://schema.org/Date和http://schema.org/DateTime，而不是Date。",0,0,
hard_case_0404,range,range(diseaseSpreadStatistics) = WebContent,"背景知识：
条目1：
- 名称：diseaseSpreadStatistics
- 类型：Property
- 简介：Statistical information about the spread of a disease, either as <a class=""localLink"" href=""/WebContent"">WebContent</a>, or described directly as a <a class=""localLink"" href=""/Dataset"">Dataset</a>, or the specific <a class=""localLink"" href=...
- 补充信息：domainIncludes: http://schema.org/SpecialAnnouncement | rangeIncludes: http://schema.org/Dataset, http://schema.org/Observation, http://schema.org/URL, http://schema.org/WebContent

条目2：
- 名称：WebContent
- 类型：Property
- 简介：WebContent is a property in the knowledge base.",1,llama-3.1-70b,0.0,8192,https://api2.aigcbest.top/v1,"判断结果：错误
解释：根据背景知识，diseaseSpreadStatistics的rangeIncludes不仅包括WebContent，还包括Dataset、Observation和URL，因此不能将其range限定为仅WebContent。",0,0,
hard_case_0405,range,range(educationalCredentialAwarded) = URL,"背景知识：
条目1：
- 名称：educationalCredentialAwarded
- 类型：Property
- 简介：A description of the qualification, award, certificate, diploma or other educational credential awarded as a consequence of successful completion of this course or program.
- 补充信息：domainIncludes: http://schema.org/Course, http://schema.org/EducationalOccupationalProgram | rangeIncludes: http://schema.org/EducationalOccupationalCredential, http://schema.org/T...

条目2：
- 名称：URL
- 类型：Property
- 简介：A uniform resource locator (URL), colloquially known as a web address, is a reference to a resource on the World Wide Web. A URL specifies the location of a resource on a computer network and a mechanism for retrieving it. A URL is a specif...",1,llama-3.1-70b,0.0,8192,https://api2.aigcbest.top/v1,"判断结果：错误
解释：根据背景知识，educationalCredentialAwarded的rangeIncludes是EducationalOccupationalCredential和Text，而不是URL。",0,0,
hard_case_0406,range,range(fundedItem) = Product,"背景知识：
条目1：
- 名称：fundedItem
- 类型：Property
- 简介：Indicates something directly or indirectly funded or sponsored through a <a class=""localLink"" href=""/Grant"">Grant</a>. See also <a class=""localLink"" href=""/ownershipFundingInfo"">ownershipFundingInfo</a>.
- 补充信息：domainIncludes: http://schema.org/Grant | rangeIncludes: http://schema.org/BioChemEntity, http://schema.org/CreativeWork, http://schema.org/Event, http://schema.org/MedicalEntity,....

条目2：
- 名称：Product
- 类型：Property
- 简介：Product may refer to:",1,llama-3.1-70b,0.0,8192,https://api2.aigcbest.top/v1,"判断结果：错误
解释：根据背景知识，fundedItem的rangeIncludes应该是http://schema.org/BioChemEntity, http://schema.org/CreativeWork, http://schema.org/Event, http://schema.org/MedicalEntity等，而不是Product。",0,0,
hard_case_0407,range,range(genre) = URL,"背景知识：
条目1：
- 名称：genre
- 类型：Property
- 简介：Genre of the creative work, broadcast channel or group.
- 补充信息：domainIncludes: http://schema.org/BroadcastChannel, http://schema.org/CreativeWork, http://schema.org/MusicGroup | rangeIncludes: http://schema.org/DefinedTerm, http://schema.org/T...

条目2：
- 名称：URL
- 类型：Property
- 简介：A uniform resource locator (URL), colloquially known as a web address, is a reference to a resource on the World Wide Web. A URL specifies the location of a resource on a computer network and a mechanism for retrieving it. A URL is a specif...",1,llama-3.1-70b,0.0,8192,https://api2.aigcbest.top/v1,"判断结果：错误
解释：根据背景知识，genre属性的rangeIncludes是http://schema.org/DefinedTerm和http://schema.org/Text，而不是URL。",0,0,
hard_case_0408,range,range(geoEquals) = Place,"背景知识：
条目1：
- 名称：geoEquals
- 类型：Property
- 简介：Represents spatial relations in which two geometries (or the places they represent) are topologically equal, as defined in <a href=""https://en.wikipedia.org/wiki/DE-9IM"">DE-9IM</a>. ""Two geometries are topologically equal if their interiors...
- 补充信息：domainIncludes: http://schema.org/GeospatialGeometry, http://schema.org/Place | rangeIncludes: http://schema.org/GeospatialGeometry, http://schema.org/Place

条目2：
- 名称：Place
- 类型：Property
- 简介：Place may refer to:",1,llama-3.1-70b,0.0,8192,https://api2.aigcbest.top/v1,"判断结果：错误
解释：根据背景知识，geoEquals的rangeIncludes应该是http://schema.org/GeospatialGeometry和http://schema.org/Place，而不是仅仅是Place。",0,0,
hard_case_0409,range,range(height) = Integer,"背景知识：
条目1：
- 名称：height
- 类型：Property
- 简介：The height of the item.
- 补充信息：domainIncludes: http://schema.org/MediaObject, http://schema.org/OfferShippingDetails, http://schema.org/Person, http://schema.org/Product, http://schema.org/ShippingConditions, ht...

条目2：
- 名称：Integer
- 类型：Property
- 简介：An integer is the number zero (0), a positive natural number, or the negation of a positive natural number. The negations or additive inverses of the positive natural numbers are referred to as negative integers. The set of all integers is....",0,llama-3.1-70b,0.0,8192,https://api2.aigcbest.top/v1,"判断结果：正确
解释：根据RDFS语义规则，range约束表示属性的客体应属于某一类，height属性的range为Integer，符合height表示物体高度的常识知识。",1,0,
hard_case_0411,range,range(industry) = Text,"背景知识：
条目1：
- 名称：industry
- 类型：Property
- 简介：The industry associated with the job position.
- 补充信息：domainIncludes: http://schema.org/JobPosting | rangeIncludes: http://schema.org/DefinedTerm, http://schema.org/Text

条目2：
- 名称：Text
- 类型：Property
- 简介：Text may refer to:",1,llama-3.1-70b,0.0,8192,https://api2.aigcbest.top/v1,"判断结果：错误
解释：根据背景知识，industry属性的rangeIncludes为http://schema.org/DefinedTerm和http://schema.org/Text，而公理中range(industry) = Text与此不符。",0,0,
hard_case_0415,range,range(meetsEmissionStandard) = URL,"背景知识：
条目1：
- 名称：meetsEmissionStandard
- 类型：Property
- 简介：Indicates that the vehicle meets the respective emission standard.
- 补充信息：domainIncludes: http://schema.org/Vehicle | rangeIncludes: http://schema.org/QualitativeValue, http://schema.org/Text, http://schema.org/URL

条目2：
- 名称：URL
- 类型：Property
- 简介：A uniform resource locator (URL), colloquially known as a web address, is a reference to a resource on the World Wide Web. A URL specifies the location of a resource on a computer network and a mechanism for retrieving it. A URL is a specif...",1,llama-3.1-70b,0.0,8192,https://api2.aigcbest.top/v1,"判断结果：错误
解释：根据背景知识，meetsEmissionStandard的rangeIncludes不仅包括URL，还包括QualitativeValue和Text，因此不能仅将其range限定为URL。",0,0,
hard_case_0416,range,range(numAdults) = QuantitativeValue,"背景知识：
条目1：
- 名称：numAdults
- 类型：Property
- 简介：The number of adults staying in the unit.
- 补充信息：domainIncludes: http://schema.org/LodgingReservation | rangeIncludes: http://schema.org/Integer, http://schema.org/QuantitativeValue

条目2：
- 名称：QuantitativeValue
- 类型：Property
- 简介：QuantitativeValue is a property in the knowledge base.",1,llama-3.1-70b,0.0,8192,https://api2.aigcbest.top/v1,"判断结果：错误
解释：根据背景知识，numAdults的rangeIncludes为http://schema.org/Integer和http://schema.org/QuantitativeValue，而不是仅为QuantitativeValue。",0,0,
hard_case_0417,range,range(offeredBy) = Person,"背景知识：
条目1：
- 名称：offeredBy
- 类型：Property
- 简介：A pointer to the organization or person making the offer.
- 补充信息：domainIncludes: http://schema.org/Offer | rangeIncludes: http://schema.org/Organization, http://schema.org/Person

条目2：
- 名称：Person
- 类型：Property
- 简介：A person is a being who has certain capacities or attributes such as reason, morality, consciousness or self-consciousness, and being a part of a culturally established form of social relations such as kinship, ownership of property, or leg...",1,llama-3.1-70b,0.0,8192,https://api2.aigcbest.top/v1,"判断结果：错误
解释：根据背景知识，offeredBy属性的rangeIncludes不仅包括Person，还包括Organization，但公理却将其range限定为仅Person，这与背景知识存在冲突。",0,0,
hard_case_0419,range,range(ownershipFundingInfo) = AboutPage,"背景知识：
条目1：
- 名称：ownershipFundingInfo
- 类型：Property
- 简介：For an <a class=""localLink"" href=""/Organization"">Organization</a> (often but not necessarily a <a class=""localLink"" href=""/NewsMediaOrganization"">NewsMediaOrganization</a>), a description of organizational ownership structure; funding and g...
- 补充信息：domainIncludes: http://schema.org/NewsMediaOrganization, http://schema.org/Organization | rangeIncludes: http://schema.org/AboutPage, http://schema.org/CreativeWork, http://schema....

条目2：
- 名称：AboutPage
- 类型：Property
- 简介：AboutPage is a property in the knowledge base.",1,llama-3.1-70b,0.0,8192,https://api2.aigcbest.top/v1,"判断结果：错误
解释：根据背景知识，ownershipFundingInfo的rangeIncludes包括AboutPage和CreativeWork等，而公理中range(ownershipFundingInfo) = AboutPage的表述过于狭窄，不完全符合背景知识中对ownershipFundingInfo的range的描述。",0,0,
hard_case_0421,range,range(performers) = Person,"背景知识：
条目1：
- 名称：performers
- 类型：Property
- 简介：The main performer or performers of the event&#x2014;for example, a presenter, musician, or actor.
- 补充信息：domainIncludes: http://schema.org/Event | rangeIncludes: http://schema.org/Organization, http://schema.org/Person

条目2：
- 名称：Person
- 类型：Property
- 简介：A person is a being who has certain capacities or attributes such as reason, morality, consciousness or self-consciousness, and being a part of a culturally established form of social relations such as kinship, ownership of property, or leg...",1,llama-3.1-70b,0.0,8192,https://api2.aigcbest.top/v1,"判断结果：错误
解释：根据背景知识，performers属性的rangeIncludes为http://schema.org/Organization和http://schema.org/Person，而公理中range(performers) = Person与此不符。",0,0,
hard_case_0422,range,range(producer) = Person,"背景知识：
条目1：
- 名称：producer
- 类型：Property
- 简介：The person or organization who produced the work (e.g. music album, movie, TV/radio series etc.).
- 补充信息：domainIncludes: http://schema.org/CreativeWork | rangeIncludes: http://schema.org/Organization, http://schema.org/Person

条目2：
- 名称：Person
- 类型：Property
- 简介：A person is a being who has certain capacities or attributes such as reason, morality, consciousness or self-consciousness, and being a part of a culturally established form of social relations such as kinship, ownership of property, or leg...",1,llama-3.1-70b,0.0,8192,https://api2.aigcbest.top/v1,"判断结果：错误
解释：根据背景知识，producer属性的rangeIncludes为http://schema.org/Organization和http://schema.org/Person，而公理中range(producer) = Person与此不符。",0,0,
hard_case_0424,range,range(recipeInstructions) = ItemList,"背景知识：
条目1：
- 名称：recipeInstructions
- 类型：Property
- 简介：A step in making the recipe, in the form of a single item (document, video, etc.) or an ordered list with HowToStep and/or HowToSection items.
- 补充信息：domainIncludes: http://schema.org/Recipe | rangeIncludes: http://schema.org/CreativeWork, http://schema.org/ItemList, http://schema.org/Text

条目2：
- 名称：ItemList
- 类型：Property
- 简介：ItemList is a property in the knowledge base.",1,llama-3.1-70b,0.0,8192,https://api2.aigcbest.top/v1,"判断结果：错误
解释：根据背景知识，recipeInstructions的rangeIncludes为http://schema.org/CreativeWork, http://schema.org/ItemList, http://schema.org/Text，而非仅为ItemList。",0,0,
hard_case_0427,range,range(reviewedBy) = Organization,"背景知识：
条目1：
- 名称：reviewedBy
- 类型：Property
- 简介：People or organizations that have reviewed the content on this web page for accuracy and/or completeness.
- 补充信息：domainIncludes: http://schema.org/WebPage | rangeIncludes: http://schema.org/Organization, http://schema.org/Person

条目2：
- 名称：Organization
- 类型：Property
- 简介：An organization or organisation is an entity—such as a company, or corporation or an institution, or an association—comprising one or more people and having a particular purpose.",1,llama-3.1-70b,0.0,8192,https://api2.aigcbest.top/v1,"判断结果：错误
解释：根据背景知识，reviewedBy属性的rangeIncludes不仅包括Organization，还包括Person，但公理中仅指定了Organization，存在信息不全。",0,0,
hard_case_0428,range,range(seatingType) = Text,"背景知识：
条目1：
- 名称：seatingType
- 类型：Property
- 简介：The type/class of the seat.
- 补充信息：domainIncludes: http://schema.org/Seat | rangeIncludes: http://schema.org/QualitativeValue, http://schema.org/Text

条目2：
- 名称：Text
- 类型：Property
- 简介：Text may refer to:",1,llama-3.1-70b,0.0,8192,https://api2.aigcbest.top/v1,"判断结果：错误
解释：根据背景知识，seatingType的rangeIncludes为http://schema.org/QualitativeValue和http://schema.org/Text，而公理中range(seatingType) = Text与此不符。",0,0,
hard_case_0429,range,range(suggestedGender) = Text,"背景知识：
条目1：
- 名称：suggestedGender
- 类型：Property
- 简介：The suggested gender of the intended person or audience, for example ""male"", ""female"", or ""unisex"".
- 补充信息：domainIncludes: http://schema.org/PeopleAudience, http://schema.org/SizeSpecification | rangeIncludes: http://schema.org/GenderType, http://schema.org/Text

条目2：
- 名称：Text
- 类型：Property
- 简介：Text may refer to:",1,llama-3.1-70b,0.0,8192,https://api2.aigcbest.top/v1,"判断结果：错误
解释：根据背景知识，suggestedGender的rangeIncludes为http://schema.org/GenderType和http://schema.org/Text，但公理中range(suggestedGender) = Text与背景知识中rangeIncludes的定义不符。",0,0,
hard_case_0431,range,range(travelBans) = WebContent,"背景知识：
条目1：
- 名称：travelBans
- 类型：Property
- 简介：Information about travel bans, e.g. in the context of a pandemic.
- 补充信息：domainIncludes: http://schema.org/SpecialAnnouncement | rangeIncludes: http://schema.org/URL, http://schema.org/WebContent

条目2：
- 名称：WebContent
- 类型：Property
- 简介：WebContent is a property in the knowledge base.",1,llama-3.1-70b,0.0,8192,https://api2.aigcbest.top/v1,"判断结果：错误
解释：根据背景知识，travelBans的rangeIncludes是http://schema.org/URL和http://schema.org/WebContent，而不是仅仅是WebContent。",0,0,
