id,axiom_type,axiom_text,context_info,label,model_name,temperature,max_tokens,base_url,model_output,model_label,is_correct,error
hard_case_0005,subClassOf,AnimangaCharacter ⊑ ComicsCharacter,"背景知识：
条目1：
- 名称：AnimangaCharacter
- 类型：Class
- 简介：Anime/Manga character

条目2：
- 名称：ComicsCharacter
- 类型：Class
- 简介：comics character",1,deepseek-ai/DeepSeek-R1-Distill-Qwen-32B,0.0,8192,https://api2.aigcbest.top/v1,"嗯，我现在需要判断这个RDFS公理是否正确。公理是AnimangaCharacter ⊑ ComicsCharacter，也就是AnimangaCharacter是ComicsCharacter的子类。首先，我得理解这两个类的定义。

根据背景知识，AnimangaCharacter指的是Anime和Manga中的角色，而ComicsCharacter指的是漫画中的角色。Anime通常指的是日本的动画，而Manga是日本的漫画。而ComicsCharacter可能更广泛，包括美国漫画、欧洲漫画等。

接下来，我需要分析这两个类之间的关系。Anime和Manga中的角色是否属于更广泛的漫画角色类别？一般来说，Manga确实是漫画的一种，所以AnimangaCharacter中的角色应该属于ComicsCharacter。因此，AnimangaCharacter应该是ComicsCharacter的子类。

再考虑RDFS的subClassOf规则，如果A是B的子类，那么所有属于A的实例也属于B。这里，所有Anime/Manga角色都是漫画角色，所以这个公理是合理的。

有没有可能有例外？比如，如果ComicsCharacter特指非日本的漫画角色，那么可能有问题。但通常情况下，ComicsCharacter是一个更广泛的类别，包括所有漫画角色，无论来源。因此，这个公理是正确的。
</think>

判断结果：正确
解释：AnimangaCharacter作为Anime和Manga中的角色，属于更广泛的ComicsCharacter类别，因此该公理符合语义规则。",1,1,
hard_case_0006,subClassOf,Annotation ⊑ WrittenWork,"背景知识：
条目1：
- 名称：Annotation
- 类型：Class
- 简介：Annotation

条目2：
- 名称：WrittenWork
- 类型：Class
- 简介：Written work is any text written to read it (e.g.: books, newspaper, articles)",1,deepseek-ai/DeepSeek-R1-Distill-Qwen-32B,0.0,8192,https://api2.aigcbest.top/v1,"好，我现在需要判断给定的RDFS公理是否正确。公理是Annotation ⊑ WrittenWork，也就是Annotation是WrittenWork的子类。首先，我得理解这两个类的定义。

根据背景知识，Annotation是一个类，简介里只写了“Annotation”，没有详细说明。而WrittenWork是任何供阅读的文本，比如书籍、报纸、文章等。通常，Annotation指的是注释或评论，比如对书籍的注解，这可能属于WrittenWork的一种，因为注释也是文本形式的。

接下来，我需要考虑RDFS的subClassOf规则。如果Annotation是WrittenWork的子类，那么所有Annotation的实例都必须是WrittenWork的实例。这在常识上是合理的，因为注释通常是书面的，属于WrittenWork的范畴。

不过，我需要确认是否有任何背景知识或语义规则可能与此冲突。背景知识中没有提到Annotation的具体类型或限制，所以没有直接冲突。因此，这个公理是合理的。
</think>

判断结果：正确
解释：Annotation作为注释或评论，通常属于书面文本，符合WrittenWork的定义，因此Annotation是WrittenWork的子类。",1,1,
hard_case_0008,subClassOf,Archive ⊑ CollectionOfValuables,"背景知识：
条目1：
- 名称：Archive
- 类型：Class
- 简介：Collection of documents pertaining to a person or organisation.

条目2：
- 名称：CollectionOfValuables
- 类型：Class
- 简介：Collection of valuables is a collection considered to be a work in itself)",1,deepseek-ai/DeepSeek-R1-Distill-Qwen-32B,0.0,8192,https://api2.aigcbest.top/v1,"嗯，我现在需要判断这个RDFS公理是否正确。公理是Archive ⊑ CollectionOfValuables，也就是Archive是CollectionOfValuables的子类。首先，我得理解这两个类的定义。

根据背景知识，Archive是一个类，简介是“与一个人或组织相关的文件集合”。而CollectionOfValuables也是一个类，简介是“一种被视为作品本身的收藏品集合”。那么，Archive和CollectionOfValuables之间有什么关系呢？

Archive主要是指文件的集合，比如文档、记录等，而CollectionOfValuables则更广泛，可能包括各种有价值的物品，不仅仅是文件。所以，Archive是否是CollectionOfValuables的子类呢？

从语义上看，Archive确实是一种特定的CollectionOfValuables，因为它也是一种有价值的收藏品。文件集合通常具有一定的价值，尤其是对于个人或组织来说，可能被视为重要的资料。因此，Archive作为CollectionOfValuables的子类是合理的。

再考虑RDFS的subClassOf规则，如果Archive的所有实例都属于CollectionOfValuables，那么这个公理就是正确的。根据背景知识，Archive的定义符合这一点，所以公理是正确的。
</think>

判断结果：正确
解释：Archive作为文件集合，符合CollectionOfValuables的定义，因此Archive是其子类。",1,1,
hard_case_0010,subClassOf,Attack ⊑ SocietalEvent,"背景知识：
条目1：
- 名称：Attack
- 类型：Class
- 简介：An Attack is not necessarily part of a Military Conflict

条目2：
- 名称：SocietalEvent
- 类型：Class
- 简介：an event that is clearly different from strictly personal events",1,deepseek-ai/DeepSeek-R1-Distill-Qwen-32B,0.0,8192,https://api2.aigcbest.top/v1,"嗯，我现在需要判断这个RDFS公理是否正确。公理是Attack ⊑ SocietalEvent，也就是Attack是SocietalEvent的子类。首先，我得理解这两个类的定义。

根据背景知识，Attack被描述为“An Attack is not necessarily part of a Military Conflict”。这说明Attack可能不仅仅出现在军事冲突中，可能还有其他情况，比如恐怖袭击或者其他类型的攻击事件。而SocietalEvent的定义是“an event that is clearly different from strictly personal events”，也就是说，SocietalEvent是那些明显不同于纯粹个人事件的事件，通常涉及社会层面的影响。

接下来，我需要分析Attack是否属于SocietalEvent。Attack通常涉及多个个体或组织，可能对社会造成影响，比如破坏公共安全、引起恐慌等，这显然超出了个人事件的范畴。因此，Attack作为社会事件的一种，应该属于SocietalEvent的子类。

再考虑RDFS的subClassOf规则，如果Attack是SocietalEvent的子类，那么所有Attack的实例也都是SocietalEvent的实例。这符合常识，因为攻击事件通常具有社会影响，属于社会事件的一部分。

综上所述，这个公理是正确的，因为它符合背景知识和语义规则。
</think>

判断结果：正确
解释：Attack作为社会事件的一种，符合SocietalEvent的定义，因此Attack是SocietalEvent的子类。",1,1,
hard_case_0015,subClassOf,ChristianBishop ⊑ Archbishop,"背景知识：
条目1：
- 名称：ChristianBishop
- 类型：Class
- 简介：Christian Bishop

条目2：
- 名称：Archbishop
- 类型：Class
- 简介：archbishop",0,deepseek-ai/DeepSeek-R1-Distill-Qwen-32B,0.0,8192,https://api2.aigcbest.top/v1,"好，我现在需要分析这个RDFS公理是否正确。公理是ChristianBishop ⊑ Archbishop，也就是ChristianBishop是Archbishop的子类。首先，我得理解这两个类的含义。

根据背景知识，ChristianBishop是一个类，简介是“Christian Bishop”，而Archbishop的简介是“archbishop”。我知道，Bishop通常指的是主教，而Archbishop是大主教，通常在基督教中，大主教是比普通主教更高的职位。所以，从语义上看，Archbishop应该是Bishop的一个子类，而不是相反。

接下来，按照RDFS的subClassOf规则，如果A是B的子类，那么所有A的实例都是B的实例。这里，如果ChristianBishop是Archbishop的子类，那么每个ChristianBishop都是Archbishop，这显然不符合实际情况，因为大主教是更高级别的职位，而不是所有主教都是大主教。

因此，这个公理与常识和语义规则相冲突，判断为错误。
</think>

判断结果：错误
解释：根据常识，Archbishop是Bishop的高级职位，因此ChristianBishop应为Archbishop的父类，而非子类。",0,1,
hard_case_0017,subClassOf,Eukaryote ⊑ Animal,"背景知识：
条目1：
- 名称：Eukaryote
- 类型：Class
- 简介：eukaryote

条目2：
- 名称：Animal
- 类型：Class
- 简介：animal",0,deepseek-ai/DeepSeek-R1-Distill-Qwen-32B,0.0,8192,https://api2.aigcbest.top/v1,"嗯，我现在需要判断这个RDFS公理是否正确。公理是Eukaryote ⊑ Animal，也就是Eukaryote是Animal的子类。首先，我得理解这两个类的定义。

根据背景知识，Eukaryote是一个类，简介是“eukaryote”，也就是真核生物。而Animal也是一个类，简介是“animal”，也就是动物。那真核生物和动物之间是什么关系呢？

真核生物包括很多生物，比如动物、植物、真菌等等。动物只是真核生物的一部分。所以，从包含关系来看，Eukaryote应该包含Animal，而不是反过来。也就是说，Animal应该是Eukaryote的子类，而不是Eukaryote是Animal的子类。

RDFS的subClassOf公理表示的是类之间的包含关系，也就是左边的类是右边类的子类。所以，如果Eukaryote是Animal的子类，那就意味着所有真核生物都是动物，这显然不对，因为真核生物还包括植物和其他生物。

因此，这个公理是错误的，因为它颠倒了正确的包含关系。
</think>

判断结果：错误
解释：Eukaryote是包含Animal在内的更广泛类，因此Eukaryote不能是Animal的子类。",0,1,
hard_case_0018,subClassOf,Genre ⊑ ArtisticGenre,"背景知识：
条目1：
- 名称：Genre
- 类型：Class
- 简介：genre

条目2：
- 名称：ArtisticGenre
- 类型：Class
- 简介：Genres of art, e.g. Pointillist, Modernist",0,deepseek-ai/DeepSeek-R1-Distill-Qwen-32B,0.0,8192,https://api2.aigcbest.top/v1,"嗯，我现在需要判断这个RDFS公理是否正确。公理是Genre ⊑ ArtisticGenre，也就是Genre是ArtisticGenre的子类。首先，我得理解这两个类的定义。

根据背景知识，Genre是一个类，简介是“genre”，这通常指的是类型或类别，比如音乐、文学中的类型。而ArtisticGenre也是一个类，简介是“Genres of art，例如点彩派、现代主义”。这说明ArtisticGenre特指艺术领域的类型，比如绘画风格、艺术流派等。

接下来，我需要分析这两个类之间的关系。Genre是一个比较广泛的类，可以涵盖各种类型，不仅仅是艺术领域，比如音乐、电影、文学等都有各自的类型。而ArtisticGenre则是更具体的，专门针对艺术领域的类型。

根据RDFS的subClassOf规则，如果A是B的子类，那么所有属于A的实例也属于B。那么，如果Genre是ArtisticGenre的子类，意味着所有的Genre都是ArtisticGenre的一部分。但实际情况是，Genre的范围更广，包括艺术以外的类型，比如音乐类型、电影类型等，而ArtisticGenre只涵盖艺术类型。因此，Genre并不完全包含在ArtisticGenre中，反而ArtisticGenre应该是Genre的一个子类，因为艺术类型是类型的一种。

所以，这个公理是错误的，因为它颠倒了类的包含关系。正确的应该是ArtisticGenre ⊑ Genre，而不是反过来。
</think>

判断结果：错误
解释：Genre是一个更广泛的类，而ArtisticGenre是其子类，因此公理应为ArtisticGenre ⊑ Genre。",0,1,
hard_case_0019,subClassOf,GridironFootballPlayer ⊑ AmericanFootballPlayer,"背景知识：
条目1：
- 名称：GridironFootballPlayer
- 类型：Class
- 简介：Gradiron football, also called North American football, is a family of soccer team games played primarily in the United States and Canada.

条目2：
- 名称：AmericanFootballPlayer
- 类型：Class
- 简介：american football player",0,deepseek-ai/DeepSeek-R1-Distill-Qwen-32B,0.0,8192,https://api2.aigcbest.top/v1,"嗯，我现在需要判断这个RDFS公理是否正确。公理是GridironFootballPlayer ⊑ AmericanFootballPlayer，也就是GridironFootballPlayer是AmericanFootballPlayer的子类。首先，我得理解这两个类的定义。

根据背景知识，GridironFootballPlayer的简介提到，Gradiron football，也称为北美足球，主要在美国和加拿大进行。而AmericanFootballPlayer的简介比较简短，只是说“American football player”。通常，American football指的是美式足球，而Gridiron football有时也被用来指美式足球，尤其是在加拿大，因为加拿大足球和美式足球有很多相似之处，但也有不同之处，比如场地大小和规则有些差异。

接下来，我需要分析这两个类之间的关系。GridironFootballPlayer是否是AmericanFootballPlayer的子类呢？从常识来看，美式足球运动员（AmericanFootballPlayer）通常指的是在美国职业橄榄球大联盟（NFL）等联赛中踢球的球员，而Gridiron football可能包括美式足球和加拿大足球。因此，GridironFootballPlayer可能包括美式足球运动员，但可能还包括加拿大足球运动员。所以，GridironFootballPlayer是否是AmericanFootballPlayer的子类呢？或者说，AmericanFootballPlayer是否是GridironFootballPlayer的子类？

根据公理，GridironFootballPlayer是AmericanFootballPlayer的子类，意味着所有GridironFootballPlayer都是AmericanFootballPlayer。这可能不正确，因为GridironFootballPlayer可能包括加拿大足球运动员，而他们可能不属于AmericanFootballPlayer。因此，这个公理可能不正确，因为它可能过于宽泛，将GridironFootballPlayer的范围扩大到包括不属于AmericanFootballPlayer的球员。

另外，从语义规则来看，subClassOf表示类之间的包含关系，即所有属于子类的实例都属于父类。如果GridironFootballPlayer确实包括AmericanFootballPlayer，那么公理是正确的。但根据背景知识，Gridiron football可能更广泛，包括美式和加式足球，因此GridironFootballPlayer可能不是AmericanFootballPlayer的子类，而是父类，或者两者是并列的。

综上所述，这个公理可能不正确，因为它可能错误地将GridironFootballPlayer作为AmericanFootballPlayer的子类，而实际上它们可能有不同的范围。
</think>

判断结果：错误
解释：GridironFootballPlayer和AmericanFootballPlayer在背景知识中没有明确的子类关系，且Gridiron football可能包括更广泛的范围，因此该公理不正确。",0,1,
hard_case_0020,subClassOf,Person ⊑ Animal,"背景知识：
条目1：
- 名称：Person
- 类型：Class
- 简介：person

条目2：
- 名称：Animal
- 类型：Class
- 简介：animal",1,deepseek-ai/DeepSeek-R1-Distill-Qwen-32B,0.0,8192,https://api2.aigcbest.top/v1,"嗯，我现在需要判断这个RDFS公理是否正确。公理是Person ⊑ Animal，也就是Person是Animal的子类。首先，我得理解subClassOf的意思，它表示类之间的包含关系，也就是说，所有Person都是Animal。

接下来，我看看背景知识。Person被定义为一个类，简介是“person”，而Animal也是一个类，简介是“animal”。根据常识，人属于动物的一种，所以Person应该是Animal的子类。

然后，我回忆一下RDFS的语义规则。subClassOf公理意味着如果一个类A是类B的子类，那么所有属于A的实例也属于B。这里，Person作为子类，所有Person实例都是Animal的实例，这符合常识。

再考虑是否有冲突。背景知识中没有提到Person不属于Animal，也没有其他信息与此公理相矛盾。因此，这个公理是合理的。

综上所述，这个公理是正确的，因为它符合常识和RDFS的语义规则。
</think>

判断结果：正确
解释：根据常识，Person是Animal的子类，因此该公理符合背景知识和RDFS语义规则。",1,1,
hard_case_0023,subClassOf,Type ⊑ TopicalConcept,"背景知识：
条目1：
- 名称：Type
- 类型：Class
- 简介：a category within a classification system

条目2：
- 名称：TopicalConcept
- 类型：Class
- 简介：topical concept",1,deepseek-ai/DeepSeek-R1-Distill-Qwen-32B,0.0,8192,https://api2.aigcbest.top/v1,"嗯，我现在需要判断这个RDFS公理是否正确。公理是Type ⊑ TopicalConcept，也就是Type是TopicalConcept的子类。首先，我得理解这两个类的定义。

根据背景知识，Type是一个类别，属于分类系统中的一个类别。而TopicalConcept则是主题概念。那么，Type是否属于TopicalConcept的子类呢？

Type通常指的是分类系统中的类别，比如在图书馆中，书籍会被分类到不同的Type里。而TopicalConcept更广泛，指的是主题概念，可能包括更广泛的领域或主题。Type作为分类系统的一部分，可能属于TopicalConcept的一种，因为主题概念可以涵盖各种分类方式。

RDFS的subClassOf公理要求子类的所有实例都是父类的实例。Type作为分类系统中的类别，确实可以被视为主题概念的一种，因此Type ⊑ TopicalConcept是合理的。

所以，这个公理是正确的，因为它符合RDFS的语义规则，并且与背景知识一致。
</think>

判断结果：正确
解释：Type作为分类系统中的类别，属于TopicalConcept的子类，符合RDFS的subClassOf语义规则。",1,1,
hard_case_0024,subPropertyOf,Wins ⊑p rankingWins,"背景知识：
条目1：
- 名称：Wins
- 类型：Unknown
- 简介：Wins

条目2：
- 名称：rankingWins
- 类型：Property
- 简介：ranking wins",0,deepseek-ai/DeepSeek-R1-Distill-Qwen-32B,0.0,8192,https://api2.aigcbest.top/v1,"好，我现在需要分析这个RDFS公理是否正确。公理是Wins ⊑p rankingWins，也就是Wins是rankingWins的子属性。首先，我得理解这两个术语的含义。

根据背景知识，Wins的类型是Unknown，简介里只写了“Wins”，没有详细说明。而rankingWins的类型是Property，简介是“ranking wins”。看起来rankingWins可能是指排名中的胜利，比如在比赛中获得的排名胜利。

接下来，我需要分析subPropertyOf的关系。subPropertyOf表示一个属性是另一个属性的子属性，意味着所有属于子属性的实例也属于父属性。所以，如果Wins是rankingWins的子属性，那么所有具有Wins属性的实例也应该具有rankingWins属性。

但是，Wins的类型是Unknown，这可能意味着它不是一个明确定义的属性，或者它的定义不够明确。而rankingWins是一个明确的属性，用于描述排名中的胜利。如果Wins没有明确的定义，或者它的含义与rankingWins不完全一致，那么将Wins作为rankingWins的子属性可能不合适。

另外，从常识来看，Wins通常指的是胜利，而rankingWins可能特指排名中的胜利。如果Wins的范围更广，包括各种胜利，而不仅仅是排名中的胜利，那么Wins就不能完全被包含在rankingWins中。因此，这种子属性关系可能不成立。

综上所述，由于Wins的定义不明确，且可能与rankingWins的范围不完全一致，这个公理可能存在问题。
</think>

判断结果：错误
解释：Wins的类型未知，无法确定其是否为rankingWins的子属性。",0,1,
hard_case_0026,subPropertyOf,averageDepth ⊑p depth,"背景知识：
条目1：
- 名称：averageDepth
- 类型：Property
- 简介：Source of the value can be declare by .

条目2：
- 名称：depth
- 类型：Property
- 简介：Is a measure of the distance between a reference height and a point underneath. The exact meaning for a place is unclear. If possible, use or to be unambiguous.",1,deepseek-ai/DeepSeek-R1-Distill-Qwen-32B,0.0,8192,https://api2.aigcbest.top/v1,"嗯，我现在需要判断这个RDFS公理是否正确。公理是averageDepth ⊑p depth，也就是averageDepth是depth的子属性。首先，我得理解这两个属性的含义。

根据背景知识，averageDepth是一个属性，它的来源可以被声明。而depth是一个属性，表示从参考高度到下方某点的距离，但具体对某个地方的含义不太清楚，建议使用更明确的属性。

接下来，我得分析它们之间的关系。averageDepth听起来像是深度的一个平均值，而depth是一个更通用的概念。通常，averageDepth应该属于depth的一个子属性，因为平均深度是深度的一种具体形式。

然后，根据RDFS的subPropertyOf规则，如果averageDepth是depth的子属性，那么任何使用averageDepth的地方都可以用depth来代替。这符合常识，因为平均深度确实是深度的一种。

所以，这个公理是正确的，因为它符合属性的层次结构和语义规则。
</think>

判断结果：正确
解释：averageDepth作为depth的子属性，符合属性层次结构，因为averageDepth是depth的一种具体形式。",1,1,
hard_case_0027,subPropertyOf,bronzeMedalist ⊑p Medalist,"背景知识：
条目1：
- 名称：bronzeMedalist
- 类型：Property
- 简介：bronze medalist

条目2：
- 名称：Medalist
- 类型：Unknown
- 简介：Medalist",1,deepseek-ai/DeepSeek-R1-Distill-Qwen-32B,0.0,8192,https://api2.aigcbest.top/v1,"好的，我现在需要分析给定的RDFS公理是否正确。公理是bronzeMedalist ⊑p Medalist，也就是bronzeMedalist是Medalist的子属性。首先，我得理解这两个术语的含义。

根据背景知识，bronzeMedalist是一个属性，表示“铜牌获得者”。而Medalist的类型是Unknown，简介是“Medalist”，通常理解为“奖牌获得者”，可能包括金、银、铜牌获得者。所以，从常识来看，bronzeMedalist应该是Medalist的一个子类，因为铜牌获得者肯定是奖牌获得者的一种。

接下来，我需要检查RDFS的语义规则。subPropertyOf（⊑p）表示属性之间的包含关系，即如果bronzeMedalist是Medalist的子属性，那么任何使用bronzeMedalist的地方都可以用Medalist来代替。这符合常识，因为铜牌获得者确实是奖牌获得者的一种。

然后，我需要考虑是否有任何背景知识或语义规则与这个公理冲突。背景知识中没有提到Medalist的具体类型，但常识上Medalist通常包括各种奖牌获得者，所以bronzeMedalist作为其子属性是合理的。

最后，综合以上分析，这个公理是正确的，因为它符合RDFS的语义规则和常识。
</think>

判断结果：正确
解释：bronzeMedalist作为属性，表示铜牌获得者，而Medalist通常指奖牌获得者，包括铜牌获得者，因此bronzeMedalist是Medalist的子属性，符合RDFS的语义规则。",1,1,
hard_case_0028,subPropertyOf,championInMixedDouble ⊑p championInDouble,"背景知识：
条目1：
- 名称：championInMixedDouble
- 类型：Property
- 简介：winner of a competition in the mixed double session (as in tennis)

条目2：
- 名称：championInDouble
- 类型：Property
- 简介：winner of a competition in the double session (as in tennis)",1,deepseek-ai/DeepSeek-R1-Distill-Qwen-32B,0.0,8192,https://api2.aigcbest.top/v1,"嗯，我现在需要判断这个RDFS公理是否正确。公理是championInMixedDouble ⊑p championInDouble，也就是championInMixedDouble是championInDouble的子属性。首先，我得理解这两个属性的含义。

根据背景知识，championInMixedDouble是“在混合双打比赛中获胜的人”，而championInDouble是“在双打比赛中获胜的人”。混合双打是双打的一种，所以混合双打的冠军肯定是双打的冠军，对吧？所以从语义上看，championInMixedDouble应该是championInDouble的子属性，因为混合双打属于双打的一部分。

接下来，按照RDFS的规则，subPropertyOf表示属性间的包含关系。如果A是B的子属性，那么A的所有实例也属于B。这里，混合双打冠军的实例自然也是双打冠军的实例，所以这个公理是符合语义规则的。

再考虑常识，混合双打是双打的一种，所以冠军在混合双打中获胜的人，当然也是双打中的冠军。因此，这个公理在常识上也是合理的。

综上所述，这个公理是正确的，因为它正确地反映了混合双打冠军是双打冠军的一种情况。
</think>

判断结果：正确
解释：championInMixedDouble是championInDouble的子属性，因为混合双打是双打的一种，所以混合双打冠军也是双打冠军。",1,1,
hard_case_0029,subPropertyOf,chief ⊑p Leader,"背景知识：
条目1：
- 名称：chief
- 类型：Property
- 简介：chief

条目2：
- 名称：Leader
- 类型：Unknown
- 简介：Leader",1,deepseek-ai/DeepSeek-R1-Distill-Qwen-32B,0.0,8192,https://api2.aigcbest.top/v1,"好，我现在需要分析这个RDFS公理是否正确。公理是chief ⊑p Leader，也就是chief是Leader的子属性。首先，我得理解这两个术语的含义。

根据背景知识，chief是一个属性，而Leader的类型是Unknown，简介里只写了“Leader”。通常，chief可以指领导者，比如部落的首领或者公司的首席执行官。Leader也是指领导者，两者在语义上是相近的。

接下来，我需要考虑RDFS的subPropertyOf规则。如果chief是Leader的子属性，那么每当使用chief时，也应该适用Leader。这在语义上是合理的，因为chief通常被视为一种更具体的领导角色，而Leader是一个更广泛的类别。

不过，背景知识中提到Leader的类型是Unknown，这可能意味着Leader的定义不够明确。但常识上，Leader确实是一个领导者的概念，所以chief作为其子属性是合理的。

综上所述，这个公理是正确的，因为它符合语义关系和常识。
</think>

判断结果：正确
解释：根据背景知识，chief和Leader都表示领导者的概念，因此chief可以被视为Leader的子属性。",1,1,
hard_case_0031,subPropertyOf,code ⊑p codeListOfHonour,"背景知识：
条目1：
- 名称：code
- 类型：Property
- 简介：Superproperty for any designation (string, integer as string) that is meant to identify an entity within the context of a system

条目2：
- 名称：codeListOfHonour
- 类型：Property
- 简介：code on List of Honour",0,deepseek-ai/DeepSeek-R1-Distill-Qwen-32B,0.0,8192,https://api2.aigcbest.top/v1,"嗯，我现在需要判断这个RDFS公理是否正确。公理是code ⊑p codeListOfHonour，也就是code是codeListOfHonour的上位属性。首先，我得理解这两个属性的定义。

根据背景知识，code是一个属性，作为任何标识符的超属性，用于在系统上下文中标识实体。而codeListOfHonour是code在荣誉名单上的具体应用。所以，codeListOfHonour应该是code的一个子属性，因为它更具体，专门用于荣誉名单。

RDFS的subPropertyOf关系表示一个属性是另一个属性的子属性，也就是说，codeListOfHonour应该属于code的子属性，而不是反过来。所以，正确的公理应该是codeListOfHonour ⊑p code，而不是code ⊑p codeListOfHonour。因此，这个公理是错误的，因为它颠倒了属性的上下位关系。
</think>

判断结果：错误
解释：codeListOfHonour是code的子属性，因此正确的公理应为codeListOfHonour ⊑p code，而非code ⊑p codeListOfHonour。",0,1,
hard_case_0033,subPropertyOf,code ⊑p cosparId,"背景知识：
条目1：
- 名称：code
- 类型：Property
- 简介：Superproperty for any designation (string, integer as string) that is meant to identify an entity within the context of a system

条目2：
- 名称：cosparId
- 类型：Property
- 简介：Described at http://en.wikipedia.org/wiki/International_Designator",0,deepseek-ai/DeepSeek-R1-Distill-Qwen-32B,0.0,8192,https://api2.aigcbest.top/v1,"嗯，我现在需要判断这个RDFS公理是否正确。公理是code ⊑p cosparId，也就是code是cosparId的子属性。首先，我得理解这两个属性的定义。

根据背景知识，code是一个属性，作为任何标识符的超属性，比如字符串或整数作为字符串，用于在系统上下文中标识实体。而cosparId则是另一个属性，描述的是国际设计ator，具体信息在维基百科上。

接下来，我需要分析它们之间的关系。subPropertyOf表示code是cosparId的子属性，意味着所有使用code的地方都必须使用cosparId。但根据常识，cosparId是一个特定的标识符，而code是一个更广泛的超属性，可能包括各种标识符，比如ISBN、型号等。因此，code应该更广泛，而cosparId是code的一个具体例子，所以应该是cosparId是code的子属性，而不是反过来。

所以，这个公理是错误的，因为它颠倒了子属性的关系。
</think>

判断结果：错误
解释：code作为超属性，cosparId是其子属性，因此正确的公理应为cosparId ⊑p code，而非code ⊑p cosparId。",0,1,
hard_case_0035,subPropertyOf,code ⊑p dutchNAIdentifier,"背景知识：
条目1：
- 名称：code
- 类型：Property
- 简介：Superproperty for any designation (string, integer as string) that is meant to identify an entity within the context of a system

条目2：
- 名称：dutchNAIdentifier
- 类型：Property
- 简介：Identifier for Duch National Archive",0,deepseek-ai/DeepSeek-R1-Distill-Qwen-32B,0.0,8192,https://api2.aigcbest.top/v1,"嗯，我现在需要判断这个RDFS公理是否正确。公理是code ⊑p dutchNAIdentifier，也就是code是dutchNAIdentifier的上位属性。首先，我得理解这两个属性的定义。

根据背景知识，code是一个属性，作为任何标识符的超属性，用于在系统上下文中标识实体。而dutchNAIdentifier是荷兰国家档案馆的标识符，属于code的子属性吗？或者说，dutchNAIdentifier是否是code的一个具体实例？

RDFS中的subPropertyOf关系表示一个属性是另一个属性的子属性，意味着所有使用子属性的情况都适用父属性。所以，如果dutchNAIdentifier是code的子属性，那么任何用dutchNAIdentifier的地方都可以用code来表示。

但是，从背景知识来看，code是一个更广泛的超属性，而dutchNAIdentifier是特定于荷兰国家档案馆的。通常，超属性应该包含更具体的子属性，所以这里可能应该是dutchNAIdentifier ⊑p code，而不是反过来。因此，公理code ⊑p dutchNAIdentifier是错误的，因为它颠倒了上下位关系。
</think>

判断结果：错误
解释：code作为超属性，应为dutchNAIdentifier的上位属性，因此正确的公理应为dutchNAIdentifier ⊑p code，而非code ⊑p dutchNAIdentifier。",0,1,
hard_case_0038,subPropertyOf,code ⊑p fdaUniiCode,"背景知识：
条目1：
- 名称：code
- 类型：Property
- 简介：Superproperty for any designation (string, integer as string) that is meant to identify an entity within the context of a system

条目2：
- 名称：fdaUniiCode
- 类型：Property
- 简介：FDA Unique Ingredient Identifier (UNII) code for a DBpedia Drug",0,deepseek-ai/DeepSeek-R1-Distill-Qwen-32B,0.0,8192,https://api2.aigcbest.top/v1,"好，我现在需要分析这个RDFS公理是否正确。公理是code ⊑p fdaUniiCode，也就是code是fdaUniiCode的上位属性。首先，我得理解这两个属性的定义。

根据背景知识，code是一个超属性，用于标识系统中的实体，可以是字符串或整数字符串。而fdaUniiCode是FDA的唯一成分标识符，专门用于DBpedia药物。看起来fdaUniiCode是code的一个具体应用，属于更具体的子属性。

RDFS的subPropertyOf规则指出，如果一个属性是另一个的子属性，那么前者的所有实例也属于后者。这里，fdaUniiCode作为更具体的属性，应该属于code的子属性，而不是反过来。所以，正确的公理应该是fdaUniiCode ⊑p code，而不是code ⊑p fdaUniiCode。

因此，这个公理是错误的，因为它颠倒了属性的上下位关系。
</think>

判断结果：错误
解释：code是fdaUniiCode的超属性，而公理表示code是fdaUniiCode的子属性，这与背景知识中的属性层次关系不符。",0,1,
hard_case_0039,subPropertyOf,code ⊑p individualisedGnd,"背景知识：
条目1：
- 名称：code
- 类型：Property
- 简介：Superproperty for any designation (string, integer as string) that is meant to identify an entity within the context of a system

条目2：
- 名称：individualisedGnd
- 类型：Property
- 简介：GND (Gemeinsame Normdatei) is an international authority file for the organisation of personal names, subject headings and corporate bodies from catalogues. It is used mainly for documentation in libraries and archives. The GND is managed b...",0,deepseek-ai/DeepSeek-R1-Distill-Qwen-32B,0.0,8192,https://api2.aigcbest.top/v1,"嗯，我现在需要判断这个RDFS公理是否正确。公理是code ⊑p individualisedGnd，也就是code是individualisedGnd的子属性。首先，我得理解这两个属性的定义。

根据背景知识，code是一个属性，作为任何标识符的超属性，比如字符串或整数作为字符串，用于在系统上下文中标识实体。而individualisedGnd是GND属性，用于组织个人名称、主题词和机构名称，主要用于图书馆和档案馆的目录。

接下来，我需要分析它们之间的关系。subPropertyOf表示code是individualisedGnd的子属性，意味着code的使用范围应该比individualisedGnd更窄，或者更具体。换句话说，任何使用code的地方，也应该适用individualisedGnd。

但是，从背景来看，code是一个更通用的属性，用于各种标识符，而individualisedGnd则是一个特定的、用于GND系统的属性。因此，code并不一定是individualisedGnd的子属性，因为它们的应用范围不同。code可能包括各种标识符，而不仅仅是GND。所以，将code作为individualisedGnd的子属性可能不符合实际情况，因为它们的用途和范围并不一致。

因此，这个公理可能存在问题，因为它可能错误地限制了code的使用范围，使其必须符合individualisedGnd的约束，而实际上它们并不相关。
</think>

判断结果：错误
解释：code作为超属性，不能被特定的individualisedGnd属性所限制，因为它们的应用范围不同。",0,1,
hard_case_0041,subPropertyOf,codeSettlement ⊑p inseeCode,"背景知识：
条目1：
- 名称：codeSettlement
- 类型：Property
- 简介：settlement code

条目2：
- 名称：inseeCode
- 类型：Property
- 简介：numerical indexing code used by the French National Institute for Statistics and Economic Studies (INSEE) to identify various entities",0,deepseek-ai/DeepSeek-R1-Distill-Qwen-32B,0.0,8192,https://api2.aigcbest.top/v1,"嗯，我现在需要判断这个RDFS公理是否正确。公理是codeSettlement ⊑p inseeCode，也就是codeSettlement是inseeCode的子属性。首先，我得理解这两个属性的定义。

根据背景知识，codeSettlement是一个属性，简介是“settlement code”，可能指的是某种结算代码。而inseeCode是另一个属性，简介是法国国家统计与经济研究所使用的数值索引代码，用于识别各种实体。看起来这两个属性都是代码，但用途不同。

接下来，我得分析subPropertyOf的关系。subPropertyOf表示一个属性是另一个属性的子属性，意味着所有使用codeSettlement的地方，都可以用inseeCode来代替。也就是说，codeSettlement的范围和约束必须完全包含在inseeCode之内。

但是，codeSettlement是结算代码，而inseeCode是法国特定机构使用的代码。它们的用途和范围可能不同。结算代码可能用于金融交易，而inseeCode用于统计和经济研究。因此，它们的语义并不完全一致，不能简单地说一个包含另一个。

此外，从常识来看，不同机构的代码系统通常是独立的，除非有明确的定义说明它们之间的关系。这里没有这样的信息，所以不能假设codeSettlement是inseeCode的子属性。

综上所述，这个公理可能不正确，因为它没有充分的语义支持，两个属性的用途和范围不同，不能直接推断出子属性关系。
</think>

判断结果：错误
解释：codeSettlement和inseeCode是不同用途的代码属性，没有明确的语义关系支持codeSettlement是inseeCode的子属性。",0,1,
hard_case_0042,subPropertyOf,colourHexCode ⊑p code,"背景知识：
条目1：
- 名称：colourHexCode
- 类型：Property
- 简介：A colour represented by its hex code (e.g.: #FF0000 or #40E0D0)

条目2：
- 名称：code
- 类型：Property
- 简介：Superproperty for any designation (string, integer as string) that is meant to identify an entity within the context of a system",1,deepseek-ai/DeepSeek-R1-Distill-Qwen-32B,0.0,8192,https://api2.aigcbest.top/v1,"嗯，我现在需要判断这个RDFS公理是否正确。公理是colourHexCode ⊑p code，也就是colourHexCode是code的子属性。首先，我得理解这两个属性的定义。

根据背景知识，colourHexCode是一个属性，表示颜色的十六进制代码，比如#FF0000。而code是一个更广泛的属性，作为任何标识符的超属性，比如字符串或整数作为字符串。所以，code的范围更广，可以用于各种标识符，而colourHexCode则特指颜色代码。

接下来，我需要分析subPropertyOf的关系。subPropertyOf表示一个属性是另一个属性的子属性，意味着所有使用子属性的情况都适用父属性。也就是说，如果colourHexCode是code的子属性，那么每当使用colourHexCode时，它也必须满足code的条件。

从语义上看，colourHexCode确实是一种特定的code，因为它是一种标识符，用于表示颜色。因此，将colourHexCode作为code的子属性是合理的，因为它们都属于标识符的范畴，且colourHexCode是code的一个具体实例。

此外，RDFS的语义规则支持这种层次结构，允许更具体的属性继承更一般属性的属性。因此，这个公理符合RDFS的规则，并且与背景知识一致。

综上所述，这个公理是正确的，因为它正确地反映了colourHexCode作为code的子属性的关系。
</think>

判断结果：正确
解释：colourHexCode作为颜色的十六进制代码，是code的一种具体形式，因此colourHexCode是code的子属性。",1,1,
hard_case_0044,subPropertyOf,dutchMIPCode ⊑p Code,"背景知识：
条目1：
- 名称：dutchMIPCode
- 类型：Property
- 简介：The Dutch MIP project was meant to take stock of all kinds of monuments

条目2：
- 名称：Code
- 类型：Unknown
- 简介：Code",1,deepseek-ai/DeepSeek-R1-Distill-Qwen-32B,0.0,8192,https://api2.aigcbest.top/v1,"嗯，我现在需要判断这个RDFS公理是否正确。公理是dutchMIPCode ⊑p Code，也就是dutchMIPCode是Code的子属性。首先，我得理解这两个概念。

根据背景知识，dutchMIPCode是一个属性，用于描述荷兰MIP项目中的各种纪念碑。而Code的类型是Unknown，简介只是“Code”，信息比较模糊。通常，Code可能指代某种编码或代码，比如项目代码、产品代码等。

接下来，我需要分析subPropertyOf的关系。subPropertyOf表示一个属性是另一个属性的子属性，意味着dutchMIPCode的所有实例都属于Code。也就是说，任何使用dutchMIPCode的地方，也应该使用Code。

但是，背景知识中并没有明确说明dutchMIPCode和Code之间的关系。Code的类型是Unknown，可能意味着它不是一个类，而是一个属性，或者可能是一个类。如果Code是一个属性，那么dutchMIPCode作为它的子属性是否合理？或者，如果Code是一个类，那么dutchMIPCode作为属性，是否应该属于Code的子属性？

另外，常识上，MIP项目中的代码可能是一种特定的编码，而Code可能是一个更广泛的类别。比如，Code可能包括各种类型的代码，而dutchMIPCode是其中一种。因此，从语义上看，dutchMIPCode应该是Code的子属性，因为它是Code的一种具体形式。

不过，背景知识中Code的信息不够详细，可能影响判断。如果Code是一个更广泛的属性，那么这个公理是合理的。但如果Code是一个类，而dutchMIPCode是属性，那么subPropertyOf可能不适用，因为subPropertyOf是属性之间的关系，而subClassOf是类之间的关系。

综上所述，虽然背景知识有限，但根据常识，dutchMIPCode作为Code的子属性是合理的，因此公理是正确的。
</think>

判断结果：正确
解释：dutchMIPCode作为Code的子属性，符合RDFS的subPropertyOf语义规则，因为dutchMIPCode是Code的一种具体形式。",1,1,
hard_case_0047,subPropertyOf,featuring ⊑p artist,"背景知识：
条目1：
- 名称：featuring
- 类型：Property
- 简介：Name of the second artist, apart the main artist, reserved preferently for singles, promotional singles and songs.

条目2：
- 名称：artist
- 类型：Property
- 简介：The performer or creator of the musical work.",1,deepseek-ai/DeepSeek-R1-Distill-Qwen-32B,0.0,8192,https://api2.aigcbest.top/v1,"嗯，我现在需要判断这个RDFS公理是否正确。公理是featuring ⊑p artist，也就是featuring是artist的子属性。首先，我得理解这两个属性的定义。

根据背景知识，featuring是一个属性，表示第二位艺术家的名字，通常用于单曲、宣传单曲和歌曲。而artist属性则表示音乐作品的表演者或创作者。所以，featuring通常指的是与主要艺术家合作的另一位艺术家。

接下来，我得分析subPropertyOf的关系。subPropertyOf表示一个属性是另一个属性的子属性，意味着featuring的所有实例都必须是artist的实例。也就是说，任何使用featuring属性的地方，其值也必须满足artist属性的条件。

从背景知识来看，featuring确实是指艺术家，所以从语义上看，featuring的值应该属于artist的范围。因此，featuring应该是artist的子属性，这样符合subPropertyOf的定义。

再考虑常识，featuring通常用于描述合作艺术家，而artist则更广泛，包括所有类型的表演者。所以，featuring作为artist的子属性是合理的，没有冲突。

综上所述，这个公理是正确的，因为它符合属性之间的包含关系，并且与背景知识一致。
</think>

判断结果：正确
解释：featuring属性表示第二位艺术家，属于artist属性的子属性，符合subPropertyOf的语义规则。",1,1,
hard_case_0049,subPropertyOf,followedBy ⊑p nextMission,"背景知识：
条目1：
- 名称：followedBy
- 类型：Property
- 简介：followed by

条目2：
- 名称：nextMission
- 类型：Property
- 简介：next mission",0,deepseek-ai/DeepSeek-R1-Distill-Qwen-32B,0.0,8192,https://api2.aigcbest.top/v1,"好，我现在需要分析这个RDFS公理是否正确。公理是followedBy ⊑p nextMission，也就是followedBy是nextMission的子属性。首先，我得理解这两个属性的含义。

根据背景知识，followedBy的简介是“followed by”，通常用来表示一个事物之后接着另一个事物。而nextMission的简介是“next mission”，显然指的是接下来的任务。这两个属性看起来都是用来表示顺序或后续的关系。

接下来，我需要考虑它们的语义关系。subPropertyOf表示一个属性是另一个属性的子属性，意味着所有followedBy的关系都必须满足nextMission的条件。换句话说，如果A followedBy B，那么A nextMission B也必须成立。

但是，followedBy通常用于更广泛的情况，比如事件、动作等，而nextMission则特指任务之间的顺序。虽然两者都涉及后续关系，但它们的应用范围和语义可能有所不同。followedBy可能不局限于任务，而nextMission则明确指向任务。因此，将followedBy作为nextMission的子属性可能过于狭窄，因为followedBy的应用范围更广，不一定都属于nextMission。

此外，从常识来看，followedBy可以用于任何类型的后续关系，而nextMission特指任务的后续。因此，将followedBy作为nextMission的子属性可能不符合实际情况，因为followedBy的应用范围更广，而nextMission的应用范围更窄。

综上所述，这个公理可能存在问题，因为它可能限制了followedBy的使用范围，使其仅适用于任务的后续，而实际上followedBy的应用范围更广泛。因此，这个公理可能不合理。
</think>

判断结果：错误
解释：followedBy和nextMission都表示后续关系，但followedBy的应用范围更广，而nextMission特指任务的后续，因此followedBy不能作为nextMission的子属性。",0,1,
hard_case_0053,subPropertyOf,iso6391Code ⊑p LanguageCode,"背景知识：
条目1：
- 名称：iso6391Code
- 类型：Property
- 简介：ISO 639-1 code

条目2：
- 名称：LanguageCode
- 类型：Unknown
- 简介：LanguageCode",1,deepseek-ai/DeepSeek-R1-Distill-Qwen-32B,0.0,8192,https://api2.aigcbest.top/v1,"嗯，我现在需要判断这个RDFS公理是否正确。公理是iso6391Code ⊑p LanguageCode，也就是iso6391Code是LanguageCode的子属性。首先，我得理解这两个属性的含义。

根据背景知识，iso6391Code是一个属性，代表ISO 639-1代码，通常用于表示语言的二字母代码，比如英语是en，中文是zh。而LanguageCode的类型是Unknown，简介里只写了“LanguageCode”，没有详细说明。不过，通常LanguageCode可能指的是更广泛的语言编码，可能包括不同的标准，比如ISO 639-1、ISO 639-2等。

接下来，我需要分析subPropertyOf的关系。subPropertyOf表示一个属性是另一个属性的子属性，意味着所有使用子属性的情况都适用父属性。也就是说，如果iso6391Code是LanguageCode的子属性，那么每当使用iso6391Code时，也应该被视为使用LanguageCode。

现在，结合常识，ISO 639-1是语言编码的一种具体形式，而LanguageCode可能是一个更广泛的术语，涵盖各种语言编码标准。因此，iso6391Code作为LanguageCode的一个子属性是合理的，因为它是LanguageCode的一种具体实现。

不过，背景知识中提到LanguageCode的类型是Unknown，这可能意味着它的定义不够明确。但根据常识，LanguageCode通常指的是语言代码，而iso6391Code是其中一种，所以这个公理应该是正确的。

综上所述，这个公理是正确的，因为iso6391Code作为LanguageCode的子属性符合语义关系和常识。
</think>

判断结果：正确
解释：iso6391Code作为ISO 639-1代码，是LanguageCode的一种具体形式，因此作为其子属性是合理的。",1,1,
hard_case_0054,subPropertyOf,iso6392Code ⊑p LanguageCode,"背景知识：
条目1：
- 名称：iso6392Code
- 类型：Property
- 简介：ISO 639-2 code

条目2：
- 名称：LanguageCode
- 类型：Unknown
- 简介：LanguageCode",1,deepseek-ai/DeepSeek-R1-Distill-Qwen-32B,0.0,8192,https://api2.aigcbest.top/v1,"嗯，我现在需要判断这个RDFS公理是否正确。公理是iso6392Code ⊑p LanguageCode，也就是iso6392Code是LanguageCode的子属性。首先，我得理解这两个属性的含义。

根据背景知识，iso6392Code是一个属性，代表ISO 639-2代码，通常用于表示语言的编码。而LanguageCode的类型是Unknown，简介里只写了“LanguageCode”，没有详细说明。不过，常识上，LanguageCode应该是一个更广泛的属性，用于表示语言代码，可能包括不同的标准，比如ISO 639-1、ISO 639-2等。

接下来，我需要分析subPropertyOf的关系。subPropertyOf表示一个属性是另一个属性的子属性，意味着所有使用子属性的情况都适用父属性。也就是说，如果iso6392Code是LanguageCode的子属性，那么每当使用iso6392Code时，也应该被视为使用LanguageCode。

现在，结合背景知识，iso6392Code是特定的ISO标准，而LanguageCode可能是一个更通用的概念。因此，iso6392Code应该属于LanguageCode的一种，所以这个公理是合理的。没有明显的冲突，所以判断为正确。
</think>

判断结果：正确
解释：iso6392Code作为ISO 639-2代码，是LanguageCode的一种，因此该公理符合语义规则。",1,1,
hard_case_0055,subPropertyOf,iso6393Code ⊑p LanguageCode,"背景知识：
条目1：
- 名称：iso6393Code
- 类型：Property
- 简介：ISO 639-3 code

条目2：
- 名称：LanguageCode
- 类型：Unknown
- 简介：LanguageCode",1,deepseek-ai/DeepSeek-R1-Distill-Qwen-32B,0.0,8192,https://api2.aigcbest.top/v1,"嗯，我现在需要判断这个RDFS公理是否正确。公理是iso6393Code ⊑p LanguageCode，也就是iso6393Code是LanguageCode的子属性。首先，我得理解这两个属性的含义。

根据背景知识，iso6393Code是一个属性，代表ISO 639-3代码，通常用于标识语言。而LanguageCode的类型是Unknown，简介里只写了“LanguageCode”，没有详细说明。不过，常识上，LanguageCode通常指的是语言代码，可能包括不同的标准，比如ISO 639-1、639-2、639-3等。

接下来，我需要分析subPropertyOf的关系。subPropertyOf表示一个属性是另一个属性的子属性，意味着所有使用子属性的情况都适用父属性。也就是说，如果iso6393Code是LanguageCode的子属性，那么任何使用iso6393Code的地方都必须符合LanguageCode的定义。

现在，结合背景知识，iso6393Code是LanguageCode的一个具体实例，因为ISO 639-3是语言编码的一种标准。因此，从语义上看，iso6393Code确实属于LanguageCode的一种，所以这个公理是合理的。

另外，检查是否有冲突。背景知识中没有提到LanguageCode的其他子属性，也没有限制，所以这个公理不会引起冲突。因此，判断结果应该是正确的。
</think>

判断结果：正确
解释：iso6393Code作为ISO 639-3代码，是LanguageCode的一种具体形式，因此该公理符合语义规则。",1,1,
hard_case_0056,subPropertyOf,keyPerson ⊑p commandant,"背景知识：
条目1：
- 名称：keyPerson
- 类型：Property
- 简介：key person

条目2：
- 名称：commandant
- 类型：Property
- 简介：commandant",0,deepseek-ai/DeepSeek-R1-Distill-Qwen-32B,0.0,8192,https://api2.aigcbest.top/v1,"嗯，我现在需要判断这个RDFS公理是否正确。公理是keyPerson ⊑p commandant，也就是keyPerson是commandant的子属性。首先，我得理解这两个属性的含义。

根据背景知识，keyPerson是一个属性，简介是“key person”，可能指的是某个组织或团队中的关键人物。而commandant的简介是“commandant”，通常指的是指挥官或负责人，比如军队中的指挥官。

接下来，我得分析subPropertyOf的关系。subPropertyOf表示一个属性是另一个属性的子属性，意味着keyPerson的所有实例都必须是commandant的实例。也就是说，如果某个资源有keyPerson属性，那么它也必须有commandant属性。

但是，keyPerson通常指的是关键人物，可能包括各种角色，而commandant特指指挥官。关键人物不一定都是指挥官，比如可能包括财务总监、技术总监等。因此，keyPerson并不一定是commandant的子属性，因为它们的范围不同。

所以，这个公理可能不正确，因为它错误地将keyPerson的范围限制在commandant内，而实际上它们的含义并不完全重叠。
</think>

判断结果：错误
解释：keyPerson和commandant是两个不同的属性，keyPerson通常指关键人物，而commandant特指指挥官，它们之间没有必然的子属性关系。",0,1,
hard_case_0058,subPropertyOf,maximumDepth ⊑p depth,"背景知识：
条目1：
- 名称：maximumDepth
- 类型：Property
- 简介：Source of the value can be declare by .

条目2：
- 名称：depth
- 类型：Property
- 简介：Is a measure of the distance between a reference height and a point underneath. The exact meaning for a place is unclear. If possible, use or to be unambiguous.",1,deepseek-ai/DeepSeek-R1-Distill-Qwen-32B,0.0,8192,https://api2.aigcbest.top/v1,"嗯，我现在需要判断这个RDFS公理是否正确。公理是maximumDepth ⊑p depth，也就是maximumDepth是depth的子属性。首先，我得理解这两个属性的含义。

根据背景知识，maximumDepth是一个属性，它的来源可以被声明。而depth是一个属性，表示从参考高度到下方某点的距离，但具体含义可能不明确，建议使用更明确的属性来避免歧义。

接下来，我得分析这两个属性之间的关系。maximumDepth通常指的是某个范围内的最大深度，而depth是一个更通用的概念，可能包括最大、最小或其他特定深度。从语义上看，maximumDepth应该是一种特定的depth，所以它们之间可能存在子属性的关系。

RDFS的subPropertyOf规则指出，如果一个属性是另一个的子属性，那么前者的所有实例都属于后者。这里，maximumDepth作为depth的子属性，意味着所有使用maximumDepth的情况都属于depth的情况，这在语义上是合理的。

再结合常识，maximumDepth确实是depth的一种具体形式，所以这个公理是正确的。
</think>

判断结果：正确
解释：maximumDepth作为depth的子属性，符合RDFS的subPropertyOf规则，因为maximumDepth是depth的一种具体形式。",1,1,
hard_case_0062,subPropertyOf,owningOrganisation ⊑p owner,"背景知识：
条目1：
- 名称：owningOrganisation
- 类型：Property
- 简介：owning organisation

条目2：
- 名称：owner
- 类型：Property
- 简介：Used as if meaning: owned by, has as its owner",1,deepseek-ai/DeepSeek-R1-Distill-Qwen-32B,0.0,8192,https://api2.aigcbest.top/v1,"好，我现在需要分析这个RDFS公理是否正确。公理是owningOrganisation ⊑p owner，也就是owningOrganisation是owner的子属性。首先，我得理解这两个属性的含义。

根据背景知识，owningOrganisation是一个属性，类型是Property，简介是“owning organisation”，这可能表示拥有该组织的实体。而owner也是一个属性，简介是“owned by, has as its owner”，通常用来表示拥有者。

接下来，我需要分析它们之间的关系。subPropertyOf表示一个属性是另一个属性的子属性，意味着所有使用子属性的情况都适用父属性。也就是说，如果A是B的子属性，那么每当A被使用时，B也应该被应用。

现在，owningOrganisation和owner都是表示拥有关系的属性，但它们的侧重点可能不同。owningOrganisation可能更具体，指向组织，而owner则更广泛，可以指向任何拥有者，无论是个人还是组织。

根据RDFS规则，如果owningOrganisation是owner的子属性，那么每当使用owningOrganisation时，owner也应该适用。这在语义上是合理的，因为拥有组织也是一种拥有行为，所以owner可以涵盖owningOrganisation的情况。

因此，这个公理是正确的，因为它符合属性之间的包含关系，且没有与背景知识或语义规则冲突。
</think>

判断结果：正确
解释：owningOrganisation作为owner的子属性，表示拥有组织的属性，符合owner的语义范围，因此该公理合理。",1,1,
hard_case_0063,subPropertyOf,premiereDate ⊑p releaseDate,"背景知识：
条目1：
- 名称：premiereDate
- 类型：Property
- 简介：Date the play was first performed.

条目2：
- 名称：releaseDate
- 类型：Property
- 简介：Release date of a Work or another product (eg Aircraft or other MeansOfTransportation",1,deepseek-ai/DeepSeek-R1-Distill-Qwen-32B,0.0,8192,https://api2.aigcbest.top/v1,"嗯，我现在需要判断这个RDFS公理是否正确。公理是premiereDate ⊑p releaseDate，也就是premiereDate是releaseDate的子属性。首先，我得理解这两个属性的含义。

根据背景知识，premiereDate指的是戏剧首次演出的日期，而releaseDate则是作品或其他产品（比如飞机或交通工具）的发布日期。这两个属性都属于时间属性，但它们的应用范围不同。

接下来，我得分析它们的语义关系。premiereDate通常用于戏剧、表演等领域，而releaseDate则更广泛，可能用于电影、软件、产品发布等。从常识来看，premiereDate可以看作是releaseDate的一个特例，因为戏剧的首演也是一种发布形式。

然后，根据RDFS的subPropertyOf规则，如果premiereDate是releaseDate的子属性，那么所有使用premiereDate的地方都可以用releaseDate来表示。这在语义上是合理的，因为首演日期确实是一种发布日期。

不过，我需要确认是否有冲突。比如，releaseDate可能包括更多类型的发布，而premiereDate只针对戏剧。但作为子属性，这并不矛盾，因为子属性可以更具体。

综上所述，这个公理是正确的，因为它符合语义规则，并且背景知识支持这种包含关系。
</think>

判断结果：正确
解释：premiereDate作为戏剧的首演日期，可以被视为releaseDate的一种具体形式，因此premiereDate是releaseDate的子属性。",1,1,
hard_case_0065,subPropertyOf,rankingWins ⊑p Wins,"背景知识：
条目1：
- 名称：rankingWins
- 类型：Property
- 简介：ranking wins

条目2：
- 名称：Wins
- 类型：Unknown
- 简介：Wins",1,deepseek-ai/DeepSeek-R1-Distill-Qwen-32B,0.0,8192,https://api2.aigcbest.top/v1,"好的，我现在需要分析给定的RDFS公理是否正确。公理是rankingWins ⊑p Wins，也就是rankingWins是Wins的子属性。首先，我得理解这两个属性的含义。

根据背景知识，rankingWins是一个属性，简介是“ranking wins”，可能指的是排名中的胜利次数。而Wins的类型是Unknown，简介是“Wins”，可能指的是总的胜利次数。通常，排名中的胜利次数应该属于总的胜利次数的一部分，所以从语义上看，rankingWins应该是Wins的子属性，这符合subPropertyOf的定义。

接下来，检查是否有背景知识中的冲突。Wins的类型是Unknown，但属性类型不影响subPropertyOf的判断，只要语义上是包含关系即可。因此，这个公理是合理的。
</think>

判断结果：正确
解释：rankingWins作为属性，其语义上属于Wins的子属性，符合subPropertyOf的定义。",1,1,
hard_case_0066,subPropertyOf,silverMedalist ⊑p Medalist,"背景知识：
条目1：
- 名称：silverMedalist
- 类型：Property
- 简介：siler medalist

条目2：
- 名称：Medalist
- 类型：Unknown
- 简介：Medalist",1,deepseek-ai/DeepSeek-R1-Distill-Qwen-32B,0.0,8192,https://api2.aigcbest.top/v1,"嗯，我现在需要判断这个RDFS公理是否正确。公理是silverMedalist ⊑p Medalist，也就是silverMedalist是Medalist的子属性。首先，我得理解这两个术语的含义。

根据背景知识，silverMedalist是一个属性，简介是“siler medalist”，可能是指获得银牌的运动员。而Medalist的类型是Unknown，简介是“Medalist”，通常指获得奖牌的运动员，包括金牌、银牌和铜牌。

接下来，我需要分析它们之间的关系。subPropertyOf表示属性之间的包含关系，即如果A是B的子属性，那么A的实例也属于B。这里，silverMedalist作为属性，应该属于更广泛的Medalist属性，因为银牌得主也是奖牌得主的一种。

常识上，银牌得主确实是奖牌得主的一部分，所以这个公理在语义上是合理的。因此，这个公理是正确的。
</think>

判断结果：正确
解释：silverMedalist作为属性，表示获得银牌的运动员，而Medalist表示奖牌获得者，银牌得主属于奖牌获得者，因此该公理符合语义规则。",1,1,
hard_case_0069,domain,domain(acquirementDate) = Planet,"背景知识：
条目1：
- 名称：acquirementDate
- 类型：Property
- 简介：date of acquirement

条目2：
- 名称：Planet
- 类型：Class
- 简介：planet",0,deepseek-ai/DeepSeek-R1-Distill-Qwen-32B,0.0,8192,https://api2.aigcbest.top/v1,"嗯，我现在需要判断这个RDFS公理是否正确。公理是domain(acquirementDate) = Planet，也就是说，属性acquirementDate的主体必须属于Planet这个类。首先，我得理解每个部分的意思。

acquirementDate是一个属性，表示获取日期。Planet是一个类，代表行星。根据RDFS的规则，domain约束了属性的主体类型。所以，这里的意思是说，只有Planet类的实例才能拥有acquirementDate属性。

接下来，我得结合背景知识来分析。acquirementDate通常用于记录某个事物被获取的日期，比如购买日期、收购日期等。而Planet是行星，比如地球、火星这样的天体。那么，行星是否有获取日期呢？这似乎不太常见。通常，获取日期用于有所有者的事物，比如物品、公司等，而行星通常是自然存在的，没有所有者，所以不太可能有获取日期。

再考虑常识，行星是自然形成的天体，它们的存在并不涉及获取或收购的概念。因此，将acquirementDate的domain设置为Planet是不合理的，因为这不符合实际情况。

综上所述，这个公理与背景知识和常识不符，所以是错误的。
</think>

判断结果：错误
解释：属性acquirementDate的主体应为具有获取日期的事物，而Planet类代表行星，通常不涉及获取日期，因此该公理不合理。",0,1,
hard_case_0070,domain,domain(acquirementDate) = Ship,"背景知识：
条目1：
- 名称：acquirementDate
- 类型：Property
- 简介：date of acquirement

条目2：
- 名称：Ship
- 类型：Class
- 简介：ship",1,deepseek-ai/DeepSeek-R1-Distill-Qwen-32B,0.0,8192,https://api2.aigcbest.top/v1,"嗯，我现在需要判断这个RDFS公理是否正确。公理是domain(acquirementDate) = Ship，也就是说，属性acquirementDate的主体必须属于Ship这个类。首先，我得理解每个部分的意思。

acquirementDate是一个属性，表示获取日期。Ship是一个类，代表船。根据RDFS的规则，domain约束了属性的主体类型。所以，这里的意思是说，只有Ship类的实例才能拥有acquirementDate属性。

接下来，我得结合背景知识。acquirementDate是获取日期，通常可以应用在很多事物上，比如物品、资源等。而Ship作为类，可能有获取日期，比如一艘船的建造日期或者购买日期。这看起来是合理的，因为一艘船确实会有获取的日期。

但是，我还需要考虑常识。获取日期不仅仅适用于船，还可以适用于其他类，比如建筑物、车辆等。如果将domain限制为Ship，那么其他类就不能使用这个属性，这可能限制了属性的通用性。不过，RDFS允许属性有多个domain，或者更宽泛的domain，所以这里可能只是其中一个domain。

再想一下，RDFS的domain公理是否正确。根据规则，属性的domain定义了该属性只能用于特定类的实例。所以，如果acquirementDate的domain是Ship，那么只有Ship的实例才能有这个属性。这在语义上是正确的，但可能不够灵活，因为获取日期可能适用于更广泛的类。

不过，从公理本身来看，它并没有违反RDFS的规则，只是可能在应用中不够灵活。因此，从语义和规则的角度来看，这个公理是正确的，因为它明确指定了属性的主体类型。
</think>

判断结果：正确
解释：属性acquirementDate的主体应属于Ship类，这符合RDFS的domain规则，且与背景知识一致。",1,1,
hard_case_0071,domain,domain(address) = Place,"背景知识：
条目1：
- 名称：address
- 类型：Property
- 简介：Address of something as literal. Usually Building, but we also use it for the address of a Region's or Settlement's government

条目2：
- 名称：Place
- 类型：Class
- 简介：place",1,deepseek-ai/DeepSeek-R1-Distill-Qwen-32B,0.0,8192,https://api2.aigcbest.top/v1,"嗯，我现在需要判断这个RDFS公理是否正确。公理是domain(address) = Place。首先，我得理解每个部分的意思。

公理中的domain表示属性的主体属于某个类。这里属性是address，类是Place。所以，这个公理的意思是说，address属性的主体必须是Place类的实例。

接下来，我看看背景知识。address是一个属性，通常用来表示某个东西的地址，比如建筑、地区或政府的地址。Place是一个类，代表一个地方。那么，address的主体应该是某个地方，对吗？

根据RDFS的语义规则，domain约束了属性的主体类型。如果address的主体必须是Place，那么所有使用address属性的实例都必须属于Place类。这在常识中是合理的，因为地址通常与地点相关联，比如房子、城市等都是地方。

所以，这个公理是正确的，因为它符合背景知识和语义规则。
</think>

判断结果：正确
解释：根据背景知识，address属性通常用于描述地方的地址，因此其主体应属于Place类，符合RDFS的domain语义规则。",1,1,
hard_case_0072,domain,domain(administrativeDistrict) = EducationalInstitution,"背景知识：
条目1：
- 名称：administrativeDistrict
- 类型：Property
- 简介：administrative district

条目2：
- 名称：EducationalInstitution
- 类型：Class
- 简介：educational institution",0,deepseek-ai/DeepSeek-R1-Distill-Qwen-32B,0.0,8192,https://api2.aigcbest.top/v1,"嗯，我现在需要判断这个RDFS公理是否正确。公理是domain(administrativeDistrict) = EducationalInstitution。首先，我得理解每个部分的意思。

administrativeDistrict是一个属性，类型是Property，简介是“administrative district”，也就是行政区划。EducationalInstitution是一个类，类型是Class，简介是“educational institution”，也就是教育机构。

接下来，domain的意思是属性的主体必须属于某个类。所以这个公理的意思是，属性administrativeDistrict的主体必须是EducationalInstitution类的实例。

那我得想，行政区划通常用来描述什么？比如，一个城市、省份或者国家的行政区划。而EducationalInstitution是教育机构，比如学校、大学等。通常来说，行政区划的属性可能用于描述地理位置，而不是教育机构。

比如，一个学校可能有属性administrativeDistrict，表示它位于哪个行政区。但这里公理说的是，属性administrativeDistrict的主体必须是EducationalInstitution，也就是说，只有教育机构才能有这个属性。这可能不太对，因为行政区划可能用于很多其他类，比如公司、政府机构等，而不仅仅是教育机构。

所以，这个公理可能限制了administrativeDistrict只能用于教育机构，这与常识不符。因此，这个公理是错误的。
</think>

判断结果：错误
解释：属性administrativeDistrict的主体通常指行政区划，而EducationalInstitution是教育机构，两者语义不符。",0,1,
hard_case_0073,domain,domain(agency) = BaseballPlayer,"背景知识：
条目1：
- 名称：agency
- 类型：Property
- 简介：agency

条目2：
- 名称：BaseballPlayer
- 类型：Class
- 简介：baseball player",0,deepseek-ai/DeepSeek-R1-Distill-Qwen-32B,0.0,8192,https://api2.aigcbest.top/v1,"嗯，我现在需要判断这个RDFS公理是否正确。公理是domain(agency) = BaseballPlayer。首先，我得理解每个部分的意思。

首先，domain指的是属性的主体类型。也就是说，属性agency的主体必须属于BaseballPlayer这个类。那agency是什么？根据背景知识，agency是一个属性，简介里只写了“agency”，没有更多信息。BaseballPlayer是一个类，代表棒球运动员。

接下来，我得思考agency这个属性通常用来描述什么。在常识中，agency通常指代理机构或代理行为，比如经纪人、代理商等。而BaseballPlayer是棒球运动员，他们可能有经纪人，但经纪人本身可能不是棒球运动员。

所以，如果domain(agency)是BaseballPlayer，意味着只有棒球运动员才能有agency属性。这可能不正确，因为经纪人可能属于其他类，比如Person或者Agent，而不是BaseballPlayer。因此，这个公理可能不符合常识和语义规则。

另外，RDFS的domain规则要求属性的主体必须属于指定的类。如果agency的主体通常是经纪人，而经纪人不属于BaseballPlayer，那么这个公理就是错误的。

综上所述，这个公理可能不正确，因为它限制了agency的主体只能是棒球运动员，而实际上可能还有其他类型的主体。
</think>

判断结果：错误
解释：属性agency的主体通常指经纪人或代理机构，而BaseballPlayer是棒球运动员，两者之间没有直接的语义关联，因此该公理不合理。",0,1,
hard_case_0075,domain,domain(alliance) = Airline,"背景知识：
条目1：
- 名称：alliance
- 类型：Property
- 简介：alliance

条目2：
- 名称：Airline
- 类型：Class
- 简介：airline",1,deepseek-ai/DeepSeek-R1-Distill-Qwen-32B,0.0,8192,https://api2.aigcbest.top/v1,"嗯，我现在需要判断这个RDFS公理是否正确。公理是domain(alliance) = Airline。首先，我得理解每个部分的意思。

alliance是一个属性，而Airline是一个类。domain(alliance)的意思是说，所有使用属性alliance的主体都必须属于Airline这个类。也就是说，如果有一个陈述像X alliance Y，那么X必须是Airline的一个实例。

接下来，我得看看背景知识。alliance的简介里没有详细说明，但通常alliance在航空业中可能指的是航空公司之间的联盟。所以，属性alliance可能用来表示航空公司之间的合作关系。比如，某个航空公司可能属于星空联盟、天合联盟等。

那么，domain(alliance) = Airline是否合理呢？假设alliance属性用于描述航空公司之间的联盟关系，那么使用这个属性的主体应该是航空公司，也就是Airline类的实例。所以，这个公理是正确的，因为它确保了所有使用alliance属性的主体都是航空公司。

有没有可能出错的地方？比如，如果alliance属性的主体不是航空公司，而是其他类型的实体，比如国家或公司，那么这个公理就不正确。但根据常识，alliance在航空业中通常指的是航空公司联盟，所以主体应该是Airline类的实例。

综上所述，这个公理是正确的，因为它符合背景知识和RDFS的语义规则。
</think>

判断结果：正确
解释：属性alliance的主体应属于Airline类，符合背景知识中alliance通常用于描述航空公司之间的联盟关系。",1,1,
hard_case_0077,domain,domain(aoCloassification) = Disease,"背景知识：
条目1：
- 名称：aoCloassification
- 类型：Property
- 简介：AO

条目2：
- 名称：Disease
- 类型：Class
- 简介：disease",1,deepseek-ai/DeepSeek-R1-Distill-Qwen-32B,0.0,8192,https://api2.aigcbest.top/v1,"好，我现在需要分析这个RDFS公理是否正确。公理是domain(aoCloassification) = Disease。首先，我得理解每个部分的含义。

aoCloassification是一个属性，类型是Property，简介是AO。Disease是一个类，类型是Class，简介是疾病。domain表示属性的主体属于某个类，也就是说，aoCloassification这个属性的主体必须是Disease类的实例。

接下来，我需要结合背景知识和RDFS规则来分析。aoCloassification作为属性，它的domain被设定为Disease，意味着每当使用这个属性时，主语必须是Disease类的实例。例如，如果有一个实例d，属于Disease，那么d aoCloassification ... 这样的陈述是合法的。

根据RDFS的语义规则，domain约束确保属性只能用于特定类的实例。这里，Disease是一个合理的类，而aoCloassification作为属性，设定其domain为Disease是符合语义的。没有明显的冲突，因为属性和类的类型都正确，且约束合理。

因此，这个公理是正确的，因为它符合RDFS的规则，并且与背景知识一致。
</think>

判断结果：正确
解释：属性aoCloassification的主体应属于Disease类，这与RDFS的domain规则一致，且符合背景知识。",1,1,
hard_case_0079,domain,domain(apoapsis) = Ship,"背景知识：
条目1：
- 名称：apoapsis
- 类型：Property
- 简介：apoapsis (km)

条目2：
- 名称：Ship
- 类型：Class
- 简介：ship",0,deepseek-ai/DeepSeek-R1-Distill-Qwen-32B,0.0,8192,https://api2.aigcbest.top/v1,"好，我现在需要判断给定的RDFS公理是否正确。公理是domain(apoapsis) = Ship，也就是属性apoapsis的主体必须属于Ship类。

首先，识别公理中的概念。这里涉及的是属性apoapsis和类Ship。根据背景知识，apoapsis是一个属性，类型是Property，简介是“apoapsis (km)”，这通常指的是天文学中的远地点，即轨道上离中心天体最远的点。而Ship是一个类，类型是Class，简介是“ship”，通常指船只或航天器。

接下来，分析语义关系。domain约束规定属性的主体必须属于某个类。这里，公理声称apoapsis的主体必须是Ship类的实例。也就是说，只有Ship类的实例才能拥有apoapsis属性。

然后，结合常识和背景知识进行推理。apoapsis通常用于描述轨道参数，常见于天文学或航天学中，比如卫星或航天器的轨道。虽然Ship可以指代航天器，但apoapsis更常见于描述天体或航天器的轨道，而Ship类可能更广泛地指各种船只，包括海上船只，这些船只通常不会有apoapsis属性。

因此，将apoapsis的domain限制为Ship可能过于狭窄，因为Ship可能包括不涉及轨道的船只。此外，从语义上看，apoapsis更可能与天体或航天器相关，而不是一般的船只。因此，这个公理可能与常识不符，导致判断为错误。
</think>

判断结果：错误
解释：属性apoapsis通常用于描述轨道参数，而Ship类通常指船只，两者语义上不匹配。",0,1,
hard_case_0082,domain,domain(archipelago) = School,"背景知识：
条目1：
- 名称：archipelago
- 类型：Property
- 简介：archipelago

条目2：
- 名称：School
- 类型：Class
- 简介：school",0,deepseek-ai/DeepSeek-R1-Distill-Qwen-32B,0.0,8192,https://api2.aigcbest.top/v1,"嗯，我现在需要判断这个RDFS公理是否正确。公理是domain(archipelago) = School。首先，我得理解每个部分的意思。

archipelago是一个属性，而School是一个类。domain表示属性的主体属于某个类。所以，这个公理的意思是说，属性archipelago的主体必须是School类的实例。

接下来，我得看看背景知识。archipelago的简介里只写了“archipelago”，没有更多的信息。School是类，简介是“school”。常识上，archipelago通常指的是群岛，比如菲律宾群岛。而School通常指学校，两者似乎没有直接的关联。

根据RDFS的语义规则，domain约束了属性的主体类型。如果archipelago的主体应该是School，那意味着所有使用archipelago属性的主体都必须是学校。但群岛和学校之间没有明显的联系，这可能不符合常识。

所以，这个公理可能不合理，因为它强制将群岛属性与学校类相关联，而实际上两者没有直接关系。
</think>

判断结果：错误
解释：属性archipelago的主体应属于School类，但根据常识，archipelago通常指群岛，与School类无明显关联。",0,1,
hard_case_0084,domain,domain(architect) = Ship,"背景知识：
条目1：
- 名称：architect
- 类型：Property
- 简介：architect

条目2：
- 名称：Ship
- 类型：Class
- 简介：ship",0,deepseek-ai/DeepSeek-R1-Distill-Qwen-32B,0.0,8192,https://api2.aigcbest.top/v1,"嗯，我现在需要判断这个RDFS公理是否正确。公理是domain(architect) = Ship。首先，我得理解每个部分的意思。

architect是一个属性，Ship是一个类。domain表示属性的主体属于某个类。所以，domain(architect) = Ship的意思是，architect属性的主体必须是Ship类的实例。

接下来，我得看看背景知识。architect作为属性，通常用来表示“建筑师”或者“设计者”，比如某人设计了一艘船。而Ship是类，代表“船”。所以，如果domain是Ship，意味着architect属性的主体必须是船，这显然不对，因为建筑师通常是人，而不是船。

再根据RDFS的语义规则，domain约束的是属性的主体类型。如果属性architect的主体应该是Ship，那么所有使用architect的地方，主语都必须是Ship类的实例。这与常识不符，因为建筑师通常是人，而不是船。

所以，这个公理是错误的，因为它与常识和背景知识相冲突。
</think>

判断结果：错误
解释：属性architect的主体通常是人，而不是Ship类，因此domain约束不正确。",0,1,
hard_case_0087,domain,domain(areaOfCatchment) = Lake,"背景知识：
条目1：
- 名称：areaOfCatchment
- 类型：Property
- 简介：area of catchment (m2)

条目2：
- 名称：Lake
- 类型：Class
- 简介：lake",1,deepseek-ai/DeepSeek-R1-Distill-Qwen-32B,0.0,8192,https://api2.aigcbest.top/v1,"好，我现在需要判断给定的RDFS公理是否正确。公理是domain(areaOfCatchment) = Lake，也就是属性areaOfCatchment的主体必须属于Lake类。

首先，我需要理解每个部分的含义。areaOfCatchment是一个属性，类型是Property，简介是“流域面积（平方米）”。Lake是一个类，类型是Class，简介是“湖泊”。

接下来，根据RDFS的语义规则，domain约束表示属性的主体必须属于指定的类。所以，这里的意思是说，任何拥有areaOfCatchment属性的实例都必须是Lake类的实例。

现在，结合背景知识和常识来分析。流域面积通常指的是一个区域的面积，而湖泊确实有流域面积。因此，湖泊的流域面积属性的主体应该是湖泊本身。这符合常识，因为湖泊有流域，流域面积是湖泊的一个属性。

因此，这个公理是合理的，没有与背景知识或语义规则冲突的地方。
</think>

判断结果：正确
解释：属性areaOfCatchment的主体应属于Lake类，这与湖泊具有流域面积的常识相符。",1,1,
hard_case_0089,domain,domain(argueDate) = PowerStation,"背景知识：
条目1：
- 名称：argueDate
- 类型：Property
- 简介：argue date

条目2：
- 名称：PowerStation
- 类型：Class
- 简介：power station",0,deepseek-ai/DeepSeek-R1-Distill-Qwen-32B,0.0,8192,https://api2.aigcbest.top/v1,"嗯，我现在需要判断这个RDFS公理是否正确。公理是domain(argueDate) = PowerStation。首先，我得理解每个部分的意思。

argueDate是一个属性，类型是Property，简介是“argue date”，可能是指某个日期相关的属性。PowerStation是一个类，类型是Class，简介是“power station”，也就是发电站。

接下来，domain表示属性的主体应该属于某个类。所以这里的意思是，argueDate这个属性的主体必须是PowerStation类的实例。

那我得想想，argueDate通常用来描述什么。argueDate可能指的是某个争论或辩论的日期，比如在会议、讨论中使用。而PowerStation是发电站，通常和电力、能源相关，可能涉及建设日期、运营日期等，但argueDate听起来更像是与讨论或决策相关的日期。

所以，把argueDate的domain设为PowerStation是否合理呢？发电站可能不会直接关联到argueDate，除非在特定的上下文中，比如讨论发电站建设的某个争论日期。但根据常识，argueDate更可能用于会议、事件等，而不是发电站。

因此，这个公理可能不符合常识，因为argueDate和PowerStation之间没有直接的语义联系。所以，这个公理应该是错误的。
</think>

判断结果：错误
解释：argueDate通常用于描述与争论或辩论相关的日期，而PowerStation是发电站，两者之间没有直接的语义联系，因此将argueDate的domain设为PowerStation不符合常识。",0,1,
hard_case_0090,domain,domain(associatedRocket) = LaunchPad,"背景知识：
条目1：
- 名称：associatedRocket
- 类型：Property
- 简介：associated rocket

条目2：
- 名称：LaunchPad
- 类型：Class
- 简介：launch pad",1,deepseek-ai/DeepSeek-R1-Distill-Qwen-32B,0.0,8192,https://api2.aigcbest.top/v1,"好，我现在需要分析这个RDFS公理是否正确。公理是domain(associatedRocket) = LaunchPad。首先，我得理解每个部分的意思。

associatedRocket是一个属性，类型是Property，简介是“associated rocket”。LaunchPad是一个类，类型是Class，简介是“launch pad”。所以，这个公理的意思是说，属性associatedRocket的主体必须属于LaunchPad这个类。

接下来，我得考虑RDFS的语义规则。domain约束指的是属性的主体必须属于某个类。也就是说，如果有一个陈述像x associatedRocket y，那么x必须是LaunchPad的一个实例。

现在，结合常识和背景知识。LaunchPad通常指的是火箭发射台，而associatedRocket可能指的是与某个发射台相关的火箭。那么，属性associatedRocket的主体应该是发射台，也就是LaunchPad的实例，而客体应该是火箭。所以，domain约束是正确的，因为发射台是拥有这个属性的主体。

有没有可能出错的地方？比如，如果associatedRocket的主体应该是火箭而不是发射台，那这个公理就是错误的。但根据常识，发射台和火箭的关系通常是发射台拥有火箭，所以主体应该是发射台，也就是LaunchPad。

综上所述，这个公理是正确的，因为它符合RDFS的语义规则和常识。
</think>

判断结果：正确
解释：属性associatedRocket的主体应属于LaunchPad类，这符合RDFS的domain约束规则。",1,1,
hard_case_0091,domain,domain(associatedRocket) = Saint,"背景知识：
条目1：
- 名称：associatedRocket
- 类型：Property
- 简介：associated rocket

条目2：
- 名称：Saint
- 类型：Class
- 简介：saint",0,deepseek-ai/DeepSeek-R1-Distill-Qwen-32B,0.0,8192,https://api2.aigcbest.top/v1,"好，我现在需要分析这个RDFS公理是否正确。公理是domain(associatedRocket) = Saint，也就是说，属性associatedRocket的主体必须属于类Saint。

首先，我得理解每个部分的含义。associatedRocket是一个属性，而Saint是一个类。domain约束意味着任何使用associatedRocket属性的主体都必须是Saint类的实例。

接下来，结合背景知识。Saint类代表的是圣徒，而associatedRocket可能指的是与火箭相关的属性。常识上，圣徒通常是人，而火箭是飞行器，两者之间没有直接的关联。因此，将associatedRocket的主体限制为Saint类似乎不合理。

再考虑RDFS的语义规则。domain约束确保属性的使用符合类的定义。如果属性描述的是火箭相关的内容，那么它的主体应该是与火箭相关的类，比如Rocket或Spacecraft，而不是Saint。

综上所述，这个公理与背景知识和常识不符，因此是错误的。
</think>

判断结果：错误
解释：属性associatedRocket的主体应与火箭相关，而Saint代表圣徒，两者无直接关联，违反常识和语义规则。",0,1,
hard_case_0094,domain,domain(canBaggageChecked) = Station,"背景知识：
条目1：
- 名称：canBaggageChecked
- 类型：Property
- 简介：Whether bags can be checked.

条目2：
- 名称：Station
- 类型：Class
- 简介：Public transport station (eg. railway station, metro station, bus station).",1,deepseek-ai/DeepSeek-R1-Distill-Qwen-32B,0.0,8192,https://api2.aigcbest.top/v1,"嗯，我现在需要判断这个RDFS公理是否正确。公理是domain(canBaggageChecked) = Station。首先，我得理解每个部分的意思。

canBaggageChecked是一个属性，表示是否可以托运行李。Station是一个类，代表公共交通站，比如火车站、地铁站或公交车站。根据RDFS的语义规则，domain表示属性的主体必须属于某个类。也就是说，canBaggageChecked这个属性的主体必须是Station类的实例。

那我得想，是否托运行李这个属性通常与车站相关。比如，在火车站，乘客通常可以托运行李，而在公交车站可能不常见。所以，托运行李的属性确实和车站有关联。因此，将canBaggageChecked的domain设为Station是合理的，符合常识和背景知识。

所以，这个公理是正确的。
</think>

判断结果：正确
解释：属性canBaggageChecked的主体应属于Station类，这与背景知识中Station类的定义相符，因此该公理是合理的。",1,1,
hard_case_0097,domain,domain(decideDate) = PowerStation,"背景知识：
条目1：
- 名称：decideDate
- 类型：Property
- 简介：decide date

条目2：
- 名称：PowerStation
- 类型：Class
- 简介：power station",0,deepseek-ai/DeepSeek-R1-Distill-Qwen-32B,0.0,8192,https://api2.aigcbest.top/v1,"嗯，我现在需要判断这个RDFS公理是否正确。公理是domain(decideDate) = PowerStation。首先，我得理解每个部分的意思。

decideDate是一个属性，类型是Property，简介是“decide date”，可能指的是某个决定的日期。PowerStation是一个类，类型是Class，简介是“power station”，也就是发电站。

接下来，domain(decideDate) = PowerStation的意思是说，decideDate这个属性的主体必须属于PowerStation这个类。也就是说，只有PowerStation类的实例才能有decideDate属性。

那我得想想，decideDate通常用在什么情况下。比如，可能是在项目决策中，某个决定的日期。而发电站可能有建设日期、运营日期，但决定日期可能更多与决策机构或项目相关，而不是发电站本身。

PowerStation作为类，可能代表的是发电站的实体，而decideDate可能更多用于描述决策行为，比如某个项目被决定的日期。所以，把decideDate的domain设为PowerStation可能不太合适，因为发电站本身可能不是直接拥有决定日期的主体，而是决策机构或项目可能有这个属性。

另外，根据RDFS的语义规则，domain约束了属性的主体类型。如果decideDate通常用于其他类型的主体，比如Project或者Organization，那么将domain设为PowerStation就会导致语义上的错误。

所以，综合来看，这个公理可能与背景知识不符，因为decideDate更可能与决策相关的主体相关，而不是发电站。因此，这个公理是错误的。
</think>

判断结果：错误
解释：decideDate通常用于描述决策的日期，而PowerStation是发电站，两者之间没有直接的语义关联，因此domain约束不合理。",0,1,
hard_case_0098,domain,domain(density) = Infrastructure,"背景知识：
条目1：
- 名称：density
- 类型：Property
- 简介：density (μ3)

条目2：
- 名称：Infrastructure
- 类型：Class
- 简介：infrastructure",0,deepseek-ai/DeepSeek-R1-Distill-Qwen-32B,0.0,8192,https://api2.aigcbest.top/v1,"好，我现在需要分析这个RDFS公理是否正确。公理是domain(density) = Infrastructure，也就是属性density的主体必须属于类Infrastructure。

首先，我得理解domain的含义。在RDFS中，domain表示属性的主体必须属于某个类。也就是说，所有使用density属性的实例，都必须是Infrastructure类的实例。

接下来，看看背景知识。density被定义为一个属性，简介是μ3，这可能是指密度的单位，比如立方米每立方米？不太清楚，但密度通常是指物质的密度，比如kg/m³。Infrastructure是一个类，代表基础设施，比如道路、桥梁等。

现在，密度通常用于描述物质或材料的属性，比如水的密度是1000 kg/m³。而Infrastructure是基础设施，比如建筑物、道路等，它们可能由各种材料组成，但密度本身并不直接属于基础设施。也就是说，密度属性的主体应该是材料或物质，而不是基础设施本身。

所以，将density的domain设为Infrastructure可能不符合常识。因为密度通常不是基础设施的属性，而是材料的属性。因此，这个公理可能不正确。
</think>

判断结果：错误
解释：属性density的主体应为物质或材料，而Infrastructure是基础设施类，两者语义不符。",0,1,
hard_case_0099,domain,domain(density) = Planet,"背景知识：
条目1：
- 名称：density
- 类型：Property
- 简介：density (μ3)

条目2：
- 名称：Planet
- 类型：Class
- 简介：planet",1,deepseek-ai/DeepSeek-R1-Distill-Qwen-32B,0.0,8192,https://api2.aigcbest.top/v1,"好，我现在需要分析这个RDFS公理是否正确。公理是domain(density) = Planet，也就是属性density的主体必须属于Planet类。

首先，我得理解domain的含义。在RDFS中，domain表示属性的主体必须属于某个类。也就是说，任何使用density属性的主体都必须是Planet类的实例。

接下来，看看背景知识。density被定义为一个属性，简介是μ3，这可能是指密度的单位，比如kg/m³。Planet是一个类，代表行星。

常识上，密度确实是用来描述物质的属性，比如行星的密度。所以，从常识来看，density的主体应该是物质或物体，而Planet是类，可能包含行星实例。因此，将density的domain设为Planet是合理的，因为行星有密度属性。

再考虑RDFS的语义规则，domain约束是正确的，只要属性的主体属于指定的类。这里没有冲突，所以公理是正确的。
</think>

判断结果：正确
解释：属性density的主体应属于Planet类，这与常识相符，因为密度通常用于描述行星等物体的属性。",1,1,
hard_case_0100,domain,domain(diameter) = Automobile,"背景知识：
条目1：
- 名称：diameter
- 类型：Property
- 简介：diameter (mm)

条目2：
- 名称：Automobile
- 类型：Class
- 简介：automobile",0,deepseek-ai/DeepSeek-R1-Distill-Qwen-32B,0.0,8192,https://api2.aigcbest.top/v1,"嗯，我现在需要判断这个RDFS公理是否正确。公理是domain(diameter) = Automobile，也就是说，属性diameter的主体必须属于Automobile类。首先，我得理解每个部分的意思。

diameter是一个属性，类型是Property，简介是直径（毫米）。Automobile是一个类，代表汽车。那么，domain(diameter) = Automobile的意思是，只有Automobile类的实例才能拥有diameter属性。

接下来，我得考虑常识。直径通常用来描述圆形物体的大小，比如轮胎、轮毂或者其他圆形部件。而Automobile作为一个整体，可能有多个部分，比如轮胎、发动机等，每个部分可能有各自的直径。但Automobile本身作为一个整体，是否有直径呢？一般来说，汽车的尺寸可能用长度、宽度、高度来描述，而不是直径。直径更常用于描述圆形或球形的物体。

再结合RDFS的语义规则，domain约束了属性的主体类型。如果diameter的domain是Automobile，那么所有拥有diameter属性的实例都必须是Automobile类的。但实际情况中，diameter可能更多地用于汽车的部件，而不是汽车本身。因此，将diameter的domain限制为Automobile可能过于狭窄，不符合常识。

另外，从背景知识来看，diameter的简介只是说明它是一个直径属性，没有特别指出它只能用于汽车。所以，将它的domain设为Automobile可能不符合预期的使用场景。

综上所述，这个公理可能不合理，因为它限制了diameter只能用于Automobile类，而实际上diameter可能用于更广泛的类，比如轮胎、轮毂等，而不仅仅是汽车本身。
</think>

判断结果：错误
解释：属性diameter通常用于描述圆形物体的直径，而Automobile类通常不直接具有直径属性，因此将diameter的domain设为Automobile不符合常识和语义规则。",0,1,
hard_case_0106,domain,domain(firstLaunchRocket) = Scientist,"背景知识：
条目1：
- 名称：firstLaunchRocket
- 类型：Property
- 简介：first launch rocket

条目2：
- 名称：Scientist
- 类型：Class
- 简介：scientist",0,deepseek-ai/DeepSeek-R1-Distill-Qwen-32B,0.0,8192,https://api2.aigcbest.top/v1,"好，我现在需要分析这个RDFS公理是否正确。公理是domain(firstLaunchRocket) = Scientist。首先，我得理解每个部分的意思。

首先，domain表示属性的主体属于某个类。这里，firstLaunchRocket是一个属性，Scientist是一个类。所以这个公理的意思是，所有使用firstLaunchRocket属性的主体都必须是Scientist类的实例。

接下来，我需要结合背景知识。firstLaunchRocket的简介是“first launch rocket”，这可能指的是第一次发射火箭的事件。Scientist类则是指科学家。那么，问题来了：科学家是否是发射火箭的主体？

常识上，发射火箭通常是由组织、公司或机构进行的，比如NASA、SpaceX等，而不是单个科学家。科学家可能参与设计或研究，但发射火箭的主体通常是组织或机构，而不是个人科学家。

再考虑RDFS的语义规则，domain约束了属性的主体类型。如果公理设定domain为Scientist，那么所有使用firstLaunchRocket的实例都必须是Scientist。但根据常识，这并不符合实际情况，因为发射火箭的主体通常是组织，而不是个人科学家。

因此，这个公理与常识和背景知识不符，所以判断为错误。
</think>

判断结果：错误
解释：属性firstLaunchRocket的主体应为发射火箭的组织或机构，而非科学家。",0,1,
hard_case_0107,domain,domain(fuelTypeName) = PowerStation,"背景知识：
条目1：
- 名称：fuelTypeName
- 类型：Property
- 简介：fuel type

条目2：
- 名称：PowerStation
- 类型：Class
- 简介：power station",1,deepseek-ai/DeepSeek-R1-Distill-Qwen-32B,0.0,8192,https://api2.aigcbest.top/v1,"嗯，我现在需要判断这个RDFS公理是否正确。公理是domain(fuelTypeName) = PowerStation。首先，我得理解每个部分的意思。

fuelTypeName是一个属性，类型是Property，简介是fuel type，也就是燃料类型。PowerStation是一个类，简介是发电站。domain表示属性的主体属于某个类，也就是说，这个属性的主语必须是PowerStation类的实例。

那我得想，fuelTypeName这个属性通常用来描述什么。燃料类型通常和发电站有关，比如燃煤发电站、燃气发电站等。所以，fuelTypeName的主语应该是发电站，也就是PowerStation类的实例。这符合常识，因为发电站会有不同的燃料类型。

根据RDFS的语义规则，domain约束了属性的主语类型。这里，domain(fuelTypeName) = PowerStation意味着任何使用fuelTypeName属性的主语都必须是PowerStation类的实例。这在语义上是合理的，因为燃料类型确实属于发电站的属性。

所以，这个公理是正确的，因为它符合背景知识和语义规则。
</think>

判断结果：正确
解释：属性fuelTypeName的主语应属于PowerStation类，这符合常识，因为燃料类型通常与发电站相关。",1,1,
hard_case_0108,domain,domain(height) = ChemicalSubstance,"背景知识：
条目1：
- 名称：height
- 类型：Property
- 简介：height (mm)

条目2：
- 名称：ChemicalSubstance
- 类型：Class
- 简介：chemical substance",0,deepseek-ai/DeepSeek-R1-Distill-Qwen-32B,0.0,8192,https://api2.aigcbest.top/v1,"嗯，我现在需要判断这个RDFS公理是否正确。公理是domain(height) = ChemicalSubstance。首先，我得理解每个部分的意思。

domain(height)表示属性height的主体必须属于某个类。这里主体是height，属性的主体通常是主语，比如在三元组中，主语是拥有这个属性的实体。所以，domain(height) = ChemicalSubstance意味着所有具有height属性的实体都必须是ChemicalSubstance类的实例。

接下来，我看看背景知识。height是一个属性，类型是Property，简介是height (mm)，也就是高度，单位是毫米。ChemicalSubstance是一个类，类型是Class，简介是化学物质。那么，height通常用来描述什么？比如，物体的高度，可能用于描述人、动物、物品等，而ChemicalSubstance是化学物质，比如水、氧气等。

根据常识，化学物质通常用属性来描述它们的性质，比如分子式、沸点、密度等，而高度可能不是化学物质的主要属性。比如，水的高度可能指的是液位，但通常来说，height属性更常用于描述物体的物理尺寸，而不是化学物质的特性。

再结合RDFS的语义规则，domain约束了属性的主体类型。如果height的主体必须是ChemicalSubstance，那么所有使用height属性的实例都必须是化学物质。这可能不符合常识，因为height通常用于描述各种实体，而不仅仅是化学物质。

所以，这个公理可能不正确，因为它限制了height只能用于化学物质，而实际上height的应用范围更广。因此，这个公理与背景知识和常识不符，应该判定为错误。
</think>

判断结果：错误
解释：属性height通常用于描述物体的高度，而ChemicalSubstance是化学物质，两者之间没有直接的语义关联，因此domain(height) = ChemicalSubstance不符合常识和语义规则。",0,1,
hard_case_0110,domain,domain(height) = Settlement,"背景知识：
条目1：
- 名称：height
- 类型：Property
- 简介：height (cm)

条目2：
- 名称：Settlement
- 类型：Class
- 简介：settlement",0,deepseek-ai/DeepSeek-R1-Distill-Qwen-32B,0.0,8192,https://api2.aigcbest.top/v1,"嗯，我现在需要判断这个RDFS公理是否正确。公理是domain(height) = Settlement。首先，我得理解每个部分的意思。

domain(height) 表示属性height的主体必须属于某个类。这里主体是height，属性的主体通常是主语，比如在三元组中，主语是拥有这个属性的实体。而Settlement是一个类，简介是settlement，可能指的是定居点或者社区之类的。

接下来，height的类型是Property，简介是height (cm)，说明它是一个测量高度的属性，通常用于描述有高度的物体，比如人、建筑、山峰等。

现在，domain(height) = Settlement意味着所有具有height属性的实体都必须属于Settlement类。也就是说，只有Settlement类的实例才能有height属性。这可能有问题，因为height通常用于描述有高度的物体，而Settlement可能指的是定居点，比如村庄、城市等，这些地方可能有高度，但height属性也可能用于其他类，比如Person、Building等。

根据RDFS的语义规则，domain约束了属性的主体必须属于指定的类。如果height的主体只能是Settlement，那么其他类的实例就不能有height属性，这显然不符合常识，因为很多实体都有高度，而不仅仅是定居点。

所以，这个公理可能不正确，因为它限制了height属性只能用于Settlement类，而实际上height可以用于更广泛的类。
</think>

判断结果：错误
解释：属性height通常用于描述具有高度的实体，而Settlement类通常指定居点，两者之间没有直接的语义关联，因此domain(height) = Settlement不符合常识和语义规则。",0,1,
hard_case_0113,domain,domain(lastLaunchRocket) = Place,"背景知识：
条目1：
- 名称：lastLaunchRocket
- 类型：Property
- 简介：last launch rocket

条目2：
- 名称：Place
- 类型：Class
- 简介：place",0,deepseek-ai/DeepSeek-R1-Distill-Qwen-32B,0.0,8192,https://api2.aigcbest.top/v1,"嗯，我现在需要判断这个RDFS公理是否正确。公理是domain(lastLaunchRocket) = Place。首先，我得理解每个部分的意思。

lastLaunchRocket是一个属性，类型是Property，简介是“last launch rocket”。Place是一个类，类型是Class，简介是“place”。所以，这个公理的意思是说，lastLaunchRocket属性的主体必须属于Place类。

接下来，我得分析这个是否合理。属性的domain通常指的是该属性适用的主体类型。比如，如果一个属性是“hasColor”，它的domain可能是“Thing”，因为所有东西都有颜色。但在这个例子中，lastLaunchRocket的domain被设定为Place，这意味着只有Place类的实例才能拥有lastLaunchRocket属性。

但是，常识上，lastLaunchRocket通常指的是火箭的最后一次发射，这可能与地点有关，但更可能的是，这个属性属于火箭类，而不是地点类。比如，一个火箭可能有lastLaunchRocket属性，而地点可能有lastLaunchRocket属性吗？这似乎不太对。地点可能有lastLaunch事件，但lastLaunchRocket可能更适合作为火箭的属性，而不是地点的属性。

所以，将lastLaunchRocket的domain设为Place可能不符合常识。正确的domain应该是火箭相关的类，比如Rocket，而不是Place。因此，这个公理可能有误。
</think>

判断结果：错误
解释：lastLaunchRocket属性的主体应为火箭，而非地点，因此将其domain设为Place不符合常识。",0,1,
hard_case_0119,domain,domain(maximumTemperature) = Planet,"背景知识：
条目1：
- 名称：maximumTemperature
- 类型：Property
- 简介：maximum temperature (K)

条目2：
- 名称：Planet
- 类型：Class
- 简介：planet",1,deepseek-ai/DeepSeek-R1-Distill-Qwen-32B,0.0,8192,https://api2.aigcbest.top/v1,"嗯，我现在需要判断这个RDFS公理是否正确。公理是domain(maximumTemperature) = Planet。首先，我得理解每个部分的意思。

domain(maximumTemperature) 表示这个属性的主体应该属于哪个类。这里主体是maximumTemperature，它是一个属性，类型是Property，简介是“maximum temperature (K)”，也就是最大温度，单位是开尔文。那它的主体应该是什么类呢？

接下来，Planet是一个类，简介是“planet”，也就是行星。那问题来了，maximumTemperature这个属性的主体是否应该是Planet呢？也就是说，是否有行星具有最大温度这个属性。

根据常识，行星确实有温度，包括最大温度。比如地球、火星等行星都有各自的温度范围，所以记录它们的最大温度是合理的。因此，将maximumTemperature的domain设置为Planet是正确的，因为行星确实会有最大温度这个属性。

再结合RDFS的语义规则，domain约束了属性的主体必须属于指定的类。这里Planet是正确的主体类，所以这个公理是合理的，没有冲突。
</think>

判断结果：正确
解释：maximumTemperature作为属性，其主体应属于Planet类，因为行星确实具有最大温度这一属性。",1,1,
hard_case_0120,domain,domain(meanTemperature) = ChemicalSubstance,"背景知识：
条目1：
- 名称：meanTemperature
- 类型：Property
- 简介：mean temperature (K)

条目2：
- 名称：ChemicalSubstance
- 类型：Class
- 简介：chemical substance",0,deepseek-ai/DeepSeek-R1-Distill-Qwen-32B,0.0,8192,https://api2.aigcbest.top/v1,"嗯，我现在需要判断这个RDFS公理是否正确。公理是domain(meanTemperature) = ChemicalSubstance。首先，我得理解每个部分的意思。

domain表示属性的主体属于某个类。这里，meanTemperature是一个属性，它的主体应该属于ChemicalSubstance这个类。那ChemicalSubstance是什么？根据背景知识，它是一个类，代表化学物质。而meanTemperature是属性，表示平均温度，单位是开尔文。

那问题来了，平均温度通常用来描述什么呢？比如，温度通常与物质有关，但更常见的是与环境、地点或时间相关。比如，一个城市或一个房间的平均温度。而ChemicalSubstance指的是化学物质，比如水、氧气等。那么，平均温度是否应该属于化学物质呢？

从常识来看，温度通常不是由化学物质直接拥有的属性，而是由环境或物体所具有的。比如，水的温度是30度，但这里的主体是水，而水属于ChemicalSubstance。那如果meanTemperature的domain是ChemicalSubstance，意味着每个化学物质都有一个平均温度。这可能不太准确，因为温度更多是环境属性，而不是物质本身的属性。

另外，RDFS的domain规则要求属性的主体必须属于指定的类。如果meanTemperature的domain是ChemicalSubstance，那么所有使用meanTemperature的主体都必须是化学物质。这可能限制了属性的使用范围，因为温度可以应用在更广泛的主体上，而不仅仅是化学物质。

所以，综合来看，这个公理可能不太合理，因为它将meanTemperature的主体限制在ChemicalSubstance，而实际上温度可能与更广泛的类相关，比如环境、地点等。因此，这个公理可能与常识和背景知识不符，判断为错误。
</think>

判断结果：错误
解释：meanTemperature通常用于描述环境或物体的温度，而ChemicalSubstance指的是化学物质，两者之间没有直接的语义关联，因此domain(meanTemperature) = ChemicalSubstance是不合理的。",0,1,
hard_case_0121,domain,domain(meltingPoint) = Drug,"背景知识：
条目1：
- 名称：meltingPoint
- 类型：Property
- 简介：melting point (K)

条目2：
- 名称：Drug
- 类型：Class
- 简介：drug",1,deepseek-ai/DeepSeek-R1-Distill-Qwen-32B,0.0,8192,https://api2.aigcbest.top/v1,"嗯，我现在需要判断这个RDFS公理是否正确。公理是domain(meltingPoint) = Drug，也就是说，属性meltingPoint的主体必须属于Drug这个类。首先，我得理解每个部分的含义。

meltingPoint是一个属性，类型是Property，简介是熔点，单位是开尔文。Drug是一个类，类型是Class，简介是药物。所以，domain(meltingPoint) = Drug的意思是，任何拥有meltingPoint属性的实例都必须是Drug类的成员。

接下来，我得考虑常识。熔点通常用于描述物质的物理性质，比如化学物质、材料等。而药物确实属于化学物质的一种，所以从常识上看，药物有熔点是合理的。因此，将meltingPoint的domain设为Drug是正确的，因为药物确实会有熔点属性。

再结合RDFS的语义规则，domain约束确保属性只能用于特定类的实例。这里Drug类的实例确实可能有熔点，所以这个公理是合理的，没有冲突。
</think>

判断结果：正确
解释：属性meltingPoint的主体应属于Drug类，这与常识相符，因为药物通常具有熔点属性。",1,1,
hard_case_0122,domain,domain(minimumTemperature) = EducationalInstitution,"背景知识：
条目1：
- 名称：minimumTemperature
- 类型：Property
- 简介：minimum temperature (K)

条目2：
- 名称：EducationalInstitution
- 类型：Class
- 简介：educational institution",0,deepseek-ai/DeepSeek-R1-Distill-Qwen-32B,0.0,8192,https://api2.aigcbest.top/v1,"嗯，我现在需要判断这个RDFS公理是否正确。公理是domain(minimumTemperature) = EducationalInstitution。首先，我得理解每个部分的意思。

minimumTemperature是一个属性，类型是Property，简介是“minimum temperature (K)”，也就是最低温度，单位是开尔文。EducationalInstitution是一个类，类型是Class，简介是“educational institution”，也就是教育机构。

接下来，domain(minimumTemperature) = EducationalInstitution的意思是说，minimumTemperature这个属性的主体必须属于EducationalInstitution这个类。也就是说，只有教育机构才能有minimumTemperature这个属性。

那我得想想，最低温度通常和什么相关。最低温度通常和环境、气象、地理位置相关，比如一个地方的最低温度。而教育机构，比如学校、大学，它们通常不会直接拥有最低温度这个属性，除非是在特定的上下文中，比如学校的气象站或者实验室记录温度，但通常来说，这并不是教育机构的典型属性。

根据RDFS的语义规则，domain约束了属性的主体类型。如果minimumTemperature的主体通常是地点、气象站或者其他与温度相关的实体，而不是教育机构，那么这个公理可能不正确。

所以，结合背景知识和常识，这个公理可能不合理，因为它将一个通常与地理位置或气象相关的属性错误地关联到了教育机构。
</think>

判断结果：错误
解释：minimumTemperature通常与地理位置或气象相关，而非教育机构，因此将其domain设为EducationalInstitution不符合常识。",0,1,
hard_case_0124,domain,domain(nciId) = AdministrativeRegion,"背景知识：
条目1：
- 名称：nciId
- 类型：Property
- 简介：NCI

条目2：
- 名称：AdministrativeRegion
- 类型：Class
- 简介：A PopulatedPlace under the jurisdiction of an administrative body. This body may administer either a whole region or one or more adjacent Settlements (town administration)",0,deepseek-ai/DeepSeek-R1-Distill-Qwen-32B,0.0,8192,https://api2.aigcbest.top/v1,"好，我现在需要判断给定的RDFS公理是否正确。公理是domain(nciId) = AdministrativeRegion。首先，我得理解每个部分的含义。

nciId是一个属性，类型是Property，简介是NCI。AdministrativeRegion是一个类，类型是Class，简介是被行政机构管辖的有人口的地方，可能管理整个地区或一个或多个相邻的定居点，比如城镇管理。

接下来，domain(nciId) = AdministrativeRegion的意思是说，属性nciId的主体必须属于AdministrativeRegion这个类。也就是说，任何使用nciId属性的实例都必须是AdministrativeRegion的实例。

现在，我需要结合背景知识和RDFS语义规则来分析。首先，nciId的属性类型是Property，而AdministrativeRegion是Class。根据RDFS的规则，domain约束的是属性的主体类型，即属性的主语必须属于指定的类。

但是，背景知识中并没有提到nciId的属性与AdministrativeRegion有任何直接的关联。nciId的简介只是提到NCI，可能是一个标识符，但没有说明它只能用于AdministrativeRegion。因此，将nciId的domain限制为AdministrativeRegion可能并不合理，除非有明确的背景知识支持这一点。

此外，常识上，标识符属性通常可以应用于多个类，而不仅仅是一个特定的类。因此，将nciId的domain限制为AdministrativeRegion可能过于严格，缺乏依据。

综上所述，这个公理可能与背景知识不符，因此判断为错误。
</think>

判断结果：错误
解释：属性nciId的主体应属于AdministrativeRegion类，但背景知识中未明确nciId与AdministrativeRegion的关联，因此该公理不合理。",0,1,
hard_case_0125,domain,domain(nciId) = Disease,"背景知识：
条目1：
- 名称：nciId
- 类型：Property
- 简介：NCI

条目2：
- 名称：Disease
- 类型：Class
- 简介：disease",1,deepseek-ai/DeepSeek-R1-Distill-Qwen-32B,0.0,8192,https://api2.aigcbest.top/v1,"好，我现在需要分析这个RDFS公理是否正确。公理是domain(nciId) = Disease。首先，我得理解每个部分的意思。

nciId是一个属性，类型是Property，简介是NCI，可能代表国家癌症研究所的某种标识符。Disease是一个类，代表疾病。

根据RDFS的语义规则，domain约束了属性的主体必须属于某个类。也就是说，所有使用nciId属性的实例，其主体必须是Disease类的实例。

接下来，我需要结合背景知识。nciId作为属性，通常用于标识某种实体，比如疾病。Disease类代表疾病，所以如果nciId的domain是Disease，意味着只有疾病实例才能使用nciId属性。这在语义上是合理的，因为nciId可能用于标识疾病，所以主体应该是疾病。

常识上，属性的domain通常与属性的用途相关。nciId如果是用于标识疾病，那么domain设为Disease是正确的。没有明显冲突，所以这个公理是合理的。
</think>

判断结果：正确
解释：属性nciId的主体应属于Disease类，这与背景知识中nciId作为属性用于标识疾病类实例的语义相符。",1,1,
hard_case_0126,domain,domain(numberOfClassrooms) = AdministrativeRegion,"背景知识：
条目1：
- 名称：numberOfClassrooms
- 类型：Property
- 简介：number of classrooms

条目2：
- 名称：AdministrativeRegion
- 类型：Class
- 简介：A PopulatedPlace under the jurisdiction of an administrative body. This body may administer either a whole region or one or more adjacent Settlements (town administration)",0,deepseek-ai/DeepSeek-R1-Distill-Qwen-32B,0.0,8192,https://api2.aigcbest.top/v1,"嗯，我现在需要判断这个RDFS公理是否正确。公理是domain(numberOfClassrooms) = AdministrativeRegion。首先，我得理解每个部分的意思。

numberOfClassrooms是一个属性，表示“教室的数量”。AdministrativeRegion是一个类，指的是“行政区域”，比如一个由行政机构管辖的地区，可能包括整个区域或一个或多个相邻的定居点，比如城镇管理。

接下来，domain的作用是定义属性的主体属于哪个类。也就是说，这个公理的意思是，numberOfClassrooms属性的主体必须是AdministrativeRegion类的实例。

那我得想，教室的数量通常和什么相关联。教室通常属于学校，而学校可能属于某个行政区域，但直接将numberOfClassrooms的domain设为AdministrativeRegion是否合理呢？比如，一个行政区域可能有多个学校，每个学校有多个教室，但直接将教室数量与行政区域关联，可能不太准确。更合理的可能是，numberOfClassrooms的domain应该是School或者Building这样的类，而不是直接是行政区域。

所以，这个公理可能不符合常识，因为教室数量通常与学校相关，而不是直接与行政区域相关。因此，这个公理可能是错误的。
</think>

判断结果：错误
解释：numberOfClassrooms属性的主体通常是学校或建筑，而不是行政区域，因此将其domain设为AdministrativeRegion不符合常识。",0,1,
hard_case_0129,domain,domain(otherChannel) = Broadcaster,"背景知识：
条目1：
- 名称：otherChannel
- 类型：Property
- 简介：other channel

条目2：
- 名称：Broadcaster
- 类型：Class
- 简介：A broadcaster is an organisation responsible for the production of radio or television programs and/or their transmission. (http://en.wikipedia.org/wiki/Broadcaster - 28/03/2011)",1,deepseek-ai/DeepSeek-R1-Distill-Qwen-32B,0.0,8192,https://api2.aigcbest.top/v1,"嗯，我现在需要判断这个RDFS公理是否正确。公理是domain(otherChannel) = Broadcaster。首先，我得理解每个部分的意思。

otherChannel是一个属性，根据背景知识，它被描述为“other channel”，可能指的是其他频道。Broadcaster是一个类，指的是负责制作或传输广播节目的组织。

接下来，domain(otherChannel) = Broadcaster的意思是说，otherChannel属性的主体必须属于Broadcaster类。也就是说，当使用otherChannel属性时，它的主语必须是Broadcaster类的实例。

现在，我需要结合背景知识和RDFS的语义规则来分析。RDFS的domain规则规定，属性的domain指定了该属性的主语必须属于的类。所以，如果otherChannel的domain是Broadcaster，那么所有使用otherChannel的主语都必须是Broadcaster的实例。

根据常识，频道（channel）通常由广播公司（Broadcaster）拥有或运营。因此，otherChannel作为属性，可能表示某个广播公司有其他的频道。所以，主语应该是Broadcaster，而宾语可能是另一个频道。

这样看来，这个公理是合理的，因为它符合现实中的关系：广播公司拥有其他频道。因此，这个公理是正确的。
</think>

判断结果：正确
解释：根据背景知识，otherChannel是一个属性，而Broadcaster是一个类，表示广播组织。domain(otherChannel) = Broadcaster表示otherChannel属性的主体必须是Broadcaster类的实例，这符合广播组织拥有其他频道的常识。",1,1,
hard_case_0130,domain,domain(otherChannel) = Drug,"背景知识：
条目1：
- 名称：otherChannel
- 类型：Property
- 简介：other channel

条目2：
- 名称：Drug
- 类型：Class
- 简介：drug",0,deepseek-ai/DeepSeek-R1-Distill-Qwen-32B,0.0,8192,https://api2.aigcbest.top/v1,"嗯，我现在需要判断这个RDFS公理是否正确。公理是domain(otherChannel) = Drug。首先，我得理解每个部分的意思。

otherChannel是一个属性，Drug是一个类。domain表示属性的主体属于某个类。所以，这个公理的意思是，otherChannel属性的主体必须是Drug类的实例。

接下来，我得看看背景知识。条目1说otherChannel是属性，简介是“other channel”，可能是指其他渠道或来源。条目2说Drug是类，简介是“drug”，也就是药物。

现在，我需要分析这个公理是否合理。domain约束意味着每当使用otherChannel属性时，主语必须是Drug类的实例。比如，如果有一个药物实例d，那么d otherChannel ... 就是合法的。但问题在于，otherChannel的语义是否与Drug相关。

根据常识，otherChannel可能与药物无关，比如可能用于描述其他类型的资源或实体。如果otherChannel通常用于描述非药物的主体，那么这个domain约束可能不正确。

另外，RDFS的domain规则要求属性的主体必须属于指定的类。如果otherChannel的使用场景与Drug无关，那么这个约束会导致错误，因为属性可能被错误地限制在Drug类上。

综上所述，这个公理可能与背景知识或常识不符，因此判断为错误。
</think>

判断结果：错误
解释：属性otherChannel的主体应属于Drug类，但根据背景知识，otherChannel与Drug类无明显关联，因此该公理不合理。",0,1,
hard_case_0131,domain,domain(periapsis) = Planet,"背景知识：
条目1：
- 名称：periapsis
- 类型：Property
- 简介：periapsis (km)

条目2：
- 名称：Planet
- 类型：Class
- 简介：planet",1,deepseek-ai/DeepSeek-R1-Distill-Qwen-32B,0.0,8192,https://api2.aigcbest.top/v1,"嗯，我现在需要判断这个RDFS公理是否正确。公理是domain(periapsis) = Planet，也就是属性periapsis的主体必须属于Planet类。首先，我得理解每个部分的意思。

periapsis是一个属性，类型是Property，简介是“periapsis (km)”，这应该是指某个天体的近日点距离，单位是千米。Planet是一个类，代表行星。

接下来，根据RDFS的语义规则，domain约束了属性的主体必须属于某个类。所以这里的意思是，任何拥有periapsis属性的实例都必须是Planet类的实例。

那我得想想，periapsis这个属性通常用在什么情况下。periapsis是指天体在其轨道上的最近点，比如行星绕恒星的轨道。所以，periapsis通常用于描述行星、卫星等天体的轨道参数。因此，属性periapsis的主体应该是行星，也就是Planet类。

所以，这个公理是正确的，因为它符合常识和背景知识。属性periapsis的主体确实是Planet类的实例。
</think>

判断结果：正确
解释：属性periapsis的主体应属于Planet类，这与背景知识中periapsis作为行星的属性相符合。",1,1,
hard_case_0133,domain,domain(populationUrbanDensity) = Island,"背景知识：
条目1：
- 名称：populationUrbanDensity
- 类型：Property
- 简介：population urban density (/sqkm)

条目2：
- 名称：Island
- 类型：Class
- 简介：island",0,deepseek-ai/DeepSeek-R1-Distill-Qwen-32B,0.0,8192,https://api2.aigcbest.top/v1,"嗯，我现在需要判断这个RDFS公理是否正确。公理是domain(populationUrbanDensity) = Island。首先，我得理解每个部分的意思。

populationUrbanDensity是一个属性，类型是Property，简介是“population urban density (/sqkm)”，也就是人口密度，单位是每平方公里。Island是一个类，类型是Class，简介是“island”，也就是岛屿。

接下来，domain的意思是属性的主体必须属于某个类。所以这个公理的意思是说，populationUrbanDensity这个属性的主体必须是Island类的实例。也就是说，只有岛屿才能有这个属性，表示它们的人口密度。

那我得想想，人口密度是不是只能用在岛屿上。人口密度通常指的是某个区域的人口数量，比如城市、国家、地区等等。岛屿当然可以有人口密度，但并不是只有岛屿才有。比如城市、国家、省份等也可以有这个属性。所以，如果domain限制为Island，那可能太严格了，排除了其他可能的情况。

另外，根据RDFS的语义规则，domain约束了属性的主体必须属于某个类。如果这个属性被用在非Island的实例上，比如一个城市，那么就会违反这个约束。但实际情况中，人口密度不仅仅适用于岛屿，所以这个约束可能不合理。

综上所述，这个公理可能限制了属性的使用范围，导致它无法正确应用到其他应该有该属性的类上。因此，这个公理可能是错误的。
</think>

判断结果：错误
解释：属性populationUrbanDensity的主体应为具有人口密度的区域，而不仅仅是岛屿。",0,1,
hard_case_0134,domain,domain(previousInfrastructure) = PublicTransitSystem,"背景知识：
条目1：
- 名称：previousInfrastructure
- 类型：Property
- 简介：previous infrastructure

条目2：
- 名称：PublicTransitSystem
- 类型：Class
- 简介：A public transit system is a shared passenger transportation service which is available for use by the general public. Public transport modes include buses, trolleybuses, trams and trains, 'rapid transit' (metro/subways/undergrounds etc) an...",0,deepseek-ai/DeepSeek-R1-Distill-Qwen-32B,0.0,8192,https://api2.aigcbest.top/v1,"好，我现在需要判断给定的RDFS公理是否正确。公理是domain(previousInfrastructure) = PublicTransitSystem。首先，我得理解每个部分的含义。

公理中的domain表示属性的主体必须属于某个类。这里，previousInfrastructure是一个属性，而PublicTransitSystem是一个类。所以，这个公理的意思是，所有使用previousInfrastructure属性的主体都必须是PublicTransitSystem类的实例。

接下来，我查看背景知识。PublicTransitSystem被定义为一种公共交通系统，包括公交车、电车、 tram 和火车等。而previousInfrastructure的简介只是“previous infrastructure”，没有具体说明它属于哪个类。

根据RDFS的语义规则，domain约束了属性的主体类型。如果previousInfrastructure的主体通常是PublicTransitSystem，那么这个公理是合理的。但根据背景知识，previousInfrastructure并没有明确说明它只用于PublicTransitSystem。因此，这个公理可能过于限制，因为previousInfrastructure可能用于其他类的实例，比如其他类型的基础设施。

所以，这个公理可能与背景知识不符，因为它假设了previousInfrastructure只能用于PublicTransitSystem，而实际上可能有更广泛的应用。因此，这个公理是错误的。
</think>

判断结果：错误
解释：根据背景知识，previousInfrastructure的主体并不明确限定为PublicTransitSystem，因此该公理与背景知识不符。",0,1,
hard_case_0136,domain,domain(releaseLocation) = Work,"背景知识：
条目1：
- 名称：releaseLocation
- 类型：Property
- 简介：Usually used with releaseDate, particularly for Films. Often there can be several pairs so our modeling is not precise here...

条目2：
- 名称：Work
- 类型：Class
- 简介：Item on which time has been spent for its realisation. Actor can be a human on not (machine, insects, nature...)",1,deepseek-ai/DeepSeek-R1-Distill-Qwen-32B,0.0,8192,https://api2.aigcbest.top/v1,"好，我现在需要判断给定的RDFS公理是否正确。公理是domain(releaseLocation) = Work。首先，我得理解每个部分的含义。

releaseLocation是一个属性，根据背景知识，它通常与releaseDate一起使用，特别是在电影中。Work是一个类，表示花费时间去实现的物品，比如电影、书籍等。

接下来，domain(releaseLocation) = Work意味着releaseLocation属性的主体必须属于Work类。也就是说，任何使用releaseLocation属性的主体都必须是Work类的实例。

根据RDFS的语义规则，domain约束了属性的主体类型。这里，releaseLocation通常用于描述作品的发布地点，比如电影的上映地点。因此，将releaseLocation的domain设置为Work是合理的，因为发布地点通常与作品相关联。

没有明显的冲突，所以这个公理是正确的。
</think>

判断结果：正确
解释：releaseLocation属性通常用于描述作品的发布地点，将其domain设置为Work类符合其语义和背景知识。",1,1,
hard_case_0137,domain,domain(runtime) = Airline,"背景知识：
条目1：
- 名称：runtime
- 类型：Property
- 简介：runtime (m)

条目2：
- 名称：Airline
- 类型：Class
- 简介：airline",0,deepseek-ai/DeepSeek-R1-Distill-Qwen-32B,0.0,8192,https://api2.aigcbest.top/v1,"好，我现在需要判断给定的RDFS公理是否正确。公理是domain(runtime) = Airline。首先，我得理解每个部分的含义。

公理中的domain表示属性的主体属于某个类。这里，runtime是一个属性，Airline是一个类。所以，这个公理的意思是说，runtime属性的主体必须是Airline类的实例。

接下来，我查看背景知识。runtime被定义为一个属性，简介是“runtime (m)”，可能指的是运行时间，比如航班的运行时间。而Airline是一个类，代表航空公司。

根据常识，运行时间通常与航班或飞行相关，而航空公司是提供航班服务的实体。所以，runtime属性的主体应该是航班，而不是航空公司本身。也就是说，航空公司可能拥有航班，而航班才有运行时间。

因此，将runtime的domain设为Airline可能不正确，因为运行时间更可能属于航班类，而不是航空公司类。这与背景知识和常识不符，所以这个公理是错误的。
</think>

判断结果：错误
解释：根据背景知识，runtime是一个属性，而Airline是一个类，但runtime的主体应为航班，而非航空公司。",0,1,
hard_case_0138,domain,domain(runtime) = Work,"背景知识：
条目1：
- 名称：runtime
- 类型：Property
- 简介：runtime (m)

条目2：
- 名称：Work
- 类型：Class
- 简介：Item on which time has been spent for its realisation. Actor can be a human on not (machine, insects, nature...)",1,deepseek-ai/DeepSeek-R1-Distill-Qwen-32B,0.0,8192,https://api2.aigcbest.top/v1,"嗯，我现在需要判断这个RDFS公理是否正确。公理是domain(runtime) = Work。首先，我得理解每个部分的意思。

公理中的domain表示属性的主体属于某个类。这里runtime是一个属性，Work是一个类。所以这个公理的意思是，runtime属性的主体必须属于Work类。

接下来，我看看背景知识。runtime的简介是“runtime (m)”，可能是指运行时间，比如软件运行的时间。Work类的简介是“Item on which time has been spent for its realisation”，也就是那些花费时间去实现的项目，主体可以是人或者其他东西。

那runtime作为属性，通常用来描述某个事物的运行时间。比如，一个软件的运行时间，或者一个项目的执行时间。所以，runtime的主体应该是那些有运行时间的事物，比如软件、项目等，这些都属于Work类吗？

Work类的定义比较广泛，包括任何花费时间去实现的项目，无论是人还是机器、昆虫、自然等。所以，如果runtime用来描述这些项目的运行时间，那么它的主体确实属于Work类。因此，domain(runtime) = Work是合理的。

有没有可能出错的地方？比如，如果runtime的主体不是Work类，而是其他类，比如时间类或者事件类，那这个公理就不对了。但根据背景知识，Work类涵盖了各种需要时间实现的项目，所以runtime的主体应该是Work类的实例。

综上所述，这个公理是正确的。
</think>

判断结果：正确
解释：根据背景知识，runtime属性的主体应属于Work类，因为Work类描述的是需要花费时间实现的项目，而runtime通常用于描述这些项目的运行时间。",1,1,
hard_case_0139,domain,domain(statisticYear) = BaseballPlayer,"背景知识：
条目1：
- 名称：statisticYear
- 类型：Property
- 简介：statistic year

条目2：
- 名称：BaseballPlayer
- 类型：Class
- 简介：baseball player",1,deepseek-ai/DeepSeek-R1-Distill-Qwen-32B,0.0,8192,https://api2.aigcbest.top/v1,"嗯，我现在需要判断这个RDFS公理是否正确。公理是domain(statisticYear) = BaseballPlayer。首先，我得理解每个部分的意思。

statisticYear是一个属性，类型是Property，简介是“statistic year”。BaseballPlayer是一个类，类型是Class，简介是“baseball player”。所以，这个公理的意思是说，statisticYear这个属性的主体必须属于BaseballPlayer这个类。

接下来，我得分析这个是否合理。statisticYear通常用来表示统计年份，比如某个统计数据是在哪一年进行的。而BaseballPlayer是棒球运动员。那么，棒球运动员这个类的实例通常会有什么属性呢？比如，他们的名字、年龄、球队等等。statisticYear可能用来表示他们在某一年的统计数据，比如得分、助攻等。

所以，从语义上看，statisticYear的主体应该是棒球运动员，这样属性才有意义。比如，一个棒球运动员在2023年的统计数据，那么statisticYear的值就是2023，而主体就是这个运动员。因此，domain(statisticYear) = BaseballPlayer是合理的，因为它约束了这个属性只能用于棒球运动员。

再考虑RDFS的语义规则，domain约束了属性的主体类型，这里BaseballPlayer是一个合适的类，所以这个公理是正确的。
</think>

判断结果：正确
解释：statisticYear属性的主体应为BaseballPlayer类的实例，符合属性与类的语义关系。",1,1,
hard_case_0140,domain,domain(statisticYear) = ChemicalSubstance,"背景知识：
条目1：
- 名称：statisticYear
- 类型：Property
- 简介：statistic year

条目2：
- 名称：ChemicalSubstance
- 类型：Class
- 简介：chemical substance",0,deepseek-ai/DeepSeek-R1-Distill-Qwen-32B,0.0,8192,https://api2.aigcbest.top/v1,"嗯，我现在需要判断这个RDFS公理是否正确。公理是domain(statisticYear) = ChemicalSubstance。首先，我得理解每个部分的意思。

statisticYear是一个属性，它的类型是Property，简介是“statistic year”。ChemicalSubstance是一个类，类型是Class，简介是“chemical substance”。所以，这个公理的意思是说，statisticYear属性的主体必须属于ChemicalSubstance类。

接下来，我得分析这个是否合理。statisticYear通常用来表示统计年份，比如某个统计数据是在哪一年进行的。而ChemicalSubstance是化学物质，比如水、氧气之类的。那么，统计年份的主体应该是统计活动或者统计数据，而不是化学物质。

根据RDFS的语义规则，domain约束了属性的主体类型。如果statisticYear的主体是ChemicalSubstance，那么意味着每个化学物质都有一个统计年份，这显然不符合常识。化学物质本身并不涉及年份，而是统计数据可能涉及年份。

所以，这个公理是错误的，因为它不符合背景知识和常识。
</think>

判断结果：错误
解释：statisticYear属性的主体应为统计数据或相关实体，而非化学物质，因此该公理与背景知识不符。",0,1,
hard_case_0141,domain,domain(subsequentInfrastructure) = Museum,"背景知识：
条目1：
- 名称：subsequentInfrastructure
- 类型：Property
- 简介：subsequent infrastructure

条目2：
- 名称：Museum
- 类型：Class
- 简介：museum",0,deepseek-ai/DeepSeek-R1-Distill-Qwen-32B,0.0,8192,https://api2.aigcbest.top/v1,"嗯，我现在需要判断这个RDFS公理是否正确。公理是domain(subsequentInfrastructure) = Museum。首先，我得理解每个部分的意思。

subsequentInfrastructure是一个属性，而Museum是一个类。domain表示属性的主体必须属于某个类。所以，这个公理的意思是，subsequentInfrastructure这个属性的主体必须是Museum类的实例。

接下来，我得看看背景知识。subsequentInfrastructure的简介只是“subsequent infrastructure”，没有提供具体的信息。Museum是博物馆，属于一个类。常识上，基础设施通常与城市、建筑、交通等有关，而博物馆可能使用基础设施，但基础设施本身是否属于博物馆的属性呢？

根据RDFS规则，domain约束属性的主体类型。如果subsequentInfrastructure的主体通常是博物馆，那么这个公理是正确的。但如果没有明确的背景知识支持这一点，可能这个公理是不合理的。因为基础设施通常不是博物馆的属性，而是更广泛的概念。

所以，结合背景知识和常识，这个公理可能不正确，因为它可能不符合subsequentInfrastructure的实际使用情况。
</think>

判断结果：错误
解释：subsequentInfrastructure作为属性，其主体通常不局限于Museum类，因此将其domain限制为Museum不符合常识和背景知识。",0,1,
hard_case_0142,domain,domain(temperature) = Biomolecule,"背景知识：
条目1：
- 名称：temperature
- 类型：Property
- 简介：temperature (K)

条目2：
- 名称：Biomolecule
- 类型：Class
- 简介：equivalent to http://ccdb.ucsd.edu/NIF/BIRNLex-OBO-UBO.owl#birnlex_22.",0,deepseek-ai/DeepSeek-R1-Distill-Qwen-32B,0.0,8192,https://api2.aigcbest.top/v1,"好，我现在需要分析这个RDFS公理是否正确。公理是domain(temperature) = Biomolecule，也就是说，属性temperature的主体必须属于Biomolecule类。

首先，我得理解每个部分的含义。temperature是一个属性，类型是Property，简介里提到单位是K，也就是开尔文。这可能表示温度通常用于描述物体或物质的温度情况。

接下来，Biomolecule是一个类，简介中提到它等同于某个OWL中的类，可能指的是生物分子，比如蛋白质、DNA等。

现在，公理说temperature的domain是Biomolecule，意味着只有Biomolecule类的实例才能有temperature属性。但根据常识，温度不仅仅用于描述生物分子，还可以用于描述环境、物体、液体等等。比如，房间的温度、水的温度，这些都不属于Biomolecule类。

RDFS的domain规则要求属性的主体必须属于指定的类。如果将temperature的domain限制为Biomolecule，那么所有使用temperature的地方都必须是Biomolecule的实例，这显然不符合实际情况，因为温度可以应用在更广泛的范围内。

因此，这个公理与常识和背景知识不符，是错误的。
</think>

判断结果：错误
解释：属性temperature的主体应为任何具有温度的实体，而不仅仅是Biomolecule类，因此domain(temperature) = Biomolecule与常识和背景知识不符。",0,1,
hard_case_0144,domain,domain(upperAge) = Engine,"背景知识：
条目1：
- 名称：upperAge
- 类型：Property
- 简介：upper age

条目2：
- 名称：Engine
- 类型：Class
- 简介：engine",0,deepseek-ai/DeepSeek-R1-Distill-Qwen-32B,0.0,8192,https://api2.aigcbest.top/v1,"嗯，我现在需要判断这个RDFS公理是否正确。公理是domain(upperAge) = Engine，也就是说属性upperAge的主体必须属于Engine这个类。首先，我得理解每个部分的含义。

首先，upperAge是一个属性，类型是Property，简介是upper age。这可能指的是某个东西的上限年龄，比如机器的使用年限或者人的年龄上限。然后，Engine是一个类，类型是Class，简介是engine，通常指的是发动机或引擎。

接下来，根据RDFS的语义规则，domain约束了属性的主体必须属于某个类。所以这里的意思是，任何拥有upperAge属性的主体都必须是Engine类的实例。比如，如果一辆车有upperAge属性，那么这辆车必须属于Engine类吗？这似乎不太对，因为通常来说，upperAge可能与人或机器相关，而Engine类可能指的是发动机本身，而不是拥有年龄的实体。

再结合常识，发动机通常不会被描述为有年龄上限，而是可能有寿命或使用年限。而upperAge更可能用于描述人或设备的年龄上限，比如退休年龄或设备的报废年限。因此，将upperAge的domain设置为Engine可能不符合常识，因为Engine类的实例可能不会直接关联到年龄属性。

另外，从背景知识来看，Engine类的简介只是“engine”，没有提到与年龄相关的内容，而upperAge的简介是“upper age”，也没有明确说明与Engine类的关联。因此，这个公理可能不符合预期的语义关系。

综上所述，这个公理可能不合理，因为它将upperAge的主体限制为Engine类，而根据常识和背景知识，这可能不成立。
</think>

判断结果：错误
解释：属性upperAge的主体应属于Engine类，但根据常识，upperAge通常与年龄相关，而Engine类通常指发动机，两者语义不符。",0,1,
hard_case_0145,domain,domain(upperAge) = School,"背景知识：
条目1：
- 名称：upperAge
- 类型：Property
- 简介：upper age

条目2：
- 名称：School
- 类型：Class
- 简介：school",1,deepseek-ai/DeepSeek-R1-Distill-Qwen-32B,0.0,8192,https://api2.aigcbest.top/v1,"嗯，我现在需要判断这个RDFS公理是否正确。公理是domain(upperAge) = School，也就是说，属性upperAge的主体必须属于类School。首先，我得理解每个部分的意思。

首先，upperAge是一个属性，类型是Property，简介是upper age，可能表示年龄上限。School是一个类，类型是Class，简介是school，可能指学校这个概念。

接下来，domain规则的意思是，属性的主体必须属于某个类。所以这里的意思是，任何使用upperAge属性的主体都必须是School类的实例。比如，如果有一个实例s，s upperAge 18，那么s必须是School类的实例。

现在，我需要结合常识来判断这是否合理。通常，年龄上限可能与学校有关，比如学校的招生年龄限制。但属性upperAge的主体通常是学校，对吗？比如，学校可能有upperAge属性，表示招生的年龄上限。所以，从这个角度看，domain设置为School是合理的，因为属性upperAge的主体应该是学校，而不是其他类。

但是，也有可能属性upperAge的主体是人，比如学生，表示他们的年龄上限。但根据背景知识，upperAge的类型是Property，而School是Class，所以这里可能是指学校有年龄上限。因此，domain设置为School是正确的，因为属性的主体是学校，而属性描述的是学校的年龄上限。

不过，我需要再仔细想想。如果upperAge的主体是学校，那么这个属性可能表示学校允许的最大年龄，比如学生不能超过某个年龄才能入学。这在现实中是合理的，所以domain设置为School是正确的。

综上所述，这个公理是正确的，因为属性upperAge的主体应该是学校，而School类是合适的domain。
</think>

判断结果：正确
解释：属性upperAge的主体应属于School类，这与属性表示年龄上限的语义相符，且符合常识。",1,1,
hard_case_0146,domain,domain(vehiclesInFleet) = PublicTransitSystem,"背景知识：
条目1：
- 名称：vehiclesInFleet
- 类型：Property
- 简介：Points out means of transport contained in the companies vehicle fleet.

条目2：
- 名称：PublicTransitSystem
- 类型：Class
- 简介：A public transit system is a shared passenger transportation service which is available for use by the general public. Public transport modes include buses, trolleybuses, trams and trains, 'rapid transit' (metro/subways/undergrounds etc) an...",1,deepseek-ai/DeepSeek-R1-Distill-Qwen-32B,0.0,8192,https://api2.aigcbest.top/v1,"嗯，我现在需要判断这个RDFS公理是否正确。公理是domain(vehiclesInFleet) = PublicTransitSystem。首先，我得理解每个部分的意思。

vehiclesInFleet是一个属性，它指向公司车辆车队中的运输工具。PublicTransitSystem是一个类，指的是公共交通系统，包括公交车、电车、 tram、火车等。

根据RDFS的domain规则，属性的domain定义了该属性的主体必须属于的类。也就是说，如果domain(vehiclesInFleet) = PublicTransitSystem，那么所有使用vehiclesInFleet属性的主体都必须是PublicTransitSystem类的实例。

现在，我需要分析这个设定是否合理。vehiclesInFleet的简介指出它指向公司车辆车队中的运输工具，而PublicTransitSystem是公共交通系统，包括各种交通工具。因此，车辆车队中的运输工具应该是属于PublicTransitSystem的一部分。

所以，设定domain为PublicTransitSystem是合理的，因为车辆属于公共交通系统。这符合常识和背景知识，没有冲突。
</think>

判断结果：正确
解释：属性vehiclesInFleet的主体应属于PublicTransitSystem类，这与车辆属于公共交通系统的背景知识一致。",1,1,
hard_case_0148,domain,domain(volume) = Lake,"背景知识：
条目1：
- 名称：volume
- 类型：Property
- 简介：volume (μ³)

条目2：
- 名称：Lake
- 类型：Class
- 简介：lake",1,deepseek-ai/DeepSeek-R1-Distill-Qwen-32B,0.0,8192,https://api2.aigcbest.top/v1,"嗯，我现在需要判断这个RDFS公理是否正确。公理是domain(volume) = Lake，也就是说，属性volume的主体必须属于类Lake。首先，我得理解每个部分的含义。

volume是一个属性，类型是Property，简介里提到的是体积，单位是立方米。Lake是一个类，代表湖泊。那么，domain(volume) = Lake的意思是，任何拥有volume属性的实例都必须是Lake类的实例。

接下来，我得考虑常识。湖泊确实有体积这个属性，比如湖的水量可以用体积来衡量。所以从常识上看，这似乎是对的。但RDFS的语义规则是否允许这样呢？

RDFS的domain规则规定，如果一个属性的domain是某个类，那么所有使用该属性的实例都必须属于该类。这里，volume的domain被设定为Lake，意味着只有Lake类的实例才能有volume属性。这在逻辑上是成立的，因为湖泊确实有体积。

不过，我还要考虑是否有其他可能的情况。比如，是否有其他类也可能有volume属性？比如，容器、箱子等。但根据背景知识，这里只提到了Lake，所以在这个上下文中，设定domain为Lake是合理的。

综上所述，这个公理是正确的，因为它符合RDFS的语义规则，并且与背景知识和常识相符。
</think>

判断结果：正确
解释：属性volume的主体应属于Lake类，这与常识相符，因为湖泊确实有体积属性。",1,1,
hard_case_0151,range,range(academicAdvisor) = College,"背景知识：
条目1：
- 名称：academicAdvisor
- 类型：Property
- 简介：academic advisor

条目2：
- 名称：College
- 类型：Class
- 简介：college",0,deepseek-ai/DeepSeek-R1-Distill-Qwen-32B,0.0,8192,https://api2.aigcbest.top/v1,"嗯，我现在需要判断这个RDFS公理是否正确。公理是range(academicAdvisor) = College。首先，我得理解每个部分的意思。

学术顾问（academicAdvisor）是一个属性，通常用来表示某人是另一个的学术顾问。College是一个类，代表学院或大学。RDFS中的range公理表示属性的客体必须属于某个类。

那学术顾问的客体应该是谁呢？通常，学术顾问是人，比如教授或导师，而不是学院。所以，如果range是College，意味着学术顾问的客体必须是学院，这可能不符合常识。

背景知识中，College是类，而academicAdvisor是属性，但属性的客体通常是人，而不是学院。所以，这个公理可能不正确，因为它把客体限制在College类，而实际上应该是Person类或其他相关类。

因此，这个公理可能与常识和背景知识不符，判断为错误。
</think>

判断结果：错误
解释：属性academicAdvisor的客体通常是人，而不是学院，因此将其range设为College不符合常识。",0,1,
hard_case_0152,range,range(administrativeCollectivity) = PopulatedPlace,"背景知识：
条目1：
- 名称：administrativeCollectivity
- 类型：Property
- 简介：administrative collectivity

条目2：
- 名称：PopulatedPlace
- 类型：Class
- 简介：As defined by the United States Geological Survey, a populated place is a place or area with clustered or scattered buildings and a permanent human population (city, settlement, town, or village) referenced with geographic coordinates (http...",1,deepseek-ai/DeepSeek-R1-Distill-Qwen-32B,0.0,8192,https://api2.aigcbest.top/v1,"好，我现在需要判断给定的RDFS公理是否正确。公理是range(administrativeCollectivity) = PopulatedPlace。首先，我得理解每个部分的含义。

administrativeCollectivity是一个属性，根据背景知识，它指的是行政集体。PopulatedPlace是一个类，指的是有人居住的地方，比如城市、城镇等。RDFS中的range规则表示属性的客体必须属于某个类。

接下来，我需要分析这个属性的客体是否应该是PopulatedPlace。administrativeCollectivity通常指的是行政区域或组织，这些区域通常是有居民的，所以它们的客体很可能是有人居住的地方。因此，这个range约束是合理的。

没有明显的冲突，所以这个公理是正确的。
</think>

判断结果：正确
解释：根据背景知识，administrativeCollectivity属性的客体应属于有人居住的地方，而PopulatedPlace正是指这样的类，因此该公理合理。",1,1,
hard_case_0154,range,range(affiliation) = Athlete,"背景知识：
条目1：
- 名称：affiliation
- 类型：Property
- 简介：affiliation

条目2：
- 名称：Athlete
- 类型：Class
- 简介：athlete",0,deepseek-ai/DeepSeek-R1-Distill-Qwen-32B,0.0,8192,https://api2.aigcbest.top/v1,"好，我现在需要分析这个RDFS公理是否正确。公理是range(affiliation) = Athlete，也就是属性affiliation的取值范围是类Athlete。首先，我得理解每个部分的含义。

affiliation是一个属性，通常用来表示隶属关系，比如一个人属于某个组织或团队。而Athlete是一个类，代表运动员。根据RDFS的语义规则，range约束了属性的值必须属于某个类。所以，这里的意思是说，affiliation属性的值必须是Athlete类的实例。

接下来，我需要结合背景知识和常识来判断这个公理是否合理。affiliation通常用于描述一个人所属的组织，比如学校、公司或运动队。而Athlete作为类，代表的是运动员本身，而不是他们所属的组织。因此，affiliation的值应该是组织类，比如Team或Organization，而不是Athlete。

举个例子，如果有人是某个运动队的成员，那么affiliation的值应该是那个运动队，而不是运动员本身。所以，将range设置为Athlete是不正确的，因为它不符合属性的常规用法和背景知识。

综上所述，这个公理与常识和背景知识不符，因此是错误的。
</think>

判断结果：错误
解释：属性affiliation的取值范围应为组织或团队，而非Athlete类，因此该公理与常识不符。",0,1,
hard_case_0155,range,range(album) = Athlete,"背景知识：
条目1：
- 名称：album
- 类型：Property
- 简介：album

条目2：
- 名称：Athlete
- 类型：Class
- 简介：athlete",0,deepseek-ai/DeepSeek-R1-Distill-Qwen-32B,0.0,8192,https://api2.aigcbest.top/v1,"嗯，我现在需要判断这个RDFS公理是否正确。公理是range(album) = Athlete。首先，我得理解每个部分的意思。

公理中的range表示属性album的客体应该属于Athlete类。也就是说，当使用album属性时，它的值必须是Athlete类的实例。

接下来，我看看背景知识。album被定义为一个属性，简介里只写了“album”，没有更多的信息。而Athlete是一个类，代表运动员。通常，album在现实世界中指的是专辑，比如音乐专辑，里面包含歌曲、艺术家等信息。而Athlete是运动员，两者看起来没有直接的关联。

根据RDFS的语义规则，range约束了属性的值类型。如果album的range是Athlete，那么所有使用album属性的地方，其值都必须是Athlete类的实例。但根据常识，专辑的属性通常指向的是歌曲、艺术家，而不是运动员。因此，这样的约束可能不符合实际情况。

另外，背景知识中没有提到album与Athlete有任何关联，所以这个公理可能与常识不符，也没有背景支持。因此，这个公理应该是错误的。
</think>

判断结果：错误
解释：属性album的范围被错误地限制为类Athlete，而根据常识，album通常与音乐或艺术相关，与运动员无关。",0,1,
hard_case_0156,range,range(alongside) = Department,"背景知识：
条目1：
- 名称：alongside
- 类型：Property
- 简介：alongside

条目2：
- 名称：Department
- 类型：Class
- 简介：department",0,deepseek-ai/DeepSeek-R1-Distill-Qwen-32B,0.0,8192,https://api2.aigcbest.top/v1,"嗯，我现在需要判断这个RDFS公理是否正确。公理是range(alongside) = Department。首先，我得理解每个部分的意思。

首先，alongside是一个属性，类型是Property。它的简介里只写了“alongside”，没有更多的信息。那Department是一个类，类型是Class，简介是“department”。所以，这个公理的意思是说，属性alongside的值域是Department类。

接下来，我得分析这个公理是否合理。根据RDFS的语义规则，range约束了属性的值必须属于某个类。所以，如果alongside的值必须是Department类的实例，那么这个公理是否正确呢？

但是，问题在于，alongside这个属性的定义不够明确。通常，属性的值域可能与它的语义相关。比如，如果alongside表示“在...旁边”，那么它的值可能是一个位置或者另一个部门，但这里并没有足够的背景信息来确定这一点。

另外，背景知识中并没有提到alongside的具体用法或它通常指向什么。因此，仅凭现有的信息，无法确定这个range约束是否合理。可能在实际应用中，alongside的值确实属于Department，但如果没有明确的定义或上下文支持，这个公理可能存在问题。

所以，综合来看，这个公理可能与背景知识或常识不符，因为它缺乏足够的支持来证明alongside的值域确实是Department。因此，判断为错误。
</think>

判断结果：错误
解释：属性alongside的值域被指定为Department类，但根据背景知识，alongside的定义不明确，无法确定其值域是否为Department。",0,1,
hard_case_0157,range,range(alongside) = Person,"背景知识：
条目1：
- 名称：alongside
- 类型：Property
- 简介：alongside

条目2：
- 名称：Person
- 类型：Class
- 简介：person",1,deepseek-ai/DeepSeek-R1-Distill-Qwen-32B,0.0,8192,https://api2.aigcbest.top/v1,"好，我现在需要分析这个RDFS公理是否正确。公理是range(alongside) = Person。首先，我得理解每个部分的意思。

range表示属性的客体应该属于某个类。这里属性是alongside，客体的类是Person。那alongside是什么意思呢？根据背景知识，alongside是一个属性，但没有具体的简介，可能需要常识来推断。通常，alongside可能表示“与...一起”或者“在...旁边”的意思。

接下来，考虑属性的客体类型。如果alongside表示“与某人一起”，那么客体应该是Person，这样公理是正确的。比如，如果有人和另一个人一起做某事，那么alongside的客体就是Person。

但是，如果alongside的含义更广泛，比如可以指任何事物，而不仅仅是人，那么公理可能就不正确了。比如，如果alongside可以指“与一本书一起”，那么客体就不一定是Person，这样公理就不合理了。

不过，根据常识，alongside通常用于描述与人相关的情况，所以客体应该是Person。因此，这个公理是合理的。
</think>

判断结果：正确
解释：属性alongside的客体应属于类Person，符合常识和语义规则。",1,1,
hard_case_0158,range,range(anthem) = Work,"背景知识：
条目1：
- 名称：anthem
- 类型：Property
- 简介：Official song (anthem) of a PopulatedPlace, SportsTeam, School or other

条目2：
- 名称：Work
- 类型：Class
- 简介：Item on which time has been spent for its realisation. Actor can be a human on not (machine, insects, nature...)",1,deepseek-ai/DeepSeek-R1-Distill-Qwen-32B,0.0,8192,https://api2.aigcbest.top/v1,"好的，我现在需要分析给定的RDFS公理是否正确。公理是range(anthem) = Work，也就是属性anthem的值域是类Work。首先，我得理解每个部分的含义。

根据背景知识，anthem是一个属性，表示官方歌曲，比如国家、运动队、学校等的 anthem。而Work是一个类，指的是花费时间实现的物品，比如人类或机器等创造的东西。

接下来，我需要分析这个公理是否合理。range约束意味着anthem属性的值必须属于Work类。那么，anthem的值通常是歌曲，而歌曲是否属于Work呢？Work的定义比较广泛，包括任何花费时间实现的物品，比如艺术作品、机器产品等。歌曲作为创作成果，确实属于Work的范畴。

因此，这个公理是合理的，因为它符合RDFS的语义规则，且与背景知识一致。
</think>

判断结果：正确
解释：根据背景知识，anthem的值是官方歌曲，而Work包括所有花费时间实现的物品，因此anthem的值属于Work是合理的。",1,1,
hard_case_0159,range,range(appointer) = Company,"背景知识：
条目1：
- 名称：appointer
- 类型：Property
- 简介：appointer

条目2：
- 名称：Company
- 类型：Class
- 简介：company",0,deepseek-ai/DeepSeek-R1-Distill-Qwen-32B,0.0,8192,https://api2.aigcbest.top/v1,"嗯，我现在需要判断这个RDFS公理是否正确。公理是range(appointer) = Company。首先，我得理解每个部分的意思。

appointer是一个属性，Company是一个类。range的意思是说，这个属性的客体必须属于Company这个类。也就是说，当使用appointer属性时，它的值必须是Company类的一个实例。

接下来，我得看看背景知识。背景里提到appointer是属性，Company是类，但没有提供更多的信息。所以，我需要依靠常识来判断。appointer通常指的是任命者，比如一个人被任命到某个职位，那么任命者通常是公司、组织或者个人。但这里range限制为Company，意味着任命者只能是公司，这可能不准确，因为任命者也可以是个人或其他组织。

根据RDFS的语义规则，range约束了属性的值类型。如果任命者通常可以是多种类型，而这里只允许Company，那么这个公理可能过于严格，不符合实际情况。因此，这个公理可能不正确。
</think>

判断结果：错误
解释：根据常识，appointer的范围通常不限于Company，可能包括其他实体，因此将range限制为Company是不合理的。",0,1,
hard_case_0160,range,range(architect) = Place,"背景知识：
条目1：
- 名称：architect
- 类型：Property
- 简介：architect

条目2：
- 名称：Place
- 类型：Class
- 简介：place",0,deepseek-ai/DeepSeek-R1-Distill-Qwen-32B,0.0,8192,https://api2.aigcbest.top/v1,"嗯，我现在需要判断这个RDFS公理是否正确。公理是range(architect) = Place。首先，我得理解每个部分的意思。

architect是一个属性，而Place是一个类。range的意思是说，这个属性的客体必须属于某个类。所以，range(architect) = Place意味着architect属性的值必须是Place类的实例。

接下来，我得看看背景知识。architect被定义为一个属性，但没有提供更多的信息，比如它的常用范围。Place是一个类，通常指地点。那么，architect属性通常用来表示什么呢？比如，可能表示某人是建筑师，或者某个建筑的建筑师是谁。

在常识中，architect属性通常用来描述一个人，比如“John的architect是Jane”，这里的architect可能指的是建筑师这个角色，而Jane是一个人，而不是一个地点。所以，如果architect的range是Place，那意味着architect的值必须是地点，这显然不符合常识，因为建筑师通常是人，而不是地点。

另外，从RDFS的语义规则来看，range约束了属性的值类型。如果这里将architect的range设为Place，那么所有使用architect属性的地方，其值都必须是Place类的实例。这与实际使用情况不符，因为architect通常指向人，而不是地点。

所以，这个公理是错误的，因为它与常识和属性的常见用法相冲突。
</think>

判断结果：错误
解释：architect属性通常用于表示建筑师，其值应为人物，而Place表示地点，两者语义不符。",0,1,
hard_case_0161,range,range(arrondissement) = Organisation,"背景知识：
条目1：
- 名称：arrondissement
- 类型：Property
- 简介：arrondissement

条目2：
- 名称：Organisation
- 类型：Class
- 简介：organisation",0,deepseek-ai/DeepSeek-R1-Distill-Qwen-32B,0.0,8192,https://api2.aigcbest.top/v1,"嗯，我现在需要判断这个RDFS公理是否正确。公理是range(arrondissement) = Organisation。首先，我得理解每个部分的意思。

arrondissement是一个属性，而Organisation是一个类。range的意思是说，这个属性的值必须属于某个类。所以这里的意思是，arrondissement属性的值必须是Organisation类的实例。

接下来，我得看看背景知识。arrondissement的简介里只写了“arrondissement”，没有更多的信息。Organisation是一个类，代表组织。那arrondissement通常指的是什么？在法语中，arrondissement通常指市辖区或者行政区划的一部分，比如巴黎的区。所以，arrondissement可能是一个属性，用来表示某个地方属于哪个区。

现在，问题来了：arrondissement的值是否应该是Organisation类的实例？也就是说，这个属性的值是否是组织？这可能有问题，因为通常arrondissement指的是地理区域，而不是组织。比如，一个城市可能属于某个arrondissement，而这个arrondissement可能是一个地理类，而不是组织类。

所以，根据常识，arrondissement的值应该是地理区域，而不是组织。因此，将range设置为Organisation可能不符合实际情况，导致公理错误。
</think>

判断结果：错误
解释：arrondissement通常表示地理区域，而Organisation是组织类，属性的值应为地理类，因此公理错误。",0,1,
hard_case_0163,range,range(associate) = BroadcastNetwork,"背景知识：
条目1：
- 名称：associate
- 类型：Property
- 简介：associate

条目2：
- 名称：BroadcastNetwork
- 类型：Class
- 简介：A broadcast network is an organization, such as a corporation or other association, that provides live or recorded content, such as movies, newscasts, sports, and public affairs programs for broadcast over a group of radio or television sta...",0,deepseek-ai/DeepSeek-R1-Distill-Qwen-32B,0.0,8192,https://api2.aigcbest.top/v1,"好，我现在需要判断这个RDFS公理是否正确。公理是range(associate) = BroadcastNetwork。首先，我得理解每个部分的意思。

“range”在RDFS中表示属性的客体应该属于某个类。也就是说，属性“associate”的值必须是“BroadcastNetwork”类的实例。

接下来，我看看背景知识。属性“associate”没有提供具体的定义，可能是一个关联属性，比如“关联”或“联系”。而“BroadcastNetwork”是一个类，指的是广播网络组织，比如公司或协会，提供广播内容。

现在，我需要分析“associate”这个属性的客体是否应该是“BroadcastNetwork”。通常，“associate”可能用于表示某种关联关系，比如一个人与某个组织的关联。如果“associate”的客体被限制为“BroadcastNetwork”，那么它只能指向广播网络类的实例，这可能过于狭窄，除非“associate”特别定义为仅用于广播网络。

但根据常识，“associate”可能更广泛，可以关联到各种类型的组织或实体，而不仅仅是广播网络。因此，将range限制为BroadcastNetwork可能不符合常识，除非有特别的定义。

综上所述，这个公理可能不合理，因为它限制了属性的客体范围，而背景知识中并没有明确支持这一点。
</think>

判断结果：错误
解释：属性“associate”的范围被限制为“BroadcastNetwork”，但根据常识，“associate”通常可以关联到更广泛的实体，而不仅仅是广播网络。",0,1,
hard_case_0164,range,range(associationOfLocalGovernment) = PopulatedPlace,"背景知识：
条目1：
- 名称：associationOfLocalGovernment
- 类型：Property
- 简介：association of local government

条目2：
- 名称：PopulatedPlace
- 类型：Class
- 简介：As defined by the United States Geological Survey, a populated place is a place or area with clustered or scattered buildings and a permanent human population (city, settlement, town, or village) referenced with geographic coordinates (http...",1,deepseek-ai/DeepSeek-R1-Distill-Qwen-32B,0.0,8192,https://api2.aigcbest.top/v1,"好，我现在需要判断这个RDFS公理是否正确。公理是range(associationOfLocalGovernment) = PopulatedPlace。首先，我得理解每个部分的意思。

associationOfLocalGovernment是一个属性，类型是Property，简介是“association of local government”。这可能表示某个地方与地方政府的关联关系。PopulatedPlace是一个类，指的是有人居住的地方，比如城市、城镇或村庄，有地理坐标。

接下来，根据RDFS的语义规则，range表示属性的客体应该属于某个类。所以，这个公理的意思是，当使用associationOfLocalGovernment属性时，它的值（客体）必须是PopulatedPlace类的实例。

现在，结合背景知识，associationOfLocalGovernment可能用于描述地方政府与其他地方的关联。地方政府通常与有人居住的地方相关，比如城市或村庄。因此，将这个属性的range设置为PopulatedPlace是合理的，因为地方政府的关联对象通常是有人居住的地方。

再考虑常识，地方政府通常管理的是有人居住的区域，所以这个属性的值很可能是这些地方。因此，这个公理符合背景知识和常识，没有明显冲突。

综上所述，这个公理是正确的。
</think>

判断结果：正确
解释：根据背景知识，associationOfLocalGovernment属性的范围设置为PopulatedPlace是合理的，因为地方政府通常与有人居住的地方相关联。",1,1,
hard_case_0165,range,range(automobilePlatform) = Album,"背景知识：
条目1：
- 名称：automobilePlatform
- 类型：Property
- 简介：automobile platform

条目2：
- 名称：Album
- 类型：Class
- 简介：album",0,deepseek-ai/DeepSeek-R1-Distill-Qwen-32B,0.0,8192,https://api2.aigcbest.top/v1,"嗯，我现在需要判断这个RDFS公理是否正确。公理是range(automobilePlatform) = Album。首先，我得理解每个部分的意思。

automobilePlatform是一个属性，类型是Property，简介是“automobile platform”。Album是一个类，类型是Class，简介是“album”。所以，这个公理的意思是说，属性automobilePlatform的值域是Album类。

接下来，我得分析这个是否合理。automobilePlatform通常指的是汽车平台，可能涉及汽车的结构、底盘等。而Album通常指的是音乐专辑或者相册。这两者之间有什么关系吗？从常识来看，汽车平台和专辑是完全不同的领域，没有直接的关联。

根据RDFS的语义规则，range约束了属性的值必须属于某个类。如果automobilePlatform的值是Album，那么意味着每次使用automobilePlatform属性时，其值必须是Album类的一个实例。这显然不符合实际情况，因为汽车平台的属性值不太可能指向专辑。

所以，这个公理在语义上是不合理的，因为它将两个无关的概念联系在一起，违反了常识和RDFS的语义规则。
</think>

判断结果：错误
解释：automobilePlatform是一个属性，而Album是一个类，将automobilePlatform的值域设置为Album在语义上是不合理的，因为automobilePlatform通常与汽车相关，而Album与音乐或相册相关，两者没有直接关联。",0,1,
hard_case_0166,range,range(automobilePlatform) = Automobile,"背景知识：
条目1：
- 名称：automobilePlatform
- 类型：Property
- 简介：automobile platform

条目2：
- 名称：Automobile
- 类型：Class
- 简介：automobile",1,deepseek-ai/DeepSeek-R1-Distill-Qwen-32B,0.0,8192,https://api2.aigcbest.top/v1,"嗯，我现在需要判断这个RDFS公理是否正确。公理是range(automobilePlatform) = Automobile。首先，我得理解每个部分的意思。

automobilePlatform是一个属性，类型是Property，简介是“automobile platform”。Automobile是一个类，类型是Class，简介是“automobile”。所以，这个公理的意思是说，属性automobilePlatform的值域是Automobile类。

接下来，我得分析这个公理是否合理。根据RDFS的语义规则，range约束了属性的值必须属于某个类。也就是说，当使用automobilePlatform属性时，它的值必须是Automobile类的实例。

那这个是否符合常识呢？automobile platform通常指的是汽车平台，可能指的是汽车的底盘或者生产平台。那么，这个属性的值应该是汽车本身，也就是Automobile类的实例。比如，一辆车可能属于某个平台，所以平台的值应该是汽车。

所以，这个公理是合理的，因为它正确地约束了automobilePlatform的值必须是Automobile类的实例。没有明显的冲突，所以判断为正确。
</think>

判断结果：正确
解释：属性automobilePlatform的值域被约束为Automobile类，符合常识，因为汽车平台通常与汽车相关联。",1,1,
hard_case_0168,range,range(beatifiedBy) = Person,"背景知识：
条目1：
- 名称：beatifiedBy
- 类型：Property
- 简介：beatified by

条目2：
- 名称：Person
- 类型：Class
- 简介：person",1,deepseek-ai/DeepSeek-R1-Distill-Qwen-32B,0.0,8192,https://api2.aigcbest.top/v1,"嗯，我现在需要判断这个RDFS公理是否正确。公理是range(beatifiedBy) = Person。首先，我得理解每个部分的意思。

beatifiedBy是一个属性，类型是Property，简介是“beatified by”。Person是一个类，类型是Class，简介是“person”。所以，这个公理的意思是说，属性beatifiedBy的客体必须属于Person这个类。

接下来，我得分析这个属性的语义。beatified by通常指的是“被封为圣人的人”，所以这个属性的客体应该是人。比如，某人被封为圣人，那么这个属性的值应该是Person类的一个实例。

根据RDFS的range规则，属性的range定义了该属性的值必须属于某个类。在这里，beatifiedBy的range被设定为Person，这意味着任何使用这个属性的陈述，其值都必须是Person类的实例。这符合常识，因为封圣的行为是由人进行的，所以客体应该是人。

再结合背景知识，Person类确实代表人，而beatifiedBy的属性描述也符合这个设定。因此，这个公理是合理的，没有冲突。
</think>

判断结果：正确
解释：属性beatifiedBy的客体应为Person类的实例，符合常识和语义规则。",1,1,
hard_case_0172,range,range(canonizedBy) = Person,"背景知识：
条目1：
- 名称：canonizedBy
- 类型：Property
- 简介：canonized by

条目2：
- 名称：Person
- 类型：Class
- 简介：person",1,deepseek-ai/DeepSeek-R1-Distill-Qwen-32B,0.0,8192,https://api2.aigcbest.top/v1,"好，我现在需要分析这个RDFS公理是否正确。公理是range(canonizedBy) = Person。首先，我得理解每个部分的意思。

canonizedBy是一个属性，类型是Property，简介是“canonized by”，这可能表示“被...册封”或者“被...认可”的意思。Person是一个类，代表“人”。

接下来，range(canonizedBy) = Person意味着这个属性的客体必须属于Person类。也就是说，当使用canonizedBy属性时，它的值必须是Person类的一个实例。

根据常识，canonizedBy通常用于表示某人被某个权威机构或人物册封。比如，某人被教皇册封为圣人，那么这里的canonizedBy的客体应该是教皇或其他人物，也就是属于Person类。因此，这个公理是合理的，因为它符合属性的语义和常识。

所以，判断结果应该是正确的，解释是这个属性的客体确实应该是Person类的实例。
</think>

判断结果：正确
解释：属性canonizedBy的客体应为Person类的实例，符合常识和语义规则。",1,1,
hard_case_0173,range,range(canonizedPlace) = College,"背景知识：
条目1：
- 名称：canonizedPlace
- 类型：Property
- 简介：canonized place

条目2：
- 名称：College
- 类型：Class
- 简介：college",0,deepseek-ai/DeepSeek-R1-Distill-Qwen-32B,0.0,8192,https://api2.aigcbest.top/v1,"好，我现在需要分析这个RDFS公理是否正确。公理是range(canonizedPlace) = College。首先，我得理解每个部分的意思。

canonizedPlace是一个属性，College是一个类。range的意思是说，这个属性的值必须属于College这个类。也就是说，当使用canonizedPlace属性时，它的值必须是College类的一个实例。

接下来，我需要结合背景知识。canonizedPlace的简介是“canonized place”，这可能指的是某个地方被正式认可或列为圣地。College是“college”，通常指大学或学院，属于教育机构。

现在，我思考一下，canonizedPlace的值是否应该是College类的实例。比如，如果一个地方被正式认可，比如某个大学校园，那么这个属性的值可能是一个具体的地点，而不是College类本身。College类可能代表的是教育机构，而canonizedPlace可能指的是地理位置，比如城市、地区等。

根据RDFS的语义规则，range约束的是属性的值类型。如果canonizedPlace的值应该是地理位置，那么它的range应该是Place类或其他相关的地理类，而不是College。将range设置为College可能不符合常识，因为canonizedPlace更可能指向具体的地点，而不是教育机构。

因此，这个公理可能不合理，因为它将canonizedPlace的值限制在College类，而实际上可能应该是一个更广泛的地理类。
</think>

判断结果：错误
解释：canonizedPlace的范围应为地理位置，而College是教育机构，两者语义不符。",0,1,
hard_case_0174,range,range(canton) = CareerStation,"背景知识：
条目1：
- 名称：canton
- 类型：Property
- 简介：canton

条目2：
- 名称：CareerStation
- 类型：Class
- 简介：this class marks a career step in the life of a person, e.g. a soccer player, holding information on the time span, matches and goals he or she achieved at a certain club",0,deepseek-ai/DeepSeek-R1-Distill-Qwen-32B,0.0,8192,https://api2.aigcbest.top/v1,"好，我现在需要分析这个RDFS公理是否正确。公理是range(canton) = CareerStation。首先，我得理解每个部分的含义。

canton是一个属性，而CareerStation是一个类，表示一个人的职业生涯中的一个步骤，比如足球运动员在某个俱乐部的经历。range(canton) = CareerStation意味着canton属性的值必须属于CareerStation类。

接下来，我需要考虑canton属性的语义。根据背景知识，canton的简介只写了“canton”，没有详细说明。通常，canton可能指的是“省”或“州”，比如在中国，canton指的是广东省。所以，canton属性可能用来表示与省或州相关的信息。

现在，将canton的值限制为CareerStation类是否合理？CareerStation类涉及职业阶段，如时间跨度、比赛和进球等，而canton通常与地理位置相关。这两者之间没有直接的语义联系。因此，将canton的值类型设置为CareerStation是不合理的，因为canton的值应该是地理位置，而不是职业阶段。

根据RDFS的语义规则，range约束应该反映属性值的正确类型。这里，canton的值应该是某个类，比如“Location”或“Province”，而不是CareerStation。因此，这个公理与背景知识和常识不符，是错误的。
</think>

判断结果：错误
解释：canton属性的值应为地理位置，而CareerStation表示职业阶段，两者语义不符。",0,1,
hard_case_0175,range,range(ceremonialCounty) = Department,"背景知识：
条目1：
- 名称：ceremonialCounty
- 类型：Property
- 简介：Ceremonial County

条目2：
- 名称：Department
- 类型：Class
- 简介：department",0,deepseek-ai/DeepSeek-R1-Distill-Qwen-32B,0.0,8192,https://api2.aigcbest.top/v1,"嗯，我现在需要判断这个RDFS公理是否正确。公理是range(ceremonialCounty) = Department。首先，我得理解每个部分的意思。

ceremonialCounty是一个属性，类型是Property，简介是“Ceremonial County”。Department是一个类，类型是Class，简介是“department”。所以，这个公理的意思是说，ceremonialCounty属性的值域是Department类。

接下来，我得分析这个是否合理。根据RDFS的语义规则，range约束了属性的值必须属于某个类。那么，ceremonialCounty的值是否应该是Department类的实例呢？

从常识来看，Ceremonial County通常指的是英国的一种行政区划，属于地方政府的结构。而Department通常指的是政府部门或部门，比如人力资源部、财务部等。这两者在现实中并没有直接的关联，Ceremonial County的值不太可能是一个Department。

另外，背景知识中并没有提到ceremonialCounty和Department之间的关系，所以这个公理可能不符合实际情况。因此，这个公理可能是错误的。
</think>

判断结果：错误
解释：ceremonialCounty是一个属性，其值域应为某个类，但根据常识，Ceremonial County通常指英国的一种行政区划，与Department（部门）无直接关联，因此该公理不合理。",0,1,
hard_case_0177,range,range(chairman) = Place,"背景知识：
条目1：
- 名称：chairman
- 类型：Property
- 简介：chairman

条目2：
- 名称：Place
- 类型：Class
- 简介：place",0,deepseek-ai/DeepSeek-R1-Distill-Qwen-32B,0.0,8192,https://api2.aigcbest.top/v1,"好，我现在需要判断这个RDFS公理是否正确。公理是range(chairman) = Place。首先，我得理解每个部分的意思。

range表示属性的客体应该属于某个类。这里，属性是chairman，类是Place。所以，这个公理的意思是说，chairman属性的值必须是Place类的实例。

接下来，我看看背景知识。chairman是一个属性，而Place是一个类。通常，chairman指的是主席或负责人，比如公司或组织的主席。那么，chairman的值通常是人，而不是地方。比如，chairman的值可能是“张三”，而不是“北京”或“会议室”。

根据常识，主席通常是人，所以chairman的值应该属于Person类，而不是Place类。因此，将range设置为Place是不合理的，因为这与属性的实际使用情况不符。

再结合RDFS的语义规则，range约束了属性的值类型。如果属性的值类型与实际使用不符，就会导致数据不一致或错误。所以，这个公理是错误的。
</think>

判断结果：错误
解释：属性chairman的值通常应为Person类，而非Place类，因此range约束不正确。",0,1,
hard_case_0178,range,range(championInDoubleMale) = Athlete,"背景知识：
条目1：
- 名称：championInDoubleMale
- 类型：Property
- 简介：winner of a competition in the male double session (as in tennis)

条目2：
- 名称：Athlete
- 类型：Class
- 简介：athlete",1,deepseek-ai/DeepSeek-R1-Distill-Qwen-32B,0.0,8192,https://api2.aigcbest.top/v1,"好，我现在需要判断这个RDFS公理是否正确。公理是range(championInDoubleMale) = Athlete。首先，我得理解每个部分的意思。

championInDoubleMale是一个属性，表示在男双比赛中获胜的人。Athlete是一个类，代表运动员。range的意思是属性的客体必须属于某个类。所以这里的意思是，championInDoubleMale属性的值必须是Athlete类的实例。

接下来，我结合背景知识分析。championInDoubleMale的简介是“赢家在男双比赛中”，所以它的值应该是获胜者，也就是运动员。而Athlete类正好代表运动员，所以从语义上看，这个公理是合理的。

再考虑RDFS的语义规则，range约束确保属性的值属于指定的类。这里没有冲突，因为冠军确实是运动员。因此，这个公理是正确的。
</think>

判断结果：正确
解释：championInDoubleMale属性的范围是Athlete类，因为冠军是运动员，符合常识和语义规则。",1,1,
hard_case_0179,range,range(chancellor) = Organisation,"背景知识：
条目1：
- 名称：chancellor
- 类型：Property
- 简介：chancellor

条目2：
- 名称：Organisation
- 类型：Class
- 简介：organisation",0,deepseek-ai/DeepSeek-R1-Distill-Qwen-32B,0.0,8192,https://api2.aigcbest.top/v1,"嗯，我现在需要判断这个RDFS公理是否正确。公理是range(chancellor) = Organisation。首先，我得理解每个部分的意思。

chancellor是一个属性，而Organisation是一个类。range的意思是说，这个属性的客体必须属于某个类。所以，这里的意思是说，chancellor属性的值必须是Organisation类的实例。

接下来，我得看看背景知识。chancellor的简介里只写了“chancellor”，没有更多的信息。Organisation是一个类，代表组织。那chancellor通常指的是职位，比如大学的校长或者政府的总理。通常，chancellor的值应该是人，而不是组织。比如，某人担任chancellor，所以chancellor的值应该是Person类，而不是Organisation。

根据RDFS的语义规则，range约束了属性的值类型。如果这里把chancellor的range设为Organisation，那就意味着chancellor的值必须是组织，这与常识不符，因为chancellor通常是人担任的职位。所以，这个公理是错误的。
</think>

判断结果：错误
解释：chancellor属性的值应为Person类，而非Organisation类，因此range约束不正确。",0,1,
hard_case_0181,range,range(channel) = CareerStation,"背景知识：
条目1：
- 名称：channel
- 类型：Property
- 简介：channel

条目2：
- 名称：CareerStation
- 类型：Class
- 简介：this class marks a career step in the life of a person, e.g. a soccer player, holding information on the time span, matches and goals he or she achieved at a certain club",0,deepseek-ai/DeepSeek-R1-Distill-Qwen-32B,0.0,8192,https://api2.aigcbest.top/v1,"嗯，我现在需要判断这个RDFS公理是否正确。公理是range(channel) = CareerStation。首先，我得理解每个部分的意思。

首先，channel是一个属性，根据背景知识，它被定义为Property，但没有更多的简介，可能是一个通用的属性。CareerStation是一个类，表示一个人的职业生涯中的一个步骤，比如足球运动员在某个俱乐部的经历，包含时间跨度、比赛和进球等信息。

接下来，range(channel) = CareerStation的意思是说，属性channel的客体必须属于CareerStation这个类。也就是说，当使用channel属性时，它的值必须是CareerStation的一个实例。

现在，我需要结合RDFS的语义规则来分析。RDFS中的range约束规定，属性的值必须属于指定的类。所以，如果channel的range是CareerStation，那么所有使用channel属性的陈述中，右边的值都必须是CareerStation的实例。

但是，根据背景知识，channel的简介并没有提到它与职业站位有关。通常，channel可能指的是频道、渠道等，比如在媒体或通信中的概念。而CareerStation明显是关于职业阶段的，两者之间似乎没有直接的关联。

因此，将channel的range设置为CareerStation可能不符合常识，因为channel通常不会指向职业站位。这可能是一个错误的公理，因为它与属性channel的预期用法不符。
</think>

判断结果：错误
解释：属性channel的range被设定为CareerStation，但channel通常不与职业站位相关联，这与常识不符。",0,1,
hard_case_0182,range,range(child) = Award,"背景知识：
条目1：
- 名称：child
- 类型：Property
- 简介：child

条目2：
- 名称：Award
- 类型：Class
- 简介：award",0,deepseek-ai/DeepSeek-R1-Distill-Qwen-32B,0.0,8192,https://api2.aigcbest.top/v1,"好，我现在需要分析这个RDFS公理是否正确。公理是range(child) = Award，也就是属性child的值域是类Award。首先，我得理解每个部分的含义。

child是一个属性，通常用来表示“孩子”或者“子女”的关系。而Award是一个类，代表“奖项”。根据常识，child属性通常连接的是两个个体，比如一个人和另一个人，表示后者是前者的子女。而Award是一个类，可能用来分类奖项，比如奥斯卡奖、诺贝尔奖等。

接下来，根据RDFS的语义规则，range约束了属性的值域。也就是说，child属性的值必须属于Award类。这显然有问题，因为child属性的值应该是另一个类，比如Person，而不是Award。如果range(child)是Award，那么child属性的值必须是Award类的实例，这与child的实际语义不符。

结合背景知识，child属性的值应该是人，而Award是奖项，两者没有直接的关联。因此，这个公理在语义上是不合理的，因为它违反了属性应有的值域约束。
</think>

判断结果：错误
解释：属性child的值域应为个体，而Award是一个类，与child的语义不符。",0,1,
hard_case_0184,range,range(cinematography) = Person,"背景知识：
条目1：
- 名称：cinematography
- 类型：Property
- 简介：cinematography

条目2：
- 名称：Person
- 类型：Class
- 简介：person",1,deepseek-ai/DeepSeek-R1-Distill-Qwen-32B,0.0,8192,https://api2.aigcbest.top/v1,"好，我现在需要分析这个RDFS公理是否正确。公理是range(cinematography) = Person。首先，我得理解每个部分的意思。

cinematography是一个属性，Person是一个类。range表示属性的客体应该属于某个类。所以这个公理的意思是，cinematography属性的值必须是Person类的实例。

接下来，我得结合背景知识。cinematography通常指的是摄影，特别是在电影中的摄影工作。摄影一般是由摄影师完成的，而摄影师是人，所以从常识来看，cinematography的值应该是Person类的实例，比如摄影师的名字。

再考虑RDFS的语义规则，range约束确保属性的值属于指定的类。这里，cinematography的值确实是Person，所以这个公理是合理的。

综上所述，这个公理是正确的。
</think>

判断结果：正确
解释：根据常识，cinematography通常由人执行，因此其范围应为Person类。",1,1,
hard_case_0185,range,range(coach) = Infrastructure,"背景知识：
条目1：
- 名称：coach
- 类型：Property
- 简介：coach

条目2：
- 名称：Infrastructure
- 类型：Class
- 简介：infrastructure",0,deepseek-ai/DeepSeek-R1-Distill-Qwen-32B,0.0,8192,https://api2.aigcbest.top/v1,"嗯，我现在需要判断这个RDFS公理是否正确。公理是range(coach) = Infrastructure。首先，我得理解每个部分的意思。

首先，公理中的coach是一个属性，而Infrastructure是一个类。range的意思是说，这个属性的客体必须属于Infrastructure这个类。也就是说，当使用coach属性时，它的值必须是Infrastructure类的实例。

接下来，我得看看背景知识。Coach的简介里只写了“coach”，没有更多的信息。Infrastructure是一个类，简介是“infrastructure”，通常指的是基础设施，比如道路、桥梁等。那么，coach这个属性通常用来表示教练，比如教练某个人或者某个团队，这可能和Infrastructure没有直接关系。

根据常识，教练通常和人相关，比如教练运动员，而不是基础设施。所以，如果coach的range是Infrastructure，这可能不符合常识，因为教练的对象通常是人，而不是基础设施。

再考虑RDFS的语义规则，range约束了属性的值类型。如果coach的range被设置为Infrastructure，那么所有使用coach属性的地方，其值都必须是Infrastructure类的实例。这显然与教练的常见用法不符，因为教练通常指向人，而不是基础设施。

因此，这个公理可能与背景知识和常识相冲突，所以判断为错误。
</think>

判断结果：错误
解释：根据背景知识，属性coach的范围应与Infrastructure无关，因此该公理不合理。",0,1,
hard_case_0186,range,range(college) = Infrastructure,"背景知识：
条目1：
- 名称：college
- 类型：Property
- 简介：college

条目2：
- 名称：Infrastructure
- 类型：Class
- 简介：infrastructure",0,deepseek-ai/DeepSeek-R1-Distill-Qwen-32B,0.0,8192,https://api2.aigcbest.top/v1,"嗯，我现在需要判断这个RDFS公理是否正确。公理是range(college) = Infrastructure。首先，我得理解每个部分的意思。

公理中的range表示属性的客体应该属于某个类。这里，属性是college，类是Infrastructure。所以，这个公理的意思是说，属性college的客体必须是Infrastructure类的实例。

接下来，我看看背景知识。条目1说college是一个Property，简介里只写了college，没有更多信息。条目2说Infrastructure是一个Class，简介是infrastructure。所以，Infrastructure是一个类，而college是一个属性。

根据RDFS的语义规则，range约束的是属性的值类型。也就是说，当使用属性college时，它的值必须属于Infrastructure类。比如，如果有一个陈述Alice college MIT，那么MIT必须是Infrastructure类的实例。

现在，我需要结合常识来判断是否合理。通常，college是一个属性，可能用来表示某人所在的大学。而Infrastructure通常指的是基础设施，比如道路、桥梁等。大学通常属于教育机构，而不是基础设施。所以，将college的range设置为Infrastructure似乎不太合理。

因此，这个公理可能与常识不符，因为college的值通常是大学，而大学属于教育机构，而不是基础设施。所以，这个公理可能是错误的。
</think>

判断结果：错误
解释：属性college的范围被错误地限制为Infrastructure类，而通常college的值应属于教育机构类，而非基础设施类。",0,1,
hard_case_0187,range,range(commandStructure) = MilitaryUnit,"背景知识：
条目1：
- 名称：commandStructure
- 类型：Property
- 简介：command structure

条目2：
- 名称：MilitaryUnit
- 类型：Class
- 简介：military unit",1,deepseek-ai/DeepSeek-R1-Distill-Qwen-32B,0.0,8192,https://api2.aigcbest.top/v1,"嗯，我现在需要判断这个RDFS公理是否正确。公理是range(commandStructure) = MilitaryUnit。首先，我得理解每个部分的意思。

commandStructure是一个属性，而MilitaryUnit是一个类。RDFS中的range公理表示属性的客体必须属于某个类。所以这里的意思是，commandStructure属性的值必须是MilitaryUnit类的实例。

接下来，我得看看背景知识。commandStructure的简介是“command structure”，这可能指的是指挥结构，通常在军事单位中使用。MilitaryUnit是“military unit”，也就是军事单位。所以，commandStructure的值应该是某个军事单位，这符合常识，因为指挥结构通常属于某个军事单位。

再考虑RDFS的语义规则，range约束确保属性的值属于指定的类。这里commandStructure的值确实是MilitaryUnit，所以符合规则。没有明显的冲突，因此这个公理是正确的。
</think>

判断结果：正确
解释：根据背景知识，commandStructure的范围应为MilitaryUnit，符合RDFS的range规则。",1,1,
hard_case_0188,range,range(commandStructure) = Rocket,"背景知识：
条目1：
- 名称：commandStructure
- 类型：Property
- 简介：command structure

条目2：
- 名称：Rocket
- 类型：Class
- 简介：rocket",0,deepseek-ai/DeepSeek-R1-Distill-Qwen-32B,0.0,8192,https://api2.aigcbest.top/v1,"嗯，我现在需要判断这个RDFS公理是否正确。公理是range(commandStructure) = Rocket。首先，我得理解每个部分的意思。

commandStructure是一个属性，而Rocket是一个类。range的意思是说，这个属性的值必须属于某个类。所以这里的意思是，commandStructure属性的值必须是Rocket类的实例。

接下来，我得看看背景知识。commandStructure的简介是“command structure”，这可能指的是某种结构或组织，比如军队的指挥结构。而Rocket是“rocket”，也就是火箭，属于飞行器的一种。

现在，我需要思考commandStructure的值是否应该是Rocket。通常，commandStructure可能指向的是组织结构或人员结构，而不是火箭。比如，一个组织的指挥结构可能由人或部门组成，而不是火箭。所以，从常识来看，commandStructure的值不太可能是Rocket类的实例。

再考虑RDFS的语义规则，range约束了属性的值类型。如果这里设置为Rocket，那么所有使用commandStructure属性的地方，其值都必须是Rocket类的实例。这显然与commandStructure的预期用途不符，因为它更可能指向组织结构而非火箭。

因此，这个公理可能与背景知识和常识相冲突，判断为错误。
</think>

判断结果：错误
解释：commandStructure是一个属性，而Rocket是一个类。根据RDFS语义规则，range约束属性的值类型，但commandStructure的值通常不是Rocket类的实例，因此该公理不合理。",0,1,
hard_case_0190,range,range(constituencyDistrict) = PopulatedPlace,"背景知识：
条目1：
- 名称：constituencyDistrict
- 类型：Property
- 简介：constituency district

条目2：
- 名称：PopulatedPlace
- 类型：Class
- 简介：As defined by the United States Geological Survey, a populated place is a place or area with clustered or scattered buildings and a permanent human population (city, settlement, town, or village) referenced with geographic coordinates (http...",1,deepseek-ai/DeepSeek-R1-Distill-Qwen-32B,0.0,8192,https://api2.aigcbest.top/v1,"好，我现在需要判断这个RDFS公理是否正确。公理是range(constituencyDistrict) = PopulatedPlace。首先，我得理解每个部分的意思。

constituencyDistrict是一个属性，根据背景知识，它指的是选区。PopulatedPlace是一个类，指的是有人居住的地方，比如城市、城镇或村庄。

接下来，range公理表示属性的客体应该属于某个类。所以这里的意思是，constituencyDistrict属性的值必须是PopulatedPlace类的实例。

根据常识，选区通常是指有人居住的区域，比如城市或城镇。因此，选区的范围应该是有人居住的地方，这与PopulatedPlace的定义相符。所以这个公理是合理的，没有冲突。
</think>

判断结果：正确
解释：constituencyDistrict属性的范围是PopulatedPlace，因为选区通常位于有人居住的地方。",1,1,
hard_case_0191,range,range(councilArea) = PopulatedPlace,"背景知识：
条目1：
- 名称：councilArea
- 类型：Property
- 简介：Council area

条目2：
- 名称：PopulatedPlace
- 类型：Class
- 简介：As defined by the United States Geological Survey, a populated place is a place or area with clustered or scattered buildings and a permanent human population (city, settlement, town, or village) referenced with geographic coordinates (http...",1,deepseek-ai/DeepSeek-R1-Distill-Qwen-32B,0.0,8192,https://api2.aigcbest.top/v1,"好，我现在需要分析这个RDFS公理是否正确。公理是range(councilArea) = PopulatedPlace。首先，我得理解每个部分的含义。

councilArea是一个属性，类型是Property，简介是“Council area”。这可能指的是某个行政区域，比如市议会管辖的区域。PopulatedPlace是一个类，类型是Class，简介来自USGS，指的是有人口聚集的地方，比如城市、定居点、城镇或村庄，有地理坐标。

接下来，分析range的语义。range表示属性的客体必须属于某个类。所以，这里的意思是，councilArea属性的值必须是PopulatedPlace类的实例。

结合背景知识，councilArea通常指的是一个区域，而PopulatedPlace指的是有人口的地方。通常，市议会的区域确实是一个有人口的地方，比如城市或城镇。因此，从语义上看，这个公理是合理的，因为councilArea的值应该是PopulatedPlace的一个实例。

没有明显的冲突，所以这个公理是正确的。
</think>

判断结果：正确
解释：councilArea属性的值应属于PopulatedPlace类，这与背景知识中councilArea作为行政区域和PopulatedPlace作为有人口的地方的定义相符。",1,1,
hard_case_0192,range,range(countryWithFirstSatellite) = Country,"背景知识：
条目1：
- 名称：countryWithFirstSatellite
- 类型：Property
- 简介：country with first satellite

条目2：
- 名称：Country
- 类型：Class
- 简介：country",1,deepseek-ai/DeepSeek-R1-Distill-Qwen-32B,0.0,8192,https://api2.aigcbest.top/v1,"嗯，我现在需要判断这个RDFS公理是否正确。公理是range(countryWithFirstSatellite) = Country。首先，我得理解每个部分的意思。

countryWithFirstSatellite是一个属性，类型是Property，简介是“country with first satellite”。这可能表示一个国家发射了第一个卫星。Country是一个类，类型是Class，简介是“country”，也就是国家。

接下来，RDFS的range公理表示属性的客体应该属于某个类。所以这里的意思是，countryWithFirstSatellite属性的值必须是Country类的实例。

那我得想，这个属性的客体是什么。countryWithFirstSatellite可能用来表示某个国家发射了第一个卫星，比如“X countryWithFirstSatellite Y”，其中Y应该是国家。所以Y应该属于Country类，这符合range的定义。

背景知识中，countryWithFirstSatellite的类型是Property，Country是Class，所以它们的类型是正确的。属性的range指向类，这是符合RDFS规则的。

常识上，发射卫星的国家当然是国家，所以Y必须是Country类的实例。因此，这个公理是合理的，没有冲突。
</think>

判断结果：正确
解释：属性countryWithFirstSatellite的范围被定义为Country类，符合常识，因为发射卫星的国家属于Country类。",1,1,
hard_case_0193,range,range(creatorOfDish) = Person,"背景知识：
条目1：
- 名称：creatorOfDish
- 类型：Property
- 简介：The person that creates (invents) the food (eg. Caesar Cardini is the creator of the Caesar salad).

条目2：
- 名称：Person
- 类型：Class
- 简介：person",1,deepseek-ai/DeepSeek-R1-Distill-Qwen-32B,0.0,8192,https://api2.aigcbest.top/v1,"嗯，我现在需要判断这个RDFS公理是否正确。公理是range(creatorOfDish) = Person。首先，我得理解每个部分的意思。

首先，creatorOfDish是一个属性，根据背景知识，它表示创造食物的人，比如凯撒·卡迪尼创造了凯撒沙拉。所以，这个属性的客体应该是人，也就是Person类。

接下来，range的意思是属性的客体应该属于某个类。这里，range(creatorOfDish) = Person，意味着creatorOfDish属性的值必须是Person类的实例。

结合背景知识，creatorOfDish的客体确实是人，所以这个公理是正确的。没有冲突，符合RDFS的语义规则。
</think>

判断结果：正确
解释：根据背景知识，creatorOfDish属性的客体是创造食物的人，属于Person类，因此range(creatorOfDish) = Person是正确的。",1,1,
hard_case_0194,range,range(crosses) = River,"背景知识：
条目1：
- 名称：crosses
- 类型：Property
- 简介：crosses

条目2：
- 名称：River
- 类型：Class
- 简介：a large natural stream",1,deepseek-ai/DeepSeek-R1-Distill-Qwen-32B,0.0,8192,https://api2.aigcbest.top/v1,"好，我现在需要分析这个RDFS公理是否正确。公理是range(crosses) = River，也就是属性crosses的值域是River类。首先，我得理解每个部分的含义。

crosses是一个属性，根据背景知识，它没有详细的简介，可能是一个动词短语，表示“穿过”或者“跨越”。River是一个类，代表河流，是自然的大溪流。

接下来，RDFS的range规则规定，属性的值域应该是指该属性的值必须属于某个类。所以，如果range(crosses) = River，意味着crosses属性的值必须是River类的实例。

现在，我需要考虑crosses通常用来描述什么。比如，如果有一个句子“桥crosses河流”，那么crosses的值应该是河流，也就是River类。这符合常识，因为桥通常跨越河流。因此，这个公理是合理的，因为它准确地反映了crosses属性的值域。

另外，检查是否有冲突。背景知识中没有提到crosses的其他可能值域，所以没有冲突。因此，这个公理是正确的。
</think>

判断结果：正确
解释：属性crosses的值域被定义为River类，这符合常识，因为crosses通常用于描述跨越河流的情况。",1,1,
hard_case_0197,range,range(dean) = Broadcaster,"背景知识：
条目1：
- 名称：dean
- 类型：Property
- 简介：dean

条目2：
- 名称：Broadcaster
- 类型：Class
- 简介：A broadcaster is an organisation responsible for the production of radio or television programs and/or their transmission. (http://en.wikipedia.org/wiki/Broadcaster - 28/03/2011)",0,deepseek-ai/DeepSeek-R1-Distill-Qwen-32B,0.0,8192,https://api2.aigcbest.top/v1,"嗯，我现在需要判断这个RDFS公理是否正确。公理是range(dean) = Broadcaster。首先，我得理解每个部分的意思。

首先，dean是一个属性，而Broadcaster是一个类，表示广播公司。range公理的意思是说，dean属性的值必须属于Broadcaster类。也就是说，当使用dean属性时，它的客体必须是Broadcaster类的实例。

接下来，我得看看背景知识。dean的简介里没有详细说明，但通常在现实世界中，dean通常指的是大学的院长，比如大学的院长。而Broadcaster是广播公司，两者似乎没有直接的关联。所以，如果dean的值必须是广播公司，这可能不符合常识。

再考虑RDFS的语义规则，range约束属性的值类型。如果dean通常指向的是人，而Broadcaster是组织，那么这个range公理可能不正确，因为它限制了dean只能指向广播公司，而实际上可能不是这样。

所以，综合来看，这个公理可能与背景知识和常识不符，因此判断为错误。
</think>

判断结果：错误
解释：属性dean的值应为广播公司，但根据常识，dean通常指大学院长，与广播公司无关。",0,1,
hard_case_0198,range,range(department) = MilitaryUnit,"背景知识：
条目1：
- 名称：department
- 类型：Property
- 简介：department

条目2：
- 名称：MilitaryUnit
- 类型：Class
- 简介：military unit",0,deepseek-ai/DeepSeek-R1-Distill-Qwen-32B,0.0,8192,https://api2.aigcbest.top/v1,"好，我现在需要分析这个RDFS公理是否正确。公理是range(department) = MilitaryUnit。首先，我得理解每个部分的含义。

部门（department）是一个属性，而MilitaryUnit是一个类。RDFS中的range公理表示属性的客体必须属于某个类。所以，这里的意思是说，当使用department属性时，它的值必须是MilitaryUnit类的一个实例。

接下来，我需要结合背景知识。部门通常指的是组织结构中的一个分支，比如公司里的财务部、人力资源部等。而MilitaryUnit指的是军事单位，比如军队、师、团等。从常识来看，部门和军事单位是两个不同的概念，部门可以属于任何类型的组织，而不仅仅是军事单位。

因此，将department的range限制为MilitaryUnit是不合理的，因为部门的客体可以是任何类型的组织，而不仅仅是军事单位。这与常识和背景知识不符，所以这个公理是错误的。
</think>

判断结果：错误
解释：属性department的范围被错误地限制为只能是MilitaryUnit类，而部门通常可以属于任何类型的组织，不仅仅是军事单位。",0,1,
hard_case_0200,range,range(derivative) = MilitaryUnit,"背景知识：
条目1：
- 名称：derivative
- 类型：Property
- 简介：derivative

条目2：
- 名称：MilitaryUnit
- 类型：Class
- 简介：military unit",0,deepseek-ai/DeepSeek-R1-Distill-Qwen-32B,0.0,8192,https://api2.aigcbest.top/v1,"好，我现在需要分析这个RDFS公理是否正确。公理是range(derivative) = MilitaryUnit。首先，我得理解每个部分的含义。

derivative是一个属性，而MilitaryUnit是一个类。range表示属性的客体必须属于某个类。所以，这个公理的意思是，derivative属性的值必须是MilitaryUnit类的实例。

接下来，我需要结合背景知识。derivative的简介里没有详细说明，但通常derivative在数学中指导数，或者在其他领域可能指派生产品。而MilitaryUnit是军事单位，比如军队、部队等。

根据常识，derivative的值通常是数值或数学对象，而不是军事单位。因此，将derivative的range设为MilitaryUnit似乎不合理，因为它们之间没有直接的语义联系。

再考虑RDFS的语义规则，range约束必须符合属性的预期使用。这里，derivative的预期使用与MilitaryUnit无关，所以这个公理违反了语义规则。

综上所述，这个公理是错误的，因为它不符合背景知识和语义规则。
</think>

判断结果：错误
解释：属性derivative的值应为数值或数学对象，而MilitaryUnit是军事单位，两者无直接关联，违反语义规则。",0,1,
hard_case_0201,range,range(derivative) = MusicGenre,"背景知识：
条目1：
- 名称：derivative
- 类型：Property
- 简介：derivative

条目2：
- 名称：MusicGenre
- 类型：Class
- 简介：music genre",1,deepseek-ai/DeepSeek-R1-Distill-Qwen-32B,0.0,8192,https://api2.aigcbest.top/v1,"好，我现在需要判断给定的RDFS公理是否正确。公理是range(derivative) = MusicGenre。首先，我得理解每个部分的含义。

derivative是一个属性，而MusicGenre是一个类。range公理表示derivative属性的客体必须属于MusicGenre类。也就是说，当使用derivative属性时，它的值必须是某种音乐类型。

接下来，我需要结合背景知识。derivative的简介中没有详细说明，但通常在音乐领域，derivative可能指的是某种派生或相关的音乐类型。比如，一个音乐作品可能有其衍生的音乐类型。

根据RDFS的语义规则，range约束了属性的值类型。这里，derivative的值必须是MusicGenre的一个实例。这在语义上是合理的，因为derivative可能用来描述与音乐类型相关的内容。

常识上，音乐属性通常与音乐类型相关联，所以将derivative的范围设为MusicGenre是合理的。没有明显的冲突，因此公理是正确的。
</think>

判断结果：正确
解释：根据背景知识，derivative是一个属性，而MusicGenre是一个类，range公理表示derivative属性的客体必须属于MusicGenre类，这在语义上是合理的。",1,1,
hard_case_0204,range,range(destination) = Artery,"背景知识：
条目1：
- 名称：destination
- 类型：Property
- 简介：destination

条目2：
- 名称：Artery
- 类型：Class
- 简介：artery",0,deepseek-ai/DeepSeek-R1-Distill-Qwen-32B,0.0,8192,https://api2.aigcbest.top/v1,"嗯，我现在需要判断这个RDFS公理是否正确。公理是range(destination) = Artery。首先，我得理解每个部分的意思。

公理中的range表示属性的客体应该属于某个类。这里，destination是一个属性，Artery是一个类。所以，这个公理的意思是说，属性destination的客体必须是Artery类的实例。

接下来，我看看背景知识。条目1说destination是一个属性，但没有提供更多的信息。条目2说Artery是一个类，简介是artery，可能指的是动脉，比如生物学中的动脉。

现在，我需要结合常识来分析。destination通常指的是“目的地”或“目标”，比如旅行中的目的地。而Artery是动脉，属于生物学或医学领域。这两者之间似乎没有直接的语义联系。动脉是身体的一部分，而目的地是地点或位置，两者在概念上没有交集。

根据RDFS的语义规则，range约束了属性的客体类型。如果destination的客体必须是Artery，那么所有使用destination属性的地方，其值都必须是动脉。这在常识上是不合理的，因为目的地通常不会是动脉。

因此，这个公理与背景知识和常识不符，应该是错误的。
</think>

判断结果：错误
解释：属性destination的客体应属于Artery类，但根据常识，destination通常指目的地，与Artery（动脉）无直接关联。",0,1,
hard_case_0205,range,range(distributor) = Artery,"背景知识：
条目1：
- 名称：distributor
- 类型：Property
- 简介：distributor

条目2：
- 名称：Artery
- 类型：Class
- 简介：artery",0,deepseek-ai/DeepSeek-R1-Distill-Qwen-32B,0.0,8192,https://api2.aigcbest.top/v1,"好，我现在需要分析这个RDFS公理是否正确。公理是range(distributor) = Artery。首先，我得理解每个部分的意思。

distributor是一个属性，而Artery是一个类。range公理表示distributor属性的客体必须属于Artery类。那distributor通常指的是什么？在常识中，distributor通常指分销商或经销商，比如公司或个人。而Artery是动脉，属于生物学中的类。

接下来，我需要检查distributor的属性是否合理地将客体限制在Artery类中。分销商和动脉之间没有直接的语义联系。分销商的客体应该是其他商业实体，比如公司或产品，而不是生物体的动脉。

根据RDFS的语义规则，range约束必须符合属性的预期使用。这里，将distributor的范围限制为Artery显然不符合常识和预期，因此这个公理是错误的。
</think>

判断结果：错误
解释：distributor属性的范围应与属性的语义相关，而Artery是一个生物类，与distributor属性的预期范围不符。",0,1,
hard_case_0206,range,range(district) = Artery,"背景知识：
条目1：
- 名称：district
- 类型：Property
- 简介：district

条目2：
- 名称：Artery
- 类型：Class
- 简介：artery",0,deepseek-ai/DeepSeek-R1-Distill-Qwen-32B,0.0,8192,https://api2.aigcbest.top/v1,"好，我现在需要分析这个RDFS公理是否正确。公理是range(district) = Artery。首先，我得理解每个部分的意思。

district是一个属性，而Artery是一个类。range(district) = Artery意味着district属性的值必须属于Artery类。接下来，我得看看背景知识中是否有相关信息。背景知识中，district被定义为一个属性，但没有说明它的具体用途或范围。Artery被定义为一个类，可能代表动脉或其他相关概念。

根据常识，district通常指地区或区域，而Artery可能指动脉，比如血管中的动脉。这两者之间似乎没有直接的关联。因此，将district的范围限制为Artery类可能不合理，因为district的值通常不会是动脉。

另外，RDFS的range规则要求属性的值必须属于指定的类。如果district的值通常是地区，而Artery是动脉，那么这个公理会导致类型错误，因为地区不属于动脉类。

综上所述，这个公理与常识和背景知识不符，因此是错误的。
</think>

判断结果：错误
解释：根据背景知识，district是一个属性，而Artery是一个类，将district的范围限制为Artery类与常识不符，因此该公理不合理。",0,1,
hard_case_0207,range,range(doctoralStudent) = Person,"背景知识：
条目1：
- 名称：doctoralStudent
- 类型：Property
- 简介：doctoral student

条目2：
- 名称：Person
- 类型：Class
- 简介：person",1,deepseek-ai/DeepSeek-R1-Distill-Qwen-32B,0.0,8192,https://api2.aigcbest.top/v1,"好，我现在需要判断给定的RDFS公理是否正确。公理是range(doctoralStudent) = Person。首先，我得理解这个公理的意思。range表示属性的客体应该属于某个类，所以这里的意思是，属性doctoralStudent的客体必须是Person类的实例。

接下来，我查看背景知识。doctoralStudent是一个属性，类型是Property，简介是“doctoral student”。Person是一个类，类型是Class，简介是“person”。所以，doctoralStudent这个属性通常用来表示某人是博士生，比如“张三是博士生”。

根据RDFS的语义规则，range约束了属性的值类型。这里，属性doctoralStudent的值应该属于Person类。因为博士生当然是一个人，所以这个约束是合理的。也就是说，当使用doctoralStudent属性时，其值必须是Person类的实例，这符合常识和背景知识。

因此，这个公理是正确的，因为它正确地约束了属性的值类型，符合预期的语义关系。
</think>

判断结果：正确
解释：属性doctoralStudent的客体应属于Person类，这符合常识和背景知识。",1,1,
hard_case_0208,range,range(editing) = Artery,"背景知识：
条目1：
- 名称：editing
- 类型：Property
- 简介：editing

条目2：
- 名称：Artery
- 类型：Class
- 简介：artery",0,deepseek-ai/DeepSeek-R1-Distill-Qwen-32B,0.0,8192,https://api2.aigcbest.top/v1,"好，我现在需要分析这个RDFS公理是否正确。公理是range(editing) = Artery。首先，我得理解每个部分的意思。

editing是一个属性，Artery是一个类。range表示属性的客体应该属于某个类。所以这里的意思是，editing属性的值必须是Artery类的实例。

接下来，我得结合背景知识。editing的简介里没有详细说明，但通常editing指的是编辑或修改的动作。Artery是动脉，属于生物学中的类。编辑和动脉之间有什么关系呢？编辑通常涉及文档、内容，而动脉是生物体内的结构，两者似乎没有直接关联。

根据RDFS的语义规则，range约束了属性的值类型。如果editing的值必须是动脉，那么在实际应用中，比如在医疗数据中，可能不会有这样的用例。编辑通常不会指向动脉，这不符合常识。

所以，这个公理可能不合理，因为它强制了一个不相关的类型约束，导致语义上的错误。
</think>

判断结果：错误
解释：属性editing的范围被错误地限制为Artery类，而根据常识，editing通常与编辑或修改相关，与动脉无关。",0,1,
hard_case_0210,range,range(editor) = Rocket,"背景知识：
条目1：
- 名称：editor
- 类型：Property
- 简介：editor

条目2：
- 名称：Rocket
- 类型：Class
- 简介：rocket",0,deepseek-ai/DeepSeek-R1-Distill-Qwen-32B,0.0,8192,https://api2.aigcbest.top/v1,"嗯，我现在需要判断这个RDFS公理是否正确。公理是range(editor) = Rocket。首先，我得理解每个部分的意思。

editor是一个属性，Rocket是一个类。range的意思是说，editor属性的客体必须属于Rocket这个类。也就是说，当使用editor属性时，它的值必须是Rocket类的实例。

接下来，我得看看背景知识。editor的简介里没有提供更多信息，只知道它是一个属性。Rocket是一个类，简介里也没有详细说明。根据常识，editor通常指的是编辑器，比如软件编辑器，而Rocket可能指的是火箭。这两者之间似乎没有直接的关联。

根据RDFS的语义规则，range约束了属性的值类型。如果editor的range是Rocket，那么所有使用editor属性的地方，其值都必须是Rocket类的实例。但现实中，editor的值通常是人或者软件，而不是火箭。所以，这个公理可能不符合常识和背景知识。

因此，这个公理可能是错误的，因为它不符合预期的语义关系。
</think>

判断结果：错误
解释：属性editor的范围被错误地限制为类Rocket，这与editor通常表示编辑器或编辑者的常识不符。",0,1,
hard_case_0211,range,range(location) = College,"背景知识：
条目1：
- 名称：location
- 类型：Property
- 简介：The location of the thing.

条目2：
- 名称：College
- 类型：Class
- 简介：college",0,deepseek-ai/DeepSeek-R1-Distill-Qwen-32B,0.0,8192,https://api2.aigcbest.top/v1,"好，我现在需要分析这个RDFS公理是否正确。公理是range(location) = College。首先，我得理解每个部分的意思。

location是一个属性，表示“事物的位置”。College是一个类，代表“大学”。range公理在这里表示location属性的客体必须属于College类。

接下来，我得考虑常识。通常，位置属性的客体可以是任何地点，比如城市、国家、建筑等，而不仅仅是大学。所以，将location的范围限制为College可能太狭窄了。

再结合RDFS的语义规则，range约束了属性的值类型。如果location的范围被设定为College，那么所有使用location属性的地方都必须指向College类的实例。这在现实中不太合理，因为位置可以指向各种不同的地点，而不仅仅是大学。

因此，这个公理可能与常识和背景知识不符，判断为错误。
</think>

判断结果：错误
解释：属性location的范围被限制为College，这与常识不符，因为location通常可以指向任何地点，而不仅仅是大学。",0,1,
hard_case_0212,range,range(organisation) = Currency,"背景知识：
条目1：
- 名称：organisation
- 类型：Property
- 简介：organisation

条目2：
- 名称：Currency
- 类型：Class
- 简介：currency",0,deepseek-ai/DeepSeek-R1-Distill-Qwen-32B,0.0,8192,https://api2.aigcbest.top/v1,"好，我现在需要分析这个RDFS公理是否正确。公理是range(organisation) = Currency。首先，我得理解每个部分的含义。

organisation是一个属性，而Currency是一个类。range表示属性的客体应该属于某个类。所以，这个公理的意思是说，organisation属性的值必须是Currency类的实例。

接下来，我需要结合背景知识。organisation作为属性，通常用来表示组织或机构，比如公司、政府机构等。而Currency是一个类，代表货币。常识上，组织和货币之间并没有直接的范围关系。组织的属性通常可能涉及名称、地址、员工等，而不是货币。

根据RDFS的语义规则，range约束了属性的值类型。如果organisation的值必须是Currency，那么所有使用organisation属性的地方，其值都必须是货币实例。这显然不符合常识，因为organisation通常不会直接关联到货币。

因此，这个公理与背景知识和常识不符，判断为错误。
</think>

判断结果：错误
解释：organisation是一个属性，而Currency是一个类，根据RDFS语义规则，range约束属性的值类型，但organisation的值通常不是Currency类的实例。",0,1,
hard_case_0213,range,range(previousInfrastructure) = Broadcaster,"背景知识：
条目1：
- 名称：previousInfrastructure
- 类型：Property
- 简介：previous infrastructure

条目2：
- 名称：Broadcaster
- 类型：Class
- 简介：A broadcaster is an organisation responsible for the production of radio or television programs and/or their transmission. (http://en.wikipedia.org/wiki/Broadcaster - 28/03/2011)",0,deepseek-ai/DeepSeek-R1-Distill-Qwen-32B,0.0,8192,https://api2.aigcbest.top/v1,"好，我现在需要分析这个RDFS公理是否正确。公理是range(previousInfrastructure) = Broadcaster。首先，我得理解每个部分的意思。

previousInfrastructure是一个属性，而Broadcaster是一个类，表示广播公司。range公理的意思是说，previousInfrastructure属性的值必须属于Broadcaster类。

接下来，我得看看background knowledge。previousInfrastructure的简介只是“previous infrastructure”，没有具体说明它的范围。而Broadcaster是负责制作和传输广播节目的组织。

根据RDFS的语义规则，range约束了属性的值类型。这里的问题在于，previousInfrastructure通常可能指向基础设施，比如之前的设施或系统，而Broadcaster是组织。这两者之间没有直接的语义联系，所以这个range公理可能不正确。

因此，这个公理可能与常识不符，因为它将基础设施属性的值限制为广播公司，这在现实中不太合理。
</think>

判断结果：错误
解释：previousInfrastructure是一个属性，而Broadcaster是一个类，表示广播公司。根据常识，previousInfrastructure通常指向基础设施，而Broadcaster是组织，两者之间没有直接的语义联系，因此该公理不合理。",0,1,
hard_case_0215,range,range(taoiseach) = Organisation,"背景知识：
条目1：
- 名称：taoiseach
- 类型：Property
- 简介：head of government of Ireland

条目2：
- 名称：Organisation
- 类型：Class
- 简介：organisation",0,deepseek-ai/DeepSeek-R1-Distill-Qwen-32B,0.0,8192,https://api2.aigcbest.top/v1,"好，我现在需要判断这个RDFS公理是否正确。公理是range(taoiseach) = Organisation。首先，我得理解每个部分的意思。

taoiseach是一个属性，表示爱尔兰的政府首脑。Organisation是一个类，代表组织。RDFS中的range公理表示属性的客体必须属于某个类。

接下来，我得分析taoiseach的属性。taoiseach的值通常是指人，比如某位政治家，而不是组织。所以，如果range设为Organisation，意味着taoiseach的值必须是组织，这与实际情况不符。

根据常识，政府首脑是个人，而不是组织。因此，这个公理是错误的，因为它与背景知识和常识相冲突。
</think>

判断结果：错误
解释：taoiseach的范围应为Person，因为它是政府首脑，而Organisation表示组织，与属性语义不符。",0,1,
hard_case_0216,subClassOf,caf_ ⊑ company,"背景知识：
条目1：
- 名称：caf_
- 类型：Class
- 简介：{%%s is a %s, café}
- 补充信息：generalizations: location, company

条目2：
- 名称：company
- 类型：Class
- 简介：{%%s is a %s, company}
- 补充信息：generalizations: organization",1,deepseek-ai/DeepSeek-R1-Distill-Qwen-32B,0.0,8192,https://api2.aigcbest.top/v1,"嗯，我现在需要判断这个RDFS公理是否正确。公理是caf_ ⊑ company，也就是caf_是company的子类。首先，我得理解这两个类的定义和背景知识。

根据背景知识，caf_的类型是Class，简介里说它是一个café，补充信息里提到它的上位类是location和company。而company也是一个Class，简介里说它是一个company，补充信息里提到它的上位类是organization。

RDFS中的subClassOf表示类之间的包含关系，也就是说，如果A ⊑ B，那么A的所有实例都是B的实例。所以，我需要看看caf_是否确实是company的子类。

从背景知识来看，caf_的上位类包括company，这意味着caf_是company的一个具体例子。因此，caf_应该是company的子类，符合subClassOf的定义。所以，这个公理是正确的。
</think>

判断结果：正确
解释：根据背景知识，caf_的上位类包括company，因此caf_是company的子类，符合subClassOf的定义。",1,1,
hard_case_0221,subPropertyOf,bombingvictim ⊑p relatedto,"背景知识：
条目1：
- 名称：bombingvictim
- 类型：Class
- 简介：bombingvictim is a class in the NELL knowledge base.
- 补充信息：generalizations: relatedto | domain: bombingevent | range: person

条目2：
- 名称：relatedto
- 类型：Class
- 简介：{%%s is somehow %s %%s, related to}
- 补充信息：generalizations: slot | domain: everypromotedthing | range: everypromotedthing",1,deepseek-ai/DeepSeek-R1-Distill-Qwen-32B,0.0,8192,https://api2.aigcbest.top/v1,"嗯，我现在需要判断这个RDFS公理是否正确。公理是bombingvictim ⊑p relatedto，也就是bombingvictim是relatedto的子类。首先，我得理解这两个类的定义和它们之间的关系。

根据背景知识，bombingvictim是一个类，属于NELL知识库。它的补充信息显示，generalizations是relatedto，domain是bombingevent，range是person。这可能意味着bombingvictim是relatedto的一个子类，或者它与relatedto有某种关系。另外，relatedto也是一个类，简介显示它是一个槽位，domain和range都是everypromotedthing。

接下来，我需要分析subClassOf的关系。RDFS中，如果A是B的子类，那么A的所有实例都是B的实例。这里，bombingvictim是否是relatedto的子类呢？根据补充信息，bombingvictim的generalizations包括relatedto，这可能意味着bombingvictim是relatedto的一个子类。因此，公理bombingvictim ⊑p relatedto是正确的，因为它符合背景知识中的generalizations信息。
</think>

判断结果：正确
解释：根据背景知识，bombingvictim的generalizations包括relatedto，因此bombingvictim是relatedto的子类。",1,1,
hard_case_0222,subPropertyOf,buildingbelongstoorganization ⊑p locationactedinbyorganization,"背景知识：
条目1：
- 名称：buildingbelongstoorganization
- 类型：Class
- 简介：{%%s %s %%s, is a building belonging to}
- 补充信息：generalizations: locationactedinbyorganization | domain: building | range: organization

条目2：
- 名称：locationactedinbyorganization
- 类型：Class
- 简介：locationactedinbyorganization is a class in the NELL knowledge base.
- 补充信息：generalizations: locationactedinbyagent | domain: location | range: organization",1,deepseek-ai/DeepSeek-R1-Distill-Qwen-32B,0.0,8192,https://api2.aigcbest.top/v1,"嗯，我现在需要判断这个RDFS公理是否正确。公理是buildingbelongstoorganization ⊑p locationactedinbyorganization。首先，我得理解这个符号的意思。这里的“⊑p”应该是指subPropertyOf，也就是属性之间的子属性关系。也就是说，buildingbelongstoorganization这个属性是locationactedinbyorganization的子属性。

接下来，我得看看这两个属性的定义。根据背景知识，buildingbelongstoorganization是一个类，它的补充信息里提到generalizations是locationactedinbyorganization，domain是building，range是organization。而locationactedinbyorganization也是一个类，它的generalizations是locationactedinbyagent，domain是location，range是organization。

那这里的公理是说，buildingbelongstoorganization这个属性是locationactedinbyorganization的子属性。根据RDFS的语义规则，如果一个属性是另一个的子属性，那么前者的所有实例都必须满足后者的约束。也就是说，如果一个实例属于buildingbelongstoorganization，那么它也必须属于locationactedinbyorganization。

现在，我需要分析这两个属性的domain和range。buildingbelongstoorganization的domain是building，而locationactedinbyorganization的domain是location。building是location的一个子类，因为通常来说，建筑属于位置的一种。所以，从domain的角度来看，buildingbelongstoorganization的domain是location的一个子类，这符合subPropertyOf的条件，因为子属性的domain必须是父属性domain的子类或者相同。

再看range，两个属性的range都是organization，所以这里没有问题。因此，从domain和range的角度来看，这个公理是成立的。

另外，补充信息中提到buildingbelongstoorganization的generalizations是locationactedinbyorganization，这直接支持了这个公理的正确性，因为它表明前者是后者的子类或子属性。

综上所述，这个公理是正确的，因为它符合RDFS的语义规则，并且与背景知识中的信息一致。
</think>

判断结果：正确
解释：buildingbelongstoorganization的domain是building，而locationactedinbyorganization的domain是location，building是location的子类，因此buildingbelongstoorganization可以作为locationactedinbyorganization的子属性。",1,1,
hard_case_0224,subPropertyOf,cityhostsattraction ⊑p cityattractions,"背景知识：
条目1：
- 名称：cityhostsattraction
- 类型：Unknown
- 简介：Attraction occurs in the city
- 补充信息：generalizations: cityattractions | domain: city | range: attraction

条目2：
- 名称：cityattractions
- 类型：Unknown
- 简介：The city that an attraction is located in
- 补充信息：generalizations: locationcontainslocation | domain: city | range: attraction",1,deepseek-ai/DeepSeek-R1-Distill-Qwen-32B,0.0,8192,https://api2.aigcbest.top/v1,"嗯，我现在需要判断这个RDFS公理是否正确。公理是cityhostsattraction ⊑p cityattractions，也就是cityhostsattraction是cityattractions的子属性。首先，我得理解这两个属性的定义和背景知识。

根据背景知识，条目1中，cityhostsattraction的类型是Unknown，简介是Attraction occurs in the city，补充信息显示它的domain是city，range是attraction。而条目2中的cityattractions，简介是The city that an attraction is located in，补充信息显示它的domain也是city，range同样是attraction。

接下来，我需要分析这两个属性的语义关系。cityhostsattraction表示一个城市举办或拥有一个景点，而cityattractions则表示一个城市包含的景点。从语义上看，这两个属性描述的是类似的关系，都是从城市到景点的属性。

RDFS中的subPropertyOf公理要求，如果a ⊑p b，那么a的domain和range必须是b的domain和range的子集。这里，cityhostsattraction和cityattractions的domain和range都是相同的，都是city和attraction。因此，它们的domain和range并没有冲突，满足subPropertyOf的条件。

另外，从常识来看，一个城市举办景点和一个城市包含景点，这两者在语义上是相近的，甚至可以认为cityhostsattraction是cityattractions的一个更具体的表达。因此，将cityhostsattraction作为cityattractions的子属性是合理的。

综上所述，这个公理是正确的，因为它符合RDFS的语义规则，并且与背景知识中的定义一致。
</think>

判断结果：正确
解释：cityhostsattraction和cityattractions具有相同的domain和range，符合subPropertyOf的语义规则。",1,1,
hard_case_0226,subPropertyOf,companyalsoknownas ⊑p organizationalsoknownas,"背景知识：
条目1：
- 名称：companyalsoknownas
- 类型：Class
- 简介：{%%s is a company %s %%s, also known as}
- 补充信息：generalizations: organizationalsoknownas | domain: company | range: company

条目2：
- 名称：organizationalsoknownas
- 类型：Class
- 简介：{%%s is an organization %s %%s, also known as}
- 补充信息：generalizations: synonymfor | domain: organization | range: organization",1,deepseek-ai/DeepSeek-R1-Distill-Qwen-32B,0.0,8192,https://api2.aigcbest.top/v1,"好，我现在需要分析这个RDFS公理是否正确。公理是companyalsoknownas ⊑p organizationalsoknownas，也就是companyalsoknownas是organizationalsoknownas的子属性。

首先，我得理解这两个属性的定义。根据背景知识，companyalsoknownas是一个类，属于organizationalsoknownas的子类。它的domain是company，range也是company。而organizationalsoknownas的domain和range都是organization。

接下来，我需要考虑subPropertyOf的语义。subPropertyOf表示一个属性是另一个属性的子属性，意味着所有使用子属性的陈述也适用于父属性。也就是说，如果a companyalsoknownas b，那么也应该有a organizationalsoknownas b。

现在，检查domain和range是否符合。companyalsoknownas的domain是company，而organizationalsoknownas的domain是organization。因为company是organization的子类，所以domain是兼容的。同样，range方面，company也是organization的子类，所以range也兼容。

因此，companyalsoknownas作为organizationalsoknownas的子属性是合理的，没有违反RDFS的规则。
</think>

判断结果：正确
解释：companyalsoknownas是organizationalsoknownas的子属性，符合RDFS的subPropertyOf语义，且domain和range均兼容。",1,1,
hard_case_0228,subPropertyOf,dateof ⊑p dateatwhichexistslocation,"背景知识：
条目1：
- 名称：dateof
- 类型：Unknown
- 简介：assigns dates to things.
- 补充信息：generalizations: relatedto | domain: date | range: everypromotedthing

条目2：
- 名称：dateatwhichexistslocation
- 类型：Unknown
- 简介：Most general location-to-date relation. Note that locations are not eternal.
- 补充信息：generalizations: dateof | domain: date | range: location",0,deepseek-ai/DeepSeek-R1-Distill-Qwen-32B,0.0,8192,https://api2.aigcbest.top/v1,"好，我现在需要判断这个RDFS公理是否正确。公理是dateof ⊑p dateatwhichexistslocation，也就是dateof是dateatwhichexistslocation的子属性。首先，我得理解这两个属性的定义和背景知识。

根据背景知识，dateof的类型是Unknown，简介是给事物分配日期，补充信息显示它的domain是date，range是everypromotedthing。而dateatwhichexistslocation的类型也是Unknown，简介是最一般的地点到日期的关系，补充信息显示它的generalizations是dateof，domain是date，range是location。

接下来，我需要分析subPropertyOf的关系。subPropertyOf表示一个属性是另一个属性的子属性，意味着所有dateof的实例也必须是dateatwhichexistslocation的实例。也就是说，如果一个属性是另一个的子属性，那么它的domain和range必须满足父属性的约束。

dateof的domain是date，range是everypromotedthing。而dateatwhichexistslocation的domain同样是date，但range是location。这里有个问题，因为everypromotedthing是一个更广泛的类别，而location是其中的一个子类。所以，dateof的range比dateatwhichexistslocation的range更广，这可能导致冲突。

根据RDFS规则，如果dateof是dateatwhichexistslocation的子属性，那么dateof的range必须是location的子类。但everypromotedthing并不一定是location的子类，因此这违反了RDFS的语义规则。因此，这个公理是错误的。
</think>

判断结果：错误
解释：dateof的range是everypromotedthing，而dateatwhichexistslocation的range是location，everypromotedthing并不一定是location的子类，因此dateof不能是dateatwhichexistslocation的子属性。",0,1,
hard_case_0229,subPropertyOf,hobbiessuchashobbies ⊑p generalizationof,"背景知识：
条目1：
- 名称：hobbiessuchashobbies
- 类型：Class
- 简介：{%%s %s %%s, is a generalization of}
- 补充信息：generalizations: generalizationof | domain: hobby | range: hobby

条目2：
- 名称：generalizationof
- 类型：Class
- 简介：generalizationof is a class in the NELL knowledge base.
- 补充信息：generalizations: relatedto | domain: everypromotedthing | range: everypromotedthing",1,deepseek-ai/DeepSeek-R1-Distill-Qwen-32B,0.0,8192,https://api2.aigcbest.top/v1,"好，我现在需要分析这个RDFS公理是否正确。公理是hobbiessuchashobbies ⊑p generalizationof，也就是hobbiessuchashobbies是generalizationof的子类。

首先，我得理解这两个类的定义。根据背景知识，hobbiessuchashobbies是一个类，它的简介提到它是一个概括，domain和range都是hobby。而generalizationof也是一个类，简介中说它属于NELL知识库，domain和range都是everypromotedthing。

接下来，我需要看看subClassOf的定义。subClassOf表示一个类是另一个类的子类，也就是说，所有属于子类的实例也属于父类。这里，hobbiessuchashobbies是否是generalizationof的子类呢？

hobbiessuchashobbies的domain和range都是hobby，而generalizationof的domain和range是everypromotedthing。hobby是否是everypromotedthing的子类呢？这可能需要更多的背景知识，但根据常识，hobby可能属于everypromotedthing，因为hobby可以被推广或宣传。

但是，这里的关键在于这两个类的定义。hobbiessuchashobbies是关于hobby的概括，而generalizationof是关于everypromotedthing的概括。如果hobby是everypromotedthing的子类，那么hobbiessuchashobbies作为hobby的概括，可能也是generalizationof的子类。但根据背景知识，hobbiessuchashobbies的domain和range都是hobby，而generalizationof的domain和range是everypromotedthing，这可能意味着hobbiessuchashobbies的范围更窄，属于generalizationof的一个特例。

不过，RDFS中的subClassOf要求所有子类的实例都必须满足父类的约束。如果hobbiessuchashobbies的实例都是hobby，而hobby是everypromotedthing的子类，那么hobbiessuchashobbies的实例也属于everypromotedthing，因此hobbiessuchashobbies应该是generalizationof的子类。这可能意味着公理是正确的。

但是，我需要再仔细检查。hobbiessuchashobbies的简介提到它是hobby的概括，而generalizationof是关于everypromotedthing的概括。如果hobby是everypromotedthing的子类，那么hobbiessuchashobbies作为hobby的概括，自然也是generalizationof的子类。因此，这个公理是正确的。
</think>

判断结果：正确
解释：hobbiessuchashobbies作为hobby的概括，属于generalizationof的子类，符合RDFS的subClassOf规则。",1,1,
hard_case_0231,subPropertyOf,inverseofautomobilemakerchiefexecutiveceo ⊑p ceoof,"背景知识：
条目1：
- 名称：inverseofautomobilemakerchiefexecutiveceo
- 类型：Class
- 简介：inverseofautomobilemakerchiefexecutiveceo is a class in the NELL knowledge base.
- 补充信息：generalizations: ceoof | domain: ceo | range: automobilemaker

条目2：
- 名称：ceoof
- 类型：Class
- 简介：{%%s is the %s %%s, CEO of}
- 补充信息：generalizations: topmemberoforganization | domain: ceo | range: company",1,deepseek-ai/DeepSeek-R1-Distill-Qwen-32B,0.0,8192,https://api2.aigcbest.top/v1,"嗯，我现在需要判断这个RDFS公理是否正确。公理是inverseofautomobilemakerchiefexecutiveceo ⊑p ceoof。首先，我得理解这两个类之间的关系。

根据背景知识，inverseofautomobilemakerchiefexecutiveceo是一个类，它的补充信息显示generalizations是ceoof，domain是ceo，range是automobilemaker。而ceoof也是一个类，它的generalizations是topmemberoforganization，domain是ceo，range是company。

RDFS中的subClassOf公理表示一个类是另一个类的子类。这里，inverseofautomobilemakerchiefexecutiveceo被声明为ceoof的子类。那我得看看这两个类的定义是否符合这种包含关系。

inverseofautomobilemakerchiefexecutiveceo的范围是automobilemaker，而ceoof的范围是company。automobilemaker是company的一个具体类型，所以从范围上看，inverseofautomobilemakerchiefexecutiveceo的实例都是ceoof的实例，因为automobilemaker属于company。因此，这个子类关系是合理的。

另外，它们的domain都是ceo，所以主体都是ceo，这没有冲突。因此，这个公理是正确的。
</think>

判断结果：正确
解释：inverseofautomobilemakerchiefexecutiveceo的范围是automobilemaker，而ceoof的范围是company，automobilemaker是company的子类，因此inverseofautomobilemakerchiefexecutiveceo是ceoof的子类。",1,1,
hard_case_0232,subPropertyOf,inverseofcoachcanspeaklanguage ⊑p relatedto,"背景知识：
条目1：
- 名称：inverseofcoachcanspeaklanguage
- 类型：Unknown
- 简介：Describes the languages that coaches might speak
- 补充信息：generalizations: relatedto | domain: language | range: coach

条目2：
- 名称：relatedto
- 类型：Unknown
- 简介：associated; connected (http://dictionary.reference.com/browse/related)
- 补充信息：generalizations: slot | domain: everypromotedthing | range: everypromotedthing",1,deepseek-ai/DeepSeek-R1-Distill-Qwen-32B,0.0,8192,https://api2.aigcbest.top/v1,"嗯，我现在需要判断这个RDFS公理是否正确。公理是inverseofcoachcanspeaklanguage ⊑p relatedto。首先，我得理解每个部分的意思。

inverseofcoachcanspeaklanguage，根据背景知识，它描述的是教练可以说的语言。它的类型是Unknown，简介里说它描述教练可能说的语言，补充信息里提到它的domain是language，range是coach。也就是说，这个属性的主体是语言，客体是教练，可能表示某种关系，比如教练可以说这种语言。

然后是relatedto，类型也是Unknown，简介说是相关的，补充信息里说它的domain和range都是everypromotedthing，也就是说，这个属性连接的是任何被推广的事物，可能表示事物之间的关联。

现在，公理是说inverseofcoachcanspeaklanguage是relatedto的子属性。根据RDFS的subPropertyOf规则，如果A ⊑p B，那么A的所有实例都必须是B的实例。也就是说，如果一个属性是另一个属性的子属性，那么它的应用范围必须更小或相等。

接下来，我需要分析这两个属性的domain和range。inverseofcoachcanspeaklanguage的domain是language，range是coach。而relatedto的domain和range都是everypromotedthing，这是一个更广泛的类别，可能包括教练、语言以及其他事物。

那么，inverseofcoachcanspeaklanguage的domain是language，而relatedto的domain是everypromotedthing，显然language是everypromotedthing的一个子类，所以domain方面是符合的。同样，range方面，coach也是everypromotedthing的子类，所以range也符合。

因此，inverseofcoachcanspeaklanguage的所有实例都属于relatedto的实例，因为它们的domain和range都是更具体的类别，而relatedto的范围更广。所以，这个公理是正确的。
</think>

判断结果：正确
解释：inverseofcoachcanspeaklanguage的domain是language，range是coach，而relatedto的domain和range都是everypromotedthing，因此inverseofcoachcanspeaklanguage是relatedto的子属性。",1,1,
hard_case_0233,subPropertyOf,inverseofcriminalssuchascriminals ⊑p specializationof,"背景知识：
条目1：
- 名称：inverseofcriminalssuchascriminals
- 类型：Unknown
- 简介：Describes the criminals types that are generalizations of specific criminals
- 补充信息：generalizations: specializationof | domain: criminal | range: criminal

条目2：
- 名称：specializationof
- 类型：Unknown
- 简介：one thing is a more specific kind of another thing
- 补充信息：generalizations: relatedto | domain: everypromotedthing | range: everypromotedthing",1,deepseek-ai/DeepSeek-R1-Distill-Qwen-32B,0.0,8192,https://api2.aigcbest.top/v1,"好，我现在需要分析这个RDFS公理是否正确。公理是inverseofcriminalssuchascriminals ⊑p specializationof。首先，我得理解每个部分的含义。

根据背景知识，inverseofcriminalssuchascriminals是一个属性，类型未知，描述的是犯罪分子的类型，是具体犯罪分子的概括。它的补充信息显示，它有一个generalizations关系，即specializationof，同时domain和range都是criminal。

接下来，specializationof也是一个属性，类型未知，表示一种事物是另一种事物的更具体类型。它的补充信息显示，generalizations是relatedto，domain和range都是everypromotedthing。

现在，公理中的subPropertyOf关系意味着inverseofcriminalssuchascriminals是specializationof的子属性。也就是说，任何使用inverseofcriminalssuchascriminals的地方，都可以用specializationof来代替。

接下来，我需要检查domain和range是否符合。inverseofcriminalssuchascriminals的domain和range都是criminal，而specializationof的domain和range是everypromotedthing。这里，criminal是否是everypromotedthing的子类呢？背景知识中没有明确说明，但通常criminal可以被视为一种被推广的事物，所以可能属于everypromotedthing。

此外，检查subPropertyOf的语义规则，如果A是B的子属性，那么A的domain和range必须是B的domain和range的子集。这里，inverseofcriminalssuchascriminals的domain和range是criminal，而specializationof的domain和range是everypromotedthing。如果criminal是everypromotedthing的子类，那么这个条件满足。

因此，这个公理是合理的，没有明显冲突。
</think>

判断结果：正确
解释：inverseofcriminalssuchascriminals的domain和range都是criminal，而specializationof的domain和range是everypromotedthing，且criminal是everypromotedthing的子类，因此该公理符合RDFS语义规则。",1,1,
hard_case_0234,subPropertyOf,inverseofmammalsuchasmammal ⊑p specializationof,"背景知识：
条目1：
- 名称：inverseofmammalsuchasmammal
- 类型：Class
- 简介：inverseofmammalsuchasmammal is a class in the NELL knowledge base.
- 补充信息：generalizations: specializationof | domain: mammal | range: mammal

条目2：
- 名称：specializationof
- 类型：Class
- 简介：{%%s is a %s %%s, kind of}
- 补充信息：generalizations: relatedto | domain: everypromotedthing | range: everypromotedthing",1,deepseek-ai/DeepSeek-R1-Distill-Qwen-32B,0.0,8192,https://api2.aigcbest.top/v1,"好，我现在需要分析这个RDFS公理是否正确。公理是inverseofmammalsuchasmammal ⊑p specializationof。首先，我得理解这两个类之间的关系。

根据背景知识，inverseofmammalsuchasmammal是一个类，它的补充信息显示它属于specializationof的子类。这可能意味着它在某种上下文中是specializationof的一个特例。而specializationof也是一个类，它的简介看起来像是一个模板，可能表示某种特定的关系。

接下来，我需要考虑RDFS的语义规则。subClassOf表示类之间的包含关系，即如果A是B的子类，那么A的所有实例都是B的实例。这里，inverseofmammalsuchasmammal被声明为specializationof的子类，所以它应该满足specializationof的所有约束。

查看补充信息，inverseofmammalsuchasmammal的domain和range都是mammal，而specializationof的domain和range是everypromotedthing。这可能意味着inverseofmammalsuchasmammal的实例都是mammal，而specializationof的实例是everypromotedthing。如果mammal是everypromotedthing的一个子类，那么这个公理可能是合理的。否则，可能会有类型不匹配的问题。

另外，specializationof的generalizations是relatedto，而inverseofmammalsuchasmammal的generalizations是specializationof。这表明inverseofmammalsuchasmammal在类层次结构中位于specializationof之下，这符合subClassOf的关系。

综合来看，虽然存在一些可能的类型约束问题，但根据背景知识，inverseofmammalsuchasmammal确实被定义为specializationof的子类，因此这个公理是正确的。
</think>

判断结果：正确
解释：根据背景知识，inverseofmammalsuchasmammal被定义为specializationof的子类，符合RDFS的subClassOf语义规则。",1,1,
hard_case_0235,subPropertyOf,inverseofpersongraduatedfromuniversity ⊑p schoolgraduatedperson,"背景知识：
条目1：
- 名称：inverseofpersongraduatedfromuniversity
- 类型：Class
- 简介：inverseofpersongraduatedfromuniversity is a class in the NELL knowledge base.
- 补充信息：generalizations: schoolgraduatedperson | domain: university | range: person

条目2：
- 名称：schoolgraduatedperson
- 类型：Class
- 简介：schoolgraduatedperson is a class in the NELL knowledge base.
- 补充信息：generalizations: schoolattendedbyperson | domain: school | range: person",1,deepseek-ai/DeepSeek-R1-Distill-Qwen-32B,0.0,8192,https://api2.aigcbest.top/v1,"嗯，我现在需要判断这个RDFS公理是否正确。公理是inverseofpersongraduatedfromuniversity ⊑p schoolgraduatedperson。首先，我得理解这两个类的含义。

根据背景知识，inverseofpersongraduatedfromuniversity是一个类，它的补充信息显示generalizations是schoolgraduatedperson，domain是university，range是person。也就是说，这个类表示的是从university到person的逆关系，可能是指“被某人从大学毕业”。

而schoolgraduatedperson也是一个类，它的generalizations是schoolattendedbyperson，domain是school，range是person。这可能表示“从学校毕业的人”。

现在，公理说inverseofpersongraduatedfromuniversity是schoolgraduatedperson的子类。也就是说，所有属于inverseofpersongraduatedfromuniversity的实例都属于schoolgraduatedperson。

根据RDFS的subClassOf规则，如果A是B的子类，那么A的所有实例都是B的实例。这里，inverseofpersongraduatedfromuniversity的domain是university，而schoolgraduatedperson的domain是school。因为university是school的一种，所以从university毕业的人自然也是从school毕业的人。因此，这个公理是合理的，没有冲突。
</think>

判断结果：正确
解释：inverseofpersongraduatedfromuniversity是schoolgraduatedperson的子类，因为前者是后者的一个特例，且其domain university是school的子类。",1,1,
hard_case_0236,subPropertyOf,inverseofplantgrowinginplant ⊑p relatedto,"背景知识：
条目1：
- 名称：inverseofplantgrowinginplant
- 类型：Class
- 简介：inverseofplantgrowinginplant is a class in the NELL knowledge base.
- 补充信息：generalizations: relatedto | domain: plant | range: plant

条目2：
- 名称：relatedto
- 类型：Class
- 简介：{%%s is somehow %s %%s, related to}
- 补充信息：generalizations: slot | domain: everypromotedthing | range: everypromotedthing",1,deepseek-ai/DeepSeek-R1-Distill-Qwen-32B,0.0,8192,https://api2.aigcbest.top/v1,"好，我现在需要分析这个RDFS公理是否正确。公理是inverseofplantgrowinginplant ⊑p relatedto，也就是inverseofplantgrowinginplant是relatedto的子类。

首先，我得理解这两个类的定义。根据背景知识，inverseofplantgrowinginplant是一个类，属于NELL知识库，它的补充信息显示generalizations是relatedto，domain是plant，range也是plant。这可能意味着它描述的是植物之间的一种逆向生长关系，比如植物A生长在植物B中，那么B就是A的inverseofplantgrowinginplant。

然后是relatedto类，它属于slot，domain和range都是everypromotedthing。这可能表示relatedto是一个更广泛的类，用于描述任何事物之间的某种相关性。

接下来，我需要应用RDFS的语义规则。subClassOf表示子类关系，即inverseofplantgrowinginplant的所有实例都属于relatedto。根据背景知识，inverseofplantgrowinginplant的generalizations是relatedto，这可能意味着它确实属于relatedto的一个子类。

但是，我还需要考虑domain和range的约束。inverseofplantgrowinginplant的domain和range都是plant，而relatedto的domain和range是everypromotedthing，这是一个更广泛的类别。因此，inverseofplantgrowinginplant的实例在domain和range上都比relatedto更具体，这可能意味着它们确实属于relatedto的子类，因为它们满足更严格的条件。

不过，我有点困惑，因为有时候更具体的类可能不会直接成为更广泛类的子类，除非它们在所有方面都满足。但在这个情况下，inverseofplantgrowinginplant的generalizations明确指向relatedto，这可能意味着它确实是relatedto的子类。

综上所述，这个公理是正确的，因为它符合背景知识中的generalizations，并且在语义上也合理。
</think>

判断结果：正确
解释：inverseofplantgrowinginplant的generalizations包括relatedto，符合RDFS的subClassOf语义规则。",1,1,
hard_case_0237,subPropertyOf,inverseofprofessionactsatthesameareaofpoliticissue ⊑p relatedto,"背景知识：
条目1：
- 名称：inverseofprofessionactsatthesameareaofpoliticissue
- 类型：Class
- 简介：inverseofprofessionactsatthesameareaofpoliticissue is a class in the NELL knowledge base.
- 补充信息：generalizations: relatedto | domain: profession | range: politicsissue

条目2：
- 名称：relatedto
- 类型：Class
- 简介：{%%s is somehow %s %%s, related to}
- 补充信息：generalizations: slot | domain: everypromotedthing | range: everypromotedthing",1,deepseek-ai/DeepSeek-R1-Distill-Qwen-32B,0.0,8192,https://api2.aigcbest.top/v1,"好，我现在需要分析这个RDFS公理是否正确。公理是inverseofprofessionactsatthesameareaofpoliticissue ⊑p relatedto。首先，我得理解每个部分的含义。

inverseofprofessionactsatthesameareaofpoliticissue是一个类，属于NELL知识库。它的补充信息显示，它有一个generalization是relatedto，domain是profession，range是politicsissue。这意味着这个类的实例通常与profession相关，并且涉及politicsissue。

接下来，relatedto也是一个类，简介显示它表示某种关系，属于slot的子类，domain和range都是everypromotedthing。这说明relatedto是一个更广泛的类，用于描述各种事物之间的关系。

现在，公理中的subClassOf关系意味着inverseofprofessionactsatthesameareaofpoliticissue是relatedto的子类。根据RDFS规则，如果A是B的子类，那么A的所有实例也属于B。这里，inverseof...的实例是否属于relatedto呢？

根据背景知识，inverseof...的generalization是relatedto，这表明它确实是relatedto的一个子类。因此，这个公理是正确的，因为它符合RDFS的子类关系规则。
</think>

判断结果：正确
解释：inverseofprofessionactsatthesameareaofpoliticissue是relatedto的子类，符合RDFS的subClassOf语义规则。",1,1,
hard_case_0238,subPropertyOf,invertebratehascolor ⊑p relatedto,"背景知识：
条目1：
- 名称：invertebratehascolor
- 类型：Class
- 简介：{%%s %s %%s, is related to}
- 补充信息：generalizations: relatedto | domain: invertebrate | range: color

条目2：
- 名称：relatedto
- 类型：Class
- 简介：{%%s is somehow %s %%s, related to}
- 补充信息：generalizations: slot | domain: everypromotedthing | range: everypromotedthing",1,deepseek-ai/DeepSeek-R1-Distill-Qwen-32B,0.0,8192,https://api2.aigcbest.top/v1,"嗯，我现在需要判断这个RDFS公理是否正确。公理是invertebratehascolor ⊑p relatedto，也就是invertebratehascolor是relatedto的子属性。首先，我得理解这两个属性的定义和背景知识。

根据背景知识，invertebratehascolor的类型是Class，补充信息显示它的domain是invertebrate，range是color。而relatedto的类型也是Class，domain和range都是everypromotedthing。补充信息还提到relatedto的generalizations是slot，而invertebratehascolor的generalizations是relatedto。

RDFS的subPropertyOf公理意味着如果a ⊑p b，那么a的属性必须满足b的所有约束。也就是说，invertebratehascolor的domain和range必须是relatedto的domain和range的子集或等于。

invertebratehascolor的domain是invertebrate，而relatedto的domain是everypromotedthing。invertebrate应该属于everypromotedthing，因为invertebrate是具体的生物类别，而everypromotedthing可能是一个更广泛的类别。同样，range方面，invertebratehascolor的range是color，而relatedto的range是everypromotedthing。color作为属性，可能属于everypromotedthing，所以这里没有冲突。

另外，invertebratehascolor的generalizations是relatedto，这说明它确实是relatedto的一个子属性。因此，这个公理符合RDFS的语义规则，没有冲突。
</think>

判断结果：正确
解释：invertebratehascolor的domain和range分别是invertebrate和color，而relatedto的domain和range都是everypromotedthing，因此invertebratehascolor的属性约束满足relatedto的约束，符合RDFS的subPropertyOf规则。",1,1,
hard_case_0239,subPropertyOf,istallerthan ⊑p relatedto,"背景知识：
条目1：
- 名称：istallerthan
- 类型：Class
- 简介：{%%s is %s %%s, taller than}
- 补充信息：generalizations: relatedto | domain: everypromotedthing | range: everypromotedthing

条目2：
- 名称：relatedto
- 类型：Class
- 简介：{%%s is somehow %s %%s, related to}
- 补充信息：generalizations: slot | domain: everypromotedthing | range: everypromotedthing",1,deepseek-ai/DeepSeek-R1-Distill-Qwen-32B,0.0,8192,https://api2.aigcbest.top/v1,"嗯，我现在需要判断这个RDFS公理是否正确。公理是istallerthan ⊑p relatedto，也就是istallerthan是relatedto的子属性。首先，我得理解这两个属性的定义和背景知识。

根据背景知识，istallerthan是一个类，简介是“%%s is %s %%s, taller than”，补充信息显示它的domain和range都是everypromotedthing，generalizations是relatedto。而relatedto也是一个类，简介是“%%s is somehow %s %%s, related to”，它的generalizations是slot，同样domain和range都是everypromotedthing。

RDFS中的subPropertyOf公理意味着istallerthan的所有实例都必须是relatedto的实例。也就是说，如果A istallerthan B，那么A必须relatedto B。这在语义上是否合理呢？

从背景知识来看，istallerthan是relatedto的子类，这可能意味着taller than是一种更具体的related to关系。常识上，如果A比B高，那么A和B之间确实有某种关系，所以这个推论是合理的。因此，这个公理是正确的。
</think>

判断结果：正确
解释：istallerthan是relatedto的子属性，符合RDFS的subPropertyOf规则，且在语义上合理。",1,1,
hard_case_0240,subPropertyOf,languageschoolincity ⊑p relatedto,"背景知识：
条目1：
- 名称：languageschoolincity
- 类型：Class
- 简介：{%%s is a language %s the city %%s, taught in language schools in}
- 补充信息：generalizations: relatedto | domain: language | range: city

条目2：
- 名称：relatedto
- 类型：Class
- 简介：{%%s is somehow %s %%s, related to}
- 补充信息：generalizations: slot | domain: everypromotedthing | range: everypromotedthing",1,deepseek-ai/DeepSeek-R1-Distill-Qwen-32B,0.0,8192,https://api2.aigcbest.top/v1,"好，我现在需要分析这个RDFS公理是否正确。公理是“languageschoolincity ⊑p relatedto”，也就是languageschoolincity这个类是否是relatedto的子类。

首先，我得理解这两个类的定义。根据背景知识，languageschoolincity是一个类，描述的是在城市中教授语言的学校。它的补充信息提到generalizations是relatedto，domain是language，range是city。这可能意味着languageschoolincity与relatedto有某种关系，但具体是什么关系呢？

然后看relatedto这个类，它的简介是“%s is somehow %s, related to”，说明它是一个比较泛的类，用于表示事物之间的某种关联。它的补充信息显示generalizations是slot，domain和range都是everypromotedthing，这可能意味着relatedto是一个更广泛的类，用于连接各种事物。

接下来，根据RDFS的subClassOf规则，如果A是B的子类，那么A的所有实例也属于B。这里，languageschoolincity是否是relatedto的子类呢？从背景知识来看，languageschoolincity的generalizations是relatedto，这可能意味着它属于relatedto的一个子类。因此，从语义上看，这个公理是合理的。

另外，检查是否有冲突。languageschoolincity的domain是language，range是city，而relatedto的domain和range都是everypromotedthing，这并没有冲突，因为everypromotedthing是一个更广泛的类，包含language和city。

综上所述，这个公理是正确的，因为它符合背景知识中的generalizations，并且没有违反RDFS的语义规则。
</think>

判断结果：正确
解释：根据背景知识，languageschoolincity的generalizations包括relatedto，因此该公理符合RDFS的subClassOf语义规则。",1,1,
hard_case_0241,subPropertyOf,locationofevent ⊑p locatedat,"背景知识：
条目1：
- 名称：locationofevent
- 类型：Unknown
- 简介：the location that an event is happened at
- 补充信息：generalizations: locatedat | domain: location | range: event

条目2：
- 名称：locatedat
- 类型：Unknown
- 简介：assigns locations to things.
- 补充信息：generalizations: relatedto | domain: location | range: everypromotedthing",1,deepseek-ai/DeepSeek-R1-Distill-Qwen-32B,0.0,8192,https://api2.aigcbest.top/v1,"嗯，我现在需要判断这个RDFS公理是否正确。公理是locationofevent ⊑p locatedat，也就是locationofevent是locatedat的子属性。首先，我得理解这两个属性的定义和背景知识。

根据背景知识，locationofevent的简介是“the location that an event is happened at”，补充信息显示它的domain是location，range是event。而locatedat的简介是“assigns locations to things”，补充信息显示它的domain是location，range是everypromotedthing。

接下来，我需要分析这两个属性的语义关系。locationofevent的范围是event，而locatedat的范围是everypromotedthing。event应该属于everypromotedthing，因为event通常是一个具体的实体，属于更广泛的类别。所以，从范围上看，locationofevent的范围是locatedat范围的一个子集，这符合subPropertyOf的条件。

另外，两个属性的domain都是location，所以它们的主体都是location，这没有冲突。因此，locationofevent作为locatedat的子属性是合理的，因为它更具体，范围更窄，而父属性locatedat更广泛，适用于所有被推广的事物。

综上所述，这个公理是正确的，因为它符合RDFS的语义规则，且与背景知识一致。
</think>

判断结果：正确
解释：locationofevent的范围是event，而locatedat的范围是everypromotedthing，event是everypromotedthing的子类，因此locationofevent是locatedat的子属性。",1,1,
hard_case_0242,subPropertyOf,mlauthorofsoftware ⊑p agentcreated,"背景知识：
条目1：
- 名称：mlauthorofsoftware
- 类型：Class
- 简介：{%%s is a machine-learning author who %s the software %%s, wrote}
- 补充信息：generalizations: agentcreated, agentinvolvedwithitem | domain: mlauthor | range: mlsoftware

条目2：
- 名称：agentcreated
- 类型：Class
- 简介：{%%s %s %%s, created}
- 补充信息：generalizations: relatedto | domain: agent | range: everypromotedthing",1,deepseek-ai/DeepSeek-R1-Distill-Qwen-32B,0.0,8192,https://api2.aigcbest.top/v1,"嗯，我现在需要判断这个RDFS公理是否正确。公理是mlauthorofsoftware ⊑p agentcreated，也就是mlauthorofsoftware是agentcreated的子属性。首先，我得理解这两个属性的定义和背景知识。

根据背景知识，mlauthorofsoftware是一个类，描述的是机器学习作者创建软件的情况。它的补充信息显示，它的父类是agentcreated和agentinvolvedwithitem，同时它的domain是mlauthor，range是mlsoftware。而agentcreated也是一个类，描述的是agent创建某物的情况，父类是relatedto，domain是agent，range是everypromotedthing。

现在，公理mlauthorofsoftware ⊑p agentcreated意味着mlauthorofsoftware是agentcreated的子属性。根据RDFS的subPropertyOf规则，如果一个属性是另一个的子属性，那么前者的所有实例都必须满足后者的约束。

接下来，我需要检查mlauthorofsoftware的domain和range是否符合agentcreated的约束。mlauthorofsoftware的domain是mlauthor，而agentcreated的domain是agent。因为mlauthor应该是agent的一个子类，所以domain是兼容的。同样，mlauthorofsoftware的range是mlsoftware，而agentcreated的range是everypromotedthing，mlsoftware应该是everypromotedthing的子类，所以range也是兼容的。

因此，mlauthorofsoftware作为agentcreated的子属性是合理的，因为它满足所有必要的约束条件。
</think>

判断结果：正确
解释：mlauthorofsoftware的domain和range分别与agentcreated的domain和range兼容，符合RDFS的subPropertyOf规则。",1,1,
hard_case_0243,subPropertyOf,mlsoftwareauthor ⊑p createdbyagent,"背景知识：
条目1：
- 名称：mlsoftwareauthor
- 类型：Class
- 简介：mlsoftwareauthor is a class in the NELL knowledge base.
- 补充信息：generalizations: iteminvolvedwithagent, createdbyagent | domain: mlsoftware | range: mlauthor

条目2：
- 名称：createdbyagent
- 类型：Class
- 简介：createdbyagent is a class in the NELL knowledge base.
- 补充信息：generalizations: relatedto | domain: everypromotedthing | range: agent",1,deepseek-ai/DeepSeek-R1-Distill-Qwen-32B,0.0,8192,https://api2.aigcbest.top/v1,"嗯，我现在需要判断这个RDFS公理是否正确。公理是mlsoftwareauthor ⊑p createdbyagent，也就是mlsoftwareauthor是createdbyagent的子类。首先，我得理解这两个类的定义和它们之间的关系。

根据背景知识，mlsoftwareauthor是一个类，属于NELL知识库。它的补充信息显示，它的上位类是iteminvolvedwithagent和createdbyagent。这说明mlsoftwareauthor是createdbyagent的一个子类，因为它直接继承自它。同时，mlsoftwareauthor的domain是mlsoftware，range是mlauthor，这可能表示它描述的是mlsoftware的作者。

然后看createdbyagent，它也是一个类，上位类是relatedto，domain是everypromotedthing，range是agent。这可能意味着createdbyagent描述的是由agent创建的任何事物。

现在，RDFS的subClassOf公理意味着mlsoftwareauthor的所有实例都是createdbyagent的实例。根据背景知识，mlsoftwareauthor确实被定义为createdbyagent的子类，所以这个公理是正确的。此外，从语义上看，mlsoftwareauthor作为mlsoftware的作者，属于由agent创建的事物，这也符合常识。

所以，综合背景知识和RDFS规则，这个公理是正确的。
</think>

判断结果：正确
解释：mlsoftwareauthor被定义为createdbyagent的子类，符合RDFS的subClassOf公理，因此该公理是正确的。",1,1,
hard_case_0244,subPropertyOf,museumincity ⊑p attractionofcity,"背景知识：
条目1：
- 名称：museumincity
- 类型：Class
- 简介：{%%s is a museum %s %%s, in the city}
- 补充信息：generalizations: attractionofcity, buildinglocatedincity | domain: museum | range: city

条目2：
- 名称：attractionofcity
- 类型：Class
- 简介：{%%s is a tourist attraction %s %%s, in the city}
- 补充信息：generalizations: locationlocatedwithinlocation | domain: attraction | range: city",1,deepseek-ai/DeepSeek-R1-Distill-Qwen-32B,0.0,8192,https://api2.aigcbest.top/v1,"嗯，我现在需要判断这个RDFS公理是否正确。公理是museumincity ⊑p attractionofcity，也就是museumincity是attractionofcity的子类。首先，我得理解这两个类的定义和背景知识。

根据背景知识，museumincity是一个类，描述的是位于城市中的博物馆。它的补充信息提到generalizations是attractionofcity和buildinglocatedincity，domain是museum，range是city。这说明museumincity是attractionofcity的一个子类，同时也是buildinglocatedincity的子类。

然后看attractionofcity，它也是一个类，描述的是城市中的旅游景点。它的generalizations是locationlocatedwithinlocation，domain是attraction，range是city。这表明attractionofcity是locationlocatedwithinlocation的子类，而它的实例是attraction类型的，范围是city。

现在，公理说museumincity是attractionofcity的子类。根据背景知识，museumincity的generalizations确实包括attractionofcity，这意味着museumincity的所有实例都是attractionofcity的实例。因此，这个公理是正确的，因为它符合背景知识中的子类关系。

另外，从RDFS的语义规则来看，subClassOf表示类之间的包含关系，即所有属于子类的实例都属于父类。这里museumincity的所有实例都是博物馆，而博物馆作为旅游景点，自然属于attractionofcity。所以，这个公理在语义上也是合理的。

综上所述，这个公理是正确的，因为它符合背景知识中的子类关系，并且符合RDFS的语义规则。
</think>

判断结果：正确
解释：根据背景知识，museumincity的generalizations包括attractionofcity，因此museumincity是attractionofcity的子类。",1,1,
hard_case_0246,subPropertyOf,relatedto ⊑p magnitudeofearthquaque,"背景知识：
条目1：
- 名称：relatedto
- 类型：Unknown
- 简介：associated; connected (http://dictionary.reference.com/browse/related)
- 补充信息：generalizations: slot | domain: everypromotedthing | range: everypromotedthing

条目2：
- 名称：magnitudeofearthquaque
- 类型：Unknown
- 简介：{%%s is the %s the event %%s, magnitude of}
- 补充信息：generalizations: relatedto | domain: everypromotedthing | range: earthquakeevent",0,deepseek-ai/DeepSeek-R1-Distill-Qwen-32B,0.0,8192,https://api2.aigcbest.top/v1,"嗯，我现在需要判断这个RDFS公理是否正确。公理是relatedto ⊑p magnitudeofearthquaque，也就是relatedto是magnitudeofearthquaque的子属性。首先，我得理解这两个属性的定义和背景知识。

根据背景知识，relatedto的类型是Unknown，简介是associated; connected，补充信息显示它的domain和range都是everypromotedthing。而magnitudeofearthquaque的简介是关于地震事件的，补充信息显示它的generalizations是relatedto，domain是everypromotedthing，range是earthquakeevent。

RDFS的subPropertyOf公理意味着如果a ⊑p b，那么a的属性范围和域必须是b的子集。也就是说，magnitudeofearthquaque的domain和range必须是relatedto的子集。这里，magnitudeofearthquaque的domain是everypromotedthing，而relatedto的domain也是everypromotedthing，所以domain是符合的。但是，magnitudeofearthquaque的range是earthquakeevent，而relatedto的range是everypromotedthing。earthquakeevent应该是everypromotedthing的一个子类，所以range也是符合的。

不过，magnitudeofearthquaque的generalizations是relatedto，这意味着magnitudeofearthquaque是relatedto的一个特例，所以relatedto应该是更广泛的属性，而magnitudeofearthquaque是更具体的。因此，relatedto应该是magnitudeofearthquaque的超属性，而不是子属性。所以，公理应该是magnitudeofearthquaque ⊑p relatedto，而不是反过来。因此，这个公理是错误的。
</think>

判断结果：错误
解释：relatedto是magnitudeofearthquaque的超属性，而不是子属性，因此该公理与背景知识冲突。",0,1,
hard_case_0248,subPropertyOf,sportusesstadium ⊑p relatedto,"背景知识：
条目1：
- 名称：sportusesstadium
- 类型：Class
- 简介：{%%s is a sport %s the venue %%s, played in}
- 补充信息：generalizations: relatedto | domain: sport | range: stadiumoreventvenue

条目2：
- 名称：relatedto
- 类型：Class
- 简介：{%%s is somehow %s %%s, related to}
- 补充信息：generalizations: slot | domain: everypromotedthing | range: everypromotedthing",1,deepseek-ai/DeepSeek-R1-Distill-Qwen-32B,0.0,8192,https://api2.aigcbest.top/v1,"嗯，我现在需要判断这个RDFS公理是否正确。公理是sportusesstadium ⊑p relatedto，也就是sportusesstadium是否是relatedto的子属性。首先，我得理解这两个属性的定义和背景知识。

根据背景知识，sportusesstadium是一个类，它的简介是“%s is a sport %s the venue %s, played in”，补充信息显示它的domain是sport，range是stadiumoreventvenue。而relatedto也是一个类，简介是“%s is somehow %s %s, related to”，补充信息显示它的domain和range都是everypromotedthing。

RDFS中的subPropertyOf公理意味着如果sportusesstadium是relatedto的子属性，那么每当sportusesstadium(a,b)成立时，relatedto(a,b)也必须成立。也就是说，sportusesstadium的使用场景必须完全包含在relatedto的使用场景中。

现在，我需要分析这两个属性的domain和range。sportusesstadium的domain是sport，而relatedto的domain是everypromotedthing。sport是everypromotedthing的一个子类，所以domain方面没有问题。range方面，sportusesstadium的range是stadiumoreventvenue，而relatedto的range是everypromotedthing。stadiumoreventvenue也是everypromotedthing的子类，所以range也没有问题。

但是，从语义上看，sportusesstadium表示的是体育项目使用场馆的关系，而relatedto是一个更广泛的“相关于”的关系。因此，sportusesstadium确实可以被视为relatedto的一个子属性，因为使用场馆是体育项目相关的一种具体表现。

综上所述，这个公理是正确的，因为它符合RDFS的语义规则，并且在背景知识中没有冲突。
</think>

判断结果：正确
解释：sportusesstadium的domain是sport，range是stadiumoreventvenue，而relatedto的domain和range都是everypromotedthing，因此sportusesstadium可以作为relatedto的子属性。",1,1,
hard_case_0249,subPropertyOf,statehaslake ⊑p locationcontainslocation,"背景知识：
条目1：
- 名称：statehaslake
- 类型：Class
- 简介：statehaslake is a class in the NELL knowledge base.
- 补充信息：generalizations: locationcontainslocation | domain: stateorprovince | range: lake

条目2：
- 名称：locationcontainslocation
- 类型：Class
- 简介：locationcontainslocation is a class in the NELL knowledge base.
- 补充信息：generalizations: superpartof, locatedat | domain: location | range: location",1,deepseek-ai/DeepSeek-R1-Distill-Qwen-32B,0.0,8192,https://api2.aigcbest.top/v1,"好，我现在需要分析这个RDFS公理是否正确。公理是statehaslake ⊑p locationcontainslocation，也就是statehaslake是locationcontainslocation的子属性。

首先，我得理解这两个类的定义。根据背景知识，statehaslake是一个类，属于NELL知识库，它的补充信息显示generalizations是locationcontainslocation，domain是stateorprovince，range是lake。而locationcontainslocation也是一个类，generalizations是superpartof和locatedat，domain和range都是location。

接下来，我需要分析subPropertyOf的关系。RDFS中，如果A是B的子属性，那么A的所有实例也属于B。也就是说，statehaslake的所有实例都必须满足locationcontainslocation的条件。

statehaslake的domain是stateorprovince，range是lake。而locationcontainslocation的domain和range都是location。这里，stateorprovince是location的一个子类，lake也是location的子类。因此，statehaslake的实例在domain和range上都满足locationcontainslocation的要求。

此外，statehaslake的generalizations包括locationcontainslocation，这表明它在语义上是locationcontainslocation的一个特例。因此，从语义上看，statehaslake确实应该是locationcontainslocation的子属性。

综上所述，这个公理是正确的，因为它符合RDFS的语义规则，并且与背景知识一致。
</think>

判断结果：正确
解释：statehaslake的domain是stateorprovince，range是lake，而locationcontainslocation的domain和range都是location，因此statehaslake是locationcontainslocation的子属性。",1,1,
hard_case_0252,domain,domain(dateatwhichexistslocation) = date,"背景知识：
条目1：
- 名称：dateatwhichexistslocation
- 类型：Class
- 简介：dateatwhichexistslocation is a class in the NELL knowledge base.
- 补充信息：generalizations: dateof | domain: date | range: location

条目2：
- 名称：date
- 类型：Class
- 简介：{%%s is a %s, date}
- 补充信息：generalizations: abstractthing",1,deepseek-ai/DeepSeek-R1-Distill-Qwen-32B,0.0,8192,https://api2.aigcbest.top/v1,"好，我现在需要判断这个RDFS公理是否正确。公理是domain(dateatwhichexistslocation) = date。首先，我得理解每个部分的含义。

根据背景知识，dateatwhichexistslocation是一个类，它的补充信息里提到domain是date，range是location。这意味着这个类的属性主体应该是date类型，客体是location类型。而date也是一个类，属于abstractthing的子类。

RDFS的domain规则规定，如果一个属性的domain是某个类，那么所有使用该属性的实例的主体都必须属于这个类。在这里，dateatwhichexistslocation的domain被设定为date，所以任何使用这个属性的实例，其主体必须是date类的实例。

结合背景知识，dateatwhichexistslocation的domain确实是date，这与公理中的设定一致。因此，这个公理是正确的，因为它符合RDFS的语义规则和背景知识中的定义。
</think>

判断结果：正确
解释：根据背景知识，dateatwhichexistslocation的domain被明确指定为date，这与给定的公理一致，符合RDFS的语义规则。",1,1,
hard_case_0253,domain,domain(inverseofanimalssuchasmammals) = mammal,"背景知识：
条目1：
- 名称：inverseofanimalssuchasmammals
- 类型：Unknown
- 简介：Describes the animal types that are generalizations of mammals
- 补充信息：generalizations: specializationof | domain: mammal | range: animal

条目2：
- 名称：mammal
- 类型：Unknown
- 简介：Mammals (formally Mammalia) are a class of vertebrate, air-breathing animals whose females are characterized by the possession of mammary glands while both males and females are characterized by hair and/or fur, three middle ear bones used....
- 补充信息：generalizations: vertebrate",1,deepseek-ai/DeepSeek-R1-Distill-Qwen-32B,0.0,8192,https://api2.aigcbest.top/v1,"好，我现在需要分析这个RDFS公理是否正确。公理是domain(inverseofanimalssuchasmammals) = mammal。首先，我得理解每个部分的意思。

首先，inverseofanimalssuchasmammals这个属性，根据背景知识，它的简介是描述动物类型，这些类型是哺乳动物的概括。补充信息里提到domain是mammal，range是animal。所以这个属性的主体应该是mammal，客体是animal。

接下来，domain的作用是规定属性的主体必须属于某个类。这里公理说inverseofanimalssuchasmammals的domain是mammal，也就是说，这个属性的主体必须是mammal类的实例。

然后，我需要结合RDFS的语义规则。RDFS中，domain约束意味着所有使用该属性的陈述，其主语必须属于domain指定的类。这里，inverseofanimalssuchasmammals的domain确实是mammal，所以公理是正确的。

再看看背景知识，条目1明确说明domain是mammal，所以公理与背景知识一致。没有冲突的地方，因此这个公理是正确的。
</think>

判断结果：正确
解释：根据背景知识，inverseofanimalssuchasmammals的domain被明确指定为mammal，因此该公理与背景知识一致，符合RDFS语义规则。",1,1,
hard_case_0254,domain,domain(inverseofarthropodlooklikeinsect) = insect,"背景知识：
条目1：
- 名称：inverseofarthropodlooklikeinsect
- 类型：Unknown
- 简介：Describes the arthropod that look like specific insects
- 补充信息：generalizations: relatedto | domain: insect | range: arthropod

条目2：
- 名称：insect
- 类型：Unknown
- 简介：class within the arthropods that have a chitinous exoskeleton, a three-part body (head, thorax, and abdomen), three pairs of jointed legs, compound eyes, and two antennae
- 补充信息：generalizations: arthropod",1,deepseek-ai/DeepSeek-R1-Distill-Qwen-32B,0.0,8192,https://api2.aigcbest.top/v1,"好，我现在需要分析这个RDFS公理是否正确。公理是domain(inverseofarthropodlooklikeinsect) = insect。首先，我得理解每个部分的含义。

根据背景知识，inverseofarthropodlooklikeinsect是一个属性，它的domain是insect，range是arthropod。这意味着这个属性的主体必须是insect类的实例，而客体则是arthropod类的实例。

接下来，RDFS的domain规则规定，如果一个属性的domain是某个类，那么所有使用该属性的实例的主体都必须属于该类。这里，inverseofarthropodlooklikeinsect的domain被设定为insect，所以任何使用这个属性的实例，其主体都必须是insect类的成员。

结合背景知识，insect类属于arthropod，所以insect是arthropod的一个子类。因此，将domain设为insect是合理的，因为它符合RDFS的规则，确保属性的主体属于正确的类。

综上所述，这个公理是正确的，因为它符合RDFS的domain规则，并且与背景知识一致。
</think>

判断结果：正确
解释：根据背景知识，inverseofarthropodlooklikeinsect的domain被明确设定为insect，这与RDFS的domain规则一致，因此该公理是正确的。",1,1,
hard_case_0255,domain,domain(inverseofbankboughtbank) = bank,"背景知识：
条目1：
- 名称：inverseofbankboughtbank
- 类型：Class
- 简介：inverseofbankboughtbank is a class in the NELL knowledge base.
- 补充信息：generalizations: acquiredby | domain: bank | range: bank

条目2：
- 名称：bank
- 类型：Class
- 简介：{%%s is a %s, bank}
- 补充信息：generalizations: company",1,deepseek-ai/DeepSeek-R1-Distill-Qwen-32B,0.0,8192,https://api2.aigcbest.top/v1,"好，我现在需要判断给定的RDFS公理是否正确。公理是domain(inverseofbankboughtbank) = bank。首先，我得理解这个公理的意思。domain表示属性的主体属于某个类，所以这里的意思是inverseofbankboughtbank这个属性的主体必须是bank类的实例。

接下来，我查看背景知识。条目1提到inverseofbankboughtbank是一个类，补充信息中有domain: bank，range: bank。这说明inverseofbankboughtbank的主体和客体都是bank类。而条目2中，bank类的父类是company，这可能对推理有帮助。

根据RDFS的语义规则，domain约束了属性的主体类型。这里公理明确指出inverseofbankboughtbank的domain是bank，这与背景知识中的补充信息完全一致。因此，这个公理是正确的，因为它符合背景知识中的定义，没有冲突。
</think>

判断结果：正确
解释：根据背景知识，inverseofbankboughtbank的domain被明确指定为bank，这与给定的公理一致。",1,1,
hard_case_0257,domain,domain(inverseofsoftwareprogrammedinprogramminglanguage) = programminglanguage,"背景知识：
条目1：
- 名称：inverseofsoftwareprogrammedinprogramminglanguage
- 类型：Class
- 简介：inverseofsoftwareprogrammedinprogramminglanguage is a class in the NELL knowledge base.
- 补充信息：generalizations: relatedto | domain: programminglanguage | range: software

条目2：
- 名称：programminglanguage
- 类型：Class
- 简介：{%%s is a %s, programming language}
- 补充信息：generalizations: abstractthing",1,deepseek-ai/DeepSeek-R1-Distill-Qwen-32B,0.0,8192,https://api2.aigcbest.top/v1,"好，我现在需要分析这个RDFS公理是否正确。公理是domain(inverseofsoftwareprogrammedinprogramminglanguage) = programminglanguage。首先，我得理解每个部分的含义。

根据背景知识，inverseofsoftwareprogrammedinprogramminglanguage是一个类，它的补充信息显示domain是programminglanguage，range是software。这意味着这个类的属性主体属于programminglanguage，客体属于software。

接下来，RDFS的domain规则规定，属性的主体必须属于domain指定的类。这里，inverseofsoftwareprogrammedinprogramminglanguage的domain被设定为programminglanguage，所以任何使用这个属性的主体都必须是programminglanguage的实例。

现在，结合背景知识，programminglanguage是一个类，属于abstractthing。而inverseofsoftwareprogrammedinprogramminglanguage的domain确实是programminglanguage，这与RDFS的规则一致。因此，这个公理是正确的，因为它符合定义和语义规则。
</think>

判断结果：正确
解释：根据背景知识，inverseofsoftwareprogrammedinprogramminglanguage的domain被明确指定为programminglanguage，这与RDFS的domain规则一致。",1,1,
hard_case_0258,domain,domain(latitudelongitudeof) = llcoordinate,"背景知识：
条目1：
- 名称：latitudelongitudeof
- 类型：Unknown
- 简介：the latitude and longitude of this location, or the latitude and longitude typically associated with this thing
- 补充信息：generalizations: relatedto | domain: llcoordinate | range: everypromotedthing

条目2：
- 名称：llcoordinate
- 类型：Unknown
- 简介：Longitude is the angular distance of a point's meridian from the Prime (Greenwich) Meridian
- 补充信息：generalizations: abstractthing",1,deepseek-ai/DeepSeek-R1-Distill-Qwen-32B,0.0,8192,https://api2.aigcbest.top/v1,"好，我现在需要分析给定的RDFS公理是否正确。公理是domain(latitudelongitudeof) = llcoordinate。首先，我得理解每个部分的含义。

根据背景知识，latitudelongitudeof这个属性的简介是关于地理位置的经纬度信息。补充信息中提到它的domain是llcoordinate，range是everypromotedthing。而llcoordinate这个类的简介是关于经度的定义，属于abstractthing。

RDFS中的domain规则规定，属性的domain指定了该属性的主体必须属于某个类。所以，latitudelongitudeof的domain是llcoordinate，意味着所有使用这个属性的主体都必须是llcoordinate类的实例。

接下来，我需要检查背景知识是否支持这一点。latitudelongitudeof的补充信息明确指出domain是llcoordinate，这与公理一致。因此，公理是正确的，因为它符合背景知识中的定义。
</think>

判断结果：正确
解释：根据背景知识，latitudelongitudeof的domain被明确指定为llcoordinate，这与公理一致。",1,1,
hard_case_0260,domain,domain(officeheldbypolitician) = politicaloffice,"背景知识：
条目1：
- 名称：officeheldbypolitician
- 类型：Unknown
- 简介：Specifies that a particular politician holds a particular office
- 补充信息：generalizations: relatedto | domain: politicaloffice | range: politician

条目2：
- 名称：politicaloffice
- 类型：Unknown
- 简介：This type is for the office, title, or position within a government. It includes both single-person offices (prime minister, emperor, mayor), titles of members of a governing body (representative, sentator, MP), and titles of additional pos...
- 补充信息：generalizations: abstractthing",1,deepseek-ai/DeepSeek-R1-Distill-Qwen-32B,0.0,8192,https://api2.aigcbest.top/v1,"好，我现在需要分析给定的RDFS公理是否正确。公理是domain(officeheldbypolitician) = politicaloffice。首先，我得理解每个部分的含义。

根据背景知识，officeheldbypolitician是一个属性，它的简介说明它指某个政客担任某个职位。补充信息中提到它的domain是politicaloffice，range是politician。这意味着这个属性的主体应该是属于politicaloffice类的实例，而客体属于politician类。

接下来，我需要结合RDFS的语义规则来分析。domain公理规定了属性的主体必须属于某个类。这里，domain(officeheldbypolitician) = politicaloffice，意味着所有使用这个属性的陈述，其主语必须是politicaloffice类的实例。

再看background中的条目2，politicaloffice被定义为政府中的职位、头衔或位置，属于abstractthing。这表明politicaloffice是一个抽象类，可能包括各种职位类型。

现在，我需要判断这个公理是否合理。根据补充信息，domain确实是politicaloffice，所以公理是正确的。同时，RDFS规则也支持这种定义，没有冲突。

所以，结论是正确的，因为公理与背景知识一致，并且符合RDFS的语义规则。
</think>

判断结果：正确
解释：根据背景知识，属性officeheldbypolitician的domain被明确指定为politicaloffice，这与公理domain(officeheldbypolitician) = politicaloffice一致，因此该公理是正确的。",1,1,
hard_case_0261,domain,domain(organizationhastopmember) = company,"背景知识：
条目1：
- 名称：organizationhastopmember
- 类型：Unknown
- 简介：Identifies people in high-level, leading positions at organizations. Applicable positions have authority over the entire organization (e.g. presidents, VPs, directors, and C-level executives), not merely over departments or subsidiaries.
- 补充信息：generalizations: organizationleadbyperson, worker | domain: company | range: person

条目2：
- 名称：company
- 类型：Unknown
- 简介：A company is an organization whose goal is to make money
- 补充信息：generalizations: organization",1,deepseek-ai/DeepSeek-R1-Distill-Qwen-32B,0.0,8192,https://api2.aigcbest.top/v1,"好，我现在需要判断给定的RDFS公理是否正确。公理是domain(organizationhastopmember) = company。首先，我得理解每个部分的含义。

根据背景知识，organizationhastopmember是一个属性，它的类型是Unknown，简介中提到它标识组织中高层领导职位的人，比如总裁、副总裁、董事等。补充信息里提到它的domain是company，range是person。而company是一个类，属于organization的子类，简介中说公司是一个以营利为目的的组织。

接下来，RDFS的domain规则规定，属性的domain指定了该属性的主体必须属于某个类。这里，organizationhastopmember的domain被设定为company，意味着只有company类的实例才能作为该属性的主体。

结合背景知识，organizationhastopmember确实与company相关，因为公司是组织的一种，而高层领导职位通常存在于公司中。因此，将domain设为company是合理的，符合常识和背景信息。

所以，这个公理是正确的，因为它准确反映了属性与类之间的关系。
</think>

判断结果：正确
解释：根据背景知识，organizationhastopmember的domain被明确指定为company，这与RDFS的domain规则一致，因此该公理是正确的。",1,1,
hard_case_0262,domain,domain(producedby) = product,"背景知识：
条目1：
- 名称：producedby
- 类型：Class
- 简介：producedby is a class in the NELL knowledge base.
- 补充信息：generalizations: iteminvolvedwithagent, createdbyagent | domain: product | range: company

条目2：
- 名称：product
- 类型：Class
- 简介：{%%s is a %s, product}
- 补充信息：generalizations: item",1,deepseek-ai/DeepSeek-R1-Distill-Qwen-32B,0.0,8192,https://api2.aigcbest.top/v1,"好，我现在需要判断给定的RDFS公理是否正确。公理是domain(producedby) = product。首先，我得理解每个部分的含义。

根据背景知识，producedby是一个类，属于NELL知识库。它的补充信息中提到，domain是product，range是company。这意味着producedby属性的主体应该是product类的实例，客体是company类的实例。

接下来，RDFS中的domain规则规定，如果一个属性的domain是某个类，那么所有使用该属性的主语都必须属于该类。换句话说，如果x producedby y，那么x必须是product类的实例。

现在，公理domain(producedby) = product是否正确呢？根据背景知识，producedby的domain确实是product，所以公理是正确的。这符合RDFS的语义规则，没有冲突。
</think>

判断结果：正确
解释：根据背景知识，producedby的domain被明确指定为product，这与RDFS的domain规则一致，因此公理是正确的。",1,1,
hard_case_0263,domain,domain(productlauchpredecessor) = productlaunchevent,"背景知识：
条目1：
- 名称：productlauchpredecessor
- 类型：Class
- 简介：{%%s was %s of the product launched in %%s, the predecessor}
- 补充信息：generalizations: relatedto | domain: productlaunchevent | range: product

条目2：
- 名称：productlaunchevent
- 类型：Class
- 简介：{%%s is a %s, product launch event}
- 补充信息：generalizations: event",1,deepseek-ai/DeepSeek-R1-Distill-Qwen-32B,0.0,8192,https://api2.aigcbest.top/v1,"好，我现在需要判断给定的RDFS公理是否正确。公理是domain(productlauchpredecessor) = productlaunchevent。首先，我得理解每个术语的含义。

根据背景知识，productlauchpredecessor是一个类，它的简介提到它与产品发布事件有关，补充信息显示它的domain是productlaunchevent，range是product。这意味着这个属性的主体必须属于productlaunchevent类，客体属于product类。

接下来，公理domain(productlauchpredecessor) = productlaunchevent，这表示productlauchpredecessor属性的主体必须是productlaunchevent类的实例。这与背景知识中的补充信息完全一致，所以看起来是正确的。

再考虑RDFS的语义规则，domain约束确实规定了属性的主体类型，这里没有冲突。因此，公理是正确的。
</think>

判断结果：正确
解释：根据背景知识，productlauchpredecessor的domain被明确指定为productlaunchevent，这与给定的公理一致。",1,1,
hard_case_0264,domain,domain(professionactsatthesameareaofpoliticissue) = politicsissue,"背景知识：
条目1：
- 名称：professionactsatthesameareaofpoliticissue
- 类型：Unknown
- 简介：Describes professions that work at the area of a political issue
- 补充信息：generalizations: relatedto | domain: politicsissue | range: profession

条目2：
- 名称：politicsissue
- 类型：Unknown
- 简介：An issue of political concern
- 补充信息：generalizations: abstractthing",1,deepseek-ai/DeepSeek-R1-Distill-Qwen-32B,0.0,8192,https://api2.aigcbest.top/v1,"好，我现在需要判断给定的RDFS公理是否正确。公理是domain(professionactsatthesameareaofpoliticissue) = politicsissue。首先，我得理解这个公理的意思。domain表示属性的主体属于某个类，所以这里的意思是属性professionactsatthesameareaofpoliticissue的主体必须属于politicsissue类。

接下来，我查看背景知识。条目1中提到，professionactsatthesameareaofpoliticissue的domain是politicsissue，range是profession。这说明这个属性的主体是politicsissue，客体是profession。而条目2中，politicsissue的类型是Unknown，属于abstractthing。

根据RDFS的语义规则，domain约束了属性的主体类型。这里公理明确指出domain是politicsissue，这与背景知识中的描述一致。因此，公理是正确的，因为它符合背景知识中的定义。
</think>

判断结果：正确
解释：根据背景知识，属性professionactsatthesameareaofpoliticissue的domain被明确指定为politicsissue，这与给定的公理一致。",1,1,
hard_case_0266,domain,domain(timeofprotest) = time,"背景知识：
条目1：
- 名称：timeofprotest
- 类型：Unknown
- 简介：{%%s is the %s the event %%s, time of}
- 补充信息：generalizations: relatedto | domain: time | range: protestevent

条目2：
- 名称：time
- 类型：Unknown
- 简介：a specific time
- 补充信息：generalizations: abstractthing",1,deepseek-ai/DeepSeek-R1-Distill-Qwen-32B,0.0,8192,https://api2.aigcbest.top/v1,"好，我现在需要判断给定的RDFS公理是否正确。公理是domain(timeofprotest) = time。首先，我得理解这个公理的意思。domain表示属性的主体属于某个类，所以这里的意思是，timeofprotest属性的主体必须属于time类。

接下来，我查看背景知识。条目1中提到timeofprotest的补充信息里有domain: time，这说明timeofprotest的主体确实是time类。而条目2中，time类的类型是Unknown，简介是“a specific time”，补充信息里提到generalizations: abstractthing，说明time是抽象事物的一个子类。

根据RDFS的语义规则，domain约束确保属性的主体属于指定的类。这里，timeofprotest的domain被明确设置为time，这与背景知识中的描述一致。因此，这个公理是正确的，因为它符合背景知识中的定义和RDFS的规则。
</think>

判断结果：正确
解释：根据背景知识，timeofprotest的domain被明确指定为time，这与给定的公理一致，因此公理是正确的。",1,1,
hard_case_0268,range,range(comediancanbethesameasmale) = male,"背景知识：
条目1：
- 名称：comediancanbethesameasmale
- 类型：Class
- 简介：{%%s %s %%s, is related to}
- 补充信息：generalizations: canbethesameas | domain: comedian | range: male

条目2：
- 名称：male
- 类型：Class
- 简介：{%%s is a %s, male}
- 补充信息：generalizations: person",1,deepseek-ai/DeepSeek-R1-Distill-Qwen-32B,0.0,8192,https://api2.aigcbest.top/v1,"好，我现在需要分析这个RDFS公理是否正确。公理是range(comediancanbethesameasmale) = male。首先，我得理解每个部分的含义。

comediancanbethesameasmale是一个类，根据背景知识，它的补充信息显示domain是comedian，range是male。这意味着这个类的属性主体是comedian，客体是male。同时，它的generalizations是canbethesameas，这可能表示某种等同关系。

接下来，RDFS的range规则规定，属性的客体必须属于指定的类。这里，公理声明comediancanbethesameasmale的range是male，所以任何使用这个属性的陈述，其客体必须是male类的实例。

背景知识中，male类的父类是person，这符合常识，因为男性是人的一种。而comediancanbethesameasmale的range设置为male，意味着当一个comedian与某个male相关联时，客体必须是male类的实例。这在语义上是合理的，因为comedian可以是男性，所以这种关系成立。

因此，这个公理符合RDFS的语义规则，没有冲突，是正确的。
</think>

判断结果：正确
解释：根据背景知识，comediancanbethesameasmale的range被定义为male，这与RDFS的range规则一致，即属性的客体必须属于指定的类。",1,1,
hard_case_0269,range,range(countryhascitizen) = athlete,"背景知识：
条目1：
- 名称：countryhascitizen
- 类型：Class
- 简介：countryhascitizen is a class in the NELL knowledge base.
- 补充信息：generalizations: locationrelatedtoagent | domain: country | range: person

条目2：
- 名称：athlete
- 类型：Unknown
- 简介：An athlete is a person who plays a sport competitively.
- 补充信息：generalizations: person",0,deepseek-ai/DeepSeek-R1-Distill-Qwen-32B,0.0,8192,https://api2.aigcbest.top/v1,"好，我现在需要分析这个RDFS公理是否正确。公理是range(countryhascitizen) = athlete。首先，我得理解每个部分的含义。

countryhascitizen是一个类，根据背景知识，它的补充信息显示domain是country，range是person。这意味着countryhascitizen属性的主体是country，客体是person。也就是说，countryhascitizen的范围应该是person，而不是更具体的类别。

接下来，公理中说range是athlete。athlete是person的一个子类，因为补充信息显示athlete的generalizations是person。所以，如果countryhascitizen的range被限制为athlete，那么它只能指向运动员，而不能包括所有person。这与背景知识中的range: person相冲突，因为countryhascitizen的客体应该是更广泛的person，而不仅仅是athlete。

根据RDFS的语义规则，range限制了属性的客体类型。如果公理中的range比背景知识中的更严格，那么它可能不正确，因为这会排除掉一些合法的情况。因此，这个公理是错误的，因为它与背景知识中的range: person不符。
</think>

判断结果：错误
解释：根据背景知识，countryhascitizen的range是person，而athlete是person的子类，因此将range限制为athlete与背景知识冲突。",0,1,
hard_case_0270,range,range(dateatwhichexistslocation) = city,"背景知识：
条目1：
- 名称：dateatwhichexistslocation
- 类型：Class
- 简介：dateatwhichexistslocation is a class in the NELL knowledge base.
- 补充信息：generalizations: dateof | domain: date | range: location

条目2：
- 名称：city
- 类型：Unknown
- 简介：City/town/village refers to all named inhabited places at the most locally recognized level, but above the level of neighborhood. It is the most local region where there is a form of government or self-organization. Cities/towns/villages ar...
- 补充信息：generalizations: geopoliticallocation, geopoliticalorganization, geolocatablething",0,deepseek-ai/DeepSeek-R1-Distill-Qwen-32B,0.0,8192,https://api2.aigcbest.top/v1,"好，我现在需要分析这个RDFS公理是否正确。公理是range(dateatwhichexistslocation) = city。首先，我得理解每个部分的含义。

dateatwhichexistslocation是一个类，根据背景知识，它的补充信息显示domain是date，range是location。这意味着这个类的属性通常关联到日期和位置。而city是一个类，属于geopoliticallocation等更广泛的类别。

接下来，RDFS的range规则规定，属性的值必须属于指定的类。这里，公理声称dateatwhichexistslocation的range是city。但根据背景知识，dateatwhichexistslocation的range是location，而city是location的一个子类。因此，将range限制为city会比原来的范围更窄，可能排除了其他属于location但不是city的情况，比如country或state。

常识上，日期和存在的位置可能包括各种地理位置，而不仅仅是城市。因此，将range限定为city可能不符合实际，导致公理不正确。
</think>

判断结果：错误
解释：根据背景知识，dateatwhichexistslocation的range是location，而city是location的一个子类，因此将range限定为city会排除其他属于location的情况，与背景知识冲突。",0,1,
hard_case_0271,range,range(inverseofarthropodlooklikeinsect) = arthropod,"背景知识：
条目1：
- 名称：inverseofarthropodlooklikeinsect
- 类型：Unknown
- 简介：Describes the arthropod that look like specific insects
- 补充信息：generalizations: relatedto | domain: insect | range: arthropod

条目2：
- 名称：arthropod
- 类型：Unknown
- 简介：Arthropods are members of the phylum Arthropoda.
- 补充信息：generalizations: invertebrate",1,deepseek-ai/DeepSeek-R1-Distill-Qwen-32B,0.0,8192,https://api2.aigcbest.top/v1,"好，我现在需要判断给定的RDFS公理是否正确。公理是range(inverseofarthropodlooklikeinsect) = arthropod。首先，我得理解这个公理的意思。range表示属性的客体属于某个类，所以这里的意思是inverseofarthropodlooklikeinsect属性的客体必须是arthropod类的实例。

接下来，我查看背景知识。条目1中提到inverseofarthropodlooklikeinsect的补充信息是domain: insect，range: arthropod。这说明这个属性的主体是insect，客体是arthropod。所以，公理中的range设置是正确的，因为它与背景知识中的range一致。

再考虑RDFS的语义规则。range约束确保属性的值属于指定的类。这里，inverseofarthropodlooklikeinsect的值确实是arthropod，符合规则。因此，公理是正确的，没有冲突。
</think>

判断结果：正确
解释：根据背景知识，inverseofarthropodlooklikeinsect的range被明确指定为arthropod，与给定的公理一致。",1,1,
hard_case_0272,range,range(inverseofcoachstudiedatuniversity) = coach,"背景知识：
条目1：
- 名称：inverseofcoachstudiedatuniversity
- 类型：Unknown
- 简介：Describes the university where the coach studied at
- 补充信息：generalizations: relatedto | domain: university | range: coach

条目2：
- 名称：coach
- 类型：Unknown
- 简介：A coach is a trainer for a sports team. He leads the team in exercises and manages the team during gameplay. This category includes assistant coaches and other trainers.
- 补充信息：generalizations: person",1,deepseek-ai/DeepSeek-R1-Distill-Qwen-32B,0.0,8192,https://api2.aigcbest.top/v1,"好，我现在需要分析这个RDFS公理是否正确。公理是range(inverseofcoachstudiedatuniversity) = coach。首先，我得理解每个部分的含义。

根据背景知识，inverseofcoachstudiedatuniversity是一个属性，描述教练所就读的大学。它的补充信息显示，domain是university，range是coach。这意味着这个属性的主体是大学，客体是教练。

接下来，RDFS的range规则规定，属性的range应该是指客体的类型。在这个例子中，属性inverseofcoachstudiedatuniversity的客体是教练，所以range应该是coach类。这与公理中的range设置是一致的。

再结合常识，教练通常与大学有关系，比如他们可能在大学里学习或执教。因此，属性inverseofcoachstudiedatuniversity的客体确实是教练，符合range的定义。

综上所述，这个公理是正确的，因为它符合RDFS的语义规则和背景知识。
</think>

判断结果：正确
解释：根据背景知识，inverseofcoachstudiedatuniversity的range是coach，这与公理中的range设置一致，符合RDFS语义规则。",1,1,
hard_case_0274,range,range(locationofbombing) = bombingevent,"背景知识：
条目1：
- 名称：locationofbombing
- 类型：Unknown
- 简介：{%%s is the %s the event %%s, location of}
- 补充信息：generalizations: relatedto | domain: location | range: bombingevent

条目2：
- 名称：bombingevent
- 类型：Unknown
- 简介：{%%s is a %s, bombing event}
- 补充信息：generalizations: event",1,deepseek-ai/DeepSeek-R1-Distill-Qwen-32B,0.0,8192,https://api2.aigcbest.top/v1,"好，我现在需要判断给定的RDFS公理是否正确。公理是range(locationofbombing) = bombingevent。首先，我得理解这个公理的意思。range表示属性的客体属于某个类，所以这里的意思是说，属性locationofbombing的客体必须是bombingevent类的实例。

接下来，我查看背景知识。条目1中提到locationofbombing的补充信息有range: bombingevent，这直接支持了公理的内容。也就是说，根据背景知识，locationofbombing的range确实是bombingevent，所以公理是正确的。

再进一步分析，locationofbombing的定义是关于事件的地点，而bombingevent是事件的一种，所以从语义上来说，这个range约束是合理的。没有发现任何与背景知识或RDFS规则相冲突的地方，因此公理是正确的。
</think>

判断结果：正确
解释：根据背景知识，locationofbombing的range被明确指定为bombingevent，因此该公理是正确的。",1,1,
hard_case_0276,range,range(officeheldbypolitician) = politician,"背景知识：
条目1：
- 名称：officeheldbypolitician
- 类型：Unknown
- 简介：Specifies that a particular politician holds a particular office
- 补充信息：generalizations: relatedto | domain: politicaloffice | range: politician

条目2：
- 名称：politician
- 类型：Unknown
- 简介：Any person who has held or sought a position in a government. The term ""politician"" may not be strictly accurate for some positions such as kings, but we have to call it something!
- 补充信息：generalizations: person",1,deepseek-ai/DeepSeek-R1-Distill-Qwen-32B,0.0,8192,https://api2.aigcbest.top/v1,"嗯，我现在需要判断这个RDFS公理是否正确。公理是range(officeheldbypolitician) = politician。首先，我得理解这个公理的意思。range表示属性的客体应该属于某个类，所以这里的意思是说，属性officeheldbypolitician的客体必须是politician类的实例。

接下来，我得看看背景知识。条目1中提到，officeheldbypolitician的range是politician，这和公理是一致的。所以，从背景知识来看，这个公理是正确的。

再考虑RDFS的语义规则。RDFS中的range约束确保了属性的值必须属于指定的类。这里，属性的客体确实是politician，符合规则。

另外，结合常识，politician通常是指从政的人，而officeheldbypolitician描述的是某个政客所担任的职位，所以客体应该是politician，这符合逻辑。

综上所述，这个公理是正确的，因为它与背景知识一致，并且符合RDFS的语义规则。
</think>

判断结果：正确
解释：根据背景知识，属性officeheldbypolitician的range被明确指定为politician，这与公理range(officeheldbypolitician) = politician一致，因此该公理是正确的。",1,1,
hard_case_0277,range,range(timeofprotest) = protestevent,"背景知识：
条目1：
- 名称：timeofprotest
- 类型：Unknown
- 简介：{%%s is the %s the event %%s, time of}
- 补充信息：generalizations: relatedto | domain: time | range: protestevent

条目2：
- 名称：protestevent
- 类型：Unknown
- 简介：{%%s is a %s, protest event}
- 补充信息：generalizations: event",1,deepseek-ai/DeepSeek-R1-Distill-Qwen-32B,0.0,8192,https://api2.aigcbest.top/v1,"好，我现在需要判断给定的RDFS公理是否正确。公理是range(timeofprotest) = protestevent。首先，我得理解这个公理的意思。range表示属性的客体应属于某一类，所以这里的意思是，属性timeofprotest的客体必须是protestevent类的实例。

接下来，我查看背景知识。条目1中提到timeofprotest的补充信息有range: protestevent，这直接支持了公理的内容。条目2中protestevent被定义为一种event，这进一步确认了protestevent是一个有效的类。

根据RDFS的语义规则，range约束确保了属性的值必须属于指定的类。这里timeofprotest的range被明确设置为protestevent，符合规则。因此，公理是正确的，因为它与背景知识一致，并且符合RDFS的语义要求。
</think>

判断结果：正确
解释：根据背景知识，timeofprotest的range被明确指定为protestevent，这与给定的公理一致。",1,1,
hard_case_0281,subClassOf,Engineering_Mathematician_Q96777281 ⊑ Engineer,"背景知识：
条目1：
- 名称：Engineering_Mathematician_Q96777281
- 类型：Class
- 简介：Engineering_Mathematician_Q96777281 is a class in the knowledge base.

条目2：
- 名称：Engineer
- 类型：Class
- 简介：An engineer is a practitioner of engineering. The word engineer is derived from the Latin words ingeniare and ingenium (""cleverness""). The foundational qualifications of a licensed professional engineer typically include a four-year bachelo...",1,deepseek-ai/DeepSeek-R1-Distill-Qwen-32B,0.0,8192,https://api2.aigcbest.top/v1,"嗯，我现在需要判断这个RDFS公理是否正确。公理是Engineering_Mathematician_Q96777281 ⊑ Engineer，也就是Engineering_Mathematician_Q96777281是Engineer的子类。首先，我得理解这两个类的含义。

根据背景知识，Engineering_Mathematician_Q96777281是一个类，但没有提供具体的信息，可能是一个特定的工程师类型。而Engineer的定义是工程的从业者，通常需要四年的学士学位等资格。

接下来，我需要分析这两个类之间的关系。子类关系意味着所有属于Engineering_Mathematician_Q96777281的实例都必须属于Engineer。也就是说，工程数学家是否是工程师的一种。

常识上，工程数学家通常是指在工程领域应用数学知识的专业人士，他们确实是工程师的一种，属于工程师的子集。因此，这个子类关系是合理的。

所以，这个公理是正确的，因为它符合常识和背景知识中的定义。
</think>

判断结果：正确
解释：Engineering_Mathematician_Q96777281作为工程数学家，属于工程师的一种，因此是Engineer的子类。",1,1,
hard_case_0283,subClassOf,Fictional_Human_Q15632617 ⊑ Fictional_Human_Formerly_Considered_To_Be_Historical_Q64520857,"背景知识：
条目1：
- 名称：Fictional_Human_Q15632617
- 类型：Class
- 简介：Fictional_Human_Q15632617 is a class in the knowledge base.

条目2：
- 名称：Fictional_Human_Formerly_Considered_To_Be_Historical_Q64520857
- 类型：Class
- 简介：Fictional_Human_Formerly_Considered_To_Be_Historical_Q64520857 is a class in the knowledge base.",0,deepseek-ai/DeepSeek-R1-Distill-Qwen-32B,0.0,8192,https://api2.aigcbest.top/v1,"嗯，我现在需要判断这个RDFS公理是否正确。公理是Fictional_Human_Q15632617 ⊑ Fictional_Human_Formerly_Considered_To_Be_Historical_Q64520857。首先，我得理解这个符号的意思。这里的“⊑”表示的是subClassOf，也就是前者是后者的子类。

接下来，我看看这两个类的定义。Fictional_Human_Q15632617是一个虚构的人类的类，而Fictional_Human_Formerly_Considered_To_Be_Historical_Q64520857则是指那些曾经被认为是历史人物但实际上属于虚构的人类。那么，问题来了，虚构的人类是否都是曾经被认为是历史人物的虚构人类呢？

根据常识，虚构的人类有很多种，比如小说中的角色、神话中的英雄等等，并不是所有虚构的人类都曾经被认为是真实的历史人物。因此，将Fictional_Human_Q15632617作为Fictional_Human_Formerly_Considered_To_Be_Historical_Q64520857的子类，意味着所有虚构的人类都属于后者，这显然不符合实际情况。因此，这个公理是错误的。
</think>

判断结果：错误
解释：Fictional_Human_Q15632617并不一定是Fictional_Human_Formerly_Considered_To_Be_Historical_Q64520857的子类，因为并非所有虚构人类都曾被认为是历史人物。",0,1,
hard_case_0284,subClassOf,Fictional_Human_Q15632617 ⊑ Immortal__u0028_Highlander_u0029_,"背景知识：
条目1：
- 名称：Fictional_Human_Q15632617
- 类型：Class
- 简介：Fictional_Human_Q15632617 is a class in the knowledge base.

条目2：
- 名称：Immortal__u0028_Highlander_u0029_
- 类型：Class
- 简介：Immortal__u0028_Highlander_u0029_ is a class in the knowledge base.",0,deepseek-ai/DeepSeek-R1-Distill-Qwen-32B,0.0,8192,https://api2.aigcbest.top/v1,"好，我现在需要分析这个RDFS公理是否正确。公理是Fictional_Human_Q15632617 ⊑ Immortal__u0028_Highlander_u0029_，也就是Fictional_Human_Q15632617是Immortal__u0028_Highlander_u0029_的子类。

首先，我需要理解这两个类的含义。Fictional_Human_Q15632617应该是指虚构的人类，可能包括小说、电影中的角色。而Immortal__u0028_Highlander_u0029_可能指的是 Highlander 中的不死人，比如电视剧里的吸血鬼或超自然生物。

接下来，根据RDFS的subClassOf规则，子类的所有实例都必须属于父类。也就是说，所有虚构的人类都必须是Highlander中的不死人。这显然不符合常识，因为虚构的人类有很多，比如小说中的普通人类角色，他们并不一定是不死的。

背景知识中没有提供这两个类的具体定义，但根据名称推测，Fictional_Human_Q15632617的范围更广，而Immortal__u0028_Highlander_u0029_则是一个特定的子集。因此，将前者作为后者的子类是不正确的，因为并非所有虚构的人类都是不死的。

综上所述，这个公理是错误的，因为它违反了subClassOf的语义规则，将更广泛的类错误地作为更狭窄类的子类。
</think>

判断结果：错误
解释：Fictional_Human_Q15632617作为虚构的人类类，不能被推断为Immortal__u0028_Highlander_u0029_的子类，因为并非所有虚构的人类都是Highlander中的不死人。",0,1,
hard_case_0285,subClassOf,Fictional_Human_Q15632617 ⊑ Witcher_Q20011098,"背景知识：
条目1：
- 名称：Fictional_Human_Q15632617
- 类型：Class
- 简介：Fictional_Human_Q15632617 is a class in the knowledge base.

条目2：
- 名称：Witcher_Q20011098
- 类型：Class
- 简介：Witcher_Q20011098 is a class in the knowledge base.",0,deepseek-ai/DeepSeek-R1-Distill-Qwen-32B,0.0,8192,https://api2.aigcbest.top/v1,"嗯，我现在需要判断这个RDFS公理是否正确。公理是Fictional_Human_Q15632617 ⊑ Witcher_Q20011098，也就是Fictional_Human_Q15632617是Witcher_Q20011098的子类。首先，我得理解这两个类是什么。

根据背景知识，Fictional_Human_Q15632617是一个类，代表虚构的人类，而Witcher_Q20011098也是一个类，可能指的是猎魔人。猎魔人通常是在虚构作品中出现的，比如《巫师》系列中的角色，他们通常是人类，但经过特殊训练或改造，拥有超自然的能力。

现在，公理说Fictional_Human_Q15632617是Witcher_Q20011098的子类，也就是所有虚构的人类都是猎魔人。这显然不对，因为虚构的人类可以有很多种，比如小说中的普通人类角色，或者魔法师、骑士等等，而猎魔人只是其中的一种特定类型。所以，虚构的人类并不都是猎魔人，因此这个子类关系是错误的。

另外，从RDFS的语义规则来看，subClassOf表示的是类的包含关系，即所有属于子类的实例都属于父类。但在这里，虚构的人类并不全都是猎魔人，所以这个公理违反了subClassOf的定义，因此是错误的。
</think>

判断结果：错误
解释：Fictional_Human_Q15632617作为虚构的人类类，不能被推断为Witcher_Q20011098（猎魔人）的子类，因为猎魔人是虚构人类中的一个特定类型，而不是所有虚构人类都是猎魔人。",0,1,
hard_case_0287,subClassOf,Français_Guyanais_Q102098874 ⊑ French_language,"背景知识：
条目1：
- 名称：Français_Guyanais_Q102098874
- 类型：Class
- 简介：Français_Guyanais_Q102098874 is a class in the knowledge base.

条目2：
- 名称：French_language
- 类型：Class
- 简介：French is a Romance language of the Indo-European family. Like all other Romance languages, it descended from the Vulgar Latin of the Roman Empire. French evolved from Northern Old Gallo-Romance, a descendant of the Latin spoken in Northern...",1,deepseek-ai/DeepSeek-R1-Distill-Qwen-32B,0.0,8192,https://api2.aigcbest.top/v1,"好，我现在需要分析这个RDFS公理是否正确。公理是Français_Guyanais_Q102098874 ⊑ French_language，也就是Français_Guyanais_Q102098874是French_language的子类。

首先，我得理解这两个类的含义。根据背景知识，French_language是法语，属于罗曼语族，起源于拉丁语。而Français_Guyanais_Q102098874是一个类，但简介中没有详细说明，可能是一个特定的法语变体，比如法属圭亚那的法语方言。

接下来，根据RDFS的subClassOf规则，子类必须满足所有父类的属性和约束。法语是一个广泛使用的语言，而法属圭亚那的法语是其方言之一。方言通常被视为母语的子类，因为它们共享大部分特征，但可能有地区性的变化。

所以，Français_Guyanais_Q102098874作为法语的一种方言，应该是French_language的子类。这符合subClassOf的定义，因为它属于更广泛的法语类别。

因此，这个公理是正确的，因为它正确地反映了方言与母语之间的包含关系。
</think>

判断结果：正确
解释：Français_Guyanais_Q102098874作为法语的一种方言，属于French_language的子类，符合subClassOf的语义规则。",1,1,
hard_case_0288,subClassOf,Ghanaian_Pidgin_English ⊑ English_language,"背景知识：
条目1：
- 名称：Ghanaian_Pidgin_English
- 类型：Class
- 简介：Ghanaian Pidgin English (GhaPE) is a Ghanaian English-lexifier pidgin also known as Pidgin, Broken English, and Kru English. GhaPE is a regional variety of West African Pidgin English spoken in Ghana, predominantly in the southern capital,....

条目2：
- 名称：English_language
- 类型：Class
- 简介：English is a West Germanic language that emerged in early medieval England and has since become a global lingua franca. The namesake of the language is the Angles, one of the Germanic peoples who migrated to Britain after the end of Roman r...",1,deepseek-ai/DeepSeek-R1-Distill-Qwen-32B,0.0,8192,https://api2.aigcbest.top/v1,"嗯，我现在需要判断这个RDFS公理是否正确。公理是Ghanaian_Pidgin_English ⊑ English_language，也就是Ghanaian Pidgin English是English language的子类。首先，我得理解这两个类是什么。

根据背景知识，Ghanaian Pidgin English（GhaPE）是一种加纳的英语基底皮钦语，也被称为Pidgin、Broken English和Kru English。它主要在加纳南部首都等地使用，是西非皮钦英语的一种地区变体。而English language则是指英语，一种西日耳曼语，起源于早期中世纪的英格兰，后来成为全球通用语。

现在，我需要分析这两个类之间的关系。RDFS中的subClassOf表示类的包含关系，即GhaPE是否是英语的一个子类。从背景知识来看，GhaPE是一种皮钦语，而皮钦语通常是不同语言接触后形成的混合语，通常基于一种主要语言，这里是英语。因此，GhaPE可以被视为英语的一种变体或方言，属于英语的子类。

常识上，皮钦语通常被视为母语语言的变体，因此在这种情况下，GhaPE作为英语的一种变体，确实属于英语语言的子类。因此，这个公理是正确的。
</think>

判断结果：正确
解释：Ghanaian Pidgin English作为英语的一种变体，属于英语语言的子类，符合subClassOf的语义规则。",1,1,
hard_case_0289,subClassOf,Historical_Chinese_Q10913056 ⊑ Chinese_language,"背景知识：
条目1：
- 名称：Historical_Chinese_Q10913056
- 类型：Class
- 简介：Historical_Chinese_Q10913056 is a class in the knowledge base.

条目2：
- 名称：Chinese_language
- 类型：Class
- 简介：Chinese is an umbrella term for all Sinitic languages, widely recognized as a collection of language varieties, spoken natively by the ethnic Han Chinese majority and many minority ethnic groups in Greater China, as well as by various commu...",1,deepseek-ai/DeepSeek-R1-Distill-Qwen-32B,0.0,8192,https://api2.aigcbest.top/v1,"嗯，我现在需要判断这个RDFS公理是否正确。公理是Historical_Chinese_Q10913056 ⊑ Chinese_language，也就是Historical_Chinese_Q10913056是Chinese_language的子类。首先，我得理解这两个类的含义。

根据背景知识，Historical_Chinese_Q10913056是一个类，但简介里没有详细说明，可能是一个特定的历史时期或变体的中文。而Chinese_language是一个更广泛的类，指的是所有汉语方言的集合，包括现代和历史上的各种形式。

RDFS的subClassOf表示的是类的包含关系，也就是Historical_Chinese_Q10913056的所有实例都属于Chinese_language。这在语义上是合理的，因为历史上的中文变体自然属于汉语的范畴。所以，这个公理应该是正确的。
</think>

判断结果：正确
解释：Historical_Chinese_Q10913056作为历史上的中文变体，属于更广泛的Chinese_language类别，符合subClassOf的语义关系。",1,1,
hard_case_0290,subClassOf,Lawyer ⊑ Rábula_Q10365511,"背景知识：
条目1：
- 名称：Lawyer
- 类型：Class
- 简介：A lawyer is a person who is qualified to offer advice about the law, draft legal documents, or represent individuals in legal matters.

条目2：
- 名称：Rábula_Q10365511
- 类型：Class
- 简介：Rábula_Q10365511 is a class in the knowledge base.",0,deepseek-ai/DeepSeek-R1-Distill-Qwen-32B,0.0,8192,https://api2.aigcbest.top/v1,"好，我现在需要分析这个RDFS公理是否正确。公理是Lawyer ⊑ Rábula_Q10365511，也就是Lawyer是Rábula_Q10365511的子类。首先，我得理解这两个类的定义。

Lawyer是一个职业，指的是有资格提供法律建议、起草法律文件或代表个人处理法律事务的人。而Rábula_Q10365511在背景知识中没有详细的描述，只知道它是一个类。根据常识，Rábula可能是一个特定领域或特定知识库中的类，但没有具体信息。

接下来，我需要考虑RDFS的subClassOf规则。如果Lawyer是Rábula的子类，那么所有律师都必须属于Rábula类。但因为Rábula的信息不明确，无法确定它是否与律师相关。常识上，律师通常属于更广泛的类别，比如Person或Professional，而不是一个未知的类。

因此，这个公理可能不合理，因为它缺乏足够的背景支持。Rábula_Q10365511的定义不明确，无法确认它与Lawyer之间的包含关系是否正确。所以，这个公理应该是错误的。
</think>

判断结果：错误
解释：Rábula_Q10365511的定义不明确，无法确认Lawyer是否是其子类。",0,1,
hard_case_0291,subClassOf,Legal_Scholar_Q16012028 ⊑ Constitutional_Lawyer_Q2325224,"背景知识：
条目1：
- 名称：Legal_Scholar_Q16012028
- 类型：Class
- 简介：Legal_Scholar_Q16012028 is a class in the knowledge base.

条目2：
- 名称：Constitutional_Lawyer_Q2325224
- 类型：Class
- 简介：Constitutional_Lawyer_Q2325224 is a class in the knowledge base.",0,deepseek-ai/DeepSeek-R1-Distill-Qwen-32B,0.0,8192,https://api2.aigcbest.top/v1,"嗯，我现在需要判断这个RDFS公理是否正确。公理是Legal_Scholar_Q16012028 ⊑ Constitutional_Lawyer_Q2325224，也就是Legal_Scholar是Constitutional_Lawyer的子类。首先，我得理解这两个类的含义。

根据背景知识，Legal_Scholar_Q16012028是一个类，可能指的是法律学者，而Constitutional_Lawyer_Q2325224则是宪法律师。法律学者通常是指在法律领域有研究的人，可能包括各种法律分支，比如刑法、民法、宪法等。而宪法律师则更具体，专门处理宪法相关的问题。

接下来，我需要分析这两个类之间的关系。子类关系意味着所有属于Legal_Scholar的实例都必须属于Constitutional_Lawyer。也就是说，每个法律学者都是宪法律师。这显然有问题，因为法律学者可能专注于其他领域，比如商法或刑法，而不一定是宪法。因此，这种包含关系并不成立。

再考虑RDFS的语义规则，subClassOf表示的是严格的包含关系，即所有实例都必须满足。这里的情况显然不符合，因为法律学者的范围更广，而宪法律师只是其中的一部分。所以，这个公理是错误的。
</think>

判断结果：错误
解释：Legal_Scholar_Q16012028作为法律学者，其范围比Constitutional_Lawyer_Q2325224宪法律师更广，因此不能作为其子类。",0,1,
hard_case_0292,subClassOf,Lyricist ⊑ Cancionista_Q24961653,"背景知识：
条目1：
- 名称：Lyricist
- 类型：Class
- 简介：A lyricist is a writer who writes lyrics, as opposed to a composer, who writes the song's music which may include the melody, harmony, arrangement and accompaniment.

条目2：
- 名称：Cancionista_Q24961653
- 类型：Class
- 简介：Cancionista_Q24961653 is a class in the knowledge base.",0,deepseek-ai/DeepSeek-R1-Distill-Qwen-32B,0.0,8192,https://api2.aigcbest.top/v1,"好，我现在需要判断这个RDFS公理是否正确。公理是Lyricist ⊑ Cancionista_Q24961653，也就是Lyricist是Cancionista_Q24961653的子类。首先，我得理解这两个类的定义。

根据背景知识，Lyricist是一个类，指的是创作歌词的人，与作曲家不同，作曲家负责音乐部分。而Cancionista_Q24961653也是一个类，但简介里只提到它是一个知识库中的类，没有具体说明它的定义。这可能意味着Cancionista_Q24961653可能是一个更广泛或不同的类别，比如可能与音乐表演者有关，或者有其他特定的含义。

接下来，我需要分析这两个类之间的关系。Lyricist主要涉及歌词创作，而Cancionista可能与演唱或表演有关。通常，创作歌词的人和表演歌曲的人是不同的角色，虽然有时一个人可能同时担任这两个角色，但这并不意味着所有Lyricist都是Cancionista_Q24961653的子类。

根据RDFS的subClassOf规则，如果Lyricist是Cancionista_Q24961653的子类，那么所有Lyricist的实例都必须属于Cancionista_Q24961653。但根据常识，创作歌词的人并不一定都是表演者，因此这种包含关系可能不成立。

此外，Cancionista_Q24961653的定义不够明确，无法确定它是否涵盖了Lyricist的所有实例。因此，这个公理可能与背景知识和常识相冲突，判断为错误。
</think>

判断结果：错误
解释：Lyricist和Cancionista_Q24961653在背景知识中没有明确的包含关系，因此无法确定Lyricist是Cancionista_Q24961653的子类。",0,1,
hard_case_0293,subClassOf,Manbhumi_dialect ⊑ Bengali_language,"背景知识：
条目1：
- 名称：Manbhumi_dialect
- 类型：Class
- 简介：Western Bengali or Mānbhūmī Bengali is a set of western vernacular Bengali dialects spoken in Purulia, West Bardhaman, Bankura, Greater Medinipur, Birbhum, Singhbhum, Santal Parganas, Chotanagpur, Kakdwip of South 24 Parganas and other adja...

条目2：
- 名称：Bengali_language
- 类型：Class
- 简介：Bengali, also known by its endonym Bangla, is a classical Indo-Aryan language belonging to the Indo-Iranian branch of the Indo-European language family. It is primarily spoken by the Bengali people, native to the Bengal region. With over 24...",1,deepseek-ai/DeepSeek-R1-Distill-Qwen-32B,0.0,8192,https://api2.aigcbest.top/v1,"嗯，我现在需要判断这个RDFS公理是否正确。公理是Manbhumi_dialect ⊑ Bengali_language，也就是Manbhumi方言是孟加拉语的子类。首先，我得理解这两个类是什么。

根据背景知识，Manbhumi_dialect是西方孟加拉语或Mānbhūmī孟加拉语，属于西方孟加拉方言，主要在Purulia、West Bardhaman等地使用。而Bengali_language是孟加拉语，属于印欧语系，由孟加拉人使用，主要在孟加拉地区。

RDFS的subClassOf表示类之间的包含关系，即Manbhumi方言是孟加拉语的一个子类。从背景来看，Manbhumi方言确实是孟加拉语的一种方言，属于孟加拉语的分支。因此，这个公理是正确的，因为它准确反映了方言与主要语言之间的包含关系。
</think>

判断结果：正确
解释：Manbhumi_dialect是Bengali_language的一种方言，因此作为其子类是合理的。",1,1,
hard_case_0297,subClassOf,Skerry_Coast_Q13137873 ⊑ Archipelago,"背景知识：
条目1：
- 名称：Skerry_Coast_Q13137873
- 类型：Class
- 简介：Skerry_Coast_Q13137873 is a class in the knowledge base.

条目2：
- 名称：Archipelago
- 类型：Class
- 简介：An archipelago, sometimes called an island group or island chain, is a chain, cluster, or collection of islands. An archipelago may be in an ocean, a sea, or a smaller body of water. Examples of archipelagos include the Aegean Islands, the....",1,deepseek-ai/DeepSeek-R1-Distill-Qwen-32B,0.0,8192,https://api2.aigcbest.top/v1,"好，我现在需要判断这个RDFS公理是否正确。公理是Skerry_Coast_Q13137873 ⊑ Archipelago，也就是Skerry_Coast_Q13137873是Archipelago的子类。

首先，我得理解这两个类的定义。Skerry_Coast_Q13137873是一个类，但背景知识里没有详细说明它具体是什么。而Archipelago是一个群岛，由多个岛屿组成，通常位于海洋、海或较小的水域中，比如爱琴海群岛。

接下来，我需要分析Skerry_Coast_Q13137873是否属于群岛。Skerry在地理学中通常指的是小岛或礁石，特别是在北欧地区。Skerry Coast可能指的是由这些小岛组成的海岸线，比如瑞典的斯科格海岸。这种情况下，Skerry Coast可能是一个由多个小岛组成的区域，类似于群岛。

根据RDFS的subClassOf规则，如果Skerry_Coast_Q13137873确实是由多个岛屿组成的，那么它作为Archipelago的子类是合理的。因为群岛的定义就是多个岛屿的集合，而Skerry Coast可能正好符合这一点。

不过，我需要确认Skerry_Coast_Q13137873的具体定义是否确实指代一个群岛。如果它指的是一个单一的地理特征，而不是多个岛屿的集合，那么这个公理可能就不正确了。但根据常识，Skerry Coast通常指的是由多个小岛组成的海岸，因此它应该属于群岛的范畴。

综上所述，这个公理是正确的，因为Skerry_Coast_Q13137873符合Archipelago的定义。
</think>

判断结果：正确
解释：Skerry_Coast_Q13137873作为由多个小岛组成的海岸线，符合Archipelago的定义，因此是其子类。",1,1,
hard_case_0298,subClassOf,State_Public_Works_Engineering_Corps__u0028_France_u0029_ ⊑ Engineer,"背景知识：
条目1：
- 名称：State_Public_Works_Engineering_Corps__u0028_France_u0029_
- 类型：Class
- 简介：State_Public_Works_Engineering_Corps__u0028_France_u0029_ is a class in the knowledge base.

条目2：
- 名称：Engineer
- 类型：Class
- 简介：An engineer is a practitioner of engineering. The word engineer is derived from the Latin words ingeniare and ingenium (""cleverness""). The foundational qualifications of a licensed professional engineer typically include a four-year bachelo...",1,deepseek-ai/DeepSeek-R1-Distill-Qwen-32B,0.0,8192,https://api2.aigcbest.top/v1,"嗯，我现在需要判断这个RDFS公理是否正确。公理是State_Public_Works_Engineering_Corps__u0028_France_u0029_ ⊑ Engineer，也就是State_Public_Works_Engineering_Corps__u0028_France_u0029_是Engineer的子类。

首先，我得理解这两个类的含义。根据背景知识，State_Public_Works_Engineering_Corps__u0028_France_u0029_是一个类，可能指的是法国的公共工程 Corps。而Engineer类指的是工程师，是工程领域的从业者。

接下来，我需要分析这两个类之间的关系。子类关系意味着所有属于State_Public_Works_Engineering_Corps__u0028_France_u0029_的实例都必须是Engineer的实例。也就是说，法国公共工程 Corps 的成员都是工程师。

根据常识，公共工程 Corps 通常由工程师组成，因为他们负责规划、设计和监督公共工程项目。因此，这个子类关系在语义上是合理的，符合背景知识和常识。

所以，这个公理是正确的，因为它准确地反映了法国公共工程 Corps 成员的职业身份。
</think>

判断结果：正确
解释：State_Public_Works_Engineering_Corps__u0028_France_u0029_的成员都是工程师，因此该公理正确。",1,1,
hard_case_0305,subPropertyOf,clipNumber ⊑p position,"背景知识：
条目1：
- 名称：clipNumber
- 类型：Property
- 简介：Position of the clip within an ordered group of clips.
- 补充信息：domainIncludes: http://schema.org/Clip | rangeIncludes: http://schema.org/Integer, http://schema.org/Text

条目2：
- 名称：position
- 类型：Property
- 简介：The position of an item in a series or sequence of items.
- 补充信息：domainIncludes: http://schema.org/CreativeWork, http://schema.org/ListItem | rangeIncludes: http://schema.org/Integer, http://schema.org/Text",1,deepseek-ai/DeepSeek-R1-Distill-Qwen-32B,0.0,8192,https://api2.aigcbest.top/v1,"嗯，我现在需要判断这个RDFS公理是否正确。公理是clipNumber ⊑p position，也就是clipNumber是position的子属性。首先，我得理解这两个属性的定义和背景知识。

根据背景知识，clipNumber的类型是Property，简介是表示剪辑在有序剪辑组中的位置。补充信息显示，它的domain是Clip，range包括Integer和Text。而position也是一个Property，简介是表示项目在系列或序列中的位置，domain包括CreativeWork和ListItem，range同样包括Integer和Text。

接下来，我需要分析这两个属性的语义关系。clipNumber专门用于描述Clip的位置，而position则更广泛，适用于CreativeWork和ListItem。从语义上看，clipNumber可以看作是position的一个具体应用，因为Clip可能属于CreativeWork的一种，所以clipNumber的位置信息可以被position所涵盖。

根据RDFS的subPropertyOf规则，如果clipNumber的domain和range都是position的子集或相等，那么clipNumber可以是position的子属性。这里，clipNumber的domain是Clip，而position的domain包括CreativeWork，假设Clip是CreativeWork的子类，那么clipNumber的domain确实在position的domain范围内。此外，两者的range都是Integer和Text，完全一致。

因此，clipNumber作为position的子属性是合理的，符合RDFS的语义规则。所以，这个公理是正确的。
</think>

判断结果：正确
解释：clipNumber是position的子属性，因为clipNumber的语义范围和约束条件与position相匹配，clipNumber的domain和range都是position的子集或相等。",1,1,
hard_case_0306,subPropertyOf,confirmationNumber ⊑p identifier,"背景知识：
条目1：
- 名称：confirmationNumber
- 类型：Property
- 简介：A number that confirms the given order or payment has been received.
- 补充信息：domainIncludes: http://schema.org/Invoice, http://schema.org/Order | rangeIncludes: http://schema.org/Text

条目2：
- 名称：identifier
- 类型：Property
- 简介：The identifier property represents any kind of identifier for any kind of <a class=""localLink"" href=""/Thing"">Thing</a>, such as ISBNs, GTIN codes, UUIDs etc. Schema.org provides dedicated properties for representing many of these, either as...
- 补充信息：domainIncludes: http://schema.org/Thing | rangeIncludes: http://schema.org/PropertyValue, http://schema.org/Text, http://schema.org/URL",1,deepseek-ai/DeepSeek-R1-Distill-Qwen-32B,0.0,8192,https://api2.aigcbest.top/v1,"嗯，我现在需要判断这个RDFS公理是否正确。公理是confirmationNumber ⊑p identifier，也就是确认号属性是标识符属性的子属性。首先，我得理解这两个属性的定义和背景知识。

根据背景知识，confirmationNumber是一个属性，用于确认订单或支付已被接收，它的domain包括Invoice和Order，range是Text。而identifier是一个更广泛的属性，用于表示任何事物的标识符，比如ISBN、GTIN码等，domain是Thing，范围包括PropertyValue、Text和URL。

接下来，我需要分析subPropertyOf的关系是否成立。subPropertyOf意味着confirmationNumber的所有实例都必须是identifier的实例。也就是说，任何使用confirmationNumber的地方，也应该被视为使用identifier的情况。

从定义上看，确认号确实是一种标识符，因为它用于确认订单或支付，通常是一个文本字符串。因此，从语义上看，confirmationNumber可以被视为identifier的一个子属性。此外，domain和range的约束也支持这一点，因为Invoice和Order都是Thing的子类，而Text也在identifier的范围内。

所以，这个公理是合理的，没有违反RDFS的规则，也没有与背景知识冲突。
</think>

判断结果：正确
解释：confirmationNumber作为标识符的一种，符合identifier的定义和范围，因此可以作为其子属性。",1,1,
hard_case_0307,subPropertyOf,episode ⊑p hasPart,"背景知识：
条目1：
- 名称：episode
- 类型：Property
- 简介：An episode of a TV, radio or game media within a series or season.
- 补充信息：domainIncludes: http://schema.org/CreativeWorkSeason, http://schema.org/RadioSeries, http://schema.org/TVSeries, http://schema.org/VideoGameSeries | rangeIncludes: http://schema.or...

条目2：
- 名称：hasPart
- 类型：Property
- 简介：Indicates an item or CreativeWork that is part of this item, or CreativeWork (in some sense).
- 补充信息：domainIncludes: http://schema.org/CreativeWork | rangeIncludes: http://schema.org/CreativeWork",1,deepseek-ai/DeepSeek-R1-Distill-Qwen-32B,0.0,8192,https://api2.aigcbest.top/v1,"嗯，我现在需要判断这个RDFS公理是否正确。公理是episode ⊑p hasPart，也就是episode这个属性是hasPart的子属性。首先，我得理解这两个属性的定义和背景知识。

根据背景知识，episode是一个属性，表示电视、广播或游戏媒体中的一个剧集或季节。它的domain包括CreativeWorkSeason、RadioSeries、TVSeries和VideoGameSeries，而range包括CreativeWork。这说明episode通常用于描述这些类别的作品中的一个部分。

然后看hasPart，它也是一个属性，表示某个项目或创意作品是另一个项目或创意作品的一部分。它的domain是CreativeWork，range也是CreativeWork。这意味着hasPart用于描述创意作品之间的部分与整体关系。

现在，判断episode是否是hasPart的子属性。子属性意味着episode的所有使用场景都必须符合hasPart的定义。episode确实描述了某个系列中的一个部分，比如一季中的某一集，这符合hasPart的部分与整体关系。因此，episode作为hasPart的子属性是合理的，没有冲突。
</think>

判断结果：正确
解释：episode属性描述了媒体系列中的一个部分，符合hasPart属性的语义，表示部分与整体的关系。",1,1,
hard_case_0310,subPropertyOf,homeLocation ⊑p location,"背景知识：
条目1：
- 名称：homeLocation
- 类型：Property
- 简介：A contact location for a person's residence.
- 补充信息：domainIncludes: http://schema.org/Person | rangeIncludes: http://schema.org/ContactPoint, http://schema.org/Place

条目2：
- 名称：location
- 类型：Property
- 简介：The location of, for example, where an event is happening, where an organization is located, or where an action takes place.
- 补充信息：domainIncludes: http://schema.org/Action, http://schema.org/Event, http://schema.org/InteractionCounter, http://schema.org/Organization | rangeIncludes: http://schema.org/Place, ht...",1,deepseek-ai/DeepSeek-R1-Distill-Qwen-32B,0.0,8192,https://api2.aigcbest.top/v1,"嗯，我现在需要判断这个RDFS公理是否正确。公理是homeLocation ⊑p location，也就是homeLocation是location的子属性。首先，我得理解这两个属性的定义和背景知识。

根据背景知识，homeLocation是一个属性，用于表示一个人的居住联系地点。它的domain是Person，range包括ContactPoint和Place。而location属性则更广泛，用于表示事件、组织等的位置，domain包括Action、Event、InteractionCounter、Organization，range是Place等。

接下来，我需要分析它们的语义关系。homeLocation专门用于描述人的居住地，而location则用于更广泛的场景，比如事件的位置或组织的位置。从语义上看，homeLocation是location的一个特例，因为它只针对人的居住地，而location的应用范围更广。

根据RDFS的subPropertyOf规则，如果一个属性是另一个属性的子属性，那么前者的所有实例都必须满足后者的约束。这里，homeLocation的所有实例都是关于人的居住地，而location的范围包括了Place，这与homeLocation的range部分重叠。因此，homeLocation可以被视为location的子属性，因为它更具体，且范围没有超出location的范围。

所以，这个公理是合理的，没有违反背景知识或语义规则。
</think>

判断结果：正确
解释：homeLocation是location的子属性，因为homeLocation的范围包括Place，而location的范围也包括Place，且homeLocation的语义是location的一个特例。",1,1,
hard_case_0311,subPropertyOf,identifier ⊑p gtin12,"背景知识：
条目1：
- 名称：identifier
- 类型：Property
- 简介：The identifier property represents any kind of identifier for any kind of <a class=""localLink"" href=""/Thing"">Thing</a>, such as ISBNs, GTIN codes, UUIDs etc. Schema.org provides dedicated properties for representing many of these, either as...
- 补充信息：domainIncludes: http://schema.org/Thing | rangeIncludes: http://schema.org/PropertyValue, http://schema.org/Text, http://schema.org/URL

条目2：
- 名称：gtin12
- 类型：Property
- 简介：The GTIN-12 code of the product, or the product to which the offer refers. The GTIN-12 is the 12-digit GS1 Identification Key composed of a U.P.C. Company Prefix, Item Reference, and Check Digit used to identify trade items. See <a href=""ht...
- 补充信息：domainIncludes: http://schema.org/Demand, http://schema.org/Offer, http://schema.org/Product | rangeIncludes: http://schema.org/Text",0,deepseek-ai/DeepSeek-R1-Distill-Qwen-32B,0.0,8192,https://api2.aigcbest.top/v1,"嗯，我现在需要判断这个RDFS公理是否正确。公理是identifier ⊑p gtin12，也就是identifier是gtin12的子属性。首先，我得理解这两个属性的定义和背景知识。

根据背景知识，identifier是一个属性，用于表示任何种类的Thing的标识符，比如ISBN、GTIN码、UUID等等。它的domain是Thing，range包括PropertyValue、Text和URL。而gtin12则是专门用于表示产品的GTIN-12代码，domain包括Demand、Offer和Product，range是Text。

接下来，我需要分析subPropertyOf的关系是否成立。subPropertyOf意味着identifier的所有使用情况都必须满足gtin12的条件。也就是说，任何使用identifier的地方都必须符合gtin12的定义。但实际情况是，identifier的范围更广，可以包含各种类型的标识符，而gtin12只是其中一种特定的类型。因此，identifier并不完全被gtin12所包含，反而gtin12应该是identifier的一个子属性，而不是反过来。

此外，从domain和range来看，identifier的domain是Thing，而gtin12的domain更具体，只包括Demand、Offer和Product。如果identifier是gtin12的子属性，那么identifier的domain应该包含在gtin12的domain中，但实际上并非如此。因此，这个公理与背景知识不符，是错误的。
</think>

判断结果：错误
解释：identifier的范围比gtin12更广泛，不能作为其子属性。",0,1,
hard_case_0314,subPropertyOf,inChI ⊑p hasRepresentation,"背景知识：
条目1：
- 名称：inChI
- 类型：Property
- 简介：Non-proprietary identifier for molecular entity that can be used in printed and electronic data sources thus enabling easier linking of diverse data compilations.
- 补充信息：domainIncludes: http://schema.org/MolecularEntity | rangeIncludes: http://schema.org/Text

条目2：
- 名称：hasRepresentation
- 类型：Property
- 简介：A common representation such as a protein sequence or chemical structure for this entity. For images use schema.org/image.
- 补充信息：domainIncludes: http://schema.org/BioChemEntity | rangeIncludes: http://schema.org/PropertyValue, http://schema.org/Text, http://schema.org/URL",1,deepseek-ai/DeepSeek-R1-Distill-Qwen-32B,0.0,8192,https://api2.aigcbest.top/v1,"嗯，我现在需要判断这个RDFS公理是否正确。公理是inChI ⊑p hasRepresentation，也就是inChI是hasRepresentation的子属性。首先，我得理解这两个属性的定义和背景知识。

根据背景知识，inChI是一个属性，用于标识分子实体，它的domain是MolecularEntity，range是Text。而hasRepresentation也是一个属性，用于表示生物化学实体的常见表示，比如蛋白质序列或化学结构，它的domain是BioChemEntity，range包括PropertyValue、Text和URL。

接下来，我需要分析这两个属性的语义关系。inChI专门用于分子实体，而hasRepresentation用于更广泛的生物化学实体。从domain来看，MolecularEntity是BioChemEntity的一个子类，所以inChI的domain是hasRepresentation domain的一个子集。这可能意味着inChI可以作为hasRepresentation的一个特例。

再看range，inChI的range是Text，而hasRepresentation的range包括Text，所以inChI的range是hasRepresentation range的一个子集。这符合subPropertyOf的条件，即如果一个属性的domain和range都是另一个属性的子集，那么它就是另一个属性的子属性。

因此，inChI作为hasRepresentation的子属性是合理的，因为它在更具体的范围内使用，并且符合RDFS的语义规则。所以，这个公理是正确的。
</think>

判断结果：正确
解释：inChI的domain是MolecularEntity，而hasRepresentation的domain是BioChemEntity，且MolecularEntity是BioChemEntity的子类，因此inChI可以作为hasRepresentation的子属性。",1,1,
hard_case_0323,subPropertyOf,logo ⊑p image,"背景知识：
条目1：
- 名称：logo
- 类型：Property
- 简介：An associated logo.
- 补充信息：domainIncludes: http://schema.org/Brand, http://schema.org/Certification, http://schema.org/Organization, http://schema.org/Place, http://schema.org/Product, http://schema.org/Serv...

条目2：
- 名称：image
- 类型：Property
- 简介：An image of the item. This can be a <a class=""localLink"" href=""/URL"">URL</a> or a fully described <a class=""localLink"" href=""/ImageObject"">ImageObject</a>.
- 补充信息：domainIncludes: http://schema.org/Thing | rangeIncludes: http://schema.org/ImageObject, http://schema.org/URL",1,deepseek-ai/DeepSeek-R1-Distill-Qwen-32B,0.0,8192,https://api2.aigcbest.top/v1,"嗯，我现在需要判断这个RDFS公理是否正确。公理是logo ⊑p image，也就是logo是image的子属性。首先，我得理解这两个属性的定义和背景知识。

根据背景知识，logo是一个属性，用于表示与品牌、认证、组织等相关的标志。它的domain包括Brand、Certification、Organization、Place、Product、Service等。而image属性则更广泛，用于表示任何项目的图像，可以是URL或ImageObject，domain是Thing，范围包括ImageObject和URL。

接下来，我需要分析subPropertyOf的关系。subPropertyOf意味着logo的所有使用都必须满足image的约束。也就是说，如果一个资源有logo属性，那么它也应该有image属性，并且logo的值必须符合image的范围。

但是，logo的范围可能不仅仅是图像，还可能包括其他类型的资源，比如品牌标志可能是一个URL指向图片，也可能是一个具体的ImageObject。而image的范围明确包括ImageObject和URL，所以从范围上看，logo的值可能在image的范围内，这可能成立。

不过，从domain的角度来看，logo的domain比image更具体，image的domain是Thing，几乎任何东西都可以有image属性。而logo的domain更窄，只适用于特定的类。这可能意味着logo的使用场景更受限，但并不直接影响subPropertyOf的正确性，因为subPropertyOf主要关注属性的范围和值类型，而不是domain。

再考虑常识，logo通常是一个图像，所以logo的值通常会是image的值。因此，从语义上看，logo作为image的子属性是合理的，因为logo的值通常符合image的范围。

综上所述，这个公理是正确的，因为logo的值类型和范围与image兼容，符合subPropertyOf的定义。
</think>

判断结果：正确
解释：logo的值类型与image的范围兼容，符合subPropertyOf的定义。",1,1,
hard_case_0327,subPropertyOf,missionCoveragePrioritiesPolicy ⊑p publishingPrinciples,"背景知识：
条目1：
- 名称：missionCoveragePrioritiesPolicy
- 类型：Property
- 简介：For a <a class=""localLink"" href=""/NewsMediaOrganization"">NewsMediaOrganization</a>, a statement on coverage priorities, including any public agenda or stance on issues.
- 补充信息：domainIncludes: http://schema.org/NewsMediaOrganization | rangeIncludes: http://schema.org/CreativeWork, http://schema.org/URL

条目2：
- 名称：publishingPrinciples
- 类型：Property
- 简介：The publishingPrinciples property indicates (typically via <a class=""localLink"" href=""/URL"">URL</a>) a document describing the editorial principles of an <a class=""localLink"" href=""/Organization"">Organization</a> (or individual, e.g. a <a c...
- 补充信息：domainIncludes: http://schema.org/CreativeWork, http://schema.org/Organization, http://schema.org/Person | rangeIncludes: http://schema.org/CreativeWork, http://schema.org/URL",1,deepseek-ai/DeepSeek-R1-Distill-Qwen-32B,0.0,8192,https://api2.aigcbest.top/v1,"嗯，我现在需要判断这个RDFS公理是否正确。公理是missionCoveragePrioritiesPolicy ⊑p publishingPrinciples，也就是missionCoveragePrioritiesPolicy是publishingPrinciples的子属性。首先，我得理解这两个属性的定义和背景知识。

根据背景知识，missionCoveragePrioritiesPolicy是一个属性，用于NewsMediaOrganization，描述他们的报道优先级，包括公共议程或立场。它的domain是NewsMediaOrganization，range包括CreativeWork和URL。而publishingPrinciples也是一个属性，用于Organization、CreativeWork或Person，描述编辑原则，通常通过URL链接到文档。它的range同样包括CreativeWork和URL。

现在，我需要分析这两个属性是否符合subPropertyOf的关系。subPropertyOf意味着missionCoveragePrioritiesPolicy的所有实例都必须是publishingPrinciples的实例。也就是说，任何使用missionCoveragePrioritiesPolicy的地方，也应该可以用publishingPrinciples来表示。

从domain来看，missionCoveragePrioritiesPolicy的domain是NewsMediaOrganization，而publishingPrinciples的domain更广泛，包括Organization、CreativeWork和Person。NewsMediaOrganization是Organization的一个子类，所以domain方面是兼容的。

接下来，range方面，两者都包括CreativeWork和URL，所以range也没有问题。那么，从语义上看，missionCoveragePrioritiesPolicy是否是publishingPrinciples的子属性呢？missionCoveragePrioritiesPolicy更具体，专门用于新闻媒体的报道优先级，而publishingPrinciples更广泛，用于组织、创意作品或个人的编辑原则。因此，missionCoveragePrioritiesPolicy可以被视为publishingPrinciples的一个具体实例，因为它描述的是组织（特别是新闻媒体）的编辑原则。

综上所述，这个公理是正确的，因为missionCoveragePrioritiesPolicy在语义上是publishingPrinciples的一个子属性，符合subPropertyOf的定义。
</think>

判断结果：正确
解释：missionCoveragePrioritiesPolicy是NewsMediaOrganization的属性，描述其报道优先级，而publishingPrinciples是更广泛的属性，适用于Organization等，因此前者是后者的子属性。",1,1,
hard_case_0330,subPropertyOf,orderNumber ⊑p identifier,"背景知识：
条目1：
- 名称：orderNumber
- 类型：Property
- 简介：The identifier of the transaction.
- 补充信息：domainIncludes: http://schema.org/Order | rangeIncludes: http://schema.org/Text

条目2：
- 名称：identifier
- 类型：Property
- 简介：The identifier property represents any kind of identifier for any kind of <a class=""localLink"" href=""/Thing"">Thing</a>, such as ISBNs, GTIN codes, UUIDs etc. Schema.org provides dedicated properties for representing many of these, either as...
- 补充信息：domainIncludes: http://schema.org/Thing | rangeIncludes: http://schema.org/PropertyValue, http://schema.org/Text, http://schema.org/URL",1,deepseek-ai/DeepSeek-R1-Distill-Qwen-32B,0.0,8192,https://api2.aigcbest.top/v1,"嗯，我现在需要判断这个RDFS公理是否正确。公理是orderNumber ⊑p identifier，也就是orderNumber是identifier的子属性。首先，我得理解这两个属性的定义和背景知识。

根据背景知识，orderNumber是一个属性，它的domain是Order，range是Text。也就是说，orderNumber用于标识交易，属于Order类的属性，值是文本类型。而identifier是一个更广泛的属性，它的domain是Thing，范围包括PropertyValue、Text和URL。Thing是所有类的父类，所以identifier几乎可以应用到任何事物上，比如书籍的ISBN，商品的GTIN码等等。

接下来，我需要分析subPropertyOf的关系是否成立。subPropertyOf意味着orderNumber的所有实例都必须是identifier的实例。也就是说，如果某个Order有orderNumber，那么这个orderNumber也应该被视为identifier的一个实例。

从背景知识来看，orderNumber的范围是Text，而identifier的范围包括Text，所以从范围上看，orderNumber的值是符合identifier的范围的。此外，orderNumber的domain是Order，而Order是Thing的子类，所以domain方面也没有问题。

再考虑语义，orderNumber确实是一种标识符，用于标识交易，而identifier是一个更通用的属性，可以涵盖各种标识符。因此，orderNumber作为identifier的子属性是合理的，因为它符合更广泛的属性定义。

综上所述，这个公理是正确的，因为它符合RDFS的语义规则，且与背景知识一致。
</think>

判断结果：正确
解释：orderNumber的语义范围和约束与identifier相符合，orderNumber作为identifier的子属性是合理的。",1,1,
hard_case_0331,subPropertyOf,originalMediaContextDescription ⊑p description,"背景知识：
条目1：
- 名称：originalMediaContextDescription
- 类型：Property
- 简介：Describes, in a <a class=""localLink"" href=""/MediaReview"">MediaReview</a> when dealing with <a class=""localLink"" href=""/DecontextualizedContent"">DecontextualizedContent</a>, background information that can contribute to better interpretation...
- 补充信息：domainIncludes: http://schema.org/MediaReview | rangeIncludes: http://schema.org/Text

条目2：
- 名称：description
- 类型：Property
- 简介：A description of the item.
- 补充信息：domainIncludes: http://schema.org/Thing | rangeIncludes: http://schema.org/Text, http://schema.org/TextObject",1,deepseek-ai/DeepSeek-R1-Distill-Qwen-32B,0.0,8192,https://api2.aigcbest.top/v1,"好，我现在需要判断给定的RDFS公理是否正确。公理是originalMediaContextDescription ⊑p description，也就是originalMediaContextDescription是description的子属性。

首先，我需要理解这两个属性的定义和背景知识。根据提供的背景知识，originalMediaContextDescription是一个属性，用于描述在MediaReview中处理DecontextualizedContent时的背景信息，帮助更好地解释。它的domain是MediaReview，range是Text。

而description也是一个属性，用于描述一个项目，domain是Thing，范围包括Text和TextObject。

接下来，我需要分析这两个属性之间的关系。subPropertyOf关系意味着originalMediaContextDescription的所有使用都必须满足description的约束。也就是说，如果originalMediaContextDescription的domain是MediaReview，而description的domain是Thing，那么MediaReview是Thing的子类，这没问题，因为MediaReview属于Thing。

再看range，originalMediaContextDescription的range是Text，而description的range包括Text和TextObject。Text是TextObject的子类，所以Text属于description的range，这也符合要求。

因此，originalMediaContextDescription的所有实例都满足description的domain和range约束，所以这个公理是正确的。
</think>

判断结果：正确
解释：originalMediaContextDescription的domain是MediaReview，而description的domain是Thing，MediaReview是Thing的子类，因此originalMediaContextDescription可以作为description的子属性。",1,1,
hard_case_0343,subPropertyOf,workLocation ⊑p location,"背景知识：
条目1：
- 名称：workLocation
- 类型：Property
- 简介：A contact location for a person's place of work.
- 补充信息：domainIncludes: http://schema.org/Person | rangeIncludes: http://schema.org/ContactPoint, http://schema.org/Place

条目2：
- 名称：location
- 类型：Property
- 简介：The location of, for example, where an event is happening, where an organization is located, or where an action takes place.
- 补充信息：domainIncludes: http://schema.org/Action, http://schema.org/Event, http://schema.org/InteractionCounter, http://schema.org/Organization | rangeIncludes: http://schema.org/Place, ht...",1,deepseek-ai/DeepSeek-R1-Distill-Qwen-32B,0.0,8192,https://api2.aigcbest.top/v1,"嗯，我现在需要判断这个RDFS公理是否正确。公理是workLocation ⊑p location，也就是workLocation是location的子属性。首先，我得理解这两个属性的定义和背景知识。

根据背景知识，workLocation是一个属性，用于表示一个人的工作地点。它的domain是Person，range包括ContactPoint和Place。而location属性则更广泛，用于表示事件、组织等的位置，domain包括Action、Event、InteractionCounter、Organization，range是Place等。

接下来，我需要分析它们的语义关系。workLocation专门用于描述人的工作地点，而location则更通用，可以描述各种事物的位置。从语义上看，workLocation确实可以被视为location的一个特例，因为它描述的也是一种位置，只是特定于工作场所。

然后，根据RDFS的subPropertyOf规则，如果workLocation的domain和range都包含在location的domain和range中，那么workLocation可以是location的子属性。workLocation的domain是Person，而location的domain包括Organization，Person和Organization都是不同的类，但这里可能需要更仔细地分析。不过，从属性的角度来看，workLocation的使用场景是Person的工作地点，而location可以用于更广泛的主体，所以workLocation的使用范围更窄，符合subPropertyOf的条件。

此外，workLocation的range包括ContactPoint和Place，而location的range包括Place，所以workLocation的range并没有超出location的范围，这也支持了workLocation是location的子属性。

综上所述，这个公理是合理的，workLocation确实是location的子属性。
</think>

判断结果：正确
解释：workLocation的语义范围是Person的工作地点，属于更广泛的location属性的特例，符合subPropertyOf的定义。",1,1,
hard_case_0345,domain,domain(attendee) = Event,"背景知识：
条目1：
- 名称：attendee
- 类型：Property
- 简介：A person or organization attending the event.
- 补充信息：domainIncludes: http://schema.org/Event | rangeIncludes: http://schema.org/Organization, http://schema.org/Person

条目2：
- 名称：Event
- 类型：Property
- 简介：Event or the event may refer to:",1,deepseek-ai/DeepSeek-R1-Distill-Qwen-32B,0.0,8192,https://api2.aigcbest.top/v1,"好，我现在需要判断给定的RDFS公理是否正确。公理是domain(attendee) = Event。首先，我得理解每个部分的含义。

attendee是一个属性，根据背景知识，它的domainIncludes是Event，也就是说，attendee的主体必须是Event类的实例。而domain公理在这里表示attendee的主体类型是Event，这与背景知识中的domainIncludes一致。所以，这个公理是正确的，因为它符合RDFS的语义规则和背景信息。
</think>

判断结果：正确
解释：根据背景知识，attendee的domain是Event，因此该公理符合RDFS语义规则。",1,1,
hard_case_0376,domain,domain(performer) = Event,"背景知识：
条目1：
- 名称：performer
- 类型：Property
- 简介：A performer at the event&#x2014;for example, a presenter, musician, musical group or actor.
- 补充信息：domainIncludes: http://schema.org/Event | rangeIncludes: http://schema.org/Organization, http://schema.org/Person

条目2：
- 名称：Event
- 类型：Property
- 简介：Event or the event may refer to:",1,deepseek-ai/DeepSeek-R1-Distill-Qwen-32B,0.0,8192,https://api2.aigcbest.top/v1,"好，我现在需要判断给定的RDFS公理是否正确。公理是domain(performer) = Event。首先，我得理解每个部分的含义。

performer是一个属性，根据背景知识，它的domainIncludes是Event，也就是说，performer属性的主体必须属于Event类。而公理domain(performer) = Event，意味着performer的主体只能是Event类的实例。

接下来，我需要检查这是否符合RDFS的语义规则。RDFS中的domain约束规定，属性的主体必须属于指定的类。这里，performer的domain被明确设置为Event，所以公理是正确的，因为它准确反映了属性的主体类型。

此外，补充信息中提到performer的range包括Organization和Person，这与domain无关，不影响当前判断。因此，公理是正确的。
</think>

判断结果：正确
解释：根据背景知识，performer的domainIncludes明确指出其主体应属于Event类，因此公理domain(performer) = Event是正确的。",1,1,
hard_case_0380,domain,domain(reservationFor) = Reservation,"背景知识：
条目1：
- 名称：reservationFor
- 类型：Property
- 简介：The thing -- flight, event, restaurant, etc. being reserved.
- 补充信息：domainIncludes: http://schema.org/Reservation | rangeIncludes: http://schema.org/Thing

条目2：
- 名称：Reservation
- 类型：Property
- 简介：Reservation may refer to:",1,deepseek-ai/DeepSeek-R1-Distill-Qwen-32B,0.0,8192,https://api2.aigcbest.top/v1,"好，我现在需要分析这个RDFS公理是否正确。公理是domain(reservationFor) = Reservation。首先，我得理解每个部分的意思。

reservationFor是一个属性，根据背景知识，它的domain是Reservation，也就是说，这个属性的主体必须是Reservation类的实例。而Reservation本身也是一个类，代表预订。

接下来，我查看背景知识中的条目。条目1提到reservationFor的domainIncludes是Reservation，这说明reservationFor的主体确实属于Reservation类。而条目2则说明Reservation是一个类，可能包含各种预订信息。

根据RDFS的语义规则，domain约束了属性的主体类型。这里，reservationFor的domain被设定为Reservation，这与背景知识中的描述是一致的。因此，这个公理是正确的，因为它准确反映了reservationFor属性的主体类型。
</think>

判断结果：正确
解释：根据背景知识，reservationFor的domain是Reservation，这与给定的公理一致。",1,1,
hard_case_0388,domain,domain(step) = HowTo,"背景知识：
条目1：
- 名称：step
- 类型：Property
- 简介：A single step item (as HowToStep, text, document, video, etc.) or a HowToSection.
- 补充信息：domainIncludes: http://schema.org/HowTo | rangeIncludes: http://schema.org/CreativeWork, http://schema.org/HowToSection, http://schema.org/HowToStep, http://schema.org/Text

条目2：
- 名称：HowTo
- 类型：Property
- 简介：How to or how-to may refer to:A user guide A tutorial Especially, instructional material created for the do it yourself market",1,deepseek-ai/DeepSeek-R1-Distill-Qwen-32B,0.0,8192,https://api2.aigcbest.top/v1,"好，我现在需要判断给定的RDFS公理是否正确。公理是domain(step) = HowTo。首先，我得理解这个公理的意思。domain(step)指的是属性step的主体类型，也就是step这个属性的主语必须属于哪个类。这里公理说step的主语必须是HowTo类。

接下来，我查看背景知识。条目1中提到step是一个属性，它的domainIncludes是http://schema.org/HowTo，也就是说step的主语应该属于HowTo类。这和公理中的domain(step)=HowTo是一致的。同时，条目2中HowTo被描述为一个属性，但这里可能是指HowTo作为一个类，因为通常在RDFS中，类和属性是分开的。不过，从条目1的补充信息来看，step的主语确实是HowTo类。

根据RDFS的语义规则，domain约束了属性的主语类型。如果公理domain(step)=HowTo成立，那么所有使用step属性的主语都必须是HowTo类的实例。这与背景知识中的domainIncludes一致，没有冲突。

因此，这个公理是正确的，因为它符合背景知识中的domain约束。
</think>

判断结果：正确
解释：根据背景知识，属性step的主语类型包括HowTo，因此domain(step) = HowTo是正确的。",1,1,
hard_case_0391,domain,domain(weight) = OfferShippingDetails,"背景知识：
条目1：
- 名称：weight
- 类型：Property
- 简介：The weight of the product or person.
- 补充信息：domainIncludes: http://schema.org/OfferShippingDetails, http://schema.org/Person, http://schema.org/Product, http://schema.org/ShippingConditions, http://schema.org/VisualArtwork |...

条目2：
- 名称：OfferShippingDetails
- 类型：Property
- 简介：OfferShippingDetails is a property in the knowledge base.",1,deepseek-ai/DeepSeek-R1-Distill-Qwen-32B,0.0,8192,https://api2.aigcbest.top/v1,"好，我现在需要分析这个RDFS公理是否正确。公理是domain(weight) = OfferShippingDetails。首先，我得理解每个部分的含义。

domain表示属性的主体属于某个类。这里，weight的主体应该是OfferShippingDetails。接下来，我查看背景知识。weight的domain包括OfferShippingDetails、Person、Product、ShippingConditions和VisualArtwork。所以，weight的主体确实可以是OfferShippingDetails，这符合公理的定义。

再看看OfferShippingDetails的类型，它是一个Property，但作为domain，它指的是类。这里可能有点混淆，但根据RDFS规则，domain的值应该是一个类，而OfferShippingDetails在这里可能被用作类。因此，公理是正确的，因为它符合背景知识中的domain定义。
</think>

判断结果：正确
解释：根据背景知识，weight的domain包括OfferShippingDetails，因此该公理是正确的。",1,1,
hard_case_0395,range,range(afterMedia) = MediaObject,"背景知识：
条目1：
- 名称：afterMedia
- 类型：Property
- 简介：A media object representing the circumstances after performing this direction.
- 补充信息：domainIncludes: http://schema.org/HowToDirection | rangeIncludes: http://schema.org/MediaObject, http://schema.org/URL

条目2：
- 名称：MediaObject
- 类型：Property
- 简介：The Media Object Server (MOS) protocol allows newsroom computer systems (NRCS) to communicate using a standard protocol with video servers, audio servers, still stores, and character generators for broadcast production.",1,deepseek-ai/DeepSeek-R1-Distill-Qwen-32B,0.0,8192,https://api2.aigcbest.top/v1,"好，我现在需要判断给定的RDFS公理是否正确。公理是range(afterMedia) = MediaObject。首先，我得理解每个部分的含义。

根据背景知识，afterMedia是一个属性，它的domain是HowToDirection，range包括MediaObject和URL。而MediaObject在这里被描述为一个类，用于表示媒体对象服务器协议，允许新闻系统与各种服务器通信。

RDFS的range公理规定，属性的range应该是指定类的实例。也就是说，afterMedia的值应该属于MediaObject类。但根据条目2，MediaObject实际上是一个类，而不是属性。这可能没问题，因为属性的range可以是类。

不过，条目2中的MediaObject描述的是一个协议，而afterMedia的range是媒体对象或URL。这可能意味着MediaObject在这里作为类使用，而条目2可能有误，因为它将MediaObject列为Property，而实际上它应该是一个类。

因此，公理range(afterMedia) = MediaObject是否正确呢？根据条目1，afterMedia的range确实包括MediaObject，所以从背景知识来看，公理是正确的。但条目2可能有误，将MediaObject列为Property，这可能影响判断。不过，公理本身是基于条目1的信息，所以判断为正确。
</think>

判断结果：正确
解释：根据背景知识，afterMedia的range包括MediaObject，因此该公理符合RDFS语义规则。",1,1,
hard_case_0397,range,range(availableFrom) = DateTime,"背景知识：
条目1：
- 名称：availableFrom
- 类型：Property
- 简介：When the item is available for pickup from the store, locker, etc.
- 补充信息：domainIncludes: http://schema.org/DeliveryEvent | rangeIncludes: http://schema.org/DateTime

条目2：
- 名称：DateTime
- 类型：Property
- 简介：DateTime is a property in the knowledge base.",1,deepseek-ai/DeepSeek-R1-Distill-Qwen-32B,0.0,8192,https://api2.aigcbest.top/v1,"好，我现在需要判断这个RDFS公理是否正确。公理是range(availableFrom) = DateTime。首先，我得理解每个部分的意思。

availableFrom是一个属性，根据背景知识，它的domain是DeliveryEvent，range是DateTime。这意味着availableFrom的值应该是一个DateTime类型的值。RDFS中的range公理规定了属性的值类型，所以这里公理是说availableFrom的值必须是DateTime。

接下来，我检查背景知识。条目1明确指出availableFrom的rangeIncludes是DateTime，这与公理一致。DateTime在条目2中被定义为一个属性，但这里作为range使用，可能是指DateTime类型。通常，range可以指向类或数据类型，DateTime在这里可能作为数据类型使用，比如xsd:dateTime。

根据RDFS规则，range公理是正确的，因为availableFrom的值确实属于DateTime。因此，这个公理是正确的。
</think>

判断结果：正确
解释：根据背景知识，availableFrom的rangeIncludes明确指出其值应为DateTime，与公理一致。",1,1,
hard_case_0410,range,range(height) = QuantitativeValue,"背景知识：
条目1：
- 名称：height
- 类型：Property
- 简介：The height of the item.
- 补充信息：domainIncludes: http://schema.org/MediaObject, http://schema.org/OfferShippingDetails, http://schema.org/Person, http://schema.org/Product, http://schema.org/ShippingConditions, ht...

条目2：
- 名称：QuantitativeValue
- 类型：Property
- 简介：QuantitativeValue is a property in the knowledge base.",1,deepseek-ai/DeepSeek-R1-Distill-Qwen-32B,0.0,8192,https://api2.aigcbest.top/v1,"好，我现在需要判断给定的RDFS公理是否正确。公理是range(height) = QuantitativeValue。首先，我得理解这个公理的意思。range表示属性的客体类型，所以这里的意思是height属性的值必须是QuantitativeValue类的实例。

接下来，我查看背景知识。条目1中提到height是一个属性，其domain包括MediaObject、OfferShippingDetails、Person、Product、ShippingConditions等。这说明height可以用于描述这些类的实例的高度。而条目2中，QuantitativeValue被描述为一个属性，但并没有详细说明它的用途或范围。

根据RDFS的语义规则，range约束了属性的值类型。height通常用来表示高度，这通常是一个数值，比如米、厘米等。QuantitativeValue作为一个属性，可能用于表示数值类型的数据，比如数量、尺寸等。因此，height的值确实应该是QuantitativeValue的实例，因为高度是一个具体的数值。

此外，常识上，高度通常用数值来表示，所以将height的range设为QuantitativeValue是合理的。没有明显的冲突，所以这个公理是正确的。
</think>

判断结果：正确
解释：根据背景知识，height属性的值通常表示为数值，而QuantitativeValue表示数值属性，因此range(height) = QuantitativeValue是合理的。",1,1,
hard_case_0414,range,range(logo) = ImageObject,"背景知识：
条目1：
- 名称：logo
- 类型：Property
- 简介：An associated logo.
- 补充信息：domainIncludes: http://schema.org/Brand, http://schema.org/Certification, http://schema.org/Organization, http://schema.org/Place, http://schema.org/Product, http://schema.org/Serv...

条目2：
- 名称：ImageObject
- 类型：Property
- 简介：ImageObject is a property in the knowledge base.",1,deepseek-ai/DeepSeek-R1-Distill-Qwen-32B,0.0,8192,https://api2.aigcbest.top/v1,"好，我现在需要判断给定的RDFS公理是否正确。公理是range(logo) = ImageObject。首先，我得理解每个部分的含义。

首先，logo是一个属性，根据背景知识，它的domain包括Brand、Certification、Organization、Place、Product、Service等。这意味着logo属性的主体必须是这些类中的一个实例。而ImageObject也是一个属性，简介中提到它是一个知识库中的属性。

接下来，分析公理的含义。range(logo) = ImageObject意味着logo属性的值必须是ImageObject类的实例。也就是说，当使用logo属性时，其客体必须属于ImageObject类。

现在，结合背景知识，logo的domain已经明确，但并没有提到它的range。通常，logo的值应该是一个图像，而ImageObject可能代表图像对象。因此，从常识来看，logo的值确实应该是图像，所以ImageObject作为range是合理的。

此外，RDFS的语义规则中，range约束确保属性的值属于指定的类。这里没有冲突，因为ImageObject作为range符合预期。

综上所述，这个公理是正确的，因为它符合背景知识和语义规则。
</think>

判断结果：正确
解释：根据背景知识，logo属性的值应为图像对象，而ImageObject作为range符合这一语义关系。",1,1,
hard_case_0420,range,range(pathophysiology) = Text,"背景知识：
条目1：
- 名称：pathophysiology
- 类型：Property
- 简介：Changes in the normal mechanical, physical, and biochemical functions that are associated with this activity or condition.
- 补充信息：domainIncludes: http://schema.org/MedicalCondition, http://schema.org/PhysicalActivity | rangeIncludes: http://schema.org/Text

条目2：
- 名称：Text
- 类型：Property
- 简介：Text may refer to:",1,deepseek-ai/DeepSeek-R1-Distill-Qwen-32B,0.0,8192,https://api2.aigcbest.top/v1,"好，我现在需要判断这个RDFS公理是否正确。公理是range(pathophysiology) = Text。首先，我得理解每个部分的含义。

根据背景知识，pathophysiology是一个属性，它的rangeIncludes是Text。这意味着当使用pathophysiology属性时，它的值应该属于Text类。而Text在这里也是一个属性，但它的简介显示Text可能指的是文本内容，可能是一个数据类型或者类。

接下来，我需要考虑RDFS的语义规则。range公理规定了属性的值类型。如果pathophysiology的range是Text，那么所有使用pathophysiology的实例都应该指向Text类型的值。这与背景知识中的rangeIncludes一致，说明公理是正确的。

另外，Text作为属性可能在这里被用作数据类型，或者可能是一个类。但无论如何，pathophysiology的range被定义为Text，符合背景知识中的描述，所以公理是正确的。
</think>

判断结果：正确
解释：根据背景知识，pathophysiology的rangeIncludes为Text，因此range(pathophysiology) = Text是正确的。",1,1,
hard_case_0425,range,range(recipient) = Person,"背景知识：
条目1：
- 名称：recipient
- 类型：Property
- 简介：A sub property of participant. The participant who is at the receiving end of the action.
- 补充信息：domainIncludes: http://schema.org/AuthorizeAction, http://schema.org/CommunicateAction, http://schema.org/DonateAction, http://schema.org/GiveAction, http://schema.org/Message, htt...

条目2：
- 名称：Person
- 类型：Property
- 简介：A person is a being who has certain capacities or attributes such as reason, morality, consciousness or self-consciousness, and being a part of a culturally established form of social relations such as kinship, ownership of property, or leg...",1,deepseek-ai/DeepSeek-R1-Distill-Qwen-32B,0.0,8192,https://api2.aigcbest.top/v1,"好，我现在需要判断给定的RDFS公理是否正确。公理是range(recipient) = Person。首先，我得理解每个部分的含义。

公理中的recipient是一个属性，根据背景知识，它属于participant的子属性，表示动作的接收者。而Person是一个类，代表人。range约束意味着recipient属性的值必须属于Person类。

接下来，我查看背景知识中的补充信息，发现recipient的domain包括AuthorizeAction、CommunicateAction等，这些动作通常涉及人作为接收者。常识上，接收者通常是人，比如在DonateAction中，接收者是Person。

根据RDFS规则，range约束确保属性的值属于指定类。这里recipient的值通常是Person，所以range(recipient)=Person是合理的。没有明显冲突，因此公理正确。
</think>

判断结果：正确
解释：根据背景知识，recipient属性的值通常是指人，而Person类代表人，因此range(recipient) = Person是合理的。",1,1,
