id,axiom_type,axiom_text,context_info,label,model_name,temperature,max_tokens,base_url,model_output,model_label,is_correct,error
hard_case_0001,subClassOf,Airline ⊑ PublicTransitSystem,"背景知识：
条目1：
- 名称：Airline
- 类型：Class
- 简介：airline

条目2：
- 名称：PublicTransitSystem
- 类型：Class
- 简介：A public transit system is a shared passenger transportation service which is available for use by the general public. Public transport modes include buses, trolleybuses, trams and trains, 'rapid transit' (metro/subways/undergrounds etc) an...",1,qwen-max-0125,0.0,8192,https://api2.aigcbest.top/v1,"判断结果：正确  
解释：根据背景知识，航空公司（Airline）可以被视为一种公共交通系统（PublicTransitSystem），因为它们都提供公共客运服务，符合RDFS中subClassOf的语义规则。",1,1,
hard_case_0002,subClassOf,Album ⊑ MusicalWork,"背景知识：
条目1：
- 名称：Album
- 类型：Class
- 简介：album

条目2：
- 名称：MusicalWork
- 类型：Class
- 简介：musical work",1,qwen-max-0125,0.0,8192,https://api2.aigcbest.top/v1,"判断结果：正确  
解释：根据背景知识，Album是音乐专辑，MusicalWork是音乐作品，专辑属于作品的一种，因此Album是MusicalWork的子类，符合subClassOf语义规则。",1,1,
hard_case_0003,subClassOf,Ambassador ⊑ Politician,"背景知识：
条目1：
- 名称：Ambassador
- 类型：Class
- 简介：An ambassador is the highest ranking diplomat that represents a nation and is usually accredited to a foreign sovereign or government, or to an international organization.

条目2：
- 名称：Politician
- 类型：Class
- 简介：politician",1,qwen-max-0125,0.0,8192,https://api2.aigcbest.top/v1,"判断结果：正确  
解释：根据背景知识，Ambassador是代表国家的高级外交官，属于Politician的一种特殊角色，符合RDFS中subClassOf的语义规则。",1,1,
hard_case_0004,subClassOf,AmusementParkAttraction ⊑ ArchitecturalStructure,"背景知识：
条目1：
- 名称：AmusementParkAttraction
- 类型：Class
- 简介：amusement park attraction

条目2：
- 名称：ArchitecturalStructure
- 类型：Class
- 简介：An architectural structure is a human-made, free-standing, immobile outdoor construction (http://en.wikipedia.org/wiki/Architectural_structure).",1,qwen-max-0125,0.0,8192,https://api2.aigcbest.top/v1,"判断结果：错误  
解释：根据背景知识，AmusementParkAttraction表示“游乐场景点”，而ArchitecturalStructure表示“建筑结构”，前者并不一定是后者的一个子类，因为游乐设施不一定是建筑结构。",0,0,
hard_case_0005,subClassOf,AnimangaCharacter ⊑ ComicsCharacter,"背景知识：
条目1：
- 名称：AnimangaCharacter
- 类型：Class
- 简介：Anime/Manga character

条目2：
- 名称：ComicsCharacter
- 类型：Class
- 简介：comics character",1,qwen-max-0125,0.0,8192,https://api2.aigcbest.top/v1,"判断结果：错误  
解释：根据背景知识，AnimangaCharacter表示动画/漫画角色，而ComicsCharacter表示漫画角色，两者并非包含关系，因此AnimangaCharacter不是ComicsCharacter的子类。",0,0,
hard_case_0006,subClassOf,Annotation ⊑ WrittenWork,"背景知识：
条目1：
- 名称：Annotation
- 类型：Class
- 简介：Annotation

条目2：
- 名称：WrittenWork
- 类型：Class
- 简介：Written work is any text written to read it (e.g.: books, newspaper, articles)",1,qwen-max-0125,0.0,8192,https://api2.aigcbest.top/v1,"判断结果：错误  
解释：根据背景知识，Annotation和WrittenWork是两个独立的类，且没有信息表明注解（Annotation）一定是书面作品（WrittenWork）的子类。",0,0,
hard_case_0007,subClassOf,Archaea ⊑ Species,"背景知识：
条目1：
- 名称：Archaea
- 类型：Class
- 简介：archaea

条目2：
- 名称：Species
- 类型：Class
- 简介：A category in the rating system",1,qwen-max-0125,0.0,8192,https://api2.aigcbest.top/v1,"判断结果：错误  
解释：根据背景知识，Archaea是一个独立的类，而Species是另一个类，二者并无明确的包含关系，因此Archaea ⊑ Species不符合RDFS的subClassOf语义规则。",0,0,
hard_case_0008,subClassOf,Archive ⊑ CollectionOfValuables,"背景知识：
条目1：
- 名称：Archive
- 类型：Class
- 简介：Collection of documents pertaining to a person or organisation.

条目2：
- 名称：CollectionOfValuables
- 类型：Class
- 简介：Collection of valuables is a collection considered to be a work in itself)",1,qwen-max-0125,0.0,8192,https://api2.aigcbest.top/v1,"判断结果：错误  
解释：根据背景知识，Archive表示与个人或组织相关的文档集合，而CollectionOfValuables表示被视为独立作品的贵重物品集合，两者语义上并无明显的包含关系，因此Archive ⊑ CollectionOfValuables不符合RDFS的subClassOf语义规则。",0,0,
hard_case_0009,subClassOf,ArtistDiscography ⊑ MusicalWork,"背景知识：
条目1：
- 名称：ArtistDiscography
- 类型：Class
- 简介：artist discography

条目2：
- 名称：MusicalWork
- 类型：Class
- 简介：musical work",1,qwen-max-0125,0.0,8192,https://api2.aigcbest.top/v1,"判断结果：错误  
解释：根据背景知识，ArtistDiscography表示艺术家的唱片目录，而MusicalWork表示音乐作品，二者语义上不存在类包含关系，因此该公理与语义规则冲突。",0,0,
hard_case_0010,subClassOf,Attack ⊑ SocietalEvent,"背景知识：
条目1：
- 名称：Attack
- 类型：Class
- 简介：An Attack is not necessarily part of a Military Conflict

条目2：
- 名称：SocietalEvent
- 类型：Class
- 简介：an event that is clearly different from strictly personal events",1,qwen-max-0125,0.0,8192,https://api2.aigcbest.top/v1,"判断结果：正确  
解释：根据背景知识，Attack 是一种事件，而 SocietalEvent 表示与个人事件不同的社会性事件，Attack 可以被合理地视为 SocietalEvent 的子类。",1,1,
hard_case_0011,subClassOf,BackScene ⊑ MusicalArtist,"背景知识：
条目1：
- 名称：BackScene
- 类型：Class
- 简介：Composer, producer, and backstage people.

条目2：
- 名称：MusicalArtist
- 类型：Class
- 简介：musical artist",1,qwen-max-0125,0.0,8192,https://api2.aigcbest.top/v1,"判断结果：错误  
解释：根据背景知识，BackScene表示幕后人员（如作曲家、制作人等），而MusicalArtist表示音乐艺术家，二者语义上并无包含关系，因此BackScene不是MusicalArtist的子类。",0,0,
hard_case_0012,subClassOf,Bacteria ⊑ Species,"背景知识：
条目1：
- 名称：Bacteria
- 类型：Class
- 简介：bacteria

条目2：
- 名称：Species
- 类型：Class
- 简介：A category in the rating system",1,qwen-max-0125,0.0,8192,https://api2.aigcbest.top/v1,"判断结果：错误  
解释：根据背景知识，Bacteria是一个独立的类，而Species是分类系统中的一个类别，两者并无明确的包含关系，因此Bacteria ⊑ Species不符合RDFS的subClassOf语义规则。",0,0,
hard_case_0013,subClassOf,Baronet ⊑ BritishRoyalty,"背景知识：
条目1：
- 名称：Baronet
- 类型：Class
- 简介：baronet

条目2：
- 名称：BritishRoyalty
- 类型：Class
- 简介：British royalty",1,qwen-max-0125,0.0,8192,https://api2.aigcbest.top/v1,"判断结果：错误  
解释：根据背景知识，Baronet（男爵）并不一定是BritishRoyalty（英国皇室成员），两者之间不存在明确的包含关系，因此该公理与语义规则冲突。",0,0,
hard_case_0014,subClassOf,BaseballSeason ⊑ SportsTeamSeason,"背景知识：
条目1：
- 名称：BaseballSeason
- 类型：Class
- 简介：baseball season

条目2：
- 名称：SportsTeamSeason
- 类型：Class
- 简介：A season for a particular sports team (as opposed to the season for the entire league that the team is in)",1,qwen-max-0125,0.0,8192,https://api2.aigcbest.top/v1,"判断结果：错误  
解释：根据背景知识，BaseballSeason表示整个棒球赛季，而SportsTeamSeason表示特定运动队的赛季，前者范围更广，不应被后者包含。",0,0,
hard_case_0015,subClassOf,ChristianBishop ⊑ Archbishop,"背景知识：
条目1：
- 名称：ChristianBishop
- 类型：Class
- 简介：Christian Bishop

条目2：
- 名称：Archbishop
- 类型：Class
- 简介：archbishop",0,qwen-max-0125,0.0,8192,https://api2.aigcbest.top/v1,"判断结果：错误  
解释：根据背景知识，ChristianBishop和Archbishop是两个独立的类，未表明ChristianBishop一定是Archbishop的子类，因此该公理与背景知识不符。",0,1,
hard_case_0016,subClassOf,Department ⊑ GovernmentalAdministrativeRegion,"背景知识：
条目1：
- 名称：Department
- 类型：Class
- 简介：department

条目2：
- 名称：GovernmentalAdministrativeRegion
- 类型：Class
- 简介：An administrative body governing some territorial unity, in this case a governmental administrative body",1,qwen-max-0125,0.0,8192,https://api2.aigcbest.top/v1,"判断结果：错误  
解释：根据背景知识，Department表示“部门”，而GovernmentalAdministrativeRegion表示“政府行政区域”，二者语义上不存在类的包含关系，因此该公理与语义规则冲突。",0,0,
hard_case_0017,subClassOf,Eukaryote ⊑ Animal,"背景知识：
条目1：
- 名称：Eukaryote
- 类型：Class
- 简介：eukaryote

条目2：
- 名称：Animal
- 类型：Class
- 简介：animal",0,qwen-max-0125,0.0,8192,https://api2.aigcbest.top/v1,"判断结果：错误  
解释：根据背景知识和常识，Eukaryote（真核生物）是一个更大的类，包含Animal（动物）等多个子类，而公理“Eukaryote ⊑ Animal”错误地表示所有真核生物都是动物。",0,1,
hard_case_0018,subClassOf,Genre ⊑ ArtisticGenre,"背景知识：
条目1：
- 名称：Genre
- 类型：Class
- 简介：genre

条目2：
- 名称：ArtisticGenre
- 类型：Class
- 简介：Genres of art, e.g. Pointillist, Modernist",0,qwen-max-0125,0.0,8192,https://api2.aigcbest.top/v1,"判断结果：正确  
解释：根据背景知识，Genre和ArtisticGenre均为类，且ArtisticGenre可以被视为Genre的一种具体类型，符合subClassOf的语义规则，即Genre的所有实例也是ArtisticGenre的实例。",1,0,
hard_case_0019,subClassOf,GridironFootballPlayer ⊑ AmericanFootballPlayer,"背景知识：
条目1：
- 名称：GridironFootballPlayer
- 类型：Class
- 简介：Gradiron football, also called North American football, is a family of soccer team games played primarily in the United States and Canada.

条目2：
- 名称：AmericanFootballPlayer
- 类型：Class
- 简介：american football player",0,qwen-max-0125,0.0,8192,https://api2.aigcbest.top/v1,"判断结果：错误  
解释：根据背景知识，GridironFootballPlayer包含更广泛的概念（如北美橄榄球），而AmericanFootballPlayer是其子集，因此该公理与subClassOf的语义规则冲突。",0,1,
hard_case_0020,subClassOf,Person ⊑ Animal,"背景知识：
条目1：
- 名称：Person
- 类型：Class
- 简介：person

条目2：
- 名称：Animal
- 类型：Class
- 简介：animal",1,qwen-max-0125,0.0,8192,https://api2.aigcbest.top/v1,"判断结果：正确  
解释：根据背景知识和常识，Person是Animal的一个子类，符合RDFS中subClassOf的语义规则，表示Person的所有实例也是Animal的实例。",1,1,
hard_case_0021,subClassOf,PopulatedPlace ⊑ Agglomeration,"背景知识：
条目1：
- 名称：PopulatedPlace
- 类型：Class
- 简介：As defined by the United States Geological Survey, a populated place is a place or area with clustered or scattered buildings and a permanent human population (city, settlement, town, or village) referenced with geographic coordinates (http...

条目2：
- 名称：Agglomeration
- 类型：Class
- 简介：agglomeration",0,qwen-max-0125,0.0,8192,https://api2.aigcbest.top/v1,"判断结果：错误  
解释：根据背景知识，PopulatedPlace指有人口居住的地方，而Agglomeration表示集聚体，二者语义上不存在明显的包含关系，因此公理PopulatedPlace ⊑ Agglomeration与语义规则冲突。",0,1,
hard_case_0022,subClassOf,TopicalConcept ⊑ Type,"背景知识：
条目1：
- 名称：TopicalConcept
- 类型：Class
- 简介：topical concept

条目2：
- 名称：Type
- 类型：Class
- 简介：a category within a classification system",0,qwen-max-0125,0.0,8192,https://api2.aigcbest.top/v1,"判断结果：错误  
解释：根据背景知识，TopicalConcept和Type是两个独立的类，没有明确的包含关系表明TopicalConcept一定是Type的子类。",0,1,
hard_case_0023,subClassOf,Type ⊑ TopicalConcept,"背景知识：
条目1：
- 名称：Type
- 类型：Class
- 简介：a category within a classification system

条目2：
- 名称：TopicalConcept
- 类型：Class
- 简介：topical concept",1,qwen-max-0125,0.0,8192,https://api2.aigcbest.top/v1,"判断结果：错误  
解释：根据背景知识，Type和TopicalConcept是两个独立的类，未表明Type是TopicalConcept的子类，因此该公理与背景知识不符。",0,0,
hard_case_0024,subPropertyOf,Wins ⊑p rankingWins,"背景知识：
条目1：
- 名称：Wins
- 类型：Unknown
- 简介：Wins

条目2：
- 名称：rankingWins
- 类型：Property
- 简介：ranking wins",0,qwen-max-0125,0.0,8192,https://api2.aigcbest.top/v1,"判断结果：错误  
解释：根据背景知识，Wins的类型未知，无法确定其与rankingWins的属性关系，且RDFS中类与属性之间不存在直接的subPropertyOf关系。",0,1,
hard_case_0025,subPropertyOf,administrativeHeadCity ⊑p capital,"背景知识：
条目1：
- 名称：administrativeHeadCity
- 类型：Property
- 简介：city where stand the administrative power

条目2：
- 名称：capital
- 类型：Property
- 简介：capital",0,qwen-max-0125,0.0,8192,https://api2.aigcbest.top/v1,"判断结果：错误  
解释：根据背景知识，administrativeHeadCity和capital是两个不同的属性，前者表示行政权力所在城市，后者表示首都，二者并无明确的包含关系，因此该公理与语义规则冲突。",0,1,
hard_case_0026,subPropertyOf,averageDepth ⊑p depth,"背景知识：
条目1：
- 名称：averageDepth
- 类型：Property
- 简介：Source of the value can be declare by .

条目2：
- 名称：depth
- 类型：Property
- 简介：Is a measure of the distance between a reference height and a point underneath. The exact meaning for a place is unclear. If possible, use or to be unambiguous.",1,qwen-max-0125,0.0,8192,https://api2.aigcbest.top/v1,"判断结果：错误  
解释：根据背景知识，averageDepth和depth是两种不同的属性，且没有明确的语义关系表明averageDepth一定是depth的一种子属性。",0,0,
hard_case_0027,subPropertyOf,bronzeMedalist ⊑p Medalist,"背景知识：
条目1：
- 名称：bronzeMedalist
- 类型：Property
- 简介：bronze medalist

条目2：
- 名称：Medalist
- 类型：Unknown
- 简介：Medalist",1,qwen-max-0125,0.0,8192,https://api2.aigcbest.top/v1,"判断结果：错误  
解释：根据背景知识，bronzeMedalist是属性（Property），而Medalist的类型未知，无法直接作为类使用，因此该公理违反了RDFS语义规则中属性与类的关系约束。",0,0,
hard_case_0028,subPropertyOf,championInMixedDouble ⊑p championInDouble,"背景知识：
条目1：
- 名称：championInMixedDouble
- 类型：Property
- 简介：winner of a competition in the mixed double session (as in tennis)

条目2：
- 名称：championInDouble
- 类型：Property
- 简介：winner of a competition in the double session (as in tennis)",1,qwen-max-0125,0.0,8192,https://api2.aigcbest.top/v1,"判断结果：正确  
解释：根据背景知识，championInMixedDouble 是混合双打比赛的获胜者，而 championInDouble 是双打比赛的获胜者，混合双打是双打的一种特殊形式，因此 championInMixedDouble 是 championInDouble 的子属性，符合 subPropertyOf 语义规则。",1,1,
hard_case_0029,subPropertyOf,chief ⊑p Leader,"背景知识：
条目1：
- 名称：chief
- 类型：Property
- 简介：chief

条目2：
- 名称：Leader
- 类型：Unknown
- 简介：Leader",1,qwen-max-0125,0.0,8192,https://api2.aigcbest.top/v1,"判断结果：错误  
解释：根据背景知识，chief是属性（Property），而Leader的类型未知，无法直接建立属性间的包含关系（subPropertyOf）。",0,0,
hard_case_0030,subPropertyOf,code ⊑p brinCode,"背景知识：
条目1：
- 名称：code
- 类型：Property
- 简介：Superproperty for any designation (string, integer as string) that is meant to identify an entity within the context of a system

条目2：
- 名称：brinCode
- 类型：Property
- 简介：The code used by the Dutch Ministry of Education to identify a school (as an organisation)",0,qwen-max-0125,0.0,8192,https://api2.aigcbest.top/v1,"判断结果：错误  
解释：根据背景知识，code是brinCode的超属性，而公理code ⊑p brinCode表示code是brinCode的子属性，与背景知识冲突。",0,1,
hard_case_0031,subPropertyOf,code ⊑p codeListOfHonour,"背景知识：
条目1：
- 名称：code
- 类型：Property
- 简介：Superproperty for any designation (string, integer as string) that is meant to identify an entity within the context of a system

条目2：
- 名称：codeListOfHonour
- 类型：Property
- 简介：code on List of Honour",0,qwen-max-0125,0.0,8192,https://api2.aigcbest.top/v1,"判断结果：错误  
解释：根据背景知识，code是用于标识系统中实体的超属性，而codeListOfHonour是特定场景下的属性，二者无明确包含关系，违反了subPropertyOf的语义规则。",0,1,
hard_case_0032,subPropertyOf,code ⊑p codeStockExchange,"背景知识：
条目1：
- 名称：code
- 类型：Property
- 简介：Superproperty for any designation (string, integer as string) that is meant to identify an entity within the context of a system

条目2：
- 名称：codeStockExchange
- 类型：Property
- 简介：code Stock Exchange",0,qwen-max-0125,0.0,8192,https://api2.aigcbest.top/v1,"判断结果：错误  
解释：根据背景知识，code是用于标识实体的超级属性，而codeStockExchange是具体的属性，二者无明确的包含关系，因此该公理与语义规则冲突。",0,1,
hard_case_0033,subPropertyOf,code ⊑p cosparId,"背景知识：
条目1：
- 名称：code
- 类型：Property
- 简介：Superproperty for any designation (string, integer as string) that is meant to identify an entity within the context of a system

条目2：
- 名称：cosparId
- 类型：Property
- 简介：Described at http://en.wikipedia.org/wiki/International_Designator",0,qwen-max-0125,0.0,8192,https://api2.aigcbest.top/v1,"判断结果：错误  
解释：根据背景知识，code是任何用于标识系统中实体的超级属性，而cosparId是一个特定的国际标识符属性，两者并无明确的包含关系，因此公理code ⊑p cosparId与语义规则冲突。",0,1,
hard_case_0034,subPropertyOf,code ⊑p dfE,"背景知识：
条目1：
- 名称：code
- 类型：Property
- 简介：Superproperty for any designation (string, integer as string) that is meant to identify an entity within the context of a system

条目2：
- 名称：dfE
- 类型：Property
- 简介：Department for Education (UK) number of a school in England or Wales",0,qwen-max-0125,0.0,8192,https://api2.aigcbest.top/v1,"判断结果：错误  
解释：根据背景知识，code是用于标识系统中实体的超属性，而dfE是特定于英国教育部学校编号的属性，两者无明确的包含关系，因此code ⊑p dfE不符合RDFS语义规则。",0,1,
hard_case_0035,subPropertyOf,code ⊑p dutchNAIdentifier,"背景知识：
条目1：
- 名称：code
- 类型：Property
- 简介：Superproperty for any designation (string, integer as string) that is meant to identify an entity within the context of a system

条目2：
- 名称：dutchNAIdentifier
- 类型：Property
- 简介：Identifier for Duch National Archive",0,qwen-max-0125,0.0,8192,https://api2.aigcbest.top/v1,"判断结果：错误  
解释：根据背景知识，code是任何用于标识系统中实体的超级属性，而dutchNAIdentifier是特定于荷兰国家档案馆的标识符属性，两者之间不存在明确的包含关系，因此该公理与语义规则冲突。",0,1,
hard_case_0036,subPropertyOf,code ⊑p dutchPPNCode,"背景知识：
条目1：
- 名称：code
- 类型：Property
- 简介：Superproperty for any designation (string, integer as string) that is meant to identify an entity within the context of a system

条目2：
- 名称：dutchPPNCode
- 类型：Property
- 简介：Dutch PPN code is a library cataloguing code for collection items (books, journals and the like).",0,qwen-max-0125,0.0,8192,https://api2.aigcbest.top/v1,"判断结果：错误  
解释：根据背景知识，code是任何用于标识系统中实体的超级属性，而dutchPPNCode是特定的荷兰图书馆编目代码，两者之间不存在包含关系，因此该公理与语义规则冲突。",0,1,
hard_case_0037,subPropertyOf,code ⊑p dutchWinkelID,"背景知识：
条目1：
- 名称：code
- 类型：Property
- 简介：Superproperty for any designation (string, integer as string) that is meant to identify an entity within the context of a system

条目2：
- 名称：dutchWinkelID
- 类型：Property
- 简介：Dutch Winkel ID is a code for an underground publication, as attributed by Lydia Winkel's work on the underground WW II press in the Netherlands.",0,qwen-max-0125,0.0,8192,https://api2.aigcbest.top/v1,"判断结果：错误  
解释：根据背景知识，dutchWinkelID是code的一种具体实现，而公理code ⊑p dutchWinkelID表示code是dutchWinkelID的子属性，这与RDFS语义规则和常识相冲突。",0,1,
hard_case_0038,subPropertyOf,code ⊑p fdaUniiCode,"背景知识：
条目1：
- 名称：code
- 类型：Property
- 简介：Superproperty for any designation (string, integer as string) that is meant to identify an entity within the context of a system

条目2：
- 名称：fdaUniiCode
- 类型：Property
- 简介：FDA Unique Ingredient Identifier (UNII) code for a DBpedia Drug",0,qwen-max-0125,0.0,8192,https://api2.aigcbest.top/v1,"判断结果：正确  
解释：根据背景知识，fdaUniiCode是用于标识DBpedia药物的特定代码，而code是一个更通用的超级属性，可以包含任何用于标识实体的代码，因此code ⊑p fdaUniiCode符合subPropertyOf的语义规则。",1,0,
hard_case_0039,subPropertyOf,code ⊑p individualisedGnd,"背景知识：
条目1：
- 名称：code
- 类型：Property
- 简介：Superproperty for any designation (string, integer as string) that is meant to identify an entity within the context of a system

条目2：
- 名称：individualisedGnd
- 类型：Property
- 简介：GND (Gemeinsame Normdatei) is an international authority file for the organisation of personal names, subject headings and corporate bodies from catalogues. It is used mainly for documentation in libraries and archives. The GND is managed b...",0,qwen-max-0125,0.0,8192,https://api2.aigcbest.top/v1,"判断结果：错误  
解释：根据背景知识，code和individualisedGnd是两个独立的属性，且没有信息表明code是individualisedGnd的子属性，因此该公理与背景知识不符。",0,1,
hard_case_0040,subPropertyOf,codeMemorial ⊑p Code,"背景知识：
条目1：
- 名称：codeMemorial
- 类型：Property
- 简介：Identifier for monuments of the Memorial type

条目2：
- 名称：Code
- 类型：Unknown
- 简介：Code",1,qwen-max-0125,0.0,8192,https://api2.aigcbest.top/v1,"判断结果：错误  
解释：根据背景知识，codeMemorial是一个Property，而Code的类型未知，无法确定其为类或属性，因此无法满足subPropertyOf的语义约束。",0,0,
hard_case_0041,subPropertyOf,codeSettlement ⊑p inseeCode,"背景知识：
条目1：
- 名称：codeSettlement
- 类型：Property
- 简介：settlement code

条目2：
- 名称：inseeCode
- 类型：Property
- 简介：numerical indexing code used by the French National Institute for Statistics and Economic Studies (INSEE) to identify various entities",0,qwen-max-0125,0.0,8192,https://api2.aigcbest.top/v1,"判断结果：错误  
解释：根据背景知识，codeSettlement和inseeCode是两种不同的属性，且无信息表明前者是后者的子属性，因此该公理与背景知识冲突。",0,1,
hard_case_0042,subPropertyOf,colourHexCode ⊑p code,"背景知识：
条目1：
- 名称：colourHexCode
- 类型：Property
- 简介：A colour represented by its hex code (e.g.: #FF0000 or #40E0D0)

条目2：
- 名称：code
- 类型：Property
- 简介：Superproperty for any designation (string, integer as string) that is meant to identify an entity within the context of a system",1,qwen-max-0125,0.0,8192,https://api2.aigcbest.top/v1,"判断结果：正确  
解释：根据背景知识，colourHexCode 是一种特定的标识属性，而 code 是更通用的标识属性，符合 subPropertyOf 的语义规则，即 colourHexCode 是 code 的子属性。",1,1,
hard_case_0043,subPropertyOf,distanceToCapital ⊑p Distance,"背景知识：
条目1：
- 名称：distanceToCapital
- 类型：Property
- 简介：distance to capital (μ)

条目2：
- 名称：Distance
- 类型：Unknown
- 简介：Distance",1,qwen-max-0125,0.0,8192,https://api2.aigcbest.top/v1,"判断结果：错误  
解释：根据背景知识，distanceToCapital是一个Property，而Distance的类型未知，无法直接推断其为类或属性，因此该公理与RDFS语义规则冲突。",0,0,
hard_case_0044,subPropertyOf,dutchMIPCode ⊑p Code,"背景知识：
条目1：
- 名称：dutchMIPCode
- 类型：Property
- 简介：The Dutch MIP project was meant to take stock of all kinds of monuments

条目2：
- 名称：Code
- 类型：Unknown
- 简介：Code",1,qwen-max-0125,0.0,8192,https://api2.aigcbest.top/v1,"判断结果：错误  
解释：根据背景知识，dutchMIPCode是一个Property，而Code的类型未知，无法确定其为类或属性，因此该公理与RDFS语义规则冲突。",0,0,
hard_case_0045,subPropertyOf,eastPlace ⊑p closeTo,"背景知识：
条目1：
- 名称：eastPlace
- 类型：Property
- 简介：indicates another place situated east.

条目2：
- 名称：closeTo
- 类型：Property
- 简介：place close to another place",1,qwen-max-0125,0.0,8192,https://api2.aigcbest.top/v1,"判断结果：错误  
解释：根据背景知识，eastPlace表示“位于东方的另一个地方”，而closeTo表示“靠近另一个地方”，两者语义上并无包含关系，因此eastPlace ⊑p closeTo不符合RDFS的subPropertyOf语义规则。",0,0,
hard_case_0046,subPropertyOf,ekatteCode ⊑p codeSettlement,"背景知识：
条目1：
- 名称：ekatteCode
- 类型：Property
- 简介：Indexing code used by the Bulgarian National Statistical Institute to identify populated places

条目2：
- 名称：codeSettlement
- 类型：Property
- 简介：settlement code",1,qwen-max-0125,0.0,8192,https://api2.aigcbest.top/v1,"判断结果：错误  
解释：根据背景知识，ekatteCode和codeSettlement是两个独立的属性，没有明确的语义或上下文表明ekatteCode一定是codeSettlement的子属性。",0,0,
hard_case_0047,subPropertyOf,featuring ⊑p artist,"背景知识：
条目1：
- 名称：featuring
- 类型：Property
- 简介：Name of the second artist, apart the main artist, reserved preferently for singles, promotional singles and songs.

条目2：
- 名称：artist
- 类型：Property
- 简介：The performer or creator of the musical work.",1,qwen-max-0125,0.0,8192,https://api2.aigcbest.top/v1,"判断结果：错误  
解释：根据背景知识，featuring和artist是两个不同的属性，分别表示“第二艺术家”和“音乐作品的表演者或创作者”，二者并无包含关系，因此不符合subPropertyOf语义规则。",0,0,
hard_case_0048,subPropertyOf,followedBy ⊑p nextEvent,"背景知识：
条目1：
- 名称：followedBy
- 类型：Property
- 简介：followed by

条目2：
- 名称：nextEvent
- 类型：Property
- 简介：next event",0,qwen-max-0125,0.0,8192,https://api2.aigcbest.top/v1,"判断结果：正确  
解释：根据背景知识，followedBy和nextEvent均为属性，且语义上“followed by”与“next event”具有相似的含义，符合subPropertyOf的语义规则，即followedBy是nextEvent的一种具体表现形式。",1,0,
hard_case_0049,subPropertyOf,followedBy ⊑p nextMission,"背景知识：
条目1：
- 名称：followedBy
- 类型：Property
- 简介：followed by

条目2：
- 名称：nextMission
- 类型：Property
- 简介：next mission",0,qwen-max-0125,0.0,8192,https://api2.aigcbest.top/v1,"判断结果：错误  
解释：根据背景知识，followedBy和nextMission是两个独立的属性，语义上并无明显的包含关系，因此followedBy ⊑p nextMission不符合RDFS的subPropertyOf语义规则。",0,1,
hard_case_0050,subPropertyOf,goldMedalist ⊑p Medalist,"背景知识：
条目1：
- 名称：goldMedalist
- 类型：Property
- 简介：gold medalist

条目2：
- 名称：Medalist
- 类型：Unknown
- 简介：Medalist",1,qwen-max-0125,0.0,8192,https://api2.aigcbest.top/v1,"判断结果：错误  
解释：根据背景知识，goldMedalist是属性而非类，而Medalist的类型未知，无法构成合理的subPropertyOf关系。",0,0,
hard_case_0051,subPropertyOf,greekName ⊑p Name,"背景知识：
条目1：
- 名称：greekName
- 类型：Property
- 简介：name in ancient Greek

条目2：
- 名称：Name
- 类型：Class
- 简介：name",1,qwen-max-0125,0.0,8192,https://api2.aigcbest.top/v1,"判断结果：错误  
解释：根据背景知识，greekName是一个Property，而Name是一个Class，RDFS中subPropertyOf（⊑p）只能用于属性之间的包含关系，因此该公理不合理。",0,0,
hard_case_0052,subPropertyOf,inseeCode ⊑p codeSettlement,"背景知识：
条目1：
- 名称：inseeCode
- 类型：Property
- 简介：numerical indexing code used by the French National Institute for Statistics and Economic Studies (INSEE) to identify various entities

条目2：
- 名称：codeSettlement
- 类型：Property
- 简介：settlement code",1,qwen-max-0125,0.0,8192,https://api2.aigcbest.top/v1,"判断结果：错误  
解释：根据背景知识，inseeCode和codeSettlement是两种不同的属性，分别表示法国国家统计与经济研究所的编号和居民点代码，二者并无明确的语义包含关系，因此该公理违反了RDFS中subPropertyOf的语义规则。",0,0,
hard_case_0053,subPropertyOf,iso6391Code ⊑p LanguageCode,"背景知识：
条目1：
- 名称：iso6391Code
- 类型：Property
- 简介：ISO 639-1 code

条目2：
- 名称：LanguageCode
- 类型：Unknown
- 简介：LanguageCode",1,qwen-max-0125,0.0,8192,https://api2.aigcbest.top/v1,"判断结果：错误  
解释：根据背景知识，iso6391Code是一个Property，而LanguageCode的类型未知，无法直接建立属性间的包含关系（subPropertyOf）。",0,0,
hard_case_0054,subPropertyOf,iso6392Code ⊑p LanguageCode,"背景知识：
条目1：
- 名称：iso6392Code
- 类型：Property
- 简介：ISO 639-2 code

条目2：
- 名称：LanguageCode
- 类型：Unknown
- 简介：LanguageCode",1,qwen-max-0125,0.0,8192,https://api2.aigcbest.top/v1,"判断结果：错误  
解释：根据背景知识，iso6392Code是一个Property，而LanguageCode的类型未知，无法直接建立属性间的包含关系（subPropertyOf）。",0,0,
hard_case_0055,subPropertyOf,iso6393Code ⊑p LanguageCode,"背景知识：
条目1：
- 名称：iso6393Code
- 类型：Property
- 简介：ISO 639-3 code

条目2：
- 名称：LanguageCode
- 类型：Unknown
- 简介：LanguageCode",1,qwen-max-0125,0.0,8192,https://api2.aigcbest.top/v1,"判断结果：错误  
解释：根据背景知识，iso6393Code是一个Property，而LanguageCode的类型未知，无法直接建立属性间的包含关系（subPropertyOf）。",0,0,
hard_case_0056,subPropertyOf,keyPerson ⊑p commandant,"背景知识：
条目1：
- 名称：keyPerson
- 类型：Property
- 简介：key person

条目2：
- 名称：commandant
- 类型：Property
- 简介：commandant",0,qwen-max-0125,0.0,8192,https://api2.aigcbest.top/v1,"判断结果：错误  
解释：根据背景知识，keyPerson和commandant是两种不同的属性，没有明确的语义或常识表明keyPerson一定是commandant的子属性。",0,1,
hard_case_0057,subPropertyOf,latinName ⊑p Name,"背景知识：
条目1：
- 名称：latinName
- 类型：Property
- 简介：name in latin

条目2：
- 名称：Name
- 类型：Class
- 简介：name",1,qwen-max-0125,0.0,8192,https://api2.aigcbest.top/v1,"判断结果：错误  
解释：根据背景知识，latinName是一个属性(Property)，而Name是一个类(Class)，RDFS中subPropertyOf(⊑p)只能用于属性之间的包含关系，因此该公理不合理。",0,0,
hard_case_0058,subPropertyOf,maximumDepth ⊑p depth,"背景知识：
条目1：
- 名称：maximumDepth
- 类型：Property
- 简介：Source of the value can be declare by .

条目2：
- 名称：depth
- 类型：Property
- 简介：Is a measure of the distance between a reference height and a point underneath. The exact meaning for a place is unclear. If possible, use or to be unambiguous.",1,qwen-max-0125,0.0,8192,https://api2.aigcbest.top/v1,"判断结果：错误  
解释：根据背景知识，maximumDepth和depth是两个独立的属性，且无明确的包含关系，因此maximumDepth ⊑p depth不符合RDFS的subPropertyOf语义规则。",0,0,
hard_case_0059,subPropertyOf,mayor ⊑p Leader,"背景知识：
条目1：
- 名称：mayor
- 类型：Property
- 简介：mayor

条目2：
- 名称：Leader
- 类型：Unknown
- 简介：Leader",1,qwen-max-0125,0.0,8192,https://api2.aigcbest.top/v1,"判断结果：错误  
解释：根据背景知识，mayor是一个属性（Property），而Leader的类型未知，无法直接建立属性与类之间的子属性关系（subPropertyOf）。",0,0,
hard_case_0060,subPropertyOf,nextMission ⊑p followedBy,"背景知识：
条目1：
- 名称：nextMission
- 类型：Property
- 简介：next mission

条目2：
- 名称：followedBy
- 类型：Property
- 简介：followed by",1,qwen-max-0125,0.0,8192,https://api2.aigcbest.top/v1,"判断结果：错误  
解释：根据背景知识，nextMission和followedBy是两个独立的属性，没有明确的语义或约束表明nextMission一定是followedBy的子属性。",0,0,
hard_case_0061,subPropertyOf,officialSchoolColour ⊑p ColourName,"背景知识：
条目1：
- 名称：officialSchoolColour
- 类型：Property
- 简介：The official colour of the EducationalInstitution represented by the colour name (e.g.: red or green).

条目2：
- 名称：ColourName
- 类型：Unknown
- 简介：ColourName",1,qwen-max-0125,0.0,8192,https://api2.aigcbest.top/v1,"判断结果：错误  
解释：根据背景知识，officialSchoolColour是一个Property，而ColourName的类型未知，无法直接推断其为类或属性，因此该公理违反了RDFS语义规则中subPropertyOf关系仅适用于属性之间的约束。",0,0,
hard_case_0062,subPropertyOf,owningOrganisation ⊑p owner,"背景知识：
条目1：
- 名称：owningOrganisation
- 类型：Property
- 简介：owning organisation

条目2：
- 名称：owner
- 类型：Property
- 简介：Used as if meaning: owned by, has as its owner",1,qwen-max-0125,0.0,8192,https://api2.aigcbest.top/v1,"判断结果：错误  
解释：根据背景知识，owningOrganisation和owner是两个独立的属性，语义上并无明显的包含关系，因此该公理与背景知识不符。",0,0,
hard_case_0063,subPropertyOf,premiereDate ⊑p releaseDate,"背景知识：
条目1：
- 名称：premiereDate
- 类型：Property
- 简介：Date the play was first performed.

条目2：
- 名称：releaseDate
- 类型：Property
- 简介：Release date of a Work or another product (eg Aircraft or other MeansOfTransportation",1,qwen-max-0125,0.0,8192,https://api2.aigcbest.top/v1,"判断结果：错误  
解释：根据背景知识，premiereDate表示戏剧首次演出的日期，而releaseDate表示作品或其他产品（如飞机或交通工具）的发布日期，两者的语义范围不同，不存在属性间的包含关系。",0,0,
hard_case_0064,subPropertyOf,premiereYear ⊑p releaseYear,"背景知识：
条目1：
- 名称：premiereYear
- 类型：Property
- 简介：Year the play was first performed.

条目2：
- 名称：releaseYear
- 类型：Unknown
- 简介：releaseYear",1,qwen-max-0125,0.0,8192,https://api2.aigcbest.top/v1,"判断结果：错误  
解释：背景知识中未明确releaseYear的类型，且premiereYear和releaseYear的语义不支持属性间的包含关系。",0,0,
hard_case_0065,subPropertyOf,rankingWins ⊑p Wins,"背景知识：
条目1：
- 名称：rankingWins
- 类型：Property
- 简介：ranking wins

条目2：
- 名称：Wins
- 类型：Unknown
- 简介：Wins",1,qwen-max-0125,0.0,8192,https://api2.aigcbest.top/v1,"判断结果：错误  
解释：根据背景知识，rankingWins是一个Property，而Wins的类型未知，无法直接建立属性间的包含关系（subPropertyOf）。",0,0,
hard_case_0066,subPropertyOf,silverMedalist ⊑p Medalist,"背景知识：
条目1：
- 名称：silverMedalist
- 类型：Property
- 简介：siler medalist

条目2：
- 名称：Medalist
- 类型：Unknown
- 简介：Medalist",1,qwen-max-0125,0.0,8192,https://api2.aigcbest.top/v1,"判断结果：错误  
解释：根据背景知识，silverMedalist是属性（Property），而Medalist的类型未知，无法直接作为类使用，因此属性与类之间的subPropertyOf关系不成立。",0,0,
hard_case_0067,domain,domain(academicAdvisor) = Scientist,"背景知识：
条目1：
- 名称：academicAdvisor
- 类型：Property
- 简介：academic advisor

条目2：
- 名称：Scientist
- 类型：Class
- 简介：scientist",1,qwen-max-0125,0.0,8192,https://api2.aigcbest.top/v1,"判断结果：错误  
解释：根据背景知识，academicAdvisor是一个属性，而Scientist是一个类，但没有信息表明academicAdvisor的主体必须是Scientist，因此该domain约束与背景知识不符。",0,0,
hard_case_0068,domain,domain(academicDiscipline) = AcademicJournal,"背景知识：
条目1：
- 名称：academicDiscipline
- 类型：Property
- 简介：An academic discipline, or field of study, is a branch of knowledge that is taught and researched at the college or university level. Disciplines are defined (in part), and recognized by the academic journals in which research is published,...

条目2：
- 名称：AcademicJournal
- 类型：Class
- 简介：academic journal",1,qwen-max-0125,0.0,8192,https://api2.aigcbest.top/v1,"判断结果：错误  
解释：根据背景知识，academicDiscipline 是一个属性，表示学术领域，而 AcademicJournal 是一个类，表示学术期刊，学术领域不应仅限于学术期刊作为其主体，因此该公理与语义规则和常识冲突。",0,0,
hard_case_0069,domain,domain(acquirementDate) = Planet,"背景知识：
条目1：
- 名称：acquirementDate
- 类型：Property
- 简介：date of acquirement

条目2：
- 名称：Planet
- 类型：Class
- 简介：planet",0,qwen-max-0125,0.0,8192,https://api2.aigcbest.top/v1,"判断结果：错误  
解释：根据背景知识，acquirementDate是一个日期属性，而Planet是一个类，二者语义上无直接关联，domain规则要求属性主体属于某一类，但日期属性的主体通常不是行星类。",0,1,
hard_case_0070,domain,domain(acquirementDate) = Ship,"背景知识：
条目1：
- 名称：acquirementDate
- 类型：Property
- 简介：date of acquirement

条目2：
- 名称：Ship
- 类型：Class
- 简介：ship",1,qwen-max-0125,0.0,8192,https://api2.aigcbest.top/v1,"判断结果：错误  
解释：根据背景知识，acquirementDate是一个日期属性，而Ship是一个类，将acquirementDate的主体限定为Ship与语义不符，因为日期属性通常适用于更广泛的主体类型，而非仅限于Ship类。",0,0,
hard_case_0071,domain,domain(address) = Place,"背景知识：
条目1：
- 名称：address
- 类型：Property
- 简介：Address of something as literal. Usually Building, but we also use it for the address of a Region's or Settlement's government

条目2：
- 名称：Place
- 类型：Class
- 简介：place",1,qwen-max-0125,0.0,8192,https://api2.aigcbest.top/v1,"判断结果：正确  
解释：根据背景知识，address属性描述某事物的地址，而Place类表示地点，语义上地址的主体可以是地点，符合domain(address) = Place的约束。",1,1,
hard_case_0072,domain,domain(administrativeDistrict) = EducationalInstitution,"背景知识：
条目1：
- 名称：administrativeDistrict
- 类型：Property
- 简介：administrative district

条目2：
- 名称：EducationalInstitution
- 类型：Class
- 简介：educational institution",0,qwen-max-0125,0.0,8192,https://api2.aigcbest.top/v1,"判断结果：错误  
解释：根据背景知识，administrativeDistrict是一个属性，而EducationalInstitution是一个类，将administrativeDistrict的主体限定为EducationalInstitution与常识不符，因为行政区域通常与地理或行政区划相关，而非教育机构。",0,1,
hard_case_0073,domain,domain(agency) = BaseballPlayer,"背景知识：
条目1：
- 名称：agency
- 类型：Property
- 简介：agency

条目2：
- 名称：BaseballPlayer
- 类型：Class
- 简介：baseball player",0,qwen-max-0125,0.0,8192,https://api2.aigcbest.top/v1,"判断结果：错误  
解释：根据背景知识，agency是一个属性，而BaseballPlayer是一个类，domain(agency) = BaseballPlayer表示agency的主体必须是BaseballPlayer，但背景知识未表明agency与BaseballPlayer之间存在此类约束关系，因此该公理不合理。",0,1,
hard_case_0074,domain,domain(albedo) = Planet,"背景知识：
条目1：
- 名称：albedo
- 类型：Property
- 简介：reflection coefficient

条目2：
- 名称：Planet
- 类型：Class
- 简介：planet",1,qwen-max-0125,0.0,8192,https://api2.aigcbest.top/v1,"判断结果：错误  
解释：根据背景知识，albedo是反射系数的属性，而Planet是行星类，将albedo的定义域限定为Planet与常识不符，因为反射系数并非仅适用于行星。",0,0,
hard_case_0075,domain,domain(alliance) = Airline,"背景知识：
条目1：
- 名称：alliance
- 类型：Property
- 简介：alliance

条目2：
- 名称：Airline
- 类型：Class
- 简介：airline",1,qwen-max-0125,0.0,8192,https://api2.aigcbest.top/v1,"判断结果：错误  
解释：根据背景知识，alliance是一个属性，而Airline是一个类，但没有信息表明alliance的主体必须属于Airline类，因此该domain约束与背景知识不符。",0,0,
hard_case_0076,domain,domain(alliance) = BaseballPlayer,"背景知识：
条目1：
- 名称：alliance
- 类型：Property
- 简介：alliance

条目2：
- 名称：BaseballPlayer
- 类型：Class
- 简介：baseball player",0,qwen-max-0125,0.0,8192,https://api2.aigcbest.top/v1,"判断结果：错误  
解释：根据背景知识，alliance是一个Property，而BaseballPlayer是一个Class，但没有信息表明alliance的主体必须是BaseballPlayer，因此该domain约束与背景知识不符。",0,1,
hard_case_0077,domain,domain(aoCloassification) = Disease,"背景知识：
条目1：
- 名称：aoCloassification
- 类型：Property
- 简介：AO

条目2：
- 名称：Disease
- 类型：Class
- 简介：disease",1,qwen-max-0125,0.0,8192,https://api2.aigcbest.top/v1,"判断结果：错误  
解释：背景知识中未表明aoCloassification的主体必须属于Disease类，因此该domain约束与已知信息冲突。",0,0,
hard_case_0078,domain,domain(aoCloassification) = SpaceMission,"背景知识：
条目1：
- 名称：aoCloassification
- 类型：Property
- 简介：AO

条目2：
- 名称：SpaceMission
- 类型：Class
- 简介：space mission",0,qwen-max-0125,0.0,8192,https://api2.aigcbest.top/v1,"判断结果：错误  
解释：背景知识中未表明aoCloassification的主体必须属于SpaceMission类，因此该domain约束与已知信息冲突。",0,1,
hard_case_0079,domain,domain(apoapsis) = Ship,"背景知识：
条目1：
- 名称：apoapsis
- 类型：Property
- 简介：apoapsis (km)

条目2：
- 名称：Ship
- 类型：Class
- 简介：ship",0,qwen-max-0125,0.0,8192,https://api2.aigcbest.top/v1,"判断结果：错误  
解释：根据背景知识，apoapsis是一个属性，而Ship是一个类，但没有信息表明apoapsis的主体必须属于Ship类，因此该domain约束与背景知识不符。",0,1,
hard_case_0080,domain,domain(apparentMagnitude) = Planet,"背景知识：
条目1：
- 名称：apparentMagnitude
- 类型：Property
- 简介：apparent magnitude

条目2：
- 名称：Planet
- 类型：Class
- 简介：planet",1,qwen-max-0125,0.0,8192,https://api2.aigcbest.top/v1,"判断结果：错误  
解释：根据背景知识，apparentMagnitude是一个属性，而Planet是一个类，但没有信息表明apparentMagnitude的主体必须是Planet，因此该domain约束与背景知识不符。",0,0,
hard_case_0081,domain,domain(archipelago) = Island,"背景知识：
条目1：
- 名称：archipelago
- 类型：Property
- 简介：archipelago

条目2：
- 名称：Island
- 类型：Class
- 简介：island",1,qwen-max-0125,0.0,8192,https://api2.aigcbest.top/v1,"判断结果：错误  
解释：根据背景知识，archipelago是属性，Island是类，但语义上“群岛”应包含“岛屿”，而非“群岛属性的主体必须是岛屿”。",0,0,
hard_case_0082,domain,domain(archipelago) = School,"背景知识：
条目1：
- 名称：archipelago
- 类型：Property
- 简介：archipelago

条目2：
- 名称：School
- 类型：Class
- 简介：school",0,qwen-max-0125,0.0,8192,https://api2.aigcbest.top/v1,"判断结果：错误  
解释：根据背景知识，archipelago是属性而School是类，但没有信息表明archipelago的主体必须属于School，因此该domain约束与背景知识不符。",0,1,
hard_case_0083,domain,domain(architect) = ArchitecturalStructure,"背景知识：
条目1：
- 名称：architect
- 类型：Property
- 简介：architect

条目2：
- 名称：ArchitecturalStructure
- 类型：Class
- 简介：An architectural structure is a human-made, free-standing, immobile outdoor construction (http://en.wikipedia.org/wiki/Architectural_structure).",1,qwen-max-0125,0.0,8192,https://api2.aigcbest.top/v1,"判断结果：错误  
解释：根据背景知识，architect是一个属性，而ArchitecturalStructure是一个类，domain(architect)表示该属性的主体应属于某个类，但常识表明建筑师（architect）的主体通常是人，而非建筑结构（ArchitecturalStructure），因此与语义规则冲突。",0,0,
hard_case_0084,domain,domain(architect) = Ship,"背景知识：
条目1：
- 名称：architect
- 类型：Property
- 简介：architect

条目2：
- 名称：Ship
- 类型：Class
- 简介：ship",0,qwen-max-0125,0.0,8192,https://api2.aigcbest.top/v1,"判断结果：错误  
解释：根据背景知识，architect是一个属性，而Ship是一个类，domain(architect) = Ship表示architect的主体必须是Ship，这与常识不符，因为建筑师通常与建筑物相关，而不是船。",0,1,
hard_case_0085,domain,domain(area) = PopulatedPlace,"背景知识：
条目1：
- 名称：area
- 类型：Property
- 简介：The area of the thing in square meters.

条目2：
- 名称：PopulatedPlace
- 类型：Class
- 简介：As defined by the United States Geological Survey, a populated place is a place or area with clustered or scattered buildings and a permanent human population (city, settlement, town, or village) referenced with geographic coordinates (http...",1,qwen-max-0125,0.0,8192,https://api2.aigcbest.top/v1,"判断结果：错误  
解释：根据背景知识，area表示某事物的面积，而PopulatedPlace表示有人居住的地方，area的主体不应仅限于PopulatedPlace，还可以是其他具有面积的事物。",0,0,
hard_case_0086,domain,domain(areaLand) = Island,"背景知识：
条目1：
- 名称：areaLand
- 类型：Property
- 简介：area land (m2)

条目2：
- 名称：Island
- 类型：Class
- 简介：island",0,qwen-max-0125,0.0,8192,https://api2.aigcbest.top/v1,"判断结果：错误  
解释：根据背景知识，areaLand是一个属性，而Island是一个类，但没有信息表明areaLand的主体必须是Island，因此该domain约束与背景知识不符。",0,1,
hard_case_0087,domain,domain(areaOfCatchment) = Lake,"背景知识：
条目1：
- 名称：areaOfCatchment
- 类型：Property
- 简介：area of catchment (m2)

条目2：
- 名称：Lake
- 类型：Class
- 简介：lake",1,qwen-max-0125,0.0,8192,https://api2.aigcbest.top/v1,"判断结果：错误  
解释：根据背景知识，areaOfCatchment是一个属性，而Lake是一个类，但没有信息表明areaOfCatchment的主体必须是Lake，因此该domain约束与背景知识不符。",0,0,
hard_case_0088,domain,domain(areaTotal) = PopulatedPlace,"背景知识：
条目1：
- 名称：areaTotal
- 类型：Property
- 简介：area total (km2)

条目2：
- 名称：PopulatedPlace
- 类型：Class
- 简介：As defined by the United States Geological Survey, a populated place is a place or area with clustered or scattered buildings and a permanent human population (city, settlement, town, or village) referenced with geographic coordinates (http...",1,qwen-max-0125,0.0,8192,https://api2.aigcbest.top/v1,"判断结果：错误  
解释：根据背景知识，areaTotal表示总面积，其主体不一定局限于PopulatedPlace类，还可以适用于其他地理区域或对象。",0,0,
hard_case_0089,domain,domain(argueDate) = PowerStation,"背景知识：
条目1：
- 名称：argueDate
- 类型：Property
- 简介：argue date

条目2：
- 名称：PowerStation
- 类型：Class
- 简介：power station",0,qwen-max-0125,0.0,8192,https://api2.aigcbest.top/v1,"判断结果：错误  
解释：根据背景知识，argueDate是一个属性，而PowerStation是一个类，domain(argueDate) = PowerStation表示argueDate的主体必须属于PowerStation类，这与常识和语义规则不符，因为“argue date”通常与日期相关，而非与“power station”相关。",0,1,
hard_case_0090,domain,domain(associatedRocket) = LaunchPad,"背景知识：
条目1：
- 名称：associatedRocket
- 类型：Property
- 简介：associated rocket

条目2：
- 名称：LaunchPad
- 类型：Class
- 简介：launch pad",1,qwen-max-0125,0.0,8192,https://api2.aigcbest.top/v1,"判断结果：错误  
解释：根据背景知识，associatedRocket的语义未表明其主体必须是LaunchPad，且无明确约束支持该domain定义。",0,0,
hard_case_0091,domain,domain(associatedRocket) = Saint,"背景知识：
条目1：
- 名称：associatedRocket
- 类型：Property
- 简介：associated rocket

条目2：
- 名称：Saint
- 类型：Class
- 简介：saint",0,qwen-max-0125,0.0,8192,https://api2.aigcbest.top/v1,"判断结果：错误  
解释：根据背景知识，associatedRocket是一个属性，而Saint是一个类，但没有信息表明associatedRocket的主体必须属于Saint类，因此该domain约束与背景知识不符。",0,1,
hard_case_0092,domain,domain(averageSpeed) = Planet,"背景知识：
条目1：
- 名称：averageSpeed
- 类型：Property
- 简介：The average speed of a thing.

条目2：
- 名称：Planet
- 类型：Class
- 简介：planet",1,qwen-max-0125,0.0,8192,https://api2.aigcbest.top/v1,"判断结果：错误  
解释：根据背景知识，averageSpeed的语义为主体的平均速度，而Planet仅为其中一个可能的主体类别，无法覆盖所有可能的主体类型，因此domain(averageSpeed) = Planet与语义规则冲突。",0,0,
hard_case_0093,domain,domain(birthPlace) = Animal,"背景知识：
条目1：
- 名称：birthPlace
- 类型：Property
- 简介：where the person was born

条目2：
- 名称：Animal
- 类型：Class
- 简介：animal",1,qwen-max-0125,0.0,8192,https://api2.aigcbest.top/v1,"判断结果：错误  
解释：根据背景知识，birthPlace表示“人出生的地方”，其主体应为“人”而非“动物”，因此domain(birthPlace) = Animal与语义不符。",0,0,
hard_case_0094,domain,domain(canBaggageChecked) = Station,"背景知识：
条目1：
- 名称：canBaggageChecked
- 类型：Property
- 简介：Whether bags can be checked.

条目2：
- 名称：Station
- 类型：Class
- 简介：Public transport station (eg. railway station, metro station, bus station).",1,qwen-max-0125,0.0,8192,https://api2.aigcbest.top/v1,"判断结果：错误  
解释：根据背景知识，canBaggageChecked是一个属性，表示是否可以托运行李，而Station是表示公共交通站点的类，二者语义上无直接关联，因此将Station设为canBaggageChecked的domain不符合常识和语义规则。",0,0,
hard_case_0095,domain,domain(deathDate) = Animal,"背景知识：
条目1：
- 名称：deathDate
- 类型：Property
- 简介：death date

条目2：
- 名称：Animal
- 类型：Class
- 简介：animal",1,qwen-max-0125,0.0,8192,https://api2.aigcbest.top/v1,"判断结果：错误  
解释：根据背景知识，deathDate表示死亡日期，而Animal表示动物，属性deathDate的主体不应仅限于Animal类，因为非动物实体也可能具有死亡日期。",0,0,
hard_case_0096,domain,domain(deathPlace) = Animal,"背景知识：
条目1：
- 名称：deathPlace
- 类型：Property
- 简介：The place where the person died.

条目2：
- 名称：Animal
- 类型：Class
- 简介：animal",1,qwen-max-0125,0.0,8192,https://api2.aigcbest.top/v1,"判断结果：错误  
解释：根据背景知识，deathPlace表示人去世的地点，而Animal表示动物类，两者语义不符，domain(deathPlace)不应限定为Animal。",0,0,
hard_case_0097,domain,domain(decideDate) = PowerStation,"背景知识：
条目1：
- 名称：decideDate
- 类型：Property
- 简介：decide date

条目2：
- 名称：PowerStation
- 类型：Class
- 简介：power station",0,qwen-max-0125,0.0,8192,https://api2.aigcbest.top/v1,"判断结果：错误  
解释：根据背景知识，decideDate是一个属性，而PowerStation是一个类，domain定义了属性的主体应属于某一类，但没有信息表明“决定日期”与“发电站”之间存在合理的语义关联。",0,1,
hard_case_0098,domain,domain(density) = Infrastructure,"背景知识：
条目1：
- 名称：density
- 类型：Property
- 简介：density (μ3)

条目2：
- 名称：Infrastructure
- 类型：Class
- 简介：infrastructure",0,qwen-max-0125,0.0,8192,https://api2.aigcbest.top/v1,"判断结果：错误  
解释：根据背景知识，density是一个属性，而Infrastructure是一个类，但没有信息表明density的主体必须属于Infrastructure类，因此该domain约束与背景知识不符。",0,1,
hard_case_0099,domain,domain(density) = Planet,"背景知识：
条目1：
- 名称：density
- 类型：Property
- 简介：density (μ3)

条目2：
- 名称：Planet
- 类型：Class
- 简介：planet",1,qwen-max-0125,0.0,8192,https://api2.aigcbest.top/v1,"判断结果：错误  
解释：根据背景知识，density是一个属性，Planet是一个类，但没有信息表明density的主体必须是Planet，因此该domain约束与已知信息不符。",0,0,
hard_case_0100,domain,domain(diameter) = Automobile,"背景知识：
条目1：
- 名称：diameter
- 类型：Property
- 简介：diameter (mm)

条目2：
- 名称：Automobile
- 类型：Class
- 简介：automobile",0,qwen-max-0125,0.0,8192,https://api2.aigcbest.top/v1,"判断结果：错误  
解释：根据背景知识，diameter是一个属性，而Automobile是一个类，将diameter的domain定义为Automobile不符合常识语义，因为“直径”通常与圆形或物体相关，而非直接与汽车类关联。",0,1,
hard_case_0101,domain,domain(diameter) = Engine,"背景知识：
条目1：
- 名称：diameter
- 类型：Property
- 简介：diameter (mm)

条目2：
- 名称：Engine
- 类型：Class
- 简介：engine",1,qwen-max-0125,0.0,8192,https://api2.aigcbest.top/v1,"判断结果：错误  
解释：根据背景知识，diameter是一个属性，而Engine是一个类，将diameter的domain定义为Engine缺乏合理的语义关联，因为直径通常不特指发动机类的属性。",0,0,
hard_case_0102,domain,domain(fileSize) = Software,"背景知识：
条目1：
- 名称：fileSize
- 类型：Property
- 简介：size of a file or software

条目2：
- 名称：Software
- 类型：Class
- 简介：software",1,qwen-max-0125,0.0,8192,https://api2.aigcbest.top/v1,"判断结果：错误  
解释：根据背景知识，fileSize表示文件或软件的大小，其主体应为文件或软件，而Software仅为软件类，无法涵盖所有可能的主体，因此domain(fileSize) = Software与语义规则和常识不符。",0,0,
hard_case_0103,domain,domain(firstLaunchDate) = Drug,"背景知识：
条目1：
- 名称：firstLaunchDate
- 类型：Property
- 简介：first launch date

条目2：
- 名称：Drug
- 类型：Class
- 简介：drug",0,qwen-max-0125,0.0,8192,https://api2.aigcbest.top/v1,"判断结果：错误  
解释：根据背景知识，firstLaunchDate是一个属性，而Drug是一个类，但没有信息表明firstLaunchDate的主体必须是Drug，因此该domain约束与背景知识不符。",0,1,
hard_case_0104,domain,domain(firstLaunchDate) = LaunchPad,"背景知识：
条目1：
- 名称：firstLaunchDate
- 类型：Property
- 简介：first launch date

条目2：
- 名称：LaunchPad
- 类型：Class
- 简介：launch pad",1,qwen-max-0125,0.0,8192,https://api2.aigcbest.top/v1,"判断结果：错误  
解释：根据背景知识，firstLaunchDate是一个属性，而LaunchPad是一个类，但没有信息表明发射日期的主体必须是发射台，因此该domain约束与常识和背景知识冲突。",0,0,
hard_case_0105,domain,domain(firstLaunchRocket) = LaunchPad,"背景知识：
条目1：
- 名称：firstLaunchRocket
- 类型：Property
- 简介：first launch rocket

条目2：
- 名称：LaunchPad
- 类型：Class
- 简介：launch pad",1,qwen-max-0125,0.0,8192,https://api2.aigcbest.top/v1,"判断结果：正确  
解释：根据背景知识，firstLaunchRocket是一个属性，而LaunchPad是一个类，domain(firstLaunchRocket) = LaunchPad表示该属性的主体必须属于LaunchPad类，这符合RDFS语义规则且与背景知识一致。",1,1,
hard_case_0106,domain,domain(firstLaunchRocket) = Scientist,"背景知识：
条目1：
- 名称：firstLaunchRocket
- 类型：Property
- 简介：first launch rocket

条目2：
- 名称：Scientist
- 类型：Class
- 简介：scientist",0,qwen-max-0125,0.0,8192,https://api2.aigcbest.top/v1,"判断结果：错误  
解释：根据背景知识，firstLaunchRocket是一个Property，而Scientist是一个Class，但没有信息表明firstLaunchRocket的主体必须是Scientist，因此该domain约束与背景知识不符。",0,1,
hard_case_0107,domain,domain(fuelTypeName) = PowerStation,"背景知识：
条目1：
- 名称：fuelTypeName
- 类型：Property
- 简介：fuel type

条目2：
- 名称：PowerStation
- 类型：Class
- 简介：power station",1,qwen-max-0125,0.0,8192,https://api2.aigcbest.top/v1,"判断结果：错误  
解释：根据背景知识，fuelTypeName表示燃料类型，而PowerStation表示发电站，燃料类型通常与发电站无关，因此将fuelTypeName的domain定义为PowerStation不符合常识和语义规则。",0,0,
hard_case_0108,domain,domain(height) = ChemicalSubstance,"背景知识：
条目1：
- 名称：height
- 类型：Property
- 简介：height (mm)

条目2：
- 名称：ChemicalSubstance
- 类型：Class
- 简介：chemical substance",0,qwen-max-0125,0.0,8192,https://api2.aigcbest.top/v1,"判断结果：错误  
解释：根据背景知识，height是一个表示高度的属性，而ChemicalSubstance是化学物质的类，二者无直接语义关联，且RDFS语义规则中domain应描述属性适用的主体类别，此处将height的主体限定为ChemicalSubstance不符合常识和逻辑。",0,1,
hard_case_0109,domain,domain(height) = MeanOfTransportation,"背景知识：
条目1：
- 名称：height
- 类型：Property
- 简介：height (mm)

条目2：
- 名称：MeanOfTransportation
- 类型：Class
- 简介：mean of transportation",1,qwen-max-0125,0.0,8192,https://api2.aigcbest.top/v1,"判断结果：错误  
解释：根据背景知识，height的语义为“高度”，而MeanOfTransportation表示“交通工具”，两者之间没有直接的语义关联，且常识上“高度”属性并不专属于“交通工具”类。",0,0,
hard_case_0110,domain,domain(height) = Settlement,"背景知识：
条目1：
- 名称：height
- 类型：Property
- 简介：height (cm)

条目2：
- 名称：Settlement
- 类型：Class
- 简介：settlement",0,qwen-max-0125,0.0,8192,https://api2.aigcbest.top/v1,"判断结果：错误  
解释：根据背景知识，height是一个属性，而Settlement是一个类，但没有信息表明高度属性的主体必须是定居点，因此该domain约束与背景知识不符。",0,1,
hard_case_0111,domain,domain(lastLaunchDate) = LaunchPad,"背景知识：
条目1：
- 名称：lastLaunchDate
- 类型：Property
- 简介：last launch date

条目2：
- 名称：LaunchPad
- 类型：Class
- 简介：launch pad",1,qwen-max-0125,0.0,8192,https://api2.aigcbest.top/v1,"判断结果：正确  
解释：根据背景知识，lastLaunchDate是一个属性，而LaunchPad是一个类，domain定义了属性的主体类别，语义上可以合理表示“lastLaunchDate的主体属于LaunchPad类”。",1,1,
hard_case_0112,domain,domain(lastLaunchRocket) = LaunchPad,"背景知识：
条目1：
- 名称：lastLaunchRocket
- 类型：Property
- 简介：last launch rocket

条目2：
- 名称：LaunchPad
- 类型：Class
- 简介：launch pad",1,qwen-max-0125,0.0,8192,https://api2.aigcbest.top/v1,"判断结果：正确  
解释：根据背景知识，lastLaunchRocket是一个属性，而LaunchPad是一个类，domain定义了属性的主体类别，语义上合理且符合RDFS规则。",1,1,
hard_case_0113,domain,domain(lastLaunchRocket) = Place,"背景知识：
条目1：
- 名称：lastLaunchRocket
- 类型：Property
- 简介：last launch rocket

条目2：
- 名称：Place
- 类型：Class
- 简介：place",0,qwen-max-0125,0.0,8192,https://api2.aigcbest.top/v1,"判断结果：错误  
解释：根据背景知识，lastLaunchRocket是一个属性，而Place是一个类，但没有信息表明lastLaunchRocket的主体必须属于Place类，因此该domain约束与背景知识不符。",0,1,
hard_case_0114,domain,domain(length) = Infrastructure,"背景知识：
条目1：
- 名称：length
- 类型：Property
- 简介：length (km)

条目2：
- 名称：Infrastructure
- 类型：Class
- 简介：infrastructure",1,qwen-max-0125,0.0,8192,https://api2.aigcbest.top/v1,"判断结果：错误  
解释：根据背景知识，length是一个表示长度的属性，而Infrastructure是一个类，二者之间没有直接的语义关联表明length的主体必须属于Infrastructure类。",0,0,
hard_case_0115,domain,domain(locusSupplementaryData) = Protein,"背景知识：
条目1：
- 名称：locusSupplementaryData
- 类型：Property
- 简介：locus supplementary data

条目2：
- 名称：Protein
- 类型：Class
- 简介：protein",1,qwen-max-0125,0.0,8192,https://api2.aigcbest.top/v1,"判断结果：错误  
解释：根据背景知识，locusSupplementaryData是一个Property，而Protein是一个Class，但没有信息表明locusSupplementaryData的主体必须属于Protein类，因此该domain约束与背景知识不符。",0,0,
hard_case_0116,domain,domain(lowerAge) = Person,"背景知识：
条目1：
- 名称：lowerAge
- 类型：Property
- 简介：lower age

条目2：
- 名称：Person
- 类型：Class
- 简介：person",0,qwen-max-0125,0.0,8192,https://api2.aigcbest.top/v1,"判断结果：正确  
解释：根据背景知识，lowerAge是一个属性，Person是一个类，domain(lowerAge) = Person表示lowerAge的主体必须属于Person类，这符合RDFS语义规则中对domain的定义。",1,0,
hard_case_0117,domain,domain(lowerAge) = School,"背景知识：
条目1：
- 名称：lowerAge
- 类型：Property
- 简介：lower age

条目2：
- 名称：School
- 类型：Class
- 简介：school",1,qwen-max-0125,0.0,8192,https://api2.aigcbest.top/v1,"判断结果：错误  
解释：根据背景知识，lowerAge是一个属性，而School是一个类，domain定义了属性的主体应属于某一类，但常识上年龄属性的主体通常是个体而非学校，因此该公理与语义规则和常识冲突。",0,0,
hard_case_0118,domain,domain(mass) = Planet,"背景知识：
条目1：
- 名称：mass
- 类型：Property
- 简介：mass (kg)

条目2：
- 名称：Planet
- 类型：Class
- 简介：planet",1,qwen-max-0125,0.0,8192,https://api2.aigcbest.top/v1,"判断结果：正确  
解释：根据背景知识，mass是一个属性，Planet是一个类，domain(mass) = Planet表示属性mass的主体必须属于Planet类，这符合RDFS语义规则且与常识一致。",1,1,
hard_case_0119,domain,domain(maximumTemperature) = Planet,"背景知识：
条目1：
- 名称：maximumTemperature
- 类型：Property
- 简介：maximum temperature (K)

条目2：
- 名称：Planet
- 类型：Class
- 简介：planet",1,qwen-max-0125,0.0,8192,https://api2.aigcbest.top/v1,"判断结果：错误  
解释：根据背景知识，maximumTemperature是一个属性，而Planet是一个类，但没有信息表明最大温度的主体必须是行星，因此该domain约束与背景知识不符。",0,0,
hard_case_0120,domain,domain(meanTemperature) = ChemicalSubstance,"背景知识：
条目1：
- 名称：meanTemperature
- 类型：Property
- 简介：mean temperature (K)

条目2：
- 名称：ChemicalSubstance
- 类型：Class
- 简介：chemical substance",0,qwen-max-0125,0.0,8192,https://api2.aigcbest.top/v1,"判断结果：错误  
解释：根据背景知识，meanTemperature描述的是温度属性，而ChemicalSubstance表示化学物质类，温度属性的主体通常不是化学物质，因此该domain约束与语义不符。",0,1,
hard_case_0121,domain,domain(meltingPoint) = Drug,"背景知识：
条目1：
- 名称：meltingPoint
- 类型：Property
- 简介：melting point (K)

条目2：
- 名称：Drug
- 类型：Class
- 简介：drug",1,qwen-max-0125,0.0,8192,https://api2.aigcbest.top/v1,"判断结果：错误  
解释：根据背景知识，meltingPoint表示熔点属性，而Drug表示药物类，熔点通常描述物质的物理特性，不应仅限于药物类，因此该domain约束与常识不符。",0,0,
hard_case_0122,domain,domain(minimumTemperature) = EducationalInstitution,"背景知识：
条目1：
- 名称：minimumTemperature
- 类型：Property
- 简介：minimum temperature (K)

条目2：
- 名称：EducationalInstitution
- 类型：Class
- 简介：educational institution",0,qwen-max-0125,0.0,8192,https://api2.aigcbest.top/v1,"判断结果：错误  
解释：根据背景知识，minimumTemperature是一个表示最低温度的属性，而EducationalInstitution是一个表示教育机构的类，二者在语义上无直接关联，domain约束不符合常识和RDFS语义规则。",0,1,
hard_case_0123,domain,domain(minimumTemperature) = Planet,"背景知识：
条目1：
- 名称：minimumTemperature
- 类型：Property
- 简介：minimum temperature (K)

条目2：
- 名称：Planet
- 类型：Class
- 简介：planet",1,qwen-max-0125,0.0,8192,https://api2.aigcbest.top/v1,"判断结果：错误  
解释：根据背景知识，minimumTemperature是一个属性，而Planet是一个类，但没有信息表明minimumTemperature的主体必须是Planet，因此该domain约束与背景知识不符。",0,0,
hard_case_0124,domain,domain(nciId) = AdministrativeRegion,"背景知识：
条目1：
- 名称：nciId
- 类型：Property
- 简介：NCI

条目2：
- 名称：AdministrativeRegion
- 类型：Class
- 简介：A PopulatedPlace under the jurisdiction of an administrative body. This body may administer either a whole region or one or more adjacent Settlements (town administration)",0,qwen-max-0125,0.0,8192,https://api2.aigcbest.top/v1,"判断结果：错误  
解释：根据背景知识，nciId是一个Property，而AdministrativeRegion是一个Class，但没有任何信息表明nciId的主体必须属于AdministrativeRegion，因此该domain约束与背景知识不符。",0,1,
hard_case_0125,domain,domain(nciId) = Disease,"背景知识：
条目1：
- 名称：nciId
- 类型：Property
- 简介：NCI

条目2：
- 名称：Disease
- 类型：Class
- 简介：disease",1,qwen-max-0125,0.0,8192,https://api2.aigcbest.top/v1,"判断结果：错误  
解释：根据背景知识，nciId是一个Property，而Disease是一个Class，但没有任何信息表明nciId的主体必须属于Disease类，因此该domain约束与背景知识不符。",0,0,
hard_case_0126,domain,domain(numberOfClassrooms) = AdministrativeRegion,"背景知识：
条目1：
- 名称：numberOfClassrooms
- 类型：Property
- 简介：number of classrooms

条目2：
- 名称：AdministrativeRegion
- 类型：Class
- 简介：A PopulatedPlace under the jurisdiction of an administrative body. This body may administer either a whole region or one or more adjacent Settlements (town administration)",0,qwen-max-0125,0.0,8192,https://api2.aigcbest.top/v1,"判断结果：错误  
解释：根据背景知识，numberOfClassrooms是描述教室数量的属性，而AdministrativeRegion表示行政区域，二者语义上无直接关联，且教室数量通常与学校或建筑物相关，而非行政区域，因此该domain约束不合理。",0,1,
hard_case_0127,domain,domain(numberOfPads) = MeanOfTransportation,"背景知识：
条目1：
- 名称：numberOfPads
- 类型：Property
- 简介：number of pads

条目2：
- 名称：MeanOfTransportation
- 类型：Class
- 简介：mean of transportation",0,qwen-max-0125,0.0,8192,https://api2.aigcbest.top/v1,"判断结果：正确  
解释：根据背景知识，numberOfPads 是一个属性，MeanOfTransportation 是一个类，domain 定义了属性的主体类别，语义上表示 numberOfPads 的主体应属于 MeanOfTransportation 类，符合 RDFS 语义规则且无冲突。",1,0,
hard_case_0128,domain,domain(orbitalPeriod) = Planet,"背景知识：
条目1：
- 名称：orbitalPeriod
- 类型：Property
- 简介：orbital period (μ)

条目2：
- 名称：Planet
- 类型：Class
- 简介：planet",1,qwen-max-0125,0.0,8192,https://api2.aigcbest.top/v1,"判断结果：正确  
解释：根据背景知识，orbitalPeriod是一个属性，Planet是一个类，且常识表明行星（Planet）可以具有轨道周期（orbitalPeriod），因此该公理符合RDFS中domain的语义规则。",1,1,
hard_case_0129,domain,domain(otherChannel) = Broadcaster,"背景知识：
条目1：
- 名称：otherChannel
- 类型：Property
- 简介：other channel

条目2：
- 名称：Broadcaster
- 类型：Class
- 简介：A broadcaster is an organisation responsible for the production of radio or television programs and/or their transmission. (http://en.wikipedia.org/wiki/Broadcaster - 28/03/2011)",1,qwen-max-0125,0.0,8192,https://api2.aigcbest.top/v1,"判断结果：错误  
解释：根据背景知识，otherChannel的语义未明确表明其主体必须是Broadcaster，且RDFS的domain语义要求属性的主体属于指定类，此处约束过于严格，与常识不符。",0,0,
hard_case_0130,domain,domain(otherChannel) = Drug,"背景知识：
条目1：
- 名称：otherChannel
- 类型：Property
- 简介：other channel

条目2：
- 名称：Drug
- 类型：Class
- 简介：drug",0,qwen-max-0125,0.0,8192,https://api2.aigcbest.top/v1,"判断结果：错误  
解释：背景知识中未表明otherChannel属性的主体必须属于Drug类，因此该domain约束与已知信息冲突。",0,1,
hard_case_0131,domain,domain(periapsis) = Planet,"背景知识：
条目1：
- 名称：periapsis
- 类型：Property
- 简介：periapsis (km)

条目2：
- 名称：Planet
- 类型：Class
- 简介：planet",1,qwen-max-0125,0.0,8192,https://api2.aigcbest.top/v1,"判断结果：正确  
解释：根据背景知识，periapsis是一个属性，Planet是一个类，且语义上行星（Planet）可以具有近拱点（periapsis），因此该公理符合RDFS中domain的语义规则。",1,1,
hard_case_0132,domain,domain(pictureFormat) = Broadcaster,"背景知识：
条目1：
- 名称：pictureFormat
- 类型：Property
- 简介：picture format

条目2：
- 名称：Broadcaster
- 类型：Class
- 简介：A broadcaster is an organisation responsible for the production of radio or television programs and/or their transmission. (http://en.wikipedia.org/wiki/Broadcaster - 28/03/2011)",1,qwen-max-0125,0.0,8192,https://api2.aigcbest.top/v1,"判断结果：错误  
解释：根据背景知识，pictureFormat是一个与图片格式相关的属性，而Broadcaster是与广播组织相关的类，二者无直接语义关联，domain约束不符合常识和RDFS语义规则。",0,0,
hard_case_0133,domain,domain(populationUrbanDensity) = Island,"背景知识：
条目1：
- 名称：populationUrbanDensity
- 类型：Property
- 简介：population urban density (/sqkm)

条目2：
- 名称：Island
- 类型：Class
- 简介：island",0,qwen-max-0125,0.0,8192,https://api2.aigcbest.top/v1,"判断结果：错误  
解释：根据背景知识，populationUrbanDensity是描述人口密度的属性，而Island是表示岛屿的类，二者无直接语义关联，且人口密度的主体通常应为城市或区域而非岛屿。",0,1,
hard_case_0134,domain,domain(previousInfrastructure) = PublicTransitSystem,"背景知识：
条目1：
- 名称：previousInfrastructure
- 类型：Property
- 简介：previous infrastructure

条目2：
- 名称：PublicTransitSystem
- 类型：Class
- 简介：A public transit system is a shared passenger transportation service which is available for use by the general public. Public transport modes include buses, trolleybuses, trams and trains, 'rapid transit' (metro/subways/undergrounds etc) an...",0,qwen-max-0125,0.0,8192,https://api2.aigcbest.top/v1,"判断结果：错误  
解释：根据背景知识，previousInfrastructure的语义未表明其主体必须属于PublicTransitSystem类，因此该domain约束与背景知识不符。",0,1,
hard_case_0135,domain,domain(projectBudgetTotal) = Work,"背景知识：
条目1：
- 名称：projectBudgetTotal
- 类型：Property
- 简介：The total budget of the research project.

条目2：
- 名称：Work
- 类型：Class
- 简介：Item on which time has been spent for its realisation. Actor can be a human on not (machine, insects, nature...)",0,qwen-max-0125,0.0,8192,https://api2.aigcbest.top/v1,"判断结果：错误  
解释：根据背景知识，projectBudgetTotal表示研究项目的总预算，其主体应为项目而非Work类所描述的“花费时间实现的事项”，因此domain(projectBudgetTotal) = Work与语义不符。",0,1,
hard_case_0136,domain,domain(releaseLocation) = Work,"背景知识：
条目1：
- 名称：releaseLocation
- 类型：Property
- 简介：Usually used with releaseDate, particularly for Films. Often there can be several pairs so our modeling is not precise here...

条目2：
- 名称：Work
- 类型：Class
- 简介：Item on which time has been spent for its realisation. Actor can be a human on not (machine, insects, nature...)",1,qwen-max-0125,0.0,8192,https://api2.aigcbest.top/v1,"判断结果：错误  
解释：根据背景知识，releaseLocation通常用于描述Film的发布地点，而Work表示花费时间实现的项目，二者语义不符，因此domain(releaseLocation)不应为Work。",0,0,
hard_case_0137,domain,domain(runtime) = Airline,"背景知识：
条目1：
- 名称：runtime
- 类型：Property
- 简介：runtime (m)

条目2：
- 名称：Airline
- 类型：Class
- 简介：airline",0,qwen-max-0125,0.0,8192,https://api2.aigcbest.top/v1,"判断结果：错误  
解释：根据背景知识，runtime是一个属性，而Airline是一个类，但没有信息表明runtime的主体必须属于Airline类，因此该domain约束与已知信息冲突。",0,1,
hard_case_0138,domain,domain(runtime) = Work,"背景知识：
条目1：
- 名称：runtime
- 类型：Property
- 简介：runtime (m)

条目2：
- 名称：Work
- 类型：Class
- 简介：Item on which time has been spent for its realisation. Actor can be a human on not (machine, insects, nature...)",1,qwen-max-0125,0.0,8192,https://api2.aigcbest.top/v1,"判断结果：错误  
解释：根据背景知识，runtime是一个属性，而Work是一个类，但没有信息表明runtime的主体必须属于Work类，因此该domain约束与背景知识不符。",0,0,
hard_case_0139,domain,domain(statisticYear) = BaseballPlayer,"背景知识：
条目1：
- 名称：statisticYear
- 类型：Property
- 简介：statistic year

条目2：
- 名称：BaseballPlayer
- 类型：Class
- 简介：baseball player",1,qwen-max-0125,0.0,8192,https://api2.aigcbest.top/v1,"判断结果：错误  
解释：根据背景知识，statisticYear是一个属性，而BaseballPlayer是一个类，domain(statisticYear) = BaseballPlayer表示该属性的主体必须是BaseballPlayer类的实例，但没有信息表明statisticYear的主体一定与BaseballPlayer相关，因此该公理不合理。",0,0,
hard_case_0140,domain,domain(statisticYear) = ChemicalSubstance,"背景知识：
条目1：
- 名称：statisticYear
- 类型：Property
- 简介：statistic year

条目2：
- 名称：ChemicalSubstance
- 类型：Class
- 简介：chemical substance",0,qwen-max-0125,0.0,8192,https://api2.aigcbest.top/v1,"判断结果：错误  
解释：根据背景知识，statisticYear是一个属性，而ChemicalSubstance是一个类，将statisticYear的domain定义为ChemicalSubstance缺乏合理的语义关联，且不符合常识逻辑。",0,1,
hard_case_0141,domain,domain(subsequentInfrastructure) = Museum,"背景知识：
条目1：
- 名称：subsequentInfrastructure
- 类型：Property
- 简介：subsequent infrastructure

条目2：
- 名称：Museum
- 类型：Class
- 简介：museum",0,qwen-max-0125,0.0,8192,https://api2.aigcbest.top/v1,"判断结果：错误  
解释：根据背景知识，subsequentInfrastructure是一个属性，而Museum是一个类，但没有信息表明subsequentInfrastructure的主体必须属于Museum类，因此该domain约束与背景知识不符。",0,1,
hard_case_0142,domain,domain(temperature) = Biomolecule,"背景知识：
条目1：
- 名称：temperature
- 类型：Property
- 简介：temperature (K)

条目2：
- 名称：Biomolecule
- 类型：Class
- 简介：equivalent to http://ccdb.ucsd.edu/NIF/BIRNLex-OBO-UBO.owl#birnlex_22.",0,qwen-max-0125,0.0,8192,https://api2.aigcbest.top/v1,"判断结果：错误  
解释：根据背景知识，temperature是一个属性，而Biomolecule是一个类，domain(temperature) = Biomolecule表示temperature的主体必须是Biomolecule，但温度通常与物理对象或环境相关，而非生物分子，因此该公理与常识和语义规则冲突。",0,1,
hard_case_0143,domain,domain(temperature) = Planet,"背景知识：
条目1：
- 名称：temperature
- 类型：Property
- 简介：temperature (K)

条目2：
- 名称：Planet
- 类型：Class
- 简介：planet",1,qwen-max-0125,0.0,8192,https://api2.aigcbest.top/v1,"判断结果：错误  
解释：根据背景知识，temperature是一个属性，而Planet是一个类，但没有信息表明温度属性的主体必须是行星类，因此该公理与背景知识不符。",0,0,
hard_case_0144,domain,domain(upperAge) = Engine,"背景知识：
条目1：
- 名称：upperAge
- 类型：Property
- 简介：upper age

条目2：
- 名称：Engine
- 类型：Class
- 简介：engine",0,qwen-max-0125,0.0,8192,https://api2.aigcbest.top/v1,"判断结果：错误  
解释：根据背景知识，upperAge是一个属性，而Engine是一个类，将upperAge的定义域指定为Engine与常识和语义规则不符，因为年龄属性通常与表示实体（如人或物）的类相关，而非与“发动机”类相关。",0,1,
hard_case_0145,domain,domain(upperAge) = School,"背景知识：
条目1：
- 名称：upperAge
- 类型：Property
- 简介：upper age

条目2：
- 名称：School
- 类型：Class
- 简介：school",1,qwen-max-0125,0.0,8192,https://api2.aigcbest.top/v1,"判断结果：错误  
解释：根据背景知识，upperAge是一个属性，而School是一个类，domain(upperAge) = School表示upperAge的主体必须是School，这与常识和语义规则不符，因为年龄属性通常与人或生物相关，而非学校。",0,0,
hard_case_0146,domain,domain(vehiclesInFleet) = PublicTransitSystem,"背景知识：
条目1：
- 名称：vehiclesInFleet
- 类型：Property
- 简介：Points out means of transport contained in the companies vehicle fleet.

条目2：
- 名称：PublicTransitSystem
- 类型：Class
- 简介：A public transit system is a shared passenger transportation service which is available for use by the general public. Public transport modes include buses, trolleybuses, trams and trains, 'rapid transit' (metro/subways/undergrounds etc) an...",1,qwen-max-0125,0.0,8192,https://api2.aigcbest.top/v1,"判断结果：错误  
解释：根据背景知识，vehiclesInFleet属性描述的是公司车队中的交通工具，而PublicTransitSystem类表示公共交通系统，二者语义不符，domain约束不成立。",0,0,
hard_case_0147,domain,domain(volume) = Automobile,"背景知识：
条目1：
- 名称：volume
- 类型：Property
- 简介：volume (μ³)

条目2：
- 名称：Automobile
- 类型：Class
- 简介：automobile",0,qwen-max-0125,0.0,8192,https://api2.aigcbest.top/v1,"判断结果：错误  
解释：根据背景知识，volume是一个属性，而Automobile是一个类，但没有信息表明volume的主体必须属于Automobile类，因此该domain约束与背景知识不符。",0,1,
hard_case_0148,domain,domain(volume) = Lake,"背景知识：
条目1：
- 名称：volume
- 类型：Property
- 简介：volume (μ³)

条目2：
- 名称：Lake
- 类型：Class
- 简介：lake",1,qwen-max-0125,0.0,8192,https://api2.aigcbest.top/v1,"判断结果：错误  
解释：根据背景知识，volume是一个属性，Lake是一个类，但没有信息表明volume的主体必须是Lake，因此domain(volume) = Lake与背景知识不符。",0,0,
hard_case_0149,domain,domain(volume) = Planet,"背景知识：
条目1：
- 名称：volume
- 类型：Property
- 简介：volume (km3)

条目2：
- 名称：Planet
- 类型：Class
- 简介：planet",1,qwen-max-0125,0.0,8192,https://api2.aigcbest.top/v1,"判断结果：正确  
解释：根据背景知识，volume是一个属性，Planet是一个类，domain(volume) = Planet表示属性volume的主体应属于Planet类，这符合RDFS语义规则且与常识一致。",1,1,
hard_case_0150,domain,domain(width) = MeanOfTransportation,"背景知识：
条目1：
- 名称：width
- 类型：Property
- 简介：width (mm)

条目2：
- 名称：MeanOfTransportation
- 类型：Class
- 简介：mean of transportation",1,qwen-max-0125,0.0,8192,https://api2.aigcbest.top/v1,"判断结果：正确  
解释：根据背景知识，width是一个属性，MeanOfTransportation是一个类，domain(width) = MeanOfTransportation表示width的主体必须属于MeanOfTransportation类，这符合RDFS语义规则且与常识一致。",1,1,
hard_case_0151,range,range(academicAdvisor) = College,"背景知识：
条目1：
- 名称：academicAdvisor
- 类型：Property
- 简介：academic advisor

条目2：
- 名称：College
- 类型：Class
- 简介：college",0,qwen-max-0125,0.0,8192,https://api2.aigcbest.top/v1,"判断结果：错误  
解释：根据背景知识，academicAdvisor是一个属性，而College是一个类，将academicAdvisor的range定义为College不符合常识语义，因为学术顾问通常是人而非学院。",0,1,
hard_case_0152,range,range(administrativeCollectivity) = PopulatedPlace,"背景知识：
条目1：
- 名称：administrativeCollectivity
- 类型：Property
- 简介：administrative collectivity

条目2：
- 名称：PopulatedPlace
- 类型：Class
- 简介：As defined by the United States Geological Survey, a populated place is a place or area with clustered or scattered buildings and a permanent human population (city, settlement, town, or village) referenced with geographic coordinates (http...",1,qwen-max-0125,0.0,8192,https://api2.aigcbest.top/v1,"判断结果：错误  
解释：根据背景知识，administrativeCollectivity是一个属性，而PopulatedPlace是一个类，但没有信息表明administrativeCollectivity的客体必须属于PopulatedPlace，因此该range约束与背景知识不符。",0,0,
hard_case_0153,range,range(administrativeDistrict) = PopulatedPlace,"背景知识：
条目1：
- 名称：administrativeDistrict
- 类型：Property
- 简介：administrative district

条目2：
- 名称：PopulatedPlace
- 类型：Class
- 简介：As defined by the United States Geological Survey, a populated place is a place or area with clustered or scattered buildings and a permanent human population (city, settlement, town, or village) referenced with geographic coordinates (http...",1,qwen-max-0125,0.0,8192,https://api2.aigcbest.top/v1,"判断结果：正确  
解释：根据背景知识，administrativeDistrict 是一个属性，PopulatedPlace 是一个类，且语义上 administrativeDistrict 的客体可以合理地属于 PopulatedPlace 类，符合 range 的定义。",1,1,
hard_case_0154,range,range(affiliation) = Athlete,"背景知识：
条目1：
- 名称：affiliation
- 类型：Property
- 简介：affiliation

条目2：
- 名称：Athlete
- 类型：Class
- 简介：athlete",0,qwen-max-0125,0.0,8192,https://api2.aigcbest.top/v1,"判断结果：错误  
解释：根据背景知识，affiliation的语义未明确限定其客体必须为Athlete，因此将range(affiliation)限定为Athlete与语义规则和常识不符。",0,1,
hard_case_0155,range,range(album) = Athlete,"背景知识：
条目1：
- 名称：album
- 类型：Property
- 简介：album

条目2：
- 名称：Athlete
- 类型：Class
- 简介：athlete",0,qwen-max-0125,0.0,8192,https://api2.aigcbest.top/v1,"判断结果：错误  
解释：根据背景知识，album是一个属性，而Athlete是一个类，但常识和语义规则无法支持“专辑的客体是运动员”这一约束关系。",0,1,
hard_case_0156,range,range(alongside) = Department,"背景知识：
条目1：
- 名称：alongside
- 类型：Property
- 简介：alongside

条目2：
- 名称：Department
- 类型：Class
- 简介：department",0,qwen-max-0125,0.0,8192,https://api2.aigcbest.top/v1,"判断结果：错误  
解释：根据背景知识，alongside是一个属性，而Department是一个类，但没有信息表明alongside的客体必须属于Department类，因此该公理与背景知识不符。",0,1,
hard_case_0157,range,range(alongside) = Person,"背景知识：
条目1：
- 名称：alongside
- 类型：Property
- 简介：alongside

条目2：
- 名称：Person
- 类型：Class
- 简介：person",1,qwen-max-0125,0.0,8192,https://api2.aigcbest.top/v1,"判断结果：错误  
解释：根据背景知识，alongside是一个属性，而Person是一个类，但没有信息表明alongside的客体必须属于Person类，因此该公理与背景知识不符。",0,0,
hard_case_0158,range,range(anthem) = Work,"背景知识：
条目1：
- 名称：anthem
- 类型：Property
- 简介：Official song (anthem) of a PopulatedPlace, SportsTeam, School or other

条目2：
- 名称：Work
- 类型：Class
- 简介：Item on which time has been spent for its realisation. Actor can be a human on not (machine, insects, nature...)",1,qwen-max-0125,0.0,8192,https://api2.aigcbest.top/v1,"判断结果：错误  
解释：根据背景知识，anthem的客体应为歌曲，而Work表示花费时间实现的项目，两者语义不符。",0,0,
hard_case_0159,range,range(appointer) = Company,"背景知识：
条目1：
- 名称：appointer
- 类型：Property
- 简介：appointer

条目2：
- 名称：Company
- 类型：Class
- 简介：company",0,qwen-max-0125,0.0,8192,https://api2.aigcbest.top/v1,"判断结果：正确  
解释：根据背景知识，appointer是一个属性，Company是一个类，公理表明appointer的客体属于Company类，符合RDFS中range的语义规则。",1,0,
hard_case_0160,range,range(architect) = Place,"背景知识：
条目1：
- 名称：architect
- 类型：Property
- 简介：architect

条目2：
- 名称：Place
- 类型：Class
- 简介：place",0,qwen-max-0125,0.0,8192,https://api2.aigcbest.top/v1,"判断结果：错误  
解释：根据背景知识，architect是一个属性，而Place是一个类，但没有信息表明architect的客体必须属于Place类，因此该公理与背景知识不符。",0,1,
hard_case_0161,range,range(arrondissement) = Organisation,"背景知识：
条目1：
- 名称：arrondissement
- 类型：Property
- 简介：arrondissement

条目2：
- 名称：Organisation
- 类型：Class
- 简介：organisation",0,qwen-max-0125,0.0,8192,https://api2.aigcbest.top/v1,"判断结果：错误  
解释：根据背景知识，arrondissement是属性，Organisation是类，但没有信息表明arrondissement的客体必须属于Organisation类，因此该range约束与背景知识不符。",0,1,
hard_case_0162,range,range(artist) = MusicalArtist,"背景知识：
条目1：
- 名称：artist
- 类型：Property
- 简介：The performer or creator of the musical work.

条目2：
- 名称：MusicalArtist
- 类型：Class
- 简介：musical artist",0,qwen-max-0125,0.0,8192,https://api2.aigcbest.top/v1,"判断结果：正确  
解释：根据背景知识，artist属性表示音乐作品的表演者或创作者，而MusicalArtist类表示音乐艺术家，因此将artist的range定义为MusicalArtist符合语义约束。",1,0,
hard_case_0163,range,range(associate) = BroadcastNetwork,"背景知识：
条目1：
- 名称：associate
- 类型：Property
- 简介：associate

条目2：
- 名称：BroadcastNetwork
- 类型：Class
- 简介：A broadcast network is an organization, such as a corporation or other association, that provides live or recorded content, such as movies, newscasts, sports, and public affairs programs for broadcast over a group of radio or television sta...",0,qwen-max-0125,0.0,8192,https://api2.aigcbest.top/v1,"判断结果：错误  
解释：根据背景知识，associate的类型为Property，而BroadcastNetwork为Class，但没有信息表明associate的客体必须属于BroadcastNetwork，因此该公理与背景知识不符。",0,1,
hard_case_0164,range,range(associationOfLocalGovernment) = PopulatedPlace,"背景知识：
条目1：
- 名称：associationOfLocalGovernment
- 类型：Property
- 简介：association of local government

条目2：
- 名称：PopulatedPlace
- 类型：Class
- 简介：As defined by the United States Geological Survey, a populated place is a place or area with clustered or scattered buildings and a permanent human population (city, settlement, town, or village) referenced with geographic coordinates (http...",1,qwen-max-0125,0.0,8192,https://api2.aigcbest.top/v1,"判断结果：错误  
解释：根据背景知识，associationOfLocalGovernment是属性，而PopulatedPlace是类，但没有信息表明associationOfLocalGovernment的客体必须属于PopulatedPlace，因此该range约束与背景知识不符。",0,0,
hard_case_0165,range,range(automobilePlatform) = Album,"背景知识：
条目1：
- 名称：automobilePlatform
- 类型：Property
- 简介：automobile platform

条目2：
- 名称：Album
- 类型：Class
- 简介：album",0,qwen-max-0125,0.0,8192,https://api2.aigcbest.top/v1,"判断结果：错误  
解释：根据背景知识，automobilePlatform是与“automobile platform”相关的属性，而Album是表示“album”的类，二者在语义上无关联，且range公理要求属性的客体属于指定类，此处明显冲突。",0,1,
hard_case_0166,range,range(automobilePlatform) = Automobile,"背景知识：
条目1：
- 名称：automobilePlatform
- 类型：Property
- 简介：automobile platform

条目2：
- 名称：Automobile
- 类型：Class
- 简介：automobile",1,qwen-max-0125,0.0,8192,https://api2.aigcbest.top/v1,"判断结果：正确  
解释：根据背景知识，automobilePlatform 是一个属性，而 Automobile 是一个类，公理表明 automobilePlatform 的客体属于 Automobile 类，符合 range 的语义规则。",1,1,
hard_case_0167,range,range(basedOn) = Band,"背景知识：
条目1：
- 名称：basedOn
- 类型：Property
- 简介：based on

条目2：
- 名称：Band
- 类型：Class
- 简介：Band",0,qwen-max-0125,0.0,8192,https://api2.aigcbest.top/v1,"判断结果：错误  
解释：根据背景知识，basedOn是一个属性，Band是一个类，但没有信息表明basedOn的客体必须属于Band类，因此该公理与背景知识不符。",0,1,
hard_case_0168,range,range(beatifiedBy) = Person,"背景知识：
条目1：
- 名称：beatifiedBy
- 类型：Property
- 简介：beatified by

条目2：
- 名称：Person
- 类型：Class
- 简介：person",1,qwen-max-0125,0.0,8192,https://api2.aigcbest.top/v1,"判断结果：正确  
解释：根据背景知识，beatifiedBy是一个属性，Person是一个类，range(beatifiedBy) = Person表示beatifiedBy的客体必须属于Person类，这符合RDFS语义规则且与常识一致。",1,1,
hard_case_0169,range,range(billed) = Award,"背景知识：
条目1：
- 名称：billed
- 类型：Property
- 简介：billed

条目2：
- 名称：Award
- 类型：Class
- 简介：award",0,qwen-max-0125,0.0,8192,https://api2.aigcbest.top/v1,"判断结果：错误  
解释：根据背景知识，billed是一个属性，而Award是一个类，但没有信息表明billed的客体必须属于Award类，因此该公理与背景知识不符。",0,1,
hard_case_0170,range,range(billed) = PopulatedPlace,"背景知识：
条目1：
- 名称：billed
- 类型：Property
- 简介：billed

条目2：
- 名称：PopulatedPlace
- 类型：Class
- 简介：As defined by the United States Geological Survey, a populated place is a place or area with clustered or scattered buildings and a permanent human population (city, settlement, town, or village) referenced with geographic coordinates (http...",1,qwen-max-0125,0.0,8192,https://api2.aigcbest.top/v1,"判断结果：错误  
解释：根据背景知识，billed是一个属性，而PopulatedPlace是一个类，但没有任何信息表明billed的客体必须是PopulatedPlace的实例，因此该公理与背景知识不符。",0,0,
hard_case_0171,range,range(birthPlace) = Country,"背景知识：
条目1：
- 名称：birthPlace
- 类型：Property
- 简介：where the person was born

条目2：
- 名称：Country
- 类型：Class
- 简介：country",0,qwen-max-0125,0.0,8192,https://api2.aigcbest.top/v1,"判断结果：正确  
解释：根据背景知识，birthPlace表示“人出生的地方”，而Country表示“国家”，语义上“出生地”可以合理地被约束为“国家”，符合range的语义规则。",1,0,
hard_case_0172,range,range(canonizedBy) = Person,"背景知识：
条目1：
- 名称：canonizedBy
- 类型：Property
- 简介：canonized by

条目2：
- 名称：Person
- 类型：Class
- 简介：person",1,qwen-max-0125,0.0,8192,https://api2.aigcbest.top/v1,"判断结果：正确  
解释：根据背景知识，canonizedBy是一个属性，Person是一个类，公理表明canonizedBy的客体属于Person类，符合RDFS中range的语义规则。",1,1,
hard_case_0173,range,range(canonizedPlace) = College,"背景知识：
条目1：
- 名称：canonizedPlace
- 类型：Property
- 简介：canonized place

条目2：
- 名称：College
- 类型：Class
- 简介：college",0,qwen-max-0125,0.0,8192,https://api2.aigcbest.top/v1,"判断结果：错误  
解释：根据背景知识，canonizedPlace是一个属性，而College是一个类，但没有信息表明canonizedPlace的客体必须属于College类，因此该range约束与背景知识不符。",0,1,
hard_case_0174,range,range(canton) = CareerStation,"背景知识：
条目1：
- 名称：canton
- 类型：Property
- 简介：canton

条目2：
- 名称：CareerStation
- 类型：Class
- 简介：this class marks a career step in the life of a person, e.g. a soccer player, holding information on the time span, matches and goals he or she achieved at a certain club",0,qwen-max-0125,0.0,8192,https://api2.aigcbest.top/v1,"判断结果：错误  
解释：根据背景知识，canton是一个Property，而CareerStation是一个Class，但没有任何信息表明canton的客体应属于CareerStation类，因此该range约束与背景知识不符。",0,1,
hard_case_0175,range,range(ceremonialCounty) = Department,"背景知识：
条目1：
- 名称：ceremonialCounty
- 类型：Property
- 简介：Ceremonial County

条目2：
- 名称：Department
- 类型：Class
- 简介：department",0,qwen-max-0125,0.0,8192,https://api2.aigcbest.top/v1,"判断结果：错误  
解释：根据背景知识，ceremonialCounty是属性，Department是类，但没有信息表明ceremonialCounty的客体必须属于Department类，因此该range约束与背景知识不符。",0,1,
hard_case_0176,range,range(ceremonialCounty) = PopulatedPlace,"背景知识：
条目1：
- 名称：ceremonialCounty
- 类型：Property
- 简介：Ceremonial County

条目2：
- 名称：PopulatedPlace
- 类型：Class
- 简介：As defined by the United States Geological Survey, a populated place is a place or area with clustered or scattered buildings and a permanent human population (city, settlement, town, or village) referenced with geographic coordinates (http...",1,qwen-max-0125,0.0,8192,https://api2.aigcbest.top/v1,"判断结果：错误  
解释：根据背景知识，ceremonialCounty是一个属性，而PopulatedPlace是一个类，但ceremonialCounty的range应指向与ceremonial counties相关的地理或行政区域类，而非直接指向PopulatedPlace，因此该公理与语义规则和常识冲突。",0,0,
hard_case_0177,range,range(chairman) = Place,"背景知识：
条目1：
- 名称：chairman
- 类型：Property
- 简介：chairman

条目2：
- 名称：Place
- 类型：Class
- 简介：place",0,qwen-max-0125,0.0,8192,https://api2.aigcbest.top/v1,"判断结果：错误  
解释：根据背景知识，chairman是一个属性，而Place是一个类，将chairman的range定义为Place与常识不符，因为chairman通常描述的是人而非地点。",0,1,
hard_case_0178,range,range(championInDoubleMale) = Athlete,"背景知识：
条目1：
- 名称：championInDoubleMale
- 类型：Property
- 简介：winner of a competition in the male double session (as in tennis)

条目2：
- 名称：Athlete
- 类型：Class
- 简介：athlete",1,qwen-max-0125,0.0,8192,https://api2.aigcbest.top/v1,"判断结果：正确  
解释：根据背景知识，championInDoubleMale表示男性双打比赛的获胜者，其客体应为运动员，而Athlete类正好表示运动员，符合range语义规则。",1,1,
hard_case_0179,range,range(chancellor) = Organisation,"背景知识：
条目1：
- 名称：chancellor
- 类型：Property
- 简介：chancellor

条目2：
- 名称：Organisation
- 类型：Class
- 简介：organisation",0,qwen-max-0125,0.0,8192,https://api2.aigcbest.top/v1,"判断结果：正确  
解释：根据背景知识，chancellor是一个属性，Organisation是一个类，且range定义了属性客体的类别约束，因此该公理语义合理。",1,0,
hard_case_0180,range,range(channel) = Broadcaster,"背景知识：
条目1：
- 名称：channel
- 类型：Property
- 简介：channel

条目2：
- 名称：Broadcaster
- 类型：Class
- 简介：A broadcaster is an organisation responsible for the production of radio or television programs and/or their transmission. (http://en.wikipedia.org/wiki/Broadcaster - 28/03/2011)",1,qwen-max-0125,0.0,8192,https://api2.aigcbest.top/v1,"判断结果：错误  
解释：根据背景知识，channel的客体未明确限定为Broadcaster，而Broadcaster是一个类，表示广播公司，与channel的语义关系不符合range约束。",0,0,
hard_case_0181,range,range(channel) = CareerStation,"背景知识：
条目1：
- 名称：channel
- 类型：Property
- 简介：channel

条目2：
- 名称：CareerStation
- 类型：Class
- 简介：this class marks a career step in the life of a person, e.g. a soccer player, holding information on the time span, matches and goals he or she achieved at a certain club",0,qwen-max-0125,0.0,8192,https://api2.aigcbest.top/v1,"判断结果：错误  
解释：根据背景知识，channel是一个Property，而CareerStation是一个Class，但没有任何信息表明channel的客体应属于CareerStation，因此该range约束与背景知识不符。",0,1,
hard_case_0182,range,range(child) = Award,"背景知识：
条目1：
- 名称：child
- 类型：Property
- 简介：child

条目2：
- 名称：Award
- 类型：Class
- 简介：award",0,qwen-max-0125,0.0,8192,https://api2.aigcbest.top/v1,"判断结果：错误  
解释：根据背景知识，child是一个属性，而Award是一个类，将child的range定义为Award与常识不符，因为“孩子”通常指人而非奖项。",0,1,
hard_case_0183,range,range(childOrganisation) = Agent,"背景知识：
条目1：
- 名称：childOrganisation
- 类型：Property
- 简介：child organisation

条目2：
- 名称：Agent
- 类型：Class
- 简介：Analogous to a foaf:Agent, an agent is an entity that acts. This is intended to be the super class of Person and Organisation.",0,qwen-max-0125,0.0,8192,https://api2.aigcbest.top/v1,"判断结果：正确  
解释：根据背景知识，childOrganisation 是一个属性，而 Agent 是一个类，表示可以作为行为实体的超类，因此将 childOrganisation 的 range 定义为 Agent 符合 RDFS 的语义规则。",1,0,
hard_case_0184,range,range(cinematography) = Person,"背景知识：
条目1：
- 名称：cinematography
- 类型：Property
- 简介：cinematography

条目2：
- 名称：Person
- 类型：Class
- 简介：person",1,qwen-max-0125,0.0,8192,https://api2.aigcbest.top/v1,"判断结果：错误  
解释：根据背景知识，cinematography是一个属性，而Person是一个类，但没有信息表明cinematography的客体应属于Person类，因此该range约束与背景知识不符。",0,0,
hard_case_0185,range,range(coach) = Infrastructure,"背景知识：
条目1：
- 名称：coach
- 类型：Property
- 简介：coach

条目2：
- 名称：Infrastructure
- 类型：Class
- 简介：infrastructure",0,qwen-max-0125,0.0,8192,https://api2.aigcbest.top/v1,"判断结果：错误  
解释：根据背景知识，coach是一个属性，而Infrastructure是一个类，但没有信息表明coach的客体必须属于Infrastructure类，因此该公理与背景知识不符。",0,1,
hard_case_0186,range,range(college) = Infrastructure,"背景知识：
条目1：
- 名称：college
- 类型：Property
- 简介：college

条目2：
- 名称：Infrastructure
- 类型：Class
- 简介：infrastructure",0,qwen-max-0125,0.0,8192,https://api2.aigcbest.top/v1,"判断结果：错误  
解释：根据背景知识，college是一个Property，而Infrastructure是一个Class，但没有信息表明college的客体必须属于Infrastructure类，因此该range约束与背景知识不符。",0,1,
hard_case_0187,range,range(commandStructure) = MilitaryUnit,"背景知识：
条目1：
- 名称：commandStructure
- 类型：Property
- 简介：command structure

条目2：
- 名称：MilitaryUnit
- 类型：Class
- 简介：military unit",1,qwen-max-0125,0.0,8192,https://api2.aigcbest.top/v1,"判断结果：正确  
解释：根据背景知识，commandStructure 是一个属性，MilitaryUnit 是一个类，公理表明 commandStructure 的客体属于 MilitaryUnit，符合 RDFS 中 range 的语义规则。",1,1,
hard_case_0188,range,range(commandStructure) = Rocket,"背景知识：
条目1：
- 名称：commandStructure
- 类型：Property
- 简介：command structure

条目2：
- 名称：Rocket
- 类型：Class
- 简介：rocket",0,qwen-max-0125,0.0,8192,https://api2.aigcbest.top/v1,"判断结果：错误  
解释：根据背景知识，commandStructure是一个属性，而Rocket是一个类，但没有信息表明commandStructure的客体必须属于Rocket类，因此该range约束与背景知识不符。",0,1,
hard_case_0189,range,range(company) = BroadcastNetwork,"背景知识：
条目1：
- 名称：company
- 类型：Property
- 简介：company

条目2：
- 名称：BroadcastNetwork
- 类型：Class
- 简介：A broadcast network is an organization, such as a corporation or other association, that provides live or recorded content, such as movies, newscasts, sports, and public affairs programs for broadcast over a group of radio or television sta...",0,qwen-max-0125,0.0,8192,https://api2.aigcbest.top/v1,"判断结果：错误  
解释：根据背景知识，company是一个属性，而BroadcastNetwork是一个类，但没有信息表明company的客体必须属于BroadcastNetwork，因此该公理与背景知识不符。",0,1,
hard_case_0190,range,range(constituencyDistrict) = PopulatedPlace,"背景知识：
条目1：
- 名称：constituencyDistrict
- 类型：Property
- 简介：constituency district

条目2：
- 名称：PopulatedPlace
- 类型：Class
- 简介：As defined by the United States Geological Survey, a populated place is a place or area with clustered or scattered buildings and a permanent human population (city, settlement, town, or village) referenced with geographic coordinates (http...",1,qwen-max-0125,0.0,8192,https://api2.aigcbest.top/v1,"判断结果：正确  
解释：根据背景知识，constituencyDistrict的客体应为一个地理区域，而PopulatedPlace表示有人口居住的地理区域，符合range语义约束。",1,1,
hard_case_0191,range,range(councilArea) = PopulatedPlace,"背景知识：
条目1：
- 名称：councilArea
- 类型：Property
- 简介：Council area

条目2：
- 名称：PopulatedPlace
- 类型：Class
- 简介：As defined by the United States Geological Survey, a populated place is a place or area with clustered or scattered buildings and a permanent human population (city, settlement, town, or village) referenced with geographic coordinates (http...",1,qwen-max-0125,0.0,8192,https://api2.aigcbest.top/v1,"判断结果：错误  
解释：根据背景知识，councilArea是一个属性，而PopulatedPlace是一个类，但没有信息表明councilArea的客体必须是PopulatedPlace的实例，因此该range约束与背景知识不符。",0,0,
hard_case_0192,range,range(countryWithFirstSatellite) = Country,"背景知识：
条目1：
- 名称：countryWithFirstSatellite
- 类型：Property
- 简介：country with first satellite

条目2：
- 名称：Country
- 类型：Class
- 简介：country",1,qwen-max-0125,0.0,8192,https://api2.aigcbest.top/v1,"判断结果：正确  
解释：根据背景知识，countryWithFirstSatellite的客体应为Country类，符合range语义规则。",1,1,
hard_case_0193,range,range(creatorOfDish) = Person,"背景知识：
条目1：
- 名称：creatorOfDish
- 类型：Property
- 简介：The person that creates (invents) the food (eg. Caesar Cardini is the creator of the Caesar salad).

条目2：
- 名称：Person
- 类型：Class
- 简介：person",1,qwen-max-0125,0.0,8192,https://api2.aigcbest.top/v1,"判断结果：正确  
解释：根据背景知识，creatorOfDish的客体是创造食物的人，而Person类表示人，因此该公理符合range语义规则。",1,1,
hard_case_0194,range,range(crosses) = River,"背景知识：
条目1：
- 名称：crosses
- 类型：Property
- 简介：crosses

条目2：
- 名称：River
- 类型：Class
- 简介：a large natural stream",1,qwen-max-0125,0.0,8192,https://api2.aigcbest.top/v1,"判断结果：错误  
解释：根据背景知识，crosses的语义未明确限定其客体必须为River，因此将range(crosses)限定为River与语义规则和常识不符。",0,0,
hard_case_0195,range,range(cultivatedVariety) = CultivatedVariety,"背景知识：
条目1：
- 名称：cultivatedVariety
- 类型：Property
- 简介：Name of the cultivar (cultivated variety)

条目2：
- 名称：CultivatedVariety
- 类型：Class
- 简介：A cultivar is a plant or grouping of plants selected for desirable characteristics that can be maintained by propagation. A plant whose origin or selection is primarily due to intentional human activity.",1,qwen-max-0125,0.0,8192,https://api2.aigcbest.top/v1,"判断结果：正确  
解释：根据背景知识，cultivatedVariety属性用于描述栽培品种的名称，而CultivatedVariety类表示栽培品种本身，因此将cultivatedVariety的值范围限定为CultivatedVariety符合语义约束。",1,1,
hard_case_0196,range,range(curator) = Agent,"背景知识：
条目1：
- 名称：curator
- 类型：Property
- 简介：curator

条目2：
- 名称：Agent
- 类型：Class
- 简介：Analogous to a foaf:Agent, an agent is an entity that acts. This is intended to be the super class of Person and Organisation.",0,qwen-max-0125,0.0,8192,https://api2.aigcbest.top/v1,"判断结果：正确  
解释：根据背景知识，Agent是表示行为实体的类，而curator作为一个属性，其客体被限定为Agent类的实例，符合range语义规则。",1,0,
hard_case_0197,range,range(dean) = Broadcaster,"背景知识：
条目1：
- 名称：dean
- 类型：Property
- 简介：dean

条目2：
- 名称：Broadcaster
- 类型：Class
- 简介：A broadcaster is an organisation responsible for the production of radio or television programs and/or their transmission. (http://en.wikipedia.org/wiki/Broadcaster - 28/03/2011)",0,qwen-max-0125,0.0,8192,https://api2.aigcbest.top/v1,"判断结果：错误  
解释：根据背景知识，dean作为一个属性，其客体不太可能合理地限定为Broadcaster类，因为“dean”通常指人而非广播组织。",0,1,
hard_case_0198,range,range(department) = MilitaryUnit,"背景知识：
条目1：
- 名称：department
- 类型：Property
- 简介：department

条目2：
- 名称：MilitaryUnit
- 类型：Class
- 简介：military unit",0,qwen-max-0125,0.0,8192,https://api2.aigcbest.top/v1,"判断结果：错误  
解释：根据背景知识，department是一个属性，而MilitaryUnit是一个类，但没有信息表明department的客体必须属于MilitaryUnit，因此该range约束与背景知识不符。",0,1,
hard_case_0199,range,range(deputy) = Department,"背景知识：
条目1：
- 名称：deputy
- 类型：Property
- 简介：deputy

条目2：
- 名称：Department
- 类型：Class
- 简介：department",0,qwen-max-0125,0.0,8192,https://api2.aigcbest.top/v1,"判断结果：正确  
解释：根据背景知识，deputy是一个属性，Department是一个类，公理表明deputy的客体属于Department类，符合range语义规则且无冲突。",1,0,
hard_case_0200,range,range(derivative) = MilitaryUnit,"背景知识：
条目1：
- 名称：derivative
- 类型：Property
- 简介：derivative

条目2：
- 名称：MilitaryUnit
- 类型：Class
- 简介：military unit",0,qwen-max-0125,0.0,8192,https://api2.aigcbest.top/v1,"判断结果：错误  
解释：根据背景知识，derivative是一个属性，而MilitaryUnit是一个类，但没有信息表明derivative的客体必须属于MilitaryUnit，因此该range约束与背景知识不符。",0,1,
hard_case_0201,range,range(derivative) = MusicGenre,"背景知识：
条目1：
- 名称：derivative
- 类型：Property
- 简介：derivative

条目2：
- 名称：MusicGenre
- 类型：Class
- 简介：music genre",1,qwen-max-0125,0.0,8192,https://api2.aigcbest.top/v1,"判断结果：错误  
解释：根据背景知识，derivative是一个属性，而MusicGenre是一个类，但没有信息表明derivative的客体必须属于MusicGenre，因此该range约束与背景知识不符。",0,0,
hard_case_0202,range,range(designCompany) = Organisation,"背景知识：
条目1：
- 名称：designCompany
- 类型：Property
- 简介：designer company

条目2：
- 名称：Organisation
- 类型：Class
- 简介：organisation",0,qwen-max-0125,0.0,8192,https://api2.aigcbest.top/v1,"判断结果：正确  
解释：根据背景知识，designCompany是一个属性，Organisation是一个类，且range表示属性的客体应属于某一类，因此该公理符合RDFS语义规则。",1,0,
hard_case_0203,range,range(designer) = Agent,"背景知识：
条目1：
- 名称：designer
- 类型：Property
- 简介：designer

条目2：
- 名称：Agent
- 类型：Class
- 简介：Analogous to a foaf:Agent, an agent is an entity that acts. This is intended to be the super class of Person and Organisation.",0,qwen-max-0125,0.0,8192,https://api2.aigcbest.top/v1,"判断结果：正确  
解释：根据背景知识，Agent是表示行为实体的类，designer作为属性，其客体被限定为Agent是合理的，符合RDFS中range的语义规则。",1,0,
hard_case_0204,range,range(destination) = Artery,"背景知识：
条目1：
- 名称：destination
- 类型：Property
- 简介：destination

条目2：
- 名称：Artery
- 类型：Class
- 简介：artery",0,qwen-max-0125,0.0,8192,https://api2.aigcbest.top/v1,"判断结果：错误  
解释：背景知识中未表明destination属性的客体必须属于Artery类，因此该range约束与已知信息冲突。",0,1,
hard_case_0205,range,range(distributor) = Artery,"背景知识：
条目1：
- 名称：distributor
- 类型：Property
- 简介：distributor

条目2：
- 名称：Artery
- 类型：Class
- 简介：artery",0,qwen-max-0125,0.0,8192,https://api2.aigcbest.top/v1,"判断结果：错误  
解释：根据背景知识，distributor是一个属性，而Artery是一个类，但没有信息表明distributor的客体应属于Artery类，因此该range约束与背景知识不符。",0,1,
hard_case_0206,range,range(district) = Artery,"背景知识：
条目1：
- 名称：district
- 类型：Property
- 简介：district

条目2：
- 名称：Artery
- 类型：Class
- 简介：artery",0,qwen-max-0125,0.0,8192,https://api2.aigcbest.top/v1,"判断结果：错误  
解释：根据背景知识，district是Property类型，而Artery是Class类型，将Artery设为district的range没有明确的语义依据，且与常识不符。",0,1,
hard_case_0207,range,range(doctoralStudent) = Person,"背景知识：
条目1：
- 名称：doctoralStudent
- 类型：Property
- 简介：doctoral student

条目2：
- 名称：Person
- 类型：Class
- 简介：person",1,qwen-max-0125,0.0,8192,https://api2.aigcbest.top/v1,"判断结果：正确  
解释：根据背景知识，doctoralStudent是属性，Person是类，且博士生属于人的范畴，符合range语义规则。",1,1,
hard_case_0208,range,range(editing) = Artery,"背景知识：
条目1：
- 名称：editing
- 类型：Property
- 简介：editing

条目2：
- 名称：Artery
- 类型：Class
- 简介：artery",0,qwen-max-0125,0.0,8192,https://api2.aigcbest.top/v1,"判断结果：错误  
解释：根据背景知识，editing是一个属性，而Artery是一个类，但没有信息表明editing的客体应属于Artery类，因此该range约束与背景知识不符。",0,1,
hard_case_0209,range,range(editing) = Person,"背景知识：
条目1：
- 名称：editing
- 类型：Property
- 简介：editing

条目2：
- 名称：Person
- 类型：Class
- 简介：person",1,qwen-max-0125,0.0,8192,https://api2.aigcbest.top/v1,"判断结果：错误  
解释：根据背景知识，editing是一个Property，而Person是一个Class，但没有信息表明editing的客体必须属于Person类，因此该公理与背景知识不符。",0,0,
hard_case_0210,range,range(editor) = Rocket,"背景知识：
条目1：
- 名称：editor
- 类型：Property
- 简介：editor

条目2：
- 名称：Rocket
- 类型：Class
- 简介：rocket",0,qwen-max-0125,0.0,8192,https://api2.aigcbest.top/v1,"判断结果：错误  
解释：根据背景知识，editor是一个属性，Rocket是一个类，但没有信息表明editor的客体必须属于Rocket类，因此该range约束与背景知识不符。",0,1,
hard_case_0211,range,range(location) = College,"背景知识：
条目1：
- 名称：location
- 类型：Property
- 简介：The location of the thing.

条目2：
- 名称：College
- 类型：Class
- 简介：college",0,qwen-max-0125,0.0,8192,https://api2.aigcbest.top/v1,"判断结果：错误  
解释：根据背景知识，location属性表示“事物的位置”，其值通常为地理位置而非特定类的实例，因此将其范围限定为College类不符合语义规则。",0,1,
hard_case_0212,range,range(organisation) = Currency,"背景知识：
条目1：
- 名称：organisation
- 类型：Property
- 简介：organisation

条目2：
- 名称：Currency
- 类型：Class
- 简介：currency",0,qwen-max-0125,0.0,8192,https://api2.aigcbest.top/v1,"判断结果：错误  
解释：根据背景知识，organisation是属性而Currency是类，range定义了属性客体的类，但没有信息表明organisation的客体必须属于Currency类，因此该公理与背景知识不符。",0,1,
hard_case_0213,range,range(previousInfrastructure) = Broadcaster,"背景知识：
条目1：
- 名称：previousInfrastructure
- 类型：Property
- 简介：previous infrastructure

条目2：
- 名称：Broadcaster
- 类型：Class
- 简介：A broadcaster is an organisation responsible for the production of radio or television programs and/or their transmission. (http://en.wikipedia.org/wiki/Broadcaster - 28/03/2011)",0,qwen-max-0125,0.0,8192,https://api2.aigcbest.top/v1,"判断结果：错误  
解释：根据背景知识，previousInfrastructure的语义未表明其客体必须是Broadcaster，且Broadcaster作为广播组织与基础设施属性无直接约束关系，违反range语义规则。",0,1,
hard_case_0214,range,range(subsequentInfrastructure) = Artery,"背景知识：
条目1：
- 名称：subsequentInfrastructure
- 类型：Property
- 简介：subsequent infrastructure

条目2：
- 名称：Artery
- 类型：Class
- 简介：artery",0,qwen-max-0125,0.0,8192,https://api2.aigcbest.top/v1,"判断结果：错误  
解释：根据背景知识，subsequentInfrastructure的语义未明确表明其客体必须属于Artery类，因此该range约束与背景知识不符。",0,1,
hard_case_0215,range,range(taoiseach) = Organisation,"背景知识：
条目1：
- 名称：taoiseach
- 类型：Property
- 简介：head of government of Ireland

条目2：
- 名称：Organisation
- 类型：Class
- 简介：organisation",0,qwen-max-0125,0.0,8192,https://api2.aigcbest.top/v1,"判断结果：正确  
解释：根据背景知识，taoiseach表示爱尔兰的政府首脑，其客体可以合理地限定为属于Organisation类，符合range语义规则。",1,0,
hard_case_0216,subClassOf,caf_ ⊑ company,"背景知识：
条目1：
- 名称：caf_
- 类型：Class
- 简介：{%%s is a %s, café}
- 补充信息：generalizations: location, company

条目2：
- 名称：company
- 类型：Class
- 简介：{%%s is a %s, company}
- 补充信息：generalizations: organization",1,qwen-max-0125,0.0,8192,https://api2.aigcbest.top/v1,"判断结果：正确  
解释：根据背景知识，caf_ 的 generalizations 包含 company，表明 caf_ 是 company 的子类，符合 RDFS 中 subClassOf 的语义规则。",1,1,
hard_case_0217,subClassOf,stateorprovince ⊑ geopoliticalorganization,"背景知识：
条目1：
- 名称：stateorprovince
- 类型：Unknown
- 简介：In general, the top-level administrative or political subdivision within a country.
- 补充信息：generalizations: geopoliticallocation, geopoliticalorganization, geolocatablething

条目2：
- 名称：geopoliticalorganization
- 类型：Unknown
- 简介：Those geopolitical entities that are organizations
- 补充信息：generalizations: geopoliticalentity, organization",1,qwen-max-0125,0.0,8192,https://api2.aigcbest.top/v1,"判断结果：错误  
解释：根据背景知识，stateorprovince 的 generalizations 包含 geopoliticallocation 而非 geopoliticalorganization，因此 stateorprovince 不是 geopoliticalorganization 的子类。",0,0,
hard_case_0218,subPropertyOf,agenthierarchicallyaboveagent ⊑p agentcollaborateswithagent,"背景知识：
条目1：
- 名称：agenthierarchicallyaboveagent
- 类型：Class
- 简介：{%%s is hierarchically %s %%s, above}
- 补充信息：generalizations: agentcontrols, agentcollaborateswithagent | domain: agent | range: agent

条目2：
- 名称：agentcollaborateswithagent
- 类型：Class
- 简介：{%%s %s with %%s, collaborates}
- 补充信息：generalizations: agentinteractswithagent | domain: agent | range: agent",1,qwen-max-0125,0.0,8192,https://api2.aigcbest.top/v1,"判断结果：错误  
解释：根据背景知识，agenthierarchicallyaboveagent 的 generalizations 包含 agentcontrols 和 agentcollaborateswithagent，而 agentcollaborateswithagent 并未被定义为 agenthierarchicallyaboveagent 的子类，因此该公理与背景知识冲突。",0,0,
hard_case_0219,subPropertyOf,agenthierarchicallyaboveagent ⊑p agentcontrols,"背景知识：
条目1：
- 名称：agenthierarchicallyaboveagent
- 类型：Class
- 简介：{%%s is hierarchically %s %%s, above}
- 补充信息：generalizations: agentcontrols, agentcollaborateswithagent | domain: agent | range: agent

条目2：
- 名称：agentcontrols
- 类型：Class
- 简介：{%%s %s %%s, controls}
- 补充信息：generalizations: relatedto | domain: agent | range: everypromotedthing",1,qwen-max-0125,0.0,8192,https://api2.aigcbest.top/v1,"判断结果：正确  
解释：根据背景知识，agenthierarchicallyaboveagent 是 agentcontrols 的泛化关系，符合 RDFS 中 subClassOf 的语义规则，表示前者是后者的子类。",1,1,
hard_case_0220,subPropertyOf,animalssuchasmammals ⊑p generalizationof,"背景知识：
条目1：
- 名称：animalssuchasmammals
- 类型：Class
- 简介：{%%s %s %%s, is a generalization of}
- 补充信息：generalizations: generalizationof | domain: animal | range: mammal

条目2：
- 名称：generalizationof
- 类型：Class
- 简介：generalizationof is a class in the NELL knowledge base.
- 补充信息：generalizations: relatedto | domain: everypromotedthing | range: everypromotedthing",1,qwen-max-0125,0.0,8192,https://api2.aigcbest.top/v1,"判断结果：错误  
解释：根据背景知识，animalssuchasmammals 是一个类，而 generalizationof 也是一个类，RDFS 中的 ⊑p 应用于属性间的包含关系，而非类之间的关系，因此该公理语义不符。",0,0,
hard_case_0221,subPropertyOf,bombingvictim ⊑p relatedto,"背景知识：
条目1：
- 名称：bombingvictim
- 类型：Class
- 简介：bombingvictim is a class in the NELL knowledge base.
- 补充信息：generalizations: relatedto | domain: bombingevent | range: person

条目2：
- 名称：relatedto
- 类型：Class
- 简介：{%%s is somehow %s %%s, related to}
- 补充信息：generalizations: slot | domain: everypromotedthing | range: everypromotedthing",1,qwen-max-0125,0.0,8192,https://api2.aigcbest.top/v1,"判断结果：正确  
解释：根据背景知识，bombingvictim 是 relatedto 的具体化实例，且 relatedto 的 domain 和 range 均为 everypromotedthing，语义上支持 bombingvictim 作为其子类。",1,1,
hard_case_0222,subPropertyOf,buildingbelongstoorganization ⊑p locationactedinbyorganization,"背景知识：
条目1：
- 名称：buildingbelongstoorganization
- 类型：Class
- 简介：{%%s %s %%s, is a building belonging to}
- 补充信息：generalizations: locationactedinbyorganization | domain: building | range: organization

条目2：
- 名称：locationactedinbyorganization
- 类型：Class
- 简介：locationactedinbyorganization is a class in the NELL knowledge base.
- 补充信息：generalizations: locationactedinbyagent | domain: location | range: organization",1,qwen-max-0125,0.0,8192,https://api2.aigcbest.top/v1,"判断结果：正确  
解释：根据背景知识，buildingbelongstoorganization 是 locationactedinbyorganization 的特化（generalizations: locationactedinbyorganization），符合 RDFS 中 subClassOf 的语义规则。",1,1,
hard_case_0223,subPropertyOf,cityattractions ⊑p cityhostsattraction,"背景知识：
条目1：
- 名称：cityattractions
- 类型：Unknown
- 简介：The city that an attraction is located in
- 补充信息：generalizations: locationcontainslocation | domain: city | range: attraction

条目2：
- 名称：cityhostsattraction
- 类型：Unknown
- 简介：Attraction occurs in the city
- 补充信息：generalizations: cityattractions | domain: city | range: attraction",0,qwen-max-0125,0.0,8192,https://api2.aigcbest.top/v1,"判断结果：正确  
解释：根据背景知识，cityhostsattraction 是 cityattractions 的 generalization，因此 cityattractions 是 cityhostsattraction 的子属性，符合 RDFS 的 subPropertyOf 语义规则。",1,0,
hard_case_0224,subPropertyOf,cityhostsattraction ⊑p cityattractions,"背景知识：
条目1：
- 名称：cityhostsattraction
- 类型：Unknown
- 简介：Attraction occurs in the city
- 补充信息：generalizations: cityattractions | domain: city | range: attraction

条目2：
- 名称：cityattractions
- 类型：Unknown
- 简介：The city that an attraction is located in
- 补充信息：generalizations: locationcontainslocation | domain: city | range: attraction",1,qwen-max-0125,0.0,8192,https://api2.aigcbest.top/v1,"判断结果：正确  
解释：根据背景知识，cityhostsattraction 和 cityattractions 的语义均涉及城市与景点的关系，且 cityhostsattraction 是 cityattractions 的具体化，符合 subPropertyOf 的语义规则。",1,1,
hard_case_0225,subPropertyOf,citysportsteams ⊑p proxyfor,"背景知识：
条目1：
- 名称：citysportsteams
- 类型：Class
- 简介：citysportsteams is a class in the NELL knowledge base.
- 补充信息：generalizations: proxyfor, locationactedinbyorganization | domain: city | range: sportsteam

条目2：
- 名称：proxyfor
- 类型：Class
- 简介：{%%s is a %s for %%s, proxy}
- 补充信息：generalizations: mutualproxyfor | domain: everypromotedthing | range: everypromotedthing",1,qwen-max-0125,0.0,8192,https://api2.aigcbest.top/v1,"判断结果：正确  
解释：根据背景知识，citysportsteams 的 generalizations 包含 proxyfor，表明 citysportsteams 是 proxyfor 的子类，符合 RDFS 中 subClassOf 的语义规则。",1,1,
hard_case_0226,subPropertyOf,companyalsoknownas ⊑p organizationalsoknownas,"背景知识：
条目1：
- 名称：companyalsoknownas
- 类型：Class
- 简介：{%%s is a company %s %%s, also known as}
- 补充信息：generalizations: organizationalsoknownas | domain: company | range: company

条目2：
- 名称：organizationalsoknownas
- 类型：Class
- 简介：{%%s is an organization %s %%s, also known as}
- 补充信息：generalizations: synonymfor | domain: organization | range: organization",1,qwen-max-0125,0.0,8192,https://api2.aigcbest.top/v1,"判断结果：正确  
解释：根据背景知识，companyalsoknownas 是 organizationalsoknownas 的特化（generalizations: organizationalsoknownas），符合 RDFS 中 subClassOf 的语义规则。",1,1,
hard_case_0227,subPropertyOf,countryofpersondeath ⊑p locationofpersondeath,"背景知识：
条目1：
- 名称：countryofpersondeath
- 类型：Class
- 简介：countryofpersondeath is a class in the NELL knowledge base.
- 补充信息：generalizations: locationofpersondeath | domain: country | range: person

条目2：
- 名称：locationofpersondeath
- 类型：Class
- 简介：locationofpersondeath is a class in the NELL knowledge base.
- 补充信息：generalizations: locationactedinbyagent | domain: location | range: person",1,qwen-max-0125,0.0,8192,https://api2.aigcbest.top/v1,"判断结果：正确  
解释：根据背景知识，countryofpersondeath 是 locationofpersondeath 的具体化（generalizations: locationofpersondeath），符合 RDFS 中 subClassOf 的语义规则，因此该公理合理。",1,1,
hard_case_0228,subPropertyOf,dateof ⊑p dateatwhichexistslocation,"背景知识：
条目1：
- 名称：dateof
- 类型：Unknown
- 简介：assigns dates to things.
- 补充信息：generalizations: relatedto | domain: date | range: everypromotedthing

条目2：
- 名称：dateatwhichexistslocation
- 类型：Unknown
- 简介：Most general location-to-date relation. Note that locations are not eternal.
- 补充信息：generalizations: dateof | domain: date | range: location",0,qwen-max-0125,0.0,8192,https://api2.aigcbest.top/v1,"判断结果：正确  
解释：根据背景知识，dateatwhichexistslocation 是 dateof 的 generalization，因此 dateof 是 dateatwhichexistslocation 的子属性，符合 RDFS 的 subPropertyOf 语义规则。",1,0,
hard_case_0229,subPropertyOf,hobbiessuchashobbies ⊑p generalizationof,"背景知识：
条目1：
- 名称：hobbiessuchashobbies
- 类型：Class
- 简介：{%%s %s %%s, is a generalization of}
- 补充信息：generalizations: generalizationof | domain: hobby | range: hobby

条目2：
- 名称：generalizationof
- 类型：Class
- 简介：generalizationof is a class in the NELL knowledge base.
- 补充信息：generalizations: relatedto | domain: everypromotedthing | range: everypromotedthing",1,qwen-max-0125,0.0,8192,https://api2.aigcbest.top/v1,"判断结果：错误  
解释：根据背景知识，hobbiessuchashobbies 是一个类，而 generalizationof 也是一个类，RDFS 中的 ⊑p 应用于属性之间的子属性关系，而非类之间，因此该公理语义不符。",0,0,
hard_case_0230,subPropertyOf,inverseofanimalssuchasmammals ⊑p specializationof,"背景知识：
条目1：
- 名称：inverseofanimalssuchasmammals
- 类型：Unknown
- 简介：Describes the animal types that are generalizations of mammals
- 补充信息：generalizations: specializationof | domain: mammal | range: animal

条目2：
- 名称：specializationof
- 类型：Unknown
- 简介：one thing is a more specific kind of another thing
- 补充信息：generalizations: relatedto | domain: everypromotedthing | range: everypromotedthing",1,qwen-max-0125,0.0,8192,https://api2.aigcbest.top/v1,"判断结果：错误  
解释：根据背景知识，inverseofanimalssuchasmammals的补充信息中并未表明其为specializationof的子类，且其语义描述与specializationof的定义不匹配。",0,0,
hard_case_0231,subPropertyOf,inverseofautomobilemakerchiefexecutiveceo ⊑p ceoof,"背景知识：
条目1：
- 名称：inverseofautomobilemakerchiefexecutiveceo
- 类型：Class
- 简介：inverseofautomobilemakerchiefexecutiveceo is a class in the NELL knowledge base.
- 补充信息：generalizations: ceoof | domain: ceo | range: automobilemaker

条目2：
- 名称：ceoof
- 类型：Class
- 简介：{%%s is the %s %%s, CEO of}
- 补充信息：generalizations: topmemberoforganization | domain: ceo | range: company",1,qwen-max-0125,0.0,8192,https://api2.aigcbest.top/v1,"判断结果：错误  
解释：根据背景知识，inverseofautomobilemakerchiefexecutiveceo 和 ceoof 是两个不同的类，且无任何包含关系的描述，因此该公理违反了 RDFS 的 subClassOf 语义规则。",0,0,
hard_case_0232,subPropertyOf,inverseofcoachcanspeaklanguage ⊑p relatedto,"背景知识：
条目1：
- 名称：inverseofcoachcanspeaklanguage
- 类型：Unknown
- 简介：Describes the languages that coaches might speak
- 补充信息：generalizations: relatedto | domain: language | range: coach

条目2：
- 名称：relatedto
- 类型：Unknown
- 简介：associated; connected (http://dictionary.reference.com/browse/related)
- 补充信息：generalizations: slot | domain: everypromotedthing | range: everypromotedthing",1,qwen-max-0125,0.0,8192,https://api2.aigcbest.top/v1,"判断结果：正确  
解释：根据背景知识，inverseofcoachcanspeaklanguage 是 relatedto 的具体化，且二者均符合 RDFS 中 subPropertyOf 的语义规则，因此该公理合理。",1,1,
hard_case_0233,subPropertyOf,inverseofcriminalssuchascriminals ⊑p specializationof,"背景知识：
条目1：
- 名称：inverseofcriminalssuchascriminals
- 类型：Unknown
- 简介：Describes the criminals types that are generalizations of specific criminals
- 补充信息：generalizations: specializationof | domain: criminal | range: criminal

条目2：
- 名称：specializationof
- 类型：Unknown
- 简介：one thing is a more specific kind of another thing
- 补充信息：generalizations: relatedto | domain: everypromotedthing | range: everypromotedthing",1,qwen-max-0125,0.0,8192,https://api2.aigcbest.top/v1,"判断结果：错误  
解释：根据背景知识，inverseofcriminalssuchascriminals的补充信息中并未表明其与specializationof存在子类关系，且其语义描述不符合RDFS中subClassOf的约束规则。",0,0,
hard_case_0234,subPropertyOf,inverseofmammalsuchasmammal ⊑p specializationof,"背景知识：
条目1：
- 名称：inverseofmammalsuchasmammal
- 类型：Class
- 简介：inverseofmammalsuchasmammal is a class in the NELL knowledge base.
- 补充信息：generalizations: specializationof | domain: mammal | range: mammal

条目2：
- 名称：specializationof
- 类型：Class
- 简介：{%%s is a %s %%s, kind of}
- 补充信息：generalizations: relatedto | domain: everypromotedthing | range: everypromotedthing",1,qwen-max-0125,0.0,8192,https://api2.aigcbest.top/v1,"判断结果：错误  
解释：根据背景知识，inverseofmammalsuchasmammal 是一个类，而 specializationof 也是一个类，RDFS 中的 subClassOf 公理要求两边均为类，但背景知识未表明 inverseofmammalsuchasmammal 是 specializationof 的子类。",0,0,
hard_case_0235,subPropertyOf,inverseofpersongraduatedfromuniversity ⊑p schoolgraduatedperson,"背景知识：
条目1：
- 名称：inverseofpersongraduatedfromuniversity
- 类型：Class
- 简介：inverseofpersongraduatedfromuniversity is a class in the NELL knowledge base.
- 补充信息：generalizations: schoolgraduatedperson | domain: university | range: person

条目2：
- 名称：schoolgraduatedperson
- 类型：Class
- 简介：schoolgraduatedperson is a class in the NELL knowledge base.
- 补充信息：generalizations: schoolattendedbyperson | domain: school | range: person",1,qwen-max-0125,0.0,8192,https://api2.aigcbest.top/v1,"判断结果：正确  
解释：根据背景知识，inverseofpersongraduatedfromuniversity 是 schoolgraduatedperson 的子类，符合 RDFS 中 subClassOf 的语义规则，表示类之间的包含关系。",1,1,
hard_case_0236,subPropertyOf,inverseofplantgrowinginplant ⊑p relatedto,"背景知识：
条目1：
- 名称：inverseofplantgrowinginplant
- 类型：Class
- 简介：inverseofplantgrowinginplant is a class in the NELL knowledge base.
- 补充信息：generalizations: relatedto | domain: plant | range: plant

条目2：
- 名称：relatedto
- 类型：Class
- 简介：{%%s is somehow %s %%s, related to}
- 补充信息：generalizations: slot | domain: everypromotedthing | range: everypromotedthing",1,qwen-max-0125,0.0,8192,https://api2.aigcbest.top/v1,"判断结果：正确  
解释：根据背景知识，inverseofplantgrowinginplant 是 relatedto 的具体化，且二者均为类，符合 RDFS 中 subClassOf 的语义规则。",1,1,
hard_case_0237,subPropertyOf,inverseofprofessionactsatthesameareaofpoliticissue ⊑p relatedto,"背景知识：
条目1：
- 名称：inverseofprofessionactsatthesameareaofpoliticissue
- 类型：Class
- 简介：inverseofprofessionactsatthesameareaofpoliticissue is a class in the NELL knowledge base.
- 补充信息：generalizations: relatedto | domain: profession | range: politicsissue

条目2：
- 名称：relatedto
- 类型：Class
- 简介：{%%s is somehow %s %%s, related to}
- 补充信息：generalizations: slot | domain: everypromotedthing | range: everypromotedthing",1,qwen-max-0125,0.0,8192,https://api2.aigcbest.top/v1,"判断结果：正确  
解释：根据背景知识，inverseofprofessionactsatthesameareaofpoliticissue 是 relatedto 的具体化，符合 subClassOf 的语义规则，即子类是父类的特例。",1,1,
hard_case_0238,subPropertyOf,invertebratehascolor ⊑p relatedto,"背景知识：
条目1：
- 名称：invertebratehascolor
- 类型：Class
- 简介：{%%s %s %%s, is related to}
- 补充信息：generalizations: relatedto | domain: invertebrate | range: color

条目2：
- 名称：relatedto
- 类型：Class
- 简介：{%%s is somehow %s %%s, related to}
- 补充信息：generalizations: slot | domain: everypromotedthing | range: everypromotedthing",1,qwen-max-0125,0.0,8192,https://api2.aigcbest.top/v1,"判断结果：正确  
解释：根据背景知识，invertebratehascolor 是 relatedto 的具体化（generalizations: relatedto），符合 RDFS 中 subPropertyOf 的语义规则，因此公理合理。",1,1,
hard_case_0239,subPropertyOf,istallerthan ⊑p relatedto,"背景知识：
条目1：
- 名称：istallerthan
- 类型：Class
- 简介：{%%s is %s %%s, taller than}
- 补充信息：generalizations: relatedto | domain: everypromotedthing | range: everypromotedthing

条目2：
- 名称：relatedto
- 类型：Class
- 简介：{%%s is somehow %s %%s, related to}
- 补充信息：generalizations: slot | domain: everypromotedthing | range: everypromotedthing",1,qwen-max-0125,0.0,8192,https://api2.aigcbest.top/v1,"判断结果：正确  
解释：根据背景知识，istallerthan 是 relatedto 的具体化（generalizations: relatedto），符合 RDFS 中 subClassOf 的语义规则，因此 istallerthan ⊑p relatedto 是合理的。",1,1,
hard_case_0240,subPropertyOf,languageschoolincity ⊑p relatedto,"背景知识：
条目1：
- 名称：languageschoolincity
- 类型：Class
- 简介：{%%s is a language %s the city %%s, taught in language schools in}
- 补充信息：generalizations: relatedto | domain: language | range: city

条目2：
- 名称：relatedto
- 类型：Class
- 简介：{%%s is somehow %s %%s, related to}
- 补充信息：generalizations: slot | domain: everypromotedthing | range: everypromotedthing",1,qwen-max-0125,0.0,8192,https://api2.aigcbest.top/v1,"判断结果：正确  
解释：根据背景知识，languageschoolincity 是 relatedto 的具体化，且二者均为类，符合 subClassOf 的语义规则。",1,1,
hard_case_0241,subPropertyOf,locationofevent ⊑p locatedat,"背景知识：
条目1：
- 名称：locationofevent
- 类型：Unknown
- 简介：the location that an event is happened at
- 补充信息：generalizations: locatedat | domain: location | range: event

条目2：
- 名称：locatedat
- 类型：Unknown
- 简介：assigns locations to things.
- 补充信息：generalizations: relatedto | domain: location | range: everypromotedthing",1,qwen-max-0125,0.0,8192,https://api2.aigcbest.top/v1,"判断结果：正确  
解释：根据背景知识，locationofevent 是 locatedat 的特化（generalizations: locatedat），符合 RDFS 中 subPropertyOf (⊑p) 的语义规则。",1,1,
hard_case_0242,subPropertyOf,mlauthorofsoftware ⊑p agentcreated,"背景知识：
条目1：
- 名称：mlauthorofsoftware
- 类型：Class
- 简介：{%%s is a machine-learning author who %s the software %%s, wrote}
- 补充信息：generalizations: agentcreated, agentinvolvedwithitem | domain: mlauthor | range: mlsoftware

条目2：
- 名称：agentcreated
- 类型：Class
- 简介：{%%s %s %%s, created}
- 补充信息：generalizations: relatedto | domain: agent | range: everypromotedthing",1,qwen-max-0125,0.0,8192,https://api2.aigcbest.top/v1,"判断结果：正确  
解释：根据背景知识，mlauthorofsoftware 是 agentcreated 的具体化（generalizations: agentcreated），符合 RDFS 中 subClassOf 的语义规则，即子类的所有实例也是父类的实例。",1,1,
hard_case_0243,subPropertyOf,mlsoftwareauthor ⊑p createdbyagent,"背景知识：
条目1：
- 名称：mlsoftwareauthor
- 类型：Class
- 简介：mlsoftwareauthor is a class in the NELL knowledge base.
- 补充信息：generalizations: iteminvolvedwithagent, createdbyagent | domain: mlsoftware | range: mlauthor

条目2：
- 名称：createdbyagent
- 类型：Class
- 简介：createdbyagent is a class in the NELL knowledge base.
- 补充信息：generalizations: relatedto | domain: everypromotedthing | range: agent",1,qwen-max-0125,0.0,8192,https://api2.aigcbest.top/v1,"判断结果：正确  
解释：根据背景知识，mlsoftwareauthor 是 createdbyagent 的具体化实例类，符合 RDFS 中 subClassOf 的语义规则，表示类之间的包含关系。",1,1,
hard_case_0244,subPropertyOf,museumincity ⊑p attractionofcity,"背景知识：
条目1：
- 名称：museumincity
- 类型：Class
- 简介：{%%s is a museum %s %%s, in the city}
- 补充信息：generalizations: attractionofcity, buildinglocatedincity | domain: museum | range: city

条目2：
- 名称：attractionofcity
- 类型：Class
- 简介：{%%s is a tourist attraction %s %%s, in the city}
- 补充信息：generalizations: locationlocatedwithinlocation | domain: attraction | range: city",1,qwen-max-0125,0.0,8192,https://api2.aigcbest.top/v1,"判断结果：正确  
解释：根据背景知识，museumincity 的 generalizations 包含 attractionofcity，表明 museumincity 是 attractionofcity 的子类，符合 RDFS 中 subClassOf 的语义规则。",1,1,
hard_case_0245,subPropertyOf,productinstanceof ⊑p specializationof,"背景知识：
条目1：
- 名称：productinstanceof
- 类型：Unknown
- 简介：Specifies that a particular product is a particular kind of thing
- 补充信息：generalizations: specializationof | domain: product | range: item

条目2：
- 名称：specializationof
- 类型：Unknown
- 简介：one thing is a more specific kind of another thing
- 补充信息：generalizations: relatedto | domain: everypromotedthing | range: everypromotedthing",1,qwen-max-0125,0.0,8192,https://api2.aigcbest.top/v1,"判断结果：正确  
解释：根据背景知识，productinstanceof 的 generalizations 包含 specializationof，表明 productinstanceof 是 specializationof 的子属性，符合 RDFS 中 subPropertyOf 的语义规则。",1,1,
hard_case_0246,subPropertyOf,relatedto ⊑p magnitudeofearthquaque,"背景知识：
条目1：
- 名称：relatedto
- 类型：Unknown
- 简介：associated; connected (http://dictionary.reference.com/browse/related)
- 补充信息：generalizations: slot | domain: everypromotedthing | range: everypromotedthing

条目2：
- 名称：magnitudeofearthquaque
- 类型：Unknown
- 简介：{%%s is the %s the event %%s, magnitude of}
- 补充信息：generalizations: relatedto | domain: everypromotedthing | range: earthquakeevent",0,qwen-max-0125,0.0,8192,https://api2.aigcbest.top/v1,"判断结果：正确  
解释：根据背景知识，magnitudeofearthquaque是relatedto的generalization，符合RDFS中subPropertyOf的语义规则，因此公理合理。",1,0,
hard_case_0247,subPropertyOf,sportsgamewinnerscore ⊑p relatedto,"背景知识：
条目1：
- 名称：sportsgamewinnerscore
- 类型：Unknown
- 简介：Specifies the score with which the winning team in a particular sportsGame lost.
- 补充信息：generalizations: relatedto | domain: sportsgame | range: nonneginteger

条目2：
- 名称：relatedto
- 类型：Unknown
- 简介：associated; connected (http://dictionary.reference.com/browse/related)
- 补充信息：generalizations: slot | domain: everypromotedthing | range: everypromotedthing",1,qwen-max-0125,0.0,8192,https://api2.aigcbest.top/v1,"判断结果：正确  
解释：根据背景知识，sportsgamewinnerscore 是 relatedto 的具体化，且二者均符合 RDFS 中 subPropertyOf 的语义规则，因此该公理合理。",1,1,
hard_case_0248,subPropertyOf,sportusesstadium ⊑p relatedto,"背景知识：
条目1：
- 名称：sportusesstadium
- 类型：Class
- 简介：{%%s is a sport %s the venue %%s, played in}
- 补充信息：generalizations: relatedto | domain: sport | range: stadiumoreventvenue

条目2：
- 名称：relatedto
- 类型：Class
- 简介：{%%s is somehow %s %%s, related to}
- 补充信息：generalizations: slot | domain: everypromotedthing | range: everypromotedthing",1,qwen-max-0125,0.0,8192,https://api2.aigcbest.top/v1,"判断结果：正确  
解释：根据背景知识，sportusesstadium 是 relatedto 的特化（generalizations: relatedto），符合 RDFS 中 subClassOf 的语义规则，表示类之间的包含关系。",1,1,
hard_case_0249,subPropertyOf,statehaslake ⊑p locationcontainslocation,"背景知识：
条目1：
- 名称：statehaslake
- 类型：Class
- 简介：statehaslake is a class in the NELL knowledge base.
- 补充信息：generalizations: locationcontainslocation | domain: stateorprovince | range: lake

条目2：
- 名称：locationcontainslocation
- 类型：Class
- 简介：locationcontainslocation is a class in the NELL knowledge base.
- 补充信息：generalizations: superpartof, locatedat | domain: location | range: location",1,qwen-max-0125,0.0,8192,https://api2.aigcbest.top/v1,"判断结果：正确  
解释：根据背景知识，statehaslake 是 locationcontainslocation 的子类（generalizations: locationcontainslocation），符合 RDFS 中 subClassOf 的语义规则。",1,1,
hard_case_0250,subPropertyOf,timeofprotest ⊑p relatedto,"背景知识：
条目1：
- 名称：timeofprotest
- 类型：Class
- 简介：{%%s is the %s the event %%s, time of}
- 补充信息：generalizations: relatedto | domain: time | range: protestevent

条目2：
- 名称：relatedto
- 类型：Class
- 简介：{%%s is somehow %s %%s, related to}
- 补充信息：generalizations: slot | domain: everypromotedthing | range: everypromotedthing",1,qwen-max-0125,0.0,8192,https://api2.aigcbest.top/v1,"判断结果：正确  
解释：根据背景知识，timeofprotest 是 relatedto 的具体化（generalizations: relatedto），符合 RDFS 中 subClassOf 的语义规则，因此公理合理。",1,1,
hard_case_0251,domain,domain(arteriessuchasarteries) = artery,"背景知识：
条目1：
- 名称：arteriessuchasarteries
- 类型：Class
- 简介：{%%s %s %%s, is a generalization of}
- 补充信息：generalizations: generalizationof | domain: artery | range: artery

条目2：
- 名称：artery
- 类型：Class
- 简介：{%%s is an %s, artery}
- 补充信息：generalizations: bodypart",1,qwen-max-0125,0.0,8192,https://api2.aigcbest.top/v1,"判断结果：正确  
解释：根据背景知识，arteriessuchasarteries 的 domain 被定义为 artery，符合 RDFS 中 domain 的语义规则，即属性的主体应属于指定类。",1,1,
hard_case_0252,domain,domain(dateatwhichexistslocation) = date,"背景知识：
条目1：
- 名称：dateatwhichexistslocation
- 类型：Class
- 简介：dateatwhichexistslocation is a class in the NELL knowledge base.
- 补充信息：generalizations: dateof | domain: date | range: location

条目2：
- 名称：date
- 类型：Class
- 简介：{%%s is a %s, date}
- 补充信息：generalizations: abstractthing",1,qwen-max-0125,0.0,8192,https://api2.aigcbest.top/v1,"判断结果：正确  
解释：根据背景知识，dateatwhichexistslocation的domain被定义为date，符合RDFS语义规则中domain的约束定义。",1,1,
hard_case_0253,domain,domain(inverseofanimalssuchasmammals) = mammal,"背景知识：
条目1：
- 名称：inverseofanimalssuchasmammals
- 类型：Unknown
- 简介：Describes the animal types that are generalizations of mammals
- 补充信息：generalizations: specializationof | domain: mammal | range: animal

条目2：
- 名称：mammal
- 类型：Unknown
- 简介：Mammals (formally Mammalia) are a class of vertebrate, air-breathing animals whose females are characterized by the possession of mammary glands while both males and females are characterized by hair and/or fur, three middle ear bones used....
- 补充信息：generalizations: vertebrate",1,qwen-max-0125,0.0,8192,https://api2.aigcbest.top/v1,"判断结果：正确  
解释：根据背景知识，inverseofanimalssuchasmammals 的 domain 被定义为 mammal，符合 RDFS 中 domain 的语义规则，即属性的主体应属于指定类。",1,1,
hard_case_0254,domain,domain(inverseofarthropodlooklikeinsect) = insect,"背景知识：
条目1：
- 名称：inverseofarthropodlooklikeinsect
- 类型：Unknown
- 简介：Describes the arthropod that look like specific insects
- 补充信息：generalizations: relatedto | domain: insect | range: arthropod

条目2：
- 名称：insect
- 类型：Unknown
- 简介：class within the arthropods that have a chitinous exoskeleton, a three-part body (head, thorax, and abdomen), three pairs of jointed legs, compound eyes, and two antennae
- 补充信息：generalizations: arthropod",1,qwen-max-0125,0.0,8192,https://api2.aigcbest.top/v1,"判断结果：正确  
解释：根据背景知识，inverseofarthropodlooklikeinsect 的 domain 被定义为 insect，符合 RDFS 中 domain 的语义规则，即属性的主体应属于指定类 insect。",1,1,
hard_case_0255,domain,domain(inverseofbankboughtbank) = bank,"背景知识：
条目1：
- 名称：inverseofbankboughtbank
- 类型：Class
- 简介：inverseofbankboughtbank is a class in the NELL knowledge base.
- 补充信息：generalizations: acquiredby | domain: bank | range: bank

条目2：
- 名称：bank
- 类型：Class
- 简介：{%%s is a %s, bank}
- 补充信息：generalizations: company",1,qwen-max-0125,0.0,8192,https://api2.aigcbest.top/v1,"判断结果：正确  
解释：根据背景知识，inverseofbankboughtbank的domain被定义为bank，符合RDFS语义规则中domain的约束定义。",1,1,
hard_case_0256,domain,domain(inverseofcoachstudiedatuniversity) = university,"背景知识：
条目1：
- 名称：inverseofcoachstudiedatuniversity
- 类型：Unknown
- 简介：Describes the university where the coach studied at
- 补充信息：generalizations: relatedto | domain: university | range: coach

条目2：
- 名称：university
- 类型：Unknown
- 简介：A university is a post-high school educational institution. This category includes colleges and technical schools.
- 补充信息：generalizations: school, geolocatablething",1,qwen-max-0125,0.0,8192,https://api2.aigcbest.top/v1,"判断结果：正确  
解释：根据背景知识，inverseofcoachstudiedatuniversity 的 domain 被明确指定为 university，与公理一致，符合 RDFS 的 domain 语义规则。",1,1,
hard_case_0257,domain,domain(inverseofsoftwareprogrammedinprogramminglanguage) = programminglanguage,"背景知识：
条目1：
- 名称：inverseofsoftwareprogrammedinprogramminglanguage
- 类型：Class
- 简介：inverseofsoftwareprogrammedinprogramminglanguage is a class in the NELL knowledge base.
- 补充信息：generalizations: relatedto | domain: programminglanguage | range: software

条目2：
- 名称：programminglanguage
- 类型：Class
- 简介：{%%s is a %s, programming language}
- 补充信息：generalizations: abstractthing",1,qwen-max-0125,0.0,8192,https://api2.aigcbest.top/v1,"判断结果：正确  
解释：根据背景知识，inverseofsoftwareprogrammedinprogramminglanguage的domain被定义为programminglanguage，符合RDFS中domain语义规则的约束。",1,1,
hard_case_0258,domain,domain(latitudelongitudeof) = llcoordinate,"背景知识：
条目1：
- 名称：latitudelongitudeof
- 类型：Unknown
- 简介：the latitude and longitude of this location, or the latitude and longitude typically associated with this thing
- 补充信息：generalizations: relatedto | domain: llcoordinate | range: everypromotedthing

条目2：
- 名称：llcoordinate
- 类型：Unknown
- 简介：Longitude is the angular distance of a point's meridian from the Prime (Greenwich) Meridian
- 补充信息：generalizations: abstractthing",1,qwen-max-0125,0.0,8192,https://api2.aigcbest.top/v1,"判断结果：正确  
解释：根据背景知识，latitudelongitudeof 的 domain 被定义为 llcoordinate，符合 RDFS 中 domain 约束的语义规则，即属性的主体应属于指定类。",1,1,
hard_case_0259,domain,domain(numberofcasualtiesinroadaccident) = nonneginteger,"背景知识：
条目1：
- 名称：numberofcasualtiesinroadaccident
- 类型：Class
- 简介：{%%s is the number of people that %s the event %%s, died in}
- 补充信息：generalizations: relatedto | domain: nonneginteger | range: roadaccidentevent

条目2：
- 名称：nonneginteger
- 类型：Class
- 简介：{%%s is a %s, non-negative integer}
- 补充信息：generalizations: abstractthing",1,qwen-max-0125,0.0,8192,https://api2.aigcbest.top/v1,"判断结果：正确  
解释：根据背景知识，numberofcasualtiesinroadaccident 的 domain 被定义为 nonneginteger，符合 RDFS 中 domain 语义规则，即属性的主体应属于指定类。",1,1,
hard_case_0260,domain,domain(officeheldbypolitician) = politicaloffice,"背景知识：
条目1：
- 名称：officeheldbypolitician
- 类型：Unknown
- 简介：Specifies that a particular politician holds a particular office
- 补充信息：generalizations: relatedto | domain: politicaloffice | range: politician

条目2：
- 名称：politicaloffice
- 类型：Unknown
- 简介：This type is for the office, title, or position within a government. It includes both single-person offices (prime minister, emperor, mayor), titles of members of a governing body (representative, sentator, MP), and titles of additional pos...
- 补充信息：generalizations: abstractthing",1,qwen-max-0125,0.0,8192,https://api2.aigcbest.top/v1,"判断结果：正确  
解释：根据背景知识，officeheldbypolitician的domain被定义为politicaloffice，符合RDFS语义规则中属性主体应属于特定类的约束。",1,1,
hard_case_0261,domain,domain(organizationhastopmember) = company,"背景知识：
条目1：
- 名称：organizationhastopmember
- 类型：Unknown
- 简介：Identifies people in high-level, leading positions at organizations. Applicable positions have authority over the entire organization (e.g. presidents, VPs, directors, and C-level executives), not merely over departments or subsidiaries.
- 补充信息：generalizations: organizationleadbyperson, worker | domain: company | range: person

条目2：
- 名称：company
- 类型：Unknown
- 简介：A company is an organization whose goal is to make money
- 补充信息：generalizations: organization",1,qwen-max-0125,0.0,8192,https://api2.aigcbest.top/v1,"判断结果：正确  
解释：根据背景知识，organizationhastopmember的domain被明确指定为company，且company是organization的子类，符合RDFS语义规则中domain的约束要求。",1,1,
hard_case_0262,domain,domain(producedby) = product,"背景知识：
条目1：
- 名称：producedby
- 类型：Class
- 简介：producedby is a class in the NELL knowledge base.
- 补充信息：generalizations: iteminvolvedwithagent, createdbyagent | domain: product | range: company

条目2：
- 名称：product
- 类型：Class
- 简介：{%%s is a %s, product}
- 补充信息：generalizations: item",1,qwen-max-0125,0.0,8192,https://api2.aigcbest.top/v1,"判断结果：正确  
解释：根据背景知识，producedby 的 domain 被定义为 product，符合 RDFS 中 domain 的语义规则，即属性的主体应属于指定类。",1,1,
hard_case_0263,domain,domain(productlauchpredecessor) = productlaunchevent,"背景知识：
条目1：
- 名称：productlauchpredecessor
- 类型：Class
- 简介：{%%s was %s of the product launched in %%s, the predecessor}
- 补充信息：generalizations: relatedto | domain: productlaunchevent | range: product

条目2：
- 名称：productlaunchevent
- 类型：Class
- 简介：{%%s is a %s, product launch event}
- 补充信息：generalizations: event",1,qwen-max-0125,0.0,8192,https://api2.aigcbest.top/v1,"判断结果：正确  
解释：根据背景知识，productlauchpredecessor 的 domain 被定义为 productlaunchevent，符合 RDFS 中 domain 的语义规则，即属性的主体应属于指定类。",1,1,
hard_case_0264,domain,domain(professionactsatthesameareaofpoliticissue) = politicsissue,"背景知识：
条目1：
- 名称：professionactsatthesameareaofpoliticissue
- 类型：Unknown
- 简介：Describes professions that work at the area of a political issue
- 补充信息：generalizations: relatedto | domain: politicsissue | range: profession

条目2：
- 名称：politicsissue
- 类型：Unknown
- 简介：An issue of political concern
- 补充信息：generalizations: abstractthing",1,qwen-max-0125,0.0,8192,https://api2.aigcbest.top/v1,"判断结果：正确  
解释：根据背景知识，属性“professionactsatthesameareaofpoliticissue”的domain被定义为“politicsissue”，这与公理一致，符合RDFS语义规则中关于domain的约束定义。",1,1,
hard_case_0265,domain,domain(superpartof) = everypromotedthing,"背景知识：
条目1：
- 名称：superpartof
- 类型：Class
- 简介：superpartof is a class in the NELL knowledge base.
- 补充信息：generalizations: relatedto | domain: everypromotedthing | range: everypromotedthing

条目2：
- 名称：everypromotedthing
- 类型：Class
- 简介：{%%s is %s, something}",1,qwen-max-0125,0.0,8192,https://api2.aigcbest.top/v1,"判断结果：正确  
解释：根据背景知识，superpartof 的 domain 被定义为 everypromotedthing，符合 RDFS 中 domain 的语义规则，即属性的主体应属于指定类。",1,1,
hard_case_0266,domain,domain(timeofprotest) = time,"背景知识：
条目1：
- 名称：timeofprotest
- 类型：Unknown
- 简介：{%%s is the %s the event %%s, time of}
- 补充信息：generalizations: relatedto | domain: time | range: protestevent

条目2：
- 名称：time
- 类型：Unknown
- 简介：a specific time
- 补充信息：generalizations: abstractthing",1,qwen-max-0125,0.0,8192,https://api2.aigcbest.top/v1,"判断结果：正确  
解释：根据背景知识，timeofprotest的domain被定义为time，符合RDFS语义规则中属性主体应属于某一类的约束。",1,1,
hard_case_0267,range,range(arteriessuchasarteries) = artery,"背景知识：
条目1：
- 名称：arteriessuchasarteries
- 类型：Class
- 简介：{%%s %s %%s, is a generalization of}
- 补充信息：generalizations: generalizationof | domain: artery | range: artery

条目2：
- 名称：artery
- 类型：Class
- 简介：{%%s is an %s, artery}
- 补充信息：generalizations: bodypart",1,qwen-max-0125,0.0,8192,https://api2.aigcbest.top/v1,"判断结果：正确  
解释：根据背景知识，arteriessuchasarteries 的 range 被定义为 artery，符合 RDFS 中 range 公理的语义规则，表示属性客体应属于 artery 类。",1,1,
hard_case_0268,range,range(comediancanbethesameasmale) = male,"背景知识：
条目1：
- 名称：comediancanbethesameasmale
- 类型：Class
- 简介：{%%s %s %%s, is related to}
- 补充信息：generalizations: canbethesameas | domain: comedian | range: male

条目2：
- 名称：male
- 类型：Class
- 简介：{%%s is a %s, male}
- 补充信息：generalizations: person",1,qwen-max-0125,0.0,8192,https://api2.aigcbest.top/v1,"判断结果：正确  
解释：根据背景知识，comediancanbethesameasmale 的 range 被定义为 male，符合 RDFS 中 range 的语义规则，即属性的客体应属于指定类 male。",1,1,
hard_case_0269,range,range(countryhascitizen) = athlete,"背景知识：
条目1：
- 名称：countryhascitizen
- 类型：Class
- 简介：countryhascitizen is a class in the NELL knowledge base.
- 补充信息：generalizations: locationrelatedtoagent | domain: country | range: person

条目2：
- 名称：athlete
- 类型：Unknown
- 简介：An athlete is a person who plays a sport competitively.
- 补充信息：generalizations: person",0,qwen-max-0125,0.0,8192,https://api2.aigcbest.top/v1,"判断结果：错误  
解释：根据背景知识，countryhascitizen的range是person，而athlete并未明确为person的子类，因此该公理与背景知识冲突。",0,1,
hard_case_0270,range,range(dateatwhichexistslocation) = city,"背景知识：
条目1：
- 名称：dateatwhichexistslocation
- 类型：Class
- 简介：dateatwhichexistslocation is a class in the NELL knowledge base.
- 补充信息：generalizations: dateof | domain: date | range: location

条目2：
- 名称：city
- 类型：Unknown
- 简介：City/town/village refers to all named inhabited places at the most locally recognized level, but above the level of neighborhood. It is the most local region where there is a form of government or self-organization. Cities/towns/villages ar...
- 补充信息：generalizations: geopoliticallocation, geopoliticalorganization, geolocatablething",0,qwen-max-0125,0.0,8192,https://api2.aigcbest.top/v1,"判断结果：错误  
解释：根据背景知识，dateatwhichexistslocation的range应为location，而city并未被明确归类为location的子类，因此该公理与背景知识冲突。",0,1,
hard_case_0271,range,range(inverseofarthropodlooklikeinsect) = arthropod,"背景知识：
条目1：
- 名称：inverseofarthropodlooklikeinsect
- 类型：Unknown
- 简介：Describes the arthropod that look like specific insects
- 补充信息：generalizations: relatedto | domain: insect | range: arthropod

条目2：
- 名称：arthropod
- 类型：Unknown
- 简介：Arthropods are members of the phylum Arthropoda.
- 补充信息：generalizations: invertebrate",1,qwen-max-0125,0.0,8192,https://api2.aigcbest.top/v1,"判断结果：正确  
解释：根据背景知识，inverseofarthropodlooklikeinsect 的 range 被定义为 arthropod，与公理一致，符合 RDFS 的 range 语义规则。",1,1,
hard_case_0272,range,range(inverseofcoachstudiedatuniversity) = coach,"背景知识：
条目1：
- 名称：inverseofcoachstudiedatuniversity
- 类型：Unknown
- 简介：Describes the university where the coach studied at
- 补充信息：generalizations: relatedto | domain: university | range: coach

条目2：
- 名称：coach
- 类型：Unknown
- 简介：A coach is a trainer for a sports team. He leads the team in exercises and manages the team during gameplay. This category includes assistant coaches and other trainers.
- 补充信息：generalizations: person",1,qwen-max-0125,0.0,8192,https://api2.aigcbest.top/v1,"判断结果：正确  
解释：根据背景知识，inverseofcoachstudiedatuniversity 的 range 被定义为 coach，这与公理一致，符合 RDFS 的 range 语义规则。",1,1,
hard_case_0273,range,range(latitudelongitudeof) = everypromotedthing,"背景知识：
条目1：
- 名称：latitudelongitudeof
- 类型：Unknown
- 简介：the latitude and longitude of this location, or the latitude and longitude typically associated with this thing
- 补充信息：generalizations: relatedto | domain: llcoordinate | range: everypromotedthing

条目2：
- 名称：everypromotedthing
- 类型：Unknown
- 简介：every promoted category instance in KB",1,qwen-max-0125,0.0,8192,https://api2.aigcbest.top/v1,"判断结果：错误  
解释：根据背景知识，latitudelongitudeof 的 range 应为 everypromotedthing，但其语义描述表明该属性的客体应与经纬度相关，而非任意 promoted thing，因此与 range 的定义冲突。",0,0,
hard_case_0274,range,range(locationofbombing) = bombingevent,"背景知识：
条目1：
- 名称：locationofbombing
- 类型：Unknown
- 简介：{%%s is the %s the event %%s, location of}
- 补充信息：generalizations: relatedto | domain: location | range: bombingevent

条目2：
- 名称：bombingevent
- 类型：Unknown
- 简介：{%%s is a %s, bombing event}
- 补充信息：generalizations: event",1,qwen-max-0125,0.0,8192,https://api2.aigcbest.top/v1,"判断结果：正确  
解释：根据背景知识，locationofbombing的range被定义为bombingevent，符合RDFS语义规则中属性客体应属于某一类的约束。",1,1,
hard_case_0275,range,range(numberofcasualtiesinroadaccident) = roadaccidentevent,"背景知识：
条目1：
- 名称：numberofcasualtiesinroadaccident
- 类型：Class
- 简介：{%%s is the number of people that %s the event %%s, died in}
- 补充信息：generalizations: relatedto | domain: nonneginteger | range: roadaccidentevent

条目2：
- 名称：roadaccidentevent
- 类型：Class
- 简介：{%%s is a %s, road accident event}
- 补充信息：generalizations: event",1,qwen-max-0125,0.0,8192,https://api2.aigcbest.top/v1,"判断结果：错误  
解释：根据背景知识，numberofcasualtiesinroadaccident 的 range 应为 nonneginteger，而非 roadaccidentevent，与公理冲突。",0,0,
hard_case_0276,range,range(officeheldbypolitician) = politician,"背景知识：
条目1：
- 名称：officeheldbypolitician
- 类型：Unknown
- 简介：Specifies that a particular politician holds a particular office
- 补充信息：generalizations: relatedto | domain: politicaloffice | range: politician

条目2：
- 名称：politician
- 类型：Unknown
- 简介：Any person who has held or sought a position in a government. The term ""politician"" may not be strictly accurate for some positions such as kings, but we have to call it something!
- 补充信息：generalizations: person",1,qwen-max-0125,0.0,8192,https://api2.aigcbest.top/v1,"判断结果：正确  
解释：根据背景知识，officeheldbypolitician 的 range 被定义为 politician，这与公理一致，符合 RDFS 的 range 语义规则。",1,1,
hard_case_0277,range,range(timeofprotest) = protestevent,"背景知识：
条目1：
- 名称：timeofprotest
- 类型：Unknown
- 简介：{%%s is the %s the event %%s, time of}
- 补充信息：generalizations: relatedto | domain: time | range: protestevent

条目2：
- 名称：protestevent
- 类型：Unknown
- 简介：{%%s is a %s, protest event}
- 补充信息：generalizations: event",1,qwen-max-0125,0.0,8192,https://api2.aigcbest.top/v1,"判断结果：正确  
解释：根据背景知识，timeofprotest的range被定义为protestevent，且protestevent是event的子类，符合RDFS语义规则中range的约束要求。",1,1,
hard_case_0278,subClassOf,Antoinism ⊑ Catholicism,"背景知识：
条目1：
- 名称：Antoinism
- 类型：Class
- 简介：Antoinism is a healing-oriented new religious movement founded in 1910 by Louis-Joseph Antoine (1846–1912) in Jemeppe-sur-Meuse, Seraing in Belgium. With a total of 64 temples, over forty reading rooms across the world and thousands of memb...

条目2：
- 名称：Catholicism
- 类型：Class
- 简介：The Catholic Church, commonly called the Roman Catholic Church, is the largest Christian denomination, with an estimated 1.28 to 1.41 billion baptized members worldwide as of 2026. It consists of 24 autonomous churches—the Latin Church and....",1,qwen-max-0125,0.0,8192,https://api2.aigcbest.top/v1,"判断结果：错误  
解释：根据背景知识，Antoinism是一个1910年创立的新宗教运动，而Catholicism是基督教的最大教派，两者在语义上并无包含关系，因此Antoinism不是Catholicism的子类。",0,0,
hard_case_0279,subClassOf,Cancionista_Q24961653 ⊑ Lyricist,"背景知识：
条目1：
- 名称：Cancionista_Q24961653
- 类型：Class
- 简介：Cancionista_Q24961653 is a class in the knowledge base.

条目2：
- 名称：Lyricist
- 类型：Class
- 简介：A lyricist is a writer who writes lyrics, as opposed to a composer, who writes the song's music which may include the melody, harmony, arrangement and accompaniment.",1,qwen-max-0125,0.0,8192,https://api2.aigcbest.top/v1,"判断结果：错误  
解释：根据背景知识，Cancionista_Q24961653和Lyricist是两个独立的类，未提供任何包含关系的依据，因此Cancionista_Q24961653并非Lyricist的子类。",0,0,
hard_case_0280,subClassOf,Corps_de_l_u0027_armement ⊑ Engineer,"背景知识：
条目1：
- 名称：Corps_de_l_u0027_armement
- 类型：Class
- 简介：Corps_de_l_u0027_armement is a class in the knowledge base.

条目2：
- 名称：Engineer
- 类型：Class
- 简介：An engineer is a practitioner of engineering. The word engineer is derived from the Latin words ingeniare and ingenium (""cleverness""). The foundational qualifications of a licensed professional engineer typically include a four-year bachelo...",1,qwen-max-0125,0.0,8192,https://api2.aigcbest.top/v1,"判断结果：错误  
解释：根据背景知识，Corps_de_l_u0027_armement和Engineer是两个独立的类，且无证据表明前者是后者的子类。",0,0,
hard_case_0281,subClassOf,Engineering_Mathematician_Q96777281 ⊑ Engineer,"背景知识：
条目1：
- 名称：Engineering_Mathematician_Q96777281
- 类型：Class
- 简介：Engineering_Mathematician_Q96777281 is a class in the knowledge base.

条目2：
- 名称：Engineer
- 类型：Class
- 简介：An engineer is a practitioner of engineering. The word engineer is derived from the Latin words ingeniare and ingenium (""cleverness""). The foundational qualifications of a licensed professional engineer typically include a four-year bachelo...",1,qwen-max-0125,0.0,8192,https://api2.aigcbest.top/v1,"判断结果：正确  
解释：根据背景知识，Engineering_Mathematician_Q96777281 是一个类，Engineer 也是一个类，且工程数学家可以被合理地视为工程师的一个子集，符合 subClassOf 的语义规则。",1,1,
hard_case_0282,subClassOf,Fermier_Général_Q50376727 ⊑ Financier,"背景知识：
条目1：
- 名称：Fermier_Général_Q50376727
- 类型：Class
- 简介：Fermier_Général_Q50376727 is a class in the knowledge base.

条目2：
- 名称：Financier
- 类型：Class
- 简介：An investor is a person or entity that allocates financial capital with the expectation of a future return (profit) or to gain an advantage (interest). Through this allocated capital the investor usually purchases some species of property.....",1,qwen-max-0125,0.0,8192,https://api2.aigcbest.top/v1,"判断结果：错误  
解释：根据背景知识，Fermier_Général_Q50376727 和 Financier 是两个独立的类，且没有信息表明 Fermier_Général_Q50376727 是 Financier 的子类。",0,0,
hard_case_0283,subClassOf,Fictional_Human_Q15632617 ⊑ Fictional_Human_Formerly_Considered_To_Be_Historical_Q64520857,"背景知识：
条目1：
- 名称：Fictional_Human_Q15632617
- 类型：Class
- 简介：Fictional_Human_Q15632617 is a class in the knowledge base.

条目2：
- 名称：Fictional_Human_Formerly_Considered_To_Be_Historical_Q64520857
- 类型：Class
- 简介：Fictional_Human_Formerly_Considered_To_Be_Historical_Q64520857 is a class in the knowledge base.",0,qwen-max-0125,0.0,8192,https://api2.aigcbest.top/v1,"判断结果：错误  
解释：根据背景知识，Fictional_Human_Q15632617 和 Fictional_Human_Formerly_Considered_To_Be_Historical_Q64520857 是两个独立的类，没有明确的包含关系表明前者是后者的子类。",0,1,
hard_case_0284,subClassOf,Fictional_Human_Q15632617 ⊑ Immortal__u0028_Highlander_u0029_,"背景知识：
条目1：
- 名称：Fictional_Human_Q15632617
- 类型：Class
- 简介：Fictional_Human_Q15632617 is a class in the knowledge base.

条目2：
- 名称：Immortal__u0028_Highlander_u0029_
- 类型：Class
- 简介：Immortal__u0028_Highlander_u0029_ is a class in the knowledge base.",0,qwen-max-0125,0.0,8192,https://api2.aigcbest.top/v1,"判断结果：错误  
解释：根据背景知识，Fictional_Human_Q15632617和Immortal__u0028_Highlander_u0029_是两个独立的类，没有信息表明前者一定是后者的子类，因此该公理与背景知识冲突。",0,1,
hard_case_0285,subClassOf,Fictional_Human_Q15632617 ⊑ Witcher_Q20011098,"背景知识：
条目1：
- 名称：Fictional_Human_Q15632617
- 类型：Class
- 简介：Fictional_Human_Q15632617 is a class in the knowledge base.

条目2：
- 名称：Witcher_Q20011098
- 类型：Class
- 简介：Witcher_Q20011098 is a class in the knowledge base.",0,qwen-max-0125,0.0,8192,https://api2.aigcbest.top/v1,"判断结果：错误  
解释：根据背景知识，Fictional_Human_Q15632617和Witcher_Q20011098是两个独立的类，没有信息表明前者是后者的子类，因此该公理与背景知识冲突。",0,1,
hard_case_0286,subClassOf,Financial_analyst ⊑ Financier,"背景知识：
条目1：
- 名称：Financial_analyst
- 类型：Class
- 简介：A financial analyst is a professional undertaking financial analysis for external or internal clients as a core feature of the job. The role may specifically be titled securities analyst, research analyst, equity analyst, investment analyst...

条目2：
- 名称：Financier
- 类型：Class
- 简介：An investor is a person or entity that allocates financial capital with the expectation of a future return (profit) or to gain an advantage (interest). Through this allocated capital the investor usually purchases some species of property.....",1,qwen-max-0125,0.0,8192,https://api2.aigcbest.top/v1,"判断结果：正确  
解释：根据背景知识，Financial_analyst是从事金融分析的专业人士，而Financier是广义上的投资者或金融从业者，Financial_analyst可以被视作Financier的一个子集，符合RDFS中subClassOf的语义规则。",1,1,
hard_case_0287,subClassOf,Français_Guyanais_Q102098874 ⊑ French_language,"背景知识：
条目1：
- 名称：Français_Guyanais_Q102098874
- 类型：Class
- 简介：Français_Guyanais_Q102098874 is a class in the knowledge base.

条目2：
- 名称：French_language
- 类型：Class
- 简介：French is a Romance language of the Indo-European family. Like all other Romance languages, it descended from the Vulgar Latin of the Roman Empire. French evolved from Northern Old Gallo-Romance, a descendant of the Latin spoken in Northern...",1,qwen-max-0125,0.0,8192,https://api2.aigcbest.top/v1,"判断结果：错误  
解释：根据背景知识，Français_Guyanais_Q102098874是一个类，而French_language也是一个类，但没有信息表明前者是后者的子类，因此该公理与背景知识不符。",0,0,
hard_case_0288,subClassOf,Ghanaian_Pidgin_English ⊑ English_language,"背景知识：
条目1：
- 名称：Ghanaian_Pidgin_English
- 类型：Class
- 简介：Ghanaian Pidgin English (GhaPE) is a Ghanaian English-lexifier pidgin also known as Pidgin, Broken English, and Kru English. GhaPE is a regional variety of West African Pidgin English spoken in Ghana, predominantly in the southern capital,....

条目2：
- 名称：English_language
- 类型：Class
- 简介：English is a West Germanic language that emerged in early medieval England and has since become a global lingua franca. The namesake of the language is the Angles, one of the Germanic peoples who migrated to Britain after the end of Roman r...",1,qwen-max-0125,0.0,8192,https://api2.aigcbest.top/v1,"判断结果：正确  
解释：根据背景知识，Ghanaian_Pidgin_English 是一种以英语为基础的混合语，语义上可视为 English_language 的子类，符合 RDFS 中 subClassOf 的语义规则。",1,1,
hard_case_0289,subClassOf,Historical_Chinese_Q10913056 ⊑ Chinese_language,"背景知识：
条目1：
- 名称：Historical_Chinese_Q10913056
- 类型：Class
- 简介：Historical_Chinese_Q10913056 is a class in the knowledge base.

条目2：
- 名称：Chinese_language
- 类型：Class
- 简介：Chinese is an umbrella term for all Sinitic languages, widely recognized as a collection of language varieties, spoken natively by the ethnic Han Chinese majority and many minority ethnic groups in Greater China, as well as by various commu...",1,qwen-max-0125,0.0,8192,https://api2.aigcbest.top/v1,"判断结果：错误  
解释：根据背景知识，Historical_Chinese_Q10913056 是一个独立的类，而 Chinese_language 是另一个类，二者之间没有明确的包含关系，因此该公理与背景知识不符。",0,0,
hard_case_0290,subClassOf,Lawyer ⊑ Rábula_Q10365511,"背景知识：
条目1：
- 名称：Lawyer
- 类型：Class
- 简介：A lawyer is a person who is qualified to offer advice about the law, draft legal documents, or represent individuals in legal matters.

条目2：
- 名称：Rábula_Q10365511
- 类型：Class
- 简介：Rábula_Q10365511 is a class in the knowledge base.",0,qwen-max-0125,0.0,8192,https://api2.aigcbest.top/v1,"判断结果：错误  
解释：根据背景知识，Lawyer是一个明确的法律职业相关类，而Rábula_Q10365511的描述未表明其与Lawyer存在包含关系，因此该公理缺乏语义支持。",0,1,
hard_case_0291,subClassOf,Legal_Scholar_Q16012028 ⊑ Constitutional_Lawyer_Q2325224,"背景知识：
条目1：
- 名称：Legal_Scholar_Q16012028
- 类型：Class
- 简介：Legal_Scholar_Q16012028 is a class in the knowledge base.

条目2：
- 名称：Constitutional_Lawyer_Q2325224
- 类型：Class
- 简介：Constitutional_Lawyer_Q2325224 is a class in the knowledge base.",0,qwen-max-0125,0.0,8192,https://api2.aigcbest.top/v1,"判断结果：错误  
解释：根据背景知识，Legal_Scholar_Q16012028和Constitutional_Lawyer_Q2325224是两个独立的类，没有明确的包含关系表明所有Legal_Scholar_Q16012028都是Constitutional_Lawyer_Q2325224的子集。",0,1,
hard_case_0292,subClassOf,Lyricist ⊑ Cancionista_Q24961653,"背景知识：
条目1：
- 名称：Lyricist
- 类型：Class
- 简介：A lyricist is a writer who writes lyrics, as opposed to a composer, who writes the song's music which may include the melody, harmony, arrangement and accompaniment.

条目2：
- 名称：Cancionista_Q24961653
- 类型：Class
- 简介：Cancionista_Q24961653 is a class in the knowledge base.",0,qwen-max-0125,0.0,8192,https://api2.aigcbest.top/v1,"判断结果：错误  
解释：根据背景知识，Lyricist是写歌词的人，而Cancionista_Q24961653的描述未表明其与歌词创作相关，因此无法推断Lyricist是Cancionista_Q24961653的子类。",0,1,
hard_case_0293,subClassOf,Manbhumi_dialect ⊑ Bengali_language,"背景知识：
条目1：
- 名称：Manbhumi_dialect
- 类型：Class
- 简介：Western Bengali or Mānbhūmī Bengali is a set of western vernacular Bengali dialects spoken in Purulia, West Bardhaman, Bankura, Greater Medinipur, Birbhum, Singhbhum, Santal Parganas, Chotanagpur, Kakdwip of South 24 Parganas and other adja...

条目2：
- 名称：Bengali_language
- 类型：Class
- 简介：Bengali, also known by its endonym Bangla, is a classical Indo-Aryan language belonging to the Indo-Iranian branch of the Indo-European language family. It is primarily spoken by the Bengali people, native to the Bengal region. With over 24...",1,qwen-max-0125,0.0,8192,https://api2.aigcbest.top/v1,"判断结果：正确  
解释：根据背景知识，Manbhumi_dialect是西方孟加拉语的一种方言，而Bengali_language是孟加拉语的总称，因此Manbhumi_dialect作为子类包含于Bengali_language是合理的。",1,1,
hard_case_0294,subClassOf,Prankster_Q1344569 ⊑ Comedian,"背景知识：
条目1：
- 名称：Prankster_Q1344569
- 类型：Class
- 简介：Prankster_Q1344569 is a class in the knowledge base.

条目2：
- 名称：Comedian
- 类型：Class
- 简介：A comedian or comic is a person who seeks to entertain an audience by making them laugh. This may be done by telling jokes, creating amusing situations, acting foolishly, or employing prop comedy. A comedian who addresses an audience direct...",1,qwen-max-0125,0.0,8192,https://api2.aigcbest.top/v1,"判断结果：正确  
解释：根据背景知识，Prankster_Q1344569 和 Comedian 都是类，且语义上“恶作剧者”可以被合理地视为“喜剧演员”的一种子类，符合 RDFS 的 subClassOf 语义规则。",1,1,
hard_case_0295,subClassOf,Rábula_Q10365511 ⊑ Lawyer,"背景知识：
条目1：
- 名称：Rábula_Q10365511
- 类型：Class
- 简介：Rábula_Q10365511 is a class in the knowledge base.

条目2：
- 名称：Lawyer
- 类型：Class
- 简介：A lawyer is a person who is qualified to offer advice about the law, draft legal documents, or represent individuals in legal matters.",1,qwen-max-0125,0.0,8192,https://api2.aigcbest.top/v1,"判断结果：错误  
解释：根据背景知识，Rábula_Q10365511和Lawyer是两个独立的类，没有明确的语义或常识表明Rábula_Q10365511的所有实例都属于Lawyer类，因此该公理与背景知识不符。",0,0,
hard_case_0296,subClassOf,Schwefelbad_Q112157620 ⊑ Designated_Spa_Town_Q6882870,"背景知识：
条目1：
- 名称：Schwefelbad_Q112157620
- 类型：Class
- 简介：Schwefelbad_Q112157620 is a class in the knowledge base.

条目2：
- 名称：Designated_Spa_Town_Q6882870
- 类型：Class
- 简介：Designated_Spa_Town_Q6882870 is a class in the knowledge base.",1,qwen-max-0125,0.0,8192,https://api2.aigcbest.top/v1,"判断结果：错误  
解释：背景知识中未提供Schwefelbad_Q112157620与Designated_Spa_Town_Q6882870之间的包含关系，因此无法支持该subClassOf公理。",0,0,
hard_case_0297,subClassOf,Skerry_Coast_Q13137873 ⊑ Archipelago,"背景知识：
条目1：
- 名称：Skerry_Coast_Q13137873
- 类型：Class
- 简介：Skerry_Coast_Q13137873 is a class in the knowledge base.

条目2：
- 名称：Archipelago
- 类型：Class
- 简介：An archipelago, sometimes called an island group or island chain, is a chain, cluster, or collection of islands. An archipelago may be in an ocean, a sea, or a smaller body of water. Examples of archipelagos include the Aegean Islands, the....",1,qwen-max-0125,0.0,8192,https://api2.aigcbest.top/v1,"判断结果：正确  
解释：根据背景知识，Skerry_Coast_Q13137873和Archipelago均为类，且语义上Skerry_Coast_Q13137873可被合理视为Archipelago的一种特定类型，符合RDFS中subClassOf的语义规则。",1,1,
hard_case_0298,subClassOf,State_Public_Works_Engineering_Corps__u0028_France_u0029_ ⊑ Engineer,"背景知识：
条目1：
- 名称：State_Public_Works_Engineering_Corps__u0028_France_u0029_
- 类型：Class
- 简介：State_Public_Works_Engineering_Corps__u0028_France_u0029_ is a class in the knowledge base.

条目2：
- 名称：Engineer
- 类型：Class
- 简介：An engineer is a practitioner of engineering. The word engineer is derived from the Latin words ingeniare and ingenium (""cleverness""). The foundational qualifications of a licensed professional engineer typically include a four-year bachelo...",1,qwen-max-0125,0.0,8192,https://api2.aigcbest.top/v1,"判断结果：错误  
解释：根据背景知识，State_Public_Works_Engineering_Corps__u0028_France_u0029_ 是一个类，而 Engineer 也是一个类，但前者描述的是一个组织或机构，后者描述的是个人职业角色，二者不存在子类关系。",0,0,
hard_case_0299,subClassOf,Tenja_Q11567170 ⊑ Literary_Critic_Q4263842,"背景知识：
条目1：
- 名称：Tenja_Q11567170
- 类型：Class
- 简介：Tenja_Q11567170 is a class in the knowledge base.

条目2：
- 名称：Literary_Critic_Q4263842
- 类型：Class
- 简介：Literary_Critic_Q4263842 is a class in the knowledge base.",1,qwen-max-0125,0.0,8192,https://api2.aigcbest.top/v1,"判断结果：错误  
解释：背景知识中未提供Tenja_Q11567170与Literary_Critic_Q4263842之间的包含关系，因此无法推断Tenja_Q11567170是Literary_Critic_Q4263842的子类。",0,0,
hard_case_0300,subPropertyOf,actionableFeedbackPolicy ⊑p publishingPrinciples,"背景知识：
条目1：
- 名称：actionableFeedbackPolicy
- 类型：Property
- 简介：For a <a class=""localLink"" href=""/NewsMediaOrganization"">NewsMediaOrganization</a> or other news-related <a class=""localLink"" href=""/Organization"">Organization</a>, a statement about public engagement activities (for news media, the newsroo...
- 补充信息：domainIncludes: http://schema.org/NewsMediaOrganization, http://schema.org/Organization | rangeIncludes: http://schema.org/CreativeWork, http://schema.org/URL

条目2：
- 名称：publishingPrinciples
- 类型：Property
- 简介：The publishingPrinciples property indicates (typically via <a class=""localLink"" href=""/URL"">URL</a>) a document describing the editorial principles of an <a class=""localLink"" href=""/Organization"">Organization</a> (or individual, e.g. a <a c...
- 补充信息：domainIncludes: http://schema.org/CreativeWork, http://schema.org/Organization, http://schema.org/Person | rangeIncludes: http://schema.org/CreativeWork, http://schema.org/URL",1,qwen-max-0125,0.0,8192,https://api2.aigcbest.top/v1,"判断结果：错误  
解释：根据背景知识，actionableFeedbackPolicy的domainIncludes为NewsMediaOrganization和Organization，而publishingPrinciples的domainIncludes包含CreativeWork、Organization和Person，两者的主体范围不一致，因此actionableFeedbackPolicy不是publishingPrinciples的子属性。",0,0,
hard_case_0301,subPropertyOf,announcementLocation ⊑p spatialCoverage,"背景知识：
条目1：
- 名称：announcementLocation
- 类型：Property
- 简介：Indicates a specific <a class=""localLink"" href=""/CivicStructure"">CivicStructure</a> or <a class=""localLink"" href=""/LocalBusiness"">LocalBusiness</a> associated with the SpecialAnnouncement. For example, a specific testing facility or busines...
- 补充信息：domainIncludes: http://schema.org/SpecialAnnouncement | rangeIncludes: http://schema.org/CivicStructure, http://schema.org/LocalBusiness

条目2：
- 名称：spatialCoverage
- 类型：Property
- 简介：The spatialCoverage of a CreativeWork indicates the place(s) which are the focus of the content. It is a subproperty of contentLocation intended primarily for more technical and detailed materials. For example with a Dataset, it indicates a...
- 补充信息：domainIncludes: http://schema.org/CreativeWork | rangeIncludes: http://schema.org/Place",1,qwen-max-0125,0.0,8192,https://api2.aigcbest.top/v1,"判断结果：错误  
解释：根据背景知识，announcementLocation的domain是SpecialAnnouncement，而spatialCoverage的domain是CreativeWork，两者领域不一致，因此announcementLocation不可能是spatialCoverage的子属性。",0,0,
hard_case_0302,subPropertyOf,availableAtOrFrom ⊑p areaServed,"背景知识：
条目1：
- 名称：availableAtOrFrom
- 类型：Property
- 简介：The place(s) from which the offer can be obtained (e.g. store locations).
- 补充信息：domainIncludes: http://schema.org/Demand, http://schema.org/Offer | rangeIncludes: http://schema.org/Place

条目2：
- 名称：areaServed
- 类型：Property
- 简介：The geographic area where a service or offered item is provided.
- 补充信息：domainIncludes: http://schema.org/ContactPoint, http://schema.org/DeliveryChargeSpecification, http://schema.org/Demand, http://schema.org/FinancialIncentive, http://schema.org/Off...",1,qwen-max-0125,0.0,8192,https://api2.aigcbest.top/v1,"判断结果：错误  
解释：根据背景知识，availableAtOrFrom的domainIncludes为Demand和Offer，而areaServed的domainIncludes包含ContactPoint等不同类，二者语义上并无明确的属性包含关系，因此该公理与背景知识冲突。",0,0,
hard_case_0303,subPropertyOf,brand ⊑p hasDesignation,"背景知识：
条目1：
- 名称：brand
- 类型：Property
- 简介：The brand(s) associated with a product or service, or the brand(s) maintained by an organization or business person.
- 补充信息：domainIncludes: http://schema.org/Organization, http://schema.org/Person, http://schema.org/Product, http://schema.org/Service | rangeIncludes: http://schema.org/Brand, http://sche...

条目2：
- 名称：hasDesignation
- 类型：Class
- 简介：hasDesignation is a class in the knowledge base.",1,qwen-max-0125,0.0,8192,https://api2.aigcbest.top/v1,"判断结果：错误  
解释：brand 是一个 Property，而 hasDesignation 是一个 Class，根据 RDFS 语义规则，Property 和 Class 之间无法直接建立 subPropertyOf (⊑p) 关系。",0,0,
hard_case_0304,subPropertyOf,certificationIdentification ⊑p hasRegistrationIdentifier,"背景知识：
条目1：
- 名称：certificationIdentification
- 类型：Property
- 简介：Identifier of a certification instance (as registered with an independent certification body). Typically this identifier can be used to consult and verify the certification instance. See also <a href=""https://www.gs1.org/voc/certificationId...
- 补充信息：domainIncludes: http://schema.org/Certification | rangeIncludes: http://schema.org/DefinedTerm, http://schema.org/Text

条目2：
- 名称：hasRegistrationIdentifier
- 类型：Class
- 简介：hasRegistrationIdentifier is a class in the knowledge base.",1,qwen-max-0125,0.0,8192,https://api2.aigcbest.top/v1,"判断结果：错误  
解释：certificationIdentification 是一个属性（Property），而 hasRegistrationIdentifier 是一个类（Class），根据 RDFS 语义规则，属性与类之间不能直接建立 subPropertyOf (⊑p) 关系。",0,0,
hard_case_0305,subPropertyOf,clipNumber ⊑p position,"背景知识：
条目1：
- 名称：clipNumber
- 类型：Property
- 简介：Position of the clip within an ordered group of clips.
- 补充信息：domainIncludes: http://schema.org/Clip | rangeIncludes: http://schema.org/Integer, http://schema.org/Text

条目2：
- 名称：position
- 类型：Property
- 简介：The position of an item in a series or sequence of items.
- 补充信息：domainIncludes: http://schema.org/CreativeWork, http://schema.org/ListItem | rangeIncludes: http://schema.org/Integer, http://schema.org/Text",1,qwen-max-0125,0.0,8192,https://api2.aigcbest.top/v1,"判断结果：错误  
解释：根据背景知识，clipNumber的domain为Clip，而position的domain包括CreativeWork和ListItem，两者范围不一致，因此clipNumber不是position的子属性。",0,0,
hard_case_0306,subPropertyOf,confirmationNumber ⊑p identifier,"背景知识：
条目1：
- 名称：confirmationNumber
- 类型：Property
- 简介：A number that confirms the given order or payment has been received.
- 补充信息：domainIncludes: http://schema.org/Invoice, http://schema.org/Order | rangeIncludes: http://schema.org/Text

条目2：
- 名称：identifier
- 类型：Property
- 简介：The identifier property represents any kind of identifier for any kind of <a class=""localLink"" href=""/Thing"">Thing</a>, such as ISBNs, GTIN codes, UUIDs etc. Schema.org provides dedicated properties for representing many of these, either as...
- 补充信息：domainIncludes: http://schema.org/Thing | rangeIncludes: http://schema.org/PropertyValue, http://schema.org/Text, http://schema.org/URL",1,qwen-max-0125,0.0,8192,https://api2.aigcbest.top/v1,"判断结果：错误  
解释：根据背景知识，confirmationNumber的domainIncludes为Invoice和Order，而identifier的domainIncludes为Thing，两者范围不一致，且无明确包含关系，因此confirmationNumber不是identifier的子属性。",0,0,
hard_case_0307,subPropertyOf,episode ⊑p hasPart,"背景知识：
条目1：
- 名称：episode
- 类型：Property
- 简介：An episode of a TV, radio or game media within a series or season.
- 补充信息：domainIncludes: http://schema.org/CreativeWorkSeason, http://schema.org/RadioSeries, http://schema.org/TVSeries, http://schema.org/VideoGameSeries | rangeIncludes: http://schema.or...

条目2：
- 名称：hasPart
- 类型：Property
- 简介：Indicates an item or CreativeWork that is part of this item, or CreativeWork (in some sense).
- 补充信息：domainIncludes: http://schema.org/CreativeWork | rangeIncludes: http://schema.org/CreativeWork",1,qwen-max-0125,0.0,8192,https://api2.aigcbest.top/v1,"判断结果：错误  
解释：根据背景知识，episode的domainIncludes与rangeIncludes表明其主体和客体分别属于特定类，而hasPart的语义更广泛，无法直接推断episode一定是hasPart的子属性。",0,0,
hard_case_0308,subPropertyOf,handlingTime ⊑p duration,"背景知识：
条目1：
- 名称：handlingTime
- 类型：Property
- 简介：The typical delay between the receipt of the order and the goods either leaving the warehouse or being prepared for pickup, in case the delivery method is on site pickup.<br/><br/> In the context of <a class=""localLink"" href=""/ShippingDeliv...
- 补充信息：domainIncludes: http://schema.org/ShippingDeliveryTime, http://schema.org/ShippingService | rangeIncludes: http://schema.org/QuantitativeValue, http://schema.org/ServicePeriod

条目2：
- 名称：duration
- 类型：Property
- 简介：The duration of the item (movie, audio recording, event, etc.) in <a href=""http://en.wikipedia.org/wiki/ISO_8601"">ISO 8601 duration format</a>.
- 补充信息：domainIncludes: http://schema.org/Audiobook, http://schema.org/Episode, http://schema.org/Event, http://schema.org/MediaObject, http://schema.org/Movie, http://schema.org/MusicReco...",1,qwen-max-0125,0.0,8192,https://api2.aigcbest.top/v1,"判断结果：错误  
解释：根据背景知识，handlingTime的domain和range与duration的domain和range无直接包含关系，且语义上两者描述的内容不一致，无法满足subPropertyOf的语义约束。",0,0,
hard_case_0309,subPropertyOf,hasCategoryCode ⊑p hasDefinedTerm,"背景知识：
条目1：
- 名称：hasCategoryCode
- 类型：Property
- 简介：A Category code contained in this code set.
- 补充信息：domainIncludes: http://schema.org/CategoryCodeSet | rangeIncludes: http://schema.org/CategoryCode

条目2：
- 名称：hasDefinedTerm
- 类型：Property
- 简介：A Defined Term contained in this term set.
- 补充信息：domainIncludes: http://schema.org/DefinedTermSet, http://schema.org/Taxon | rangeIncludes: http://schema.org/DefinedTerm",1,qwen-max-0125,0.0,8192,https://api2.aigcbest.top/v1,"判断结果：错误  
解释：根据背景知识，hasCategoryCode的domain和range与hasDefinedTerm的domain和range不匹配，无法满足subPropertyOf的语义约束。",0,0,
hard_case_0310,subPropertyOf,homeLocation ⊑p location,"背景知识：
条目1：
- 名称：homeLocation
- 类型：Property
- 简介：A contact location for a person's residence.
- 补充信息：domainIncludes: http://schema.org/Person | rangeIncludes: http://schema.org/ContactPoint, http://schema.org/Place

条目2：
- 名称：location
- 类型：Property
- 简介：The location of, for example, where an event is happening, where an organization is located, or where an action takes place.
- 补充信息：domainIncludes: http://schema.org/Action, http://schema.org/Event, http://schema.org/InteractionCounter, http://schema.org/Organization | rangeIncludes: http://schema.org/Place, ht...",1,qwen-max-0125,0.0,8192,https://api2.aigcbest.top/v1,"判断结果：正确  
解释：根据背景知识，homeLocation的rangeIncludes包含Place，而location的rangeIncludes也包含Place，且location的语义更广，因此homeLocation可以被视作location的子属性。",1,1,
hard_case_0311,subPropertyOf,identifier ⊑p gtin12,"背景知识：
条目1：
- 名称：identifier
- 类型：Property
- 简介：The identifier property represents any kind of identifier for any kind of <a class=""localLink"" href=""/Thing"">Thing</a>, such as ISBNs, GTIN codes, UUIDs etc. Schema.org provides dedicated properties for representing many of these, either as...
- 补充信息：domainIncludes: http://schema.org/Thing | rangeIncludes: http://schema.org/PropertyValue, http://schema.org/Text, http://schema.org/URL

条目2：
- 名称：gtin12
- 类型：Property
- 简介：The GTIN-12 code of the product, or the product to which the offer refers. The GTIN-12 is the 12-digit GS1 Identification Key composed of a U.P.C. Company Prefix, Item Reference, and Check Digit used to identify trade items. See <a href=""ht...
- 补充信息：domainIncludes: http://schema.org/Demand, http://schema.org/Offer, http://schema.org/Product | rangeIncludes: http://schema.org/Text",0,qwen-max-0125,0.0,8192,https://api2.aigcbest.top/v1,"判断结果：错误  
解释：根据背景知识，identifier的范围包括PropertyValue、Text和URL，而gtin12的范围仅为Text，因此identifier不可能是gtin12的子属性。",0,1,
hard_case_0312,subPropertyOf,identifier ⊑p gtin8,"背景知识：
条目1：
- 名称：identifier
- 类型：Property
- 简介：The identifier property represents any kind of identifier for any kind of <a class=""localLink"" href=""/Thing"">Thing</a>, such as ISBNs, GTIN codes, UUIDs etc. Schema.org provides dedicated properties for representing many of these, either as...
- 补充信息：domainIncludes: http://schema.org/Thing | rangeIncludes: http://schema.org/PropertyValue, http://schema.org/Text, http://schema.org/URL

条目2：
- 名称：gtin8
- 类型：Property
- 简介：The GTIN-8 code of the product, or the product to which the offer refers. This code is also known as EAN/UCC-8 or 8-digit EAN. See <a href=""http://www.gs1.org/barcodes/technical/idkeys/gtin"">GS1 GTIN Summary</a> for more details.
- 补充信息：domainIncludes: http://schema.org/Demand, http://schema.org/Offer, http://schema.org/Product | rangeIncludes: http://schema.org/Text",0,qwen-max-0125,0.0,8192,https://api2.aigcbest.top/v1,"判断结果：错误  
解释：根据背景知识，identifier的定义域包含Thing，而gtin8的定义域为Demand、Offer和Product，两者的定义域不一致，且identifier并未被描述为gtin8的子属性，因此该公理与语义规则冲突。",0,1,
hard_case_0313,subPropertyOf,identifier ⊑p issn,"背景知识：
条目1：
- 名称：identifier
- 类型：Property
- 简介：The identifier property represents any kind of identifier for any kind of <a class=""localLink"" href=""/Thing"">Thing</a>, such as ISBNs, GTIN codes, UUIDs etc. Schema.org provides dedicated properties for representing many of these, either as...
- 补充信息：domainIncludes: http://schema.org/Thing | rangeIncludes: http://schema.org/PropertyValue, http://schema.org/Text, http://schema.org/URL

条目2：
- 名称：issn
- 类型：Property
- 简介：The International Standard Serial Number (ISSN) that identifies this serial publication. You can repeat this property to identify different formats of, or the linking ISSN (ISSN-L) for, this serial publication.
- 补充信息：domainIncludes: http://schema.org/Blog, http://schema.org/CreativeWorkSeries, http://schema.org/Dataset, http://schema.org/WebSite | rangeIncludes: http://schema.org/Text",0,qwen-max-0125,0.0,8192,https://api2.aigcbest.top/v1,"判断结果：错误  
解释：根据背景知识，identifier的domainIncludes为Thing，而issn的domainIncludes为Blog、CreativeWorkSeries等特定类，两者的适用范围不一致，因此identifier不是issn的子属性。",0,1,
hard_case_0314,subPropertyOf,inChI ⊑p hasRepresentation,"背景知识：
条目1：
- 名称：inChI
- 类型：Property
- 简介：Non-proprietary identifier for molecular entity that can be used in printed and electronic data sources thus enabling easier linking of diverse data compilations.
- 补充信息：domainIncludes: http://schema.org/MolecularEntity | rangeIncludes: http://schema.org/Text

条目2：
- 名称：hasRepresentation
- 类型：Property
- 简介：A common representation such as a protein sequence or chemical structure for this entity. For images use schema.org/image.
- 补充信息：domainIncludes: http://schema.org/BioChemEntity | rangeIncludes: http://schema.org/PropertyValue, http://schema.org/Text, http://schema.org/URL",1,qwen-max-0125,0.0,8192,https://api2.aigcbest.top/v1,"判断结果：错误  
解释：根据背景知识，inChI的domain是MolecularEntity，而hasRepresentation的domain是BioChemEntity，两者领域不一致，因此inChI不可能是hasRepresentation的子属性。",0,0,
hard_case_0315,subPropertyOf,isVariantOf ⊑p exemplifies,"背景知识：
条目1：
- 名称：isVariantOf
- 类型：Property
- 简介：Indicates the kind of product that this is a variant of. In the case of <a class=""localLink"" href=""/ProductModel"">ProductModel</a>, this is a pointer (from a ProductModel) to a base product from which this product is a variant. It is safe t...
- 补充信息：domainIncludes: http://schema.org/Product, http://schema.org/ProductModel | rangeIncludes: http://schema.org/ProductGroup, http://schema.org/ProductModel

条目2：
- 名称：exemplifies
- 类型：Class
- 简介：exemplifies is a class in the knowledge base.",1,qwen-max-0125,0.0,8192,https://api2.aigcbest.top/v1,"判断结果：错误  
解释：isVariantOf 是一个属性，而 exemplifies 是一个类，根据 RDFS 语义规则，属性和类之间不能直接建立子属性关系 (subPropertyOf)。",0,0,
hard_case_0316,subPropertyOf,itemLocation ⊑p location,"背景知识：
条目1：
- 名称：itemLocation
- 类型：Property
- 简介：Current location of the item.
- 补充信息：domainIncludes: http://schema.org/ArchiveComponent | rangeIncludes: http://schema.org/Place, http://schema.org/PostalAddress, http://schema.org/Text

条目2：
- 名称：location
- 类型：Property
- 简介：The location of, for example, where an event is happening, where an organization is located, or where an action takes place.
- 补充信息：domainIncludes: http://schema.org/Action, http://schema.org/Event, http://schema.org/InteractionCounter, http://schema.org/Organization | rangeIncludes: http://schema.org/Place, ht...",1,qwen-max-0125,0.0,8192,https://api2.aigcbest.top/v1,"判断结果：错误  
解释：根据背景知识，itemLocation的domain和range与location的domain和range不完全一致，无法满足subPropertyOf的语义约束。",0,0,
hard_case_0317,subPropertyOf,legalName ⊑p hasName,"背景知识：
条目1：
- 名称：legalName
- 类型：Property
- 简介：The official name of the organization, e.g. the registered company name.
- 补充信息：domainIncludes: http://schema.org/Organization | rangeIncludes: http://schema.org/Text

条目2：
- 名称：hasName
- 类型：Class
- 简介：hasName is a class in the knowledge base.",1,qwen-max-0125,0.0,8192,https://api2.aigcbest.top/v1,"判断结果：错误  
解释：legalName 是一个属性 (Property)，而 hasName 是一个类 (Class)，根据 RDFS 语义规则，属性和类之间不能直接建立 subPropertyOf (⊑p) 关系。",0,0,
hard_case_0318,subPropertyOf,legislationCommences ⊑p legislationChanges,"背景知识：
条目1：
- 名称：legislationCommences
- 类型：Property
- 简介：Another legislation that this one sets into force.
- 补充信息：domainIncludes: http://schema.org/Legislation | rangeIncludes: http://schema.org/Legislation

条目2：
- 名称：legislationChanges
- 类型：Property
- 简介：Another legislation that this legislation changes. This encompasses the notions of amendment, replacement, correction, repeal, or other types of change. This may be a direct change (textual or non-textual amendment) or a consequential or in...
- 补充信息：domainIncludes: http://schema.org/Legislation | rangeIncludes: http://schema.org/Legislation",1,qwen-max-0125,0.0,8192,https://api2.aigcbest.top/v1,"判断结果：错误  
解释：根据背景知识，legislationCommences和legislationChanges的语义不同，前者表示立法启动另一立法，后者表示立法对另一立法的修改，二者无包含关系。",0,0,
hard_case_0319,subPropertyOf,legislationDate ⊑p dateCreated,"背景知识：
条目1：
- 名称：legislationDate
- 类型：Property
- 简介：The date of adoption or signature of the legislation. This is the date at which the text is officially aknowledged to be a legislation, even though it might not even be published or in force.
- 补充信息：domainIncludes: http://schema.org/Legislation | rangeIncludes: http://schema.org/Date

条目2：
- 名称：dateCreated
- 类型：Property
- 简介：The date on which the CreativeWork was created or the item was added to a DataFeed.
- 补充信息：domainIncludes: http://schema.org/CreativeWork, http://schema.org/DataFeedItem | rangeIncludes: http://schema.org/Date, http://schema.org/DateTime",1,qwen-max-0125,0.0,8192,https://api2.aigcbest.top/v1,"判断结果：错误  
解释：根据背景知识，legislationDate的domain是Legislation，而dateCreated的domain包括CreativeWork和DataFeedItem，两者的语义范围不一致，因此legislationDate不是dateCreated的子属性。",0,0,
hard_case_0320,subPropertyOf,legislationJurisdiction ⊑p spatialCoverage,"背景知识：
条目1：
- 名称：legislationJurisdiction
- 类型：Property
- 简介：The jurisdiction from which the legislation originates.
- 补充信息：domainIncludes: http://schema.org/Legislation | rangeIncludes: http://schema.org/AdministrativeArea, http://schema.org/Text

条目2：
- 名称：spatialCoverage
- 类型：Property
- 简介：The spatialCoverage of a CreativeWork indicates the place(s) which are the focus of the content. It is a subproperty of contentLocation intended primarily for more technical and detailed materials. For example with a Dataset, it indicates a...
- 补充信息：domainIncludes: http://schema.org/CreativeWork | rangeIncludes: http://schema.org/Place",1,qwen-max-0125,0.0,8192,https://api2.aigcbest.top/v1,"判断结果：错误  
解释：根据背景知识，legislationJurisdiction的domain是Legislation，而spatialCoverage的domain是CreativeWork，两者领域不一致，因此legislationJurisdiction不可能是spatialCoverage的子属性。",0,0,
hard_case_0321,subPropertyOf,legislationPassedBy ⊑p creator,"背景知识：
条目1：
- 名称：legislationPassedBy
- 类型：Property
- 简介：The person or organization that originally passed or made the law: typically parliament (for primary legislation) or government (for secondary legislation). This indicates the ""legal author"" of the law, as opposed to its physical author.
- 补充信息：domainIncludes: http://schema.org/Legislation | rangeIncludes: http://schema.org/Organization, http://schema.org/Person

条目2：
- 名称：creator
- 类型：Property
- 简介：The creator/author of this CreativeWork. This is the same as the Author property for CreativeWork.
- 补充信息：domainIncludes: http://schema.org/CreativeWork, http://schema.org/UserComments | rangeIncludes: http://schema.org/Organization, http://schema.org/Person",1,qwen-max-0125,0.0,8192,https://api2.aigcbest.top/v1,"判断结果：错误  
解释：根据背景知识，legislationPassedBy的domain是Legislation，而creator的domain是CreativeWork和UserComments，两者的领域不兼容，因此该公理与语义规则冲突。",0,0,
hard_case_0322,subPropertyOf,legislationType ⊑p genre,"背景知识：
条目1：
- 名称：legislationType
- 类型：Property
- 简介：The type of the legislation. Examples of values are ""law"", ""act"", ""directive"", ""decree"", ""regulation"", ""statutory instrument"", ""loi organique"", ""règlement grand-ducal"", etc., depending on the country.
- 补充信息：domainIncludes: http://schema.org/Legislation | rangeIncludes: http://schema.org/CategoryCode, http://schema.org/Text

条目2：
- 名称：genre
- 类型：Property
- 简介：Genre of the creative work, broadcast channel or group.
- 补充信息：domainIncludes: http://schema.org/BroadcastChannel, http://schema.org/CreativeWork, http://schema.org/MusicGroup | rangeIncludes: http://schema.org/DefinedTerm, http://schema.org/T...",1,qwen-max-0125,0.0,8192,https://api2.aigcbest.top/v1,"判断结果：错误  
解释：根据背景知识，legislationType的domain是Legislation，而genre的domain包括BroadcastChannel、CreativeWork和MusicGroup，两者的主体类不一致，因此legislationType不可能是genre的子属性。",0,0,
hard_case_0323,subPropertyOf,logo ⊑p image,"背景知识：
条目1：
- 名称：logo
- 类型：Property
- 简介：An associated logo.
- 补充信息：domainIncludes: http://schema.org/Brand, http://schema.org/Certification, http://schema.org/Organization, http://schema.org/Place, http://schema.org/Product, http://schema.org/Serv...

条目2：
- 名称：image
- 类型：Property
- 简介：An image of the item. This can be a <a class=""localLink"" href=""/URL"">URL</a> or a fully described <a class=""localLink"" href=""/ImageObject"">ImageObject</a>.
- 补充信息：domainIncludes: http://schema.org/Thing | rangeIncludes: http://schema.org/ImageObject, http://schema.org/URL",1,qwen-max-0125,0.0,8192,https://api2.aigcbest.top/v1,"判断结果：错误  
解释：根据背景知识，logo的domainIncludes包含多个特定类，而image的domainIncludes为Thing，两者的语义范围不一致，且无明确的子属性关系支持logo ⊑p image。",0,0,
hard_case_0324,subPropertyOf,longitude ⊑p hasLongitude,"背景知识：
条目1：
- 名称：longitude
- 类型：Property
- 简介：The longitude of a location. For example <code>-122.08585</code> (<a href=""https://en.wikipedia.org/wiki/World_Geodetic_System"">WGS 84</a>).
- 补充信息：domainIncludes: http://schema.org/GeoCoordinates, http://schema.org/Place | rangeIncludes: http://schema.org/Number, http://schema.org/Text

条目2：
- 名称：hasLongitude
- 类型：Class
- 简介：hasLongitude is a class in the knowledge base.",1,qwen-max-0125,0.0,8192,https://api2.aigcbest.top/v1,"判断结果：错误  
解释：根据背景知识，longitude是一个Property，而hasLongitude是一个Class，RDFS中subPropertyOf关系仅适用于属性之间，因此该公理语义上不成立。",0,0,
hard_case_0325,subPropertyOf,maxPrice ⊑p hasUpperBound,"背景知识：
条目1：
- 名称：maxPrice
- 类型：Property
- 简介：The highest price if the price is a range.
- 补充信息：domainIncludes: http://schema.org/PriceSpecification | rangeIncludes: http://schema.org/Number

条目2：
- 名称：hasUpperBound
- 类型：Class
- 简介：hasUpperBound is a class in the knowledge base.",1,qwen-max-0125,0.0,8192,https://api2.aigcbest.top/v1,"判断结果：错误  
解释：maxPrice是一个属性（Property），而hasUpperBound是一个类（Class），RDFS中属性和类之间不存在直接的子类关系（subClassOf）。",0,0,
hard_case_0326,subPropertyOf,minimumPaymentDue ⊑p hasLowerBound,"背景知识：
条目1：
- 名称：minimumPaymentDue
- 类型：Property
- 简介：The minimum payment required at this time.
- 补充信息：domainIncludes: http://schema.org/Invoice | rangeIncludes: http://schema.org/MonetaryAmount, http://schema.org/PriceSpecification

条目2：
- 名称：hasLowerBound
- 类型：Class
- 简介：hasLowerBound is a class in the knowledge base.",1,qwen-max-0125,0.0,8192,https://api2.aigcbest.top/v1,"判断结果：错误  
解释：minimumPaymentDue 是一个属性，而 hasLowerBound 是一个类，RDFS 中的 subPropertyOf (⊑p) 仅适用于属性之间的关系，因此该公理与语义规则冲突。",0,0,
hard_case_0327,subPropertyOf,missionCoveragePrioritiesPolicy ⊑p publishingPrinciples,"背景知识：
条目1：
- 名称：missionCoveragePrioritiesPolicy
- 类型：Property
- 简介：For a <a class=""localLink"" href=""/NewsMediaOrganization"">NewsMediaOrganization</a>, a statement on coverage priorities, including any public agenda or stance on issues.
- 补充信息：domainIncludes: http://schema.org/NewsMediaOrganization | rangeIncludes: http://schema.org/CreativeWork, http://schema.org/URL

条目2：
- 名称：publishingPrinciples
- 类型：Property
- 简介：The publishingPrinciples property indicates (typically via <a class=""localLink"" href=""/URL"">URL</a>) a document describing the editorial principles of an <a class=""localLink"" href=""/Organization"">Organization</a> (or individual, e.g. a <a c...
- 补充信息：domainIncludes: http://schema.org/CreativeWork, http://schema.org/Organization, http://schema.org/Person | rangeIncludes: http://schema.org/CreativeWork, http://schema.org/URL",1,qwen-max-0125,0.0,8192,https://api2.aigcbest.top/v1,"判断结果：错误  
解释：根据背景知识，missionCoveragePrioritiesPolicy的domainIncludes为NewsMediaOrganization，而publishingPrinciples的domainIncludes包含CreativeWork、Organization和Person，两者的主体类不一致，因此不符合RDFS中subPropertyOf的语义规则。",0,0,
hard_case_0328,subPropertyOf,nsn ⊑p identifiedBy,"背景知识：
条目1：
- 名称：nsn
- 类型：Property
- 简介：Indicates the <a href=""https://en.wikipedia.org/wiki/NATO_Stock_Number"">NATO stock number</a> (nsn) of a <a class=""localLink"" href=""/Product"">Product</a>.
- 补充信息：domainIncludes: http://schema.org/Product | rangeIncludes: http://schema.org/Text

条目2：
- 名称：identifiedBy
- 类型：Class
- 简介：identifiedBy is a class in the knowledge base.",1,qwen-max-0125,0.0,8192,https://api2.aigcbest.top/v1,"判断结果：错误  
解释：nsn 是一个属性（Property），而 identifiedBy 是一个类（Class），根据 RDFS 语义规则，属性和类之间不能直接建立子属性关系（subPropertyOf）。",0,0,
hard_case_0329,subPropertyOf,orderDate ⊑p hasDate,"背景知识：
条目1：
- 名称：orderDate
- 类型：Property
- 简介：Date order was placed.
- 补充信息：domainIncludes: http://schema.org/Order | rangeIncludes: http://schema.org/Date, http://schema.org/DateTime

条目2：
- 名称：hasDate
- 类型：Class
- 简介：hasDate is a class in the knowledge base.",1,qwen-max-0125,0.0,8192,https://api2.aigcbest.top/v1,"判断结果：错误  
解释：orderDate 是一个属性（Property），而 hasDate 是一个类（Class），根据 RDFS 语义规则，属性和类之间不能直接建立 subPropertyOf (⊑p) 关系。",0,0,
hard_case_0330,subPropertyOf,orderNumber ⊑p identifier,"背景知识：
条目1：
- 名称：orderNumber
- 类型：Property
- 简介：The identifier of the transaction.
- 补充信息：domainIncludes: http://schema.org/Order | rangeIncludes: http://schema.org/Text

条目2：
- 名称：identifier
- 类型：Property
- 简介：The identifier property represents any kind of identifier for any kind of <a class=""localLink"" href=""/Thing"">Thing</a>, such as ISBNs, GTIN codes, UUIDs etc. Schema.org provides dedicated properties for representing many of these, either as...
- 补充信息：domainIncludes: http://schema.org/Thing | rangeIncludes: http://schema.org/PropertyValue, http://schema.org/Text, http://schema.org/URL",1,qwen-max-0125,0.0,8192,https://api2.aigcbest.top/v1,"判断结果：正确  
解释：根据背景知识，orderNumber的domain是Order，range是Text，而identifier的domain是Thing（Order是Thing的子类），range包含Text，因此orderNumber可以作为identifier的子属性。",1,1,
hard_case_0331,subPropertyOf,originalMediaContextDescription ⊑p description,"背景知识：
条目1：
- 名称：originalMediaContextDescription
- 类型：Property
- 简介：Describes, in a <a class=""localLink"" href=""/MediaReview"">MediaReview</a> when dealing with <a class=""localLink"" href=""/DecontextualizedContent"">DecontextualizedContent</a>, background information that can contribute to better interpretation...
- 补充信息：domainIncludes: http://schema.org/MediaReview | rangeIncludes: http://schema.org/Text

条目2：
- 名称：description
- 类型：Property
- 简介：A description of the item.
- 补充信息：domainIncludes: http://schema.org/Thing | rangeIncludes: http://schema.org/Text, http://schema.org/TextObject",1,qwen-max-0125,0.0,8192,https://api2.aigcbest.top/v1,"判断结果：错误  
解释：根据背景知识，originalMediaContextDescription的domain为MediaReview，而description的domain为Thing，两者domain不一致，且无证据表明originalMediaContextDescription是description的子属性。",0,0,
hard_case_0332,subPropertyOf,partOfInvoice ⊑p isReferencedIn,"背景知识：
条目1：
- 名称：partOfInvoice
- 类型：Property
- 简介：The order is being paid as part of the referenced Invoice.
- 补充信息：domainIncludes: http://schema.org/Order | rangeIncludes: http://schema.org/Invoice

条目2：
- 名称：isReferencedIn
- 类型：Class
- 简介：isReferencedIn is a class in the knowledge base.",1,qwen-max-0125,0.0,8192,https://api2.aigcbest.top/v1,"判断结果：错误  
解释：partOfInvoice 是一个属性，而 isReferencedIn 是一个类，根据 RDFS 语义规则，属性和类之间不能直接建立 subPropertyOf (⊑p) 关系。",0,0,
hard_case_0333,subPropertyOf,paymentUrl ⊑p hasAddress,"背景知识：
条目1：
- 名称：paymentUrl
- 类型：Property
- 简介：The URL for sending a payment.
- 补充信息：domainIncludes: http://schema.org/Order | rangeIncludes: http://schema.org/URL

条目2：
- 名称：hasAddress
- 类型：Class
- 简介：hasAddress is a class in the knowledge base.",1,qwen-max-0125,0.0,8192,https://api2.aigcbest.top/v1,"判断结果：错误  
解释：paymentUrl 是一个属性（Property），而 hasAddress 是一个类（Class），根据 RDFS 语义规则，属性和类之间不能直接建立子属性关系（subPropertyOf）。",0,0,
hard_case_0334,subPropertyOf,price ⊑p hasNumericValue,"背景知识：
条目1：
- 名称：price
- 类型：Property
- 简介：The offer price of a product, or of a price component when attached to PriceSpecification and its subtypes.<br/><br/> Usage guidelines:<br/><br/> <ul> <li>Use the <a class=""localLink"" href=""/priceCurrency"">priceCurrency</a> property (with s...
- 补充信息：domainIncludes: http://schema.org/DonateAction, http://schema.org/Offer, http://schema.org/PriceSpecification, http://schema.org/TradeAction | rangeIncludes: http://schema.org/Numb...

条目2：
- 名称：hasNumericValue
- 类型：Class
- 简介：hasNumericValue is a class in the knowledge base.",1,qwen-max-0125,0.0,8192,https://api2.aigcbest.top/v1,"判断结果：错误  
解释：根据背景知识，price是一个Property，而hasNumericValue是一个Class，RDFS中subPropertyOf关系只能用于属性之间，因此该公理语义上不成立。",0,0,
hard_case_0335,subPropertyOf,priceCurrency ⊑p hasCurrency,"背景知识：
条目1：
- 名称：priceCurrency
- 类型：Property
- 简介：The currency of the price, or a price component when attached to <a class=""localLink"" href=""/PriceSpecification"">PriceSpecification</a> and its subtypes.<br/><br/> Use standard formats: <a href=""http://en.wikipedia.org/wiki/ISO_4217"">ISO 42...
- 补充信息：domainIncludes: http://schema.org/DonateAction, http://schema.org/Offer, http://schema.org/PriceSpecification, http://schema.org/Reservation, http://schema.org/Ticket, http://schem...

条目2：
- 名称：hasCurrency
- 类型：Class
- 简介：hasCurrency is a class in the knowledge base.",1,qwen-max-0125,0.0,8192,https://api2.aigcbest.top/v1,"判断结果：错误  
解释：priceCurrency 是一个属性（Property），而 hasCurrency 是一个类（Class），根据 RDFS 语义规则，属性和类之间不能直接建立 subPropertyOf (⊑p) 关系。",0,0,
hard_case_0336,subPropertyOf,readBy ⊑p actor,"背景知识：
条目1：
- 名称：readBy
- 类型：Property
- 简介：A person who reads (performs) the audiobook.
- 补充信息：domainIncludes: http://schema.org/Audiobook | rangeIncludes: http://schema.org/Person

条目2：
- 名称：actor
- 类型：Property
- 简介：An actor (individual or a group), e.g. in TV, radio, movie, video games etc., or in an event. Actors can be associated with individual items or with a series, episode, clip.
- 补充信息：domainIncludes: http://schema.org/Clip, http://schema.org/CreativeWorkSeason, http://schema.org/Episode, http://schema.org/Event, http://schema.org/Movie, http://schema.org/MovieSe...",1,qwen-max-0125,0.0,8192,https://api2.aigcbest.top/v1,"判断结果：错误  
解释：根据背景知识，readBy的主体是Audiobook，而actor的主体包括Clip、CreativeWorkSeason等，两者的语义范围不一致，因此readBy不是actor的子属性。",0,0,
hard_case_0337,subPropertyOf,recipeIngredient ⊑p supply,"背景知识：
条目1：
- 名称：recipeIngredient
- 类型：Property
- 简介：An ingredient or ordered list of ingredients and potentially quantities used in the recipe, e.g. 1 cup of sugar, flour or garlic. The ingredients can be represented as free text or more structured values.
- 补充信息：domainIncludes: http://schema.org/Recipe | rangeIncludes: http://schema.org/ItemList, http://schema.org/PropertyValue, http://schema.org/Text

条目2：
- 名称：supply
- 类型：Property
- 简介：A sub-property of instrument. A supply consumed when performing instructions or a direction.
- 补充信息：domainIncludes: http://schema.org/HowTo, http://schema.org/HowToDirection | rangeIncludes: http://schema.org/HowToSupply, http://schema.org/Text",1,qwen-max-0125,0.0,8192,https://api2.aigcbest.top/v1,"判断结果：错误  
解释：根据背景知识，recipeIngredient的domain是Recipe，而supply的domain是HowTo或HowToDirection，两者的主体类不一致，因此recipeIngredient不可能是supply的子属性。",0,0,
hard_case_0338,subPropertyOf,servicePhone ⊑p hasAddress,"背景知识：
条目1：
- 名称：servicePhone
- 类型：Property
- 简介：The phone number to use to access the service.
- 补充信息：domainIncludes: http://schema.org/ServiceChannel | rangeIncludes: http://schema.org/ContactPoint

条目2：
- 名称：hasAddress
- 类型：Class
- 简介：hasAddress is a class in the knowledge base.",1,qwen-max-0125,0.0,8192,https://api2.aigcbest.top/v1,"判断结果：错误  
解释：servicePhone 是一个属性，而 hasAddress 是一个类，根据 RDFS 语义规则，属性和类之间不能直接建立 subPropertyOf (⊑p) 关系。",0,0,
hard_case_0339,subPropertyOf,serviceSmsNumber ⊑p hasAddress,"背景知识：
条目1：
- 名称：serviceSmsNumber
- 类型：Property
- 简介：The number to access the service by text message.
- 补充信息：domainIncludes: http://schema.org/ServiceChannel | rangeIncludes: http://schema.org/ContactPoint

条目2：
- 名称：hasAddress
- 类型：Class
- 简介：hasAddress is a class in the knowledge base.",1,qwen-max-0125,0.0,8192,https://api2.aigcbest.top/v1,"判断结果：错误  
解释：serviceSmsNumber 是一个属性，而 hasAddress 是一个类，根据 RDFS 语义规则，属性和类之间不能直接建立 subPropertyOf (⊑p) 关系。",0,0,
hard_case_0340,subPropertyOf,sha256 ⊑p description,"背景知识：
条目1：
- 名称：sha256
- 类型：Property
- 简介：The <a href=""https://en.wikipedia.org/wiki/SHA-2"">SHA-2</a> SHA256 hash of the content of the item. For example, a zero-length input has value 'e3b0c44298fc1c149afbf4c8996fb92427ae41e4649b934ca495991b7852b855'.
- 补充信息：domainIncludes: http://schema.org/MediaObject | rangeIncludes: http://schema.org/Text

条目2：
- 名称：description
- 类型：Property
- 简介：A description of the item.
- 补充信息：domainIncludes: http://schema.org/Thing | rangeIncludes: http://schema.org/Text, http://schema.org/TextObject",1,qwen-max-0125,0.0,8192,https://api2.aigcbest.top/v1,"判断结果：错误  
解释：根据背景知识，sha256和description是两种不同语义的属性，前者表示内容的SHA-256哈希值，后者描述项目的说明信息，二者无包含关系，因此sha256 ⊑p description不符合RDFS语义规则。",0,0,
hard_case_0341,subPropertyOf,surface ⊑p material,"背景知识：
条目1：
- 名称：surface
- 类型：Property
- 简介：A material used as a surface in some artwork, e.g. Canvas, Paper, Wood, Board, etc.
- 补充信息：domainIncludes: http://schema.org/VisualArtwork | rangeIncludes: http://schema.org/Text, http://schema.org/URL

条目2：
- 名称：material
- 类型：Property
- 简介：A material that something is made from, e.g. leather, wool, cotton, paper.
- 补充信息：domainIncludes: http://schema.org/CreativeWork, http://schema.org/Product | rangeIncludes: http://schema.org/Product, http://schema.org/Text, http://schema.org/URL",1,qwen-max-0125,0.0,8192,https://api2.aigcbest.top/v1,"判断结果：错误  
解释：根据背景知识，surface的domain是VisualArtwork，而material的domain包括CreativeWork和Product，两者领域不一致，因此surface不是material的子属性。",0,0,
hard_case_0342,subPropertyOf,unnamedSourcesPolicy ⊑p publishingPrinciples,"背景知识：
条目1：
- 名称：unnamedSourcesPolicy
- 类型：Property
- 简介：For an <a class=""localLink"" href=""/Organization"">Organization</a> (typically a <a class=""localLink"" href=""/NewsMediaOrganization"">NewsMediaOrganization</a>), a statement about policy on use of unnamed sources and the decision process requir...
- 补充信息：domainIncludes: http://schema.org/NewsMediaOrganization, http://schema.org/Organization | rangeIncludes: http://schema.org/CreativeWork, http://schema.org/URL

条目2：
- 名称：publishingPrinciples
- 类型：Property
- 简介：The publishingPrinciples property indicates (typically via <a class=""localLink"" href=""/URL"">URL</a>) a document describing the editorial principles of an <a class=""localLink"" href=""/Organization"">Organization</a> (or individual, e.g. a <a c...
- 补充信息：domainIncludes: http://schema.org/CreativeWork, http://schema.org/Organization, http://schema.org/Person | rangeIncludes: http://schema.org/CreativeWork, http://schema.org/URL",1,qwen-max-0125,0.0,8192,https://api2.aigcbest.top/v1,"判断结果：错误  
解释：根据背景知识，unnamedSourcesPolicy和publishingPrinciples是两个独立的属性，且它们的domainIncludes和rangeIncludes定义并无包含关系，因此unnamedSourcesPolicy不是publishingPrinciples的子属性。",0,0,
hard_case_0343,subPropertyOf,workLocation ⊑p location,"背景知识：
条目1：
- 名称：workLocation
- 类型：Property
- 简介：A contact location for a person's place of work.
- 补充信息：domainIncludes: http://schema.org/Person | rangeIncludes: http://schema.org/ContactPoint, http://schema.org/Place

条目2：
- 名称：location
- 类型：Property
- 简介：The location of, for example, where an event is happening, where an organization is located, or where an action takes place.
- 补充信息：domainIncludes: http://schema.org/Action, http://schema.org/Event, http://schema.org/InteractionCounter, http://schema.org/Organization | rangeIncludes: http://schema.org/Place, ht...",1,qwen-max-0125,0.0,8192,https://api2.aigcbest.top/v1,"判断结果：正确  
解释：根据背景知识，workLocation的domainIncludes为Person且rangeIncludes包含Place，而location的domainIncludes包含Action、Event等且rangeIncludes也包含Place，因此workLocation可以被视作location的一种特定情况，符合subPropertyOf语义规则。",1,1,
hard_case_0344,domain,domain(activeIngredient) = DrugStrength,"背景知识：
条目1：
- 名称：activeIngredient
- 类型：Property
- 简介：An active ingredient, typically chemical compounds and/or biologic substances.
- 补充信息：domainIncludes: http://schema.org/DietarySupplement, http://schema.org/Drug, http://schema.org/DrugStrength, http://schema.org/Substance | rangeIncludes: http://schema.org/Text

条目2：
- 名称：DrugStrength
- 类型：Property
- 简介：DrugStrength is a property in the knowledge base.",1,qwen-max-0125,0.0,8192,https://api2.aigcbest.top/v1,"判断结果：错误  
解释：根据背景知识，activeIngredient的domainIncludes包含DietarySupplement、Drug、DrugStrength和Substance等多个类，而公理中将domain限定为仅DrugStrength，与背景知识冲突。",0,0,
hard_case_0345,domain,domain(attendee) = Event,"背景知识：
条目1：
- 名称：attendee
- 类型：Property
- 简介：A person or organization attending the event.
- 补充信息：domainIncludes: http://schema.org/Event | rangeIncludes: http://schema.org/Organization, http://schema.org/Person

条目2：
- 名称：Event
- 类型：Property
- 简介：Event or the event may refer to:",1,qwen-max-0125,0.0,8192,https://api2.aigcbest.top/v1,"判断结果：正确  
解释：根据背景知识，attendee的domainIncludes为Event，符合RDFS中domain的语义规则，表明属性attendee的主体应属于Event类。",1,1,
hard_case_0346,domain,domain(contactPoint) = Organization,"背景知识：
条目1：
- 名称：contactPoint
- 类型：Property
- 简介：A contact point for a person or organization.
- 补充信息：domainIncludes: http://schema.org/HealthInsurancePlan, http://schema.org/Organization, http://schema.org/Person | rangeIncludes: http://schema.org/ContactPoint

条目2：
- 名称：Organization
- 类型：Property
- 简介：An organization or organisation is an entity—such as a company, or corporation or an institution, or an association—comprising one or more people and having a particular purpose.",1,qwen-max-0125,0.0,8192,https://api2.aigcbest.top/v1,"判断结果：错误  
解释：根据背景知识，contactPoint的domainIncludes包含HealthInsurancePlan、Organization和Person，而不仅仅是Organization，因此该公理与背景知识冲突。",0,0,
hard_case_0347,domain,domain(contactPoint) = Person,"背景知识：
条目1：
- 名称：contactPoint
- 类型：Property
- 简介：A contact point for a person or organization.
- 补充信息：domainIncludes: http://schema.org/HealthInsurancePlan, http://schema.org/Organization, http://schema.org/Person | rangeIncludes: http://schema.org/ContactPoint

条目2：
- 名称：Person
- 类型：Property
- 简介：A person is a being who has certain capacities or attributes such as reason, morality, consciousness or self-consciousness, and being a part of a culturally established form of social relations such as kinship, ownership of property, or leg...",1,qwen-max-0125,0.0,8192,https://api2.aigcbest.top/v1,"判断结果：错误  
解释：根据背景知识，contactPoint的domainIncludes包含HealthInsurancePlan、Organization和Person，而公理中仅限定为Person，与背景知识不符。",0,0,
hard_case_0348,domain,domain(countryOfOrigin) = Movie,"背景知识：
条目1：
- 名称：countryOfOrigin
- 类型：Property
- 简介：The country of origin of something, including products as well as creative works such as movie and TV content.<br/><br/> In the case of TV and movie, this would be the country of the principle offices of the production company or individual...
- 补充信息：domainIncludes: http://schema.org/CreativeWork, http://schema.org/Movie, http://schema.org/Product, http://schema.org/TVEpisode, http://schema.org/TVSeason, http://schema.org/TVSer...

条目2：
- 名称：Movie
- 类型：Property
- 简介：A film, movie, or motion picture is a work of visual art that simulates experiences and otherwise communicates ideas, stories, perceptions, emotions, or atmosphere through the use of moving images that are generally, since the 1930s, synchr...",1,qwen-max-0125,0.0,8192,https://api2.aigcbest.top/v1,"判断结果：错误  
解释：根据背景知识，countryOfOrigin 的 domainIncludes 包含多个类（如 CreativeWork、Movie、Product 等），而公理中将其 domain 限定为 Movie，与背景知识冲突。",0,0,
hard_case_0349,domain,domain(coverageEndTime) = LiveBlogPosting,"背景知识：
条目1：
- 名称：coverageEndTime
- 类型：Property
- 简介：The time when the live blog will stop covering the Event. Note that coverage may continue after the Event concludes.
- 补充信息：domainIncludes: http://schema.org/LiveBlogPosting | rangeIncludes: http://schema.org/DateTime

条目2：
- 名称：LiveBlogPosting
- 类型：Property
- 简介：LiveBlogPosting is a property in the knowledge base.",1,qwen-max-0125,0.0,8192,https://api2.aigcbest.top/v1,"判断结果：正确  
解释：根据背景知识，coverageEndTime的domainIncludes为LiveBlogPosting，符合RDFS中domain语义规则，表明该属性的主体应属于LiveBlogPosting类。",1,1,
hard_case_0350,domain,domain(cvdFacilityCounty) = CDCPMDRecord,"背景知识：
条目1：
- 名称：cvdFacilityCounty
- 类型：Property
- 简介：Name of the County of the NHSN facility that this data record applies to. Use <a class=""localLink"" href=""/cvdFacilityId"">cvdFacilityId</a> to identify the facility. To provide other details, <a class=""localLink"" href=""/healthcareReportingDa...
- 补充信息：domainIncludes: http://schema.org/CDCPMDRecord | rangeIncludes: http://schema.org/Text

条目2：
- 名称：CDCPMDRecord
- 类型：Property
- 简介：CDCPMDRecord is a property in the knowledge base.",1,qwen-max-0125,0.0,8192,https://api2.aigcbest.top/v1,"判断结果：正确  
解释：根据背景知识，cvdFacilityCounty的domainIncludes为CDCPMDRecord，符合RDFS语义规则中domain的定义，因此该公理合理。",1,1,
hard_case_0351,domain,domain(cvdNumBeds) = CDCPMDRecord,"背景知识：
条目1：
- 名称：cvdNumBeds
- 类型：Property
- 简介：numbeds - HOSPITAL INPATIENT BEDS: Inpatient beds, including all staffed, licensed, and overflow (surge) beds used for inpatients.
- 补充信息：domainIncludes: http://schema.org/CDCPMDRecord | rangeIncludes: http://schema.org/Number

条目2：
- 名称：CDCPMDRecord
- 类型：Property
- 简介：CDCPMDRecord is a property in the knowledge base.",1,qwen-max-0125,0.0,8192,https://api2.aigcbest.top/v1,"判断结果：正确  
解释：根据背景知识，cvdNumBeds的domainIncludes为CDCPMDRecord，符合RDFS语义规则中domain的定义，因此该公理合理。",1,1,
hard_case_0352,domain,domain(eligibleRegion) = DeliveryChargeSpecification,"背景知识：
条目1：
- 名称：eligibleRegion
- 类型：Property
- 简介：The ISO 3166-1 (ISO 3166-1 alpha-2) or ISO 3166-2 code, the place, or the GeoShape for the geo-political region(s) for which the offer or delivery charge specification is valid.<br/><br/> See also <a class=""localLink"" href=""/ineligibleRegio...
- 补充信息：domainIncludes: http://schema.org/ActionAccessSpecification, http://schema.org/DeliveryChargeSpecification, http://schema.org/Demand, http://schema.org/Offer | rangeIncludes: http:...

条目2：
- 名称：DeliveryChargeSpecification
- 类型：Property
- 简介：DeliveryChargeSpecification is a property in the knowledge base.",1,qwen-max-0125,0.0,8192,https://api2.aigcbest.top/v1,"判断结果：错误  
解释：根据背景知识，eligibleRegion的domainIncludes包含多个类（如ActionAccessSpecification、DeliveryChargeSpecification等），而公理中将其domain限定为单一类DeliveryChargeSpecification，与背景知识不符。",0,0,
hard_case_0353,domain,domain(endTime) = Action,"背景知识：
条目1：
- 名称：endTime
- 类型：Property
- 简介：The endTime of something. For a reserved event or service (e.g. FoodEstablishmentReservation), the time that it is expected to end. For actions that span a period of time, when the action was performed. E.g. John wrote a book from January t...
- 补充信息：domainIncludes: http://schema.org/Action, http://schema.org/FoodEstablishmentReservation, http://schema.org/InteractionCounter, http://schema.org/MediaObject, http://schema.org/Sch...

条目2：
- 名称：Action
- 类型：Property
- 简介：Action may refer to:Action (philosophy), something which is done by a person Action principles the heart of fundamental physics Action (narrative), a literary mode Action fiction, a type of genre fiction Action game, a genre of video game",1,qwen-max-0125,0.0,8192,https://api2.aigcbest.top/v1,"判断结果：错误  
解释：根据背景知识，endTime 的 domainIncludes 包含多个类（如 Action、FoodEstablishmentReservation 等），而公理中将 domain 限定为仅 Action，与背景知识冲突。",0,0,
hard_case_0354,domain,domain(estimatedSalary) = JobPosting,"背景知识：
条目1：
- 名称：estimatedSalary
- 类型：Property
- 简介：An estimated salary for a job posting or occupation, based on a variety of variables including, but not limited to industry, job title, and location. Estimated salaries are often computed by outside organizations rather than the hiring orga...
- 补充信息：domainIncludes: http://schema.org/JobPosting, http://schema.org/Occupation | rangeIncludes: http://schema.org/MonetaryAmount, http://schema.org/MonetaryAmountDistribution, http://s...

条目2：
- 名称：JobPosting
- 类型：Property
- 简介：JobPosting is a property in the knowledge base.",1,qwen-max-0125,0.0,8192,https://api2.aigcbest.top/v1,"判断结果：错误  
解释：根据背景知识，estimatedSalary的domainIncludes包含JobPosting和Occupation，而公理中仅限定为JobPosting，与背景知识不符。",0,0,
hard_case_0355,domain,domain(funding) = BioChemEntity,"背景知识：
条目1：
- 名称：funding
- 类型：Property
- 简介：A <a class=""localLink"" href=""/Grant"">Grant</a> that directly or indirectly provide funding or sponsorship for this item. See also <a class=""localLink"" href=""/ownershipFundingInfo"">ownershipFundingInfo</a>.
- 补充信息：domainIncludes: http://schema.org/BioChemEntity, http://schema.org/CreativeWork, http://schema.org/Event, http://schema.org/MedicalEntity, http://schema.org/Organization, http://sc...

条目2：
- 名称：BioChemEntity
- 类型：Property
- 简介：BioChemEntity is a property in the knowledge base.",1,qwen-max-0125,0.0,8192,https://api2.aigcbest.top/v1,"判断结果：错误  
解释：根据背景知识，funding的domainIncludes包含多个类（如BioChemEntity、CreativeWork等），而公理中将domain限定为仅BioChemEntity，与背景知识冲突。",0,0,
hard_case_0356,domain,domain(gtin14) = Offer,"背景知识：
条目1：
- 名称：gtin14
- 类型：Property
- 简介：The GTIN-14 code of the product, or the product to which the offer refers. See <a href=""http://www.gs1.org/barcodes/technical/idkeys/gtin"">GS1 GTIN Summary</a> for more details.
- 补充信息：domainIncludes: http://schema.org/Demand, http://schema.org/Offer, http://schema.org/Product | rangeIncludes: http://schema.org/Text

条目2：
- 名称：Offer
- 类型：Property
- 简介：(The) Offer or offers may refer to:",1,qwen-max-0125,0.0,8192,https://api2.aigcbest.top/v1,"判断结果：错误  
解释：根据背景知识，gtin14的domainIncludes包含Demand、Offer和Product，而不仅仅是Offer，因此该公理与背景知识冲突。",0,0,
hard_case_0357,domain,domain(handlingTime) = ShippingService,"背景知识：
条目1：
- 名称：handlingTime
- 类型：Property
- 简介：The typical delay between the receipt of the order and the goods either leaving the warehouse or being prepared for pickup, in case the delivery method is on site pickup.<br/><br/> In the context of <a class=""localLink"" href=""/ShippingDeliv...
- 补充信息：domainIncludes: http://schema.org/ShippingDeliveryTime, http://schema.org/ShippingService | rangeIncludes: http://schema.org/QuantitativeValue, http://schema.org/ServicePeriod

条目2：
- 名称：ShippingService
- 类型：Property
- 简介：ShippingService is a property in the knowledge base.",1,qwen-max-0125,0.0,8192,https://api2.aigcbest.top/v1,"判断结果：错误  
解释：根据背景知识，handlingTime的domainIncludes包含ShippingDeliveryTime和ShippingService，而RDFS语义规则要求domain定义必须是精确的类，不能仅选择其中一个作为唯一定义。",0,0,
hard_case_0358,domain,domain(hasCertification) = Place,"背景知识：
条目1：
- 名称：hasCertification
- 类型：Property
- 简介：Certification information about a product, organization, service, place, or person.
- 补充信息：domainIncludes: http://schema.org/Organization, http://schema.org/Person, http://schema.org/Place, http://schema.org/Product, http://schema.org/Service | rangeIncludes: http://sche...

条目2：
- 名称：Place
- 类型：Property
- 简介：Place may refer to:",1,qwen-max-0125,0.0,8192,https://api2.aigcbest.top/v1,"判断结果：错误  
解释：根据背景知识，hasCertification的domainIncludes包含Organization、Person、Place、Product和Service，而不仅仅是Place，因此该公理与背景知识冲突。",0,0,
hard_case_0359,domain,domain(hasDefinedTerm) = DefinedTermSet,"背景知识：
条目1：
- 名称：hasDefinedTerm
- 类型：Property
- 简介：A Defined Term contained in this term set.
- 补充信息：domainIncludes: http://schema.org/DefinedTermSet, http://schema.org/Taxon | rangeIncludes: http://schema.org/DefinedTerm

条目2：
- 名称：DefinedTermSet
- 类型：Property
- 简介：DefinedTermSet is a property in the knowledge base.",1,qwen-max-0125,0.0,8192,https://api2.aigcbest.top/v1,"判断结果：正确  
解释：根据背景知识，hasDefinedTerm的domainIncludes包含DefinedTermSet，符合RDFS中domain语义规则，因此该公理合理。",1,1,
hard_case_0360,domain,domain(hasMeasurement) = Product,"背景知识：
条目1：
- 名称：hasMeasurement
- 类型：Property
- 简介：A measurement of an item, For example, the inseam of pants, the wheel size of a bicycle, the gauge of a screw, or the carbon footprint measured for certification by an authority. Usually an exact measurement, but can also be a range of meas...
- 补充信息：domainIncludes: http://schema.org/Certification, http://schema.org/Offer, http://schema.org/Product, http://schema.org/SizeSpecification | rangeIncludes: http://schema.org/Quantita...

条目2：
- 名称：Product
- 类型：Property
- 简介：Product may refer to:",1,qwen-max-0125,0.0,8192,https://api2.aigcbest.top/v1,"判断结果：错误  
解释：根据背景知识，hasMeasurement的domainIncludes包含多个类（如Certification、Offer、Product等），而公理中仅将其限定为Product，与背景知识不符。",0,0,
hard_case_0361,domain,domain(height) = ShippingConditions,"背景知识：
条目1：
- 名称：height
- 类型：Property
- 简介：The height of the item.
- 补充信息：domainIncludes: http://schema.org/MediaObject, http://schema.org/OfferShippingDetails, http://schema.org/Person, http://schema.org/Product, http://schema.org/ShippingConditions, ht...

条目2：
- 名称：ShippingConditions
- 类型：Property
- 简介：ShippingConditions is a property in the knowledge base.",1,qwen-max-0125,0.0,8192,https://api2.aigcbest.top/v1,"判断结果：错误  
解释：根据背景知识，height的domainIncludes包含多个类（如MediaObject、Person等），而ShippingConditions只是其中一个可能的类，因此不能将domain(height)限定为仅ShippingConditions。",0,0,
hard_case_0362,domain,domain(inLanguage) = WriteAction,"背景知识：
条目1：
- 名称：inLanguage
- 类型：Property
- 简介：The language of the content or performance or used in an action. Please use one of the language codes from the <a href=""http://tools.ietf.org/html/bcp47"">IETF BCP 47 standard</a>. See also <a class=""localLink"" href=""/availableLanguage"">avai...
- 补充信息：domainIncludes: http://schema.org/BroadcastService, http://schema.org/CommunicateAction, http://schema.org/CreativeWork, http://schema.org/Event, http://schema.org/LinkRole, http:/...

条目2：
- 名称：WriteAction
- 类型：Property
- 简介：WriteAction is a property in the knowledge base.",1,qwen-max-0125,0.0,8192,https://api2.aigcbest.top/v1,"判断结果：错误  
解释：根据背景知识，inLanguage的domainIncludes包含多个类（如BroadcastService、CreativeWork等），而WriteAction并未在其中，因此该公理与背景知识冲突。",0,0,
hard_case_0363,domain,domain(industry) = JobPosting,"背景知识：
条目1：
- 名称：industry
- 类型：Property
- 简介：The industry associated with the job position.
- 补充信息：domainIncludes: http://schema.org/JobPosting | rangeIncludes: http://schema.org/DefinedTerm, http://schema.org/Text

条目2：
- 名称：JobPosting
- 类型：Property
- 简介：JobPosting is a property in the knowledge base.",1,qwen-max-0125,0.0,8192,https://api2.aigcbest.top/v1,"判断结果：正确  
解释：根据背景知识，industry的domainIncludes为JobPosting，符合RDFS中domain的语义规则，因此该公理合理。",1,1,
hard_case_0364,domain,domain(ineligibleRegion) = Offer,"背景知识：
条目1：
- 名称：ineligibleRegion
- 类型：Property
- 简介：The ISO 3166-1 (ISO 3166-1 alpha-2) or ISO 3166-2 code, the place, or the GeoShape for the geo-political region(s) for which the offer or delivery charge specification is not valid, e.g. a region where the transaction is not allowed.<br/><b...
- 补充信息：domainIncludes: http://schema.org/ActionAccessSpecification, http://schema.org/DeliveryChargeSpecification, http://schema.org/Demand, http://schema.org/MediaObject, http://schema.o...

条目2：
- 名称：Offer
- 类型：Property
- 简介：(The) Offer or offers may refer to:",1,qwen-max-0125,0.0,8192,https://api2.aigcbest.top/v1,"判断结果：错误  
解释：根据背景知识，ineligibleRegion的domainIncludes未包含Offer，因此该公理与背景知识冲突。",0,0,
hard_case_0365,domain,domain(latitude) = GeoCoordinates,"背景知识：
条目1：
- 名称：latitude
- 类型：Property
- 简介：The latitude of a location. For example <code>37.42242</code> (<a href=""https://en.wikipedia.org/wiki/World_Geodetic_System"">WGS 84</a>).
- 补充信息：domainIncludes: http://schema.org/GeoCoordinates, http://schema.org/Place | rangeIncludes: http://schema.org/Number, http://schema.org/Text

条目2：
- 名称：GeoCoordinates
- 类型：Property
- 简介：GeoCoordinates is a property in the knowledge base.",1,qwen-max-0125,0.0,8192,https://api2.aigcbest.top/v1,"判断结果：错误  
解释：根据背景知识，latitude 的 domainIncludes 包含 GeoCoordinates 和 Place，而公理中限定其 domain 仅为 GeoCoordinates，与背景知识不符。",0,0,
hard_case_0366,domain,domain(legislationType) = Legislation,"背景知识：
条目1：
- 名称：legislationType
- 类型：Property
- 简介：The type of the legislation. Examples of values are ""law"", ""act"", ""directive"", ""decree"", ""regulation"", ""statutory instrument"", ""loi organique"", ""règlement grand-ducal"", etc., depending on the country.
- 补充信息：domainIncludes: http://schema.org/Legislation | rangeIncludes: http://schema.org/CategoryCode, http://schema.org/Text

条目2：
- 名称：Legislation
- 类型：Property
- 简介：Legislation is the process or result of enrolling, enacting, or promulgating laws by a legislature, parliament, or analogous governing body. Before an item of legislation becomes law it may be known as a bill, and may be broadly referred to...",1,qwen-max-0125,0.0,8192,https://api2.aigcbest.top/v1,"判断结果：错误  
解释：根据背景知识，legislationType的domainIncludes为http://schema.org/Legislation，而非直接等于Legislation，因此该公理与背景知识不符。",0,0,
hard_case_0367,domain,domain(letterer) = VisualArtwork,"背景知识：
条目1：
- 名称：letterer
- 类型：Property
- 简介：The individual who adds lettering, including speech balloons and sound effects, to artwork.
- 补充信息：domainIncludes: http://schema.org/ComicIssue, http://schema.org/ComicStory, http://schema.org/VisualArtwork | rangeIncludes: http://schema.org/Person

条目2：
- 名称：VisualArtwork
- 类型：Property
- 简介：VisualArtwork is a property in the knowledge base.",1,qwen-max-0125,0.0,8192,https://api2.aigcbest.top/v1,"判断结果：错误  
解释：根据背景知识，letterer的domainIncludes包含ComicIssue、ComicStory和VisualArtwork，而公理中将domain限定为仅VisualArtwork，与背景知识冲突。",0,0,
hard_case_0368,domain,domain(measurementMethod) = StatisticalVariable,"背景知识：
条目1：
- 名称：measurementMethod
- 类型：Property
- 简介：A subproperty of <a class=""localLink"" href=""/measurementTechnique"">measurementTechnique</a> that can be used for specifying specific methods, in particular via <a class=""localLink"" href=""/MeasurementMethodEnum"">MeasurementMethodEnum</a>.
- 补充信息：domainIncludes: http://schema.org/DataCatalog, http://schema.org/DataDownload, http://schema.org/Dataset, http://schema.org/Observation, http://schema.org/PropertyValue, http://sch...

条目2：
- 名称：StatisticalVariable
- 类型：Property
- 简介：StatisticalVariable is a property in the knowledge base.",1,qwen-max-0125,0.0,8192,https://api2.aigcbest.top/v1,"判断结果：错误  
解释：根据背景知识，measurementMethod的domainIncludes多个类（如DataCatalog、Dataset等），而StatisticalVariable并未被提及为其中之一，因此该公理与背景知识冲突。",0,0,
hard_case_0369,domain,domain(medicalSpecialty) = MedicalOrganization,"背景知识：
条目1：
- 名称：medicalSpecialty
- 类型：Property
- 简介：A medical specialty of the provider.
- 补充信息：domainIncludes: http://schema.org/Hospital, http://schema.org/MedicalClinic, http://schema.org/MedicalOrganization, http://schema.org/Physician | rangeIncludes: http://schema.org/M...

条目2：
- 名称：MedicalOrganization
- 类型：Property
- 简介：MedicalOrganization is a property in the knowledge base.",1,qwen-max-0125,0.0,8192,https://api2.aigcbest.top/v1,"判断结果：错误  
解释：根据背景知识，medicalSpecialty的domainIncludes包含Hospital、MedicalClinic、MedicalOrganization和Physician等多个类，而公理中将其domain限定为MedicalOrganization，与背景知识不符。",0,0,
hard_case_0370,domain,domain(memberOf) = Organization,"背景知识：
条目1：
- 名称：memberOf
- 类型：Property
- 简介：An Organization (or ProgramMembership) to which this Person or Organization belongs.
- 补充信息：domainIncludes: http://schema.org/Organization, http://schema.org/Person | rangeIncludes: http://schema.org/MemberProgramTier, http://schema.org/Organization, http://schema.org/Pro...

条目2：
- 名称：Organization
- 类型：Property
- 简介：An organization or organisation is an entity—such as a company, or corporation or an institution, or an association—comprising one or more people and having a particular purpose.",1,qwen-max-0125,0.0,8192,https://api2.aigcbest.top/v1,"判断结果：错误  
解释：根据背景知识，memberOf的domainIncludes包含Organization和Person，而公理仅限定为Organization，与背景知识不符。",0,0,
hard_case_0371,domain,domain(merchantReturnDays) = MerchantReturnPolicySeasonalOverride,"背景知识：
条目1：
- 名称：merchantReturnDays
- 类型：Property
- 简介：Specifies either a fixed return date or the number of days (from the delivery date) that a product can be returned. Used when the <a class=""localLink"" href=""/returnPolicyCategory"">returnPolicyCategory</a> property is specified as <a class=""...
- 补充信息：domainIncludes: http://schema.org/MerchantReturnPolicy, http://schema.org/MerchantReturnPolicySeasonalOverride | rangeIncludes: http://schema.org/Date, http://schema.org/DateTime,....

条目2：
- 名称：MerchantReturnPolicySeasonalOverride
- 类型：Property
- 简介：MerchantReturnPolicySeasonalOverride is a property in the knowledge base.",1,qwen-max-0125,0.0,8192,https://api2.aigcbest.top/v1,"判断结果：错误  
解释：根据背景知识，merchantReturnDays的domainIncludes包含http://schema.org/MerchantReturnPolicy和http://schema.org/MerchantReturnPolicySeasonalOverride，而公理中仅限定为MerchantReturnPolicySeasonalOverride，与背景知识不符。",0,0,
hard_case_0372,domain,domain(numAdults) = LodgingReservation,"背景知识：
条目1：
- 名称：numAdults
- 类型：Property
- 简介：The number of adults staying in the unit.
- 补充信息：domainIncludes: http://schema.org/LodgingReservation | rangeIncludes: http://schema.org/Integer, http://schema.org/QuantitativeValue

条目2：
- 名称：LodgingReservation
- 类型：Property
- 简介：LodgingReservation is a property in the knowledge base.",1,qwen-max-0125,0.0,8192,https://api2.aigcbest.top/v1,"判断结果：正确  
解释：根据背景知识，numAdults的domainIncludes为LodgingReservation，符合RDFS语义规则中domain的定义，因此该公理合理。",1,1,
hard_case_0373,domain,domain(numConstraints) = ConstraintNode,"背景知识：
条目1：
- 名称：numConstraints
- 类型：Property
- 简介：Indicates the number of constraints property values defined for a particular <a class=""localLink"" href=""/ConstraintNode"">ConstraintNode</a> such as <a class=""localLink"" href=""/StatisticalVariable"">StatisticalVariable</a>. This helps applica...
- 补充信息：domainIncludes: http://schema.org/ConstraintNode | rangeIncludes: http://schema.org/Integer

条目2：
- 名称：ConstraintNode
- 类型：Property
- 简介：ConstraintNode is a property in the knowledge base.",1,qwen-max-0125,0.0,8192,https://api2.aigcbest.top/v1,"判断结果：正确  
解释：根据背景知识，numConstraints的domainIncludes为ConstraintNode，符合RDFS中domain语义规则，表明numConstraints的主体应属于ConstraintNode类。",1,1,
hard_case_0374,domain,domain(occupancy) = HotelRoom,"背景知识：
条目1：
- 名称：occupancy
- 类型：Property
- 简介：The allowed total occupancy for the accommodation in persons (including infants etc). For individual accommodations, this is not necessarily the legal maximum but defines the permitted usage as per the contractual agreement (e.g. a double r...
- 补充信息：domainIncludes: http://schema.org/Accommodation, http://schema.org/Apartment, http://schema.org/HotelRoom, http://schema.org/SingleFamilyResidence, http://schema.org/Suite | rangeI...

条目2：
- 名称：HotelRoom
- 类型：Property
- 简介：Hotel Room is an American drama anthology series that aired for three episodes on HBO on January 8, 1993, with a rerun the next night. Created by Monty Montgomery and David Lynch, each episode stars a different cast and takes place in the s...",1,qwen-max-0125,0.0,8192,https://api2.aigcbest.top/v1,"判断结果：错误  
解释：根据背景知识，occupancy的domainIncludes包含多个类（如Accommodation、Apartment等），而不仅限于HotelRoom，因此该公理与背景知识冲突。",0,0,
hard_case_0375,domain,domain(penciler) = ComicStory,"背景知识：
条目1：
- 名称：penciler
- 类型：Property
- 简介：The individual who draws the primary narrative artwork.
- 补充信息：domainIncludes: http://schema.org/ComicIssue, http://schema.org/ComicStory, http://schema.org/VisualArtwork | rangeIncludes: http://schema.org/Person

条目2：
- 名称：ComicStory
- 类型：Property
- 简介：ComicStory is a property in the knowledge base.",1,qwen-max-0125,0.0,8192,https://api2.aigcbest.top/v1,"判断结果：错误  
解释：根据背景知识，penciler的domainIncludes包含ComicIssue、ComicStory和VisualArtwork，而不仅仅是ComicStory，因此该公理与背景知识冲突。",0,0,
hard_case_0376,domain,domain(performer) = Event,"背景知识：
条目1：
- 名称：performer
- 类型：Property
- 简介：A performer at the event&#x2014;for example, a presenter, musician, musical group or actor.
- 补充信息：domainIncludes: http://schema.org/Event | rangeIncludes: http://schema.org/Organization, http://schema.org/Person

条目2：
- 名称：Event
- 类型：Property
- 简介：Event or the event may refer to:",1,qwen-max-0125,0.0,8192,https://api2.aigcbest.top/v1,"判断结果：正确  
解释：根据背景知识，performer 的 domainIncludes 为 Event，符合 RDFS 中 domain 的语义规则，即属性的主体应属于指定类。",1,1,
hard_case_0377,domain,domain(petsAllowed) = LodgingBusiness,"背景知识：
条目1：
- 名称：petsAllowed
- 类型：Property
- 简介：Indicates whether pets are allowed to enter the accommodation or lodging business. More detailed information can be put in a text value.
- 补充信息：domainIncludes: http://schema.org/Accommodation, http://schema.org/ApartmentComplex, http://schema.org/FloorPlan, http://schema.org/LodgingBusiness | rangeIncludes: http://schema.o...

条目2：
- 名称：LodgingBusiness
- 类型：Property
- 简介：LodgingBusiness is a property in the knowledge base.",1,qwen-max-0125,0.0,8192,https://api2.aigcbest.top/v1,"判断结果：错误  
解释：根据背景知识，petsAllowed的domainIncludes包含多个类（如Accommodation、ApartmentComplex等），而不仅仅是LodgingBusiness，因此该公理与背景知识冲突。",0,0,
hard_case_0378,domain,domain(price) = Offer,"背景知识：
条目1：
- 名称：price
- 类型：Property
- 简介：The offer price of a product, or of a price component when attached to PriceSpecification and its subtypes.<br/><br/> Usage guidelines:<br/><br/> <ul> <li>Use the <a class=""localLink"" href=""/priceCurrency"">priceCurrency</a> property (with s...
- 补充信息：domainIncludes: http://schema.org/DonateAction, http://schema.org/Offer, http://schema.org/PriceSpecification, http://schema.org/TradeAction | rangeIncludes: http://schema.org/Numb...

条目2：
- 名称：Offer
- 类型：Property
- 简介：(The) Offer or offers may refer to:",1,qwen-max-0125,0.0,8192,https://api2.aigcbest.top/v1,"判断结果：错误  
解释：根据背景知识，price的domainIncludes包含多个类（如DonateAction、Offer、PriceSpecification等），而公理中将domain限制为仅Offer，与背景知识不符。",0,0,
hard_case_0379,domain,domain(price) = PriceSpecification,"背景知识：
条目1：
- 名称：price
- 类型：Property
- 简介：The offer price of a product, or of a price component when attached to PriceSpecification and its subtypes.<br/><br/> Usage guidelines:<br/><br/> <ul> <li>Use the <a class=""localLink"" href=""/priceCurrency"">priceCurrency</a> property (with s...
- 补充信息：domainIncludes: http://schema.org/DonateAction, http://schema.org/Offer, http://schema.org/PriceSpecification, http://schema.org/TradeAction | rangeIncludes: http://schema.org/Numb...

条目2：
- 名称：PriceSpecification
- 类型：Property
- 简介：PriceSpecification is a property in the knowledge base.",1,qwen-max-0125,0.0,8192,https://api2.aigcbest.top/v1,"判断结果：错误  
解释：根据背景知识，price的domainIncludes包含多个类（如DonateAction、Offer等），而PriceSpecification仅是其中之一，因此不能断言domain(price)完全等于PriceSpecification。",0,0,
hard_case_0380,domain,domain(reservationFor) = Reservation,"背景知识：
条目1：
- 名称：reservationFor
- 类型：Property
- 简介：The thing -- flight, event, restaurant, etc. being reserved.
- 补充信息：domainIncludes: http://schema.org/Reservation | rangeIncludes: http://schema.org/Thing

条目2：
- 名称：Reservation
- 类型：Property
- 简介：Reservation may refer to:",1,qwen-max-0125,0.0,8192,https://api2.aigcbest.top/v1,"判断结果：错误  
解释：根据背景知识，reservationFor的domainIncludes为http://schema.org/Reservation，而Reservation被定义为Property而非Class，因此domain(reservationFor) = Reservation与RDFS语义规则冲突。",0,0,
hard_case_0381,domain,domain(restockingFee) = MerchantReturnPolicySeasonalOverride,"背景知识：
条目1：
- 名称：restockingFee
- 类型：Property
- 简介：Use <a class=""localLink"" href=""/MonetaryAmount"">MonetaryAmount</a> to specify a fixed restocking fee for product returns, or use <a class=""localLink"" href=""/Number"">Number</a> to specify a percentage of the product price paid by the custome...
- 补充信息：domainIncludes: http://schema.org/MerchantReturnPolicy, http://schema.org/MerchantReturnPolicySeasonalOverride | rangeIncludes: http://schema.org/MonetaryAmount, http://schema.org/...

条目2：
- 名称：MerchantReturnPolicySeasonalOverride
- 类型：Property
- 简介：MerchantReturnPolicySeasonalOverride is a property in the knowledge base.",1,qwen-max-0125,0.0,8192,https://api2.aigcbest.top/v1,"判断结果：错误  
解释：根据背景知识，restockingFee的domainIncludes包含MerchantReturnPolicy和MerchantReturnPolicySeasonalOverride，而公理中仅限定为MerchantReturnPolicySeasonalOverride，与背景知识不符。",0,0,
hard_case_0382,domain,domain(review) = Service,"背景知识：
条目1：
- 名称：review
- 类型：Property
- 简介：A review of the item.
- 补充信息：domainIncludes: http://schema.org/Brand, http://schema.org/CreativeWork, http://schema.org/Event, http://schema.org/Offer, http://schema.org/Organization, http://schema.org/Place,....

条目2：
- 名称：Service
- 类型：Property
- 简介：Service may refer to:",1,qwen-max-0125,0.0,8192,https://api2.aigcbest.top/v1,"判断结果：错误  
解释：根据背景知识，review的domainIncludes包含多个类（如Brand、CreativeWork等），而Service并未明确列出，因此将domain限制为Service与背景知识冲突。",0,0,
hard_case_0383,domain,domain(runtimePlatform) = SoftwareSourceCode,"背景知识：
条目1：
- 名称：runtimePlatform
- 类型：Property
- 简介：Runtime platform or script interpreter dependencies (example: Java v1, Python 2.3, .NET Framework 3.0).
- 补充信息：domainIncludes: http://schema.org/SoftwareApplication, http://schema.org/SoftwareSourceCode | rangeIncludes: http://schema.org/RuntimePlatform, http://schema.org/Text

条目2：
- 名称：SoftwareSourceCode
- 类型：Property
- 简介：SoftwareSourceCode is a property in the knowledge base.",1,qwen-max-0125,0.0,8192,https://api2.aigcbest.top/v1,"判断结果：错误  
解释：根据背景知识，runtimePlatform的domainIncludes包含SoftwareApplication和SoftwareSourceCode，而公理中将其domain限定为仅SoftwareSourceCode，与背景知识冲突。",0,0,
hard_case_0384,domain,domain(serviceArea) = Service,"背景知识：
条目1：
- 名称：serviceArea
- 类型：Property
- 简介：The geographic area where the service is provided.
- 补充信息：domainIncludes: http://schema.org/ContactPoint, http://schema.org/Organization, http://schema.org/Service | rangeIncludes: http://schema.org/AdministrativeArea, http://schema.org/G...

条目2：
- 名称：Service
- 类型：Property
- 简介：Service may refer to:",1,qwen-max-0125,0.0,8192,https://api2.aigcbest.top/v1,"判断结果：错误  
解释：根据背景知识，serviceArea的domainIncludes包含ContactPoint、Organization和Service，而公理中仅将domain限定为Service，与背景知识不符。",0,0,
hard_case_0385,domain,domain(shippingDestination) = DeliveryTimeSettings,"背景知识：
条目1：
- 名称：shippingDestination
- 类型：Property
- 简介：indicates (possibly multiple) shipping destinations. These can be defined in several ways, e.g. postalCode ranges.
- 补充信息：domainIncludes: http://schema.org/DeliveryTimeSettings, http://schema.org/OfferShippingDetails, http://schema.org/ShippingConditions, http://schema.org/ShippingRateSettings | range...

条目2：
- 名称：DeliveryTimeSettings
- 类型：Property
- 简介：DeliveryTimeSettings is a property in the knowledge base.",1,qwen-max-0125,0.0,8192,https://api2.aigcbest.top/v1,"判断结果：错误  
解释：根据背景知识，shippingDestination的domainIncludes包含多个类（如DeliveryTimeSettings、OfferShippingDetails等），而公理中将其domain限定为仅DeliveryTimeSettings，与背景知识冲突。",0,0,
hard_case_0386,domain,domain(slogan) = Brand,"背景知识：
条目1：
- 名称：slogan
- 类型：Property
- 简介：A slogan or motto associated with the item.
- 补充信息：domainIncludes: http://schema.org/Brand, http://schema.org/Organization, http://schema.org/Place, http://schema.org/Product, http://schema.org/Service | rangeIncludes: http://schem...

条目2：
- 名称：Brand
- 类型：Property
- 简介：A brand is a name, term, design, symbol or any other feature that distinguishes one seller's goods or service from those of other sellers. Brands are studied in business, marketing, and advertising and used for recognition and, importantly,...",1,qwen-max-0125,0.0,8192,https://api2.aigcbest.top/v1,"判断结果：错误  
解释：根据背景知识，slogan的domainIncludes包含多个类（如Brand、Organization等），而公理中将domain限制为仅Brand，与背景知识冲突。",0,0,
hard_case_0387,domain,domain(status) = MedicalStudy,"背景知识：
条目1：
- 名称：status
- 类型：Property
- 简介：The status of the study (enumerated).
- 补充信息：domainIncludes: http://schema.org/MedicalCondition, http://schema.org/MedicalProcedure, http://schema.org/MedicalStudy | rangeIncludes: http://schema.org/EventStatusType, http://sc...

条目2：
- 名称：MedicalStudy
- 类型：Property
- 简介：MedicalStudy is a property in the knowledge base.",1,qwen-max-0125,0.0,8192,https://api2.aigcbest.top/v1,"判断结果：错误  
解释：根据背景知识，status 的 domainIncludes 包含多个类（如 MedicalCondition、MedicalProcedure 和 MedicalStudy），而公理中将 domain 限定为仅 MedicalStudy，与背景知识冲突。",0,0,
hard_case_0388,domain,domain(step) = HowTo,"背景知识：
条目1：
- 名称：step
- 类型：Property
- 简介：A single step item (as HowToStep, text, document, video, etc.) or a HowToSection.
- 补充信息：domainIncludes: http://schema.org/HowTo | rangeIncludes: http://schema.org/CreativeWork, http://schema.org/HowToSection, http://schema.org/HowToStep, http://schema.org/Text

条目2：
- 名称：HowTo
- 类型：Property
- 简介：How to or how-to may refer to:A user guide A tutorial Especially, instructional material created for the do it yourself market",1,qwen-max-0125,0.0,8192,https://api2.aigcbest.top/v1,"判断结果：正确  
解释：根据背景知识，step的domainIncludes为HowTo，符合RDFS语义规则中domain的定义，因此该公理合理。",1,1,
hard_case_0389,domain,domain(suitableForDiet) = MenuItem,"背景知识：
条目1：
- 名称：suitableForDiet
- 类型：Property
- 简介：Indicates a dietary restriction or guideline for which this recipe or menu item is suitable, e.g. diabetic, halal etc.
- 补充信息：domainIncludes: http://schema.org/MenuItem, http://schema.org/Recipe | rangeIncludes: http://schema.org/Diet, http://schema.org/RestrictedDiet

条目2：
- 名称：MenuItem
- 类型：Property
- 简介：MenuItem is a property in the knowledge base.",1,qwen-max-0125,0.0,8192,https://api2.aigcbest.top/v1,"判断结果：错误  
解释：根据背景知识，suitableForDiet的domainIncludes包含MenuItem和Recipe，而公理中仅将domain限定为MenuItem，与背景知识不符。",0,0,
hard_case_0390,domain,domain(typicalCreditsPerTerm) = EducationalOccupationalProgram,"背景知识：
条目1：
- 名称：typicalCreditsPerTerm
- 类型：Property
- 简介：The number of credits or units a full-time student would be expected to take in 1 term however 'term' is defined by the institution.
- 补充信息：domainIncludes: http://schema.org/EducationalOccupationalProgram | rangeIncludes: http://schema.org/Integer, http://schema.org/StructuredValue

条目2：
- 名称：EducationalOccupationalProgram
- 类型：Property
- 简介：EducationalOccupationalProgram is a property in the knowledge base.",1,qwen-max-0125,0.0,8192,https://api2.aigcbest.top/v1,"判断结果：正确  
解释：根据背景知识，typicalCreditsPerTerm的domainIncludes为EducationalOccupationalProgram，符合RDFS中domain语义规则，表明该属性的主体应属于EducationalOccupationalProgram类。",1,1,
hard_case_0391,domain,domain(weight) = OfferShippingDetails,"背景知识：
条目1：
- 名称：weight
- 类型：Property
- 简介：The weight of the product or person.
- 补充信息：domainIncludes: http://schema.org/OfferShippingDetails, http://schema.org/Person, http://schema.org/Product, http://schema.org/ShippingConditions, http://schema.org/VisualArtwork |...

条目2：
- 名称：OfferShippingDetails
- 类型：Property
- 简介：OfferShippingDetails is a property in the knowledge base.",1,qwen-max-0125,0.0,8192,https://api2.aigcbest.top/v1,"判断结果：错误  
解释：根据背景知识，weight的domainIncludes包含多个类（如Person、Product等），而不仅仅是OfferShippingDetails，因此该公理与背景知识冲突。",0,0,
hard_case_0392,domain,domain(weight) = Product,"背景知识：
条目1：
- 名称：weight
- 类型：Property
- 简介：The weight of the product or person.
- 补充信息：domainIncludes: http://schema.org/OfferShippingDetails, http://schema.org/Person, http://schema.org/Product, http://schema.org/ShippingConditions, http://schema.org/VisualArtwork |...

条目2：
- 名称：Product
- 类型：Property
- 简介：Product may refer to:",1,qwen-max-0125,0.0,8192,https://api2.aigcbest.top/v1,"判断结果：错误  
解释：根据背景知识，weight 的 domainIncludes 包含多个类（如 OfferShippingDetails、Person、Product 等），而公理中将 weight 的 domain 限定为 Product，与背景知识冲突。",0,0,
hard_case_0393,domain,domain(width) = MediaObject,"背景知识：
条目1：
- 名称：width
- 类型：Property
- 简介：The width of the item.
- 补充信息：domainIncludes: http://schema.org/MediaObject, http://schema.org/OfferShippingDetails, http://schema.org/Product, http://schema.org/ShippingConditions, http://schema.org/VisualArtw...

条目2：
- 名称：MediaObject
- 类型：Property
- 简介：The Media Object Server (MOS) protocol allows newsroom computer systems (NRCS) to communicate using a standard protocol with video servers, audio servers, still stores, and character generators for broadcast production.",1,qwen-max-0125,0.0,8192,https://api2.aigcbest.top/v1,"判断结果：错误  
解释：根据背景知识，width的domainIncludes包含多个类（如MediaObject、OfferShippingDetails等），而公理中将domain限定为单一类MediaObject，与背景知识不符。",0,0,
hard_case_0394,domain,domain(width) = OfferShippingDetails,"背景知识：
条目1：
- 名称：width
- 类型：Property
- 简介：The width of the item.
- 补充信息：domainIncludes: http://schema.org/MediaObject, http://schema.org/OfferShippingDetails, http://schema.org/Product, http://schema.org/ShippingConditions, http://schema.org/VisualArtw...

条目2：
- 名称：OfferShippingDetails
- 类型：Property
- 简介：OfferShippingDetails is a property in the knowledge base.",1,qwen-max-0125,0.0,8192,https://api2.aigcbest.top/v1,"判断结果：错误  
解释：根据背景知识，width的domainIncludes包含多个类（如MediaObject、Product等），而不仅仅是OfferShippingDetails，因此该公理与背景知识冲突。",0,0,
hard_case_0395,range,range(afterMedia) = MediaObject,"背景知识：
条目1：
- 名称：afterMedia
- 类型：Property
- 简介：A media object representing the circumstances after performing this direction.
- 补充信息：domainIncludes: http://schema.org/HowToDirection | rangeIncludes: http://schema.org/MediaObject, http://schema.org/URL

条目2：
- 名称：MediaObject
- 类型：Property
- 简介：The Media Object Server (MOS) protocol allows newsroom computer systems (NRCS) to communicate using a standard protocol with video servers, audio servers, still stores, and character generators for broadcast production.",1,qwen-max-0125,0.0,8192,https://api2.aigcbest.top/v1,"判断结果：错误  
解释：背景知识中明确指出 afterMedia 的 rangeIncludes 包含 http://schema.org/MediaObject 和 http://schema.org/URL，因此其范围不仅限于 MediaObject，还包含 URL，与公理冲突。",0,0,
hard_case_0396,range,range(author) = Organization,"背景知识：
条目1：
- 名称：author
- 类型：Property
- 简介：The author of this content or rating. Please note that author is special in that HTML 5 provides a special mechanism for indicating authorship via the rel tag. That is equivalent to this and may be used interchangeably.
- 补充信息：domainIncludes: http://schema.org/CreativeWork, http://schema.org/Rating | rangeIncludes: http://schema.org/Organization, http://schema.org/Person

条目2：
- 名称：Organization
- 类型：Property
- 简介：An organization or organisation is an entity—such as a company, or corporation or an institution, or an association—comprising one or more people and having a particular purpose.",1,qwen-max-0125,0.0,8192,https://api2.aigcbest.top/v1,"判断结果：错误  
解释：根据背景知识，author的rangeIncludes包含Organization和Person，因此其值域不仅限于Organization，还应包括Person。",0,0,
hard_case_0397,range,range(availableFrom) = DateTime,"背景知识：
条目1：
- 名称：availableFrom
- 类型：Property
- 简介：When the item is available for pickup from the store, locker, etc.
- 补充信息：domainIncludes: http://schema.org/DeliveryEvent | rangeIncludes: http://schema.org/DateTime

条目2：
- 名称：DateTime
- 类型：Property
- 简介：DateTime is a property in the knowledge base.",1,qwen-max-0125,0.0,8192,https://api2.aigcbest.top/v1,"判断结果：正确  
解释：根据背景知识，availableFrom的rangeIncludes为DateTime，符合RDFS语义规则中range的定义。",1,1,
hard_case_0398,range,range(businessDays) = OpeningHoursSpecification,"背景知识：
条目1：
- 名称：businessDays
- 类型：Property
- 简介：Days of the week when the merchant typically operates, indicated via opening hours markup.
- 补充信息：domainIncludes: http://schema.org/ServicePeriod, http://schema.org/ShippingDeliveryTime | rangeIncludes: http://schema.org/DayOfWeek, http://schema.org/OpeningHoursSpecification

条目2：
- 名称：OpeningHoursSpecification
- 类型：Property
- 简介：OpeningHoursSpecification is a property in the knowledge base.",1,qwen-max-0125,0.0,8192,https://api2.aigcbest.top/v1,"判断结果：错误  
解释：根据背景知识，businessDays的rangeIncludes为DayOfWeek和OpeningHoursSpecification，而公理中将range限定为仅OpeningHoursSpecification，与背景知识冲突。",0,0,
hard_case_0399,range,range(carbohydrateContent) = Mass,"背景知识：
条目1：
- 名称：carbohydrateContent
- 类型：Property
- 简介：The number of grams of carbohydrates.
- 补充信息：domainIncludes: http://schema.org/NutritionInformation | rangeIncludes: http://schema.org/Mass

条目2：
- 名称：Mass
- 类型：Property
- 简介：Mass is an intrinsic property of a body. In modern physics, it is generally defined as the strength of an object's gravitational attraction to other bodies - as measured by an observer moving along at the same speed.",1,qwen-max-0125,0.0,8192,https://api2.aigcbest.top/v1,"判断结果：正确  
解释：根据背景知识，carbohydrateContent的rangeIncludes为Mass，符合RDFS语义规则中range的定义，即属性的客体应属于指定类。",1,1,
hard_case_0400,range,range(certificationIdentification) = DefinedTerm,"背景知识：
条目1：
- 名称：certificationIdentification
- 类型：Property
- 简介：Identifier of a certification instance (as registered with an independent certification body). Typically this identifier can be used to consult and verify the certification instance. See also <a href=""https://www.gs1.org/voc/certificationId...
- 补充信息：domainIncludes: http://schema.org/Certification | rangeIncludes: http://schema.org/DefinedTerm, http://schema.org/Text

条目2：
- 名称：DefinedTerm
- 类型：Property
- 简介：DefinedTerm is a property in the knowledge base.",1,qwen-max-0125,0.0,8192,https://api2.aigcbest.top/v1,"判断结果：错误  
解释：根据背景知识，certificationIdentification的rangeIncludes为DefinedTerm和Text，而公理中将其范围限定为仅DefinedTerm，与背景知识不符。",0,0,
hard_case_0401,range,range(dataFeedElement) = DataFeedItem,"背景知识：
条目1：
- 名称：dataFeedElement
- 类型：Property
- 简介：An item within a data feed. Data feeds may have many elements.
- 补充信息：domainIncludes: http://schema.org/DataFeed | rangeIncludes: http://schema.org/DataFeedItem, http://schema.org/Text, http://schema.org/Thing

条目2：
- 名称：DataFeedItem
- 类型：Property
- 简介：DataFeedItem is a property in the knowledge base.",1,qwen-max-0125,0.0,8192,https://api2.aigcbest.top/v1,"判断结果：错误  
解释：根据背景知识，dataFeedElement的rangeIncludes包含DataFeedItem、Text和Thing，而不仅仅是DataFeedItem，因此该公理与背景知识冲突。",0,0,
hard_case_0402,range,range(dateModified) = Date,"背景知识：
条目1：
- 名称：dateModified
- 类型：Property
- 简介：The date on which the CreativeWork was most recently modified or when the item's entry was modified within a DataFeed.
- 补充信息：domainIncludes: http://schema.org/CreativeWork, http://schema.org/DataFeedItem | rangeIncludes: http://schema.org/Date, http://schema.org/DateTime

条目2：
- 名称：Date
- 类型：Property
- 简介：Date or dates may refer to:Date, the fruit of the date palm Jujube, also known as red date or Chinese date, the fruit of Ziziphus jujuba",1,qwen-max-0125,0.0,8192,https://api2.aigcbest.top/v1,"判断结果：错误  
解释：根据背景知识，dateModified的rangeIncludes为Date和DateTime，而公理中仅限定为Date，与背景知识不符。",0,0,
hard_case_0403,range,range(deliveryStatus) = DeliveryEvent,"背景知识：
条目1：
- 名称：deliveryStatus
- 类型：Property
- 简介：New entry added as the package passes through each leg of its journey (from shipment to final delivery).
- 补充信息：domainIncludes: http://schema.org/ParcelDelivery | rangeIncludes: http://schema.org/DeliveryEvent

条目2：
- 名称：DeliveryEvent
- 类型：Property
- 简介：DeliveryEvent is a property in the knowledge base.",1,qwen-max-0125,0.0,8192,https://api2.aigcbest.top/v1,"判断结果：正确  
解释：根据背景知识，deliveryStatus的rangeIncludes为DeliveryEvent，符合RDFS语义规则中range的定义。",1,1,
hard_case_0404,range,range(diseaseSpreadStatistics) = WebContent,"背景知识：
条目1：
- 名称：diseaseSpreadStatistics
- 类型：Property
- 简介：Statistical information about the spread of a disease, either as <a class=""localLink"" href=""/WebContent"">WebContent</a>, or described directly as a <a class=""localLink"" href=""/Dataset"">Dataset</a>, or the specific <a class=""localLink"" href=...
- 补充信息：domainIncludes: http://schema.org/SpecialAnnouncement | rangeIncludes: http://schema.org/Dataset, http://schema.org/Observation, http://schema.org/URL, http://schema.org/WebContent

条目2：
- 名称：WebContent
- 类型：Property
- 简介：WebContent is a property in the knowledge base.",1,qwen-max-0125,0.0,8192,https://api2.aigcbest.top/v1,"判断结果：错误  
解释：根据背景知识，diseaseSpreadStatistics 的 rangeIncludes 包含多个类（Dataset、Observation、URL、WebContent），而公理将其范围限定为仅 WebContent，与背景知识冲突。",0,0,
hard_case_0405,range,range(educationalCredentialAwarded) = URL,"背景知识：
条目1：
- 名称：educationalCredentialAwarded
- 类型：Property
- 简介：A description of the qualification, award, certificate, diploma or other educational credential awarded as a consequence of successful completion of this course or program.
- 补充信息：domainIncludes: http://schema.org/Course, http://schema.org/EducationalOccupationalProgram | rangeIncludes: http://schema.org/EducationalOccupationalCredential, http://schema.org/T...

条目2：
- 名称：URL
- 类型：Property
- 简介：A uniform resource locator (URL), colloquially known as a web address, is a reference to a resource on the World Wide Web. A URL specifies the location of a resource on a computer network and a mechanism for retrieving it. A URL is a specif...",1,qwen-max-0125,0.0,8192,https://api2.aigcbest.top/v1,"判断结果：错误  
解释：根据背景知识，educationalCredentialAwarded的rangeIncludes为EducationalOccupationalCredential或相关类，而非URL，因此该公理与背景知识冲突。",0,0,
hard_case_0406,range,range(fundedItem) = Product,"背景知识：
条目1：
- 名称：fundedItem
- 类型：Property
- 简介：Indicates something directly or indirectly funded or sponsored through a <a class=""localLink"" href=""/Grant"">Grant</a>. See also <a class=""localLink"" href=""/ownershipFundingInfo"">ownershipFundingInfo</a>.
- 补充信息：domainIncludes: http://schema.org/Grant | rangeIncludes: http://schema.org/BioChemEntity, http://schema.org/CreativeWork, http://schema.org/Event, http://schema.org/MedicalEntity,....

条目2：
- 名称：Product
- 类型：Property
- 简介：Product may refer to:",1,qwen-max-0125,0.0,8192,https://api2.aigcbest.top/v1,"判断结果：错误  
解释：根据背景知识，fundedItem的rangeIncludes包含多个类（如BioChemEntity、CreativeWork等），而Product并未明确列出，因此将range限定为Product与背景知识冲突。",0,0,
hard_case_0407,range,range(genre) = URL,"背景知识：
条目1：
- 名称：genre
- 类型：Property
- 简介：Genre of the creative work, broadcast channel or group.
- 补充信息：domainIncludes: http://schema.org/BroadcastChannel, http://schema.org/CreativeWork, http://schema.org/MusicGroup | rangeIncludes: http://schema.org/DefinedTerm, http://schema.org/T...

条目2：
- 名称：URL
- 类型：Property
- 简介：A uniform resource locator (URL), colloquially known as a web address, is a reference to a resource on the World Wide Web. A URL specifies the location of a resource on a computer network and a mechanism for retrieving it. A URL is a specif...",1,qwen-max-0125,0.0,8192,https://api2.aigcbest.top/v1,"判断结果：错误  
解释：根据背景知识，genre的rangeIncludes为http://schema.org/DefinedTerm等类，而URL并不在其范围内，因此该公理与背景知识冲突。",0,0,
hard_case_0408,range,range(geoEquals) = Place,"背景知识：
条目1：
- 名称：geoEquals
- 类型：Property
- 简介：Represents spatial relations in which two geometries (or the places they represent) are topologically equal, as defined in <a href=""https://en.wikipedia.org/wiki/DE-9IM"">DE-9IM</a>. ""Two geometries are topologically equal if their interiors...
- 补充信息：domainIncludes: http://schema.org/GeospatialGeometry, http://schema.org/Place | rangeIncludes: http://schema.org/GeospatialGeometry, http://schema.org/Place

条目2：
- 名称：Place
- 类型：Property
- 简介：Place may refer to:",1,qwen-max-0125,0.0,8192,https://api2.aigcbest.top/v1,"判断结果：错误  
解释：根据背景知识，geoEquals 的 rangeIncludes 包含 GeospatialGeometry 和 Place，因此其值域不仅限于 Place，还应包括 GeospatialGeometry。",0,0,
hard_case_0409,range,range(height) = Integer,"背景知识：
条目1：
- 名称：height
- 类型：Property
- 简介：The height of the item.
- 补充信息：domainIncludes: http://schema.org/MediaObject, http://schema.org/OfferShippingDetails, http://schema.org/Person, http://schema.org/Product, http://schema.org/ShippingConditions, ht...

条目2：
- 名称：Integer
- 类型：Property
- 简介：An integer is the number zero (0), a positive natural number, or the negation of a positive natural number. The negations or additive inverses of the positive natural numbers are referred to as negative integers. The set of all integers is....",0,qwen-max-0125,0.0,8192,https://api2.aigcbest.top/v1,"判断结果：正确  
解释：根据背景知识，height的range被定义为Integer，符合RDFS语义规则中属性值范围的约束。",1,0,
hard_case_0410,range,range(height) = QuantitativeValue,"背景知识：
条目1：
- 名称：height
- 类型：Property
- 简介：The height of the item.
- 补充信息：domainIncludes: http://schema.org/MediaObject, http://schema.org/OfferShippingDetails, http://schema.org/Person, http://schema.org/Product, http://schema.org/ShippingConditions, ht...

条目2：
- 名称：QuantitativeValue
- 类型：Property
- 简介：QuantitativeValue is a property in the knowledge base.",1,qwen-max-0125,0.0,8192,https://api2.aigcbest.top/v1,"判断结果：正确  
解释：根据背景知识，height的range被定义为QuantitativeValue，符合RDFS语义规则中属性值范围的约束。",1,1,
hard_case_0411,range,range(industry) = Text,"背景知识：
条目1：
- 名称：industry
- 类型：Property
- 简介：The industry associated with the job position.
- 补充信息：domainIncludes: http://schema.org/JobPosting | rangeIncludes: http://schema.org/DefinedTerm, http://schema.org/Text

条目2：
- 名称：Text
- 类型：Property
- 简介：Text may refer to:",1,qwen-max-0125,0.0,8192,https://api2.aigcbest.top/v1,"判断结果：错误  
解释：根据背景知识，industry的rangeIncludes为DefinedTerm和Text，而公理仅限定为Text，与背景知识不符。",0,0,
hard_case_0412,range,range(itemOffered) = CreativeWork,"背景知识：
条目1：
- 名称：itemOffered
- 类型：Property
- 简介：An item being offered (or demanded). The transactional nature of the offer or demand is documented using <a class=""localLink"" href=""/businessFunction"">businessFunction</a>, e.g. sell, lease etc. While several common expected types are liste...
- 补充信息：domainIncludes: http://schema.org/Demand, http://schema.org/Offer | rangeIncludes: http://schema.org/AggregateOffer, http://schema.org/CreativeWork, http://schema.org/Event, http:/...

条目2：
- 名称：CreativeWork
- 类型：Property
- 简介：A creative work is a manifestation of creative effort in the world through a creative process involving one or more individuals. The term includes fine artwork, dance, writing (literature), filmmaking, and musical composition. The term is f...",1,qwen-max-0125,0.0,8192,https://api2.aigcbest.top/v1,"判断结果：错误  
解释：根据背景知识，itemOffered的rangeIncludes包含多个类（如AggregateOffer、CreativeWork、Event等），而公理将其范围限定为仅CreativeWork，与背景知识冲突。",0,0,
hard_case_0413,range,range(itinerary) = Place,"背景知识：
条目1：
- 名称：itinerary
- 类型：Property
- 简介：Destination(s) ( <a class=""localLink"" href=""/Place"">Place</a> ) that make up a trip. For a trip where destination order is important use <a class=""localLink"" href=""/ItemList"">ItemList</a> to specify that order (see examples).
- 补充信息：domainIncludes: http://schema.org/Trip | rangeIncludes: http://schema.org/ItemList, http://schema.org/Place

条目2：
- 名称：Place
- 类型：Property
- 简介：Place may refer to:",1,qwen-max-0125,0.0,8192,https://api2.aigcbest.top/v1,"判断结果：错误  
解释：背景知识中明确指出，itinerary的rangeIncludes包含http://schema.org/ItemList和http://schema.org/Place，因此其值域不仅限于Place。",0,0,
hard_case_0414,range,range(logo) = ImageObject,"背景知识：
条目1：
- 名称：logo
- 类型：Property
- 简介：An associated logo.
- 补充信息：domainIncludes: http://schema.org/Brand, http://schema.org/Certification, http://schema.org/Organization, http://schema.org/Place, http://schema.org/Product, http://schema.org/Serv...

条目2：
- 名称：ImageObject
- 类型：Property
- 简介：ImageObject is a property in the knowledge base.",1,qwen-max-0125,0.0,8192,https://api2.aigcbest.top/v1,"判断结果：正确  
解释：根据背景知识，logo的range被定义为ImageObject，符合RDFS语义规则中属性范围的约束。",1,1,
hard_case_0415,range,range(meetsEmissionStandard) = URL,"背景知识：
条目1：
- 名称：meetsEmissionStandard
- 类型：Property
- 简介：Indicates that the vehicle meets the respective emission standard.
- 补充信息：domainIncludes: http://schema.org/Vehicle | rangeIncludes: http://schema.org/QualitativeValue, http://schema.org/Text, http://schema.org/URL

条目2：
- 名称：URL
- 类型：Property
- 简介：A uniform resource locator (URL), colloquially known as a web address, is a reference to a resource on the World Wide Web. A URL specifies the location of a resource on a computer network and a mechanism for retrieving it. A URL is a specif...",1,qwen-max-0125,0.0,8192,https://api2.aigcbest.top/v1,"判断结果：错误  
解释：根据背景知识，meetsEmissionStandard的rangeIncludes包含QualitativeValue、Text和URL，而公理中将其范围限定为仅为URL，与背景知识冲突。",0,0,
hard_case_0416,range,range(numAdults) = QuantitativeValue,"背景知识：
条目1：
- 名称：numAdults
- 类型：Property
- 简介：The number of adults staying in the unit.
- 补充信息：domainIncludes: http://schema.org/LodgingReservation | rangeIncludes: http://schema.org/Integer, http://schema.org/QuantitativeValue

条目2：
- 名称：QuantitativeValue
- 类型：Property
- 简介：QuantitativeValue is a property in the knowledge base.",1,qwen-max-0125,0.0,8192,https://api2.aigcbest.top/v1,"判断结果：错误  
解释：根据背景知识，numAdults的rangeIncludes为Integer和QuantitativeValue，而公理中仅限定为QuantitativeValue，与背景知识不符。",0,0,
hard_case_0417,range,range(offeredBy) = Person,"背景知识：
条目1：
- 名称：offeredBy
- 类型：Property
- 简介：A pointer to the organization or person making the offer.
- 补充信息：domainIncludes: http://schema.org/Offer | rangeIncludes: http://schema.org/Organization, http://schema.org/Person

条目2：
- 名称：Person
- 类型：Property
- 简介：A person is a being who has certain capacities or attributes such as reason, morality, consciousness or self-consciousness, and being a part of a culturally established form of social relations such as kinship, ownership of property, or leg...",1,qwen-max-0125,0.0,8192,https://api2.aigcbest.top/v1,"判断结果：错误  
解释：根据背景知识，offeredBy的rangeIncludes包含Organization和Person，因此其值域不仅限于Person，还可能包括Organization。",0,0,
hard_case_0418,range,range(option) = Text,"背景知识：
条目1：
- 名称：option
- 类型：Property
- 简介：A sub property of object. The options subject to this action.
- 补充信息：domainIncludes: http://schema.org/ChooseAction | rangeIncludes: http://schema.org/Text, http://schema.org/Thing

条目2：
- 名称：Text
- 类型：Property
- 简介：Text may refer to:",1,qwen-max-0125,0.0,8192,https://api2.aigcbest.top/v1,"判断结果：错误  
解释：根据背景知识，option的rangeIncludes包含Text和Thing，而公理仅限定为Text，与背景知识不符。",0,0,
hard_case_0419,range,range(ownershipFundingInfo) = AboutPage,"背景知识：
条目1：
- 名称：ownershipFundingInfo
- 类型：Property
- 简介：For an <a class=""localLink"" href=""/Organization"">Organization</a> (often but not necessarily a <a class=""localLink"" href=""/NewsMediaOrganization"">NewsMediaOrganization</a>), a description of organizational ownership structure; funding and g...
- 补充信息：domainIncludes: http://schema.org/NewsMediaOrganization, http://schema.org/Organization | rangeIncludes: http://schema.org/AboutPage, http://schema.org/CreativeWork, http://schema....

条目2：
- 名称：AboutPage
- 类型：Property
- 简介：AboutPage is a property in the knowledge base.",1,qwen-max-0125,0.0,8192,https://api2.aigcbest.top/v1,"判断结果：错误  
解释：根据背景知识，ownershipFundingInfo的rangeIncludes包含多个类（如AboutPage、CreativeWork等），而公理将其范围限定为仅AboutPage，与背景知识冲突。",0,0,
hard_case_0420,range,range(pathophysiology) = Text,"背景知识：
条目1：
- 名称：pathophysiology
- 类型：Property
- 简介：Changes in the normal mechanical, physical, and biochemical functions that are associated with this activity or condition.
- 补充信息：domainIncludes: http://schema.org/MedicalCondition, http://schema.org/PhysicalActivity | rangeIncludes: http://schema.org/Text

条目2：
- 名称：Text
- 类型：Property
- 简介：Text may refer to:",1,qwen-max-0125,0.0,8192,https://api2.aigcbest.top/v1,"判断结果：正确  
解释：根据背景知识，pathophysiology的rangeIncludes为Text，符合RDFS语义规则中range的定义，因此该公理合理。",1,1,
hard_case_0421,range,range(performers) = Person,"背景知识：
条目1：
- 名称：performers
- 类型：Property
- 简介：The main performer or performers of the event&#x2014;for example, a presenter, musician, or actor.
- 补充信息：domainIncludes: http://schema.org/Event | rangeIncludes: http://schema.org/Organization, http://schema.org/Person

条目2：
- 名称：Person
- 类型：Property
- 简介：A person is a being who has certain capacities or attributes such as reason, morality, consciousness or self-consciousness, and being a part of a culturally established form of social relations such as kinship, ownership of property, or leg...",1,qwen-max-0125,0.0,8192,https://api2.aigcbest.top/v1,"判断结果：错误  
解释：背景知识中rangeIncludes表明performers的值域包括Organization和Person，而公理将范围限定为仅Person，与背景知识冲突。",0,0,
hard_case_0422,range,range(producer) = Person,"背景知识：
条目1：
- 名称：producer
- 类型：Property
- 简介：The person or organization who produced the work (e.g. music album, movie, TV/radio series etc.).
- 补充信息：domainIncludes: http://schema.org/CreativeWork | rangeIncludes: http://schema.org/Organization, http://schema.org/Person

条目2：
- 名称：Person
- 类型：Property
- 简介：A person is a being who has certain capacities or attributes such as reason, morality, consciousness or self-consciousness, and being a part of a culturally established form of social relations such as kinship, ownership of property, or leg...",1,qwen-max-0125,0.0,8192,https://api2.aigcbest.top/v1,"判断结果：错误  
解释：根据背景知识，producer的rangeIncludes包含Organization和Person，因此其值域不仅限于Person。",0,0,
hard_case_0423,range,range(publication) = PublicationEvent,"背景知识：
条目1：
- 名称：publication
- 类型：Property
- 简介：A publication event associated with the item.
- 补充信息：domainIncludes: http://schema.org/CreativeWork | rangeIncludes: http://schema.org/PublicationEvent

条目2：
- 名称：PublicationEvent
- 类型：Property
- 简介：PublicationEvent is a property in the knowledge base.",1,qwen-max-0125,0.0,8192,https://api2.aigcbest.top/v1,"判断结果：正确  
解释：根据背景知识，publication的rangeIncludes为PublicationEvent，符合RDFS语义规则中range的定义，因此该公理合理。",1,1,
hard_case_0424,range,range(recipeInstructions) = ItemList,"背景知识：
条目1：
- 名称：recipeInstructions
- 类型：Property
- 简介：A step in making the recipe, in the form of a single item (document, video, etc.) or an ordered list with HowToStep and/or HowToSection items.
- 补充信息：domainIncludes: http://schema.org/Recipe | rangeIncludes: http://schema.org/CreativeWork, http://schema.org/ItemList, http://schema.org/Text

条目2：
- 名称：ItemList
- 类型：Property
- 简介：ItemList is a property in the knowledge base.",1,qwen-max-0125,0.0,8192,https://api2.aigcbest.top/v1,"判断结果：错误  
解释：根据背景知识，recipeInstructions的rangeIncludes包含CreativeWork、ItemList和Text，而公理仅限定为ItemList，与背景知识不符。",0,0,
hard_case_0425,range,range(recipient) = Person,"背景知识：
条目1：
- 名称：recipient
- 类型：Property
- 简介：A sub property of participant. The participant who is at the receiving end of the action.
- 补充信息：domainIncludes: http://schema.org/AuthorizeAction, http://schema.org/CommunicateAction, http://schema.org/DonateAction, http://schema.org/GiveAction, http://schema.org/Message, htt...

条目2：
- 名称：Person
- 类型：Property
- 简介：A person is a being who has certain capacities or attributes such as reason, morality, consciousness or self-consciousness, and being a part of a culturally established form of social relations such as kinship, ownership of property, or leg...",1,qwen-max-0125,0.0,8192,https://api2.aigcbest.top/v1,"判断结果：正确  
解释：根据背景知识，recipient的range被定义为Person，符合RDFS语义规则中属性客体应属于某一类的约束。",1,1,
hard_case_0426,range,range(requiresSubscription) = Boolean,"背景知识：
条目1：
- 名称：requiresSubscription
- 类型：Property
- 简介：Indicates if use of the media require a subscription (either paid or free). Allowed values are <code>true</code> or <code>false</code> (note that an earlier version had 'yes', 'no').
- 补充信息：domainIncludes: http://schema.org/ActionAccessSpecification, http://schema.org/MediaObject | rangeIncludes: http://schema.org/Boolean, http://schema.org/MediaSubscription

条目2：
- 名称：Boolean
- 类型：Property
- 简介：Any kind of logic, function, expression, or theory based on the work of George Boole is considered Boolean.",1,qwen-max-0125,0.0,8192,https://api2.aigcbest.top/v1,"判断结果：正确  
解释：根据背景知识，requiresSubscription的rangeIncludes包含Boolean，符合RDFS语义规则中range的定义。",1,1,
hard_case_0427,range,range(reviewedBy) = Organization,"背景知识：
条目1：
- 名称：reviewedBy
- 类型：Property
- 简介：People or organizations that have reviewed the content on this web page for accuracy and/or completeness.
- 补充信息：domainIncludes: http://schema.org/WebPage | rangeIncludes: http://schema.org/Organization, http://schema.org/Person

条目2：
- 名称：Organization
- 类型：Property
- 简介：An organization or organisation is an entity—such as a company, or corporation or an institution, or an association—comprising one or more people and having a particular purpose.",1,qwen-max-0125,0.0,8192,https://api2.aigcbest.top/v1,"判断结果：错误  
解释：根据背景知识，reviewedBy的rangeIncludes包含Organization和Person，因此其值域不仅限于Organization。",0,0,
hard_case_0428,range,range(seatingType) = Text,"背景知识：
条目1：
- 名称：seatingType
- 类型：Property
- 简介：The type/class of the seat.
- 补充信息：domainIncludes: http://schema.org/Seat | rangeIncludes: http://schema.org/QualitativeValue, http://schema.org/Text

条目2：
- 名称：Text
- 类型：Property
- 简介：Text may refer to:",1,qwen-max-0125,0.0,8192,https://api2.aigcbest.top/v1,"判断结果：错误  
解释：根据背景知识，seatingType的rangeIncludes包含QualitativeValue和Text，因此其值域不仅限于Text，公理与背景知识冲突。",0,0,
hard_case_0429,range,range(suggestedGender) = Text,"背景知识：
条目1：
- 名称：suggestedGender
- 类型：Property
- 简介：The suggested gender of the intended person or audience, for example ""male"", ""female"", or ""unisex"".
- 补充信息：domainIncludes: http://schema.org/PeopleAudience, http://schema.org/SizeSpecification | rangeIncludes: http://schema.org/GenderType, http://schema.org/Text

条目2：
- 名称：Text
- 类型：Property
- 简介：Text may refer to:",1,qwen-max-0125,0.0,8192,https://api2.aigcbest.top/v1,"判断结果：错误  
解释：根据背景知识，suggestedGender的rangeIncludes包含GenderType和Text，因此其值域不仅限于Text，还可能包括GenderType。",0,0,
hard_case_0430,range,range(totalPrice) = PriceSpecification,"背景知识：
条目1：
- 名称：totalPrice
- 类型：Property
- 简介：The total price for the reservation or ticket, including applicable taxes, shipping, etc.<br/><br/> Usage guidelines:<br/><br/> <ul> <li>Use values from 0123456789 (Unicode 'DIGIT ZERO' (U+0030) to 'DIGIT NINE' (U+0039)) rather than superfi...
- 补充信息：domainIncludes: http://schema.org/Reservation, http://schema.org/Ticket | rangeIncludes: http://schema.org/Number, http://schema.org/PriceSpecification, http://schema.org/Text

条目2：
- 名称：PriceSpecification
- 类型：Property
- 简介：PriceSpecification is a property in the knowledge base.",1,qwen-max-0125,0.0,8192,https://api2.aigcbest.top/v1,"判断结果：错误  
解释：根据背景知识，totalPrice的rangeIncludes包含http://schema.org/Number、http://schema.org/PriceSpecification和http://schema.org/Text，而公理中仅限定为PriceSpecification，与背景知识不符。",0,0,
hard_case_0431,range,range(travelBans) = WebContent,"背景知识：
条目1：
- 名称：travelBans
- 类型：Property
- 简介：Information about travel bans, e.g. in the context of a pandemic.
- 补充信息：domainIncludes: http://schema.org/SpecialAnnouncement | rangeIncludes: http://schema.org/URL, http://schema.org/WebContent

条目2：
- 名称：WebContent
- 类型：Property
- 简介：WebContent is a property in the knowledge base.",1,qwen-max-0125,0.0,8192,https://api2.aigcbest.top/v1,"判断结果：错误  
解释：根据背景知识，travelBans的rangeIncludes为URL和WebContent，而公理中仅限定为WebContent，与背景知识不符。",0,0,
