id,axiom_type,axiom_text,label,model_name,temperature,max_tokens,base_url,model_output,model_label,is_correct,error
sample_0001,subClassOf,Company ⊑ Organisation,1,qwen-max-0125,0.0,8192,https://api2.aigcbest.top/v1,"判断结果：正确  
解释：根据子类关系语义规则，Company的所有实例都属于Organisation，符合常识和语义规则。",1,1,
sample_0002,subClassOf,Person ⊑ Animal,1,qwen-max-0125,0.0,8192,https://api2.aigcbest.top/v1,"判断结果：正确  
解释：根据子类关系语义规则，Person的所有实例都属于Animal，符合常识中“人是动物的一种”的分类逻辑。",1,1,
sample_0003,subClassOf,Actor ⊑ Artist,1,qwen-max-0125,0.0,8192,https://api2.aigcbest.top/v1,"判断结果：正确  
解释：根据子类关系语义规则，Actor的所有实例都属于Artist，符合常识中演员是艺术家的一种。",1,1,
sample_0004,subClassOf,Publisher ⊑ Company,1,qwen-max-0125,0.0,8192,https://api2.aigcbest.top/v1,"判断结果：正确  
解释：根据子类关系语义规则，Publisher的所有实例都属于Company，符合常识中“出版商是一种公司”的逻辑关系。",1,1,
sample_0005,subClassOf,Genre ⊑ TopicalConcept,1,qwen-max-0125,0.0,8192,https://api2.aigcbest.top/v1,"判断结果：正确  
解释：根据子类关系语义规则，Genre作为TopicalConcept的子类，表示Genre的所有实例也属于TopicalConcept，这符合语义规则且无常识冲突。",1,1,
sample_0006,subClassOf,Department ⊑ GovernmentalAdministrativeRegion,1,qwen-max-0125,0.0,8192,https://api2.aigcbest.top/v1,"判断结果：错误  
解释：根据子类关系语义规则，Department的所有实例应属于GovernmentalAdministrativeRegion，但常识上部门不一定是行政区域。",0,0,
sample_0007,subClassOf,Software ⊑ Work,1,qwen-max-0125,0.0,8192,https://api2.aigcbest.top/v1,"判断结果：正确  
解释：根据子类关系语义规则，Software的所有实例都属于Work，符合常识中“软件是一种作品”的认知。",1,1,
sample_0008,subClassOf,School ⊑ EducationalInstitution,1,qwen-max-0125,0.0,8192,https://api2.aigcbest.top/v1,"判断结果：正确  
解释：根据子类关系语义规则，School的所有实例都属于EducationalInstitution，且符合常识。",1,1,
sample_0009,subClassOf,Type ⊑ TopicalConcept,1,qwen-max-0125,0.0,8192,https://api2.aigcbest.top/v1,"判断结果：正确  
解释：根据子类关系语义规则，Type的所有实例都属于TopicalConcept，符合RDFS的subClassOf定义且无明显语义冲突。",1,1,
sample_0010,subClassOf,Academic ⊑ Person,1,qwen-max-0125,0.0,8192,https://api2.aigcbest.top/v1,"判断结果：正确  
解释：根据子类关系语义规则，Academic作为Person的子类，表示所有Academic的实例也必须是Person的实例，这符合常识和语义规则。",1,1,
sample_0011,subClassOf,AcademicConference ⊑ SocietalEvent,1,qwen-max-0125,0.0,8192,https://api2.aigcbest.top/v1,"判断结果：正确  
解释：根据子类关系语义规则，学术会议（AcademicConference）是社会事件（SocietalEvent）的一种，符合常识和语义规则。",1,1,
sample_0012,subClassOf,AcademicJournal ⊑ PeriodicalLiterature,1,qwen-max-0125,0.0,8192,https://api2.aigcbest.top/v1,"判断结果：正确  
解释：根据子类关系语义规则，学术期刊（AcademicJournal）是周期性出版物（PeriodicalLiterature）的一种，符合常识和语义规则。",1,1,
sample_0013,subClassOf,AcademicSubject ⊑ TopicalConcept,1,qwen-max-0125,0.0,8192,https://api2.aigcbest.top/v1,"判断结果：正确  
解释：根据子类关系语义规则，AcademicSubject作为TopicalConcept的子类，其所有实例必然属于TopicalConcept，符合语义规则且无常识冲突。",1,1,
sample_0014,subClassOf,AdministrativeRegion ⊑ Region,1,qwen-max-0125,0.0,8192,https://api2.aigcbest.top/v1,"判断结果：正确  
解释：根据子类关系语义规则，AdministrativeRegion作为Region的子类，其所有实例必然属于Region，符合语义规则且无常识冲突。",1,1,
sample_0015,subClassOf,AdultActor ⊑ Actor,1,qwen-max-0125,0.0,8192,https://api2.aigcbest.top/v1,"判断结果：正确  
解释：根据子类关系语义规则，AdultActor的所有实例都属于Actor，符合常识和语义规则。",1,1,
sample_0016,subClassOf,Agglomeration ⊑ PopulatedPlace,1,qwen-max-0125,0.0,8192,https://api2.aigcbest.top/v1,"判断结果：正确  
解释：根据子类关系语义规则，Agglomeration作为PopulatedPlace的子类，其所有实例都属于PopulatedPlace，符合语义规则且无常识冲突。",1,1,
sample_0017,subClassOf,Aircraft ⊑ MeanOfTransportation,1,qwen-max-0125,0.0,8192,https://api2.aigcbest.top/v1,"判断结果：正确  
解释：根据子类关系语义规则，Aircraft的所有实例都属于MeanOfTransportation，符合常识和语义规则。",1,1,
sample_0018,subClassOf,Airline ⊑ PublicTransitSystem,1,qwen-max-0125,0.0,8192,https://api2.aigcbest.top/v1,"判断结果：错误  
解释：根据子类关系语义规则，航空公司（Airline）并非公共交通系统（PublicTransitSystem）的子类，二者在常识上存在明显语义冲突。",0,0,
sample_0019,subClassOf,Airport ⊑ Infrastructure,1,qwen-max-0125,0.0,8192,https://api2.aigcbest.top/v1,"判断结果：正确  
解释：根据子类关系语义规则，Airport的所有实例都属于Infrastructure，符合常识中机场是基础设施的一部分。",1,1,
sample_0020,subClassOf,Album ⊑ MusicalWork,1,qwen-max-0125,0.0,8192,https://api2.aigcbest.top/v1,"判断结果：正确  
解释：根据子类关系语义规则，Album的所有实例都属于MusicalWork，符合常识中专辑是音乐作品的一种。",1,1,
sample_0021,subClassOf,AmateurBoxer ⊑ Boxer,1,qwen-max-0125,0.0,8192,https://api2.aigcbest.top/v1,"判断结果：正确  
解释：根据子类关系语义规则，AmateurBoxer作为Boxer的子类，其所有实例必然属于Boxer，符合语义规则且无常识冲突。",1,1,
sample_0022,subClassOf,Ambassador ⊑ Politician,1,qwen-max-0125,0.0,8192,https://api2.aigcbest.top/v1,"判断结果：正确  
解释：根据子类关系语义规则，Ambassador的所有实例都属于Politician，符合常识和语义规则。",1,1,
sample_0023,subClassOf,AmericanFootballCoach ⊑ Coach,1,qwen-max-0125,0.0,8192,https://api2.aigcbest.top/v1,"判断结果：正确  
解释：根据子类关系语义规则，AmericanFootballCoach的所有实例都属于Coach，符合常识和语义规则。",1,1,
sample_0024,subClassOf,AmericanFootballLeague ⊑ SportsLeague,1,qwen-max-0125,0.0,8192,https://api2.aigcbest.top/v1,"判断结果：正确  
解释：AmericanFootballLeague 是 SportsLeague 的子类，符合子类关系语义规则，即 AmericanFootballLeague 的所有实例都属于 SportsLeague。",1,1,
sample_0025,subClassOf,AmericanFootballPlayer ⊑ GridironFootballPlayer,1,qwen-max-0125,0.0,8192,https://api2.aigcbest.top/v1,"判断结果：正确  
解释：根据子类关系语义规则，AmericanFootballPlayer的所有实例都属于GridironFootballPlayer，符合常识和语义规则。",1,1,
sample_0026,subClassOf,AmericanFootballTeam ⊑ SportsTeam,1,qwen-max-0125,0.0,8192,https://api2.aigcbest.top/v1,"判断结果：正确  
解释：根据子类关系语义规则，AmericanFootballTeam的所有实例都属于SportsTeam，符合常识和语义规则。",1,1,
sample_0027,subClassOf,AmericanLeader ⊑ Person,1,qwen-max-0125,0.0,8192,https://api2.aigcbest.top/v1,"判断结果：正确  
解释：根据子类关系语义规则，AmericanLeader的所有实例都属于Person，符合常识和语义规则。",1,1,
sample_0028,subClassOf,Amphibian ⊑ Animal,1,qwen-max-0125,0.0,8192,https://api2.aigcbest.top/v1,"判断结果：正确  
解释：根据子类关系语义规则，Amphibian的所有实例都属于Animal，符合常识和语义规则。",1,1,
sample_0029,subClassOf,AmusementParkAttraction ⊑ ArchitecturalStructure,1,qwen-max-0125,0.0,8192,https://api2.aigcbest.top/v1,"判断结果：错误  
解释：根据子类关系语义规则，AmusementParkAttraction的所有实例应属于ArchitecturalStructure，但常识上并非所有游乐场景点都是建筑结构。",0,0,
sample_0030,subClassOf,Animal ⊑ Eukaryote,1,qwen-max-0125,0.0,8192,https://api2.aigcbest.top/v1,"判断结果：正确  
解释：根据子类关系语义规则，Animal的所有实例都属于Eukaryote，符合生物学常识。",1,1,
sample_0031,subClassOf,AnimangaCharacter ⊑ ComicsCharacter,1,qwen-max-0125,0.0,8192,https://api2.aigcbest.top/v1,"判断结果：正确  
解释：根据子类关系语义规则，AnimangaCharacter的所有实例都属于ComicsCharacter，符合常识和语义规则。",1,1,
sample_0032,subClassOf,Anime ⊑ Cartoon,1,qwen-max-0125,0.0,8192,https://api2.aigcbest.top/v1,"判断结果：正确  
解释：根据子类关系语义规则，Anime的所有实例都属于Cartoon，符合常识中“动画是卡通的一种”的关系。",1,1,
sample_0033,subClassOf,Annotation ⊑ WrittenWork,1,qwen-max-0125,0.0,8192,https://api2.aigcbest.top/v1,"判断结果：正确  
解释：根据子类关系语义规则，注释（Annotation）是书面作品（WrittenWork）的一种，符合常识和语义规则。",1,1,
sample_0034,subClassOf,Arachnid ⊑ Animal,1,qwen-max-0125,0.0,8192,https://api2.aigcbest.top/v1,"判断结果：正确  
解释：根据子类关系语义规则，Arachnid（蛛形纲动物）是Animal（动物）的子类，符合常识和语义规则。",1,1,
sample_0035,subClassOf,Archaea ⊑ Species,1,qwen-max-0125,0.0,8192,https://api2.aigcbest.top/v1,"判断结果：正确  
解释：根据子类关系语义规则，Archaea作为Species的子类，表示所有Archaea的实例都属于Species，符合生物分类学常识。",1,1,
sample_0036,subClassOf,Archbishop ⊑ ChristianBishop,1,qwen-max-0125,0.0,8192,https://api2.aigcbest.top/v1,"判断结果：正确  
解释：根据子类关系语义规则，Archbishop是ChristianBishop的子类，表示所有Archbishop的实例也属于ChristianBishop，符合常识和语义规则。",1,1,
sample_0037,subClassOf,Archeologist ⊑ Person,1,qwen-max-0125,0.0,8192,https://api2.aigcbest.top/v1,"判断结果：正确  
解释：根据子类关系语义规则，Archeologist作为Person的子类，其所有实例必然属于Person，符合常识和语义规则。",1,1,
sample_0038,subClassOf,ArcherPlayer ⊑ Athlete,1,qwen-max-0125,0.0,8192,https://api2.aigcbest.top/v1,"判断结果：正确  
解释：根据子类关系语义规则，ArcherPlayer作为Athlete的子类，其所有实例必然属于Athlete，符合语义规则且符合常识。",1,1,
sample_0039,subClassOf,Archipelago ⊑ NaturalPlace,1,qwen-max-0125,0.0,8192,https://api2.aigcbest.top/v1,"判断结果：正确  
解释：根据子类关系语义规则，Archipelago（群岛）是NaturalPlace（自然地点）的子类，符合群岛属于自然地点的常识。",1,1,
sample_0040,subClassOf,Architect ⊑ Person,1,qwen-max-0125,0.0,8192,https://api2.aigcbest.top/v1,"判断结果：正确  
解释：根据子类关系语义规则，Architect是Person的子类，表示所有Architect的实例也必须是Person的实例，这符合常识和语义规则。",1,1,
sample_0041,subClassOf,Archive ⊑ CollectionOfValuables,1,qwen-max-0125,0.0,8192,https://api2.aigcbest.top/v1,"判断结果：正确  
解释：根据子类关系语义规则，Archive的所有实例都属于CollectionOfValuables，符合语义规则且无明显冲突。",1,1,
sample_0042,subClassOf,Arena ⊑ ArchitecturalStructure,1,qwen-max-0125,0.0,8192,https://api2.aigcbest.top/v1,"判断结果：正确  
解释：根据子类关系语义规则，Arena作为ArchitecturalStructure的子类，表示Arena的所有实例都属于ArchitecturalStructure，这符合常识和语义规则。",1,1,
sample_0043,subClassOf,Aristocrat ⊑ Person,1,qwen-max-0125,0.0,8192,https://api2.aigcbest.top/v1,"判断结果：正确  
解释：根据子类关系语义规则，Aristocrat的所有实例都属于Person，符合常识和语义规则。",1,1,
sample_0044,subClassOf,Arrondissement ⊑ GovernmentalAdministrativeRegion,1,qwen-max-0125,0.0,8192,https://api2.aigcbest.top/v1,"判断结果：正确  
解释：根据子类关系语义规则，Arrondissement作为GovernmentalAdministrativeRegion的子类，其所有实例都属于GovernmentalAdministrativeRegion，符合常识和语义规则。",1,1,
sample_0045,subClassOf,Artery ⊑ AnatomicalStructure,1,qwen-max-0125,0.0,8192,https://api2.aigcbest.top/v1,"判断结果：正确  
解释：根据子类关系语义规则，Artery作为AnatomicalStructure的子类，表示所有动脉实例都属于解剖结构，符合常识和语义规则。",1,1,
sample_0046,subClassOf,Article ⊑ WrittenWork,1,qwen-max-0125,0.0,8192,https://api2.aigcbest.top/v1,"判断结果：正确  
解释：根据子类关系语义规则，Article的所有实例都属于WrittenWork，符合常识中“文章是书面作品的一种”的逻辑关系。",1,1,
sample_0047,subClassOf,ArtificialSatellite ⊑ Satellite,1,qwen-max-0125,0.0,8192,https://api2.aigcbest.top/v1,"判断结果：正确  
解释：根据子类关系语义规则，ArtificialSatellite的所有实例都属于Satellite，符合常识和语义规则。",1,1,
sample_0048,subClassOf,Artist ⊑ Person,1,qwen-max-0125,0.0,8192,https://api2.aigcbest.top/v1,"判断结果：正确  
解释：根据子类关系语义规则，Artist的所有实例都属于Person，符合常识中“艺术家是人”的逻辑关系。",1,1,
sample_0049,subClassOf,ArtistDiscography ⊑ MusicalWork,1,qwen-max-0125,0.0,8192,https://api2.aigcbest.top/v1,"判断结果：错误  
解释：根据子类关系语义规则，ArtistDiscography的所有实例应属于MusicalWork，但常识上艺术家的唱片集（ArtistDiscography）并非音乐作品（MusicalWork）的子类。",0,0,
sample_0050,subClassOf,ArtisticGenre ⊑ Genre,1,qwen-max-0125,0.0,8192,https://api2.aigcbest.top/v1,"判断结果：正确  
解释：根据子类关系语义规则，ArtisticGenre作为Genre的子类，其所有实例必然属于Genre，符合语义规则且无常识冲突。",1,1,
sample_0051,subClassOf,Artwork ⊑ Work,1,qwen-max-0125,0.0,8192,https://api2.aigcbest.top/v1,"判断结果：正确  
解释：根据子类关系语义规则，Artwork作为Work的子类，表示Artwork的所有实例也属于Work，符合语义规则且无常识冲突。",1,1,
sample_0052,subClassOf,Asteroid ⊑ CelestialBody,1,qwen-max-0125,0.0,8192,https://api2.aigcbest.top/v1,"判断结果：正确  
解释：根据子类关系语义规则，Asteroid作为CelestialBody的子类，其所有实例必然属于CelestialBody，符合常识和语义规则。",1,1,
sample_0053,subClassOf,Astronaut ⊑ Person,1,qwen-max-0125,0.0,8192,https://api2.aigcbest.top/v1,"判断结果：正确  
解释：根据子类关系语义规则，Astronaut的所有实例都属于Person，符合常识和语义规则。",1,1,
sample_0054,subClassOf,Athlete ⊑ Person,1,qwen-max-0125,0.0,8192,https://api2.aigcbest.top/v1,"判断结果：正确  
解释：根据子类关系语义规则，Athlete作为Person的子类，表示所有Athlete的实例也必须是Person的实例，这符合常识和语义规则。",1,1,
sample_0055,subClassOf,Athletics ⊑ Sport,1,qwen-max-0125,0.0,8192,https://api2.aigcbest.top/v1,"判断结果：正确  
解释：根据子类关系语义规则，Athletics作为Sport的子类，表示所有Athletics的实例也属于Sport，符合常识和语义规则。",1,1,
sample_0056,subClassOf,AthleticsPlayer ⊑ Athlete,1,qwen-max-0125,0.0,8192,https://api2.aigcbest.top/v1,"判断结果：正确  
解释：根据子类关系语义规则，AthleticsPlayer的所有实例都属于Athlete，符合常识和语义规则。",1,1,
sample_0057,subClassOf,Atoll ⊑ Island,1,qwen-max-0125,0.0,8192,https://api2.aigcbest.top/v1,"判断结果：正确  
解释：根据子类关系语义规则，Atoll是Island的子类，表示所有Atoll的实例也属于Island，符合常识和语义规则。",1,1,
sample_0058,subClassOf,Attack ⊑ SocietalEvent,1,qwen-max-0125,0.0,8192,https://api2.aigcbest.top/v1,"判断结果：正确  
解释：根据子类关系语义规则，Attack作为SocietalEvent的子类，表示Attack的所有实例也属于SocietalEvent，这符合常识和语义规则。",1,1,
sample_0059,subClassOf,AustralianFootballLeague ⊑ SportsLeague,1,qwen-max-0125,0.0,8192,https://api2.aigcbest.top/v1,"判断结果：正确  
解释：根据子类关系语义规则，AustralianFootballLeague 的所有实例都属于 SportsLeague，符合常识和语义规则。",1,1,
sample_0060,subClassOf,AustralianFootballTeam ⊑ SportsTeam,1,qwen-max-0125,0.0,8192,https://api2.aigcbest.top/v1,"判断结果：正确  
解释：根据子类关系语义规则，AustralianFootballTeam的所有实例都属于SportsTeam，符合常识和语义规则。",1,1,
sample_0061,subClassOf,AustralianRulesFootballPlayer ⊑ Athlete,1,qwen-max-0125,0.0,8192,https://api2.aigcbest.top/v1,"判断结果：正确  
解释：根据子类关系语义规则，所有AustralianRulesFootballPlayer的实例也必须是Athlete的实例，这符合常识和语义规则。",1,1,
sample_0062,subClassOf,AutoRacingLeague ⊑ SportsLeague,1,qwen-max-0125,0.0,8192,https://api2.aigcbest.top/v1,"判断结果：正确  
解释：根据子类关系语义规则，AutoRacingLeague的所有实例都属于SportsLeague，符合常识和语义规则。",1,1,
sample_0063,subClassOf,Automobile ⊑ MeanOfTransportation,1,qwen-max-0125,0.0,8192,https://api2.aigcbest.top/v1,"判断结果：正确  
解释：根据子类关系语义规则，Automobile的所有实例都属于MeanOfTransportation，符合常识和语义规则。",1,1,
sample_0064,subClassOf,AutomobileEngine ⊑ Engine,1,qwen-max-0125,0.0,8192,https://api2.aigcbest.top/v1,"判断结果：正确  
解释：根据子类关系语义规则，AutomobileEngine的所有实例都属于Engine，符合常识和语义规则。",1,1,
sample_0065,subClassOf,BackScene ⊑ MusicalArtist,1,qwen-max-0125,0.0,8192,https://api2.aigcbest.top/v1,"判断结果：错误  
解释：根据子类关系语义规则，BackScene的所有实例应属于MusicalArtist，但常识上“后台场景”与“音乐艺术家”无明显包含关系，存在语义冲突。",0,0,
sample_0066,subClassOf,Bacteria ⊑ Species,1,qwen-max-0125,0.0,8192,https://api2.aigcbest.top/v1,"判断结果：错误  
解释：根据子类关系语义规则，Bacteria的所有实例应属于Species，但常识上细菌（Bacteria）是物种（Species）的一个实例，而非子类。",0,0,
sample_0067,subClassOf,BadmintonPlayer ⊑ Athlete,1,qwen-max-0125,0.0,8192,https://api2.aigcbest.top/v1,"判断结果：正确  
解释：根据子类关系语义规则，所有羽毛球运动员（BadmintonPlayer）的实例也必须是运动员（Athlete）的实例，符合常识和语义规则。",1,1,
sample_0068,subClassOf,Band ⊑ Group,1,qwen-max-0125,0.0,8192,https://api2.aigcbest.top/v1,"判断结果：正确  
解释：根据子类关系语义规则，Band是Group的子类，表示Band的所有实例也属于Group，这符合常识和语义规则。",1,1,
sample_0069,subClassOf,Bank ⊑ Company,1,qwen-max-0125,0.0,8192,https://api2.aigcbest.top/v1,"判断结果：正确  
解释：根据子类关系语义规则，Bank的所有实例都属于Company，符合常识中“银行是一种公司”的概念。",1,1,
sample_0070,subClassOf,Baronet ⊑ BritishRoyalty,1,qwen-max-0125,0.0,8192,https://api2.aigcbest.top/v1,"判断结果：错误  
解释：根据子类关系语义规则，Baronet（男爵）并非一定是BritishRoyalty（英国皇室成员），存在语义冲突。",0,0,
sample_0071,subClassOf,BaseballLeague ⊑ SportsLeague,1,qwen-max-0125,0.0,8192,https://api2.aigcbest.top/v1,"判断结果：正确  
解释：根据子类关系语义规则，BaseballLeague的所有实例都属于SportsLeague，符合常识和语义规则。",1,1,
sample_0072,subClassOf,BaseballPlayer ⊑ Athlete,1,qwen-max-0125,0.0,8192,https://api2.aigcbest.top/v1,"判断结果：正确  
解释：根据子类关系语义规则，BaseballPlayer的所有实例都属于Athlete，符合常识和语义规则。",1,1,
sample_0073,subClassOf,BaseballSeason ⊑ SportsTeamSeason,1,qwen-max-0125,0.0,8192,https://api2.aigcbest.top/v1,"判断结果：正确  
解释：BaseballSeason 是 SportsTeamSeason 的子类，符合子类关系语义规则，即 BaseballSeason 的所有实例也属于 SportsTeamSeason。",1,1,
sample_0074,subClassOf,BaseballTeam ⊑ SportsTeam,1,qwen-max-0125,0.0,8192,https://api2.aigcbest.top/v1,"判断结果：正确  
解释：根据子类关系语义规则，BaseballTeam的所有实例都属于SportsTeam，符合常识和语义规则。",1,1,
sample_0075,subClassOf,BasketballLeague ⊑ SportsLeague,1,qwen-max-0125,0.0,8192,https://api2.aigcbest.top/v1,"判断结果：正确  
解释：根据子类关系语义规则，BasketballLeague的所有实例都属于SportsLeague，符合常识和语义规则。",1,1,
sample_0076,subClassOf,BasketballPlayer ⊑ Athlete,1,qwen-max-0125,0.0,8192,https://api2.aigcbest.top/v1,"判断结果：正确  
解释：根据子类关系语义规则，篮球运动员（BasketballPlayer）的所有实例都属于运动员（Athlete），符合常识和语义规则。",1,1,
sample_0077,subClassOf,BasketballTeam ⊑ SportsTeam,1,qwen-max-0125,0.0,8192,https://api2.aigcbest.top/v1,"判断结果：正确  
解释：根据子类关系语义规则，BasketballTeam的所有实例都属于SportsTeam，符合常识和语义规则。",1,1,
sample_0078,subClassOf,Battery ⊑ Device,1,qwen-max-0125,0.0,8192,https://api2.aigcbest.top/v1,"判断结果：正确  
解释：根据子类关系语义规则，Battery的所有实例都属于Device，符合常识中电池是设备的一种。",1,1,
sample_0079,subClassOf,Bay ⊑ BodyOfWater,1,qwen-max-0125,0.0,8192,https://api2.aigcbest.top/v1,"判断结果：正确  
解释：根据子类关系语义规则，Bay是BodyOfWater的子类，表示所有Bay的实例也属于BodyOfWater，符合常识和语义规则。",1,1,
sample_0080,subClassOf,Beach ⊑ NaturalPlace,1,qwen-max-0125,0.0,8192,https://api2.aigcbest.top/v1,"判断结果：正确  
解释：根据子类关系语义规则，Beach作为NaturalPlace的子类，其所有实例都属于NaturalPlace，符合常识和语义规则。",1,1,
sample_0081,subClassOf,BeachVolleyballPlayer ⊑ VolleyballPlayer,1,qwen-max-0125,0.0,8192,https://api2.aigcbest.top/v1,"判断结果：正确  
解释：根据子类关系语义规则，BeachVolleyballPlayer的所有实例都属于VolleyballPlayer，符合常识和语义规则。",1,1,
sample_0082,subClassOf,BeautyQueen ⊑ Person,1,qwen-max-0125,0.0,8192,https://api2.aigcbest.top/v1,"判断结果：正确  
解释：根据子类关系语义规则，BeautyQueen作为Person的子类，其所有实例必然属于Person，符合语义规则和常识。",1,1,
sample_0083,subClassOf,Beer ⊑ Beverage,1,qwen-max-0125,0.0,8192,https://api2.aigcbest.top/v1,"判断结果：正确  
解释：根据子类关系语义规则，Beer的所有实例都属于Beverage，符合常识中“啤酒是饮料的一种”的认知。",1,1,
sample_0084,subClassOf,Beverage ⊑ Food,1,qwen-max-0125,0.0,8192,https://api2.aigcbest.top/v1,"判断结果：正确  
解释：根据子类关系语义规则，Beverage作为Food的子类，表示所有Beverage的实例也属于Food，这符合常识和语义规则。",1,1,
sample_0085,subClassOf,Biathlete ⊑ WinterSportPlayer,1,qwen-max-0125,0.0,8192,https://api2.aigcbest.top/v1,"判断结果：正确  
解释：根据子类关系语义规则，Biathlete（冬季两项运动员）的所有实例都属于WinterSportPlayer（冬季运动运动员），符合常识和语义规则。",1,1,
sample_0086,subClassOf,BiologicalDatabase ⊑ Database,1,qwen-max-0125,0.0,8192,https://api2.aigcbest.top/v1,"判断结果：正确  
解释：根据子类关系语义规则，BiologicalDatabase的所有实例都属于Database，符合常识和语义规则。",1,1,
sample_0087,subClassOf,Biologist ⊑ Scientist,1,qwen-max-0125,0.0,8192,https://api2.aigcbest.top/v1,"判断结果：正确  
解释：根据子类关系语义规则，Biologist是Scientist的子类，表示所有Biologist的实例也必须是Scientist的实例，这符合常识和语义规则。",1,1,
sample_0088,subClassOf,Bird ⊑ Animal,1,qwen-max-0125,0.0,8192,https://api2.aigcbest.top/v1,"判断结果：正确  
解释：根据子类关系语义规则，Bird的所有实例都属于Animal，符合常识和语义规则。",1,1,
sample_0089,subClassOf,BloodVessel ⊑ AnatomicalStructure,1,qwen-max-0125,0.0,8192,https://api2.aigcbest.top/v1,"判断结果：正确  
解释：根据子类关系语义规则，BloodVessel的所有实例都属于AnatomicalStructure，符合常识和语义规则。",1,1,
sample_0090,subClassOf,BoardGame ⊑ Game,1,qwen-max-0125,0.0,8192,https://api2.aigcbest.top/v1,"判断结果：正确  
解释：根据子类关系语义规则，BoardGame的所有实例都属于Game，符合常识和语义规则。",1,1,
sample_0091,subClassOf,BobsleighAthlete ⊑ WinterSportPlayer,1,qwen-max-0125,0.0,8192,https://api2.aigcbest.top/v1,"判断结果：正确  
解释：根据子类关系语义规则，所有BobsleighAthlete的实例都属于WinterSportPlayer，符合常识和语义规则。",1,1,
sample_0092,subClassOf,BodyOfWater ⊑ NaturalPlace,1,qwen-max-0125,0.0,8192,https://api2.aigcbest.top/v1,"判断结果：正确  
解释：根据子类关系语义规则，BodyOfWater的所有实例都是NaturalPlace的实例，符合常识中“水体属于自然地点”的逻辑。",1,1,
sample_0093,subClassOf,Bodybuilder ⊑ Athlete,1,qwen-max-0125,0.0,8192,https://api2.aigcbest.top/v1,"判断结果：正确  
解释：根据子类关系语义规则，健美运动员（Bodybuilder）是运动员（Athlete）的子类，符合常识和语义规则。",1,1,
sample_0094,subClassOf,Bone ⊑ AnatomicalStructure,1,qwen-max-0125,0.0,8192,https://api2.aigcbest.top/v1,"判断结果：正确  
解释：根据子类关系语义规则，Bone的所有实例都属于AnatomicalStructure，符合常识和语义规则。",1,1,
sample_0095,subClassOf,Book ⊑ WrittenWork,1,qwen-max-0125,0.0,8192,https://api2.aigcbest.top/v1,"判断结果：正确  
解释：根据子类关系语义规则，Book的所有实例都属于WrittenWork，符合常识中“书是一种书面作品”的逻辑关系。",1,1,
sample_0096,subClassOf,BowlingLeague ⊑ SportsLeague,1,qwen-max-0125,0.0,8192,https://api2.aigcbest.top/v1,"判断结果：正确  
解释：根据子类关系语义规则，保龄球联盟（BowlingLeague）的所有实例都属于体育联盟（SportsLeague），符合常识和语义规则。",1,1,
sample_0097,subClassOf,Boxer ⊑ Athlete,1,qwen-max-0125,0.0,8192,https://api2.aigcbest.top/v1,"判断结果：正确  
解释：根据子类关系语义规则，Boxer的所有实例都属于Athlete，符合常识中“拳击手是一种运动员”的逻辑关系。",1,1,
sample_0098,subClassOf,BoxingLeague ⊑ SportsLeague,1,qwen-max-0125,0.0,8192,https://api2.aigcbest.top/v1,"判断结果：正确  
解释：根据子类关系语义规则，BoxingLeague作为SportsLeague的子类，其所有实例也必须属于SportsLeague，这符合常识和语义规则。",1,1,
sample_0099,subClassOf,Brain ⊑ AnatomicalStructure,1,qwen-max-0125,0.0,8192,https://api2.aigcbest.top/v1,"判断结果：正确  
解释：根据子类关系语义规则，Brain的所有实例都属于AnatomicalStructure，符合常识和语义规则。",1,1,
sample_0100,subClassOf,Brewery ⊑ Company,1,qwen-max-0125,0.0,8192,https://api2.aigcbest.top/v1,"判断结果：正确  
解释：根据子类关系语义规则，Brewery的所有实例都属于Company，符合常识中“酿酒厂是一种公司”的逻辑关系。",1,1,
sample_0101,subPropertyOf,averageDepth ⊑p depth,1,qwen-max-0125,0.0,8192,https://api2.aigcbest.top/v1,"判断结果：错误  
解释：根据子属性关系语义规则，子属性应继承父属性的定义域和值域，但“averageDepth”与“depth”之间的关系未明确满足此条件且不符合常识。",0,0,
sample_0102,subPropertyOf,capital ⊑p administrativeHeadCity,1,qwen-max-0125,0.0,8192,https://api2.aigcbest.top/v1,"判断结果：错误  
解释：根据子类关系语义规则，capital的所有实例应属于administrativeHeadCity，但常识上capital和administrativeHeadCity是不同的概念，可能存在不一致。",0,0,
sample_0103,subPropertyOf,championInDoubleMale ⊑p championInDouble,1,qwen-max-0125,0.0,8192,https://api2.aigcbest.top/v1,"判断结果：正确  
解释：根据子类关系语义规则，championInDoubleMale的所有实例也必须是championInDouble的实例，符合逻辑和常识。",1,1,
sample_0104,subPropertyOf,championInSingleMale ⊑p championInSingle,1,qwen-max-0125,0.0,8192,https://api2.aigcbest.top/v1,"判断结果：正确  
解释：根据子类关系语义规则，championInSingleMale的所有实例都属于championInSingle，符合语义规则且无明显冲突。",1,1,
sample_0105,subPropertyOf,colourHexCode ⊑p code,1,qwen-max-0125,0.0,8192,https://api2.aigcbest.top/v1,"判断结果：错误  
解释：根据子属性关系（subPropertyOf）语义规则，子属性关联的资源对必须满足父属性关系，但“colourHexCode”与“code”之间不存在明确的语义关联，且不符合常识。",0,0,
sample_0106,subPropertyOf,cosparId ⊑p code,1,qwen-max-0125,0.0,8192,https://api2.aigcbest.top/v1,"判断结果：错误  
解释：根据RDFS语义规则，子属性关系（subPropertyOf）要求属性cosparId的所有关联资源对也必须满足属性code的关系，但常识上两者并无明确的子属性语义关联。",0,0,
sample_0107,subPropertyOf,fdaUniiCode ⊑p code,1,qwen-max-0125,0.0,8192,https://api2.aigcbest.top/v1,"判断结果：错误  
解释：根据子属性关系语义规则，子属性必须继承父属性的定义域和值域，但此处未提供足够的信息证明fdaUniiCode满足code的定义域和值域要求。",0,0,
sample_0108,subPropertyOf,greekName ⊑p Name,1,qwen-max-0125,0.0,8192,https://api2.aigcbest.top/v1,"判断结果：错误  
解释：根据子属性关系语义规则，greekName作为属性应与Name具有关联性，但Name通常为类而非属性，因此违反语义规则。",0,0,
sample_0109,subPropertyOf,imdbId ⊑p code,1,qwen-max-0125,0.0,8192,https://api2.aigcbest.top/v1,"判断结果：错误  
解释：根据子属性关系语义规则，子属性必须继承父属性的定义域和值域，但imdbId和code之间不存在明确的继承关系。",0,0,
sample_0110,subPropertyOf,inseeCode ⊑p codeSettlement,1,qwen-max-0125,0.0,8192,https://api2.aigcbest.top/v1,"判断结果：错误  
解释：根据子属性关系语义规则，子属性必须继承父属性的定义域和值域，但inseeCode和codeSettlement不符合此约束。",0,0,
sample_0111,subPropertyOf,isPartOfMilitaryConflict ⊑p isPartOf,1,qwen-max-0125,0.0,8192,https://api2.aigcbest.top/v1,"判断结果：正确  
解释：根据子属性关系语义规则，isPartOfMilitaryConflict作为isPartOf的子属性，其关联的资源对也必须满足isPartOf关系，符合语义规则且无明显冲突。",1,1,
sample_0112,subPropertyOf,isPartOfWineRegion ⊑p isPartOf,1,qwen-max-0125,0.0,8192,https://api2.aigcbest.top/v1,"判断结果：正确  
解释：根据子属性关系语义规则，isPartOfWineRegion作为isPartOf的子属性，其关联的资源对也必须满足isPartOf关系，符合语义规则且无常识冲突。",1,1,
sample_0113,subPropertyOf,iso6391Code ⊑p LanguageCode,1,qwen-max-0125,0.0,8192,https://api2.aigcbest.top/v1,"判断结果：错误  
解释：根据子类关系语义规则，iso6391Code的所有实例应属于LanguageCode，但常识上iso6391Code是具体的编码属性，与LanguageCode类无直接子类关系。",0,0,
sample_0114,subPropertyOf,iso6392Code ⊑p LanguageCode,1,qwen-max-0125,0.0,8192,https://api2.aigcbest.top/v1,"判断结果：错误  
解释：根据子类关系语义规则，iso6392Code的所有实例应属于LanguageCode，但常识上iso6392Code是特定编码标准，与LanguageCode并非严格的子类关系。",0,0,
sample_0115,subPropertyOf,iso6393Code ⊑p LanguageCode,1,qwen-max-0125,0.0,8192,https://api2.aigcbest.top/v1,"判断结果：错误  
解释：根据子类关系语义规则，iso6393Code的所有实例应属于LanguageCode，但iso6393Code是特定编码标准，与LanguageCode无直接子类关系。",0,0,
sample_0116,subPropertyOf,latinName ⊑p Name,1,qwen-max-0125,0.0,8192,https://api2.aigcbest.top/v1,"判断结果：错误  
解释：根据子属性关系语义规则，latinName作为Name的子属性需满足所有通过latinName关联的资源对也满足Name关系，但latinName通常用于特定领域（如生物分类），并不普遍适用于Name的所有实例。",0,0,
sample_0117,subPropertyOf,literaryGenre ⊑p genre,1,qwen-max-0125,0.0,8192,https://api2.aigcbest.top/v1,"判断结果：正确  
解释：根据子类关系语义规则，literaryGenre作为genre的子类，其所有实例必然属于genre类，符合语义规则且无常识冲突。",1,1,
sample_0118,subPropertyOf,locationCity ⊑p location,1,qwen-max-0125,0.0,8192,https://api2.aigcbest.top/v1,"判断结果：错误  
解释：根据子属性关系语义规则，locationCity作为location的子属性需满足所有通过locationCity关联的资源对也满足location关系，但常识上locationCity特指城市位置，而location可以指任意位置，因此该公理不符合语义规则。",0,0,
sample_0119,subPropertyOf,locationCountry ⊑p location,1,qwen-max-0125,0.0,8192,https://api2.aigcbest.top/v1,"判断结果：错误  
解释：根据子属性关系语义规则，locationCountry作为属性应关联更具体的地理区域，而location过于宽泛，违反常识和语义约束。",0,0,
sample_0120,subPropertyOf,maximumDepth ⊑p depth,1,qwen-max-0125,0.0,8192,https://api2.aigcbest.top/v1,"判断结果：错误  
解释：根据子属性关系语义规则，maximumDepth作为属性无法直接与depth类形成子类关系。",0,0,
sample_0121,subPropertyOf,mayor ⊑p Leader,1,qwen-max-0125,0.0,8192,https://api2.aigcbest.top/v1,"判断结果：错误  
解释：根据子类关系语义规则，mayor作为类需为Leader的子类，但常识中“市长”并不一定是广义上的“领导者”，可能存在语义冲突。",0,0,
sample_0122,subPropertyOf,nextEvent ⊑p followedBy,1,qwen-max-0125,0.0,8192,https://api2.aigcbest.top/v1,"判断结果：错误  
解释：根据子属性关系语义规则，子属性必须继承父属性的关联关系，但“nextEvent”和“followedBy”在常识上不具备明确的继承关系。",0,0,
sample_0123,subPropertyOf,nextMission ⊑p followedBy,1,qwen-max-0125,0.0,8192,https://api2.aigcbest.top/v1,"判断结果：错误  
解释：根据子属性关系语义规则，nextMission作为followedBy的子属性需满足所有通过nextMission关联的资源对也满足followedBy关系，但常识上nextMission可能不具备followedBy的完整语义。",0,0,
sample_0124,subPropertyOf,officialSchoolColour ⊑p ColourName,1,qwen-max-0125,0.0,8192,https://api2.aigcbest.top/v1,"判断结果：错误  
解释：根据子类关系语义规则，officialSchoolColour的所有实例应属于ColourName，但官方学校颜色未必是颜色名称，可能存在语义冲突。",0,0,
sample_0125,subPropertyOf,owningOrganisation ⊑p owner,1,qwen-max-0125,0.0,8192,https://api2.aigcbest.top/v1,"判断结果：错误  
解释：根据子类关系语义规则，子类的所有实例必须属于父类，但“owningOrganisation”和“owner”之间不存在明确的子类关系，且常识上两者语义不一致。",0,0,
sample_0126,subPropertyOf,postalCode ⊑p code,1,qwen-max-0125,0.0,8192,https://api2.aigcbest.top/v1,"判断结果：错误  
解释：根据子属性关系语义规则，子属性应继承父属性的定义域和值域，但“postalCode”和“code”之间缺乏明确的继承关系或常识支持。",0,0,
sample_0127,subPropertyOf,schoolCode ⊑p code,1,qwen-max-0125,0.0,8192,https://api2.aigcbest.top/v1,"判断结果：错误  
解释：根据子属性关系语义规则，schoolCode作为code的子属性需满足所有通过schoolCode关联的资源对也满足code关系，但schoolCode与code之间不存在明确的子属性语义关联。",0,0,
sample_0128,subPropertyOf,bronzeMedalist ⊑p Medalist,1,qwen-max-0125,0.0,8192,https://api2.aigcbest.top/v1,"判断结果：正确  
解释：根据子类关系语义规则，bronzeMedalist作为Medalist的子类，其所有实例必然属于Medalist类，符合语义规则且无常识冲突。",1,1,
sample_0129,subPropertyOf,championInDoubleFemale ⊑p championInDouble,1,qwen-max-0125,0.0,8192,https://api2.aigcbest.top/v1,"判断结果：正确  
解释：根据子类关系语义规则，championInDoubleFemale的所有实例也必须是championInDouble的实例，符合逻辑和常识。",1,1,
sample_0130,subPropertyOf,championInMixedDouble ⊑p championInDouble,1,qwen-max-0125,0.0,8192,https://api2.aigcbest.top/v1,"判断结果：正确  
解释：根据子类关系语义规则，championInMixedDouble的所有实例也必须是championInDouble的实例，符合混合双打冠军属于双打冠军的常识。",1,1,
sample_0131,subPropertyOf,championInSingleFemale ⊑p championInSingle,1,qwen-max-0125,0.0,8192,https://api2.aigcbest.top/v1,"判断结果：正确  
解释：根据子类关系语义规则，championInSingleFemale的所有实例也必须是championInSingle的实例，符合逻辑和常识。",1,1,
sample_0132,subPropertyOf,goldMedalist ⊑p Medalist,1,qwen-max-0125,0.0,8192,https://api2.aigcbest.top/v1,"判断结果：正确  
解释：根据子类关系语义规则，goldMedalist的所有实例都属于Medalist，符合语义规则且无常识冲突。",1,1,
sample_0133,subPropertyOf,isPartOfAnatomicalStructure ⊑p isPartOf,1,qwen-max-0125,0.0,8192,https://api2.aigcbest.top/v1,"判断结果：正确  
解释：根据子属性关系语义规则，isPartOfAnatomicalStructure作为isPartOf的子属性，其关联的资源对也必须满足isPartOf关系，符合语义规则且无常识冲突。",1,1,
sample_0134,subPropertyOf,originalLanguage ⊑p language,1,qwen-max-0125,0.0,8192,https://api2.aigcbest.top/v1,"判断结果：正确  
解释：根据子属性关系语义规则，originalLanguage作为language的子属性，其关联的资源对也必须满足language关系，这符合语义规则且无常识冲突。",1,1,
sample_0135,subPropertyOf,premiereDate ⊑p releaseDate,1,qwen-max-0125,0.0,8192,https://api2.aigcbest.top/v1,"判断结果：正确  
解释：根据子属性关系语义规则，premiereDate作为releaseDate的子属性，其关联的资源对也必须满足releaseDate关系，符合语义规则且无常识冲突。",1,1,
sample_0136,subPropertyOf,premiereYear ⊑p releaseYear,1,qwen-max-0125,0.0,8192,https://api2.aigcbest.top/v1,"判断结果：正确  
解释：根据子属性关系语义规则，premiereYear作为releaseYear的子属性，其关联的资源对也必须满足releaseYear的关系，符合语义规则且无常识冲突。",1,1,
sample_0137,subPropertyOf,rankingWins ⊑p Wins,1,qwen-max-0125,0.0,8192,https://api2.aigcbest.top/v1,"判断结果：错误  
解释：根据子类关系语义规则，子类的所有实例必须属于父类，但“rankingWins”与“Wins”之间的关系未明确符合此规则，且常识上无法直接推断其成立。",0,0,
sample_0138,subPropertyOf,silverMedalist ⊑p Medalist,1,qwen-max-0125,0.0,8192,https://api2.aigcbest.top/v1,"判断结果：正确  
解释：根据子类关系语义规则，silverMedalist作为Medalist的子类，其所有实例必然属于Medalist类，符合语义规则且无常识冲突。",1,1,
sample_0139,subPropertyOf,atcCode ⊑p code,1,qwen-max-0125,0.0,8192,https://api2.aigcbest.top/v1,"判断结果：错误  
解释：根据RDFS语义规则，子属性关系（subPropertyOf）要求“任意通过P关联的资源对也必须满足Q关系”，但“atcCode ⊑p code”未明确表明这种约束是否成立，且从常识看，ATC代码与通用代码之间不存在明显的子属性语义关系。",0,0,
sample_0140,subPropertyOf,muteCharacterInPlay ⊑p characterInPlay,1,qwen-max-0125,0.0,8192,https://api2.aigcbest.top/v1,"判断结果：正确  
解释：根据子类关系语义规则，muteCharacterInPlay的所有实例都属于characterInPlay，符合语义规则且无常识冲突。",1,1,
sample_0141,subPropertyOf,chorusCharacterInPlay ⊑p characterInPlay,1,qwen-max-0125,0.0,8192,https://api2.aigcbest.top/v1,"判断结果：正确  
解释：根据子类关系语义规则，chorusCharacterInPlay作为characterInPlay的子类，其所有实例必然属于characterInPlay，符合语义规则且无常识冲突。",1,1,
sample_0142,subPropertyOf,ceeb ⊑p code,1,qwen-max-0125,0.0,8192,https://api2.aigcbest.top/v1,"判断结果：错误  
解释：公理表达不清晰，无法识别其类型（subClassOf / subPropertyOf / domain / range），且不符合RDFS语义规则的规范表达。",0,0,
sample_0143,subPropertyOf,aitaCode ⊑p code,1,qwen-max-0125,0.0,8192,https://api2.aigcbest.top/v1,"判断结果：错误  
解释：公理未明确类型且不符合RDFS语义规则的任何一种形式，无法识别其为子类、子属性、定义域或值域关系。",0,0,
sample_0144,subPropertyOf,albumRuntime ⊑p runtime,1,qwen-max-0125,0.0,8192,https://api2.aigcbest.top/v1,"判断结果：错误  
解释：根据子属性关系语义规则，albumRuntime作为属性必须与runtime具有相同的关联资源对，但常识上albumRuntime描述专辑时长，而runtime通常描述运行时长，二者语义不符。",0,0,
sample_0145,subPropertyOf,awayColourHexCode ⊑p colourHexCode,1,qwen-max-0125,0.0,8192,https://api2.aigcbest.top/v1,"判断结果：错误  
解释：根据子属性关系（subPropertyOf）语义规则，子属性必须继承父属性的定义域和值域，但“awayColourHexCode”与“colourHexCode”之间不存在明确的继承关系，且不符合常识。",0,0,
sample_0146,subPropertyOf,bibsysId ⊑p code,1,qwen-max-0125,0.0,8192,https://api2.aigcbest.top/v1,"判断结果：错误  
解释：根据RDFS语义规则，子属性关系（subPropertyOf）要求属性“bibsysId”和“code”之间存在明确的层级关联，但此处未提供足够的信息表明这种关系成立。",0,0,
sample_0147,subPropertyOf,bnfId ⊑p code,1,qwen-max-0125,0.0,8192,https://api2.aigcbest.top/v1,"判断结果：错误  
解释：公理未明确类型且不符合RDFS语义规则的任何一种形式。",0,0,
sample_0148,subPropertyOf,bpnId ⊑p code,1,qwen-max-0125,0.0,8192,https://api2.aigcbest.top/v1,"判断结果：错误  
解释：公理表达形式不符合RDFS语义规则，无法识别为有效的subClassOf、subPropertyOf、domain或range关系。",0,0,
sample_0149,subPropertyOf,brinCode ⊑p code,1,qwen-max-0125,0.0,8192,https://api2.aigcbest.top/v1,"判断结果：错误  
解释：根据子类关系语义规则，brinCode作为类需是code的子类，但常识上无法确认两者间的层级关系，可能存在语义冲突。",0,0,
sample_0150,subPropertyOf,championInDouble ⊑p champion,1,qwen-max-0125,0.0,8192,https://api2.aigcbest.top/v1,"判断结果：错误  
解释：根据子类关系语义规则，championInDouble的所有实例应属于champion，但常识上“双打冠军”并不一定是“冠军”的子集。",0,0,
sample_0151,subPropertyOf,championInSingle ⊑p champion,1,qwen-max-0125,0.0,8192,https://api2.aigcbest.top/v1,"判断结果：错误  
解释：根据子类关系语义规则，championInSingle的所有实例应属于champion，但常识上“单打冠军”并不一定是“冠军”的子集，可能存在其他类型的冠军（如双打冠军）。",0,0,
sample_0152,subPropertyOf,chief ⊑p Leader,1,qwen-max-0125,0.0,8192,https://api2.aigcbest.top/v1,"判断结果：正确  
解释：根据子类关系语义规则，chief的所有实例都属于Leader，符合语义规则且无明显冲突。",1,1,
sample_0153,subPropertyOf,codeIndex ⊑p code,1,qwen-max-0125,0.0,8192,https://api2.aigcbest.top/v1,"判断结果：错误  
解释：根据子类关系语义规则，codeIndex的所有实例应属于code，但常识上索引与代码实体之间不存在此类包含关系。",0,0,
sample_0154,subPropertyOf,codeListOfHonour ⊑p code,1,qwen-max-0125,0.0,8192,https://api2.aigcbest.top/v1,"判断结果：错误  
解释：根据子类关系语义规则，codeListOfHonour的所有实例应属于code，但常识上“荣誉代码列表”并非“代码”的子集，存在语义冲突。",0,0,
sample_0155,subPropertyOf,codeMemorial ⊑p Code,1,qwen-max-0125,0.0,8192,https://api2.aigcbest.top/v1,"判断结果：错误  
解释：根据子类关系语义规则，codeMemorial的所有实例应属于Code，但常识上“纪念代码”不一定是“代码”的子集。",0,0,
sample_0156,subPropertyOf,codeMunicipalMonument ⊑p code,1,qwen-max-0125,0.0,8192,https://api2.aigcbest.top/v1,"判断结果：错误  
解释：根据子类关系语义规则，codeMunicipalMonument的所有实例应属于code，但常识上“市政纪念碑代码”不是“代码”的子类，存在语义冲突。",0,0,
sample_0157,subPropertyOf,codeNationalMonument ⊑p code,1,qwen-max-0125,0.0,8192,https://api2.aigcbest.top/v1,"判断结果：错误  
解释：根据子类关系语义规则，codeNationalMonument的所有实例应属于code，但常识上“国家纪念碑代码”并不是“代码”的子集，存在语义冲突。",0,0,
sample_0158,subPropertyOf,codeProvincialMonument ⊑p code,1,qwen-max-0125,0.0,8192,https://api2.aigcbest.top/v1,"判断结果：错误  
解释：根据子类关系语义规则，codeProvincialMonument的所有实例应属于code，但常识上“省级纪念碑代码”不是“代码”的子类，存在语义冲突。",0,0,
sample_0159,subPropertyOf,codeStockExchange ⊑p code,1,qwen-max-0125,0.0,8192,https://api2.aigcbest.top/v1,"判断结果：错误  
解释：根据子类关系语义规则，codeStockExchange的所有实例应属于code，但常识上股票交易所代码与一般代码无明确子类关系。",0,0,
sample_0160,subPropertyOf,commandant ⊑p keyPerson,1,qwen-max-0125,0.0,8192,https://api2.aigcbest.top/v1,"判断结果：错误  
解释：根据子类关系语义规则，commandant的所有实例应属于keyPerson，但常识上“指挥官”并不一定是“关键人物”的子集，存在语义冲突。",0,0,
sample_0161,subPropertyOf,communityIsoCode ⊑p isoCode,1,qwen-max-0125,0.0,8192,https://api2.aigcbest.top/v1,"判断结果：错误  
解释：根据子属性关系语义规则，communityIsoCode作为isoCode的子属性需满足isoCode的所有约束，但未提供足够信息证明其符合定义域或值域要求。",0,0,
sample_0162,subPropertyOf,dfE ⊑p code,1,qwen-max-0125,0.0,8192,https://api2.aigcbest.top/v1,"判断结果：错误  
解释：公理表达形式不符合RDFS语义规则的标准描述，无法识别其类型及语义关系。",0,0,
sample_0163,subPropertyOf,distanceToCapital ⊑p Distance,1,qwen-max-0125,0.0,8192,https://api2.aigcbest.top/v1,"判断结果：错误  
解释：根据子属性关系语义规则，distanceToCapital作为Distance的子属性需满足其所有关联资源对也符合Distance关系，但distanceToCapital明显是一个具体属性，而Distance更像是一个类，二者语义不符。",0,0,
sample_0164,subPropertyOf,dutchArtworkCode ⊑p code,1,qwen-max-0125,0.0,8192,https://api2.aigcbest.top/v1,"判断结果：错误  
解释：根据子属性关系语义规则，dutchArtworkCode作为属性必须与code具有相同的关联资源对，但此处明显不符合常识逻辑。",0,0,
sample_0165,subPropertyOf,dutchMIPCode ⊑p Code,1,qwen-max-0125,0.0,8192,https://api2.aigcbest.top/v1,"判断结果：错误  
解释：根据子类关系语义规则，dutchMIPCode的所有实例应属于Code，但常识上dutchMIPCode可能是一个特定编码体系，未必是Code的子类。",0,0,
sample_0166,subPropertyOf,dutchNAIdentifier ⊑p code,1,qwen-max-0125,0.0,8192,https://api2.aigcbest.top/v1,"判断结果：错误  
解释：根据RDFS语义规则，子属性关系（subPropertyOf）要求主体和客体均为属性，而此处“dutchNAIdentifier”和“code”未明确为属性，可能存在类型冲突。",0,0,
sample_0167,subPropertyOf,dutchPPNCode ⊑p code,1,qwen-max-0125,0.0,8192,https://api2.aigcbest.top/v1,"判断结果：错误  
解释：根据子属性关系语义规则，dutchPPNCode作为属性必须与code具有相同的关联资源对，但此处明显不符合常识逻辑。",0,0,
sample_0168,subPropertyOf,dutchWinkelID ⊑p code,1,qwen-max-0125,0.0,8192,https://api2.aigcbest.top/v1,"判断结果：错误  
解释：根据RDFS语义规则，子类关系（subClassOf）要求左侧为类，右侧也为类，而此处右侧为属性“code”，违反了语义规则。",0,0,
sample_0169,subPropertyOf,eastPlace ⊑p closeTo,1,qwen-max-0125,0.0,8192,https://api2.aigcbest.top/v1,"判断结果：错误  
解释：根据子类关系语义规则，eastPlace的所有实例应属于closeTo，但“东方地点”并不一定总是“接近某个地点”，存在语义冲突。",0,0,
sample_0170,subPropertyOf,ekatteCode ⊑p codeSettlement,1,qwen-max-0125,0.0,8192,https://api2.aigcbest.top/v1,"判断结果：错误  
解释：根据子属性关系语义规则，ekatteCode作为属性无法直接与codeSettlement类形成子类关系。",0,0,
sample_0171,subPropertyOf,featuring ⊑p artist,1,qwen-max-0125,0.0,8192,https://api2.aigcbest.top/v1,"判断结果：错误  
解释：根据子属性关系语义规则，featuring作为artist的子属性需满足所有通过featuring关联的资源对也满足artist关系，但常识上featuring并不总是表示artist关系，可能存在语义冲突。",0,0,
sample_0172,subPropertyOf,filmPolskiId ⊑p code,1,qwen-max-0125,0.0,8192,https://api2.aigcbest.top/v1,"判断结果：错误  
解释：根据子类关系语义规则，filmPolskiId的所有实例应属于code，但常识上ID与代码类之间不存在此类层级关系。",0,0,
sample_0173,subPropertyOf,filmRuntime ⊑p runtime,1,qwen-max-0125,0.0,8192,https://api2.aigcbest.top/v1,"判断结果：错误  
解释：根据子属性关系语义规则，filmRuntime作为runtime的子属性需满足所有通过filmRuntime关联的资源对也满足runtime关系，但filmRuntime和runtime未明确体现此语义约束。",0,0,
sample_0174,subPropertyOf,firstPublisher ⊑p publisher,1,qwen-max-0125,0.0,8192,https://api2.aigcbest.top/v1,"判断结果：正确  
解释：根据子属性关系语义规则，firstPublisher作为publisher的子属性，其关联的资源对也必须满足publisher关系，符合语义规则且无常识冲突。",1,1,
sample_0175,subPropertyOf,highestAltitude ⊑p altitude,1,qwen-max-0125,0.0,8192,https://api2.aigcbest.top/v1,"判断结果：错误  
解释：根据子属性关系语义规则，子属性应继承父属性的定义域和值域，但“highestAltitude”作为“altitude”的子属性不符合常识逻辑，因为最高海拔不一定是海拔的一种具体实例。",0,0,
sample_0176,subPropertyOf,homeColourHexCode ⊑p colourHexCode,1,qwen-max-0125,0.0,8192,https://api2.aigcbest.top/v1,"判断结果：错误  
解释：根据子属性关系语义规则，homeColourHexCode作为colourHexCode的子属性需满足所有通过homeColourHexCode关联的资源对也符合colourHexCode关系，但此公理未明确体现该语义约束。",0,0,
sample_0177,subPropertyOf,individualisedGnd ⊑p code,1,qwen-max-0125,0.0,8192,https://api2.aigcbest.top/v1,"判断结果：错误  
解释：公理未明确类型且不符合RDFS语义规则的任何一种形式（subClassOf、subPropertyOf、domain、range）。",0,0,
sample_0178,subPropertyOf,isniId ⊑p code,1,qwen-max-0125,0.0,8192,https://api2.aigcbest.top/v1,"判断结果：错误  
解释：公理“isniId ⊑p code”未明确类型且不符合RDFS语义规则中的子类或子属性关系定义。",0,0,
sample_0179,subPropertyOf,lccnId ⊑p code,1,qwen-max-0125,0.0,8192,https://api2.aigcbest.top/v1,"判断结果：错误  
解释：根据RDFS语义规则，子属性关系（subPropertyOf）要求属性“lccnId”关联的资源对也必须满足“code”关系，但“lccnId”作为标识符属性与“code”并无明确子属性语义关联。",0,0,
sample_0180,subPropertyOf,lowestAltitude ⊑p altitude,1,qwen-max-0125,0.0,8192,https://api2.aigcbest.top/v1,"判断结果：错误  
解释：根据RDFS语义规则，子属性关系（subPropertyOf）要求“lowestAltitude”作为“altitude”的子属性，但“lowestAltitude”描述的是一个具体值而非属性关系，因此不符合子属性语义规则。",0,0,
sample_0181,domain,domain(deathPlace) = Animal,1,qwen-max-0125,0.0,8192,https://api2.aigcbest.top/v1,"判断结果：错误  
解释：根据定义域语义规则，使用属性deathPlace的主体应属于类Animal，但常识上死亡地点通常与动物无直接关联，存在明显语义冲突。",0,0,
sample_0182,domain,domain(deathDate) = Animal,1,qwen-max-0125,0.0,8192,https://api2.aigcbest.top/v1,"判断结果：错误  
解释：属性deathDate的定义域为Animal，但死亡日期通常与生物的生命相关，不应仅限于动物类。",0,0,
sample_0183,domain,domain(birthPlace) = Animal,1,qwen-max-0125,0.0,8192,https://api2.aigcbest.top/v1,"判断结果：错误  
解释：属性birthPlace的定义域为Animal，但常识上birthPlace通常用于描述地点，与Animal类不匹配，存在语义冲突。",0,0,
sample_0184,domain,domain(birthDate) = Animal,1,qwen-max-0125,0.0,8192,https://api2.aigcbest.top/v1,"判断结果：错误  
解释：属性birthDate的定义域为Animal，意味着只有Animal类的实例可以拥有birthDate属性，这与常识冲突，因为通常只有具体个体（如人或动物）才有出生日期，而不是整个Animal类本身。",0,0,
sample_0185,domain,domain(curator) = Museum,1,qwen-max-0125,0.0,8192,https://api2.aigcbest.top/v1,"判断结果：错误  
解释：根据定义域语义规则，使用属性curator的主体必须属于类Museum，但常识上“curator”（馆长/策展人）通常是人，而不是博物馆本身，因此存在语义冲突。",0,0,
sample_0186,domain,domain(vehiclesInFleet) = PublicTransitSystem,1,qwen-max-0125,0.0,8192,https://api2.aigcbest.top/v1,"判断结果：错误  
解释：根据定义域语义规则，使用属性vehiclesInFleet的主体必须属于类PublicTransitSystem，但常识上“车队中的车辆”不一定都属于公共交通系统，可能存在语义冲突。",0,0,
sample_0187,domain,domain(associatedRocket) = LaunchPad,1,qwen-max-0125,0.0,8192,https://api2.aigcbest.top/v1,"判断结果：错误  
解释：根据定义域语义规则，使用属性associatedRocket的主体应属于类LaunchPad，但常识上火箭（Rocket）与发射台（LaunchPad）的关系不符合此定义。",0,0,
sample_0188,domain,domain(firstLaunchDate) = LaunchPad,1,qwen-max-0125,0.0,8192,https://api2.aigcbest.top/v1,"判断结果：错误  
解释：根据定义域语义规则，使用firstLaunchDate属性的主体应属于类LaunchPad，但常识上首次发射日期通常与火箭或航天器相关，而非发射台。",0,0,
sample_0189,domain,domain(firstLaunchRocket) = LaunchPad,1,qwen-max-0125,0.0,8192,https://api2.aigcbest.top/v1,"判断结果：错误  
解释：根据定义域语义规则，使用firstLaunchRocket属性的主体应属于LaunchPad类，但常识上首次发射火箭的主体通常不是发射台而是火箭或相关事件。",0,0,
sample_0190,domain,domain(lastLaunchDate) = LaunchPad,1,qwen-max-0125,0.0,8192,https://api2.aigcbest.top/v1,"判断结果：错误  
解释：根据定义域语义规则，使用lastLaunchDate属性的主体应属于LaunchPad类，但常识上lastLaunchDate更可能与火箭或航天器相关，而非发射台。",0,0,
sample_0191,domain,domain(lastLaunchRocket) = LaunchPad,1,qwen-max-0125,0.0,8192,https://api2.aigcbest.top/v1,"判断结果：错误  
解释：根据定义域语义规则，使用lastLaunchRocket属性的主体应属于LaunchPad类，但常识上火箭发射平台（LaunchPad）不应作为该属性的主体，可能存在语义冲突。",0,0,
sample_0192,domain,domain(numberOfPads) = LaunchPad,1,qwen-max-0125,0.0,8192,https://api2.aigcbest.top/v1,"判断结果：错误  
解释：根据定义域语义规则，使用属性numberOfPads的主体必须属于类LaunchPad，但常识上numberOfPads更可能描述某种设备或对象的数量，而非直接限定主体为LaunchPad。",0,0,
sample_0193,domain,domain(previousInfrastructure) = Infrastructure,1,qwen-max-0125,0.0,8192,https://api2.aigcbest.top/v1,"判断结果：正确  
解释：根据定义域语义规则，使用属性previousInfrastructure的主体必须属于类Infrastructure，符合语义规则且无明显冲突。",1,1,
sample_0194,domain,domain(subsequentInfrastructure) = Infrastructure,1,qwen-max-0125,0.0,8192,https://api2.aigcbest.top/v1,"判断结果：正确  
解释：根据定义域语义规则，使用属性subsequentInfrastructure的主体必须属于类Infrastructure，符合语义规则且无明显冲突。",1,1,
sample_0195,domain,domain(meltingPoint) = ChemicalSubstance,1,qwen-max-0125,0.0,8192,https://api2.aigcbest.top/v1,"判断结果：正确  
解释：根据定义域语义规则，使用属性meltingPoint的主体必须属于ChemicalSubstance类，这符合化学物质具有熔点的常识。",1,1,
sample_0196,domain,domain(meltingPoint) = Drug,1,qwen-max-0125,0.0,8192,https://api2.aigcbest.top/v1,"判断结果：错误  
解释：根据定义域语义规则，使用属性meltingPoint的主体应属于类Drug，但常识上熔点属性通常用于描述物质而非药物专属。",0,0,
sample_0197,domain,domain(aoCloassification) = Disease,1,qwen-max-0125,0.0,8192,https://api2.aigcbest.top/v1,"判断结果：错误  
解释：根据定义域语义规则，属性aoCloassification的主体必须属于Disease类，但属性名称和常识表明其主体可能并非疾病类，存在语义冲突。",0,0,
sample_0198,domain,domain(nciId) = Disease,1,qwen-max-0125,0.0,8192,https://api2.aigcbest.top/v1,"判断结果：错误  
解释：根据语义规则，属性nciId的定义域为Disease，意味着使用nciId的主体必须属于Disease类，但常识上nciId更可能是一个标识符属性，其主体不一定是疾病类。",0,0,
sample_0199,domain,domain(suppreddedDate) = Saint,1,qwen-max-0125,0.0,8192,https://api2.aigcbest.top/v1,"判断结果：错误  
解释：属性suppreddedDate的定义域为Saint不符合常识，日期属性通常与时间或事件相关，而非特定人物或实体。",0,0,
sample_0200,domain,domain(releaseLocation) = Work,1,qwen-max-0125,0.0,8192,https://api2.aigcbest.top/v1,"判断结果：错误  
解释：根据定义域语义规则，使用属性releaseLocation的主体应属于类Work，但常识上“发布地点”通常与物理位置相关，而非作品（Work）。",0,0,
sample_0201,domain,domain(canBaggageChecked) = Station,1,qwen-max-0125,0.0,8192,https://api2.aigcbest.top/v1,"判断结果：错误  
解释：根据定义域语义规则，使用canBaggageChecked属性的主体必须属于Station类，但常识上“办理行李托运”通常与机场或航空公司相关，而非泛指所有站点。",0,0,
sample_0202,domain,domain(chemicalFormula) = ChemicalSubstance,1,qwen-max-0125,0.0,8192,https://api2.aigcbest.top/v1,"判断结果：正确  
解释：根据定义域语义规则，使用属性chemicalFormula的主体必须属于类ChemicalSubstance，这符合化学公式的常识性描述。",1,1,
sample_0203,domain,domain(formerBroadcastNetwork) = Broadcaster,1,qwen-max-0125,0.0,8192,https://api2.aigcbest.top/v1,"判断结果：正确  
解释：根据定义域语义规则，使用formerBroadcastNetwork属性的主体必须属于Broadcaster类，这符合语义规则且无明显冲突。",1,1,
sample_0204,domain,domain(lastAirDate) = Broadcaster,1,qwen-max-0125,0.0,8192,https://api2.aigcbest.top/v1,"判断结果：错误  
解释：根据定义域语义规则，使用lastAirDate属性的主体应属于Broadcaster类，但常识上lastAirDate更可能与电视节目或广播节目相关，而非广播公司。",0,0,
sample_0205,domain,domain(locusSupplementaryData) = Protein,1,qwen-max-0125,0.0,8192,https://api2.aigcbest.top/v1,"判断结果：错误  
解释：根据定义域语义规则，使用locusSupplementaryData属性的主体必须属于Protein类，但常识上该属性可能与基因座相关数据有关，未必限定于蛋白质类主体。",0,0,
sample_0206,domain,domain(lowerAge) = School,1,qwen-max-0125,0.0,8192,https://api2.aigcbest.top/v1,"判断结果：错误  
解释：根据定义域语义规则，使用属性lowerAge的主体必须属于类School，但常识中lowerAge通常用于描述人的年龄，与学校无直接关联，存在语义冲突。",0,0,
sample_0207,domain,domain(numberOfGraduateStudents) = EducationalInstitution,1,qwen-max-0125,0.0,8192,https://api2.aigcbest.top/v1,"判断结果：正确  
解释：属性numberOfGraduateStudents的定义域为EducationalInstitution，符合语义规则，因为只有教育机构才会有研究生数量这一属性。",1,1,
sample_0208,domain,domain(pictureFormat) = Broadcaster,1,qwen-max-0125,0.0,8192,https://api2.aigcbest.top/v1,"判断结果：错误  
解释：根据定义域语义规则，使用属性pictureFormat的主体应属于类Broadcaster，但常识上pictureFormat更可能与图片或媒体文件相关，而非广播者。",0,0,
sample_0209,domain,domain(reopeningDate) = ArchitecturalStructure,1,qwen-max-0125,0.0,8192,https://api2.aigcbest.top/v1,"判断结果：错误  
解释：根据定义域语义规则，使用属性reopeningDate的主体应属于类ArchitecturalStructure，但常识上“重新开放日期”更可能与场所或机构相关，而非特指建筑结构。",0,0,
sample_0210,domain,domain(sisterCollege) = College,1,qwen-max-0125,0.0,8192,https://api2.aigcbest.top/v1,"判断结果：正确  
解释：根据定义域语义规则，使用属性sisterCollege的主体必须属于类College，这符合公理的设定。",1,1,
sample_0211,domain,domain(uniprot) = Biomolecule,1,qwen-max-0125,0.0,8192,https://api2.aigcbest.top/v1,"判断结果：错误  
解释：根据定义域语义规则，使用属性uniprot的主体必须属于类Biomolecule，但常识中uniprot通常用于描述蛋白质相关资源，其主体未必限定为生物分子（Biomolecule）。",0,0,
sample_0212,domain,domain(upperAge) = School,1,qwen-max-0125,0.0,8192,https://api2.aigcbest.top/v1,"判断结果：错误  
解释：根据定义域语义规则，使用属性upperAge的主体必须属于类School，但常识中upperAge通常与人或年龄段相关，而非学校。",0,0,
sample_0213,domain,domain(projectBudgetFunding) = ResearchProject,1,qwen-max-0125,0.0,8192,https://api2.aigcbest.top/v1,"判断结果：错误  
解释：根据定义域语义规则，使用projectBudgetFunding属性的主体必须属于ResearchProject类，但常识上预算资金属性通常与项目相关，而不直接限定为主体必须是研究项目。",0,0,
sample_0214,domain,domain(projectBudgetTotal) = ResearchProject,1,qwen-max-0125,0.0,8192,https://api2.aigcbest.top/v1,"判断结果：错误  
解释：根据定义域语义规则，使用projectBudgetTotal属性的主体必须属于ResearchProject类，但项目预算总额属性通常适用于更广泛的项目类型，而不仅限于研究项目。",0,0,
sample_0215,domain,domain(projectEndDate) = Project,1,qwen-max-0125,0.0,8192,https://api2.aigcbest.top/v1,"判断结果：错误  
解释：根据定义域语义规则，使用projectEndDate属性的主体必须属于Project类，但项目结束日期通常描述的是项目的一个时间属性，而非项目本身为主体，存在语义冲突。",0,0,
sample_0216,domain,domain(projectStartDate) = Project,1,qwen-max-0125,0.0,8192,https://api2.aigcbest.top/v1,"判断结果：正确  
解释：根据定义域语义规则，使用属性projectStartDate的主体必须属于类Project，符合语义规则且无明显冲突。",1,1,
sample_0217,domain,domain(otherChannel) = Broadcaster,1,qwen-max-0125,0.0,8192,https://api2.aigcbest.top/v1,"判断结果：错误  
解释：根据定义域语义规则，使用otherChannel属性的主体必须属于Broadcaster类，但常识上“其他频道”并不一定与“广播公司”直接相关，可能存在语义冲突。",0,0,
sample_0218,domain,domain(statisticYear) = BaseballPlayer,1,qwen-max-0125,0.0,8192,https://api2.aigcbest.top/v1,"判断结果：错误  
解释：根据定义域语义规则，使用属性statisticYear的主体应属于BaseballPlayer类，但统计年份通常与数据或记录相关，而非直接与棒球运动员相关，存在明显语义冲突。",0,0,
sample_0219,domain,domain(diameter) = Engine,1,qwen-max-0125,0.0,8192,https://api2.aigcbest.top/v1,"判断结果：错误  
解释：根据定义域语义规则，使用属性diameter的主体必须属于类Engine，但直径通常用于描述圆形或球形物体的属性，与发动机（Engine）无直接关联，存在明显语义冲突。",0,0,
sample_0220,domain,domain(fuelTypeName) = PowerStation,1,qwen-max-0125,0.0,8192,https://api2.aigcbest.top/v1,"判断结果：错误  
解释：根据定义域语义规则，使用fuelTypeName属性的主体应属于PowerStation类，但常识上燃料类型名称的主体通常不是发电站。",0,0,
sample_0221,domain,domain(argueDate) = SupremeCourtOfTheUnitedStatesCase,1,qwen-max-0125,0.0,8192,https://api2.aigcbest.top/v1,"判断结果：错误  
解释：根据定义域语义规则，使用argueDate属性的主体必须属于SupremeCourtOfTheUnitedStatesCase类，但常识上argueDate可能适用于更广泛的法律案件，而不仅限于美国最高法院案件。",0,0,
sample_0222,domain,domain(decideDate) = SupremeCourtOfTheUnitedStatesCase,1,qwen-max-0125,0.0,8192,https://api2.aigcbest.top/v1,"判断结果：错误  
解释：根据定义域语义规则，使用属性decideDate的主体必须属于类SupremeCourtOfTheUnitedStatesCase，但决定日期通常与案件相关，而非直接属于案件类，存在语义冲突。",0,0,
sample_0223,domain,domain(numberOfClassrooms) = School,1,qwen-max-0125,0.0,8192,https://api2.aigcbest.top/v1,"判断结果：错误  
解释：根据定义域语义规则，使用属性“numberOfClassrooms”的主体必须属于类“School”，但常识上“numberOfClassrooms”可能适用于其他类型的教育机构（如大学或学院），因此存在语义冲突。",0,0,
sample_0224,domain,domain(wheelbase) = Automobile,1,qwen-max-0125,0.0,8192,https://api2.aigcbest.top/v1,"判断结果：错误  
解释：根据定义域语义规则，使用wheelbase属性的主体必须属于Automobile类，但wheelbase通常描述的是车辆的轴距，主体应为某种车辆属性而非Automobile本身，存在语义冲突。",0,0,
sample_0225,domain,domain(floorArea) = Building,1,qwen-max-0125,0.0,8192,https://api2.aigcbest.top/v1,"判断结果：错误  
解释：根据定义域语义规则，使用属性floorArea的主体必须属于类Building，但常识上floorArea可能用于描述其他类型的实体（如房间或土地），因此存在语义冲突。",0,0,
sample_0226,domain,domain(length) = Infrastructure,1,qwen-max-0125,0.0,8192,https://api2.aigcbest.top/v1,"判断结果：错误  
解释：根据定义域语义规则，使用属性length的主体必须属于类Infrastructure，但常识中length通常用于描述物理对象或抽象事物的长度，与基础设施类无必然关联。",0,0,
sample_0227,domain,domain(areaOfCatchment) = Lake,1,qwen-max-0125,0.0,8192,https://api2.aigcbest.top/v1,"判断结果：错误  
解释：根据定义域语义规则，使用areaOfCatchment属性的主体必须属于Lake类，但常识上“集水区面积”可以关联到其他类型的地理实体（如河流或湿地），而不局限于湖泊。",0,0,
sample_0228,domain,domain(shoreLength) = Lake,1,qwen-max-0125,0.0,8192,https://api2.aigcbest.top/v1,"判断结果：错误  
解释：根据定义域语义规则，使用shoreLength属性的主体必须属于Lake类，但常识上shoreLength（岸线长度）可能适用于其他类型的地理实体（如海洋、河流等），而不仅限于湖泊。",0,0,
sample_0229,domain,domain(volume) = Lake,1,qwen-max-0125,0.0,8192,https://api2.aigcbest.top/v1,"判断结果：错误  
解释：根据定义域语义规则，使用属性volume的主体必须属于类Lake，但常识中“体积”属性可以适用于多种实体（如物体、容器等），不限于湖泊。",0,0,
sample_0230,domain,domain(height) = MeanOfTransportation,1,qwen-max-0125,0.0,8192,https://api2.aigcbest.top/v1,"判断结果：错误  
解释：根据定义域语义规则，使用属性height的主体必须属于类MeanOfTransportation，但常识中高度（height）并非仅适用于交通工具。",0,0,
sample_0231,domain,domain(length) = MeanOfTransportation,1,qwen-max-0125,0.0,8192,https://api2.aigcbest.top/v1,"判断结果：错误  
解释：根据定义域语义规则，使用属性length的主体必须属于类MeanOfTransportation，但常识中长度属性通常适用于更广泛的对象，而不仅限于交通工具。",0,0,
sample_0232,domain,domain(weight) = MeanOfTransportation,1,qwen-max-0125,0.0,8192,https://api2.aigcbest.top/v1,"判断结果：错误  
解释：根据定义域语义规则，使用属性weight的主体必须属于类MeanOfTransportation，但常识中“重量”属性可以适用于许多其他类（如人、动物等），不限于交通工具。",0,0,
sample_0233,domain,domain(width) = MeanOfTransportation,1,qwen-max-0125,0.0,8192,https://api2.aigcbest.top/v1,"判断结果：错误  
解释：宽度（width）属性的定义域为交通工具（MeanOfTransportation）不符合常识，因为宽度可以适用于许多其他对象，而不仅限于交通工具。",0,0,
sample_0234,domain,domain(height) = Person,1,qwen-max-0125,0.0,8192,https://api2.aigcbest.top/v1,"判断结果：错误  
解释：根据定义域语义规则，使用属性height的主体必须属于类Person，但常识中高度属性也可用于其他实体（如物体、建筑物等），因此存在语义冲突。",0,0,
sample_0235,domain,domain(weight) = Person,1,qwen-max-0125,0.0,8192,https://api2.aigcbest.top/v1,"判断结果：错误  
解释：根据定义域语义规则，使用属性weight的主体必须属于类Person，但常识中重量属性通常适用于物体或实体，而不仅限于人。",0,0,
sample_0236,domain,domain(apoapsis) = Planet,1,qwen-max-0125,0.0,8192,https://api2.aigcbest.top/v1,"判断结果：错误  
解释：根据定义域语义规则，使用属性apoapsis的主体必须属于类Planet，但apoapsis通常用于描述天体轨道的远地点，其主体应为轨道或相关对象，而非行星。",0,0,
sample_0237,domain,domain(averageSpeed) = Planet,1,qwen-max-0125,0.0,8192,https://api2.aigcbest.top/v1,"判断结果：错误  
解释：根据定义域语义规则，使用averageSpeed属性的主体应属于Planet类，但常识上平均速度通常与运动物体（如车辆、动物等）相关，而非行星。",0,0,
sample_0238,domain,domain(density) = Planet,1,qwen-max-0125,0.0,8192,https://api2.aigcbest.top/v1,"判断结果：错误  
解释：根据定义域语义规则，使用属性density的主体必须属于类Planet，但密度（density）通常用于描述物质或天体的特性，其主体不一定是行星（Planet）。",0,0,
sample_0239,domain,domain(mass) = Planet,1,qwen-max-0125,0.0,8192,https://api2.aigcbest.top/v1,"判断结果：错误  
解释：根据定义域语义规则，使用属性mass的主体必须属于Planet类，但常识上质量（mass）可以用于描述多种实体，不仅限于行星（Planet）。",0,0,
sample_0240,domain,domain(maximumTemperature) = Planet,1,qwen-max-0125,0.0,8192,https://api2.aigcbest.top/v1,"判断结果：错误  
解释：根据定义域语义规则，使用属性maximumTemperature的主体应属于类Planet，但常识上温度属性通常与具体地点或物体相关，而非行星整体。",0,0,
sample_0241,domain,domain(meanRadius) = Planet,1,qwen-max-0125,0.0,8192,https://api2.aigcbest.top/v1,"判断结果：错误  
解释：根据定义域语义规则，使用meanRadius属性的主体必须属于Planet类，但常识上meanRadius也可用于其他天体（如卫星或恒星），因此存在语义冲突。",0,0,
sample_0242,domain,domain(meanTemperature) = Planet,1,qwen-max-0125,0.0,8192,https://api2.aigcbest.top/v1,"判断结果：错误  
解释：根据定义域语义规则，使用meanTemperature属性的主体应属于Planet类，但常识上温度属性通常与具体地点或物体相关，而非行星整体。",0,0,
sample_0243,domain,domain(minimumTemperature) = Planet,1,qwen-max-0125,0.0,8192,https://api2.aigcbest.top/v1,"判断结果：错误  
解释：根据定义域语义规则，使用minimumTemperature属性的主体应属于Planet类，但常识上温度属性通常与具体地点或物体相关，而非行星整体。",0,0,
sample_0244,domain,domain(orbitalPeriod) = Planet,1,qwen-max-0125,0.0,8192,https://api2.aigcbest.top/v1,"判断结果：错误  
解释：根据定义域语义规则，使用orbitalPeriod属性的主体必须属于Planet类，但常识上orbitalPeriod也可用于其他天体（如卫星或小行星），因此存在语义冲突。",0,0,
sample_0245,domain,domain(periapsis) = Planet,1,qwen-max-0125,0.0,8192,https://api2.aigcbest.top/v1,"判断结果：错误  
解释：根据定义域语义规则，使用属性periapsis的主体必须属于类Planet，但常识上periapsis描述的是天体轨道的一个点，与行星类无直接约束关系，因此存在语义冲突。",0,0,
sample_0246,domain,domain(temperature) = Planet,1,qwen-max-0125,0.0,8192,https://api2.aigcbest.top/v1,"判断结果：错误  
解释：根据定义域语义规则，使用temperature属性的主体应属于Planet类，但常识上温度属性通常与具体物体或环境相关，而非行星。",0,0,
sample_0247,domain,domain(volume) = Planet,1,qwen-max-0125,0.0,8192,https://api2.aigcbest.top/v1,"判断结果：错误  
解释：根据定义域语义规则，使用属性volume的主体必须属于类Planet，但常识中体积(volume)可以用于多种实体，不局限于行星(Planet)。",0,0,
sample_0248,domain,domain(area) = PopulatedPlace,1,qwen-max-0125,0.0,8192,https://api2.aigcbest.top/v1,"判断结果：错误  
解释：根据定义域语义规则，使用属性area的主体必须属于类PopulatedPlace，但常识上“面积”属性通常与地理区域相关，而不特指有人居住的地方。",0,0,
sample_0249,domain,domain(areaMetro) = PopulatedPlace,1,qwen-max-0125,0.0,8192,https://api2.aigcbest.top/v1,"判断结果：错误  
解释：根据定义域语义规则，使用属性areaMetro的主体必须属于类PopulatedPlace，但areaMetro通常用于描述地理区域面积，与PopulatedPlace无直接关联，存在语义冲突。",0,0,
sample_0250,domain,domain(areaTotal) = PopulatedPlace,1,qwen-max-0125,0.0,8192,https://api2.aigcbest.top/v1,"判断结果：错误  
解释：根据定义域语义规则，使用属性areaTotal的主体必须属于类PopulatedPlace，但常识上总面积（areaTotal）通常与地理区域（如城市、国家等）相关，而非直接与有人居住的地方（PopulatedPlace）绑定。",0,0,
sample_0251,domain,domain(areaUrban) = PopulatedPlace,1,qwen-max-0125,0.0,8192,https://api2.aigcbest.top/v1,"判断结果：错误  
解释：根据定义域语义规则，使用属性areaUrban的主体必须属于类PopulatedPlace，但常识上“城市区域”属性不一定仅适用于“有人居住的地方”，可能存在语义冲突。",0,0,
sample_0252,domain,domain(populationDensity) = PopulatedPlace,1,qwen-max-0125,0.0,8192,https://api2.aigcbest.top/v1,"判断结果：正确  
解释：根据定义域语义规则，使用populationDensity属性的主体必须属于PopulatedPlace类，这符合常识和语义规则。",1,1,
sample_0253,domain,domain(populationMetroDensity) = PopulatedPlace,1,qwen-max-0125,0.0,8192,https://api2.aigcbest.top/v1,"判断结果：正确  
解释：根据定义域语义规则，使用属性populationMetroDensity的主体必须属于类PopulatedPlace，这符合语义规则且无明显常识冲突。",1,1,
sample_0254,domain,domain(populationUrbanDensity) = PopulatedPlace,1,qwen-max-0125,0.0,8192,https://api2.aigcbest.top/v1,"判断结果：正确  
解释：根据定义域语义规则，使用属性populationUrbanDensity的主体必须属于类PopulatedPlace，这符合常识和语义规则。",1,1,
sample_0255,domain,domain(fileSize) = Software,1,qwen-max-0125,0.0,8192,https://api2.aigcbest.top/v1,"判断结果：错误  
解释：根据定义域语义规则，使用fileSize属性的主体应属于Software类，但常识上文件大小（fileSize）通常描述文件而非软件。",0,0,
sample_0256,domain,domain(missionDuration) = SpaceMission,1,qwen-max-0125,0.0,8192,https://api2.aigcbest.top/v1,"判断结果：错误  
解释：根据定义域语义规则，使用missionDuration属性的主体应属于SpaceMission类，但常识上“任务时长”通常与任务相关联，而非直接属于任务类本身，因此存在语义冲突。",0,0,
sample_0257,domain,domain(runtime) = Work,1,qwen-max-0125,0.0,8192,https://api2.aigcbest.top/v1,"判断结果：错误  
解释：根据定义域语义规则，使用属性runtime的主体必须属于类Work，但常识中“runtime”通常与程序或软件相关，而非“工作（Work）”。",0,0,
sample_0258,domain,domain(absoluteMagnitude) = CelestialBody,1,qwen-max-0125,0.0,8192,https://api2.aigcbest.top/v1,"判断结果：正确  
解释：根据定义域语义规则，使用属性absoluteMagnitude的主体必须属于类CelestialBody，这符合天文学常识，因为绝对星等是天体的属性。",1,1,
sample_0259,domain,domain(academicAdvisor) = Scientist,1,qwen-max-0125,0.0,8192,https://api2.aigcbest.top/v1,"判断结果：错误  
解释：根据定义域语义规则，使用academicAdvisor属性的主体必须属于Scientist类，但常识上学术顾问不一定是科学家。",0,0,
sample_0260,domain,domain(academicDiscipline) = AcademicJournal,1,qwen-max-0125,0.0,8192,https://api2.aigcbest.top/v1,"判断结果：错误  
解释：根据定义域语义规则，属性academicDiscipline的主体应属于类AcademicJournal，但常识上学术领域（academicDiscipline）通常与人或研究相关，而非学术期刊（AcademicJournal）。",0,0,
sample_0261,domain,domain(acquirementDate) = Ship,1,qwen-max-0125,0.0,8192,https://api2.aigcbest.top/v1,"判断结果：错误  
解释：根据定义域语义规则，使用属性acquirementDate的主体必须属于类Ship，但常识上“获取日期”通常与事件或物品相关，而不应限定为船舶。",0,0,
sample_0262,domain,domain(activeYears) = Person,1,qwen-max-0125,0.0,8192,https://api2.aigcbest.top/v1,"判断结果：正确  
解释：根据定义域语义规则，使用属性activeYears的主体必须属于类Person，这符合语义规则且与常识一致。",1,1,
sample_0263,domain,domain(address) = Place,1,qwen-max-0125,0.0,8192,https://api2.aigcbest.top/v1,"判断结果：错误  
解释：根据定义域语义规则，使用address属性的主体应属于Place类，但常识中地址通常与地点相关联，而非主体本身属于地点。",0,0,
sample_0264,domain,domain(administrativeCenter) = AdministrativeRegion,1,qwen-max-0125,0.0,8192,https://api2.aigcbest.top/v1,"判断结果：错误  
解释：根据定义域语义规则，使用属性administrativeCenter的主体应属于类AdministrativeRegion，但常识上行政中心通常是一个城市或地点，而非行政区域本身，存在语义冲突。",0,0,
sample_0265,domain,domain(administrativeCollectivity) = Settlement,1,qwen-max-0125,0.0,8192,https://api2.aigcbest.top/v1,"判断结果：错误  
解释：根据定义域语义规则，使用属性administrativeCollectivity的主体必须属于Settlement类，但常识上行政集体性通常与更大的地理或政治区域相关，而非仅限于定居点。",0,0,
sample_0266,domain,domain(administrativeDistrict) = Settlement,1,qwen-max-0125,0.0,8192,https://api2.aigcbest.top/v1,"判断结果：错误  
解释：根据定义域语义规则，使用属性administrativeDistrict的主体必须属于Settlement类，但常识上行政区域通常与更大的地理或政治单位相关，而非仅限于聚居地（Settlement）。",0,0,
sample_0267,domain,domain(agency) = Person,1,qwen-max-0125,0.0,8192,https://api2.aigcbest.top/v1,"判断结果：错误  
解释：根据定义域语义规则，使用属性“agency”的主体必须属于类“Person”，但“agency”通常表示机构或代理关系，其主体不一定是“Person”，可能存在语义冲突。",0,0,
sample_0268,domain,domain(agencyStationCode) = Station,1,qwen-max-0125,0.0,8192,https://api2.aigcbest.top/v1,"判断结果：正确  
解释：根据定义域语义规则，使用属性agencyStationCode的主体必须属于类Station，符合语义规则且无明显冲突。",1,1,
sample_0269,domain,domain(albedo) = Planet,1,qwen-max-0125,0.0,8192,https://api2.aigcbest.top/v1,"判断结果：错误  
解释：根据定义域语义规则，使用属性albedo的主体必须属于Planet类，但albedo（反照率）通常用于描述天体表面反射光线的能力，其主体不一定是行星，还可能是卫星、小行星等其他天体类型。",0,0,
sample_0270,domain,domain(allegiance) = Person,1,qwen-max-0125,0.0,8192,https://api2.aigcbest.top/v1,"判断结果：错误  
解释：根据定义域语义规则，使用属性allegiance的主体必须属于Person类，但常识中allegiance的主体可能包括组织、国家等非Person实体，因此存在语义冲突。",0,0,
sample_0271,domain,domain(alliance) = Airline,1,qwen-max-0125,0.0,8192,https://api2.aigcbest.top/v1,"判断结果：错误  
解释：根据定义域语义规则，使用属性“alliance”的主体必须属于类“Airline”，但常识中“alliance”（联盟）通常关联的是组织或实体，不局限于航空公司。",0,0,
sample_0272,domain,domain(almaMater) = Person,1,qwen-max-0125,0.0,8192,https://api2.aigcbest.top/v1,"判断结果：错误  
解释：根据定义域语义规则，使用属性almaMater的主体必须属于类Person，但常识上almaMater通常用于描述教育机构与人的关系，其主体应为教育机构而非Person。",0,0,
sample_0273,domain,domain(apoapsis) = CelestialBody,1,qwen-max-0125,0.0,8192,https://api2.aigcbest.top/v1,"判断结果：错误  
解释：根据定义域语义规则，使用属性apoapsis的主体应属于CelestialBody类，但apoapsis通常描述天体轨道的远地点，其主体通常是轨道或相关天文对象，而非天体本身，存在语义冲突。",0,0,
sample_0274,domain,domain(apparentMagnitude) = Planet,1,qwen-max-0125,0.0,8192,https://api2.aigcbest.top/v1,"判断结果：错误  
解释：根据定义域语义规则，使用属性apparentMagnitude的主体必须属于Planet类，但视星等（apparentMagnitude）通常用于描述天体（包括恒星、行星等），不限于行星，因此存在语义冲突。",0,0,
sample_0275,domain,domain(archipelago) = Island,1,qwen-max-0125,0.0,8192,https://api2.aigcbest.top/v1,"判断结果：错误  
解释：根据定义域语义规则，属性的定义域应为类，而“archipelago”是一个实例，不能作为定义域。",0,0,
sample_0276,domain,domain(architect) = ArchitecturalStructure,1,qwen-max-0125,0.0,8192,https://api2.aigcbest.top/v1,"判断结果：错误  
解释：根据定义域语义规则，属性的主体必须属于定义域指定的类，但“architect”作为属性与“ArchitecturalStructure”之间不存在合理的主体-类关系。",0,0,
sample_0277,domain,domain(architecturalStyle) = ArchitecturalStructure,1,qwen-max-0125,0.0,8192,https://api2.aigcbest.top/v1,"判断结果：错误  
解释：根据定义域语义规则，使用属性architecturalStyle的主体必须属于类ArchitecturalStructure，但常识上建筑风格（architecturalStyle）通常描述的是建筑（Building）而非建筑结构（ArchitecturalStructure），因此存在语义冲突。",0,0,
sample_0278,domain,domain(areaCode) = Place,1,qwen-max-0125,0.0,8192,https://api2.aigcbest.top/v1,"判断结果：错误  
解释：根据语义规则，属性areaCode的定义域为Place，意味着使用areaCode的主体必须属于类Place，但常识上areaCode通常与地理区域相关，而非泛指所有地点。",0,0,
sample_0279,domain,domain(areaLand) = Place,1,qwen-max-0125,0.0,8192,https://api2.aigcbest.top/v1,"判断结果：错误  
解释：根据定义域语义规则，使用属性areaLand的主体必须属于类Place，但常识上areaLand通常用于描述地理区域的陆地面积，其主体更可能是地理区域而非抽象的地点。",0,0,
sample_0280,domain,domain(areaOfCatchment) = Lake,1,qwen-max-0125,0.0,8192,https://api2.aigcbest.top/v1,"判断结果：错误  
解释：根据定义域语义规则，使用areaOfCatchment属性的主体必须属于Lake类，但“集水区面积”通常描述地理区域而非湖泊本身，存在明显语义冲突。",0,0,
sample_0281,range,range(deathPlace) = Place,1,qwen-max-0125,0.0,8192,https://api2.aigcbest.top/v1,"判断结果：正确  
解释：根据值域语义规则，属性deathPlace的客体必须属于类Place，这符合常识和语义规则。",1,1,
sample_0282,range,range(birthPlace) = Place,1,qwen-max-0125,0.0,8192,https://api2.aigcbest.top/v1,"判断结果：正确  
解释：属性birthPlace的值域被定义为Place，符合常识中“出生地是一个地点”的语义关系。",1,1,
sample_0283,range,range(location) = Place,1,qwen-max-0125,0.0,8192,https://api2.aigcbest.top/v1,"判断结果：正确  
解释：根据值域语义规则，属性location的客体必须属于类Place，符合语义规则且无明显冲突。",1,1,
sample_0284,range,range(place) = PopulatedPlace,1,qwen-max-0125,0.0,8192,https://api2.aigcbest.top/v1,"判断结果：错误  
解释：根据值域语义规则，place属性的客体应属于PopulatedPlace类，但常识中“place”可能指代非人口聚集地（如自然景观），与规则冲突。",0,0,
sample_0285,range,range(associate) = Person,1,qwen-max-0125,0.0,8192,https://api2.aigcbest.top/v1,"判断结果：错误  
解释：根据值域语义规则，属性“associate”的客体必须属于类“Person”，但未提供足够信息表明该属性的值域一定为“Person”，可能存在其他合理值域。",0,0,
sample_0286,range,range(curator) = Person,1,qwen-max-0125,0.0,8192,https://api2.aigcbest.top/v1,"判断结果：正确  
解释：根据值域语义规则，属性curator的客体必须属于类Person，符合常识和语义规则。",1,1,
sample_0287,range,range(vehiclesInFleet) = MeanOfTransportation,1,qwen-max-0125,0.0,8192,https://api2.aigcbest.top/v1,"判断结果：正确  
解释：根据值域语义规则，属性vehiclesInFleet的客体必须属于类MeanOfTransportation，符合语义规则且无明显冲突。",1,1,
sample_0288,range,range(associatedRocket) = Rocket,1,qwen-max-0125,0.0,8192,https://api2.aigcbest.top/v1,"判断结果：正确  
解释：根据值域语义规则，属性associatedRocket的客体必须属于类Rocket，符合语义规则且无明显冲突。",1,1,
sample_0289,range,range(firstLaunchRocket) = Rocket,1,qwen-max-0125,0.0,8192,https://api2.aigcbest.top/v1,"判断结果：正确  
解释：根据值域语义规则，属性firstLaunchRocket的客体必须属于类Rocket，符合语义规则且无明显冲突。",1,1,
sample_0290,range,range(lastLaunchRocket) = Rocket,1,qwen-max-0125,0.0,8192,https://api2.aigcbest.top/v1,"判断结果：正确  
解释：根据值域语义规则，属性lastLaunchRocket的客体必须属于类Rocket，符合常识和语义规则。",1,1,
sample_0291,range,range(previousInfrastructure) = Infrastructure,1,qwen-max-0125,0.0,8192,https://api2.aigcbest.top/v1,"判断结果：正确  
解释：根据值域语义规则，属性previousInfrastructure的客体必须属于类Infrastructure，符合定义。",1,1,
sample_0292,range,range(religiousHead) = Person,1,qwen-max-0125,0.0,8192,https://api2.aigcbest.top/v1,"判断结果：正确  
解释：根据值域语义规则，属性religiousHead的客体必须属于类Person，符合常识中“宗教领袖是人”的认知。",1,1,
sample_0293,range,range(subsequentInfrastructure) = Infrastructure,1,qwen-max-0125,0.0,8192,https://api2.aigcbest.top/v1,"判断结果：正确  
解释：根据值域语义规则，属性subsequentInfrastructure的客体必须属于类Infrastructure，符合定义。",1,1,
sample_0294,range,range(newspaper) = PeriodicalLiterature,1,qwen-max-0125,0.0,8192,https://api2.aigcbest.top/v1,"判断结果：正确  
解释：根据值域语义规则，属性newspaper的客体必须属于类PeriodicalLiterature，这符合常识中报纸属于期刊文献的分类关系。",1,1,
sample_0295,range,range(organisation) = Organisation,1,qwen-max-0125,0.0,8192,https://api2.aigcbest.top/v1,"判断结果：正确  
解释：根据值域语义规则，属性organisation的客体必须属于类Organisation，符合定义。",1,1,
sample_0296,range,range(releaseLocation) = Place,1,qwen-max-0125,0.0,8192,https://api2.aigcbest.top/v1,"判断结果：正确  
解释：根据值域语义规则，releaseLocation的客体必须属于类Place，符合常识和语义规则。",1,1,
sample_0297,range,range(formerBroadcastNetwork) = BroadcastNetwork,1,qwen-max-0125,0.0,8192,https://api2.aigcbest.top/v1,"判断结果：正确  
解释：根据值域语义规则，属性formerBroadcastNetwork的客体必须属于类BroadcastNetwork，符合语义规则且无常识冲突。",1,1,
sample_0298,range,range(sisterCollege) = College,1,qwen-max-0125,0.0,8192,https://api2.aigcbest.top/v1,"判断结果：正确  
解释：根据值域语义规则，属性sisterCollege的客体必须属于类College，符合常识和语义规则。",1,1,
sample_0299,range,range(taoiseach) = Person,1,qwen-max-0125,0.0,8192,https://api2.aigcbest.top/v1,"判断结果：正确  
解释：根据值域语义规则，属性taoiseach的客体必须属于类Person，符合常识中“taoiseach”指代人的关系。",1,1,
sample_0300,range,range(academicAdvisor) = Person,1,qwen-max-0125,0.0,8192,https://api2.aigcbest.top/v1,"判断结果：正确  
解释：根据值域语义规则，academicAdvisor的客体必须属于Person类，这符合常识中学术顾问是人的逻辑。",1,1,
sample_0301,range,range(administrativeCenter) = Place,1,qwen-max-0125,0.0,8192,https://api2.aigcbest.top/v1,"判断结果：正确  
解释：根据值域语义规则，属性administrativeCenter的客体必须属于类Place，这符合常识和语义规则。",1,1,
sample_0302,range,range(administrativeCollectivity) = PopulatedPlace,1,qwen-max-0125,0.0,8192,https://api2.aigcbest.top/v1,"判断结果：错误  
解释：根据值域语义规则，属性的客体必须属于指定类，但“administrativeCollectivity”的值域定义为“PopulatedPlace”不符合常识，因为行政集体性实体不一定是人口聚居地。",0,0,
sample_0303,range,range(administrativeDistrict) = PopulatedPlace,1,qwen-max-0125,0.0,8192,https://api2.aigcbest.top/v1,"判断结果：错误  
解释：根据值域语义规则，属性administrativeDistrict的客体应属于PopulatedPlace，但常识上行政区域不一定是人口聚居地。",0,0,
sample_0304,range,range(affiliation) = Organisation,1,qwen-max-0125,0.0,8192,https://api2.aigcbest.top/v1,"判断结果：正确  
解释：根据值域语义规则，属性affiliation的客体必须属于类Organisation，符合常识和语义规则。",1,1,
sample_0305,range,range(album) = Album,1,qwen-max-0125,0.0,8192,https://api2.aigcbest.top/v1,"判断结果：正确  
解释：根据值域语义规则，属性album的客体必须属于类Album，该公理符合规则且无明显语义冲突。",1,1,
sample_0306,range,range(almaMater) = EducationalInstitution,1,qwen-max-0125,0.0,8192,https://api2.aigcbest.top/v1,"判断结果：正确  
解释：根据值域语义规则，属性almaMater的客体必须属于类EducationalInstitution，符合常识和语义规则。",1,1,
sample_0307,range,range(alongside) = Person,1,qwen-max-0125,0.0,8192,https://api2.aigcbest.top/v1,"判断结果：错误  
解释：根据值域语义规则，属性“alongside”的客体应属于类Person，但“alongside”通常用于描述位置关系，与Person类无直接关联，存在明显语义冲突。",0,0,
sample_0308,range,range(anthem) = Work,1,qwen-max-0125,0.0,8192,https://api2.aigcbest.top/v1,"判断结果：正确  
解释：根据值域语义规则，属性“anthem”的客体必须属于类“Work”，这符合常识中“anthem”通常指代一种作品的逻辑关系。",1,1,
sample_0309,range,range(appointer) = Person,1,qwen-max-0125,0.0,8192,https://api2.aigcbest.top/v1,"判断结果：正确  
解释：根据值域语义规则，属性appointer的客体必须属于类Person，符合常识和语义规则。",1,1,
sample_0310,range,range(architect) = Architect,1,qwen-max-0125,0.0,8192,https://api2.aigcbest.top/v1,"判断结果：错误  
解释：根据RDFS语义规则，值域（range）定义了属性客体的类别，但“architect”作为属性与其值域“Architect”之间的关系未明确是否符合常识或规范定义。",0,0,
sample_0311,range,range(arrondissement) = PopulatedPlace,1,qwen-max-0125,0.0,8192,https://api2.aigcbest.top/v1,"判断结果：错误  
解释：根据RDFS语义规则，值域（range）要求属性的客体属于指定类，但“arrondissement”通常指行政区划，与“PopulatedPlace”（居住地）存在明显语义冲突。",0,0,
sample_0312,range,range(artery) = Artery,1,qwen-max-0125,0.0,8192,https://api2.aigcbest.top/v1,"判断结果：错误  
解释：根据RDFS语义规则，值域（range）应描述属性的客体所属类，而artery并非一个属性，而是一个类，因此该公理违反语义规则。",0,0,
sample_0313,range,range(artist) = Agent,1,qwen-max-0125,0.0,8192,https://api2.aigcbest.top/v1,"判断结果：正确  
解释：根据RDFS语义规则，属性artist的值域为Agent，表示artist关联的客体必须属于类Agent，符合语义规则且无明显冲突。",1,1,
sample_0314,range,range(associatedBand) = Band,1,qwen-max-0125,0.0,8192,https://api2.aigcbest.top/v1,"判断结果：正确  
解释：根据值域语义规则，属性associatedBand的客体必须属于类Band，符合语义规则且无明显冲突。",1,1,
sample_0315,range,range(associatedMusicalArtist) = MusicalArtist,1,qwen-max-0125,0.0,8192,https://api2.aigcbest.top/v1,"判断结果：正确  
解释：根据值域语义规则，属性associatedMusicalArtist的客体必须属于类MusicalArtist，符合常识和语义规则。",1,1,
sample_0316,range,range(associationOfLocalGovernment) = PopulatedPlace,1,qwen-max-0125,0.0,8192,https://api2.aigcbest.top/v1,"判断结果：错误  
解释：根据值域语义规则，associationOfLocalGovernment的客体应属于PopulatedPlace，但常识上地方政府关联的客体不一定是人口聚居地。",0,0,
sample_0317,range,range(author) = Person,1,qwen-max-0125,0.0,8192,https://api2.aigcbest.top/v1,"判断结果：正确  
解释：根据值域语义规则，属性author的客体必须属于类Person，符合常识中“作者是人”的关系。",1,1,
sample_0318,range,range(automobilePlatform) = Automobile,1,qwen-max-0125,0.0,8192,https://api2.aigcbest.top/v1,"判断结果：错误  
解释：根据值域语义规则，属性automobilePlatform的客体应属于类Automobile，但常识中平台（platform）通常不是汽车（Automobile）的实例，存在语义冲突。",0,0,
sample_0319,range,range(award) = Award,1,qwen-max-0125,0.0,8192,https://api2.aigcbest.top/v1,"判断结果：正确  
解释：根据值域语义规则，属性award的客体必须属于类Award，符合定义。",1,1,
sample_0320,range,range(bandMember) = Person,1,qwen-max-0125,0.0,8192,https://api2.aigcbest.top/v1,"判断结果：正确  
解释：根据值域语义规则，bandMember的客体必须属于Person类，这符合常识中“乐队成员是人”的认知。",1,1,
sample_0321,range,range(basedOn) = Work,1,qwen-max-0125,0.0,8192,https://api2.aigcbest.top/v1,"判断结果：正确  
解释：根据值域语义规则，属性basedOn的客体必须属于类Work，符合语义规则且无明显常识冲突。",1,1,
sample_0322,range,range(battle) = MilitaryConflict,1,qwen-max-0125,0.0,8192,https://api2.aigcbest.top/v1,"判断结果：正确  
解释：根据值域语义规则，属性battle的客体必须属于MilitaryConflict类，符合常识和语义规则。",1,1,
sample_0323,range,range(beatifiedBy) = Person,1,qwen-max-0125,0.0,8192,https://api2.aigcbest.top/v1,"判断结果：错误  
解释：根据值域语义规则，beatifiedBy的客体应属于Person类，但常识上“beatifiedBy”通常关联的是宗教或官方机构而非个人。",0,0,
sample_0324,range,range(beatifiedPlace) = PopulatedPlace,1,qwen-max-0125,0.0,8192,https://api2.aigcbest.top/v1,"判断结果：正确  
解释：根据值域语义规则，beatifiedPlace的客体必须属于PopulatedPlace，符合常识和语义规则。",1,1,
sample_0325,range,range(beltwayCity) = City,1,qwen-max-0125,0.0,8192,https://api2.aigcbest.top/v1,"判断结果：错误  
解释：根据值域语义规则，beltwayCity的值域应为与“beltway”相关的城市子集，而非所有城市（City）。",0,0,
sample_0326,range,range(billed) = PopulatedPlace,1,qwen-max-0125,0.0,8192,https://api2.aigcbest.top/v1,"判断结果：错误  
解释：根据值域语义规则，属性“billed”的客体应属于类“PopulatedPlace”，但常识中“billed”通常与账单相关，与“PopulatedPlace”无直接关联，存在语义冲突。",0,0,
sample_0327,range,range(broadcastNetwork) = BroadcastNetwork,1,qwen-max-0125,0.0,8192,https://api2.aigcbest.top/v1,"判断结果：正确  
解释：根据值域语义规则，属性broadcastNetwork的客体必须属于类BroadcastNetwork，符合定义。",1,1,
sample_0328,range,range(canonizedBy) = Person,1,qwen-max-0125,0.0,8192,https://api2.aigcbest.top/v1,"判断结果：错误  
解释：根据值域语义规则，canonizedBy的客体应属于Person类，但常识上“canonizedBy”通常关联的是某种权威机构或组织，而非个人。",0,0,
sample_0329,range,range(canonizedPlace) = PopulatedPlace,1,qwen-max-0125,0.0,8192,https://api2.aigcbest.top/v1,"判断结果：错误  
解释：根据值域语义规则，属性canonizedPlace的客体应属于PopulatedPlace，但canonizedPlace的定义可能与常识冲突，因为“canonized”通常与宗教或特定文化意义相关，而非直接指代“有人居住的地方”。",0,0,
sample_0330,range,range(canton) = Settlement,1,qwen-max-0125,0.0,8192,https://api2.aigcbest.top/v1,"判断结果：错误  
解释：根据值域语义规则，属性canton的客体应属于Settlement类，但常识中“canton”通常指行政区划，与“Settlement”（定居点）不符，存在语义冲突。",0,0,
sample_0331,range,range(capital) = City,1,qwen-max-0125,0.0,8192,https://api2.aigcbest.top/v1,"判断结果：正确  
解释：根据值域语义规则，属性capital的客体必须属于类City，这符合常识中“首都是一种城市”的关系。",1,1,
sample_0332,range,range(careerStation) = CareerStation,1,qwen-max-0125,0.0,8192,https://api2.aigcbest.top/v1,"判断结果：正确  
解释：根据值域语义规则，属性careerStation的客体必须属于类CareerStation，符合定义。",1,1,
sample_0333,range,range(ceremonialCounty) = PopulatedPlace,1,qwen-max-0125,0.0,8192,https://api2.aigcbest.top/v1,"判断结果：错误  
解释：根据RDFS语义规则，值域（range）表示属性的客体必须属于指定类，但“ceremonialCounty”作为属性与“PopulatedPlace”之间不存在合理的语义关联，且不符合常识。",0,0,
sample_0334,range,range(chairman) = Person,1,qwen-max-0125,0.0,8192,https://api2.aigcbest.top/v1,"判断结果：正确  
解释：根据值域语义规则，属性chairman的客体必须属于类Person，符合常识和语义规则。",1,1,
sample_0335,range,range(chairperson) = Person,1,qwen-max-0125,0.0,8192,https://api2.aigcbest.top/v1,"判断结果：正确  
解释：根据值域语义规则，属性chairperson的客体必须属于类Person，符合常识和语义规则。",1,1,
sample_0336,range,range(championInDoubleMale) = Athlete,1,qwen-max-0125,0.0,8192,https://api2.aigcbest.top/v1,"判断结果：正确  
解释：根据值域语义规则，属性championInDoubleMale的客体必须属于类Athlete，符合常识和语义规则。",1,1,
sample_0337,range,range(championInSingleMale) = Athlete,1,qwen-max-0125,0.0,8192,https://api2.aigcbest.top/v1,"判断结果：正确  
解释：根据值域语义规则，属性championInSingleMale的客体必须属于类Athlete，符合常识和语义规则。",1,1,
sample_0338,range,range(chancellor) = Person,1,qwen-max-0125,0.0,8192,https://api2.aigcbest.top/v1,"判断结果：正确  
解释：根据值域语义规则，属性chancellor的客体必须属于类Person，这符合常识中“校长通常是一个人”的认知。",1,1,
sample_0339,range,range(channel) = Broadcaster,1,qwen-max-0125,0.0,8192,https://api2.aigcbest.top/v1,"判断结果：错误  
解释：根据值域语义规则，属性channel的客体应属于类Broadcaster，但常识中“频道”通常与广播公司相关联，而非直接等同于广播公司本身，存在语义冲突。",0,0,
sample_0340,range,range(child) = Person,1,qwen-max-0125,0.0,8192,https://api2.aigcbest.top/v1,"判断结果：错误  
解释：根据值域语义规则，属性child的客体应属于类Person，但常识中child通常描述的是人与人之间的亲子关系，其主体和客体都应为Person，因此该公理存在语义冲突。",0,0,
sample_0341,range,range(childOrganisation) = Organisation,1,qwen-max-0125,0.0,8192,https://api2.aigcbest.top/v1,"判断结果：正确  
解释：根据值域语义规则，属性childOrganisation的客体必须属于类Organisation，符合常识和语义规则。",1,1,
sample_0342,range,range(cinematography) = Person,1,qwen-max-0125,0.0,8192,https://api2.aigcbest.top/v1,"判断结果：错误  
解释：根据RDFS语义规则，cinematography的值域为Person不符合常识，因为“电影摄影”通常与作品或技术相关，而非直接与人相关。",0,0,
sample_0343,range,range(city) = City,1,qwen-max-0125,0.0,8192,https://api2.aigcbest.top/v1,"判断结果：正确  
解释：根据值域语义规则，属性city的客体必须属于类City，符合定义。",1,1,
sample_0344,range,range(club) = SportsTeam,1,qwen-max-0125,0.0,8192,https://api2.aigcbest.top/v1,"判断结果：错误  
解释：根据值域语义规则，club的值域应为与俱乐部相关的实体，而SportsTeam仅表示运动队，范围过于狭窄，不符合常识。",0,0,
sample_0345,range,range(coach) = Person,1,qwen-max-0125,0.0,8192,https://api2.aigcbest.top/v1,"判断结果：正确  
解释：根据值域语义规则，属性coach的客体必须属于类Person，符合常识和语义规则。",1,1,
sample_0346,range,range(college) = EducationalInstitution,1,qwen-max-0125,0.0,8192,https://api2.aigcbest.top/v1,"判断结果：正确  
解释：根据值域语义规则，属性college的客体必须属于类EducationalInstitution，这符合常识中“学院属于教育机构”的定义。",1,1,
sample_0347,range,range(colour) = Colour,1,qwen-max-0125,0.0,8192,https://api2.aigcbest.top/v1,"判断结果：正确  
解释：根据值域语义规则，属性colour的客体必须属于类Colour，该公理符合规则且无明显语义冲突。",1,1,
sample_0348,range,range(commandStructure) = MilitaryUnit,1,qwen-max-0125,0.0,8192,https://api2.aigcbest.top/v1,"判断结果：错误  
解释：根据值域语义规则，属性commandStructure的客体应属于MilitaryUnit，但常识上commandStructure更可能与命令结构相关，而非直接表示军事单位。",0,0,
sample_0349,range,range(commander) = Person,1,qwen-max-0125,0.0,8192,https://api2.aigcbest.top/v1,"判断结果：正确  
解释：根据值域语义规则，属性commander的客体必须属于类Person，符合常识和语义规则。",1,1,
sample_0350,range,range(company) = Organisation,1,qwen-max-0125,0.0,8192,https://api2.aigcbest.top/v1,"判断结果：正确  
解释：根据RDFS语义规则，属性company的值域被定义为Organisation，表示company属性的客体必须属于Organisation类，符合值域定义规则且无明显语义冲突。",1,1,
sample_0351,range,range(composer) = Person,1,qwen-max-0125,0.0,8192,https://api2.aigcbest.top/v1,"判断结果：正确  
解释：根据值域语义规则，属性composer的客体必须属于类Person，符合常识中“作曲家是人”的认知。",1,1,
sample_0352,range,range(constituencyDistrict) = PopulatedPlace,1,qwen-max-0125,0.0,8192,https://api2.aigcbest.top/v1,"判断结果：错误  
解释：根据值域语义规则，属性“constituencyDistrict”的客体应属于类“PopulatedPlace”，但常识上选区（constituencyDistrict）通常与行政区划或地理区域相关，而非直接与“有人居住的地方”对应，可能存在语义冲突。",0,0,
sample_0353,range,range(councilArea) = PopulatedPlace,1,qwen-max-0125,0.0,8192,https://api2.aigcbest.top/v1,"判断结果：错误  
解释：根据值域语义规则，属性councilArea的客体应属于类PopulatedPlace，但常识上councilArea通常指代行政区划，与PopulatedPlace无必然包含关系，存在语义冲突。",0,0,
sample_0354,range,range(country) = Country,1,qwen-max-0125,0.0,8192,https://api2.aigcbest.top/v1,"判断结果：正确  
解释：根据值域语义规则，属性country的客体必须属于类Country，符合定义。",1,1,
sample_0355,range,range(countryWithFirstSatellite) = Country,1,qwen-max-0125,0.0,8192,https://api2.aigcbest.top/v1,"判断结果：正确  
解释：根据值域语义规则，属性countryWithFirstSatellite的客体必须属于类Country，符合常识和语义规则。",1,1,
sample_0356,range,range(creator) = Agent,1,qwen-max-0125,0.0,8192,https://api2.aigcbest.top/v1,"判断结果：正确  
解释：根据值域语义规则，属性creator的客体必须属于类Agent，这符合常识中“creator通常指代一个代理（Agent）”的定义。",1,1,
sample_0357,range,range(creatorOfDish) = Person,1,qwen-max-0125,0.0,8192,https://api2.aigcbest.top/v1,"判断结果：错误  
解释：根据值域语义规则，属性creatorOfDish的客体应属于Person类，但常识上“创造菜品”的主体更可能是厨师或某种职业角色，而非泛指所有“人”。",0,0,
sample_0358,range,range(crosses) = River,1,qwen-max-0125,0.0,8192,https://api2.aigcbest.top/v1,"判断结果：错误  
解释：根据值域语义规则，属性“crosses”的客体应属于类“River”，但常识中“crosses”可能关联其他类型的地理实体（如道路、桥梁等），因此该公理不符合常识。",0,0,
sample_0359,range,range(cultivatedVariety) = CultivatedVariety,1,qwen-max-0125,0.0,8192,https://api2.aigcbest.top/v1,"判断结果：正确  
解释：根据值域语义规则，属性cultivatedVariety的客体必须属于类CultivatedVariety，符合定义且无明显语义冲突。",1,1,
sample_0360,range,range(currency) = Currency,1,qwen-max-0125,0.0,8192,https://api2.aigcbest.top/v1,"判断结果：正确  
解释：根据值域语义规则，属性currency的客体必须属于类Currency，符合定义。",1,1,
sample_0361,range,range(currentMember) = Person,1,qwen-max-0125,0.0,8192,https://api2.aigcbest.top/v1,"判断结果：错误  
解释：根据值域语义规则，currentMember的客体应属于Person类，但常识中currentMember可能关联到组织或团体而非仅限于个人。",0,0,
sample_0362,range,range(dean) = Person,1,qwen-max-0125,0.0,8192,https://api2.aigcbest.top/v1,"判断结果：错误  
解释：根据RDFS语义规则，值域（range）表示属性的客体必须属于指定类，但“dean”作为属性与“Person”之间缺乏明确的常识关联，且未提供上下文支持该公理的合理性。",0,0,
sample_0363,range,range(debutTeam) = SportsTeam,1,qwen-max-0125,0.0,8192,https://api2.aigcbest.top/v1,"判断结果：正确  
解释：根据值域语义规则，属性debutTeam的客体必须属于类SportsTeam，符合常识和语义规则。",1,1,
sample_0364,range,range(department) = Department,1,qwen-max-0125,0.0,8192,https://api2.aigcbest.top/v1,"判断结果：正确  
解释：根据值域语义规则，属性department的客体必须属于类Department，符合定义。",1,1,
sample_0365,range,range(deputy) = Person,1,qwen-max-0125,0.0,8192,https://api2.aigcbest.top/v1,"判断结果：正确  
解释：根据值域语义规则，属性deputy的客体必须属于类Person，符合常识中“副手通常是一个人”的认知。",1,1,
sample_0366,range,range(derivative) = MusicGenre,1,qwen-max-0125,0.0,8192,https://api2.aigcbest.top/v1,"判断结果：错误  
解释：根据值域语义规则，属性“derivative”的客体应属于类“MusicGenre”，但常识上“derivative”更可能表示某种衍生关系而非音乐流派。",0,0,
sample_0367,range,range(designCompany) = Company,1,qwen-max-0125,0.0,8192,https://api2.aigcbest.top/v1,"判断结果：正确  
解释：根据值域语义规则，属性designCompany的客体必须属于类Company，符合常识和语义规则。",1,1,
sample_0368,range,range(designer) = Person,1,qwen-max-0125,0.0,8192,https://api2.aigcbest.top/v1,"判断结果：正确  
解释：根据值域语义规则，属性designer的客体必须属于类Person，符合常识和语义规则。",1,1,
sample_0369,range,range(destination) = PopulatedPlace,1,qwen-max-0125,0.0,8192,https://api2.aigcbest.top/v1,"判断结果：错误  
解释：根据值域语义规则，属性destination的客体应属于PopulatedPlace，但常识中destination可能指向非聚居地（如自然景观或虚构地点）。",0,0,
sample_0370,range,range(developer) = Agent,1,qwen-max-0125,0.0,8192,https://api2.aigcbest.top/v1,"判断结果：正确  
解释：根据值域语义规则，属性developer的客体必须属于类Agent，符合定义。",1,1,
sample_0371,range,range(director) = Person,1,qwen-max-0125,0.0,8192,https://api2.aigcbest.top/v1,"判断结果：正确  
解释：根据值域语义规则，属性director的客体必须属于类Person，这符合常识中“导演是人”的认知。",1,1,
sample_0372,range,range(discoverer) = Person,1,qwen-max-0125,0.0,8192,https://api2.aigcbest.top/v1,"判断结果：正确  
解释：根据值域语义规则，属性discoverer的客体必须属于类Person，这符合常识中“发现者是人”的语义。",1,1,
sample_0373,range,range(disease) = Disease,1,qwen-max-0125,0.0,8192,https://api2.aigcbest.top/v1,"判断结果：正确  
解释：根据值域语义规则，属性disease的客体必须属于类Disease，符合定义。",1,1,
sample_0374,range,range(distributor) = Organisation,1,qwen-max-0125,0.0,8192,https://api2.aigcbest.top/v1,"判断结果：正确  
解释：根据值域语义规则，属性distributor的客体必须属于类Organisation，符合常识和语义规则。",1,1,
sample_0375,range,range(district) = PopulatedPlace,1,qwen-max-0125,0.0,8192,https://api2.aigcbest.top/v1,"判断结果：错误  
解释：根据值域语义规则，属性district的客体应属于类PopulatedPlace，但常识中“区”通常指行政区划，未必与“有人居住的地方”完全对应，存在语义冲突。",0,0,
sample_0376,range,range(doctoralAdvisor) = Person,1,qwen-max-0125,0.0,8192,https://api2.aigcbest.top/v1,"判断结果：正确  
解释：根据值域语义规则，属性doctoralAdvisor的客体必须属于类Person，这符合学术指导关系的常识。",1,1,
sample_0377,range,range(doctoralStudent) = Person,1,qwen-max-0125,0.0,8192,https://api2.aigcbest.top/v1,"判断结果：错误  
解释：根据RDFS语义规则，值域（range）表示属性的客体必须属于指定类，但“doctoralStudent”本身是一个类而非属性，因此无法定义其值域。",0,0,
sample_0378,range,range(draftTeam) = SportsTeam,1,qwen-max-0125,0.0,8192,https://api2.aigcbest.top/v1,"判断结果：正确  
解释：根据值域语义规则，属性draftTeam的客体必须属于类SportsTeam，符合常识和语义规则。",1,1,
sample_0379,range,range(editing) = Person,1,qwen-max-0125,0.0,8192,https://api2.aigcbest.top/v1,"判断结果：错误  
解释：根据值域语义规则，属性editing的客体应属于Person类，但编辑行为通常与文档或内容相关，明显不符合常识。",0,0,
sample_0380,range,range(editor) = Agent,1,qwen-max-0125,0.0,8192,https://api2.aigcbest.top/v1,"判断结果：错误  
解释：根据RDFS语义规则，属性“editor”的值域被定义为“Agent”，但常识上“editor”通常关联的是文档或内容的编辑者，应更符合“Person”或类似类，而非广义的“Agent”。",0,0,
sample_0381,subClassOf,Organisation ⊑ Company,0,qwen-max-0125,0.0,8192,https://api2.aigcbest.top/v1,"判断结果：错误  
解释：根据子类关系语义规则，Organisation的所有实例必须属于Company，但常识上组织（Organisation）并不一定是公司（Company），因此存在语义冲突。",0,1,
sample_0382,subClassOf,Animal ⊑ Person,0,qwen-max-0125,0.0,8192,https://api2.aigcbest.top/v1,"判断结果：错误  
解释：根据子类关系语义规则，Animal的所有实例应属于Person，但这与常识冲突，因为动物不一定是人。",0,1,
sample_0383,subClassOf,Artist ⊑ Actor,0,qwen-max-0125,0.0,8192,https://api2.aigcbest.top/v1,"判断结果：错误  
解释：根据子类关系语义规则，Artist的所有实例必须属于Actor，但常识上艺术家和演员是不同的职业类别，并非所有艺术家都是演员。",0,1,
sample_0384,subClassOf,Company ⊑ Publisher,0,qwen-max-0125,0.0,8192,https://api2.aigcbest.top/v1,"判断结果：正确  
解释：根据子类关系语义规则，Company的所有实例都属于Publisher，符合语义规则且无明显常识冲突。",1,0,
sample_0385,subClassOf,TopicalConcept ⊑ Genre,0,qwen-max-0125,0.0,8192,https://api2.aigcbest.top/v1,"判断结果：错误  
解释：根据子类关系语义规则，TopicalConcept的所有实例应属于Genre，但常识上主题概念（TopicalConcept）与类型/流派（Genre）并无必然包含关系，存在语义冲突。",0,1,
sample_0386,subClassOf,GovernmentalAdministrativeRegion ⊑ Department,0,qwen-max-0125,0.0,8192,https://api2.aigcbest.top/v1,"判断结果：错误  
解释：根据子类关系语义规则，GovernmentalAdministrativeRegion的所有实例应属于Department，但常识上行政区域并非部门，存在明显语义冲突。",0,1,
sample_0387,subClassOf,Work ⊑ Software,0,qwen-max-0125,0.0,8192,https://api2.aigcbest.top/v1,"判断结果：错误  
解释：根据子类关系语义规则，Work的所有实例应属于Software，但常识上“工作”并非一定是“软件”，存在明显语义冲突。",0,1,
sample_0388,subClassOf,EducationalInstitution ⊑ School,0,qwen-max-0125,0.0,8192,https://api2.aigcbest.top/v1,"判断结果：错误  
解释：并非所有教育机构（EducationalInstitution）都是学校（School），因此该子类关系不符合常识。",0,1,
sample_0389,subClassOf,TopicalConcept ⊑ Type,0,qwen-max-0125,0.0,8192,https://api2.aigcbest.top/v1,"判断结果：错误  
解释：根据子类关系语义规则，TopicalConcept的所有实例应属于Type，但常识上TopicalConcept通常表示主题概念，与Type的语义不匹配，可能存在冲突。",0,1,
sample_0390,subClassOf,Person ⊑ Academic,0,qwen-max-0125,0.0,8192,https://api2.aigcbest.top/v1,"判断结果：错误  
解释：根据子类关系语义规则，Person的所有实例应属于Academic，但常识上并非所有Person都是Academic。",0,1,
sample_0391,subClassOf,SocietalEvent ⊑ AcademicConference,0,qwen-max-0125,0.0,8192,https://api2.aigcbest.top/v1,"判断结果：错误  
解释：根据子类关系语义规则，SocietalEvent的所有实例应属于AcademicConference，但常识上社会事件不一定是学术会议，存在明显语义冲突。",0,1,
sample_0392,subClassOf,PeriodicalLiterature ⊑ AcademicJournal,0,qwen-max-0125,0.0,8192,https://api2.aigcbest.top/v1,"判断结果：错误  
解释：根据子类关系语义规则，PeriodicalLiterature的所有实例应属于AcademicJournal，但常识上PeriodicalLiterature包含更广的范围（如杂志、报纸等），并非所有实例都属于AcademicJournal。",0,1,
sample_0393,subClassOf,TopicalConcept ⊑ AcademicSubject,0,qwen-max-0125,0.0,8192,https://api2.aigcbest.top/v1,"判断结果：正确  
解释：根据子类关系语义规则，TopicalConcept的所有实例都属于AcademicSubject，符合语义规则且无明显常识冲突。",1,0,
sample_0394,subClassOf,Region ⊑ AdministrativeRegion,0,qwen-max-0125,0.0,8192,https://api2.aigcbest.top/v1,"判断结果：错误  
解释：根据子类关系语义规则，Region的所有实例应属于AdministrativeRegion，但常识上Region可能包含非行政区域，因此存在语义冲突。",0,1,
sample_0395,subClassOf,Actor ⊑ AdultActor,0,qwen-max-0125,0.0,8192,https://api2.aigcbest.top/v1,"判断结果：错误  
解释：根据子类关系语义规则，Actor的所有实例应属于AdultActor，但常识上并非所有演员都是成年演员，因此存在语义冲突。",0,1,
sample_0396,subClassOf,PopulatedPlace ⊑ Agglomeration,0,qwen-max-0125,0.0,8192,https://api2.aigcbest.top/v1,"判断结果：正确  
解释：根据子类关系语义规则，PopulatedPlace的所有实例都属于Agglomeration，符合常识和语义规则。",1,0,
sample_0397,subClassOf,MeanOfTransportation ⊑ Aircraft,0,qwen-max-0125,0.0,8192,https://api2.aigcbest.top/v1,"判断结果：错误  
解释：根据子类关系语义规则，MeanOfTransportation的所有实例应属于Aircraft，但常识中交通工具（如汽车、火车）不都是航空器，因此存在语义冲突。",0,1,
sample_0398,subClassOf,PublicTransitSystem ⊑ Airline,0,qwen-max-0125,0.0,8192,https://api2.aigcbest.top/v1,"判断结果：错误  
解释：根据子类关系语义规则，PublicTransitSystem的所有实例应属于Airline，但常识上公共交通系统与航空公司是不同的概念，存在明显语义冲突。",0,1,
sample_0399,subClassOf,Infrastructure ⊑ Airport,0,qwen-max-0125,0.0,8192,https://api2.aigcbest.top/v1,"判断结果：错误  
解释：根据子类关系语义规则，Infrastructure的所有实例应属于Airport，但基础设施（如道路、桥梁）并非都是机场，存在明显语义冲突。",0,1,
sample_0400,subClassOf,MusicalWork ⊑ Album,0,qwen-max-0125,0.0,8192,https://api2.aigcbest.top/v1,"判断结果：错误  
解释：根据子类关系语义规则，MusicalWork的所有实例应属于Album，但常识上音乐作品（MusicalWork）并不一定是专辑（Album），可能存在单曲或其他形式。",0,1,
sample_0401,subClassOf,Boxer ⊑ AmateurBoxer,0,qwen-max-0125,0.0,8192,https://api2.aigcbest.top/v1,"判断结果：错误  
解释：根据子类关系语义规则，Boxer的所有实例应属于AmateurBoxer，但常识上并非所有拳击手(Boxer)都是业余拳击手(AmateurBoxer)。",0,1,
sample_0402,subClassOf,Politician ⊑ Ambassador,0,qwen-max-0125,0.0,8192,https://api2.aigcbest.top/v1,"判断结果：错误  
解释：根据子类关系语义规则，Politician的所有实例应属于Ambassador，但并非所有政治家都是大使，存在明显语义冲突。",0,1,
sample_0403,subClassOf,Coach ⊑ AmericanFootballCoach,0,qwen-max-0125,0.0,8192,https://api2.aigcbest.top/v1,"判断结果：错误  
解释：根据子类关系语义规则，Coach的所有实例应属于AmericanFootballCoach，但常识上Coach是一个更广泛的类别，不能完全归属于AmericanFootballCoach。",0,1,
sample_0404,subClassOf,SportsLeague ⊑ AmericanFootballLeague,0,qwen-max-0125,0.0,8192,https://api2.aigcbest.top/v1,"判断结果：错误  
解释：根据子类关系语义规则，SportsLeague的所有实例应属于AmericanFootballLeague，但常识上体育联盟不仅限于美式足球联盟，因此存在语义冲突。",0,1,
sample_0405,subClassOf,GridironFootballPlayer ⊑ AmericanFootballPlayer,0,qwen-max-0125,0.0,8192,https://api2.aigcbest.top/v1,"判断结果：正确  
解释：根据子类关系语义规则，GridironFootballPlayer的所有实例都属于AmericanFootballPlayer，符合常识和语义规则。",1,0,
sample_0406,subClassOf,SportsTeam ⊑ AmericanFootballTeam,0,qwen-max-0125,0.0,8192,https://api2.aigcbest.top/v1,"判断结果：错误  
解释：根据子类关系语义规则，SportsTeam的所有实例应属于AmericanFootballTeam，但常识上体育队伍不仅限于美式橄榄球队，因此存在语义冲突。",0,1,
sample_0407,subClassOf,Person ⊑ AmericanLeader,0,qwen-max-0125,0.0,8192,https://api2.aigcbest.top/v1,"判断结果：错误  
解释：根据子类关系语义规则，Person的所有实例应属于AmericanLeader，但常识上并非所有Person都是AmericanLeader，存在明显语义冲突。",0,1,
sample_0408,subClassOf,Animal ⊑ Amphibian,0,qwen-max-0125,0.0,8192,https://api2.aigcbest.top/v1,"判断结果：错误  
解释：根据子类关系语义规则，Animal的所有实例应属于Amphibian，但常识上动物（Animal）并不都是两栖动物（Amphibian）。",0,1,
sample_0409,subClassOf,ArchitecturalStructure ⊑ AmusementParkAttraction,0,qwen-max-0125,0.0,8192,https://api2.aigcbest.top/v1,"判断结果：错误  
解释：根据子类关系语义规则，ArchitecturalStructure的所有实例应属于AmusementParkAttraction，但常识上建筑结构不一定是游乐场景点。",0,1,
sample_0410,subClassOf,Eukaryote ⊑ Animal,0,qwen-max-0125,0.0,8192,https://api2.aigcbest.top/v1,"判断结果：错误  
解释：Eukaryote（真核生物）是Animal（动物）的超类，而不是子类，违反了子类关系的语义规则。",0,1,
sample_0411,subClassOf,ComicsCharacter ⊑ AnimangaCharacter,0,qwen-max-0125,0.0,8192,https://api2.aigcbest.top/v1,"判断结果：正确  
解释：根据子类关系语义规则，ComicsCharacter的所有实例都属于AnimangaCharacter，符合常识和语义规则。",1,0,
sample_0412,subClassOf,Cartoon ⊑ Anime,0,qwen-max-0125,0.0,8192,https://api2.aigcbest.top/v1,"判断结果：正确  
解释：根据子类关系语义规则，Cartoon是Anime的子类表示Cartoon的所有实例也属于Anime，这符合常识和语义规则。",1,0,
sample_0413,subClassOf,WrittenWork ⊑ Annotation,0,qwen-max-0125,0.0,8192,https://api2.aigcbest.top/v1,"判断结果：错误  
解释：根据子类关系语义规则，WrittenWork的所有实例应属于Annotation，但常识上书面作品（WrittenWork）并不一定是注释（Annotation）。",0,1,
sample_0414,subClassOf,Animal ⊑ Arachnid,0,qwen-max-0125,0.0,8192,https://api2.aigcbest.top/v1,"判断结果：错误  
解释：根据子类关系语义规则，Animal的所有实例应属于Arachnid，但常识上动物（Animal）并不都是蛛形纲动物（Arachnid）。",0,1,
sample_0415,subClassOf,Species ⊑ Archaea,0,qwen-max-0125,0.0,8192,https://api2.aigcbest.top/v1,"判断结果：错误  
解释：根据子类关系语义规则，Species的所有实例必须属于Archaea，但常识上Species是一个更广泛的分类概念，不局限于Archaea。",0,1,
sample_0416,subClassOf,ChristianBishop ⊑ Archbishop,0,qwen-max-0125,0.0,8192,https://api2.aigcbest.top/v1,"判断结果：错误  
解释：根据子类关系语义规则，ChristianBishop的所有实例应属于Archbishop，但常识上主教（Bishop）并不一定是大主教（Archbishop），存在语义冲突。",0,1,
sample_0417,subClassOf,Person ⊑ Archeologist,0,qwen-max-0125,0.0,8192,https://api2.aigcbest.top/v1,"判断结果：错误  
解释：根据子类关系语义规则，Person的所有实例必须属于Archeologist，但常识上并非所有人都是考古学家，因此该公理不符合语义规则和常识。",0,1,
sample_0418,subClassOf,Athlete ⊑ ArcherPlayer,0,qwen-max-0125,0.0,8192,https://api2.aigcbest.top/v1,"判断结果：错误  
解释：根据子类关系语义规则，Athlete的所有实例应属于ArcherPlayer，但常识上运动员（Athlete）不一定是射箭选手（ArcherPlayer）。",0,1,
sample_0419,subClassOf,NaturalPlace ⊑ Archipelago,0,qwen-max-0125,0.0,8192,https://api2.aigcbest.top/v1,"判断结果：错误  
解释：根据子类关系语义规则，NaturalPlace的所有实例应属于Archipelago，但自然地点（如山脉、河流）不一定是群岛，存在明显语义冲突。",0,1,
sample_0420,subClassOf,Person ⊑ Architect,0,qwen-max-0125,0.0,8192,https://api2.aigcbest.top/v1,"判断结果：错误  
解释：根据子类关系语义规则，Person的所有实例必须属于Architect，但常识上并非所有Person都是Architect，因此违反语义规则。",0,1,
sample_0421,subClassOf,CollectionOfValuables ⊑ Archive,0,qwen-max-0125,0.0,8192,https://api2.aigcbest.top/v1,"判断结果：错误  
解释：根据子类关系语义规则，CollectionOfValuables 的所有实例应属于 Archive，但常识上“有价值的物品集合”不一定是“档案”，存在语义冲突。",0,1,
sample_0422,subClassOf,ArchitecturalStructure ⊑ Arena,0,qwen-max-0125,0.0,8192,https://api2.aigcbest.top/v1,"判断结果：错误  
解释：根据子类关系语义规则，ArchitecturalStructure的所有实例应属于Arena，但常识上并非所有建筑结构都是竞技场，存在明显语义冲突。",0,1,
sample_0423,subClassOf,Person ⊑ Aristocrat,0,qwen-max-0125,0.0,8192,https://api2.aigcbest.top/v1,"判断结果：错误  
解释：根据子类关系语义规则，Person的所有实例必须属于Aristocrat，但常识上并非所有人都是贵族，因此存在语义冲突。",0,1,
sample_0424,subClassOf,GovernmentalAdministrativeRegion ⊑ Arrondissement,0,qwen-max-0125,0.0,8192,https://api2.aigcbest.top/v1,"判断结果：错误  
解释：根据子类关系语义规则，GovernmentalAdministrativeRegion的所有实例应属于Arrondissement，但常识上并非所有政府行政区都是Arrondissement。",0,1,
sample_0425,subClassOf,AnatomicalStructure ⊑ Artery,0,qwen-max-0125,0.0,8192,https://api2.aigcbest.top/v1,"判断结果：错误  
解释：根据子类关系语义规则，AnatomicalStructure的所有实例应属于Artery，但常识上动脉只是解剖结构的一个子集，而非所有解剖结构都是动脉。",0,1,
sample_0426,subClassOf,WrittenWork ⊑ Article,0,qwen-max-0125,0.0,8192,https://api2.aigcbest.top/v1,"判断结果：错误  
解释：根据子类关系语义规则，WrittenWork的所有实例必须属于Article，但常识中书面作品（如书籍、报告）不一定是文章。",0,1,
sample_0427,subClassOf,Satellite ⊑ ArtificialSatellite,0,qwen-max-0125,0.0,8192,https://api2.aigcbest.top/v1,"判断结果：正确  
解释：根据子类关系语义规则，Satellite作为ArtificialSatellite的子类，其所有实例必然属于ArtificialSatellite，符合语义规则且无常识冲突。",1,0,
sample_0428,subClassOf,Person ⊑ Artist,0,qwen-max-0125,0.0,8192,https://api2.aigcbest.top/v1,"判断结果：错误  
解释：根据子类关系语义规则，Person的所有实例必须属于Artist，但常识上并非所有人都是艺术家，因此该公理不符合语义规则和常识。",0,1,
sample_0429,subClassOf,MusicalWork ⊑ ArtistDiscography,0,qwen-max-0125,0.0,8192,https://api2.aigcbest.top/v1,"判断结果：错误  
解释：根据子类关系语义规则，MusicalWork的所有实例应属于ArtistDiscography，但常识上音乐作品（MusicalWork）和艺术家的唱片集（ArtistDiscography）是不同的概念，存在明显语义冲突。",0,1,
sample_0430,subClassOf,Genre ⊑ ArtisticGenre,0,qwen-max-0125,0.0,8192,https://api2.aigcbest.top/v1,"判断结果：正确  
解释：根据子类关系语义规则，Genre的所有实例都属于ArtisticGenre，符合语义规则且无明显冲突。",1,0,
sample_0431,subClassOf,Work ⊑ Artwork,0,qwen-max-0125,0.0,8192,https://api2.aigcbest.top/v1,"判断结果：错误  
解释：根据子类关系语义规则，Work的所有实例必须属于Artwork，但常识中“工作”并不一定是“艺术作品”，存在明显语义冲突。",0,1,
sample_0432,subClassOf,CelestialBody ⊑ Asteroid,0,qwen-max-0125,0.0,8192,https://api2.aigcbest.top/v1,"判断结果：错误  
解释：根据子类关系语义规则，CelestialBody的所有实例应属于Asteroid，但常识上CelestialBody（天体）是一个更广的概念，包含行星、恒星等，不可能是Asteroid的子类。",0,1,
sample_0433,subClassOf,Person ⊑ Astronaut,0,qwen-max-0125,0.0,8192,https://api2.aigcbest.top/v1,"判断结果：错误  
解释：根据子类关系语义规则，Person的所有实例应属于Astronaut，但常识上并非所有人都是宇航员，因此存在语义冲突。",0,1,
sample_0434,subClassOf,Person ⊑ Athlete,0,qwen-max-0125,0.0,8192,https://api2.aigcbest.top/v1,"判断结果：错误  
解释：根据子类关系语义规则，Person的所有实例必须属于Athlete，但常识中并非所有人都是运动员，因此该公理不符合语义规则。",0,1,
sample_0435,subClassOf,Sport ⊑ Athletics,0,qwen-max-0125,0.0,8192,https://api2.aigcbest.top/v1,"判断结果：错误  
解释：根据子类关系语义规则，Sport的所有实例应属于Athletics，但常识上Sport是一个更广泛的类别，不应仅限于Athletics的子集。",0,1,
sample_0436,subClassOf,Athlete ⊑ AthleticsPlayer,0,qwen-max-0125,0.0,8192,https://api2.aigcbest.top/v1,"判断结果：正确  
解释：根据子类关系语义规则，Athlete的所有实例都属于AthleticsPlayer，符合语义规则且无明显冲突。",1,0,
sample_0437,subClassOf,Island ⊑ Atoll,0,qwen-max-0125,0.0,8192,https://api2.aigcbest.top/v1,"判断结果：错误  
解释：根据子类关系语义规则，Island的所有实例应属于Atoll，但常识上并非所有岛屿（Island）都是环礁（Atoll）。",0,1,
sample_0438,subClassOf,SocietalEvent ⊑ Attack,0,qwen-max-0125,0.0,8192,https://api2.aigcbest.top/v1,"判断结果：错误  
解释：根据子类关系语义规则，SocietalEvent的所有实例应属于Attack，但常识上并非所有社会事件都是攻击行为，存在明显语义冲突。",0,1,
sample_0439,subClassOf,SportsLeague ⊑ AustralianFootballLeague,0,qwen-max-0125,0.0,8192,https://api2.aigcbest.top/v1,"判断结果：错误  
解释：根据子类关系语义规则，SportsLeague的所有实例应属于AustralianFootballLeague，但常识上并非所有体育联盟都属于澳式足球联盟。",0,1,
sample_0440,subClassOf,SportsTeam ⊑ AustralianFootballTeam,0,qwen-max-0125,0.0,8192,https://api2.aigcbest.top/v1,"判断结果：错误  
解释：根据子类关系语义规则，SportsTeam的所有实例应属于AustralianFootballTeam，但常识上体育队伍不仅限于澳式足球队，因此存在明显语义冲突。",0,1,
sample_0441,subClassOf,Athlete ⊑ AustralianRulesFootballPlayer,0,qwen-max-0125,0.0,8192,https://api2.aigcbest.top/v1,"判断结果：错误  
解释：根据子类关系语义规则，Athlete的所有实例应属于AustralianRulesFootballPlayer，但并非所有运动员都参与澳式足球，存在明显语义冲突。",0,1,
sample_0442,subClassOf,SportsLeague ⊑ AutoRacingLeague,0,qwen-max-0125,0.0,8192,https://api2.aigcbest.top/v1,"判断结果：错误  
解释：根据子类关系语义规则，SportsLeague的所有实例应属于AutoRacingLeague，但常识表明体育联盟不仅限于汽车赛车联盟，还包含其他类型体育项目。",0,1,
sample_0443,subClassOf,MeanOfTransportation ⊑ Automobile,0,qwen-max-0125,0.0,8192,https://api2.aigcbest.top/v1,"判断结果：错误  
解释：根据子类关系语义规则，所有Automobile的实例必须属于MeanOfTransportation，但MeanOfTransportation包含更广泛的实例（如自行车、火车等），因此该公理不符合语义规则。",0,1,
sample_0444,subClassOf,Engine ⊑ AutomobileEngine,0,qwen-max-0125,0.0,8192,https://api2.aigcbest.top/v1,"判断结果：错误  
解释：根据子类关系语义规则，Engine的所有实例应属于AutomobileEngine，但常识上Engine是一个更广的概念，AutomobileEngine只是Engine的一种，因此该公理不符合语义规则。",0,1,
sample_0445,subClassOf,MusicalArtist ⊑ BackScene,0,qwen-max-0125,0.0,8192,https://api2.aigcbest.top/v1,"判断结果：错误  
解释：根据子类关系语义规则，MusicalArtist的所有实例应属于BackScene，但常识上音乐艺术家并不一定是幕后工作者，存在明显语义冲突。",0,1,
sample_0446,subClassOf,Species ⊑ Bacteria,0,qwen-max-0125,0.0,8192,https://api2.aigcbest.top/v1,"判断结果：错误  
解释：根据子类关系语义规则，Species的所有实例必须属于Bacteria，但常识上Species是一个更广的概念，不仅限于细菌。",0,1,
sample_0447,subClassOf,Athlete ⊑ BadmintonPlayer,0,qwen-max-0125,0.0,8192,https://api2.aigcbest.top/v1,"判断结果：错误  
解释：根据子类关系语义规则，Athlete的所有实例必须属于BadmintonPlayer，但常识上并非所有运动员都是羽毛球运动员。",0,1,
sample_0448,subClassOf,Group ⊑ Band,0,qwen-max-0125,0.0,8192,https://api2.aigcbest.top/v1,"判断结果：错误  
解释：根据子类关系语义规则，Group的所有实例应属于Band，但常识上“组”并不一定是“乐队”，存在明显语义冲突。",0,1,
sample_0449,subClassOf,Company ⊑ Bank,0,qwen-max-0125,0.0,8192,https://api2.aigcbest.top/v1,"判断结果：错误  
解释：根据子类关系语义规则，Company的所有实例必须属于Bank，但常识上并非所有公司都是银行，因此存在明显语义冲突。",0,1,
sample_0450,subClassOf,BritishRoyalty ⊑ Baronet,0,qwen-max-0125,0.0,8192,https://api2.aigcbest.top/v1,"判断结果：错误  
解释：根据子类关系语义规则，BritishRoyalty的所有实例应属于Baronet，但常识上英国皇室成员并不一定是男爵（Baronet）。",0,1,
sample_0451,subClassOf,SportsLeague ⊑ BaseballLeague,0,qwen-max-0125,0.0,8192,https://api2.aigcbest.top/v1,"判断结果：错误  
解释：根据子类关系语义规则，SportsLeague的所有实例应属于BaseballLeague，但常识上体育联盟不仅限于棒球联盟，因此存在语义冲突。",0,1,
sample_0452,subClassOf,Athlete ⊑ BaseballPlayer,0,qwen-max-0125,0.0,8192,https://api2.aigcbest.top/v1,"判断结果：错误  
解释：根据子类关系语义规则，Athlete的所有实例应属于BaseballPlayer，但并非所有运动员都是棒球运动员，存在明显语义冲突。",0,1,
sample_0453,subClassOf,SportsTeamSeason ⊑ BaseballSeason,0,qwen-max-0125,0.0,8192,https://api2.aigcbest.top/v1,"判断结果：错误  
解释：根据子类关系语义规则，SportsTeamSeason 的所有实例应属于 BaseballSeason，但常识上体育队伍赛季不一定是棒球赛季，存在语义冲突。",0,1,
sample_0454,subClassOf,SportsTeam ⊑ BaseballTeam,0,qwen-max-0125,0.0,8192,https://api2.aigcbest.top/v1,"判断结果：错误  
解释：根据子类关系语义规则，SportsTeam的所有实例应属于BaseballTeam，但常识上体育队伍不仅限于棒球队，因此存在语义冲突。",0,1,
sample_0455,subClassOf,SportsLeague ⊑ BasketballLeague,0,qwen-max-0125,0.0,8192,https://api2.aigcbest.top/v1,"判断结果：错误  
解释：根据子类关系语义规则，SportsLeague的所有实例应属于BasketballLeague，但常识表明体育联盟不仅限于篮球联盟，因此存在语义冲突。",0,1,
sample_0456,subClassOf,Athlete ⊑ BasketballPlayer,0,qwen-max-0125,0.0,8192,https://api2.aigcbest.top/v1,"判断结果：错误  
解释：根据子类关系语义规则，Athlete的所有实例应属于BasketballPlayer，但常识表明并非所有运动员都是篮球运动员。",0,1,
sample_0457,subClassOf,SportsTeam ⊑ BasketballTeam,0,qwen-max-0125,0.0,8192,https://api2.aigcbest.top/v1,"判断结果：错误  
解释：根据子类关系语义规则，SportsTeam的所有实例应属于BasketballTeam，但常识表明体育队伍不仅限于篮球队。",0,1,
sample_0458,subClassOf,Device ⊑ Battery,0,qwen-max-0125,0.0,8192,https://api2.aigcbest.top/v1,"判断结果：错误  
解释：根据子类关系语义规则，Device的所有实例应属于Battery，但常识上设备不一定是电池，因此存在语义冲突。",0,1,
sample_0459,subClassOf,BodyOfWater ⊑ Bay,0,qwen-max-0125,0.0,8192,https://api2.aigcbest.top/v1,"判断结果：错误  
解释：根据子类关系语义规则，所有BodyOfWater的实例应属于Bay，但常识上并非所有水体（如河流、湖泊）都是海湾，存在明显语义冲突。",0,1,
sample_0460,subClassOf,NaturalPlace ⊑ Beach,0,qwen-max-0125,0.0,8192,https://api2.aigcbest.top/v1,"判断结果：错误  
解释：根据子类关系语义规则，NaturalPlace的所有实例应属于Beach，但常识上自然地点不一定是海滩，因此存在语义冲突。",0,1,
sample_0461,subClassOf,VolleyballPlayer ⊑ BeachVolleyballPlayer,0,qwen-max-0125,0.0,8192,https://api2.aigcbest.top/v1,"判断结果：错误  
解释：根据子类关系语义规则，VolleyballPlayer的所有实例应属于BeachVolleyballPlayer，但常识表明并非所有排球运动员都参与沙滩排球。",0,1,
sample_0462,subClassOf,Person ⊑ BeautyQueen,0,qwen-max-0125,0.0,8192,https://api2.aigcbest.top/v1,"判断结果：错误  
解释：根据子类关系语义规则，Person的所有实例必须属于BeautyQueen，但常识上并非所有Person都是BeautyQueen，因此违反语义规则。",0,1,
sample_0463,subClassOf,Beverage ⊑ Beer,0,qwen-max-0125,0.0,8192,https://api2.aigcbest.top/v1,"判断结果：错误  
解释：根据子类关系语义规则，Beverage的所有实例应属于Beer，但常识上饮料（Beverage）并不都是啤酒（Beer）。",0,1,
sample_0464,subClassOf,Food ⊑ Beverage,0,qwen-max-0125,0.0,8192,https://api2.aigcbest.top/v1,"判断结果：错误  
解释：根据子类关系语义规则，Food的所有实例应属于Beverage，但常识中食物不一定是饮料，存在明显语义冲突。",0,1,
sample_0465,subClassOf,WinterSportPlayer ⊑ Biathlete,0,qwen-max-0125,0.0,8192,https://api2.aigcbest.top/v1,"判断结果：错误  
解释：根据子类关系语义规则，WinterSportPlayer的所有实例应属于Biathlete，但常识上冬季运动运动员不一定是双向滑雪运动员。",0,1,
sample_0466,subClassOf,Database ⊑ BiologicalDatabase,0,qwen-max-0125,0.0,8192,https://api2.aigcbest.top/v1,"判断结果：错误  
解释：根据子类关系语义规则，Database的所有实例应属于BiologicalDatabase，但常识上数据库不一定是生物数据库，存在明显语义冲突。",0,1,
sample_0467,subClassOf,Scientist ⊑ Biologist,0,qwen-max-0125,0.0,8192,https://api2.aigcbest.top/v1,"判断结果：错误  
解释：根据子类关系语义规则，Scientist的所有实例必须属于Biologist，但并非所有科学家都是生物学家，这不符合常识。",0,1,
sample_0468,subClassOf,Animal ⊑ Bird,0,qwen-max-0125,0.0,8192,https://api2.aigcbest.top/v1,"判断结果：错误  
解释：根据子类关系语义规则，Animal的所有实例必须属于Bird，但常识中动物不都是鸟，因此违反语义规则。",0,1,
sample_0469,subClassOf,AnatomicalStructure ⊑ BloodVessel,0,qwen-max-0125,0.0,8192,https://api2.aigcbest.top/v1,"判断结果：错误  
解释：根据子类关系语义规则，AnatomicalStructure的所有实例应属于BloodVessel，但常识上并非所有解剖结构都是血管。",0,1,
sample_0470,subClassOf,Game ⊑ BoardGame,0,qwen-max-0125,0.0,8192,https://api2.aigcbest.top/v1,"判断结果：错误  
解释：根据子类关系语义规则，Game的所有实例必须属于BoardGame，但常识上Game是一个更广泛的类别，包含但不限于BoardGame。",0,1,
sample_0471,subClassOf,WinterSportPlayer ⊑ BobsleighAthlete,0,qwen-max-0125,0.0,8192,https://api2.aigcbest.top/v1,"判断结果：错误  
解释：根据子类关系语义规则，WinterSportPlayer的所有实例应属于BobsleighAthlete，但常识上冬季运动运动员不一定是雪橇运动员。",0,1,
sample_0472,subClassOf,NaturalPlace ⊑ BodyOfWater,0,qwen-max-0125,0.0,8192,https://api2.aigcbest.top/v1,"判断结果：错误  
解释：根据子类关系语义规则，NaturalPlace的所有实例应属于BodyOfWater，但并非所有自然地点都是水体，明显不符合常识。",0,1,
sample_0473,subClassOf,Athlete ⊑ Bodybuilder,0,qwen-max-0125,0.0,8192,https://api2.aigcbest.top/v1,"判断结果：错误  
解释：根据子类关系语义规则，所有Athlete的实例必须是Bodybuilder的实例，但这不符合常识，因为运动员（Athlete）不一定是健美运动员（Bodybuilder）。",0,1,
sample_0474,subClassOf,AnatomicalStructure ⊑ Bone,0,qwen-max-0125,0.0,8192,https://api2.aigcbest.top/v1,"判断结果：错误  
解释：根据子类关系语义规则，AnatomicalStructure的所有实例应属于Bone，但常识上AnatomicalStructure包含更多类型（如器官、组织等），不仅限于Bone。",0,1,
sample_0475,subClassOf,WrittenWork ⊑ Book,0,qwen-max-0125,0.0,8192,https://api2.aigcbest.top/v1,"判断结果：错误  
解释：根据子类关系语义规则，所有WrittenWork的实例必须是Book的实例，但常识上WrittenWork包含更多类型（如文章、论文等），不局限于Book。",0,1,
sample_0476,subClassOf,SportsLeague ⊑ BowlingLeague,0,qwen-max-0125,0.0,8192,https://api2.aigcbest.top/v1,"判断结果：错误  
解释：根据子类关系语义规则，SportsLeague的所有实例应属于BowlingLeague，但常识上体育联盟不一定是保龄球联盟。",0,1,
sample_0477,subClassOf,Athlete ⊑ Boxer,0,qwen-max-0125,0.0,8192,https://api2.aigcbest.top/v1,"判断结果：错误  
解释：根据子类关系语义规则，Athlete的所有实例必须属于Boxer，但常识上运动员（Athlete）并不都是拳击手（Boxer）。",0,1,
sample_0478,subClassOf,SportsLeague ⊑ BoxingLeague,0,qwen-max-0125,0.0,8192,https://api2.aigcbest.top/v1,"判断结果：错误  
解释：根据子类关系语义规则，SportsLeague的所有实例应属于BoxingLeague，但常识上体育联盟（SportsLeague）并不都是拳击联盟（BoxingLeague）。",0,1,
sample_0479,subClassOf,AnatomicalStructure ⊑ Brain,0,qwen-max-0125,0.0,8192,https://api2.aigcbest.top/v1,"判断结果：错误  
解释：根据子类关系语义规则，AnatomicalStructure的所有实例应属于Brain，但常识上并非所有解剖结构都是大脑的一部分。",0,1,
sample_0480,subClassOf,Company ⊑ Brewery,0,qwen-max-0125,0.0,8192,https://api2.aigcbest.top/v1,"判断结果：错误  
解释：根据子类关系语义规则，Company的所有实例必须属于Brewery，但常识上并非所有公司都是酿酒厂，因此存在语义冲突。",0,1,
sample_0481,subPropertyOf,depth ⊑p averageDepth,0,qwen-max-0125,0.0,8192,https://api2.aigcbest.top/v1,"判断结果：错误  
解释：根据子类关系语义规则，depth作为类应为averageDepth的子类，但常识上深度（depth）并非平均深度（averageDepth）的子类，存在语义冲突。",0,1,
sample_0482,subPropertyOf,administrativeHeadCity ⊑p capital,0,qwen-max-0125,0.0,8192,https://api2.aigcbest.top/v1,"判断结果：错误  
解释：根据子类关系语义规则，行政中心城市（administrativeHeadCity）并不一定总是首都（capital），存在语义冲突。",0,1,
sample_0483,subPropertyOf,championInDouble ⊑p championInDoubleMale,0,qwen-max-0125,0.0,8192,https://api2.aigcbest.top/v1,"判断结果：错误  
解释：根据子属性关系语义规则，子属性的使用应满足父属性的关系，但“championInDoubleMale”明显限制了性别范围，与更通用的“championInDouble”存在语义冲突。",0,1,
sample_0484,subPropertyOf,championInSingle ⊑p championInSingleMale,0,qwen-max-0125,0.0,8192,https://api2.aigcbest.top/v1,"判断结果：错误  
解释：根据子类关系语义规则，子类的所有实例必须属于父类，但“championInSingle”（单打冠军）并不一定都是“championInSingleMale”（男子单打冠军），因为单打冠军可能包括女子单打冠军，存在明显语义冲突。",0,1,
sample_0485,subPropertyOf,code ⊑p colourHexCode,0,qwen-max-0125,0.0,8192,https://api2.aigcbest.top/v1,"判断结果：错误  
解释：根据子属性关系语义规则，子属性必须继承父属性的定义域和值域，但“code”与“colourHexCode”之间不存在明确的子属性关系，且不符合常识。",0,1,
sample_0486,subPropertyOf,code ⊑p cosparId,0,qwen-max-0125,0.0,8192,https://api2.aigcbest.top/v1,"判断结果：错误  
解释：根据子类关系语义规则，code和cosparId应为类，但此处使用了属性符号（⊑p），与子类关系不符。",0,1,
sample_0487,subPropertyOf,code ⊑p fdaUniiCode,0,qwen-max-0125,0.0,8192,https://api2.aigcbest.top/v1,"判断结果：错误  
解释：根据子类关系语义规则，code的所有实例应属于fdaUniiCode，但常识上code是一个通用概念，不一定是fdaUniiCode的子集。",0,1,
sample_0488,subPropertyOf,Name ⊑p greekName,0,qwen-max-0125,0.0,8192,https://api2.aigcbest.top/v1,"判断结果：错误  
解释：根据子类关系语义规则，Name的所有实例应属于greekName，但常识上Name并不一定是greekName的子集。",0,1,
sample_0489,subPropertyOf,code ⊑p imdbId,0,qwen-max-0125,0.0,8192,https://api2.aigcbest.top/v1,"判断结果：错误  
解释：根据子属性关系语义规则，子属性必须继承父属性的定义域和值域，但“code”和“imdbId”之间不存在明确的子属性关系。",0,1,
sample_0490,subPropertyOf,codeSettlement ⊑p inseeCode,0,qwen-max-0125,0.0,8192,https://api2.aigcbest.top/v1,"判断结果：错误  
解释：根据RDFS语义规则，子类关系（subClassOf）要求左侧为类，右侧也为类，而此处右侧为属性（inseeCode），违反了语义规则。",0,1,
sample_0491,subPropertyOf,isPartOf ⊑p isPartOfMilitaryConflict,0,qwen-max-0125,0.0,8192,https://api2.aigcbest.top/v1,"判断结果：错误  
解释：根据子属性关系语义规则，isPartOf的所有关联资源对必须满足isPartOfMilitaryConflict关系，但isPartOf的语义更广泛，不一定局限于军事冲突，因此不符合常识。",0,1,
sample_0492,subPropertyOf,isPartOf ⊑p isPartOfWineRegion,0,qwen-max-0125,0.0,8192,https://api2.aigcbest.top/v1,"判断结果：错误  
解释：根据子属性关系语义规则，isPartOf的所有关联资源对必须满足isPartOfWineRegion关系，但isPartOf的语义更广泛，可能不局限于酒类相关区域，因此不符合常识。",0,1,
sample_0493,subPropertyOf,LanguageCode ⊑p iso6391Code,0,qwen-max-0125,0.0,8192,https://api2.aigcbest.top/v1,"判断结果：错误  
解释：根据子类关系语义规则，LanguageCode的所有实例应属于iso6391Code，但常识上LanguageCode是一个更广义的概念，不应仅限于iso6391Code的范围。",0,1,
sample_0494,subPropertyOf,LanguageCode ⊑p iso6392Code,0,qwen-max-0125,0.0,8192,https://api2.aigcbest.top/v1,"判断结果：错误  
解释：根据子类关系语义规则，LanguageCode的所有实例应属于iso6392Code，但常识上LanguageCode和iso6392Code是不同的概念，可能存在不兼容的实例。",0,1,
sample_0495,subPropertyOf,LanguageCode ⊑p iso6393Code,0,qwen-max-0125,0.0,8192,https://api2.aigcbest.top/v1,"判断结果：错误  
解释：根据子类关系语义规则，LanguageCode的所有实例应属于iso6393Code，但常识上LanguageCode和iso6393Code是不同的概念，可能存在不一致。",0,1,
sample_0496,subPropertyOf,Name ⊑p latinName,0,qwen-max-0125,0.0,8192,https://api2.aigcbest.top/v1,"判断结果：错误  
解释：根据子类关系语义规则，Name的所有实例应属于latinName，但常识上Name和latinName是不同的概念，且未提供足够的上下文支持这种子类关系。",0,1,
sample_0497,subPropertyOf,genre ⊑p literaryGenre,0,qwen-max-0125,0.0,8192,https://api2.aigcbest.top/v1,"判断结果：错误  
解释：根据子类关系语义规则，genre的所有实例应属于literaryGenre，但常识上“genre”是一个更广泛的概念，不应仅限于“literaryGenre”。",0,1,
sample_0498,subPropertyOf,location ⊑p locationCity,0,qwen-max-0125,0.0,8192,https://api2.aigcbest.top/v1,"判断结果：错误  
解释：子类关系要求location的所有实例必须是locationCity的实例，但常识上“位置”并不一定是“城市”。",0,1,
sample_0499,subPropertyOf,location ⊑p locationCountry,0,qwen-max-0125,0.0,8192,https://api2.aigcbest.top/v1,"判断结果：错误  
解释：子类关系要求类A的所有实例都属于类B，但“location”和“locationCountry”之间不存在这种语义层次关系。",0,1,
sample_0500,subPropertyOf,depth ⊑p maximumDepth,0,qwen-max-0125,0.0,8192,https://api2.aigcbest.top/v1,"判断结果：错误  
解释：根据子类关系语义规则，depth作为类应为maximumDepth的子类，但常识上“深度”并非“最大深度”的子类，存在语义冲突。",0,1,
sample_0501,subPropertyOf,Leader ⊑p mayor,0,qwen-max-0125,0.0,8192,https://api2.aigcbest.top/v1,"判断结果：错误  
解释：根据子类关系语义规则，Leader的所有实例应属于mayor，但常识中“领导者”并不一定是“市长”，存在明显语义冲突。",0,1,
sample_0502,subPropertyOf,followedBy ⊑p nextEvent,0,qwen-max-0125,0.0,8192,https://api2.aigcbest.top/v1,"判断结果：错误  
解释：根据子属性关系语义规则，followedBy作为nextEvent的子属性需满足所有followedBy关联的资源对也符合nextEvent关系，但常识上followedBy可能表示顺序关系而非事件间的直接“下一个”关系，存在语义冲突。",0,1,
sample_0503,subPropertyOf,followedBy ⊑p nextMission,0,qwen-max-0125,0.0,8192,https://api2.aigcbest.top/v1,"判断结果：错误  
解释：根据子属性关系语义规则，followedBy作为nextMission的子属性需满足所有followedBy关联的资源对也符合nextMission关系，但常识上“跟随”不一定意味着“下一任务”，可能存在语义冲突。",0,1,
sample_0504,subPropertyOf,ColourName ⊑p officialSchoolColour,0,qwen-max-0125,0.0,8192,https://api2.aigcbest.top/v1,"判断结果：错误  
解释：根据子类关系语义规则，ColourName的所有实例应属于officialSchoolColour，但常识上ColourName是颜色名称的类，而officialSchoolColour是属性，二者类型不匹配。",0,1,
sample_0505,subPropertyOf,owner ⊑p owningOrganisation,0,qwen-max-0125,0.0,8192,https://api2.aigcbest.top/v1,"判断结果：错误  
解释：根据子类关系语义规则，owner的所有实例应属于owningOrganisation，但常识上“拥有者”不一定是“组织”，可能存在语义冲突。",0,1,
sample_0506,subPropertyOf,code ⊑p postalCode,0,qwen-max-0125,0.0,8192,https://api2.aigcbest.top/v1,"判断结果：错误  
解释：根据子属性关系语义规则，子属性的使用需满足父属性的关系，但“code”和“postalCode”之间不存在明确的子属性语义关联。",0,1,
sample_0507,subPropertyOf,code ⊑p schoolCode,0,qwen-max-0125,0.0,8192,https://api2.aigcbest.top/v1,"判断结果：错误  
解释：根据子类关系语义规则，code的所有实例应属于schoolCode，但常识上code不一定特指学校代码，可能存在语义冲突。",0,1,
sample_0508,subPropertyOf,Medalist ⊑p bronzeMedalist,0,qwen-max-0125,0.0,8192,https://api2.aigcbest.top/v1,"判断结果：错误  
解释：根据子类关系语义规则，Medalist 的所有实例应属于 bronzeMedalist，但常识上 Medalist 包括金、银、铜牌得主，不应仅限于 bronzeMedalist。",0,1,
sample_0509,subPropertyOf,championInDouble ⊑p championInDoubleFemale,0,qwen-max-0125,0.0,8192,https://api2.aigcbest.top/v1,"判断结果：错误  
解释：根据子属性关系语义规则，子属性的使用场景应比父属性更具体，而“championInDoubleFemale”显然是“championInDouble”的一个特例，因此应是“championInDoubleFemale ⊑p championInDouble”，原公理方向错误。",0,1,
sample_0510,subPropertyOf,championInDouble ⊑p championInMixedDouble,0,qwen-max-0125,0.0,8192,https://api2.aigcbest.top/v1,"判断结果：错误  
解释：根据子属性关系语义规则，championInDouble的所有实例应满足championInMixedDouble关系，但双打冠军与混双冠军在常识上并不具有此包含关系。",0,1,
sample_0511,subPropertyOf,championInSingle ⊑p championInSingleFemale,0,qwen-max-0125,0.0,8192,https://api2.aigcbest.top/v1,"判断结果：错误  
解释：根据子类关系语义规则，championInSingleFemale 的所有实例应属于 championInSingle，但常识上女性单打冠军不一定是通用单打冠军。",0,1,
sample_0512,subPropertyOf,Medalist ⊑p goldMedalist,0,qwen-max-0125,0.0,8192,https://api2.aigcbest.top/v1,"判断结果：错误  
解释：根据子类关系语义规则，Medalist 的所有实例应属于 goldMedalist，但常识上并非所有奖牌获得者都是金牌获得者。",0,1,
sample_0513,subPropertyOf,isPartOf ⊑p isPartOfAnatomicalStructure,0,qwen-max-0125,0.0,8192,https://api2.aigcbest.top/v1,"判断结果：正确  
解释：根据子属性关系语义规则，isPartOf作为isPartOfAnatomicalStructure的子属性，其关联的资源对也必须满足isPartOfAnatomicalStructure关系，符合语义规则且无常识冲突。",1,0,
sample_0514,subPropertyOf,language ⊑p originalLanguage,0,qwen-max-0125,0.0,8192,https://api2.aigcbest.top/v1,"判断结果：错误  
解释：根据子类关系语义规则，language的所有实例应属于originalLanguage，但常识上语言（language）并不一定是原始语言（originalLanguage）的子集。",0,1,
sample_0515,subPropertyOf,releaseDate ⊑p premiereDate,0,qwen-max-0125,0.0,8192,https://api2.aigcbest.top/v1,"判断结果：错误  
解释：根据子属性关系语义规则，releaseDate作为premiereDate的子属性需满足所有通过releaseDate关联的资源对也满足premiereDate关系，但常识上发布日期不一定是首映日期，因此不符合语义规则。",0,1,
sample_0516,subPropertyOf,releaseYear ⊑p premiereYear,0,qwen-max-0125,0.0,8192,https://api2.aigcbest.top/v1,"判断结果：错误  
解释：根据子属性关系语义规则，releaseYear的所有关联资源对也必须满足premiereYear关系，但常识上发布年份和首映年份并不总是相同，因此该公理不符合常识。",0,1,
sample_0517,subPropertyOf,Wins ⊑p rankingWins,0,qwen-max-0125,0.0,8192,https://api2.aigcbest.top/v1,"判断结果：错误  
解释：根据子类关系语义规则，Wins 的所有实例应属于 rankingWins，但 Wins 与 rankingWins 的语义不符合常识逻辑。",0,1,
sample_0518,subPropertyOf,Medalist ⊑p silverMedalist,0,qwen-max-0125,0.0,8192,https://api2.aigcbest.top/v1,"判断结果：错误  
解释：根据子类关系语义规则，Medalist 的所有实例应属于 silverMedalist，但常识上 Medalist 包括金牌、银牌和铜牌得主，因此该公理不符合常识。",0,1,
sample_0519,subPropertyOf,code ⊑p atcCode,0,qwen-max-0125,0.0,8192,https://api2.aigcbest.top/v1,"判断结果：错误  
解释：根据子类关系语义规则，code的所有实例应属于atcCode，但常识上code和atcCode并无明确的子类关系。",0,1,
sample_0520,subPropertyOf,characterInPlay ⊑p muteCharacterInPlay,0,qwen-max-0125,0.0,8192,https://api2.aigcbest.top/v1,"判断结果：错误  
解释：根据子类关系语义规则，characterInPlay的所有实例应属于muteCharacterInPlay，但常识上并非所有角色都是哑巴角色，因此存在语义冲突。",0,1,
sample_0521,subPropertyOf,characterInPlay ⊑p chorusCharacterInPlay,0,qwen-max-0125,0.0,8192,https://api2.aigcbest.top/v1,"判断结果：错误  
解释：根据子类关系语义规则，子类的所有实例必须属于父类，但“characterInPlay”和“chorusCharacterInPlay”之间不存在明显的包含关系，违反常识。",0,1,
sample_0522,subPropertyOf,code ⊑p ceeb,0,qwen-max-0125,0.0,8192,https://api2.aigcbest.top/v1,"判断结果：错误  
解释：公理未明确类型且不符合RDFS语义规则的任何一种形式。",0,1,
sample_0523,subPropertyOf,code ⊑p aitaCode,0,qwen-max-0125,0.0,8192,https://api2.aigcbest.top/v1,"判断结果：错误  
解释：公理未明确类型且不符合RDFS语义规则的任何一种形式，无法验证其正确性。",0,1,
sample_0524,subPropertyOf,runtime ⊑p albumRuntime,0,qwen-max-0125,0.0,8192,https://api2.aigcbest.top/v1,"判断结果：错误  
解释：根据子类关系语义规则，runtime的所有实例应属于albumRuntime，但常识上“运行时长”并非“专辑运行时长”的子集，存在语义冲突。",0,1,
sample_0525,subPropertyOf,colourHexCode ⊑p awayColourHexCode,0,qwen-max-0125,0.0,8192,https://api2.aigcbest.top/v1,"判断结果：错误  
解释：根据子属性关系语义规则，子属性应继承父属性的定义域和值域，但此处未提供足够的信息表明colourHexCode与awayColourHexCode满足该条件。",0,1,
sample_0526,subPropertyOf,code ⊑p bibsysId,0,qwen-max-0125,0.0,8192,https://api2.aigcbest.top/v1,"判断结果：错误  
解释：根据子类关系语义规则，code的所有实例应属于bibsysId，但常识上code和bibsysId不具备此类层级关系。",0,1,
sample_0527,subPropertyOf,code ⊑p bnfId,0,qwen-max-0125,0.0,8192,https://api2.aigcbest.top/v1,"判断结果：错误  
解释：公理未明确类型且不符合RDFS语义规则的任何一种形式，无法验证其正确性。",0,1,
sample_0528,subPropertyOf,code ⊑p bpnId,0,qwen-max-0125,0.0,8192,https://api2.aigcbest.top/v1,"判断结果：错误  
解释：公理未明确类型且不符合RDFS语义规则的任何一种标准形式（subClassOf、subPropertyOf、domain、range）。",0,1,
sample_0529,subPropertyOf,code ⊑p brinCode,0,qwen-max-0125,0.0,8192,https://api2.aigcbest.top/v1,"判断结果：错误  
解释：公理未明确类型且不符合RDFS语义规则的任何一种形式。",0,1,
sample_0530,subPropertyOf,champion ⊑p championInDouble,0,qwen-max-0125,0.0,8192,https://api2.aigcbest.top/v1,"判断结果：错误  
解释：根据子类关系语义规则，champion的所有实例应属于championInDouble，但常识上“冠军”并不一定是“双打冠军”，存在语义冲突。",0,1,
sample_0531,subPropertyOf,champion ⊑p championInSingle,0,qwen-max-0125,0.0,8192,https://api2.aigcbest.top/v1,"判断结果：错误  
解释：根据子类关系语义规则，champion的所有实例应属于championInSingle，但常识上“冠军”不一定是“单打冠军”，可能存在其他类型的冠军（如双打冠军）。",0,1,
sample_0532,subPropertyOf,Leader ⊑p chief,0,qwen-max-0125,0.0,8192,https://api2.aigcbest.top/v1,"判断结果：错误  
解释：公理未明确类型且符号“⊑p”不符合RDFS标准语义规则，无法解析其含义。",0,1,
sample_0533,subPropertyOf,code ⊑p codeIndex,0,qwen-max-0125,0.0,8192,https://api2.aigcbest.top/v1,"判断结果：错误  
解释：根据子类关系语义规则，code的所有实例应属于codeIndex，但常识上代码（code）与代码索引（codeIndex）并无必然的子类关系。",0,1,
sample_0534,subPropertyOf,code ⊑p codeListOfHonour,0,qwen-max-0125,0.0,8192,https://api2.aigcbest.top/v1,"判断结果：错误  
解释：根据子类关系语义规则，code的所有实例应属于codeListOfHonour，但常识上“代码”与“荣誉代码列表”无明显包含关系，存在语义冲突。",0,1,
sample_0535,subPropertyOf,Code ⊑p codeMemorial,0,qwen-max-0125,0.0,8192,https://api2.aigcbest.top/v1,"判断结果：错误  
解释：根据子类关系语义规则，Code的所有实例应属于codeMemorial，但常识上代码（Code）与代码纪念碑（codeMemorial）并无必然的子类关系。",0,1,
sample_0536,subPropertyOf,code ⊑p codeMunicipalMonument,0,qwen-max-0125,0.0,8192,https://api2.aigcbest.top/v1,"判断结果：错误  
解释：根据子类关系语义规则，code的所有实例应属于codeMunicipalMonument，但常识上“代码”与“市政纪念碑”无明显包含关系，存在语义冲突。",0,1,
sample_0537,subPropertyOf,code ⊑p codeNationalMonument,0,qwen-max-0125,0.0,8192,https://api2.aigcbest.top/v1,"判断结果：错误  
解释：根据子类关系语义规则，code的所有实例应属于codeNationalMonument，但常识上“代码”与“国家纪念碑”无明显包含关系，存在语义冲突。",0,1,
sample_0538,subPropertyOf,code ⊑p codeProvincialMonument,0,qwen-max-0125,0.0,8192,https://api2.aigcbest.top/v1,"判断结果：错误  
解释：根据子类关系语义规则，code的所有实例应属于codeProvincialMonument，但常识上“代码”与“省级纪念碑”无明显包含关系，存在语义冲突。",0,1,
sample_0539,subPropertyOf,code ⊑p codeStockExchange,0,qwen-max-0125,0.0,8192,https://api2.aigcbest.top/v1,"判断结果：错误  
解释：根据子类关系语义规则，code的所有实例应属于codeStockExchange，但常识上代码（code）与股票交易所（codeStockExchange）无直接包含关系，存在语义冲突。",0,1,
sample_0540,subPropertyOf,keyPerson ⊑p commandant,0,qwen-max-0125,0.0,8192,https://api2.aigcbest.top/v1,"判断结果：错误  
解释：根据子类关系语义规则，keyPerson的所有实例应属于commandant，但常识上“关键人物”并不一定是“指挥官”，存在语义冲突。",0,1,
sample_0541,subPropertyOf,isoCode ⊑p communityIsoCode,0,qwen-max-0125,0.0,8192,https://api2.aigcbest.top/v1,"判断结果：错误  
解释：公理未明确类型（如subClassOf、subPropertyOf等），且isoCode和communityIsoCode之间的关系语义不清晰，无法验证其符合RDFS语义规则。",0,1,
sample_0542,subPropertyOf,code ⊑p dfE,0,qwen-max-0125,0.0,8192,https://api2.aigcbest.top/v1,"判断结果：错误  
解释：公理未明确类型且符号不符合RDFS标准语义规则，无法识别其具体含义。",0,1,
sample_0543,subPropertyOf,Distance ⊑p distanceToCapital,0,qwen-max-0125,0.0,8192,https://api2.aigcbest.top/v1,"判断结果：错误  
解释：根据子类关系语义规则，Distance 的所有实例应属于 distanceToCapital，但常识上 Distance 是一个抽象概念，而 distanceToCapital 更像是一个具体属性，二者不符合子类关系。",0,1,
sample_0544,subPropertyOf,code ⊑p dutchArtworkCode,0,qwen-max-0125,0.0,8192,https://api2.aigcbest.top/v1,"判断结果：错误  
解释：根据子类关系语义规则，code的所有实例应属于dutchArtworkCode，但常识上“代码”与“荷兰艺术品代码”并无必然包含关系，存在语义冲突。",0,1,
sample_0545,subPropertyOf,Code ⊑p dutchMIPCode,0,qwen-max-0125,0.0,8192,https://api2.aigcbest.top/v1,"判断结果：错误  
解释：公理未明确类型且不符合RDFS语义规则的任何一种形式，无法识别其为子类、子属性、定义域或值域关系。",0,1,
sample_0546,subPropertyOf,code ⊑p dutchNAIdentifier,0,qwen-max-0125,0.0,8192,https://api2.aigcbest.top/v1,"判断结果：错误  
解释：根据子类关系语义规则，code的所有实例应属于dutchNAIdentifier，但常识上code与dutchNAIdentifier无明显包含关系，可能存在语义冲突。",0,1,
sample_0547,subPropertyOf,code ⊑p dutchPPNCode,0,qwen-max-0125,0.0,8192,https://api2.aigcbest.top/v1,"判断结果：错误  
解释：根据子类关系语义规则，code的所有实例应属于dutchPPNCode，但常识上code是一个通用概念，不应仅限于dutchPPNCode。",0,1,
sample_0548,subPropertyOf,code ⊑p dutchWinkelID,0,qwen-max-0125,0.0,8192,https://api2.aigcbest.top/v1,"判断结果：错误  
解释：根据子类关系语义规则，code的所有实例应属于dutchWinkelID，但常识上code通常表示代码，与dutchWinkelID无明显包含关系。",0,1,
sample_0549,subPropertyOf,closeTo ⊑p eastPlace,0,qwen-max-0125,0.0,8192,https://api2.aigcbest.top/v1,"判断结果：错误  
解释：公理未明确类型且不符合RDFS语义规则的任何一种形式，无法验证其正确性。",0,1,
sample_0550,subPropertyOf,codeSettlement ⊑p ekatteCode,0,qwen-max-0125,0.0,8192,https://api2.aigcbest.top/v1,"判断结果：错误  
解释：根据子类关系语义规则，codeSettlement的所有实例应属于ekatteCode，但常识上无法确认两者间存在此类层级关系。",0,1,
sample_0551,subPropertyOf,artist ⊑p featuring,0,qwen-max-0125,0.0,8192,https://api2.aigcbest.top/v1,"判断结果：错误  
解释：根据子类关系语义规则，artist的所有实例应属于featuring，但常识上“艺术家”并不一定是“被特别介绍的”，因此不符合语义规则。",0,1,
sample_0552,subPropertyOf,code ⊑p filmPolskiId,0,qwen-max-0125,0.0,8192,https://api2.aigcbest.top/v1,"判断结果：错误  
解释：根据子类关系语义规则，code的所有实例应属于filmPolskiId，但常识上code通常表示编码类型，与filmPolskiId无明显包含关系，存在语义冲突。",0,1,
sample_0553,subPropertyOf,runtime ⊑p filmRuntime,0,qwen-max-0125,0.0,8192,https://api2.aigcbest.top/v1,"判断结果：错误  
解释：根据子类关系语义规则，runtime作为类应是filmRuntime的子类，但常识上runtime更适合作为属性而非类，存在语义冲突。",0,1,
sample_0554,subPropertyOf,publisher ⊑p firstPublisher,0,qwen-max-0125,0.0,8192,https://api2.aigcbest.top/v1,"判断结果：错误  
解释：根据子属性关系语义规则，子属性必须继承父属性的定义域和值域，但“publisher”和“firstPublisher”在常识中具有不同语义，无法满足该约束。",0,1,
sample_0555,subPropertyOf,altitude ⊑p highestAltitude,0,qwen-max-0125,0.0,8192,https://api2.aigcbest.top/v1,"判断结果：错误  
解释：根据子属性关系语义规则，altitude和highestAltitude之间没有明确的子属性关联，且从常识来看，altitude并不一定是highestAltitude的子属性。",0,1,
sample_0556,subPropertyOf,colourHexCode ⊑p homeColourHexCode,0,qwen-max-0125,0.0,8192,https://api2.aigcbest.top/v1,"判断结果：错误  
解释：根据子属性关系语义规则，子属性关联的资源对必须满足父属性关系，但“colourHexCode”和“homeColourHexCode”之间没有明确的语义支持这种子属性关系。",0,1,
sample_0557,subPropertyOf,code ⊑p individualisedGnd,0,qwen-max-0125,0.0,8192,https://api2.aigcbest.top/v1,"判断结果：错误  
解释：根据子类关系语义规则，code的所有实例应属于individualisedGnd，但此关系缺乏常识支持且未明确上下文语义合理性。",0,1,
sample_0558,subPropertyOf,code ⊑p isniId,0,qwen-max-0125,0.0,8192,https://api2.aigcbest.top/v1,"判断结果：错误  
解释：根据子类关系语义规则，code的所有实例应属于isniId，但常识上code通常表示编码类型，而isniId是特定标识符类型，二者无明显包含关系。",0,1,
sample_0559,subPropertyOf,code ⊑p lccnId,0,qwen-max-0125,0.0,8192,https://api2.aigcbest.top/v1,"判断结果：错误  
解释：根据子类关系语义规则，code的所有实例应属于lccnId，但常识上code通常表示代码，而lccnId表示图书馆分类号，二者无明显包含关系。",0,1,
sample_0560,subPropertyOf,altitude ⊑p lowestAltitude,0,qwen-max-0125,0.0,8192,https://api2.aigcbest.top/v1,"判断结果：错误  
解释：根据子类关系语义规则，altitude的所有实例应属于lowestAltitude，但常识上altitude是一个数值属性，而lowestAltitude可能表示特定范围的最低值，两者并非子类关系。",0,1,
sample_0561,domain,domain(deathPlace) = Airline,0,qwen-max-0125,0.0,8192,https://api2.aigcbest.top/v1,"判断结果：错误  
解释：根据定义域语义规则，使用属性deathPlace的主体应属于类Airline，但常识上死亡地点与航空公司无直接关联，存在明显语义冲突。",0,1,
sample_0562,domain,domain(deathDate) = Disease,0,qwen-max-0125,0.0,8192,https://api2.aigcbest.top/v1,"判断结果：错误  
解释：属性deathDate的定义域为Disease不符合常识，因为死亡日期通常与人或生物相关，而非疾病。",0,1,
sample_0563,domain,domain(birthPlace) = Museum,0,qwen-max-0125,0.0,8192,https://api2.aigcbest.top/v1,"判断结果：错误  
解释：根据定义域语义规则，使用birthPlace属性的主体应属于Museum类，但常识上出生地通常不是博物馆，因此存在明显语义冲突。",0,1,
sample_0564,domain,domain(birthDate) = Biomolecule,0,qwen-max-0125,0.0,8192,https://api2.aigcbest.top/v1,"判断结果：错误  
解释：属性birthDate的定义域为Biomolecule不符合常识，因为出生日期通常与生物分子无关。",0,1,
sample_0565,domain,domain(curator) = ArchitecturalStructure,0,qwen-max-0125,0.0,8192,https://api2.aigcbest.top/v1,"判断结果：错误  
解释：根据定义域语义规则，使用属性curator的主体必须属于类ArchitecturalStructure，但常识上curator（馆长或管理者）通常与人相关，而非建筑结构。",0,1,
sample_0566,domain,domain(vehiclesInFleet) = EducationalInstitution,0,qwen-max-0125,0.0,8192,https://api2.aigcbest.top/v1,"判断结果：错误  
解释：根据定义域语义规则，使用属性vehiclesInFleet的主体必须属于类EducationalInstitution，但常识上“车队中的车辆”与“教育机构”无直接关联，存在明显语义冲突。",0,1,
sample_0567,domain,domain(associatedRocket) = Saint,0,qwen-max-0125,0.0,8192,https://api2.aigcbest.top/v1,"判断结果：错误  
解释：根据定义域语义规则，使用属性associatedRocket的主体必须属于类Saint，但常识中“关联火箭”的主体通常不会限定为特定类Saint，可能存在语义冲突。",0,1,
sample_0568,domain,domain(firstLaunchDate) = Drug,0,qwen-max-0125,0.0,8192,https://api2.aigcbest.top/v1,"判断结果：错误  
解释：根据定义域语义规则，使用firstLaunchDate属性的主体应属于Drug类，但常识上“首次发布日期”通常与药物无关，而更可能与产品或事件相关。",0,1,
sample_0569,domain,domain(firstLaunchRocket) = Scientist,0,qwen-max-0125,0.0,8192,https://api2.aigcbest.top/v1,"判断结果：错误  
解释：根据定义域语义规则，使用firstLaunchRocket属性的主体应属于Scientist类，但常识上首次发射火箭的主体更可能是机构或国家而非科学家个人。",0,1,
sample_0570,domain,domain(lastLaunchDate) = ChemicalSubstance,0,qwen-max-0125,0.0,8192,https://api2.aigcbest.top/v1,"判断结果：错误  
解释：属性lastLaunchDate的定义域为ChemicalSubstance不符合常识，因为“最后发射日期”通常与火箭或航天器相关，而非化学物质。",0,1,
sample_0571,domain,domain(lastLaunchRocket) = Place,0,qwen-max-0125,0.0,8192,https://api2.aigcbest.top/v1,"判断结果：错误  
解释：根据定义域语义规则，使用lastLaunchRocket属性的主体应属于Place类，但常识上火箭发射与地点的关系不符合此定义。",0,1,
sample_0572,domain,domain(numberOfPads) = MeanOfTransportation,0,qwen-max-0125,0.0,8192,https://api2.aigcbest.top/v1,"判断结果：错误  
解释：根据定义域语义规则，使用属性numberOfPads的主体必须属于类MeanOfTransportation，但常识中“numberOfPads”通常与某种设备或物体相关，而非交通工具。",0,1,
sample_0573,domain,domain(previousInfrastructure) = PublicTransitSystem,0,qwen-max-0125,0.0,8192,https://api2.aigcbest.top/v1,"判断结果：错误  
解释：根据定义域语义规则，使用previousInfrastructure属性的主体必须属于PublicTransitSystem类，但常识上“previousInfrastructure”可能关联更广泛的主体，不局限于公共交通系统。",0,1,
sample_0574,domain,domain(subsequentInfrastructure) = Museum,0,qwen-max-0125,0.0,8192,https://api2.aigcbest.top/v1,"判断结果：错误  
解释：根据定义域语义规则，使用属性subsequentInfrastructure的主体必须属于类Museum，但常识中“subsequentInfrastructure”并不特指与博物馆相关的内容，可能存在语义冲突。",0,1,
sample_0575,domain,domain(meltingPoint) = School,0,qwen-max-0125,0.0,8192,https://api2.aigcbest.top/v1,"判断结果：错误  
解释：根据定义域语义规则，使用属性meltingPoint的主体应属于类School，但常识上熔点属性通常与物质相关，而非学校。",0,1,
sample_0576,domain,domain(meltingPoint) = EducationalInstitution,0,qwen-max-0125,0.0,8192,https://api2.aigcbest.top/v1,"判断结果：错误  
解释：属性meltingPoint的定义域为EducationalInstitution，不符合常识，因为熔点通常与物质相关，而非教育机构。",0,1,
sample_0577,domain,domain(aoCloassification) = SpaceMission,0,qwen-max-0125,0.0,8192,https://api2.aigcbest.top/v1,"判断结果：错误  
解释：根据定义域语义规则，属性aoCloassification的主体应属于类SpaceMission，但该公理未明确属性与类的关系，且命名不符合常识。",0,1,
sample_0578,domain,domain(nciId) = AdministrativeRegion,0,qwen-max-0125,0.0,8192,https://api2.aigcbest.top/v1,"判断结果：错误  
解释：根据定义域语义规则，使用nciId属性的主体必须属于AdministrativeRegion类，但nciId通常用于标识实体而非行政区域，存在明显语义冲突。",0,1,
sample_0579,domain,domain(suppreddedDate) = Museum,0,qwen-max-0125,0.0,8192,https://api2.aigcbest.top/v1,"判断结果：错误  
解释：根据定义域语义规则，使用属性suppreddedDate的主体必须属于类Museum，但常识上日期属性通常与博物馆类无直接关联，可能存在语义冲突。",0,1,
sample_0580,domain,domain(releaseLocation) = AcademicJournal,0,qwen-max-0125,0.0,8192,https://api2.aigcbest.top/v1,"判断结果：错误  
解释：根据定义域语义规则，使用属性releaseLocation的主体应属于AcademicJournal类，但常识上发布地点通常与期刊无关，可能存在语义冲突。",0,1,
sample_0581,domain,domain(canBaggageChecked) = Protein,0,qwen-max-0125,0.0,8192,https://api2.aigcbest.top/v1,"判断结果：错误  
解释：根据定义域语义规则，使用属性canBaggageChecked的主体必须属于类Protein，这与常识冲突，因为“canBaggageChecked”通常与行李检查相关，而不可能涉及蛋白质类主体。",0,1,
sample_0582,domain,domain(chemicalFormula) = Island,0,qwen-max-0125,0.0,8192,https://api2.aigcbest.top/v1,"判断结果：错误  
解释：化学式（chemicalFormula）的定义域通常应为化学物质或相关类，而不是“岛屿（Island）”，这明显违反常识和语义规则。",0,1,
sample_0583,domain,domain(formerBroadcastNetwork) = Scientist,0,qwen-max-0125,0.0,8192,https://api2.aigcbest.top/v1,"判断结果：错误  
解释：根据定义域语义规则，使用formerBroadcastNetwork属性的主体应属于Scientist类，但常识上广播网络与科学家无直接关联，存在明显语义冲突。",0,1,
sample_0584,domain,domain(lastAirDate) = Lake,0,qwen-max-0125,0.0,8192,https://api2.aigcbest.top/v1,"判断结果：错误  
解释：属性lastAirDate的定义域为Lake不符合常识，因为“最后播出日期”通常与时间相关，而不可能属于“湖泊”类。",0,1,
sample_0585,domain,domain(locusSupplementaryData) = EducationalInstitution,0,qwen-max-0125,0.0,8192,https://api2.aigcbest.top/v1,"判断结果：错误  
解释：根据定义域语义规则，使用locusSupplementaryData属性的主体必须属于EducationalInstitution类，但常识上该属性可能与多种类型的主体相关，不局限于教育机构。",0,1,
sample_0586,domain,domain(lowerAge) = Person,0,qwen-max-0125,0.0,8192,https://api2.aigcbest.top/v1,"判断结果：错误  
解释：根据定义域语义规则，使用lowerAge属性的主体必须属于Person类，但常识中年龄属性通常与具体的人无关，可能适用于其他实体（如动物或物品）。",0,1,
sample_0587,domain,domain(numberOfGraduateStudents) = Place,0,qwen-max-0125,0.0,8192,https://api2.aigcbest.top/v1,"判断结果：错误  
解释：属性numberOfGraduateStudents的定义域应为教育机构或类似类，而不是Place，明显不符合常识和语义规则。",0,1,
sample_0588,domain,domain(pictureFormat) = Biomolecule,0,qwen-max-0125,0.0,8192,https://api2.aigcbest.top/v1,"判断结果：错误  
解释：根据定义域语义规则，使用属性pictureFormat的主体应属于类Biomolecule，但常识上pictureFormat通常用于描述图像格式，与生物分子无直接关联，存在明显语义冲突。",0,1,
sample_0589,domain,domain(reopeningDate) = Animal,0,qwen-max-0125,0.0,8192,https://api2.aigcbest.top/v1,"判断结果：错误  
解释：属性“reopeningDate”的定义域为“Animal”不符合常识，因为“reopeningDate”通常与事件或地点相关，而不可能属于动物的属性。",0,1,
sample_0590,domain,domain(sisterCollege) = Station,0,qwen-max-0125,0.0,8192,https://api2.aigcbest.top/v1,"判断结果：错误  
解释：根据定义域语义规则，使用属性sisterCollege的主体应属于类Station，但常识上“姐妹学院”关系通常用于教育机构之间，与Station（站点）无直接关联，存在明显语义冲突。",0,1,
sample_0591,domain,domain(uniprot) = MeanOfTransportation,0,qwen-max-0125,0.0,8192,https://api2.aigcbest.top/v1,"判断结果：错误  
解释：根据定义域语义规则，使用属性uniprot的主体应属于类MeanOfTransportation，但常识上uniprot与生物信息学相关，明显不符合交通工具（MeanOfTransportation）的定义域约束。",0,1,
sample_0592,domain,domain(upperAge) = Engine,0,qwen-max-0125,0.0,8192,https://api2.aigcbest.top/v1,"判断结果：错误  
解释：根据定义域语义规则，使用属性upperAge的主体应属于类Engine，但常识中upperAge通常与生物或人相关，与Engine无直接关联，存在语义冲突。",0,1,
sample_0593,domain,domain(projectBudgetFunding) = Biomolecule,0,qwen-max-0125,0.0,8192,https://api2.aigcbest.top/v1,"判断结果：错误  
解释：根据定义域语义规则，使用属性projectBudgetFunding的主体应属于类Biomolecule，但常识上项目预算资金与生物分子无直接关联，存在明显语义冲突。",0,1,
sample_0594,domain,domain(projectBudgetTotal) = Work,0,qwen-max-0125,0.0,8192,https://api2.aigcbest.top/v1,"判断结果：错误  
解释：根据定义域语义规则，使用projectBudgetTotal属性的主体必须属于Work类，但常识上预算总额更可能与项目（Project）相关，而非工作（Work）。",0,1,
sample_0595,domain,domain(projectEndDate) = School,0,qwen-max-0125,0.0,8192,https://api2.aigcbest.top/v1,"判断结果：错误  
解释：根据定义域语义规则，属性projectEndDate的主体应与项目结束日期相关，而School类显然不符合该属性的合理主体类型。",0,1,
sample_0596,domain,domain(projectStartDate) = Engine,0,qwen-max-0125,0.0,8192,https://api2.aigcbest.top/v1,"判断结果：错误  
解释：根据定义域语义规则，属性projectStartDate的主体应属于类Engine，但常识上项目开始日期通常与项目相关，而非发动机。",0,1,
sample_0597,domain,domain(otherChannel) = Drug,0,qwen-max-0125,0.0,8192,https://api2.aigcbest.top/v1,"判断结果：错误  
解释：根据定义域语义规则，使用属性otherChannel的主体必须属于类Drug，但常识上“其他渠道”与“药物”之间没有必然关联，可能存在语义冲突。",0,1,
sample_0598,domain,domain(statisticYear) = ChemicalSubstance,0,qwen-max-0125,0.0,8192,https://api2.aigcbest.top/v1,"判断结果：错误  
解释：根据定义域语义规则，使用属性statisticYear的主体应属于类ChemicalSubstance，但常识上“年份统计”与“化学物质”无直接关联，存在明显语义冲突。",0,1,
sample_0599,domain,domain(diameter) = Automobile,0,qwen-max-0125,0.0,8192,https://api2.aigcbest.top/v1,"判断结果：错误  
解释：根据定义域语义规则，使用属性diameter的主体必须属于类Automobile，但直径通常是一个数值属性，与汽车类无直接关联，存在明显语义冲突。",0,1,
sample_0600,domain,domain(fuelTypeName) = Drug,0,qwen-max-0125,0.0,8192,https://api2.aigcbest.top/v1,"判断结果：错误  
解释：燃料类型名称（fuelTypeName）的定义域通常应与燃料或相关实体类相关，而“Drug”（药物）明显不符合常识和语义规则。",0,1,
sample_0601,domain,domain(argueDate) = PowerStation,0,qwen-max-0125,0.0,8192,https://api2.aigcbest.top/v1,"判断结果：错误  
解释：根据定义域语义规则，使用argueDate属性的主体应属于PowerStation类，但常识上“argueDate”与“PowerStation”无直接关联，存在明显语义冲突。",0,1,
sample_0602,domain,domain(decideDate) = PowerStation,0,qwen-max-0125,0.0,8192,https://api2.aigcbest.top/v1,"判断结果：错误  
解释：根据定义域语义规则，使用属性decideDate的主体应属于类PowerStation，但常识上“决定日期”与“电站”无直接关联，存在语义冲突。",0,1,
sample_0603,domain,domain(numberOfClassrooms) = AdministrativeRegion,0,qwen-max-0125,0.0,8192,https://api2.aigcbest.top/v1,"判断结果：错误  
解释：属性“numberOfClassrooms”的定义域应为与教室数量相关的实体（如学校或建筑物），而非“AdministrativeRegion”。",0,1,
sample_0604,domain,domain(wheelbase) = College,0,qwen-max-0125,0.0,8192,https://api2.aigcbest.top/v1,"判断结果：错误  
解释：属性wheelbase的定义域为College不符合常识，因为wheelbase通常与车辆相关，而College表示学院，二者无直接关联。",0,1,
sample_0605,domain,domain(floorArea) = PublicTransitSystem,0,qwen-max-0125,0.0,8192,https://api2.aigcbest.top/v1,"判断结果：错误  
解释：属性floorArea的定义域为PublicTransitSystem不符合常识，因为“楼层面积”通常与建筑物或空间相关，而非公共交通系统。",0,1,
sample_0606,domain,domain(length) = Planet,0,qwen-max-0125,0.0,8192,https://api2.aigcbest.top/v1,"判断结果：错误  
解释：根据定义域语义规则，使用属性length的主体必须属于类Planet，但常识中length通常用于描述长度，与行星无直接关联，存在语义冲突。",0,1,
sample_0607,domain,domain(areaOfCatchment) = Scientist,0,qwen-max-0125,0.0,8192,https://api2.aigcbest.top/v1,"判断结果：错误  
解释：根据定义域语义规则，使用属性areaOfCatchment的主体应属于类Scientist，但常识上“集水区面积”与“科学家”无直接关联，存在明显语义冲突。",0,1,
sample_0608,domain,domain(shoreLength) = Disease,0,qwen-max-0125,0.0,8192,https://api2.aigcbest.top/v1,"判断结果：错误  
解释：属性shoreLength的定义域为Disease不符合常识，因为“岸线长度”通常与地理或物理实体相关，而非疾病。",0,1,
sample_0609,domain,domain(volume) = Automobile,0,qwen-max-0125,0.0,8192,https://api2.aigcbest.top/v1,"判断结果：错误  
解释：根据定义域语义规则，使用属性volume的主体必须属于Automobile类，但常识中volume（容量）可以用于描述多种对象，不限于汽车。",0,1,
sample_0610,domain,domain(height) = ChemicalSubstance,0,qwen-max-0125,0.0,8192,https://api2.aigcbest.top/v1,"判断结果：错误  
解释：属性height的定义域为ChemicalSubstance不符合常识，因为高度通常与物理对象或实体相关，而非化学物质。",0,1,
sample_0611,domain,domain(length) = AcademicJournal,0,qwen-max-0125,0.0,8192,https://api2.aigcbest.top/v1,"判断结果：错误  
解释：根据定义域语义规则，使用属性length的主体必须属于AcademicJournal类，但常识中length通常用于描述物理对象或文本长度，与学术期刊无直接关联，存在语义冲突。",0,1,
sample_0612,domain,domain(weight) = ResearchProject,0,qwen-max-0125,0.0,8192,https://api2.aigcbest.top/v1,"判断结果：错误  
解释：根据定义域语义规则，使用属性weight的主体必须属于类ResearchProject，但常识中“重量”通常与物理对象相关，而非研究项目。",0,1,
sample_0613,domain,domain(width) = Airline,0,qwen-max-0125,0.0,8192,https://api2.aigcbest.top/v1,"判断结果：错误  
解释：属性width的定义域为Airline不符合常识，因为宽度通常与物理对象相关，而航空公司不是物理对象。",0,1,
sample_0614,domain,domain(height) = Settlement,0,qwen-max-0125,0.0,8192,https://api2.aigcbest.top/v1,"判断结果：错误  
解释：属性height的定义域为Settlement不符合常识，因为高度通常与物理对象或地理特征相关，而不是与定居点直接相关。",0,1,
sample_0615,domain,domain(weight) = SupremeCourtOfTheUnitedStatesCase,0,qwen-max-0125,0.0,8192,https://api2.aigcbest.top/v1,"判断结果：错误  
解释：属性weight的定义域被限制为SupremeCourtOfTheUnitedStatesCase，但根据常识，weight通常用于描述具有重量的实体，与案件类无直接关联，存在语义冲突。",0,1,
sample_0616,domain,domain(apoapsis) = Ship,0,qwen-max-0125,0.0,8192,https://api2.aigcbest.top/v1,"判断结果：错误  
解释：根据定义域语义规则，使用属性apoapsis的主体应属于类Ship，但常识上apoapsis描述天体轨道的远地点，与Ship无直接关联，存在语义冲突。",0,1,
sample_0617,domain,domain(averageSpeed) = Protein,0,qwen-max-0125,0.0,8192,https://api2.aigcbest.top/v1,"判断结果：错误  
解释：属性averageSpeed的定义域为Protein不符合常识，因为平均速度通常与运动实体相关，而蛋白质一般不具有速度属性。",0,1,
sample_0618,domain,domain(density) = Infrastructure,0,qwen-max-0125,0.0,8192,https://api2.aigcbest.top/v1,"判断结果：错误  
解释：属性density的定义域为Infrastructure，意味着使用density的主体必须属于Infrastructure类，这不符合常识，因为密度通常与物质或材料相关，而非基础设施。",0,1,
sample_0619,domain,domain(mass) = PublicTransitSystem,0,qwen-max-0125,0.0,8192,https://api2.aigcbest.top/v1,"判断结果：错误  
解释：根据定义域语义规则，使用属性mass的主体应属于类PublicTransitSystem，但常识中mass通常用于描述物理对象的质量，与公共交通系统无直接关联，存在明显语义冲突。",0,1,
sample_0620,domain,domain(maximumTemperature) = EducationalInstitution,0,qwen-max-0125,0.0,8192,https://api2.aigcbest.top/v1,"判断结果：错误  
解释：属性maximumTemperature的定义域为EducationalInstitution不符合常识，因为“最高温度”通常与教育机构无直接关联。",0,1,
sample_0621,domain,domain(meanRadius) = ResearchProject,0,qwen-max-0125,0.0,8192,https://api2.aigcbest.top/v1,"判断结果：错误  
解释：根据定义域语义规则，使用meanRadius属性的主体应属于ResearchProject类，但常识上meanRadius更可能与天体或几何对象相关，而非研究项目。",0,1,
sample_0622,domain,domain(meanTemperature) = ChemicalSubstance,0,qwen-max-0125,0.0,8192,https://api2.aigcbest.top/v1,"判断结果：错误  
解释：属性meanTemperature的定义域为ChemicalSubstance不符合常识，因为温度通常是与物理对象或环境相关联，而非化学物质专属属性。",0,1,
sample_0623,domain,domain(minimumTemperature) = EducationalInstitution,0,qwen-max-0125,0.0,8192,https://api2.aigcbest.top/v1,"判断结果：错误  
解释：属性minimumTemperature的定义域为EducationalInstitution不符合常识，因为最低温度通常与教育机构无直接关联。",0,1,
sample_0624,domain,domain(orbitalPeriod) = Drug,0,qwen-max-0125,0.0,8192,https://api2.aigcbest.top/v1,"判断结果：错误  
解释：orbitalPeriod的定义域为Drug不符合常识，因为orbitalPeriod通常与天体相关，而Drug与其无直接关联。",0,1,
sample_0625,domain,domain(periapsis) = Automobile,0,qwen-max-0125,0.0,8192,https://api2.aigcbest.top/v1,"判断结果：错误  
解释：根据定义域语义规则，使用属性periapsis的主体必须属于Automobile类，但常识上periapsis与天文学相关，明显不符合Automobile类的语义。",0,1,
sample_0626,domain,domain(temperature) = Biomolecule,0,qwen-max-0125,0.0,8192,https://api2.aigcbest.top/v1,"判断结果：错误  
解释：根据定义域语义规则，使用属性temperature的主体必须属于类Biomolecule，但常识上温度通常与物理对象或环境相关，而非生物分子。",0,1,
sample_0627,domain,domain(volume) = Airline,0,qwen-max-0125,0.0,8192,https://api2.aigcbest.top/v1,"判断结果：错误  
解释：根据定义域语义规则，使用属性volume的主体必须属于类Airline，这与常识不符，因为“体积”通常与物理对象相关，而非航空公司。",0,1,
sample_0628,domain,domain(area) = SupremeCourtOfTheUnitedStatesCase,0,qwen-max-0125,0.0,8192,https://api2.aigcbest.top/v1,"判断结果：错误  
解释：根据定义域语义规则，使用属性“area”的主体必须属于类“SupremeCourtOfTheUnitedStatesCase”，但“area”通常用于描述地理区域，与案件类无直接关联，存在明显语义冲突。",0,1,
sample_0629,domain,domain(areaMetro) = Station,0,qwen-max-0125,0.0,8192,https://api2.aigcbest.top/v1,"判断结果：错误  
解释：根据定义域语义规则，使用属性areaMetro的主体必须属于类Station，但常识上“面积”属性通常与地理区域相关，而非车站。",0,1,
sample_0630,domain,domain(areaTotal) = SupremeCourtOfTheUnitedStatesCase,0,qwen-max-0125,0.0,8192,https://api2.aigcbest.top/v1,"判断结果：错误  
解释：根据定义域语义规则，使用属性areaTotal的主体必须属于类SupremeCourtOfTheUnitedStatesCase，但常识上“总面积”与“美国最高法院案件”无直接关联，存在明显语义冲突。",0,1,
sample_0631,domain,domain(areaUrban) = PowerStation,0,qwen-max-0125,0.0,8192,https://api2.aigcbest.top/v1,"判断结果：错误  
解释：根据定义域语义规则，属性areaUrban的主体应属于类PowerStation，但常识上“城市区域”与“发电站”无直接关联，存在语义冲突。",0,1,
sample_0632,domain,domain(populationDensity) = School,0,qwen-max-0125,0.0,8192,https://api2.aigcbest.top/v1,"判断结果：错误  
解释：属性populationDensity的定义域为School不符合常识，因为人口密度通常与地理区域相关，而非学校。",0,1,
sample_0633,domain,domain(populationMetroDensity) = Biomolecule,0,qwen-max-0125,0.0,8192,https://api2.aigcbest.top/v1,"判断结果：错误  
解释：属性populationMetroDensity的定义域为Biomolecule不符合常识，因为“人口密度”通常与地理或城市相关，而非生物分子。",0,1,
sample_0634,domain,domain(populationUrbanDensity) = Island,0,qwen-max-0125,0.0,8192,https://api2.aigcbest.top/v1,"判断结果：错误  
解释：属性populationUrbanDensity的定义域为Island，意味着使用该属性的主体必须是Island，但根据常识，城市人口密度通常与城市或区域相关，而非岛屿。",0,1,
sample_0635,domain,domain(fileSize) = Infrastructure,0,qwen-max-0125,0.0,8192,https://api2.aigcbest.top/v1,"判断结果：错误  
解释：根据定义域语义规则，使用属性fileSize的主体应属于类Infrastructure，但常识中文件大小通常与文件相关，而非基础设施。",0,1,
sample_0636,domain,domain(missionDuration) = AdministrativeRegion,0,qwen-max-0125,0.0,8192,https://api2.aigcbest.top/v1,"判断结果：错误  
解释：属性missionDuration的定义域为AdministrativeRegion不符合常识，因为任务持续时间通常与行政区域无直接关联。",0,1,
sample_0637,domain,domain(runtime) = Airline,0,qwen-max-0125,0.0,8192,https://api2.aigcbest.top/v1,"判断结果：错误  
解释：根据定义域语义规则，使用属性runtime的主体必须属于类Airline，但常识中“runtime”通常与航空公司的关联不符合逻辑。",0,1,
sample_0638,domain,domain(absoluteMagnitude) = Station,0,qwen-max-0125,0.0,8192,https://api2.aigcbest.top/v1,"判断结果：错误  
解释：根据定义域语义规则，使用属性absoluteMagnitude的主体必须属于类Station，但常识中绝对星等（absoluteMagnitude）通常与天体相关，而不是站点（Station）。",0,1,
sample_0639,domain,domain(academicAdvisor) = ArchitecturalStructure,0,qwen-max-0125,0.0,8192,https://api2.aigcbest.top/v1,"判断结果：错误  
解释：根据定义域语义规则，使用academicAdvisor属性的主体应属于ArchitecturalStructure类，但常识上学术顾问通常是人而非建筑结构，因此存在明显语义冲突。",0,1,
sample_0640,domain,domain(academicDiscipline) = Station,0,qwen-max-0125,0.0,8192,https://api2.aigcbest.top/v1,"判断结果：错误  
解释：属性academicDiscipline的定义域被指定为Station，但根据常识，学术领域（academicDiscipline）通常与人或学术活动相关，而不是与“站点”（Station）相关，存在明显语义冲突。",0,1,
sample_0641,domain,domain(acquirementDate) = Planet,0,qwen-max-0125,0.0,8192,https://api2.aigcbest.top/v1,"判断结果：错误  
解释：根据定义域语义规则，使用属性acquirementDate的主体应属于类Planet，但常识上“获取日期”通常与事件或物品相关，而非行星。",0,1,
sample_0642,domain,domain(activeYears) = Automobile,0,qwen-max-0125,0.0,8192,https://api2.aigcbest.top/v1,"判断结果：错误  
解释：根据定义域语义规则，使用属性activeYears的主体应属于类Automobile，但常识上activeYears更可能与时间或年份相关，而非汽车。",0,1,
sample_0643,domain,domain(address) = Biomolecule,0,qwen-max-0125,0.0,8192,https://api2.aigcbest.top/v1,"判断结果：错误  
解释：根据定义域语义规则，使用属性address的主体必须属于类Biomolecule，但常识中地址（address）通常与实体如人、地点或组织相关，而非生物分子（Biomolecule）。",0,1,
sample_0644,domain,domain(administrativeCenter) = Airline,0,qwen-max-0125,0.0,8192,https://api2.aigcbest.top/v1,"判断结果：错误  
解释：根据定义域语义规则，使用属性administrativeCenter的主体应属于类Airline，但常识上行政中心通常与地理或组织相关，与航空公司无直接关联，存在语义冲突。",0,1,
sample_0645,domain,domain(administrativeCollectivity) = AcademicJournal,0,qwen-max-0125,0.0,8192,https://api2.aigcbest.top/v1,"判断结果：错误  
解释：根据定义域语义规则，使用属性administrativeCollectivity的主体必须属于类AcademicJournal，这与常识不符，因为“行政集体”通常不会特指学术期刊。",0,1,
sample_0646,domain,domain(administrativeDistrict) = EducationalInstitution,0,qwen-max-0125,0.0,8192,https://api2.aigcbest.top/v1,"判断结果：错误  
解释：根据定义域语义规则，使用属性administrativeDistrict的主体应属于EducationalInstitution类，但常识上行政区域通常与地理或行政区划相关，而非教育机构。",0,1,
sample_0647,domain,domain(agency) = BaseballPlayer,0,qwen-max-0125,0.0,8192,https://api2.aigcbest.top/v1,"判断结果：错误  
解释：根据定义域语义规则，属性“agency”的主体应属于类“BaseballPlayer”，但“agency”通常表示代理关系，其主体不一定是棒球运动员，存在明显语义冲突。",0,1,
sample_0648,domain,domain(agencyStationCode) = LaunchPad,0,qwen-max-0125,0.0,8192,https://api2.aigcbest.top/v1,"判断结果：错误  
解释：根据定义域语义规则，使用属性agencyStationCode的主体必须属于类LaunchPad，但常识上agencyStationCode更可能与航天机构或站点相关，而非直接与发射台（LaunchPad）关联。",0,1,
sample_0649,domain,domain(albedo) = EducationalInstitution,0,qwen-max-0125,0.0,8192,https://api2.aigcbest.top/v1,"判断结果：错误  
解释：根据语义规则，属性albedo的定义域被限制为EducationalInstitution，但albedo通常表示反射率，与教育机构无直接关联，存在明显语义冲突。",0,1,
sample_0650,domain,domain(allegiance) = PublicTransitSystem,0,qwen-max-0125,0.0,8192,https://api2.aigcbest.top/v1,"判断结果：错误  
解释：根据定义域语义规则，使用属性allegiance的主体应属于类PublicTransitSystem，但常识中allegiance通常用于表示忠诚或隶属关系，与PublicTransitSystem无直接关联，存在语义冲突。",0,1,
sample_0651,domain,domain(alliance) = BaseballPlayer,0,qwen-max-0125,0.0,8192,https://api2.aigcbest.top/v1,"判断结果：错误  
解释：根据定义域语义规则，属性“alliance”的主体应属于类“BaseballPlayer”，但“alliance”通常表示联盟关系，与“BaseballPlayer”无直接常识关联，存在语义冲突。",0,1,
sample_0652,domain,domain(almaMater) = Building,0,qwen-max-0125,0.0,8192,https://api2.aigcbest.top/v1,"判断结果：错误  
解释：根据定义域语义规则，使用属性almaMater的主体应属于类Building，但常识上almaMater通常关联的是人与学校或机构，而非建筑物。",0,1,
sample_0653,domain,domain(apoapsis) = Biomolecule,0,qwen-max-0125,0.0,8192,https://api2.aigcbest.top/v1,"判断结果：错误  
解释：根据定义域语义规则，使用属性apoapsis的主体应属于类Biomolecule，但apoapsis通常用于描述天文学中的轨道参数，与生物分子（Biomolecule）无直接关联，存在明显语义冲突。",0,1,
sample_0654,domain,domain(apparentMagnitude) = Infrastructure,0,qwen-max-0125,0.0,8192,https://api2.aigcbest.top/v1,"判断结果：错误  
解释：属性apparentMagnitude的定义域为Infrastructure不符合常识，因为表观亮度通常与天体相关，而非基础设施。",0,1,
sample_0655,domain,domain(archipelago) = School,0,qwen-max-0125,0.0,8192,https://api2.aigcbest.top/v1,"判断结果：错误  
解释：根据定义域语义规则，属性“archipelago”的主体应属于类“School”，但常识上“archipelago”（群岛）与“School”（学校）无直接关联，存在明显语义冲突。",0,1,
sample_0656,domain,domain(architect) = Ship,0,qwen-max-0125,0.0,8192,https://api2.aigcbest.top/v1,"判断结果：错误  
解释：根据定义域语义规则，属性“architect”的主体应属于类“Ship”，但常识上“architect”更可能与建筑或设计相关，而非“Ship”。",0,1,
sample_0657,domain,domain(architecturalStyle) = BaseballPlayer,0,qwen-max-0125,0.0,8192,https://api2.aigcbest.top/v1,"判断结果：错误  
解释：属性architecturalStyle的定义域被指定为BaseballPlayer，这与常识不符，因为建筑风格（architecturalStyle）通常与建筑相关，而非棒球运动员（BaseballPlayer）。",0,1,
sample_0658,domain,domain(areaCode) = School,0,qwen-max-0125,0.0,8192,https://api2.aigcbest.top/v1,"判断结果：错误  
解释：根据定义域语义规则，使用属性areaCode的主体必须属于类School，但常识上areaCode通常与地理区域相关，而非学校。",0,1,
sample_0659,domain,domain(areaLand) = Island,0,qwen-max-0125,0.0,8192,https://api2.aigcbest.top/v1,"判断结果：错误  
解释：根据定义域语义规则，使用属性areaLand的主体必须属于类Island，但常识上陆地面积属性不应仅限于岛屿类。",0,1,
sample_0660,domain,domain(areaOfCatchment) = Software,0,qwen-max-0125,0.0,8192,https://api2.aigcbest.top/v1,"判断结果：错误  
解释：根据定义域语义规则，使用属性areaOfCatchment的主体必须属于类Software，但常识上“集水区面积”与软件无关，存在明显语义冲突。",0,1,
sample_0661,range,range(deathPlace) = Broadcaster,0,qwen-max-0125,0.0,8192,https://api2.aigcbest.top/v1,"判断结果：错误  
解释：根据值域语义规则，属性deathPlace的客体应属于类Broadcaster，但常识上“死亡地点”通常与地理位置相关，而非广播公司。",0,1,
sample_0662,range,range(birthPlace) = Country,0,qwen-max-0125,0.0,8192,https://api2.aigcbest.top/v1,"判断结果：错误  
解释：根据值域语义规则，birthPlace的客体应为具体的地点（如城市或国家），但将其值域限定为Country与常识冲突，因为出生地可能更具体（如城市）。",0,1,
sample_0663,range,range(location) = College,0,qwen-max-0125,0.0,8192,https://api2.aigcbest.top/v1,"判断结果：错误  
解释：根据值域语义规则，属性location的客体应属于类College，但常识中location通常可以指向多种类型的地点，不限于College。",0,1,
sample_0664,range,range(place) = Band,0,qwen-max-0125,0.0,8192,https://api2.aigcbest.top/v1,"判断结果：错误  
解释：根据RDFS语义规则，值域（range）定义了属性的客体必须属于的类，但“Band”作为类名与“place”属性之间缺乏明确的常识关联，且未提供上下文支持该约束的合理性。",0,1,
sample_0665,range,range(associate) = BroadcastNetwork,0,qwen-max-0125,0.0,8192,https://api2.aigcbest.top/v1,"判断结果：错误  
解释：根据值域语义规则，属性“associate”的客体应属于类“BroadcastNetwork”，但常识中“associate”可能关联多种类型的客体，不限于“BroadcastNetwork”。",0,1,
sample_0666,range,range(curator) = Agent,0,qwen-max-0125,0.0,8192,https://api2.aigcbest.top/v1,"判断结果：正确  
解释：根据值域语义规则，属性curator的客体必须属于类Agent，符合常识和语义规则。",1,0,
sample_0667,range,range(vehiclesInFleet) = Company,0,qwen-max-0125,0.0,8192,https://api2.aigcbest.top/v1,"判断结果：错误  
解释：根据值域（range）语义规则，属性“vehiclesInFleet”的客体应属于类“Company”，但常识上“vehiclesInFleet”更可能与车辆类相关，而非公司类，存在明显语义冲突。",0,1,
sample_0668,range,range(associatedRocket) = MusicGenre,0,qwen-max-0125,0.0,8192,https://api2.aigcbest.top/v1,"判断结果：错误  
解释：根据值域语义规则，属性“associatedRocket”的客体应属于“MusicGenre”，但常识上“associatedRocket”与音乐流派无直接关联，存在明显语义冲突。",0,1,
sample_0669,range,range(firstLaunchRocket) = Band,0,qwen-max-0125,0.0,8192,https://api2.aigcbest.top/v1,"判断结果：错误  
解释：根据值域语义规则，属性firstLaunchRocket的客体应属于类Band，但常识上火箭首次发射与乐队无直接关联，存在明显语义冲突。",0,1,
sample_0670,range,range(lastLaunchRocket) = Colour,0,qwen-max-0125,0.0,8192,https://api2.aigcbest.top/v1,"判断结果：错误  
解释：根据值域语义规则，属性lastLaunchRocket的客体应属于Colour类，但常识上火箭发射与颜色无直接关联，存在明显语义冲突。",0,1,
sample_0671,range,range(previousInfrastructure) = Broadcaster,0,qwen-max-0125,0.0,8192,https://api2.aigcbest.top/v1,"判断结果：错误  
解释：根据值域语义规则，previousInfrastructure的客体应属于Broadcaster类，但“先前基础设施”与“广播公司”之间无明显关联，存在语义冲突。",0,1,
sample_0672,range,range(religiousHead) = CareerStation,0,qwen-max-0125,0.0,8192,https://api2.aigcbest.top/v1,"判断结果：错误  
解释：根据值域语义规则，属性religiousHead的客体应属于类CareerStation，但常识上宗教领袖（religiousHead）与职业站点（CareerStation）无直接关联，存在明显语义冲突。",0,1,
sample_0673,range,range(subsequentInfrastructure) = Artery,0,qwen-max-0125,0.0,8192,https://api2.aigcbest.top/v1,"判断结果：错误  
解释：根据值域语义规则，属性“subsequentInfrastructure”的客体应属于类“Artery”，但常识中“subsequentInfrastructure”可能关联多种基础设施类型，不局限于“Artery”。",0,1,
sample_0674,range,range(newspaper) = BroadcastNetwork,0,qwen-max-0125,0.0,8192,https://api2.aigcbest.top/v1,"判断结果：错误  
解释：报纸（newspaper）的值域不应是广播网络（BroadcastNetwork），这违反了常识和语义规则。",0,1,
sample_0675,range,range(organisation) = Currency,0,qwen-max-0125,0.0,8192,https://api2.aigcbest.top/v1,"判断结果：错误  
解释：根据值域语义规则，属性的客体必须属于定义的类，而“organisation”的值域被定义为“Currency”，这与常识冲突，因为组织通常不表示货币。",0,1,
sample_0676,range,range(releaseLocation) = CultivatedVariety,0,qwen-max-0125,0.0,8192,https://api2.aigcbest.top/v1,"判断结果：错误  
解释：属性releaseLocation的值域被定义为CultivatedVariety，但根据常识，发布地点通常与地理位置相关，而非栽培品种。",0,1,
sample_0677,range,range(formerBroadcastNetwork) = Infrastructure,0,qwen-max-0125,0.0,8192,https://api2.aigcbest.top/v1,"判断结果：错误  
解释：根据值域语义规则，formerBroadcastNetwork的客体应属于Infrastructure类，但广播网络通常与媒体组织相关，而非基础设施。",0,1,
sample_0678,range,range(sisterCollege) = MeanOfTransportation,0,qwen-max-0125,0.0,8192,https://api2.aigcbest.top/v1,"判断结果：错误  
解释：根据值域语义规则，sisterCollege的客体应为与“姐妹学院”相关的类，而非交通工具类MeanOfTransportation，存在明显语义冲突。",0,1,
sample_0679,range,range(taoiseach) = Organisation,0,qwen-max-0125,0.0,8192,https://api2.aigcbest.top/v1,"判断结果：错误  
解释：根据RDFS语义规则，值域（range）表示属性的客体必须属于指定类，但“taoiseach”通常指爱尔兰总理（一个具体的人），与“Organisation”类别不符，存在明显语义冲突。",0,1,
sample_0680,range,range(academicAdvisor) = College,0,qwen-max-0125,0.0,8192,https://api2.aigcbest.top/v1,"判断结果：错误  
解释：根据值域语义规则，academicAdvisor的客体应为College的实例，但常识上学术顾问通常是人而非学院。",0,1,
sample_0681,range,range(administrativeCenter) = Album,0,qwen-max-0125,0.0,8192,https://api2.aigcbest.top/v1,"判断结果：错误  
解释：根据值域语义规则，属性“administrativeCenter”的客体应属于类“Album”，但常识上“administrativeCenter”通常指行政中心，与“Album”（专辑）无直接关联，存在明显语义冲突。",0,1,
sample_0682,range,range(administrativeCollectivity) = Colour,0,qwen-max-0125,0.0,8192,https://api2.aigcbest.top/v1,"判断结果：错误  
解释：属性administrativeCollectivity的值域被定义为Colour，这违反了常识，因为行政实体通常与颜色无关。",0,1,
sample_0683,range,range(administrativeDistrict) = Rocket,0,qwen-max-0125,0.0,8192,https://api2.aigcbest.top/v1,"判断结果：错误  
解释：根据值域语义规则，属性的客体必须属于指定类，而“Rocket”作为值域不符合常识，因为“administrativeDistrict”通常与地理或行政区域相关，而非火箭。",0,1,
sample_0684,range,range(affiliation) = Athlete,0,qwen-max-0125,0.0,8192,https://api2.aigcbest.top/v1,"判断结果：错误  
解释：根据值域语义规则，属性affiliation的客体应属于类Athlete，但常识中affiliation通常用于表示组织或团体关系，其值域不应限定为Athlete。",0,1,
sample_0685,range,range(album) = Athlete,0,qwen-max-0125,0.0,8192,https://api2.aigcbest.top/v1,"判断结果：错误  
解释：根据值域语义规则，属性album的客体应属于类Athlete，但常识上专辑(album)与运动员(Athlete)无直接关联，存在明显语义冲突。",0,1,
sample_0686,range,range(almaMater) = Country,0,qwen-max-0125,0.0,8192,https://api2.aigcbest.top/v1,"判断结果：错误  
解释：根据RDFS语义规则，值域（range）表示属性的客体必须属于指定类，但“almaMater”通常指代教育机构（如大学），与“Country”类别不符，存在明显语义冲突。",0,1,
sample_0687,range,range(alongside) = Department,0,qwen-max-0125,0.0,8192,https://api2.aigcbest.top/v1,"判断结果：错误  
解释：根据值域语义规则，属性“alongside”的客体应属于类“Department”，但“alongside”通常表示某种并列关系，与“Department”类无直接常识关联，存在语义冲突。",0,1,
sample_0688,range,range(anthem) = Band,0,qwen-max-0125,0.0,8192,https://api2.aigcbest.top/v1,"判断结果：错误  
解释：根据值域语义规则，属性“anthem”的客体应属于类“Band”，但常识上“anthem”（国歌/颂歌）通常与国家或组织相关，而非乐队。",0,1,
sample_0689,range,range(appointer) = Company,0,qwen-max-0125,0.0,8192,https://api2.aigcbest.top/v1,"判断结果：错误  
解释：根据值域语义规则，属性appointer的客体应属于类Company，但常识上appointer通常指人或职位，与公司不符。",0,1,
sample_0690,range,range(architect) = Place,0,qwen-max-0125,0.0,8192,https://api2.aigcbest.top/v1,"判断结果：错误  
解释：根据值域语义规则，属性“architect”的客体应属于类“Place”，但常识上“architect”通常指人，与“Place”不符，存在明显语义冲突。",0,1,
sample_0691,range,range(arrondissement) = Organisation,0,qwen-max-0125,0.0,8192,https://api2.aigcbest.top/v1,"判断结果：错误  
解释：根据RDFS语义规则，值域（range）表示属性的客体必须属于指定类，而“arrondissement”通常指行政区划，与“Organisation”无直接语义关联，存在明显冲突。",0,1,
sample_0692,range,range(artery) = MusicGenre,0,qwen-max-0125,0.0,8192,https://api2.aigcbest.top/v1,"判断结果：错误  
解释：根据RDFS语义规则，值域（range）定义了属性客体的类别，而“artery”作为属性与“MusicGenre”之间不存在合理的语义关联，且不符合常识。",0,1,
sample_0693,range,range(artist) = MusicalArtist,0,qwen-max-0125,0.0,8192,https://api2.aigcbest.top/v1,"判断结果：错误  
解释：根据值域语义规则，属性artist的客体应属于MusicalArtist类，但常识中“artist”可能关联更广泛的类别（如画家、作家等），不限于音乐艺术家。",0,1,
sample_0694,range,range(associatedBand) = City,0,qwen-max-0125,0.0,8192,https://api2.aigcbest.top/v1,"判断结果：错误  
解释：属性associatedBand的值域为City不符合常识，因为“关联乐队”通常应与乐队类相关，而非城市类。",0,1,
sample_0695,range,range(associatedMusicalArtist) = Organisation,0,qwen-max-0125,0.0,8192,https://api2.aigcbest.top/v1,"判断结果：错误  
解释：根据值域语义规则，associatedMusicalArtist的客体应为Organisation，但常识上音乐艺术家通常是个人而非组织，因此存在语义冲突。",0,1,
sample_0696,range,range(associationOfLocalGovernment) = Automobile,0,qwen-max-0125,0.0,8192,https://api2.aigcbest.top/v1,"判断结果：错误  
解释：根据值域语义规则，属性“associationOfLocalGovernment”的客体应属于类“Automobile”，但这与常识冲突，因为地方政府协会通常与汽车无关。",0,1,
sample_0697,range,range(author) = Colour,0,qwen-max-0125,0.0,8192,https://api2.aigcbest.top/v1,"判断结果：错误  
解释：属性author的值域被定义为Colour，但根据常识，author通常指代人或组织，与Colour无直接关联，存在明显语义冲突。",0,1,
sample_0698,range,range(automobilePlatform) = Album,0,qwen-max-0125,0.0,8192,https://api2.aigcbest.top/v1,"判断结果：错误  
解释：根据值域语义规则，属性automobilePlatform的客体应属于类Album，但常识上automobilePlatform与Album无直接关联，存在明显语义冲突。",0,1,
sample_0699,range,range(award) = Country,0,qwen-max-0125,0.0,8192,https://api2.aigcbest.top/v1,"判断结果：错误  
解释：根据值域语义规则，award的客体应为Country，但常识中award通常关联的是奖项而非国家，存在明显语义冲突。",0,1,
sample_0700,range,range(bandMember) = Place,0,qwen-max-0125,0.0,8192,https://api2.aigcbest.top/v1,"判断结果：错误  
解释：根据值域语义规则，bandMember的客体应为与乐队成员相关的类，而Place明显不符合常识和语义规则。",0,1,
sample_0701,range,range(basedOn) = Band,0,qwen-max-0125,0.0,8192,https://api2.aigcbest.top/v1,"判断结果：错误  
解释：根据值域语义规则，属性basedOn的客体应属于类Band，但常识中basedOn可能关联多种类型的客体，不限于Band。",0,1,
sample_0702,range,range(battle) = Currency,0,qwen-max-0125,0.0,8192,https://api2.aigcbest.top/v1,"判断结果：错误  
解释：根据值域语义规则，属性battle的客体应属于类Currency，但常识中“战斗”与“货币”无直接关联，存在明显语义冲突。",0,1,
sample_0703,range,range(beatifiedBy) = EducationalInstitution,0,qwen-max-0125,0.0,8192,https://api2.aigcbest.top/v1,"判断结果：错误  
解释：根据值域语义规则，beatifiedBy的客体应为执行“宣福”行为的实体，而EducationalInstitution与该语义不符。",0,1,
sample_0704,range,range(beatifiedPlace) = Currency,0,qwen-max-0125,0.0,8192,https://api2.aigcbest.top/v1,"判断结果：错误  
解释：根据值域语义规则，beatifiedPlace的值应为地点相关类，而Currency明显不符合常识和语义规则。",0,1,
sample_0705,range,range(beltwayCity) = PeriodicalLiterature,0,qwen-max-0125,0.0,8192,https://api2.aigcbest.top/v1,"判断结果：错误  
解释：根据值域语义规则，beltwayCity的客体应属于PeriodicalLiterature，但常识上城市与期刊文献无直接关联，存在明显语义冲突。",0,1,
sample_0706,range,range(billed) = Award,0,qwen-max-0125,0.0,8192,https://api2.aigcbest.top/v1,"判断结果：错误  
解释：根据值域语义规则，属性“billed”的客体应属于类“Award”，但常识中“billed”通常与账单相关，与“Award”无直接关联，存在语义冲突。",0,1,
sample_0707,range,range(broadcastNetwork) = Currency,0,qwen-max-0125,0.0,8192,https://api2.aigcbest.top/v1,"判断结果：错误  
解释：根据值域语义规则，broadcastNetwork的值域应为与广播网络相关的类，而Currency明显不符合常识和语义规则。",0,1,
sample_0708,range,range(canonizedBy) = Work,0,qwen-max-0125,0.0,8192,https://api2.aigcbest.top/v1,"判断结果：错误  
解释：根据值域语义规则，属性canonizedBy的客体应属于类Work，但常识上“canonizedBy”更可能关联到执行某操作的主体（如人或机构），而非作品（Work）。",0,1,
sample_0709,range,range(canonizedPlace) = College,0,qwen-max-0125,0.0,8192,https://api2.aigcbest.top/v1,"判断结果：错误  
解释：根据值域语义规则，属性canonizedPlace的客体应属于类College，但常识中“canonizedPlace”通常指代与宗教封圣相关的地方，与“College”无直接关联，存在明显语义冲突。",0,1,
sample_0710,range,range(canton) = CareerStation,0,qwen-max-0125,0.0,8192,https://api2.aigcbest.top/v1,"判断结果：错误  
解释：根据RDFS语义规则，属性的值域应约束该属性的客体所属类，而“canton”作为属性与“CareerStation”之间不存在合理的语义关联。",0,1,
sample_0711,range,range(capital) = Album,0,qwen-max-0125,0.0,8192,https://api2.aigcbest.top/v1,"判断结果：错误  
解释：根据RDFS语义规则，属性“capital”的值域被定义为“Album”，但常识上“capital”通常与地理或政治概念相关，明显不符合常识。",0,1,
sample_0712,range,range(careerStation) = MusicGenre,0,qwen-max-0125,0.0,8192,https://api2.aigcbest.top/v1,"判断结果：错误  
解释：属性careerStation的值域被定义为MusicGenre，但根据常识，careerStation通常与职业阶段相关，而MusicGenre表示音乐流派，二者语义不符。",0,1,
sample_0713,range,range(ceremonialCounty) = Department,0,qwen-max-0125,0.0,8192,https://api2.aigcbest.top/v1,"判断结果：错误  
解释：根据值域语义规则，ceremonialCounty的客体应属于Department类，但常识上ceremonialCounty通常与地理或行政区划相关，明显不符合逻辑。",0,1,
sample_0714,range,range(chairman) = Place,0,qwen-max-0125,0.0,8192,https://api2.aigcbest.top/v1,"判断结果：错误  
解释：根据值域语义规则，属性chairman的客体应为与“主席”相关的实体，而非地点（Place），明显不符合常识。",0,1,
sample_0715,range,range(chairperson) = MilitaryConflict,0,qwen-max-0125,0.0,8192,https://api2.aigcbest.top/v1,"判断结果：错误  
解释：根据值域语义规则，chairperson的客体应为表示人的类，而MilitaryConflict表示军事冲突，明显不符合常识和语义规则。",0,1,
sample_0716,range,range(championInDoubleMale) = CultivatedVariety,0,qwen-max-0125,0.0,8192,https://api2.aigcbest.top/v1,"判断结果：错误  
解释：根据值域语义规则，属性championInDoubleMale的客体应属于类CultivatedVariety，但常识上“冠军”关系的客体通常不是“栽培品种”，存在明显语义冲突。",0,1,
sample_0717,range,range(championInSingleMale) = PopulatedPlace,0,qwen-max-0125,0.0,8192,https://api2.aigcbest.top/v1,"判断结果：错误  
解释：根据值域语义规则，属性championInSingleMale的客体应属于PopulatedPlace，但常识上“男性单打冠军”关系的客体通常不是地理区域。",0,1,
sample_0718,range,range(chancellor) = Organisation,0,qwen-max-0125,0.0,8192,https://api2.aigcbest.top/v1,"判断结果：错误  
解释：根据值域语义规则，属性chancellor的客体应属于类Organisation，但常识中chancellor通常指人而非组织，存在明显语义冲突。",0,1,
sample_0719,range,range(channel) = CareerStation,0,qwen-max-0125,0.0,8192,https://api2.aigcbest.top/v1,"判断结果：错误  
解释：根据值域语义规则，属性“channel”的客体应属于类“CareerStation”，但常识中“channel”通常与媒体或通信相关，与“CareerStation”无直接关联，存在语义冲突。",0,1,
sample_0720,range,range(child) = Award,0,qwen-max-0125,0.0,8192,https://api2.aigcbest.top/v1,"判断结果：错误  
解释：根据值域语义规则，属性“child”的客体应属于类“Award”，但常识中“child”通常指人，与“Award”类别不符，存在明显语义冲突。",0,1,
sample_0721,range,range(childOrganisation) = Agent,0,qwen-max-0125,0.0,8192,https://api2.aigcbest.top/v1,"判断结果：错误  
解释：根据值域语义规则，childOrganisation的客体应属于Agent类，但常识上childOrganisation通常关联的是组织类而非广义的Agent。",0,1,
sample_0722,range,range(cinematography) = MeanOfTransportation,0,qwen-max-0125,0.0,8192,https://api2.aigcbest.top/v1,"判断结果：错误  
解释：根据值域语义规则，cinematography的客体应与电影摄影相关，而MeanOfTransportation表示交通工具，明显不符合常识和语义规则。",0,1,
sample_0723,range,range(city) = Agent,0,qwen-max-0125,0.0,8192,https://api2.aigcbest.top/v1,"判断结果：错误  
解释：根据RDFS语义规则，属性的值域（range）定义了该属性客体所属的类，而“city”的值域被定义为“Agent”，这与常识冲突，因为城市（city）通常不会属于代理（Agent）类。",0,1,
sample_0724,range,range(club) = Disease,0,qwen-max-0125,0.0,8192,https://api2.aigcbest.top/v1,"判断结果：错误  
解释：根据值域语义规则，club的客体应属于Disease类，但常识上club与疾病无直接关联，存在明显语义冲突。",0,1,
sample_0725,range,range(coach) = Infrastructure,0,qwen-max-0125,0.0,8192,https://api2.aigcbest.top/v1,"判断结果：错误  
解释：根据值域语义规则，属性coach的客体应属于类Infrastructure，但常识中“coach”通常指人或指导者，与“Infrastructure”明显不符。",0,1,
sample_0726,range,range(college) = Infrastructure,0,qwen-max-0125,0.0,8192,https://api2.aigcbest.top/v1,"判断结果：错误  
解释：根据值域语义规则，属性“college”的客体应属于类“Infrastructure”，但常识上“college”通常指代教育机构，与基础设施（Infrastructure）不符，存在明显语义冲突。",0,1,
sample_0727,range,range(colour) = CultivatedVariety,0,qwen-max-0125,0.0,8192,https://api2.aigcbest.top/v1,"判断结果：错误  
解释：属性colour的值域被定义为CultivatedVariety，但根据常识，颜色的值域应为颜色类或类似类型，而非栽培品种类，存在明显语义冲突。",0,1,
sample_0728,range,range(commandStructure) = Rocket,0,qwen-max-0125,0.0,8192,https://api2.aigcbest.top/v1,"判断结果：错误  
解释：根据值域语义规则，属性commandStructure的客体应属于类Rocket，但常识中“commandStructure”通常描述的是指令结构，与“Rocket”无直接关联，存在明显语义冲突。",0,1,
sample_0729,range,range(commander) = MusicGenre,0,qwen-max-0125,0.0,8192,https://api2.aigcbest.top/v1,"判断结果：错误  
解释：根据值域语义规则，属性commander的客体应属于MusicGenre，但常识上commander与音乐流派无直接关联，存在明显语义冲突。",0,1,
sample_0730,range,range(company) = BroadcastNetwork,0,qwen-max-0125,0.0,8192,https://api2.aigcbest.top/v1,"判断结果：错误  
解释：根据值域语义规则，company的值域应为与其关联的实体类型，而BroadcastNetwork不符合常识中公司类型的定义。",0,1,
sample_0731,range,range(composer) = BroadcastNetwork,0,qwen-max-0125,0.0,8192,https://api2.aigcbest.top/v1,"判断结果：错误  
解释：属性composer的值域为BroadcastNetwork不符合常识，因为作曲家（composer）通常与人或艺术家相关，而不是广播网络。",0,1,
sample_0732,range,range(constituencyDistrict) = River,0,qwen-max-0125,0.0,8192,https://api2.aigcbest.top/v1,"判断结果：错误  
解释：属性“constituencyDistrict”的值域被定义为“River”，但根据常识，“选区”通常与地理区域相关，而河流并不适合作为选区的值域。",0,1,
sample_0733,range,range(councilArea) = Company,0,qwen-max-0125,0.0,8192,https://api2.aigcbest.top/v1,"判断结果：错误  
解释：根据值域语义规则，属性councilArea的客体应属于类Company，但常识上councilArea通常与地理区域相关，而非公司。",0,1,
sample_0734,range,range(country) = Album,0,qwen-max-0125,0.0,8192,https://api2.aigcbest.top/v1,"判断结果：错误  
解释：根据值域语义规则，属性country的客体应属于类Album，但常识上country通常表示国家，与Album无直接关联，存在明显语义冲突。",0,1,
sample_0735,range,range(countryWithFirstSatellite) = Band,0,qwen-max-0125,0.0,8192,https://api2.aigcbest.top/v1,"判断结果：错误  
解释：根据值域语义规则，属性的客体必须属于指定类，但“Band”作为值域不符合常识，因为发射卫星的主体通常是国家而非乐队。",0,1,
sample_0736,range,range(creator) = Department,0,qwen-max-0125,0.0,8192,https://api2.aigcbest.top/v1,"判断结果：错误  
解释：根据值域语义规则，属性creator的客体应属于类Department，但常识中creator通常指人或组织，与Department可能存在冲突。",0,1,
sample_0737,range,range(creatorOfDish) = Colour,0,qwen-max-0125,0.0,8192,https://api2.aigcbest.top/v1,"判断结果：错误  
解释：根据值域（range）语义规则，属性creatorOfDish的客体应属于类Colour，但常识上“创造菜品”的客体通常与颜色无关，存在明显语义冲突。",0,1,
sample_0738,range,range(crosses) = Architect,0,qwen-max-0125,0.0,8192,https://api2.aigcbest.top/v1,"判断结果：错误  
解释：根据RDFS语义规则，属性的值域应描述该属性客体所属的类，而“crosses”作为属性与“Architect”作为值域不符合常识语义关系。",0,1,
sample_0739,range,range(cultivatedVariety) = MusicGenre,0,qwen-max-0125,0.0,8192,https://api2.aigcbest.top/v1,"判断结果：错误  
解释：根据RDFS语义规则，属性的值域（range）定义了该属性客体所属的类，而“cultivatedVariety”与“MusicGenre”之间不存在合理的语义关联，明显不符合常识。",0,1,
sample_0740,range,range(currency) = Work,0,qwen-max-0125,0.0,8192,https://api2.aigcbest.top/v1,"判断结果：错误  
解释：根据RDFS语义规则，属性的值域应限定其客体所属的类，而“货币”与“工作”之间不存在合理的值域关系，明显违反常识。",0,1,
sample_0741,range,range(currentMember) = Award,0,qwen-max-0125,0.0,8192,https://api2.aigcbest.top/v1,"判断结果：错误  
解释：根据值域语义规则，currentMember的客体应属于类Award，但常识上currentMember通常关联的是人或组织，而非奖项。",0,1,
sample_0742,range,range(dean) = Broadcaster,0,qwen-max-0125,0.0,8192,https://api2.aigcbest.top/v1,"判断结果：错误  
解释：根据值域语义规则，属性dean的客体应属于类Broadcaster，但常识中dean通常指人，与Broadcaster不符。",0,1,
sample_0743,range,range(debutTeam) = CareerStation,0,qwen-max-0125,0.0,8192,https://api2.aigcbest.top/v1,"判断结果：错误  
解释：根据值域语义规则，属性debutTeam的客体应属于类CareerStation，但常识上“debutTeam”通常指代一个团队或组织，而“CareerStation”可能表示职业阶段，二者语义不符。",0,1,
sample_0744,range,range(department) = MilitaryUnit,0,qwen-max-0125,0.0,8192,https://api2.aigcbest.top/v1,"判断结果：错误  
解释：根据值域语义规则，属性department的客体应属于MilitaryUnit，但常识上部门通常与组织单位相关，而非军事单位，存在语义冲突。",0,1,
sample_0745,range,range(deputy) = Department,0,qwen-max-0125,0.0,8192,https://api2.aigcbest.top/v1,"判断结果：错误  
解释：根据值域语义规则，属性deputy的客体应属于类Department，但常识中“副手”通常指人而非部门，存在明显语义冲突。",0,1,
sample_0746,range,range(derivative) = MilitaryUnit,0,qwen-max-0125,0.0,8192,https://api2.aigcbest.top/v1,"判断结果：错误  
解释：根据值域语义规则，属性derivative的客体应属于MilitaryUnit，但“derivative”通常表示某种派生关系，与MilitaryUnit无直接常识关联，存在语义冲突。",0,1,
sample_0747,range,range(designCompany) = Organisation,0,qwen-max-0125,0.0,8192,https://api2.aigcbest.top/v1,"判断结果：正确  
解释：根据值域语义规则，属性designCompany的客体必须属于类Organisation，符合常识和语义规则。",1,0,
sample_0748,range,range(designer) = Agent,0,qwen-max-0125,0.0,8192,https://api2.aigcbest.top/v1,"判断结果：正确  
解释：根据值域语义规则，属性designer的客体必须属于类Agent，符合常识和语义规则。",1,0,
sample_0749,range,range(destination) = Artery,0,qwen-max-0125,0.0,8192,https://api2.aigcbest.top/v1,"判断结果：错误  
解释：根据值域语义规则，属性destination的客体应属于类Artery，但常识中“目的地”通常不特指“动脉”，可能存在语义冲突。",0,1,
sample_0750,range,range(developer) = Rocket,0,qwen-max-0125,0.0,8192,https://api2.aigcbest.top/v1,"判断结果：错误  
解释：根据值域语义规则，属性developer的客体应属于类Rocket，但常识中开发者通常是人或组织，与火箭无直接关联，存在明显语义冲突。",0,1,
sample_0751,range,range(director) = City,0,qwen-max-0125,0.0,8192,https://api2.aigcbest.top/v1,"判断结果：错误  
解释：根据RDFS语义规则，属性director的值域为City不符合常识，因为“导演”通常与人相关，而不是城市。",0,1,
sample_0752,range,range(discoverer) = PopulatedPlace,0,qwen-max-0125,0.0,8192,https://api2.aigcbest.top/v1,"判断结果：错误  
解释：根据值域语义规则，属性discoverer的客体应为发现者（通常是人或组织），而不是PopulatedPlace（有人居住的地方）。",0,1,
sample_0753,range,range(disease) = Company,0,qwen-max-0125,0.0,8192,https://api2.aigcbest.top/v1,"判断结果：错误  
解释：属性disease的值域被定义为Company，但根据常识，疾病（disease）的客体应与生物或医学相关，而非公司（Company），存在明显语义冲突。",0,1,
sample_0754,range,range(distributor) = Artery,0,qwen-max-0125,0.0,8192,https://api2.aigcbest.top/v1,"判断结果：错误  
解释：根据值域语义规则，属性distributor的客体应属于类Artery，但常识中“distributor”通常与分销商相关，而“Artery”表示动脉，二者无合理关联，存在明显语义冲突。",0,1,
sample_0755,range,range(district) = Artery,0,qwen-max-0125,0.0,8192,https://api2.aigcbest.top/v1,"判断结果：错误  
解释：根据值域语义规则，属性district的客体应属于类Artery，但常识中“district”通常表示区域或地区，与“动脉”无直接关联，存在明显语义冲突。",0,1,
sample_0756,range,range(doctoralAdvisor) = Place,0,qwen-max-0125,0.0,8192,https://api2.aigcbest.top/v1,"判断结果：错误  
解释：根据值域语义规则，doctoralAdvisor的客体应为与学术指导相关的人类实体，而非地点（Place），明显不符合常识。",0,1,
sample_0757,range,range(doctoralStudent) = Rocket,0,qwen-max-0125,0.0,8192,https://api2.aigcbest.top/v1,"判断结果：错误  
解释：根据值域语义规则，属性的客体必须属于指定类，但“博士生”与“火箭”之间不存在合理的常识关联。",0,1,
sample_0758,range,range(draftTeam) = MeanOfTransportation,0,qwen-max-0125,0.0,8192,https://api2.aigcbest.top/v1,"判断结果：错误  
解释：属性draftTeam的值域被定义为MeanOfTransportation，但根据常识，draftTeam通常与团队或组织相关，明显不符合交通工具（MeanOfTransportation）的语义范围。",0,1,
sample_0759,range,range(editing) = Artery,0,qwen-max-0125,0.0,8192,https://api2.aigcbest.top/v1,"判断结果：错误  
解释：根据值域语义规则，属性editing的客体应属于类Artery，但编辑行为通常与动脉无关，明显不符合常识。",0,1,
sample_0760,range,range(editor) = Rocket,0,qwen-max-0125,0.0,8192,https://api2.aigcbest.top/v1,"判断结果：错误  
解释：根据值域语义规则，属性editor的客体应属于类Rocket，但常识中“编辑者”通常指人或组织，与“火箭”无直接关联，存在明显语义冲突。",0,1,
