id,axiom_type,axiom_text,context_info,label,model_name,temperature,max_tokens,base_url,model_output,model_label,is_correct,error
sample_0001,subClassOf,Airline ⊑ PublicTransitSystem,"背景知识：
条目1：
- 名称：Airline
- 类型：Class
- 简介：airline

条目2：
- 名称：PublicTransitSystem
- 类型：Class
- 简介：A public transit system is a shared passenger transportation service which is available for use by the general public. Public transport modes include buses, trolleybuses, trams and trains, 'rapid transit' (metro/subways/undergrounds etc) an...",1,ernie-4.5-turbo-128k,0.0,8192,https://api2.aigcbest.top/v1,"判断结果：[错误]
解释：[根据背景知识，Airline是航空公司，而PublicTransitSystem是公共交通系统，航空公司不属于公共交通系统，与公理语义关系冲突]",0,0,
sample_0002,subClassOf,Airline is a subclass of PublicTransitSystem.,"背景知识：
条目1：
- 名称：Airline
- 类型：Class
- 简介：airline

条目2：
- 名称：PublicTransitSystem
- 类型：Class
- 简介：A public transit system is a shared passenger transportation service which is available for use by the general public. Public transport modes include buses, trolleybuses, trams and trains, 'rapid transit' (metro/subways/undergrounds etc) an...",1,ernie-4.5-turbo-128k,0.0,8192,https://api2.aigcbest.top/v1,"判断结果：[错误]
解释：[根据背景知识，Airline（航空公司）并不属于PublicTransitSystem（公共交通系统）的范畴，二者语义不符，不满足subClassOf关系。]",0,0,
sample_0003,subClassOf,Every instance of Airline is also an instance of PublicTransitSystem.,"背景知识：
条目1：
- 名称：Airline
- 类型：Class
- 简介：airline

条目2：
- 名称：PublicTransitSystem
- 类型：Class
- 简介：A public transit system is a shared passenger transportation service which is available for use by the general public. Public transport modes include buses, trolleybuses, trams and trains, 'rapid transit' (metro/subways/undergrounds etc) an...",1,ernie-4.5-turbo-128k,0.0,8192,https://api2.aigcbest.top/v1,"判断结果：[错误]
解释：[根据背景知识，Airline（航空公司）并不一定是PublicTransitSystem（公共交通系统）的实例，二者语义范围不同，不符合subClassOf关系。]",0,0,
sample_0004,subClassOf,"If an entity belongs to class Airline, then it also belongs to class PublicTransitSystem.","背景知识：
条目1：
- 名称：Airline
- 类型：Class
- 简介：airline

条目2：
- 名称：PublicTransitSystem
- 类型：Class
- 简介：A public transit system is a shared passenger transportation service which is available for use by the general public. Public transport modes include buses, trolleybuses, trams and trains, 'rapid transit' (metro/subways/undergrounds etc) an...",1,ernie-4.5-turbo-128k,0.0,8192,https://api2.aigcbest.top/v1,"判断结果：[错误]
解释：[根据背景知识，Airline（航空公司）并不必然属于PublicTransitSystem（公共交通系统），二者不存在必然的包含关系，不符合语义规则。]",0,0,
sample_0005,subClassOf,The class Airline is included in the class PublicTransitSystem.,"背景知识：
条目1：
- 名称：Airline
- 类型：Class
- 简介：airline

条目2：
- 名称：PublicTransitSystem
- 类型：Class
- 简介：A public transit system is a shared passenger transportation service which is available for use by the general public. Public transport modes include buses, trolleybuses, trams and trains, 'rapid transit' (metro/subways/undergrounds etc) an...",1,ernie-4.5-turbo-128k,0.0,8192,https://api2.aigcbest.top/v1,"判断结果：[错误]
解释：[根据背景知识，Airline（航空公司）并不属于PublicTransitSystem（公共交通系统）的范畴，两者语义关系不符RDFS的subClassOf规则]",0,0,
sample_0006,subClassOf,Album ⊑ MusicalWork,"背景知识：
条目1：
- 名称：Album
- 类型：Class
- 简介：album

条目2：
- 名称：MusicalWork
- 类型：Class
- 简介：musical work",1,ernie-4.5-turbo-128k,0.0,8192,https://api2.aigcbest.top/v1,"判断结果：[错误]
解释：[Album和MusicalWork是不同概念，背景知识未表明Album是MusicalWork的子类，不符合subClassOf语义关系]",0,0,
sample_0007,subClassOf,Album is a subclass of MusicalWork.,"背景知识：
条目1：
- 名称：Album
- 类型：Class
- 简介：album

条目2：
- 名称：MusicalWork
- 类型：Class
- 简介：musical work",1,ernie-4.5-turbo-128k,0.0,8192,https://api2.aigcbest.top/v1,"判断结果：[错误]
解释：[根据背景知识，Album和MusicalWork是不同概念，Album不是MusicalWork的子类，不符合语义关系]",0,0,
sample_0008,subClassOf,Every instance of Album is also an instance of MusicalWork.,"背景知识：
条目1：
- 名称：Album
- 类型：Class
- 简介：album

条目2：
- 名称：MusicalWork
- 类型：Class
- 简介：musical work",1,ernie-4.5-turbo-128k,0.0,8192,https://api2.aigcbest.top/v1,"判断结果：[错误]
解释：[背景知识未表明Album是MusicalWork的子类，该公理违反了subClassOf的语义关系]",0,0,
sample_0009,subClassOf,"If an entity belongs to class Album, then it also belongs to class MusicalWork.","背景知识：
条目1：
- 名称：Album
- 类型：Class
- 简介：album

条目2：
- 名称：MusicalWork
- 类型：Class
- 简介：musical work",1,ernie-4.5-turbo-128k,0.0,8192,https://api2.aigcbest.top/v1,"判断结果：[错误]
解释：[背景知识未表明Album是MusicalWork的子类，该公理违背了subClassOf的语义关系]",0,0,
sample_0010,subClassOf,The class Album is included in the class MusicalWork.,"背景知识：
条目1：
- 名称：Album
- 类型：Class
- 简介：album

条目2：
- 名称：MusicalWork
- 类型：Class
- 简介：musical work",1,ernie-4.5-turbo-128k,0.0,8192,https://api2.aigcbest.top/v1,"判断结果：[错误]
解释：[根据背景知识，Album和MusicalWork是两个独立的类，没有包含关系，不符合subClassOf语义规则]",0,0,
sample_0011,subClassOf,Ambassador ⊑ Politician,"背景知识：
条目1：
- 名称：Ambassador
- 类型：Class
- 简介：An ambassador is the highest ranking diplomat that represents a nation and is usually accredited to a foreign sovereign or government, or to an international organization.

条目2：
- 名称：Politician
- 类型：Class
- 简介：politician",1,ernie-4.5-turbo-128k,0.0,8192,https://api2.aigcbest.top/v1,"判断结果：[正确]
解释：[根据背景知识，大使是代表国家的高级外交官，通常也属于政治人物范畴，符合subClassOf语义关系]",1,1,
sample_0012,subClassOf,Ambassador is a subclass of Politician.,"背景知识：
条目1：
- 名称：Ambassador
- 类型：Class
- 简介：An ambassador is the highest ranking diplomat that represents a nation and is usually accredited to a foreign sovereign or government, or to an international organization.

条目2：
- 名称：Politician
- 类型：Class
- 简介：politician",1,ernie-4.5-turbo-128k,0.0,8192,https://api2.aigcbest.top/v1,"判断结果：[错误]
解释：[根据背景知识，大使是代表国家的高级外交官，而政治家是一个更宽泛的概念，不能直接得出大使是政治家的子类的结论，二者不存在必然的子类关系，所以该公理错误。]",0,0,
sample_0013,subClassOf,Every instance of Ambassador is also an instance of Politician.,"背景知识：
条目1：
- 名称：Ambassador
- 类型：Class
- 简介：An ambassador is the highest ranking diplomat that represents a nation and is usually accredited to a foreign sovereign or government, or to an international organization.

条目2：
- 名称：Politician
- 类型：Class
- 简介：politician",1,ernie-4.5-turbo-128k,0.0,8192,https://api2.aigcbest.top/v1,"判断结果：[错误]
解释：[背景知识表明Ambassador是代表国家的高级外交官，而Politician是政治家，并非所有大使都是政治家，该公理与背景知识冲突。]",0,0,
sample_0014,subClassOf,"If an entity belongs to class Ambassador, then it also belongs to class Politician.","背景知识：
条目1：
- 名称：Ambassador
- 类型：Class
- 简介：An ambassador is the highest ranking diplomat that represents a nation and is usually accredited to a foreign sovereign or government, or to an international organization.

条目2：
- 名称：Politician
- 类型：Class
- 简介：politician",1,ernie-4.5-turbo-128k,0.0,8192,https://api2.aigcbest.top/v1,"判断结果：[正确]
解释：[根据常识知识，大使是最高级别的外交官，通常也属于政治家范畴，结合RDFS语义规则，Ambassador是Politician的子类这一关系合理]",1,1,
sample_0015,subClassOf,The class Ambassador is included in the class Politician.,"背景知识：
条目1：
- 名称：Ambassador
- 类型：Class
- 简介：An ambassador is the highest ranking diplomat that represents a nation and is usually accredited to a foreign sovereign or government, or to an international organization.

条目2：
- 名称：Politician
- 类型：Class
- 简介：politician",1,ernie-4.5-turbo-128k,0.0,8192,https://api2.aigcbest.top/v1,"判断结果：[错误]
解释：[根据背景知识，Ambassador是代表国家的高级外交官，而Politician是政治家，Ambassador不一定是Politician，所以Ambassador类不包含于Politician类，该公理与背景知识冲突。]",0,0,
sample_0016,subClassOf,Attack ⊑ SocietalEvent,"背景知识：
条目1：
- 名称：Attack
- 类型：Class
- 简介：An Attack is not necessarily part of a Military Conflict

条目2：
- 名称：SocietalEvent
- 类型：Class
- 简介：an event that is clearly different from strictly personal events",1,ernie-4.5-turbo-128k,0.0,8192,https://api2.aigcbest.top/v1,"判断结果：[正确]
解释：[根据背景知识，Attack和SocietalEvent均为类，且没有信息表明Attack不属于社会事件范畴，结合常识攻击属于社会事件，符合subClassOf语义规则]",1,1,
sample_0017,subClassOf,Attack is a subclass of SocietalEvent.,"背景知识：
条目1：
- 名称：Attack
- 类型：Class
- 简介：An Attack is not necessarily part of a Military Conflict

条目2：
- 名称：SocietalEvent
- 类型：Class
- 简介：an event that is clearly different from strictly personal events",1,ernie-4.5-turbo-128k,0.0,8192,https://api2.aigcbest.top/v1,"判断结果：[正确]
解释：[根据背景知识，Attack和SocietalEvent均为类，且Attack作为事件的一种，符合SocietalEvent（非严格个人事件）的范畴，符合subClassOf语义规则]",1,1,
sample_0018,subClassOf,Every instance of Attack is also an instance of SocietalEvent.,"背景知识：
条目1：
- 名称：Attack
- 类型：Class
- 简介：An Attack is not necessarily part of a Military Conflict

条目2：
- 名称：SocietalEvent
- 类型：Class
- 简介：an event that is clearly different from strictly personal events",1,ernie-4.5-turbo-128k,0.0,8192,https://api2.aigcbest.top/v1,"判断结果：[错误]
解释：[背景知识未表明Attack是SocietalEvent的子类，不能得出每个Attack实例也是SocietalEvent实例的结论，违反语义关系]",0,0,
sample_0019,subClassOf,"If an entity belongs to class Attack, then it also belongs to class SocietalEvent.","背景知识：
条目1：
- 名称：Attack
- 类型：Class
- 简介：An Attack is not necessarily part of a Military Conflict

条目2：
- 名称：SocietalEvent
- 类型：Class
- 简介：an event that is clearly different from strictly personal events",1,ernie-4.5-turbo-128k,0.0,8192,https://api2.aigcbest.top/v1,"判断结果：[错误]
解释：[背景知识表明Attack不一定是Military Conflict的一部分，未表明其属于SocietalEvent，该公理与背景知识冲突]",0,0,
sample_0020,subClassOf,The class Attack is included in the class SocietalEvent.,"背景知识：
条目1：
- 名称：Attack
- 类型：Class
- 简介：An Attack is not necessarily part of a Military Conflict

条目2：
- 名称：SocietalEvent
- 类型：Class
- 简介：an event that is clearly different from strictly personal events",1,ernie-4.5-turbo-128k,0.0,8192,https://api2.aigcbest.top/v1,"判断结果：[正确]
解释：[根据背景知识，Attack和SocietalEvent均为类，且没有信息表明Attack不属于社会事件范畴，结合常识，攻击属于社会事件，符合subClassOf语义规则，即子类Attack可包含在父类SocietalEvent中。]",1,1,
sample_0021,subClassOf,ChristianBishop ⊑ Archbishop,"背景知识：
条目1：
- 名称：ChristianBishop
- 类型：Class
- 简介：Christian Bishop

条目2：
- 名称：Archbishop
- 类型：Class
- 简介：archbishop",0,ernie-4.5-turbo-128k,0.0,8192,https://api2.aigcbest.top/v1,"判断结果：[错误]
解释：[根据背景知识，ChristianBishop和Archbishop是两个独立的类，没有表明ChristianBishop是Archbishop的子类，不符合subClassOf语义关系]",0,1,
sample_0022,subClassOf,ChristianBishop is a subclass of Archbishop.,"背景知识：
条目1：
- 名称：ChristianBishop
- 类型：Class
- 简介：Christian Bishop

条目2：
- 名称：Archbishop
- 类型：Class
- 简介：archbishop",0,ernie-4.5-turbo-128k,0.0,8192,https://api2.aigcbest.top/v1,"判断结果：[错误]
解释：[根据常识知识，Archbishop是ChristianBishop的一种，应是Archbishop是ChristianBishop的子类，该公理与语义关系冲突]",0,1,
sample_0023,subClassOf,Every instance of ChristianBishop is also an instance of Archbishop.,"背景知识：
条目1：
- 名称：ChristianBishop
- 类型：Class
- 简介：Christian Bishop

条目2：
- 名称：Archbishop
- 类型：Class
- 简介：archbishop",0,ernie-4.5-turbo-128k,0.0,8192,https://api2.aigcbest.top/v1,"判断结果：[错误]
解释：[根据背景知识，ChristianBishop和Archbishop是两个独立的类，没有信息表明每个ChristianBishop的实例也是Archbishop的实例，这与公理语义冲突]",0,1,
sample_0024,subClassOf,"If an entity belongs to class ChristianBishop, then it also belongs to class Archbishop.","背景知识：
条目1：
- 名称：ChristianBishop
- 类型：Class
- 简介：Christian Bishop

条目2：
- 名称：Archbishop
- 类型：Class
- 简介：archbishop",0,ernie-4.5-turbo-128k,0.0,8192,https://api2.aigcbest.top/v1,"判断结果：[错误]
解释：[根据常识知识，ChristianBishop（基督教主教）并不一定都属于Archbishop（大主教），二者不是包含关系，与公理语义冲突]",0,1,
sample_0025,subClassOf,The class ChristianBishop is included in the class Archbishop.,"背景知识：
条目1：
- 名称：ChristianBishop
- 类型：Class
- 简介：Christian Bishop

条目2：
- 名称：Archbishop
- 类型：Class
- 简介：archbishop",0,ernie-4.5-turbo-128k,0.0,8192,https://api2.aigcbest.top/v1,"判断结果：[错误]
解释：[根据常识知识，Archbishop是ChristianBishop的一种，应是Archbishop是ChristianBishop的子类，而非ChristianBishop包含在Archbishop中，与公理语义关系不符]",0,1,
sample_0026,subClassOf,Eukaryote ⊑ Animal,"背景知识：
条目1：
- 名称：Eukaryote
- 类型：Class
- 简介：eukaryote

条目2：
- 名称：Animal
- 类型：Class
- 简介：animal",0,ernie-4.5-turbo-128k,0.0,8192,https://api2.aigcbest.top/v1,"判断结果：[错误]
解释：[根据常识知识，真核生物（Eukaryote）包含动物（Animal），而非Eukaryote是Animal的子类，与给定公理语义关系相反，故错误]",0,1,
sample_0027,subClassOf,Eukaryote is a subclass of Animal.,"背景知识：
条目1：
- 名称：Eukaryote
- 类型：Class
- 简介：eukaryote

条目2：
- 名称：Animal
- 类型：Class
- 简介：animal",0,ernie-4.5-turbo-128k,0.0,8192,https://api2.aigcbest.top/v1,"判断结果：[错误]
解释：[根据常识知识，真核生物（Eukaryote）包含动物（Animal），而非其子类，与公理语义关系冲突]",0,1,
sample_0028,subClassOf,Every instance of Eukaryote is also an instance of Animal.,"背景知识：
条目1：
- 名称：Eukaryote
- 类型：Class
- 简介：eukaryote

条目2：
- 名称：Animal
- 类型：Class
- 简介：animal",0,ernie-4.5-turbo-128k,0.0,8192,https://api2.aigcbest.top/v1,"判断结果：[错误]
解释：[背景知识仅表明Eukaryote和Animal是类，未表明Eukaryote是Animal的子类，该公理违背了背景知识中类间关系]",0,1,
sample_0029,subClassOf,"If an entity belongs to class Eukaryote, then it also belongs to class Animal.","背景知识：
条目1：
- 名称：Eukaryote
- 类型：Class
- 简介：eukaryote

条目2：
- 名称：Animal
- 类型：Class
- 简介：animal",0,ernie-4.5-turbo-128k,0.0,8192,https://api2.aigcbest.top/v1,"判断结果：[错误]
解释：[根据背景知识，Eukaryote是真核生物类，Animal是动物类，并非所有真核生物都属于动物，该公理与常识知识冲突。]",0,1,
sample_0030,subClassOf,The class Eukaryote is included in the class Animal.,"背景知识：
条目1：
- 名称：Eukaryote
- 类型：Class
- 简介：eukaryote

条目2：
- 名称：Animal
- 类型：Class
- 简介：animal",0,ernie-4.5-turbo-128k,0.0,8192,https://api2.aigcbest.top/v1,"判断结果：[错误]
解释：[根据常识知识，Eukaryote是真核生物，包含范围比Animal动物类广，并非Eukaryote包含于Animal，与公理语义关系冲突]",0,1,
sample_0031,subClassOf,GridironFootballPlayer ⊑ AmericanFootballPlayer,"背景知识：
条目1：
- 名称：GridironFootballPlayer
- 类型：Class
- 简介：Gradiron football, also called North American football, is a family of soccer team games played primarily in the United States and Canada.

条目2：
- 名称：AmericanFootballPlayer
- 类型：Class
- 简介：american football player",0,ernie-4.5-turbo-128k,0.0,8192,https://api2.aigcbest.top/v1,"判断结果：[错误]
解释：[根据背景知识，GridironFootballPlayer是北美橄榄球运动员类，AmericanFootballPlayer是美国橄榄球运动员类，北美橄榄球包含美式橄榄球但范围更广，所以GridironFootballPlayer不是AmericanFootballPlayer的子类，该公理与语义关系冲突]",0,1,
sample_0032,subClassOf,GridironFootballPlayer is a subclass of AmericanFootballPlayer.,"背景知识：
条目1：
- 名称：GridironFootballPlayer
- 类型：Class
- 简介：Gradiron football, also called North American football, is a family of soccer team games played primarily in the United States and Canada.

条目2：
- 名称：AmericanFootballPlayer
- 类型：Class
- 简介：american football player",0,ernie-4.5-turbo-128k,0.0,8192,https://api2.aigcbest.top/v1,"判断结果：[错误]
解释：[根据背景知识，GridironFootballPlayer是美式足球相关类，但未表明其是AmericanFootballPlayer的子类，且常识中二者概念范围并非子类关系，不符合subClassOf语义规则]",0,1,
sample_0033,subClassOf,Every instance of GridironFootballPlayer is also an instance of AmericanFootballPlayer.,"背景知识：
条目1：
- 名称：GridironFootballPlayer
- 类型：Class
- 简介：Gradiron football, also called North American football, is a family of soccer team games played primarily in the United States and Canada.

条目2：
- 名称：AmericanFootballPlayer
- 类型：Class
- 简介：american football player",0,ernie-4.5-turbo-128k,0.0,8192,https://api2.aigcbest.top/v1,"判断结果：[正确]
解释：[根据背景知识，GridironFootball即北美橄榄球，AmericanFootballPlayer是美式橄榄球运动员，可合理推断GridironFootballPlayer是AmericanFootballPlayer的子类，符合subClassOf语义关系，即Every instance of GridironFootballPlayer is also an instance of AmericanFootballPlayer合理。]",1,0,
sample_0034,subClassOf,"If an entity belongs to class GridironFootballPlayer, then it also belongs to class AmericanFootballPlayer.","背景知识：
条目1：
- 名称：GridironFootballPlayer
- 类型：Class
- 简介：Gradiron football, also called North American football, is a family of soccer team games played primarily in the United States and Canada.

条目2：
- 名称：AmericanFootballPlayer
- 类型：Class
- 简介：american football player",0,ernie-4.5-turbo-128k,0.0,8192,https://api2.aigcbest.top/v1,"判断结果：[错误]
解释：[根据背景知识，GridironFootballPlayer是北美橄榄球运动员类，AmericanFootballPlayer是美国橄榄球运动员类，不能确定所有GridironFootballPlayer都属于AmericanFootballPlayer，与公理语义冲突]",0,1,
sample_0035,subClassOf,The class GridironFootballPlayer is included in the class AmericanFootballPlayer.,"背景知识：
条目1：
- 名称：GridironFootballPlayer
- 类型：Class
- 简介：Gradiron football, also called North American football, is a family of soccer team games played primarily in the United States and Canada.

条目2：
- 名称：AmericanFootballPlayer
- 类型：Class
- 简介：american football player",0,ernie-4.5-turbo-128k,0.0,8192,https://api2.aigcbest.top/v1,"判断结果：[错误]
解释：[根据背景知识，GridironFootballPlayer是北美足球（美式足球）运动员的类，而AmericanFootballPlayer特指美式足球运动员的类，通常美式足球是GridironFootball的一种，因此AmericanFootballPlayer应是GridironFootballPlayer的子类，而非相反，所以该公理错误。]",0,1,
sample_0036,subClassOf,Person ⊑ Animal,"背景知识：
条目1：
- 名称：Person
- 类型：Class
- 简介：person

条目2：
- 名称：Animal
- 类型：Class
- 简介：animal",1,ernie-4.5-turbo-128k,0.0,8192,https://api2.aigcbest.top/v1,"判断结果：[错误]
解释：[根据常识知识和背景知识，Person和Animal是不同的类，Person不是Animal的子类，不符合subClassOf语义关系]",0,0,
sample_0037,subClassOf,Person is a subclass of Animal.,"背景知识：
条目1：
- 名称：Person
- 类型：Class
- 简介：person

条目2：
- 名称：Animal
- 类型：Class
- 简介：animal",1,ernie-4.5-turbo-128k,0.0,8192,https://api2.aigcbest.top/v1,"判断结果：[错误]
解释：[根据常识知识和背景知识，Person（人）不是Animal（动物）的子类，与subClassOf语义关系冲突]",0,0,
sample_0038,subClassOf,Every instance of Person is also an instance of Animal.,"背景知识：
条目1：
- 名称：Person
- 类型：Class
- 简介：person

条目2：
- 名称：Animal
- 类型：Class
- 简介：animal",1,ernie-4.5-turbo-128k,0.0,8192,https://api2.aigcbest.top/v1,"判断结果：[错误]
解释：[根据背景知识，Person和Animal是两个独立的类，没有subClassOf关系表明Person是Animal的子类，该公理与背景知识冲突]",0,0,
sample_0039,subClassOf,"If an entity belongs to class Person, then it also belongs to class Animal.","背景知识：
条目1：
- 名称：Person
- 类型：Class
- 简介：person

条目2：
- 名称：Animal
- 类型：Class
- 简介：animal",1,ernie-4.5-turbo-128k,0.0,8192,https://api2.aigcbest.top/v1,"判断结果：[错误]
解释：[根据常识知识和背景知识，Person和Animal是不同的类，一个实体属于Person类并不意味着它也属于Animal类，这与RDFS语义规则中类的合理划分相冲突]",0,0,
sample_0040,subClassOf,The class Person is included in the class Animal.,"背景知识：
条目1：
- 名称：Person
- 类型：Class
- 简介：person

条目2：
- 名称：Animal
- 类型：Class
- 简介：animal",1,ernie-4.5-turbo-128k,0.0,8192,https://api2.aigcbest.top/v1,"判断结果：[错误]
解释：[根据常识知识和背景知识，Person和Animal是两个独立的类，Person不应包含在Animal类中，违反语义关系]",0,0,
sample_0041,subClassOf,PopulatedPlace ⊑ Agglomeration,"背景知识：
条目1：
- 名称：PopulatedPlace
- 类型：Class
- 简介：As defined by the United States Geological Survey, a populated place is a place or area with clustered or scattered buildings and a permanent human population (city, settlement, town, or village) referenced with geographic coordinates (http...

条目2：
- 名称：Agglomeration
- 类型：Class
- 简介：agglomeration",0,ernie-4.5-turbo-128k,0.0,8192,https://api2.aigcbest.top/v1,"判断结果：[错误]
解释：[背景知识未表明PopulatedPlace是Agglomeration的子类，且根据简介PopulatedPlace有特定定义，不能直接推出其是Agglomeration的子类，违反语义关系]",0,1,
sample_0042,subClassOf,PopulatedPlace is a subclass of Agglomeration.,"背景知识：
条目1：
- 名称：PopulatedPlace
- 类型：Class
- 简介：As defined by the United States Geological Survey, a populated place is a place or area with clustered or scattered buildings and a permanent human population (city, settlement, town, or village) referenced with geographic coordinates (http...

条目2：
- 名称：Agglomeration
- 类型：Class
- 简介：agglomeration",0,ernie-4.5-turbo-128k,0.0,8192,https://api2.aigcbest.top/v1,"判断结果：[错误]
解释：[背景知识未表明PopulatedPlace是Agglomeration的子类，且常识中聚居地（Agglomeration）概念通常小于有人居住的地方（PopulatedPlace），不符合语义关系]",0,1,
sample_0043,subClassOf,Every instance of PopulatedPlace is also an instance of Agglomeration.,"背景知识：
条目1：
- 名称：PopulatedPlace
- 类型：Class
- 简介：As defined by the United States Geological Survey, a populated place is a place or area with clustered or scattered buildings and a permanent human population (city, settlement, town, or village) referenced with geographic coordinates (http...

条目2：
- 名称：Agglomeration
- 类型：Class
- 简介：agglomeration",0,ernie-4.5-turbo-128k,0.0,8192,https://api2.aigcbest.top/v1,"判断结果：[错误]
解释：[背景知识未表明PopulatedPlace是Agglomeration的子类，无法得出每个PopulatedPlace实例也是Agglomeration实例的结论]",0,1,
sample_0044,subClassOf,"If an entity belongs to class PopulatedPlace, then it also belongs to class Agglomeration.","背景知识：
条目1：
- 名称：PopulatedPlace
- 类型：Class
- 简介：As defined by the United States Geological Survey, a populated place is a place or area with clustered or scattered buildings and a permanent human population (city, settlement, town, or village) referenced with geographic coordinates (http...

条目2：
- 名称：Agglomeration
- 类型：Class
- 简介：agglomeration",0,ernie-4.5-turbo-128k,0.0,8192,https://api2.aigcbest.top/v1,"判断结果：[错误]
解释：[背景知识未表明PopulatedPlace是Agglomeration的子类，无法推出属于PopulatedPlace的实体也属于Agglomeration]",0,1,
sample_0045,subClassOf,The class PopulatedPlace is included in the class Agglomeration.,"背景知识：
条目1：
- 名称：PopulatedPlace
- 类型：Class
- 简介：As defined by the United States Geological Survey, a populated place is a place or area with clustered or scattered buildings and a permanent human population (city, settlement, town, or village) referenced with geographic coordinates (http...

条目2：
- 名称：Agglomeration
- 类型：Class
- 简介：agglomeration",0,ernie-4.5-turbo-128k,0.0,8192,https://api2.aigcbest.top/v1,"判断结果：[错误]
解释：[背景知识未表明PopulatedPlace是Agglomeration的子类，不符合subClassOf语义关系]",0,1,
sample_0046,subClassOf,TopicalConcept ⊑ Type,"背景知识：
条目1：
- 名称：TopicalConcept
- 类型：Class
- 简介：topical concept

条目2：
- 名称：Type
- 类型：Class
- 简介：a category within a classification system",0,ernie-4.5-turbo-128k,0.0,8192,https://api2.aigcbest.top/v1,"判断结果：[错误]
解释：[背景知识未表明TopicalConcept是Type的子类，无法得出该包含关系]",0,1,
sample_0047,subClassOf,TopicalConcept is a subclass of Type.,"背景知识：
条目1：
- 名称：TopicalConcept
- 类型：Class
- 简介：topical concept

条目2：
- 名称：Type
- 类型：Class
- 简介：a category within a classification system",0,ernie-4.5-turbo-128k,0.0,8192,https://api2.aigcbest.top/v1,"判断结果：[错误]
解释：[背景知识未表明TopicalConcept是Type的子类，无依据支持该包含关系]",0,1,
sample_0048,subClassOf,Every instance of TopicalConcept is also an instance of Type.,"背景知识：
条目1：
- 名称：TopicalConcept
- 类型：Class
- 简介：topical concept

条目2：
- 名称：Type
- 类型：Class
- 简介：a category within a classification system",0,ernie-4.5-turbo-128k,0.0,8192,https://api2.aigcbest.top/v1,"判断结果：[错误]
解释：[背景知识中未表明TopicalConcept是Type的子类，该公理违反了subClassOf的语义关系]",0,1,
sample_0049,subClassOf,"If an entity belongs to class TopicalConcept, then it also belongs to class Type.","背景知识：
条目1：
- 名称：TopicalConcept
- 类型：Class
- 简介：topical concept

条目2：
- 名称：Type
- 类型：Class
- 简介：a category within a classification system",0,ernie-4.5-turbo-128k,0.0,8192,https://api2.aigcbest.top/v1,"判断结果：[错误]
解释：[背景知识未表明TopicalConcept是Type的子类，该公理违反subClassOf语义规则]",0,1,
sample_0050,subClassOf,The class TopicalConcept is included in the class Type.,"背景知识：
条目1：
- 名称：TopicalConcept
- 类型：Class
- 简介：topical concept

条目2：
- 名称：Type
- 类型：Class
- 简介：a category within a classification system",0,ernie-4.5-turbo-128k,0.0,8192,https://api2.aigcbest.top/v1,"判断结果：[正确]
解释：[根据RDFS的subClassOf语义规则，若公理表示类TopicalConcept是类Type的子类，结合背景知识无冲突，该公理合理]",1,0,
sample_0051,subPropertyOf,Wins ⊑p rankingWins,"背景知识：
条目1：
- 名称：Wins
- 类型：Unknown
- 简介：Wins

条目2：
- 名称：rankingWins
- 类型：Property
- 简介：ranking wins",0,ernie-4.5-turbo-128k,0.0,8192,https://api2.aigcbest.top/v1,"判断结果：[错误]
解释：[subPropertyOf用于表示属性间关系，而Wins不是属性，与rankingWins不能用subPropertyOf关联，违反语义规则]",0,1,
sample_0052,subPropertyOf,Wins is a subproperty of rankingWins.,"背景知识：
条目1：
- 名称：Wins
- 类型：Unknown
- 简介：Wins

条目2：
- 名称：rankingWins
- 类型：Property
- 简介：ranking wins",0,ernie-4.5-turbo-128k,0.0,8192,https://api2.aigcbest.top/v1,"判断结果：[错误]
解释：[背景知识中Wins类型为Unknown，并非Property，无法作为rankingWins的子属性，违反subPropertyOf语义规则]",0,1,
sample_0053,subPropertyOf,"If two resources are related by Wins, then they are also related by rankingWins.","背景知识：
条目1：
- 名称：Wins
- 类型：Unknown
- 简介：Wins

条目2：
- 名称：rankingWins
- 类型：Property
- 简介：ranking wins",0,ernie-4.5-turbo-128k,0.0,8192,https://api2.aigcbest.top/v1,"判断结果：[错误]
解释：[背景知识未表明Wins是属性，无法依据RDFS语义规则推出与rankingWins的包含关系]",0,1,
sample_0054,subPropertyOf,"For any x and y, if x Wins y holds, then x rankingWins y also holds.","背景知识：
条目1：
- 名称：Wins
- 类型：Unknown
- 简介：Wins

条目2：
- 名称：rankingWins
- 类型：Property
- 简介：ranking wins",0,ernie-4.5-turbo-128k,0.0,8192,https://api2.aigcbest.top/v1,"判断结果：[错误]
解释：[背景知识未表明“Wins”是属性，无法依据RDFS语义规则推出若x Wins y成立则x rankingWins y成立]",0,1,
sample_0055,subPropertyOf,The property Wins is more specific than the property rankingWins.,"背景知识：
条目1：
- 名称：Wins
- 类型：Unknown
- 简介：Wins

条目2：
- 名称：rankingWins
- 类型：Property
- 简介：ranking wins",0,ernie-4.5-turbo-128k,0.0,8192,https://api2.aigcbest.top/v1,"判断结果：[错误]
解释：[背景知识中Wins类型未知，无法得出其是比rankingWins更具体的属性这一结论，不符合语义规则]",0,1,
sample_0056,subPropertyOf,administrativeHeadCity ⊑p capital,"背景知识：
条目1：
- 名称：administrativeHeadCity
- 类型：Property
- 简介：city where stand the administrative power

条目2：
- 名称：capital
- 类型：Property
- 简介：capital",0,ernie-4.5-turbo-128k,0.0,8192,https://api2.aigcbest.top/v1,"判断结果：[错误]
解释：[背景知识未表明administrativeHeadCity是capital的子属性，语义上行政首府不一定是首都，不符合subPropertyOf语义规则]",0,1,
sample_0057,subPropertyOf,administrativeHeadCity is a subproperty of capital.,"背景知识：
条目1：
- 名称：administrativeHeadCity
- 类型：Property
- 简介：city where stand the administrative power

条目2：
- 名称：capital
- 类型：Property
- 简介：capital",0,ernie-4.5-turbo-128k,0.0,8192,https://api2.aigcbest.top/v1,"判断结果：[错误]
解释：[背景知识未表明administrativeHeadCity和capital存在属性包含关系，且二者语义不同，不符合subPropertyOf语义规则]",0,1,
sample_0058,subPropertyOf,"If two resources are related by administrativeHeadCity, then they are also related by capital.","背景知识：
条目1：
- 名称：administrativeHeadCity
- 类型：Property
- 简介：city where stand the administrative power

条目2：
- 名称：capital
- 类型：Property
- 简介：capital",0,ernie-4.5-turbo-128k,0.0,8192,https://api2.aigcbest.top/v1,"判断结果：[错误]
解释：[背景知识未表明administrativeHeadCity和capital属性间存在包含关系，不符合RDFS语义规则]",0,1,
sample_0059,subPropertyOf,"For any x and y, if x administrativeHeadCity y holds, then x capital y also holds.","背景知识：
条目1：
- 名称：administrativeHeadCity
- 类型：Property
- 简介：city where stand the administrative power

条目2：
- 名称：capital
- 类型：Property
- 简介：capital",0,ernie-4.5-turbo-128k,0.0,8192,https://api2.aigcbest.top/v1,"判断结果：[错误]
解释：[根据背景知识，administrativeHeadCity和capital是两个不同的属性，一个城市是行政中心并不意味着它一定是首都，该公理与语义规则和常识冲突。]",0,1,
sample_0060,subPropertyOf,The property administrativeHeadCity is more specific than the property capital.,"背景知识：
条目1：
- 名称：administrativeHeadCity
- 类型：Property
- 简介：city where stand the administrative power

条目2：
- 名称：capital
- 类型：Property
- 简介：capital",0,ernie-4.5-turbo-128k,0.0,8192,https://api2.aigcbest.top/v1,"判断结果：[正确]
解释：[根据背景知识，administrativeHeadCity和capital均为属性，且“city where stand the administrative power”可理解为比“capital”更具体的描述，符合subPropertyOf语义，即administrativeHeadCity比capital更具体。]",1,0,
sample_0061,subPropertyOf,championInMixedDouble ⊑p championInDouble,"背景知识：
条目1：
- 名称：championInMixedDouble
- 类型：Property
- 简介：winner of a competition in the mixed double session (as in tennis)

条目2：
- 名称：championInDouble
- 类型：Property
- 简介：winner of a competition in the double session (as in tennis)",1,ernie-4.5-turbo-128k,0.0,8192,https://api2.aigcbest.top/v1,"判断结果：[错误]
解释：[championInMixedDouble表示混合双打冠军，championInDouble表示双打冠军，混合双打是双打的一种特殊形式，语义上应是championInDouble ⊑p championInMixedDouble的逆关系不成立，原公理不符合语义关系]",0,0,
sample_0062,subPropertyOf,championInMixedDouble is a subproperty of championInDouble.,"背景知识：
条目1：
- 名称：championInMixedDouble
- 类型：Property
- 简介：winner of a competition in the mixed double session (as in tennis)

条目2：
- 名称：championInDouble
- 类型：Property
- 简介：winner of a competition in the double session (as in tennis)",1,ernie-4.5-turbo-128k,0.0,8192,https://api2.aigcbest.top/v1,"判断结果：[错误]
解释：[championInMixedDouble表示混合双打冠军，championInDouble表示双打冠军，混合双打是双打的一种特殊形式，但语义上混合双打冠军不是双打冠军的子属性，而是双打冠军中更具体的一种情况，不符合subPropertyOf语义关系]",0,0,
sample_0063,subPropertyOf,"If two resources are related by championInMixedDouble, then they are also related by championInDouble.","背景知识：
条目1：
- 名称：championInMixedDouble
- 类型：Property
- 简介：winner of a competition in the mixed double session (as in tennis)

条目2：
- 名称：championInDouble
- 类型：Property
- 简介：winner of a competition in the double session (as in tennis)",1,ernie-4.5-turbo-128k,0.0,8192,https://api2.aigcbest.top/v1,"判断结果：[错误]
解释：[championInMixedDouble表示混合双打冠军，championInDouble表示双打冠军，混合双打是双打的一种特殊形式，但双打冠军不一定是混合双打冠军，所以该公理与语义关系冲突]",0,0,
sample_0064,subPropertyOf,"For any x and y, if x championInMixedDouble y holds, then x championInDouble y also holds.","背景知识：
条目1：
- 名称：championInMixedDouble
- 类型：Property
- 简介：winner of a competition in the mixed double session (as in tennis)

条目2：
- 名称：championInDouble
- 类型：Property
- 简介：winner of a competition in the double session (as in tennis)",1,ernie-4.5-turbo-128k,0.0,8192,https://api2.aigcbest.top/v1,"判断结果：[错误]
解释：[根据背景知识，championInMixedDouble特指混合双打冠军，championInDouble指双打冠军，混合双打冠军不一定是所有双打比赛的冠军，所以该公理与语义规则和背景知识冲突。]",0,0,
sample_0065,subPropertyOf,The property championInMixedDouble is more specific than the property championInDouble.,"背景知识：
条目1：
- 名称：championInMixedDouble
- 类型：Property
- 简介：winner of a competition in the mixed double session (as in tennis)

条目2：
- 名称：championInDouble
- 类型：Property
- 简介：winner of a competition in the double session (as in tennis)",1,ernie-4.5-turbo-128k,0.0,8192,https://api2.aigcbest.top/v1,"判断结果：[正确]
解释：[根据背景知识，championInMixedDouble是混合双打冠军属性，championInDouble是双打冠军属性，混合双打是双打的一种更具体形式，所以championInMixedDouble属性比championInDouble属性更具体，符合语义关系。]",1,1,
sample_0066,subPropertyOf,code ⊑p brinCode,"背景知识：
条目1：
- 名称：code
- 类型：Property
- 简介：Superproperty for any designation (string, integer as string) that is meant to identify an entity within the context of a system

条目2：
- 名称：brinCode
- 类型：Property
- 简介：The code used by the Dutch Ministry of Education to identify a school (as an organisation)",0,ernie-4.5-turbo-128k,0.0,8192,https://api2.aigcbest.top/v1,"判断结果：[错误]
解释：[根据背景知识，code是brinCode的父属性，而公理表示code是brinCode的子属性，与背景知识冲突]",0,1,
sample_0067,subPropertyOf,code is a subproperty of brinCode.,"背景知识：
条目1：
- 名称：code
- 类型：Property
- 简介：Superproperty for any designation (string, integer as string) that is meant to identify an entity within the context of a system

条目2：
- 名称：brinCode
- 类型：Property
- 简介：The code used by the Dutch Ministry of Education to identify a school (as an organisation)",0,ernie-4.5-turbo-128k,0.0,8192,https://api2.aigcbest.top/v1,"判断结果：[错误]
解释：[根据背景知识，brinCode是code的一种特定形式，用于荷兰教育部识别学校，因此brinCode应是code的子属性，而非code是brinCode的子属性。]",0,1,
sample_0068,subPropertyOf,"If two resources are related by code, then they are also related by brinCode.","背景知识：
条目1：
- 名称：code
- 类型：Property
- 简介：Superproperty for any designation (string, integer as string) that is meant to identify an entity within the context of a system

条目2：
- 名称：brinCode
- 类型：Property
- 简介：The code used by the Dutch Ministry of Education to identify a school (as an organisation)",0,ernie-4.5-turbo-128k,0.0,8192,https://api2.aigcbest.top/v1,"判断结果：[错误]
解释：[背景知识表明brinCode是用于标识学校的特定代码，是code的子属性，而非code是brinCode的子属性，所以该公理与语义关系不符。]",0,1,
sample_0069,subPropertyOf,"For any x and y, if x code y holds, then x brinCode y also holds.","背景知识：
条目1：
- 名称：code
- 类型：Property
- 简介：Superproperty for any designation (string, integer as string) that is meant to identify an entity within the context of a system

条目2：
- 名称：brinCode
- 类型：Property
- 简介：The code used by the Dutch Ministry of Education to identify a school (as an organisation)",0,ernie-4.5-turbo-128k,0.0,8192,https://api2.aigcbest.top/v1,"判断结果：[错误]
解释：[背景知识表明brinCode是code的子属性，应是若x brinCode y成立则x code y成立，而非公理所述，与语义规则冲突]",0,1,
sample_0070,subPropertyOf,The property code is more specific than the property brinCode.,"背景知识：
条目1：
- 名称：code
- 类型：Property
- 简介：Superproperty for any designation (string, integer as string) that is meant to identify an entity within the context of a system

条目2：
- 名称：brinCode
- 类型：Property
- 简介：The code used by the Dutch Ministry of Education to identify a school (as an organisation)",0,ernie-4.5-turbo-128k,0.0,8192,https://api2.aigcbest.top/v1,"判断结果：[错误]
解释：[背景知识表明brinCode是code的特定实例，应是brinCode比code更具体，而非code比brinCode更具体，与公理语义冲突]",0,1,
sample_0071,subPropertyOf,code ⊑p codeListOfHonour,"背景知识：
条目1：
- 名称：code
- 类型：Property
- 简介：Superproperty for any designation (string, integer as string) that is meant to identify an entity within the context of a system

条目2：
- 名称：codeListOfHonour
- 类型：Property
- 简介：code on List of Honour",0,ernie-4.5-turbo-128k,0.0,8192,https://api2.aigcbest.top/v1,"判断结果：[错误]
解释：[背景知识表明code是codeListOfHonour的超属性，而公理表示code是codeListOfHonour的子属性，与背景知识冲突]",0,1,
sample_0072,subPropertyOf,code is a subproperty of codeListOfHonour.,"背景知识：
条目1：
- 名称：code
- 类型：Property
- 简介：Superproperty for any designation (string, integer as string) that is meant to identify an entity within the context of a system

条目2：
- 名称：codeListOfHonour
- 类型：Property
- 简介：code on List of Honour",0,ernie-4.5-turbo-128k,0.0,8192,https://api2.aigcbest.top/v1,"判断结果：[错误]
解释：[背景知识表明code是任何用于标识系统中实体的属性的超属性，而codeListOfHonour是code的一种具体应用，所以codeListOfHonour应是code的子属性，而非code是codeListOfHonour的子属性，该公理与语义关系冲突。]",0,1,
sample_0073,subPropertyOf,"If two resources are related by code, then they are also related by codeListOfHonour.","背景知识：
条目1：
- 名称：code
- 类型：Property
- 简介：Superproperty for any designation (string, integer as string) that is meant to identify an entity within the context of a system

条目2：
- 名称：codeListOfHonour
- 类型：Property
- 简介：code on List of Honour",0,ernie-4.5-turbo-128k,0.0,8192,https://api2.aigcbest.top/v1,"判断结果：[错误]
解释：[背景知识表明code是超属性，codeListOfHonour是其子属性，子属性关系是特殊化，并非所有通过code关联的资源都通过codeListOfHonour关联，与公理语义冲突。]",0,1,
sample_0074,subPropertyOf,"For any x and y, if x code y holds, then x codeListOfHonour y also holds.","背景知识：
条目1：
- 名称：code
- 类型：Property
- 简介：Superproperty for any designation (string, integer as string) that is meant to identify an entity within the context of a system

条目2：
- 名称：codeListOfHonour
- 类型：Property
- 简介：code on List of Honour",0,ernie-4.5-turbo-128k,0.0,8192,https://api2.aigcbest.top/v1,"判断结果：[错误]
解释：[背景知识表明code是codeListOfHonour的超属性，应是若x codeListOfHonour y成立，则x code y成立，而非公理中所表述的，与语义规则冲突。]",0,1,
sample_0075,subPropertyOf,The property code is more specific than the property codeListOfHonour.,"背景知识：
条目1：
- 名称：code
- 类型：Property
- 简介：Superproperty for any designation (string, integer as string) that is meant to identify an entity within the context of a system

条目2：
- 名称：codeListOfHonour
- 类型：Property
- 简介：code on List of Honour",0,ernie-4.5-turbo-128k,0.0,8192,https://api2.aigcbest.top/v1,"判断结果：[错误]
解释：[背景知识表明code是superproperty，codeListOfHonour是其子属性，应是codeListOfHonour比code更具体，与公理表述相反。]",0,1,
sample_0076,subPropertyOf,code ⊑p codeStockExchange,"背景知识：
条目1：
- 名称：code
- 类型：Property
- 简介：Superproperty for any designation (string, integer as string) that is meant to identify an entity within the context of a system

条目2：
- 名称：codeStockExchange
- 类型：Property
- 简介：code Stock Exchange",0,ernie-4.5-turbo-128k,0.0,8192,https://api2.aigcbest.top/v1,"判断结果：[错误]
解释：[背景知识表明code是codeStockExchange的superproperty，应是codeStockExchange ⊑p code，而非code ⊑p codeStockExchange，与给定公理冲突]",0,1,
sample_0077,subPropertyOf,code is a subproperty of codeStockExchange.,"背景知识：
条目1：
- 名称：code
- 类型：Property
- 简介：Superproperty for any designation (string, integer as string) that is meant to identify an entity within the context of a system

条目2：
- 名称：codeStockExchange
- 类型：Property
- 简介：code Stock Exchange",0,ernie-4.5-turbo-128k,0.0,8192,https://api2.aigcbest.top/v1,"判断结果：[错误]
解释：[根据背景知识，code是任何用于在系统上下文中标识实体的命名（字符串、整数作为字符串）的超级属性，而codeStockExchange是股票交易代码属性，code应是codeStockExchange的超级属性而非子属性，与公理描述相反，所以公理错误。]",0,1,
sample_0078,subPropertyOf,"If two resources are related by code, then they are also related by codeStockExchange.","背景知识：
条目1：
- 名称：code
- 类型：Property
- 简介：Superproperty for any designation (string, integer as string) that is meant to identify an entity within the context of a system

条目2：
- 名称：codeStockExchange
- 类型：Property
- 简介：code Stock Exchange",0,ernie-4.5-turbo-128k,0.0,8192,https://api2.aigcbest.top/v1,"判断结果：[错误]
解释：[背景知识表明code是codeStockExchange的超属性，应是若两资源由codeStockExchange相关联，则也由code相关联，而非公理所述相反情况，与语义规则冲突。]",0,1,
sample_0079,subPropertyOf,"For any x and y, if x code y holds, then x codeStockExchange y also holds.","背景知识：
条目1：
- 名称：code
- 类型：Property
- 简介：Superproperty for any designation (string, integer as string) that is meant to identify an entity within the context of a system

条目2：
- 名称：codeStockExchange
- 类型：Property
- 简介：code Stock Exchange",0,ernie-4.5-turbo-128k,0.0,8192,https://api2.aigcbest.top/v1,"判断结果：[错误]
解释：[背景知识表明code是codeStockExchange的superproperty，应是若x codeStockExchange y成立，则x code y成立，而非公理中所述关系，与语义规则冲突。]",0,1,
sample_0080,subPropertyOf,The property code is more specific than the property codeStockExchange.,"背景知识：
条目1：
- 名称：code
- 类型：Property
- 简介：Superproperty for any designation (string, integer as string) that is meant to identify an entity within the context of a system

条目2：
- 名称：codeStockExchange
- 类型：Property
- 简介：code Stock Exchange",0,ernie-4.5-turbo-128k,0.0,8192,https://api2.aigcbest.top/v1,"判断结果：[错误]
解释：[背景知识表明code是superproperty，codeStockExchange是其子属性，应是codeStockExchange比code更具体，与公理描述相反]",0,1,
sample_0081,subPropertyOf,code ⊑p cosparId,"背景知识：
条目1：
- 名称：code
- 类型：Property
- 简介：Superproperty for any designation (string, integer as string) that is meant to identify an entity within the context of a system

条目2：
- 名称：cosparId
- 类型：Property
- 简介：Described at http://en.wikipedia.org/wiki/International_Designator",0,ernie-4.5-turbo-128k,0.0,8192,https://api2.aigcbest.top/v1,"判断结果：[错误]
解释：[背景知识表明code是任何用于标识实体的属性的超属性，而cosparId是特定标识属性，应是cosparId ⊑p code，而非code ⊑p cosparId，与公理语义关系冲突]",0,1,
sample_0082,subPropertyOf,code is a subproperty of cosparId.,"背景知识：
条目1：
- 名称：code
- 类型：Property
- 简介：Superproperty for any designation (string, integer as string) that is meant to identify an entity within the context of a system

条目2：
- 名称：cosparId
- 类型：Property
- 简介：Described at http://en.wikipedia.org/wiki/International_Designator",0,ernie-4.5-turbo-128k,0.0,8192,https://api2.aigcbest.top/v1,"判断结果：[错误]
解释：[背景知识表明code是用于标识实体的超属性，cosparId是特定类型的标识符，无信息表明code是cosparId的子属性，不符合语义关系。]",0,1,
sample_0083,subPropertyOf,"If two resources are related by code, then they are also related by cosparId.","背景知识：
条目1：
- 名称：code
- 类型：Property
- 简介：Superproperty for any designation (string, integer as string) that is meant to identify an entity within the context of a system

条目2：
- 名称：cosparId
- 类型：Property
- 简介：Described at http://en.wikipedia.org/wiki/International_Designator",0,ernie-4.5-turbo-128k,0.0,8192,https://api2.aigcbest.top/v1,"判断结果：[错误]
解释：[背景知识仅表明cosparId是code的子属性可能性未明确，不能推出用code关联的资源一定用cosparId关联，不符合RDFS语义规则]",0,1,
sample_0084,subPropertyOf,"For any x and y, if x code y holds, then x cosparId y also holds.","背景知识：
条目1：
- 名称：code
- 类型：Property
- 简介：Superproperty for any designation (string, integer as string) that is meant to identify an entity within the context of a system

条目2：
- 名称：cosparId
- 类型：Property
- 简介：Described at http://en.wikipedia.org/wiki/International_Designator",0,ernie-4.5-turbo-128k,0.0,8192,https://api2.aigcbest.top/v1,"判断结果：[错误]
解释：[背景知识仅表明code是cosparId的superproperty的候选描述，未表明cosparId是code的子属性，无法推出x code y成立时x cosparId y也成立]",0,1,
sample_0085,subPropertyOf,The property code is more specific than the property cosparId.,"背景知识：
条目1：
- 名称：code
- 类型：Property
- 简介：Superproperty for any designation (string, integer as string) that is meant to identify an entity within the context of a system

条目2：
- 名称：cosparId
- 类型：Property
- 简介：Described at http://en.wikipedia.org/wiki/International_Designator",0,ernie-4.5-turbo-128k,0.0,8192,https://api2.aigcbest.top/v1,"判断结果：[错误]
解释：[背景知识未表明code是cosparId的子属性，即未体现code比cosparId更具体这一语义关系，不符合RDFS语义规则]",0,1,
sample_0086,subPropertyOf,code ⊑p dfE,"背景知识：
条目1：
- 名称：code
- 类型：Property
- 简介：Superproperty for any designation (string, integer as string) that is meant to identify an entity within the context of a system

条目2：
- 名称：dfE
- 类型：Property
- 简介：Department for Education (UK) number of a school in England or Wales",0,ernie-4.5-turbo-128k,0.0,8192,https://api2.aigcbest.top/v1,"判断结果：[错误]
解释：[背景知识表明code是通用标识的属性，dfE是英国学校特定编号属性，不存在子属性关系，违反语义规则]",0,1,
sample_0087,subPropertyOf,code is a subproperty of dfE.,"背景知识：
条目1：
- 名称：code
- 类型：Property
- 简介：Superproperty for any designation (string, integer as string) that is meant to identify an entity within the context of a system

条目2：
- 名称：dfE
- 类型：Property
- 简介：Department for Education (UK) number of a school in England or Wales",0,ernie-4.5-turbo-128k,0.0,8192,https://api2.aigcbest.top/v1,"判断结果：[错误]
解释：[code是用于标识实体的通用属性，而dfE是英国学校的教育部门编号，两者语义范围不同，code不可能是dfE的子属性]",0,1,
sample_0088,subPropertyOf,"If two resources are related by code, then they are also related by dfE.","背景知识：
条目1：
- 名称：code
- 类型：Property
- 简介：Superproperty for any designation (string, integer as string) that is meant to identify an entity within the context of a system

条目2：
- 名称：dfE
- 类型：Property
- 简介：Department for Education (UK) number of a school in England or Wales",0,ernie-4.5-turbo-128k,0.0,8192,https://api2.aigcbest.top/v1,"判断结果：[错误]
解释：[背景知识表明code是用于标识实体的超属性，dfE是英国学校特定编号属性，无证据表明用code关联的资源必用dfE关联，不符合语义规则。]",0,1,
sample_0089,subPropertyOf,"For any x and y, if x code y holds, then x dfE y also holds.","背景知识：
条目1：
- 名称：code
- 类型：Property
- 简介：Superproperty for any designation (string, integer as string) that is meant to identify an entity within the context of a system

条目2：
- 名称：dfE
- 类型：Property
- 简介：Department for Education (UK) number of a school in England or Wales",0,ernie-4.5-turbo-128k,0.0,8192,https://api2.aigcbest.top/v1,"判断结果：[错误]
解释：[背景知识表明code是用于标识实体的超属性，dfE是英国学校的教育部门编号属性，二者无必然蕴含关系，不符合RDFS语义规则。]",0,1,
sample_0090,subPropertyOf,The property code is more specific than the property dfE.,"背景知识：
条目1：
- 名称：code
- 类型：Property
- 简介：Superproperty for any designation (string, integer as string) that is meant to identify an entity within the context of a system

条目2：
- 名称：dfE
- 类型：Property
- 简介：Department for Education (UK) number of a school in England or Wales",0,ernie-4.5-turbo-128k,0.0,8192,https://api2.aigcbest.top/v1,"判断结果：[错误]
解释：[背景知识表明code是用于标识实体的超属性，dfE是英国学校编号属性，没有信息表明code比dfE更具体，不符合subPropertyOf语义关系]",0,1,
sample_0091,subPropertyOf,code ⊑p dutchNAIdentifier,"背景知识：
条目1：
- 名称：code
- 类型：Property
- 简介：Superproperty for any designation (string, integer as string) that is meant to identify an entity within the context of a system

条目2：
- 名称：dutchNAIdentifier
- 类型：Property
- 简介：Identifier for Duch National Archive",0,ernie-4.5-turbo-128k,0.0,8192,https://api2.aigcbest.top/v1,"判断结果：[错误]
解释：[根据背景知识，code是任何用于在系统上下文中标识实体的属性的超属性，dutchNAIdentifier是荷兰国家档案馆的标识符，应是code的子属性，而非code是dutchNAIdentifier的子属性，与公理语义冲突]",0,1,
sample_0092,subPropertyOf,code is a subproperty of dutchNAIdentifier.,"背景知识：
条目1：
- 名称：code
- 类型：Property
- 简介：Superproperty for any designation (string, integer as string) that is meant to identify an entity within the context of a system

条目2：
- 名称：dutchNAIdentifier
- 类型：Property
- 简介：Identifier for Duch National Archive",0,ernie-4.5-turbo-128k,0.0,8192,https://api2.aigcbest.top/v1,"判断结果：[错误]
解释：[根据背景知识，code是用于标识系统中实体的超属性，dutchNAIdentifier是荷兰国家档案馆的标识符，code不可能是dutchNAIdentifier的子属性，与语义关系冲突。]",0,1,
sample_0093,subPropertyOf,"If two resources are related by code, then they are also related by dutchNAIdentifier.","背景知识：
条目1：
- 名称：code
- 类型：Property
- 简介：Superproperty for any designation (string, integer as string) that is meant to identify an entity within the context of a system

条目2：
- 名称：dutchNAIdentifier
- 类型：Property
- 简介：Identifier for Duch National Archive",0,ernie-4.5-turbo-128k,0.0,8192,https://api2.aigcbest.top/v1,"判断结果：[错误]
解释：[背景知识表明code是dutchNAIdentifier的超属性，应是若两资源由dutchNAIdentifier相关联，则也由code相关联，而非公理所述情况，与语义规则冲突]",0,1,
sample_0094,subPropertyOf,"For any x and y, if x code y holds, then x dutchNAIdentifier y also holds.","背景知识：
条目1：
- 名称：code
- 类型：Property
- 简介：Superproperty for any designation (string, integer as string) that is meant to identify an entity within the context of a system

条目2：
- 名称：dutchNAIdentifier
- 类型：Property
- 简介：Identifier for Duch National Archive",0,ernie-4.5-turbo-128k,0.0,8192,https://api2.aigcbest.top/v1,"判断结果：[错误]
解释：[背景知识表明dutchNAIdentifier是用于荷兰国家档案馆的标识符，是code的特定子属性情况，不能由x code y推出x dutchNAIdentifier y，不符合subPropertyOf语义规则。]",0,1,
sample_0095,subPropertyOf,The property code is more specific than the property dutchNAIdentifier.,"背景知识：
条目1：
- 名称：code
- 类型：Property
- 简介：Superproperty for any designation (string, integer as string) that is meant to identify an entity within the context of a system

条目2：
- 名称：dutchNAIdentifier
- 类型：Property
- 简介：Identifier for Duch National Archive",0,ernie-4.5-turbo-128k,0.0,8192,https://api2.aigcbest.top/v1,"判断结果：[错误]
解释：[背景知识表明code是dutchNAIdentifier的superproperty，即dutchNAIdentifier应比code更具体，与公理表述相反]",0,1,
sample_0096,subPropertyOf,code ⊑p dutchPPNCode,"背景知识：
条目1：
- 名称：code
- 类型：Property
- 简介：Superproperty for any designation (string, integer as string) that is meant to identify an entity within the context of a system

条目2：
- 名称：dutchPPNCode
- 类型：Property
- 简介：Dutch PPN code is a library cataloguing code for collection items (books, journals and the like).",0,ernie-4.5-turbo-128k,0.0,8192,https://api2.aigcbest.top/v1,"判断结果：[错误]
解释：[根据背景知识，dutchPPNCode应是code的子属性，公理中关系方向错误，应为dutchPPNCode ⊑p code]",0,1,
sample_0097,subPropertyOf,code is a subproperty of dutchPPNCode.,"背景知识：
条目1：
- 名称：code
- 类型：Property
- 简介：Superproperty for any designation (string, integer as string) that is meant to identify an entity within the context of a system

条目2：
- 名称：dutchPPNCode
- 类型：Property
- 简介：Dutch PPN code is a library cataloguing code for collection items (books, journals and the like).",0,ernie-4.5-turbo-128k,0.0,8192,https://api2.aigcbest.top/v1,"判断结果：[错误]
解释：[根据背景知识，dutchPPNCode应是code的子属性，而非code是dutchPPNCode的子属性，与公理表述的语义关系相反。]",0,1,
sample_0098,subPropertyOf,"If two resources are related by code, then they are also related by dutchPPNCode.","背景知识：
条目1：
- 名称：code
- 类型：Property
- 简介：Superproperty for any designation (string, integer as string) that is meant to identify an entity within the context of a system

条目2：
- 名称：dutchPPNCode
- 类型：Property
- 简介：Dutch PPN code is a library cataloguing code for collection items (books, journals and the like).",0,ernie-4.5-turbo-128k,0.0,8192,https://api2.aigcbest.top/v1,"判断结果：[错误]
解释：[背景知识表明code是dutchPPNCode的超级属性，应是若两资源由dutchPPNCode相关则必由code相关，而非公理所述情况，与语义规则冲突。]",0,1,
sample_0099,subPropertyOf,"For any x and y, if x code y holds, then x dutchPPNCode y also holds.","背景知识：
条目1：
- 名称：code
- 类型：Property
- 简介：Superproperty for any designation (string, integer as string) that is meant to identify an entity within the context of a system

条目2：
- 名称：dutchPPNCode
- 类型：Property
- 简介：Dutch PPN code is a library cataloguing code for collection items (books, journals and the like).",0,ernie-4.5-turbo-128k,0.0,8192,https://api2.aigcbest.top/v1,"判断结果：[错误]
解释：[背景知识仅表明dutchPPNCode是code的子属性可能性存在，但公理表述的从code成立推出dutchPPNCode成立不符合RDFS语义规则，不能由父属性成立直接推出子属性成立。]",0,1,
sample_0100,subPropertyOf,The property code is more specific than the property dutchPPNCode.,"背景知识：
条目1：
- 名称：code
- 类型：Property
- 简介：Superproperty for any designation (string, integer as string) that is meant to identify an entity within the context of a system

条目2：
- 名称：dutchPPNCode
- 类型：Property
- 简介：Dutch PPN code is a library cataloguing code for collection items (books, journals and the like).",0,ernie-4.5-turbo-128k,0.0,8192,https://api2.aigcbest.top/v1,"判断结果：[错误]
解释：[根据背景知识，dutchPPNCode是用于图书馆编目的代码，是code的一种具体类型，因此dutchPPNCode应比code更具体，而非code比dutchPPNCode更具体。]",0,1,
sample_0101,subPropertyOf,code ⊑p dutchWinkelID,"背景知识：
条目1：
- 名称：code
- 类型：Property
- 简介：Superproperty for any designation (string, integer as string) that is meant to identify an entity within the context of a system

条目2：
- 名称：dutchWinkelID
- 类型：Property
- 简介：Dutch Winkel ID is a code for an underground publication, as attributed by Lydia Winkel's work on the underground WW II press in the Netherlands.",0,ernie-4.5-turbo-128k,0.0,8192,https://api2.aigcbest.top/v1,"判断结果：[错误]
解释：[根据背景知识，dutchWinkelID是code的一种，应该是dutchWinkelID ⊑p code，而不是code ⊑p dutchWinkelID，与给定公理语义关系相反。]",0,1,
sample_0102,subPropertyOf,code is a subproperty of dutchWinkelID.,"背景知识：
条目1：
- 名称：code
- 类型：Property
- 简介：Superproperty for any designation (string, integer as string) that is meant to identify an entity within the context of a system

条目2：
- 名称：dutchWinkelID
- 类型：Property
- 简介：Dutch Winkel ID is a code for an underground publication, as attributed by Lydia Winkel's work on the underground WW II press in the Netherlands.",0,ernie-4.5-turbo-128k,0.0,8192,https://api2.aigcbest.top/v1,"判断结果：[错误]
解释：[根据背景知识，dutchWinkelID是code的一种具体实例，应该是dutchWinkelID是code的subproperty，而非code是dutchWinkelID的subproperty，与公理语义冲突]",0,1,
sample_0103,subPropertyOf,"If two resources are related by code, then they are also related by dutchWinkelID.","背景知识：
条目1：
- 名称：code
- 类型：Property
- 简介：Superproperty for any designation (string, integer as string) that is meant to identify an entity within the context of a system

条目2：
- 名称：dutchWinkelID
- 类型：Property
- 简介：Dutch Winkel ID is a code for an underground publication, as attributed by Lydia Winkel's work on the underground WW II press in the Netherlands.",0,ernie-4.5-turbo-128k,0.0,8192,https://api2.aigcbest.top/v1,"判断结果：[错误]
解释：[背景知识表明dutchWinkelID是code的一种特殊情况，并非所有code关系都适用dutchWinkelID，与公理语义冲突]",0,1,
sample_0104,subPropertyOf,"For any x and y, if x code y holds, then x dutchWinkelID y also holds.","背景知识：
条目1：
- 名称：code
- 类型：Property
- 简介：Superproperty for any designation (string, integer as string) that is meant to identify an entity within the context of a system

条目2：
- 名称：dutchWinkelID
- 类型：Property
- 简介：Dutch Winkel ID is a code for an underground publication, as attributed by Lydia Winkel's work on the underground WW II press in the Netherlands.",0,ernie-4.5-turbo-128k,0.0,8192,https://api2.aigcbest.top/v1,"判断结果：[错误]
解释：[背景知识表明dutchWinkelID是code的一种特定类型，应是dutchWinkelID subPropertyOf code，而非code能推出dutchWinkelID，与公理语义关系不符。]",0,1,
sample_0105,subPropertyOf,The property code is more specific than the property dutchWinkelID.,"背景知识：
条目1：
- 名称：code
- 类型：Property
- 简介：Superproperty for any designation (string, integer as string) that is meant to identify an entity within the context of a system

条目2：
- 名称：dutchWinkelID
- 类型：Property
- 简介：Dutch Winkel ID is a code for an underground publication, as attributed by Lydia Winkel's work on the underground WW II press in the Netherlands.",0,ernie-4.5-turbo-128k,0.0,8192,https://api2.aigcbest.top/v1,"判断结果：[错误]
解释：[根据背景知识，dutchWinkelID是code的一种具体实例，应是dutchWinkelID比code更具体，而非code比dutchWinkelID更具体，与公理语义冲突]",0,1,
sample_0106,subPropertyOf,code ⊑p individualisedGnd,"背景知识：
条目1：
- 名称：code
- 类型：Property
- 简介：Superproperty for any designation (string, integer as string) that is meant to identify an entity within the context of a system

条目2：
- 名称：individualisedGnd
- 类型：Property
- 简介：GND (Gemeinsame Normdatei) is an international authority file for the organisation of personal names, subject headings and corporate bodies from catalogues. It is used mainly for documentation in libraries and archives. The GND is managed b...",0,ernie-4.5-turbo-128k,0.0,8192,https://api2.aigcbest.top/v1,"判断结果：[错误]
解释：[背景知识表明code是用于标识实体的超属性，individualisedGnd是用于组织个人名称等的属性，无证据表明individualisedGnd是code的子属性，不符合语义关系]",0,1,
sample_0107,subPropertyOf,code is a subproperty of individualisedGnd.,"背景知识：
条目1：
- 名称：code
- 类型：Property
- 简介：Superproperty for any designation (string, integer as string) that is meant to identify an entity within the context of a system

条目2：
- 名称：individualisedGnd
- 类型：Property
- 简介：GND (Gemeinsame Normdatei) is an international authority file for the organisation of personal names, subject headings and corporate bodies from catalogues. It is used mainly for documentation in libraries and archives. The GND is managed b...",0,ernie-4.5-turbo-128k,0.0,8192,https://api2.aigcbest.top/v1,"判断结果：[错误]
解释：[背景知识表明code是用于标识实体的超属性，individualisedGnd是用于组织个人名称等的权威文件属性，二者语义无包含关系，不符合subPropertyOf语义规则]",0,1,
sample_0108,subPropertyOf,"If two resources are related by code, then they are also related by individualisedGnd.","背景知识：
条目1：
- 名称：code
- 类型：Property
- 简介：Superproperty for any designation (string, integer as string) that is meant to identify an entity within the context of a system

条目2：
- 名称：individualisedGnd
- 类型：Property
- 简介：GND (Gemeinsame Normdatei) is an international authority file for the organisation of personal names, subject headings and corporate bodies from catalogues. It is used mainly for documentation in libraries and archives. The GND is managed b...",0,ernie-4.5-turbo-128k,0.0,8192,https://api2.aigcbest.top/v1,"判断结果：[错误]
解释：[背景知识表明code是用于标识实体的超属性，individualisedGnd是用于组织个人名称等的权威文件属性，二者无必然包含关系，该公理违反语义规则。]",0,1,
sample_0109,subPropertyOf,"For any x and y, if x code y holds, then x individualisedGnd y also holds.","背景知识：
条目1：
- 名称：code
- 类型：Property
- 简介：Superproperty for any designation (string, integer as string) that is meant to identify an entity within the context of a system

条目2：
- 名称：individualisedGnd
- 类型：Property
- 简介：GND (Gemeinsame Normdatei) is an international authority file for the organisation of personal names, subject headings and corporate bodies from catalogues. It is used mainly for documentation in libraries and archives. The GND is managed b...",0,ernie-4.5-turbo-128k,0.0,8192,https://api2.aigcbest.top/v1,"判断结果：[错误]
解释：[背景知识未表明code是individualisedGnd的子属性，无法推出x code y成立时x individualisedGnd y也成立，不符合RDFS语义规则。]",0,1,
sample_0110,subPropertyOf,The property code is more specific than the property individualisedGnd.,"背景知识：
条目1：
- 名称：code
- 类型：Property
- 简介：Superproperty for any designation (string, integer as string) that is meant to identify an entity within the context of a system

条目2：
- 名称：individualisedGnd
- 类型：Property
- 简介：GND (Gemeinsame Normdatei) is an international authority file for the organisation of personal names, subject headings and corporate bodies from catalogues. It is used mainly for documentation in libraries and archives. The GND is managed b...",0,ernie-4.5-turbo-128k,0.0,8192,https://api2.aigcbest.top/v1,"判断结果：[错误]
解释：[背景知识表明code是超属性，individualisedGnd未表明是其子属性，根据语义规则超属性更宽泛，所以code不比individualisedGnd更具体，该公理错误。]",0,1,
sample_0111,subPropertyOf,codeSettlement ⊑p inseeCode,"背景知识：
条目1：
- 名称：codeSettlement
- 类型：Property
- 简介：settlement code

条目2：
- 名称：inseeCode
- 类型：Property
- 简介：numerical indexing code used by the French National Institute for Statistics and Economic Studies (INSEE) to identify various entities",0,ernie-4.5-turbo-128k,0.0,8192,https://api2.aigcbest.top/v1,"判断结果：[错误]
解释：[codeSettlement和inseeCode是不同用途的属性，背景知识未表明它们存在属性包含关系，不符合subPropertyOf语义规则]",0,1,
sample_0112,subPropertyOf,codeSettlement is a subproperty of inseeCode.,"背景知识：
条目1：
- 名称：codeSettlement
- 类型：Property
- 简介：settlement code

条目2：
- 名称：inseeCode
- 类型：Property
- 简介：numerical indexing code used by the French National Institute for Statistics and Economic Studies (INSEE) to identify various entities",0,ernie-4.5-turbo-128k,0.0,8192,https://api2.aigcbest.top/v1,"判断结果：[错误]
解释：[codeSettlement表示结算代码，inseeCode是法国国家统计与经济研究所用于标识实体的数字索引代码，二者语义不同，codeSettlement不可能是inseeCode的子属性]",0,1,
sample_0113,subPropertyOf,"If two resources are related by codeSettlement, then they are also related by inseeCode.","背景知识：
条目1：
- 名称：codeSettlement
- 类型：Property
- 简介：settlement code

条目2：
- 名称：inseeCode
- 类型：Property
- 简介：numerical indexing code used by the French National Institute for Statistics and Economic Studies (INSEE) to identify various entities",0,ernie-4.5-turbo-128k,0.0,8192,https://api2.aigcbest.top/v1,"判断结果：[错误]
解释：[背景知识未表明codeSettlement和inseeCode存在属性包含关系，该公理不符合语义规则。]",0,1,
sample_0114,subPropertyOf,"For any x and y, if x codeSettlement y holds, then x inseeCode y also holds.","背景知识：
条目1：
- 名称：codeSettlement
- 类型：Property
- 简介：settlement code

条目2：
- 名称：inseeCode
- 类型：Property
- 简介：numerical indexing code used by the French National Institute for Statistics and Economic Studies (INSEE) to identify various entities",0,ernie-4.5-turbo-128k,0.0,8192,https://api2.aigcbest.top/v1,"判断结果：[错误]
解释：[背景知识未表明codeSettlement和inseeCode属性间存在必然蕴含关系，不符合RDFS语义规则]",0,1,
sample_0115,subPropertyOf,The property codeSettlement is more specific than the property inseeCode.,"背景知识：
条目1：
- 名称：codeSettlement
- 类型：Property
- 简介：settlement code

条目2：
- 名称：inseeCode
- 类型：Property
- 简介：numerical indexing code used by the French National Institute for Statistics and Economic Studies (INSEE) to identify various entities",0,ernie-4.5-turbo-128k,0.0,8192,https://api2.aigcbest.top/v1,"判断结果：[错误]
解释：[背景知识未表明codeSettlement和inseeCode存在subPropertyOf这种更具体的关系，无法得出该公理结论]",0,1,
sample_0116,subPropertyOf,colourHexCode ⊑p code,"背景知识：
条目1：
- 名称：colourHexCode
- 类型：Property
- 简介：A colour represented by its hex code (e.g.: #FF0000 or #40E0D0)

条目2：
- 名称：code
- 类型：Property
- 简介：Superproperty for any designation (string, integer as string) that is meant to identify an entity within the context of a system",1,ernie-4.5-turbo-128k,0.0,8192,https://api2.aigcbest.top/v1,"判断结果：[正确]
解释：[colourHexCode是一种用于标识颜色的十六进制代码，符合code作为任何用于标识实体的指定（字符串等）的超属性的定义，因此colourHexCode是code的子属性符合语义规则。]",1,1,
sample_0117,subPropertyOf,colourHexCode is a subproperty of code.,"背景知识：
条目1：
- 名称：colourHexCode
- 类型：Property
- 简介：A colour represented by its hex code (e.g.: #FF0000 or #40E0D0)

条目2：
- 名称：code
- 类型：Property
- 简介：Superproperty for any designation (string, integer as string) that is meant to identify an entity within the context of a system",1,ernie-4.5-turbo-128k,0.0,8192,https://api2.aigcbest.top/v1,"判断结果：[正确]
解释：[colourHexCode是一种用于标识颜色的十六进制代码，符合code作为标识属性的语义，因此colourHexCode是code的子属性是合理的。]",1,1,
sample_0118,subPropertyOf,"If two resources are related by colourHexCode, then they are also related by code.","背景知识：
条目1：
- 名称：colourHexCode
- 类型：Property
- 简介：A colour represented by its hex code (e.g.: #FF0000 or #40E0D0)

条目2：
- 名称：code
- 类型：Property
- 简介：Superproperty for any designation (string, integer as string) that is meant to identify an entity within the context of a system",1,ernie-4.5-turbo-128k,0.0,8192,https://api2.aigcbest.top/v1,"判断结果：[错误]
解释：[背景知识中未表明colourHexCode是code的子属性，无法推出相关资源通过colourHexCode相关联时也通过code相关联]",0,0,
sample_0119,subPropertyOf,"For any x and y, if x colourHexCode y holds, then x code y also holds.","背景知识：
条目1：
- 名称：colourHexCode
- 类型：Property
- 简介：A colour represented by its hex code (e.g.: #FF0000 or #40E0D0)

条目2：
- 名称：code
- 类型：Property
- 简介：Superproperty for any designation (string, integer as string) that is meant to identify an entity within the context of a system",1,ernie-4.5-turbo-128k,0.0,8192,https://api2.aigcbest.top/v1,"判断结果：[错误]
解释：[colourHexCode未被声明为code的子属性，无法推出x colourHexCode y成立时x code y也成立]",0,0,
sample_0120,subPropertyOf,The property colourHexCode is more specific than the property code.,"背景知识：
条目1：
- 名称：colourHexCode
- 类型：Property
- 简介：A colour represented by its hex code (e.g.: #FF0000 or #40E0D0)

条目2：
- 名称：code
- 类型：Property
- 简介：Superproperty for any designation (string, integer as string) that is meant to identify an entity within the context of a system",1,ernie-4.5-turbo-128k,0.0,8192,https://api2.aigcbest.top/v1,"判断结果：[正确]
解释：[根据背景知识，code是任何用于标识实体的属性的超属性，colourHexCode是表示颜色的十六进制代码的属性，属于特定标识属性，符合subPropertyOf语义关系，即colourHexCode比code更具体。]",1,1,
sample_0121,subPropertyOf,followedBy ⊑p nextMission,"背景知识：
条目1：
- 名称：followedBy
- 类型：Property
- 简介：followed by

条目2：
- 名称：nextMission
- 类型：Property
- 简介：next mission",0,ernie-4.5-turbo-128k,0.0,8192,https://api2.aigcbest.top/v1,"判断结果：[错误]
解释：[followedBy和nextMission语义不同，不存在subPropertyOf关系]",0,1,
sample_0122,subPropertyOf,followedBy is a subproperty of nextMission.,"背景知识：
条目1：
- 名称：followedBy
- 类型：Property
- 简介：followed by

条目2：
- 名称：nextMission
- 类型：Property
- 简介：next mission",0,ernie-4.5-turbo-128k,0.0,8192,https://api2.aigcbest.top/v1,"判断结果：[错误]
解释：[背景知识未表明followedBy与nextMission存在属性包含关系，语义上“followed by”和“next mission”含义也不直接支持子属性关系]",0,1,
sample_0123,subPropertyOf,"If two resources are related by followedBy, then they are also related by nextMission.","背景知识：
条目1：
- 名称：followedBy
- 类型：Property
- 简介：followed by

条目2：
- 名称：nextMission
- 类型：Property
- 简介：next mission",0,ernie-4.5-turbo-128k,0.0,8192,https://api2.aigcbest.top/v1,"判断结果：[错误]
解释：[背景知识未表明followedBy和nextMission存在属性包含关系，该公理与背景知识冲突]",0,1,
sample_0124,subPropertyOf,"For any x and y, if x followedBy y holds, then x nextMission y also holds.","背景知识：
条目1：
- 名称：followedBy
- 类型：Property
- 简介：followed by

条目2：
- 名称：nextMission
- 类型：Property
- 简介：next mission",0,ernie-4.5-turbo-128k,0.0,8192,https://api2.aigcbest.top/v1,"判断结果：[错误]
解释：[背景知识中未表明followedBy和nextMission存在必然的语义推导关系，不符合RDFS语义规则]",0,1,
sample_0125,subPropertyOf,The property followedBy is more specific than the property nextMission.,"背景知识：
条目1：
- 名称：followedBy
- 类型：Property
- 简介：followed by

条目2：
- 名称：nextMission
- 类型：Property
- 简介：next mission",0,ernie-4.5-turbo-128k,0.0,8192,https://api2.aigcbest.top/v1,"判断结果：[错误]
解释：[根据背景知识，未表明followedBy是nextMission的子属性，即未体现followedBy比nextMission更具体，不符合subPropertyOf语义规则]",0,1,
sample_0126,subPropertyOf,keyPerson ⊑p commandant,"背景知识：
条目1：
- 名称：keyPerson
- 类型：Property
- 简介：key person

条目2：
- 名称：commandant
- 类型：Property
- 简介：commandant",0,ernie-4.5-turbo-128k,0.0,8192,https://api2.aigcbest.top/v1,"判断结果：[错误]
解释：[背景知识未表明keyPerson是commandant的子属性，不符合subPropertyOf语义关系]",0,1,
sample_0127,subPropertyOf,keyPerson is a subproperty of commandant.,"背景知识：
条目1：
- 名称：keyPerson
- 类型：Property
- 简介：key person

条目2：
- 名称：commandant
- 类型：Property
- 简介：commandant",0,ernie-4.5-turbo-128k,0.0,8192,https://api2.aigcbest.top/v1,"判断结果：[错误]
解释：[背景知识未表明keyPerson和commandant存在属性包含关系，不能随意断定keyPerson是commandant的子属性]",0,1,
sample_0128,subPropertyOf,"If two resources are related by keyPerson, then they are also related by commandant.","背景知识：
条目1：
- 名称：keyPerson
- 类型：Property
- 简介：key person

条目2：
- 名称：commandant
- 类型：Property
- 简介：commandant",0,ernie-4.5-turbo-128k,0.0,8192,https://api2.aigcbest.top/v1,"判断结果：[错误]
解释：[背景知识未表明keyPerson和commandant存在subPropertyOf关系，不能得出相关资源通过keyPerson相关就一定通过commandant相关的结论]",0,1,
sample_0129,subPropertyOf,"For any x and y, if x keyPerson y holds, then x commandant y also holds.","背景知识：
条目1：
- 名称：keyPerson
- 类型：Property
- 简介：key person

条目2：
- 名称：commandant
- 类型：Property
- 简介：commandant",0,ernie-4.5-turbo-128k,0.0,8192,https://api2.aigcbest.top/v1,"判断结果：[错误]
解释：[背景知识未表明keyPerson和commandant属性间存在subPropertyOf关系，该公理违反语义规则]",0,1,
sample_0130,subPropertyOf,The property keyPerson is more specific than the property commandant.,"背景知识：
条目1：
- 名称：keyPerson
- 类型：Property
- 简介：key person

条目2：
- 名称：commandant
- 类型：Property
- 简介：commandant",0,ernie-4.5-turbo-128k,0.0,8192,https://api2.aigcbest.top/v1,"判断结果：[错误]
解释：[背景知识未表明keyPerson和commandant存在subPropertyOf关系，即未表明keyPerson比commandant更具体，不符合语义规则]",0,1,
sample_0131,domain,domain(acquirementDate) = Planet,"背景知识：
条目1：
- 名称：acquirementDate
- 类型：Property
- 简介：date of acquirement

条目2：
- 名称：Planet
- 类型：Class
- 简介：planet",0,ernie-4.5-turbo-128k,0.0,8192,https://api2.aigcbest.top/v1,"判断结果：[错误]
解释：[acquirementDate表示获取日期，其主体不一定是Planet类，与背景知识和语义规则冲突]",0,1,
sample_0132,domain,The domain of acquirementDate is Planet.,"背景知识：
条目1：
- 名称：acquirementDate
- 类型：Property
- 简介：date of acquirement

条目2：
- 名称：Planet
- 类型：Class
- 简介：planet",0,ernie-4.5-turbo-128k,0.0,8192,https://api2.aigcbest.top/v1,"判断结果：[错误]
解释：[背景知识未表明acquirementDate的主体必须是Planet，该公理缺乏合理依据]",0,1,
sample_0133,domain,"If a resource uses property acquirementDate as subject, then it should belong to class Planet.","背景知识：
条目1：
- 名称：acquirementDate
- 类型：Property
- 简介：date of acquirement

条目2：
- 名称：Planet
- 类型：Class
- 简介：planet",0,ernie-4.5-turbo-128k,0.0,8192,https://api2.aigcbest.top/v1,"判断结果：[错误]
解释：[背景知识未表明使用属性acquirementDate作为主体的资源应属于类Planet，不符合domain语义规则]",0,1,
sample_0134,domain,"For any x and y, if x acquirementDate y holds, then x is an instance of Planet.","背景知识：
条目1：
- 名称：acquirementDate
- 类型：Property
- 简介：date of acquirement

条目2：
- 名称：Planet
- 类型：Class
- 简介：planet",0,ernie-4.5-turbo-128k,0.0,8192,https://api2.aigcbest.top/v1,"判断结果：[错误]
解释：[背景知识未表明acquirementDate属性的主体必须是Planet类的实例，该公理与背景知识冲突]",0,1,
sample_0135,domain,Property acquirementDate can only be applied to subjects of class Planet.,"背景知识：
条目1：
- 名称：acquirementDate
- 类型：Property
- 简介：date of acquirement

条目2：
- 名称：Planet
- 类型：Class
- 简介：planet",0,ernie-4.5-turbo-128k,0.0,8192,https://api2.aigcbest.top/v1,"判断结果：[错误]
解释：[背景知识未表明acquirementDate的domain是Planet，仅根据现有信息不能得出该属性只能应用于Planet类的主体这一结论]",0,1,
sample_0136,domain,domain(address) = Place,"背景知识：
条目1：
- 名称：address
- 类型：Property
- 简介：Address of something as literal. Usually Building, but we also use it for the address of a Region's or Settlement's government

条目2：
- 名称：Place
- 类型：Class
- 简介：place",1,ernie-4.5-turbo-128k,0.0,8192,https://api2.aigcbest.top/v1,"判断结果：[错误]
解释：[背景知识表明address属性可用于Building、Region或Settlement等，并非仅限于Place类，与公理中domain(address) = Place的约束冲突]",0,0,
sample_0137,domain,The domain of address is Place.,"背景知识：
条目1：
- 名称：address
- 类型：Property
- 简介：Address of something as literal. Usually Building, but we also use it for the address of a Region's or Settlement's government

条目2：
- 名称：Place
- 类型：Class
- 简介：place",1,ernie-4.5-turbo-128k,0.0,8192,https://api2.aigcbest.top/v1,"判断结果：[正确]
解释：[根据背景知识，address是属性，Place是类，公理表示address属性的主体应属于Place类，符合domain的语义规则且与背景知识不冲突]",1,1,
sample_0138,domain,"If a resource uses property address as subject, then it should belong to class Place.","背景知识：
条目1：
- 名称：address
- 类型：Property
- 简介：Address of something as literal. Usually Building, but we also use it for the address of a Region's or Settlement's government

条目2：
- 名称：Place
- 类型：Class
- 简介：place",1,ernie-4.5-turbo-128k,0.0,8192,https://api2.aigcbest.top/v1,"判断结果：[错误]
解释：[背景知识中未表明使用address属性的主体应属于Place类，该公理与背景知识及RDFS语义规则中domain的约束不符，domain是规定属性主体属于某类，而非使用属性作为主体时资源所属类]",0,0,
sample_0139,domain,"For any x and y, if x address y holds, then x is an instance of Place.","背景知识：
条目1：
- 名称：address
- 类型：Property
- 简介：Address of something as literal. Usually Building, but we also use it for the address of a Region's or Settlement's government

条目2：
- 名称：Place
- 类型：Class
- 简介：place",1,ernie-4.5-turbo-128k,0.0,8192,https://api2.aigcbest.top/v1,"判断结果：[错误]
解释：[背景知识未表明所有具有address属性的主体x都必须是Place类的实例，该公理添加了额外约束，与背景知识不符]",0,0,
sample_0140,domain,Property address can only be applied to subjects of class Place.,"背景知识：
条目1：
- 名称：address
- 类型：Property
- 简介：Address of something as literal. Usually Building, but we also use it for the address of a Region's or Settlement's government

条目2：
- 名称：Place
- 类型：Class
- 简介：place",1,ernie-4.5-turbo-128k,0.0,8192,https://api2.aigcbest.top/v1,"判断结果：[正确]
解释：[根据背景知识，address是属性，结合公理语义及RDFS中domain规则，该公理表明address属性只能用于Place类的主体，符合domain对属性主体的类约束要求，且与背景知识不冲突]",1,1,
sample_0141,domain,domain(administrativeDistrict) = EducationalInstitution,"背景知识：
条目1：
- 名称：administrativeDistrict
- 类型：Property
- 简介：administrative district

条目2：
- 名称：EducationalInstitution
- 类型：Class
- 简介：educational institution",0,ernie-4.5-turbo-128k,0.0,8192,https://api2.aigcbest.top/v1,"判断结果：[错误]
解释：[administrativeDistrict是行政区属性，其主体不应限定为EducationalInstitution类，与背景知识和语义规则冲突]",0,1,
sample_0142,domain,The domain of administrativeDistrict is EducationalInstitution.,"背景知识：
条目1：
- 名称：administrativeDistrict
- 类型：Property
- 简介：administrative district

条目2：
- 名称：EducationalInstitution
- 类型：Class
- 简介：educational institution",0,ernie-4.5-turbo-128k,0.0,8192,https://api2.aigcbest.top/v1,"判断结果：[错误]
解释：[administrativeDistrict是行政区属性，其主体不一定是EducationalInstitution，与背景知识和语义规则冲突]",0,1,
sample_0143,domain,"If a resource uses property administrativeDistrict as subject, then it should belong to class EducationalInstitution.","背景知识：
条目1：
- 名称：administrativeDistrict
- 类型：Property
- 简介：administrative district

条目2：
- 名称：EducationalInstitution
- 类型：Class
- 简介：educational institution",0,ernie-4.5-turbo-128k,0.0,8192,https://api2.aigcbest.top/v1,"判断结果：[错误]
解释：[根据domain的语义规则，该公理表示administrativeDistrict的domain是EducationalInstitution，但背景知识未表明使用administrativeDistrict属性的主体必须是EducationalInstitution类，与语义规则和背景知识无必然关联，所以错误。]",0,1,
sample_0144,domain,"For any x and y, if x administrativeDistrict y holds, then x is an instance of EducationalInstitution.","背景知识：
条目1：
- 名称：administrativeDistrict
- 类型：Property
- 简介：administrative district

条目2：
- 名称：EducationalInstitution
- 类型：Class
- 简介：educational institution",0,ernie-4.5-turbo-128k,0.0,8192,https://api2.aigcbest.top/v1,"判断结果：[错误]
解释：[根据背景知识，administrativeDistrict是属性，EducationalInstitution是类，公理中“若x administrativeDistrict y成立，则x是EducationalInstitution的实例”不符合domain语义规则，domain应约束主体所属类与属性关联，而非得出主体是某类实例的结论，所以错误。]",0,1,
sample_0145,domain,Property administrativeDistrict can only be applied to subjects of class EducationalInstitution.,"背景知识：
条目1：
- 名称：administrativeDistrict
- 类型：Property
- 简介：administrative district

条目2：
- 名称：EducationalInstitution
- 类型：Class
- 简介：educational institution",0,ernie-4.5-turbo-128k,0.0,8192,https://api2.aigcbest.top/v1,"判断结果：[错误]
解释：[根据背景知识，administrativeDistrict是属性，但未表明其domain为EducationalInstitution，该公理与背景知识冲突。]",0,1,
sample_0146,domain,domain(agency) = BaseballPlayer,"背景知识：
条目1：
- 名称：agency
- 类型：Property
- 简介：agency

条目2：
- 名称：BaseballPlayer
- 类型：Class
- 简介：baseball player",0,ernie-4.5-turbo-128k,0.0,8192,https://api2.aigcbest.top/v1,"判断结果：[错误]
解释：[背景知识中未表明agency属性的主体必须是BaseballPlayer类，缺乏足够依据支持该domain约束]",0,1,
sample_0147,domain,The domain of agency is BaseballPlayer.,"背景知识：
条目1：
- 名称：agency
- 类型：Property
- 简介：agency

条目2：
- 名称：BaseballPlayer
- 类型：Class
- 简介：baseball player",0,ernie-4.5-turbo-128k,0.0,8192,https://api2.aigcbest.top/v1,"判断结果：[正确]
解释：[根据背景知识，agency是属性，BaseballPlayer是类，该公理表示agency属性的主体应属于BaseballPlayer类，符合RDFS中domain的语义规则且与背景知识不冲突]",1,0,
sample_0148,domain,"If a resource uses property agency as subject, then it should belong to class BaseballPlayer.","背景知识：
条目1：
- 名称：agency
- 类型：Property
- 简介：agency

条目2：
- 名称：BaseballPlayer
- 类型：Class
- 简介：baseball player",0,ernie-4.5-turbo-128k,0.0,8192,https://api2.aigcbest.top/v1,"判断结果：[错误]
解释：[公理描述的是使用属性agency作为主体的资源应属于BaseballPlayer类，这实际是domain约束，但背景知识未表明agency的domain是BaseballPlayer，所以错误。]",0,1,
sample_0149,domain,"For any x and y, if x agency y holds, then x is an instance of BaseballPlayer.","背景知识：
条目1：
- 名称：agency
- 类型：Property
- 简介：agency

条目2：
- 名称：BaseballPlayer
- 类型：Class
- 简介：baseball player",0,ernie-4.5-turbo-128k,0.0,8192,https://api2.aigcbest.top/v1,"判断结果：[错误]
解释：[背景知识未表明agency属性的主体必须是BaseballPlayer实例，不符合domain语义规则]",0,1,
sample_0150,domain,Property agency can only be applied to subjects of class BaseballPlayer.,"背景知识：
条目1：
- 名称：agency
- 类型：Property
- 简介：agency

条目2：
- 名称：BaseballPlayer
- 类型：Class
- 简介：baseball player",0,ernie-4.5-turbo-128k,0.0,8192,https://api2.aigcbest.top/v1,"判断结果：[错误]
解释：[背景知识中仅说明agency是属性，未表明其domain为BaseballPlayer，根据语义规则不能得出该公理结论]",0,1,
sample_0151,domain,domain(alliance) = BaseballPlayer,"背景知识：
条目1：
- 名称：alliance
- 类型：Property
- 简介：alliance

条目2：
- 名称：BaseballPlayer
- 类型：Class
- 简介：baseball player",0,ernie-4.5-turbo-128k,0.0,8192,https://api2.aigcbest.top/v1,"判断结果：[错误]
解释：[背景知识中未表明alliance属性的主体必须是BaseballPlayer类，该公理缺乏合理依据]",0,1,
sample_0152,domain,The domain of alliance is BaseballPlayer.,"背景知识：
条目1：
- 名称：alliance
- 类型：Property
- 简介：alliance

条目2：
- 名称：BaseballPlayer
- 类型：Class
- 简介：baseball player",0,ernie-4.5-turbo-128k,0.0,8192,https://api2.aigcbest.top/v1,"判断结果：[正确]
解释：[根据背景知识，alliance是属性，BaseballPlayer是类，将alliance的domain设为BaseballPlayer符合RDFS中domain表示属性主体应属于某一类的语义规则。]",1,0,
sample_0153,domain,"If a resource uses property alliance as subject, then it should belong to class BaseballPlayer.","背景知识：
条目1：
- 名称：alliance
- 类型：Property
- 简介：alliance

条目2：
- 名称：BaseballPlayer
- 类型：Class
- 简介：baseball player",0,ernie-4.5-turbo-128k,0.0,8192,https://api2.aigcbest.top/v1,"判断结果：[错误]
解释：[公理描述的是使用alliance作为属性的主体应属于BaseballPlayer类，这对应的是range约束，而非domain约束，与公理语义不符。]",0,1,
sample_0154,domain,"For any x and y, if x alliance y holds, then x is an instance of BaseballPlayer.","背景知识：
条目1：
- 名称：alliance
- 类型：Property
- 简介：alliance

条目2：
- 名称：BaseballPlayer
- 类型：Class
- 简介：baseball player",0,ernie-4.5-turbo-128k,0.0,8192,https://api2.aigcbest.top/v1,"判断结果：[错误]
解释：[背景知识中alliance仅为属性，未表明其domain为BaseballPlayer，根据RDFS语义规则无法推出x是BaseballPlayer的实例]",0,1,
sample_0155,domain,Property alliance can only be applied to subjects of class BaseballPlayer.,"背景知识：
条目1：
- 名称：alliance
- 类型：Property
- 简介：alliance

条目2：
- 名称：BaseballPlayer
- 类型：Class
- 简介：baseball player",0,ernie-4.5-turbo-128k,0.0,8192,https://api2.aigcbest.top/v1,"判断结果：[错误]
解释：[背景知识中仅说明alliance是属性，未表明其只能应用于BaseballPlayer类的主体，与公理约束冲突]",0,1,
sample_0156,domain,domain(aoCloassification) = SpaceMission,"背景知识：
条目1：
- 名称：aoCloassification
- 类型：Property
- 简介：AO

条目2：
- 名称：SpaceMission
- 类型：Class
- 简介：space mission",0,ernie-4.5-turbo-128k,0.0,8192,https://api2.aigcbest.top/v1,"判断结果：[错误]
解释：[背景知识中未表明aoCloassification属性的主体应属于SpaceMission类，缺乏足够依据支持该domain约束]",0,1,
sample_0157,domain,The domain of aoCloassification is SpaceMission.,"背景知识：
条目1：
- 名称：aoCloassification
- 类型：Property
- 简介：AO

条目2：
- 名称：SpaceMission
- 类型：Class
- 简介：space mission",0,ernie-4.5-turbo-128k,0.0,8192,https://api2.aigcbest.top/v1,"判断结果：[正确]
解释：[根据背景知识，aoCloassification是属性，SpaceMission是类，公理表示aoCloassification属性的主体应属于SpaceMission类，符合domain的RDFS语义规则且与背景知识无冲突]",1,0,
sample_0158,domain,"If a resource uses property aoCloassification as subject, then it should belong to class SpaceMission.","背景知识：
条目1：
- 名称：aoCloassification
- 类型：Property
- 简介：AO

条目2：
- 名称：SpaceMission
- 类型：Class
- 简介：space mission",0,ernie-4.5-turbo-128k,0.0,8192,https://api2.aigcbest.top/v1,"判断结果：[错误]
解释：[根据RDFS语义规则，使用属性作为主体的资源无相关约束，且公理描述的是属性主体属于某类，与domain语义（属性主体属于某类）虽相关但背景知识未表明aoCloassification的domain是SpaceMission，所以公理错误。]",0,1,
sample_0159,domain,"For any x and y, if x aoCloassification y holds, then x is an instance of SpaceMission.","背景知识：
条目1：
- 名称：aoCloassification
- 类型：Property
- 简介：AO

条目2：
- 名称：SpaceMission
- 类型：Class
- 简介：space mission",0,ernie-4.5-turbo-128k,0.0,8192,https://api2.aigcbest.top/v1,"判断结果：[错误]
解释：[根据背景知识，aoCloassification是属性，该公理用domain语义规则理解应为若x aoCloassification y成立，x应是aoCloassification定义域的实例，但背景未表明其定义域是SpaceMission，所以公理错误。]",0,1,
sample_0160,domain,Property aoCloassification can only be applied to subjects of class SpaceMission.,"背景知识：
条目1：
- 名称：aoCloassification
- 类型：Property
- 简介：AO

条目2：
- 名称：SpaceMission
- 类型：Class
- 简介：space mission",0,ernie-4.5-turbo-128k,0.0,8192,https://api2.aigcbest.top/v1,"判断结果：[正确]
解释：[根据背景知识，aoCloassification是属性，SpaceMission是类，公理表示属性aoCloassification的主体应属于SpaceMission类，符合domain的RDFS语义规则。]",1,0,
sample_0161,domain,domain(apoapsis) = Ship,"背景知识：
条目1：
- 名称：apoapsis
- 类型：Property
- 简介：apoapsis (km)

条目2：
- 名称：Ship
- 类型：Class
- 简介：ship",0,ernie-4.5-turbo-128k,0.0,8192,https://api2.aigcbest.top/v1,"判断结果：[错误]
解释：[背景知识未表明apoapsis属性的主体必须是Ship类，缺乏足够语义支持该domain约束]",0,1,
sample_0162,domain,The domain of apoapsis is Ship.,"背景知识：
条目1：
- 名称：apoapsis
- 类型：Property
- 简介：apoapsis (km)

条目2：
- 名称：Ship
- 类型：Class
- 简介：ship",0,ernie-4.5-turbo-128k,0.0,8192,https://api2.aigcbest.top/v1,"判断结果：[正确]
解释：[根据背景知识，apoapsis是属性，Ship是类，公理表明apoapsis属性的主体应属于Ship类，符合domain的语义规则且与背景知识无冲突。]",1,0,
sample_0163,domain,"If a resource uses property apoapsis as subject, then it should belong to class Ship.","背景知识：
条目1：
- 名称：apoapsis
- 类型：Property
- 简介：apoapsis (km)

条目2：
- 名称：Ship
- 类型：Class
- 简介：ship",0,ernie-4.5-turbo-128k,0.0,8192,https://api2.aigcbest.top/v1,"判断结果：[错误]
解释：[背景知识未表明使用属性apoapsis的主体应属于类Ship，不符合domain语义规则]",0,1,
sample_0164,domain,"For any x and y, if x apoapsis y holds, then x is an instance of Ship.","背景知识：
条目1：
- 名称：apoapsis
- 类型：Property
- 简介：apoapsis (km)

条目2：
- 名称：Ship
- 类型：Class
- 简介：ship",0,ernie-4.5-turbo-128k,0.0,8192,https://api2.aigcbest.top/v1,"判断结果：[错误]
解释：[背景知识未表明所有具有apoapsis属性的主体都是Ship类的实例，该公理与背景知识存在冲突]",0,1,
sample_0165,domain,Property apoapsis can only be applied to subjects of class Ship.,"背景知识：
条目1：
- 名称：apoapsis
- 类型：Property
- 简介：apoapsis (km)

条目2：
- 名称：Ship
- 类型：Class
- 简介：ship",0,ernie-4.5-turbo-128k,0.0,8192,https://api2.aigcbest.top/v1,"判断结果：[正确]
解释：[根据背景知识，apoapsis是属性，公理表示其主体应属于Ship类，符合domain语义规则且与背景知识无冲突]",1,0,
sample_0166,domain,domain(archipelago) = School,"背景知识：
条目1：
- 名称：archipelago
- 类型：Property
- 简介：archipelago

条目2：
- 名称：School
- 类型：Class
- 简介：school",0,ernie-4.5-turbo-128k,0.0,8192,https://api2.aigcbest.top/v1,"判断结果：[错误]
解释：[根据背景知识，archipelago是属性，但常识中其与School类无主体关联，不符合domain语义规则]",0,1,
sample_0167,domain,The domain of archipelago is School.,"背景知识：
条目1：
- 名称：archipelago
- 类型：Property
- 简介：archipelago

条目2：
- 名称：School
- 类型：Class
- 简介：school",0,ernie-4.5-turbo-128k,0.0,8192,https://api2.aigcbest.top/v1,"判断结果：[错误]
解释：[根据背景知识，archipelago是属性，但常识中其与School类无主体关联，不符合domain语义规则。]",0,1,
sample_0168,domain,"If a resource uses property archipelago as subject, then it should belong to class School.","背景知识：
条目1：
- 名称：archipelago
- 类型：Property
- 简介：archipelago

条目2：
- 名称：School
- 类型：Class
- 简介：school",0,ernie-4.5-turbo-128k,0.0,8192,https://api2.aigcbest.top/v1,"判断结果：[错误]
解释：[公理描述的是使用属性archipelago作为主体的资源应属于School类，但背景知识中archipelago是属性，未表明其主体需属于School类，与背景知识和语义规则冲突。]",0,1,
sample_0169,domain,"For any x and y, if x archipelago y holds, then x is an instance of School.","背景知识：
条目1：
- 名称：archipelago
- 类型：Property
- 简介：archipelago

条目2：
- 名称：School
- 类型：Class
- 简介：school",0,ernie-4.5-turbo-128k,0.0,8192,https://api2.aigcbest.top/v1,"判断结果：[错误]
解释：[背景知识中archipelago是属性，该公理却将其domain限定为School类，没有依据表明archipelago的主体应是School类的实例，不符合语义规则]",0,1,
sample_0170,domain,Property archipelago can only be applied to subjects of class School.,"背景知识：
条目1：
- 名称：archipelago
- 类型：Property
- 简介：archipelago

条目2：
- 名称：School
- 类型：Class
- 简介：school",0,ernie-4.5-turbo-128k,0.0,8192,https://api2.aigcbest.top/v1,"判断结果：[错误]
解释：[背景知识中未表明archipelago属性的主体应属于School类，该公理缺乏依据，与背景知识冲突。]",0,1,
sample_0171,domain,domain(architect) = Ship,"背景知识：
条目1：
- 名称：architect
- 类型：Property
- 简介：architect

条目2：
- 名称：Ship
- 类型：Class
- 简介：ship",0,ernie-4.5-turbo-128k,0.0,8192,https://api2.aigcbest.top/v1,"判断结果：[错误]
解释：[背景知识中architect是属性，但未表明其主体与Ship类相关，且按常识architect主体一般不是Ship，不符合domain语义规则]",0,1,
sample_0172,domain,The domain of architect is Ship.,"背景知识：
条目1：
- 名称：architect
- 类型：Property
- 简介：architect

条目2：
- 名称：Ship
- 类型：Class
- 简介：ship",0,ernie-4.5-turbo-128k,0.0,8192,https://api2.aigcbest.top/v1,"判断结果：[错误]
解释：[根据背景知识，architect是属性，Ship是类，但常识中architect表示“设计”的属性，其主体通常是人而非船，与公理中domain为Ship的约束冲突。]",0,1,
sample_0173,domain,"If a resource uses property architect as subject, then it should belong to class Ship.","背景知识：
条目1：
- 名称：architect
- 类型：Property
- 简介：architect

条目2：
- 名称：Ship
- 类型：Class
- 简介：ship",0,ernie-4.5-turbo-128k,0.0,8192,https://api2.aigcbest.top/v1,"判断结果：[错误]
解释：[根据背景知识，architect是属性，公理错误地将属性作为主体并指定其属于Ship类，违反了domain语义规则，domain应指定使用该属性的主体所属类，而非属性本身所属类]",0,1,
sample_0174,domain,"For any x and y, if x architect y holds, then x is an instance of Ship.","背景知识：
条目1：
- 名称：architect
- 类型：Property
- 简介：architect

条目2：
- 名称：Ship
- 类型：Class
- 简介：ship",0,ernie-4.5-turbo-128k,0.0,8192,https://api2.aigcbest.top/v1,"判断结果：[错误]
解释：[根据背景知识，architect是属性，Ship是类，公理中“x architect y成立则x是Ship的实例”不符合domain语义规则，architect无此domain约束且语义上不合理]",0,1,
sample_0175,domain,Property architect can only be applied to subjects of class Ship.,"背景知识：
条目1：
- 名称：architect
- 类型：Property
- 简介：architect

条目2：
- 名称：Ship
- 类型：Class
- 简介：ship",0,ernie-4.5-turbo-128k,0.0,8192,https://api2.aigcbest.top/v1,"判断结果：[错误]
解释：[背景知识中仅表明architect是属性、Ship是类，未表明architect的domain是Ship，根据语义规则不能得出该公理，所以错误。]",0,1,
sample_0176,domain,domain(areaLand) = Island,"背景知识：
条目1：
- 名称：areaLand
- 类型：Property
- 简介：area land (m2)

条目2：
- 名称：Island
- 类型：Class
- 简介：island",0,ernie-4.5-turbo-128k,0.0,8192,https://api2.aigcbest.top/v1,"判断结果：[错误]
解释：[背景知识未表明areaLand属性的主体必须属于Island类，缺乏足够依据支持该domain约束]",0,1,
sample_0177,domain,The domain of areaLand is Island.,"背景知识：
条目1：
- 名称：areaLand
- 类型：Property
- 简介：area land (m2)

条目2：
- 名称：Island
- 类型：Class
- 简介：island",0,ernie-4.5-turbo-128k,0.0,8192,https://api2.aigcbest.top/v1,"判断结果：[正确]
解释：[根据背景知识，areaLand是属性，Island是类，公理表示areaLand属性的主体应是Island类，符合domain的语义规则且与背景知识无冲突]",1,0,
sample_0178,domain,"If a resource uses property areaLand as subject, then it should belong to class Island.","背景知识：
条目1：
- 名称：areaLand
- 类型：Property
- 简介：area land (m2)

条目2：
- 名称：Island
- 类型：Class
- 简介：island",0,ernie-4.5-turbo-128k,0.0,8192,https://api2.aigcbest.top/v1,"判断结果：[错误]
解释：[背景知识未表明使用属性areaLand的主体必须属于类Island，不符合domain语义规则]",0,1,
sample_0179,domain,"For any x and y, if x areaLand y holds, then x is an instance of Island.","背景知识：
条目1：
- 名称：areaLand
- 类型：Property
- 简介：area land (m2)

条目2：
- 名称：Island
- 类型：Class
- 简介：island",0,ernie-4.5-turbo-128k,0.0,8192,https://api2.aigcbest.top/v1,"判断结果：[错误]
解释：[背景知识未表明所有具有areaLand属性的主体都是Island类的实例，该公理与背景知识存在冲突]",0,1,
sample_0180,domain,Property areaLand can only be applied to subjects of class Island.,"背景知识：
条目1：
- 名称：areaLand
- 类型：Property
- 简介：area land (m2)

条目2：
- 名称：Island
- 类型：Class
- 简介：island",0,ernie-4.5-turbo-128k,0.0,8192,https://api2.aigcbest.top/v1,"判断结果：[错误]
解释：[背景知识中仅说明areaLand是属性，未表明其只能应用于Island类的主体，与公理语义不符]",0,1,
sample_0181,domain,domain(argueDate) = PowerStation,"背景知识：
条目1：
- 名称：argueDate
- 类型：Property
- 简介：argue date

条目2：
- 名称：PowerStation
- 类型：Class
- 简介：power station",0,ernie-4.5-turbo-128k,0.0,8192,https://api2.aigcbest.top/v1,"判断结果：[错误]
解释：[背景知识未表明argueDate属性的主体必须是PowerStation类，缺乏足够语义关联支持该domain约束]",0,1,
sample_0182,domain,The domain of argueDate is PowerStation.,"背景知识：
条目1：
- 名称：argueDate
- 类型：Property
- 简介：argue date

条目2：
- 名称：PowerStation
- 类型：Class
- 简介：power station",0,ernie-4.5-turbo-128k,0.0,8192,https://api2.aigcbest.top/v1,"判断结果：[正确]
解释：[根据背景知识，argueDate是属性，PowerStation是类，该公理表示argueDate属性的主体应属于PowerStation类，符合domain的语义规则且与背景知识无冲突]",1,0,
sample_0183,domain,"If a resource uses property argueDate as subject, then it should belong to class PowerStation.","背景知识：
条目1：
- 名称：argueDate
- 类型：Property
- 简介：argue date

条目2：
- 名称：PowerStation
- 类型：Class
- 简介：power station",0,ernie-4.5-turbo-128k,0.0,8192,https://api2.aigcbest.top/v1,"判断结果：[错误]
解释：[公理描述的是使用属性argueDate作为主体的资源应属于PowerStation类，但背景知识中未表明argueDate的domain是PowerStation，不符合domain语义规则]",0,1,
sample_0184,domain,"For any x and y, if x argueDate y holds, then x is an instance of PowerStation.","背景知识：
条目1：
- 名称：argueDate
- 类型：Property
- 简介：argue date

条目2：
- 名称：PowerStation
- 类型：Class
- 简介：power station",0,ernie-4.5-turbo-128k,0.0,8192,https://api2.aigcbest.top/v1,"判断结果：[错误]
解释：[背景知识未表明argueDate属性的主体必须是PowerStation类的实例，不符合domain语义规则]",0,1,
sample_0185,domain,Property argueDate can only be applied to subjects of class PowerStation.,"背景知识：
条目1：
- 名称：argueDate
- 类型：Property
- 简介：argue date

条目2：
- 名称：PowerStation
- 类型：Class
- 简介：power station",0,ernie-4.5-turbo-128k,0.0,8192,https://api2.aigcbest.top/v1,"判断结果：[正确]
解释：[根据背景知识，公理表明属性argueDate的主体应属于类PowerStation，符合domain语义规则，即属性argueDate的domain为PowerStation，与公理描述一致。]",1,0,
sample_0186,domain,domain(associatedRocket) = Saint,"背景知识：
条目1：
- 名称：associatedRocket
- 类型：Property
- 简介：associated rocket

条目2：
- 名称：Saint
- 类型：Class
- 简介：saint",0,ernie-4.5-turbo-128k,0.0,8192,https://api2.aigcbest.top/v1,"判断结果：[错误]
解释：[根据背景知识，associatedRocket是属性，Saint是类，但无法从背景知识得出associatedRocket的主体必须是Saint，缺乏合理语义关联，不符合domain语义规则的合理应用。]",0,1,
sample_0187,domain,The domain of associatedRocket is Saint.,"背景知识：
条目1：
- 名称：associatedRocket
- 类型：Property
- 简介：associated rocket

条目2：
- 名称：Saint
- 类型：Class
- 简介：saint",0,ernie-4.5-turbo-128k,0.0,8192,https://api2.aigcbest.top/v1,"判断结果：[错误]
解释：[背景知识未表明“associatedRocket”属性主体应为“Saint”类，无依据支持此domain约束]",0,1,
sample_0188,domain,"If a resource uses property associatedRocket as subject, then it should belong to class Saint.","背景知识：
条目1：
- 名称：associatedRocket
- 类型：Property
- 简介：associated rocket

条目2：
- 名称：Saint
- 类型：Class
- 简介：saint",0,ernie-4.5-turbo-128k,0.0,8192,https://api2.aigcbest.top/v1,"判断结果：[错误]
解释：[公理中domain约束错误地将使用associatedRocket属性的主体限定为Saint类，而背景知识未建立这种语义关联]",0,1,
sample_0189,domain,"For any x and y, if x associatedRocket y holds, then x is an instance of Saint.","背景知识：
条目1：
- 名称：associatedRocket
- 类型：Property
- 简介：associated rocket

条目2：
- 名称：Saint
- 类型：Class
- 简介：saint",0,ernie-4.5-turbo-128k,0.0,8192,https://api2.aigcbest.top/v1,"判断结果：[错误]
解释：[背景知识未表明使用associatedRocket属性的主体必须是Saint类的实例，该公理与背景知识冲突]",0,1,
sample_0190,domain,Property associatedRocket can only be applied to subjects of class Saint.,"背景知识：
条目1：
- 名称：associatedRocket
- 类型：Property
- 简介：associated rocket

条目2：
- 名称：Saint
- 类型：Class
- 简介：saint",0,ernie-4.5-turbo-128k,0.0,8192,https://api2.aigcbest.top/v1,"判断结果：[错误]
解释：[背景知识未表明associatedRocket属性主体必须是Saint类，不符合domain语义规则]",0,1,
sample_0191,domain,domain(decideDate) = PowerStation,"背景知识：
条目1：
- 名称：decideDate
- 类型：Property
- 简介：decide date

条目2：
- 名称：PowerStation
- 类型：Class
- 简介：power station",0,ernie-4.5-turbo-128k,0.0,8192,https://api2.aigcbest.top/v1,"判断结果：[错误]
解释：[背景知识未表明decideDate属性的主体必须是PowerStation类，缺乏足够依据支持该domain约束]",0,1,
sample_0192,domain,The domain of decideDate is PowerStation.,"背景知识：
条目1：
- 名称：decideDate
- 类型：Property
- 简介：decide date

条目2：
- 名称：PowerStation
- 类型：Class
- 简介：power station",0,ernie-4.5-turbo-128k,0.0,8192,https://api2.aigcbest.top/v1,"判断结果：[正确]
解释：[根据背景知识，decideDate是属性，PowerStation是类，将decideDate的domain设为PowerStation符合RDFS语义规则，表示decideDate属性的主体应属于PowerStation类，语义合理。]",1,0,
sample_0193,domain,"If a resource uses property decideDate as subject, then it should belong to class PowerStation.","背景知识：
条目1：
- 名称：decideDate
- 类型：Property
- 简介：decide date

条目2：
- 名称：PowerStation
- 类型：Class
- 简介：power station",0,ernie-4.5-turbo-128k,0.0,8192,https://api2.aigcbest.top/v1,"判断结果：[错误]
解释：[公理描述的是使用属性decideDate作为主体的资源应属于PowerStation类，这对应的是range的语义，而非domain，与公理语义不符。]",0,1,
sample_0194,domain,"For any x and y, if x decideDate y holds, then x is an instance of PowerStation.","背景知识：
条目1：
- 名称：decideDate
- 类型：Property
- 简介：decide date

条目2：
- 名称：PowerStation
- 类型：Class
- 简介：power station",0,ernie-4.5-turbo-128k,0.0,8192,https://api2.aigcbest.top/v1,"判断结果：[错误]
解释：[背景知识未表明decideDate属性的主体必须是PowerStation类的实例，该公理与背景知识及语义规则无依据支持，存在冲突]",0,1,
sample_0195,domain,Property decideDate can only be applied to subjects of class PowerStation.,"背景知识：
条目1：
- 名称：decideDate
- 类型：Property
- 简介：decide date

条目2：
- 名称：PowerStation
- 类型：Class
- 简介：power station",0,ernie-4.5-turbo-128k,0.0,8192,https://api2.aigcbest.top/v1,"判断结果：[错误]
解释：[背景知识中仅说明decideDate是属性，未表明其只能应用于PowerStation类的主体，不符合domain语义约束的给定信息]",0,1,
sample_0196,domain,domain(density) = Infrastructure,"背景知识：
条目1：
- 名称：density
- 类型：Property
- 简介：density (μ3)

条目2：
- 名称：Infrastructure
- 类型：Class
- 简介：infrastructure",0,ernie-4.5-turbo-128k,0.0,8192,https://api2.aigcbest.top/v1,"判断结果：[错误]
解释：[背景知识未表明density属性的主体应属于Infrastructure类，缺乏语义关联支持该domain约束]",0,1,
sample_0197,domain,The domain of density is Infrastructure.,"背景知识：
条目1：
- 名称：density
- 类型：Property
- 简介：density (μ3)

条目2：
- 名称：Infrastructure
- 类型：Class
- 简介：infrastructure",0,ernie-4.5-turbo-128k,0.0,8192,https://api2.aigcbest.top/v1,"判断结果：[正确]
解释：[根据背景知识，density是属性，Infrastructure是类，将density的domain设为Infrastructure符合RDFS中domain表示属性主体应属于某一类的语义规则，且无冲突。]",1,0,
sample_0198,domain,"If a resource uses property density as subject, then it should belong to class Infrastructure.","背景知识：
条目1：
- 名称：density
- 类型：Property
- 简介：density (μ3)

条目2：
- 名称：Infrastructure
- 类型：Class
- 简介：infrastructure",0,ernie-4.5-turbo-128k,0.0,8192,https://api2.aigcbest.top/v1,"判断结果：[错误]
解释：[公理描述的是使用属性density的资源应属于Infrastructure类，但背景知识中未表明density的domain是Infrastructure，不符合RDFS语义规则。]",0,1,
sample_0199,domain,"For any x and y, if x density y holds, then x is an instance of Infrastructure.","背景知识：
条目1：
- 名称：density
- 类型：Property
- 简介：density (μ3)

条目2：
- 名称：Infrastructure
- 类型：Class
- 简介：infrastructure",0,ernie-4.5-turbo-128k,0.0,8192,https://api2.aigcbest.top/v1,"判断结果：[错误]
解释：[背景知识未表明density属性的主体必须是Infrastructure类的实例，不符合RDFS语义规则]",0,1,
sample_0200,domain,Property density can only be applied to subjects of class Infrastructure.,"背景知识：
条目1：
- 名称：density
- 类型：Property
- 简介：density (μ3)

条目2：
- 名称：Infrastructure
- 类型：Class
- 简介：infrastructure",0,ernie-4.5-turbo-128k,0.0,8192,https://api2.aigcbest.top/v1,"判断结果：[正确]
解释：[根据背景知识，density是属性，公理表示density属性只能用于Infrastructure类的主体，符合domain语义规则，即属性主体应属于某一类，且与背景知识无冲突。]",1,0,
sample_0201,domain,domain(diameter) = Automobile,"背景知识：
条目1：
- 名称：diameter
- 类型：Property
- 简介：diameter (mm)

条目2：
- 名称：Automobile
- 类型：Class
- 简介：automobile",0,ernie-4.5-turbo-128k,0.0,8192,https://api2.aigcbest.top/v1,"判断结果：[错误]
解释：[背景知识未表明diameter属性的主体必须是Automobile类，该约束缺乏依据]",0,1,
sample_0202,domain,The domain of diameter is Automobile.,"背景知识：
条目1：
- 名称：diameter
- 类型：Property
- 简介：diameter (mm)

条目2：
- 名称：Automobile
- 类型：Class
- 简介：automobile",0,ernie-4.5-turbo-128k,0.0,8192,https://api2.aigcbest.top/v1,"判断结果：[正确]
解释：[根据背景知识，diameter是属性，Automobile是类，将diameter的domain设为Automobile符合RDFS语义规则，表示直径属性的主体应是汽车类实例，这在语义上是合理的。]",1,0,
sample_0203,domain,"If a resource uses property diameter as subject, then it should belong to class Automobile.","背景知识：
条目1：
- 名称：diameter
- 类型：Property
- 简介：diameter (mm)

条目2：
- 名称：Automobile
- 类型：Class
- 简介：automobile",0,ernie-4.5-turbo-128k,0.0,8192,https://api2.aigcbest.top/v1,"判断结果：[错误]
解释：[背景知识未表明使用diameter属性的资源一定属于Automobile类，该公理与背景知识存在冲突]",0,1,
sample_0204,domain,"For any x and y, if x diameter y holds, then x is an instance of Automobile.","背景知识：
条目1：
- 名称：diameter
- 类型：Property
- 简介：diameter (mm)

条目2：
- 名称：Automobile
- 类型：Class
- 简介：automobile",0,ernie-4.5-turbo-128k,0.0,8192,https://api2.aigcbest.top/v1,"判断结果：[错误]
解释：[背景知识未表明diameter属性的主体必须是Automobile类的实例，该公理与背景知识冲突]",0,1,
sample_0205,domain,Property diameter can only be applied to subjects of class Automobile.,"背景知识：
条目1：
- 名称：diameter
- 类型：Property
- 简介：diameter (mm)

条目2：
- 名称：Automobile
- 类型：Class
- 简介：automobile",0,ernie-4.5-turbo-128k,0.0,8192,https://api2.aigcbest.top/v1,"判断结果：[正确]
解释：[根据背景知识，公理表明属性diameter的主体应属于Automobile类，符合domain语义规则且与背景知识无冲突]",1,0,
sample_0206,domain,domain(firstLaunchDate) = Drug,"背景知识：
条目1：
- 名称：firstLaunchDate
- 类型：Property
- 简介：first launch date

条目2：
- 名称：Drug
- 类型：Class
- 简介：drug",0,ernie-4.5-turbo-128k,0.0,8192,https://api2.aigcbest.top/v1,"判断结果：[错误]
解释：[根据背景知识，firstLaunchDate属性与Drug类无直接语义关联，不符合domain公理的语义约束]",0,1,
sample_0207,domain,The domain of firstLaunchDate is Drug.,"背景知识：
条目1：
- 名称：firstLaunchDate
- 类型：Property
- 简介：first launch date

条目2：
- 名称：Drug
- 类型：Class
- 简介：drug",0,ernie-4.5-turbo-128k,0.0,8192,https://api2.aigcbest.top/v1,"判断结果：[错误]
解释：[背景知识未表明firstLaunchDate的主体应是Drug类，缺乏语义关联支持该domain约束]",0,1,
sample_0208,domain,"If a resource uses property firstLaunchDate as subject, then it should belong to class Drug.","背景知识：
条目1：
- 名称：firstLaunchDate
- 类型：Property
- 简介：first launch date

条目2：
- 名称：Drug
- 类型：Class
- 简介：drug",0,ernie-4.5-turbo-128k,0.0,8192,https://api2.aigcbest.top/v1,"判断结果：[错误]
解释：[背景知识未表明使用属性firstLaunchDate作为主体的资源应属于类Drug，不符合domain语义规则]",0,1,
sample_0209,domain,"For any x and y, if x firstLaunchDate y holds, then x is an instance of Drug.","背景知识：
条目1：
- 名称：firstLaunchDate
- 类型：Property
- 简介：first launch date

条目2：
- 名称：Drug
- 类型：Class
- 简介：drug",0,ernie-4.5-turbo-128k,0.0,8192,https://api2.aigcbest.top/v1,"判断结果：[错误]
解释：[背景知识未表明firstLaunchDate属性的主体必须是Drug类的实例，不符合domain语义规则]",0,1,
sample_0210,domain,Property firstLaunchDate can only be applied to subjects of class Drug.,"背景知识：
条目1：
- 名称：firstLaunchDate
- 类型：Property
- 简介：first launch date

条目2：
- 名称：Drug
- 类型：Class
- 简介：drug",0,ernie-4.5-turbo-128k,0.0,8192,https://api2.aigcbest.top/v1,"判断结果：[正确]
解释：[根据背景知识，公理表明属性firstLaunchDate的主体应为类Drug，符合domain的语义规则且与背景知识不冲突]",1,0,
sample_0211,domain,domain(firstLaunchRocket) = LaunchPad,"背景知识：
条目1：
- 名称：firstLaunchRocket
- 类型：Property
- 简介：first launch rocket

条目2：
- 名称：LaunchPad
- 类型：Class
- 简介：launch pad",1,ernie-4.5-turbo-128k,0.0,8192,https://api2.aigcbest.top/v1,"判断结果：[错误]
解释：[根据背景知识，firstLaunchRocket是属性，但无法从背景知识中得出其主体必须是LaunchPad类，缺乏足够依据支持该domain约束]",0,0,
sample_0212,domain,The domain of firstLaunchRocket is LaunchPad.,"背景知识：
条目1：
- 名称：firstLaunchRocket
- 类型：Property
- 简介：first launch rocket

条目2：
- 名称：LaunchPad
- 类型：Class
- 简介：launch pad",1,ernie-4.5-turbo-128k,0.0,8192,https://api2.aigcbest.top/v1,"判断结果：[正确]
解释：[根据背景知识，firstLaunchRocket是属性，LaunchPad是类，将firstLaunchRocket的domain设为LaunchPad符合domain表示属性主体应属于某一类的语义规则，且无冲突。]",1,1,
sample_0213,domain,"If a resource uses property firstLaunchRocket as subject, then it should belong to class LaunchPad.","背景知识：
条目1：
- 名称：firstLaunchRocket
- 类型：Property
- 简介：first launch rocket

条目2：
- 名称：LaunchPad
- 类型：Class
- 简介：launch pad",1,ernie-4.5-turbo-128k,0.0,8192,https://api2.aigcbest.top/v1,"判断结果：[错误]
解释：[根据domain规则，应是firstLaunchRocket的主体属于LaunchPad类，而不是使用firstLaunchRocket作为主体的资源属于LaunchPad类，该公理语义理解错误]",0,0,
sample_0214,domain,"For any x and y, if x firstLaunchRocket y holds, then x is an instance of LaunchPad.","背景知识：
条目1：
- 名称：firstLaunchRocket
- 类型：Property
- 简介：first launch rocket

条目2：
- 名称：LaunchPad
- 类型：Class
- 简介：launch pad",1,ernie-4.5-turbo-128k,0.0,8192,https://api2.aigcbest.top/v1,"判断结果：[错误]
解释：[根据背景知识，firstLaunchRocket是属性，公理错误地将属性关系约束为主体为LaunchPad类实例，未遵循domain语义规则且与常识不符]",0,0,
sample_0215,domain,Property firstLaunchRocket can only be applied to subjects of class LaunchPad.,"背景知识：
条目1：
- 名称：firstLaunchRocket
- 类型：Property
- 简介：first launch rocket

条目2：
- 名称：LaunchPad
- 类型：Class
- 简介：launch pad",1,ernie-4.5-turbo-128k,0.0,8192,https://api2.aigcbest.top/v1,"判断结果：[正确]
解释：[根据背景知识，公理表示属性firstLaunchRocket的主体应属于LaunchPad类，符合domain的RDFS语义规则]",1,1,
sample_0216,domain,domain(firstLaunchRocket) = Scientist,"背景知识：
条目1：
- 名称：firstLaunchRocket
- 类型：Property
- 简介：first launch rocket

条目2：
- 名称：Scientist
- 类型：Class
- 简介：scientist",0,ernie-4.5-turbo-128k,0.0,8192,https://api2.aigcbest.top/v1,"判断结果：[错误]
解释：[根据背景知识，firstLaunchRocket是属性，但无信息表明其主体必须是Scientist类，这与domain语义规则及常识不符]",0,1,
sample_0217,domain,The domain of firstLaunchRocket is Scientist.,"背景知识：
条目1：
- 名称：firstLaunchRocket
- 类型：Property
- 简介：first launch rocket

条目2：
- 名称：Scientist
- 类型：Class
- 简介：scientist",0,ernie-4.5-turbo-128k,0.0,8192,https://api2.aigcbest.top/v1,"判断结果：[错误]
解释：[背景知识未表明firstLaunchRocket属性的主体必须是Scientist类，此约束缺乏合理依据]",0,1,
sample_0218,domain,"If a resource uses property firstLaunchRocket as subject, then it should belong to class Scientist.","背景知识：
条目1：
- 名称：firstLaunchRocket
- 类型：Property
- 简介：first launch rocket

条目2：
- 名称：Scientist
- 类型：Class
- 简介：scientist",0,ernie-4.5-turbo-128k,0.0,8192,https://api2.aigcbest.top/v1,"判断结果：[错误]
解释：[根据domain语义规则，公理描述的是使用属性firstLaunchRocket的主体应属于某类，但背景知识未表明该主体是Scientist类，语义关系不匹配]",0,1,
sample_0219,domain,"For any x and y, if x firstLaunchRocket y holds, then x is an instance of Scientist.","背景知识：
条目1：
- 名称：firstLaunchRocket
- 类型：Property
- 简介：first launch rocket

条目2：
- 名称：Scientist
- 类型：Class
- 简介：scientist",0,ernie-4.5-turbo-128k,0.0,8192,https://api2.aigcbest.top/v1,"判断结果：[错误]
解释：[根据背景知识，firstLaunchRocket是属性，该公理表示使用firstLaunchRocket属性的主体必须是Scientist类的实例，但背景知识未表明firstLaunchRocket属性与Scientist类有这样的domain约束关系，所以该公理不合理。]",0,1,
sample_0220,domain,Property firstLaunchRocket can only be applied to subjects of class Scientist.,"背景知识：
条目1：
- 名称：firstLaunchRocket
- 类型：Property
- 简介：first launch rocket

条目2：
- 名称：Scientist
- 类型：Class
- 简介：scientist",0,ernie-4.5-turbo-128k,0.0,8192,https://api2.aigcbest.top/v1,"判断结果：[错误]
解释：[背景知识中未表明firstLaunchRocket属性只能应用于Scientist类的主体，不符合语义关系]",0,1,
sample_0221,domain,domain(height) = ChemicalSubstance,"背景知识：
条目1：
- 名称：height
- 类型：Property
- 简介：height (mm)

条目2：
- 名称：ChemicalSubstance
- 类型：Class
- 简介：chemical substance",0,ernie-4.5-turbo-128k,0.0,8192,https://api2.aigcbest.top/v1,"判断结果：[错误]
解释：[背景知识未表明height属性的主体必须是ChemicalSubstance类，该公理缺乏依据]",0,1,
sample_0222,domain,The domain of height is ChemicalSubstance.,"背景知识：
条目1：
- 名称：height
- 类型：Property
- 简介：height (mm)

条目2：
- 名称：ChemicalSubstance
- 类型：Class
- 简介：chemical substance",0,ernie-4.5-turbo-128k,0.0,8192,https://api2.aigcbest.top/v1,"判断结果：[错误]
解释：[背景知识未表明height的属性主体必须是ChemicalSubstance，此约束缺乏依据]",0,1,
sample_0223,domain,"If a resource uses property height as subject, then it should belong to class ChemicalSubstance.","背景知识：
条目1：
- 名称：height
- 类型：Property
- 简介：height (mm)

条目2：
- 名称：ChemicalSubstance
- 类型：Class
- 简介：chemical substance",0,ernie-4.5-turbo-128k,0.0,8192,https://api2.aigcbest.top/v1,"判断结果：[错误]
解释：[背景知识未表明使用height属性的资源一定属于ChemicalSubstance类，该公理与背景知识存在冲突]",0,1,
sample_0224,domain,"For any x and y, if x height y holds, then x is an instance of ChemicalSubstance.","背景知识：
条目1：
- 名称：height
- 类型：Property
- 简介：height (mm)

条目2：
- 名称：ChemicalSubstance
- 类型：Class
- 简介：chemical substance",0,ernie-4.5-turbo-128k,0.0,8192,https://api2.aigcbest.top/v1,"判断结果：[错误]
解释：[背景知识未表明height属性的主体必须是ChemicalSubstance类的实例，该公理添加了未声明的domain约束]",0,1,
sample_0225,domain,Property height can only be applied to subjects of class ChemicalSubstance.,"背景知识：
条目1：
- 名称：height
- 类型：Property
- 简介：height (mm)

条目2：
- 名称：ChemicalSubstance
- 类型：Class
- 简介：chemical substance",0,ernie-4.5-turbo-128k,0.0,8192,https://api2.aigcbest.top/v1,"判断结果：[错误]
解释：[背景知识中未表明height属性只能用于ChemicalSubstance类的主体，不符合domain语义约束的合理推断]",0,1,
sample_0226,domain,domain(height) = Settlement,"背景知识：
条目1：
- 名称：height
- 类型：Property
- 简介：height (cm)

条目2：
- 名称：Settlement
- 类型：Class
- 简介：settlement",0,ernie-4.5-turbo-128k,0.0,8192,https://api2.aigcbest.top/v1,"判断结果：[错误]
解释：[height属性通常用于描述物体高度，与Settlement类无直接语义关联，不符合domain的语义约束]",0,1,
sample_0227,domain,The domain of height is Settlement.,"背景知识：
条目1：
- 名称：height
- 类型：Property
- 简介：height (cm)

条目2：
- 名称：Settlement
- 类型：Class
- 简介：settlement",0,ernie-4.5-turbo-128k,0.0,8192,https://api2.aigcbest.top/v1,"判断结果：[错误]
解释：[背景知识中未表明height属性的主体应属于Settlement类，缺乏语义关联支持该domain约束]",0,1,
sample_0228,domain,"If a resource uses property height as subject, then it should belong to class Settlement.","背景知识：
条目1：
- 名称：height
- 类型：Property
- 简介：height (cm)

条目2：
- 名称：Settlement
- 类型：Class
- 简介：settlement",0,ernie-4.5-turbo-128k,0.0,8192,https://api2.aigcbest.top/v1,"判断结果：[错误]
解释：[背景知识未表明使用height属性的资源应属于Settlement类，不符合domain语义规则]",0,1,
sample_0229,domain,"For any x and y, if x height y holds, then x is an instance of Settlement.","背景知识：
条目1：
- 名称：height
- 类型：Property
- 简介：height (cm)

条目2：
- 名称：Settlement
- 类型：Class
- 简介：settlement",0,ernie-4.5-turbo-128k,0.0,8192,https://api2.aigcbest.top/v1,"判断结果：[错误]
解释：[背景知识未表明height属性的主体必须是Settlement类的实例，该公理与背景知识冲突]",0,1,
sample_0230,domain,Property height can only be applied to subjects of class Settlement.,"背景知识：
条目1：
- 名称：height
- 类型：Property
- 简介：height (cm)

条目2：
- 名称：Settlement
- 类型：Class
- 简介：settlement",0,ernie-4.5-turbo-128k,0.0,8192,https://api2.aigcbest.top/v1,"判断结果：[错误]
解释：[背景知识未表明height属性只能应用于Settlement类的主体，不符合domain语义规则的约束信息]",0,1,
sample_0231,domain,domain(lastLaunchDate) = LaunchPad,"背景知识：
条目1：
- 名称：lastLaunchDate
- 类型：Property
- 简介：last launch date

条目2：
- 名称：LaunchPad
- 类型：Class
- 简介：launch pad",1,ernie-4.5-turbo-128k,0.0,8192,https://api2.aigcbest.top/v1,"判断结果：[错误]
解释：[根据背景知识，lastLaunchDate是发射日期属性，其主体更可能是航天器等而非LaunchPad（发射台），与公理中主体为LaunchPad的约束冲突]",0,0,
sample_0232,domain,The domain of lastLaunchDate is LaunchPad.,"背景知识：
条目1：
- 名称：lastLaunchDate
- 类型：Property
- 简介：last launch date

条目2：
- 名称：LaunchPad
- 类型：Class
- 简介：launch pad",1,ernie-4.5-turbo-128k,0.0,8192,https://api2.aigcbest.top/v1,"判断结果：[正确]
解释：[根据背景知识，lastLaunchDate是属性，LaunchPad是类，将lastLaunchDate的domain设为LaunchPad符合domain公理语义，即lastLaunchDate属性的主体应属于LaunchPad类，合理。]",1,1,
sample_0233,domain,"If a resource uses property lastLaunchDate as subject, then it should belong to class LaunchPad.","背景知识：
条目1：
- 名称：lastLaunchDate
- 类型：Property
- 简介：last launch date

条目2：
- 名称：LaunchPad
- 类型：Class
- 简介：launch pad",1,ernie-4.5-turbo-128k,0.0,8192,https://api2.aigcbest.top/v1,"判断结果：[错误]
解释：[根据domain规则，应是使用lastLaunchDate属性的主体属于某类，而公理描述的是作为客体时的情况，与语义规则不符]",0,0,
sample_0234,domain,"For any x and y, if x lastLaunchDate y holds, then x is an instance of LaunchPad.","背景知识：
条目1：
- 名称：lastLaunchDate
- 类型：Property
- 简介：last launch date

条目2：
- 名称：LaunchPad
- 类型：Class
- 简介：launch pad",1,ernie-4.5-turbo-128k,0.0,8192,https://api2.aigcbest.top/v1,"判断结果：[正确]
解释：[根据domain语义规则，若x lastLaunchDate y成立，则x应属于lastLaunchDate的domain类，结合背景知识中lastLaunchDate描述与LaunchPad相关，可合理推断x是LaunchPad的实例]",1,1,
sample_0235,domain,Property lastLaunchDate can only be applied to subjects of class LaunchPad.,"背景知识：
条目1：
- 名称：lastLaunchDate
- 类型：Property
- 简介：last launch date

条目2：
- 名称：LaunchPad
- 类型：Class
- 简介：launch pad",1,ernie-4.5-turbo-128k,0.0,8192,https://api2.aigcbest.top/v1,"判断结果：[正确]
解释：[根据背景知识，lastLaunchDate是属性，LaunchPad是类，公理表示lastLaunchDate属性的主体应属于LaunchPad类，符合domain的RDFS语义规则。]",1,1,
sample_0236,domain,domain(lastLaunchRocket) = LaunchPad,"背景知识：
条目1：
- 名称：lastLaunchRocket
- 类型：Property
- 简介：last launch rocket

条目2：
- 名称：LaunchPad
- 类型：Class
- 简介：launch pad",1,ernie-4.5-turbo-128k,0.0,8192,https://api2.aigcbest.top/v1,"判断结果：[错误]
解释：[根据背景知识，lastLaunchRocket是属性，但无法直接得出其主体应是LaunchPad类，缺乏足够信息支持该domain约束，存在不合理性]",0,0,
sample_0237,domain,The domain of lastLaunchRocket is LaunchPad.,"背景知识：
条目1：
- 名称：lastLaunchRocket
- 类型：Property
- 简介：last launch rocket

条目2：
- 名称：LaunchPad
- 类型：Class
- 简介：launch pad",1,ernie-4.5-turbo-128k,0.0,8192,https://api2.aigcbest.top/v1,"判断结果：[正确]
解释：[根据背景知识，lastLaunchRocket是属性，LaunchPad是类，公理表示lastLaunchRocket属性的主体应属于LaunchPad类，符合domain的语义规则且与背景知识不冲突]",1,1,
sample_0238,domain,"If a resource uses property lastLaunchRocket as subject, then it should belong to class LaunchPad.","背景知识：
条目1：
- 名称：lastLaunchRocket
- 类型：Property
- 简介：last launch rocket

条目2：
- 名称：LaunchPad
- 类型：Class
- 简介：launch pad",1,ernie-4.5-turbo-128k,0.0,8192,https://api2.aigcbest.top/v1,"判断结果：[错误]
解释：[公理描述的是使用lastLaunchRocket属性作为主体的资源应属于LaunchPad类，而根据domain规则，这应是lastLaunchRocket属性的domain为LaunchPad，而非使用它作为主体，语义不符。]",0,0,
sample_0239,domain,"For any x and y, if x lastLaunchRocket y holds, then x is an instance of LaunchPad.","背景知识：
条目1：
- 名称：lastLaunchRocket
- 类型：Property
- 简介：last launch rocket

条目2：
- 名称：LaunchPad
- 类型：Class
- 简介：launch pad",1,ernie-4.5-turbo-128k,0.0,8192,https://api2.aigcbest.top/v1,"判断结果：[错误]
解释：[根据背景知识，lastLaunchRocket是属性，公理中却将其作为约束主体属于LaunchPad类的条件，与domain语义规则及背景知识不符]",0,0,
sample_0240,domain,Property lastLaunchRocket can only be applied to subjects of class LaunchPad.,"背景知识：
条目1：
- 名称：lastLaunchRocket
- 类型：Property
- 简介：last launch rocket

条目2：
- 名称：LaunchPad
- 类型：Class
- 简介：launch pad",1,ernie-4.5-turbo-128k,0.0,8192,https://api2.aigcbest.top/v1,"判断结果：[正确]
解释：[根据背景知识，公理表明属性lastLaunchRocket的主体应属于LaunchPad类，符合domain的RDFS语义规则，且与背景知识无冲突。]",1,1,
sample_0241,domain,domain(lastLaunchRocket) = Place,"背景知识：
条目1：
- 名称：lastLaunchRocket
- 类型：Property
- 简介：last launch rocket

条目2：
- 名称：Place
- 类型：Class
- 简介：place",0,ernie-4.5-turbo-128k,0.0,8192,https://api2.aigcbest.top/v1,"判断结果：[错误]
解释：[背景知识未表明lastLaunchRocket属性的主体应属于Place类，缺乏足够依据支持该domain约束]",0,1,
sample_0242,domain,The domain of lastLaunchRocket is Place.,"背景知识：
条目1：
- 名称：lastLaunchRocket
- 类型：Property
- 简介：last launch rocket

条目2：
- 名称：Place
- 类型：Class
- 简介：place",0,ernie-4.5-turbo-128k,0.0,8192,https://api2.aigcbest.top/v1,"判断结果：[正确]
解释：[根据背景知识，lastLaunchRocket是属性，公理指定其domain为Place类，符合RDFS语义规则中domain表示属性主体应属于某一类的规定。]",1,0,
sample_0243,domain,"If a resource uses property lastLaunchRocket as subject, then it should belong to class Place.","背景知识：
条目1：
- 名称：lastLaunchRocket
- 类型：Property
- 简介：last launch rocket

条目2：
- 名称：Place
- 类型：Class
- 简介：place",0,ernie-4.5-turbo-128k,0.0,8192,https://api2.aigcbest.top/v1,"判断结果：[错误]
解释：[公理将lastLaunchRocket作为主体的资源约束为属于Place类，但背景知识中lastLaunchRocket是属性，未表明其主体应为Place类，不符合domain语义规则]",0,1,
sample_0244,domain,"For any x and y, if x lastLaunchRocket y holds, then x is an instance of Place.","背景知识：
条目1：
- 名称：lastLaunchRocket
- 类型：Property
- 简介：last launch rocket

条目2：
- 名称：Place
- 类型：Class
- 简介：place",0,ernie-4.5-turbo-128k,0.0,8192,https://api2.aigcbest.top/v1,"判断结果：[错误]
解释：[根据背景知识，lastLaunchRocket是属性，没有信息表明其主体应是Place类的实例，该公理与背景知识和语义规则冲突。]",0,1,
sample_0245,domain,Property lastLaunchRocket can only be applied to subjects of class Place.,"背景知识：
条目1：
- 名称：lastLaunchRocket
- 类型：Property
- 简介：last launch rocket

条目2：
- 名称：Place
- 类型：Class
- 简介：place",0,ernie-4.5-turbo-128k,0.0,8192,https://api2.aigcbest.top/v1,"判断结果：[正确]
解释：[根据背景知识，公理表明属性lastLaunchRocket的主体应属于Place类，符合RDFS中domain语义规则的约束设定。]",1,0,
sample_0246,domain,domain(mass) = Planet,"背景知识：
条目1：
- 名称：mass
- 类型：Property
- 简介：mass (kg)

条目2：
- 名称：Planet
- 类型：Class
- 简介：planet",1,ernie-4.5-turbo-128k,0.0,8192,https://api2.aigcbest.top/v1,"判断结果：[错误]
解释：[背景知识未表明mass属性的主体必须属于Planet类，该公理缺乏依据]",0,0,
sample_0247,domain,The domain of mass is Planet.,"背景知识：
条目1：
- 名称：mass
- 类型：Property
- 简介：mass (kg)

条目2：
- 名称：Planet
- 类型：Class
- 简介：planet",1,ernie-4.5-turbo-128k,0.0,8192,https://api2.aigcbest.top/v1,"判断结果：[错误]
解释：[背景知识未表明mass属性主体必须属于Planet类，此约束缺乏依据]",0,0,
sample_0248,domain,"If a resource uses property mass as subject, then it should belong to class Planet.","背景知识：
条目1：
- 名称：mass
- 类型：Property
- 简介：mass (kg)

条目2：
- 名称：Planet
- 类型：Class
- 简介：planet",1,ernie-4.5-turbo-128k,0.0,8192,https://api2.aigcbest.top/v1,"判断结果：[错误]
解释：[背景知识未表明使用mass属性的资源一定属于Planet类，该公理与背景知识存在冲突]",0,0,
sample_0249,domain,"For any x and y, if x mass y holds, then x is an instance of Planet.","背景知识：
条目1：
- 名称：mass
- 类型：Property
- 简介：mass (kg)

条目2：
- 名称：Planet
- 类型：Class
- 简介：planet",1,ernie-4.5-turbo-128k,0.0,8192,https://api2.aigcbest.top/v1,"判断结果：[错误]
解释：[公理中仅表明x mass y时x是Planet实例，但背景知识未限定mass属性主体必须为Planet，违反domain语义规则的隐含开放性]",0,0,
sample_0250,domain,Property mass can only be applied to subjects of class Planet.,"背景知识：
条目1：
- 名称：mass
- 类型：Property
- 简介：mass (kg)

条目2：
- 名称：Planet
- 类型：Class
- 简介：planet",1,ernie-4.5-turbo-128k,0.0,8192,https://api2.aigcbest.top/v1,"判断结果：[正确]
解释：[根据背景知识，mass是属性，结合公理语义和RDFS中domain规则，可理解为mass的domain是Planet，即mass只能用于Planet类的主体，与公理描述一致]",1,1,
sample_0251,domain,domain(meanTemperature) = ChemicalSubstance,"背景知识：
条目1：
- 名称：meanTemperature
- 类型：Property
- 简介：mean temperature (K)

条目2：
- 名称：ChemicalSubstance
- 类型：Class
- 简介：chemical substance",0,ernie-4.5-turbo-128k,0.0,8192,https://api2.aigcbest.top/v1,"判断结果：[错误]
解释：[meanTemperature是温度属性，其主体不一定是ChemicalSubstance，与背景知识和语义规则冲突]",0,1,
sample_0252,domain,The domain of meanTemperature is ChemicalSubstance.,"背景知识：
条目1：
- 名称：meanTemperature
- 类型：Property
- 简介：mean temperature (K)

条目2：
- 名称：ChemicalSubstance
- 类型：Class
- 简介：chemical substance",0,ernie-4.5-turbo-128k,0.0,8192,https://api2.aigcbest.top/v1,"判断结果：[错误]
解释：[meanTemperature通常表示温度属性，与ChemicalSubstance无直接主体关联，不符合domain语义约束]",0,1,
sample_0253,domain,"If a resource uses property meanTemperature as subject, then it should belong to class ChemicalSubstance.","背景知识：
条目1：
- 名称：meanTemperature
- 类型：Property
- 简介：mean temperature (K)

条目2：
- 名称：ChemicalSubstance
- 类型：Class
- 简介：chemical substance",0,ernie-4.5-turbo-128k,0.0,8192,https://api2.aigcbest.top/v1,"判断结果：[错误]
解释：[根据domain规则，公理应表示meanTemperature属性的主体属于某类，而非使用meanTemperature作为主体的资源属于某类，语义不符。]",0,1,
sample_0254,domain,"For any x and y, if x meanTemperature y holds, then x is an instance of ChemicalSubstance.","背景知识：
条目1：
- 名称：meanTemperature
- 类型：Property
- 简介：mean temperature (K)

条目2：
- 名称：ChemicalSubstance
- 类型：Class
- 简介：chemical substance",0,ernie-4.5-turbo-128k,0.0,8192,https://api2.aigcbest.top/v1,"判断结果：[错误]
解释：[根据背景知识，meanTemperature是属性，该公理用domain语义规则理解应为meanTemperature的domain是ChemicalSubstance，但公理表述逻辑错误，不是若x meanTemperature y成立则x是ChemicalSubstance实例，所以与语义规则冲突。]",0,1,
sample_0255,domain,Property meanTemperature can only be applied to subjects of class ChemicalSubstance.,"背景知识：
条目1：
- 名称：meanTemperature
- 类型：Property
- 简介：mean temperature (K)

条目2：
- 名称：ChemicalSubstance
- 类型：Class
- 简介：chemical substance",0,ernie-4.5-turbo-128k,0.0,8192,https://api2.aigcbest.top/v1,"判断结果：[错误]
解释：[背景知识未表明meanTemperature属性只能应用于ChemicalSubstance类的主体，缺乏domain约束信息支持该公理]",0,1,
sample_0256,domain,domain(minimumTemperature) = EducationalInstitution,"背景知识：
条目1：
- 名称：minimumTemperature
- 类型：Property
- 简介：minimum temperature (K)

条目2：
- 名称：EducationalInstitution
- 类型：Class
- 简介：educational institution",0,ernie-4.5-turbo-128k,0.0,8192,https://api2.aigcbest.top/v1,"判断结果：[错误]
解释：[minimumTemperature是温度属性，其主体不应限定为EducationalInstitution类，与背景知识和语义规则冲突]",0,1,
sample_0257,domain,The domain of minimumTemperature is EducationalInstitution.,"背景知识：
条目1：
- 名称：minimumTemperature
- 类型：Property
- 简介：minimum temperature (K)

条目2：
- 名称：EducationalInstitution
- 类型：Class
- 简介：educational institution",0,ernie-4.5-turbo-128k,0.0,8192,https://api2.aigcbest.top/v1,"判断结果：[错误]
解释：[minimumTemperature表示最低温度，其主体通常不是EducationalInstitution，与背景知识和语义规则冲突]",0,1,
sample_0258,domain,"If a resource uses property minimumTemperature as subject, then it should belong to class EducationalInstitution.","背景知识：
条目1：
- 名称：minimumTemperature
- 类型：Property
- 简介：minimum temperature (K)

条目2：
- 名称：EducationalInstitution
- 类型：Class
- 简介：educational institution",0,ernie-4.5-turbo-128k,0.0,8192,https://api2.aigcbest.top/v1,"判断结果：[错误]
解释：[根据背景知识，minimumTemperature是描述温度的属性，与EducationalInstitution教育机构类无直接语义关联，不符合domain语义规则]",0,1,
sample_0259,domain,"For any x and y, if x minimumTemperature y holds, then x is an instance of EducationalInstitution.","背景知识：
条目1：
- 名称：minimumTemperature
- 类型：Property
- 简介：minimum temperature (K)

条目2：
- 名称：EducationalInstitution
- 类型：Class
- 简介：educational institution",0,ernie-4.5-turbo-128k,0.0,8192,https://api2.aigcbest.top/v1,"判断结果：[错误]
解释：[minimumTemperature是描述温度的属性，与EducationalInstitution教育机构类无逻辑关联，违反语义规则]",0,1,
sample_0260,domain,Property minimumTemperature can only be applied to subjects of class EducationalInstitution.,"背景知识：
条目1：
- 名称：minimumTemperature
- 类型：Property
- 简介：minimum temperature (K)

条目2：
- 名称：EducationalInstitution
- 类型：Class
- 简介：educational institution",0,ernie-4.5-turbo-128k,0.0,8192,https://api2.aigcbest.top/v1,"判断结果：[错误]
解释：[背景知识未表明minimumTemperature属性只能应用于EducationalInstitution类的主体，不符合domain语义规则]",0,1,
sample_0261,domain,domain(nciId) = AdministrativeRegion,"背景知识：
条目1：
- 名称：nciId
- 类型：Property
- 简介：NCI

条目2：
- 名称：AdministrativeRegion
- 类型：Class
- 简介：A PopulatedPlace under the jurisdiction of an administrative body. This body may administer either a whole region or one or more adjacent Settlements (town administration)",0,ernie-4.5-turbo-128k,0.0,8192,https://api2.aigcbest.top/v1,"判断结果：[错误]
解释：[背景知识未表明nciId属性的主体应属于AdministrativeRegion类，缺乏语义关联支持该domain约束]",0,1,
sample_0262,domain,The domain of nciId is AdministrativeRegion.,"背景知识：
条目1：
- 名称：nciId
- 类型：Property
- 简介：NCI

条目2：
- 名称：AdministrativeRegion
- 类型：Class
- 简介：A PopulatedPlace under the jurisdiction of an administrative body. This body may administer either a whole region or one or more adjacent Settlements (town administration)",0,ernie-4.5-turbo-128k,0.0,8192,https://api2.aigcbest.top/v1,"判断结果：[错误]
解释：[背景知识未表明nciId属性的主体必须属于AdministrativeRegion类，缺乏语义关联支持该domain约束]",0,1,
sample_0263,domain,"If a resource uses property nciId as subject, then it should belong to class AdministrativeRegion.","背景知识：
条目1：
- 名称：nciId
- 类型：Property
- 简介：NCI

条目2：
- 名称：AdministrativeRegion
- 类型：Class
- 简介：A PopulatedPlace under the jurisdiction of an administrative body. This body may administer either a whole region or one or more adjacent Settlements (town administration)",0,ernie-4.5-turbo-128k,0.0,8192,https://api2.aigcbest.top/v1,"判断结果：[错误]
解释：[公理描述的是使用nciId作为属性的主体应属于AdministrativeRegion类，但背景知识中nciId的domain未定义，无法推出该语义关系]",0,1,
sample_0264,domain,"For any x and y, if x nciId y holds, then x is an instance of AdministrativeRegion.","背景知识：
条目1：
- 名称：nciId
- 类型：Property
- 简介：NCI

条目2：
- 名称：AdministrativeRegion
- 类型：Class
- 简介：A PopulatedPlace under the jurisdiction of an administrative body. This body may administer either a whole region or one or more adjacent Settlements (town administration)",0,ernie-4.5-turbo-128k,0.0,8192,https://api2.aigcbest.top/v1,"判断结果：[错误]
解释：[背景知识中仅说明nciId是属性，未表明其主体必须是AdministrativeRegion类的实例，不符合语义规则]",0,1,
sample_0265,domain,Property nciId can only be applied to subjects of class AdministrativeRegion.,"背景知识：
条目1：
- 名称：nciId
- 类型：Property
- 简介：NCI

条目2：
- 名称：AdministrativeRegion
- 类型：Class
- 简介：A PopulatedPlace under the jurisdiction of an administrative body. This body may administer either a whole region or one or more adjacent Settlements (town administration)",0,ernie-4.5-turbo-128k,0.0,8192,https://api2.aigcbest.top/v1,"判断结果：[正确]
解释：[根据背景知识，公理表明属性nciId的主体应属于AdministrativeRegion类，符合RDFS中domain语义规则的约束要求，且与背景知识无冲突。]",1,0,
sample_0266,domain,domain(numberOfClassrooms) = AdministrativeRegion,"背景知识：
条目1：
- 名称：numberOfClassrooms
- 类型：Property
- 简介：number of classrooms

条目2：
- 名称：AdministrativeRegion
- 类型：Class
- 简介：A PopulatedPlace under the jurisdiction of an administrative body. This body may administer either a whole region or one or more adjacent Settlements (town administration)",0,ernie-4.5-turbo-128k,0.0,8192,https://api2.aigcbest.top/v1,"判断结果：[错误]
解释：[numberOfClassrooms描述教室数量，其主体不一定是AdministrativeRegion，与背景知识和语义规则冲突]",0,1,
sample_0267,domain,The domain of numberOfClassrooms is AdministrativeRegion.,"背景知识：
条目1：
- 名称：numberOfClassrooms
- 类型：Property
- 简介：number of classrooms

条目2：
- 名称：AdministrativeRegion
- 类型：Class
- 简介：A PopulatedPlace under the jurisdiction of an administrative body. This body may administer either a whole region or one or more adjacent Settlements (town administration)",0,ernie-4.5-turbo-128k,0.0,8192,https://api2.aigcbest.top/v1,"判断结果：[错误]
解释：[numberOfClassrooms的简介未表明其主体必须是AdministrativeRegion，缺乏足够背景支持该domain约束]",0,1,
sample_0268,domain,"If a resource uses property numberOfClassrooms as subject, then it should belong to class AdministrativeRegion.","背景知识：
条目1：
- 名称：numberOfClassrooms
- 类型：Property
- 简介：number of classrooms

条目2：
- 名称：AdministrativeRegion
- 类型：Class
- 简介：A PopulatedPlace under the jurisdiction of an administrative body. This body may administer either a whole region or one or more adjacent Settlements (town administration)",0,ernie-4.5-turbo-128k,0.0,8192,https://api2.aigcbest.top/v1,"判断结果：[错误]
解释：[背景知识未表明使用numberOfClassrooms属性的资源一定属于AdministrativeRegion类，domain语义规则无法由此推出该关系]",0,1,
sample_0269,domain,"For any x and y, if x numberOfClassrooms y holds, then x is an instance of AdministrativeRegion.","背景知识：
条目1：
- 名称：numberOfClassrooms
- 类型：Property
- 简介：number of classrooms

条目2：
- 名称：AdministrativeRegion
- 类型：Class
- 简介：A PopulatedPlace under the jurisdiction of an administrative body. This body may administer either a whole region or one or more adjacent Settlements (town administration)",0,ernie-4.5-turbo-128k,0.0,8192,https://api2.aigcbest.top/v1,"判断结果：[错误]
解释：[numberOfClassrooms属性未通过domain约束与AdministrRegion类关联，无法推出其主体必为AdministrativeRegion实例]",0,1,
sample_0270,domain,Property numberOfClassrooms can only be applied to subjects of class AdministrativeRegion.,"背景知识：
条目1：
- 名称：numberOfClassrooms
- 类型：Property
- 简介：number of classrooms

条目2：
- 名称：AdministrativeRegion
- 类型：Class
- 简介：A PopulatedPlace under the jurisdiction of an administrative body. This body may administer either a whole region or one or more adjacent Settlements (town administration)",0,ernie-4.5-turbo-128k,0.0,8192,https://api2.aigcbest.top/v1,"判断结果：[正确]
解释：[根据背景知识，公理表明属性numberOfClassrooms的主体应属于AdministrativeRegion类，符合domain的RDFS语义规则，且与背景知识无冲突。]",1,0,
sample_0271,domain,domain(orbitalPeriod) = Planet,"背景知识：
条目1：
- 名称：orbitalPeriod
- 类型：Property
- 简介：orbital period (μ)

条目2：
- 名称：Planet
- 类型：Class
- 简介：planet",1,ernie-4.5-turbo-128k,0.0,8192,https://api2.aigcbest.top/v1,"判断结果：[正确]
解释：[根据背景知识，orbitalPeriod是描述行星轨道周期的属性，结合domain语义规则，其主体应为Planet类实例，符合常识与语义约束]",1,1,
sample_0272,domain,The domain of orbitalPeriod is Planet.,"背景知识：
条目1：
- 名称：orbitalPeriod
- 类型：Property
- 简介：orbital period (μ)

条目2：
- 名称：Planet
- 类型：Class
- 简介：planet",1,ernie-4.5-turbo-128k,0.0,8192,https://api2.aigcbest.top/v1,"判断结果：[正确]
解释：[根据背景知识，orbitalPeriod是属性，Planet是类，该公理表示orbitalPeriod属性的主体应属于Planet类，符合domain的语义规则且与背景知识不冲突]",1,1,
sample_0273,domain,"If a resource uses property orbitalPeriod as subject, then it should belong to class Planet.","背景知识：
条目1：
- 名称：orbitalPeriod
- 类型：Property
- 简介：orbital period (μ)

条目2：
- 名称：Planet
- 类型：Class
- 简介：planet",1,ernie-4.5-turbo-128k,0.0,8192,https://api2.aigcbest.top/v1,"判断结果：[错误]
解释：[根据RDFS语义规则，使用属性orbitalPeriod作为主体的资源应属于的类应由domain约束，而公理描述的是主体属于Planet，与domain语义不符且背景知识未给出此domain约束]",0,0,
sample_0274,domain,"For any x and y, if x orbitalPeriod y holds, then x is an instance of Planet.","背景知识：
条目1：
- 名称：orbitalPeriod
- 类型：Property
- 简介：orbital period (μ)

条目2：
- 名称：Planet
- 类型：Class
- 简介：planet",1,ernie-4.5-turbo-128k,0.0,8192,https://api2.aigcbest.top/v1,"判断结果：[错误]
解释：[背景知识未表明orbitalPeriod属性的主体一定是Planet类的实例，仅根据现有信息不能得出该语义约束]",0,0,
sample_0275,domain,Property orbitalPeriod can only be applied to subjects of class Planet.,"背景知识：
条目1：
- 名称：orbitalPeriod
- 类型：Property
- 简介：orbital period (μ)

条目2：
- 名称：Planet
- 类型：Class
- 简介：planet",1,ernie-4.5-turbo-128k,0.0,8192,https://api2.aigcbest.top/v1,"判断结果：[正确]
解释：[根据背景知识，orbitalPeriod是属性，结合公理语义，其主体应属于Planet类，符合domain的RDFS语义规则]",1,1,
sample_0276,domain,domain(otherChannel) = Drug,"背景知识：
条目1：
- 名称：otherChannel
- 类型：Property
- 简介：other channel

条目2：
- 名称：Drug
- 类型：Class
- 简介：drug",0,ernie-4.5-turbo-128k,0.0,8192,https://api2.aigcbest.top/v1,"判断结果：[错误]
解释：[背景知识未表明otherChannel属性的主体应属于Drug类，缺乏足够依据支持该domain约束]",0,1,
sample_0277,domain,The domain of otherChannel is Drug.,"背景知识：
条目1：
- 名称：otherChannel
- 类型：Property
- 简介：other channel

条目2：
- 名称：Drug
- 类型：Class
- 简介：drug",0,ernie-4.5-turbo-128k,0.0,8192,https://api2.aigcbest.top/v1,"判断结果：[正确]
解释：[根据背景知识，otherChannel是属性，Drug是类，将otherChannel的domain设为Drug符合RDFS语义规则，表示otherChannel属性的主体应属于Drug类]",1,0,
sample_0278,domain,"If a resource uses property otherChannel as subject, then it should belong to class Drug.","背景知识：
条目1：
- 名称：otherChannel
- 类型：Property
- 简介：other channel

条目2：
- 名称：Drug
- 类型：Class
- 简介：drug",0,ernie-4.5-turbo-128k,0.0,8192,https://api2.aigcbest.top/v1,"判断结果：[错误]
解释：[公理描述的是使用属性otherChannel作为主体的资源应属于类Drug，这实际是range的约束，而非domain，与公理语义不符。]",0,1,
sample_0279,domain,"For any x and y, if x otherChannel y holds, then x is an instance of Drug.","背景知识：
条目1：
- 名称：otherChannel
- 类型：Property
- 简介：other channel

条目2：
- 名称：Drug
- 类型：Class
- 简介：drug",0,ernie-4.5-turbo-128k,0.0,8192,https://api2.aigcbest.top/v1,"判断结果：[错误]
解释：[背景知识中未表明otherChannel属性的主体必须是Drug类的实例，不符合domain语义规则]",0,1,
sample_0280,domain,Property otherChannel can only be applied to subjects of class Drug.,"背景知识：
条目1：
- 名称：otherChannel
- 类型：Property
- 简介：other channel

条目2：
- 名称：Drug
- 类型：Class
- 简介：drug",0,ernie-4.5-turbo-128k,0.0,8192,https://api2.aigcbest.top/v1,"判断结果：[正确]
解释：[根据背景知识，公理表明属性otherChannel的主体应属于类Drug，符合RDFS中domain语义规则的约束要求，且与背景知识无冲突]",1,0,
sample_0281,domain,domain(periapsis) = Planet,"背景知识：
条目1：
- 名称：periapsis
- 类型：Property
- 简介：periapsis (km)

条目2：
- 名称：Planet
- 类型：Class
- 简介：planet",1,ernie-4.5-turbo-128k,0.0,8192,https://api2.aigcbest.top/v1,"判断结果：[正确]
解释：[根据背景知识，periapsis是一个属性，公理表明使用periapsis属性的主体应是Planet类的实例，符合domain的语义规则且无冲突。]",1,1,
sample_0282,domain,The domain of periapsis is Planet.,"背景知识：
条目1：
- 名称：periapsis
- 类型：Property
- 简介：periapsis (km)

条目2：
- 名称：Planet
- 类型：Class
- 简介：planet",1,ernie-4.5-turbo-128k,0.0,8192,https://api2.aigcbest.top/v1,"判断结果：[正确]
解释：[根据背景知识，periapsis是属性，Planet是类，该公理表示periapsis属性的主体应属于Planet类，符合domain的语义规则且与背景知识不冲突]",1,1,
sample_0283,domain,"If a resource uses property periapsis as subject, then it should belong to class Planet.","背景知识：
条目1：
- 名称：periapsis
- 类型：Property
- 简介：periapsis (km)

条目2：
- 名称：Planet
- 类型：Class
- 简介：planet",1,ernie-4.5-turbo-128k,0.0,8192,https://api2.aigcbest.top/v1,"判断结果：[错误]
解释：[背景知识未表明使用periapsis属性的资源一定属于Planet类，仅依据现有信息无法得出该语义约束]",0,0,
sample_0284,domain,"For any x and y, if x periapsis y holds, then x is an instance of Planet.","背景知识：
条目1：
- 名称：periapsis
- 类型：Property
- 简介：periapsis (km)

条目2：
- 名称：Planet
- 类型：Class
- 简介：planet",1,ernie-4.5-turbo-128k,0.0,8192,https://api2.aigcbest.top/v1,"判断结果：[错误]
解释：[背景知识未表明periapsis属性的主体必须是Planet类的实例，仅依据现有信息无法得出该语义约束]",0,0,
sample_0285,domain,Property periapsis can only be applied to subjects of class Planet.,"背景知识：
条目1：
- 名称：periapsis
- 类型：Property
- 简介：periapsis (km)

条目2：
- 名称：Planet
- 类型：Class
- 简介：planet",1,ernie-4.5-turbo-128k,0.0,8192,https://api2.aigcbest.top/v1,"判断结果：[正确]
解释：[根据背景知识，periapsis是属性，结合公理语义和RDFS中domain规则，若规定其只能用于Planet类主体，在合理语义约束下是可行的，且无冲突。]",1,1,
sample_0286,domain,domain(populationUrbanDensity) = Island,"背景知识：
条目1：
- 名称：populationUrbanDensity
- 类型：Property
- 简介：population urban density (/sqkm)

条目2：
- 名称：Island
- 类型：Class
- 简介：island",0,ernie-4.5-turbo-128k,0.0,8192,https://api2.aigcbest.top/v1,"判断结果：[错误]
解释：[populationUrbanDensity表示城市人口密度，其主体不一定是Island，与背景知识和语义规则冲突]",0,1,
sample_0287,domain,The domain of populationUrbanDensity is Island.,"背景知识：
条目1：
- 名称：populationUrbanDensity
- 类型：Property
- 简介：population urban density (/sqkm)

条目2：
- 名称：Island
- 类型：Class
- 简介：island",0,ernie-4.5-turbo-128k,0.0,8192,https://api2.aigcbest.top/v1,"判断结果：[错误]
解释：[背景知识未表明populationUrbanDensity属性只能用于Island类主体，缺乏足够语义关联支持该domain约束]",0,1,
sample_0288,domain,"If a resource uses property populationUrbanDensity as subject, then it should belong to class Island.","背景知识：
条目1：
- 名称：populationUrbanDensity
- 类型：Property
- 简介：population urban density (/sqkm)

条目2：
- 名称：Island
- 类型：Class
- 简介：island",0,ernie-4.5-turbo-128k,0.0,8192,https://api2.aigcbest.top/v1,"判断结果：[错误]
解释：[populationUrbanDensity是描述城市人口密度的属性，使用该属性的资源不一定属于Island类，与背景知识和语义规则冲突]",0,1,
sample_0289,domain,"For any x and y, if x populationUrbanDensity y holds, then x is an instance of Island.","背景知识：
条目1：
- 名称：populationUrbanDensity
- 类型：Property
- 简介：population urban density (/sqkm)

条目2：
- 名称：Island
- 类型：Class
- 简介：island",0,ernie-4.5-turbo-128k,0.0,8192,https://api2.aigcbest.top/v1,"判断结果：[错误]
解释：[背景知识未表明populationUrbanDensity属性的主体必须是Island类的实例，该公理与背景知识冲突]",0,1,
sample_0290,domain,Property populationUrbanDensity can only be applied to subjects of class Island.,"背景知识：
条目1：
- 名称：populationUrbanDensity
- 类型：Property
- 简介：population urban density (/sqkm)

条目2：
- 名称：Island
- 类型：Class
- 简介：island",0,ernie-4.5-turbo-128k,0.0,8192,https://api2.aigcbest.top/v1,"判断结果：[错误]
解释：[背景知识未表明populationUrbanDensity属性只能应用于Island类的主体，不符合domain语义规则的推理前提]",0,1,
sample_0291,domain,domain(previousInfrastructure) = PublicTransitSystem,"背景知识：
条目1：
- 名称：previousInfrastructure
- 类型：Property
- 简介：previous infrastructure

条目2：
- 名称：PublicTransitSystem
- 类型：Class
- 简介：A public transit system is a shared passenger transportation service which is available for use by the general public. Public transport modes include buses, trolleybuses, trams and trains, 'rapid transit' (metro/subways/undergrounds etc) an...",0,ernie-4.5-turbo-128k,0.0,8192,https://api2.aigcbest.top/v1,"判断结果：[正确]
解释：[根据背景知识，previousInfrastructure是属性，PublicTransitSystem是类，该公理表示previousInfrastructure属性的主体应属于PublicTransitSystem类，符合domain的语义规则且与背景知识无冲突。]",1,0,
sample_0292,domain,The domain of previousInfrastructure is PublicTransitSystem.,"背景知识：
条目1：
- 名称：previousInfrastructure
- 类型：Property
- 简介：previous infrastructure

条目2：
- 名称：PublicTransitSystem
- 类型：Class
- 简介：A public transit system is a shared passenger transportation service which is available for use by the general public. Public transport modes include buses, trolleybuses, trams and trains, 'rapid transit' (metro/subways/undergrounds etc) an...",0,ernie-4.5-turbo-128k,0.0,8192,https://api2.aigcbest.top/v1,"判断结果：[正确]
解释：[根据背景知识，previousInfrastructure是一个属性，PublicTransitSystem是一个类，该公理表示previousInfrastructure属性的主体应属于PublicTransitSystem类，符合domain的语义规则且与背景知识不冲突。]",1,0,
sample_0293,domain,"If a resource uses property previousInfrastructure as subject, then it should belong to class PublicTransitSystem.","背景知识：
条目1：
- 名称：previousInfrastructure
- 类型：Property
- 简介：previous infrastructure

条目2：
- 名称：PublicTransitSystem
- 类型：Class
- 简介：A public transit system is a shared passenger transportation service which is available for use by the general public. Public transport modes include buses, trolleybuses, trams and trains, 'rapid transit' (metro/subways/undergrounds etc) an...",0,ernie-4.5-turbo-128k,0.0,8192,https://api2.aigcbest.top/v1,"判断结果：[错误]
解释：[根据domain语义规则，该公理表示previousInfrastructure的domain是PublicTransitSystem，即使用previousInfrastructure属性的主体应属于PublicTransitSystem类，但背景知识未表明previousInfrastructure只能用于PublicTransitSystem类，这种限定缺乏依据。]",0,1,
sample_0294,domain,"For any x and y, if x previousInfrastructure y holds, then x is an instance of PublicTransitSystem.","背景知识：
条目1：
- 名称：previousInfrastructure
- 类型：Property
- 简介：previous infrastructure

条目2：
- 名称：PublicTransitSystem
- 类型：Class
- 简介：A public transit system is a shared passenger transportation service which is available for use by the general public. Public transport modes include buses, trolleybuses, trams and trains, 'rapid transit' (metro/subways/undergrounds etc) an...",0,ernie-4.5-turbo-128k,0.0,8192,https://api2.aigcbest.top/v1,"判断结果：[错误]
解释：[根据背景知识，仅知道previousInfrastructure是属性，无法直接推出其主体x一定是PublicTransitSystem类的实例，该公理缺乏足够依据支持其正确性 。]",0,1,
sample_0295,domain,Property previousInfrastructure can only be applied to subjects of class PublicTransitSystem.,"背景知识：
条目1：
- 名称：previousInfrastructure
- 类型：Property
- 简介：previous infrastructure

条目2：
- 名称：PublicTransitSystem
- 类型：Class
- 简介：A public transit system is a shared passenger transportation service which is available for use by the general public. Public transport modes include buses, trolleybuses, trams and trains, 'rapid transit' (metro/subways/undergrounds etc) an...",0,ernie-4.5-turbo-128k,0.0,8192,https://api2.aigcbest.top/v1,"判断结果：[正确]
解释：[根据背景知识，公理表明属性previousInfrastructure的主体应属于PublicTransitSystem类，符合domain的RDFS语义规则，且与背景知识无冲突。]",1,0,
sample_0296,domain,domain(projectBudgetTotal) = Work,"背景知识：
条目1：
- 名称：projectBudgetTotal
- 类型：Property
- 简介：The total budget of the research project.

条目2：
- 名称：Work
- 类型：Class
- 简介：Item on which time has been spent for its realisation. Actor can be a human on not (machine, insects, nature...)",0,ernie-4.5-turbo-128k,0.0,8192,https://api2.aigcbest.top/v1,"判断结果：[错误]
解释：[根据背景知识，projectBudgetTotal是研究项目的总预算，其主体应是研究项目类而非Work类，与给定公理语义不符]",0,1,
sample_0297,domain,The domain of projectBudgetTotal is Work.,"背景知识：
条目1：
- 名称：projectBudgetTotal
- 类型：Property
- 简介：The total budget of the research project.

条目2：
- 名称：Work
- 类型：Class
- 简介：Item on which time has been spent for its realisation. Actor can be a human on not (machine, insects, nature...)",0,ernie-4.5-turbo-128k,0.0,8192,https://api2.aigcbest.top/v1,"判断结果：[错误]
解释：[背景知识中未表明projectBudgetTotal属性的主体必须是Work类，无法得出该domain约束关系]",0,1,
sample_0298,domain,"If a resource uses property projectBudgetTotal as subject, then it should belong to class Work.","背景知识：
条目1：
- 名称：projectBudgetTotal
- 类型：Property
- 简介：The total budget of the research project.

条目2：
- 名称：Work
- 类型：Class
- 简介：Item on which time has been spent for its realisation. Actor can be a human on not (machine, insects, nature...)",0,ernie-4.5-turbo-128k,0.0,8192,https://api2.aigcbest.top/v1,"判断结果：[错误]
解释：[背景知识中未表明使用projectBudgetTotal属性的资源必须属于Work类，且公理描述的是domain语义但逻辑与domain规则不符，domain应表示属性主体属于某类，而非使用属性作为主体时资源属于某类]",0,1,
sample_0299,domain,"For any x and y, if x projectBudgetTotal y holds, then x is an instance of Work.","背景知识：
条目1：
- 名称：projectBudgetTotal
- 类型：Property
- 简介：The total budget of the research project.

条目2：
- 名称：Work
- 类型：Class
- 简介：Item on which time has been spent for its realisation. Actor can be a human on not (machine, insects, nature...)",0,ernie-4.5-turbo-128k,0.0,8192,https://api2.aigcbest.top/v1,"判断结果：[错误]
解释：[背景知识未表明projectBudgetTotal属性的主体必须是Work类的实例，不符合domain语义规则]",0,1,
sample_0300,domain,Property projectBudgetTotal can only be applied to subjects of class Work.,"背景知识：
条目1：
- 名称：projectBudgetTotal
- 类型：Property
- 简介：The total budget of the research project.

条目2：
- 名称：Work
- 类型：Class
- 简介：Item on which time has been spent for its realisation. Actor can be a human on not (machine, insects, nature...)",0,ernie-4.5-turbo-128k,0.0,8192,https://api2.aigcbest.top/v1,"判断结果：[正确]
解释：[根据背景知识，公理表明projectBudgetTotal属性的主体应为Work类实例，符合domain语义规则，即属性主体属于特定类。]",1,0,
sample_0301,domain,domain(runtime) = Airline,"背景知识：
条目1：
- 名称：runtime
- 类型：Property
- 简介：runtime (m)

条目2：
- 名称：Airline
- 类型：Class
- 简介：airline",0,ernie-4.5-turbo-128k,0.0,8192,https://api2.aigcbest.top/v1,"判断结果：[错误]
解释：[背景知识未表明runtime属性的主体必须是Airline类，缺乏语义关联支持该domain约束]",0,1,
sample_0302,domain,The domain of runtime is Airline.,"背景知识：
条目1：
- 名称：runtime
- 类型：Property
- 简介：runtime (m)

条目2：
- 名称：Airline
- 类型：Class
- 简介：airline",0,ernie-4.5-turbo-128k,0.0,8192,https://api2.aigcbest.top/v1,"判断结果：[错误]
解释：[背景知识未表明runtime属性的主体必须是Airline类，缺乏语义关联支持该domain约束]",0,1,
sample_0303,domain,"If a resource uses property runtime as subject, then it should belong to class Airline.","背景知识：
条目1：
- 名称：runtime
- 类型：Property
- 简介：runtime (m)

条目2：
- 名称：Airline
- 类型：Class
- 简介：airline",0,ernie-4.5-turbo-128k,0.0,8192,https://api2.aigcbest.top/v1,"判断结果：[错误]
解释：[公理描述的是使用runtime属性的主体应属于Airline类，而背景知识中runtime是属性，未表明其主体应是Airline类，这不符合domain语义规则及背景知识。]",0,1,
sample_0304,domain,"For any x and y, if x runtime y holds, then x is an instance of Airline.","背景知识：
条目1：
- 名称：runtime
- 类型：Property
- 简介：runtime (m)

条目2：
- 名称：Airline
- 类型：Class
- 简介：airline",0,ernie-4.5-turbo-128k,0.0,8192,https://api2.aigcbest.top/v1,"判断结果：[错误]
解释：[背景知识未表明runtime属性的主体必须是Airline类的实例，不符合domain语义规则]",0,1,
sample_0305,domain,Property runtime can only be applied to subjects of class Airline.,"背景知识：
条目1：
- 名称：runtime
- 类型：Property
- 简介：runtime (m)

条目2：
- 名称：Airline
- 类型：Class
- 简介：airline",0,ernie-4.5-turbo-128k,0.0,8192,https://api2.aigcbest.top/v1,"判断结果：[正确]
解释：[根据背景知识，runtime是属性，Airline是类，公理表示runtime属性的主体应属于Airline类，符合domain的RDFS语义规则]",1,0,
sample_0306,range,range(academicAdvisor) = College,"背景知识：
条目1：
- 名称：academicAdvisor
- 类型：Property
- 简介：academic advisor

条目2：
- 名称：College
- 类型：Class
- 简介：college",0,ernie-4.5-turbo-128k,0.0,8192,https://api2.aigcbest.top/v1,"判断结果：[错误]
解释：[根据背景知识，academicAdvisor是属性，但仅依据现有信息无法得出其客体一定是College类实例，缺乏足够语义关联支持该range约束]",0,1,
sample_0307,range,The range of academicAdvisor is College.,"背景知识：
条目1：
- 名称：academicAdvisor
- 类型：Property
- 简介：academic advisor

条目2：
- 名称：College
- 类型：Class
- 简介：college",0,ernie-4.5-turbo-128k,0.0,8192,https://api2.aigcbest.top/v1,"判断结果：[正确]
解释：[根据背景知识，academicAdvisor是属性，College是类，该公理表示academicAdvisor属性的客体应属于College类，符合range的语义规则且与背景知识无冲突]",1,0,
sample_0308,range,"If a resource appears as the object of property academicAdvisor, then it should belong to class College.","背景知识：
条目1：
- 名称：academicAdvisor
- 类型：Property
- 简介：academic advisor

条目2：
- 名称：College
- 类型：Class
- 简介：college",0,ernie-4.5-turbo-128k,0.0,8192,https://api2.aigcbest.top/v1,"判断结果：[错误]
解释：[根据背景知识，academicAdvisor是属性，公理描述的是其客体应属于College类，但未给出range约束信息，按RDFS语义规则无法直接推出该公理，且通常学术导师不一定属于学院类，与常识也可能冲突]",0,1,
sample_0309,range,"For any x and y, if x academicAdvisor y holds, then y is an instance of College.","背景知识：
条目1：
- 名称：academicAdvisor
- 类型：Property
- 简介：academic advisor

条目2：
- 名称：College
- 类型：Class
- 简介：college",0,ernie-4.5-turbo-128k,0.0,8192,https://api2.aigcbest.top/v1,"判断结果：[错误]
解释：[根据背景知识，academicAdvisor是属性，College是类，公理表示academicAdvisor的客体是College的实例，但背景知识未表明此range关系，按语义规则无法推出该公理合理，且与常识中学术导师的客体不一定是学院实例冲突]",0,1,
sample_0310,range,Property academicAdvisor can only point to objects of class College.,"背景知识：
条目1：
- 名称：academicAdvisor
- 类型：Property
- 简介：academic advisor

条目2：
- 名称：College
- 类型：Class
- 简介：college",0,ernie-4.5-turbo-128k,0.0,8192,https://api2.aigcbest.top/v1,"判断结果：[错误]
解释：[根据range规则，该公理应表示为academicAdvisor rdfs:range College，但背景知识未给出此range关系，且公理表述未遵循RDFS规范，故错误。]",0,1,
sample_0311,range,range(administrativeDistrict) = PopulatedPlace,"背景知识：
条目1：
- 名称：administrativeDistrict
- 类型：Property
- 简介：administrative district

条目2：
- 名称：PopulatedPlace
- 类型：Class
- 简介：As defined by the United States Geological Survey, a populated place is a place or area with clustered or scattered buildings and a permanent human population (city, settlement, town, or village) referenced with geographic coordinates (http...",1,ernie-4.5-turbo-128k,0.0,8192,https://api2.aigcbest.top/v1,"判断结果：[错误]
解释：[背景知识未表明administrativeDistrict属性的客体一定是PopulatedPlace类实例，缺乏足够语义关联支持该range约束]",0,0,
sample_0312,range,The range of administrativeDistrict is PopulatedPlace.,"背景知识：
条目1：
- 名称：administrativeDistrict
- 类型：Property
- 简介：administrative district

条目2：
- 名称：PopulatedPlace
- 类型：Class
- 简介：As defined by the United States Geological Survey, a populated place is a place or area with clustered or scattered buildings and a permanent human population (city, settlement, town, or village) referenced with geographic coordinates (http...",1,ernie-4.5-turbo-128k,0.0,8192,https://api2.aigcbest.top/v1,"判断结果：[正确]
解释：[根据背景知识，administrativeDistrict是属性，PopulatedPlace是类，公理表示administrativeDistrict属性的客体应属于PopulatedPlace类，符合range的语义规则且与背景知识不冲突。]",1,1,
sample_0313,range,"If a resource appears as the object of property administrativeDistrict, then it should belong to class PopulatedPlace.","背景知识：
条目1：
- 名称：administrativeDistrict
- 类型：Property
- 简介：administrative district

条目2：
- 名称：PopulatedPlace
- 类型：Class
- 简介：As defined by the United States Geological Survey, a populated place is a place or area with clustered or scattered buildings and a permanent human population (city, settlement, town, or village) referenced with geographic coordinates (http...",1,ernie-4.5-turbo-128k,0.0,8192,https://api2.aigcbest.top/v1,"判断结果：[正确]
解释：[根据公理描述，administrativeDistrict的客体应属于PopulatedPlace类，符合range的RDFS语义规则，且背景知识中PopulatedPlace可合理包含行政区划对象]",1,1,
sample_0314,range,"For any x and y, if x administrativeDistrict y holds, then y is an instance of PopulatedPlace.","背景知识：
条目1：
- 名称：administrativeDistrict
- 类型：Property
- 简介：administrative district

条目2：
- 名称：PopulatedPlace
- 类型：Class
- 简介：As defined by the United States Geological Survey, a populated place is a place or area with clustered or scattered buildings and a permanent human population (city, settlement, town, or village) referenced with geographic coordinates (http...",1,ernie-4.5-turbo-128k,0.0,8192,https://api2.aigcbest.top/v1,"判断结果：[错误]
解释：[背景知识未表明administrativeDistrict属性的客体必须是PopulatedPlace类的实例，不符合RDFS语义规则]",0,0,
sample_0315,range,Property administrativeDistrict can only point to objects of class PopulatedPlace.,"背景知识：
条目1：
- 名称：administrativeDistrict
- 类型：Property
- 简介：administrative district

条目2：
- 名称：PopulatedPlace
- 类型：Class
- 简介：As defined by the United States Geological Survey, a populated place is a place or area with clustered or scattered buildings and a permanent human population (city, settlement, town, or village) referenced with geographic coordinates (http...",1,ernie-4.5-turbo-128k,0.0,8192,https://api2.aigcbest.top/v1,"判断结果：[正确]
解释：[根据range语义规则，该公理表明属性administrativeDistrict的客体应属于类PopulatedPlace，与背景知识不冲突且符合语义约束]",1,1,
sample_0316,range,range(affiliation) = Athlete,"背景知识：
条目1：
- 名称：affiliation
- 类型：Property
- 简介：affiliation

条目2：
- 名称：Athlete
- 类型：Class
- 简介：athlete",0,ernie-4.5-turbo-128k,0.0,8192,https://api2.aigcbest.top/v1,"判断结果：[错误]
解释：[背景知识未表明affiliation的客体应是Athlete类实例，不符合range语义约束]",0,1,
sample_0317,range,The range of affiliation is Athlete.,"背景知识：
条目1：
- 名称：affiliation
- 类型：Property
- 简介：affiliation

条目2：
- 名称：Athlete
- 类型：Class
- 简介：athlete",0,ernie-4.5-turbo-128k,0.0,8192,https://api2.aigcbest.top/v1,"判断结果：[错误]
解释：[背景知识未表明affiliation的客体一定是Athlete，仅依据现有信息不能得出该range约束合理]",0,1,
sample_0318,range,"If a resource appears as the object of property affiliation, then it should belong to class Athlete.","背景知识：
条目1：
- 名称：affiliation
- 类型：Property
- 简介：affiliation

条目2：
- 名称：Athlete
- 类型：Class
- 简介：athlete",0,ernie-4.5-turbo-128k,0.0,8192,https://api2.aigcbest.top/v1,"判断结果：[错误]
解释：[根据公理语义，其表示affiliation的客体应是Athlete类实例，但背景知识未表明此range关系，按RDFS规则无法推出该公理正确性，且与常识可能不符，一般affiliation主体可能是运动员等，而非客体，所以错误。]",0,1,
sample_0319,range,"For any x and y, if x affiliation y holds, then y is an instance of Athlete.","背景知识：
条目1：
- 名称：affiliation
- 类型：Property
- 简介：affiliation

条目2：
- 名称：Athlete
- 类型：Class
- 简介：athlete",0,ernie-4.5-turbo-128k,0.0,8192,https://api2.aigcbest.top/v1,"判断结果：[错误]
解释：[背景知识未表明affiliation属性的客体必须是Athlete类的实例，不符合RDFS语义规则]",0,1,
sample_0320,range,Property affiliation can only point to objects of class Athlete.,"背景知识：
条目1：
- 名称：affiliation
- 类型：Property
- 简介：affiliation

条目2：
- 名称：Athlete
- 类型：Class
- 简介：athlete",0,ernie-4.5-turbo-128k,0.0,8192,https://api2.aigcbest.top/v1,"判断结果：[错误]
解释：[根据背景知识，公理描述的是affiliation属性的range应为Athlete，但背景知识未给出此range信息，且按公理字面仅表明affiliation指向Athlete类对象，未涵盖RDFS中range的完整语义（即所有指向都必须是该类对象），同时背景未明确支持此限制，所以错误 。]",0,1,
sample_0321,range,range(album) = Athlete,"背景知识：
条目1：
- 名称：album
- 类型：Property
- 简介：album

条目2：
- 名称：Athlete
- 类型：Class
- 简介：athlete",0,ernie-4.5-turbo-128k,0.0,8192,https://api2.aigcbest.top/v1,"判断结果：[错误]
解释：[根据背景知识，album是属性，但常识中album通常表示专辑，与运动员Athlete无直接范围关联，不符合range语义规则]",0,1,
sample_0322,range,The range of album is Athlete.,"背景知识：
条目1：
- 名称：album
- 类型：Property
- 简介：album

条目2：
- 名称：Athlete
- 类型：Class
- 简介：athlete",0,ernie-4.5-turbo-128k,0.0,8192,https://api2.aigcbest.top/v1,"判断结果：[错误]
解释：[根据背景知识，album是属性，但常识中其客体通常不是Athlete类，与公理所述范围约束不符且缺乏合理语义关联]",0,1,
sample_0323,range,"If a resource appears as the object of property album, then it should belong to class Athlete.","背景知识：
条目1：
- 名称：album
- 类型：Property
- 简介：album

条目2：
- 名称：Athlete
- 类型：Class
- 简介：athlete",0,ernie-4.5-turbo-128k,0.0,8192,https://api2.aigcbest.top/v1,"判断结果：[错误]
解释：[背景知识中album是属性，未表明其range是Athlete类，按语义规则不能得出客体属于Athlete类]",0,1,
sample_0324,range,"For any x and y, if x album y holds, then y is an instance of Athlete.","背景知识：
条目1：
- 名称：album
- 类型：Property
- 简介：album

条目2：
- 名称：Athlete
- 类型：Class
- 简介：athlete",0,ernie-4.5-turbo-128k,0.0,8192,https://api2.aigcbest.top/v1,"判断结果：[错误]
解释：[背景知识未表明album属性的客体应是Athlete类的实例，不符合range语义规则]",0,1,
sample_0325,range,Property album can only point to objects of class Athlete.,"背景知识：
条目1：
- 名称：album
- 类型：Property
- 简介：album

条目2：
- 名称：Athlete
- 类型：Class
- 简介：athlete",0,ernie-4.5-turbo-128k,0.0,8192,https://api2.aigcbest.top/v1,"判断结果：[错误]
解释：[背景知识中album是属性，但未表明其range是Athlete，根据RDFS语义规则无法得出该属性只能指向Athlete类对象的结论]",0,1,
sample_0326,range,range(alongside) = Department,"背景知识：
条目1：
- 名称：alongside
- 类型：Property
- 简介：alongside

条目2：
- 名称：Department
- 类型：Class
- 简介：department",0,ernie-4.5-turbo-128k,0.0,8192,https://api2.aigcbest.top/v1,"判断结果：[错误]
解释：[背景知识未表明alongside的客体应属于Department类，缺乏足够信息支持该range约束]",0,1,
sample_0327,range,The range of alongside is Department.,"背景知识：
条目1：
- 名称：alongside
- 类型：Property
- 简介：alongside

条目2：
- 名称：Department
- 类型：Class
- 简介：department",0,ernie-4.5-turbo-128k,0.0,8192,https://api2.aigcbest.top/v1,"判断结果：[错误]
解释：[背景知识中未表明alongside属性的客体应属于Department类，缺乏足够信息支持该range约束]",0,1,
sample_0328,range,"If a resource appears as the object of property alongside, then it should belong to class Department.","背景知识：
条目1：
- 名称：alongside
- 类型：Property
- 简介：alongside

条目2：
- 名称：Department
- 类型：Class
- 简介：department",0,ernie-4.5-turbo-128k,0.0,8192,https://api2.aigcbest.top/v1,"判断结果：[错误]
解释：[背景知识中未表明属性alongside的客体应属于类Department，即没有range约束信息表明此关系，所以该公理错误。]",0,1,
sample_0329,range,"For any x and y, if x alongside y holds, then y is an instance of Department.","背景知识：
条目1：
- 名称：alongside
- 类型：Property
- 简介：alongside

条目2：
- 名称：Department
- 类型：Class
- 简介：department",0,ernie-4.5-turbo-128k,0.0,8192,https://api2.aigcbest.top/v1,"判断结果：[错误]
解释：[公理中“alongside”属性的客体应为“Department”实例，但背景知识未定义“alongside”的range为“Department”，无法推出该约束关系。]",0,1,
sample_0330,range,Property alongside can only point to objects of class Department.,"背景知识：
条目1：
- 名称：alongside
- 类型：Property
- 简介：alongside

条目2：
- 名称：Department
- 类型：Class
- 简介：department",0,ernie-4.5-turbo-128k,0.0,8192,https://api2.aigcbest.top/v1,"判断结果：[错误]
解释：[背景知识中未表明属性alongside的range是类Department，根据RDFS语义规则无法得出该公理的合理性]",0,1,
sample_0331,range,range(architect) = Place,"背景知识：
条目1：
- 名称：architect
- 类型：Property
- 简介：architect

条目2：
- 名称：Place
- 类型：Class
- 简介：place",0,ernie-4.5-turbo-128k,0.0,8192,https://api2.aigcbest.top/v1,"判断结果：[错误]
解释：[背景知识中architect是属性，但未表明其与Place存在值域关系，且常识中architect通常指建筑师，值域不是Place，不符合range语义规则]",0,1,
sample_0332,range,The range of architect is Place.,"背景知识：
条目1：
- 名称：architect
- 类型：Property
- 简介：architect

条目2：
- 名称：Place
- 类型：Class
- 简介：place",0,ernie-4.5-turbo-128k,0.0,8192,https://api2.aigcbest.top/v1,"判断结果：[正确]
解释：[根据背景知识，architect是属性，Place是类，将architect的范围定义为Place符合range公理的语义规则，即属性的客体应属于某一类，此公理合理。]",1,0,
sample_0333,range,"If a resource appears as the object of property architect, then it should belong to class Place.","背景知识：
条目1：
- 名称：architect
- 类型：Property
- 简介：architect

条目2：
- 名称：Place
- 类型：Class
- 简介：place",0,ernie-4.5-turbo-128k,0.0,8192,https://api2.aigcbest.top/v1,"判断结果：[错误]
解释：[背景知识中未表明属性architect的客体应属于类Place，不符合range语义规则]",0,1,
sample_0334,range,"For any x and y, if x architect y holds, then y is an instance of Place.","背景知识：
条目1：
- 名称：architect
- 类型：Property
- 简介：architect

条目2：
- 名称：Place
- 类型：Class
- 简介：place",0,ernie-4.5-turbo-128k,0.0,8192,https://api2.aigcbest.top/v1,"判断结果：[错误]
解释：[背景知识未表明architect属性的客体必须是Place类的实例，不符合语义规则]",0,1,
sample_0335,range,Property architect can only point to objects of class Place.,"背景知识：
条目1：
- 名称：architect
- 类型：Property
- 简介：architect

条目2：
- 名称：Place
- 类型：Class
- 简介：place",0,ernie-4.5-turbo-128k,0.0,8192,https://api2.aigcbest.top/v1,"判断结果：[正确]
解释：[根据背景知识，architect是属性，公理表示其客体应属于Place类，符合RDFS中range的语义规则]",1,0,
sample_0336,range,range(arrondissement) = Organisation,"背景知识：
条目1：
- 名称：arrondissement
- 类型：Property
- 简介：arrondissement

条目2：
- 名称：Organisation
- 类型：Class
- 简介：organisation",0,ernie-4.5-turbo-128k,0.0,8192,https://api2.aigcbest.top/v1,"判断结果：[错误]
解释：[背景知识未表明arrondissement属性的客体应属于Organisation类，缺乏足够信息支持该range约束]",0,1,
sample_0337,range,The range of arrondissement is Organisation.,"背景知识：
条目1：
- 名称：arrondissement
- 类型：Property
- 简介：arrondissement

条目2：
- 名称：Organisation
- 类型：Class
- 简介：organisation",0,ernie-4.5-turbo-128k,0.0,8192,https://api2.aigcbest.top/v1,"判断结果：[错误]
解释：[背景知识中未表明arrondissement属性的客体应属于Organisation类，缺乏足够信息支持该range约束]",0,1,
sample_0338,range,"If a resource appears as the object of property arrondissement, then it should belong to class Organisation.","背景知识：
条目1：
- 名称：arrondissement
- 类型：Property
- 简介：arrondissement

条目2：
- 名称：Organisation
- 类型：Class
- 简介：organisation",0,ernie-4.5-turbo-128k,0.0,8192,https://api2.aigcbest.top/v1,"判断结果：[错误]
解释：[背景知识中未表明属性arrondissement的range是类Organisation，不符合range的语义规则]",0,1,
sample_0339,range,"For any x and y, if x arrondissement y holds, then y is an instance of Organisation.","背景知识：
条目1：
- 名称：arrondissement
- 类型：Property
- 简介：arrondissement

条目2：
- 名称：Organisation
- 类型：Class
- 简介：organisation",0,ernie-4.5-turbo-128k,0.0,8192,https://api2.aigcbest.top/v1,"判断结果：[错误]
解释：[背景知识未表明arrondissement属性的客体必须是Organisation类的实例，不符合range语义规则]",0,1,
sample_0340,range,Property arrondissement can only point to objects of class Organisation.,"背景知识：
条目1：
- 名称：arrondissement
- 类型：Property
- 简介：arrondissement

条目2：
- 名称：Organisation
- 类型：Class
- 简介：organisation",0,ernie-4.5-turbo-128k,0.0,8192,https://api2.aigcbest.top/v1,"判断结果：[错误]
解释：[背景知识中未表明arrondissement的range是Organisation，根据现有信息无法得出该公理的合理性，且公理与给定背景知识存在冲突风险，按要求判定为错误]",0,1,
sample_0341,range,range(associate) = BroadcastNetwork,"背景知识：
条目1：
- 名称：associate
- 类型：Property
- 简介：associate

条目2：
- 名称：BroadcastNetwork
- 类型：Class
- 简介：A broadcast network is an organization, such as a corporation or other association, that provides live or recorded content, such as movies, newscasts, sports, and public affairs programs for broadcast over a group of radio or television sta...",0,ernie-4.5-turbo-128k,0.0,8192,https://api2.aigcbest.top/v1,"判断结果：[错误]
解释：[背景知识未表明associate属性的客体必须属于BroadcastNetwork类，缺乏足够语义支持该range约束]",0,1,
sample_0342,range,The range of associate is BroadcastNetwork.,"背景知识：
条目1：
- 名称：associate
- 类型：Property
- 简介：associate

条目2：
- 名称：BroadcastNetwork
- 类型：Class
- 简介：A broadcast network is an organization, such as a corporation or other association, that provides live or recorded content, such as movies, newscasts, sports, and public affairs programs for broadcast over a group of radio or television sta...",0,ernie-4.5-turbo-128k,0.0,8192,https://api2.aigcbest.top/v1,"判断结果：[错误]
解释：[背景知识未表明associate的客体必须是BroadcastNetwork，缺乏足够依据支持该range约束]",0,1,
sample_0343,range,"If a resource appears as the object of property associate, then it should belong to class BroadcastNetwork.","背景知识：
条目1：
- 名称：associate
- 类型：Property
- 简介：associate

条目2：
- 名称：BroadcastNetwork
- 类型：Class
- 简介：A broadcast network is an organization, such as a corporation or other association, that provides live or recorded content, such as movies, newscasts, sports, and public affairs programs for broadcast over a group of radio or television sta...",0,ernie-4.5-turbo-128k,0.0,8192,https://api2.aigcbest.top/v1,"判断结果：[错误]
解释：[背景知识未表明属性associate的客体应属于类BroadcastNetwork，不符合range语义规则]",0,1,
sample_0344,range,"For any x and y, if x associate y holds, then y is an instance of BroadcastNetwork.","背景知识：
条目1：
- 名称：associate
- 类型：Property
- 简介：associate

条目2：
- 名称：BroadcastNetwork
- 类型：Class
- 简介：A broadcast network is an organization, such as a corporation or other association, that provides live or recorded content, such as movies, newscasts, sports, and public affairs programs for broadcast over a group of radio or television sta...",0,ernie-4.5-turbo-128k,0.0,8192,https://api2.aigcbest.top/v1,"判断结果：[错误]
解释：[背景知识未表明associate属性的客体必须是BroadcastNetwork类的实例，不符合RDFS语义规则]",0,1,
sample_0345,range,Property associate can only point to objects of class BroadcastNetwork.,"背景知识：
条目1：
- 名称：associate
- 类型：Property
- 简介：associate

条目2：
- 名称：BroadcastNetwork
- 类型：Class
- 简介：A broadcast network is an organization, such as a corporation or other association, that provides live or recorded content, such as movies, newscasts, sports, and public affairs programs for broadcast over a group of radio or television sta...",0,ernie-4.5-turbo-128k,0.0,8192,https://api2.aigcbest.top/v1,"判断结果：[错误]
解释：[公理表示属性associate的客体应是BroadcastNetwork类，但背景知识未定义associate的range为BroadcastNetwork，无法得出该约束关系]",0,1,
sample_0346,range,range(automobilePlatform) = Album,"背景知识：
条目1：
- 名称：automobilePlatform
- 类型：Property
- 简介：automobile platform

条目2：
- 名称：Album
- 类型：Class
- 简介：album",0,ernie-4.5-turbo-128k,0.0,8192,https://api2.aigcbest.top/v1,"判断结果：[错误]
解释：[automobilePlatform是描述汽车平台的属性，Album是专辑类，属性客体为专辑与汽车平台语义不符]",0,1,
sample_0347,range,The range of automobilePlatform is Album.,"背景知识：
条目1：
- 名称：automobilePlatform
- 类型：Property
- 简介：automobile platform

条目2：
- 名称：Album
- 类型：Class
- 简介：album",0,ernie-4.5-turbo-128k,0.0,8192,https://api2.aigcbest.top/v1,"判断结果：[错误]
解释：[背景知识中automobilePlatform是描述汽车平台的属性，Album是专辑类，二者语义不匹配，不符合range的语义规则]",0,1,
sample_0348,range,"If a resource appears as the object of property automobilePlatform, then it should belong to class Album.","背景知识：
条目1：
- 名称：automobilePlatform
- 类型：Property
- 简介：automobile platform

条目2：
- 名称：Album
- 类型：Class
- 简介：album",0,ernie-4.5-turbo-128k,0.0,8192,https://api2.aigcbest.top/v1,"判断结果：[错误]
解释：[背景知识中automobilePlatform是属性，Album是类，无信息表明automobilePlatform的客体应属于Album类，不符合语义规则]",0,1,
sample_0349,range,"For any x and y, if x automobilePlatform y holds, then y is an instance of Album.","背景知识：
条目1：
- 名称：automobilePlatform
- 类型：Property
- 简介：automobile platform

条目2：
- 名称：Album
- 类型：Class
- 简介：album",0,ernie-4.5-turbo-128k,0.0,8192,https://api2.aigcbest.top/v1,"判断结果：[错误]
解释：[背景知识未表明automobilePlatform属性的客体应是Album类的实例，与公理约束冲突]",0,1,
sample_0350,range,Property automobilePlatform can only point to objects of class Album.,"背景知识：
条目1：
- 名称：automobilePlatform
- 类型：Property
- 简介：automobile platform

条目2：
- 名称：Album
- 类型：Class
- 简介：album",0,ernie-4.5-turbo-128k,0.0,8192,https://api2.aigcbest.top/v1,"判断结果：[错误]
解释：[背景知识中automobilePlatform是属性但未表明其范围是Album类，根据RDFS语义规则无法得出该属性只能指向Album类对象的结论]",0,1,
sample_0351,range,range(automobilePlatform) = Automobile,"背景知识：
条目1：
- 名称：automobilePlatform
- 类型：Property
- 简介：automobile platform

条目2：
- 名称：Automobile
- 类型：Class
- 简介：automobile",1,ernie-4.5-turbo-128k,0.0,8192,https://api2.aigcbest.top/v1,"判断结果：[正确]
解释：[根据背景知识，automobilePlatform是属性，Automobile是类，该公理表示automobilePlatform属性的客体应属于Automobile类，符合range的语义规则且与背景知识不冲突]",1,1,
sample_0352,range,The range of automobilePlatform is Automobile.,"背景知识：
条目1：
- 名称：automobilePlatform
- 类型：Property
- 简介：automobile platform

条目2：
- 名称：Automobile
- 类型：Class
- 简介：automobile",1,ernie-4.5-turbo-128k,0.0,8192,https://api2.aigcbest.top/v1,"判断结果：[正确]
解释：[根据背景知识，automobilePlatform是属性，Automobile是类，公理表示automobilePlatform属性的客体应属于Automobile类，符合range的语义规则且与背景知识不冲突。]",1,1,
sample_0353,range,"If a resource appears as the object of property automobilePlatform, then it should belong to class Automobile.","背景知识：
条目1：
- 名称：automobilePlatform
- 类型：Property
- 简介：automobile platform

条目2：
- 名称：Automobile
- 类型：Class
- 简介：automobile",1,ernie-4.5-turbo-128k,0.0,8192,https://api2.aigcbest.top/v1,"判断结果：[正确]
解释：[根据公理描述，automobilePlatform属性的客体应属于Automobile类，符合RDFS中range的语义规则，且与背景知识一致。]",1,1,
sample_0354,range,"For any x and y, if x automobilePlatform y holds, then y is an instance of Automobile.","背景知识：
条目1：
- 名称：automobilePlatform
- 类型：Property
- 简介：automobile platform

条目2：
- 名称：Automobile
- 类型：Class
- 简介：automobile",1,ernie-4.5-turbo-128k,0.0,8192,https://api2.aigcbest.top/v1,"判断结果：[错误]
解释：[背景知识未表明automobilePlatform的range是Automobile，无法推出若x automobilePlatform y成立则y是Automobile的实例]",0,0,
sample_0355,range,Property automobilePlatform can only point to objects of class Automobile.,"背景知识：
条目1：
- 名称：automobilePlatform
- 类型：Property
- 简介：automobile platform

条目2：
- 名称：Automobile
- 类型：Class
- 简介：automobile",1,ernie-4.5-turbo-128k,0.0,8192,https://api2.aigcbest.top/v1,"判断结果：[正确]
解释：[根据背景知识，automobilePlatform是属性，公理表示其客体应为Automobile类，符合range的语义规则]",1,1,
sample_0356,range,range(basedOn) = Band,"背景知识：
条目1：
- 名称：basedOn
- 类型：Property
- 简介：based on

条目2：
- 名称：Band
- 类型：Class
- 简介：Band",0,ernie-4.5-turbo-128k,0.0,8192,https://api2.aigcbest.top/v1,"判断结果：[错误]
解释：[背景知识未表明basedOn属性的客体必须属于Band类，缺乏足够依据支持该range约束]",0,1,
sample_0357,range,The range of basedOn is Band.,"背景知识：
条目1：
- 名称：basedOn
- 类型：Property
- 简介：based on

条目2：
- 名称：Band
- 类型：Class
- 简介：Band",0,ernie-4.5-turbo-128k,0.0,8192,https://api2.aigcbest.top/v1,"判断结果：[错误]
解释：[背景知识未表明basedOn属性的客体必须属于Band类，缺乏足够信息支持该range约束]",0,1,
sample_0358,range,"If a resource appears as the object of property basedOn, then it should belong to class Band.","背景知识：
条目1：
- 名称：basedOn
- 类型：Property
- 简介：based on

条目2：
- 名称：Band
- 类型：Class
- 简介：Band",0,ernie-4.5-turbo-128k,0.0,8192,https://api2.aigcbest.top/v1,"判断结果：[错误]
解释：[背景知识未表明basedOn属性的客体应属于Band类，不符合range语义规则]",0,1,
sample_0359,range,"For any x and y, if x basedOn y holds, then y is an instance of Band.","背景知识：
条目1：
- 名称：basedOn
- 类型：Property
- 简介：based on

条目2：
- 名称：Band
- 类型：Class
- 简介：Band",0,ernie-4.5-turbo-128k,0.0,8192,https://api2.aigcbest.top/v1,"判断结果：[错误]
解释：[背景知识未表明basedOn属性的客体必须是Band类的实例，该公理与背景知识冲突]",0,1,
sample_0360,range,Property basedOn can only point to objects of class Band.,"背景知识：
条目1：
- 名称：basedOn
- 类型：Property
- 简介：based on

条目2：
- 名称：Band
- 类型：Class
- 简介：Band",0,ernie-4.5-turbo-128k,0.0,8192,https://api2.aigcbest.top/v1,"判断结果：[正确]
解释：[根据range语义规则，该公理表明属性basedOn的客体应属于类Band，与背景知识不冲突且符合语义约束。]",1,0,
sample_0361,range,range(beatifiedBy) = Person,"背景知识：
条目1：
- 名称：beatifiedBy
- 类型：Property
- 简介：beatified by

条目2：
- 名称：Person
- 类型：Class
- 简介：person",1,ernie-4.5-turbo-128k,0.0,8192,https://api2.aigcbest.top/v1,"判断结果：[正确]
解释：[根据背景知识，beatifiedBy是属性，range公理表示该属性的客体应属于某一类，这里指定为Person类，语义上表示被宣福的主体是Person，符合语义规则且无冲突。]",1,1,
sample_0362,range,The range of beatifiedBy is Person.,"背景知识：
条目1：
- 名称：beatifiedBy
- 类型：Property
- 简介：beatified by

条目2：
- 名称：Person
- 类型：Class
- 简介：person",1,ernie-4.5-turbo-128k,0.0,8192,https://api2.aigcbest.top/v1,"判断结果：[正确]
解释：[根据背景知识，beatifiedBy是一个属性，公理指定其客体应属于Person类，符合range的语义规则且与背景知识无冲突]",1,1,
sample_0363,range,"If a resource appears as the object of property beatifiedBy, then it should belong to class Person.","背景知识：
条目1：
- 名称：beatifiedBy
- 类型：Property
- 简介：beatified by

条目2：
- 名称：Person
- 类型：Class
- 简介：person",1,ernie-4.5-turbo-128k,0.0,8192,https://api2.aigcbest.top/v1,"判断结果：[正确]
解释：[根据背景知识，公理表示beatifiedBy属性的客体应属于Person类，符合range的RDFS语义规则]",1,1,
sample_0364,range,"For any x and y, if x beatifiedBy y holds, then y is an instance of Person.","背景知识：
条目1：
- 名称：beatifiedBy
- 类型：Property
- 简介：beatified by

条目2：
- 名称：Person
- 类型：Class
- 简介：person",1,ernie-4.5-turbo-128k,0.0,8192,https://api2.aigcbest.top/v1,"判断结果：[错误]
解释：[背景知识未表明beatifiedBy属性的客体必须是Person类的实例，不符合range语义规则]",0,0,
sample_0365,range,Property beatifiedBy can only point to objects of class Person.,"背景知识：
条目1：
- 名称：beatifiedBy
- 类型：Property
- 简介：beatified by

条目2：
- 名称：Person
- 类型：Class
- 简介：person",1,ernie-4.5-turbo-128k,0.0,8192,https://api2.aigcbest.top/v1,"判断结果：[正确]
解释：[根据背景知识，公理表明属性beatifiedBy的客体应为Person类实例，符合range的语义规则且与背景知识无冲突]",1,1,
sample_0366,range,range(billed) = Award,"背景知识：
条目1：
- 名称：billed
- 类型：Property
- 简介：billed

条目2：
- 名称：Award
- 类型：Class
- 简介：award",0,ernie-4.5-turbo-128k,0.0,8192,https://api2.aigcbest.top/v1,"判断结果：[错误]
解释：[背景知识未表明billed属性的客体应属于Award类，缺乏足够依据支持该range约束]",0,1,
sample_0367,range,The range of billed is Award.,"背景知识：
条目1：
- 名称：billed
- 类型：Property
- 简介：billed

条目2：
- 名称：Award
- 类型：Class
- 简介：award",0,ernie-4.5-turbo-128k,0.0,8192,https://api2.aigcbest.top/v1,"判断结果：[错误]
解释：[背景知识中未表明billed属性的客体应属于Award类，缺乏足够信息支持该range约束]",0,1,
sample_0368,range,"If a resource appears as the object of property billed, then it should belong to class Award.","背景知识：
条目1：
- 名称：billed
- 类型：Property
- 简介：billed

条目2：
- 名称：Award
- 类型：Class
- 简介：award",0,ernie-4.5-turbo-128k,0.0,8192,https://api2.aigcbest.top/v1,"判断结果：[正确]
解释：[根据公理描述，属性billed的客体应属于类Award，符合RDFS中range的语义规则，且与背景知识无冲突。]",1,0,
sample_0369,range,"For any x and y, if x billed y holds, then y is an instance of Award.","背景知识：
条目1：
- 名称：billed
- 类型：Property
- 简介：billed

条目2：
- 名称：Award
- 类型：Class
- 简介：award",0,ernie-4.5-turbo-128k,0.0,8192,https://api2.aigcbest.top/v1,"判断结果：[错误]
解释：[背景知识未表明billed属性的客体必须是Award类的实例，不符合RDFS语义规则]",0,1,
sample_0370,range,Property billed can only point to objects of class Award.,"背景知识：
条目1：
- 名称：billed
- 类型：Property
- 简介：billed

条目2：
- 名称：Award
- 类型：Class
- 简介：award",0,ernie-4.5-turbo-128k,0.0,8192,https://api2.aigcbest.top/v1,"判断结果：[正确]
解释：[根据背景知识，公理表明属性billed的客体应属于类Award，符合RDFS中range的语义规则，且与背景知识无冲突]",1,0,
sample_0371,range,range(canonizedBy) = Person,"背景知识：
条目1：
- 名称：canonizedBy
- 类型：Property
- 简介：canonized by

条目2：
- 名称：Person
- 类型：Class
- 简介：person",1,ernie-4.5-turbo-128k,0.0,8192,https://api2.aigcbest.top/v1,"判断结果：[正确]
解释：[根据背景知识，canonizedBy是属性，Person是类，该公理表示canonizedBy属性的客体应是Person类实例，符合range语义规则且无冲突。]",1,1,
sample_0372,range,The range of canonizedBy is Person.,"背景知识：
条目1：
- 名称：canonizedBy
- 类型：Property
- 简介：canonized by

条目2：
- 名称：Person
- 类型：Class
- 简介：person",1,ernie-4.5-turbo-128k,0.0,8192,https://api2.aigcbest.top/v1,"判断结果：[正确]
解释：[根据背景知识，canonizedBy是属性，Person是类，该公理表示canonizedBy属性的客体应属于Person类，符合range的语义规则且与背景知识不冲突]",1,1,
sample_0373,range,"If a resource appears as the object of property canonizedBy, then it should belong to class Person.","背景知识：
条目1：
- 名称：canonizedBy
- 类型：Property
- 简介：canonized by

条目2：
- 名称：Person
- 类型：Class
- 简介：person",1,ernie-4.5-turbo-128k,0.0,8192,https://api2.aigcbest.top/v1,"判断结果：[错误]
解释：[背景知识未表明canonizedBy属性的客体应属于Person类，无法得出该公理的语义约束]",0,0,
sample_0374,range,"For any x and y, if x canonizedBy y holds, then y is an instance of Person.","背景知识：
条目1：
- 名称：canonizedBy
- 类型：Property
- 简介：canonized by

条目2：
- 名称：Person
- 类型：Class
- 简介：person",1,ernie-4.5-turbo-128k,0.0,8192,https://api2.aigcbest.top/v1,"判断结果：[错误]
解释：[根据背景知识，仅知canonizedBy是属性、Person是类，无法从公理及现有信息推出“canonizedBy”的客体y一定是“Person”类的实例，不符合RDFS语义规则。]",0,0,
sample_0375,range,Property canonizedBy can only point to objects of class Person.,"背景知识：
条目1：
- 名称：canonizedBy
- 类型：Property
- 简介：canonized by

条目2：
- 名称：Person
- 类型：Class
- 简介：person",1,ernie-4.5-turbo-128k,0.0,8192,https://api2.aigcbest.top/v1,"判断结果：[正确]
解释：[根据range语义规则，该公理表明属性canonizedBy的客体应属于类Person，与背景知识不冲突且符合语义约束]",1,1,
sample_0376,range,range(canonizedPlace) = College,"背景知识：
条目1：
- 名称：canonizedPlace
- 类型：Property
- 简介：canonized place

条目2：
- 名称：College
- 类型：Class
- 简介：college",0,ernie-4.5-turbo-128k,0.0,8192,https://api2.aigcbest.top/v1,"判断结果：[正确]
解释：[根据背景知识，canonizedPlace是属性，College是类，将canonizedPlace的客体约束为College类符合range的语义规则，无冲突。]",1,0,
sample_0377,range,The range of canonizedPlace is College.,"背景知识：
条目1：
- 名称：canonizedPlace
- 类型：Property
- 简介：canonized place

条目2：
- 名称：College
- 类型：Class
- 简介：college",0,ernie-4.5-turbo-128k,0.0,8192,https://api2.aigcbest.top/v1,"判断结果：[正确]
解释：[根据背景知识，canonizedPlace是属性，College是类，将canonizedPlace的范围设为College符合range公理语义规则，即该属性客体应属于College类，无冲突。]",1,0,
sample_0378,range,"If a resource appears as the object of property canonizedPlace, then it should belong to class College.","背景知识：
条目1：
- 名称：canonizedPlace
- 类型：Property
- 简介：canonized place

条目2：
- 名称：College
- 类型：Class
- 简介：college",0,ernie-4.5-turbo-128k,0.0,8192,https://api2.aigcbest.top/v1,"判断结果：[错误]
解释：[背景知识中未表明canonizedPlace属性的客体应属于College类，不符合range语义规则]",0,1,
sample_0379,range,"For any x and y, if x canonizedPlace y holds, then y is an instance of College.","背景知识：
条目1：
- 名称：canonizedPlace
- 类型：Property
- 简介：canonized place

条目2：
- 名称：College
- 类型：Class
- 简介：college",0,ernie-4.5-turbo-128k,0.0,8192,https://api2.aigcbest.top/v1,"判断结果：[错误]
解释：[背景知识未表明canonizedPlace属性的客体必须是College类的实例，不符合range语义规则]",0,1,
sample_0380,range,Property canonizedPlace can only point to objects of class College.,"背景知识：
条目1：
- 名称：canonizedPlace
- 类型：Property
- 简介：canonized place

条目2：
- 名称：College
- 类型：Class
- 简介：college",0,ernie-4.5-turbo-128k,0.0,8192,https://api2.aigcbest.top/v1,"判断结果：[正确]
解释：[根据range语义规则，该公理表明属性canonizedPlace的客体应属于类College，与背景知识不冲突且符合语义规则。]",1,0,
sample_0381,range,range(canton) = CareerStation,"背景知识：
条目1：
- 名称：canton
- 类型：Property
- 简介：canton

条目2：
- 名称：CareerStation
- 类型：Class
- 简介：this class marks a career step in the life of a person, e.g. a soccer player, holding information on the time span, matches and goals he or she achieved at a certain club",0,ernie-4.5-turbo-128k,0.0,8192,https://api2.aigcbest.top/v1,"判断结果：[错误]
解释：[背景知识中未表明canton属性的客体应属于CareerStation类，缺乏语义关联支持该range约束]",0,1,
sample_0382,range,The range of canton is CareerStation.,"背景知识：
条目1：
- 名称：canton
- 类型：Property
- 简介：canton

条目2：
- 名称：CareerStation
- 类型：Class
- 简介：this class marks a career step in the life of a person, e.g. a soccer player, holding information on the time span, matches and goals he or she achieved at a certain club",0,ernie-4.5-turbo-128k,0.0,8192,https://api2.aigcbest.top/v1,"判断结果：[错误]
解释：[背景知识中未表明canton属性的客体应属于CareerStation类，缺乏足够依据支持该range约束]",0,1,
sample_0383,range,"If a resource appears as the object of property canton, then it should belong to class CareerStation.","背景知识：
条目1：
- 名称：canton
- 类型：Property
- 简介：canton

条目2：
- 名称：CareerStation
- 类型：Class
- 简介：this class marks a career step in the life of a person, e.g. a soccer player, holding information on the time span, matches and goals he or she achieved at a certain club",0,ernie-4.5-turbo-128k,0.0,8192,https://api2.aigcbest.top/v1,"判断结果：[错误]
解释：[背景知识中未表明属性canton的客体应属于类CareerStation，无依据支持该公理的语义关系]",0,1,
sample_0384,range,"For any x and y, if x canton y holds, then y is an instance of CareerStation.","背景知识：
条目1：
- 名称：canton
- 类型：Property
- 简介：canton

条目2：
- 名称：CareerStation
- 类型：Class
- 简介：this class marks a career step in the life of a person, e.g. a soccer player, holding information on the time span, matches and goals he or she achieved at a certain club",0,ernie-4.5-turbo-128k,0.0,8192,https://api2.aigcbest.top/v1,"判断结果：[错误]
解释：[背景知识未表明canton属性的客体必须是CareerStation类的实例，不符合RDFS语义规则]",0,1,
sample_0385,range,Property canton can only point to objects of class CareerStation.,"背景知识：
条目1：
- 名称：canton
- 类型：Property
- 简介：canton

条目2：
- 名称：CareerStation
- 类型：Class
- 简介：this class marks a career step in the life of a person, e.g. a soccer player, holding information on the time span, matches and goals he or she achieved at a certain club",0,ernie-4.5-turbo-128k,0.0,8192,https://api2.aigcbest.top/v1,"判断结果：[错误]
解释：[背景知识未表明属性canton的客体应属于类CareerStation，不符合range语义规则]",0,1,
sample_0386,range,range(ceremonialCounty) = Department,"背景知识：
条目1：
- 名称：ceremonialCounty
- 类型：Property
- 简介：Ceremonial County

条目2：
- 名称：Department
- 类型：Class
- 简介：department",0,ernie-4.5-turbo-128k,0.0,8192,https://api2.aigcbest.top/v1,"判断结果：[错误]
解释：[背景知识未表明ceremonialCounty属性的客体应属于Department类，缺乏足够依据支持该range约束]",0,1,
sample_0387,range,The range of ceremonialCounty is Department.,"背景知识：
条目1：
- 名称：ceremonialCounty
- 类型：Property
- 简介：Ceremonial County

条目2：
- 名称：Department
- 类型：Class
- 简介：department",0,ernie-4.5-turbo-128k,0.0,8192,https://api2.aigcbest.top/v1,"判断结果：[错误]
解释：[背景知识未表明ceremonialCounty属性的客体应是Department类，缺乏足够依据支持该range约束]",0,1,
sample_0388,range,"If a resource appears as the object of property ceremonialCounty, then it should belong to class Department.","背景知识：
条目1：
- 名称：ceremonialCounty
- 类型：Property
- 简介：Ceremonial County

条目2：
- 名称：Department
- 类型：Class
- 简介：department",0,ernie-4.5-turbo-128k,0.0,8192,https://api2.aigcbest.top/v1,"判断结果：[错误]
解释：[背景知识中未表明属性ceremonialCounty的客体应属于类Department，不符合range语义规则]",0,1,
sample_0389,range,"For any x and y, if x ceremonialCounty y holds, then y is an instance of Department.","背景知识：
条目1：
- 名称：ceremonialCounty
- 类型：Property
- 简介：Ceremonial County

条目2：
- 名称：Department
- 类型：Class
- 简介：department",0,ernie-4.5-turbo-128k,0.0,8192,https://api2.aigcbest.top/v1,"判断结果：[错误]
解释：[根据背景知识，ceremonialCounty是属性，仅知其存在，无法推出其值域对象一定是Department类的实例，不符合range语义规则]",0,1,
sample_0390,range,Property ceremonialCounty can only point to objects of class Department.,"背景知识：
条目1：
- 名称：ceremonialCounty
- 类型：Property
- 简介：Ceremonial County

条目2：
- 名称：Department
- 类型：Class
- 简介：department",0,ernie-4.5-turbo-128k,0.0,8192,https://api2.aigcbest.top/v1,"判断结果：[正确]
解释：[根据range语义规则，该公理表明属性ceremonialCounty的值域是类Department，即其客体应属于Department类，与背景知识不冲突且符合语义规则]",1,0,
sample_0391,range,range(chairman) = Place,"背景知识：
条目1：
- 名称：chairman
- 类型：Property
- 简介：chairman

条目2：
- 名称：Place
- 类型：Class
- 简介：place",0,ernie-4.5-turbo-128k,0.0,8192,https://api2.aigcbest.top/v1,"判断结果：[错误]
解释：[根据背景知识，chairman是属性，但常识中其客体通常是人而非Place，与给定range约束冲突]",0,1,
sample_0392,range,The range of chairman is Place.,"背景知识：
条目1：
- 名称：chairman
- 类型：Property
- 简介：chairman

条目2：
- 名称：Place
- 类型：Class
- 简介：place",0,ernie-4.5-turbo-128k,0.0,8192,https://api2.aigcbest.top/v1,"判断结果：[错误]
解释：[背景知识中chairman是属性，但未表明其与Place存在值域关系，且常识中chairman的值域通常不是Place，不符合range语义规则]",0,1,
sample_0393,range,"If a resource appears as the object of property chairman, then it should belong to class Place.","背景知识：
条目1：
- 名称：chairman
- 类型：Property
- 简介：chairman

条目2：
- 名称：Place
- 类型：Class
- 简介：place",0,ernie-4.5-turbo-128k,0.0,8192,https://api2.aigcbest.top/v1,"判断结果：[错误]
解释：[背景知识未表明属性chairman的客体应属于类Place，不符合range语义规则]",0,1,
sample_0394,range,"For any x and y, if x chairman y holds, then y is an instance of Place.","背景知识：
条目1：
- 名称：chairman
- 类型：Property
- 简介：chairman

条目2：
- 名称：Place
- 类型：Class
- 简介：place",0,ernie-4.5-turbo-128k,0.0,8192,https://api2.aigcbest.top/v1,"判断结果：[错误]
解释：[根据背景知识，chairman是属性，Place是类，公理中“若x chairman y成立，则y是Place的实例”缺乏合理语义关联，与常识和语义规则冲突。]",0,1,
sample_0395,range,Property chairman can only point to objects of class Place.,"背景知识：
条目1：
- 名称：chairman
- 类型：Property
- 简介：chairman

条目2：
- 名称：Place
- 类型：Class
- 简介：place",0,ernie-4.5-turbo-128k,0.0,8192,https://api2.aigcbest.top/v1,"判断结果：[错误]
解释：[背景知识中chairman是属性，根据range规则，该公理应表示chairman的客体属于Place类，但仅依据现有背景知识无法得出这种必然的range约束关系，且没有足够信息表明这种限定合理，所以该公理错误。]",0,1,
sample_0396,range,range(championInDoubleMale) = Athlete,"背景知识：
条目1：
- 名称：championInDoubleMale
- 类型：Property
- 简介：winner of a competition in the male double session (as in tennis)

条目2：
- 名称：Athlete
- 类型：Class
- 简介：athlete",1,ernie-4.5-turbo-128k,0.0,8192,https://api2.aigcbest.top/v1,"判断结果：[正确]
解释：[根据背景知识，championInDoubleMale是表示男性双打比赛获胜者的属性，获胜者应为运动员，即属于Athlete类，符合range表示属性客体应属于某一类的语义规则]",1,1,
sample_0397,range,The range of championInDoubleMale is Athlete.,"背景知识：
条目1：
- 名称：championInDoubleMale
- 类型：Property
- 简介：winner of a competition in the male double session (as in tennis)

条目2：
- 名称：Athlete
- 类型：Class
- 简介：athlete",1,ernie-4.5-turbo-128k,0.0,8192,https://api2.aigcbest.top/v1,"判断结果：[正确]
解释：[根据背景知识，championInDoubleMale是表示男性双打比赛获胜者的属性，获胜者属于运动员，与range约束该属性的客体应为Athlete类相符，符合语义规则。]",1,1,
sample_0398,range,"If a resource appears as the object of property championInDoubleMale, then it should belong to class Athlete.","背景知识：
条目1：
- 名称：championInDoubleMale
- 类型：Property
- 简介：winner of a competition in the male double session (as in tennis)

条目2：
- 名称：Athlete
- 类型：Class
- 简介：athlete",1,ernie-4.5-turbo-128k,0.0,8192,https://api2.aigcbest.top/v1,"判断结果：[正确]
解释：[公理表示championInDoubleMale属性的客体应属于Athlete类，符合range的语义规则且与背景知识不冲突]",1,1,
sample_0399,range,"For any x and y, if x championInDoubleMale y holds, then y is an instance of Athlete.","背景知识：
条目1：
- 名称：championInDoubleMale
- 类型：Property
- 简介：winner of a competition in the male double session (as in tennis)

条目2：
- 名称：Athlete
- 类型：Class
- 简介：athlete",1,ernie-4.5-turbo-128k,0.0,8192,https://api2.aigcbest.top/v1,"判断结果：[错误]
解释：[根据背景知识，championInDoubleMale的客体应是比赛，而非运动员，与公理中y是Athlete实例的约束冲突]",0,0,
sample_0400,range,Property championInDoubleMale can only point to objects of class Athlete.,"背景知识：
条目1：
- 名称：championInDoubleMale
- 类型：Property
- 简介：winner of a competition in the male double session (as in tennis)

条目2：
- 名称：Athlete
- 类型：Class
- 简介：athlete",1,ernie-4.5-turbo-128k,0.0,8192,https://api2.aigcbest.top/v1,"判断结果：[错误]
解释：[根据背景知识，公理描述的是championInDoubleMale属性的客体应为获胜者，但未明确获胜者一定是Athlete类，且RDFS的range约束需明确声明，此公理未遵循该规则。]",0,0,
sample_0401,range,range(channel) = CareerStation,"背景知识：
条目1：
- 名称：channel
- 类型：Property
- 简介：channel

条目2：
- 名称：CareerStation
- 类型：Class
- 简介：this class marks a career step in the life of a person, e.g. a soccer player, holding information on the time span, matches and goals he or she achieved at a certain club",0,ernie-4.5-turbo-128k,0.0,8192,https://api2.aigcbest.top/v1,"判断结果：[错误]
解释：[背景知识中未表明channel属性的客体应属于CareerStation类，缺乏语义关联支持该range约束]",0,1,
sample_0402,range,The range of channel is CareerStation.,"背景知识：
条目1：
- 名称：channel
- 类型：Property
- 简介：channel

条目2：
- 名称：CareerStation
- 类型：Class
- 简介：this class marks a career step in the life of a person, e.g. a soccer player, holding information on the time span, matches and goals he or she achieved at a certain club",0,ernie-4.5-turbo-128k,0.0,8192,https://api2.aigcbest.top/v1,"判断结果：[错误]
解释：[背景知识中channel是属性但未表明其与CareerStation有range关系，且常识中channel一般不直接关联CareerStation类，不符合语义约束]",0,1,
sample_0403,range,"If a resource appears as the object of property channel, then it should belong to class CareerStation.","背景知识：
条目1：
- 名称：channel
- 类型：Property
- 简介：channel

条目2：
- 名称：CareerStation
- 类型：Class
- 简介：this class marks a career step in the life of a person, e.g. a soccer player, holding information on the time span, matches and goals he or she achieved at a certain club",0,ernie-4.5-turbo-128k,0.0,8192,https://api2.aigcbest.top/v1,"判断结果：[错误]
解释：[背景知识未表明属性channel的客体应属于类CareerStation，无相关语义约束支持该公理]",0,1,
sample_0404,range,"For any x and y, if x channel y holds, then y is an instance of CareerStation.","背景知识：
条目1：
- 名称：channel
- 类型：Property
- 简介：channel

条目2：
- 名称：CareerStation
- 类型：Class
- 简介：this class marks a career step in the life of a person, e.g. a soccer player, holding information on the time span, matches and goals he or she achieved at a certain club",0,ernie-4.5-turbo-128k,0.0,8192,https://api2.aigcbest.top/v1,"判断结果：[错误]
解释：[背景知识未表明channel属性的客体必须是CareerStation类的实例，不符合RDFS语义规则]",0,1,
sample_0405,range,Property channel can only point to objects of class CareerStation.,"背景知识：
条目1：
- 名称：channel
- 类型：Property
- 简介：channel

条目2：
- 名称：CareerStation
- 类型：Class
- 简介：this class marks a career step in the life of a person, e.g. a soccer player, holding information on the time span, matches and goals he or she achieved at a certain club",0,ernie-4.5-turbo-128k,0.0,8192,https://api2.aigcbest.top/v1,"判断结果：[错误]
解释：[背景知识中仅说明channel是属性，未表明其客体必须为CareerStation类，不符合range语义规则]",0,1,
sample_0406,range,range(child) = Award,"背景知识：
条目1：
- 名称：child
- 类型：Property
- 简介：child

条目2：
- 名称：Award
- 类型：Class
- 简介：award",0,ernie-4.5-turbo-128k,0.0,8192,https://api2.aigcbest.top/v1,"判断结果：[错误]
解释：[背景知识中child是普通属性，无信息表明其客体必须属于Award类，该公理与背景知识冲突]",0,1,
sample_0407,range,The range of child is Award.,"背景知识：
条目1：
- 名称：child
- 类型：Property
- 简介：child

条目2：
- 名称：Award
- 类型：Class
- 简介：award",0,ernie-4.5-turbo-128k,0.0,8192,https://api2.aigcbest.top/v1,"判断结果：[错误]
解释：[背景知识中未表明child属性的客体应属于Award类，且按常识child一般指孩子，客体不是奖这类事物，与给定range约束冲突]",0,1,
sample_0408,range,"If a resource appears as the object of property child, then it should belong to class Award.","背景知识：
条目1：
- 名称：child
- 类型：Property
- 简介：child

条目2：
- 名称：Award
- 类型：Class
- 简介：award",0,ernie-4.5-turbo-128k,0.0,8192,https://api2.aigcbest.top/v1,"判断结果：[错误]
解释：[背景知识未表明属性child的客体应属于类Award，不符合range语义规则]",0,1,
sample_0409,range,"For any x and y, if x child y holds, then y is an instance of Award.","背景知识：
条目1：
- 名称：child
- 类型：Property
- 简介：child

条目2：
- 名称：Award
- 类型：Class
- 简介：award",0,ernie-4.5-turbo-128k,0.0,8192,https://api2.aigcbest.top/v1,"判断结果：[错误]
解释：[根据背景知识，“child”是属性，“Award”是类，公理中“if x child y holds, then y is an instance of Award”表示属性“child”的客体应是“Award”类的实例，但背景知识未表明“child”的客体必须是“Award”类实例，不符合语义规则。]",0,1,
sample_0410,range,Property child can only point to objects of class Award.,"背景知识：
条目1：
- 名称：child
- 类型：Property
- 简介：child

条目2：
- 名称：Award
- 类型：Class
- 简介：award",0,ernie-4.5-turbo-128k,0.0,8192,https://api2.aigcbest.top/v1,"判断结果：[错误]
解释：[背景知识中仅说明child是属性，未表明其客体只能指向Award类，根据RDFS语义规则无法得出该约束，此公理与背景知识冲突]",0,1,
sample_0411,range,range(coach) = Infrastructure,"背景知识：
条目1：
- 名称：coach
- 类型：Property
- 简介：coach

条目2：
- 名称：Infrastructure
- 类型：Class
- 简介：infrastructure",0,ernie-4.5-turbo-128k,0.0,8192,https://api2.aigcbest.top/v1,"判断结果：[错误]
解释：[背景知识中未表明coach属性的客体应属于Infrastructure类，缺乏足够依据支持该range约束]",0,1,
sample_0412,range,The range of coach is Infrastructure.,"背景知识：
条目1：
- 名称：coach
- 类型：Property
- 简介：coach

条目2：
- 名称：Infrastructure
- 类型：Class
- 简介：infrastructure",0,ernie-4.5-turbo-128k,0.0,8192,https://api2.aigcbest.top/v1,"判断结果：[错误]
解释：[背景知识中未表明coach属性的客体应属于Infrastructure类，缺乏足够依据支持该range约束]",0,1,
sample_0413,range,"If a resource appears as the object of property coach, then it should belong to class Infrastructure.","背景知识：
条目1：
- 名称：coach
- 类型：Property
- 简介：coach

条目2：
- 名称：Infrastructure
- 类型：Class
- 简介：infrastructure",0,ernie-4.5-turbo-128k,0.0,8192,https://api2.aigcbest.top/v1,"判断结果：[正确]
解释：[根据公理描述，属性coach的客体应属于类Infrastructure，符合range的RDFS语义规则且与背景知识无冲突]",1,0,
sample_0414,range,"For any x and y, if x coach y holds, then y is an instance of Infrastructure.","背景知识：
条目1：
- 名称：coach
- 类型：Property
- 简介：coach

条目2：
- 名称：Infrastructure
- 类型：Class
- 简介：infrastructure",0,ernie-4.5-turbo-128k,0.0,8192,https://api2.aigcbest.top/v1,"判断结果：[错误]
解释：[背景知识未表明“coach”属性的客体应属于“Infrastructure”类，不符合range语义规则]",0,1,
sample_0415,range,Property coach can only point to objects of class Infrastructure.,"背景知识：
条目1：
- 名称：coach
- 类型：Property
- 简介：coach

条目2：
- 名称：Infrastructure
- 类型：Class
- 简介：infrastructure",0,ernie-4.5-turbo-128k,0.0,8192,https://api2.aigcbest.top/v1,"判断结果：[错误]
解释：[背景知识中仅说明coach是属性，未表明其range为Infrastructure，与公理中“只能指向Infrastructure类对象”的约束冲突。]",0,1,
sample_0416,range,range(college) = Infrastructure,"背景知识：
条目1：
- 名称：college
- 类型：Property
- 简介：college

条目2：
- 名称：Infrastructure
- 类型：Class
- 简介：infrastructure",0,ernie-4.5-turbo-128k,0.0,8192,https://api2.aigcbest.top/v1,"判断结果：[错误]
解释：[背景知识中college是属性，Infrastructure是类，但未表明college的客体应是Infrastructure类实例，此公理缺乏依据且不符合常规语义。]",0,1,
sample_0417,range,The range of college is Infrastructure.,"背景知识：
条目1：
- 名称：college
- 类型：Property
- 简介：college

条目2：
- 名称：Infrastructure
- 类型：Class
- 简介：infrastructure",0,ernie-4.5-turbo-128k,0.0,8192,https://api2.aigcbest.top/v1,"判断结果：[错误]
解释：[背景知识中college是属性，Infrastructure是类，但未表明college的客体一定是Infrastructure，仅根据现有背景知识无法得出该range关系合理，且缺乏足够语义支撑这种强制约束，所以该公理错误。]",0,1,
sample_0418,range,"If a resource appears as the object of property college, then it should belong to class Infrastructure.","背景知识：
条目1：
- 名称：college
- 类型：Property
- 简介：college

条目2：
- 名称：Infrastructure
- 类型：Class
- 简介：infrastructure",0,ernie-4.5-turbo-128k,0.0,8192,https://api2.aigcbest.top/v1,"判断结果：[错误]
解释：[背景知识中未表明属性college的客体应属于类Infrastructure，即无range约束信息表明此关系，不符合RDFS语义规则]",0,1,
sample_0419,range,"For any x and y, if x college y holds, then y is an instance of Infrastructure.","背景知识：
条目1：
- 名称：college
- 类型：Property
- 简介：college

条目2：
- 名称：Infrastructure
- 类型：Class
- 简介：infrastructure",0,ernie-4.5-turbo-128k,0.0,8192,https://api2.aigcbest.top/v1,"判断结果：[错误]
解释：[背景知识中未表明college属性的客体应是Infrastructure类的实例，不符合RDFS语义规则]",0,1,
sample_0420,range,Property college can only point to objects of class Infrastructure.,"背景知识：
条目1：
- 名称：college
- 类型：Property
- 简介：college

条目2：
- 名称：Infrastructure
- 类型：Class
- 简介：infrastructure",0,ernie-4.5-turbo-128k,0.0,8192,https://api2.aigcbest.top/v1,"判断结果：[错误]
解释：[背景知识中college是属性，但未说明其range为Infrastructure类，根据RDFS语义规则无法得出该约束，与公理描述冲突。]",0,1,
sample_0421,range,range(commandStructure) = MilitaryUnit,"背景知识：
条目1：
- 名称：commandStructure
- 类型：Property
- 简介：command structure

条目2：
- 名称：MilitaryUnit
- 类型：Class
- 简介：military unit",1,ernie-4.5-turbo-128k,0.0,8192,https://api2.aigcbest.top/v1,"判断结果：[错误]
解释：[背景知识未表明commandStructure属性的客体必须是MilitaryUnit类实例，无法得出该range约束合理]",0,0,
sample_0422,range,The range of commandStructure is MilitaryUnit.,"背景知识：
条目1：
- 名称：commandStructure
- 类型：Property
- 简介：command structure

条目2：
- 名称：MilitaryUnit
- 类型：Class
- 简介：military unit",1,ernie-4.5-turbo-128k,0.0,8192,https://api2.aigcbest.top/v1,"判断结果：[正确]
解释：[根据背景知识，commandStructure是属性，MilitaryUnit是类，公理表示commandStructure属性的客体应属于MilitaryUnit类，符合range的语义规则且与背景知识无冲突。]",1,1,
sample_0423,range,"If a resource appears as the object of property commandStructure, then it should belong to class MilitaryUnit.","背景知识：
条目1：
- 名称：commandStructure
- 类型：Property
- 简介：command structure

条目2：
- 名称：MilitaryUnit
- 类型：Class
- 简介：military unit",1,ernie-4.5-turbo-128k,0.0,8192,https://api2.aigcbest.top/v1,"判断结果：[正确]
解释：[根据公理描述，commandStructure属性的客体应属于MilitaryUnit类，符合RDFS中range的语义规则，且与背景知识无冲突]",1,1,
sample_0424,range,"For any x and y, if x commandStructure y holds, then y is an instance of MilitaryUnit.","背景知识：
条目1：
- 名称：commandStructure
- 类型：Property
- 简介：command structure

条目2：
- 名称：MilitaryUnit
- 类型：Class
- 简介：military unit",1,ernie-4.5-turbo-128k,0.0,8192,https://api2.aigcbest.top/v1,"判断结果：[错误]
解释：[公理表示commandStructure属性的客体是MilitaryUnit的实例，但背景知识未给出commandStructure的range是MilitaryUnit，无法得出该结论]",0,0,
sample_0425,range,Property commandStructure can only point to objects of class MilitaryUnit.,"背景知识：
条目1：
- 名称：commandStructure
- 类型：Property
- 简介：command structure

条目2：
- 名称：MilitaryUnit
- 类型：Class
- 简介：military unit",1,ernie-4.5-turbo-128k,0.0,8192,https://api2.aigcbest.top/v1,"判断结果：[正确]
解释：[根据RDFS的range语义规则，该公理表明属性commandStructure的客体应属于类MilitaryUnit，与背景知识不冲突且符合语义规则。]",1,1,
sample_0426,range,range(commandStructure) = Rocket,"背景知识：
条目1：
- 名称：commandStructure
- 类型：Property
- 简介：command structure

条目2：
- 名称：Rocket
- 类型：Class
- 简介：rocket",0,ernie-4.5-turbo-128k,0.0,8192,https://api2.aigcbest.top/v1,"判断结果：[错误]
解释：[背景知识未表明commandStructure属性的客体应为Rocket类，缺乏足够信息支持该range约束]",0,1,
sample_0427,range,The range of commandStructure is Rocket.,"背景知识：
条目1：
- 名称：commandStructure
- 类型：Property
- 简介：command structure

条目2：
- 名称：Rocket
- 类型：Class
- 简介：rocket",0,ernie-4.5-turbo-128k,0.0,8192,https://api2.aigcbest.top/v1,"判断结果：[正确]
解释：[根据背景知识，commandStructure是属性，Rocket是类，公理表示commandStructure属性的客体应属于Rocket类，符合range的语义规则且与背景知识无冲突。]",1,0,
sample_0428,range,"If a resource appears as the object of property commandStructure, then it should belong to class Rocket.","背景知识：
条目1：
- 名称：commandStructure
- 类型：Property
- 简介：command structure

条目2：
- 名称：Rocket
- 类型：Class
- 简介：rocket",0,ernie-4.5-turbo-128k,0.0,8192,https://api2.aigcbest.top/v1,"判断结果：[错误]
解释：[根据公理描述应为commandStructure的range是Rocket，但背景知识未给出该range约束信息，无法直接得出此结论，按现有信息此公理缺乏依据。]",0,1,
sample_0429,range,"For any x and y, if x commandStructure y holds, then y is an instance of Rocket.","背景知识：
条目1：
- 名称：commandStructure
- 类型：Property
- 简介：command structure

条目2：
- 名称：Rocket
- 类型：Class
- 简介：rocket",0,ernie-4.5-turbo-128k,0.0,8192,https://api2.aigcbest.top/v1,"判断结果：[错误]
解释：[背景知识未表明commandStructure属性的客体必须是Rocket类的实例，不符合语义规则]",0,1,
sample_0430,range,Property commandStructure can only point to objects of class Rocket.,"背景知识：
条目1：
- 名称：commandStructure
- 类型：Property
- 简介：command structure

条目2：
- 名称：Rocket
- 类型：Class
- 简介：rocket",0,ernie-4.5-turbo-128k,0.0,8192,https://api2.aigcbest.top/v1,"判断结果：[正确]
解释：[根据背景知识，commandStructure是属性，Rocket是类，公理表示commandStructure属性的客体应是Rocket类实例，符合range的RDFS语义规则。]",1,0,
sample_0431,range,range(company) = BroadcastNetwork,"背景知识：
条目1：
- 名称：company
- 类型：Property
- 简介：company

条目2：
- 名称：BroadcastNetwork
- 类型：Class
- 简介：A broadcast network is an organization, such as a corporation or other association, that provides live or recorded content, such as movies, newscasts, sports, and public affairs programs for broadcast over a group of radio or television sta...",0,ernie-4.5-turbo-128k,0.0,8192,https://api2.aigcbest.top/v1,"判断结果：[错误]
解释：[根据背景知识，company是属性，但无法从简介推断其客体一定是BroadcastNetwork类，与range语义规则及背景知识冲突]",0,1,
sample_0432,range,The range of company is BroadcastNetwork.,"背景知识：
条目1：
- 名称：company
- 类型：Property
- 简介：company

条目2：
- 名称：BroadcastNetwork
- 类型：Class
- 简介：A broadcast network is an organization, such as a corporation or other association, that provides live or recorded content, such as movies, newscasts, sports, and public affairs programs for broadcast over a group of radio or television sta...",0,ernie-4.5-turbo-128k,0.0,8192,https://api2.aigcbest.top/v1,"判断结果：[错误]
解释：[背景知识中company是属性，但未表明其与BroadcastNetwork存在客体类为BroadcastNetwork的语义关系，且常识中company的客体不一定是BroadcastNetwork，不符合range语义规则]",0,1,
sample_0433,range,"If a resource appears as the object of property company, then it should belong to class BroadcastNetwork.","背景知识：
条目1：
- 名称：company
- 类型：Property
- 简介：company

条目2：
- 名称：BroadcastNetwork
- 类型：Class
- 简介：A broadcast network is an organization, such as a corporation or other association, that provides live or recorded content, such as movies, newscasts, sports, and public affairs programs for broadcast over a group of radio or television sta...",0,ernie-4.5-turbo-128k,0.0,8192,https://api2.aigcbest.top/v1,"判断结果：[错误]
解释：[背景知识未表明属性company的客体应属于类BroadcastNetwork，不符合range语义规则]",0,1,
sample_0434,range,"For any x and y, if x company y holds, then y is an instance of BroadcastNetwork.","背景知识：
条目1：
- 名称：company
- 类型：Property
- 简介：company

条目2：
- 名称：BroadcastNetwork
- 类型：Class
- 简介：A broadcast network is an organization, such as a corporation or other association, that provides live or recorded content, such as movies, newscasts, sports, and public affairs programs for broadcast over a group of radio or television sta...",0,ernie-4.5-turbo-128k,0.0,8192,https://api2.aigcbest.top/v1,"判断结果：[错误]
解释：[背景知识中“company”是属性，仅表明其是属性无法直接推出其主体或客体与“BroadcastNetwork”类的实例关系，不符合RDFS语义规则。]",0,1,
sample_0435,range,Property company can only point to objects of class BroadcastNetwork.,"背景知识：
条目1：
- 名称：company
- 类型：Property
- 简介：company

条目2：
- 名称：BroadcastNetwork
- 类型：Class
- 简介：A broadcast network is an organization, such as a corporation or other association, that provides live or recorded content, such as movies, newscasts, sports, and public affairs programs for broadcast over a group of radio or television sta...",0,ernie-4.5-turbo-128k,0.0,8192,https://api2.aigcbest.top/v1,"判断结果：[错误]
解释：[根据RDFS语义规则，表示属性客体类约束的应为range，而背景知识中company是Property，未说明其range为BroadcastNetwork，所以该公理错误。]",0,1,
sample_0436,range,range(constituencyDistrict) = PopulatedPlace,"背景知识：
条目1：
- 名称：constituencyDistrict
- 类型：Property
- 简介：constituency district

条目2：
- 名称：PopulatedPlace
- 类型：Class
- 简介：As defined by the United States Geological Survey, a populated place is a place or area with clustered or scattered buildings and a permanent human population (city, settlement, town, or village) referenced with geographic coordinates (http...",1,ernie-4.5-turbo-128k,0.0,8192,https://api2.aigcbest.top/v1,"判断结果：[错误]
解释：[背景知识未表明constituencyDistrict属性的客体必须是PopulatedPlace类实例，缺乏语义关联支持该range约束]",0,0,
sample_0437,range,The range of constituencyDistrict is PopulatedPlace.,"背景知识：
条目1：
- 名称：constituencyDistrict
- 类型：Property
- 简介：constituency district

条目2：
- 名称：PopulatedPlace
- 类型：Class
- 简介：As defined by the United States Geological Survey, a populated place is a place or area with clustered or scattered buildings and a permanent human population (city, settlement, town, or village) referenced with geographic coordinates (http...",1,ernie-4.5-turbo-128k,0.0,8192,https://api2.aigcbest.top/v1,"判断结果：[正确]
解释：[根据背景知识，constituencyDistrict是属性，PopulatedPlace是类，公理表示constituencyDistrict属性的客体应属于PopulatedPlace类，符合range的语义规则且与背景知识无冲突]",1,1,
sample_0438,range,"If a resource appears as the object of property constituencyDistrict, then it should belong to class PopulatedPlace.","背景知识：
条目1：
- 名称：constituencyDistrict
- 类型：Property
- 简介：constituency district

条目2：
- 名称：PopulatedPlace
- 类型：Class
- 简介：As defined by the United States Geological Survey, a populated place is a place or area with clustered or scattered buildings and a permanent human population (city, settlement, town, or village) referenced with geographic coordinates (http...",1,ernie-4.5-turbo-128k,0.0,8192,https://api2.aigcbest.top/v1,"判断结果：[正确]
解释：[根据公理描述，constituencyDistrict属性的客体应属于PopulatedPlace类，符合range的RDFS语义规则，且与背景知识不冲突]",1,1,
sample_0439,range,"For any x and y, if x constituencyDistrict y holds, then y is an instance of PopulatedPlace.","背景知识：
条目1：
- 名称：constituencyDistrict
- 类型：Property
- 简介：constituency district

条目2：
- 名称：PopulatedPlace
- 类型：Class
- 简介：As defined by the United States Geological Survey, a populated place is a place or area with clustered or scattered buildings and a permanent human population (city, settlement, town, or village) referenced with geographic coordinates (http...",1,ernie-4.5-turbo-128k,0.0,8192,https://api2.aigcbest.top/v1,"判断结果：[错误]
解释：[根据背景知识，无法得出constituencyDistrict属性的客体y一定是PopulatedPlace类的实例，背景知识未建立此语义约束]",0,0,
sample_0440,range,Property constituencyDistrict can only point to objects of class PopulatedPlace.,"背景知识：
条目1：
- 名称：constituencyDistrict
- 类型：Property
- 简介：constituency district

条目2：
- 名称：PopulatedPlace
- 类型：Class
- 简介：As defined by the United States Geological Survey, a populated place is a place or area with clustered or scattered buildings and a permanent human population (city, settlement, town, or village) referenced with geographic coordinates (http...",1,ernie-4.5-turbo-128k,0.0,8192,https://api2.aigcbest.top/v1,"判断结果：[正确]
解释：[根据range语义规则，该公理表明属性constituencyDistrict的客体应属于类PopulatedPlace，与背景知识不冲突且符合语义约束。]",1,1,
sample_0441,range,range(countryWithFirstSatellite) = Country,"背景知识：
条目1：
- 名称：countryWithFirstSatellite
- 类型：Property
- 简介：country with first satellite

条目2：
- 名称：Country
- 类型：Class
- 简介：country",1,ernie-4.5-turbo-128k,0.0,8192,https://api2.aigcbest.top/v1,"判断结果：[正确]
解释：[根据背景知识，countryWithFirstSatellite是属性，Country是类，range公理表示属性countryWithFirstSatellite的客体应属于Country类，符合语义规则且无冲突]",1,1,
sample_0442,range,The range of countryWithFirstSatellite is Country.,"背景知识：
条目1：
- 名称：countryWithFirstSatellite
- 类型：Property
- 简介：country with first satellite

条目2：
- 名称：Country
- 类型：Class
- 简介：country",1,ernie-4.5-turbo-128k,0.0,8192,https://api2.aigcbest.top/v1,"判断结果：[正确]
解释：[根据背景知识，countryWithFirstSatellite是属性，Country是类，该公理表示countryWithFirstSatellite属性的客体应属于Country类，符合range的语义规则且与背景知识不冲突。]",1,1,
sample_0443,range,"If a resource appears as the object of property countryWithFirstSatellite, then it should belong to class Country.","背景知识：
条目1：
- 名称：countryWithFirstSatellite
- 类型：Property
- 简介：country with first satellite

条目2：
- 名称：Country
- 类型：Class
- 简介：country",1,ernie-4.5-turbo-128k,0.0,8192,https://api2.aigcbest.top/v1,"判断结果：[正确]
解释：[根据RDFS的range语义规则，公理表明countryWithFirstSatellite属性的客体应属于Country类，与range约束一致，合理。]",1,1,
sample_0444,range,"For any x and y, if x countryWithFirstSatellite y holds, then y is an instance of Country.","背景知识：
条目1：
- 名称：countryWithFirstSatellite
- 类型：Property
- 简介：country with first satellite

条目2：
- 名称：Country
- 类型：Class
- 简介：country",1,ernie-4.5-turbo-128k,0.0,8192,https://api2.aigcbest.top/v1,"判断结果：[错误]
解释：[根据背景知识，countryWithFirstSatellite是属性，公理中描述的语义关系应是countryWithFirstSatellite的客体（y）所属类，但按照公理逻辑却表明主体（x）无相关约束而客体（y）是Country实例，结合range语义规则，此公理错误，应是若x countryWithFirstSatellite y成立，x应是Country实例（假设存在合理domain设定） ，而非y是Country实例 。]",0,0,
sample_0445,range,Property countryWithFirstSatellite can only point to objects of class Country.,"背景知识：
条目1：
- 名称：countryWithFirstSatellite
- 类型：Property
- 简介：country with first satellite

条目2：
- 名称：Country
- 类型：Class
- 简介：country",1,ernie-4.5-turbo-128k,0.0,8192,https://api2.aigcbest.top/v1,"判断结果：[正确]
解释：[根据range语义规则，该公理表明属性countryWithFirstSatellite的客体应属于类Country，与背景知识不冲突且符合语义规则]",1,1,
sample_0446,range,range(creatorOfDish) = Person,"背景知识：
条目1：
- 名称：creatorOfDish
- 类型：Property
- 简介：The person that creates (invents) the food (eg. Caesar Cardini is the creator of the Caesar salad).

条目2：
- 名称：Person
- 类型：Class
- 简介：person",1,ernie-4.5-turbo-128k,0.0,8192,https://api2.aigcbest.top/v1,"判断结果：[正确]
解释：[根据背景知识，creatorOfDish属性的客体应是创造食物的人，属于Person类，符合range的语义规则。]",1,1,
sample_0447,range,The range of creatorOfDish is Person.,"背景知识：
条目1：
- 名称：creatorOfDish
- 类型：Property
- 简介：The person that creates (invents) the food (eg. Caesar Cardini is the creator of the Caesar salad).

条目2：
- 名称：Person
- 类型：Class
- 简介：person",1,ernie-4.5-turbo-128k,0.0,8192,https://api2.aigcbest.top/v1,"判断结果：[正确]
解释：[creatorOfDish的客体应是创造菜品的人，根据背景知识，人属于Person类，符合range的语义规则]",1,1,
sample_0448,range,"If a resource appears as the object of property creatorOfDish, then it should belong to class Person.","背景知识：
条目1：
- 名称：creatorOfDish
- 类型：Property
- 简介：The person that creates (invents) the food (eg. Caesar Cardini is the creator of the Caesar salad).

条目2：
- 名称：Person
- 类型：Class
- 简介：person",1,ernie-4.5-turbo-128k,0.0,8192,https://api2.aigcbest.top/v1,"判断结果：[正确]
解释：[根据creatorOfDish的简介，其客体是创造食物的人，结合常识人属于Person类，符合range语义规则，即属性的客体应属于某一类，所以该公理合理]",1,1,
sample_0449,range,"For any x and y, if x creatorOfDish y holds, then y is an instance of Person.","背景知识：
条目1：
- 名称：creatorOfDish
- 类型：Property
- 简介：The person that creates (invents) the food (eg. Caesar Cardini is the creator of the Caesar salad).

条目2：
- 名称：Person
- 类型：Class
- 简介：person",1,ernie-4.5-turbo-128k,0.0,8192,https://api2.aigcbest.top/v1,"判断结果：[错误]
解释：[根据背景知识，creatorOfDish的客体应是食物而非Person，该公理与背景知识中属性的定义冲突]",0,0,
sample_0450,range,Property creatorOfDish can only point to objects of class Person.,"背景知识：
条目1：
- 名称：creatorOfDish
- 类型：Property
- 简介：The person that creates (invents) the food (eg. Caesar Cardini is the creator of the Caesar salad).

条目2：
- 名称：Person
- 类型：Class
- 简介：person",1,ernie-4.5-turbo-128k,0.0,8192,https://api2.aigcbest.top/v1,"判断结果：[错误]
解释：[根据背景知识，creatorOfDish的简介表明其主体是创造食物的人，客体应是食物，而非该公理所说的指向客体为Person，与语义规则和背景知识冲突。]",0,0,
sample_0451,range,range(cultivatedVariety) = CultivatedVariety,"背景知识：
条目1：
- 名称：cultivatedVariety
- 类型：Property
- 简介：Name of the cultivar (cultivated variety)

条目2：
- 名称：CultivatedVariety
- 类型：Class
- 简介：A cultivar is a plant or grouping of plants selected for desirable characteristics that can be maintained by propagation. A plant whose origin or selection is primarily due to intentional human activity.",1,ernie-4.5-turbo-128k,0.0,8192,https://api2.aigcbest.top/v1,"判断结果：[正确]
解释：[根据背景知识，cultivatedVariety属性表示栽培品种的名称，其客体应是CultivatedVariety类的实例，符合range的语义规则。]",1,1,
sample_0452,range,The range of cultivatedVariety is CultivatedVariety.,"背景知识：
条目1：
- 名称：cultivatedVariety
- 类型：Property
- 简介：Name of the cultivar (cultivated variety)

条目2：
- 名称：CultivatedVariety
- 类型：Class
- 简介：A cultivar is a plant or grouping of plants selected for desirable characteristics that can be maintained by propagation. A plant whose origin or selection is primarily due to intentional human activity.",1,ernie-4.5-turbo-128k,0.0,8192,https://api2.aigcbest.top/v1,"判断结果：[正确]
解释：[根据背景知识，cultivatedVariety是描述栽培品种名称的属性，其值域应为栽培品种这一类CultivatedVariety，符合range的语义规则。]",1,1,
sample_0453,range,"If a resource appears as the object of property cultivatedVariety, then it should belong to class CultivatedVariety.","背景知识：
条目1：
- 名称：cultivatedVariety
- 类型：Property
- 简介：Name of the cultivar (cultivated variety)

条目2：
- 名称：CultivatedVariety
- 类型：Class
- 简介：A cultivar is a plant or grouping of plants selected for desirable characteristics that can be maintained by propagation. A plant whose origin or selection is primarily due to intentional human activity.",1,ernie-4.5-turbo-128k,0.0,8192,https://api2.aigcbest.top/v1,"判断结果：[正确]
解释：[根据range语义规则，属性cultivatedVariety的客体应属于类CultivatedVariety，与公理描述一致。]",1,1,
sample_0454,range,"For any x and y, if x cultivatedVariety y holds, then y is an instance of CultivatedVariety.","背景知识：
条目1：
- 名称：cultivatedVariety
- 类型：Property
- 简介：Name of the cultivar (cultivated variety)

条目2：
- 名称：CultivatedVariety
- 类型：Class
- 简介：A cultivar is a plant or grouping of plants selected for desirable characteristics that can be maintained by propagation. A plant whose origin or selection is primarily due to intentional human activity.",1,ernie-4.5-turbo-128k,0.0,8192,https://api2.aigcbest.top/v1,"判断结果：[正确]
解释：[根据背景知识，cultivatedVariety属性表示栽培品种的名称，其客体应为CultivatedVariety类的实例，符合range语义规则]",1,1,
sample_0455,range,Property cultivatedVariety can only point to objects of class CultivatedVariety.,"背景知识：
条目1：
- 名称：cultivatedVariety
- 类型：Property
- 简介：Name of the cultivar (cultivated variety)

条目2：
- 名称：CultivatedVariety
- 类型：Class
- 简介：A cultivar is a plant or grouping of plants selected for desirable characteristics that can be maintained by propagation. A plant whose origin or selection is primarily due to intentional human activity.",1,ernie-4.5-turbo-128k,0.0,8192,https://api2.aigcbest.top/v1,"判断结果：[错误]
解释：[根据背景知识，cultivatedVariety是属性，其简介表明它表示栽培品种的名称，而非指向CultivatedVariety类的对象，与公理语义不符。]",0,0,
sample_0456,range,range(dean) = Broadcaster,"背景知识：
条目1：
- 名称：dean
- 类型：Property
- 简介：dean

条目2：
- 名称：Broadcaster
- 类型：Class
- 简介：A broadcaster is an organisation responsible for the production of radio or television programs and/or their transmission. (http://en.wikipedia.org/wiki/Broadcaster - 28/03/2011)",0,ernie-4.5-turbo-128k,0.0,8192,https://api2.aigcbest.top/v1,"判断结果：[错误]
解释：[根据背景知识，dean是属性，但未表明其客体应为Broadcaster类，缺乏足够信息支持该range约束，且常识中dean一般指院长等，客体非广播机构，与公理冲突]",0,1,
sample_0457,range,The range of dean is Broadcaster.,"背景知识：
条目1：
- 名称：dean
- 类型：Property
- 简介：dean

条目2：
- 名称：Broadcaster
- 类型：Class
- 简介：A broadcaster is an organisation responsible for the production of radio or television programs and/or their transmission. (http://en.wikipedia.org/wiki/Broadcaster - 28/03/2011)",0,ernie-4.5-turbo-128k,0.0,8192,https://api2.aigcbest.top/v1,"判断结果：[错误]
解释：[背景知识中“dean”是属性但未说明其与“Broadcaster”的关联，且按常识“dean”通常指院长，客体不应是“Broadcaster”，不符合range语义规则]",0,1,
sample_0458,range,"If a resource appears as the object of property dean, then it should belong to class Broadcaster.","背景知识：
条目1：
- 名称：dean
- 类型：Property
- 简介：dean

条目2：
- 名称：Broadcaster
- 类型：Class
- 简介：A broadcaster is an organisation responsible for the production of radio or television programs and/or their transmission. (http://en.wikipedia.org/wiki/Broadcaster - 28/03/2011)",0,ernie-4.5-turbo-128k,0.0,8192,https://api2.aigcbest.top/v1,"判断结果：[错误]
解释：[背景知识中未表明属性dean的客体应属于类Broadcaster，不符合range的语义规则]",0,1,
sample_0459,range,"For any x and y, if x dean y holds, then y is an instance of Broadcaster.","背景知识：
条目1：
- 名称：dean
- 类型：Property
- 简介：dean

条目2：
- 名称：Broadcaster
- 类型：Class
- 简介：A broadcaster is an organisation responsible for the production of radio or television programs and/or their transmission. (http://en.wikipedia.org/wiki/Broadcaster - 28/03/2011)",0,ernie-4.5-turbo-128k,0.0,8192,https://api2.aigcbest.top/v1,"判断结果：[错误]
解释：[背景知识中未表明dean属性的客体应是Broadcaster类的实例，不符合RDFS语义规则]",0,1,
sample_0460,range,Property dean can only point to objects of class Broadcaster.,"背景知识：
条目1：
- 名称：dean
- 类型：Property
- 简介：dean

条目2：
- 名称：Broadcaster
- 类型：Class
- 简介：A broadcaster is an organisation responsible for the production of radio or television programs and/or their transmission. (http://en.wikipedia.org/wiki/Broadcaster - 28/03/2011)",0,ernie-4.5-turbo-128k,0.0,8192,https://api2.aigcbest.top/v1,"判断结果：[错误]
解释：[根据RDFS语义规则，表示属性客体应属于某一类应使用range，而公理未使用range来声明属性dean的客体属于类Broadcaster，且背景知识未提供此约束信息，故错误。]",0,1,
sample_0461,subClassOf,caf_ ⊑ company,"背景知识：
条目1：
- 名称：caf_
- 类型：Class
- 简介：{%%s is a %s, café}
- 补充信息：generalizations: location, company

条目2：
- 名称：company
- 类型：Class
- 简介：{%%s is a %s, company}
- 补充信息：generalizations: organization",1,ernie-4.5-turbo-128k,0.0,8192,https://api2.aigcbest.top/v1,"判断结果：[正确]
解释：[根据背景知识，caf_的generalizations包含company，说明caf_是company的子类，符合subClassOf语义关系]",1,1,
sample_0462,subClassOf,caf_ is a subclass of company.,"背景知识：
条目1：
- 名称：caf_
- 类型：Class
- 简介：{%%s is a %s, café}
- 补充信息：generalizations: location, company

条目2：
- 名称：company
- 类型：Class
- 简介：{%%s is a %s, company}
- 补充信息：generalizations: organization",1,ernie-4.5-turbo-128k,0.0,8192,https://api2.aigcbest.top/v1,"判断结果：[正确]
解释：[根据背景知识，caf_的generalizations包含company，表明caf_是company的子类，符合subClassOf语义关系]",1,1,
sample_0463,subClassOf,Every instance of caf_ is also an instance of company.,"背景知识：
条目1：
- 名称：caf_
- 类型：Class
- 简介：{%%s is a %s, café}
- 补充信息：generalizations: location, company

条目2：
- 名称：company
- 类型：Class
- 简介：{%%s is a %s, company}
- 补充信息：generalizations: organization",1,ernie-4.5-turbo-128k,0.0,8192,https://api2.aigcbest.top/v1,"判断结果：[正确]
解释：[根据背景知识，caf_的generalizations包含company，即caf_是company的子类，符合subClassOf语义关系，所以每个caf_的实例也是company的实例。]",1,1,
sample_0464,subClassOf,"If an entity belongs to class caf_, then it also belongs to class company.","背景知识：
条目1：
- 名称：caf_
- 类型：Class
- 简介：{%%s is a %s, café}
- 补充信息：generalizations: location, company

条目2：
- 名称：company
- 类型：Class
- 简介：{%%s is a %s, company}
- 补充信息：generalizations: organization",1,ernie-4.5-turbo-128k,0.0,8192,https://api2.aigcbest.top/v1,"判断结果：[正确]
解释：[根据背景知识，caf_的generalizations包含company，表明caf_是company的子类，符合subClassOf语义关系，因此该公理正确]",1,1,
sample_0465,subClassOf,The class caf_ is included in the class company.,"背景知识：
条目1：
- 名称：caf_
- 类型：Class
- 简介：{%%s is a %s, café}
- 补充信息：generalizations: location, company

条目2：
- 名称：company
- 类型：Class
- 简介：{%%s is a %s, company}
- 补充信息：generalizations: organization",1,ernie-4.5-turbo-128k,0.0,8192,https://api2.aigcbest.top/v1,"判断结果：[正确]
解释：[背景知识表明caf_的generalizations包含company，即caf_是company的子类，符合subClassOf语义关系]",1,1,
sample_0466,subPropertyOf,agenthierarchicallyaboveagent ⊑p agentcontrols,"背景知识：
条目1：
- 名称：agenthierarchicallyaboveagent
- 类型：Class
- 简介：{%%s is hierarchically %s %%s, above}
- 补充信息：generalizations: agentcontrols, agentcollaborateswithagent | domain: agent | range: agent

条目2：
- 名称：agentcontrols
- 类型：Class
- 简介：{%%s %s %%s, controls}
- 补充信息：generalizations: relatedto | domain: agent | range: everypromotedthing",1,ernie-4.5-turbo-128k,0.0,8192,https://api2.aigcbest.top/v1,"判断结果：[错误]
解释：[agenthierarchicallyaboveagent和agentcontrols均为类，而subPropertyOf关系应用于属性间，此处概念类型不匹配]",0,0,
sample_0467,subPropertyOf,agenthierarchicallyaboveagent is a subproperty of agentcontrols.,"背景知识：
条目1：
- 名称：agenthierarchicallyaboveagent
- 类型：Class
- 简介：{%%s is hierarchically %s %%s, above}
- 补充信息：generalizations: agentcontrols, agentcollaborateswithagent | domain: agent | range: agent

条目2：
- 名称：agentcontrols
- 类型：Class
- 简介：{%%s %s %%s, controls}
- 补充信息：generalizations: relatedto | domain: agent | range: everypromotedthing",1,ernie-4.5-turbo-128k,0.0,8192,https://api2.aigcbest.top/v1,"判断结果：[错误]
解释：[agenthierarchicallyaboveagent和agentcontrols的range不同，分别为agent和everypromotedthing，不满足subPropertyOf的语义约束]",0,0,
sample_0468,subPropertyOf,"If two resources are related by agenthierarchicallyaboveagent, then they are also related by agentcontrols.","背景知识：
条目1：
- 名称：agenthierarchicallyaboveagent
- 类型：Class
- 简介：{%%s is hierarchically %s %%s, above}
- 补充信息：generalizations: agentcontrols, agentcollaborateswithagent | domain: agent | range: agent

条目2：
- 名称：agentcontrols
- 类型：Class
- 简介：{%%s %s %%s, controls}
- 补充信息：generalizations: relatedto | domain: agent | range: everypromotedthing",1,ernie-4.5-turbo-128k,0.0,8192,https://api2.aigcbest.top/v1,"判断结果：[错误]
解释：[背景知识表明agenthierarchicallyaboveagent是agentcontrols和agentcollaborateswithagent的泛化，并非直接推出相关资源一定由agentcontrols关联，不符合语义规则。]",0,0,
sample_0469,subPropertyOf,"For any x and y, if x agenthierarchicallyaboveagent y holds, then x agentcontrols y also holds.","背景知识：
条目1：
- 名称：agenthierarchicallyaboveagent
- 类型：Class
- 简介：{%%s is hierarchically %s %%s, above}
- 补充信息：generalizations: agentcontrols, agentcollaborateswithagent | domain: agent | range: agent

条目2：
- 名称：agentcontrols
- 类型：Class
- 简介：{%%s %s %%s, controls}
- 补充信息：generalizations: relatedto | domain: agent | range: everypromotedthing",1,ernie-4.5-turbo-128k,0.0,8192,https://api2.aigcbest.top/v1,"判断结果：[错误]
解释：[背景知识中agenthierarchicallyaboveagent的generalizations是agentcontrols和agentcollaborateswithagent，不能直接推出x agenthierarchicallyaboveagent y成立时x agentcontrols y一定成立，且未表明这种必然蕴含关系符合RDFS语义规则]",0,0,
sample_0470,subPropertyOf,The property agenthierarchicallyaboveagent is more specific than the property agentcontrols.,"背景知识：
条目1：
- 名称：agenthierarchicallyaboveagent
- 类型：Class
- 简介：{%%s is hierarchically %s %%s, above}
- 补充信息：generalizations: agentcontrols, agentcollaborateswithagent | domain: agent | range: agent

条目2：
- 名称：agentcontrols
- 类型：Class
- 简介：{%%s %s %%s, controls}
- 补充信息：generalizations: relatedto | domain: agent | range: everypromotedthing",1,ernie-4.5-turbo-128k,0.0,8192,https://api2.aigcbest.top/v1,"判断结果：[正确]
解释：[背景知识中表明agenthierarchicallyaboveagent是agentcontrols的一般化（generalizations）关系的反向体现，即agenthierarchicallyaboveagent比agentcontrols更具体，符合公理语义。]",1,1,
sample_0471,subPropertyOf,bombingvictim ⊑p relatedto,"背景知识：
条目1：
- 名称：bombingvictim
- 类型：Class
- 简介：bombingvictim is a class in the NELL knowledge base.
- 补充信息：generalizations: relatedto | domain: bombingevent | range: person

条目2：
- 名称：relatedto
- 类型：Class
- 简介：{%%s is somehow %s %%s, related to}
- 补充信息：generalizations: slot | domain: everypromotedthing | range: everypromotedthing",1,ernie-4.5-turbo-128k,0.0,8192,https://api2.aigcbest.top/v1,"判断结果：[错误]
解释：[bombingvictim是类，relatedto在背景知识中也是类，而subPropertyOf关系要求两边都应为属性，因此该公理错误]",0,0,
sample_0472,subPropertyOf,bombingvictim is a subproperty of relatedto.,"背景知识：
条目1：
- 名称：bombingvictim
- 类型：Class
- 简介：bombingvictim is a class in the NELL knowledge base.
- 补充信息：generalizations: relatedto | domain: bombingevent | range: person

条目2：
- 名称：relatedto
- 类型：Class
- 简介：{%%s is somehow %s %%s, related to}
- 补充信息：generalizations: slot | domain: everypromotedthing | range: everypromotedthing",1,ernie-4.5-turbo-128k,0.0,8192,https://api2.aigcbest.top/v1,"判断结果：[错误]
解释：[bombingvictim是类而非属性，不能作为relatedto的子属性，与RDFS语义规则冲突。]",0,0,
sample_0473,subPropertyOf,"If two resources are related by bombingvictim, then they are also related by relatedto.","背景知识：
条目1：
- 名称：bombingvictim
- 类型：Class
- 简介：bombingvictim is a class in the NELL knowledge base.
- 补充信息：generalizations: relatedto | domain: bombingevent | range: person

条目2：
- 名称：relatedto
- 类型：Class
- 简介：{%%s is somehow %s %%s, related to}
- 补充信息：generalizations: slot | domain: everypromotedthing | range: everypromotedthing",1,ernie-4.5-turbo-128k,0.0,8192,https://api2.aigcbest.top/v1,"判断结果：[错误]
解释：[bombingvictim是类而非属性，无法直接用于描述资源间的关系，与公理中将其作为关系属性的语义不符]",0,0,
sample_0474,subPropertyOf,"For any x and y, if x bombingvictim y holds, then x relatedto y also holds.","背景知识：
条目1：
- 名称：bombingvictim
- 类型：Class
- 简介：bombingvictim is a class in the NELL knowledge base.
- 补充信息：generalizations: relatedto | domain: bombingevent | range: person

条目2：
- 名称：relatedto
- 类型：Class
- 简介：{%%s is somehow %s %%s, related to}
- 补充信息：generalizations: slot | domain: everypromotedthing | range: everypromotedthing",1,ernie-4.5-turbo-128k,0.0,8192,https://api2.aigcbest.top/v1,"判断结果：[错误]
解释：[背景知识中bombingvictim是类，而公理将其当作属性使用，与语义规则冲突。]",0,0,
sample_0475,subPropertyOf,The property bombingvictim is more specific than the property relatedto.,"背景知识：
条目1：
- 名称：bombingvictim
- 类型：Class
- 简介：bombingvictim is a class in the NELL knowledge base.
- 补充信息：generalizations: relatedto | domain: bombingevent | range: person

条目2：
- 名称：relatedto
- 类型：Class
- 简介：{%%s is somehow %s %%s, related to}
- 补充信息：generalizations: slot | domain: everypromotedthing | range: everypromotedthing",1,ernie-4.5-turbo-128k,0.0,8192,https://api2.aigcbest.top/v1,"判断结果：[错误]
解释：[背景知识中bombingvictim是Class而非Property，与公理中将其作为property比较的描述冲突。]",0,0,
sample_0476,subPropertyOf,buildingbelongstoorganization ⊑p locationactedinbyorganization,"背景知识：
条目1：
- 名称：buildingbelongstoorganization
- 类型：Class
- 简介：{%%s %s %%s, is a building belonging to}
- 补充信息：generalizations: locationactedinbyorganization | domain: building | range: organization

条目2：
- 名称：locationactedinbyorganization
- 类型：Class
- 简介：locationactedinbyorganization is a class in the NELL knowledge base.
- 补充信息：generalizations: locationactedinbyagent | domain: location | range: organization",1,ernie-4.5-turbo-128k,0.0,8192,https://api2.aigcbest.top/v1,"判断结果：[错误]
解释：[buildingbelongstoorganization是类，locationactedinbyorganization也是类，而subPropertyOf（⊑p）表示属性之间的包含关系，不能用于类之间，违反语义规则]",0,0,
sample_0477,subPropertyOf,buildingbelongstoorganization is a subproperty of locationactedinbyorganization.,"背景知识：
条目1：
- 名称：buildingbelongstoorganization
- 类型：Class
- 简介：{%%s %s %%s, is a building belonging to}
- 补充信息：generalizations: locationactedinbyorganization | domain: building | range: organization

条目2：
- 名称：locationactedinbyorganization
- 类型：Class
- 简介：locationactedinbyorganization is a class in the NELL knowledge base.
- 补充信息：generalizations: locationactedinbyagent | domain: location | range: organization",1,ernie-4.5-turbo-128k,0.0,8192,https://api2.aigcbest.top/v1,"判断结果：[错误]
解释：[buildingbelongstoorganization和locationactedinbyorganization均为类，而非属性，因此不能构成subPropertyOf关系]",0,0,
sample_0478,subPropertyOf,"If two resources are related by buildingbelongstoorganization, then they are also related by locationactedinbyorganization.","背景知识：
条目1：
- 名称：buildingbelongstoorganization
- 类型：Class
- 简介：{%%s %s %%s, is a building belonging to}
- 补充信息：generalizations: locationactedinbyorganization | domain: building | range: organization

条目2：
- 名称：locationactedinbyorganization
- 类型：Class
- 简介：locationactedinbyorganization is a class in the NELL knowledge base.
- 补充信息：generalizations: locationactedinbyagent | domain: location | range: organization",1,ernie-4.5-turbo-128k,0.0,8192,https://api2.aigcbest.top/v1,"判断结果：[错误]
解释：[buildingbelongstoorganization和locationactedinbyorganization是不同的类，一个资源对通过buildingbelongstoorganization关联并不意味着也通过locationactedinbyorganization关联，背景知识未表明二者有这种推理关系，不符合RDFS语义规则。]",0,0,
sample_0479,subPropertyOf,"For any x and y, if x buildingbelongstoorganization y holds, then x locationactedinbyorganization y also holds.","背景知识：
条目1：
- 名称：buildingbelongstoorganization
- 类型：Class
- 简介：{%%s %s %%s, is a building belonging to}
- 补充信息：generalizations: locationactedinbyorganization | domain: building | range: organization

条目2：
- 名称：locationactedinbyorganization
- 类型：Class
- 简介：locationactedinbyorganization is a class in the NELL knowledge base.
- 补充信息：generalizations: locationactedinbyagent | domain: location | range: organization",1,ernie-4.5-turbo-128k,0.0,8192,https://api2.aigcbest.top/v1,"判断结果：[错误]
解释：[buildingbelongstoorganization和locationactedinbyorganization是不同的类，一个建筑属于一个组织不能推出该建筑是组织进行活动的地点，与背景知识和语义规则冲突。]",0,0,
sample_0480,subPropertyOf,The property buildingbelongstoorganization is more specific than the property locationactedinbyorganization.,"背景知识：
条目1：
- 名称：buildingbelongstoorganization
- 类型：Class
- 简介：{%%s %s %%s, is a building belonging to}
- 补充信息：generalizations: locationactedinbyorganization | domain: building | range: organization

条目2：
- 名称：locationactedinbyorganization
- 类型：Class
- 简介：locationactedinbyorganization is a class in the NELL knowledge base.
- 补充信息：generalizations: locationactedinbyagent | domain: location | range: organization",1,ernie-4.5-turbo-128k,0.0,8192,https://api2.aigcbest.top/v1,"判断结果：[正确]
解释：[根据背景知识，buildingbelongstoorganization的generalizations是locationactedinbyorganization，说明buildingbelongstoorganization是locationactedinbyorganization的特化，即更具体，符合subPropertyOf语义关系。]",1,1,
sample_0481,subPropertyOf,cityhostsattraction ⊑p cityattractions,"背景知识：
条目1：
- 名称：cityhostsattraction
- 类型：Unknown
- 简介：Attraction occurs in the city
- 补充信息：generalizations: cityattractions | domain: city | range: attraction

条目2：
- 名称：cityattractions
- 类型：Unknown
- 简介：The city that an attraction is located in
- 补充信息：generalizations: locationcontainslocation | domain: city | range: attraction",1,ernie-4.5-turbo-128k,0.0,8192,https://api2.aigcbest.top/v1,"判断结果：[错误]
解释：[cityhostsattraction和cityattractions在背景知识中均作为关系描述，且无信息表明cityhostsattraction是cityattractions的子属性，不符合subPropertyOf语义规则]",0,0,
sample_0482,subPropertyOf,cityhostsattraction is a subproperty of cityattractions.,"背景知识：
条目1：
- 名称：cityhostsattraction
- 类型：Unknown
- 简介：Attraction occurs in the city
- 补充信息：generalizations: cityattractions | domain: city | range: attraction

条目2：
- 名称：cityattractions
- 类型：Unknown
- 简介：The city that an attraction is located in
- 补充信息：generalizations: locationcontainslocation | domain: city | range: attraction",1,ernie-4.5-turbo-128k,0.0,8192,https://api2.aigcbest.top/v1,"判断结果：[错误]
解释：[背景知识中未表明cityhostsattraction和cityattractions存在subPropertyOf的语义关系，且二者简介不同，不符合属性包含关系]",0,0,
sample_0483,subPropertyOf,"If two resources are related by cityhostsattraction, then they are also related by cityattractions.","背景知识：
条目1：
- 名称：cityhostsattraction
- 类型：Unknown
- 简介：Attraction occurs in the city
- 补充信息：generalizations: cityattractions | domain: city | range: attraction

条目2：
- 名称：cityattractions
- 类型：Unknown
- 简介：The city that an attraction is located in
- 补充信息：generalizations: locationcontainslocation | domain: city | range: attraction",1,ernie-4.5-turbo-128k,0.0,8192,https://api2.aigcbest.top/v1,"判断结果：[正确]
解释：[根据背景知识，cityhostsattraction和cityattractions的domain均为city，range均为attraction，且cityhostsattraction是cityattractions的generalization，可推理出若两资源通过cityhostsattraction关联，则也通过cityattractions关联，符合RDFS语义规则。]",1,1,
sample_0484,subPropertyOf,"For any x and y, if x cityhostsattraction y holds, then x cityattractions y also holds.","背景知识：
条目1：
- 名称：cityhostsattraction
- 类型：Unknown
- 简介：Attraction occurs in the city
- 补充信息：generalizations: cityattractions | domain: city | range: attraction

条目2：
- 名称：cityattractions
- 类型：Unknown
- 简介：The city that an attraction is located in
- 补充信息：generalizations: locationcontainslocation | domain: city | range: attraction",1,ernie-4.5-turbo-128k,0.0,8192,https://api2.aigcbest.top/v1,"判断结果：[正确]
解释：[根据背景知识，cityhostsattraction和cityattractions的domain均为city，range均为attraction，且语义上均表示城市与景点间的关联，cityhostsattraction可合理推出cityattractions关系，符合语义逻辑。]",1,1,
sample_0485,subPropertyOf,The property cityhostsattraction is more specific than the property cityattractions.,"背景知识：
条目1：
- 名称：cityhostsattraction
- 类型：Unknown
- 简介：Attraction occurs in the city
- 补充信息：generalizations: cityattractions | domain: city | range: attraction

条目2：
- 名称：cityattractions
- 类型：Unknown
- 简介：The city that an attraction is located in
- 补充信息：generalizations: locationcontainslocation | domain: city | range: attraction",1,ernie-4.5-turbo-128k,0.0,8192,https://api2.aigcbest.top/v1,"判断结果：[正确]
解释：[背景知识中cityhostsattraction和cityattractions的generalizations关系表明cityhostsattraction是cityattractions的特化，符合subPropertyOf语义规则]",1,1,
sample_0486,subPropertyOf,citysportsteams ⊑p proxyfor,"背景知识：
条目1：
- 名称：citysportsteams
- 类型：Class
- 简介：citysportsteams is a class in the NELL knowledge base.
- 补充信息：generalizations: proxyfor, locationactedinbyorganization | domain: city | range: sportsteam

条目2：
- 名称：proxyfor
- 类型：Class
- 简介：{%%s is a %s for %%s, proxy}
- 补充信息：generalizations: mutualproxyfor | domain: everypromotedthing | range: everypromotedthing",1,ernie-4.5-turbo-128k,0.0,8192,https://api2.aigcbest.top/v1,"判断结果：[错误]
解释：[citysportsteams是一个类，而proxyfor也是一个类，subPropertyOf应用于属性之间，不能用于类之间，因此该公理错误。]",0,0,
sample_0487,subPropertyOf,citysportsteams is a subproperty of proxyfor.,"背景知识：
条目1：
- 名称：citysportsteams
- 类型：Class
- 简介：citysportsteams is a class in the NELL knowledge base.
- 补充信息：generalizations: proxyfor, locationactedinbyorganization | domain: city | range: sportsteam

条目2：
- 名称：proxyfor
- 类型：Class
- 简介：{%%s is a %s for %%s, proxy}
- 补充信息：generalizations: mutualproxyfor | domain: everypromotedthing | range: everypromotedthing",1,ernie-4.5-turbo-128k,0.0,8192,https://api2.aigcbest.top/v1,"判断结果：[错误]
解释：[citysportsteams是一个类，而proxyfor也是一个类，subPropertyOf用于表示属性间的包含关系，不能用于类之间，所以该公理错误。]",0,0,
sample_0488,subPropertyOf,"If two resources are related by citysportsteams, then they are also related by proxyfor.","背景知识：
条目1：
- 名称：citysportsteams
- 类型：Class
- 简介：citysportsteams is a class in the NELL knowledge base.
- 补充信息：generalizations: proxyfor, locationactedinbyorganization | domain: city | range: sportsteam

条目2：
- 名称：proxyfor
- 类型：Class
- 简介：{%%s is a %s for %%s, proxy}
- 补充信息：generalizations: mutualproxyfor | domain: everypromotedthing | range: everypromotedthing",1,ernie-4.5-turbo-128k,0.0,8192,https://api2.aigcbest.top/v1,"判断结果：[错误]
解释：[背景知识表明citysportsteams是类，而proxyfor也是类，subPropertyOf关系才涉及资源间通过不同属性关联，此处不能用类间关系推断资源通过不同类关联，违反语义规则。]",0,0,
sample_0489,subPropertyOf,"For any x and y, if x citysportsteams y holds, then x proxyfor y also holds.","背景知识：
条目1：
- 名称：citysportsteams
- 类型：Class
- 简介：citysportsteams is a class in the NELL knowledge base.
- 补充信息：generalizations: proxyfor, locationactedinbyorganization | domain: city | range: sportsteam

条目2：
- 名称：proxyfor
- 类型：Class
- 简介：{%%s is a %s for %%s, proxy}
- 补充信息：generalizations: mutualproxyfor | domain: everypromotedthing | range: everypromotedthing",1,ernie-4.5-turbo-128k,0.0,8192,https://api2.aigcbest.top/v1,"判断结果：[错误]
解释：[citysportsteams和proxyfor是不同的类，背景知识未表明它们之间存在蕴含关系，该公理违反语义规则。]",0,0,
sample_0490,subPropertyOf,The property citysportsteams is more specific than the property proxyfor.,"背景知识：
条目1：
- 名称：citysportsteams
- 类型：Class
- 简介：citysportsteams is a class in the NELL knowledge base.
- 补充信息：generalizations: proxyfor, locationactedinbyorganization | domain: city | range: sportsteam

条目2：
- 名称：proxyfor
- 类型：Class
- 简介：{%%s is a %s for %%s, proxy}
- 补充信息：generalizations: mutualproxyfor | domain: everypromotedthing | range: everypromotedthing",1,ernie-4.5-turbo-128k,0.0,8192,https://api2.aigcbest.top/v1,"判断结果：[错误]
解释：[背景知识中citysportsteams和proxyfor均为类，而subPropertyOf关系用于属性，该公理混淆了类和属性的概念，不符合语义规则。]",0,0,
sample_0491,subPropertyOf,companyalsoknownas ⊑p organizationalsoknownas,"背景知识：
条目1：
- 名称：companyalsoknownas
- 类型：Class
- 简介：{%%s is a company %s %%s, also known as}
- 补充信息：generalizations: organizationalsoknownas | domain: company | range: company

条目2：
- 名称：organizationalsoknownas
- 类型：Class
- 简介：{%%s is an organization %s %%s, also known as}
- 补充信息：generalizations: synonymfor | domain: organization | range: organization",1,ernie-4.5-turbo-128k,0.0,8192,https://api2.aigcbest.top/v1,"判断结果：[错误]
解释：[companyalsoknownas是类，organizationalsoknownas也是类，而subPropertyOf应用于属性间，此处用错语义关系，应是subClassOf关系]",0,0,
sample_0492,subPropertyOf,companyalsoknownas is a subproperty of organizationalsoknownas.,"背景知识：
条目1：
- 名称：companyalsoknownas
- 类型：Class
- 简介：{%%s is a company %s %%s, also known as}
- 补充信息：generalizations: organizationalsoknownas | domain: company | range: company

条目2：
- 名称：organizationalsoknownas
- 类型：Class
- 简介：{%%s is an organization %s %%s, also known as}
- 补充信息：generalizations: synonymfor | domain: organization | range: organization",1,ernie-4.5-turbo-128k,0.0,8192,https://api2.aigcbest.top/v1,"判断结果：[错误]
解释：[companyalsoknownas的domain是company，organizationalsoknownas的domain是organization，二者domain不同，根据语义关系companyalsoknownas不能是organizationalsoknownas的子属性]",0,0,
sample_0493,subPropertyOf,"If two resources are related by companyalsoknownas, then they are also related by organizationalsoknownas.","背景知识：
条目1：
- 名称：companyalsoknownas
- 类型：Class
- 简介：{%%s is a company %s %%s, also known as}
- 补充信息：generalizations: organizationalsoknownas | domain: company | range: company

条目2：
- 名称：organizationalsoknownas
- 类型：Class
- 简介：{%%s is an organization %s %%s, also known as}
- 补充信息：generalizations: synonymfor | domain: organization | range: organization",1,ernie-4.5-turbo-128k,0.0,8192,https://api2.aigcbest.top/v1,"判断结果：[错误]
解释：[companyalsoknownas和organizationalsoknownas是不同的类，且分别有各自的domain和range约束，不能直接推出相关资源也通过organizationalsoknownas相关联]",0,0,
sample_0494,subPropertyOf,"For any x and y, if x companyalsoknownas y holds, then x organizationalsoknownas y also holds.","背景知识：
条目1：
- 名称：companyalsoknownas
- 类型：Class
- 简介：{%%s is a company %s %%s, also known as}
- 补充信息：generalizations: organizationalsoknownas | domain: company | range: company

条目2：
- 名称：organizationalsoknownas
- 类型：Class
- 简介：{%%s is an organization %s %%s, also known as}
- 补充信息：generalizations: synonymfor | domain: organization | range: organization",1,ernie-4.5-turbo-128k,0.0,8192,https://api2.aigcbest.top/v1,"判断结果：[错误]
解释：[companyalsoknownas和organizationalsoknownas是不同的类，不存在子类或属性包含关系，不能从x companyalsoknownas y推出x organizationalsoknownas y]",0,0,
sample_0495,subPropertyOf,The property companyalsoknownas is more specific than the property organizationalsoknownas.,"背景知识：
条目1：
- 名称：companyalsoknownas
- 类型：Class
- 简介：{%%s is a company %s %%s, also known as}
- 补充信息：generalizations: organizationalsoknownas | domain: company | range: company

条目2：
- 名称：organizationalsoknownas
- 类型：Class
- 简介：{%%s is an organization %s %%s, also known as}
- 补充信息：generalizations: synonymfor | domain: organization | range: organization",1,ernie-4.5-turbo-128k,0.0,8192,https://api2.aigcbest.top/v1,"判断结果：[正确]
解释：[根据背景知识，companyalsoknownas的domain和range是company，organizationalsoknownas的domain和range是organization，company是organization的一种，可推理出companyalsoknownas比organizationalsoknownas更具体，符合subPropertyOf语义关系，即companyalsoknownas是organizationalsoknownas的子属性，所以该公理合理。]",1,1,
