id,axiom_type,axiom_text,context_info,label,model_name,temperature,max_tokens,base_url,model_output,model_label,is_correct,error
hard_case_0004,subClassOf,AmusementParkAttraction ⊑ ArchitecturalStructure,"背景知识：
条目1：
- 名称：AmusementParkAttraction
- 类型：Class
- 简介：amusement park attraction

条目2：
- 名称：ArchitecturalStructure
- 类型：Class
- 简介：An architectural structure is a human-made, free-standing, immobile outdoor construction (http://en.wikipedia.org/wiki/Architectural_structure).",1,Doubao-pro-128k,0.0,8192,https://api2.aigcbest.top/v1,"判断结果：[错误]
解释：背景知识中未表明AmusementParkAttraction和ArchitecturalStructure有包含关系，且常识中游乐园景点不一定是建筑结构，该公理与背景知识和语义规则存在冲突。",0,0.0,
hard_case_0008,subClassOf,Archive ⊑ CollectionOfValuables,"背景知识：
条目1：
- 名称：Archive
- 类型：Class
- 简介：Collection of documents pertaining to a person or organisation.

条目2：
- 名称：CollectionOfValuables
- 类型：Class
- 简介：Collection of valuables is a collection considered to be a work in itself)",1,Doubao-pro-128k,0.0,8192,https://api2.aigcbest.top/v1,"判断结果：[错误]
解释：背景知识中Archive是与个人或组织相关的文件集合，CollectionOfValuables是有价值物品的集合，两者无明显包含关系，该公理与背景知识冲突。",0,0.0,
hard_case_0009,subClassOf,ArtistDiscography ⊑ MusicalWork,"背景知识：
条目1：
- 名称：ArtistDiscography
- 类型：Class
- 简介：artist discography

条目2：
- 名称：MusicalWork
- 类型：Class
- 简介：musical work",1,Doubao-pro-128k,0.0,8192,https://api2.aigcbest.top/v1,"判断结果：[错误]
解释：背景知识中ArtistDiscography是艺术家唱片目录类，MusicalWork是音乐作品类，唱片目录并非音乐作品，该公理违背常识，与语义规则冲突。",0,0.0,
hard_case_0011,subClassOf,BackScene ⊑ MusicalArtist,"背景知识：
条目1：
- 名称：BackScene
- 类型：Class
- 简介：Composer, producer, and backstage people.

条目2：
- 名称：MusicalArtist
- 类型：Class
- 简介：musical artist",1,Doubao-pro-128k,0.0,8192,https://api2.aigcbest.top/v1,"判断结果：[错误]
解释：背景知识中BackScene指作曲家、制作人和后台人员，MusicalArtist指音乐艺术家，BackScene并非是MusicalArtist的子类，该公理与背景知识冲突。",0,0.0,
hard_case_0013,subClassOf,Baronet ⊑ BritishRoyalty,"背景知识：
条目1：
- 名称：Baronet
- 类型：Class
- 简介：baronet

条目2：
- 名称：BritishRoyalty
- 类型：Class
- 简介：British royalty",1,Doubao-pro-128k,0.0,8192,https://api2.aigcbest.top/v1,"判断结果：[错误]
解释：背景知识仅给出Baronet和BritishRoyalty为类，但从常识可知准男爵（Baronet）不属于英国皇室（BritishRoyalty），该公理与常识冲突。",0,0.0,
hard_case_0016,subClassOf,Department ⊑ GovernmentalAdministrativeRegion,"背景知识：
条目1：
- 名称：Department
- 类型：Class
- 简介：department

条目2：
- 名称：GovernmentalAdministrativeRegion
- 类型：Class
- 简介：An administrative body governing some territorial unity, in this case a governmental administrative body",1,Doubao-pro-128k,0.0,8192,https://api2.aigcbest.top/v1,"判断结果：[错误]
解释：背景知识仅表明Department和GovernmentalAdministrativeRegion是不同的类，无信息表明Department是GovernmentalAdministrativeRegion的子类，该公理与背景知识和语义规则存在冲突。",0,0.0,
hard_case_0022,subClassOf,TopicalConcept ⊑ Type,"背景知识：
条目1：
- 名称：TopicalConcept
- 类型：Class
- 简介：topical concept

条目2：
- 名称：Type
- 类型：Class
- 简介：a category within a classification system",0,Doubao-pro-128k,0.0,8192,https://api2.aigcbest.top/v1,"判断结果：[正确]
解释：公理表示TopicalConcept是Type的子类，从背景知识看，TopicalConcept是主题概念，Type是分类系统中的类别，主题概念可看作是分类系统中的一种类别，符合subClassOf的语义规则。",1,0.0,
hard_case_0023,subClassOf,Type ⊑ TopicalConcept,"背景知识：
条目1：
- 名称：Type
- 类型：Class
- 简介：a category within a classification system

条目2：
- 名称：TopicalConcept
- 类型：Class
- 简介：topical concept",1,Doubao-pro-128k,0.0,8192,https://api2.aigcbest.top/v1,"判断结果：[错误]
解释：背景知识未表明Type类与TopicalConcept类存在包含关系，仅依据公理无法得出Type是TopicalConcept的子类，与语义规则冲突。",0,0.0,
hard_case_0025,subPropertyOf,administrativeHeadCity ⊑p capital,"背景知识：
条目1：
- 名称：administrativeHeadCity
- 类型：Property
- 简介：city where stand the administrative power

条目2：
- 名称：capital
- 类型：Property
- 简介：capital",0,Doubao-pro-128k,0.0,8192,https://api2.aigcbest.top/v1,"判断结果：[正确]
解释：根据背景知识，“administrativeHeadCity”是行政权力所在的城市，“capital”表示首都，通常首都就是行政权力所在的城市，所以“administrativeHeadCity”属性包含于“capital”属性，符合RDFS中subPropertyOf的语义规则。",1,0.0,
hard_case_0027,subPropertyOf,bronzeMedalist ⊑p Medalist,"背景知识：
条目1：
- 名称：bronzeMedalist
- 类型：Property
- 简介：bronze medalist

条目2：
- 名称：Medalist
- 类型：Unknown
- 简介：Medalist",1,Doubao-pro-128k,0.0,8192,https://api2.aigcbest.top/v1,"判断结果：[错误]
解释：公理中“bronzeMedalist”是属性，“Medalist”类型未知，“⊑p”表示属性包含关系，但“Medalist”并非属性，与语义规则冲突。",0,0.0,
hard_case_0029,subPropertyOf,chief ⊑p Leader,"背景知识：
条目1：
- 名称：chief
- 类型：Property
- 简介：chief

条目2：
- 名称：Leader
- 类型：Unknown
- 简介：Leader",1,Doubao-pro-128k,0.0,8192,https://api2.aigcbest.top/v1,"判断结果：[错误]
解释：背景知识中chief是属性，Leader类型未知，公理chief ⊑p Leader表示属性之间的包含关系，但无法确定Leader为属性，与语义规则存在冲突。",0,0.0,
hard_case_0040,subPropertyOf,codeMemorial ⊑p Code,"背景知识：
条目1：
- 名称：codeMemorial
- 类型：Property
- 简介：Identifier for monuments of the Memorial type

条目2：
- 名称：Code
- 类型：Unknown
- 简介：Code",1,Doubao-pro-128k,0.0,8192,https://api2.aigcbest.top/v1,"判断结果：[错误]
解释：公理中“codeMemorial ⊑p Code”表示属性包含关系，但背景知识中“codeMemorial”是属性，“Code”类型未知，无法确定它们存在属性包含关系，与语义规则冲突。",0,0.0,
hard_case_0043,subPropertyOf,distanceToCapital ⊑p Distance,"背景知识：
条目1：
- 名称：distanceToCapital
- 类型：Property
- 简介：distance to capital (μ)

条目2：
- 名称：Distance
- 类型：Unknown
- 简介：Distance",1,Doubao-pro-128k,0.0,8192,https://api2.aigcbest.top/v1,"判断结果：[错误]
解释：公理中“distanceToCapital ⊑p Distance”表示属性包含关系，但背景知识中“distanceToCapital”是属性，“Distance”类型未知，无法确定是属性，不符合属性包含关系的语义规则。",0,0.0,
hard_case_0044,subPropertyOf,dutchMIPCode ⊑p Code,"背景知识：
条目1：
- 名称：dutchMIPCode
- 类型：Property
- 简介：The Dutch MIP project was meant to take stock of all kinds of monuments

条目2：
- 名称：Code
- 类型：Unknown
- 简介：Code",1,Doubao-pro-128k,0.0,8192,https://api2.aigcbest.top/v1,"判断结果：[错误]
解释：背景知识中dutchMIPCode是属性，Code类型未知，无法依据RDFS语义规则确定dutchMIPCode是Code的子属性，该公理与背景知识和语义规则存在冲突。",0,0.0,
hard_case_0045,subPropertyOf,eastPlace ⊑p closeTo,"背景知识：
条目1：
- 名称：eastPlace
- 类型：Property
- 简介：indicates another place situated east.

条目2：
- 名称：closeTo
- 类型：Property
- 简介：place close to another place",1,Doubao-pro-128k,0.0,8192,https://api2.aigcbest.top/v1,"判断结果：[错误]
解释：背景知识中“eastPlace”表示指示位于东边的另一个地方，“closeTo”表示一个地方靠近另一个地方，“eastPlace”并不一定意味着“closeTo”，该公理与常识知识冲突。",0,0.0,
hard_case_0048,subPropertyOf,followedBy ⊑p nextEvent,"背景知识：
条目1：
- 名称：followedBy
- 类型：Property
- 简介：followed by

条目2：
- 名称：nextEvent
- 类型：Property
- 简介：next event",0,Doubao-pro-128k,0.0,8192,https://api2.aigcbest.top/v1,"判断结果：[正确]
解释：公理表示followedBy属性是nextEvent属性的子属性，结合背景知识，“followed by”和“next event”语义相近，符合属性之间包含关系的语义规则。",1,0.0,
hard_case_0050,subPropertyOf,goldMedalist ⊑p Medalist,"背景知识：
条目1：
- 名称：goldMedalist
- 类型：Property
- 简介：gold medalist

条目2：
- 名称：Medalist
- 类型：Unknown
- 简介：Medalist",1,Doubao-pro-128k,0.0,8192,https://api2.aigcbest.top/v1,"判断结果：[错误]
解释：公理中“goldMedalist”是属性，“Medalist”类型未知，根据“⊑p”表示属性之间的包含关系，由于“Medalist”不一定是属性，所以该公理不合理。",0,0.0,
hard_case_0051,subPropertyOf,greekName ⊑p Name,"背景知识：
条目1：
- 名称：greekName
- 类型：Property
- 简介：name in ancient Greek

条目2：
- 名称：Name
- 类型：Class
- 简介：name",1,Doubao-pro-128k,0.0,8192,https://api2.aigcbest.top/v1,"判断结果：[错误]
解释：公理中“greekName”是属性，“Name”是类，“⊑p”表示属性之间的包含关系，属性和类之间不能用属性包含关系描述，与语义规则冲突。",0,0.0,
hard_case_0052,subPropertyOf,inseeCode ⊑p codeSettlement,"背景知识：
条目1：
- 名称：inseeCode
- 类型：Property
- 简介：numerical indexing code used by the French National Institute for Statistics and Economic Studies (INSEE) to identify various entities

条目2：
- 名称：codeSettlement
- 类型：Property
- 简介：settlement code",1,Doubao-pro-128k,0.0,8192,https://api2.aigcbest.top/v1,"判断结果：[错误]
解释：背景知识中未表明inseeCode和codeSettlement存在属性包含关系，仅从简介看，inseeCode是法国国家统计与经济研究所用于识别各种实体的数字索引代码，codeSettlement是定居点代码，二者无明显包含关系，不符合subPropertyOf语义规则。",0,0.0,
hard_case_0053,subPropertyOf,iso6391Code ⊑p LanguageCode,"背景知识：
条目1：
- 名称：iso6391Code
- 类型：Property
- 简介：ISO 639-1 code

条目2：
- 名称：LanguageCode
- 类型：Unknown
- 简介：LanguageCode",1,Doubao-pro-128k,0.0,8192,https://api2.aigcbest.top/v1,"判断结果：[错误]
解释：公理表示iso6391Code属性包含于LanguageCode，但背景知识中LanguageCode类型为Unknown，无法确定其为属性，不符合subPropertyOf语义规则。",0,0.0,
hard_case_0054,subPropertyOf,iso6392Code ⊑p LanguageCode,"背景知识：
条目1：
- 名称：iso6392Code
- 类型：Property
- 简介：ISO 639-2 code

条目2：
- 名称：LanguageCode
- 类型：Unknown
- 简介：LanguageCode",1,Doubao-pro-128k,0.0,8192,https://api2.aigcbest.top/v1,"判断结果：[错误]
解释：公理中“iso6392Code ⊑p LanguageCode”表示属性包含关系，但背景知识显示“iso6392Code”是属性，“LanguageCode”类型未知，无法确定其符合属性之间包含关系的语义规则。",0,0.0,
hard_case_0055,subPropertyOf,iso6393Code ⊑p LanguageCode,"背景知识：
条目1：
- 名称：iso6393Code
- 类型：Property
- 简介：ISO 639-3 code

条目2：
- 名称：LanguageCode
- 类型：Unknown
- 简介：LanguageCode",1,Doubao-pro-128k,0.0,8192,https://api2.aigcbest.top/v1,"判断结果：[错误]
解释：公理表示iso6393Code属性是LanguageCode的子属性，但背景知识中LanguageCode类型为Unknown，并非属性，不符合subPropertyOf的语义规则。",0,0.0,
hard_case_0057,subPropertyOf,latinName ⊑p Name,"背景知识：
条目1：
- 名称：latinName
- 类型：Property
- 简介：name in latin

条目2：
- 名称：Name
- 类型：Class
- 简介：name",1,Doubao-pro-128k,0.0,8192,https://api2.aigcbest.top/v1,"判断结果：[错误]
解释：公理中“latinName ⊑p Name”表示latinName属性包含于Name类，而背景知识表明latinName是属性、Name是类，属性和类之间不能使用“subPropertyOf”（⊑p）关系，与语义规则冲突。",0,0.0,
hard_case_0059,subPropertyOf,mayor ⊑p Leader,"背景知识：
条目1：
- 名称：mayor
- 类型：Property
- 简介：mayor

条目2：
- 名称：Leader
- 类型：Unknown
- 简介：Leader",1,Doubao-pro-128k,0.0,8192,https://api2.aigcbest.top/v1,"判断结果：[错误]
解释：公理中“mayor”是属性，“Leader”类型未知，根据“⊑p”表示属性间包含关系，无法确定“Leader”为属性，所以该公理与语义规则冲突。",0,0.0,
hard_case_0061,subPropertyOf,officialSchoolColour ⊑p ColourName,"背景知识：
条目1：
- 名称：officialSchoolColour
- 类型：Property
- 简介：The official colour of the EducationalInstitution represented by the colour name (e.g.: red or green).

条目2：
- 名称：ColourName
- 类型：Unknown
- 简介：ColourName",1,Doubao-pro-128k,0.0,8192,https://api2.aigcbest.top/v1,"判断结果：[错误]
解释：背景知识中“officialSchoolColour”是属性，“ColourName”类型未知，公理中“⊑p”表示属性包含关系，将“officialSchoolColour”包含于“ColourName”不符合属性包含关系的语义规则，因为“ColourName”不一定是属性。",0,0.0,
hard_case_0063,subPropertyOf,premiereDate ⊑p releaseDate,"背景知识：
条目1：
- 名称：premiereDate
- 类型：Property
- 简介：Date the play was first performed.

条目2：
- 名称：releaseDate
- 类型：Property
- 简介：Release date of a Work or another product (eg Aircraft or other MeansOfTransportation",1,Doubao-pro-128k,0.0,8192,https://api2.aigcbest.top/v1,"判断结果：[错误]
解释：背景知识中“premiereDate”是戏剧首次表演的日期，“releaseDate”是作品或其他产品的发布日期，二者语义不同，不存在“premiereDate”是“releaseDate”子属性的关系，与语义规则冲突。",0,0.0,
hard_case_0064,subPropertyOf,premiereYear ⊑p releaseYear,"背景知识：
条目1：
- 名称：premiereYear
- 类型：Property
- 简介：Year the play was first performed.

条目2：
- 名称：releaseYear
- 类型：Unknown
- 简介：releaseYear",1,Doubao-pro-128k,0.0,8192,https://api2.aigcbest.top/v1,"判断结果：[错误]
解释：背景知识中“premiereYear”是表示戏剧首次演出的年份的属性，“releaseYear”类型未知且简介模糊，无法确定“premiereYear”是“releaseYear”的子属性，不符合RDFS语义规则。",0,0.0,
hard_case_0065,subPropertyOf,rankingWins ⊑p Wins,"背景知识：
条目1：
- 名称：rankingWins
- 类型：Property
- 简介：ranking wins

条目2：
- 名称：Wins
- 类型：Unknown
- 简介：Wins",1,Doubao-pro-128k,0.0,8192,https://api2.aigcbest.top/v1,"判断结果：[错误]
解释：背景知识中未明确“Wins”为属性，而“⊑p”表示属性之间的包含关系，该公理将“rankingWins”（属性）与“Wins”建立属性包含关系，与背景知识冲突。",0,0.0,
hard_case_0066,subPropertyOf,silverMedalist ⊑p Medalist,"背景知识：
条目1：
- 名称：silverMedalist
- 类型：Property
- 简介：siler medalist

条目2：
- 名称：Medalist
- 类型：Unknown
- 简介：Medalist",1,Doubao-pro-128k,0.0,8192,https://api2.aigcbest.top/v1,"判断结果：[错误]
解释：公理中“silverMedalist”是属性，“Medalist”类型未知，无法确定属性“silverMedalist”与“Medalist”存在属性之间的包含关系，不符合RDFS语义规则。",0,0.0,
hard_case_0068,domain,domain(academicDiscipline) = AcademicJournal,"背景知识：
条目1：
- 名称：academicDiscipline
- 类型：Property
- 简介：An academic discipline, or field of study, is a branch of knowledge that is taught and researched at the college or university level. Disciplines are defined (in part), and recognized by the academic journals in which research is published,...

条目2：
- 名称：AcademicJournal
- 类型：Class
- 简介：academic journal",1,Doubao-pro-128k,0.0,8192,https://api2.aigcbest.top/v1,"判断结果：[错误]
解释：背景知识中“academicDiscipline”是属性，“academicDiscipline”指学术学科，其主体通常是研究人员、学者等，并非“AcademicJournal”（学术期刊），根据RDFS中domain语义规则，此公理与常识和语义规则冲突。",0,0.0,
hard_case_0073,domain,domain(agency) = BaseballPlayer,"背景知识：
条目1：
- 名称：agency
- 类型：Property
- 简介：agency

条目2：
- 名称：BaseballPlayer
- 类型：Class
- 简介：baseball player",0,Doubao-pro-128k,0.0,8192,https://api2.aigcbest.top/v1,"判断结果：[正确]
解释：公理表明属性“agency”的主体应属于“BaseballPlayer”类，背景知识中存在“agency”属性和“BaseballPlayer”类，此公理符合RDFS中“domain”的语义规则，不存在冲突。",1,0.0,
hard_case_0078,domain,domain(aoCloassification) = SpaceMission,"背景知识：
条目1：
- 名称：aoCloassification
- 类型：Property
- 简介：AO

条目2：
- 名称：SpaceMission
- 类型：Class
- 简介：space mission",0,Doubao-pro-128k,0.0,8192,https://api2.aigcbest.top/v1,"判断结果：[正确]
解释：背景知识表明aoCloassification是属性，SpaceMission是类，公理domain(aoCloassification) = SpaceMission符合RDFS中domain用于规定属性主体所属类的语义规则，无明显冲突。",1,0.0,
hard_case_0081,domain,domain(archipelago) = Island,"背景知识：
条目1：
- 名称：archipelago
- 类型：Property
- 简介：archipelago

条目2：
- 名称：Island
- 类型：Class
- 简介：island",1,Doubao-pro-128k,0.0,8192,https://api2.aigcbest.top/v1,"判断结果：[错误]
解释：背景知识中archipelago是属性，而公理中domain(archipelago) = Island表示属性archipelago的主体应属于Island类，但从常识看，archipelago通常指群岛，它的主体并非是Island类，与常识不符，所以该公理错误。",0,0.0,
hard_case_0083,domain,domain(architect) = ArchitecturalStructure,"背景知识：
条目1：
- 名称：architect
- 类型：Property
- 简介：architect

条目2：
- 名称：ArchitecturalStructure
- 类型：Class
- 简介：An architectural structure is a human-made, free-standing, immobile outdoor construction (http://en.wikipedia.org/wiki/Architectural_structure).",1,Doubao-pro-128k,0.0,8192,https://api2.aigcbest.top/v1,"判断结果：[错误]
解释：根据背景知识，“architect”是属性，“ArchitecturalStructure”是类，“domain”表示属性的主体应属于某一类，而通常建筑师（“architect”）是主体，建筑结构（“ArchitecturalStructure”）是客体，公理中主体与客体关系颠倒，与语义规则冲突。",0,0.0,
hard_case_0085,domain,domain(area) = PopulatedPlace,"背景知识：
条目1：
- 名称：area
- 类型：Property
- 简介：The area of the thing in square meters.

条目2：
- 名称：PopulatedPlace
- 类型：Class
- 简介：As defined by the United States Geological Survey, a populated place is a place or area with clustered or scattered buildings and a permanent human population (city, settlement, town, or village) referenced with geographic coordinates (http...",1,Doubao-pro-128k,0.0,8192,https://api2.aigcbest.top/v1,"判断结果：[错误]
解释：背景知识仅表明area是表示事物面积的属性，未表明其主体只能是PopulatedPlace，该公理与背景知识冲突。",0,0.0,
hard_case_0090,domain,domain(associatedRocket) = LaunchPad,"背景知识：
条目1：
- 名称：associatedRocket
- 类型：Property
- 简介：associated rocket

条目2：
- 名称：LaunchPad
- 类型：Class
- 简介：launch pad",1,Doubao-pro-128k,0.0,8192,https://api2.aigcbest.top/v1,"判断结果：[错误]
解释：背景知识中未表明属性associatedRocket的主体应属于LaunchPad类，且按常识关联火箭的主体通常不是发射台，与语义规则和常识冲突。",0,0.0,
hard_case_0092,domain,domain(averageSpeed) = Planet,"背景知识：
条目1：
- 名称：averageSpeed
- 类型：Property
- 简介：The average speed of a thing.

条目2：
- 名称：Planet
- 类型：Class
- 简介：planet",1,Doubao-pro-128k,0.0,8192,https://api2.aigcbest.top/v1,"判断结果：[错误]
解释：背景知识仅表明averageSpeed是表示事物平均速度的属性，未表明其主体只能是Planet，根据语义规则，不能得出averageSpeed的主体一定属于Planet类，该公理与背景知识和语义规则冲突。",0,0.0,
hard_case_0093,domain,domain(birthPlace) = Animal,"背景知识：
条目1：
- 名称：birthPlace
- 类型：Property
- 简介：where the person was born

条目2：
- 名称：Animal
- 类型：Class
- 简介：animal",1,Doubao-pro-128k,0.0,8192,https://api2.aigcbest.top/v1,"判断结果：[错误]
解释：背景知识表明birthPlace指人的出生地，而公理中规定其定义域为Animal，与常识中birthPlace主体为人的语义冲突。",0,0.0,
hard_case_0094,domain,domain(canBaggageChecked) = Station,"背景知识：
条目1：
- 名称：canBaggageChecked
- 类型：Property
- 简介：Whether bags can be checked.

条目2：
- 名称：Station
- 类型：Class
- 简介：Public transport station (eg. railway station, metro station, bus station).",1,Doubao-pro-128k,0.0,8192,https://api2.aigcbest.top/v1,"判断结果：[错误]
解释：背景知识未表明属性canBaggageChecked的主体应属于Station类，仅从常识看能进行行李托运的主体也不局限于车站，此公理与背景知识及语义规则冲突。",0,0.0,
hard_case_0096,domain,domain(deathPlace) = Animal,"背景知识：
条目1：
- 名称：deathPlace
- 类型：Property
- 简介：The place where the person died.

条目2：
- 名称：Animal
- 类型：Class
- 简介：animal",1,Doubao-pro-128k,0.0,8192,https://api2.aigcbest.top/v1,"判断结果：[错误]
解释：背景知识中deathPlace属性描述的是人的死亡地点，而公理将其定义域设为Animal，与背景知识冲突，不符合语义规则。",0,0.0,
hard_case_0098,domain,domain(density) = Infrastructure,"背景知识：
条目1：
- 名称：density
- 类型：Property
- 简介：density (μ3)

条目2：
- 名称：Infrastructure
- 类型：Class
- 简介：infrastructure",0,Doubao-pro-128k,0.0,8192,https://api2.aigcbest.top/v1,"判断结果：[正确]
解释：背景知识中有属性density和类Infrastructure，公理表示属性density的主体应属于Infrastructure类，不与背景知识和语义规则冲突，所以合理。",1,0.0,
hard_case_0102,domain,domain(fileSize) = Software,"背景知识：
条目1：
- 名称：fileSize
- 类型：Property
- 简介：size of a file or software

条目2：
- 名称：Software
- 类型：Class
- 简介：software",1,Doubao-pro-128k,0.0,8192,https://api2.aigcbest.top/v1,"判断结果：[错误]
解释：背景知识表明fileSize是文件或软件的大小，而公理将其定义域限定为Software，忽略了文件，与背景知识冲突。",0,0.0,
hard_case_0104,domain,domain(firstLaunchDate) = LaunchPad,"背景知识：
条目1：
- 名称：firstLaunchDate
- 类型：Property
- 简介：first launch date

条目2：
- 名称：LaunchPad
- 类型：Class
- 简介：launch pad",1,Doubao-pro-128k,0.0,8192,https://api2.aigcbest.top/v1,"判断结果：[错误]
解释：背景知识中“firstLaunchDate”表示首次发射日期，属于时间相关属性，而“LaunchPad”是发射台类，从常识来看发射日期的主体不应是发射台，该公理与常识冲突。",0,0.0,
hard_case_0105,domain,domain(firstLaunchRocket) = LaunchPad,"背景知识：
条目1：
- 名称：firstLaunchRocket
- 类型：Property
- 简介：first launch rocket

条目2：
- 名称：LaunchPad
- 类型：Class
- 简介：launch pad",1,Doubao-pro-128k,0.0,8192,https://api2.aigcbest.top/v1,"判断结果：[错误]
解释：背景知识中“firstLaunchRocket”是属性，“LaunchPad”是类，公理表明属性“firstLaunchRocket”的主体应属于“LaunchPad”类，但从常识看首次发射火箭的主体通常不是发射台，与常识不符，所以该公理错误。",0,0.0,
hard_case_0111,domain,domain(lastLaunchDate) = LaunchPad,"背景知识：
条目1：
- 名称：lastLaunchDate
- 类型：Property
- 简介：last launch date

条目2：
- 名称：LaunchPad
- 类型：Class
- 简介：launch pad",1,Doubao-pro-128k,0.0,8192,https://api2.aigcbest.top/v1,"判断结果：[错误]
解释：背景知识中lastLaunchDate表示最后发射日期，LaunchPad表示发射台，从常识看发射日期的主体不应是发射台，该公理与常识及语义规则冲突。",0,0.0,
hard_case_0112,domain,domain(lastLaunchRocket) = LaunchPad,"背景知识：
条目1：
- 名称：lastLaunchRocket
- 类型：Property
- 简介：last launch rocket

条目2：
- 名称：LaunchPad
- 类型：Class
- 简介：launch pad",1,Doubao-pro-128k,0.0,8192,https://api2.aigcbest.top/v1,"判断结果：[错误]
解释：根据背景知识，“lastLaunchRocket”是属性，“LaunchPad”是类，从常识来看，“lastLaunchRocket”的主体通常是与火箭发射相关的组织、任务等，而不是“LaunchPad”，该公理与常识和语义规则冲突。",0,0.0,
hard_case_0115,domain,domain(locusSupplementaryData) = Protein,"背景知识：
条目1：
- 名称：locusSupplementaryData
- 类型：Property
- 简介：locus supplementary data

条目2：
- 名称：Protein
- 类型：Class
- 简介：protein",1,Doubao-pro-128k,0.0,8192,https://api2.aigcbest.top/v1,"判断结果：[错误]
解释：背景知识中未表明属性locusSupplementaryData的主体应属于Protein类，无法得出该公理的语义关系，所以该公理错误。",0,0.0,
hard_case_0116,domain,domain(lowerAge) = Person,"背景知识：
条目1：
- 名称：lowerAge
- 类型：Property
- 简介：lower age

条目2：
- 名称：Person
- 类型：Class
- 简介：person",0,Doubao-pro-128k,0.0,8192,https://api2.aigcbest.top/v1,"判断结果：[正确]
解释：公理表明属性lowerAge的主体应属于Person类，结合背景知识，从常识看年龄属性的主体通常是人，符合语义规则。",1,0.0,
hard_case_0117,domain,domain(lowerAge) = School,"背景知识：
条目1：
- 名称：lowerAge
- 类型：Property
- 简介：lower age

条目2：
- 名称：School
- 类型：Class
- 简介：school",1,Doubao-pro-128k,0.0,8192,https://api2.aigcbest.top/v1,"判断结果：[错误]
解释：背景知识中未表明属性lowerAge的主体应属于School类，该公理与背景知识无对应依据，不符合语义规则。",0,0.0,
hard_case_0118,domain,domain(mass) = Planet,"背景知识：
条目1：
- 名称：mass
- 类型：Property
- 简介：mass (kg)

条目2：
- 名称：Planet
- 类型：Class
- 简介：planet",1,Doubao-pro-128k,0.0,8192,https://api2.aigcbest.top/v1,"判断结果：[错误]
解释：公理表明属性“mass”的主体应属于“Planet”类，但常识中很多非行星的物体也有质量，不只是行星，这与常识冲突，所以该公理错误。",0,0.0,
hard_case_0120,domain,domain(meanTemperature) = ChemicalSubstance,"背景知识：
条目1：
- 名称：meanTemperature
- 类型：Property
- 简介：mean temperature (K)

条目2：
- 名称：ChemicalSubstance
- 类型：Class
- 简介：chemical substance",0,Doubao-pro-128k,0.0,8192,https://api2.aigcbest.top/v1,"判断结果：[正确]
解释：公理表明属性meanTemperature的主体应属于ChemicalSubstance类，背景知识中meanTemperature是属性，ChemicalSubstance是类，从语义规则看此公理合理，不存在冲突。",1,0.0,
hard_case_0121,domain,domain(meltingPoint) = Drug,"背景知识：
条目1：
- 名称：meltingPoint
- 类型：Property
- 简介：melting point (K)

条目2：
- 名称：Drug
- 类型：Class
- 简介：drug",1,Doubao-pro-128k,0.0,8192,https://api2.aigcbest.top/v1,"判断结果：[错误]
解释：背景知识未表明meltingPoint属性的主体只能是Drug类，仅从常识看熔点属性并非仅适用于药物，该公理与语义规则和常识存在冲突。",0,0.0,
hard_case_0127,domain,domain(numberOfPads) = MeanOfTransportation,"背景知识：
条目1：
- 名称：numberOfPads
- 类型：Property
- 简介：number of pads

条目2：
- 名称：MeanOfTransportation
- 类型：Class
- 简介：mean of transportation",0,Doubao-pro-128k,0.0,8192,https://api2.aigcbest.top/v1,"判断结果：[正确]
解释：公理表明属性numberOfPads的主体应属于MeanOfTransportation类，背景知识未与之冲突，符合RDFS中domain的语义规则。",1,0.0,
hard_case_0132,domain,domain(pictureFormat) = Broadcaster,"背景知识：
条目1：
- 名称：pictureFormat
- 类型：Property
- 简介：picture format

条目2：
- 名称：Broadcaster
- 类型：Class
- 简介：A broadcaster is an organisation responsible for the production of radio or television programs and/or their transmission. (http://en.wikipedia.org/wiki/Broadcaster - 28/03/2011)",1,Doubao-pro-128k,0.0,8192,https://api2.aigcbest.top/v1,"判断结果：[错误]
解释：背景知识表明pictureFormat是属性，Broadcaster是负责广播电视节目制作和传输的组织类，从常识看图片格式属性的主体不应是广播组织类，与语义规则冲突。",0,0.0,
hard_case_0134,domain,domain(previousInfrastructure) = PublicTransitSystem,"背景知识：
条目1：
- 名称：previousInfrastructure
- 类型：Property
- 简介：previous infrastructure

条目2：
- 名称：PublicTransitSystem
- 类型：Class
- 简介：A public transit system is a shared passenger transportation service which is available for use by the general public. Public transport modes include buses, trolleybuses, trams and trains, 'rapid transit' (metro/subways/undergrounds etc) an...",0,Doubao-pro-128k,0.0,8192,https://api2.aigcbest.top/v1,"判断结果：[正确]
解释：根据背景知识，previousInfrastructure是属性，PublicTransitSystem是类，该公理表明属性previousInfrastructure的主体应属于PublicTransitSystem类，不与背景知识和语义规则冲突，所以合理。",1,0.0,
hard_case_0139,domain,domain(statisticYear) = BaseballPlayer,"背景知识：
条目1：
- 名称：statisticYear
- 类型：Property
- 简介：statistic year

条目2：
- 名称：BaseballPlayer
- 类型：Class
- 简介：baseball player",1,Doubao-pro-128k,0.0,8192,https://api2.aigcbest.top/v1,"判断结果：[错误]
解释：背景知识中“statisticYear”是属性，“BaseballPlayer”是类，从常识看统计年份属性的主体通常不是棒球运动员，该公理违背语义规则，存在明显冲突。",0,0.0,
hard_case_0145,domain,domain(upperAge) = School,"背景知识：
条目1：
- 名称：upperAge
- 类型：Property
- 简介：upper age

条目2：
- 名称：School
- 类型：Class
- 简介：school",1,Doubao-pro-128k,0.0,8192,https://api2.aigcbest.top/v1,"判断结果：[错误]
解释：背景知识中“upperAge”表示上年龄，“School”表示学校，从常识看年龄属性的主体不应是学校，与语义规则冲突。",0,0.0,
hard_case_0146,domain,domain(vehiclesInFleet) = PublicTransitSystem,"背景知识：
条目1：
- 名称：vehiclesInFleet
- 类型：Property
- 简介：Points out means of transport contained in the companies vehicle fleet.

条目2：
- 名称：PublicTransitSystem
- 类型：Class
- 简介：A public transit system is a shared passenger transportation service which is available for use by the general public. Public transport modes include buses, trolleybuses, trams and trains, 'rapid transit' (metro/subways/undergrounds etc) an...",1,Doubao-pro-128k,0.0,8192,https://api2.aigcbest.top/v1,"判断结果：[错误]
解释：背景知识未表明属性vehiclesInFleet的主体应属于PublicTransitSystem类，仅从背景无法得出此domain关系，所以该公理不合理。",0,0.0,
hard_case_0148,domain,domain(volume) = Lake,"背景知识：
条目1：
- 名称：volume
- 类型：Property
- 简介：volume (μ³)

条目2：
- 名称：Lake
- 类型：Class
- 简介：lake",1,Doubao-pro-128k,0.0,8192,https://api2.aigcbest.top/v1,"判断结果：[错误]
解释：公理表明volume属性的主体应属于Lake类，但背景知识未限制volume属性主体只能是Lake类，从常识看volume属性可用于多种对象，该公理与语义规则存在冲突。",0,0.0,
hard_case_0157,range,range(alongside) = Person,"背景知识：
条目1：
- 名称：alongside
- 类型：Property
- 简介：alongside

条目2：
- 名称：Person
- 类型：Class
- 简介：person",1,Doubao-pro-128k,0.0,8192,https://api2.aigcbest.top/v1,"判断结果：[错误]
解释：背景知识未表明属性alongside的客体一定属于Person类，仅根据现有信息不能得出range(alongside) = Person，该公理与背景知识冲突。",0,0.0,
hard_case_0159,range,range(appointer) = Company,"背景知识：
条目1：
- 名称：appointer
- 类型：Property
- 简介：appointer

条目2：
- 名称：Company
- 类型：Class
- 简介：company",0,Doubao-pro-128k,0.0,8192,https://api2.aigcbest.top/v1,"判断结果：[正确]
解释：公理表明属性“appointer”的客体应属于“Company”类，背景知识中存在“appointer”属性和“Company”类，在无冲突情况下该公理符合RDFS语义规则。",1,0.0,
hard_case_0160,range,range(architect) = Place,"背景知识：
条目1：
- 名称：architect
- 类型：Property
- 简介：architect

条目2：
- 名称：Place
- 类型：Class
- 简介：place",0,Doubao-pro-128k,0.0,8192,https://api2.aigcbest.top/v1,"判断结果：[正确]
解释：背景知识表明architect是属性，Place是类，公理“range(architect) = Place”表示属性architect的客体应属于Place类，符合RDFS中range公理的语义规则，不存在冲突。",1,0.0,
hard_case_0162,range,range(artist) = MusicalArtist,"背景知识：
条目1：
- 名称：artist
- 类型：Property
- 简介：The performer or creator of the musical work.

条目2：
- 名称：MusicalArtist
- 类型：Class
- 简介：musical artist",0,Doubao-pro-128k,0.0,8192,https://api2.aigcbest.top/v1,"判断结果：[正确]
解释：背景知识表明artist属性指音乐作品的表演者或创作者，MusicalArtist是音乐艺术家类，根据range公理语义，该公理规定artist属性的客体应属于MusicalArtist类，符合常识和语义规则。",1,0.0,
hard_case_0173,range,range(canonizedPlace) = College,"背景知识：
条目1：
- 名称：canonizedPlace
- 类型：Property
- 简介：canonized place

条目2：
- 名称：College
- 类型：Class
- 简介：college",0,Doubao-pro-128k,0.0,8192,https://api2.aigcbest.top/v1,"判断结果：[正确]
解释：根据背景知识，canonizedPlace是属性，College是类，公理表明canonizedPlace属性的客体应属于College类，符合RDFS中range公理的语义规则。",1,0.0,
hard_case_0183,range,range(childOrganisation) = Agent,"背景知识：
条目1：
- 名称：childOrganisation
- 类型：Property
- 简介：child organisation

条目2：
- 名称：Agent
- 类型：Class
- 简介：Analogous to a foaf:Agent, an agent is an entity that acts. This is intended to be the super class of Person and Organisation.",0,Doubao-pro-128k,0.0,8192,https://api2.aigcbest.top/v1,"判断结果：[正确]
解释：背景知识表明Agent是一个类，childOrganisation是一个属性，公理规定childOrganisation属性的客体应属于Agent类，符合RDFS中range的语义规则，不存在冲突。",1,0.0,
hard_case_0188,range,range(commandStructure) = Rocket,"背景知识：
条目1：
- 名称：commandStructure
- 类型：Property
- 简介：command structure

条目2：
- 名称：Rocket
- 类型：Class
- 简介：rocket",0,Doubao-pro-128k,0.0,8192,https://api2.aigcbest.top/v1,"判断结果：[正确]
解释：根据背景知识，存在属性commandStructure和类Rocket，公理表明commandStructure属性的客体应属于Rocket类，不与背景知识和语义规则冲突。",1,0.0,
hard_case_0194,range,range(crosses) = River,"背景知识：
条目1：
- 名称：crosses
- 类型：Property
- 简介：crosses

条目2：
- 名称：River
- 类型：Class
- 简介：a large natural stream",1,Doubao-pro-128k,0.0,8192,https://api2.aigcbest.top/v1,"判断结果：[错误]
解释：公理表明属性“crosses”的客体应属于“River”类，但背景知识未提供足够信息支持该属性的客体一定是河流，此公理缺乏依据。",0,0.0,
hard_case_0196,range,range(curator) = Agent,"背景知识：
条目1：
- 名称：curator
- 类型：Property
- 简介：curator

条目2：
- 名称：Agent
- 类型：Class
- 简介：Analogous to a foaf:Agent, an agent is an entity that acts. This is intended to be the super class of Person and Organisation.",0,Doubao-pro-128k,0.0,8192,https://api2.aigcbest.top/v1,"判断结果：[正确]
解释：公理表明curator属性的客体应属于Agent类，背景知识中curator是属性，Agent是类，从语义上curator的客体作为实施行为的实体属于Agent类合理，符合range公理的语义规则。",1,0.0,
hard_case_0198,range,range(department) = MilitaryUnit,"背景知识：
条目1：
- 名称：department
- 类型：Property
- 简介：department

条目2：
- 名称：MilitaryUnit
- 类型：Class
- 简介：military unit",0,Doubao-pro-128k,0.0,8192,https://api2.aigcbest.top/v1,"判断结果：[正确]
解释：公理表明属性department的客体应属于MilitaryUnit类，背景知识中有department属性和MilitaryUnit类，此公理符合RDFS中range语义规则，无明显冲突。",1,0.0,
hard_case_0201,range,range(derivative) = MusicGenre,"背景知识：
条目1：
- 名称：derivative
- 类型：Property
- 简介：derivative

条目2：
- 名称：MusicGenre
- 类型：Class
- 简介：music genre",1,Doubao-pro-128k,0.0,8192,https://api2.aigcbest.top/v1,"判断结果：[错误]
解释：背景知识仅表明derivative是属性，未表明其客体应属于MusicGenre类，无法得出range(derivative) = MusicGenre的结论，与语义规则存在冲突。",0,0.0,
hard_case_0202,range,range(designCompany) = Organisation,"背景知识：
条目1：
- 名称：designCompany
- 类型：Property
- 简介：designer company

条目2：
- 名称：Organisation
- 类型：Class
- 简介：organisation",0,Doubao-pro-128k,0.0,8192,https://api2.aigcbest.top/v1,"判断结果：[正确]
解释：背景知识表明designCompany是属性，Organisation是类，公理表示designCompany属性的客体应属于Organisation类，符合range的语义规则，不存在与背景知识或语义规则的冲突。",1,0.0,
hard_case_0203,range,range(designer) = Agent,"背景知识：
条目1：
- 名称：designer
- 类型：Property
- 简介：designer

条目2：
- 名称：Agent
- 类型：Class
- 简介：Analogous to a foaf:Agent, an agent is an entity that acts. This is intended to be the super class of Person and Organisation.",0,Doubao-pro-128k,0.0,8192,https://api2.aigcbest.top/v1,"判断结果：[正确]
解释：背景知识中表明“designer”是属性，“Agent”是类，公理“range(designer) = Agent”符合RDFS语义规则中“range”表示属性的客体应属于某一类，且从常识看设计师可作为一种行动的实体属于“Agent”类，无明显冲突。",1,0.0,
hard_case_0204,range,range(destination) = Artery,"背景知识：
条目1：
- 名称：destination
- 类型：Property
- 简介：destination

条目2：
- 名称：Artery
- 类型：Class
- 简介：artery",0,Doubao-pro-128k,0.0,8192,https://api2.aigcbest.top/v1,"判断结果：[正确]
解释：公理表明属性“destination”的客体应属于“Artery”类，背景知识中“destination”是属性，“Artery”是类，符合RDFS中range公理的语义规则，不存在冲突。",1,0.0,
hard_case_0205,range,range(distributor) = Artery,"背景知识：
条目1：
- 名称：distributor
- 类型：Property
- 简介：distributor

条目2：
- 名称：Artery
- 类型：Class
- 简介：artery",0,Doubao-pro-128k,0.0,8192,https://api2.aigcbest.top/v1,"判断结果：[正确]
解释：公理表明属性distributor的客体应属于类Artery，背景知识中存在属性distributor和类Artery，该公理符合RDFS中range的语义规则，不存在冲突。",1,0.0,
hard_case_0209,range,range(editing) = Person,"背景知识：
条目1：
- 名称：editing
- 类型：Property
- 简介：editing

条目2：
- 名称：Person
- 类型：Class
- 简介：person",1,Doubao-pro-128k,0.0,8192,https://api2.aigcbest.top/v1,"判断结果：[错误]
解释：背景知识未表明“editing”属性的客体应属于“Person”类，仅从现有信息无法得出该公理合理，所以判定为错误。",0,0.0,
hard_case_0218,subPropertyOf,agenthierarchicallyaboveagent ⊑p agentcollaborateswithagent,"背景知识：
条目1：
- 名称：agenthierarchicallyaboveagent
- 类型：Class
- 简介：{%%s is hierarchically %s %%s, above}
- 补充信息：generalizations: agentcontrols, agentcollaborateswithagent | domain: agent | range: agent

条目2：
- 名称：agentcollaborateswithagent
- 类型：Class
- 简介：{%%s %s with %%s, collaborates}
- 补充信息：generalizations: agentinteractswithagent | domain: agent | range: agent",1,Doubao-pro-128k,0.0,8192,https://api2.aigcbest.top/v1,"判断结果：[错误]
解释：背景知识表明agenthierarchicallyaboveagent和agentcollaborateswithagent均为类，而公理中“⊑p”表示属性之间的包含关系，公理将类关系错误表示为属性关系，与背景知识和语义规则冲突。",0,0.0,
hard_case_0219,subPropertyOf,agenthierarchicallyaboveagent ⊑p agentcontrols,"背景知识：
条目1：
- 名称：agenthierarchicallyaboveagent
- 类型：Class
- 简介：{%%s is hierarchically %s %%s, above}
- 补充信息：generalizations: agentcontrols, agentcollaborateswithagent | domain: agent | range: agent

条目2：
- 名称：agentcontrols
- 类型：Class
- 简介：{%%s %s %%s, controls}
- 补充信息：generalizations: relatedto | domain: agent | range: everypromotedthing",1,Doubao-pro-128k,0.0,8192,https://api2.aigcbest.top/v1,"判断结果：[错误]
解释：背景知识表明agenthierarchicallyaboveagent和agentcontrols均为类，而公理中用⊑p（属性包含关系）来描述，与背景知识冲突，所以该公理错误。",0,0.0,
hard_case_0220,subPropertyOf,animalssuchasmammals ⊑p generalizationof,"背景知识：
条目1：
- 名称：animalssuchasmammals
- 类型：Class
- 简介：{%%s %s %%s, is a generalization of}
- 补充信息：generalizations: generalizationof | domain: animal | range: mammal

条目2：
- 名称：generalizationof
- 类型：Class
- 简介：generalizationof is a class in the NELL knowledge base.
- 补充信息：generalizations: relatedto | domain: everypromotedthing | range: everypromotedthing",1,Doubao-pro-128k,0.0,8192,https://api2.aigcbest.top/v1,"判断结果：[错误]
解释：公理中“animalssuchasmammals ⊑p generalizationof”表达属性包含关系，但“animalssuchasmammals”和“generalizationof”在背景知识中均为类，并非属性，与RDFS语义规则冲突。",0,0.0,
hard_case_0221,subPropertyOf,bombingvictim ⊑p relatedto,"背景知识：
条目1：
- 名称：bombingvictim
- 类型：Class
- 简介：bombingvictim is a class in the NELL knowledge base.
- 补充信息：generalizations: relatedto | domain: bombingevent | range: person

条目2：
- 名称：relatedto
- 类型：Class
- 简介：{%%s is somehow %s %%s, related to}
- 补充信息：generalizations: slot | domain: everypromotedthing | range: everypromotedthing",1,Doubao-pro-128k,0.0,8192,https://api2.aigcbest.top/v1,"判断结果：[错误]
解释：公理中“⊑p”表示属性包含关系，但bombingvictim和relatedto在背景知识中均为类，并非属性，与RDFS语义规则冲突。",0,0.0,
hard_case_0222,subPropertyOf,buildingbelongstoorganization ⊑p locationactedinbyorganization,"背景知识：
条目1：
- 名称：buildingbelongstoorganization
- 类型：Class
- 简介：{%%s %s %%s, is a building belonging to}
- 补充信息：generalizations: locationactedinbyorganization | domain: building | range: organization

条目2：
- 名称：locationactedinbyorganization
- 类型：Class
- 简介：locationactedinbyorganization is a class in the NELL knowledge base.
- 补充信息：generalizations: locationactedinbyagent | domain: location | range: organization",1,Doubao-pro-128k,0.0,8192,https://api2.aigcbest.top/v1,"判断结果：[错误]
解释：公理表示buildingbelongstoorganization是locationactedinbyorganization的子属性，但背景知识中二者均为类，并非属性，与公理表述冲突。",0,0.0,
hard_case_0225,subPropertyOf,citysportsteams ⊑p proxyfor,"背景知识：
条目1：
- 名称：citysportsteams
- 类型：Class
- 简介：citysportsteams is a class in the NELL knowledge base.
- 补充信息：generalizations: proxyfor, locationactedinbyorganization | domain: city | range: sportsteam

条目2：
- 名称：proxyfor
- 类型：Class
- 简介：{%%s is a %s for %%s, proxy}
- 补充信息：generalizations: mutualproxyfor | domain: everypromotedthing | range: everypromotedthing",1,Doubao-pro-128k,0.0,8192,https://api2.aigcbest.top/v1,"判断结果：[错误]
解释：公理表示citysportsteams是proxyfor的子属性，但背景知识中citysportsteams和proxyfor均为类，并非属性，与公理中属性包含关系冲突。",0,0.0,
hard_case_0227,subPropertyOf,countryofpersondeath ⊑p locationofpersondeath,"背景知识：
条目1：
- 名称：countryofpersondeath
- 类型：Class
- 简介：countryofpersondeath is a class in the NELL knowledge base.
- 补充信息：generalizations: locationofpersondeath | domain: country | range: person

条目2：
- 名称：locationofpersondeath
- 类型：Class
- 简介：locationofpersondeath is a class in the NELL knowledge base.
- 补充信息：generalizations: locationactedinbyagent | domain: location | range: person",1,Doubao-pro-128k,0.0,8192,https://api2.aigcbest.top/v1,"判断结果：[错误]
解释：公理中使用了属性包含关系符号⊑p，但countryofpersondeath和locationofpersondeath均为类，并非属性，与RDFS语义规则冲突。",0,0.0,
hard_case_0229,subPropertyOf,hobbiessuchashobbies ⊑p generalizationof,"背景知识：
条目1：
- 名称：hobbiessuchashobbies
- 类型：Class
- 简介：{%%s %s %%s, is a generalization of}
- 补充信息：generalizations: generalizationof | domain: hobby | range: hobby

条目2：
- 名称：generalizationof
- 类型：Class
- 简介：generalizationof is a class in the NELL knowledge base.
- 补充信息：generalizations: relatedto | domain: everypromotedthing | range: everypromotedthing",1,Doubao-pro-128k,0.0,8192,https://api2.aigcbest.top/v1,"判断结果：[错误]
解释：公理中“hobbiessuchashobbies ⊑p generalizationof”表示属性包含关系，但背景知识中“hobbiessuchashobbies”和“generalizationof”均为类，并非属性，与语义规则冲突。",0,0.0,
hard_case_0231,subPropertyOf,inverseofautomobilemakerchiefexecutiveceo ⊑p ceoof,"背景知识：
条目1：
- 名称：inverseofautomobilemakerchiefexecutiveceo
- 类型：Class
- 简介：inverseofautomobilemakerchiefexecutiveceo is a class in the NELL knowledge base.
- 补充信息：generalizations: ceoof | domain: ceo | range: automobilemaker

条目2：
- 名称：ceoof
- 类型：Class
- 简介：{%%s is the %s %%s, CEO of}
- 补充信息：generalizations: topmemberoforganization | domain: ceo | range: company",1,Doubao-pro-128k,0.0,8192,https://api2.aigcbest.top/v1,"判断结果：[错误]
解释：公理表示inverseofautomobilemakerchiefexecutiveceo是ceoof的子属性，但背景知识中两者均为类，并非属性，与公理中属性包含关系冲突。",0,0.0,
hard_case_0233,subPropertyOf,inverseofcriminalssuchascriminals ⊑p specializationof,"背景知识：
条目1：
- 名称：inverseofcriminalssuchascriminals
- 类型：Unknown
- 简介：Describes the criminals types that are generalizations of specific criminals
- 补充信息：generalizations: specializationof | domain: criminal | range: criminal

条目2：
- 名称：specializationof
- 类型：Unknown
- 简介：one thing is a more specific kind of another thing
- 补充信息：generalizations: relatedto | domain: everypromotedthing | range: everypromotedthing",1,Doubao-pro-128k,0.0,8192,https://api2.aigcbest.top/v1,"判断结果：[错误]
解释：公理表明inverseofcriminalssuchascriminals是specializationof的子属性，但背景知识中仅提及inverseofcriminalssuchascriminals的domain和range为criminal，specializationof的domain和range为everypromotedthing，未体现两者属性包含关系，且从语义看“描述罪犯类型泛化”与“某事物是另一事物更具体类型”并非子属性关系，与语义规则冲突。",0,0.0,
hard_case_0234,subPropertyOf,inverseofmammalsuchasmammal ⊑p specializationof,"背景知识：
条目1：
- 名称：inverseofmammalsuchasmammal
- 类型：Class
- 简介：inverseofmammalsuchasmammal is a class in the NELL knowledge base.
- 补充信息：generalizations: specializationof | domain: mammal | range: mammal

条目2：
- 名称：specializationof
- 类型：Class
- 简介：{%%s is a %s %%s, kind of}
- 补充信息：generalizations: relatedto | domain: everypromotedthing | range: everypromotedthing",1,Doubao-pro-128k,0.0,8192,https://api2.aigcbest.top/v1,"判断结果：[错误]
解释：公理中“inverseofmammalsuchasmammal ⊑p specializationof”表示属性包含关系，但背景知识中“inverseofmammalsuchasmammal”和“specializationof”均为类，并非属性，与RDFS语义规则冲突。",0,0.0,
hard_case_0235,subPropertyOf,inverseofpersongraduatedfromuniversity ⊑p schoolgraduatedperson,"背景知识：
条目1：
- 名称：inverseofpersongraduatedfromuniversity
- 类型：Class
- 简介：inverseofpersongraduatedfromuniversity is a class in the NELL knowledge base.
- 补充信息：generalizations: schoolgraduatedperson | domain: university | range: person

条目2：
- 名称：schoolgraduatedperson
- 类型：Class
- 简介：schoolgraduatedperson is a class in the NELL knowledge base.
- 补充信息：generalizations: schoolattendedbyperson | domain: school | range: person",1,Doubao-pro-128k,0.0,8192,https://api2.aigcbest.top/v1,"判断结果：[错误]
解释：公理中 “⊑p” 表示属性包含关系，但 “inverseofpersongraduatedfromuniversity” 和 “schoolgraduatedperson” 均为类，并非属性，与RDFS语义规则冲突。",0,0.0,
hard_case_0240,subPropertyOf,languageschoolincity ⊑p relatedto,"背景知识：
条目1：
- 名称：languageschoolincity
- 类型：Class
- 简介：{%%s is a language %s the city %%s, taught in language schools in}
- 补充信息：generalizations: relatedto | domain: language | range: city

条目2：
- 名称：relatedto
- 类型：Class
- 简介：{%%s is somehow %s %%s, related to}
- 补充信息：generalizations: slot | domain: everypromotedthing | range: everypromotedthing",1,Doubao-pro-128k,0.0,8192,https://api2.aigcbest.top/v1,"判断结果：[错误]
解释：公理中“languageschoolincity ⊑p relatedto”表示属性包含关系，但背景知识里“languageschoolincity”和“relatedto”均为类，并非属性，与语义规则冲突。",0,0.0,
hard_case_0242,subPropertyOf,mlauthorofsoftware ⊑p agentcreated,"背景知识：
条目1：
- 名称：mlauthorofsoftware
- 类型：Class
- 简介：{%%s is a machine-learning author who %s the software %%s, wrote}
- 补充信息：generalizations: agentcreated, agentinvolvedwithitem | domain: mlauthor | range: mlsoftware

条目2：
- 名称：agentcreated
- 类型：Class
- 简介：{%%s %s %%s, created}
- 补充信息：generalizations: relatedto | domain: agent | range: everypromotedthing",1,Doubao-pro-128k,0.0,8192,https://api2.aigcbest.top/v1,"判断结果：[错误]
解释：公理中“mlauthorofsoftware ⊑p agentcreated”表示属性包含关系，但背景知识中“mlauthorofsoftware”和“agentcreated”均为类，与公理中属性包含关系的语义规则冲突。",0,0.0,
hard_case_0243,subPropertyOf,mlsoftwareauthor ⊑p createdbyagent,"背景知识：
条目1：
- 名称：mlsoftwareauthor
- 类型：Class
- 简介：mlsoftwareauthor is a class in the NELL knowledge base.
- 补充信息：generalizations: iteminvolvedwithagent, createdbyagent | domain: mlsoftware | range: mlauthor

条目2：
- 名称：createdbyagent
- 类型：Class
- 简介：createdbyagent is a class in the NELL knowledge base.
- 补充信息：generalizations: relatedto | domain: everypromotedthing | range: agent",1,Doubao-pro-128k,0.0,8192,https://api2.aigcbest.top/v1,"判断结果：[错误]
解释：公理中使用subPropertyOf（⊑p）表示属性包含关系，但mlsoftwareauthor和createdbyagent在背景知识中均为类，并非属性，与RDFS语义规则冲突。",0,0.0,
hard_case_0244,subPropertyOf,museumincity ⊑p attractionofcity,"背景知识：
条目1：
- 名称：museumincity
- 类型：Class
- 简介：{%%s is a museum %s %%s, in the city}
- 补充信息：generalizations: attractionofcity, buildinglocatedincity | domain: museum | range: city

条目2：
- 名称：attractionofcity
- 类型：Class
- 简介：{%%s is a tourist attraction %s %%s, in the city}
- 补充信息：generalizations: locationlocatedwithinlocation | domain: attraction | range: city",1,Doubao-pro-128k,0.0,8192,https://api2.aigcbest.top/v1,"判断结果：[错误]
解释：公理中“⊑p”表示属性包含关系，但“museumincity”和“attractionofcity”在背景知识中均为类，并非属性，与语义规则冲突。",0,0.0,
hard_case_0249,subPropertyOf,statehaslake ⊑p locationcontainslocation,"背景知识：
条目1：
- 名称：statehaslake
- 类型：Class
- 简介：statehaslake is a class in the NELL knowledge base.
- 补充信息：generalizations: locationcontainslocation | domain: stateorprovince | range: lake

条目2：
- 名称：locationcontainslocation
- 类型：Class
- 简介：locationcontainslocation is a class in the NELL knowledge base.
- 补充信息：generalizations: superpartof, locatedat | domain: location | range: location",1,Doubao-pro-128k,0.0,8192,https://api2.aigcbest.top/v1,"判断结果：[错误]
解释：公理中“⊑p”表示属性包含关系，但“statehaslake”和“locationcontainslocation”在背景知识中均为类，并非属性，与语义规则冲突。",0,0.0,
hard_case_0250,subPropertyOf,timeofprotest ⊑p relatedto,"背景知识：
条目1：
- 名称：timeofprotest
- 类型：Class
- 简介：{%%s is the %s the event %%s, time of}
- 补充信息：generalizations: relatedto | domain: time | range: protestevent

条目2：
- 名称：relatedto
- 类型：Class
- 简介：{%%s is somehow %s %%s, related to}
- 补充信息：generalizations: slot | domain: everypromotedthing | range: everypromotedthing",1,Doubao-pro-128k,0.0,8192,https://api2.aigcbest.top/v1,"判断结果：[错误]
解释：公理表示timeofprotest是relatedto的子属性，但背景知识中timeofprotest和relatedto均为类，并非属性，与公理表达的属性包含关系冲突。",0,0.0,
hard_case_0278,subClassOf,Antoinism ⊑ Catholicism,"背景知识：
条目1：
- 名称：Antoinism
- 类型：Class
- 简介：Antoinism is a healing-oriented new religious movement founded in 1910 by Louis-Joseph Antoine (1846–1912) in Jemeppe-sur-Meuse, Seraing in Belgium. With a total of 64 temples, over forty reading rooms across the world and thousands of memb...

条目2：
- 名称：Catholicism
- 类型：Class
- 简介：The Catholic Church, commonly called the Roman Catholic Church, is the largest Christian denomination, with an estimated 1.28 to 1.41 billion baptized members worldwide as of 2026. It consists of 24 autonomous churches—the Latin Church and....",1,Doubao-pro-128k,0.0,8192,https://api2.aigcbest.top/v1,"判断结果：[错误]
解释：背景知识表明Antoinism是1910年由Louis - Joseph Antoine创立的新宗教运动，Catholicism是基督教最大教派，二者并无类的包含关系，此公理违背RDFS中subClassOf表示类包含关系的语义规则。",0,0.0,
hard_case_0279,subClassOf,Cancionista_Q24961653 ⊑ Lyricist,"背景知识：
条目1：
- 名称：Cancionista_Q24961653
- 类型：Class
- 简介：Cancionista_Q24961653 is a class in the knowledge base.

条目2：
- 名称：Lyricist
- 类型：Class
- 简介：A lyricist is a writer who writes lyrics, as opposed to a composer, who writes the song's music which may include the melody, harmony, arrangement and accompaniment.",1,Doubao-pro-128k,0.0,8192,https://api2.aigcbest.top/v1,"判断结果：[错误]
解释：背景知识未表明Cancionista_Q24961653与Lyricist存在包含关系，仅知二者为类，无法得出Cancionista_Q24961653是Lyricist的子类，所以该公理错误。",0,0.0,
hard_case_0280,subClassOf,Corps_de_l_u0027_armement ⊑ Engineer,"背景知识：
条目1：
- 名称：Corps_de_l_u0027_armement
- 类型：Class
- 简介：Corps_de_l_u0027_armement is a class in the knowledge base.

条目2：
- 名称：Engineer
- 类型：Class
- 简介：An engineer is a practitioner of engineering. The word engineer is derived from the Latin words ingeniare and ingenium (""cleverness""). The foundational qualifications of a licensed professional engineer typically include a four-year bachelo...",1,Doubao-pro-128k,0.0,8192,https://api2.aigcbest.top/v1,"判断结果：[错误]
解释：公理表示Corps_de_l_u0027_armement是Engineer的子类，但背景知识中仅表明二者为不同的类，未体现这种包含关系，不符合RDFS中subClassOf的语义规则。",0,0.0,
hard_case_0282,subClassOf,Fermier_Général_Q50376727 ⊑ Financier,"背景知识：
条目1：
- 名称：Fermier_Général_Q50376727
- 类型：Class
- 简介：Fermier_Général_Q50376727 is a class in the knowledge base.

条目2：
- 名称：Financier
- 类型：Class
- 简介：An investor is a person or entity that allocates financial capital with the expectation of a future return (profit) or to gain an advantage (interest). Through this allocated capital the investor usually purchases some species of property.....",1,Doubao-pro-128k,0.0,8192,https://api2.aigcbest.top/v1,"判断结果：[错误]
解释：背景知识未表明Fermier_Général_Q50376727和Financier存在包含关系，无法依据现有信息得出Fermier_Général_Q50376727是Financier的子类，所以该公理不合理。",0,0.0,
hard_case_0287,subClassOf,Français_Guyanais_Q102098874 ⊑ French_language,"背景知识：
条目1：
- 名称：Français_Guyanais_Q102098874
- 类型：Class
- 简介：Français_Guyanais_Q102098874 is a class in the knowledge base.

条目2：
- 名称：French_language
- 类型：Class
- 简介：French is a Romance language of the Indo-European family. Like all other Romance languages, it descended from the Vulgar Latin of the Roman Empire. French evolved from Northern Old Gallo-Romance, a descendant of the Latin spoken in Northern...",1,Doubao-pro-128k,0.0,8192,https://api2.aigcbest.top/v1,"判断结果：[错误]
解释：背景知识中仅表明Français_Guyanais_Q102098874和French_language是类，但未体现Français_Guyanais_Q102098874是French_language的子类，缺乏依据支持该包含关系，所以公理错误。",0,0.0,
hard_case_0294,subClassOf,Prankster_Q1344569 ⊑ Comedian,"背景知识：
条目1：
- 名称：Prankster_Q1344569
- 类型：Class
- 简介：Prankster_Q1344569 is a class in the knowledge base.

条目2：
- 名称：Comedian
- 类型：Class
- 简介：A comedian or comic is a person who seeks to entertain an audience by making them laugh. This may be done by telling jokes, creating amusing situations, acting foolishly, or employing prop comedy. A comedian who addresses an audience direct...",1,Doubao-pro-128k,0.0,8192,https://api2.aigcbest.top/v1,"判断结果：[错误]
解释：背景知识仅表明Prankster_Q1344569是知识库中的一个类，未体现其与Comedian的包含关系，不能得出Prankster_Q1344569是Comedian的子类，该公理与背景知识冲突。",0,0.0,
hard_case_0295,subClassOf,Rábula_Q10365511 ⊑ Lawyer,"背景知识：
条目1：
- 名称：Rábula_Q10365511
- 类型：Class
- 简介：Rábula_Q10365511 is a class in the knowledge base.

条目2：
- 名称：Lawyer
- 类型：Class
- 简介：A lawyer is a person who is qualified to offer advice about the law, draft legal documents, or represent individuals in legal matters.",1,Doubao-pro-128k,0.0,8192,https://api2.aigcbest.top/v1,"判断结果：[错误]
解释：背景知识中仅表明Rábula_Q10365511是知识库中的一个类，未体现其与Lawyer类的包含关系，无法从给定背景知识得出Rábula_Q10365511是Lawyer的子类，所以该公理错误。",0,0.0,
hard_case_0296,subClassOf,Schwefelbad_Q112157620 ⊑ Designated_Spa_Town_Q6882870,"背景知识：
条目1：
- 名称：Schwefelbad_Q112157620
- 类型：Class
- 简介：Schwefelbad_Q112157620 is a class in the knowledge base.

条目2：
- 名称：Designated_Spa_Town_Q6882870
- 类型：Class
- 简介：Designated_Spa_Town_Q6882870 is a class in the knowledge base.",1,Doubao-pro-128k,0.0,8192,https://api2.aigcbest.top/v1,"判断结果：[错误]
解释：背景知识仅表明Schwefelbad_Q112157620和Designated_Spa_Town_Q6882870是知识库中的类，未体现Schwefelbad_Q112157620是Designated_Spa_Town_Q6882870子类的关系，该公理缺乏依据。",0,0.0,
hard_case_0297,subClassOf,Skerry_Coast_Q13137873 ⊑ Archipelago,"背景知识：
条目1：
- 名称：Skerry_Coast_Q13137873
- 类型：Class
- 简介：Skerry_Coast_Q13137873 is a class in the knowledge base.

条目2：
- 名称：Archipelago
- 类型：Class
- 简介：An archipelago, sometimes called an island group or island chain, is a chain, cluster, or collection of islands. An archipelago may be in an ocean, a sea, or a smaller body of water. Examples of archipelagos include the Aegean Islands, the....",1,Doubao-pro-128k,0.0,8192,https://api2.aigcbest.top/v1,"判断结果：[错误]
解释：背景知识中未表明Skerry_Coast_Q13137873和Archipelago存在包含关系，且常识中海岸与群岛是不同概念，该公理与常识不符。",0,0.0,
hard_case_0298,subClassOf,State_Public_Works_Engineering_Corps__u0028_France_u0029_ ⊑ Engineer,"背景知识：
条目1：
- 名称：State_Public_Works_Engineering_Corps__u0028_France_u0029_
- 类型：Class
- 简介：State_Public_Works_Engineering_Corps__u0028_France_u0029_ is a class in the knowledge base.

条目2：
- 名称：Engineer
- 类型：Class
- 简介：An engineer is a practitioner of engineering. The word engineer is derived from the Latin words ingeniare and ingenium (""cleverness""). The foundational qualifications of a licensed professional engineer typically include a four-year bachelo...",1,Doubao-pro-128k,0.0,8192,https://api2.aigcbest.top/v1,"判断结果：[错误]
解释：背景知识中“State_Public_Works_Engineering_Corps__u0028_France_u0029_”和“Engineer”均为类，“Engineer”指工程师个体，“State_Public_Works_Engineering_Corps__u0028_France_u0029_”通常是一个组织类，组织类不能作为工程师个体类的子类，该公理与常识不符。",0,0.0,
hard_case_0299,subClassOf,Tenja_Q11567170 ⊑ Literary_Critic_Q4263842,"背景知识：
条目1：
- 名称：Tenja_Q11567170
- 类型：Class
- 简介：Tenja_Q11567170 is a class in the knowledge base.

条目2：
- 名称：Literary_Critic_Q4263842
- 类型：Class
- 简介：Literary_Critic_Q4263842 is a class in the knowledge base.",1,Doubao-pro-128k,0.0,8192,https://api2.aigcbest.top/v1,"判断结果：[错误]
解释：背景知识仅表明Tenja_Q11567170和Literary_Critic_Q4263842是知识库中的类，未给出类间包含关系，无法得出Tenja_Q11567170是Literary_Critic_Q4263842子类的结论。",0,0.0,
hard_case_0300,subPropertyOf,actionableFeedbackPolicy ⊑p publishingPrinciples,"背景知识：
条目1：
- 名称：actionableFeedbackPolicy
- 类型：Property
- 简介：For a <a class=""localLink"" href=""/NewsMediaOrganization"">NewsMediaOrganization</a> or other news-related <a class=""localLink"" href=""/Organization"">Organization</a>, a statement about public engagement activities (for news media, the newsroo...
- 补充信息：domainIncludes: http://schema.org/NewsMediaOrganization, http://schema.org/Organization | rangeIncludes: http://schema.org/CreativeWork, http://schema.org/URL

条目2：
- 名称：publishingPrinciples
- 类型：Property
- 简介：The publishingPrinciples property indicates (typically via <a class=""localLink"" href=""/URL"">URL</a>) a document describing the editorial principles of an <a class=""localLink"" href=""/Organization"">Organization</a> (or individual, e.g. a <a c...
- 补充信息：domainIncludes: http://schema.org/CreativeWork, http://schema.org/Organization, http://schema.org/Person | rangeIncludes: http://schema.org/CreativeWork, http://schema.org/URL",1,Doubao-pro-128k,0.0,8192,https://api2.aigcbest.top/v1,"判断结果：[错误]
解释：背景知识未表明actionableFeedbackPolicy和publishingPrinciples存在属性包含关系，无法依据现有信息得出actionableFeedbackPolicy是publishingPrinciples的子属性，所以该公理错误。",0,0.0,
hard_case_0301,subPropertyOf,announcementLocation ⊑p spatialCoverage,"背景知识：
条目1：
- 名称：announcementLocation
- 类型：Property
- 简介：Indicates a specific <a class=""localLink"" href=""/CivicStructure"">CivicStructure</a> or <a class=""localLink"" href=""/LocalBusiness"">LocalBusiness</a> associated with the SpecialAnnouncement. For example, a specific testing facility or busines...
- 补充信息：domainIncludes: http://schema.org/SpecialAnnouncement | rangeIncludes: http://schema.org/CivicStructure, http://schema.org/LocalBusiness

条目2：
- 名称：spatialCoverage
- 类型：Property
- 简介：The spatialCoverage of a CreativeWork indicates the place(s) which are the focus of the content. It is a subproperty of contentLocation intended primarily for more technical and detailed materials. For example with a Dataset, it indicates a...
- 补充信息：domainIncludes: http://schema.org/CreativeWork | rangeIncludes: http://schema.org/Place",1,Doubao-pro-128k,0.0,8192,https://api2.aigcbest.top/v1,"判断结果：[错误]
解释：背景知识表明announcementLocation的定义域为SpecialAnnouncement，值域为CivicStructure或LocalBusiness，spatialCoverage的定义域为CreativeWork，值域为Place，二者定义域和值域不同，不满足属性包含关系，所以该公理错误。",0,0.0,
hard_case_0302,subPropertyOf,availableAtOrFrom ⊑p areaServed,"背景知识：
条目1：
- 名称：availableAtOrFrom
- 类型：Property
- 简介：The place(s) from which the offer can be obtained (e.g. store locations).
- 补充信息：domainIncludes: http://schema.org/Demand, http://schema.org/Offer | rangeIncludes: http://schema.org/Place

条目2：
- 名称：areaServed
- 类型：Property
- 简介：The geographic area where a service or offered item is provided.
- 补充信息：domainIncludes: http://schema.org/ContactPoint, http://schema.org/DeliveryChargeSpecification, http://schema.org/Demand, http://schema.org/FinancialIncentive, http://schema.org/Off...",1,Doubao-pro-128k,0.0,8192,https://api2.aigcbest.top/v1,"判断结果：[错误]
解释：背景知识未表明“availableAtOrFrom”和“areaServed”属性间有包含关系，“availableAtOrFrom”的主体是需求和报价，客体是地点，“areaServed”主体涉及多种类型，语义上“availableAtOrFrom”并非“areaServed”的子属性，与RDFS语义规则冲突。",0,0.0,
hard_case_0303,subPropertyOf,brand ⊑p hasDesignation,"背景知识：
条目1：
- 名称：brand
- 类型：Property
- 简介：The brand(s) associated with a product or service, or the brand(s) maintained by an organization or business person.
- 补充信息：domainIncludes: http://schema.org/Organization, http://schema.org/Person, http://schema.org/Product, http://schema.org/Service | rangeIncludes: http://schema.org/Brand, http://sche...

条目2：
- 名称：hasDesignation
- 类型：Class
- 简介：hasDesignation is a class in the knowledge base.",1,Doubao-pro-128k,0.0,8192,https://api2.aigcbest.top/v1,"判断结果：[错误]
解释：背景知识中brand是属性，hasDesignation是类，而公理中“⊑p”表示属性之间的包含关系，类和属性不能构成属性包含关系，与语义规则冲突。",0,0.0,
hard_case_0304,subPropertyOf,certificationIdentification ⊑p hasRegistrationIdentifier,"背景知识：
条目1：
- 名称：certificationIdentification
- 类型：Property
- 简介：Identifier of a certification instance (as registered with an independent certification body). Typically this identifier can be used to consult and verify the certification instance. See also <a href=""https://www.gs1.org/voc/certificationId...
- 补充信息：domainIncludes: http://schema.org/Certification | rangeIncludes: http://schema.org/DefinedTerm, http://schema.org/Text

条目2：
- 名称：hasRegistrationIdentifier
- 类型：Class
- 简介：hasRegistrationIdentifier is a class in the knowledge base.",1,Doubao-pro-128k,0.0,8192,https://api2.aigcbest.top/v1,"判断结果：[错误]
解释：背景知识中certificationIdentification是属性，hasRegistrationIdentifier是类，而公理中“⊑p”表示属性之间的包含关系，公理将属性和类进行属性包含关系表述，与背景知识和语义规则冲突。",0,0.0,
hard_case_0308,subPropertyOf,handlingTime ⊑p duration,"背景知识：
条目1：
- 名称：handlingTime
- 类型：Property
- 简介：The typical delay between the receipt of the order and the goods either leaving the warehouse or being prepared for pickup, in case the delivery method is on site pickup.<br/><br/> In the context of <a class=""localLink"" href=""/ShippingDeliv...
- 补充信息：domainIncludes: http://schema.org/ShippingDeliveryTime, http://schema.org/ShippingService | rangeIncludes: http://schema.org/QuantitativeValue, http://schema.org/ServicePeriod

条目2：
- 名称：duration
- 类型：Property
- 简介：The duration of the item (movie, audio recording, event, etc.) in <a href=""http://en.wikipedia.org/wiki/ISO_8601"">ISO 8601 duration format</a>.
- 补充信息：domainIncludes: http://schema.org/Audiobook, http://schema.org/Episode, http://schema.org/Event, http://schema.org/MediaObject, http://schema.org/Movie, http://schema.org/MusicReco...",1,Doubao-pro-128k,0.0,8192,https://api2.aigcbest.top/v1,"判断结果：[错误]
解释：背景知识中“handlingTime”的定义域为“http://schema.org/ShippingDeliveryTime”和“http://schema.org/ShippingService”等，“duration”的定义域为“http://schema.org/Audiobook”等，二者定义域不同，不存在“handlingTime”是“duration”子属性的语义关系，与RDFS语义规则冲突。",0,0.0,
hard_case_0309,subPropertyOf,hasCategoryCode ⊑p hasDefinedTerm,"背景知识：
条目1：
- 名称：hasCategoryCode
- 类型：Property
- 简介：A Category code contained in this code set.
- 补充信息：domainIncludes: http://schema.org/CategoryCodeSet | rangeIncludes: http://schema.org/CategoryCode

条目2：
- 名称：hasDefinedTerm
- 类型：Property
- 简介：A Defined Term contained in this term set.
- 补充信息：domainIncludes: http://schema.org/DefinedTermSet, http://schema.org/Taxon | rangeIncludes: http://schema.org/DefinedTerm",1,Doubao-pro-128k,0.0,8192,https://api2.aigcbest.top/v1,"判断结果：[错误]
解释：背景知识表明hasCategoryCode的domain是CategoryCodeSet、range是CategoryCode，hasDefinedTerm的domain是DefinedTermSet和Taxon、range是DefinedTerm，二者的domain和range不同，不存在属性包含关系，与RDFS语义规则冲突。",0,0.0,
hard_case_0315,subPropertyOf,isVariantOf ⊑p exemplifies,"背景知识：
条目1：
- 名称：isVariantOf
- 类型：Property
- 简介：Indicates the kind of product that this is a variant of. In the case of <a class=""localLink"" href=""/ProductModel"">ProductModel</a>, this is a pointer (from a ProductModel) to a base product from which this product is a variant. It is safe t...
- 补充信息：domainIncludes: http://schema.org/Product, http://schema.org/ProductModel | rangeIncludes: http://schema.org/ProductGroup, http://schema.org/ProductModel

条目2：
- 名称：exemplifies
- 类型：Class
- 简介：exemplifies is a class in the knowledge base.",1,Doubao-pro-128k,0.0,8192,https://api2.aigcbest.top/v1,"判断结果：[错误]
解释：背景知识中“isVariantOf”是属性，“exemplifies”是类，而“⊑p”表示属性之间的包含关系，公理将属性与类进行属性包含关系的描述，与背景知识和语义规则冲突。",0,0.0,
hard_case_0316,subPropertyOf,itemLocation ⊑p location,"背景知识：
条目1：
- 名称：itemLocation
- 类型：Property
- 简介：Current location of the item.
- 补充信息：domainIncludes: http://schema.org/ArchiveComponent | rangeIncludes: http://schema.org/Place, http://schema.org/PostalAddress, http://schema.org/Text

条目2：
- 名称：location
- 类型：Property
- 简介：The location of, for example, where an event is happening, where an organization is located, or where an action takes place.
- 补充信息：domainIncludes: http://schema.org/Action, http://schema.org/Event, http://schema.org/InteractionCounter, http://schema.org/Organization | rangeIncludes: http://schema.org/Place, ht...",1,Doubao-pro-128k,0.0,8192,https://api2.aigcbest.top/v1,"判断结果：[错误]
解释：背景知识中未体现itemLocation和location属性之间的包含关系，无法依据现有信息得出itemLocation是location的子属性，所以该公理不合理。",0,0.0,
hard_case_0317,subPropertyOf,legalName ⊑p hasName,"背景知识：
条目1：
- 名称：legalName
- 类型：Property
- 简介：The official name of the organization, e.g. the registered company name.
- 补充信息：domainIncludes: http://schema.org/Organization | rangeIncludes: http://schema.org/Text

条目2：
- 名称：hasName
- 类型：Class
- 简介：hasName is a class in the knowledge base.",1,Doubao-pro-128k,0.0,8192,https://api2.aigcbest.top/v1,"判断结果：[错误]
解释：背景知识中legalName是属性，hasName是类，而公理中“⊑p”表示属性之间的包含关系，将属性与类建立属性包含关系与背景知识和语义规则冲突。",0,0.0,
hard_case_0318,subPropertyOf,legislationCommences ⊑p legislationChanges,"背景知识：
条目1：
- 名称：legislationCommences
- 类型：Property
- 简介：Another legislation that this one sets into force.
- 补充信息：domainIncludes: http://schema.org/Legislation | rangeIncludes: http://schema.org/Legislation

条目2：
- 名称：legislationChanges
- 类型：Property
- 简介：Another legislation that this legislation changes. This encompasses the notions of amendment, replacement, correction, repeal, or other types of change. This may be a direct change (textual or non-textual amendment) or a consequential or in...
- 补充信息：domainIncludes: http://schema.org/Legislation | rangeIncludes: http://schema.org/Legislation",1,Doubao-pro-128k,0.0,8192,https://api2.aigcbest.top/v1,"判断结果：[错误]
解释：背景知识未表明“legislationCommences”和“legislationChanges”存在属性包含关系，“legislationCommences”指一部立法使另一部立法生效，“legislationChanges”指一部立法对另一部立法的改变，二者语义不同，不存在“legislationCommences”是“legislationChanges”子属性的关系。",0,0.0,
hard_case_0319,subPropertyOf,legislationDate ⊑p dateCreated,"背景知识：
条目1：
- 名称：legislationDate
- 类型：Property
- 简介：The date of adoption or signature of the legislation. This is the date at which the text is officially aknowledged to be a legislation, even though it might not even be published or in force.
- 补充信息：domainIncludes: http://schema.org/Legislation | rangeIncludes: http://schema.org/Date

条目2：
- 名称：dateCreated
- 类型：Property
- 简介：The date on which the CreativeWork was created or the item was added to a DataFeed.
- 补充信息：domainIncludes: http://schema.org/CreativeWork, http://schema.org/DataFeedItem | rangeIncludes: http://schema.org/Date, http://schema.org/DateTime",1,Doubao-pro-128k,0.0,8192,https://api2.aigcbest.top/v1,"判断结果：[错误]
解释：背景知识表明legislationDate的domain为http://schema.org/Legislation ，dateCreated的domain为http://schema.org/CreativeWork和http://schema.org/DataFeedItem ，二者domain不同，不满足subPropertyOf的语义规则，所以该公理错误。",0,0.0,
hard_case_0320,subPropertyOf,legislationJurisdiction ⊑p spatialCoverage,"背景知识：
条目1：
- 名称：legislationJurisdiction
- 类型：Property
- 简介：The jurisdiction from which the legislation originates.
- 补充信息：domainIncludes: http://schema.org/Legislation | rangeIncludes: http://schema.org/AdministrativeArea, http://schema.org/Text

条目2：
- 名称：spatialCoverage
- 类型：Property
- 简介：The spatialCoverage of a CreativeWork indicates the place(s) which are the focus of the content. It is a subproperty of contentLocation intended primarily for more technical and detailed materials. For example with a Dataset, it indicates a...
- 补充信息：domainIncludes: http://schema.org/CreativeWork | rangeIncludes: http://schema.org/Place",1,Doubao-pro-128k,0.0,8192,https://api2.aigcbest.top/v1,"判断结果：[错误]
解释：背景知识中“legislationJurisdiction”的定义域为“http://schema.org/Legislation”，值域为“http://schema.org/AdministrativeArea”和“http://schema.org/Text”，“spatialCoverage”的定义域为“http://schema.org/CreativeWork”，值域为“http://schema.org/Place”，二者定义域和值域均不同，不满足属性包含关系的语义规则。",0,0.0,
hard_case_0322,subPropertyOf,legislationType ⊑p genre,"背景知识：
条目1：
- 名称：legislationType
- 类型：Property
- 简介：The type of the legislation. Examples of values are ""law"", ""act"", ""directive"", ""decree"", ""regulation"", ""statutory instrument"", ""loi organique"", ""règlement grand-ducal"", etc., depending on the country.
- 补充信息：domainIncludes: http://schema.org/Legislation | rangeIncludes: http://schema.org/CategoryCode, http://schema.org/Text

条目2：
- 名称：genre
- 类型：Property
- 简介：Genre of the creative work, broadcast channel or group.
- 补充信息：domainIncludes: http://schema.org/BroadcastChannel, http://schema.org/CreativeWork, http://schema.org/MusicGroup | rangeIncludes: http://schema.org/DefinedTerm, http://schema.org/T...",1,Doubao-pro-128k,0.0,8192,https://api2.aigcbest.top/v1,"判断结果：[错误]
解释：背景知识中“legislationType”用于表示立法类型，“genre”用于表示创意作品、广播频道或团体的类型，二者语义不同，不存在“legislationType”是“genre”子属性的关系，与RDFS语义规则冲突。",0,0.0,
hard_case_0324,subPropertyOf,longitude ⊑p hasLongitude,"背景知识：
条目1：
- 名称：longitude
- 类型：Property
- 简介：The longitude of a location. For example <code>-122.08585</code> (<a href=""https://en.wikipedia.org/wiki/World_Geodetic_System"">WGS 84</a>).
- 补充信息：domainIncludes: http://schema.org/GeoCoordinates, http://schema.org/Place | rangeIncludes: http://schema.org/Number, http://schema.org/Text

条目2：
- 名称：hasLongitude
- 类型：Class
- 简介：hasLongitude is a class in the knowledge base.",1,Doubao-pro-128k,0.0,8192,https://api2.aigcbest.top/v1,"判断结果：[错误]
解释：根据背景知识，longitude是属性，hasLongitude是类，而subPropertyOf是描述属性之间的包含关系，公理中用属性和类建立subPropertyOf关系，与语义规则冲突。",0,0.0,
hard_case_0325,subPropertyOf,maxPrice ⊑p hasUpperBound,"背景知识：
条目1：
- 名称：maxPrice
- 类型：Property
- 简介：The highest price if the price is a range.
- 补充信息：domainIncludes: http://schema.org/PriceSpecification | rangeIncludes: http://schema.org/Number

条目2：
- 名称：hasUpperBound
- 类型：Class
- 简介：hasUpperBound is a class in the knowledge base.",1,Doubao-pro-128k,0.0,8192,https://api2.aigcbest.top/v1,"判断结果：[错误]
解释：背景知识中maxPrice是属性，hasUpperBound是类，而公理中用subPropertyOf（⊑p）描述它们的关系，属性和类之间不能用属性包含关系描述，与语义规则冲突。",0,0.0,
hard_case_0326,subPropertyOf,minimumPaymentDue ⊑p hasLowerBound,"背景知识：
条目1：
- 名称：minimumPaymentDue
- 类型：Property
- 简介：The minimum payment required at this time.
- 补充信息：domainIncludes: http://schema.org/Invoice | rangeIncludes: http://schema.org/MonetaryAmount, http://schema.org/PriceSpecification

条目2：
- 名称：hasLowerBound
- 类型：Class
- 简介：hasLowerBound is a class in the knowledge base.",1,Doubao-pro-128k,0.0,8192,https://api2.aigcbest.top/v1,"判断结果：[错误]
解释：背景知识中minimumPaymentDue是属性，hasLowerBound是类，而公理minimumPaymentDue ⊑p hasLowerBound表示属性之间的包含关系，存在概念类型不匹配的冲突，所以该公理错误。",0,0.0,
hard_case_0328,subPropertyOf,nsn ⊑p identifiedBy,"背景知识：
条目1：
- 名称：nsn
- 类型：Property
- 简介：Indicates the <a href=""https://en.wikipedia.org/wiki/NATO_Stock_Number"">NATO stock number</a> (nsn) of a <a class=""localLink"" href=""/Product"">Product</a>.
- 补充信息：domainIncludes: http://schema.org/Product | rangeIncludes: http://schema.org/Text

条目2：
- 名称：identifiedBy
- 类型：Class
- 简介：identifiedBy is a class in the knowledge base.",1,Doubao-pro-128k,0.0,8192,https://api2.aigcbest.top/v1,"判断结果：[错误]
解释：背景知识中nsn是属性，identifiedBy是类，而公理中“⊑p”表示属性之间的包含关系，公理将属性与类进行属性包含关系的描述，与背景知识和语义规则冲突。",0,0.0,
hard_case_0329,subPropertyOf,orderDate ⊑p hasDate,"背景知识：
条目1：
- 名称：orderDate
- 类型：Property
- 简介：Date order was placed.
- 补充信息：domainIncludes: http://schema.org/Order | rangeIncludes: http://schema.org/Date, http://schema.org/DateTime

条目2：
- 名称：hasDate
- 类型：Class
- 简介：hasDate is a class in the knowledge base.",1,Doubao-pro-128k,0.0,8192,https://api2.aigcbest.top/v1,"判断结果：[错误]
解释：公理中“orderDate”是属性，“hasDate”是类，而“⊑p”表示属性之间的包含关系，属性和类之间不能用此关系，与RDFS语义规则冲突。",0,0.0,
hard_case_0332,subPropertyOf,partOfInvoice ⊑p isReferencedIn,"背景知识：
条目1：
- 名称：partOfInvoice
- 类型：Property
- 简介：The order is being paid as part of the referenced Invoice.
- 补充信息：domainIncludes: http://schema.org/Order | rangeIncludes: http://schema.org/Invoice

条目2：
- 名称：isReferencedIn
- 类型：Class
- 简介：isReferencedIn is a class in the knowledge base.",1,Doubao-pro-128k,0.0,8192,https://api2.aigcbest.top/v1,"判断结果：[错误]
解释：公理中“partOfInvoice”是属性，“isReferencedIn”是类，属性之间才有“subPropertyOf（⊑p）”关系，属性与类之间不存在该关系，与RDFS语义规则冲突。",0,0.0,
hard_case_0333,subPropertyOf,paymentUrl ⊑p hasAddress,"背景知识：
条目1：
- 名称：paymentUrl
- 类型：Property
- 简介：The URL for sending a payment.
- 补充信息：domainIncludes: http://schema.org/Order | rangeIncludes: http://schema.org/URL

条目2：
- 名称：hasAddress
- 类型：Class
- 简介：hasAddress is a class in the knowledge base.",1,Doubao-pro-128k,0.0,8192,https://api2.aigcbest.top/v1,"判断结果：[错误]
解释：背景知识表明paymentUrl是属性，hasAddress是类，而公理中“⊑p”表示属性之间的包含关系，类和属性不能构成这种关系，与语义规则冲突。",0,0.0,
hard_case_0334,subPropertyOf,price ⊑p hasNumericValue,"背景知识：
条目1：
- 名称：price
- 类型：Property
- 简介：The offer price of a product, or of a price component when attached to PriceSpecification and its subtypes.<br/><br/> Usage guidelines:<br/><br/> <ul> <li>Use the <a class=""localLink"" href=""/priceCurrency"">priceCurrency</a> property (with s...
- 补充信息：domainIncludes: http://schema.org/DonateAction, http://schema.org/Offer, http://schema.org/PriceSpecification, http://schema.org/TradeAction | rangeIncludes: http://schema.org/Numb...

条目2：
- 名称：hasNumericValue
- 类型：Class
- 简介：hasNumericValue is a class in the knowledge base.",1,Doubao-pro-128k,0.0,8192,https://api2.aigcbest.top/v1,"判断结果：[错误]
解释：背景知识表明price是属性，hasNumericValue是类，而公理中“⊑p”表示属性之间的包含关系，公理将属性与类进行这种属性包含关系的表达，与背景知识和语义规则冲突。",0,0.0,
hard_case_0335,subPropertyOf,priceCurrency ⊑p hasCurrency,"背景知识：
条目1：
- 名称：priceCurrency
- 类型：Property
- 简介：The currency of the price, or a price component when attached to <a class=""localLink"" href=""/PriceSpecification"">PriceSpecification</a> and its subtypes.<br/><br/> Use standard formats: <a href=""http://en.wikipedia.org/wiki/ISO_4217"">ISO 42...
- 补充信息：domainIncludes: http://schema.org/DonateAction, http://schema.org/Offer, http://schema.org/PriceSpecification, http://schema.org/Reservation, http://schema.org/Ticket, http://schem...

条目2：
- 名称：hasCurrency
- 类型：Class
- 简介：hasCurrency is a class in the knowledge base.",1,Doubao-pro-128k,0.0,8192,https://api2.aigcbest.top/v1,"判断结果：[错误]
解释：背景知识中priceCurrency是属性，hasCurrency是类，而公理中“⊑p”表示属性之间的包含关系，属性与类之间不能用此关系，与语义规则冲突。",0,0.0,
hard_case_0336,subPropertyOf,readBy ⊑p actor,"背景知识：
条目1：
- 名称：readBy
- 类型：Property
- 简介：A person who reads (performs) the audiobook.
- 补充信息：domainIncludes: http://schema.org/Audiobook | rangeIncludes: http://schema.org/Person

条目2：
- 名称：actor
- 类型：Property
- 简介：An actor (individual or a group), e.g. in TV, radio, movie, video games etc., or in an event. Actors can be associated with individual items or with a series, episode, clip.
- 补充信息：domainIncludes: http://schema.org/Clip, http://schema.org/CreativeWorkSeason, http://schema.org/Episode, http://schema.org/Event, http://schema.org/Movie, http://schema.org/MovieSe...",1,Doubao-pro-128k,0.0,8192,https://api2.aigcbest.top/v1,"判断结果：[错误]
解释：背景知识中“readBy”表示有声读物的阅读者，“actor”指在影视、广播等中的演员，二者语义不同，不存在属性之间的包含关系，与RDFS语义规则冲突。",0,0.0,
hard_case_0337,subPropertyOf,recipeIngredient ⊑p supply,"背景知识：
条目1：
- 名称：recipeIngredient
- 类型：Property
- 简介：An ingredient or ordered list of ingredients and potentially quantities used in the recipe, e.g. 1 cup of sugar, flour or garlic. The ingredients can be represented as free text or more structured values.
- 补充信息：domainIncludes: http://schema.org/Recipe | rangeIncludes: http://schema.org/ItemList, http://schema.org/PropertyValue, http://schema.org/Text

条目2：
- 名称：supply
- 类型：Property
- 简介：A sub-property of instrument. A supply consumed when performing instructions or a direction.
- 补充信息：domainIncludes: http://schema.org/HowTo, http://schema.org/HowToDirection | rangeIncludes: http://schema.org/HowToSupply, http://schema.org/Text",1,Doubao-pro-128k,0.0,8192,https://api2.aigcbest.top/v1,"判断结果：[错误]
解释：背景知识表明recipeIngredient的domain为http://schema.org/Recipe，而supply的domain为http://schema.org/HowTo和http://schema.org/HowToDirection，二者domain不同，不满足subPropertyOf关系，所以该公理错误。",0,0.0,
hard_case_0338,subPropertyOf,servicePhone ⊑p hasAddress,"背景知识：
条目1：
- 名称：servicePhone
- 类型：Property
- 简介：The phone number to use to access the service.
- 补充信息：domainIncludes: http://schema.org/ServiceChannel | rangeIncludes: http://schema.org/ContactPoint

条目2：
- 名称：hasAddress
- 类型：Class
- 简介：hasAddress is a class in the knowledge base.",1,Doubao-pro-128k,0.0,8192,https://api2.aigcbest.top/v1,"判断结果：[错误]
解释：背景知识中servicePhone是属性，hasAddress是类，而公理中用subPropertyOf描述两者关系，与语义规则中subPropertyOf用于描述属性之间包含关系冲突。",0,0.0,
hard_case_0339,subPropertyOf,serviceSmsNumber ⊑p hasAddress,"背景知识：
条目1：
- 名称：serviceSmsNumber
- 类型：Property
- 简介：The number to access the service by text message.
- 补充信息：domainIncludes: http://schema.org/ServiceChannel | rangeIncludes: http://schema.org/ContactPoint

条目2：
- 名称：hasAddress
- 类型：Class
- 简介：hasAddress is a class in the knowledge base.",1,Doubao-pro-128k,0.0,8192,https://api2.aigcbest.top/v1,"判断结果：[错误]
解释：背景知识表明serviceSmsNumber是属性，hasAddress是类，而“⊑p”表示属性之间的包含关系，公理将属性与类进行属性包含关系的描述，与语义规则冲突。",0,0.0,
hard_case_0340,subPropertyOf,sha256 ⊑p description,"背景知识：
条目1：
- 名称：sha256
- 类型：Property
- 简介：The <a href=""https://en.wikipedia.org/wiki/SHA-2"">SHA-2</a> SHA256 hash of the content of the item. For example, a zero-length input has value 'e3b0c44298fc1c149afbf4c8996fb92427ae41e4649b934ca495991b7852b855'.
- 补充信息：domainIncludes: http://schema.org/MediaObject | rangeIncludes: http://schema.org/Text

条目2：
- 名称：description
- 类型：Property
- 简介：A description of the item.
- 补充信息：domainIncludes: http://schema.org/Thing | rangeIncludes: http://schema.org/Text, http://schema.org/TextObject",1,Doubao-pro-128k,0.0,8192,https://api2.aigcbest.top/v1,"判断结果：[错误]
解释：背景知识中未体现sha256和description之间的属性包含关系，且从语义上看，sha256是用于表示内容的SHA - 2 SHA256哈希，description是对物品的描述，二者语义不同，不存在属性包含关系。",0,0.0,
hard_case_0344,domain,domain(activeIngredient) = DrugStrength,"背景知识：
条目1：
- 名称：activeIngredient
- 类型：Property
- 简介：An active ingredient, typically chemical compounds and/or biologic substances.
- 补充信息：domainIncludes: http://schema.org/DietarySupplement, http://schema.org/Drug, http://schema.org/DrugStrength, http://schema.org/Substance | rangeIncludes: http://schema.org/Text

条目2：
- 名称：DrugStrength
- 类型：Property
- 简介：DrugStrength is a property in the knowledge base.",1,Doubao-pro-128k,0.0,8192,https://api2.aigcbest.top/v1,"判断结果：[错误]
解释：背景知识表明activeIngredient的domainIncludes包含多个类，并非仅为DrugStrength，与公理中domain(activeIngredient) = DrugStrength冲突。",0,0.0,
hard_case_0346,domain,domain(contactPoint) = Organization,"背景知识：
条目1：
- 名称：contactPoint
- 类型：Property
- 简介：A contact point for a person or organization.
- 补充信息：domainIncludes: http://schema.org/HealthInsurancePlan, http://schema.org/Organization, http://schema.org/Person | rangeIncludes: http://schema.org/ContactPoint

条目2：
- 名称：Organization
- 类型：Property
- 简介：An organization or organisation is an entity—such as a company, or corporation or an institution, or an association—comprising one or more people and having a particular purpose.",1,Doubao-pro-128k,0.0,8192,https://api2.aigcbest.top/v1,"判断结果：[错误]
解释：背景知识表明contactPoint的domainIncludes包含HealthInsurancePlan、Organization和Person，并非仅为Organization，该公理与背景知识冲突。",0,0.0,
hard_case_0347,domain,domain(contactPoint) = Person,"背景知识：
条目1：
- 名称：contactPoint
- 类型：Property
- 简介：A contact point for a person or organization.
- 补充信息：domainIncludes: http://schema.org/HealthInsurancePlan, http://schema.org/Organization, http://schema.org/Person | rangeIncludes: http://schema.org/ContactPoint

条目2：
- 名称：Person
- 类型：Property
- 简介：A person is a being who has certain capacities or attributes such as reason, morality, consciousness or self-consciousness, and being a part of a culturally established form of social relations such as kinship, ownership of property, or leg...",1,Doubao-pro-128k,0.0,8192,https://api2.aigcbest.top/v1,"判断结果：[错误]
解释：背景知识表明contactPoint的domainIncludes包含HealthInsurancePlan、Organization和Person，并非仅为Person，与公理冲突。",0,0.0,
hard_case_0348,domain,domain(countryOfOrigin) = Movie,"背景知识：
条目1：
- 名称：countryOfOrigin
- 类型：Property
- 简介：The country of origin of something, including products as well as creative works such as movie and TV content.<br/><br/> In the case of TV and movie, this would be the country of the principle offices of the production company or individual...
- 补充信息：domainIncludes: http://schema.org/CreativeWork, http://schema.org/Movie, http://schema.org/Product, http://schema.org/TVEpisode, http://schema.org/TVSeason, http://schema.org/TVSer...

条目2：
- 名称：Movie
- 类型：Property
- 简介：A film, movie, or motion picture is a work of visual art that simulates experiences and otherwise communicates ideas, stories, perceptions, emotions, or atmosphere through the use of moving images that are generally, since the 1930s, synchr...",1,Doubao-pro-128k,0.0,8192,https://api2.aigcbest.top/v1,"判断结果：[错误]
解释：背景知识表明countryOfOrigin的domainIncludes包含多种类型，不只是Movie，该公理将其domain限定为Movie与背景知识冲突。",0,0.0,
hard_case_0349,domain,domain(coverageEndTime) = LiveBlogPosting,"背景知识：
条目1：
- 名称：coverageEndTime
- 类型：Property
- 简介：The time when the live blog will stop covering the Event. Note that coverage may continue after the Event concludes.
- 补充信息：domainIncludes: http://schema.org/LiveBlogPosting | rangeIncludes: http://schema.org/DateTime

条目2：
- 名称：LiveBlogPosting
- 类型：Property
- 简介：LiveBlogPosting is a property in the knowledge base.",1,Doubao-pro-128k,0.0,8192,https://api2.aigcbest.top/v1,"判断结果：[错误]
解释：背景知识表明coverageEndTime的domainIncludes为http://schema.org/LiveBlogPosting ，但LiveBlogPosting在背景知识中是属性，而domain公理要求主体为类，与RDFS语义规则冲突。",0,0.0,
hard_case_0352,domain,domain(eligibleRegion) = DeliveryChargeSpecification,"背景知识：
条目1：
- 名称：eligibleRegion
- 类型：Property
- 简介：The ISO 3166-1 (ISO 3166-1 alpha-2) or ISO 3166-2 code, the place, or the GeoShape for the geo-political region(s) for which the offer or delivery charge specification is valid.<br/><br/> See also <a class=""localLink"" href=""/ineligibleRegio...
- 补充信息：domainIncludes: http://schema.org/ActionAccessSpecification, http://schema.org/DeliveryChargeSpecification, http://schema.org/Demand, http://schema.org/Offer | rangeIncludes: http:...

条目2：
- 名称：DeliveryChargeSpecification
- 类型：Property
- 简介：DeliveryChargeSpecification is a property in the knowledge base.",1,Doubao-pro-128k,0.0,8192,https://api2.aigcbest.top/v1,"判断结果：[错误]
解释：背景知识表明eligibleRegion属性的domainIncludes包含DeliveryChargeSpecification等多个类，并非仅为DeliveryChargeSpecification，与公理冲突。",0,0.0,
hard_case_0353,domain,domain(endTime) = Action,"背景知识：
条目1：
- 名称：endTime
- 类型：Property
- 简介：The endTime of something. For a reserved event or service (e.g. FoodEstablishmentReservation), the time that it is expected to end. For actions that span a period of time, when the action was performed. E.g. John wrote a book from January t...
- 补充信息：domainIncludes: http://schema.org/Action, http://schema.org/FoodEstablishmentReservation, http://schema.org/InteractionCounter, http://schema.org/MediaObject, http://schema.org/Sch...

条目2：
- 名称：Action
- 类型：Property
- 简介：Action may refer to:Action (philosophy), something which is done by a person Action principles the heart of fundamental physics Action (narrative), a literary mode Action fiction, a type of genre fiction Action game, a genre of video game",1,Doubao-pro-128k,0.0,8192,https://api2.aigcbest.top/v1,"判断结果：[错误]
解释：背景知识表明endTime的domainIncludes包含多个类，Action只是其中之一，并非endTime的唯一domain，与公理中“domain(endTime) = Action”冲突。",0,0.0,
hard_case_0354,domain,domain(estimatedSalary) = JobPosting,"背景知识：
条目1：
- 名称：estimatedSalary
- 类型：Property
- 简介：An estimated salary for a job posting or occupation, based on a variety of variables including, but not limited to industry, job title, and location. Estimated salaries are often computed by outside organizations rather than the hiring orga...
- 补充信息：domainIncludes: http://schema.org/JobPosting, http://schema.org/Occupation | rangeIncludes: http://schema.org/MonetaryAmount, http://schema.org/MonetaryAmountDistribution, http://s...

条目2：
- 名称：JobPosting
- 类型：Property
- 简介：JobPosting is a property in the knowledge base.",1,Doubao-pro-128k,0.0,8192,https://api2.aigcbest.top/v1,"判断结果：[错误]
解释：背景知识表明estimatedSalary的domainIncludes包含JobPosting和Occupation等，并非仅为JobPosting，与公理中domain(estimatedSalary) = JobPosting冲突。",0,0.0,
hard_case_0355,domain,domain(funding) = BioChemEntity,"背景知识：
条目1：
- 名称：funding
- 类型：Property
- 简介：A <a class=""localLink"" href=""/Grant"">Grant</a> that directly or indirectly provide funding or sponsorship for this item. See also <a class=""localLink"" href=""/ownershipFundingInfo"">ownershipFundingInfo</a>.
- 补充信息：domainIncludes: http://schema.org/BioChemEntity, http://schema.org/CreativeWork, http://schema.org/Event, http://schema.org/MedicalEntity, http://schema.org/Organization, http://sc...

条目2：
- 名称：BioChemEntity
- 类型：Property
- 简介：BioChemEntity is a property in the knowledge base.",1,Doubao-pro-128k,0.0,8192,https://api2.aigcbest.top/v1,"判断结果：[错误]
解释：背景知识表明funding属性的domainIncludes包含多个类，并非只有BioChemEntity，与给定公理冲突。",0,0.0,
hard_case_0356,domain,domain(gtin14) = Offer,"背景知识：
条目1：
- 名称：gtin14
- 类型：Property
- 简介：The GTIN-14 code of the product, or the product to which the offer refers. See <a href=""http://www.gs1.org/barcodes/technical/idkeys/gtin"">GS1 GTIN Summary</a> for more details.
- 补充信息：domainIncludes: http://schema.org/Demand, http://schema.org/Offer, http://schema.org/Product | rangeIncludes: http://schema.org/Text

条目2：
- 名称：Offer
- 类型：Property
- 简介：(The) Offer or offers may refer to:",1,Doubao-pro-128k,0.0,8192,https://api2.aigcbest.top/v1,"判断结果：[错误]
解释：背景知识表明gtin14的domainIncludes包含Demand、Offer和Product，并非仅为Offer，公理与背景知识冲突。",0,0.0,
hard_case_0357,domain,domain(handlingTime) = ShippingService,"背景知识：
条目1：
- 名称：handlingTime
- 类型：Property
- 简介：The typical delay between the receipt of the order and the goods either leaving the warehouse or being prepared for pickup, in case the delivery method is on site pickup.<br/><br/> In the context of <a class=""localLink"" href=""/ShippingDeliv...
- 补充信息：domainIncludes: http://schema.org/ShippingDeliveryTime, http://schema.org/ShippingService | rangeIncludes: http://schema.org/QuantitativeValue, http://schema.org/ServicePeriod

条目2：
- 名称：ShippingService
- 类型：Property
- 简介：ShippingService is a property in the knowledge base.",1,Doubao-pro-128k,0.0,8192,https://api2.aigcbest.top/v1,"判断结果：[错误]
解释：背景知识表明handlingTime的domainIncludes为http://schema.org/ShippingDeliveryTime和http://schema.org/ShippingService，并非仅为ShippingService，与公理冲突。",0,0.0,
hard_case_0358,domain,domain(hasCertification) = Place,"背景知识：
条目1：
- 名称：hasCertification
- 类型：Property
- 简介：Certification information about a product, organization, service, place, or person.
- 补充信息：domainIncludes: http://schema.org/Organization, http://schema.org/Person, http://schema.org/Place, http://schema.org/Product, http://schema.org/Service | rangeIncludes: http://sche...

条目2：
- 名称：Place
- 类型：Property
- 简介：Place may refer to:",1,Doubao-pro-128k,0.0,8192,https://api2.aigcbest.top/v1,"判断结果：[错误]
解释：背景知识表明hasCertification的domainIncludes包含多个类，并非仅为Place，与公理中domain(hasCertification) = Place冲突。",0,0.0,
hard_case_0359,domain,domain(hasDefinedTerm) = DefinedTermSet,"背景知识：
条目1：
- 名称：hasDefinedTerm
- 类型：Property
- 简介：A Defined Term contained in this term set.
- 补充信息：domainIncludes: http://schema.org/DefinedTermSet, http://schema.org/Taxon | rangeIncludes: http://schema.org/DefinedTerm

条目2：
- 名称：DefinedTermSet
- 类型：Property
- 简介：DefinedTermSet is a property in the knowledge base.",1,Doubao-pro-128k,0.0,8192,https://api2.aigcbest.top/v1,"判断结果：[错误]
解释：背景知识表明hasDefinedTerm的domainIncludes为http://schema.org/DefinedTermSet和http://schema.org/Taxon，并非仅为DefinedTermSet，该公理与背景知识冲突。",0,0.0,
hard_case_0360,domain,domain(hasMeasurement) = Product,"背景知识：
条目1：
- 名称：hasMeasurement
- 类型：Property
- 简介：A measurement of an item, For example, the inseam of pants, the wheel size of a bicycle, the gauge of a screw, or the carbon footprint measured for certification by an authority. Usually an exact measurement, but can also be a range of meas...
- 补充信息：domainIncludes: http://schema.org/Certification, http://schema.org/Offer, http://schema.org/Product, http://schema.org/SizeSpecification | rangeIncludes: http://schema.org/Quantita...

条目2：
- 名称：Product
- 类型：Property
- 简介：Product may refer to:",1,Doubao-pro-128k,0.0,8192,https://api2.aigcbest.top/v1,"判断结果：[错误]
解释：背景知识表明hasMeasurement的domainIncludes包含Product但不只有Product，而公理将hasMeasurement的domain限定为Product，与背景知识冲突。",0,0.0,
hard_case_0361,domain,domain(height) = ShippingConditions,"背景知识：
条目1：
- 名称：height
- 类型：Property
- 简介：The height of the item.
- 补充信息：domainIncludes: http://schema.org/MediaObject, http://schema.org/OfferShippingDetails, http://schema.org/Person, http://schema.org/Product, http://schema.org/ShippingConditions, ht...

条目2：
- 名称：ShippingConditions
- 类型：Property
- 简介：ShippingConditions is a property in the knowledge base.",1,Doubao-pro-128k,0.0,8192,https://api2.aigcbest.top/v1,"判断结果：[错误]
解释：背景知识表明height属性的domainIncludes包含多个类，其中ShippingConditions是属性而非类，且公理中直接将height的domain限定为ShippingConditions与背景知识不符，所以该公理错误。",0,0.0,
hard_case_0362,domain,domain(inLanguage) = WriteAction,"背景知识：
条目1：
- 名称：inLanguage
- 类型：Property
- 简介：The language of the content or performance or used in an action. Please use one of the language codes from the <a href=""http://tools.ietf.org/html/bcp47"">IETF BCP 47 standard</a>. See also <a class=""localLink"" href=""/availableLanguage"">avai...
- 补充信息：domainIncludes: http://schema.org/BroadcastService, http://schema.org/CommunicateAction, http://schema.org/CreativeWork, http://schema.org/Event, http://schema.org/LinkRole, http:/...

条目2：
- 名称：WriteAction
- 类型：Property
- 简介：WriteAction is a property in the knowledge base.",1,Doubao-pro-128k,0.0,8192,https://api2.aigcbest.top/v1,"判断结果：[错误]
解释：背景知识表明inLanguage属性的domainIncludes中未包含WriteAction，与公理中domain(inLanguage) = WriteAction冲突。",0,0.0,
hard_case_0364,domain,domain(ineligibleRegion) = Offer,"背景知识：
条目1：
- 名称：ineligibleRegion
- 类型：Property
- 简介：The ISO 3166-1 (ISO 3166-1 alpha-2) or ISO 3166-2 code, the place, or the GeoShape for the geo-political region(s) for which the offer or delivery charge specification is not valid, e.g. a region where the transaction is not allowed.<br/><b...
- 补充信息：domainIncludes: http://schema.org/ActionAccessSpecification, http://schema.org/DeliveryChargeSpecification, http://schema.org/Demand, http://schema.org/MediaObject, http://schema.o...

条目2：
- 名称：Offer
- 类型：Property
- 简介：(The) Offer or offers may refer to:",1,Doubao-pro-128k,0.0,8192,https://api2.aigcbest.top/v1,"判断结果：[错误]
解释：背景知识表明ineligibleRegion的domainIncludes中不包含Offer，根据RDFS语义规则，该公理与背景知识冲突，所以判定为错误。",0,0.0,
hard_case_0365,domain,domain(latitude) = GeoCoordinates,"背景知识：
条目1：
- 名称：latitude
- 类型：Property
- 简介：The latitude of a location. For example <code>37.42242</code> (<a href=""https://en.wikipedia.org/wiki/World_Geodetic_System"">WGS 84</a>).
- 补充信息：domainIncludes: http://schema.org/GeoCoordinates, http://schema.org/Place | rangeIncludes: http://schema.org/Number, http://schema.org/Text

条目2：
- 名称：GeoCoordinates
- 类型：Property
- 简介：GeoCoordinates is a property in the knowledge base.",1,Doubao-pro-128k,0.0,8192,https://api2.aigcbest.top/v1,"判断结果：[错误]
解释：背景知识表明latitude的domainIncludes包含GeoCoordinates和Place，并非仅为GeoCoordinates，与公理冲突。",0,0.0,
hard_case_0366,domain,domain(legislationType) = Legislation,"背景知识：
条目1：
- 名称：legislationType
- 类型：Property
- 简介：The type of the legislation. Examples of values are ""law"", ""act"", ""directive"", ""decree"", ""regulation"", ""statutory instrument"", ""loi organique"", ""règlement grand-ducal"", etc., depending on the country.
- 补充信息：domainIncludes: http://schema.org/Legislation | rangeIncludes: http://schema.org/CategoryCode, http://schema.org/Text

条目2：
- 名称：Legislation
- 类型：Property
- 简介：Legislation is the process or result of enrolling, enacting, or promulgating laws by a legislature, parliament, or analogous governing body. Before an item of legislation becomes law it may be known as a bill, and may be broadly referred to...",1,Doubao-pro-128k,0.0,8192,https://api2.aigcbest.top/v1,"判断结果：[错误]
解释：背景知识表明legislationType的domainIncludes为http://schema.org/Legislation，而Legislation是属性并非类，与RDFS中domain要求主体属于某一类的语义规则冲突。",0,0.0,
hard_case_0367,domain,domain(letterer) = VisualArtwork,"背景知识：
条目1：
- 名称：letterer
- 类型：Property
- 简介：The individual who adds lettering, including speech balloons and sound effects, to artwork.
- 补充信息：domainIncludes: http://schema.org/ComicIssue, http://schema.org/ComicStory, http://schema.org/VisualArtwork | rangeIncludes: http://schema.org/Person

条目2：
- 名称：VisualArtwork
- 类型：Property
- 简介：VisualArtwork is a property in the knowledge base.",1,Doubao-pro-128k,0.0,8192,https://api2.aigcbest.top/v1,"判断结果：[错误]
解释：背景知识表明letterer属性的domainIncludes包含ComicIssue、ComicStory和VisualArtwork，并非仅为VisualArtwork，该公理与背景知识冲突。",0,0.0,
hard_case_0368,domain,domain(measurementMethod) = StatisticalVariable,"背景知识：
条目1：
- 名称：measurementMethod
- 类型：Property
- 简介：A subproperty of <a class=""localLink"" href=""/measurementTechnique"">measurementTechnique</a> that can be used for specifying specific methods, in particular via <a class=""localLink"" href=""/MeasurementMethodEnum"">MeasurementMethodEnum</a>.
- 补充信息：domainIncludes: http://schema.org/DataCatalog, http://schema.org/DataDownload, http://schema.org/Dataset, http://schema.org/Observation, http://schema.org/PropertyValue, http://sch...

条目2：
- 名称：StatisticalVariable
- 类型：Property
- 简介：StatisticalVariable is a property in the knowledge base.",1,Doubao-pro-128k,0.0,8192,https://api2.aigcbest.top/v1,"判断结果：[错误]
解释：背景知识表明measurementMethod的domainIncludes为多个特定类，并非StatisticalVariable，与背景知识冲突。",0,0.0,
hard_case_0369,domain,domain(medicalSpecialty) = MedicalOrganization,"背景知识：
条目1：
- 名称：medicalSpecialty
- 类型：Property
- 简介：A medical specialty of the provider.
- 补充信息：domainIncludes: http://schema.org/Hospital, http://schema.org/MedicalClinic, http://schema.org/MedicalOrganization, http://schema.org/Physician | rangeIncludes: http://schema.org/M...

条目2：
- 名称：MedicalOrganization
- 类型：Property
- 简介：MedicalOrganization is a property in the knowledge base.",1,Doubao-pro-128k,0.0,8192,https://api2.aigcbest.top/v1,"判断结果：[错误]
解释：背景知识表明medicalSpecialty的domainIncludes包含http://schema.org/Hospital、http://schema.org/MedicalClinic、http://schema.org/MedicalOrganization、http://schema.org/Physician等，并非仅为MedicalOrganization，与公理冲突。",0,0.0,
hard_case_0370,domain,domain(memberOf) = Organization,"背景知识：
条目1：
- 名称：memberOf
- 类型：Property
- 简介：An Organization (or ProgramMembership) to which this Person or Organization belongs.
- 补充信息：domainIncludes: http://schema.org/Organization, http://schema.org/Person | rangeIncludes: http://schema.org/MemberProgramTier, http://schema.org/Organization, http://schema.org/Pro...

条目2：
- 名称：Organization
- 类型：Property
- 简介：An organization or organisation is an entity—such as a company, or corporation or an institution, or an association—comprising one or more people and having a particular purpose.",1,Doubao-pro-128k,0.0,8192,https://api2.aigcbest.top/v1,"判断结果：[错误]
解释：背景知识表明memberOf的domainIncludes包含Organization和Person，并非仅为Organization，与公理冲突。",0,0.0,
hard_case_0374,domain,domain(occupancy) = HotelRoom,"背景知识：
条目1：
- 名称：occupancy
- 类型：Property
- 简介：The allowed total occupancy for the accommodation in persons (including infants etc). For individual accommodations, this is not necessarily the legal maximum but defines the permitted usage as per the contractual agreement (e.g. a double r...
- 补充信息：domainIncludes: http://schema.org/Accommodation, http://schema.org/Apartment, http://schema.org/HotelRoom, http://schema.org/SingleFamilyResidence, http://schema.org/Suite | rangeI...

条目2：
- 名称：HotelRoom
- 类型：Property
- 简介：Hotel Room is an American drama anthology series that aired for three episodes on HBO on January 8, 1993, with a rerun the next night. Created by Monty Montgomery and David Lynch, each episode stars a different cast and takes place in the s...",1,Doubao-pro-128k,0.0,8192,https://api2.aigcbest.top/v1,"判断结果：[错误]
解释：背景知识表明occupancy的domainIncludes包含HotelRoom等多个类，但不能简单将其domain定义为HotelRoom，与背景知识中domain的范围信息冲突。",0,0.0,
hard_case_0375,domain,domain(penciler) = ComicStory,"背景知识：
条目1：
- 名称：penciler
- 类型：Property
- 简介：The individual who draws the primary narrative artwork.
- 补充信息：domainIncludes: http://schema.org/ComicIssue, http://schema.org/ComicStory, http://schema.org/VisualArtwork | rangeIncludes: http://schema.org/Person

条目2：
- 名称：ComicStory
- 类型：Property
- 简介：ComicStory is a property in the knowledge base.",1,Doubao-pro-128k,0.0,8192,https://api2.aigcbest.top/v1,"判断结果：[错误]
解释：背景知识表明penciler的domainIncludes包含ComicStory等多个类，并非仅为ComicStory，该公理与背景知识冲突。",0,0.0,
hard_case_0377,domain,domain(petsAllowed) = LodgingBusiness,"背景知识：
条目1：
- 名称：petsAllowed
- 类型：Property
- 简介：Indicates whether pets are allowed to enter the accommodation or lodging business. More detailed information can be put in a text value.
- 补充信息：domainIncludes: http://schema.org/Accommodation, http://schema.org/ApartmentComplex, http://schema.org/FloorPlan, http://schema.org/LodgingBusiness | rangeIncludes: http://schema.o...

条目2：
- 名称：LodgingBusiness
- 类型：Property
- 简介：LodgingBusiness is a property in the knowledge base.",1,Doubao-pro-128k,0.0,8192,https://api2.aigcbest.top/v1,"判断结果：[错误]
解释：背景知识表明petsAllowed的domainIncludes包含多个类，并非仅为LodgingBusiness，该公理与背景知识冲突。",0,0.0,
hard_case_0378,domain,domain(price) = Offer,"背景知识：
条目1：
- 名称：price
- 类型：Property
- 简介：The offer price of a product, or of a price component when attached to PriceSpecification and its subtypes.<br/><br/> Usage guidelines:<br/><br/> <ul> <li>Use the <a class=""localLink"" href=""/priceCurrency"">priceCurrency</a> property (with s...
- 补充信息：domainIncludes: http://schema.org/DonateAction, http://schema.org/Offer, http://schema.org/PriceSpecification, http://schema.org/TradeAction | rangeIncludes: http://schema.org/Numb...

条目2：
- 名称：Offer
- 类型：Property
- 简介：(The) Offer or offers may refer to:",1,Doubao-pro-128k,0.0,8192,https://api2.aigcbest.top/v1,"判断结果：[错误]
解释：背景知识表明price属性的domainIncludes包含Offer等多个类，并非仅为Offer，所以该公理与背景知识冲突。",0,0.0,
hard_case_0379,domain,domain(price) = PriceSpecification,"背景知识：
条目1：
- 名称：price
- 类型：Property
- 简介：The offer price of a product, or of a price component when attached to PriceSpecification and its subtypes.<br/><br/> Usage guidelines:<br/><br/> <ul> <li>Use the <a class=""localLink"" href=""/priceCurrency"">priceCurrency</a> property (with s...
- 补充信息：domainIncludes: http://schema.org/DonateAction, http://schema.org/Offer, http://schema.org/PriceSpecification, http://schema.org/TradeAction | rangeIncludes: http://schema.org/Numb...

条目2：
- 名称：PriceSpecification
- 类型：Property
- 简介：PriceSpecification is a property in the knowledge base.",1,Doubao-pro-128k,0.0,8192,https://api2.aigcbest.top/v1,"判断结果：[错误]
解释：背景知识表明price属性的domainIncludes包含多个类，并非仅为PriceSpecification，与公理中domain(price) = PriceSpecification冲突。",0,0.0,
hard_case_0380,domain,domain(reservationFor) = Reservation,"背景知识：
条目1：
- 名称：reservationFor
- 类型：Property
- 简介：The thing -- flight, event, restaurant, etc. being reserved.
- 补充信息：domainIncludes: http://schema.org/Reservation | rangeIncludes: http://schema.org/Thing

条目2：
- 名称：Reservation
- 类型：Property
- 简介：Reservation may refer to:",1,Doubao-pro-128k,0.0,8192,https://api2.aigcbest.top/v1,"判断结果：[错误]
解释：背景知识表明reservationFor的domainIncludes为http://schema.org/Reservation，而公理中直接将其domain指定为Reservation，且Reservation在背景知识中被定义为Property，与公理中作为domain的语义规则冲突。",0,0.0,
hard_case_0382,domain,domain(review) = Service,"背景知识：
条目1：
- 名称：review
- 类型：Property
- 简介：A review of the item.
- 补充信息：domainIncludes: http://schema.org/Brand, http://schema.org/CreativeWork, http://schema.org/Event, http://schema.org/Offer, http://schema.org/Organization, http://schema.org/Place,....

条目2：
- 名称：Service
- 类型：Property
- 简介：Service may refer to:",1,Doubao-pro-128k,0.0,8192,https://api2.aigcbest.top/v1,"判断结果：[错误]
解释：背景知识表明review属性的domainIncludes包含多个类，未提及Service，根据RDFS语义规则，该公理与背景知识冲突，所以判定为错误。",0,0.0,
hard_case_0383,domain,domain(runtimePlatform) = SoftwareSourceCode,"背景知识：
条目1：
- 名称：runtimePlatform
- 类型：Property
- 简介：Runtime platform or script interpreter dependencies (example: Java v1, Python 2.3, .NET Framework 3.0).
- 补充信息：domainIncludes: http://schema.org/SoftwareApplication, http://schema.org/SoftwareSourceCode | rangeIncludes: http://schema.org/RuntimePlatform, http://schema.org/Text

条目2：
- 名称：SoftwareSourceCode
- 类型：Property
- 简介：SoftwareSourceCode is a property in the knowledge base.",1,Doubao-pro-128k,0.0,8192,https://api2.aigcbest.top/v1,"判断结果：[错误]
解释：背景知识表明runtimePlatform的domainIncludes包含http://schema.org/SoftwareApplication和http://schema.org/SoftwareSourceCode，并非仅为SoftwareSourceCode，与公理冲突。",0,0.0,
hard_case_0384,domain,domain(serviceArea) = Service,"背景知识：
条目1：
- 名称：serviceArea
- 类型：Property
- 简介：The geographic area where the service is provided.
- 补充信息：domainIncludes: http://schema.org/ContactPoint, http://schema.org/Organization, http://schema.org/Service | rangeIncludes: http://schema.org/AdministrativeArea, http://schema.org/G...

条目2：
- 名称：Service
- 类型：Property
- 简介：Service may refer to:",1,Doubao-pro-128k,0.0,8192,https://api2.aigcbest.top/v1,"判断结果：[错误]
解释：背景知识表明serviceArea的domainIncludes为http://schema.org/ContactPoint、http://schema.org/Organization和http://schema.org/Service，并非仅为Service，与公理冲突。",0,0.0,
hard_case_0385,domain,domain(shippingDestination) = DeliveryTimeSettings,"背景知识：
条目1：
- 名称：shippingDestination
- 类型：Property
- 简介：indicates (possibly multiple) shipping destinations. These can be defined in several ways, e.g. postalCode ranges.
- 补充信息：domainIncludes: http://schema.org/DeliveryTimeSettings, http://schema.org/OfferShippingDetails, http://schema.org/ShippingConditions, http://schema.org/ShippingRateSettings | range...

条目2：
- 名称：DeliveryTimeSettings
- 类型：Property
- 简介：DeliveryTimeSettings is a property in the knowledge base.",1,Doubao-pro-128k,0.0,8192,https://api2.aigcbest.top/v1,"判断结果：[错误]
解释：背景知识表明shippingDestination的domainIncludes包含多个类，并非仅为DeliveryTimeSettings，与公理中domain(shippingDestination) = DeliveryTimeSettings冲突。",0,0.0,
hard_case_0386,domain,domain(slogan) = Brand,"背景知识：
条目1：
- 名称：slogan
- 类型：Property
- 简介：A slogan or motto associated with the item.
- 补充信息：domainIncludes: http://schema.org/Brand, http://schema.org/Organization, http://schema.org/Place, http://schema.org/Product, http://schema.org/Service | rangeIncludes: http://schem...

条目2：
- 名称：Brand
- 类型：Property
- 简介：A brand is a name, term, design, symbol or any other feature that distinguishes one seller's goods or service from those of other sellers. Brands are studied in business, marketing, and advertising and used for recognition and, importantly,...",1,Doubao-pro-128k,0.0,8192,https://api2.aigcbest.top/v1,"判断结果：[错误]
解释：背景知识表明slogan的domainIncludes包含多个类，并非仅为Brand，该公理与背景知识冲突。",0,0.0,
hard_case_0387,domain,domain(status) = MedicalStudy,"背景知识：
条目1：
- 名称：status
- 类型：Property
- 简介：The status of the study (enumerated).
- 补充信息：domainIncludes: http://schema.org/MedicalCondition, http://schema.org/MedicalProcedure, http://schema.org/MedicalStudy | rangeIncludes: http://schema.org/EventStatusType, http://sc...

条目2：
- 名称：MedicalStudy
- 类型：Property
- 简介：MedicalStudy is a property in the knowledge base.",1,Doubao-pro-128k,0.0,8192,https://api2.aigcbest.top/v1,"判断结果：[错误]
解释：背景知识表明status属性的domainIncludes包含MedicalStudy等多个类，并非仅为MedicalStudy，该公理与背景知识冲突。",0,0.0,
hard_case_0389,domain,domain(suitableForDiet) = MenuItem,"背景知识：
条目1：
- 名称：suitableForDiet
- 类型：Property
- 简介：Indicates a dietary restriction or guideline for which this recipe or menu item is suitable, e.g. diabetic, halal etc.
- 补充信息：domainIncludes: http://schema.org/MenuItem, http://schema.org/Recipe | rangeIncludes: http://schema.org/Diet, http://schema.org/RestrictedDiet

条目2：
- 名称：MenuItem
- 类型：Property
- 简介：MenuItem is a property in the knowledge base.",1,Doubao-pro-128k,0.0,8192,https://api2.aigcbest.top/v1,"判断结果：[错误]
解释：背景知识表明suitableForDiet的domainIncludes包含MenuItem和Recipe，并非仅为MenuItem，与公理冲突。",0,0.0,
hard_case_0391,domain,domain(weight) = OfferShippingDetails,"背景知识：
条目1：
- 名称：weight
- 类型：Property
- 简介：The weight of the product or person.
- 补充信息：domainIncludes: http://schema.org/OfferShippingDetails, http://schema.org/Person, http://schema.org/Product, http://schema.org/ShippingConditions, http://schema.org/VisualArtwork |...

条目2：
- 名称：OfferShippingDetails
- 类型：Property
- 简介：OfferShippingDetails is a property in the knowledge base.",1,Doubao-pro-128k,0.0,8192,https://api2.aigcbest.top/v1,"判断结果：[错误]
解释：背景知识表明weight属性的domainIncludes包含多个类，并非仅为OfferShippingDetails，该公理与背景知识冲突。",0,0.0,
hard_case_0392,domain,domain(weight) = Product,"背景知识：
条目1：
- 名称：weight
- 类型：Property
- 简介：The weight of the product or person.
- 补充信息：domainIncludes: http://schema.org/OfferShippingDetails, http://schema.org/Person, http://schema.org/Product, http://schema.org/ShippingConditions, http://schema.org/VisualArtwork |...

条目2：
- 名称：Product
- 类型：Property
- 简介：Product may refer to:",1,Doubao-pro-128k,0.0,8192,https://api2.aigcbest.top/v1,"判断结果：[错误]
解释：背景知识表明weight属性的domainIncludes包含多个类，Product只是其中之一，不能将weight的domain限定为Product，与背景知识冲突。",0,0.0,
hard_case_0393,domain,domain(width) = MediaObject,"背景知识：
条目1：
- 名称：width
- 类型：Property
- 简介：The width of the item.
- 补充信息：domainIncludes: http://schema.org/MediaObject, http://schema.org/OfferShippingDetails, http://schema.org/Product, http://schema.org/ShippingConditions, http://schema.org/VisualArtw...

条目2：
- 名称：MediaObject
- 类型：Property
- 简介：The Media Object Server (MOS) protocol allows newsroom computer systems (NRCS) to communicate using a standard protocol with video servers, audio servers, still stores, and character generators for broadcast production.",1,Doubao-pro-128k,0.0,8192,https://api2.aigcbest.top/v1,"判断结果：[错误]
解释：背景知识表明width的domainIncludes包含多个类，MediaObject只是其中之一，不能将width的domain仅限定为MediaObject，与背景知识冲突。",0,0.0,
hard_case_0394,domain,domain(width) = OfferShippingDetails,"背景知识：
条目1：
- 名称：width
- 类型：Property
- 简介：The width of the item.
- 补充信息：domainIncludes: http://schema.org/MediaObject, http://schema.org/OfferShippingDetails, http://schema.org/Product, http://schema.org/ShippingConditions, http://schema.org/VisualArtw...

条目2：
- 名称：OfferShippingDetails
- 类型：Property
- 简介：OfferShippingDetails is a property in the knowledge base.",1,Doubao-pro-128k,0.0,8192,https://api2.aigcbest.top/v1,"判断结果：[错误]
解释：背景知识表明width的domainIncludes包含多个类，并非仅为OfferShippingDetails，与公理中domain的限定冲突。",0,0.0,
hard_case_0396,range,range(author) = Organization,"背景知识：
条目1：
- 名称：author
- 类型：Property
- 简介：The author of this content or rating. Please note that author is special in that HTML 5 provides a special mechanism for indicating authorship via the rel tag. That is equivalent to this and may be used interchangeably.
- 补充信息：domainIncludes: http://schema.org/CreativeWork, http://schema.org/Rating | rangeIncludes: http://schema.org/Organization, http://schema.org/Person

条目2：
- 名称：Organization
- 类型：Property
- 简介：An organization or organisation is an entity—such as a company, or corporation or an institution, or an association—comprising one or more people and having a particular purpose.",1,Doubao-pro-128k,0.0,8192,https://api2.aigcbest.top/v1,"判断结果：[错误]
解释：背景知识表明author属性的rangeIncludes包含Organization和Person，并非仅为Organization，该公理与背景知识冲突。",0,0.0,
hard_case_0398,range,range(businessDays) = OpeningHoursSpecification,"背景知识：
条目1：
- 名称：businessDays
- 类型：Property
- 简介：Days of the week when the merchant typically operates, indicated via opening hours markup.
- 补充信息：domainIncludes: http://schema.org/ServicePeriod, http://schema.org/ShippingDeliveryTime | rangeIncludes: http://schema.org/DayOfWeek, http://schema.org/OpeningHoursSpecification

条目2：
- 名称：OpeningHoursSpecification
- 类型：Property
- 简介：OpeningHoursSpecification is a property in the knowledge base.",1,Doubao-pro-128k,0.0,8192,https://api2.aigcbest.top/v1,"判断结果：[错误]
解释：背景知识表明businessDays的rangeIncludes包含OpeningHoursSpecification但不唯一，而公理限定range仅为OpeningHoursSpecification，与背景知识冲突。",0,0.0,
hard_case_0400,range,range(certificationIdentification) = DefinedTerm,"背景知识：
条目1：
- 名称：certificationIdentification
- 类型：Property
- 简介：Identifier of a certification instance (as registered with an independent certification body). Typically this identifier can be used to consult and verify the certification instance. See also <a href=""https://www.gs1.org/voc/certificationId...
- 补充信息：domainIncludes: http://schema.org/Certification | rangeIncludes: http://schema.org/DefinedTerm, http://schema.org/Text

条目2：
- 名称：DefinedTerm
- 类型：Property
- 简介：DefinedTerm is a property in the knowledge base.",1,Doubao-pro-128k,0.0,8192,https://api2.aigcbest.top/v1,"判断结果：[错误]
解释：背景知识表明certificationIdentification的rangeIncludes为http://schema.org/DefinedTerm和http://schema.org/Text，而公理将其range限定为DefinedTerm，与背景知识冲突。",0,0.0,
hard_case_0401,range,range(dataFeedElement) = DataFeedItem,"背景知识：
条目1：
- 名称：dataFeedElement
- 类型：Property
- 简介：An item within a data feed. Data feeds may have many elements.
- 补充信息：domainIncludes: http://schema.org/DataFeed | rangeIncludes: http://schema.org/DataFeedItem, http://schema.org/Text, http://schema.org/Thing

条目2：
- 名称：DataFeedItem
- 类型：Property
- 简介：DataFeedItem is a property in the knowledge base.",1,Doubao-pro-128k,0.0,8192,https://api2.aigcbest.top/v1,"判断结果：[错误]
解释：背景知识表明dataFeedElement属性的rangeIncludes包含DataFeedItem、Text和Thing，并非仅为DataFeedItem，与公理冲突。",0,0.0,
hard_case_0402,range,range(dateModified) = Date,"背景知识：
条目1：
- 名称：dateModified
- 类型：Property
- 简介：The date on which the CreativeWork was most recently modified or when the item's entry was modified within a DataFeed.
- 补充信息：domainIncludes: http://schema.org/CreativeWork, http://schema.org/DataFeedItem | rangeIncludes: http://schema.org/Date, http://schema.org/DateTime

条目2：
- 名称：Date
- 类型：Property
- 简介：Date or dates may refer to:Date, the fruit of the date palm Jujube, also known as red date or Chinese date, the fruit of Ziziphus jujuba",1,Doubao-pro-128k,0.0,8192,https://api2.aigcbest.top/v1,"判断结果：[错误]
解释：背景知识表明dateModified的rangeIncludes为http://schema.org/Date和http://schema.org/DateTime，并非仅为Date，该公理与背景知识冲突。",0,0.0,
hard_case_0404,range,range(diseaseSpreadStatistics) = WebContent,"背景知识：
条目1：
- 名称：diseaseSpreadStatistics
- 类型：Property
- 简介：Statistical information about the spread of a disease, either as <a class=""localLink"" href=""/WebContent"">WebContent</a>, or described directly as a <a class=""localLink"" href=""/Dataset"">Dataset</a>, or the specific <a class=""localLink"" href=...
- 补充信息：domainIncludes: http://schema.org/SpecialAnnouncement | rangeIncludes: http://schema.org/Dataset, http://schema.org/Observation, http://schema.org/URL, http://schema.org/WebContent

条目2：
- 名称：WebContent
- 类型：Property
- 简介：WebContent is a property in the knowledge base.",1,Doubao-pro-128k,0.0,8192,https://api2.aigcbest.top/v1,"判断结果：[错误]
解释：背景知识表明diseaseSpreadStatistics的rangeIncludes包含WebContent、Dataset、Observation、URL等，而公理将其range限定为WebContent，与背景知识冲突。",0,0.0,
hard_case_0405,range,range(educationalCredentialAwarded) = URL,"背景知识：
条目1：
- 名称：educationalCredentialAwarded
- 类型：Property
- 简介：A description of the qualification, award, certificate, diploma or other educational credential awarded as a consequence of successful completion of this course or program.
- 补充信息：domainIncludes: http://schema.org/Course, http://schema.org/EducationalOccupationalProgram | rangeIncludes: http://schema.org/EducationalOccupationalCredential, http://schema.org/T...

条目2：
- 名称：URL
- 类型：Property
- 简介：A uniform resource locator (URL), colloquially known as a web address, is a reference to a resource on the World Wide Web. A URL specifies the location of a resource on a computer network and a mechanism for retrieving it. A URL is a specif...",1,Doubao-pro-128k,0.0,8192,https://api2.aigcbest.top/v1,"判断结果：[错误]
解释：背景知识表明educationalCredentialAwarded的rangeIncludes为EducationalOccupationalCredential等，并非URL，与公理中range(educationalCredentialAwarded) = URL冲突。",0,0.0,
hard_case_0406,range,range(fundedItem) = Product,"背景知识：
条目1：
- 名称：fundedItem
- 类型：Property
- 简介：Indicates something directly or indirectly funded or sponsored through a <a class=""localLink"" href=""/Grant"">Grant</a>. See also <a class=""localLink"" href=""/ownershipFundingInfo"">ownershipFundingInfo</a>.
- 补充信息：domainIncludes: http://schema.org/Grant | rangeIncludes: http://schema.org/BioChemEntity, http://schema.org/CreativeWork, http://schema.org/Event, http://schema.org/MedicalEntity,....

条目2：
- 名称：Product
- 类型：Property
- 简介：Product may refer to:",1,Doubao-pro-128k,0.0,8192,https://api2.aigcbest.top/v1,"判断结果：[错误]
解释：背景知识表明fundedItem的rangeIncludes为http://schema.org/BioChemEntity等，不包含Product，与公理中range(fundedItem) = Product冲突。",0,0.0,
hard_case_0407,range,range(genre) = URL,"背景知识：
条目1：
- 名称：genre
- 类型：Property
- 简介：Genre of the creative work, broadcast channel or group.
- 补充信息：domainIncludes: http://schema.org/BroadcastChannel, http://schema.org/CreativeWork, http://schema.org/MusicGroup | rangeIncludes: http://schema.org/DefinedTerm, http://schema.org/T...

条目2：
- 名称：URL
- 类型：Property
- 简介：A uniform resource locator (URL), colloquially known as a web address, is a reference to a resource on the World Wide Web. A URL specifies the location of a resource on a computer network and a mechanism for retrieving it. A URL is a specif...",1,Doubao-pro-128k,0.0,8192,https://api2.aigcbest.top/v1,"判断结果：[错误]
解释：背景知识表明genre属性的rangeIncludes为http://schema.org/DefinedTerm等，并非URL，与公理中range(genre) = URL冲突。",0,0.0,
hard_case_0408,range,range(geoEquals) = Place,"背景知识：
条目1：
- 名称：geoEquals
- 类型：Property
- 简介：Represents spatial relations in which two geometries (or the places they represent) are topologically equal, as defined in <a href=""https://en.wikipedia.org/wiki/DE-9IM"">DE-9IM</a>. ""Two geometries are topologically equal if their interiors...
- 补充信息：domainIncludes: http://schema.org/GeospatialGeometry, http://schema.org/Place | rangeIncludes: http://schema.org/GeospatialGeometry, http://schema.org/Place

条目2：
- 名称：Place
- 类型：Property
- 简介：Place may refer to:",1,Doubao-pro-128k,0.0,8192,https://api2.aigcbest.top/v1,"判断结果：[错误]
解释：背景知识表明geoEquals的rangeIncludes为http://schema.org/GeospatialGeometry和http://schema.org/Place，并非仅为Place，该公理与背景知识冲突。",0,0.0,
hard_case_0411,range,range(industry) = Text,"背景知识：
条目1：
- 名称：industry
- 类型：Property
- 简介：The industry associated with the job position.
- 补充信息：domainIncludes: http://schema.org/JobPosting | rangeIncludes: http://schema.org/DefinedTerm, http://schema.org/Text

条目2：
- 名称：Text
- 类型：Property
- 简介：Text may refer to:",1,Doubao-pro-128k,0.0,8192,https://api2.aigcbest.top/v1,"判断结果：[错误]
解释：背景知识表明industry属性的rangeIncludes为http://schema.org/DefinedTerm和http://schema.org/Text，并非仅为Text，该公理与背景知识冲突。",0,0.0,
hard_case_0412,range,range(itemOffered) = CreativeWork,"背景知识：
条目1：
- 名称：itemOffered
- 类型：Property
- 简介：An item being offered (or demanded). The transactional nature of the offer or demand is documented using <a class=""localLink"" href=""/businessFunction"">businessFunction</a>, e.g. sell, lease etc. While several common expected types are liste...
- 补充信息：domainIncludes: http://schema.org/Demand, http://schema.org/Offer | rangeIncludes: http://schema.org/AggregateOffer, http://schema.org/CreativeWork, http://schema.org/Event, http:/...

条目2：
- 名称：CreativeWork
- 类型：Property
- 简介：A creative work is a manifestation of creative effort in the world through a creative process involving one or more individuals. The term includes fine artwork, dance, writing (literature), filmmaking, and musical composition. The term is f...",1,Doubao-pro-128k,0.0,8192,https://api2.aigcbest.top/v1,"判断结果：[错误]
解释：背景知识表明itemOffered的rangeIncludes包含CreativeWork等多种类型，并非仅为CreativeWork，该公理与背景知识冲突。",0,0.0,
hard_case_0413,range,range(itinerary) = Place,"背景知识：
条目1：
- 名称：itinerary
- 类型：Property
- 简介：Destination(s) ( <a class=""localLink"" href=""/Place"">Place</a> ) that make up a trip. For a trip where destination order is important use <a class=""localLink"" href=""/ItemList"">ItemList</a> to specify that order (see examples).
- 补充信息：domainIncludes: http://schema.org/Trip | rangeIncludes: http://schema.org/ItemList, http://schema.org/Place

条目2：
- 名称：Place
- 类型：Property
- 简介：Place may refer to:",1,Doubao-pro-128k,0.0,8192,https://api2.aigcbest.top/v1,"判断结果：[错误]
解释：背景知识表明itinerary的rangeIncludes为http://schema.org/ItemList和http://schema.org/Place，并非仅为Place，该公理与背景知识冲突。",0,0.0,
hard_case_0414,range,range(logo) = ImageObject,"背景知识：
条目1：
- 名称：logo
- 类型：Property
- 简介：An associated logo.
- 补充信息：domainIncludes: http://schema.org/Brand, http://schema.org/Certification, http://schema.org/Organization, http://schema.org/Place, http://schema.org/Product, http://schema.org/Serv...

条目2：
- 名称：ImageObject
- 类型：Property
- 简介：ImageObject is a property in the knowledge base.",1,Doubao-pro-128k,0.0,8192,https://api2.aigcbest.top/v1,"判断结果：[错误]
解释：背景知识中未提及logo属性的range信息，但从常识看logo通常关联的是图片，而ImageObject在背景知识中被定义为属性而非类，与RDFS规则中range要求客体属于某一类相冲突。",0,0.0,
hard_case_0415,range,range(meetsEmissionStandard) = URL,"背景知识：
条目1：
- 名称：meetsEmissionStandard
- 类型：Property
- 简介：Indicates that the vehicle meets the respective emission standard.
- 补充信息：domainIncludes: http://schema.org/Vehicle | rangeIncludes: http://schema.org/QualitativeValue, http://schema.org/Text, http://schema.org/URL

条目2：
- 名称：URL
- 类型：Property
- 简介：A uniform resource locator (URL), colloquially known as a web address, is a reference to a resource on the World Wide Web. A URL specifies the location of a resource on a computer network and a mechanism for retrieving it. A URL is a specif...",1,Doubao-pro-128k,0.0,8192,https://api2.aigcbest.top/v1,"判断结果：[错误]
解释：背景知识表明meetsEmissionStandard的rangeIncludes包含http://schema.org/QualitativeValue、http://schema.org/Text和http://schema.org/URL，并非仅为URL，该公理与背景知识冲突。",0,0.0,
hard_case_0417,range,range(offeredBy) = Person,"背景知识：
条目1：
- 名称：offeredBy
- 类型：Property
- 简介：A pointer to the organization or person making the offer.
- 补充信息：domainIncludes: http://schema.org/Offer | rangeIncludes: http://schema.org/Organization, http://schema.org/Person

条目2：
- 名称：Person
- 类型：Property
- 简介：A person is a being who has certain capacities or attributes such as reason, morality, consciousness or self-consciousness, and being a part of a culturally established form of social relations such as kinship, ownership of property, or leg...",1,Doubao-pro-128k,0.0,8192,https://api2.aigcbest.top/v1,"判断结果：[错误]
解释：背景知识表明offeredBy属性的rangeIncludes为http://schema.org/Organization和http://schema.org/Person，并非仅为Person，该公理与背景知识冲突。",0,0.0,
hard_case_0418,range,range(option) = Text,"背景知识：
条目1：
- 名称：option
- 类型：Property
- 简介：A sub property of object. The options subject to this action.
- 补充信息：domainIncludes: http://schema.org/ChooseAction | rangeIncludes: http://schema.org/Text, http://schema.org/Thing

条目2：
- 名称：Text
- 类型：Property
- 简介：Text may refer to:",1,Doubao-pro-128k,0.0,8192,https://api2.aigcbest.top/v1,"判断结果：[错误]
解释：背景知识表明option属性的rangeIncludes为http://schema.org/Text和http://schema.org/Thing，并非仅为Text，该公理与背景知识冲突。",0,0.0,
hard_case_0419,range,range(ownershipFundingInfo) = AboutPage,"背景知识：
条目1：
- 名称：ownershipFundingInfo
- 类型：Property
- 简介：For an <a class=""localLink"" href=""/Organization"">Organization</a> (often but not necessarily a <a class=""localLink"" href=""/NewsMediaOrganization"">NewsMediaOrganization</a>), a description of organizational ownership structure; funding and g...
- 补充信息：domainIncludes: http://schema.org/NewsMediaOrganization, http://schema.org/Organization | rangeIncludes: http://schema.org/AboutPage, http://schema.org/CreativeWork, http://schema....

条目2：
- 名称：AboutPage
- 类型：Property
- 简介：AboutPage is a property in the knowledge base.",1,Doubao-pro-128k,0.0,8192,https://api2.aigcbest.top/v1,"判断结果：[错误]
解释：背景知识表明ownershipFundingInfo的rangeIncludes包含多个类型，并非仅为AboutPage，与公理中range仅为AboutPage冲突。",0,0.0,
hard_case_0421,range,range(performers) = Person,"背景知识：
条目1：
- 名称：performers
- 类型：Property
- 简介：The main performer or performers of the event&#x2014;for example, a presenter, musician, or actor.
- 补充信息：domainIncludes: http://schema.org/Event | rangeIncludes: http://schema.org/Organization, http://schema.org/Person

条目2：
- 名称：Person
- 类型：Property
- 简介：A person is a being who has certain capacities or attributes such as reason, morality, consciousness or self-consciousness, and being a part of a culturally established form of social relations such as kinship, ownership of property, or leg...",1,Doubao-pro-128k,0.0,8192,https://api2.aigcbest.top/v1,"判断结果：[错误]
解释：背景知识表明performers属性的rangeIncludes为http://schema.org/Organization和http://schema.org/Person，并非仅为Person，该公理与背景知识冲突。",0,0.0,
hard_case_0422,range,range(producer) = Person,"背景知识：
条目1：
- 名称：producer
- 类型：Property
- 简介：The person or organization who produced the work (e.g. music album, movie, TV/radio series etc.).
- 补充信息：domainIncludes: http://schema.org/CreativeWork | rangeIncludes: http://schema.org/Organization, http://schema.org/Person

条目2：
- 名称：Person
- 类型：Property
- 简介：A person is a being who has certain capacities or attributes such as reason, morality, consciousness or self-consciousness, and being a part of a culturally established form of social relations such as kinship, ownership of property, or leg...",1,Doubao-pro-128k,0.0,8192,https://api2.aigcbest.top/v1,"判断结果：[错误]
解释：背景知识表明producer属性的rangeIncludes为http://schema.org/Organization和http://schema.org/Person，并非仅为Person，该公理与背景知识冲突。",0,0.0,
hard_case_0424,range,range(recipeInstructions) = ItemList,"背景知识：
条目1：
- 名称：recipeInstructions
- 类型：Property
- 简介：A step in making the recipe, in the form of a single item (document, video, etc.) or an ordered list with HowToStep and/or HowToSection items.
- 补充信息：domainIncludes: http://schema.org/Recipe | rangeIncludes: http://schema.org/CreativeWork, http://schema.org/ItemList, http://schema.org/Text

条目2：
- 名称：ItemList
- 类型：Property
- 简介：ItemList is a property in the knowledge base.",1,Doubao-pro-128k,0.0,8192,https://api2.aigcbest.top/v1,"判断结果：[错误]
解释：背景知识表明recipeInstructions的rangeIncludes为http://schema.org/CreativeWork、http://schema.org/ItemList和http://schema.org/Text，并非仅为ItemList，与公理冲突。",0,0.0,
hard_case_0427,range,range(reviewedBy) = Organization,"背景知识：
条目1：
- 名称：reviewedBy
- 类型：Property
- 简介：People or organizations that have reviewed the content on this web page for accuracy and/or completeness.
- 补充信息：domainIncludes: http://schema.org/WebPage | rangeIncludes: http://schema.org/Organization, http://schema.org/Person

条目2：
- 名称：Organization
- 类型：Property
- 简介：An organization or organisation is an entity—such as a company, or corporation or an institution, or an association—comprising one or more people and having a particular purpose.",1,Doubao-pro-128k,0.0,8192,https://api2.aigcbest.top/v1,"判断结果：[错误]
解释：背景知识表明reviewedBy的rangeIncludes为http://schema.org/Organization和http://schema.org/Person，而公理中range(reviewedBy)仅为Organization，与背景知识冲突。",0,0.0,
hard_case_0428,range,range(seatingType) = Text,"背景知识：
条目1：
- 名称：seatingType
- 类型：Property
- 简介：The type/class of the seat.
- 补充信息：domainIncludes: http://schema.org/Seat | rangeIncludes: http://schema.org/QualitativeValue, http://schema.org/Text

条目2：
- 名称：Text
- 类型：Property
- 简介：Text may refer to:",1,Doubao-pro-128k,0.0,8192,https://api2.aigcbest.top/v1,"判断结果：[错误]
解释：背景知识表明seatingType的range包括http://schema.org/QualitativeValue和http://schema.org/Text，并非仅为Text，该公理与背景知识冲突。",0,0.0,
hard_case_0429,range,range(suggestedGender) = Text,"背景知识：
条目1：
- 名称：suggestedGender
- 类型：Property
- 简介：The suggested gender of the intended person or audience, for example ""male"", ""female"", or ""unisex"".
- 补充信息：domainIncludes: http://schema.org/PeopleAudience, http://schema.org/SizeSpecification | rangeIncludes: http://schema.org/GenderType, http://schema.org/Text

条目2：
- 名称：Text
- 类型：Property
- 简介：Text may refer to:",1,Doubao-pro-128k,0.0,8192,https://api2.aigcbest.top/v1,"判断结果：[错误]
解释：背景知识表明suggestedGender的rangeIncludes包含Text但并非仅为Text，公理将其range限定为Text与背景知识冲突。",0,0.0,
hard_case_0430,range,range(totalPrice) = PriceSpecification,"背景知识：
条目1：
- 名称：totalPrice
- 类型：Property
- 简介：The total price for the reservation or ticket, including applicable taxes, shipping, etc.<br/><br/> Usage guidelines:<br/><br/> <ul> <li>Use values from 0123456789 (Unicode 'DIGIT ZERO' (U+0030) to 'DIGIT NINE' (U+0039)) rather than superfi...
- 补充信息：domainIncludes: http://schema.org/Reservation, http://schema.org/Ticket | rangeIncludes: http://schema.org/Number, http://schema.org/PriceSpecification, http://schema.org/Text

条目2：
- 名称：PriceSpecification
- 类型：Property
- 简介：PriceSpecification is a property in the knowledge base.",1,Doubao-pro-128k,0.0,8192,https://api2.aigcbest.top/v1,"判断结果：[错误]
解释：背景知识表明totalPrice的rangeIncludes包含Number、PriceSpecification和Text，并非仅为PriceSpecification，该公理与背景知识冲突。",0,0.0,
hard_case_0431,range,range(travelBans) = WebContent,"背景知识：
条目1：
- 名称：travelBans
- 类型：Property
- 简介：Information about travel bans, e.g. in the context of a pandemic.
- 补充信息：domainIncludes: http://schema.org/SpecialAnnouncement | rangeIncludes: http://schema.org/URL, http://schema.org/WebContent

条目2：
- 名称：WebContent
- 类型：Property
- 简介：WebContent is a property in the knowledge base.",1,Doubao-pro-128k,0.0,8192,https://api2.aigcbest.top/v1,"判断结果：[错误]
解释：背景知识表明travelBans的rangeIncludes为http://schema.org/URL和http://schema.org/WebContent，并非仅为WebContent，该公理与背景知识冲突。",0,0.0,
