id,axiom_type,axiom_text,context_info,label,model_name,temperature,max_tokens,base_url,model_output,model_label,is_correct,error
hard_case_0001,subClassOf,Airline ⊑ PublicTransitSystem,"背景知识：
条目1：
- 名称：Airline
- 类型：Class
- 简介：airline

条目2：
- 名称：PublicTransitSystem
- 类型：Class
- 简介：A public transit system is a shared passenger transportation service which is available for use by the general public. Public transport modes include buses, trolleybuses, trams and trains, 'rapid transit' (metro/subways/undergrounds etc) an...",1,grok-4,0.0,8192,https://api2.aigcbest.top/v1,"判断结果：错误  
解释：根据背景知识，PublicTransitSystem指公共共享的乘客运输服务如公交和火车等，而Airline作为航空公司不满足其定义，因此Airline subClassOf PublicTransitSystem违反RDFS子类包含关系的语义规则。",0,0.0,
hard_case_0005,subClassOf,AnimangaCharacter ⊑ ComicsCharacter,"背景知识：
条目1：
- 名称：AnimangaCharacter
- 类型：Class
- 简介：Anime/Manga character

条目2：
- 名称：ComicsCharacter
- 类型：Class
- 简介：comics character",1,grok-4,0.0,8192,https://api2.aigcbest.top/v1,"判断结果：错误
解释：根据背景知识，AnimangaCharacter 表示 Anime/Manga 角色，而 ComicsCharacter 表示 comics 角色；RDFS subClassOf 要求前者所有实例均为后者实例，但 Anime 角色并非 comics 角色，故存在语义冲突。",0,0.0,
hard_case_0007,subClassOf,Archaea ⊑ Species,"背景知识：
条目1：
- 名称：Archaea
- 类型：Class
- 简介：archaea

条目2：
- 名称：Species
- 类型：Class
- 简介：A category in the rating system",1,grok-4,0.0,8192,https://api2.aigcbest.top/v1,"判断结果：错误  
解释：Archaea作为生物学古细菌类与Species作为评级系统类别在语义上无关，违反subClassOf规则中子类应被超类语义包含的约束。",0,0.0,
hard_case_0008,subClassOf,Archive ⊑ CollectionOfValuables,"背景知识：
条目1：
- 名称：Archive
- 类型：Class
- 简介：Collection of documents pertaining to a person or organisation.

条目2：
- 名称：CollectionOfValuables
- 类型：Class
- 简介：Collection of valuables is a collection considered to be a work in itself)",1,grok-4,0.0,8192,https://api2.aigcbest.top/v1,"判断结果：[错误]  
解释：[Archive 是针对人或组织的文档集合，而 CollectionOfValuables 是被视为作品本身的贵重物品集合，二者语义不包含，违反 subClassOf 的包含规则。]",0,0.0,
hard_case_0009,subClassOf,ArtistDiscography ⊑ MusicalWork,"背景知识：
条目1：
- 名称：ArtistDiscography
- 类型：Class
- 简介：artist discography

条目2：
- 名称：MusicalWork
- 类型：Class
- 简介：musical work",1,grok-4,0.0,8192,https://api2.aigcbest.top/v1,"判断结果：[错误]  
解释：ArtistDiscography表示艺术家的唱片目录，而MusicalWork表示音乐作品本身，根据RDFS subClassOf规则，前者的实例并非后者的实例，因此该包含关系与背景知识语义不符。",0,0.0,
hard_case_0011,subClassOf,BackScene ⊑ MusicalArtist,"背景知识：
条目1：
- 名称：BackScene
- 类型：Class
- 简介：Composer, producer, and backstage people.

条目2：
- 名称：MusicalArtist
- 类型：Class
- 简介：musical artist",1,grok-4,0.0,8192,https://api2.aigcbest.top/v1,"判断结果：[错误]  
解释：[BackScene包括作曲家、制作人和后台人员，而后台人员不一定是音乐艺术家，因此BackScene并非MusicalArtist的子类，与subClassOf语义规则和背景知识冲突。]",0,0.0,
hard_case_0012,subClassOf,Bacteria ⊑ Species,"背景知识：
条目1：
- 名称：Bacteria
- 类型：Class
- 简介：bacteria

条目2：
- 名称：Species
- 类型：Class
- 简介：A category in the rating system",1,grok-4,0.0,8192,https://api2.aigcbest.top/v1,"判断结果：错误  
解释：根据背景知识，Bacteria 表示细菌类，而 Species 表示评级系统中的类别，二者语义不相关，因此 Bacteria subClassOf Species 的包含关系与 RDFS 语义规则冲突。",0,0.0,
hard_case_0013,subClassOf,Baronet ⊑ BritishRoyalty,"背景知识：
条目1：
- 名称：Baronet
- 类型：Class
- 简介：baronet

条目2：
- 名称：BritishRoyalty
- 类型：Class
- 简介：British royalty",1,grok-4,0.0,8192,https://api2.aigcbest.top/v1,"判断结果：[错误]
解释：根据背景知识，Baronet作为一种英国贵族头衔（baronet）并非英国皇室（British royalty）的子类，违反RDFS subClassOf规则中类包含关系的语义要求。",0,0.0,
hard_case_0014,subClassOf,BaseballSeason ⊑ SportsTeamSeason,"背景知识：
条目1：
- 名称：BaseballSeason
- 类型：Class
- 简介：baseball season

条目2：
- 名称：SportsTeamSeason
- 类型：Class
- 简介：A season for a particular sports team (as opposed to the season for the entire league that the team is in)",1,grok-4,0.0,8192,https://api2.aigcbest.top/v1,"判断结果：[错误]  
解释：[根据背景知识，BaseballSeason表示棒球赛季（可能指整个联盟赛季），而SportsTeamSeason特指特定体育团队的赛季（与整个联盟赛季相对），因此BaseballSeason并非SportsTeamSeason的子类，此subClassOf关系与语义包含规则冲突。]",0,0.0,
hard_case_0016,subClassOf,Department ⊑ GovernmentalAdministrativeRegion,"背景知识：
条目1：
- 名称：Department
- 类型：Class
- 简介：department

条目2：
- 名称：GovernmentalAdministrativeRegion
- 类型：Class
- 简介：An administrative body governing some territorial unity, in this case a governmental administrative body",1,grok-4,0.0,8192,https://api2.aigcbest.top/v1,"判断结果：错误
解释：Department作为泛化类（简介为department）不一定属于政府范畴，而GovernmentalAdministrativeRegion明确为政府行政机构，subClassOf关系要求Department的每个实例均为GovernmentalAdministrativeRegion实例，此公理与背景知识冲突。",0,0.0,
hard_case_0022,subClassOf,TopicalConcept ⊑ Type,"背景知识：
条目1：
- 名称：TopicalConcept
- 类型：Class
- 简介：topical concept

条目2：
- 名称：Type
- 类型：Class
- 简介：a category within a classification system",0,grok-4,0.0,8192,https://api2.aigcbest.top/v1,"判断结果：[正确]  
解释：[TopicalConcept作为主题概念，在语义上可被视为分类系统中的一个类别（Type），符合RDFS subClassOf规则的包含关系，且无明显冲突。]",1,0.0,
hard_case_0025,subPropertyOf,administrativeHeadCity ⊑p capital,"背景知识：
条目1：
- 名称：administrativeHeadCity
- 类型：Property
- 简介：city where stand the administrative power

条目2：
- 名称：capital
- 类型：Property
- 简介：capital",0,grok-4,0.0,8192,https://api2.aigcbest.top/v1,"判断结果：[正确]  
解释：[根据背景知识，administrativeHeadCity表示行政权力所在的城市，与capital（首都）的语义高度一致，符合RDFS subPropertyOf规则的属性包含关系，无明显冲突。]",1,0.0,
hard_case_0027,subPropertyOf,bronzeMedalist ⊑p Medalist,"背景知识：
条目1：
- 名称：bronzeMedalist
- 类型：Property
- 简介：bronze medalist

条目2：
- 名称：Medalist
- 类型：Unknown
- 简介：Medalist",1,grok-4,0.0,8192,https://api2.aigcbest.top/v1,"判断结果：[错误]  
解释：[公理表示bronzeMedalist作为属性是Medalist的子属性，但背景知识中Medalist类型为Unknown而非Property，与RDFS subPropertyOf规则要求两侧均为属性存在冲突。]",0,0.0,
hard_case_0029,subPropertyOf,chief ⊑p Leader,"背景知识：
条目1：
- 名称：chief
- 类型：Property
- 简介：chief

条目2：
- 名称：Leader
- 类型：Unknown
- 简介：Leader",1,grok-4,0.0,8192,https://api2.aigcbest.top/v1,"判断结果：[错误]  
解释：chief被定义为Property，而Leader类型未知且未指定为Property，根据RDFS语义规则，subPropertyOf关系要求两者均为属性，因此该公理存在冲突。",0,0.0,
hard_case_0040,subPropertyOf,codeMemorial ⊑p Code,"背景知识：
条目1：
- 名称：codeMemorial
- 类型：Property
- 简介：Identifier for monuments of the Memorial type

条目2：
- 名称：Code
- 类型：Unknown
- 简介：Code",1,grok-4,0.0,8192,https://api2.aigcbest.top/v1,"判断结果：[错误]  
解释：[codeMemorial是明确定义的Property，而Code的类型为Unknown并非属性，无法满足RDFS subPropertyOf语义规则要求的两者均为属性的约束。]",0,0.0,
hard_case_0043,subPropertyOf,distanceToCapital ⊑p Distance,"背景知识：
条目1：
- 名称：distanceToCapital
- 类型：Property
- 简介：distance to capital (μ)

条目2：
- 名称：Distance
- 类型：Unknown
- 简介：Distance",1,grok-4,0.0,8192,https://api2.aigcbest.top/v1,"判断结果：错误
解释：distanceToCapital是属性，而Distance类型未知且未声明为属性，无法满足RDFS subPropertyOf规则要求两者均为属性。",0,0.0,
hard_case_0044,subPropertyOf,dutchMIPCode ⊑p Code,"背景知识：
条目1：
- 名称：dutchMIPCode
- 类型：Property
- 简介：The Dutch MIP project was meant to take stock of all kinds of monuments

条目2：
- 名称：Code
- 类型：Unknown
- 简介：Code",1,grok-4,0.0,8192,https://api2.aigcbest.top/v1,"判断结果：[错误]
解释：[背景知识中Code的类型为Unknown而非Property，与RDFS subPropertyOf规则要求两者均为属性存在冲突。]",0,0.0,
hard_case_0045,subPropertyOf,eastPlace ⊑p closeTo,"背景知识：
条目1：
- 名称：eastPlace
- 类型：Property
- 简介：indicates another place situated east.

条目2：
- 名称：closeTo
- 类型：Property
- 简介：place close to another place",1,grok-4,0.0,8192,https://api2.aigcbest.top/v1,"判断结果：[错误]  
解释：[eastPlace表示位于东边的地点但不一定靠近，而closeTo明确表示靠近，根据RDFS subPropertyOf规则，eastPlace并非closeTo的子属性，否则会违反语义包含关系。]",0,0.0,
hard_case_0048,subPropertyOf,followedBy ⊑p nextEvent,"背景知识：
条目1：
- 名称：followedBy
- 类型：Property
- 简介：followed by

条目2：
- 名称：nextEvent
- 类型：Property
- 简介：next event",0,grok-4,0.0,8192,https://api2.aigcbest.top/v1,"判断结果：[正确]
解释：[followedBy和nextEvent作为属性在语义上均表示事件序列中的后续关系，followedBy作为nextEvent的子属性符合RDFS subPropertyOf规则，且无背景知识冲突。]",1,0.0,
hard_case_0050,subPropertyOf,goldMedalist ⊑p Medalist,"背景知识：
条目1：
- 名称：goldMedalist
- 类型：Property
- 简介：gold medalist

条目2：
- 名称：Medalist
- 类型：Unknown
- 简介：Medalist",1,grok-4,0.0,8192,https://api2.aigcbest.top/v1,"判断结果：[错误]
解释：[goldMedalist是属性，而Medalist类型未知且语义上更像是类，无法作为subPropertyOf关系的右操作数，违反RDFS中属性包含关系的语义规则。]",0,0.0,
hard_case_0051,subPropertyOf,greekName ⊑p Name,"背景知识：
条目1：
- 名称：greekName
- 类型：Property
- 简介：name in ancient Greek

条目2：
- 名称：Name
- 类型：Class
- 简介：name",1,grok-4,0.0,8192,https://api2.aigcbest.top/v1,"判断结果：[错误]  
解释：greekName作为属性不能通过subPropertyOf关系包含于Name类，因为RDFS语义规则要求subPropertyOf仅适用于属性之间，而背景知识显示Name是类而非属性。",0,0.0,
hard_case_0052,subPropertyOf,inseeCode ⊑p codeSettlement,"背景知识：
条目1：
- 名称：inseeCode
- 类型：Property
- 简介：numerical indexing code used by the French National Institute for Statistics and Economic Studies (INSEE) to identify various entities

条目2：
- 名称：codeSettlement
- 类型：Property
- 简介：settlement code",1,grok-4,0.0,8192,https://api2.aigcbest.top/v1,"判断结果：[错误]  
解释：[inseeCode用于识别各种实体而不限于settlement，而subPropertyOf要求inseeCode作为codeSettlement的子属性时其值必须隐含为settlement code，这与背景知识冲突。]",0,0.0,
hard_case_0053,subPropertyOf,iso6391Code ⊑p LanguageCode,"背景知识：
条目1：
- 名称：iso6391Code
- 类型：Property
- 简介：ISO 639-1 code

条目2：
- 名称：LanguageCode
- 类型：Unknown
- 简介：LanguageCode",1,grok-4,0.0,8192,https://api2.aigcbest.top/v1,"判断结果：[错误]
解释：背景知识中LanguageCode类型为Unknown而非Property，无法作为subPropertyOf关系的客体，与RDFS语义规则要求subPropertyOf仅适用于属性之间冲突。",0,0.0,
hard_case_0054,subPropertyOf,iso6392Code ⊑p LanguageCode,"背景知识：
条目1：
- 名称：iso6392Code
- 类型：Property
- 简介：ISO 639-2 code

条目2：
- 名称：LanguageCode
- 类型：Unknown
- 简介：LanguageCode",1,grok-4,0.0,8192,https://api2.aigcbest.top/v1,"判断结果：错误
解释：iso6392Code作为属性不能通过subPropertyOf关系（⊑p）从属于类型未知但可能为类的LanguageCode，这违反RDFS中subPropertyOf仅适用于属性间的语义规则。",0,0.0,
hard_case_0055,subPropertyOf,iso6393Code ⊑p LanguageCode,"背景知识：
条目1：
- 名称：iso6393Code
- 类型：Property
- 简介：ISO 639-3 code

条目2：
- 名称：LanguageCode
- 类型：Unknown
- 简介：LanguageCode",1,grok-4,0.0,8192,https://api2.aigcbest.top/v1,"判断结果：错误  
解释：iso6393Code是Property类型，而LanguageCode类型为Unknown并非属性，因此无法形成subPropertyOf关系，与RDFS语义规则冲突。",0,0.0,
hard_case_0057,subPropertyOf,latinName ⊑p Name,"背景知识：
条目1：
- 名称：latinName
- 类型：Property
- 简介：name in latin

条目2：
- 名称：Name
- 类型：Class
- 简介：name",1,grok-4,0.0,8192,https://api2.aigcbest.top/v1,"判断结果：[错误]  
解释：[latinName是属性而Name是类，根据RDFS语义规则subPropertyOf仅适用于属性之间，无法将属性作为类的子属性。]",0,0.0,
hard_case_0059,subPropertyOf,mayor ⊑p Leader,"背景知识：
条目1：
- 名称：mayor
- 类型：Property
- 简介：mayor

条目2：
- 名称：Leader
- 类型：Unknown
- 简介：Leader",1,grok-4,0.0,8192,https://api2.aigcbest.top/v1,"判断结果：[错误]  
解释：[背景知识中Leader类型为Unknown而非Property，无法作为subPropertyOf关系的客体，与RDFS语义规则中属性子关系需两者均为rdf:Property相冲突。]",0,0.0,
hard_case_0061,subPropertyOf,officialSchoolColour ⊑p ColourName,"背景知识：
条目1：
- 名称：officialSchoolColour
- 类型：Property
- 简介：The official colour of the EducationalInstitution represented by the colour name (e.g.: red or green).

条目2：
- 名称：ColourName
- 类型：Unknown
- 简介：ColourName",1,grok-4,0.0,8192,https://api2.aigcbest.top/v1,"判断结果：[错误]  
解释：[officialSchoolColour是属性而ColourName类型未知并非属性，违反RDFS subPropertyOf规则要求两者均为属性。]",0,0.0,
hard_case_0064,subPropertyOf,premiereYear ⊑p releaseYear,"背景知识：
条目1：
- 名称：premiereYear
- 类型：Property
- 简介：Year the play was first performed.

条目2：
- 名称：releaseYear
- 类型：Unknown
- 简介：releaseYear",1,grok-4,0.0,8192,https://api2.aigcbest.top/v1,"判断结果：[错误]  
解释：[背景知识中releaseYear的类型为Unknown，无法确认其为属性，无法应用RDFS subPropertyOf语义规则建立与premiereYear的包含关系。]",0,0.0,
hard_case_0065,subPropertyOf,rankingWins ⊑p Wins,"背景知识：
条目1：
- 名称：rankingWins
- 类型：Property
- 简介：ranking wins

条目2：
- 名称：Wins
- 类型：Unknown
- 简介：Wins",1,grok-4,0.0,8192,https://api2.aigcbest.top/v1,"判断结果：[错误]  
解释：[背景知识中Wins类型为Unknown而非Property，与RDFS subPropertyOf规则要求两者均为属性存在冲突。]",0,0.0,
hard_case_0066,subPropertyOf,silverMedalist ⊑p Medalist,"背景知识：
条目1：
- 名称：silverMedalist
- 类型：Property
- 简介：siler medalist

条目2：
- 名称：Medalist
- 类型：Unknown
- 简介：Medalist",1,grok-4,0.0,8192,https://api2.aigcbest.top/v1,"判断结果：[错误]
解释：silverMedalist为属性而Medalist类型未知，可能非属性，无法满足RDFS subPropertyOf规则要求两者均为属性。",0,0.0,
hard_case_0067,domain,domain(academicAdvisor) = Scientist,"背景知识：
条目1：
- 名称：academicAdvisor
- 类型：Property
- 简介：academic advisor

条目2：
- 名称：Scientist
- 类型：Class
- 简介：scientist",1,grok-4,0.0,8192,https://api2.aigcbest.top/v1,"判断结果：错误  
解释：根据RDFS domain规则，domain(academicAdvisor)=Scientist意味着使用该属性的主语必须是Scientist实例，但背景知识显示academicAdvisor适用于学术顾问关系，而非限于科学家主体，与常识冲突。",0,0.0,
hard_case_0074,domain,domain(albedo) = Planet,"背景知识：
条目1：
- 名称：albedo
- 类型：Property
- 简介：reflection coefficient

条目2：
- 名称：Planet
- 类型：Class
- 简介：planet",1,grok-4,0.0,8192,https://api2.aigcbest.top/v1,"判断结果：[错误]  
解释：albedo作为反射系数的属性在常识中可适用于多种物体而不限于行星类，与将domain严格限制为Planet的RDFS语义规则存在冲突。",0,0.0,
hard_case_0080,domain,domain(apparentMagnitude) = Planet,"背景知识：
条目1：
- 名称：apparentMagnitude
- 类型：Property
- 简介：apparent magnitude

条目2：
- 名称：Planet
- 类型：Class
- 简介：planet",1,grok-4,0.0,8192,https://api2.aigcbest.top/v1,"判断结果：[错误]  
解释：apparentMagnitude作为视星等属性在常识中适用于各种天体而非仅限于Planet类，设定其domain为Planet违反了属性的广泛语义约束，与背景知识和RDFS domain规则的合理性冲突。",0,0.0,
hard_case_0085,domain,domain(area) = PopulatedPlace,"背景知识：
条目1：
- 名称：area
- 类型：Property
- 简介：The area of the thing in square meters.

条目2：
- 名称：PopulatedPlace
- 类型：Class
- 简介：As defined by the United States Geological Survey, a populated place is a place or area with clustered or scattered buildings and a permanent human population (city, settlement, town, or village) referenced with geographic coordinates (http...",1,grok-4,0.0,8192,https://api2.aigcbest.top/v1,"判断结果：[错误]
解释：area属性的简介表明其适用于一般事物的面积计算，而将其domain限制为PopulatedPlace类违反了RDFS语义规则，因为这会不当排除非人口聚居事物的面积描述，与背景知识冲突。",0,0.0,
hard_case_0092,domain,domain(averageSpeed) = Planet,"背景知识：
条目1：
- 名称：averageSpeed
- 类型：Property
- 简介：The average speed of a thing.

条目2：
- 名称：Planet
- 类型：Class
- 简介：planet",1,grok-4,0.0,8192,https://api2.aigcbest.top/v1,"判断结果：错误  
解释：根据背景知识，averageSpeed是适用于一般事物的属性，而RDFS domain规则将其主体限制为Planet类，这与属性的通用语义相冲突。",0,0.0,
hard_case_0093,domain,domain(birthPlace) = Animal,"背景知识：
条目1：
- 名称：birthPlace
- 类型：Property
- 简介：where the person was born

条目2：
- 名称：Animal
- 类型：Class
- 简介：animal",1,grok-4,0.0,8192,https://api2.aigcbest.top/v1,"判断结果：错误  
解释：birthPlace属性的简介指定其用于描述人的出生地，但将其域设置为Animal类会不当扩展到所有动物实例，与背景知识中针对“person”的语义约束冲突。",0,0.0,
hard_case_0096,domain,domain(deathPlace) = Animal,"背景知识：
条目1：
- 名称：deathPlace
- 类型：Property
- 简介：The place where the person died.

条目2：
- 名称：Animal
- 类型：Class
- 简介：animal",1,grok-4,0.0,8192,https://api2.aigcbest.top/v1,"判断结果：[错误]  
解释：[deathPlace属性的背景知识表明它是针对person（人）的死亡地点，而将其域设置为Animal类存在冲突，因为person特指人类而非所有动物，与RDFS domain语义规则要求主体类匹配属性的语义约束不符。]",0,0.0,
hard_case_0101,domain,domain(diameter) = Engine,"背景知识：
条目1：
- 名称：diameter
- 类型：Property
- 简介：diameter (mm)

条目2：
- 名称：Engine
- 类型：Class
- 简介：engine",1,grok-4,0.0,8192,https://api2.aigcbest.top/v1,"判断结果：错误  
解释：背景知识中diameter作为通用属性描述直径（mm），根据RDFS domain规则将其限定为Engine类会不当限制其适用范围，与常识中直径可应用于非引擎实体的语义冲突。",0,0.0,
hard_case_0102,domain,domain(fileSize) = Software,"背景知识：
条目1：
- 名称：fileSize
- 类型：Property
- 简介：size of a file or software

条目2：
- 名称：Software
- 类型：Class
- 简介：software",1,grok-4,0.0,8192,https://api2.aigcbest.top/v1,"判断结果：错误  
解释：fileSize属性的简介包括文件或软件的大小，但公理将其域限制为仅Software类，违反了RDFS domain规则对属性主体的语义约束，与背景知识冲突。",0,0.0,
hard_case_0103,domain,domain(firstLaunchDate) = Drug,"背景知识：
条目1：
- 名称：firstLaunchDate
- 类型：Property
- 简介：first launch date

条目2：
- 名称：Drug
- 类型：Class
- 简介：drug",0,grok-4,0.0,8192,https://api2.aigcbest.top/v1,"判断结果：[正确]  
解释：[根据背景知识，firstLaunchDate作为药品首次上市日期的属性，其域设置为Drug类符合RDFS domain规则，确保属性的主体属于Drug实例。]",1,0.0,
hard_case_0106,domain,domain(firstLaunchRocket) = Scientist,"背景知识：
条目1：
- 名称：firstLaunchRocket
- 类型：Property
- 简介：first launch rocket

条目2：
- 名称：Scientist
- 类型：Class
- 简介：scientist",0,grok-4,0.0,8192,https://api2.aigcbest.top/v1,"判断结果：[正确]  
解释：根据背景知识，firstLaunchRocket作为属性可与Scientist类关联，其domain指定主体为Scientist符合RDFS语义规则，且无明显冲突。",1,0.0,
hard_case_0113,domain,domain(lastLaunchRocket) = Place,"背景知识：
条目1：
- 名称：lastLaunchRocket
- 类型：Property
- 简介：last launch rocket

条目2：
- 名称：Place
- 类型：Class
- 简介：place",0,grok-4,0.0,8192,https://api2.aigcbest.top/v1,"判断结果：正确  
解释：根据背景知识，lastLaunchRocket作为属性表示“last launch rocket”，其域为Place类符合RDFS domain规则，因为火箭发射通常与地点相关联，且无明显语义冲突。",1,0.0,
hard_case_0116,domain,domain(lowerAge) = Person,"背景知识：
条目1：
- 名称：lowerAge
- 类型：Property
- 简介：lower age

条目2：
- 名称：Person
- 类型：Class
- 简介：person",0,grok-4,0.0,8192,https://api2.aigcbest.top/v1,"判断结果：[正确]  
解释：[根据背景知识，lowerAge属性表示最低年龄，其域为Person类符合RDFS domain语义规则，因为该属性适用于人的实例且无明显冲突。]",1,0.0,
hard_case_0118,domain,domain(mass) = Planet,"背景知识：
条目1：
- 名称：mass
- 类型：Property
- 简介：mass (kg)

条目2：
- 名称：Planet
- 类型：Class
- 简介：planet",1,grok-4,0.0,8192,https://api2.aigcbest.top/v1,"判断结果：[错误]  
解释：根据RDFS domain规则，domain(mass)=Planet意味着只有Planet类的实例才能作为mass属性的主体，但背景知识中mass为通用质量属性（kg），常识上适用于多种实体而非仅限于行星，因此存在冲突。",0,0.0,
hard_case_0121,domain,domain(meltingPoint) = Drug,"背景知识：
条目1：
- 名称：meltingPoint
- 类型：Property
- 简介：melting point (K)

条目2：
- 名称：Drug
- 类型：Class
- 简介：drug",1,grok-4,0.0,8192,https://api2.aigcbest.top/v1,"判断结果：错误  
解释：meltingPoint作为熔点属性在常识中适用于各种物质，而非仅限于Drug类，将其domain限制为Drug违反了RDFS语义规则中属性的通用适用性，与背景知识存在冲突。",0,0.0,
hard_case_0127,domain,domain(numberOfPads) = MeanOfTransportation,"背景知识：
条目1：
- 名称：numberOfPads
- 类型：Property
- 简介：number of pads

条目2：
- 名称：MeanOfTransportation
- 类型：Class
- 简介：mean of transportation",0,grok-4,0.0,8192,https://api2.aigcbest.top/v1,"判断结果：[正确]
解释：根据背景知识，numberOfPads作为属性，其域设置为MeanOfTransportation类符合RDFS domain语义规则，即属性的主体属于交通工具类，且无明显冲突。",1,0.0,
hard_case_0128,domain,domain(orbitalPeriod) = Planet,"背景知识：
条目1：
- 名称：orbitalPeriod
- 类型：Property
- 简介：orbital period (μ)

条目2：
- 名称：Planet
- 类型：Class
- 简介：planet",1,grok-4,0.0,8192,https://api2.aigcbest.top/v1,"判断结果：错误  
解释：根据常识知识，orbitalPeriod属性可适用于非Planet类实例（如卫星），因此将其domain严格限制为Planet违反了RDFS语义规则中属性的适用范围。",0,0.0,
hard_case_0130,domain,domain(otherChannel) = Drug,"背景知识：
条目1：
- 名称：otherChannel
- 类型：Property
- 简介：other channel

条目2：
- 名称：Drug
- 类型：Class
- 简介：drug",0,grok-4,0.0,8192,https://api2.aigcbest.top/v1,"判断结果：[正确]  
解释：根据背景知识，otherChannel作为属性可合理地将域指定为Drug类，符合RDFS domain规则对属性主体类别的语义约束，且无明显冲突。",1,0.0,
hard_case_0132,domain,domain(pictureFormat) = Broadcaster,"背景知识：
条目1：
- 名称：pictureFormat
- 类型：Property
- 简介：picture format

条目2：
- 名称：Broadcaster
- 类型：Class
- 简介：A broadcaster is an organisation responsible for the production of radio or television programs and/or their transmission. (http://en.wikipedia.org/wiki/Broadcaster - 28/03/2011)",1,grok-4,0.0,8192,https://api2.aigcbest.top/v1,"判断结果：[错误]  
解释：[pictureFormat作为图片格式属性，其domain指定为Broadcaster类与背景知识中广播公司的语义无关，违反RDFS domain规则要求属性主体与类间的合理约束。]",0,0.0,
hard_case_0134,domain,domain(previousInfrastructure) = PublicTransitSystem,"背景知识：
条目1：
- 名称：previousInfrastructure
- 类型：Property
- 简介：previous infrastructure

条目2：
- 名称：PublicTransitSystem
- 类型：Class
- 简介：A public transit system is a shared passenger transportation service which is available for use by the general public. Public transport modes include buses, trolleybuses, trams and trains, 'rapid transit' (metro/subways/undergrounds etc) an...",0,grok-4,0.0,8192,https://api2.aigcbest.top/v1,"判断结果：[正确]  
解释：根据背景知识，previousInfrastructure作为属性可描述公共交通系统的前身基础设施，其域约束为PublicTransitSystem符合RDFS语义规则，无明显冲突。",1,0.0,
hard_case_0135,domain,domain(projectBudgetTotal) = Work,"背景知识：
条目1：
- 名称：projectBudgetTotal
- 类型：Property
- 简介：The total budget of the research project.

条目2：
- 名称：Work
- 类型：Class
- 简介：Item on which time has been spent for its realisation. Actor can be a human on not (machine, insects, nature...)",0,grok-4,0.0,8192,https://api2.aigcbest.top/v1,"判断结果：正确  
解释：projectBudgetTotal作为研究项目的总预算属性，其域为Work类合理，因为研究项目符合Work类的定义（花费时间实现的事项），符合RDFS domain规则要求主体属于指定类。",1,0.0,
hard_case_0141,domain,domain(subsequentInfrastructure) = Museum,"背景知识：
条目1：
- 名称：subsequentInfrastructure
- 类型：Property
- 简介：subsequent infrastructure

条目2：
- 名称：Museum
- 类型：Class
- 简介：museum",0,grok-4,0.0,8192,https://api2.aigcbest.top/v1,"判断结果：[正确]  
解释：背景知识确认subsequentInfrastructure为属性、Museum为类，设置其domain为Museum符合RDFS语义规则且无明显冲突。",1,0.0,
hard_case_0143,domain,domain(temperature) = Planet,"背景知识：
条目1：
- 名称：temperature
- 类型：Property
- 简介：temperature (K)

条目2：
- 名称：Planet
- 类型：Class
- 简介：planet",1,grok-4,0.0,8192,https://api2.aigcbest.top/v1,"判断结果：[错误]
解释：根据常识知识，temperature属性适用于多种实体而非仅限于Planet类，设置其domain为Planet会导致非行星实体具有该属性时被强制归类为Planet，与RDFS语义规则和背景知识的通用描述冲突。",0,0.0,
hard_case_0145,domain,domain(upperAge) = School,"背景知识：
条目1：
- 名称：upperAge
- 类型：Property
- 简介：upper age

条目2：
- 名称：School
- 类型：Class
- 简介：school",1,grok-4,0.0,8192,https://api2.aigcbest.top/v1,"判断结果：[错误]  
解释：[upperAge作为上限年龄属性，其domain为School意味着学校的实例必须具有年龄上限，但背景知识显示School是学校类而非有年龄属性的实体，与RDFS domain语义规则和常识冲突。]",0,0.0,
hard_case_0146,domain,domain(vehiclesInFleet) = PublicTransitSystem,"背景知识：
条目1：
- 名称：vehiclesInFleet
- 类型：Property
- 简介：Points out means of transport contained in the companies vehicle fleet.

条目2：
- 名称：PublicTransitSystem
- 类型：Class
- 简介：A public transit system is a shared passenger transportation service which is available for use by the general public. Public transport modes include buses, trolleybuses, trams and trains, 'rapid transit' (metro/subways/undergrounds etc) an...",1,grok-4,0.0,8192,https://api2.aigcbest.top/v1,"判断结果：错误  
解释：根据背景知识，vehiclesInFleet属性指向公司车队中的交通工具，其域应为公司类而非公共交通系统类，这与RDFS domain规则要求属性主体属于指定类的语义约束相冲突。",0,0.0,
hard_case_0148,domain,domain(volume) = Lake,"背景知识：
条目1：
- 名称：volume
- 类型：Property
- 简介：volume (μ³)

条目2：
- 名称：Lake
- 类型：Class
- 简介：lake",1,grok-4,0.0,8192,https://api2.aigcbest.top/v1,"判断结果：错误  
解释：volume属性以立方微米（μ³）为单位，适用于微观体积测量，而Lake类表示湖泊，其体积规模宏大，不符合该属性的语义约束，因此domain(volume)=Lake与背景知识存在明显冲突。",0,0.0,
hard_case_0150,domain,domain(width) = MeanOfTransportation,"背景知识：
条目1：
- 名称：width
- 类型：Property
- 简介：width (mm)

条目2：
- 名称：MeanOfTransportation
- 类型：Class
- 简介：mean of transportation",1,grok-4,0.0,8192,https://api2.aigcbest.top/v1,"判断结果：[错误]  
解释：背景知识中width作为通用宽度属性（mm），其domain限定为MeanOfTransportation类会违反常识和RDFS语义规则，因为宽度适用于多种实体而非仅限于交通工具，导致语义约束过度限制。",0,0.0,
hard_case_0156,range,range(alongside) = Department,"背景知识：
条目1：
- 名称：alongside
- 类型：Property
- 简介：alongside

条目2：
- 名称：Department
- 类型：Class
- 简介：department",0,grok-4,0.0,8192,https://api2.aigcbest.top/v1,"判断结果：[正确]  
解释：背景知识确认alongside为属性且Department为类，RDFS range规则允许将属性的客体约束为特定类，无明显语义冲突。",1,0.0,
hard_case_0159,range,range(appointer) = Company,"背景知识：
条目1：
- 名称：appointer
- 类型：Property
- 简介：appointer

条目2：
- 名称：Company
- 类型：Class
- 简介：company",0,grok-4,0.0,8192,https://api2.aigcbest.top/v1,"判断结果：[正确]  
解释：[背景知识确认appointer为Property且Company为Class，RDFS range规则允许将属性的客体限制为某一类，无明显语义冲突。]",1,0.0,
hard_case_0162,range,range(artist) = MusicalArtist,"背景知识：
条目1：
- 名称：artist
- 类型：Property
- 简介：The performer or creator of the musical work.

条目2：
- 名称：MusicalArtist
- 类型：Class
- 简介：musical artist",0,grok-4,0.0,8192,https://api2.aigcbest.top/v1,"判断结果：[正确]  
解释：[根据背景知识，artist属性表示音乐作品的表演者或创作者，其值应为MusicalArtist类的实例，这符合RDFS range规则对属性客体类别的约束。]",1,0.0,
hard_case_0164,range,range(associationOfLocalGovernment) = PopulatedPlace,"背景知识：
条目1：
- 名称：associationOfLocalGovernment
- 类型：Property
- 简介：association of local government

条目2：
- 名称：PopulatedPlace
- 类型：Class
- 简介：As defined by the United States Geological Survey, a populated place is a place or area with clustered or scattered buildings and a permanent human population (city, settlement, town, or village) referenced with geographic coordinates (http...",1,grok-4,0.0,8192,https://api2.aigcbest.top/v1,"判断结果：[错误]
解释：associationOfLocalGovernment作为属性，其语义简介指向地方政府协会（一种组织实体），而非PopulatedPlace类代表的地点实体，因此将其range限定为PopulatedPlace与背景知识的语义关系存在明显冲突，不符合RDFS range规则的类型约束。",0,0.0,
hard_case_0166,range,range(automobilePlatform) = Automobile,"背景知识：
条目1：
- 名称：automobilePlatform
- 类型：Property
- 简介：automobile platform

条目2：
- 名称：Automobile
- 类型：Class
- 简介：automobile",1,grok-4,0.0,8192,https://api2.aigcbest.top/v1,"判断结果：错误  
解释：根据背景知识，automobilePlatform作为属性描述汽车平台，其范围应指向平台相关类而非Automobile类，这与RDFS range规则要求属性客体属于指定类的语义约束冲突，因为汽车平台并非汽车实例。",0,0.0,
hard_case_0170,range,range(billed) = PopulatedPlace,"背景知识：
条目1：
- 名称：billed
- 类型：Property
- 简介：billed

条目2：
- 名称：PopulatedPlace
- 类型：Class
- 简介：As defined by the United States Geological Survey, a populated place is a place or area with clustered or scattered buildings and a permanent human population (city, settlement, town, or village) referenced with geographic coordinates (http...",1,grok-4,0.0,8192,https://api2.aigcbest.top/v1,"判断结果：[错误]
解释：背景知识中billed属性的简介仅为“billed”且无明确语义关联，而RDFS range规则要求属性客体属于指定类，但常识表明billed（如计费或描述）与PopulatedPlace（人口居住地类）无合理语义联系，存在明显冲突。",0,0.0,
hard_case_0176,range,range(ceremonialCounty) = PopulatedPlace,"背景知识：
条目1：
- 名称：ceremonialCounty
- 类型：Property
- 简介：Ceremonial County

条目2：
- 名称：PopulatedPlace
- 类型：Class
- 简介：As defined by the United States Geological Survey, a populated place is a place or area with clustered or scattered buildings and a permanent human population (city, settlement, town, or village) referenced with geographic coordinates (http...",1,grok-4,0.0,8192,https://api2.aigcbest.top/v1,"判断结果：[错误]  
解释：根据背景知识，ceremonialCounty属性表示礼仪郡（一种行政区划），而PopulatedPlace类定义为人口聚居地如城市或村庄等，RDFS range规则要求属性值属于指定类，但礼仪郡并非此类人口聚居地实例，故存在语义冲突。",0,0.0,
hard_case_0180,range,range(channel) = Broadcaster,"背景知识：
条目1：
- 名称：channel
- 类型：Property
- 简介：channel

条目2：
- 名称：Broadcaster
- 类型：Class
- 简介：A broadcaster is an organisation responsible for the production of radio or television programs and/or their transmission. (http://en.wikipedia.org/wiki/Broadcaster - 28/03/2011)",1,grok-4,0.0,8192,https://api2.aigcbest.top/v1,"判断结果：[错误]  
解释：根据背景知识，channel作为属性可能表示广播频道，而RDFS range规则要求其客体属于Broadcaster类（广播公司），但频道并非广播公司实例，此公理与语义约束和常识存在冲突。",0,0.0,
hard_case_0190,range,range(constituencyDistrict) = PopulatedPlace,"背景知识：
条目1：
- 名称：constituencyDistrict
- 类型：Property
- 简介：constituency district

条目2：
- 名称：PopulatedPlace
- 类型：Class
- 简介：As defined by the United States Geological Survey, a populated place is a place or area with clustered or scattered buildings and a permanent human population (city, settlement, town, or village) referenced with geographic coordinates (http...",1,grok-4,0.0,8192,https://api2.aigcbest.top/v1,"判断结果：错误  
解释：根据背景知识，constituencyDistrict作为属性表示选区，其范围值应为行政或政治区域，而非限于PopulatedPlace类（有人口聚居地如城市或村庄），这与RDFS range规则要求的值类约束存在语义冲突。",0,0.0,
hard_case_0195,range,range(cultivatedVariety) = CultivatedVariety,"背景知识：
条目1：
- 名称：cultivatedVariety
- 类型：Property
- 简介：Name of the cultivar (cultivated variety)

条目2：
- 名称：CultivatedVariety
- 类型：Class
- 简介：A cultivar is a plant or grouping of plants selected for desirable characteristics that can be maintained by propagation. A plant whose origin or selection is primarily due to intentional human activity.",1,grok-4,0.0,8192,https://api2.aigcbest.top/v1,"判断结果：错误  
解释：根据背景知识，cultivatedVariety属性表示栽培品种的名称（应为字符串类型），而非指向CultivatedVariety类的实例，因此将其range设置为CultivatedVariety违反了RDFS中range语义规则对属性客体类型的约束。",0,0.0,
hard_case_0196,range,range(curator) = Agent,"背景知识：
条目1：
- 名称：curator
- 类型：Property
- 简介：curator

条目2：
- 名称：Agent
- 类型：Class
- 简介：Analogous to a foaf:Agent, an agent is an entity that acts. This is intended to be the super class of Person and Organisation.",0,grok-4,0.0,8192,https://api2.aigcbest.top/v1,"判断结果：[正确]
解释：[背景知识中curator为属性、Agent为类且表示能行动的实体，RDFS range规则允许将curator的值约束为Agent实例，此公理无明显冲突且符合语义合理性。]",1,0.0,
hard_case_0202,range,range(designCompany) = Organisation,"背景知识：
条目1：
- 名称：designCompany
- 类型：Property
- 简介：designer company

条目2：
- 名称：Organisation
- 类型：Class
- 简介：organisation",0,grok-4,0.0,8192,https://api2.aigcbest.top/v1,"判断结果：正确  
解释：根据背景知识，designCompany属性表示设计师公司，而Organisation类表示组织，设计公司属于组织范畴，因此range约束符合RDFS语义规则，无明显冲突。",1,0.0,
hard_case_0203,range,range(designer) = Agent,"背景知识：
条目1：
- 名称：designer
- 类型：Property
- 简介：designer

条目2：
- 名称：Agent
- 类型：Class
- 简介：Analogous to a foaf:Agent, an agent is an entity that acts. This is intended to be the super class of Person and Organisation.",0,grok-4,0.0,8192,https://api2.aigcbest.top/v1,"判断结果：[正确]  
解释：[背景知识中designer为属性且Agent为代理实体类，RDFS range规则要求属性客体属于指定类，此公理合理无明显冲突。]",1,0.0,
hard_case_0229,subPropertyOf,hobbiessuchashobbies ⊑p generalizationof,"背景知识：
条目1：
- 名称：hobbiessuchashobbies
- 类型：Class
- 简介：{%%s %s %%s, is a generalization of}
- 补充信息：generalizations: generalizationof | domain: hobby | range: hobby

条目2：
- 名称：generalizationof
- 类型：Class
- 简介：generalizationof is a class in the NELL knowledge base.
- 补充信息：generalizations: relatedto | domain: everypromotedthing | range: everypromotedthing",1,grok-4,0.0,8192,https://api2.aigcbest.top/v1,"判断结果：错误
解释：背景知识表明hobbiessuchashobbies和generalizationof均为Class类型，而RDFS subPropertyOf关系仅适用于Property类型，因此该公理违反RDFS语义规则。",0,0.0,
hard_case_0233,subPropertyOf,inverseofcriminalssuchascriminals ⊑p specializationof,"背景知识：
条目1：
- 名称：inverseofcriminalssuchascriminals
- 类型：Unknown
- 简介：Describes the criminals types that are generalizations of specific criminals
- 补充信息：generalizations: specializationof | domain: criminal | range: criminal

条目2：
- 名称：specializationof
- 类型：Unknown
- 简介：one thing is a more specific kind of another thing
- 补充信息：generalizations: relatedto | domain: everypromotedthing | range: everypromotedthing",1,grok-4,0.0,8192,https://api2.aigcbest.top/v1,"判断结果：[错误]
解释：公理声称inverseofcriminalssuchascriminals是specializationof的子属性，但根据背景知识中二者的语义描述，前者表示泛化关系（更一般），后者表示特化关系（更具体），这导致子属性蕴涵在RDFS规则下产生语义矛盾，无法同时成立。",0,0.0,
hard_case_0278,subClassOf,Antoinism ⊑ Catholicism,"背景知识：
条目1：
- 名称：Antoinism
- 类型：Class
- 简介：Antoinism is a healing-oriented new religious movement founded in 1910 by Louis-Joseph Antoine (1846–1912) in Jemeppe-sur-Meuse, Seraing in Belgium. With a total of 64 temples, over forty reading rooms across the world and thousands of memb...

条目2：
- 名称：Catholicism
- 类型：Class
- 简介：The Catholic Church, commonly called the Roman Catholic Church, is the largest Christian denomination, with an estimated 1.28 to 1.41 billion baptized members worldwide as of 2026. It consists of 24 autonomous churches—the Latin Church and....",1,grok-4,0.0,8192,https://api2.aigcbest.top/v1,"判断结果：[错误]
解释：Antoinism作为一个独立的治疗导向新宗教运动，与Catholicism作为天主教会的语义关系不符，无法满足RDFS subClassOf规则中Antoinism实例必须属于Catholicism的要求。",0,0.0,
hard_case_0286,subClassOf,Financial_analyst ⊑ Financier,"背景知识：
条目1：
- 名称：Financial_analyst
- 类型：Class
- 简介：A financial analyst is a professional undertaking financial analysis for external or internal clients as a core feature of the job. The role may specifically be titled securities analyst, research analyst, equity analyst, investment analyst...

条目2：
- 名称：Financier
- 类型：Class
- 简介：An investor is a person or entity that allocates financial capital with the expectation of a future return (profit) or to gain an advantage (interest). Through this allocated capital the investor usually purchases some species of property.....",1,grok-4,0.0,8192,https://api2.aigcbest.top/v1,"判断结果：错误  
解释：根据背景知识，Financial_analyst专注于财务分析，而Financier强调分配资本的投资行为，二者语义不构成包含关系，违反RDFS subClassOf规则要求子类实例必须属于父类。",0,0.0,
hard_case_0288,subClassOf,Ghanaian_Pidgin_English ⊑ English_language,"背景知识：
条目1：
- 名称：Ghanaian_Pidgin_English
- 类型：Class
- 简介：Ghanaian Pidgin English (GhaPE) is a Ghanaian English-lexifier pidgin also known as Pidgin, Broken English, and Kru English. GhaPE is a regional variety of West African Pidgin English spoken in Ghana, predominantly in the southern capital,....

条目2：
- 名称：English_language
- 类型：Class
- 简介：English is a West Germanic language that emerged in early medieval England and has since become a global lingua franca. The namesake of the language is the Angles, one of the Germanic peoples who migrated to Britain after the end of Roman r...",1,grok-4,0.0,8192,https://api2.aigcbest.top/v1,"判断结果：[错误]
解释：[Ghanaian Pidgin English is a distinct pidgin variety based on English but not a subclass of English_language, as its instances are not necessarily instances of English_language per subClassOf semantics and background knowledge.]",0,0.0,
hard_case_0292,subClassOf,Lyricist ⊑ Cancionista_Q24961653,"背景知识：
条目1：
- 名称：Lyricist
- 类型：Class
- 简介：A lyricist is a writer who writes lyrics, as opposed to a composer, who writes the song's music which may include the melody, harmony, arrangement and accompaniment.

条目2：
- 名称：Cancionista_Q24961653
- 类型：Class
- 简介：Cancionista_Q24961653 is a class in the knowledge base.",0,grok-4,0.0,8192,https://api2.aigcbest.top/v1,"判断结果：[正确]
解释：[基于背景知识和常识，Lyricist 表示写歌词的人，而 Cancionista_Q24961653 作为知识库类可能指歌曲作者，Lyricist 是其子类符合 RDFS subClassOf 语义规则。]",1,0.0,
hard_case_0295,subClassOf,Rábula_Q10365511 ⊑ Lawyer,"背景知识：
条目1：
- 名称：Rábula_Q10365511
- 类型：Class
- 简介：Rábula_Q10365511 is a class in the knowledge base.

条目2：
- 名称：Lawyer
- 类型：Class
- 简介：A lawyer is a person who is qualified to offer advice about the law, draft legal documents, or represent individuals in legal matters.",1,grok-4,0.0,8192,https://api2.aigcbest.top/v1,"判断结果：[错误]  
解释：根据背景知识，Lawyer类要求个体具备法律资格，而Rábula_Q10365511作为知识库中的类可能指代无资格从业者，与subClassOf规则下实例继承的语义约束冲突。",0,0.0,
hard_case_0296,subClassOf,Schwefelbad_Q112157620 ⊑ Designated_Spa_Town_Q6882870,"背景知识：
条目1：
- 名称：Schwefelbad_Q112157620
- 类型：Class
- 简介：Schwefelbad_Q112157620 is a class in the knowledge base.

条目2：
- 名称：Designated_Spa_Town_Q6882870
- 类型：Class
- 简介：Designated_Spa_Town_Q6882870 is a class in the knowledge base.",1,grok-4,0.0,8192,https://api2.aigcbest.top/v1,"判断结果：[错误]
解释：根据常识知识，Schwefelbad_Q112157620表示硫磺浴类，而Designated_Spa_Town_Q6882870表示指定温泉小镇类，二者语义上不具有包含关系，与RDFS subClassOf规则要求的存在明显冲突。",0,0.0,
hard_case_0297,subClassOf,Skerry_Coast_Q13137873 ⊑ Archipelago,"背景知识：
条目1：
- 名称：Skerry_Coast_Q13137873
- 类型：Class
- 简介：Skerry_Coast_Q13137873 is a class in the knowledge base.

条目2：
- 名称：Archipelago
- 类型：Class
- 简介：An archipelago, sometimes called an island group or island chain, is a chain, cluster, or collection of islands. An archipelago may be in an ocean, a sea, or a smaller body of water. Examples of archipelagos include the Aegean Islands, the....",1,grok-4,0.0,8192,https://api2.aigcbest.top/v1,"判断结果：[错误]  
解释：[根据背景知识，Skerry_Coast_Q13137873是一个知识库中的类，而Archipelago定义为岛屿链、集群或集合，RDFS subClassOf规则要求前者的实例必须属于后者，但常识知识表明skerry coast是海岸类型而非岛屿集合，因此该公理存在明显语义冲突。]",0,0.0,
hard_case_0299,subClassOf,Tenja_Q11567170 ⊑ Literary_Critic_Q4263842,"背景知识：
条目1：
- 名称：Tenja_Q11567170
- 类型：Class
- 简介：Tenja_Q11567170 is a class in the knowledge base.

条目2：
- 名称：Literary_Critic_Q4263842
- 类型：Class
- 简介：Literary_Critic_Q4263842 is a class in the knowledge base.",1,grok-4,0.0,8192,https://api2.aigcbest.top/v1,"判断结果：[错误]  
解释：[根据常识知识，Tenja_Q11567170代表一个村庄类，而Literary_Critic_Q4263842代表文学评论家类，二者不存在subClassOf包含关系，与RDFS语义规则冲突。]",0,0.0,
hard_case_0300,subPropertyOf,actionableFeedbackPolicy ⊑p publishingPrinciples,"背景知识：
条目1：
- 名称：actionableFeedbackPolicy
- 类型：Property
- 简介：For a <a class=""localLink"" href=""/NewsMediaOrganization"">NewsMediaOrganization</a> or other news-related <a class=""localLink"" href=""/Organization"">Organization</a>, a statement about public engagement activities (for news media, the newsroo...
- 补充信息：domainIncludes: http://schema.org/NewsMediaOrganization, http://schema.org/Organization | rangeIncludes: http://schema.org/CreativeWork, http://schema.org/URL

条目2：
- 名称：publishingPrinciples
- 类型：Property
- 简介：The publishingPrinciples property indicates (typically via <a class=""localLink"" href=""/URL"">URL</a>) a document describing the editorial principles of an <a class=""localLink"" href=""/Organization"">Organization</a> (or individual, e.g. a <a c...
- 补充信息：domainIncludes: http://schema.org/CreativeWork, http://schema.org/Organization, http://schema.org/Person | rangeIncludes: http://schema.org/CreativeWork, http://schema.org/URL",1,grok-4,0.0,8192,https://api2.aigcbest.top/v1,"判断结果：[错误]
解释：actionableFeedbackPolicy和publishingPrinciples是语义上独立的属性，前者聚焦于新闻组织的反馈政策而后者涉及更广泛的编辑原则，背景知识未显示子属性关系，且RDFS subPropertyOf要求属性含义的严格包含但此处无明显继承支持。",0,0.0,
hard_case_0302,subPropertyOf,availableAtOrFrom ⊑p areaServed,"背景知识：
条目1：
- 名称：availableAtOrFrom
- 类型：Property
- 简介：The place(s) from which the offer can be obtained (e.g. store locations).
- 补充信息：domainIncludes: http://schema.org/Demand, http://schema.org/Offer | rangeIncludes: http://schema.org/Place

条目2：
- 名称：areaServed
- 类型：Property
- 简介：The geographic area where a service or offered item is provided.
- 补充信息：domainIncludes: http://schema.org/ContactPoint, http://schema.org/DeliveryChargeSpecification, http://schema.org/Demand, http://schema.org/FinancialIncentive, http://schema.org/Off...",1,grok-4,0.0,8192,https://api2.aigcbest.top/v1,"判断结果：错误  
解释：availableAtOrFrom表示offer的具体获取地点（如商店），而areaServed表示服务或物品提供的地理区域，二者语义不构成subPropertyOf包含关系，且range约束（Place vs. 更广的地理区域）不兼容RDFS推理规则。",0,0.0,
hard_case_0303,subPropertyOf,brand ⊑p hasDesignation,"背景知识：
条目1：
- 名称：brand
- 类型：Property
- 简介：The brand(s) associated with a product or service, or the brand(s) maintained by an organization or business person.
- 补充信息：domainIncludes: http://schema.org/Organization, http://schema.org/Person, http://schema.org/Product, http://schema.org/Service | rangeIncludes: http://schema.org/Brand, http://sche...

条目2：
- 名称：hasDesignation
- 类型：Class
- 简介：hasDesignation is a class in the knowledge base.",1,grok-4,0.0,8192,https://api2.aigcbest.top/v1,"判断结果：错误  
解释：brand是一个属性，而hasDesignation是一个类，根据RDFS语义规则，subPropertyOf关系只能在属性之间建立，不能将属性作为类的子属性。",0,0.0,
hard_case_0304,subPropertyOf,certificationIdentification ⊑p hasRegistrationIdentifier,"背景知识：
条目1：
- 名称：certificationIdentification
- 类型：Property
- 简介：Identifier of a certification instance (as registered with an independent certification body). Typically this identifier can be used to consult and verify the certification instance. See also <a href=""https://www.gs1.org/voc/certificationId...
- 补充信息：domainIncludes: http://schema.org/Certification | rangeIncludes: http://schema.org/DefinedTerm, http://schema.org/Text

条目2：
- 名称：hasRegistrationIdentifier
- 类型：Class
- 简介：hasRegistrationIdentifier is a class in the knowledge base.",1,grok-4,0.0,8192,https://api2.aigcbest.top/v1,"判断结果：[错误]  
解释：[certificationIdentification是属性而hasRegistrationIdentifier是类，根据RDFS语义规则subPropertyOf仅适用于属性之间，无法将属性作为类的子属性。]",0,0.0,
hard_case_0308,subPropertyOf,handlingTime ⊑p duration,"背景知识：
条目1：
- 名称：handlingTime
- 类型：Property
- 简介：The typical delay between the receipt of the order and the goods either leaving the warehouse or being prepared for pickup, in case the delivery method is on site pickup.<br/><br/> In the context of <a class=""localLink"" href=""/ShippingDeliv...
- 补充信息：domainIncludes: http://schema.org/ShippingDeliveryTime, http://schema.org/ShippingService | rangeIncludes: http://schema.org/QuantitativeValue, http://schema.org/ServicePeriod

条目2：
- 名称：duration
- 类型：Property
- 简介：The duration of the item (movie, audio recording, event, etc.) in <a href=""http://en.wikipedia.org/wiki/ISO_8601"">ISO 8601 duration format</a>.
- 补充信息：domainIncludes: http://schema.org/Audiobook, http://schema.org/Episode, http://schema.org/Event, http://schema.org/MediaObject, http://schema.org/Movie, http://schema.org/MusicReco...",1,grok-4,0.0,8192,https://api2.aigcbest.top/v1,"判断结果：[错误]
解释：handlingTime和duration虽然都涉及时间持续概念，但其domain（shipping相关类 vs. 媒体/事件类）不兼容，声明subPropertyOf会导致语义混淆，与背景知识中独立的属性定义冲突。",0,0.0,
hard_case_0315,subPropertyOf,isVariantOf ⊑p exemplifies,"背景知识：
条目1：
- 名称：isVariantOf
- 类型：Property
- 简介：Indicates the kind of product that this is a variant of. In the case of <a class=""localLink"" href=""/ProductModel"">ProductModel</a>, this is a pointer (from a ProductModel) to a base product from which this product is a variant. It is safe t...
- 补充信息：domainIncludes: http://schema.org/Product, http://schema.org/ProductModel | rangeIncludes: http://schema.org/ProductGroup, http://schema.org/ProductModel

条目2：
- 名称：exemplifies
- 类型：Class
- 简介：exemplifies is a class in the knowledge base.",1,grok-4,0.0,8192,https://api2.aigcbest.top/v1,"判断结果：[错误]  
解释：[isVariantOf是一个属性（Property），而exemplifies是一个类（Class），根据RDFS语义规则，subPropertyOf关系仅适用于属性之间，无法将属性声明为类的子属性，这与背景知识中exemplifies的类型定义冲突。]",0,0.0,
hard_case_0316,subPropertyOf,itemLocation ⊑p location,"背景知识：
条目1：
- 名称：itemLocation
- 类型：Property
- 简介：Current location of the item.
- 补充信息：domainIncludes: http://schema.org/ArchiveComponent | rangeIncludes: http://schema.org/Place, http://schema.org/PostalAddress, http://schema.org/Text

条目2：
- 名称：location
- 类型：Property
- 简介：The location of, for example, where an event is happening, where an organization is located, or where an action takes place.
- 补充信息：domainIncludes: http://schema.org/Action, http://schema.org/Event, http://schema.org/InteractionCounter, http://schema.org/Organization | rangeIncludes: http://schema.org/Place, ht...",1,grok-4,0.0,8192,https://api2.aigcbest.top/v1,"判断结果：错误
解释：itemLocation的domain为ArchiveComponent，而location的domain为Action等类，在RDFS subPropertyOf语义下会导致类型推断冲突，因为ArchiveComponent并非location domain的子类。",0,0.0,
hard_case_0317,subPropertyOf,legalName ⊑p hasName,"背景知识：
条目1：
- 名称：legalName
- 类型：Property
- 简介：The official name of the organization, e.g. the registered company name.
- 补充信息：domainIncludes: http://schema.org/Organization | rangeIncludes: http://schema.org/Text

条目2：
- 名称：hasName
- 类型：Class
- 简介：hasName is a class in the knowledge base.",1,grok-4,0.0,8192,https://api2.aigcbest.top/v1,"判断结果：[错误]  
解释：[legalName 是属性而 hasName 是类，根据 RDFS 语义规则 subPropertyOf 仅适用于属性之间，无法将属性作为类的子属性。]",0,0.0,
hard_case_0318,subPropertyOf,legislationCommences ⊑p legislationChanges,"背景知识：
条目1：
- 名称：legislationCommences
- 类型：Property
- 简介：Another legislation that this one sets into force.
- 补充信息：domainIncludes: http://schema.org/Legislation | rangeIncludes: http://schema.org/Legislation

条目2：
- 名称：legislationChanges
- 类型：Property
- 简介：Another legislation that this legislation changes. This encompasses the notions of amendment, replacement, correction, repeal, or other types of change. This may be a direct change (textual or non-textual amendment) or a consequential or in...
- 补充信息：domainIncludes: http://schema.org/Legislation | rangeIncludes: http://schema.org/Legislation",1,grok-4,0.0,8192,https://api2.aigcbest.top/v1,"判断结果：错误  
解释：legislationCommences表示使另一立法生效，而legislationChanges表示对另一立法的各种变更（如修正或废除），使生效并非变更的子集，因此不符合subPropertyOf的语义包含规则。",0,0.0,
hard_case_0319,subPropertyOf,legislationDate ⊑p dateCreated,"背景知识：
条目1：
- 名称：legislationDate
- 类型：Property
- 简介：The date of adoption or signature of the legislation. This is the date at which the text is officially aknowledged to be a legislation, even though it might not even be published or in force.
- 补充信息：domainIncludes: http://schema.org/Legislation | rangeIncludes: http://schema.org/Date

条目2：
- 名称：dateCreated
- 类型：Property
- 简介：The date on which the CreativeWork was created or the item was added to a DataFeed.
- 补充信息：domainIncludes: http://schema.org/CreativeWork, http://schema.org/DataFeedItem | rangeIncludes: http://schema.org/Date, http://schema.org/DateTime",1,grok-4,0.0,8192,https://api2.aigcbest.top/v1,"判断结果：错误
解释：legislationDate表示立法文本被正式认可的日期，而dateCreated表示创意作品的创建日期，二者在语义上不满足RDFS subPropertyOf的包含关系，且背景知识中domain和简介显示其适用场景不同。",0,0.0,
hard_case_0322,subPropertyOf,legislationType ⊑p genre,"背景知识：
条目1：
- 名称：legislationType
- 类型：Property
- 简介：The type of the legislation. Examples of values are ""law"", ""act"", ""directive"", ""decree"", ""regulation"", ""statutory instrument"", ""loi organique"", ""règlement grand-ducal"", etc., depending on the country.
- 补充信息：domainIncludes: http://schema.org/Legislation | rangeIncludes: http://schema.org/CategoryCode, http://schema.org/Text

条目2：
- 名称：genre
- 类型：Property
- 简介：Genre of the creative work, broadcast channel or group.
- 补充信息：domainIncludes: http://schema.org/BroadcastChannel, http://schema.org/CreativeWork, http://schema.org/MusicGroup | rangeIncludes: http://schema.org/DefinedTerm, http://schema.org/T...",1,grok-4,0.0,8192,https://api2.aigcbest.top/v1,"判断结果：错误  
解释：legislationType是特定于立法的类型属性，而genre是用于创意作品等的流派属性，二者在域和语义上无包含关系，不符合RDFS subPropertyOf规则。",0,0.0,
hard_case_0324,subPropertyOf,longitude ⊑p hasLongitude,"背景知识：
条目1：
- 名称：longitude
- 类型：Property
- 简介：The longitude of a location. For example <code>-122.08585</code> (<a href=""https://en.wikipedia.org/wiki/World_Geodetic_System"">WGS 84</a>).
- 补充信息：domainIncludes: http://schema.org/GeoCoordinates, http://schema.org/Place | rangeIncludes: http://schema.org/Number, http://schema.org/Text

条目2：
- 名称：hasLongitude
- 类型：Class
- 简介：hasLongitude is a class in the knowledge base.",1,grok-4,0.0,8192,https://api2.aigcbest.top/v1,"判断结果：错误  
解释：longitude是一个属性，而hasLongitude是一个类，RDFS的subPropertyOf关系仅适用于属性之间，不能将属性作为类的子属性。",0,0.0,
hard_case_0325,subPropertyOf,maxPrice ⊑p hasUpperBound,"背景知识：
条目1：
- 名称：maxPrice
- 类型：Property
- 简介：The highest price if the price is a range.
- 补充信息：domainIncludes: http://schema.org/PriceSpecification | rangeIncludes: http://schema.org/Number

条目2：
- 名称：hasUpperBound
- 类型：Class
- 简介：hasUpperBound is a class in the knowledge base.",1,grok-4,0.0,8192,https://api2.aigcbest.top/v1,"判断结果：[错误]  
解释：maxPrice 是属性而 hasUpperBound 是类，根据 RDFS 语义规则 subPropertyOf 仅适用于属性之间，无法将属性作为类的子属性。",0,0.0,
hard_case_0326,subPropertyOf,minimumPaymentDue ⊑p hasLowerBound,"背景知识：
条目1：
- 名称：minimumPaymentDue
- 类型：Property
- 简介：The minimum payment required at this time.
- 补充信息：domainIncludes: http://schema.org/Invoice | rangeIncludes: http://schema.org/MonetaryAmount, http://schema.org/PriceSpecification

条目2：
- 名称：hasLowerBound
- 类型：Class
- 简介：hasLowerBound is a class in the knowledge base.",1,grok-4,0.0,8192,https://api2.aigcbest.top/v1,"判断结果：[错误]  
解释：[minimumPaymentDue是一个属性，而hasLowerBound是一个类，根据RDFS语义规则，subPropertyOf关系仅适用于属性之间，不能将属性子属性到一个类，这与背景知识中hasLowerBound的类型定义冲突。]",0,0.0,
hard_case_0328,subPropertyOf,nsn ⊑p identifiedBy,"背景知识：
条目1：
- 名称：nsn
- 类型：Property
- 简介：Indicates the <a href=""https://en.wikipedia.org/wiki/NATO_Stock_Number"">NATO stock number</a> (nsn) of a <a class=""localLink"" href=""/Product"">Product</a>.
- 补充信息：domainIncludes: http://schema.org/Product | rangeIncludes: http://schema.org/Text

条目2：
- 名称：identifiedBy
- 类型：Class
- 简介：identifiedBy is a class in the knowledge base.",1,grok-4,0.0,8192,https://api2.aigcbest.top/v1,"判断结果：错误  
解释：nsn是一个属性而identifiedBy是一个类，根据RDFS语义规则subPropertyOf仅适用于属性之间，不能将属性作为类的子属性。",0,0.0,
hard_case_0329,subPropertyOf,orderDate ⊑p hasDate,"背景知识：
条目1：
- 名称：orderDate
- 类型：Property
- 简介：Date order was placed.
- 补充信息：domainIncludes: http://schema.org/Order | rangeIncludes: http://schema.org/Date, http://schema.org/DateTime

条目2：
- 名称：hasDate
- 类型：Class
- 简介：hasDate is a class in the knowledge base.",1,grok-4,0.0,8192,https://api2.aigcbest.top/v1,"判断结果：[错误]  
解释：orderDate是一个属性，而hasDate是一个类，根据RDFS语义规则，subPropertyOf关系仅适用于属性之间，不能将属性作为类的子属性，这与背景知识中hasDate的类型定义冲突。",0,0.0,
hard_case_0332,subPropertyOf,partOfInvoice ⊑p isReferencedIn,"背景知识：
条目1：
- 名称：partOfInvoice
- 类型：Property
- 简介：The order is being paid as part of the referenced Invoice.
- 补充信息：domainIncludes: http://schema.org/Order | rangeIncludes: http://schema.org/Invoice

条目2：
- 名称：isReferencedIn
- 类型：Class
- 简介：isReferencedIn is a class in the knowledge base.",1,grok-4,0.0,8192,https://api2.aigcbest.top/v1,"判断结果：[错误]  
解释：partOfInvoice是属性而isReferencedIn是类，根据RDFS语义规则subPropertyOf仅适用于属性之间，无法将属性作为类的子属性。",0,0.0,
hard_case_0333,subPropertyOf,paymentUrl ⊑p hasAddress,"背景知识：
条目1：
- 名称：paymentUrl
- 类型：Property
- 简介：The URL for sending a payment.
- 补充信息：domainIncludes: http://schema.org/Order | rangeIncludes: http://schema.org/URL

条目2：
- 名称：hasAddress
- 类型：Class
- 简介：hasAddress is a class in the knowledge base.",1,grok-4,0.0,8192,https://api2.aigcbest.top/v1,"判断结果：[错误]  
解释：[paymentUrl是一个属性而hasAddress是一个类，根据RDFS语义规则subPropertyOf仅适用于属性之间，无法将属性作为类的子属性。]",0,0.0,
hard_case_0334,subPropertyOf,price ⊑p hasNumericValue,"背景知识：
条目1：
- 名称：price
- 类型：Property
- 简介：The offer price of a product, or of a price component when attached to PriceSpecification and its subtypes.<br/><br/> Usage guidelines:<br/><br/> <ul> <li>Use the <a class=""localLink"" href=""/priceCurrency"">priceCurrency</a> property (with s...
- 补充信息：domainIncludes: http://schema.org/DonateAction, http://schema.org/Offer, http://schema.org/PriceSpecification, http://schema.org/TradeAction | rangeIncludes: http://schema.org/Numb...

条目2：
- 名称：hasNumericValue
- 类型：Class
- 简介：hasNumericValue is a class in the knowledge base.",1,grok-4,0.0,8192,https://api2.aigcbest.top/v1,"判断结果：错误  
解释：price是属性而hasNumericValue是类，根据RDFS语义规则subPropertyOf仅适用于属性之间，无法将属性price作为类hasNumericValue的子属性。",0,0.0,
hard_case_0335,subPropertyOf,priceCurrency ⊑p hasCurrency,"背景知识：
条目1：
- 名称：priceCurrency
- 类型：Property
- 简介：The currency of the price, or a price component when attached to <a class=""localLink"" href=""/PriceSpecification"">PriceSpecification</a> and its subtypes.<br/><br/> Use standard formats: <a href=""http://en.wikipedia.org/wiki/ISO_4217"">ISO 42...
- 补充信息：domainIncludes: http://schema.org/DonateAction, http://schema.org/Offer, http://schema.org/PriceSpecification, http://schema.org/Reservation, http://schema.org/Ticket, http://schem...

条目2：
- 名称：hasCurrency
- 类型：Class
- 简介：hasCurrency is a class in the knowledge base.",1,grok-4,0.0,8192,https://api2.aigcbest.top/v1,"判断结果：[错误]  
解释：[hasCurrency is defined as a Class in the background knowledge, but the axiom treats it as a property in a subPropertyOf relation, violating RDFS semantics which require subPropertyOf to relate properties.]",0,0.0,
hard_case_0338,subPropertyOf,servicePhone ⊑p hasAddress,"背景知识：
条目1：
- 名称：servicePhone
- 类型：Property
- 简介：The phone number to use to access the service.
- 补充信息：domainIncludes: http://schema.org/ServiceChannel | rangeIncludes: http://schema.org/ContactPoint

条目2：
- 名称：hasAddress
- 类型：Class
- 简介：hasAddress is a class in the knowledge base.",1,grok-4,0.0,8192,https://api2.aigcbest.top/v1,"判断结果：[错误]  
解释：[servicePhone是属性而hasAddress是类，根据RDFS语义规则subPropertyOf仅适用于属性之间，因此该公理存在类型冲突。]",0,0.0,
hard_case_0339,subPropertyOf,serviceSmsNumber ⊑p hasAddress,"背景知识：
条目1：
- 名称：serviceSmsNumber
- 类型：Property
- 简介：The number to access the service by text message.
- 补充信息：domainIncludes: http://schema.org/ServiceChannel | rangeIncludes: http://schema.org/ContactPoint

条目2：
- 名称：hasAddress
- 类型：Class
- 简介：hasAddress is a class in the knowledge base.",1,grok-4,0.0,8192,https://api2.aigcbest.top/v1,"判断结果：错误
解释：serviceSmsNumber是一个属性，而hasAddress是一个类，根据RDFS语义规则，subPropertyOf关系仅适用于属性之间，不能将属性声明为类的子属性，这与背景知识中hasAddress的类型定义冲突。",0,0.0,
hard_case_0340,subPropertyOf,sha256 ⊑p description,"背景知识：
条目1：
- 名称：sha256
- 类型：Property
- 简介：The <a href=""https://en.wikipedia.org/wiki/SHA-2"">SHA-2</a> SHA256 hash of the content of the item. For example, a zero-length input has value 'e3b0c44298fc1c149afbf4c8996fb92427ae41e4649b934ca495991b7852b855'.
- 补充信息：domainIncludes: http://schema.org/MediaObject | rangeIncludes: http://schema.org/Text

条目2：
- 名称：description
- 类型：Property
- 简介：A description of the item.
- 补充信息：domainIncludes: http://schema.org/Thing | rangeIncludes: http://schema.org/Text, http://schema.org/TextObject",1,grok-4,0.0,8192,https://api2.aigcbest.top/v1,"判断结果：[错误]
解释：sha256作为内容的特定SHA256哈希属性，与description作为物品一般描述属性的语义不符，背景知识未指定其子属性关系，且RDFS subPropertyOf要求语义包含但此处存在明显语义冲突。",0,0.0,
hard_case_0343,subPropertyOf,workLocation ⊑p location,"背景知识：
条目1：
- 名称：workLocation
- 类型：Property
- 简介：A contact location for a person's place of work.
- 补充信息：domainIncludes: http://schema.org/Person | rangeIncludes: http://schema.org/ContactPoint, http://schema.org/Place

条目2：
- 名称：location
- 类型：Property
- 简介：The location of, for example, where an event is happening, where an organization is located, or where an action takes place.
- 补充信息：domainIncludes: http://schema.org/Action, http://schema.org/Event, http://schema.org/InteractionCounter, http://schema.org/Organization | rangeIncludes: http://schema.org/Place, ht...",1,grok-4,0.0,8192,https://api2.aigcbest.top/v1,"判断结果：[错误]
解释：workLocation的domain为Person，而location的domain包括Action、Event等，与Person无子类关系，subPropertyOf会导致domain不兼容的语义冲突。",0,0.0,
hard_case_0344,domain,domain(activeIngredient) = DrugStrength,"背景知识：
条目1：
- 名称：activeIngredient
- 类型：Property
- 简介：An active ingredient, typically chemical compounds and/or biologic substances.
- 补充信息：domainIncludes: http://schema.org/DietarySupplement, http://schema.org/Drug, http://schema.org/DrugStrength, http://schema.org/Substance | rangeIncludes: http://schema.org/Text

条目2：
- 名称：DrugStrength
- 类型：Property
- 简介：DrugStrength is a property in the knowledge base.",1,grok-4,0.0,8192,https://api2.aigcbest.top/v1,"判断结果：错误  
解释：背景知识显示activeIngredient的domain包括DrugStrength及其他多个类，而公理将其domain严格限定为仅DrugStrength，与RDFS中domain的语义约束和背景信息冲突。",0,0.0,
hard_case_0345,domain,domain(attendee) = Event,"背景知识：
条目1：
- 名称：attendee
- 类型：Property
- 简介：A person or organization attending the event.
- 补充信息：domainIncludes: http://schema.org/Event | rangeIncludes: http://schema.org/Organization, http://schema.org/Person

条目2：
- 名称：Event
- 类型：Property
- 简介：Event or the event may refer to:",1,grok-4,0.0,8192,https://api2.aigcbest.top/v1,"判断结果：错误
解释：背景知识中Event被定义为Property而非Class，但RDFS语义规则要求domain的值必须是类，因此该公理存在明显冲突。",0,0.0,
hard_case_0346,domain,domain(contactPoint) = Organization,"背景知识：
条目1：
- 名称：contactPoint
- 类型：Property
- 简介：A contact point for a person or organization.
- 补充信息：domainIncludes: http://schema.org/HealthInsurancePlan, http://schema.org/Organization, http://schema.org/Person | rangeIncludes: http://schema.org/ContactPoint

条目2：
- 名称：Organization
- 类型：Property
- 简介：An organization or organisation is an entity—such as a company, or corporation or an institution, or an association—comprising one or more people and having a particular purpose.",1,grok-4,0.0,8192,https://api2.aigcbest.top/v1,"判断结果：错误  
解释：根据背景知识，contactPoint的domain包括HealthInsurancePlan、Organization和Person，而公理将其domain限制为仅Organization，违反了RDFS中domain的语义约束允许多个类的情形。",0,0.0,
hard_case_0347,domain,domain(contactPoint) = Person,"背景知识：
条目1：
- 名称：contactPoint
- 类型：Property
- 简介：A contact point for a person or organization.
- 补充信息：domainIncludes: http://schema.org/HealthInsurancePlan, http://schema.org/Organization, http://schema.org/Person | rangeIncludes: http://schema.org/ContactPoint

条目2：
- 名称：Person
- 类型：Property
- 简介：A person is a being who has certain capacities or attributes such as reason, morality, consciousness or self-consciousness, and being a part of a culturally established form of social relations such as kinship, ownership of property, or leg...",1,grok-4,0.0,8192,https://api2.aigcbest.top/v1,"判断结果：[错误]  
解释：背景知识显示contactPoint的domainIncludes包括HealthInsurancePlan、Organization和Person，而RDFS domain规则要求属性的主体严格属于指定类，此公理将domain限制为仅Person与背景知识冲突。",0,0.0,
hard_case_0348,domain,domain(countryOfOrigin) = Movie,"背景知识：
条目1：
- 名称：countryOfOrigin
- 类型：Property
- 简介：The country of origin of something, including products as well as creative works such as movie and TV content.<br/><br/> In the case of TV and movie, this would be the country of the principle offices of the production company or individual...
- 补充信息：domainIncludes: http://schema.org/CreativeWork, http://schema.org/Movie, http://schema.org/Product, http://schema.org/TVEpisode, http://schema.org/TVSeason, http://schema.org/TVSer...

条目2：
- 名称：Movie
- 类型：Property
- 简介：A film, movie, or motion picture is a work of visual art that simulates experiences and otherwise communicates ideas, stories, perceptions, emotions, or atmosphere through the use of moving images that are generally, since the 1930s, synchr...",1,grok-4,0.0,8192,https://api2.aigcbest.top/v1,"判断结果：[错误]  
解释：根据背景知识，countryOfOrigin的domain包括CreativeWork、Product等多类，而非仅限于Movie，这与RDFS domain规则要求属性主体属于指定类相冲突，导致公理将domain错误地限制为单一类。",0,0.0,
hard_case_0349,domain,domain(coverageEndTime) = LiveBlogPosting,"背景知识：
条目1：
- 名称：coverageEndTime
- 类型：Property
- 简介：The time when the live blog will stop covering the Event. Note that coverage may continue after the Event concludes.
- 补充信息：domainIncludes: http://schema.org/LiveBlogPosting | rangeIncludes: http://schema.org/DateTime

条目2：
- 名称：LiveBlogPosting
- 类型：Property
- 简介：LiveBlogPosting is a property in the knowledge base.",1,grok-4,0.0,8192,https://api2.aigcbest.top/v1,"判断结果：[错误]  
解释：[根据背景知识，LiveBlogPosting 被描述为 Property 类型，而 RDFS 语义规则要求 domain 的值必须是类，因此该公理与语义规则和背景知识存在明显冲突。]",0,0.0,
hard_case_0350,domain,domain(cvdFacilityCounty) = CDCPMDRecord,"背景知识：
条目1：
- 名称：cvdFacilityCounty
- 类型：Property
- 简介：Name of the County of the NHSN facility that this data record applies to. Use <a class=""localLink"" href=""/cvdFacilityId"">cvdFacilityId</a> to identify the facility. To provide other details, <a class=""localLink"" href=""/healthcareReportingDa...
- 补充信息：domainIncludes: http://schema.org/CDCPMDRecord | rangeIncludes: http://schema.org/Text

条目2：
- 名称：CDCPMDRecord
- 类型：Property
- 简介：CDCPMDRecord is a property in the knowledge base.",1,grok-4,0.0,8192,https://api2.aigcbest.top/v1,"判断结果：错误
解释：背景知识表明CDCPMDRecord是属性而非类，但RDFS语义规则要求domain的值必须是类，因此该公理与背景知识和语义规则冲突。",0,0.0,
hard_case_0351,domain,domain(cvdNumBeds) = CDCPMDRecord,"背景知识：
条目1：
- 名称：cvdNumBeds
- 类型：Property
- 简介：numbeds - HOSPITAL INPATIENT BEDS: Inpatient beds, including all staffed, licensed, and overflow (surge) beds used for inpatients.
- 补充信息：domainIncludes: http://schema.org/CDCPMDRecord | rangeIncludes: http://schema.org/Number

条目2：
- 名称：CDCPMDRecord
- 类型：Property
- 简介：CDCPMDRecord is a property in the knowledge base.",1,grok-4,0.0,8192,https://api2.aigcbest.top/v1,"判断结果：错误  
解释：背景知识中CDCPMDRecord被定义为Property类型，而RDFS语义规则要求domain的值必须是Class类型，因此存在明显冲突。",0,0.0,
hard_case_0352,domain,domain(eligibleRegion) = DeliveryChargeSpecification,"背景知识：
条目1：
- 名称：eligibleRegion
- 类型：Property
- 简介：The ISO 3166-1 (ISO 3166-1 alpha-2) or ISO 3166-2 code, the place, or the GeoShape for the geo-political region(s) for which the offer or delivery charge specification is valid.<br/><br/> See also <a class=""localLink"" href=""/ineligibleRegio...
- 补充信息：domainIncludes: http://schema.org/ActionAccessSpecification, http://schema.org/DeliveryChargeSpecification, http://schema.org/Demand, http://schema.org/Offer | rangeIncludes: http:...

条目2：
- 名称：DeliveryChargeSpecification
- 类型：Property
- 简介：DeliveryChargeSpecification is a property in the knowledge base.",1,grok-4,0.0,8192,https://api2.aigcbest.top/v1,"判断结果：错误  
解释：背景知识显示eligibleRegion的domainIncludes包括DeliveryChargeSpecification及其他多个类，而公理将其域严格限定为单一类DeliveryChargeSpecification，与RDFS语义规则下域的包容性及背景约束冲突。",0,0.0,
hard_case_0353,domain,domain(endTime) = Action,"背景知识：
条目1：
- 名称：endTime
- 类型：Property
- 简介：The endTime of something. For a reserved event or service (e.g. FoodEstablishmentReservation), the time that it is expected to end. For actions that span a period of time, when the action was performed. E.g. John wrote a book from January t...
- 补充信息：domainIncludes: http://schema.org/Action, http://schema.org/FoodEstablishmentReservation, http://schema.org/InteractionCounter, http://schema.org/MediaObject, http://schema.org/Sch...

条目2：
- 名称：Action
- 类型：Property
- 简介：Action may refer to:Action (philosophy), something which is done by a person Action principles the heart of fundamental physics Action (narrative), a literary mode Action fiction, a type of genre fiction Action game, a genre of video game",1,grok-4,0.0,8192,https://api2.aigcbest.top/v1,"判断结果：[错误]  
解释：背景知识显示endTime属性的domainIncludes包括Action以及FoodEstablishmentReservation等多个类，而公理将域严格限定为仅Action，与RDFS中域约束的语义规则和背景知识冲突。",0,0.0,
hard_case_0354,domain,domain(estimatedSalary) = JobPosting,"背景知识：
条目1：
- 名称：estimatedSalary
- 类型：Property
- 简介：An estimated salary for a job posting or occupation, based on a variety of variables including, but not limited to industry, job title, and location. Estimated salaries are often computed by outside organizations rather than the hiring orga...
- 补充信息：domainIncludes: http://schema.org/JobPosting, http://schema.org/Occupation | rangeIncludes: http://schema.org/MonetaryAmount, http://schema.org/MonetaryAmountDistribution, http://s...

条目2：
- 名称：JobPosting
- 类型：Property
- 简介：JobPosting is a property in the knowledge base.",1,grok-4,0.0,8192,https://api2.aigcbest.top/v1,"判断结果：错误  
解释：背景知识显示estimatedSalary的domainIncludes包括JobPosting和Occupation，而公理将domain严格限定为仅JobPosting，与RDFS中domain的语义约束（属性主体可属于多个类）冲突。",0,0.0,
hard_case_0355,domain,domain(funding) = BioChemEntity,"背景知识：
条目1：
- 名称：funding
- 类型：Property
- 简介：A <a class=""localLink"" href=""/Grant"">Grant</a> that directly or indirectly provide funding or sponsorship for this item. See also <a class=""localLink"" href=""/ownershipFundingInfo"">ownershipFundingInfo</a>.
- 补充信息：domainIncludes: http://schema.org/BioChemEntity, http://schema.org/CreativeWork, http://schema.org/Event, http://schema.org/MedicalEntity, http://schema.org/Organization, http://sc...

条目2：
- 名称：BioChemEntity
- 类型：Property
- 简介：BioChemEntity is a property in the knowledge base.",1,grok-4,0.0,8192,https://api2.aigcbest.top/v1,"判断结果：错误  
解释：根据背景知识，funding属性的domainIncludes包括BioChemEntity以及CreativeWork、Event等多个类，而公理将domain严格限定为仅BioChemEntity，与RDFS中domain的语义约束（属性主体可属于指定类，但背景显示非排他性）存在冲突。",0,0.0,
hard_case_0356,domain,domain(gtin14) = Offer,"背景知识：
条目1：
- 名称：gtin14
- 类型：Property
- 简介：The GTIN-14 code of the product, or the product to which the offer refers. See <a href=""http://www.gs1.org/barcodes/technical/idkeys/gtin"">GS1 GTIN Summary</a> for more details.
- 补充信息：domainIncludes: http://schema.org/Demand, http://schema.org/Offer, http://schema.org/Product | rangeIncludes: http://schema.org/Text

条目2：
- 名称：Offer
- 类型：Property
- 简介：(The) Offer or offers may refer to:",1,grok-4,0.0,8192,https://api2.aigcbest.top/v1,"判断结果：[错误]  
解释：根据背景知识，gtin14的domainIncludes包括Demand、Offer和Product，而公理将domain严格限定为仅Offer，与RDFS中domain的语义约束（属性主体所属类）存在冲突。",0,0.0,
hard_case_0357,domain,domain(handlingTime) = ShippingService,"背景知识：
条目1：
- 名称：handlingTime
- 类型：Property
- 简介：The typical delay between the receipt of the order and the goods either leaving the warehouse or being prepared for pickup, in case the delivery method is on site pickup.<br/><br/> In the context of <a class=""localLink"" href=""/ShippingDeliv...
- 补充信息：domainIncludes: http://schema.org/ShippingDeliveryTime, http://schema.org/ShippingService | rangeIncludes: http://schema.org/QuantitativeValue, http://schema.org/ServicePeriod

条目2：
- 名称：ShippingService
- 类型：Property
- 简介：ShippingService is a property in the knowledge base.",1,grok-4,0.0,8192,https://api2.aigcbest.top/v1,"判断结果：[错误]  
解释：背景知识显示handlingTime的domain包括ShippingDeliveryTime和ShippingService，而公理将其domain限制为仅ShippingService，与RDFS中domain的语义约束（属性主体可属于多个类）冲突。",0,0.0,
hard_case_0358,domain,domain(hasCertification) = Place,"背景知识：
条目1：
- 名称：hasCertification
- 类型：Property
- 简介：Certification information about a product, organization, service, place, or person.
- 补充信息：domainIncludes: http://schema.org/Organization, http://schema.org/Person, http://schema.org/Place, http://schema.org/Product, http://schema.org/Service | rangeIncludes: http://sche...

条目2：
- 名称：Place
- 类型：Property
- 简介：Place may refer to:",1,grok-4,0.0,8192,https://api2.aigcbest.top/v1,"判断结果：[错误]  
解释：根据背景知识，hasCertification的domain包括Organization、Person、Place、Product和Service多个类，而非仅限于Place，且条目2表明Place为Property而非Class，与RDFS domain语义规则要求domain值为类相冲突。",0,0.0,
hard_case_0359,domain,domain(hasDefinedTerm) = DefinedTermSet,"背景知识：
条目1：
- 名称：hasDefinedTerm
- 类型：Property
- 简介：A Defined Term contained in this term set.
- 补充信息：domainIncludes: http://schema.org/DefinedTermSet, http://schema.org/Taxon | rangeIncludes: http://schema.org/DefinedTerm

条目2：
- 名称：DefinedTermSet
- 类型：Property
- 简介：DefinedTermSet is a property in the knowledge base.",1,grok-4,0.0,8192,https://api2.aigcbest.top/v1,"判断结果：错误  
解释：背景知识显示hasDefinedTerm的domainIncludes包括DefinedTermSet和Taxon，而公理仅指定domain为DefinedTermSet，与RDFS中domain约束的语义包容性冲突。",0,0.0,
hard_case_0360,domain,domain(hasMeasurement) = Product,"背景知识：
条目1：
- 名称：hasMeasurement
- 类型：Property
- 简介：A measurement of an item, For example, the inseam of pants, the wheel size of a bicycle, the gauge of a screw, or the carbon footprint measured for certification by an authority. Usually an exact measurement, but can also be a range of meas...
- 补充信息：domainIncludes: http://schema.org/Certification, http://schema.org/Offer, http://schema.org/Product, http://schema.org/SizeSpecification | rangeIncludes: http://schema.org/Quantita...

条目2：
- 名称：Product
- 类型：Property
- 简介：Product may refer to:",1,grok-4,0.0,8192,https://api2.aigcbest.top/v1,"判断结果：错误
解释：根据背景知识，hasMeasurement的domainIncludes包括Product以及Certification、Offer和SizeSpecification等多个类，而RDFS语义规则要求domain指定属性的主体类约束，此公理将domain严格限定为仅Product与背景知识冲突。",0,0.0,
hard_case_0361,domain,domain(height) = ShippingConditions,"背景知识：
条目1：
- 名称：height
- 类型：Property
- 简介：The height of the item.
- 补充信息：domainIncludes: http://schema.org/MediaObject, http://schema.org/OfferShippingDetails, http://schema.org/Person, http://schema.org/Product, http://schema.org/ShippingConditions, ht...

条目2：
- 名称：ShippingConditions
- 类型：Property
- 简介：ShippingConditions is a property in the knowledge base.",1,grok-4,0.0,8192,https://api2.aigcbest.top/v1,"判断结果：[错误]  
解释：根据背景知识，ShippingConditions是Property而非Class，但RDFS语义规则要求domain的值必须是类，因此该公理存在明显冲突。",0,0.0,
hard_case_0362,domain,domain(inLanguage) = WriteAction,"背景知识：
条目1：
- 名称：inLanguage
- 类型：Property
- 简介：The language of the content or performance or used in an action. Please use one of the language codes from the <a href=""http://tools.ietf.org/html/bcp47"">IETF BCP 47 standard</a>. See also <a class=""localLink"" href=""/availableLanguage"">avai...
- 补充信息：domainIncludes: http://schema.org/BroadcastService, http://schema.org/CommunicateAction, http://schema.org/CreativeWork, http://schema.org/Event, http://schema.org/LinkRole, http:/...

条目2：
- 名称：WriteAction
- 类型：Property
- 简介：WriteAction is a property in the knowledge base.",1,grok-4,0.0,8192,https://api2.aigcbest.top/v1,"判断结果：[错误]
解释：根据背景知识，inLanguage的domain包括BroadcastService和CommunicateAction等类，而WriteAction被描述为Property并非类，且不在其domainIncludes中，与RDFS domain语义规则冲突。",0,0.0,
hard_case_0363,domain,domain(industry) = JobPosting,"背景知识：
条目1：
- 名称：industry
- 类型：Property
- 简介：The industry associated with the job position.
- 补充信息：domainIncludes: http://schema.org/JobPosting | rangeIncludes: http://schema.org/DefinedTerm, http://schema.org/Text

条目2：
- 名称：JobPosting
- 类型：Property
- 简介：JobPosting is a property in the knowledge base.",1,grok-4,0.0,8192,https://api2.aigcbest.top/v1,"判断结果：错误  
解释：根据背景知识，JobPosting被定义为Property而非Class，但RDFS语义规则要求domain的值必须是rdfs:Class的实例，因此存在明显冲突。",0,0.0,
hard_case_0364,domain,domain(ineligibleRegion) = Offer,"背景知识：
条目1：
- 名称：ineligibleRegion
- 类型：Property
- 简介：The ISO 3166-1 (ISO 3166-1 alpha-2) or ISO 3166-2 code, the place, or the GeoShape for the geo-political region(s) for which the offer or delivery charge specification is not valid, e.g. a region where the transaction is not allowed.<br/><b...
- 补充信息：domainIncludes: http://schema.org/ActionAccessSpecification, http://schema.org/DeliveryChargeSpecification, http://schema.org/Demand, http://schema.org/MediaObject, http://schema.o...

条目2：
- 名称：Offer
- 类型：Property
- 简介：(The) Offer or offers may refer to:",1,grok-4,0.0,8192,https://api2.aigcbest.top/v1,"判断结果：[错误]  
解释：根据背景知识，ineligibleRegion的domainIncludes不包括Offer，且Offer被定义为Property而非Class，与RDFS中domain需指向类的语义规则冲突。",0,0.0,
hard_case_0365,domain,domain(latitude) = GeoCoordinates,"背景知识：
条目1：
- 名称：latitude
- 类型：Property
- 简介：The latitude of a location. For example <code>37.42242</code> (<a href=""https://en.wikipedia.org/wiki/World_Geodetic_System"">WGS 84</a>).
- 补充信息：domainIncludes: http://schema.org/GeoCoordinates, http://schema.org/Place | rangeIncludes: http://schema.org/Number, http://schema.org/Text

条目2：
- 名称：GeoCoordinates
- 类型：Property
- 简介：GeoCoordinates is a property in the knowledge base.",1,grok-4,0.0,8192,https://api2.aigcbest.top/v1,"判断结果：错误
解释：根据背景知识，latitude的domainIncludes包括GeoCoordinates和Place，而非仅限于GeoCoordinates，且GeoCoordinates被描述为Property而非Class，与RDFS中domain必须指向类的语义规则冲突。",0,0.0,
hard_case_0367,domain,domain(letterer) = VisualArtwork,"背景知识：
条目1：
- 名称：letterer
- 类型：Property
- 简介：The individual who adds lettering, including speech balloons and sound effects, to artwork.
- 补充信息：domainIncludes: http://schema.org/ComicIssue, http://schema.org/ComicStory, http://schema.org/VisualArtwork | rangeIncludes: http://schema.org/Person

条目2：
- 名称：VisualArtwork
- 类型：Property
- 简介：VisualArtwork is a property in the knowledge base.",1,grok-4,0.0,8192,https://api2.aigcbest.top/v1,"判断结果：[错误]  
解释：根据背景知识，VisualArtwork被定义为属性而非类，但RDFS语义规则要求domain的值必须是一个类，因此该公理与语义规则冲突。",0,0.0,
hard_case_0368,domain,domain(measurementMethod) = StatisticalVariable,"背景知识：
条目1：
- 名称：measurementMethod
- 类型：Property
- 简介：A subproperty of <a class=""localLink"" href=""/measurementTechnique"">measurementTechnique</a> that can be used for specifying specific methods, in particular via <a class=""localLink"" href=""/MeasurementMethodEnum"">MeasurementMethodEnum</a>.
- 补充信息：domainIncludes: http://schema.org/DataCatalog, http://schema.org/DataDownload, http://schema.org/Dataset, http://schema.org/Observation, http://schema.org/PropertyValue, http://sch...

条目2：
- 名称：StatisticalVariable
- 类型：Property
- 简介：StatisticalVariable is a property in the knowledge base.",1,grok-4,0.0,8192,https://api2.aigcbest.top/v1,"判断结果：[错误]  
解释：[背景知识显示StatisticalVariable是Property而非Class，无法作为measurementMethod的domain，因为RDFS语义规则要求domain的值必须是类。]",0,0.0,
hard_case_0369,domain,domain(medicalSpecialty) = MedicalOrganization,"背景知识：
条目1：
- 名称：medicalSpecialty
- 类型：Property
- 简介：A medical specialty of the provider.
- 补充信息：domainIncludes: http://schema.org/Hospital, http://schema.org/MedicalClinic, http://schema.org/MedicalOrganization, http://schema.org/Physician | rangeIncludes: http://schema.org/M...

条目2：
- 名称：MedicalOrganization
- 类型：Property
- 简介：MedicalOrganization is a property in the knowledge base.",1,grok-4,0.0,8192,https://api2.aigcbest.top/v1,"判断结果：[错误]
解释：根据背景知识，medicalSpecialty的domain包括Hospital、MedicalClinic、MedicalOrganization和Physician多个类，而公理将其域严格限定为MedicalOrganization，与RDFS中domain的语义约束和背景信息冲突。",0,0.0,
hard_case_0370,domain,domain(memberOf) = Organization,"背景知识：
条目1：
- 名称：memberOf
- 类型：Property
- 简介：An Organization (or ProgramMembership) to which this Person or Organization belongs.
- 补充信息：domainIncludes: http://schema.org/Organization, http://schema.org/Person | rangeIncludes: http://schema.org/MemberProgramTier, http://schema.org/Organization, http://schema.org/Pro...

条目2：
- 名称：Organization
- 类型：Property
- 简介：An organization or organisation is an entity—such as a company, or corporation or an institution, or an association—comprising one or more people and having a particular purpose.",1,grok-4,0.0,8192,https://api2.aigcbest.top/v1,"判断结果：错误  
解释：根据背景知识，memberOf的domainIncludes包括Organization和Person，而公理将domain限制为仅Organization，与RDFS中domain的语义约束（属性主体可属于多个类）冲突。",0,0.0,
hard_case_0371,domain,domain(merchantReturnDays) = MerchantReturnPolicySeasonalOverride,"背景知识：
条目1：
- 名称：merchantReturnDays
- 类型：Property
- 简介：Specifies either a fixed return date or the number of days (from the delivery date) that a product can be returned. Used when the <a class=""localLink"" href=""/returnPolicyCategory"">returnPolicyCategory</a> property is specified as <a class=""...
- 补充信息：domainIncludes: http://schema.org/MerchantReturnPolicy, http://schema.org/MerchantReturnPolicySeasonalOverride | rangeIncludes: http://schema.org/Date, http://schema.org/DateTime,....

条目2：
- 名称：MerchantReturnPolicySeasonalOverride
- 类型：Property
- 简介：MerchantReturnPolicySeasonalOverride is a property in the knowledge base.",1,grok-4,0.0,8192,https://api2.aigcbest.top/v1,"判断结果：错误
解释：根据背景知识，MerchantReturnPolicySeasonalOverride 被定义为 Property，而 RDFS 语义规则要求 domain 的值必须是类，因此该公理存在明显冲突。",0,0.0,
hard_case_0372,domain,domain(numAdults) = LodgingReservation,"背景知识：
条目1：
- 名称：numAdults
- 类型：Property
- 简介：The number of adults staying in the unit.
- 补充信息：domainIncludes: http://schema.org/LodgingReservation | rangeIncludes: http://schema.org/Integer, http://schema.org/QuantitativeValue

条目2：
- 名称：LodgingReservation
- 类型：Property
- 简介：LodgingReservation is a property in the knowledge base.",1,grok-4,0.0,8192,https://api2.aigcbest.top/v1,"判断结果：[错误]  
解释：[根据背景知识，LodgingReservation被定义为Property而非Class，与RDFS语义规则中domain必须指向Class的要求存在冲突。]",0,0.0,
hard_case_0374,domain,domain(occupancy) = HotelRoom,"背景知识：
条目1：
- 名称：occupancy
- 类型：Property
- 简介：The allowed total occupancy for the accommodation in persons (including infants etc). For individual accommodations, this is not necessarily the legal maximum but defines the permitted usage as per the contractual agreement (e.g. a double r...
- 补充信息：domainIncludes: http://schema.org/Accommodation, http://schema.org/Apartment, http://schema.org/HotelRoom, http://schema.org/SingleFamilyResidence, http://schema.org/Suite | rangeI...

条目2：
- 名称：HotelRoom
- 类型：Property
- 简介：Hotel Room is an American drama anthology series that aired for three episodes on HBO on January 8, 1993, with a rerun the next night. Created by Monty Montgomery and David Lynch, each episode stars a different cast and takes place in the s...",1,grok-4,0.0,8192,https://api2.aigcbest.top/v1,"判断结果：[错误]
解释：根据背景知识，occupancy属性的domainIncludes包括多个类如Accommodation和HotelRoom，而非仅限于HotelRoom，且RDFS语义规则要求domain指定属性的主体类约束，此公理不当缩小了范围导致冲突。",0,0.0,
hard_case_0375,domain,domain(penciler) = ComicStory,"背景知识：
条目1：
- 名称：penciler
- 类型：Property
- 简介：The individual who draws the primary narrative artwork.
- 补充信息：domainIncludes: http://schema.org/ComicIssue, http://schema.org/ComicStory, http://schema.org/VisualArtwork | rangeIncludes: http://schema.org/Person

条目2：
- 名称：ComicStory
- 类型：Property
- 简介：ComicStory is a property in the knowledge base.",1,grok-4,0.0,8192,https://api2.aigcbest.top/v1,"判断结果：错误
解释：根据背景知识，ComicStory被定义为Property，而RDFS语义规则要求domain的值必须是类（rdfs:Class），因此将penciler的domain设置为ComicStory违反了语义约束。",0,0.0,
hard_case_0377,domain,domain(petsAllowed) = LodgingBusiness,"背景知识：
条目1：
- 名称：petsAllowed
- 类型：Property
- 简介：Indicates whether pets are allowed to enter the accommodation or lodging business. More detailed information can be put in a text value.
- 补充信息：domainIncludes: http://schema.org/Accommodation, http://schema.org/ApartmentComplex, http://schema.org/FloorPlan, http://schema.org/LodgingBusiness | rangeIncludes: http://schema.o...

条目2：
- 名称：LodgingBusiness
- 类型：Property
- 简介：LodgingBusiness is a property in the knowledge base.",1,grok-4,0.0,8192,https://api2.aigcbest.top/v1,"判断结果：[错误]  
解释：[背景知识显示petsAllowed的domainIncludes包括多个类如Accommodation和LodgingBusiness，而公理将domain严格限制为仅LodgingBusiness，与RDFS中domain的语义约束及背景知识冲突。]",0,0.0,
hard_case_0378,domain,domain(price) = Offer,"背景知识：
条目1：
- 名称：price
- 类型：Property
- 简介：The offer price of a product, or of a price component when attached to PriceSpecification and its subtypes.<br/><br/> Usage guidelines:<br/><br/> <ul> <li>Use the <a class=""localLink"" href=""/priceCurrency"">priceCurrency</a> property (with s...
- 补充信息：domainIncludes: http://schema.org/DonateAction, http://schema.org/Offer, http://schema.org/PriceSpecification, http://schema.org/TradeAction | rangeIncludes: http://schema.org/Numb...

条目2：
- 名称：Offer
- 类型：Property
- 简介：(The) Offer or offers may refer to:",1,grok-4,0.0,8192,https://api2.aigcbest.top/v1,"判断结果：错误  
解释：根据背景知识，price属性的domain包括DonateAction、Offer、PriceSpecification和TradeAction多个类，而公理将domain限制为仅Offer，与RDFS中domain语义（属性主体所属类）的包容性约束冲突。",0,0.0,
hard_case_0379,domain,domain(price) = PriceSpecification,"背景知识：
条目1：
- 名称：price
- 类型：Property
- 简介：The offer price of a product, or of a price component when attached to PriceSpecification and its subtypes.<br/><br/> Usage guidelines:<br/><br/> <ul> <li>Use the <a class=""localLink"" href=""/priceCurrency"">priceCurrency</a> property (with s...
- 补充信息：domainIncludes: http://schema.org/DonateAction, http://schema.org/Offer, http://schema.org/PriceSpecification, http://schema.org/TradeAction | rangeIncludes: http://schema.org/Numb...

条目2：
- 名称：PriceSpecification
- 类型：Property
- 简介：PriceSpecification is a property in the knowledge base.",1,grok-4,0.0,8192,https://api2.aigcbest.top/v1,"判断结果：[错误]
解释：背景知识显示price属性的domainIncludes包括DonateAction、Offer、PriceSpecification和TradeAction多个类，而公理将domain严格限定为仅PriceSpecification，与RDFS中domain的语义约束和背景知识冲突。",0,0.0,
hard_case_0381,domain,domain(restockingFee) = MerchantReturnPolicySeasonalOverride,"背景知识：
条目1：
- 名称：restockingFee
- 类型：Property
- 简介：Use <a class=""localLink"" href=""/MonetaryAmount"">MonetaryAmount</a> to specify a fixed restocking fee for product returns, or use <a class=""localLink"" href=""/Number"">Number</a> to specify a percentage of the product price paid by the custome...
- 补充信息：domainIncludes: http://schema.org/MerchantReturnPolicy, http://schema.org/MerchantReturnPolicySeasonalOverride | rangeIncludes: http://schema.org/MonetaryAmount, http://schema.org/...

条目2：
- 名称：MerchantReturnPolicySeasonalOverride
- 类型：Property
- 简介：MerchantReturnPolicySeasonalOverride is a property in the knowledge base.",1,grok-4,0.0,8192,https://api2.aigcbest.top/v1,"判断结果：错误  
解释：背景知识表明MerchantReturnPolicySeasonalOverride是Property而非Class，但RDFS语义规则要求domain的值必须是类，因此该公理与背景知识和语义规则冲突。",0,0.0,
hard_case_0382,domain,domain(review) = Service,"背景知识：
条目1：
- 名称：review
- 类型：Property
- 简介：A review of the item.
- 补充信息：domainIncludes: http://schema.org/Brand, http://schema.org/CreativeWork, http://schema.org/Event, http://schema.org/Offer, http://schema.org/Organization, http://schema.org/Place,....

条目2：
- 名称：Service
- 类型：Property
- 简介：Service may refer to:",1,grok-4,0.0,8192,https://api2.aigcbest.top/v1,"判断结果：[错误]  
解释：[根据背景知识，Service被定义为Property而非Class，且review的domainIncludes不包含Service，这违反RDFS语义规则中domain值应为类的要求。]",0,0.0,
hard_case_0383,domain,domain(runtimePlatform) = SoftwareSourceCode,"背景知识：
条目1：
- 名称：runtimePlatform
- 类型：Property
- 简介：Runtime platform or script interpreter dependencies (example: Java v1, Python 2.3, .NET Framework 3.0).
- 补充信息：domainIncludes: http://schema.org/SoftwareApplication, http://schema.org/SoftwareSourceCode | rangeIncludes: http://schema.org/RuntimePlatform, http://schema.org/Text

条目2：
- 名称：SoftwareSourceCode
- 类型：Property
- 简介：SoftwareSourceCode is a property in the knowledge base.",1,grok-4,0.0,8192,https://api2.aigcbest.top/v1,"判断结果：错误
解释：背景知识显示runtimePlatform的domain包括SoftwareApplication和SoftwareSourceCode，而公理将其domain严格限定为仅SoftwareSourceCode，与RDFS中domain的语义约束和背景信息冲突。",0,0.0,
hard_case_0384,domain,domain(serviceArea) = Service,"背景知识：
条目1：
- 名称：serviceArea
- 类型：Property
- 简介：The geographic area where the service is provided.
- 补充信息：domainIncludes: http://schema.org/ContactPoint, http://schema.org/Organization, http://schema.org/Service | rangeIncludes: http://schema.org/AdministrativeArea, http://schema.org/G...

条目2：
- 名称：Service
- 类型：Property
- 简介：Service may refer to:",1,grok-4,0.0,8192,https://api2.aigcbest.top/v1,"判断结果：[错误]  
解释：背景知识显示serviceArea的domainIncludes包括ContactPoint、Organization和Service，而公理将domain严格限制为仅Service，与RDFS中domain的语义约束和背景知识冲突。",0,0.0,
hard_case_0385,domain,domain(shippingDestination) = DeliveryTimeSettings,"背景知识：
条目1：
- 名称：shippingDestination
- 类型：Property
- 简介：indicates (possibly multiple) shipping destinations. These can be defined in several ways, e.g. postalCode ranges.
- 补充信息：domainIncludes: http://schema.org/DeliveryTimeSettings, http://schema.org/OfferShippingDetails, http://schema.org/ShippingConditions, http://schema.org/ShippingRateSettings | range...

条目2：
- 名称：DeliveryTimeSettings
- 类型：Property
- 简介：DeliveryTimeSettings is a property in the knowledge base.",1,grok-4,0.0,8192,https://api2.aigcbest.top/v1,"判断结果：错误
解释：根据背景知识，shippingDestination的domain包括多个类而非仅限于DeliveryTimeSettings，且DeliveryTimeSettings被描述为Property而非Class，与RDFS中domain值须为类的语义规则冲突。",0,0.0,
hard_case_0386,domain,domain(slogan) = Brand,"背景知识：
条目1：
- 名称：slogan
- 类型：Property
- 简介：A slogan or motto associated with the item.
- 补充信息：domainIncludes: http://schema.org/Brand, http://schema.org/Organization, http://schema.org/Place, http://schema.org/Product, http://schema.org/Service | rangeIncludes: http://schem...

条目2：
- 名称：Brand
- 类型：Property
- 简介：A brand is a name, term, design, symbol or any other feature that distinguishes one seller's goods or service from those of other sellers. Brands are studied in business, marketing, and advertising and used for recognition and, importantly,...",1,grok-4,0.0,8192,https://api2.aigcbest.top/v1,"判断结果：[错误]  
解释：[背景知识显示slogan属性的domainIncludes包括Brand以及Organization、Place、Product和Service等多个类，而公理将domain严格限定为仅Brand，与RDFS中domain语义允许的更广泛约束冲突。]",0,0.0,
hard_case_0387,domain,domain(status) = MedicalStudy,"背景知识：
条目1：
- 名称：status
- 类型：Property
- 简介：The status of the study (enumerated).
- 补充信息：domainIncludes: http://schema.org/MedicalCondition, http://schema.org/MedicalProcedure, http://schema.org/MedicalStudy | rangeIncludes: http://schema.org/EventStatusType, http://sc...

条目2：
- 名称：MedicalStudy
- 类型：Property
- 简介：MedicalStudy is a property in the knowledge base.",1,grok-4,0.0,8192,https://api2.aigcbest.top/v1,"判断结果：[错误]  
解释：背景知识显示status属性的domainIncludes包括MedicalCondition、MedicalProcedure和MedicalStudy多个类，而公理将domain严格限定为仅MedicalStudy，与RDFS中domain语义约束及背景信息冲突。",0,0.0,
hard_case_0388,domain,domain(step) = HowTo,"背景知识：
条目1：
- 名称：step
- 类型：Property
- 简介：A single step item (as HowToStep, text, document, video, etc.) or a HowToSection.
- 补充信息：domainIncludes: http://schema.org/HowTo | rangeIncludes: http://schema.org/CreativeWork, http://schema.org/HowToSection, http://schema.org/HowToStep, http://schema.org/Text

条目2：
- 名称：HowTo
- 类型：Property
- 简介：How to or how-to may refer to:A user guide A tutorial Especially, instructional material created for the do it yourself market",1,grok-4,0.0,8192,https://api2.aigcbest.top/v1,"判断结果：[错误]
解释：[背景知识表明HowTo的类型为Property，而RDFS语义规则要求domain的值必须为类，因此公理与语义规则冲突。]",0,0.0,
hard_case_0389,domain,domain(suitableForDiet) = MenuItem,"背景知识：
条目1：
- 名称：suitableForDiet
- 类型：Property
- 简介：Indicates a dietary restriction or guideline for which this recipe or menu item is suitable, e.g. diabetic, halal etc.
- 补充信息：domainIncludes: http://schema.org/MenuItem, http://schema.org/Recipe | rangeIncludes: http://schema.org/Diet, http://schema.org/RestrictedDiet

条目2：
- 名称：MenuItem
- 类型：Property
- 简介：MenuItem is a property in the knowledge base.",1,grok-4,0.0,8192,https://api2.aigcbest.top/v1,"判断结果：错误
解释：根据背景知识，suitableForDiet的domainIncludes包括MenuItem和Recipe，而非等于MenuItem，这与RDFS中domain约束主体类别的语义规则冲突。",0,0.0,
hard_case_0390,domain,domain(typicalCreditsPerTerm) = EducationalOccupationalProgram,"背景知识：
条目1：
- 名称：typicalCreditsPerTerm
- 类型：Property
- 简介：The number of credits or units a full-time student would be expected to take in 1 term however 'term' is defined by the institution.
- 补充信息：domainIncludes: http://schema.org/EducationalOccupationalProgram | rangeIncludes: http://schema.org/Integer, http://schema.org/StructuredValue

条目2：
- 名称：EducationalOccupationalProgram
- 类型：Property
- 简介：EducationalOccupationalProgram is a property in the knowledge base.",1,grok-4,0.0,8192,https://api2.aigcbest.top/v1,"判断结果：[错误]
解释：[根据背景知识，EducationalOccupationalProgram 被定义为 Property 类型，而 RDFS 语义规则要求 domain 的值必须是 Class，因此该公理与语义规则冲突。]",0,0.0,
hard_case_0391,domain,domain(weight) = OfferShippingDetails,"背景知识：
条目1：
- 名称：weight
- 类型：Property
- 简介：The weight of the product or person.
- 补充信息：domainIncludes: http://schema.org/OfferShippingDetails, http://schema.org/Person, http://schema.org/Product, http://schema.org/ShippingConditions, http://schema.org/VisualArtwork |...

条目2：
- 名称：OfferShippingDetails
- 类型：Property
- 简介：OfferShippingDetails is a property in the knowledge base.",1,grok-4,0.0,8192,https://api2.aigcbest.top/v1,"判断结果：[错误]  
解释：[背景知识显示weight的domain包括多个类而非唯一等于OfferShippingDetails，且OfferShippingDetails被定义为Property而非Class，与RDFS中domain需为类的语义规则冲突。]",0,0.0,
hard_case_0392,domain,domain(weight) = Product,"背景知识：
条目1：
- 名称：weight
- 类型：Property
- 简介：The weight of the product or person.
- 补充信息：domainIncludes: http://schema.org/OfferShippingDetails, http://schema.org/Person, http://schema.org/Product, http://schema.org/ShippingConditions, http://schema.org/VisualArtwork |...

条目2：
- 名称：Product
- 类型：Property
- 简介：Product may refer to:",1,grok-4,0.0,8192,https://api2.aigcbest.top/v1,"判断结果：[错误]  
解释：根据背景知识，weight属性的domainIncludes包括多个类而非仅限于Product，且Product被描述为Property而非Class，与RDFS中domain需指定类的语义规则冲突。",0,0.0,
hard_case_0393,domain,domain(width) = MediaObject,"背景知识：
条目1：
- 名称：width
- 类型：Property
- 简介：The width of the item.
- 补充信息：domainIncludes: http://schema.org/MediaObject, http://schema.org/OfferShippingDetails, http://schema.org/Product, http://schema.org/ShippingConditions, http://schema.org/VisualArtw...

条目2：
- 名称：MediaObject
- 类型：Property
- 简介：The Media Object Server (MOS) protocol allows newsroom computer systems (NRCS) to communicate using a standard protocol with video servers, audio servers, still stores, and character generators for broadcast production.",1,grok-4,0.0,8192,https://api2.aigcbest.top/v1,"判断结果：[错误]  
解释：[根据背景知识，MediaObject被定义为Property而非Class，与RDFS语义规则中domain值必须为类的要求冲突，且width的domainIncludes包含多个类而非仅限于MediaObject。]",0,0.0,
hard_case_0394,domain,domain(width) = OfferShippingDetails,"背景知识：
条目1：
- 名称：width
- 类型：Property
- 简介：The width of the item.
- 补充信息：domainIncludes: http://schema.org/MediaObject, http://schema.org/OfferShippingDetails, http://schema.org/Product, http://schema.org/ShippingConditions, http://schema.org/VisualArtw...

条目2：
- 名称：OfferShippingDetails
- 类型：Property
- 简介：OfferShippingDetails is a property in the knowledge base.",1,grok-4,0.0,8192,https://api2.aigcbest.top/v1,"判断结果：[错误]  
解释：根据背景知识，OfferShippingDetails被描述为Property而非Class，且width的domain包括多个类而非仅限于OfferShippingDetails，这违反RDFS中domain应为类的语义规则并与知识冲突。",0,0.0,
hard_case_0395,range,range(afterMedia) = MediaObject,"背景知识：
条目1：
- 名称：afterMedia
- 类型：Property
- 简介：A media object representing the circumstances after performing this direction.
- 补充信息：domainIncludes: http://schema.org/HowToDirection | rangeIncludes: http://schema.org/MediaObject, http://schema.org/URL

条目2：
- 名称：MediaObject
- 类型：Property
- 简介：The Media Object Server (MOS) protocol allows newsroom computer systems (NRCS) to communicate using a standard protocol with video servers, audio servers, still stores, and character generators for broadcast production.",1,grok-4,0.0,8192,https://api2.aigcbest.top/v1,"判断结果：[错误]
解释：背景知识显示afterMedia的rangeIncludes包括MediaObject和URL，而公理将其范围严格限定为仅MediaObject，与RDFS中range的语义约束和背景信息冲突。",0,0.0,
hard_case_0396,range,range(author) = Organization,"背景知识：
条目1：
- 名称：author
- 类型：Property
- 简介：The author of this content or rating. Please note that author is special in that HTML 5 provides a special mechanism for indicating authorship via the rel tag. That is equivalent to this and may be used interchangeably.
- 补充信息：domainIncludes: http://schema.org/CreativeWork, http://schema.org/Rating | rangeIncludes: http://schema.org/Organization, http://schema.org/Person

条目2：
- 名称：Organization
- 类型：Property
- 简介：An organization or organisation is an entity—such as a company, or corporation or an institution, or an association—comprising one or more people and having a particular purpose.",1,grok-4,0.0,8192,https://api2.aigcbest.top/v1,"判断结果：[错误]
解释：根据背景知识，author属性的range包括Organization和Person，而公理将range严格限制为仅Organization，与RDFS中range的语义约束（属性值可属于指定类）存在冲突。",0,0.0,
hard_case_0397,range,range(availableFrom) = DateTime,"背景知识：
条目1：
- 名称：availableFrom
- 类型：Property
- 简介：When the item is available for pickup from the store, locker, etc.
- 补充信息：domainIncludes: http://schema.org/DeliveryEvent | rangeIncludes: http://schema.org/DateTime

条目2：
- 名称：DateTime
- 类型：Property
- 简介：DateTime is a property in the knowledge base.",1,grok-4,0.0,8192,https://api2.aigcbest.top/v1,"判断结果：[错误]  
解释：[背景知识中DateTime被描述为Property而非Class，与RDFS语义规则中range应指定属性的值所属类存在冲突。]",0,0.0,
hard_case_0398,range,range(businessDays) = OpeningHoursSpecification,"背景知识：
条目1：
- 名称：businessDays
- 类型：Property
- 简介：Days of the week when the merchant typically operates, indicated via opening hours markup.
- 补充信息：domainIncludes: http://schema.org/ServicePeriod, http://schema.org/ShippingDeliveryTime | rangeIncludes: http://schema.org/DayOfWeek, http://schema.org/OpeningHoursSpecification

条目2：
- 名称：OpeningHoursSpecification
- 类型：Property
- 简介：OpeningHoursSpecification is a property in the knowledge base.",1,grok-4,0.0,8192,https://api2.aigcbest.top/v1,"判断结果：错误  
解释：根据背景知识，businessDays的rangeIncludes包括DayOfWeek和OpeningHoursSpecification，而公理将range严格限定为仅OpeningHoursSpecification，与RDFS中range的语义约束存在冲突。",0,0.0,
hard_case_0400,range,range(certificationIdentification) = DefinedTerm,"背景知识：
条目1：
- 名称：certificationIdentification
- 类型：Property
- 简介：Identifier of a certification instance (as registered with an independent certification body). Typically this identifier can be used to consult and verify the certification instance. See also <a href=""https://www.gs1.org/voc/certificationId...
- 补充信息：domainIncludes: http://schema.org/Certification | rangeIncludes: http://schema.org/DefinedTerm, http://schema.org/Text

条目2：
- 名称：DefinedTerm
- 类型：Property
- 简介：DefinedTerm is a property in the knowledge base.",1,grok-4,0.0,8192,https://api2.aigcbest.top/v1,"判断结果：[错误]  
解释：[背景知识显示certificationIdentification的range包括DefinedTerm和Text，而公理将其严格限定为仅DefinedTerm，与RDFS range语义规则下属性的范围约束相冲突。]",0,0.0,
hard_case_0401,range,range(dataFeedElement) = DataFeedItem,"背景知识：
条目1：
- 名称：dataFeedElement
- 类型：Property
- 简介：An item within a data feed. Data feeds may have many elements.
- 补充信息：domainIncludes: http://schema.org/DataFeed | rangeIncludes: http://schema.org/DataFeedItem, http://schema.org/Text, http://schema.org/Thing

条目2：
- 名称：DataFeedItem
- 类型：Property
- 简介：DataFeedItem is a property in the knowledge base.",1,grok-4,0.0,8192,https://api2.aigcbest.top/v1,"判断结果：错误
解释：背景知识显示dataFeedElement的rangeIncludes包括DataFeedItem、Text和Thing，而公理将其范围严格限定为仅DataFeedItem，与RDFS中range的语义约束存在冲突。",0,0.0,
hard_case_0402,range,range(dateModified) = Date,"背景知识：
条目1：
- 名称：dateModified
- 类型：Property
- 简介：The date on which the CreativeWork was most recently modified or when the item's entry was modified within a DataFeed.
- 补充信息：domainIncludes: http://schema.org/CreativeWork, http://schema.org/DataFeedItem | rangeIncludes: http://schema.org/Date, http://schema.org/DateTime

条目2：
- 名称：Date
- 类型：Property
- 简介：Date or dates may refer to:Date, the fruit of the date palm Jujube, also known as red date or Chinese date, the fruit of Ziziphus jujuba",1,grok-4,0.0,8192,https://api2.aigcbest.top/v1,"判断结果：[错误]  
解释：根据背景知识，dateModified的rangeIncludes包括Date和DateTime，而非严格等于Date，且Date被描述为与水果相关的Property而非日期类，与RDFS range语义约束冲突。",0,0.0,
hard_case_0403,range,range(deliveryStatus) = DeliveryEvent,"背景知识：
条目1：
- 名称：deliveryStatus
- 类型：Property
- 简介：New entry added as the package passes through each leg of its journey (from shipment to final delivery).
- 补充信息：domainIncludes: http://schema.org/ParcelDelivery | rangeIncludes: http://schema.org/DeliveryEvent

条目2：
- 名称：DeliveryEvent
- 类型：Property
- 简介：DeliveryEvent is a property in the knowledge base.",1,grok-4,0.0,8192,https://api2.aigcbest.top/v1,"判断结果：[错误]
解释：根据背景知识，DeliveryEvent被定义为Property而非Class，但RDFS语义规则要求range的值必须是一个类，因此该公理与语义规则冲突。",0,0.0,
hard_case_0404,range,range(diseaseSpreadStatistics) = WebContent,"背景知识：
条目1：
- 名称：diseaseSpreadStatistics
- 类型：Property
- 简介：Statistical information about the spread of a disease, either as <a class=""localLink"" href=""/WebContent"">WebContent</a>, or described directly as a <a class=""localLink"" href=""/Dataset"">Dataset</a>, or the specific <a class=""localLink"" href=...
- 补充信息：domainIncludes: http://schema.org/SpecialAnnouncement | rangeIncludes: http://schema.org/Dataset, http://schema.org/Observation, http://schema.org/URL, http://schema.org/WebContent

条目2：
- 名称：WebContent
- 类型：Property
- 简介：WebContent is a property in the knowledge base.",1,grok-4,0.0,8192,https://api2.aigcbest.top/v1,"判断结果：错误
解释：根据背景知识，diseaseSpreadStatistics的rangeIncludes包括Dataset、Observation、URL和WebContent，而RDFS range语义要求属性的客体属于指定类，此公理将范围严格限制为仅WebContent，与背景知识中多个范围类冲突。",0,0.0,
hard_case_0405,range,range(educationalCredentialAwarded) = URL,"背景知识：
条目1：
- 名称：educationalCredentialAwarded
- 类型：Property
- 简介：A description of the qualification, award, certificate, diploma or other educational credential awarded as a consequence of successful completion of this course or program.
- 补充信息：domainIncludes: http://schema.org/Course, http://schema.org/EducationalOccupationalProgram | rangeIncludes: http://schema.org/EducationalOccupationalCredential, http://schema.org/T...

条目2：
- 名称：URL
- 类型：Property
- 简介：A uniform resource locator (URL), colloquially known as a web address, is a reference to a resource on the World Wide Web. A URL specifies the location of a resource on a computer network and a mechanism for retrieving it. A URL is a specif...",1,grok-4,0.0,8192,https://api2.aigcbest.top/v1,"判断结果：[错误]  
解释：[背景知识显示educationalCredentialAwarded的range包括EducationalOccupationalCredential等，而非仅限于URL，这与RDFS range语义规则中对属性值类别的约束相冲突。]",0,0.0,
hard_case_0406,range,range(fundedItem) = Product,"背景知识：
条目1：
- 名称：fundedItem
- 类型：Property
- 简介：Indicates something directly or indirectly funded or sponsored through a <a class=""localLink"" href=""/Grant"">Grant</a>. See also <a class=""localLink"" href=""/ownershipFundingInfo"">ownershipFundingInfo</a>.
- 补充信息：domainIncludes: http://schema.org/Grant | rangeIncludes: http://schema.org/BioChemEntity, http://schema.org/CreativeWork, http://schema.org/Event, http://schema.org/MedicalEntity,....

条目2：
- 名称：Product
- 类型：Property
- 简介：Product may refer to:",1,grok-4,0.0,8192,https://api2.aigcbest.top/v1,"判断结果：[错误]  
解释：根据背景知识，fundedItem的range包括BioChemEntity、CreativeWork等类，而非Product，且Product被描述为Property而非Class，与RDFS中range应指定类的语义规则冲突。",0,0.0,
hard_case_0407,range,range(genre) = URL,"背景知识：
条目1：
- 名称：genre
- 类型：Property
- 简介：Genre of the creative work, broadcast channel or group.
- 补充信息：domainIncludes: http://schema.org/BroadcastChannel, http://schema.org/CreativeWork, http://schema.org/MusicGroup | rangeIncludes: http://schema.org/DefinedTerm, http://schema.org/T...

条目2：
- 名称：URL
- 类型：Property
- 简介：A uniform resource locator (URL), colloquially known as a web address, is a reference to a resource on the World Wide Web. A URL specifies the location of a resource on a computer network and a mechanism for retrieving it. A URL is a specif...",1,grok-4,0.0,8192,https://api2.aigcbest.top/v1,"判断结果：[错误]  
解释：[根据背景知识，genre属性的range包括DefinedTerm和Text等，而非URL，这与RDFS range规则要求属性值所属类相符存在冲突。]",0,0.0,
hard_case_0408,range,range(geoEquals) = Place,"背景知识：
条目1：
- 名称：geoEquals
- 类型：Property
- 简介：Represents spatial relations in which two geometries (or the places they represent) are topologically equal, as defined in <a href=""https://en.wikipedia.org/wiki/DE-9IM"">DE-9IM</a>. ""Two geometries are topologically equal if their interiors...
- 补充信息：domainIncludes: http://schema.org/GeospatialGeometry, http://schema.org/Place | rangeIncludes: http://schema.org/GeospatialGeometry, http://schema.org/Place

条目2：
- 名称：Place
- 类型：Property
- 简介：Place may refer to:",1,grok-4,0.0,8192,https://api2.aigcbest.top/v1,"判断结果：[错误]  
解释：背景知识显示geoEquals的rangeIncludes包括GeospatialGeometry和Place，而公理将range严格限制为仅Place，与RDFS中range的语义约束和背景信息冲突。",0,0.0,
hard_case_0410,range,range(height) = QuantitativeValue,"背景知识：
条目1：
- 名称：height
- 类型：Property
- 简介：The height of the item.
- 补充信息：domainIncludes: http://schema.org/MediaObject, http://schema.org/OfferShippingDetails, http://schema.org/Person, http://schema.org/Product, http://schema.org/ShippingConditions, ht...

条目2：
- 名称：QuantitativeValue
- 类型：Property
- 简介：QuantitativeValue is a property in the knowledge base.",1,grok-4,0.0,8192,https://api2.aigcbest.top/v1,"判断结果：[错误]  
解释：[根据背景知识，QuantitativeValue被定义为Property而非Class，但RDFS语义规则要求range的值必须是一个类，因此该公理存在明显冲突。]",0,0.0,
hard_case_0411,range,range(industry) = Text,"背景知识：
条目1：
- 名称：industry
- 类型：Property
- 简介：The industry associated with the job position.
- 补充信息：domainIncludes: http://schema.org/JobPosting | rangeIncludes: http://schema.org/DefinedTerm, http://schema.org/Text

条目2：
- 名称：Text
- 类型：Property
- 简介：Text may refer to:",1,grok-4,0.0,8192,https://api2.aigcbest.top/v1,"判断结果：[错误]  
解释：背景知识显示industry的rangeIncludes包括DefinedTerm和Text，而公理将range严格限制为仅Text，与背景约束冲突且违反RDFS中range的包容性语义。",0,0.0,
hard_case_0412,range,range(itemOffered) = CreativeWork,"背景知识：
条目1：
- 名称：itemOffered
- 类型：Property
- 简介：An item being offered (or demanded). The transactional nature of the offer or demand is documented using <a class=""localLink"" href=""/businessFunction"">businessFunction</a>, e.g. sell, lease etc. While several common expected types are liste...
- 补充信息：domainIncludes: http://schema.org/Demand, http://schema.org/Offer | rangeIncludes: http://schema.org/AggregateOffer, http://schema.org/CreativeWork, http://schema.org/Event, http:/...

条目2：
- 名称：CreativeWork
- 类型：Property
- 简介：A creative work is a manifestation of creative effort in the world through a creative process involving one or more individuals. The term includes fine artwork, dance, writing (literature), filmmaking, and musical composition. The term is f...",1,grok-4,0.0,8192,https://api2.aigcbest.top/v1,"判断结果：[错误]
解释：背景知识显示itemOffered的rangeIncludes包括CreativeWork以及AggregateOffer、Event等多个类，而公理将其范围严格限定为仅CreativeWork，与RDFS中range的语义约束（允许指定范围类但需符合实际包含关系）存在冲突。",0,0.0,
hard_case_0413,range,range(itinerary) = Place,"背景知识：
条目1：
- 名称：itinerary
- 类型：Property
- 简介：Destination(s) ( <a class=""localLink"" href=""/Place"">Place</a> ) that make up a trip. For a trip where destination order is important use <a class=""localLink"" href=""/ItemList"">ItemList</a> to specify that order (see examples).
- 补充信息：domainIncludes: http://schema.org/Trip | rangeIncludes: http://schema.org/ItemList, http://schema.org/Place

条目2：
- 名称：Place
- 类型：Property
- 简介：Place may refer to:",1,grok-4,0.0,8192,https://api2.aigcbest.top/v1,"判断结果：[错误]
解释：根据背景知识，itinerary的rangeIncludes包括ItemList和Place，而非严格等于Place，这与RDFS中range表示属性客体所属类的语义约束相冲突。",0,0.0,
hard_case_0414,range,range(logo) = ImageObject,"背景知识：
条目1：
- 名称：logo
- 类型：Property
- 简介：An associated logo.
- 补充信息：domainIncludes: http://schema.org/Brand, http://schema.org/Certification, http://schema.org/Organization, http://schema.org/Place, http://schema.org/Product, http://schema.org/Serv...

条目2：
- 名称：ImageObject
- 类型：Property
- 简介：ImageObject is a property in the knowledge base.",1,grok-4,0.0,8192,https://api2.aigcbest.top/v1,"判断结果：[错误]  
解释：[根据背景知识，ImageObject 被定义为属性而非类，但RDFS语义规则要求range的值必须是一个类，因此该公理与语义规则冲突。]",0,0.0,
hard_case_0415,range,range(meetsEmissionStandard) = URL,"背景知识：
条目1：
- 名称：meetsEmissionStandard
- 类型：Property
- 简介：Indicates that the vehicle meets the respective emission standard.
- 补充信息：domainIncludes: http://schema.org/Vehicle | rangeIncludes: http://schema.org/QualitativeValue, http://schema.org/Text, http://schema.org/URL

条目2：
- 名称：URL
- 类型：Property
- 简介：A uniform resource locator (URL), colloquially known as a web address, is a reference to a resource on the World Wide Web. A URL specifies the location of a resource on a computer network and a mechanism for retrieving it. A URL is a specif...",1,grok-4,0.0,8192,https://api2.aigcbest.top/v1,"判断结果：错误  
解释：根据背景知识，meetsEmissionStandard的rangeIncludes包括QualitativeValue、Text和URL，而RDFS range规则要求属性值属于指定类，此公理将范围严格限制为URL与背景知识冲突。",0,0.0,
hard_case_0416,range,range(numAdults) = QuantitativeValue,"背景知识：
条目1：
- 名称：numAdults
- 类型：Property
- 简介：The number of adults staying in the unit.
- 补充信息：domainIncludes: http://schema.org/LodgingReservation | rangeIncludes: http://schema.org/Integer, http://schema.org/QuantitativeValue

条目2：
- 名称：QuantitativeValue
- 类型：Property
- 简介：QuantitativeValue is a property in the knowledge base.",1,grok-4,0.0,8192,https://api2.aigcbest.top/v1,"判断结果：[错误]  
解释：[背景知识显示numAdults的range包括Integer和QuantitativeValue，而公理将其范围严格限定为QuantitativeValue，与RDFS中range的语义约束和背景信息冲突。]",0,0.0,
hard_case_0417,range,range(offeredBy) = Person,"背景知识：
条目1：
- 名称：offeredBy
- 类型：Property
- 简介：A pointer to the organization or person making the offer.
- 补充信息：domainIncludes: http://schema.org/Offer | rangeIncludes: http://schema.org/Organization, http://schema.org/Person

条目2：
- 名称：Person
- 类型：Property
- 简介：A person is a being who has certain capacities or attributes such as reason, morality, consciousness or self-consciousness, and being a part of a culturally established form of social relations such as kinship, ownership of property, or leg...",1,grok-4,0.0,8192,https://api2.aigcbest.top/v1,"判断结果：[错误]  
解释：根据背景知识，offeredBy的rangeIncludes包括Organization和Person，而公理将range限制为仅Person，与RDFS中range应覆盖所有可能类值的语义规则冲突。",0,0.0,
hard_case_0418,range,range(option) = Text,"背景知识：
条目1：
- 名称：option
- 类型：Property
- 简介：A sub property of object. The options subject to this action.
- 补充信息：domainIncludes: http://schema.org/ChooseAction | rangeIncludes: http://schema.org/Text, http://schema.org/Thing

条目2：
- 名称：Text
- 类型：Property
- 简介：Text may refer to:",1,grok-4,0.0,8192,https://api2.aigcbest.top/v1,"判断结果：[错误]  
解释：背景知识显示option属性的rangeIncludes包括Text和Thing，而公理将range严格限制为Text，与RDFS中range语义约束的包容性存在冲突。",0,0.0,
hard_case_0419,range,range(ownershipFundingInfo) = AboutPage,"背景知识：
条目1：
- 名称：ownershipFundingInfo
- 类型：Property
- 简介：For an <a class=""localLink"" href=""/Organization"">Organization</a> (often but not necessarily a <a class=""localLink"" href=""/NewsMediaOrganization"">NewsMediaOrganization</a>), a description of organizational ownership structure; funding and g...
- 补充信息：domainIncludes: http://schema.org/NewsMediaOrganization, http://schema.org/Organization | rangeIncludes: http://schema.org/AboutPage, http://schema.org/CreativeWork, http://schema....

条目2：
- 名称：AboutPage
- 类型：Property
- 简介：AboutPage is a property in the knowledge base.",1,grok-4,0.0,8192,https://api2.aigcbest.top/v1,"判断结果：[错误]
解释：根据背景知识，ownershipFundingInfo的rangeIncludes包括AboutPage以及CreativeWork等多个类，而RDFS语义规则要求range指定属性的客体类约束，但公理将其严格等于AboutPage与背景中范围的包容性描述冲突。",0,0.0,
hard_case_0421,range,range(performers) = Person,"背景知识：
条目1：
- 名称：performers
- 类型：Property
- 简介：The main performer or performers of the event&#x2014;for example, a presenter, musician, or actor.
- 补充信息：domainIncludes: http://schema.org/Event | rangeIncludes: http://schema.org/Organization, http://schema.org/Person

条目2：
- 名称：Person
- 类型：Property
- 简介：A person is a being who has certain capacities or attributes such as reason, morality, consciousness or self-consciousness, and being a part of a culturally established form of social relations such as kinship, ownership of property, or leg...",1,grok-4,0.0,8192,https://api2.aigcbest.top/v1,"判断结果：错误  
解释：根据背景知识，performers属性的range包括Organization和Person，而公理将其范围严格限定为仅Person，与RDFS中range的语义约束（允许的值类型）存在冲突。",0,0.0,
hard_case_0422,range,range(producer) = Person,"背景知识：
条目1：
- 名称：producer
- 类型：Property
- 简介：The person or organization who produced the work (e.g. music album, movie, TV/radio series etc.).
- 补充信息：domainIncludes: http://schema.org/CreativeWork | rangeIncludes: http://schema.org/Organization, http://schema.org/Person

条目2：
- 名称：Person
- 类型：Property
- 简介：A person is a being who has certain capacities or attributes such as reason, morality, consciousness or self-consciousness, and being a part of a culturally established form of social relations such as kinship, ownership of property, or leg...",1,grok-4,0.0,8192,https://api2.aigcbest.top/v1,"判断结果：[错误]  
解释：根据背景知识，producer属性的range包括Organization和Person，而公理将其严格限制为仅Person，与RDFS中range的语义约束（属性值应属于指定类）存在冲突。",0,0.0,
hard_case_0423,range,range(publication) = PublicationEvent,"背景知识：
条目1：
- 名称：publication
- 类型：Property
- 简介：A publication event associated with the item.
- 补充信息：domainIncludes: http://schema.org/CreativeWork | rangeIncludes: http://schema.org/PublicationEvent

条目2：
- 名称：PublicationEvent
- 类型：Property
- 简介：PublicationEvent is a property in the knowledge base.",1,grok-4,0.0,8192,https://api2.aigcbest.top/v1,"判断结果：错误  
解释：根据背景知识，PublicationEvent被描述为Property而非Class，但RDFS语义规则要求range的值必须是一个类，因此该公理与背景知识和语义规则冲突。",0,0.0,
hard_case_0424,range,range(recipeInstructions) = ItemList,"背景知识：
条目1：
- 名称：recipeInstructions
- 类型：Property
- 简介：A step in making the recipe, in the form of a single item (document, video, etc.) or an ordered list with HowToStep and/or HowToSection items.
- 补充信息：domainIncludes: http://schema.org/Recipe | rangeIncludes: http://schema.org/CreativeWork, http://schema.org/ItemList, http://schema.org/Text

条目2：
- 名称：ItemList
- 类型：Property
- 简介：ItemList is a property in the knowledge base.",1,grok-4,0.0,8192,https://api2.aigcbest.top/v1,"判断结果：[错误]  
解释：公理声称recipeInstructions的范围等于ItemList，但背景知识显示其rangeIncludes包括CreativeWork、ItemList和Text，且ItemList被描述为Property而非Class，与RDFS中range应指定类值的语义规则冲突。",0,0.0,
hard_case_0425,range,range(recipient) = Person,"背景知识：
条目1：
- 名称：recipient
- 类型：Property
- 简介：A sub property of participant. The participant who is at the receiving end of the action.
- 补充信息：domainIncludes: http://schema.org/AuthorizeAction, http://schema.org/CommunicateAction, http://schema.org/DonateAction, http://schema.org/GiveAction, http://schema.org/Message, htt...

条目2：
- 名称：Person
- 类型：Property
- 简介：A person is a being who has certain capacities or attributes such as reason, morality, consciousness or self-consciousness, and being a part of a culturally established form of social relations such as kinship, ownership of property, or leg...",1,grok-4,0.0,8192,https://api2.aigcbest.top/v1,"判断结果：[错误]  
解释：根据背景知识，Person被定义为Property而非Class，但RDFS语义规则要求range的值必须是一个类，因此该公理存在明显冲突。",0,0.0,
hard_case_0426,range,range(requiresSubscription) = Boolean,"背景知识：
条目1：
- 名称：requiresSubscription
- 类型：Property
- 简介：Indicates if use of the media require a subscription (either paid or free). Allowed values are <code>true</code> or <code>false</code> (note that an earlier version had 'yes', 'no').
- 补充信息：domainIncludes: http://schema.org/ActionAccessSpecification, http://schema.org/MediaObject | rangeIncludes: http://schema.org/Boolean, http://schema.org/MediaSubscription

条目2：
- 名称：Boolean
- 类型：Property
- 简介：Any kind of logic, function, expression, or theory based on the work of George Boole is considered Boolean.",1,grok-4,0.0,8192,https://api2.aigcbest.top/v1,"判断结果：[错误]  
解释：背景知识显示requiresSubscription的rangeIncludes包括Boolean和MediaSubscription，而公理将其range严格限定为仅Boolean，与RDFS中range的语义约束存在冲突。",0,0.0,
hard_case_0427,range,range(reviewedBy) = Organization,"背景知识：
条目1：
- 名称：reviewedBy
- 类型：Property
- 简介：People or organizations that have reviewed the content on this web page for accuracy and/or completeness.
- 补充信息：domainIncludes: http://schema.org/WebPage | rangeIncludes: http://schema.org/Organization, http://schema.org/Person

条目2：
- 名称：Organization
- 类型：Property
- 简介：An organization or organisation is an entity—such as a company, or corporation or an institution, or an association—comprising one or more people and having a particular purpose.",1,grok-4,0.0,8192,https://api2.aigcbest.top/v1,"判断结果：错误  
解释：根据背景知识，reviewedBy属性的rangeIncludes包括Organization和Person，而RDFS range规则要求属性的客体属于指定类，但公理仅限定为Organization，遗漏了Person导致语义约束不完整。",0,0.0,
hard_case_0428,range,range(seatingType) = Text,"背景知识：
条目1：
- 名称：seatingType
- 类型：Property
- 简介：The type/class of the seat.
- 补充信息：domainIncludes: http://schema.org/Seat | rangeIncludes: http://schema.org/QualitativeValue, http://schema.org/Text

条目2：
- 名称：Text
- 类型：Property
- 简介：Text may refer to:",1,grok-4,0.0,8192,https://api2.aigcbest.top/v1,"判断结果：错误  
解释：根据背景知识，seatingType的rangeIncludes包括QualitativeValue和Text，而公理将range严格限定为仅Text，与RDFS中range语义的包容性约束冲突。",0,0.0,
hard_case_0429,range,range(suggestedGender) = Text,"背景知识：
条目1：
- 名称：suggestedGender
- 类型：Property
- 简介：The suggested gender of the intended person or audience, for example ""male"", ""female"", or ""unisex"".
- 补充信息：domainIncludes: http://schema.org/PeopleAudience, http://schema.org/SizeSpecification | rangeIncludes: http://schema.org/GenderType, http://schema.org/Text

条目2：
- 名称：Text
- 类型：Property
- 简介：Text may refer to:",1,grok-4,0.0,8192,https://api2.aigcbest.top/v1,"判断结果：[错误]
解释：根据背景知识，suggestedGender的rangeIncludes包括GenderType和Text，而RDFS range规则要求属性值严格属于指定类，因此将范围限定为仅Text与实际语义约束冲突。",0,0.0,
hard_case_0430,range,range(totalPrice) = PriceSpecification,"背景知识：
条目1：
- 名称：totalPrice
- 类型：Property
- 简介：The total price for the reservation or ticket, including applicable taxes, shipping, etc.<br/><br/> Usage guidelines:<br/><br/> <ul> <li>Use values from 0123456789 (Unicode 'DIGIT ZERO' (U+0030) to 'DIGIT NINE' (U+0039)) rather than superfi...
- 补充信息：domainIncludes: http://schema.org/Reservation, http://schema.org/Ticket | rangeIncludes: http://schema.org/Number, http://schema.org/PriceSpecification, http://schema.org/Text

条目2：
- 名称：PriceSpecification
- 类型：Property
- 简介：PriceSpecification is a property in the knowledge base.",1,grok-4,0.0,8192,https://api2.aigcbest.top/v1,"判断结果：[错误]
解释：[背景知识显示totalPrice的rangeIncludes包括Number、PriceSpecification和Text，而公理将其范围严格限定为仅PriceSpecification，与RDFS中range的语义约束和背景信息冲突。]",0,0.0,
hard_case_0431,range,range(travelBans) = WebContent,"背景知识：
条目1：
- 名称：travelBans
- 类型：Property
- 简介：Information about travel bans, e.g. in the context of a pandemic.
- 补充信息：domainIncludes: http://schema.org/SpecialAnnouncement | rangeIncludes: http://schema.org/URL, http://schema.org/WebContent

条目2：
- 名称：WebContent
- 类型：Property
- 简介：WebContent is a property in the knowledge base.",1,grok-4,0.0,8192,https://api2.aigcbest.top/v1,"判断结果：[错误]
解释：根据背景知识，travelBans的rangeIncludes包括URL和WebContent，而公理将其范围严格等于WebContent，且WebContent被定义为Property而非Class，违反RDFS中range应指定类的语义规则。",0,0.0,
