id,axiom_type,axiom_text,context_info,label,model_name,temperature,max_tokens,base_url,model_output,model_label,is_correct,error
sample_0001,subClassOf,Airline ⊑ PublicTransitSystem,"背景知识：
条目1：
- 名称：Airline
- 类型：Class
- 简介：airline

条目2：
- 名称：PublicTransitSystem
- 类型：Class
- 简介：A public transit system is a shared passenger transportation service which is available for use by the general public. Public transport modes include buses, trolleybuses, trams and trains, 'rapid transit' (metro/subways/undergrounds etc) an...",1,qwen-max-0125,0.0,8192,https://api2.aigcbest.top/v1,"判断结果：正确  
解释：根据背景知识，航空公司（Airline）可以被视为一种公共交通系统（PublicTransitSystem），因为它们都提供公共客运服务，符合RDFS中subClassOf的语义规则。",1,1,
sample_0002,subClassOf,Airline is a subclass of PublicTransitSystem.,"背景知识：
条目1：
- 名称：Airline
- 类型：Class
- 简介：airline

条目2：
- 名称：PublicTransitSystem
- 类型：Class
- 简介：A public transit system is a shared passenger transportation service which is available for use by the general public. Public transport modes include buses, trolleybuses, trams and trains, 'rapid transit' (metro/subways/undergrounds etc) an...",1,qwen-max-0125,0.0,8192,https://api2.aigcbest.top/v1,"判断结果：错误  
解释：根据背景知识，Airline表示航空公司，而PublicTransitSystem表示公共交通系统，航空公司的服务性质与公共交通系统的定义不完全一致，因此Airline不是PublicTransitSystem的子类。",0,0,
sample_0003,subClassOf,Every instance of Airline is also an instance of PublicTransitSystem.,"背景知识：
条目1：
- 名称：Airline
- 类型：Class
- 简介：airline

条目2：
- 名称：PublicTransitSystem
- 类型：Class
- 简介：A public transit system is a shared passenger transportation service which is available for use by the general public. Public transport modes include buses, trolleybuses, trams and trains, 'rapid transit' (metro/subways/undergrounds etc) an...",1,qwen-max-0125,0.0,8192,https://api2.aigcbest.top/v1,"判断结果：正确  
解释：根据背景知识，航空公司（Airline）可以被视为一种公共交通系统（PublicTransitSystem），因为它们都提供共享的乘客运输服务，符合RDFS中subClassOf的语义规则。",1,1,
sample_0004,subClassOf,"If an entity belongs to class Airline, then it also belongs to class PublicTransitSystem.","背景知识：
条目1：
- 名称：Airline
- 类型：Class
- 简介：airline

条目2：
- 名称：PublicTransitSystem
- 类型：Class
- 简介：A public transit system is a shared passenger transportation service which is available for use by the general public. Public transport modes include buses, trolleybuses, trams and trains, 'rapid transit' (metro/subways/undergrounds etc) an...",1,qwen-max-0125,0.0,8192,https://api2.aigcbest.top/v1,"判断结果：错误  
解释：根据背景知识，Airline（航空公司）和PublicTransitSystem（公共交通系统）是两个不同的类，航空公司的服务性质与公共交通系统的定义不完全一致，因此不能推断出所有属于Airline的实体也必然属于PublicTransitSystem。",0,0,
sample_0005,subClassOf,The class Airline is included in the class PublicTransitSystem.,"背景知识：
条目1：
- 名称：Airline
- 类型：Class
- 简介：airline

条目2：
- 名称：PublicTransitSystem
- 类型：Class
- 简介：A public transit system is a shared passenger transportation service which is available for use by the general public. Public transport modes include buses, trolleybuses, trams and trains, 'rapid transit' (metro/subways/undergrounds etc) an...",1,qwen-max-0125,0.0,8192,https://api2.aigcbest.top/v1,"判断结果：错误  
解释：根据背景知识，Airline表示航空公司，而PublicTransitSystem表示公共交通系统，航空公司的性质与公共交通系统的定义不完全一致，因此Airline不应被包含在PublicTransitSystem中。",0,0,
sample_0006,subClassOf,Album ⊑ MusicalWork,"背景知识：
条目1：
- 名称：Album
- 类型：Class
- 简介：album

条目2：
- 名称：MusicalWork
- 类型：Class
- 简介：musical work",1,qwen-max-0125,0.0,8192,https://api2.aigcbest.top/v1,"判断结果：正确  
解释：根据背景知识，Album是音乐专辑，MusicalWork是音乐作品，专辑属于作品的一种，因此Album是MusicalWork的子类，符合subClassOf语义规则。",1,1,
sample_0007,subClassOf,Album is a subclass of MusicalWork.,"背景知识：
条目1：
- 名称：Album
- 类型：Class
- 简介：album

条目2：
- 名称：MusicalWork
- 类型：Class
- 简介：musical work",1,qwen-max-0125,0.0,8192,https://api2.aigcbest.top/v1,"判断结果：正确  
解释：根据背景知识，Album可以被合理地视为MusicalWork的一种具体形式，符合subClassOf的语义规则，即Album类的所有实例也属于MusicalWork类。",1,1,
sample_0008,subClassOf,Every instance of Album is also an instance of MusicalWork.,"背景知识：
条目1：
- 名称：Album
- 类型：Class
- 简介：album

条目2：
- 名称：MusicalWork
- 类型：Class
- 简介：musical work",1,qwen-max-0125,0.0,8192,https://api2.aigcbest.top/v1,"判断结果：正确  
解释：根据背景知识，Album可以被合理地视为MusicalWork的一种具体表现形式，符合RDFS中subClassOf的语义规则。",1,1,
sample_0009,subClassOf,"If an entity belongs to class Album, then it also belongs to class MusicalWork.","背景知识：
条目1：
- 名称：Album
- 类型：Class
- 简介：album

条目2：
- 名称：MusicalWork
- 类型：Class
- 简介：musical work",1,qwen-max-0125,0.0,8192,https://api2.aigcbest.top/v1,"判断结果：正确  
解释：根据背景知识，Album可以被合理地视为MusicalWork的一种，符合subClassOf的语义规则，即Album的实例也属于MusicalWork。",1,1,
sample_0010,subClassOf,The class Album is included in the class MusicalWork.,"背景知识：
条目1：
- 名称：Album
- 类型：Class
- 简介：album

条目2：
- 名称：MusicalWork
- 类型：Class
- 简介：musical work",1,qwen-max-0125,0.0,8192,https://api2.aigcbest.top/v1,"判断结果：正确  
解释：根据背景知识，Album可以被合理地视为MusicalWork的一种具体表现形式，符合RDFS中subClassOf的语义规则。",1,1,
sample_0011,subClassOf,Ambassador ⊑ Politician,"背景知识：
条目1：
- 名称：Ambassador
- 类型：Class
- 简介：An ambassador is the highest ranking diplomat that represents a nation and is usually accredited to a foreign sovereign or government, or to an international organization.

条目2：
- 名称：Politician
- 类型：Class
- 简介：politician",1,qwen-max-0125,0.0,8192,https://api2.aigcbest.top/v1,"判断结果：正确  
解释：根据背景知识，Ambassador是代表国家的高级外交官，属于Politician的一种特殊角色，符合RDFS中subClassOf的语义规则。",1,1,
sample_0012,subClassOf,Ambassador is a subclass of Politician.,"背景知识：
条目1：
- 名称：Ambassador
- 类型：Class
- 简介：An ambassador is the highest ranking diplomat that represents a nation and is usually accredited to a foreign sovereign or government, or to an international organization.

条目2：
- 名称：Politician
- 类型：Class
- 简介：politician",1,qwen-max-0125,0.0,8192,https://api2.aigcbest.top/v1,"判断结果：正确  
解释：根据背景知识，Ambassador是代表国家的高级外交官，属于政治角色的一种，因此可以合理推断Ambassador是Politician的子类。",1,1,
sample_0013,subClassOf,Every instance of Ambassador is also an instance of Politician.,"背景知识：
条目1：
- 名称：Ambassador
- 类型：Class
- 简介：An ambassador is the highest ranking diplomat that represents a nation and is usually accredited to a foreign sovereign or government, or to an international organization.

条目2：
- 名称：Politician
- 类型：Class
- 简介：politician",1,qwen-max-0125,0.0,8192,https://api2.aigcbest.top/v1,"判断结果：正确  
解释：根据背景知识，Ambassador是代表国家的高级外交官，属于Politician的一种，符合RDFS中subClassOf的语义规则，即Ambassador的所有实例也是Politician的实例。",1,1,
sample_0014,subClassOf,"If an entity belongs to class Ambassador, then it also belongs to class Politician.","背景知识：
条目1：
- 名称：Ambassador
- 类型：Class
- 简介：An ambassador is the highest ranking diplomat that represents a nation and is usually accredited to a foreign sovereign or government, or to an international organization.

条目2：
- 名称：Politician
- 类型：Class
- 简介：politician",1,qwen-max-0125,0.0,8192,https://api2.aigcbest.top/v1,"判断结果：正确  
解释：根据背景知识，Ambassador是代表国家的高级外交官，而Politician泛指从事政治活动的人，Ambassador可被视为Politician的一个子集，符合RDFS中subClassOf的语义规则。",1,1,
sample_0015,subClassOf,The class Ambassador is included in the class Politician.,"背景知识：
条目1：
- 名称：Ambassador
- 类型：Class
- 简介：An ambassador is the highest ranking diplomat that represents a nation and is usually accredited to a foreign sovereign or government, or to an international organization.

条目2：
- 名称：Politician
- 类型：Class
- 简介：politician",1,qwen-max-0125,0.0,8192,https://api2.aigcbest.top/v1,"判断结果：正确  
解释：根据背景知识，Ambassador是代表国家的高级外交官，属于政治角色的一种，因此可以合理推断Ambassador是Politician的子类，符合subClassOf语义规则。",1,1,
sample_0016,subClassOf,Attack ⊑ SocietalEvent,"背景知识：
条目1：
- 名称：Attack
- 类型：Class
- 简介：An Attack is not necessarily part of a Military Conflict

条目2：
- 名称：SocietalEvent
- 类型：Class
- 简介：an event that is clearly different from strictly personal events",1,qwen-max-0125,0.0,8192,https://api2.aigcbest.top/v1,"判断结果：正确  
解释：根据背景知识，Attack 是一种事件，而 SocietalEvent 表示与个人事件不同的社会性事件，Attack 可以被合理地视为 SocietalEvent 的子类。",1,1,
sample_0017,subClassOf,Attack is a subclass of SocietalEvent.,"背景知识：
条目1：
- 名称：Attack
- 类型：Class
- 简介：An Attack is not necessarily part of a Military Conflict

条目2：
- 名称：SocietalEvent
- 类型：Class
- 简介：an event that is clearly different from strictly personal events",1,qwen-max-0125,0.0,8192,https://api2.aigcbest.top/v1,"判断结果：正确  
解释：根据背景知识，Attack是一种事件，而SocietalEvent被定义为与严格个人事件不同的事件，因此Attack作为SocietalEvent的子类符合RDFS的subClassOf语义规则。",1,1,
sample_0018,subClassOf,Every instance of Attack is also an instance of SocietalEvent.,"背景知识：
条目1：
- 名称：Attack
- 类型：Class
- 简介：An Attack is not necessarily part of a Military Conflict

条目2：
- 名称：SocietalEvent
- 类型：Class
- 简介：an event that is clearly different from strictly personal events",1,qwen-max-0125,0.0,8192,https://api2.aigcbest.top/v1,"判断结果：正确  
解释：根据背景知识，Attack是一种事件，而SocietalEvent被定义为与个人事件不同的社会性事件，因此可以合理推断每个Attack实例也是SocietalEvent的实例。",1,1,
sample_0019,subClassOf,"If an entity belongs to class Attack, then it also belongs to class SocietalEvent.","背景知识：
条目1：
- 名称：Attack
- 类型：Class
- 简介：An Attack is not necessarily part of a Military Conflict

条目2：
- 名称：SocietalEvent
- 类型：Class
- 简介：an event that is clearly different from strictly personal events",1,qwen-max-0125,0.0,8192,https://api2.aigcbest.top/v1,"判断结果：正确  
解释：根据背景知识，Attack是一种事件，而SocietalEvent被定义为与个人事件不同的社会性事件，因此Attack可以合理地被视为SocietalEvent的子类。",1,1,
sample_0020,subClassOf,The class Attack is included in the class SocietalEvent.,"背景知识：
条目1：
- 名称：Attack
- 类型：Class
- 简介：An Attack is not necessarily part of a Military Conflict

条目2：
- 名称：SocietalEvent
- 类型：Class
- 简介：an event that is clearly different from strictly personal events",1,qwen-max-0125,0.0,8192,https://api2.aigcbest.top/v1,"判断结果：正确  
解释：根据背景知识，Attack是一种事件，而SocietalEvent被定义为与个人事件不同的社会性事件，因此Attack可以合理地被视为SocietalEvent的子类。",1,1,
sample_0021,subClassOf,ChristianBishop ⊑ Archbishop,"背景知识：
条目1：
- 名称：ChristianBishop
- 类型：Class
- 简介：Christian Bishop

条目2：
- 名称：Archbishop
- 类型：Class
- 简介：archbishop",0,qwen-max-0125,0.0,8192,https://api2.aigcbest.top/v1,"判断结果：错误  
解释：根据背景知识，ChristianBishop和Archbishop是两个独立的类，未表明ChristianBishop一定是Archbishop的子类，因此该公理与背景知识不符。",0,1,
sample_0022,subClassOf,ChristianBishop is a subclass of Archbishop.,"背景知识：
条目1：
- 名称：ChristianBishop
- 类型：Class
- 简介：Christian Bishop

条目2：
- 名称：Archbishop
- 类型：Class
- 简介：archbishop",0,qwen-max-0125,0.0,8192,https://api2.aigcbest.top/v1,"判断结果：错误  
解释：根据背景知识和常识，ChristianBishop和Archbishop是两个不同的类，且ChristianBishop并不一定是Archbishop的子类。",0,1,
sample_0023,subClassOf,Every instance of ChristianBishop is also an instance of Archbishop.,"背景知识：
条目1：
- 名称：ChristianBishop
- 类型：Class
- 简介：Christian Bishop

条目2：
- 名称：Archbishop
- 类型：Class
- 简介：archbishop",0,qwen-max-0125,0.0,8192,https://api2.aigcbest.top/v1,"判断结果：错误  
解释：根据背景知识，ChristianBishop和Archbishop是两个独立的类，未表明所有ChristianBishop的实例都属于Archbishop。",0,1,
sample_0024,subClassOf,"If an entity belongs to class ChristianBishop, then it also belongs to class Archbishop.","背景知识：
条目1：
- 名称：ChristianBishop
- 类型：Class
- 简介：Christian Bishop

条目2：
- 名称：Archbishop
- 类型：Class
- 简介：archbishop",0,qwen-max-0125,0.0,8192,https://api2.aigcbest.top/v1,"判断结果：错误  
解释：根据背景知识，ChristianBishop和Archbishop是两个独立的类，未表明ChristianBishop一定是Archbishop的子类，因此该公理与背景知识不符。",0,1,
sample_0025,subClassOf,The class ChristianBishop is included in the class Archbishop.,"背景知识：
条目1：
- 名称：ChristianBishop
- 类型：Class
- 简介：Christian Bishop

条目2：
- 名称：Archbishop
- 类型：Class
- 简介：archbishop",0,qwen-max-0125,0.0,8192,https://api2.aigcbest.top/v1,"判断结果：错误  
解释：根据背景知识，ChristianBishop和Archbishop是两个独立的类，且无信息表明ChristianBishop必然属于Archbishop，因此该包含关系与已知信息冲突。",0,1,
sample_0026,subClassOf,Eukaryote ⊑ Animal,"背景知识：
条目1：
- 名称：Eukaryote
- 类型：Class
- 简介：eukaryote

条目2：
- 名称：Animal
- 类型：Class
- 简介：animal",0,qwen-max-0125,0.0,8192,https://api2.aigcbest.top/v1,"判断结果：错误  
解释：根据背景知识和常识，Eukaryote（真核生物）是一个更大的类，包含Animal（动物）等多个子类，因此Eukaryote不应被定义为Animal的子类。",0,1,
sample_0027,subClassOf,Eukaryote is a subclass of Animal.,"背景知识：
条目1：
- 名称：Eukaryote
- 类型：Class
- 简介：eukaryote

条目2：
- 名称：Animal
- 类型：Class
- 简介：animal",0,qwen-max-0125,0.0,8192,https://api2.aigcbest.top/v1,"判断结果：错误  
解释：根据背景知识和常识，Eukaryote（真核生物）是一个更大的分类范畴，而Animal（动物）是Eukaryote的一个子类，因此Eukaryote不可能是Animal的子类。",0,1,
sample_0028,subClassOf,Every instance of Eukaryote is also an instance of Animal.,"背景知识：
条目1：
- 名称：Eukaryote
- 类型：Class
- 简介：eukaryote

条目2：
- 名称：Animal
- 类型：Class
- 简介：animal",0,qwen-max-0125,0.0,8192,https://api2.aigcbest.top/v1,"判断结果：错误  
解释：根据背景知识，Eukaryote（真核生物）是一个更广泛的类别，而Animal（动物）是其子集之一，因此并非所有Eukaryote的实例都是Animal的实例。",0,1,
sample_0029,subClassOf,"If an entity belongs to class Eukaryote, then it also belongs to class Animal.","背景知识：
条目1：
- 名称：Eukaryote
- 类型：Class
- 简介：eukaryote

条目2：
- 名称：Animal
- 类型：Class
- 简介：animal",0,qwen-max-0125,0.0,8192,https://api2.aigcbest.top/v1,"判断结果：错误  
解释：根据背景知识，Eukaryote（真核生物）是一个比Animal（动物）更广泛的类别，动物属于真核生物的一个子集，因此不能推断所有Eukaryote都属于Animal。",0,1,
sample_0030,subClassOf,The class Eukaryote is included in the class Animal.,"背景知识：
条目1：
- 名称：Eukaryote
- 类型：Class
- 简介：eukaryote

条目2：
- 名称：Animal
- 类型：Class
- 简介：animal",0,qwen-max-0125,0.0,8192,https://api2.aigcbest.top/v1,"判断结果：错误  
解释：根据背景知识和常识，Eukaryote（真核生物）是一个更大的类，包含Animal（动物）等多个子类，而不是被包含在Animal中，违反了subClassOf的语义规则。",0,1,
sample_0031,subClassOf,GridironFootballPlayer ⊑ AmericanFootballPlayer,"背景知识：
条目1：
- 名称：GridironFootballPlayer
- 类型：Class
- 简介：Gradiron football, also called North American football, is a family of soccer team games played primarily in the United States and Canada.

条目2：
- 名称：AmericanFootballPlayer
- 类型：Class
- 简介：american football player",0,qwen-max-0125,0.0,8192,https://api2.aigcbest.top/v1,"判断结果：错误  
解释：根据背景知识，GridironFootballPlayer包含更广泛的概念（如北美橄榄球），而AmericanFootballPlayer是其子集，因此该公理与subClassOf的语义规则冲突。",0,1,
sample_0032,subClassOf,GridironFootballPlayer is a subclass of AmericanFootballPlayer.,"背景知识：
条目1：
- 名称：GridironFootballPlayer
- 类型：Class
- 简介：Gradiron football, also called North American football, is a family of soccer team games played primarily in the United States and Canada.

条目2：
- 名称：AmericanFootballPlayer
- 类型：Class
- 简介：american football player",0,qwen-max-0125,0.0,8192,https://api2.aigcbest.top/v1,"判断结果：错误  
解释：根据背景知识，GridironFootballPlayer是一个更广义的类，包含AmericanFootballPlayer，而非其子类。",0,1,
sample_0033,subClassOf,Every instance of GridironFootballPlayer is also an instance of AmericanFootballPlayer.,"背景知识：
条目1：
- 名称：GridironFootballPlayer
- 类型：Class
- 简介：Gradiron football, also called North American football, is a family of soccer team games played primarily in the United States and Canada.

条目2：
- 名称：AmericanFootballPlayer
- 类型：Class
- 简介：american football player",0,qwen-max-0125,0.0,8192,https://api2.aigcbest.top/v1,"判断结果：错误  
解释：根据背景知识，GridironFootballPlayer包含更广泛的概念（如北美橄榄球），而AmericanFootballPlayer是其子集，因此该公理与subClassOf语义规则冲突。",0,1,
sample_0034,subClassOf,"If an entity belongs to class GridironFootballPlayer, then it also belongs to class AmericanFootballPlayer.","背景知识：
条目1：
- 名称：GridironFootballPlayer
- 类型：Class
- 简介：Gradiron football, also called North American football, is a family of soccer team games played primarily in the United States and Canada.

条目2：
- 名称：AmericanFootballPlayer
- 类型：Class
- 简介：american football player",0,qwen-max-0125,0.0,8192,https://api2.aigcbest.top/v1,"判断结果：错误  
解释：根据背景知识，GridironFootballPlayer包含更广泛的概念（如北美橄榄球），而AmericanFootballPlayer是其子集，因此该公理与subClassOf语义规则冲突。",0,1,
sample_0035,subClassOf,The class GridironFootballPlayer is included in the class AmericanFootballPlayer.,"背景知识：
条目1：
- 名称：GridironFootballPlayer
- 类型：Class
- 简介：Gradiron football, also called North American football, is a family of soccer team games played primarily in the United States and Canada.

条目2：
- 名称：AmericanFootballPlayer
- 类型：Class
- 简介：american football player",0,qwen-max-0125,0.0,8192,https://api2.aigcbest.top/v1,"判断结果：错误  
解释：根据背景知识，GridironFootballPlayer代表北美橄榄球运动员的广义类别，而AmericanFootballPlayer是其具体子类，因此GridironFootballPlayer不应被包含于AmericanFootballPlayer中，而是相反。",0,1,
sample_0036,subClassOf,Person ⊑ Animal,"背景知识：
条目1：
- 名称：Person
- 类型：Class
- 简介：person

条目2：
- 名称：Animal
- 类型：Class
- 简介：animal",1,qwen-max-0125,0.0,8192,https://api2.aigcbest.top/v1,"判断结果：正确  
解释：根据背景知识和常识，Person是Animal的一个子类，符合RDFS中subClassOf的语义规则，表示类之间的包含关系。",1,1,
sample_0037,subClassOf,Person is a subclass of Animal.,"背景知识：
条目1：
- 名称：Person
- 类型：Class
- 简介：person

条目2：
- 名称：Animal
- 类型：Class
- 简介：animal",1,qwen-max-0125,0.0,8192,https://api2.aigcbest.top/v1,"判断结果：正确  
解释：根据背景知识和常识，Person（人）是Animal（动物）的一种，符合subClassOf的语义规则，即Person类的所有实例也是Animal类的实例。",1,1,
sample_0038,subClassOf,Every instance of Person is also an instance of Animal.,"背景知识：
条目1：
- 名称：Person
- 类型：Class
- 简介：person

条目2：
- 名称：Animal
- 类型：Class
- 简介：animal",1,qwen-max-0125,0.0,8192,https://api2.aigcbest.top/v1,"判断结果：正确  
解释：根据背景知识和常识，Person可以被视为Animal的一个子类，符合RDFS中subClassOf的语义规则。",1,1,
sample_0039,subClassOf,"If an entity belongs to class Person, then it also belongs to class Animal.","背景知识：
条目1：
- 名称：Person
- 类型：Class
- 简介：person

条目2：
- 名称：Animal
- 类型：Class
- 简介：animal",1,qwen-max-0125,0.0,8192,https://api2.aigcbest.top/v1,"判断结果：正确  
解释：根据背景知识和常识，Person可以被视为Animal的一个子类，因为人属于动物的一种，符合subClassOf的语义规则。",1,1,
sample_0040,subClassOf,The class Person is included in the class Animal.,"背景知识：
条目1：
- 名称：Person
- 类型：Class
- 简介：person

条目2：
- 名称：Animal
- 类型：Class
- 简介：animal",1,qwen-max-0125,0.0,8192,https://api2.aigcbest.top/v1,"判断结果：正确  
解释：根据背景知识和常识，Person（人）是Animal（动物）的一种，符合RDFS中subClassOf的语义规则，即类Person包含在类Animal中。",1,1,
sample_0041,subClassOf,PopulatedPlace ⊑ Agglomeration,"背景知识：
条目1：
- 名称：PopulatedPlace
- 类型：Class
- 简介：As defined by the United States Geological Survey, a populated place is a place or area with clustered or scattered buildings and a permanent human population (city, settlement, town, or village) referenced with geographic coordinates (http...

条目2：
- 名称：Agglomeration
- 类型：Class
- 简介：agglomeration",0,qwen-max-0125,0.0,8192,https://api2.aigcbest.top/v1,"判断结果：错误  
解释：根据背景知识，PopulatedPlace指有人口定居的地方，而Agglomeration表示聚集，二者语义上不存在明显的包含关系，因此公理PopulatedPlace ⊑ Agglomeration不符合RDFS的subClassOf语义规则。",0,1,
sample_0042,subClassOf,PopulatedPlace is a subclass of Agglomeration.,"背景知识：
条目1：
- 名称：PopulatedPlace
- 类型：Class
- 简介：As defined by the United States Geological Survey, a populated place is a place or area with clustered or scattered buildings and a permanent human population (city, settlement, town, or village) referenced with geographic coordinates (http...

条目2：
- 名称：Agglomeration
- 类型：Class
- 简介：agglomeration",0,qwen-max-0125,0.0,8192,https://api2.aigcbest.top/v1,"判断结果：正确  
解释：根据背景知识，PopulatedPlace表示有人口居住的地方，而Agglomeration表示聚集地，语义上PopulatedPlace可以被看作是Agglomeration的一种特定类型，符合subClassOf的语义规则。",1,0,
sample_0043,subClassOf,Every instance of PopulatedPlace is also an instance of Agglomeration.,"背景知识：
条目1：
- 名称：PopulatedPlace
- 类型：Class
- 简介：As defined by the United States Geological Survey, a populated place is a place or area with clustered or scattered buildings and a permanent human population (city, settlement, town, or village) referenced with geographic coordinates (http...

条目2：
- 名称：Agglomeration
- 类型：Class
- 简介：agglomeration",0,qwen-max-0125,0.0,8192,https://api2.aigcbest.top/v1,"判断结果：错误  
解释：根据背景知识，PopulatedPlace指有人口居住的地方，而Agglomeration表示集聚体，二者语义上并无明确的包含关系，因此该公理与背景知识不符。",0,1,
sample_0044,subClassOf,"If an entity belongs to class PopulatedPlace, then it also belongs to class Agglomeration.","背景知识：
条目1：
- 名称：PopulatedPlace
- 类型：Class
- 简介：As defined by the United States Geological Survey, a populated place is a place or area with clustered or scattered buildings and a permanent human population (city, settlement, town, or village) referenced with geographic coordinates (http...

条目2：
- 名称：Agglomeration
- 类型：Class
- 简介：agglomeration",0,qwen-max-0125,0.0,8192,https://api2.aigcbest.top/v1,"判断结果：错误  
解释：根据背景知识，PopulatedPlace指有人口居住的地方，而Agglomeration表示集聚体，二者语义上并无明确的包含关系，因此该公理与背景知识不符。",0,1,
sample_0045,subClassOf,The class PopulatedPlace is included in the class Agglomeration.,"背景知识：
条目1：
- 名称：PopulatedPlace
- 类型：Class
- 简介：As defined by the United States Geological Survey, a populated place is a place or area with clustered or scattered buildings and a permanent human population (city, settlement, town, or village) referenced with geographic coordinates (http...

条目2：
- 名称：Agglomeration
- 类型：Class
- 简介：agglomeration",0,qwen-max-0125,0.0,8192,https://api2.aigcbest.top/v1,"判断结果：错误  
解释：根据背景知识，PopulatedPlace指有人口定居的地方（如城市、村庄等），而Agglomeration表示聚集，二者语义上不存在明显的包含关系，因此该公理与常识和背景知识冲突。",0,1,
sample_0046,subClassOf,TopicalConcept ⊑ Type,"背景知识：
条目1：
- 名称：TopicalConcept
- 类型：Class
- 简介：topical concept

条目2：
- 名称：Type
- 类型：Class
- 简介：a category within a classification system",0,qwen-max-0125,0.0,8192,https://api2.aigcbest.top/v1,"判断结果：错误  
解释：根据背景知识，TopicalConcept和Type是两个独立的类，没有明确的包含关系表明TopicalConcept一定是Type的子类。",0,1,
sample_0047,subClassOf,TopicalConcept is a subclass of Type.,"背景知识：
条目1：
- 名称：TopicalConcept
- 类型：Class
- 简介：topical concept

条目2：
- 名称：Type
- 类型：Class
- 简介：a category within a classification system",0,qwen-max-0125,0.0,8192,https://api2.aigcbest.top/v1,"判断结果：正确  
解释：根据背景知识，TopicalConcept和Type均为类，且语义上“topical concept”可以被合理地视为分类系统中的一个类别，符合subClassOf的语义规则。",1,0,
sample_0048,subClassOf,Every instance of TopicalConcept is also an instance of Type.,"背景知识：
条目1：
- 名称：TopicalConcept
- 类型：Class
- 简介：topical concept

条目2：
- 名称：Type
- 类型：Class
- 简介：a category within a classification system",0,qwen-max-0125,0.0,8192,https://api2.aigcbest.top/v1,"判断结果：错误  
解释：根据背景知识，TopicalConcept和Type是两个独立的类，没有明确的包含关系表明每个TopicalConcept的实例也必须是Type的实例。",0,1,
sample_0049,subClassOf,"If an entity belongs to class TopicalConcept, then it also belongs to class Type.","背景知识：
条目1：
- 名称：TopicalConcept
- 类型：Class
- 简介：topical concept

条目2：
- 名称：Type
- 类型：Class
- 简介：a category within a classification system",0,qwen-max-0125,0.0,8192,https://api2.aigcbest.top/v1,"判断结果：错误  
解释：根据背景知识，TopicalConcept和Type是两个独立的类，没有明确的包含关系表明TopicalConcept的所有实例都属于Type。",0,1,
sample_0050,subClassOf,The class TopicalConcept is included in the class Type.,"背景知识：
条目1：
- 名称：TopicalConcept
- 类型：Class
- 简介：topical concept

条目2：
- 名称：Type
- 类型：Class
- 简介：a category within a classification system",0,qwen-max-0125,0.0,8192,https://api2.aigcbest.top/v1,"判断结果：正确  
解释：根据背景知识，TopicalConcept和Type均为类，且语义上“topical concept”可以被合理地视为分类系统中的一个类别，符合subClassOf的语义规则。",1,0,
sample_0051,subPropertyOf,Wins ⊑p rankingWins,"背景知识：
条目1：
- 名称：Wins
- 类型：Unknown
- 简介：Wins

条目2：
- 名称：rankingWins
- 类型：Property
- 简介：ranking wins",0,qwen-max-0125,0.0,8192,https://api2.aigcbest.top/v1,"判断结果：错误  
解释：根据背景知识，Wins的类型为Unknown，无法确定其与属性rankingWins之间的类-属性关系，且RDFS中类不能直接作为属性的子类。",0,1,
sample_0052,subPropertyOf,Wins is a subproperty of rankingWins.,"背景知识：
条目1：
- 名称：Wins
- 类型：Unknown
- 简介：Wins

条目2：
- 名称：rankingWins
- 类型：Property
- 简介：ranking wins",0,qwen-max-0125,0.0,8192,https://api2.aigcbest.top/v1,"判断结果：错误  
解释：根据背景知识，Wins的类型为Unknown，无法确定其为属性，因此不能作为rankingWins的子属性。",0,1,
sample_0053,subPropertyOf,"If two resources are related by Wins, then they are also related by rankingWins.","背景知识：
条目1：
- 名称：Wins
- 类型：Unknown
- 简介：Wins

条目2：
- 名称：rankingWins
- 类型：Property
- 简介：ranking wins",0,qwen-max-0125,0.0,8192,https://api2.aigcbest.top/v1,"判断结果：错误  
解释：根据背景知识，Wins的类型未知，无法确定其与rankingWins的语义关系，且RDFS中无规则支持直接推断属性间的隐含关系。",0,1,
sample_0054,subPropertyOf,"For any x and y, if x Wins y holds, then x rankingWins y also holds.","背景知识：
条目1：
- 名称：Wins
- 类型：Unknown
- 简介：Wins

条目2：
- 名称：rankingWins
- 类型：Property
- 简介：ranking wins",0,qwen-max-0125,0.0,8192,https://api2.aigcbest.top/v1,"判断结果：错误  
解释：背景知识中未表明Wins与rankingWins之间存在包含关系，因此无法推断x Wins y成立时x rankingWins y也成立。",0,1,
sample_0055,subPropertyOf,The property Wins is more specific than the property rankingWins.,"背景知识：
条目1：
- 名称：Wins
- 类型：Unknown
- 简介：Wins

条目2：
- 名称：rankingWins
- 类型：Property
- 简介：ranking wins",0,qwen-max-0125,0.0,8192,https://api2.aigcbest.top/v1,"判断结果：错误  
解释：背景知识中未明确Wins和rankingWins的属性关系，且无法依据RDFS语义规则推断Wins比rankingWins更具体。",0,1,
sample_0056,subPropertyOf,administrativeHeadCity ⊑p capital,"背景知识：
条目1：
- 名称：administrativeHeadCity
- 类型：Property
- 简介：city where stand the administrative power

条目2：
- 名称：capital
- 类型：Property
- 简介：capital",0,qwen-max-0125,0.0,8192,https://api2.aigcbest.top/v1,"判断结果：错误  
解释：根据背景知识，administrativeHeadCity和capital是两个不同的属性，前者表示行政权力所在城市，后者表示首都，二者并无明确的包含关系，因此该公理与语义规则冲突。",0,1,
sample_0057,subPropertyOf,administrativeHeadCity is a subproperty of capital.,"背景知识：
条目1：
- 名称：administrativeHeadCity
- 类型：Property
- 简介：city where stand the administrative power

条目2：
- 名称：capital
- 类型：Property
- 简介：capital",0,qwen-max-0125,0.0,8192,https://api2.aigcbest.top/v1,"判断结果：错误  
解释：根据背景知识，administrativeHeadCity表示拥有行政权力的城市，而capital表示首都，二者语义不同，且前者并不一定是后者的子属性。",0,1,
sample_0058,subPropertyOf,"If two resources are related by administrativeHeadCity, then they are also related by capital.","背景知识：
条目1：
- 名称：administrativeHeadCity
- 类型：Property
- 简介：city where stand the administrative power

条目2：
- 名称：capital
- 类型：Property
- 简介：capital",0,qwen-max-0125,0.0,8192,https://api2.aigcbest.top/v1,"判断结果：错误  
解释：根据背景知识，administrativeHeadCity表示“拥有行政权力的城市”，而capital表示“首都”，并非所有具有行政权力的城市都是首都，因此该公理与语义规则和常识冲突。",0,1,
sample_0059,subPropertyOf,"For any x and y, if x administrativeHeadCity y holds, then x capital y also holds.","背景知识：
条目1：
- 名称：administrativeHeadCity
- 类型：Property
- 简介：city where stand the administrative power

条目2：
- 名称：capital
- 类型：Property
- 简介：capital",0,qwen-max-0125,0.0,8192,https://api2.aigcbest.top/v1,"判断结果：错误  
解释：根据背景知识，administrativeHeadCity表示“拥有行政权力的城市”，而capital表示“首都”，并非所有具有行政权力的城市都是首都，因此该公理与常识和语义规则冲突。",0,1,
sample_0060,subPropertyOf,The property administrativeHeadCity is more specific than the property capital.,"背景知识：
条目1：
- 名称：administrativeHeadCity
- 类型：Property
- 简介：city where stand the administrative power

条目2：
- 名称：capital
- 类型：Property
- 简介：capital",0,qwen-max-0125,0.0,8192,https://api2.aigcbest.top/v1,"判断结果：正确  
解释：根据背景知识，administrativeHeadCity描述的是拥有行政权力的城市，而capital通常指首都，具有更广泛的含义，因此administrativeHeadCity是capital的更具体形式，符合subPropertyOf语义规则。",1,0,
sample_0061,subPropertyOf,championInMixedDouble ⊑p championInDouble,"背景知识：
条目1：
- 名称：championInMixedDouble
- 类型：Property
- 简介：winner of a competition in the mixed double session (as in tennis)

条目2：
- 名称：championInDouble
- 类型：Property
- 简介：winner of a competition in the double session (as in tennis)",1,qwen-max-0125,0.0,8192,https://api2.aigcbest.top/v1,"判断结果：正确  
解释：根据背景知识，championInMixedDouble 是混合双打比赛的获胜者，而 championInDouble 是双打比赛的获胜者，混合双打是双打的一种特殊形式，因此 championInMixedDouble 是 championInDouble 的子属性，符合 subPropertyOf 语义规则。",1,1,
sample_0062,subPropertyOf,championInMixedDouble is a subproperty of championInDouble.,"背景知识：
条目1：
- 名称：championInMixedDouble
- 类型：Property
- 简介：winner of a competition in the mixed double session (as in tennis)

条目2：
- 名称：championInDouble
- 类型：Property
- 简介：winner of a competition in the double session (as in tennis)",1,qwen-max-0125,0.0,8192,https://api2.aigcbest.top/v1,"判断结果：正确  
解释：根据背景知识，championInMixedDouble和championInDouble分别表示混合双打和双打比赛的获胜者，混合双打是双打的一种特殊形式，因此championInMixedDouble可以视为championInDouble的子属性，符合subPropertyOf语义规则。",1,1,
sample_0063,subPropertyOf,"If two resources are related by championInMixedDouble, then they are also related by championInDouble.","背景知识：
条目1：
- 名称：championInMixedDouble
- 类型：Property
- 简介：winner of a competition in the mixed double session (as in tennis)

条目2：
- 名称：championInDouble
- 类型：Property
- 简介：winner of a competition in the double session (as in tennis)",1,qwen-max-0125,0.0,8192,https://api2.aigcbest.top/v1,"判断结果：错误  
解释：根据背景知识，championInMixedDouble特指混合双打比赛的获胜者，而championInDouble泛指双打比赛的获胜者，两者语义不同，无法推导出前者必然蕴含后者。",0,0,
sample_0064,subPropertyOf,"For any x and y, if x championInMixedDouble y holds, then x championInDouble y also holds.","背景知识：
条目1：
- 名称：championInMixedDouble
- 类型：Property
- 简介：winner of a competition in the mixed double session (as in tennis)

条目2：
- 名称：championInDouble
- 类型：Property
- 简介：winner of a competition in the double session (as in tennis)",1,qwen-max-0125,0.0,8192,https://api2.aigcbest.top/v1,"判断结果：正确  
解释：根据背景知识，混合双打冠军（championInMixedDouble）属于双打冠军（championInDouble）的一种，因此该公理符合subPropertyOf的语义规则。",1,1,
sample_0065,subPropertyOf,The property championInMixedDouble is more specific than the property championInDouble.,"背景知识：
条目1：
- 名称：championInMixedDouble
- 类型：Property
- 简介：winner of a competition in the mixed double session (as in tennis)

条目2：
- 名称：championInDouble
- 类型：Property
- 简介：winner of a competition in the double session (as in tennis)",1,qwen-max-0125,0.0,8192,https://api2.aigcbest.top/v1,"判断结果：正确  
解释：根据背景知识，championInMixedDouble 是混合双打比赛的获胜者，而 championInDouble 是双打比赛的获胜者，混合双打是双打的一种特定形式，因此 championInMixedDouble 是 championInDouble 的更具体属性，符合 subPropertyOf 的语义规则。",1,1,
sample_0066,subPropertyOf,code ⊑p brinCode,"背景知识：
条目1：
- 名称：code
- 类型：Property
- 简介：Superproperty for any designation (string, integer as string) that is meant to identify an entity within the context of a system

条目2：
- 名称：brinCode
- 类型：Property
- 简介：The code used by the Dutch Ministry of Education to identify a school (as an organisation)",0,qwen-max-0125,0.0,8192,https://api2.aigcbest.top/v1,"判断结果：错误  
解释：根据背景知识，code是比brinCode更通用的属性，而公理code ⊑p brinCode表示code是brinCode的子属性，这与语义关系相冲突。",0,1,
sample_0067,subPropertyOf,code is a subproperty of brinCode.,"背景知识：
条目1：
- 名称：code
- 类型：Property
- 简介：Superproperty for any designation (string, integer as string) that is meant to identify an entity within the context of a system

条目2：
- 名称：brinCode
- 类型：Property
- 简介：The code used by the Dutch Ministry of Education to identify a school (as an organisation)",0,qwen-max-0125,0.0,8192,https://api2.aigcbest.top/v1,"判断结果：错误  
解释：根据背景知识，code是用于标识实体的超级属性，而brinCode是特定于荷兰教育部用来标识学校的代码，因此code不应是brinCode的子属性。",0,1,
sample_0068,subPropertyOf,"If two resources are related by code, then they are also related by brinCode.","背景知识：
条目1：
- 名称：code
- 类型：Property
- 简介：Superproperty for any designation (string, integer as string) that is meant to identify an entity within the context of a system

条目2：
- 名称：brinCode
- 类型：Property
- 简介：The code used by the Dutch Ministry of Education to identify a school (as an organisation)",0,qwen-max-0125,0.0,8192,https://api2.aigcbest.top/v1,"判断结果：错误  
解释：根据背景知识，code是用于标识实体的超属性，而brinCode是特定于荷兰教育部用来标识学校的代码，二者语义不同且无包含关系，因此该公理与背景知识和RDFS语义规则冲突。",0,1,
sample_0069,subPropertyOf,"For any x and y, if x code y holds, then x brinCode y also holds.","背景知识：
条目1：
- 名称：code
- 类型：Property
- 简介：Superproperty for any designation (string, integer as string) that is meant to identify an entity within the context of a system

条目2：
- 名称：brinCode
- 类型：Property
- 简介：The code used by the Dutch Ministry of Education to identify a school (as an organisation)",0,qwen-max-0125,0.0,8192,https://api2.aigcbest.top/v1,"判断结果：错误  
解释：根据背景知识，code是用于标识实体的超属性，而brinCode是特定于荷兰教育部用来标识学校的代码，二者语义范围不同，无法推导出code关系成立时brinCode关系也必然成立。",0,1,
sample_0070,subPropertyOf,The property code is more specific than the property brinCode.,"背景知识：
条目1：
- 名称：code
- 类型：Property
- 简介：Superproperty for any designation (string, integer as string) that is meant to identify an entity within the context of a system

条目2：
- 名称：brinCode
- 类型：Property
- 简介：The code used by the Dutch Ministry of Education to identify a school (as an organisation)",0,qwen-max-0125,0.0,8192,https://api2.aigcbest.top/v1,"判断结果：错误  
解释：根据背景知识，code是brinCode的超属性（superproperty），而公理声称code比brinCode更具体，与RDFS语义规则冲突。",0,1,
sample_0071,subPropertyOf,code ⊑p codeListOfHonour,"背景知识：
条目1：
- 名称：code
- 类型：Property
- 简介：Superproperty for any designation (string, integer as string) that is meant to identify an entity within the context of a system

条目2：
- 名称：codeListOfHonour
- 类型：Property
- 简介：code on List of Honour",0,qwen-max-0125,0.0,8192,https://api2.aigcbest.top/v1,"判断结果：错误  
解释：根据背景知识，code是用于标识系统中实体的超属性，而codeListOfHonour是特定场景下的属性，二者无明确包含关系，违反了subPropertyOf语义规则。",0,1,
sample_0072,subPropertyOf,code is a subproperty of codeListOfHonour.,"背景知识：
条目1：
- 名称：code
- 类型：Property
- 简介：Superproperty for any designation (string, integer as string) that is meant to identify an entity within the context of a system

条目2：
- 名称：codeListOfHonour
- 类型：Property
- 简介：code on List of Honour",0,qwen-max-0125,0.0,8192,https://api2.aigcbest.top/v1,"判断结果：错误  
解释：根据背景知识，code是用于标识系统中实体的超级属性，而codeListOfHonour是特定场景下的属性，语义上codeListOfHonour应为code的子属性而非相反。",0,1,
sample_0073,subPropertyOf,"If two resources are related by code, then they are also related by codeListOfHonour.","背景知识：
条目1：
- 名称：code
- 类型：Property
- 简介：Superproperty for any designation (string, integer as string) that is meant to identify an entity within the context of a system

条目2：
- 名称：codeListOfHonour
- 类型：Property
- 简介：code on List of Honour",0,qwen-max-0125,0.0,8192,https://api2.aigcbest.top/v1,"判断结果：错误  
解释：根据背景知识，code是用于标识系统中实体的超属性，而codeListOfHonour是特定场景下的属性，二者无明确包含关系，因此该公理与语义规则冲突。",0,1,
sample_0074,subPropertyOf,"For any x and y, if x code y holds, then x codeListOfHonour y also holds.","背景知识：
条目1：
- 名称：code
- 类型：Property
- 简介：Superproperty for any designation (string, integer as string) that is meant to identify an entity within the context of a system

条目2：
- 名称：codeListOfHonour
- 类型：Property
- 简介：code on List of Honour",0,qwen-max-0125,0.0,8192,https://api2.aigcbest.top/v1,"判断结果：错误  
解释：根据背景知识，code是比codeListOfHonour更通用的属性，而公理中将code的所有实例关系强制包含在codeListOfHonour中，违反了RDFS语义规则中的subPropertyOf约束。",0,1,
sample_0075,subPropertyOf,The property code is more specific than the property codeListOfHonour.,"背景知识：
条目1：
- 名称：code
- 类型：Property
- 简介：Superproperty for any designation (string, integer as string) that is meant to identify an entity within the context of a system

条目2：
- 名称：codeListOfHonour
- 类型：Property
- 简介：code on List of Honour",0,qwen-max-0125,0.0,8192,https://api2.aigcbest.top/v1,"判断结果：错误  
解释：根据背景知识，code是更通用的属性，而codeListOfHonour是特定场景下的属性，因此codeListOfHonour应为code的子属性，而非相反。",0,1,
sample_0076,subPropertyOf,code ⊑p codeStockExchange,"背景知识：
条目1：
- 名称：code
- 类型：Property
- 简介：Superproperty for any designation (string, integer as string) that is meant to identify an entity within the context of a system

条目2：
- 名称：codeStockExchange
- 类型：Property
- 简介：code Stock Exchange",0,qwen-max-0125,0.0,8192,https://api2.aigcbest.top/v1,"判断结果：错误  
解释：根据背景知识，code是用于标识实体的超级属性，而codeStockExchange是具体的属性，二者无明确的包含关系，因此code ⊑p codeStockExchange不符合RDFS语义规则。",0,1,
sample_0077,subPropertyOf,code is a subproperty of codeStockExchange.,"背景知识：
条目1：
- 名称：code
- 类型：Property
- 简介：Superproperty for any designation (string, integer as string) that is meant to identify an entity within the context of a system

条目2：
- 名称：codeStockExchange
- 类型：Property
- 简介：code Stock Exchange",0,qwen-max-0125,0.0,8192,https://api2.aigcbest.top/v1,"判断结果：错误  
解释：根据背景知识，code是一个更通用的属性，而codeStockExchange是特定于股票交易所的代码属性，因此code不应是codeStockExchange的子属性。",0,1,
sample_0078,subPropertyOf,"If two resources are related by code, then they are also related by codeStockExchange.","背景知识：
条目1：
- 名称：code
- 类型：Property
- 简介：Superproperty for any designation (string, integer as string) that is meant to identify an entity within the context of a system

条目2：
- 名称：codeStockExchange
- 类型：Property
- 简介：code Stock Exchange",0,qwen-max-0125,0.0,8192,https://api2.aigcbest.top/v1,"判断结果：错误  
解释：背景知识未表明code和codeStockExchange之间存在subPropertyOf关系，因此无法推断出若两个资源通过code关联，则它们也一定通过codeStockExchange关联。",0,1,
sample_0079,subPropertyOf,"For any x and y, if x code y holds, then x codeStockExchange y also holds.","背景知识：
条目1：
- 名称：code
- 类型：Property
- 简介：Superproperty for any designation (string, integer as string) that is meant to identify an entity within the context of a system

条目2：
- 名称：codeStockExchange
- 类型：Property
- 简介：code Stock Exchange",0,qwen-max-0125,0.0,8192,https://api2.aigcbest.top/v1,"判断结果：错误  
解释：根据背景知识，code是任何用于标识系统中实体的超级属性，而codeStockExchange是特定领域的属性，二者无明确包含关系，因此该公理与subPropertyOf语义规则冲突。",0,1,
sample_0080,subPropertyOf,The property code is more specific than the property codeStockExchange.,"背景知识：
条目1：
- 名称：code
- 类型：Property
- 简介：Superproperty for any designation (string, integer as string) that is meant to identify an entity within the context of a system

条目2：
- 名称：codeStockExchange
- 类型：Property
- 简介：code Stock Exchange",0,qwen-max-0125,0.0,8192,https://api2.aigcbest.top/v1,"判断结果：错误  
解释：根据背景知识，code是更通用的属性，而codeStockExchange应为code的子属性，因此该公理与subPropertyOf语义规则冲突。",0,1,
sample_0081,subPropertyOf,code ⊑p cosparId,"背景知识：
条目1：
- 名称：code
- 类型：Property
- 简介：Superproperty for any designation (string, integer as string) that is meant to identify an entity within the context of a system

条目2：
- 名称：cosparId
- 类型：Property
- 简介：Described at http://en.wikipedia.org/wiki/International_Designator",0,qwen-max-0125,0.0,8192,https://api2.aigcbest.top/v1,"判断结果：错误  
解释：根据背景知识，code是任何用于标识系统中实体的超级属性，而cosparId是一个特定的国际标识符属性，两者之间不存在明确的包含关系，因此公理code ⊑p cosparId与语义规则冲突。",0,1,
sample_0082,subPropertyOf,code is a subproperty of cosparId.,"背景知识：
条目1：
- 名称：code
- 类型：Property
- 简介：Superproperty for any designation (string, integer as string) that is meant to identify an entity within the context of a system

条目2：
- 名称：cosparId
- 类型：Property
- 简介：Described at http://en.wikipedia.org/wiki/International_Designator",0,qwen-max-0125,0.0,8192,https://api2.aigcbest.top/v1,"判断结果：错误  
解释：根据背景知识，code是一个用于标识实体的超级属性，而cosparId是特定的国际标识符属性，两者语义上不存在包含关系，因此code is a subproperty of cosparId不符合RDFS语义规则。",0,1,
sample_0083,subPropertyOf,"If two resources are related by code, then they are also related by cosparId.","背景知识：
条目1：
- 名称：code
- 类型：Property
- 简介：Superproperty for any designation (string, integer as string) that is meant to identify an entity within the context of a system

条目2：
- 名称：cosparId
- 类型：Property
- 简介：Described at http://en.wikipedia.org/wiki/International_Designator",0,qwen-max-0125,0.0,8192,https://api2.aigcbest.top/v1,"判断结果：错误  
解释：背景知识未表明code和cosparId之间存在包含关系，且语义上cosparId是特定的国际标识符，无法推断其与code具有subPropertyOf关系。",0,1,
sample_0084,subPropertyOf,"For any x and y, if x code y holds, then x cosparId y also holds.","背景知识：
条目1：
- 名称：code
- 类型：Property
- 简介：Superproperty for any designation (string, integer as string) that is meant to identify an entity within the context of a system

条目2：
- 名称：cosparId
- 类型：Property
- 简介：Described at http://en.wikipedia.org/wiki/International_Designator",0,qwen-max-0125,0.0,8192,https://api2.aigcbest.top/v1,"判断结果：错误  
解释：根据背景知识，code是用于标识实体的超级属性，而cosparId是特定的国际标识符属性，二者语义不同，无法推导出code关系蕴含cosparId关系。",0,1,
sample_0085,subPropertyOf,The property code is more specific than the property cosparId.,"背景知识：
条目1：
- 名称：code
- 类型：Property
- 简介：Superproperty for any designation (string, integer as string) that is meant to identify an entity within the context of a system

条目2：
- 名称：cosparId
- 类型：Property
- 简介：Described at http://en.wikipedia.org/wiki/International_Designator",0,qwen-max-0125,0.0,8192,https://api2.aigcbest.top/v1,"判断结果：错误  
解释：背景知识未表明code和cosparId之间存在层级关系，且语义上无法推断code比cosparId更具体。",0,1,
sample_0086,subPropertyOf,code ⊑p dfE,"背景知识：
条目1：
- 名称：code
- 类型：Property
- 简介：Superproperty for any designation (string, integer as string) that is meant to identify an entity within the context of a system

条目2：
- 名称：dfE
- 类型：Property
- 简介：Department for Education (UK) number of a school in England or Wales",0,qwen-max-0125,0.0,8192,https://api2.aigcbest.top/v1,"判断结果：错误  
解释：根据背景知识，code是用于标识系统中实体的超属性，而dfE是特定于英国教育部学校编号的属性，二者并无明确的包含关系，因此公理code ⊑p dfE与语义规则和背景知识冲突。",0,1,
sample_0087,subPropertyOf,code is a subproperty of dfE.,"背景知识：
条目1：
- 名称：code
- 类型：Property
- 简介：Superproperty for any designation (string, integer as string) that is meant to identify an entity within the context of a system

条目2：
- 名称：dfE
- 类型：Property
- 简介：Department for Education (UK) number of a school in England or Wales",0,qwen-max-0125,0.0,8192,https://api2.aigcbest.top/v1,"判断结果：错误  
解释：根据背景知识，code是一个更通用的属性，而dfE是特定于英国教育部学校的编号，因此code不应是dfE的子属性。",0,1,
sample_0088,subPropertyOf,"If two resources are related by code, then they are also related by dfE.","背景知识：
条目1：
- 名称：code
- 类型：Property
- 简介：Superproperty for any designation (string, integer as string) that is meant to identify an entity within the context of a system

条目2：
- 名称：dfE
- 类型：Property
- 简介：Department for Education (UK) number of a school in England or Wales",0,qwen-max-0125,0.0,8192,https://api2.aigcbest.top/v1,"判断结果：错误  
解释：根据背景知识，code是一个通用的标识属性，而dfE是特定于英国教育部学校的编号，两者语义范围不同，无法推导出code关系必然隐含dfE关系。",0,1,
sample_0089,subPropertyOf,"For any x and y, if x code y holds, then x dfE y also holds.","背景知识：
条目1：
- 名称：code
- 类型：Property
- 简介：Superproperty for any designation (string, integer as string) that is meant to identify an entity within the context of a system

条目2：
- 名称：dfE
- 类型：Property
- 简介：Department for Education (UK) number of a school in England or Wales",0,qwen-max-0125,0.0,8192,https://api2.aigcbest.top/v1,"判断结果：错误  
解释：根据背景知识，code是用于标识实体的超级属性，而dfE是特定于英国教育部学校编号的属性，两者语义不同且无包含关系，因此x code y成立时无法推导出x dfE y。",0,1,
sample_0090,subPropertyOf,The property code is more specific than the property dfE.,"背景知识：
条目1：
- 名称：code
- 类型：Property
- 简介：Superproperty for any designation (string, integer as string) that is meant to identify an entity within the context of a system

条目2：
- 名称：dfE
- 类型：Property
- 简介：Department for Education (UK) number of a school in England or Wales",0,qwen-max-0125,0.0,8192,https://api2.aigcbest.top/v1,"判断结果：正确  
解释：根据背景知识，code是用于标识系统中实体的超属性，而dfE是特定于英国教育部学校编号的属性，因此code比dfE更通用，符合subPropertyOf语义规则。",1,0,
sample_0091,subPropertyOf,code ⊑p dutchNAIdentifier,"背景知识：
条目1：
- 名称：code
- 类型：Property
- 简介：Superproperty for any designation (string, integer as string) that is meant to identify an entity within the context of a system

条目2：
- 名称：dutchNAIdentifier
- 类型：Property
- 简介：Identifier for Duch National Archive",0,qwen-max-0125,0.0,8192,https://api2.aigcbest.top/v1,"判断结果：错误  
解释：根据背景知识，code是任何用于标识系统中实体的超级属性，而dutchNAIdentifier是特定于荷兰国家档案馆的标识符，两者之间不存在明确的包含关系，因此该公理与语义规则冲突。",0,1,
sample_0092,subPropertyOf,code is a subproperty of dutchNAIdentifier.,"背景知识：
条目1：
- 名称：code
- 类型：Property
- 简介：Superproperty for any designation (string, integer as string) that is meant to identify an entity within the context of a system

条目2：
- 名称：dutchNAIdentifier
- 类型：Property
- 简介：Identifier for Duch National Archive",0,qwen-max-0125,0.0,8192,https://api2.aigcbest.top/v1,"判断结果：错误  
解释：根据背景知识，code是一个通用的超级属性，用于标识系统中的实体，而dutchNAIdentifier是特定于荷兰国家档案馆的标识符，语义上不具备包含关系，因此该公理与背景知识冲突。",0,1,
sample_0093,subPropertyOf,"If two resources are related by code, then they are also related by dutchNAIdentifier.","背景知识：
条目1：
- 名称：code
- 类型：Property
- 简介：Superproperty for any designation (string, integer as string) that is meant to identify an entity within the context of a system

条目2：
- 名称：dutchNAIdentifier
- 类型：Property
- 简介：Identifier for Duch National Archive",0,qwen-max-0125,0.0,8192,https://api2.aigcbest.top/v1,"判断结果：错误  
解释：根据背景知识，code是任何用于标识系统中实体的超级属性，而dutchNAIdentifier是特定于荷兰国家档案馆的标识符，二者并无明确的包含关系或等价性，因此该公理与语义规则和背景知识冲突。",0,1,
sample_0094,subPropertyOf,"For any x and y, if x code y holds, then x dutchNAIdentifier y also holds.","背景知识：
条目1：
- 名称：code
- 类型：Property
- 简介：Superproperty for any designation (string, integer as string) that is meant to identify an entity within the context of a system

条目2：
- 名称：dutchNAIdentifier
- 类型：Property
- 简介：Identifier for Duch National Archive",0,qwen-max-0125,0.0,8192,https://api2.aigcbest.top/v1,"判断结果：错误  
解释：根据背景知识，code是任何用于标识系统中实体的超级属性，而dutchNAIdentifier是特定于荷兰国家档案馆的标识符属性，两者语义范围不同，无法推导出code与dutchNAIdentifier之间的包含关系。",0,1,
sample_0095,subPropertyOf,The property code is more specific than the property dutchNAIdentifier.,"背景知识：
条目1：
- 名称：code
- 类型：Property
- 简介：Superproperty for any designation (string, integer as string) that is meant to identify an entity within the context of a system

条目2：
- 名称：dutchNAIdentifier
- 类型：Property
- 简介：Identifier for Duch National Archive",0,qwen-max-0125,0.0,8192,https://api2.aigcbest.top/v1,"判断结果：错误  
解释：根据背景知识，code是用于标识系统中实体的超级属性，而dutchNAIdentifier是特定于荷兰国家档案馆的标识符，语义上dutchNAIdentifier应为code的子属性，而非相反。",0,1,
sample_0096,subPropertyOf,code ⊑p dutchPPNCode,"背景知识：
条目1：
- 名称：code
- 类型：Property
- 简介：Superproperty for any designation (string, integer as string) that is meant to identify an entity within the context of a system

条目2：
- 名称：dutchPPNCode
- 类型：Property
- 简介：Dutch PPN code is a library cataloguing code for collection items (books, journals and the like).",0,qwen-max-0125,0.0,8192,https://api2.aigcbest.top/v1,"判断结果：错误  
解释：根据背景知识，code是任何用于标识系统中实体的超级属性，而dutchPPNCode是特定的荷兰图书馆编目代码，两者之间不存在包含关系，因此该公理与语义规则冲突。",0,1,
sample_0097,subPropertyOf,code is a subproperty of dutchPPNCode.,"背景知识：
条目1：
- 名称：code
- 类型：Property
- 简介：Superproperty for any designation (string, integer as string) that is meant to identify an entity within the context of a system

条目2：
- 名称：dutchPPNCode
- 类型：Property
- 简介：Dutch PPN code is a library cataloguing code for collection items (books, journals and the like).",0,qwen-max-0125,0.0,8192,https://api2.aigcbest.top/v1,"判断结果：错误  
解释：根据背景知识，code是任何用于标识系统中实体的超级属性，而dutchPPNCode是特定于荷兰图书馆编目代码的属性，语义上dutchPPNCode应为code的子属性，而非相反。",0,1,
sample_0098,subPropertyOf,"If two resources are related by code, then they are also related by dutchPPNCode.","背景知识：
条目1：
- 名称：code
- 类型：Property
- 简介：Superproperty for any designation (string, integer as string) that is meant to identify an entity within the context of a system

条目2：
- 名称：dutchPPNCode
- 类型：Property
- 简介：Dutch PPN code is a library cataloguing code for collection items (books, journals and the like).",0,qwen-max-0125,0.0,8192,https://api2.aigcbest.top/v1,"判断结果：错误  
解释：根据背景知识，code是任何用于标识系统中实体的超级属性，而dutchPPNCode是特定于荷兰图书馆编目代码的属性，二者并无必然的包含关系，因此该公理与语义规则冲突。",0,1,
sample_0099,subPropertyOf,"For any x and y, if x code y holds, then x dutchPPNCode y also holds.","背景知识：
条目1：
- 名称：code
- 类型：Property
- 简介：Superproperty for any designation (string, integer as string) that is meant to identify an entity within the context of a system

条目2：
- 名称：dutchPPNCode
- 类型：Property
- 简介：Dutch PPN code is a library cataloguing code for collection items (books, journals and the like).",0,qwen-max-0125,0.0,8192,https://api2.aigcbest.top/v1,"判断结果：错误  
解释：根据背景知识，code是任何用于标识系统中实体的超级属性，而dutchPPNCode是特定的荷兰图书馆编目代码，二者并无必然包含关系，因此该公理与语义规则冲突。",0,1,
sample_0100,subPropertyOf,The property code is more specific than the property dutchPPNCode.,"背景知识：
条目1：
- 名称：code
- 类型：Property
- 简介：Superproperty for any designation (string, integer as string) that is meant to identify an entity within the context of a system

条目2：
- 名称：dutchPPNCode
- 类型：Property
- 简介：Dutch PPN code is a library cataloguing code for collection items (books, journals and the like).",0,qwen-max-0125,0.0,8192,https://api2.aigcbest.top/v1,"判断结果：错误  
解释：根据背景知识，code是dutchPPNCode的更通用概念，而非更具体的概念，因此该公理与subPropertyOf语义规则冲突。",0,1,
sample_0101,subPropertyOf,code ⊑p dutchWinkelID,"背景知识：
条目1：
- 名称：code
- 类型：Property
- 简介：Superproperty for any designation (string, integer as string) that is meant to identify an entity within the context of a system

条目2：
- 名称：dutchWinkelID
- 类型：Property
- 简介：Dutch Winkel ID is a code for an underground publication, as attributed by Lydia Winkel's work on the underground WW II press in the Netherlands.",0,qwen-max-0125,0.0,8192,https://api2.aigcbest.top/v1,"判断结果：错误  
解释：根据背景知识，dutchWinkelID是code的一种具体实现，而公理code ⊑p dutchWinkelID表示code是dutchWinkelID的子属性，这与语义关系相冲突。",0,1,
sample_0102,subPropertyOf,code is a subproperty of dutchWinkelID.,"背景知识：
条目1：
- 名称：code
- 类型：Property
- 简介：Superproperty for any designation (string, integer as string) that is meant to identify an entity within the context of a system

条目2：
- 名称：dutchWinkelID
- 类型：Property
- 简介：Dutch Winkel ID is a code for an underground publication, as attributed by Lydia Winkel's work on the underground WW II press in the Netherlands.",0,qwen-max-0125,0.0,8192,https://api2.aigcbest.top/v1,"判断结果：错误  
解释：根据背景知识，code是一个更通用的属性，而dutchWinkelID是特定领域的属性，因此dutchWinkelID应为code的子属性，而非相反。",0,1,
sample_0103,subPropertyOf,"If two resources are related by code, then they are also related by dutchWinkelID.","背景知识：
条目1：
- 名称：code
- 类型：Property
- 简介：Superproperty for any designation (string, integer as string) that is meant to identify an entity within the context of a system

条目2：
- 名称：dutchWinkelID
- 类型：Property
- 简介：Dutch Winkel ID is a code for an underground publication, as attributed by Lydia Winkel's work on the underground WW II press in the Netherlands.",0,qwen-max-0125,0.0,8192,https://api2.aigcbest.top/v1,"判断结果：错误  
解释：根据背景知识，code是一个通用的超属性，而dutchWinkelID是特定领域的属性，两者之间没有包含或等价关系，因此无法推导出code相关的资源一定与dutchWinkelID相关。",0,1,
sample_0104,subPropertyOf,"For any x and y, if x code y holds, then x dutchWinkelID y also holds.","背景知识：
条目1：
- 名称：code
- 类型：Property
- 简介：Superproperty for any designation (string, integer as string) that is meant to identify an entity within the context of a system

条目2：
- 名称：dutchWinkelID
- 类型：Property
- 简介：Dutch Winkel ID is a code for an underground publication, as attributed by Lydia Winkel's work on the underground WW II press in the Netherlands.",0,qwen-max-0125,0.0,8192,https://api2.aigcbest.top/v1,"判断结果：错误  
解释：根据背景知识，code是任何用于标识系统中实体的超级属性，而dutchWinkelID是特定上下文中的具体属性，两者并无必然包含关系，因此该公理与语义规则冲突。",0,1,
sample_0105,subPropertyOf,The property code is more specific than the property dutchWinkelID.,"背景知识：
条目1：
- 名称：code
- 类型：Property
- 简介：Superproperty for any designation (string, integer as string) that is meant to identify an entity within the context of a system

条目2：
- 名称：dutchWinkelID
- 类型：Property
- 简介：Dutch Winkel ID is a code for an underground publication, as attributed by Lydia Winkel's work on the underground WW II press in the Netherlands.",0,qwen-max-0125,0.0,8192,https://api2.aigcbest.top/v1,"判断结果：正确  
解释：根据背景知识，dutchWinkelID是code的一种具体形式，因此code作为更通用的属性，与dutchWinkelID构成subPropertyOf关系，符合RDFS语义规则。",1,0,
sample_0106,subPropertyOf,code ⊑p individualisedGnd,"背景知识：
条目1：
- 名称：code
- 类型：Property
- 简介：Superproperty for any designation (string, integer as string) that is meant to identify an entity within the context of a system

条目2：
- 名称：individualisedGnd
- 类型：Property
- 简介：GND (Gemeinsame Normdatei) is an international authority file for the organisation of personal names, subject headings and corporate bodies from catalogues. It is used mainly for documentation in libraries and archives. The GND is managed b...",0,qwen-max-0125,0.0,8192,https://api2.aigcbest.top/v1,"判断结果：错误  
解释：根据背景知识，code和individualisedGnd是两个独立的属性，且没有信息表明code是individualisedGnd的子属性，因此该公理与背景知识不符。",0,1,
sample_0107,subPropertyOf,code is a subproperty of individualisedGnd.,"背景知识：
条目1：
- 名称：code
- 类型：Property
- 简介：Superproperty for any designation (string, integer as string) that is meant to identify an entity within the context of a system

条目2：
- 名称：individualisedGnd
- 类型：Property
- 简介：GND (Gemeinsame Normdatei) is an international authority file for the organisation of personal names, subject headings and corporate bodies from catalogues. It is used mainly for documentation in libraries and archives. The GND is managed b...",0,qwen-max-0125,0.0,8192,https://api2.aigcbest.top/v1,"判断结果：错误  
解释：根据背景知识，code是一个用于标识系统中实体的超级属性，而individualisedGnd是与GND相关的特定属性，二者在语义上并无包含关系，因此该公理与背景知识冲突。",0,1,
sample_0108,subPropertyOf,"If two resources are related by code, then they are also related by individualisedGnd.","背景知识：
条目1：
- 名称：code
- 类型：Property
- 简介：Superproperty for any designation (string, integer as string) that is meant to identify an entity within the context of a system

条目2：
- 名称：individualisedGnd
- 类型：Property
- 简介：GND (Gemeinsame Normdatei) is an international authority file for the organisation of personal names, subject headings and corporate bodies from catalogues. It is used mainly for documentation in libraries and archives. The GND is managed b...",0,qwen-max-0125,0.0,8192,https://api2.aigcbest.top/v1,"判断结果：错误  
解释：根据背景知识，code是一个用于标识实体的通用属性，而individualisedGnd是特定于GND规范的属性，二者无明确包含关系或等价性，因此该公理与语义规则冲突。",0,1,
sample_0109,subPropertyOf,"For any x and y, if x code y holds, then x individualisedGnd y also holds.","背景知识：
条目1：
- 名称：code
- 类型：Property
- 简介：Superproperty for any designation (string, integer as string) that is meant to identify an entity within the context of a system

条目2：
- 名称：individualisedGnd
- 类型：Property
- 简介：GND (Gemeinsame Normdatei) is an international authority file for the organisation of personal names, subject headings and corporate bodies from catalogues. It is used mainly for documentation in libraries and archives. The GND is managed b...",0,qwen-max-0125,0.0,8192,https://api2.aigcbest.top/v1,"判断结果：错误  
解释：根据背景知识，code和individualisedGnd是两个独立的属性，前者用于标识系统中的实体，后者与GND规范相关，二者无包含或等价关系，因此该公理不符合RDFS语义规则。",0,1,
sample_0110,subPropertyOf,The property code is more specific than the property individualisedGnd.,"背景知识：
条目1：
- 名称：code
- 类型：Property
- 简介：Superproperty for any designation (string, integer as string) that is meant to identify an entity within the context of a system

条目2：
- 名称：individualisedGnd
- 类型：Property
- 简介：GND (Gemeinsame Normdatei) is an international authority file for the organisation of personal names, subject headings and corporate bodies from catalogues. It is used mainly for documentation in libraries and archives. The GND is managed b...",0,qwen-max-0125,0.0,8192,https://api2.aigcbest.top/v1,"判断结果：错误  
解释：根据背景知识，code和individualisedGnd的语义描述未表明它们之间存在层级关系，因此无法推断code是individualisedGnd的更具体属性。",0,1,
sample_0111,subPropertyOf,codeSettlement ⊑p inseeCode,"背景知识：
条目1：
- 名称：codeSettlement
- 类型：Property
- 简介：settlement code

条目2：
- 名称：inseeCode
- 类型：Property
- 简介：numerical indexing code used by the French National Institute for Statistics and Economic Studies (INSEE) to identify various entities",0,qwen-max-0125,0.0,8192,https://api2.aigcbest.top/v1,"判断结果：错误  
解释：根据背景知识，codeSettlement和inseeCode是两种不同的属性，且没有信息表明codeSettlement一定是inseeCode的子属性，因此该公理与背景知识不符。",0,1,
sample_0112,subPropertyOf,codeSettlement is a subproperty of inseeCode.,"背景知识：
条目1：
- 名称：codeSettlement
- 类型：Property
- 简介：settlement code

条目2：
- 名称：inseeCode
- 类型：Property
- 简介：numerical indexing code used by the French National Institute for Statistics and Economic Studies (INSEE) to identify various entities",0,qwen-max-0125,0.0,8192,https://api2.aigcbest.top/v1,"判断结果：错误  
解释：根据背景知识，codeSettlement和inseeCode是两个独立的属性，且没有信息表明codeSettlement在语义上是inseeCode的子属性。",0,1,
sample_0113,subPropertyOf,"If two resources are related by codeSettlement, then they are also related by inseeCode.","背景知识：
条目1：
- 名称：codeSettlement
- 类型：Property
- 简介：settlement code

条目2：
- 名称：inseeCode
- 类型：Property
- 简介：numerical indexing code used by the French National Institute for Statistics and Economic Studies (INSEE) to identify various entities",0,qwen-max-0125,0.0,8192,https://api2.aigcbest.top/v1,"判断结果：错误  
解释：背景知识未表明codeSettlement和inseeCode之间存在包含或等价关系，因此无法推断两者具有此公理所描述的语义约束。",0,1,
sample_0114,subPropertyOf,"For any x and y, if x codeSettlement y holds, then x inseeCode y also holds.","背景知识：
条目1：
- 名称：codeSettlement
- 类型：Property
- 简介：settlement code

条目2：
- 名称：inseeCode
- 类型：Property
- 简介：numerical indexing code used by the French National Institute for Statistics and Economic Studies (INSEE) to identify various entities",0,qwen-max-0125,0.0,8192,https://api2.aigcbest.top/v1,"判断结果：错误  
解释：根据背景知识，codeSettlement和inseeCode是两个独立的属性，没有信息表明它们之间存在包含或等价关系，因此无法推断x codeSettlement y成立时x inseeCode y也成立。",0,1,
sample_0115,subPropertyOf,The property codeSettlement is more specific than the property inseeCode.,"背景知识：
条目1：
- 名称：codeSettlement
- 类型：Property
- 简介：settlement code

条目2：
- 名称：inseeCode
- 类型：Property
- 简介：numerical indexing code used by the French National Institute for Statistics and Economic Studies (INSEE) to identify various entities",0,qwen-max-0125,0.0,8192,https://api2.aigcbest.top/v1,"判断结果：错误  
解释：背景知识未表明codeSettlement与inseeCode之间存在包含关系，且两者描述的语义不同，无法推断前者比后者更具体。",0,1,
sample_0116,subPropertyOf,colourHexCode ⊑p code,"背景知识：
条目1：
- 名称：colourHexCode
- 类型：Property
- 简介：A colour represented by its hex code (e.g.: #FF0000 or #40E0D0)

条目2：
- 名称：code
- 类型：Property
- 简介：Superproperty for any designation (string, integer as string) that is meant to identify an entity within the context of a system",1,qwen-max-0125,0.0,8192,https://api2.aigcbest.top/v1,"判断结果：正确  
解释：根据背景知识，colourHexCode 是一种特定的标识属性，而 code 是更通用的标识属性，符合 subPropertyOf 的语义规则，即 colourHexCode 是 code 的子属性。",1,1,
sample_0117,subPropertyOf,colourHexCode is a subproperty of code.,"背景知识：
条目1：
- 名称：colourHexCode
- 类型：Property
- 简介：A colour represented by its hex code (e.g.: #FF0000 or #40E0D0)

条目2：
- 名称：code
- 类型：Property
- 简介：Superproperty for any designation (string, integer as string) that is meant to identify an entity within the context of a system",1,qwen-max-0125,0.0,8192,https://api2.aigcbest.top/v1,"判断结果：正确  
解释：根据背景知识，colourHexCode是一种通过十六进制代码表示颜色的属性，而code是用于标识实体的超级属性，语义上colourHexCode可以被视为code的一种具体形式，符合subPropertyOf的语义规则。",1,1,
sample_0118,subPropertyOf,"If two resources are related by colourHexCode, then they are also related by code.","背景知识：
条目1：
- 名称：colourHexCode
- 类型：Property
- 简介：A colour represented by its hex code (e.g.: #FF0000 or #40E0D0)

条目2：
- 名称：code
- 类型：Property
- 简介：Superproperty for any designation (string, integer as string) that is meant to identify an entity within the context of a system",1,qwen-max-0125,0.0,8192,https://api2.aigcbest.top/v1,"判断结果：正确  
解释：根据背景知识，colourHexCode是一种特定的标识属性，而code是更通用的标识属性，因此可以推断colourHexCode是code的子属性，符合RDFS的subPropertyOf语义规则。",1,1,
sample_0119,subPropertyOf,"For any x and y, if x colourHexCode y holds, then x code y also holds.","背景知识：
条目1：
- 名称：colourHexCode
- 类型：Property
- 简介：A colour represented by its hex code (e.g.: #FF0000 or #40E0D0)

条目2：
- 名称：code
- 类型：Property
- 简介：Superproperty for any designation (string, integer as string) that is meant to identify an entity within the context of a system",1,qwen-max-0125,0.0,8192,https://api2.aigcbest.top/v1,"判断结果：正确  
解释：根据背景知识，colourHexCode是用于表示颜色的十六进制代码的属性，而code是任何用于标识实体的超级属性，因此colourHexCode作为code的一种具体形式，符合subPropertyOf的语义规则。",1,1,
sample_0120,subPropertyOf,The property colourHexCode is more specific than the property code.,"背景知识：
条目1：
- 名称：colourHexCode
- 类型：Property
- 简介：A colour represented by its hex code (e.g.: #FF0000 or #40E0D0)

条目2：
- 名称：code
- 类型：Property
- 简介：Superproperty for any designation (string, integer as string) that is meant to identify an entity within the context of a system",1,qwen-max-0125,0.0,8192,https://api2.aigcbest.top/v1,"判断结果：正确  
解释：根据背景知识，colourHexCode是用于表示颜色的十六进制代码的属性，而code是一个更通用的标识属性，因此可以合理推断colourHexCode是code的一个更具体形式，符合subPropertyOf语义规则。",1,1,
sample_0121,subPropertyOf,followedBy ⊑p nextMission,"背景知识：
条目1：
- 名称：followedBy
- 类型：Property
- 简介：followed by

条目2：
- 名称：nextMission
- 类型：Property
- 简介：next mission",0,qwen-max-0125,0.0,8192,https://api2.aigcbest.top/v1,"判断结果：错误  
解释：根据背景知识，followedBy和nextMission是两个独立的属性，语义上并无明显的包含关系，因此followedBy ⊑p nextMission不符合RDFS的subPropertyOf语义规则。",0,1,
sample_0122,subPropertyOf,followedBy is a subproperty of nextMission.,"背景知识：
条目1：
- 名称：followedBy
- 类型：Property
- 简介：followed by

条目2：
- 名称：nextMission
- 类型：Property
- 简介：next mission",0,qwen-max-0125,0.0,8192,https://api2.aigcbest.top/v1,"判断结果：错误  
解释：根据背景知识，followedBy和nextMission是两个独立的属性，语义上并无明显的包含关系，因此followedBy不是nextMission的子属性。",0,1,
sample_0123,subPropertyOf,"If two resources are related by followedBy, then they are also related by nextMission.","背景知识：
条目1：
- 名称：followedBy
- 类型：Property
- 简介：followed by

条目2：
- 名称：nextMission
- 类型：Property
- 简介：next mission",0,qwen-max-0125,0.0,8192,https://api2.aigcbest.top/v1,"判断结果：错误  
解释：根据背景知识，followedBy和nextMission是两个独立的属性，没有明确的语义或规则表明它们之间存在包含关系或等价性。",0,1,
sample_0124,subPropertyOf,"For any x and y, if x followedBy y holds, then x nextMission y also holds.","背景知识：
条目1：
- 名称：followedBy
- 类型：Property
- 简介：followed by

条目2：
- 名称：nextMission
- 类型：Property
- 简介：next mission",0,qwen-max-0125,0.0,8192,https://api2.aigcbest.top/v1,"判断结果：错误  
解释：根据背景知识，followedBy和nextMission是两个独立的属性，语义上并无包含关系，因此无法推导出x followedBy y成立时x nextMission y也成立。",0,1,
sample_0125,subPropertyOf,The property followedBy is more specific than the property nextMission.,"背景知识：
条目1：
- 名称：followedBy
- 类型：Property
- 简介：followed by

条目2：
- 名称：nextMission
- 类型：Property
- 简介：next mission",0,qwen-max-0125,0.0,8192,https://api2.aigcbest.top/v1,"判断结果：正确  
解释：根据背景知识，followedBy和nextMission均为属性，且语义上followedBy可以被视为nextMission的一种更具体表达，符合subPropertyOf的语义规则。",1,0,
sample_0126,subPropertyOf,keyPerson ⊑p commandant,"背景知识：
条目1：
- 名称：keyPerson
- 类型：Property
- 简介：key person

条目2：
- 名称：commandant
- 类型：Property
- 简介：commandant",0,qwen-max-0125,0.0,8192,https://api2.aigcbest.top/v1,"判断结果：错误  
解释：根据背景知识，keyPerson和commandant是两种不同的属性，没有明确的语义或常识表明keyPerson一定是commandant的子属性，因此该公理与背景知识不符。",0,1,
sample_0127,subPropertyOf,keyPerson is a subproperty of commandant.,"背景知识：
条目1：
- 名称：keyPerson
- 类型：Property
- 简介：key person

条目2：
- 名称：commandant
- 类型：Property
- 简介：commandant",0,qwen-max-0125,0.0,8192,https://api2.aigcbest.top/v1,"判断结果：错误  
解释：背景知识中未提供keyPerson和commandant之间的明确语义关系，无法支持keyPerson是commandant的子属性这一公理。",0,1,
sample_0128,subPropertyOf,"If two resources are related by keyPerson, then they are also related by commandant.","背景知识：
条目1：
- 名称：keyPerson
- 类型：Property
- 简介：key person

条目2：
- 名称：commandant
- 类型：Property
- 简介：commandant",0,qwen-max-0125,0.0,8192,https://api2.aigcbest.top/v1,"判断结果：错误  
解释：背景知识未表明keyPerson和commandant之间存在包含关系，因此无法推断两者具有subPropertyOf的语义关系。",0,1,
sample_0129,subPropertyOf,"For any x and y, if x keyPerson y holds, then x commandant y also holds.","背景知识：
条目1：
- 名称：keyPerson
- 类型：Property
- 简介：key person

条目2：
- 名称：commandant
- 类型：Property
- 简介：commandant",0,qwen-max-0125,0.0,8192,https://api2.aigcbest.top/v1,"判断结果：错误  
解释：背景知识未表明keyPerson和commandant之间存在包含关系，因此无法推断x keyPerson y成立时x commandant y也成立。",0,1,
sample_0130,subPropertyOf,The property keyPerson is more specific than the property commandant.,"背景知识：
条目1：
- 名称：keyPerson
- 类型：Property
- 简介：key person

条目2：
- 名称：commandant
- 类型：Property
- 简介：commandant",0,qwen-max-0125,0.0,8192,https://api2.aigcbest.top/v1,"判断结果：错误  
解释：背景知识中未提供keyPerson和commandant之间的语义关系，无法推断keyPerson比commandant更具体。",0,1,
sample_0131,domain,domain(acquirementDate) = Planet,"背景知识：
条目1：
- 名称：acquirementDate
- 类型：Property
- 简介：date of acquirement

条目2：
- 名称：Planet
- 类型：Class
- 简介：planet",0,qwen-max-0125,0.0,8192,https://api2.aigcbest.top/v1,"判断结果：错误  
解释：根据背景知识，acquirementDate是一个日期属性，而Planet是一个类，二者语义上无直接关联，domain(acquirementDate) = Planet与常识和语义规则冲突。",0,1,
sample_0132,domain,The domain of acquirementDate is Planet.,"背景知识：
条目1：
- 名称：acquirementDate
- 类型：Property
- 简介：date of acquirement

条目2：
- 名称：Planet
- 类型：Class
- 简介：planet",0,qwen-max-0125,0.0,8192,https://api2.aigcbest.top/v1,"判断结果：错误  
解释：根据背景知识，acquirementDate表示“获取日期”，其语义与Planet（行星）无直接关联，因此将Planet设为其domain不符合常识和语义规则。",0,1,
sample_0133,domain,"If a resource uses property acquirementDate as subject, then it should belong to class Planet.","背景知识：
条目1：
- 名称：acquirementDate
- 类型：Property
- 简介：date of acquirement

条目2：
- 名称：Planet
- 类型：Class
- 简介：planet",0,qwen-max-0125,0.0,8192,https://api2.aigcbest.top/v1,"判断结果：错误  
解释：根据背景知识，acquirementDate是一个属性，而Planet是一个类，RDFS语义规则中没有支持“属性作为主体属于某个类”的约束定义，因此该公理与RDFS语义规则冲突。",0,1,
sample_0134,domain,"For any x and y, if x acquirementDate y holds, then x is an instance of Planet.","背景知识：
条目1：
- 名称：acquirementDate
- 类型：Property
- 简介：date of acquirement

条目2：
- 名称：Planet
- 类型：Class
- 简介：planet",0,qwen-max-0125,0.0,8192,https://api2.aigcbest.top/v1,"判断结果：错误  
解释：根据背景知识，acquirementDate是一个属性，而Planet是一个类，但公理中未提供任何信息表明acquirementDate的主体必须是Planet的实例，因此该公理与背景知识和RDFS语义规则冲突。",0,1,
sample_0135,domain,Property acquirementDate can only be applied to subjects of class Planet.,"背景知识：
条目1：
- 名称：acquirementDate
- 类型：Property
- 简介：date of acquirement

条目2：
- 名称：Planet
- 类型：Class
- 简介：planet",0,qwen-max-0125,0.0,8192,https://api2.aigcbest.top/v1,"判断结果：错误  
解释：背景知识未表明acquirementDate的主体必须属于Planet类，且RDFS语义规则中无此类强制约束。",0,1,
sample_0136,domain,domain(address) = Place,"背景知识：
条目1：
- 名称：address
- 类型：Property
- 简介：Address of something as literal. Usually Building, but we also use it for the address of a Region's or Settlement's government

条目2：
- 名称：Place
- 类型：Class
- 简介：place",1,qwen-max-0125,0.0,8192,https://api2.aigcbest.top/v1,"判断结果：正确  
解释：根据背景知识，address属性描述某事物的地址，而Place类表示地点，语义上地址的主体可以是地点，符合domain(address) = Place的约束。",1,1,
sample_0137,domain,The domain of address is Place.,"背景知识：
条目1：
- 名称：address
- 类型：Property
- 简介：Address of something as literal. Usually Building, but we also use it for the address of a Region's or Settlement's government

条目2：
- 名称：Place
- 类型：Class
- 简介：place",1,qwen-max-0125,0.0,8192,https://api2.aigcbest.top/v1,"判断结果：正确  
解释：根据背景知识，address 是一个属性，Place 是一个类，且 address 描述的是某事物的地址，通常与地点相关，因此将 address 的 domain 定义为 Place 符合 RDFS 语义规则和常识。",1,1,
sample_0138,domain,"If a resource uses property address as subject, then it should belong to class Place.","背景知识：
条目1：
- 名称：address
- 类型：Property
- 简介：Address of something as literal. Usually Building, but we also use it for the address of a Region's or Settlement's government

条目2：
- 名称：Place
- 类型：Class
- 简介：place",1,qwen-max-0125,0.0,8192,https://api2.aigcbest.top/v1,"判断结果：错误  
解释：根据背景知识，address是用于描述某事物的地址属性，而Place是一个表示地点的类，公理中将address作为主体(subject)与语义规则不符，因为address应作为属性(predicate)使用。",0,0,
sample_0139,domain,"For any x and y, if x address y holds, then x is an instance of Place.","背景知识：
条目1：
- 名称：address
- 类型：Property
- 简介：Address of something as literal. Usually Building, but we also use it for the address of a Region's or Settlement's government

条目2：
- 名称：Place
- 类型：Class
- 简介：place",1,qwen-max-0125,0.0,8192,https://api2.aigcbest.top/v1,"判断结果：正确  
解释：根据背景知识，address 是一个属性，而 Place 是一个类，公理表明任何具有 address 属性的主体 x 必须是 Place 的实例，这符合 RDFS 中 domain 的语义约束。",1,1,
sample_0140,domain,Property address can only be applied to subjects of class Place.,"背景知识：
条目1：
- 名称：address
- 类型：Property
- 简介：Address of something as literal. Usually Building, but we also use it for the address of a Region's or Settlement's government

条目2：
- 名称：Place
- 类型：Class
- 简介：place",1,qwen-max-0125,0.0,8192,https://api2.aigcbest.top/v1,"判断结果：正确  
解释：根据背景知识，address 是一个属性，Place 是一个类，且公理表明 address 的主体必须属于 Place 类，这符合 RDFS 中 domain 的语义规则。",1,1,
sample_0141,domain,domain(administrativeDistrict) = EducationalInstitution,"背景知识：
条目1：
- 名称：administrativeDistrict
- 类型：Property
- 简介：administrative district

条目2：
- 名称：EducationalInstitution
- 类型：Class
- 简介：educational institution",0,qwen-max-0125,0.0,8192,https://api2.aigcbest.top/v1,"判断结果：错误  
解释：根据背景知识，administrativeDistrict是一个属性，而EducationalInstitution是一个类，将administrativeDistrict的主体限定为EducationalInstitution与常识不符，因为行政区域通常不专门属于教育机构。",0,1,
sample_0142,domain,The domain of administrativeDistrict is EducationalInstitution.,"背景知识：
条目1：
- 名称：administrativeDistrict
- 类型：Property
- 简介：administrative district

条目2：
- 名称：EducationalInstitution
- 类型：Class
- 简介：educational institution",0,qwen-max-0125,0.0,8192,https://api2.aigcbest.top/v1,"判断结果：错误  
解释：根据背景知识，administrativeDistrict的语义为“行政区域”，而EducationalInstitution表示“教育机构”，二者无直接语义关联，且RDFS的domain规则要求属性主体属于指定类，此处约束不合理。",0,1,
sample_0143,domain,"If a resource uses property administrativeDistrict as subject, then it should belong to class EducationalInstitution.","背景知识：
条目1：
- 名称：administrativeDistrict
- 类型：Property
- 简介：administrative district

条目2：
- 名称：EducationalInstitution
- 类型：Class
- 简介：educational institution",0,qwen-max-0125,0.0,8192,https://api2.aigcbest.top/v1,"判断结果：错误  
解释：根据背景知识，administrativeDistrict是一个属性，而公理中将其作为主体使用，与RDFS语义规则不符。",0,1,
sample_0144,domain,"For any x and y, if x administrativeDistrict y holds, then x is an instance of EducationalInstitution.","背景知识：
条目1：
- 名称：administrativeDistrict
- 类型：Property
- 简介：administrative district

条目2：
- 名称：EducationalInstitution
- 类型：Class
- 简介：educational institution",0,qwen-max-0125,0.0,8192,https://api2.aigcbest.top/v1,"判断结果：错误  
解释：根据背景知识，administrativeDistrict是一个属性，而EducationalInstitution是一个类，但公理中将属性的主体直接约束为EducationalInstitution的实例，缺乏合理的语义支持且与RDFS语义规则不符。",0,1,
sample_0145,domain,Property administrativeDistrict can only be applied to subjects of class EducationalInstitution.,"背景知识：
条目1：
- 名称：administrativeDistrict
- 类型：Property
- 简介：administrative district

条目2：
- 名称：EducationalInstitution
- 类型：Class
- 简介：educational institution",0,qwen-max-0125,0.0,8192,https://api2.aigcbest.top/v1,"判断结果：错误  
解释：背景知识未表明administrativeDistrict属性的主体必须属于EducationalInstitution类，且该约束与常识不符，因为行政区域通常可关联多种实体类型。",0,1,
sample_0146,domain,domain(agency) = BaseballPlayer,"背景知识：
条目1：
- 名称：agency
- 类型：Property
- 简介：agency

条目2：
- 名称：BaseballPlayer
- 类型：Class
- 简介：baseball player",0,qwen-max-0125,0.0,8192,https://api2.aigcbest.top/v1,"判断结果：错误  
解释：根据背景知识，agency是一个属性，而BaseballPlayer是一个类，domain(agency) = BaseballPlayer表示agency的主体必须是BaseballPlayer，但背景知识未提供任何支持此约束的信息，且常识中agency的主体未必仅限于BaseballPlayer，因此该公理不合理。",0,1,
sample_0147,domain,The domain of agency is BaseballPlayer.,"背景知识：
条目1：
- 名称：agency
- 类型：Property
- 简介：agency

条目2：
- 名称：BaseballPlayer
- 类型：Class
- 简介：baseball player",0,qwen-max-0125,0.0,8192,https://api2.aigcbest.top/v1,"判断结果：错误  
解释：根据背景知识，agency是一个属性，而BaseballPlayer是一个类，但没有信息表明agency的主体必须是BaseballPlayer，因此该domain约束与已知信息冲突。",0,1,
sample_0148,domain,"If a resource uses property agency as subject, then it should belong to class BaseballPlayer.","背景知识：
条目1：
- 名称：agency
- 类型：Property
- 简介：agency

条目2：
- 名称：BaseballPlayer
- 类型：Class
- 简介：baseball player",0,qwen-max-0125,0.0,8192,https://api2.aigcbest.top/v1,"判断结果：错误  
解释：根据背景知识，agency是属性而非类，无法作为主语使用，且RDFS中domain约束的是属性主体而非属性本身。",0,1,
sample_0149,domain,"For any x and y, if x agency y holds, then x is an instance of BaseballPlayer.","背景知识：
条目1：
- 名称：agency
- 类型：Property
- 简介：agency

条目2：
- 名称：BaseballPlayer
- 类型：Class
- 简介：baseball player",0,qwen-max-0125,0.0,8192,https://api2.aigcbest.top/v1,"判断结果：错误  
解释：根据背景知识，agency是一个属性，而BaseballPlayer是一个类，但公理中未提供agency的domain约束为BaseballPlayer，因此无法推断x一定是BaseballPlayer的实例。",0,1,
sample_0150,domain,Property agency can only be applied to subjects of class BaseballPlayer.,"背景知识：
条目1：
- 名称：agency
- 类型：Property
- 简介：agency

条目2：
- 名称：BaseballPlayer
- 类型：Class
- 简介：baseball player",0,qwen-max-0125,0.0,8192,https://api2.aigcbest.top/v1,"判断结果：正确  
解释：根据背景知识，agency是属性，BaseballPlayer是类，公理表明agency的主体必须属于BaseballPlayer类，符合RDFS中domain语义规则。",1,0,
sample_0151,domain,domain(alliance) = BaseballPlayer,"背景知识：
条目1：
- 名称：alliance
- 类型：Property
- 简介：alliance

条目2：
- 名称：BaseballPlayer
- 类型：Class
- 简介：baseball player",0,qwen-max-0125,0.0,8192,https://api2.aigcbest.top/v1,"判断结果：错误  
解释：根据背景知识，alliance是一个属性，而BaseballPlayer是一个类，但没有信息表明alliance的主体必须是BaseballPlayer，因此该domain约束与背景知识不符。",0,1,
sample_0152,domain,The domain of alliance is BaseballPlayer.,"背景知识：
条目1：
- 名称：alliance
- 类型：Property
- 简介：alliance

条目2：
- 名称：BaseballPlayer
- 类型：Class
- 简介：baseball player",0,qwen-max-0125,0.0,8192,https://api2.aigcbest.top/v1,"判断结果：错误  
解释：根据背景知识，alliance是一个属性，而BaseballPlayer是一个类，但没有信息表明alliance的主体必须是BaseballPlayer，因此该domain约束与背景知识不符。",0,1,
sample_0153,domain,"If a resource uses property alliance as subject, then it should belong to class BaseballPlayer.","背景知识：
条目1：
- 名称：alliance
- 类型：Property
- 简介：alliance

条目2：
- 名称：BaseballPlayer
- 类型：Class
- 简介：baseball player",0,qwen-max-0125,0.0,8192,https://api2.aigcbest.top/v1,"判断结果：错误  
解释：根据背景知识，alliance是属性而非类，无法作为subject使用，且RDFS中domain约束的是属性的主体而非属性本身。",0,1,
sample_0154,domain,"For any x and y, if x alliance y holds, then x is an instance of BaseballPlayer.","背景知识：
条目1：
- 名称：alliance
- 类型：Property
- 简介：alliance

条目2：
- 名称：BaseballPlayer
- 类型：Class
- 简介：baseball player",0,qwen-max-0125,0.0,8192,https://api2.aigcbest.top/v1,"判断结果：错误  
解释：根据背景知识，alliance是一个属性，而BaseballPlayer是一个类，但公理未提供alliance的domain约束为BaseballPlayer，因此无法推断x一定是BaseballPlayer的实例。",0,1,
sample_0155,domain,Property alliance can only be applied to subjects of class BaseballPlayer.,"背景知识：
条目1：
- 名称：alliance
- 类型：Property
- 简介：alliance

条目2：
- 名称：BaseballPlayer
- 类型：Class
- 简介：baseball player",0,qwen-max-0125,0.0,8192,https://api2.aigcbest.top/v1,"判断结果：正确  
解释：根据背景知识，alliance是属性，BaseballPlayer是类，公理表明alliance的主体必须属于BaseballPlayer类，符合RDFS中domain语义规则。",1,0,
sample_0156,domain,domain(aoCloassification) = SpaceMission,"背景知识：
条目1：
- 名称：aoCloassification
- 类型：Property
- 简介：AO

条目2：
- 名称：SpaceMission
- 类型：Class
- 简介：space mission",0,qwen-max-0125,0.0,8192,https://api2.aigcbest.top/v1,"判断结果：正确  
解释：根据背景知识，aoCloassification是一个属性，SpaceMission是一个类，domain定义了属性的主体应属于的类，语义上该公理合理且符合RDFS语义规则。",1,0,
sample_0157,domain,The domain of aoCloassification is SpaceMission.,"背景知识：
条目1：
- 名称：aoCloassification
- 类型：Property
- 简介：AO

条目2：
- 名称：SpaceMission
- 类型：Class
- 简介：space mission",0,qwen-max-0125,0.0,8192,https://api2.aigcbest.top/v1,"判断结果：正确  
解释：根据背景知识，aoCloassification是一个属性，SpaceMission是一个类，且RDFS的domain语义规则要求属性的主体属于指定类，因此该公理符合语义规则。",1,0,
sample_0158,domain,"If a resource uses property aoCloassification as subject, then it should belong to class SpaceMission.","背景知识：
条目1：
- 名称：aoCloassification
- 类型：Property
- 简介：AO

条目2：
- 名称：SpaceMission
- 类型：Class
- 简介：space mission",0,qwen-max-0125,0.0,8192,https://api2.aigcbest.top/v1,"判断结果：错误  
解释：根据背景知识，aoCloassification是一个属性而非类，无法作为subject使用，且RDFS中domain约束的是属性的主体而非属性本身。",0,1,
sample_0159,domain,"For any x and y, if x aoCloassification y holds, then x is an instance of SpaceMission.","背景知识：
条目1：
- 名称：aoCloassification
- 类型：Property
- 简介：AO

条目2：
- 名称：SpaceMission
- 类型：Class
- 简介：space mission",0,qwen-max-0125,0.0,8192,https://api2.aigcbest.top/v1,"判断结果：错误  
解释：背景知识中未表明aoCloassification的domain是SpaceMission，因此无法推断x一定是SpaceMission的实例。",0,1,
sample_0160,domain,Property aoCloassification can only be applied to subjects of class SpaceMission.,"背景知识：
条目1：
- 名称：aoCloassification
- 类型：Property
- 简介：AO

条目2：
- 名称：SpaceMission
- 类型：Class
- 简介：space mission",0,qwen-max-0125,0.0,8192,https://api2.aigcbest.top/v1,"判断结果：正确  
解释：根据背景知识，aoCloassification是属性，SpaceMission是类，公理符合RDFS中domain语义规则，即属性的主体需属于指定类。",1,0,
sample_0161,domain,domain(apoapsis) = Ship,"背景知识：
条目1：
- 名称：apoapsis
- 类型：Property
- 简介：apoapsis (km)

条目2：
- 名称：Ship
- 类型：Class
- 简介：ship",0,qwen-max-0125,0.0,8192,https://api2.aigcbest.top/v1,"判断结果：错误  
解释：根据背景知识，apoapsis是一个属性，而Ship是一个类，但没有信息表明apoapsis的主体必须属于Ship类，因此该domain约束与背景知识不符。",0,1,
sample_0162,domain,The domain of apoapsis is Ship.,"背景知识：
条目1：
- 名称：apoapsis
- 类型：Property
- 简介：apoapsis (km)

条目2：
- 名称：Ship
- 类型：Class
- 简介：ship",0,qwen-max-0125,0.0,8192,https://api2.aigcbest.top/v1,"判断结果：错误  
解释：根据背景知识，apoapsis是一个属性，而Ship是一个类，但没有信息表明apoapsis的主体必须是Ship，因此该domain约束与背景知识不符。",0,1,
sample_0163,domain,"If a resource uses property apoapsis as subject, then it should belong to class Ship.","背景知识：
条目1：
- 名称：apoapsis
- 类型：Property
- 简介：apoapsis (km)

条目2：
- 名称：Ship
- 类型：Class
- 简介：ship",0,qwen-max-0125,0.0,8192,https://api2.aigcbest.top/v1,"判断结果：错误  
解释：根据背景知识，apoapsis是一个属性而非类，无法作为主体(subject)使用，且无信息表明其与Ship类存在直接关联。",0,1,
sample_0164,domain,"For any x and y, if x apoapsis y holds, then x is an instance of Ship.","背景知识：
条目1：
- 名称：apoapsis
- 类型：Property
- 简介：apoapsis (km)

条目2：
- 名称：Ship
- 类型：Class
- 简介：ship",0,qwen-max-0125,0.0,8192,https://api2.aigcbest.top/v1,"判断结果：错误  
解释：背景知识未表明apoapsis属性的主体必须是Ship类的实例，因此该公理与已知信息冲突。",0,1,
sample_0165,domain,Property apoapsis can only be applied to subjects of class Ship.,"背景知识：
条目1：
- 名称：apoapsis
- 类型：Property
- 简介：apoapsis (km)

条目2：
- 名称：Ship
- 类型：Class
- 简介：ship",0,qwen-max-0125,0.0,8192,https://api2.aigcbest.top/v1,"判断结果：错误  
解释：背景知识中未表明apoapsis属性的主体必须属于Ship类，且RDFS语义规则无法支持该约束的推导。",0,1,
sample_0166,domain,domain(archipelago) = School,"背景知识：
条目1：
- 名称：archipelago
- 类型：Property
- 简介：archipelago

条目2：
- 名称：School
- 类型：Class
- 简介：school",0,qwen-max-0125,0.0,8192,https://api2.aigcbest.top/v1,"判断结果：错误  
解释：根据背景知识，archipelago是属性而School是类，但没有信息表明archipelago的主体必须属于School，因此该domain约束与背景知识不符。",0,1,
sample_0167,domain,The domain of archipelago is School.,"背景知识：
条目1：
- 名称：archipelago
- 类型：Property
- 简介：archipelago

条目2：
- 名称：School
- 类型：Class
- 简介：school",0,qwen-max-0125,0.0,8192,https://api2.aigcbest.top/v1,"判断结果：错误  
解释：根据背景知识，archipelago是属性而School是类，但语义上“群岛”与“学校”无直接关联，且RDFS的domain规则要求属性主体属于特定类，此处约束不合理。",0,1,
sample_0168,domain,"If a resource uses property archipelago as subject, then it should belong to class School.","背景知识：
条目1：
- 名称：archipelago
- 类型：Property
- 简介：archipelago

条目2：
- 名称：School
- 类型：Class
- 简介：school",0,qwen-max-0125,0.0,8192,https://api2.aigcbest.top/v1,"判断结果：错误  
解释：根据背景知识，archipelago是属性而非类，无法作为subject使用，且与School类无直接语义关联。",0,1,
sample_0169,domain,"For any x and y, if x archipelago y holds, then x is an instance of School.","背景知识：
条目1：
- 名称：archipelago
- 类型：Property
- 简介：archipelago

条目2：
- 名称：School
- 类型：Class
- 简介：school",0,qwen-max-0125,0.0,8192,https://api2.aigcbest.top/v1,"判断结果：错误  
解释：根据背景知识，archipelago是属性而School是类，但公理中将archipelago的主体约束为School的实例，与常识和语义规则不符。",0,1,
sample_0170,domain,Property archipelago can only be applied to subjects of class School.,"背景知识：
条目1：
- 名称：archipelago
- 类型：Property
- 简介：archipelago

条目2：
- 名称：School
- 类型：Class
- 简介：school",0,qwen-max-0125,0.0,8192,https://api2.aigcbest.top/v1,"判断结果：错误  
解释：背景知识中未表明archipelago属性与School类之间存在domain约束关系，且常识上二者无直接关联。",0,1,
sample_0171,domain,domain(architect) = Ship,"背景知识：
条目1：
- 名称：architect
- 类型：Property
- 简介：architect

条目2：
- 名称：Ship
- 类型：Class
- 简介：ship",0,qwen-max-0125,0.0,8192,https://api2.aigcbest.top/v1,"判断结果：错误  
解释：根据背景知识，architect是一个属性，而Ship是一个类，domain(architect) = Ship表示architect的主体必须是Ship，这与常识不符，因为建筑师通常与建筑物相关，而不是船。",0,1,
sample_0172,domain,The domain of architect is Ship.,"背景知识：
条目1：
- 名称：architect
- 类型：Property
- 简介：architect

条目2：
- 名称：Ship
- 类型：Class
- 简介：ship",0,qwen-max-0125,0.0,8192,https://api2.aigcbest.top/v1,"判断结果：错误  
解释：根据背景知识，architect是一个属性，而Ship是一个类，但没有信息表明architect的主体必须属于Ship类，因此该公理与背景知识不符。",0,1,
sample_0173,domain,"If a resource uses property architect as subject, then it should belong to class Ship.","背景知识：
条目1：
- 名称：architect
- 类型：Property
- 简介：architect

条目2：
- 名称：Ship
- 类型：Class
- 简介：ship",0,qwen-max-0125,0.0,8192,https://api2.aigcbest.top/v1,"判断结果：错误  
解释：根据背景知识，architect是属性而非类，无法作为主体(subject)使用，且无信息表明其与Ship类存在语义关联。",0,1,
sample_0174,domain,"For any x and y, if x architect y holds, then x is an instance of Ship.","背景知识：
条目1：
- 名称：architect
- 类型：Property
- 简介：architect

条目2：
- 名称：Ship
- 类型：Class
- 简介：ship",0,qwen-max-0125,0.0,8192,https://api2.aigcbest.top/v1,"判断结果：错误  
解释：根据背景知识，architect是属性，Ship是类，但公理中未提供architect与Ship之间的明确语义关联，且常识上建筑师与船的实例关系不合理。",0,1,
sample_0175,domain,Property architect can only be applied to subjects of class Ship.,"背景知识：
条目1：
- 名称：architect
- 类型：Property
- 简介：architect

条目2：
- 名称：Ship
- 类型：Class
- 简介：ship",0,qwen-max-0125,0.0,8192,https://api2.aigcbest.top/v1,"判断结果：错误  
解释：背景知识未表明属性architect的主体必须属于类Ship，且该约束与常识不符，因为建筑师通常与建筑物相关，而非船舶。",0,1,
sample_0176,domain,domain(areaLand) = Island,"背景知识：
条目1：
- 名称：areaLand
- 类型：Property
- 简介：area land (m2)

条目2：
- 名称：Island
- 类型：Class
- 简介：island",0,qwen-max-0125,0.0,8192,https://api2.aigcbest.top/v1,"判断结果：错误  
解释：根据背景知识，areaLand是一个属性，而Island是一个类，但没有信息表明areaLand的主体必须是Island，因此该domain约束与背景知识不符。",0,1,
sample_0177,domain,The domain of areaLand is Island.,"背景知识：
条目1：
- 名称：areaLand
- 类型：Property
- 简介：area land (m2)

条目2：
- 名称：Island
- 类型：Class
- 简介：island",0,qwen-max-0125,0.0,8192,https://api2.aigcbest.top/v1,"判断结果：正确  
解释：根据背景知识，areaLand是一个属性，Island是一个类，且语义上“岛屿的陆地面积”符合常识，因此该公理合理。",1,0,
sample_0178,domain,"If a resource uses property areaLand as subject, then it should belong to class Island.","背景知识：
条目1：
- 名称：areaLand
- 类型：Property
- 简介：area land (m2)

条目2：
- 名称：Island
- 类型：Class
- 简介：island",0,qwen-max-0125,0.0,8192,https://api2.aigcbest.top/v1,"判断结果：错误  
解释：根据背景知识，areaLand是一个属性，而Island是一个类，RDFS语义规则中没有支持“属性作为主体属于某个类”的约束定义。",0,1,
sample_0179,domain,"For any x and y, if x areaLand y holds, then x is an instance of Island.","背景知识：
条目1：
- 名称：areaLand
- 类型：Property
- 简介：area land (m2)

条目2：
- 名称：Island
- 类型：Class
- 简介：island",0,qwen-max-0125,0.0,8192,https://api2.aigcbest.top/v1,"判断结果：错误  
解释：根据背景知识，areaLand是一个属性，而Island是一个类，但公理未提供areaLand的domain约束为Island，因此无法推断x必然是Island的实例。",0,1,
sample_0180,domain,Property areaLand can only be applied to subjects of class Island.,"背景知识：
条目1：
- 名称：areaLand
- 类型：Property
- 简介：area land (m2)

条目2：
- 名称：Island
- 类型：Class
- 简介：island",0,qwen-max-0125,0.0,8192,https://api2.aigcbest.top/v1,"判断结果：正确  
解释：根据背景知识，areaLand是属性，Island是类，公理表明areaLand的主体必须属于Island类，符合RDFS中domain语义规则的约束。",1,0,
sample_0181,domain,domain(argueDate) = PowerStation,"背景知识：
条目1：
- 名称：argueDate
- 类型：Property
- 简介：argue date

条目2：
- 名称：PowerStation
- 类型：Class
- 简介：power station",0,qwen-max-0125,0.0,8192,https://api2.aigcbest.top/v1,"判断结果：错误  
解释：根据背景知识，argueDate是一个属性，而PowerStation是一个类，domain(argueDate) = PowerStation表示argueDate的主体必须属于PowerStation类，但没有信息表明“争论日期”与“发电站”之间存在合理的语义关联，因此该公理不合理。",0,1,
sample_0182,domain,The domain of argueDate is PowerStation.,"背景知识：
条目1：
- 名称：argueDate
- 类型：Property
- 简介：argue date

条目2：
- 名称：PowerStation
- 类型：Class
- 简介：power station",0,qwen-max-0125,0.0,8192,https://api2.aigcbest.top/v1,"判断结果：错误  
解释：根据背景知识，argueDate是一个属性，而PowerStation是一个类，但没有信息表明argueDate的主体必须是PowerStation，因此该domain约束与背景知识不符。",0,1,
sample_0183,domain,"If a resource uses property argueDate as subject, then it should belong to class PowerStation.","背景知识：
条目1：
- 名称：argueDate
- 类型：Property
- 简介：argue date

条目2：
- 名称：PowerStation
- 类型：Class
- 简介：power station",0,qwen-max-0125,0.0,8192,https://api2.aigcbest.top/v1,"判断结果：错误  
解释：根据背景知识，argueDate是一个属性，而PowerStation是一个类，RDFS语义规则中没有支持“属性作为主体属于某个类”的约束定义，因此该公理与RDFS语义规则冲突。",0,1,
sample_0184,domain,"For any x and y, if x argueDate y holds, then x is an instance of PowerStation.","背景知识：
条目1：
- 名称：argueDate
- 类型：Property
- 简介：argue date

条目2：
- 名称：PowerStation
- 类型：Class
- 简介：power station",0,qwen-max-0125,0.0,8192,https://api2.aigcbest.top/v1,"判断结果：错误  
解释：根据背景知识，argueDate是一个属性，而PowerStation是一个类，但没有信息表明argueDate的主体必须是PowerStation的实例，因此该公理与背景知识和RDFS语义规则冲突。",0,1,
sample_0185,domain,Property argueDate can only be applied to subjects of class PowerStation.,"背景知识：
条目1：
- 名称：argueDate
- 类型：Property
- 简介：argue date

条目2：
- 名称：PowerStation
- 类型：Class
- 简介：power station",0,qwen-max-0125,0.0,8192,https://api2.aigcbest.top/v1,"判断结果：错误  
解释：背景知识中未表明argueDate的主体必须属于PowerStation类，且RDFS语义规则无法支持该约束的推导。",0,1,
sample_0186,domain,domain(associatedRocket) = Saint,"背景知识：
条目1：
- 名称：associatedRocket
- 类型：Property
- 简介：associated rocket

条目2：
- 名称：Saint
- 类型：Class
- 简介：saint",0,qwen-max-0125,0.0,8192,https://api2.aigcbest.top/v1,"判断结果：错误  
解释：根据背景知识，associatedRocket是一个属性，而Saint是一个类，但没有信息表明associatedRocket的主体必须属于Saint类，因此该domain约束与背景知识不符。",0,1,
sample_0187,domain,The domain of associatedRocket is Saint.,"背景知识：
条目1：
- 名称：associatedRocket
- 类型：Property
- 简介：associated rocket

条目2：
- 名称：Saint
- 类型：Class
- 简介：saint",0,qwen-max-0125,0.0,8192,https://api2.aigcbest.top/v1,"判断结果：错误  
解释：根据背景知识，associatedRocket是一个属性，而Saint是一个类，但没有信息表明associatedRocket的主体必须属于Saint类，因此该公理与背景知识不符。",0,1,
sample_0188,domain,"If a resource uses property associatedRocket as subject, then it should belong to class Saint.","背景知识：
条目1：
- 名称：associatedRocket
- 类型：Property
- 简介：associated rocket

条目2：
- 名称：Saint
- 类型：Class
- 简介：saint",0,qwen-max-0125,0.0,8192,https://api2.aigcbest.top/v1,"判断结果：错误  
解释：根据背景知识，associatedRocket是一个属性，而Saint是一个类，RDFS语义规则中domain用于约束属性的主体，但公理中将associatedRocket作为主体与语义规则不符。",0,1,
sample_0189,domain,"For any x and y, if x associatedRocket y holds, then x is an instance of Saint.","背景知识：
条目1：
- 名称：associatedRocket
- 类型：Property
- 简介：associated rocket

条目2：
- 名称：Saint
- 类型：Class
- 简介：saint",0,qwen-max-0125,0.0,8192,https://api2.aigcbest.top/v1,"判断结果：错误  
解释：根据背景知识，associatedRocket是一个属性，而Saint是一个类，但没有信息表明associatedRocket的主体必须是Saint的实例，因此该公理与背景知识和RDFS语义规则冲突。",0,1,
sample_0190,domain,Property associatedRocket can only be applied to subjects of class Saint.,"背景知识：
条目1：
- 名称：associatedRocket
- 类型：Property
- 简介：associated rocket

条目2：
- 名称：Saint
- 类型：Class
- 简介：saint",0,qwen-max-0125,0.0,8192,https://api2.aigcbest.top/v1,"判断结果：错误  
解释：背景知识中未表明associatedRocket属性的主体必须属于Saint类，因此该公理与背景知识不符。",0,1,
sample_0191,domain,domain(decideDate) = PowerStation,"背景知识：
条目1：
- 名称：decideDate
- 类型：Property
- 简介：decide date

条目2：
- 名称：PowerStation
- 类型：Class
- 简介：power station",0,qwen-max-0125,0.0,8192,https://api2.aigcbest.top/v1,"判断结果：错误  
解释：根据背景知识，decideDate是一个属性，而PowerStation是一个类，domain定义了属性的主体应属于某一类，但没有信息表明“决定日期”与“发电站”之间存在合理的语义关联。",0,1,
sample_0192,domain,The domain of decideDate is PowerStation.,"背景知识：
条目1：
- 名称：decideDate
- 类型：Property
- 简介：decide date

条目2：
- 名称：PowerStation
- 类型：Class
- 简介：power station",0,qwen-max-0125,0.0,8192,https://api2.aigcbest.top/v1,"判断结果：错误  
解释：根据背景知识，decideDate是一个属性，而PowerStation是一个类，但没有信息表明决定日期的主体必须是电站，因此该domain约束与背景知识不符。",0,1,
sample_0193,domain,"If a resource uses property decideDate as subject, then it should belong to class PowerStation.","背景知识：
条目1：
- 名称：decideDate
- 类型：Property
- 简介：decide date

条目2：
- 名称：PowerStation
- 类型：Class
- 简介：power station",0,qwen-max-0125,0.0,8192,https://api2.aigcbest.top/v1,"判断结果：错误  
解释：根据背景知识，decideDate是一个属性，而PowerStation是一个类，RDFS语义规则中domain用于约束属性的主体，但公理中将属性作为主体使用，与RDFS语义规则冲突。",0,1,
sample_0194,domain,"For any x and y, if x decideDate y holds, then x is an instance of PowerStation.","背景知识：
条目1：
- 名称：decideDate
- 类型：Property
- 简介：decide date

条目2：
- 名称：PowerStation
- 类型：Class
- 简介：power station",0,qwen-max-0125,0.0,8192,https://api2.aigcbest.top/v1,"判断结果：错误  
解释：根据背景知识，decideDate是一个属性，而PowerStation是一个类，但公理中未提供decideDate的domain约束为PowerStation，因此无法推断x一定是PowerStation的实例。",0,1,
sample_0195,domain,Property decideDate can only be applied to subjects of class PowerStation.,"背景知识：
条目1：
- 名称：decideDate
- 类型：Property
- 简介：decide date

条目2：
- 名称：PowerStation
- 类型：Class
- 简介：power station",0,qwen-max-0125,0.0,8192,https://api2.aigcbest.top/v1,"判断结果：正确  
解释：根据背景知识，decideDate是一个属性，PowerStation是一个类，公理表明decideDate的主体必须属于PowerStation类，这符合RDFS中domain语义规则的约束。",1,0,
sample_0196,domain,domain(density) = Infrastructure,"背景知识：
条目1：
- 名称：density
- 类型：Property
- 简介：density (μ3)

条目2：
- 名称：Infrastructure
- 类型：Class
- 简介：infrastructure",0,qwen-max-0125,0.0,8192,https://api2.aigcbest.top/v1,"判断结果：错误  
解释：根据背景知识，density是一个属性，而Infrastructure是一个类，但没有信息表明density的主体必须属于Infrastructure类，因此该domain约束与背景知识不符。",0,1,
sample_0197,domain,The domain of density is Infrastructure.,"背景知识：
条目1：
- 名称：density
- 类型：Property
- 简介：density (μ3)

条目2：
- 名称：Infrastructure
- 类型：Class
- 简介：infrastructure",0,qwen-max-0125,0.0,8192,https://api2.aigcbest.top/v1,"判断结果：错误  
解释：根据背景知识，density是一个属性，而Infrastructure是一个类，但没有信息表明density的主体必须属于Infrastructure类，因此该domain约束与背景知识不符。",0,1,
sample_0198,domain,"If a resource uses property density as subject, then it should belong to class Infrastructure.","背景知识：
条目1：
- 名称：density
- 类型：Property
- 简介：density (μ3)

条目2：
- 名称：Infrastructure
- 类型：Class
- 简介：infrastructure",0,qwen-max-0125,0.0,8192,https://api2.aigcbest.top/v1,"判断结果：错误  
解释：根据RDFS语义规则，density是属性而非类，不能作为subject使用，且背景知识未表明density与Infrastructure存在domain约束关系。",0,1,
sample_0199,domain,"For any x and y, if x density y holds, then x is an instance of Infrastructure.","背景知识：
条目1：
- 名称：density
- 类型：Property
- 简介：density (μ3)

条目2：
- 名称：Infrastructure
- 类型：Class
- 简介：infrastructure",0,qwen-max-0125,0.0,8192,https://api2.aigcbest.top/v1,"判断结果：错误  
解释：背景知识未表明density属性的主体必须是Infrastructure的实例，因此该公理与已知信息冲突。",0,1,
sample_0200,domain,Property density can only be applied to subjects of class Infrastructure.,"背景知识：
条目1：
- 名称：density
- 类型：Property
- 简介：density (μ3)

条目2：
- 名称：Infrastructure
- 类型：Class
- 简介：infrastructure",0,qwen-max-0125,0.0,8192,https://api2.aigcbest.top/v1,"判断结果：正确  
解释：根据背景知识和RDFS语义规则，公理表明属性density的主体必须属于类Infrastructure，这符合domain约束的定义。",1,0,
sample_0201,domain,domain(diameter) = Automobile,"背景知识：
条目1：
- 名称：diameter
- 类型：Property
- 简介：diameter (mm)

条目2：
- 名称：Automobile
- 类型：Class
- 简介：automobile",0,qwen-max-0125,0.0,8192,https://api2.aigcbest.top/v1,"判断结果：错误  
解释：根据背景知识，diameter是一个属性，而Automobile是一个类，将diameter的domain定义为Automobile不符合常识语义，因为“直径”通常与圆形或物体相关，而非直接与汽车类关联。",0,1,
sample_0202,domain,The domain of diameter is Automobile.,"背景知识：
条目1：
- 名称：diameter
- 类型：Property
- 简介：diameter (mm)

条目2：
- 名称：Automobile
- 类型：Class
- 简介：automobile",0,qwen-max-0125,0.0,8192,https://api2.aigcbest.top/v1,"判断结果：错误  
解释：根据背景知识，diameter (mm) 是一个属性，而 Automobile 是一个类，但直径通常用于描述圆形或球形物体的尺寸，与汽车类无直接语义关联，因此该公理与常识和语义规则冲突。",0,1,
sample_0203,domain,"If a resource uses property diameter as subject, then it should belong to class Automobile.","背景知识：
条目1：
- 名称：diameter
- 类型：Property
- 简介：diameter (mm)

条目2：
- 名称：Automobile
- 类型：Class
- 简介：automobile",0,qwen-max-0125,0.0,8192,https://api2.aigcbest.top/v1,"判断结果：错误  
解释：根据背景知识，diameter是一个属性而非类，无法作为主体属于Automobile类，且RDFS中domain约束应描述属性主体的类别而非属性本身。",0,1,
sample_0204,domain,"For any x and y, if x diameter y holds, then x is an instance of Automobile.","背景知识：
条目1：
- 名称：diameter
- 类型：Property
- 简介：diameter (mm)

条目2：
- 名称：Automobile
- 类型：Class
- 简介：automobile",0,qwen-max-0125,0.0,8192,https://api2.aigcbest.top/v1,"判断结果：错误  
解释：根据背景知识，diameter是一个属性，而Automobile是一个类，但公理中未提供diameter的domain约束为Automobile，因此无法推断x一定是Automobile的实例。",0,1,
sample_0205,domain,Property diameter can only be applied to subjects of class Automobile.,"背景知识：
条目1：
- 名称：diameter
- 类型：Property
- 简介：diameter (mm)

条目2：
- 名称：Automobile
- 类型：Class
- 简介：automobile",0,qwen-max-0125,0.0,8192,https://api2.aigcbest.top/v1,"判断结果：错误  
解释：背景知识未表明diameter属性的主体必须属于Automobile类，且RDFS语义规则中无此约束。",0,1,
sample_0206,domain,domain(firstLaunchDate) = Drug,"背景知识：
条目1：
- 名称：firstLaunchDate
- 类型：Property
- 简介：first launch date

条目2：
- 名称：Drug
- 类型：Class
- 简介：drug",0,qwen-max-0125,0.0,8192,https://api2.aigcbest.top/v1,"判断结果：错误  
解释：根据背景知识，firstLaunchDate是一个属性，而Drug是一个类，但没有信息表明firstLaunchDate的主体必须属于Drug类，因此该domain约束与背景知识不符。",0,1,
sample_0207,domain,The domain of firstLaunchDate is Drug.,"背景知识：
条目1：
- 名称：firstLaunchDate
- 类型：Property
- 简介：first launch date

条目2：
- 名称：Drug
- 类型：Class
- 简介：drug",0,qwen-max-0125,0.0,8192,https://api2.aigcbest.top/v1,"判断结果：错误  
解释：根据背景知识，firstLaunchDate是一个属性，而Drug是一个类，但没有信息表明firstLaunchDate的主体必须是Drug，因此该domain约束与背景知识不符。",0,1,
sample_0208,domain,"If a resource uses property firstLaunchDate as subject, then it should belong to class Drug.","背景知识：
条目1：
- 名称：firstLaunchDate
- 类型：Property
- 简介：first launch date

条目2：
- 名称：Drug
- 类型：Class
- 简介：drug",0,qwen-max-0125,0.0,8192,https://api2.aigcbest.top/v1,"判断结果：错误  
解释：根据背景知识，firstLaunchDate是一个属性，而Drug是一个类，RDFS语义规则中domain约束的是属性的主体应属于某一类，但公理中将firstLaunchDate作为主体使用，与RDFS语义规则不符。",0,1,
sample_0209,domain,"For any x and y, if x firstLaunchDate y holds, then x is an instance of Drug.","背景知识：
条目1：
- 名称：firstLaunchDate
- 类型：Property
- 简介：first launch date

条目2：
- 名称：Drug
- 类型：Class
- 简介：drug",0,qwen-max-0125,0.0,8192,https://api2.aigcbest.top/v1,"判断结果：错误  
解释：根据背景知识，firstLaunchDate是一个属性，而Drug是一个类，但公理中未提供firstLaunchDate的domain约束为Drug，因此无法推断x一定是Drug的实例。",0,1,
sample_0210,domain,Property firstLaunchDate can only be applied to subjects of class Drug.,"背景知识：
条目1：
- 名称：firstLaunchDate
- 类型：Property
- 简介：first launch date

条目2：
- 名称：Drug
- 类型：Class
- 简介：drug",0,qwen-max-0125,0.0,8192,https://api2.aigcbest.top/v1,"判断结果：正确  
解释：根据背景知识，firstLaunchDate是属性，Drug是类，公理表明该属性的主体必须属于Drug类，符合RDFS中domain语义规则的约束。",1,0,
sample_0211,domain,domain(firstLaunchRocket) = LaunchPad,"背景知识：
条目1：
- 名称：firstLaunchRocket
- 类型：Property
- 简介：first launch rocket

条目2：
- 名称：LaunchPad
- 类型：Class
- 简介：launch pad",1,qwen-max-0125,0.0,8192,https://api2.aigcbest.top/v1,"判断结果：正确  
解释：根据背景知识，firstLaunchRocket是一个属性，而LaunchPad是一个类，domain(firstLaunchRocket) = LaunchPad表示该属性的主体必须属于LaunchPad类，这符合RDFS语义规则且与背景知识一致。",1,1,
sample_0212,domain,The domain of firstLaunchRocket is LaunchPad.,"背景知识：
条目1：
- 名称：firstLaunchRocket
- 类型：Property
- 简介：first launch rocket

条目2：
- 名称：LaunchPad
- 类型：Class
- 简介：launch pad",1,qwen-max-0125,0.0,8192,https://api2.aigcbest.top/v1,"判断结果：正确  
解释：根据背景知识，firstLaunchRocket是一个属性，而LaunchPad是一个类，公理表明该属性的主体必须属于LaunchPad类，符合RDFS中domain语义规则的定义。",1,1,
sample_0213,domain,"If a resource uses property firstLaunchRocket as subject, then it should belong to class LaunchPad.","背景知识：
条目1：
- 名称：firstLaunchRocket
- 类型：Property
- 简介：first launch rocket

条目2：
- 名称：LaunchPad
- 类型：Class
- 简介：launch pad",1,qwen-max-0125,0.0,8192,https://api2.aigcbest.top/v1,"判断结果：错误  
解释：根据背景知识，firstLaunchRocket是属性而非类，无法作为subject使用，且RDFS中domain约束应描述属性主体的类别而非属性本身。",0,0,
sample_0214,domain,"For any x and y, if x firstLaunchRocket y holds, then x is an instance of LaunchPad.","背景知识：
条目1：
- 名称：firstLaunchRocket
- 类型：Property
- 简介：first launch rocket

条目2：
- 名称：LaunchPad
- 类型：Class
- 简介：launch pad",1,qwen-max-0125,0.0,8192,https://api2.aigcbest.top/v1,"判断结果：正确  
解释：根据背景知识，firstLaunchRocket 是一个属性，而 LaunchPad 是一个类，公理表明如果 x 与 y 满足 firstLaunchRocket 关系，则 x 必须是 LaunchPad 的实例，这符合 RDFS 中 domain 的语义约束，即属性的主体需属于特定类。",1,1,
sample_0215,domain,Property firstLaunchRocket can only be applied to subjects of class LaunchPad.,"背景知识：
条目1：
- 名称：firstLaunchRocket
- 类型：Property
- 简介：first launch rocket

条目2：
- 名称：LaunchPad
- 类型：Class
- 简介：launch pad",1,qwen-max-0125,0.0,8192,https://api2.aigcbest.top/v1,"判断结果：正确  
解释：根据背景知识，firstLaunchRocket 是一个属性，而 LaunchPad 是一个类，公理表明该属性的主体必须属于 LaunchPad 类，这符合 RDFS 中 domain 的语义规则。",1,1,
sample_0216,domain,domain(firstLaunchRocket) = Scientist,"背景知识：
条目1：
- 名称：firstLaunchRocket
- 类型：Property
- 简介：first launch rocket

条目2：
- 名称：Scientist
- 类型：Class
- 简介：scientist",0,qwen-max-0125,0.0,8192,https://api2.aigcbest.top/v1,"判断结果：错误  
解释：根据背景知识，firstLaunchRocket是一个Property，而Scientist是一个Class，但没有信息表明firstLaunchRocket的主体必须是Scientist，因此该domain约束与背景知识不符。",0,1,
sample_0217,domain,The domain of firstLaunchRocket is Scientist.,"背景知识：
条目1：
- 名称：firstLaunchRocket
- 类型：Property
- 简介：first launch rocket

条目2：
- 名称：Scientist
- 类型：Class
- 简介：scientist",0,qwen-max-0125,0.0,8192,https://api2.aigcbest.top/v1,"判断结果：错误  
解释：根据背景知识，firstLaunchRocket是一个Property，而Scientist是一个Class，但没有信息表明firstLaunchRocket的主体必须是Scientist，因此该domain约束与背景知识不符。",0,1,
sample_0218,domain,"If a resource uses property firstLaunchRocket as subject, then it should belong to class Scientist.","背景知识：
条目1：
- 名称：firstLaunchRocket
- 类型：Property
- 简介：first launch rocket

条目2：
- 名称：Scientist
- 类型：Class
- 简介：scientist",0,qwen-max-0125,0.0,8192,https://api2.aigcbest.top/v1,"判断结果：错误  
解释：根据背景知识，firstLaunchRocket是一个属性，而Scientist是一个类，RDFS语义规则中domain用于约束属性的主体，但公理中将属性作为主体使用，与RDFS语义规则冲突。",0,1,
sample_0219,domain,"For any x and y, if x firstLaunchRocket y holds, then x is an instance of Scientist.","背景知识：
条目1：
- 名称：firstLaunchRocket
- 类型：Property
- 简介：first launch rocket

条目2：
- 名称：Scientist
- 类型：Class
- 简介：scientist",0,qwen-max-0125,0.0,8192,https://api2.aigcbest.top/v1,"判断结果：错误  
解释：根据背景知识，firstLaunchRocket是一个属性，而Scientist是一个类，但没有信息表明firstLaunchRocket的主体必须是Scientist的实例，因此该公理与背景知识不符。",0,1,
sample_0220,domain,Property firstLaunchRocket can only be applied to subjects of class Scientist.,"背景知识：
条目1：
- 名称：firstLaunchRocket
- 类型：Property
- 简介：first launch rocket

条目2：
- 名称：Scientist
- 类型：Class
- 简介：scientist",0,qwen-max-0125,0.0,8192,https://api2.aigcbest.top/v1,"判断结果：错误  
解释：背景知识中未表明firstLaunchRocket的主体必须属于Scientist类，因此该公理与提供的背景知识不符。",0,1,
sample_0221,domain,domain(height) = ChemicalSubstance,"背景知识：
条目1：
- 名称：height
- 类型：Property
- 简介：height (mm)

条目2：
- 名称：ChemicalSubstance
- 类型：Class
- 简介：chemical substance",0,qwen-max-0125,0.0,8192,https://api2.aigcbest.top/v1,"判断结果：错误  
解释：根据背景知识，height是一个表示高度的属性，而ChemicalSubstance是化学物质的类，二者无直接语义关联，且RDFS语义规则中domain应约束属性的主体属于合理类，此处将height的主体限定为ChemicalSubstance不符合常识和逻辑。",0,1,
sample_0222,domain,The domain of height is ChemicalSubstance.,"背景知识：
条目1：
- 名称：height
- 类型：Property
- 简介：height (mm)

条目2：
- 名称：ChemicalSubstance
- 类型：Class
- 简介：chemical substance",0,qwen-max-0125,0.0,8192,https://api2.aigcbest.top/v1,"判断结果：错误  
解释：根据背景知识，height表示高度（单位为毫米），通常用于描述物理对象的属性，而ChemicalSubstance表示化学物质，二者在语义上无直接关联，因此将height的domain定义为ChemicalSubstance不符合常识和语义规则。",0,1,
sample_0223,domain,"If a resource uses property height as subject, then it should belong to class ChemicalSubstance.","背景知识：
条目1：
- 名称：height
- 类型：Property
- 简介：height (mm)

条目2：
- 名称：ChemicalSubstance
- 类型：Class
- 简介：chemical substance",0,qwen-max-0125,0.0,8192,https://api2.aigcbest.top/v1,"判断结果：错误  
解释：根据背景知识，height是一个属性而非类，因此不能作为subject使用，且其与ChemicalSubstance无直接语义关联。",0,1,
sample_0224,domain,"For any x and y, if x height y holds, then x is an instance of ChemicalSubstance.","背景知识：
条目1：
- 名称：height
- 类型：Property
- 简介：height (mm)

条目2：
- 名称：ChemicalSubstance
- 类型：Class
- 简介：chemical substance",0,qwen-max-0125,0.0,8192,https://api2.aigcbest.top/v1,"判断结果：错误  
解释：根据背景知识，height是一个属性，而ChemicalSubstance是一个类，但公理中未提供任何信息表明height的主体必须是ChemicalSubstance的实例，因此该公理与背景知识和RDFS语义规则冲突。",0,1,
sample_0225,domain,Property height can only be applied to subjects of class ChemicalSubstance.,"背景知识：
条目1：
- 名称：height
- 类型：Property
- 简介：height (mm)

条目2：
- 名称：ChemicalSubstance
- 类型：Class
- 简介：chemical substance",0,qwen-max-0125,0.0,8192,https://api2.aigcbest.top/v1,"判断结果：错误  
解释：背景知识未表明height属性的主体必须属于ChemicalSubstance类，且RDFS语义规则中无此约束。",0,1,
sample_0226,domain,domain(height) = Settlement,"背景知识：
条目1：
- 名称：height
- 类型：Property
- 简介：height (cm)

条目2：
- 名称：Settlement
- 类型：Class
- 简介：settlement",0,qwen-max-0125,0.0,8192,https://api2.aigcbest.top/v1,"判断结果：错误  
解释：根据背景知识，height是一个属性，而Settlement是一个类，但没有信息表明高度属性的主体必须是定居点，因此该domain约束与背景知识不符。",0,1,
sample_0227,domain,The domain of height is Settlement.,"背景知识：
条目1：
- 名称：height
- 类型：Property
- 简介：height (cm)

条目2：
- 名称：Settlement
- 类型：Class
- 简介：settlement",0,qwen-max-0125,0.0,8192,https://api2.aigcbest.top/v1,"判断结果：错误  
解释：根据背景知识，height是一个属性，而Settlement是一个类，但常识表明高度通常与物理实体（如人或物体）相关，而非聚居地，因此该domain约束与语义不符。",0,1,
sample_0228,domain,"If a resource uses property height as subject, then it should belong to class Settlement.","背景知识：
条目1：
- 名称：height
- 类型：Property
- 简介：height (cm)

条目2：
- 名称：Settlement
- 类型：Class
- 简介：settlement",0,qwen-max-0125,0.0,8192,https://api2.aigcbest.top/v1,"判断结果：错误  
解释：根据背景知识，height是一个属性而非类，因此不能作为subject使用，且无信息表明其与Settlement类存在语义关联。",0,1,
sample_0229,domain,"For any x and y, if x height y holds, then x is an instance of Settlement.","背景知识：
条目1：
- 名称：height
- 类型：Property
- 简介：height (cm)

条目2：
- 名称：Settlement
- 类型：Class
- 简介：settlement",0,qwen-max-0125,0.0,8192,https://api2.aigcbest.top/v1,"判断结果：错误  
解释：根据背景知识，height是一个属性，而Settlement是一个类，但公理中未提供任何信息表明height的主体必须是Settlement的实例，因此该语义约束与背景知识不符。",0,1,
sample_0230,domain,Property height can only be applied to subjects of class Settlement.,"背景知识：
条目1：
- 名称：height
- 类型：Property
- 简介：height (cm)

条目2：
- 名称：Settlement
- 类型：Class
- 简介：settlement",0,qwen-max-0125,0.0,8192,https://api2.aigcbest.top/v1,"判断结果：错误  
解释：背景知识未表明height属性的主体必须属于Settlement类，且RDFS语义规则中无此类强制约束。",0,1,
sample_0231,domain,domain(lastLaunchDate) = LaunchPad,"背景知识：
条目1：
- 名称：lastLaunchDate
- 类型：Property
- 简介：last launch date

条目2：
- 名称：LaunchPad
- 类型：Class
- 简介：launch pad",1,qwen-max-0125,0.0,8192,https://api2.aigcbest.top/v1,"判断结果：正确  
解释：根据背景知识，lastLaunchDate是一个属性，而LaunchPad是一个类，domain定义了属性的主体类别，语义上可以合理表示“lastLaunchDate的主体属于LaunchPad类”。",1,1,
sample_0232,domain,The domain of lastLaunchDate is LaunchPad.,"背景知识：
条目1：
- 名称：lastLaunchDate
- 类型：Property
- 简介：last launch date

条目2：
- 名称：LaunchPad
- 类型：Class
- 简介：launch pad",1,qwen-max-0125,0.0,8192,https://api2.aigcbest.top/v1,"判断结果：正确  
解释：根据背景知识，lastLaunchDate是一个属性，LaunchPad是一个类，且RDFS语义规则中domain表示属性的主体应属于某一类，因此该公理语义上是合理的。",1,1,
sample_0233,domain,"If a resource uses property lastLaunchDate as subject, then it should belong to class LaunchPad.","背景知识：
条目1：
- 名称：lastLaunchDate
- 类型：Property
- 简介：last launch date

条目2：
- 名称：LaunchPad
- 类型：Class
- 简介：launch pad",1,qwen-max-0125,0.0,8192,https://api2.aigcbest.top/v1,"判断结果：错误  
解释：根据背景知识，lastLaunchDate是一个属性，而LaunchPad是一个类，RDFS语义规则中domain用于约束属性的主体，但公理将lastLaunchDate作为主体使用，与RDFS语义规则不符。",0,0,
sample_0234,domain,"For any x and y, if x lastLaunchDate y holds, then x is an instance of LaunchPad.","背景知识：
条目1：
- 名称：lastLaunchDate
- 类型：Property
- 简介：last launch date

条目2：
- 名称：LaunchPad
- 类型：Class
- 简介：launch pad",1,qwen-max-0125,0.0,8192,https://api2.aigcbest.top/v1,"判断结果：正确  
解释：根据公理，lastLaunchDate 的主体 x 被约束为 LaunchPad 的实例，这符合 RDFS 中 domain 的语义规则，且与背景知识无冲突。",1,1,
sample_0235,domain,Property lastLaunchDate can only be applied to subjects of class LaunchPad.,"背景知识：
条目1：
- 名称：lastLaunchDate
- 类型：Property
- 简介：last launch date

条目2：
- 名称：LaunchPad
- 类型：Class
- 简介：launch pad",1,qwen-max-0125,0.0,8192,https://api2.aigcbest.top/v1,"判断结果：正确  
解释：根据背景知识，lastLaunchDate是属性，LaunchPad是类，公理表明lastLaunchDate的主体必须属于LaunchPad类，符合RDFS中domain语义规则。",1,1,
sample_0236,domain,domain(lastLaunchRocket) = LaunchPad,"背景知识：
条目1：
- 名称：lastLaunchRocket
- 类型：Property
- 简介：last launch rocket

条目2：
- 名称：LaunchPad
- 类型：Class
- 简介：launch pad",1,qwen-max-0125,0.0,8192,https://api2.aigcbest.top/v1,"判断结果：正确  
解释：根据背景知识，lastLaunchRocket是一个属性，而LaunchPad是一个类，domain定义了属性的主体类别，语义上可以合理表示“lastLaunchRocket的主体属于LaunchPad类”。",1,1,
sample_0237,domain,The domain of lastLaunchRocket is LaunchPad.,"背景知识：
条目1：
- 名称：lastLaunchRocket
- 类型：Property
- 简介：last launch rocket

条目2：
- 名称：LaunchPad
- 类型：Class
- 简介：launch pad",1,qwen-max-0125,0.0,8192,https://api2.aigcbest.top/v1,"判断结果：正确  
解释：根据背景知识，lastLaunchRocket是一个属性，而LaunchPad是一个类，公理表明lastLaunchRocket的主体必须属于LaunchPad类，这符合RDFS中domain的语义规则。",1,1,
sample_0238,domain,"If a resource uses property lastLaunchRocket as subject, then it should belong to class LaunchPad.","背景知识：
条目1：
- 名称：lastLaunchRocket
- 类型：Property
- 简介：last launch rocket

条目2：
- 名称：LaunchPad
- 类型：Class
- 简介：launch pad",1,qwen-max-0125,0.0,8192,https://api2.aigcbest.top/v1,"判断结果：错误  
解释：根据RDFS语义规则，domain约束规定属性的主体应属于某一类，但背景知识未表明lastLaunchRocket的主体必须属于LaunchPad类，因此该公理与背景知识不符。",0,0,
sample_0239,domain,"For any x and y, if x lastLaunchRocket y holds, then x is an instance of LaunchPad.","背景知识：
条目1：
- 名称：lastLaunchRocket
- 类型：Property
- 简介：last launch rocket

条目2：
- 名称：LaunchPad
- 类型：Class
- 简介：launch pad",1,qwen-max-0125,0.0,8192,https://api2.aigcbest.top/v1,"判断结果：正确  
解释：根据背景知识，lastLaunchRocket 是一个属性，而 LaunchPad 是一个类，公理表明如果 x 与 y 存在 lastLaunchRocket 关系，则 x 必须是 LaunchPad 的实例，这符合 RDFS 中 domain 的语义规则，即属性的主体需属于特定类。",1,1,
sample_0240,domain,Property lastLaunchRocket can only be applied to subjects of class LaunchPad.,"背景知识：
条目1：
- 名称：lastLaunchRocket
- 类型：Property
- 简介：last launch rocket

条目2：
- 名称：LaunchPad
- 类型：Class
- 简介：launch pad",1,qwen-max-0125,0.0,8192,https://api2.aigcbest.top/v1,"判断结果：正确  
解释：根据背景知识，lastLaunchRocket是属性，LaunchPad是类，公理表明该属性的主体必须属于LaunchPad类，符合RDFS中domain语义规则的约束。",1,1,
sample_0241,domain,domain(lastLaunchRocket) = Place,"背景知识：
条目1：
- 名称：lastLaunchRocket
- 类型：Property
- 简介：last launch rocket

条目2：
- 名称：Place
- 类型：Class
- 简介：place",0,qwen-max-0125,0.0,8192,https://api2.aigcbest.top/v1,"判断结果：错误  
解释：根据背景知识，lastLaunchRocket是一个属性，而Place是一个类，但没有信息表明lastLaunchRocket的主体必须属于Place类，因此该domain约束与背景知识不符。",0,1,
sample_0242,domain,The domain of lastLaunchRocket is Place.,"背景知识：
条目1：
- 名称：lastLaunchRocket
- 类型：Property
- 简介：last launch rocket

条目2：
- 名称：Place
- 类型：Class
- 简介：place",0,qwen-max-0125,0.0,8192,https://api2.aigcbest.top/v1,"判断结果：错误  
解释：根据背景知识，lastLaunchRocket是一个属性，而Place是一个类，但没有信息表明lastLaunchRocket的主体必须属于Place类，因此该公理与背景知识不符。",0,1,
sample_0243,domain,"If a resource uses property lastLaunchRocket as subject, then it should belong to class Place.","背景知识：
条目1：
- 名称：lastLaunchRocket
- 类型：Property
- 简介：last launch rocket

条目2：
- 名称：Place
- 类型：Class
- 简介：place",0,qwen-max-0125,0.0,8192,https://api2.aigcbest.top/v1,"判断结果：错误  
解释：根据背景知识，lastLaunchRocket是一个属性，而RDFS语义规则中domain用于约束属性的主体类别，但未提供lastLaunchRocket的domain为Place的相关信息，因此该公理与背景知识不符。",0,1,
sample_0244,domain,"For any x and y, if x lastLaunchRocket y holds, then x is an instance of Place.","背景知识：
条目1：
- 名称：lastLaunchRocket
- 类型：Property
- 简介：last launch rocket

条目2：
- 名称：Place
- 类型：Class
- 简介：place",0,qwen-max-0125,0.0,8192,https://api2.aigcbest.top/v1,"判断结果：错误  
解释：根据背景知识，lastLaunchRocket是一个属性，而Place是一个类，但公理中未提供任何信息表明lastLaunchRocket的主体必须是Place的实例，因此该公理与背景知识和RDFS语义规则冲突。",0,1,
sample_0245,domain,Property lastLaunchRocket can only be applied to subjects of class Place.,"背景知识：
条目1：
- 名称：lastLaunchRocket
- 类型：Property
- 简介：last launch rocket

条目2：
- 名称：Place
- 类型：Class
- 简介：place",0,qwen-max-0125,0.0,8192,https://api2.aigcbest.top/v1,"判断结果：错误  
解释：背景知识中未说明lastLaunchRocket的主体必须属于Place类，且RDFS语义规则无法支持此约束。",0,1,
sample_0246,domain,domain(mass) = Planet,"背景知识：
条目1：
- 名称：mass
- 类型：Property
- 简介：mass (kg)

条目2：
- 名称：Planet
- 类型：Class
- 简介：planet",1,qwen-max-0125,0.0,8192,https://api2.aigcbest.top/v1,"判断结果：正确  
解释：根据背景知识，mass是一个属性，Planet是一个类，domain(mass) = Planet表示属性mass的主体必须属于Planet类，这符合RDFS语义规则且与常识一致。",1,1,
sample_0247,domain,The domain of mass is Planet.,"背景知识：
条目1：
- 名称：mass
- 类型：Property
- 简介：mass (kg)

条目2：
- 名称：Planet
- 类型：Class
- 简介：planet",1,qwen-max-0125,0.0,8192,https://api2.aigcbest.top/v1,"判断结果：错误  
解释：根据背景知识，mass是一个属性，Planet是一个类，但没有信息表明mass的主体必须是Planet，因此将Planet设为mass的domain与语义规则不符。",0,0,
sample_0248,domain,"If a resource uses property mass as subject, then it should belong to class Planet.","背景知识：
条目1：
- 名称：mass
- 类型：Property
- 简介：mass (kg)

条目2：
- 名称：Planet
- 类型：Class
- 简介：planet",1,qwen-max-0125,0.0,8192,https://api2.aigcbest.top/v1,"判断结果：错误  
解释：根据背景知识，mass是一个属性而非类，因此不能作为subject使用，且没有信息表明mass的主体必须属于Planet类。",0,0,
sample_0249,domain,"For any x and y, if x mass y holds, then x is an instance of Planet.","背景知识：
条目1：
- 名称：mass
- 类型：Property
- 简介：mass (kg)

条目2：
- 名称：Planet
- 类型：Class
- 简介：planet",1,qwen-max-0125,0.0,8192,https://api2.aigcbest.top/v1,"判断结果：错误  
解释：根据背景知识，mass是一个属性，Planet是一个类，但公理中未提供mass的domain约束为Planet，因此无法推断x一定是Planet的实例。",0,0,
sample_0250,domain,Property mass can only be applied to subjects of class Planet.,"背景知识：
条目1：
- 名称：mass
- 类型：Property
- 简介：mass (kg)

条目2：
- 名称：Planet
- 类型：Class
- 简介：planet",1,qwen-max-0125,0.0,8192,https://api2.aigcbest.top/v1,"判断结果：正确  
解释：根据背景知识，mass是一个属性，Planet是一个类，公理表明mass的主体必须属于Planet类，这符合RDFS中domain语义规则的约束。",1,1,
sample_0251,domain,domain(meanTemperature) = ChemicalSubstance,"背景知识：
条目1：
- 名称：meanTemperature
- 类型：Property
- 简介：mean temperature (K)

条目2：
- 名称：ChemicalSubstance
- 类型：Class
- 简介：chemical substance",0,qwen-max-0125,0.0,8192,https://api2.aigcbest.top/v1,"判断结果：错误  
解释：根据背景知识，meanTemperature描述的是温度属性，而ChemicalSubstance表示化学物质类，温度属性的主体通常不是化学物质类，因此该domain约束与语义不符。",0,1,
sample_0252,domain,The domain of meanTemperature is ChemicalSubstance.,"背景知识：
条目1：
- 名称：meanTemperature
- 类型：Property
- 简介：mean temperature (K)

条目2：
- 名称：ChemicalSubstance
- 类型：Class
- 简介：chemical substance",0,qwen-max-0125,0.0,8192,https://api2.aigcbest.top/v1,"判断结果：错误  
解释：根据背景知识，meanTemperature表示平均温度，其主体通常应为与温度相关的实体，而非化学物质（ChemicalSubstance），因此该公理与常识和语义规则冲突。",0,1,
sample_0253,domain,"If a resource uses property meanTemperature as subject, then it should belong to class ChemicalSubstance.","背景知识：
条目1：
- 名称：meanTemperature
- 类型：Property
- 简介：mean temperature (K)

条目2：
- 名称：ChemicalSubstance
- 类型：Class
- 简介：chemical substance",0,qwen-max-0125,0.0,8192,https://api2.aigcbest.top/v1,"判断结果：错误  
解释：根据背景知识，meanTemperature是一个属性而非类，无法作为subject使用，且其语义与ChemicalSubstance无直接约束关系。",0,1,
sample_0254,domain,"For any x and y, if x meanTemperature y holds, then x is an instance of ChemicalSubstance.","背景知识：
条目1：
- 名称：meanTemperature
- 类型：Property
- 简介：mean temperature (K)

条目2：
- 名称：ChemicalSubstance
- 类型：Class
- 简介：chemical substance",0,qwen-max-0125,0.0,8192,https://api2.aigcbest.top/v1,"判断结果：错误  
解释：根据背景知识，meanTemperature是一个属性，而ChemicalSubstance是一个类，但没有信息表明meanTemperature的主体必须是ChemicalSubstance的实例，因此该公理与背景知识不符。",0,1,
sample_0255,domain,Property meanTemperature can only be applied to subjects of class ChemicalSubstance.,"背景知识：
条目1：
- 名称：meanTemperature
- 类型：Property
- 简介：mean temperature (K)

条目2：
- 名称：ChemicalSubstance
- 类型：Class
- 简介：chemical substance",0,qwen-max-0125,0.0,8192,https://api2.aigcbest.top/v1,"判断结果：错误  
解释：根据背景知识，meanTemperature是一个属性，而ChemicalSubstance是一个类，但没有信息表明meanTemperature的主体必须属于ChemicalSubstance类，因此该公理与背景知识不符。",0,1,
sample_0256,domain,domain(minimumTemperature) = EducationalInstitution,"背景知识：
条目1：
- 名称：minimumTemperature
- 类型：Property
- 简介：minimum temperature (K)

条目2：
- 名称：EducationalInstitution
- 类型：Class
- 简介：educational institution",0,qwen-max-0125,0.0,8192,https://api2.aigcbest.top/v1,"判断结果：错误  
解释：根据背景知识，minimumTemperature是一个表示温度的属性，而EducationalInstitution是一个表示教育机构的类，二者在语义上无直接关联，domain约束不符合常识和RDFS语义规则。",0,1,
sample_0257,domain,The domain of minimumTemperature is EducationalInstitution.,"背景知识：
条目1：
- 名称：minimumTemperature
- 类型：Property
- 简介：minimum temperature (K)

条目2：
- 名称：EducationalInstitution
- 类型：Class
- 简介：educational institution",0,qwen-max-0125,0.0,8192,https://api2.aigcbest.top/v1,"判断结果：错误  
解释：根据背景知识，minimumTemperature是一个表示温度的属性，而EducationalInstitution是一个表示教育机构的类，二者在语义上无直接关联，违反了domain的合理约束。",0,1,
sample_0258,domain,"If a resource uses property minimumTemperature as subject, then it should belong to class EducationalInstitution.","背景知识：
条目1：
- 名称：minimumTemperature
- 类型：Property
- 简介：minimum temperature (K)

条目2：
- 名称：EducationalInstitution
- 类型：Class
- 简介：educational institution",0,qwen-max-0125,0.0,8192,https://api2.aigcbest.top/v1,"判断结果：错误  
解释：根据背景知识，minimumTemperature是一个属性，而EducationalInstitution是一个类，二者无直接语义关联，且RDFS中属性的主体不应强制属于无关类。",0,1,
sample_0259,domain,"For any x and y, if x minimumTemperature y holds, then x is an instance of EducationalInstitution.","背景知识：
条目1：
- 名称：minimumTemperature
- 类型：Property
- 简介：minimum temperature (K)

条目2：
- 名称：EducationalInstitution
- 类型：Class
- 简介：educational institution",0,qwen-max-0125,0.0,8192,https://api2.aigcbest.top/v1,"判断结果：错误  
解释：根据背景知识，minimumTemperature是一个属性，而EducationalInstitution是一个类，二者无直接语义关联，且RDFS规则中未表明属性主体需属于EducationalInstitution类。",0,1,
sample_0260,domain,Property minimumTemperature can only be applied to subjects of class EducationalInstitution.,"背景知识：
条目1：
- 名称：minimumTemperature
- 类型：Property
- 简介：minimum temperature (K)

条目2：
- 名称：EducationalInstitution
- 类型：Class
- 简介：educational institution",0,qwen-max-0125,0.0,8192,https://api2.aigcbest.top/v1,"判断结果：错误  
解释：根据背景知识，minimumTemperature是一个属性，而EducationalInstitution是一个类，二者之间没有语义上的合理关联，且RDFS的domain规则要求属性的主体类与其领域类一致，这里明显冲突。",0,1,
sample_0261,domain,domain(nciId) = AdministrativeRegion,"背景知识：
条目1：
- 名称：nciId
- 类型：Property
- 简介：NCI

条目2：
- 名称：AdministrativeRegion
- 类型：Class
- 简介：A PopulatedPlace under the jurisdiction of an administrative body. This body may administer either a whole region or one or more adjacent Settlements (town administration)",0,qwen-max-0125,0.0,8192,https://api2.aigcbest.top/v1,"判断结果：错误  
解释：根据背景知识，nciId是一个Property，而AdministrativeRegion是一个Class，但没有任何信息表明nciId的主体必须属于AdministrativeRegion类，因此该domain约束与背景知识不符。",0,1,
sample_0262,domain,The domain of nciId is AdministrativeRegion.,"背景知识：
条目1：
- 名称：nciId
- 类型：Property
- 简介：NCI

条目2：
- 名称：AdministrativeRegion
- 类型：Class
- 简介：A PopulatedPlace under the jurisdiction of an administrative body. This body may administer either a whole region or one or more adjacent Settlements (town administration)",0,qwen-max-0125,0.0,8192,https://api2.aigcbest.top/v1,"判断结果：错误  
解释：背景知识未表明nciId属性的主体必须属于AdministrativeRegion类，因此该domain约束与已知信息冲突。",0,1,
sample_0263,domain,"If a resource uses property nciId as subject, then it should belong to class AdministrativeRegion.","背景知识：
条目1：
- 名称：nciId
- 类型：Property
- 简介：NCI

条目2：
- 名称：AdministrativeRegion
- 类型：Class
- 简介：A PopulatedPlace under the jurisdiction of an administrative body. This body may administer either a whole region or one or more adjacent Settlements (town administration)",0,qwen-max-0125,0.0,8192,https://api2.aigcbest.top/v1,"判断结果：错误  
解释：根据背景知识，nciId是一个Property，而AdministrativeRegion是一个Class，RDFS语义规则中domain用于约束属性的主体类，但题目未提供nciId的domain定义，因此无法推断其主体必须属于AdministrativeRegion。",0,1,
sample_0264,domain,"For any x and y, if x nciId y holds, then x is an instance of AdministrativeRegion.","背景知识：
条目1：
- 名称：nciId
- 类型：Property
- 简介：NCI

条目2：
- 名称：AdministrativeRegion
- 类型：Class
- 简介：A PopulatedPlace under the jurisdiction of an administrative body. This body may administer either a whole region or one or more adjacent Settlements (town administration)",0,qwen-max-0125,0.0,8192,https://api2.aigcbest.top/v1,"判断结果：错误  
解释：背景知识中未说明nciId属性的主体必须是AdministrativeRegion的实例，因此该公理与已知信息冲突。",0,1,
sample_0265,domain,Property nciId can only be applied to subjects of class AdministrativeRegion.,"背景知识：
条目1：
- 名称：nciId
- 类型：Property
- 简介：NCI

条目2：
- 名称：AdministrativeRegion
- 类型：Class
- 简介：A PopulatedPlace under the jurisdiction of an administrative body. This body may administer either a whole region or one or more adjacent Settlements (town administration)",0,qwen-max-0125,0.0,8192,https://api2.aigcbest.top/v1,"判断结果：错误  
解释：背景知识中未表明nciId属性的主体必须属于AdministrativeRegion类，因此该公理与已知信息冲突。",0,1,
sample_0266,domain,domain(numberOfClassrooms) = AdministrativeRegion,"背景知识：
条目1：
- 名称：numberOfClassrooms
- 类型：Property
- 简介：number of classrooms

条目2：
- 名称：AdministrativeRegion
- 类型：Class
- 简介：A PopulatedPlace under the jurisdiction of an administrative body. This body may administer either a whole region or one or more adjacent Settlements (town administration)",0,qwen-max-0125,0.0,8192,https://api2.aigcbest.top/v1,"判断结果：错误  
解释：根据背景知识，numberOfClassrooms是描述教室数量的属性，而AdministrativeRegion表示行政区域的类，二者无直接语义关联，domain约束不符合常识和逻辑。",0,1,
sample_0267,domain,The domain of numberOfClassrooms is AdministrativeRegion.,"背景知识：
条目1：
- 名称：numberOfClassrooms
- 类型：Property
- 简介：number of classrooms

条目2：
- 名称：AdministrativeRegion
- 类型：Class
- 简介：A PopulatedPlace under the jurisdiction of an administrative body. This body may administer either a whole region or one or more adjacent Settlements (town administration)",0,qwen-max-0125,0.0,8192,https://api2.aigcbest.top/v1,"判断结果：错误  
解释：根据背景知识，numberOfClassrooms表示教室数量，其主体应与学校或教育机构相关，而AdministrativeRegion表示行政区域，二者语义不符，domain约束不合理。",0,1,
sample_0268,domain,"If a resource uses property numberOfClassrooms as subject, then it should belong to class AdministrativeRegion.","背景知识：
条目1：
- 名称：numberOfClassrooms
- 类型：Property
- 简介：number of classrooms

条目2：
- 名称：AdministrativeRegion
- 类型：Class
- 简介：A PopulatedPlace under the jurisdiction of an administrative body. This body may administer either a whole region or one or more adjacent Settlements (town administration)",0,qwen-max-0125,0.0,8192,https://api2.aigcbest.top/v1,"判断结果：错误  
解释：根据背景知识，numberOfClassrooms是一个属性，而AdministrativeRegion是一个类，RDFS语义规则中domain用于约束属性的主体，但此处将属性作为主体使用与RDFS语义规则不符。",0,1,
sample_0269,domain,"For any x and y, if x numberOfClassrooms y holds, then x is an instance of AdministrativeRegion.","背景知识：
条目1：
- 名称：numberOfClassrooms
- 类型：Property
- 简介：number of classrooms

条目2：
- 名称：AdministrativeRegion
- 类型：Class
- 简介：A PopulatedPlace under the jurisdiction of an administrative body. This body may administer either a whole region or one or more adjacent Settlements (town administration)",0,qwen-max-0125,0.0,8192,https://api2.aigcbest.top/v1,"判断结果：错误  
解释：根据背景知识，numberOfClassrooms是一个属性，而AdministrativeRegion是一个类，但没有任何信息表明numberOfClassrooms的主体必须是AdministrativeRegion的实例，因此该公理与背景知识不符。",0,1,
sample_0270,domain,Property numberOfClassrooms can only be applied to subjects of class AdministrativeRegion.,"背景知识：
条目1：
- 名称：numberOfClassrooms
- 类型：Property
- 简介：number of classrooms

条目2：
- 名称：AdministrativeRegion
- 类型：Class
- 简介：A PopulatedPlace under the jurisdiction of an administrative body. This body may administer either a whole region or one or more adjacent Settlements (town administration)",0,qwen-max-0125,0.0,8192,https://api2.aigcbest.top/v1,"判断结果：错误  
解释：根据背景知识，numberOfClassrooms是一个Property，而AdministrativeRegion是一个Class，但没有任何信息表明numberOfClassrooms的domain必须是AdministrativeRegion，因此该公理与背景知识不符。",0,1,
sample_0271,domain,domain(orbitalPeriod) = Planet,"背景知识：
条目1：
- 名称：orbitalPeriod
- 类型：Property
- 简介：orbital period (μ)

条目2：
- 名称：Planet
- 类型：Class
- 简介：planet",1,qwen-max-0125,0.0,8192,https://api2.aigcbest.top/v1,"判断结果：正确  
解释：根据背景知识，orbitalPeriod是一个属性，Planet是一个类，且常识表明行星（Planet）可以具有轨道周期（orbitalPeriod），因此该公理符合RDFS中domain的语义规则。",1,1,
sample_0272,domain,The domain of orbitalPeriod is Planet.,"背景知识：
条目1：
- 名称：orbitalPeriod
- 类型：Property
- 简介：orbital period (μ)

条目2：
- 名称：Planet
- 类型：Class
- 简介：planet",1,qwen-max-0125,0.0,8192,https://api2.aigcbest.top/v1,"判断结果：正确  
解释：根据背景知识，orbitalPeriod是属性，Planet是类，且行星（Planet）通常具有轨道周期（orbitalPeriod），因此该公理符合RDFS中domain的语义规则。",1,1,
sample_0273,domain,"If a resource uses property orbitalPeriod as subject, then it should belong to class Planet.","背景知识：
条目1：
- 名称：orbitalPeriod
- 类型：Property
- 简介：orbital period (μ)

条目2：
- 名称：Planet
- 类型：Class
- 简介：planet",1,qwen-max-0125,0.0,8192,https://api2.aigcbest.top/v1,"判断结果：错误  
解释：根据RDFS语义规则，domain约束规定属性的主体应属于某一类，但背景知识未表明orbitalPeriod的主体必须是Planet，因此该公理与背景知识不符。",0,0,
sample_0274,domain,"For any x and y, if x orbitalPeriod y holds, then x is an instance of Planet.","背景知识：
条目1：
- 名称：orbitalPeriod
- 类型：Property
- 简介：orbital period (μ)

条目2：
- 名称：Planet
- 类型：Class
- 简介：planet",1,qwen-max-0125,0.0,8192,https://api2.aigcbest.top/v1,"判断结果：正确  
解释：根据背景知识，orbitalPeriod是属性，Planet是类，公理符合RDFS语义规则中domain的约束，即属性的主体应属于某一类。",1,1,
sample_0275,domain,Property orbitalPeriod can only be applied to subjects of class Planet.,"背景知识：
条目1：
- 名称：orbitalPeriod
- 类型：Property
- 简介：orbital period (μ)

条目2：
- 名称：Planet
- 类型：Class
- 简介：planet",1,qwen-max-0125,0.0,8192,https://api2.aigcbest.top/v1,"判断结果：正确  
解释：根据背景知识，orbitalPeriod是属性，Planet是类，公理表明orbitalPeriod的主体必须属于Planet类，符合RDFS中domain语义规则的约束。",1,1,
sample_0276,domain,domain(otherChannel) = Drug,"背景知识：
条目1：
- 名称：otherChannel
- 类型：Property
- 简介：other channel

条目2：
- 名称：Drug
- 类型：Class
- 简介：drug",0,qwen-max-0125,0.0,8192,https://api2.aigcbest.top/v1,"判断结果：错误  
解释：根据背景知识，otherChannel是一个属性，而Drug是一个类，但没有信息表明otherChannel的主体必须属于Drug类，因此该domain约束与背景知识不符。",0,1,
sample_0277,domain,The domain of otherChannel is Drug.,"背景知识：
条目1：
- 名称：otherChannel
- 类型：Property
- 简介：other channel

条目2：
- 名称：Drug
- 类型：Class
- 简介：drug",0,qwen-max-0125,0.0,8192,https://api2.aigcbest.top/v1,"判断结果：错误  
解释：背景知识中未表明otherChannel的主体必须属于Drug类，因此将Drug设为otherChannel的domain缺乏依据且不符合RDFS语义规则。",0,1,
sample_0278,domain,"If a resource uses property otherChannel as subject, then it should belong to class Drug.","背景知识：
条目1：
- 名称：otherChannel
- 类型：Property
- 简介：other channel

条目2：
- 名称：Drug
- 类型：Class
- 简介：drug",0,qwen-max-0125,0.0,8192,https://api2.aigcbest.top/v1,"判断结果：错误  
解释：根据背景知识，otherChannel是一个属性而非类，RDFS语义规则中domain用于约束属性的主体类别，但公理错误地将otherChannel作为主体并要求其属于Drug类，与RDFS语义规则冲突。",0,1,
sample_0279,domain,"For any x and y, if x otherChannel y holds, then x is an instance of Drug.","背景知识：
条目1：
- 名称：otherChannel
- 类型：Property
- 简介：other channel

条目2：
- 名称：Drug
- 类型：Class
- 简介：drug",0,qwen-max-0125,0.0,8192,https://api2.aigcbest.top/v1,"判断结果：错误  
解释：背景知识中未说明otherChannel的主体必须是Drug的实例，因此该公理与已知信息存在冲突。",0,1,
sample_0280,domain,Property otherChannel can only be applied to subjects of class Drug.,"背景知识：
条目1：
- 名称：otherChannel
- 类型：Property
- 简介：other channel

条目2：
- 名称：Drug
- 类型：Class
- 简介：drug",0,qwen-max-0125,0.0,8192,https://api2.aigcbest.top/v1,"判断结果：正确  
解释：根据背景知识，otherChannel是属性，Drug是类，公理表明otherChannel的主体必须属于Drug类，符合RDFS中domain语义规则。",1,0,
sample_0281,domain,domain(periapsis) = Planet,"背景知识：
条目1：
- 名称：periapsis
- 类型：Property
- 简介：periapsis (km)

条目2：
- 名称：Planet
- 类型：Class
- 简介：planet",1,qwen-max-0125,0.0,8192,https://api2.aigcbest.top/v1,"判断结果：正确  
解释：根据背景知识，periapsis是一个属性，Planet是一个类，domain公理表明periapsis的主体应属于Planet类，这符合RDFS语义规则且与常识一致。",1,1,
sample_0282,domain,The domain of periapsis is Planet.,"背景知识：
条目1：
- 名称：periapsis
- 类型：Property
- 简介：periapsis (km)

条目2：
- 名称：Planet
- 类型：Class
- 简介：planet",1,qwen-max-0125,0.0,8192,https://api2.aigcbest.top/v1,"判断结果：正确  
解释：根据背景知识，periapsis是一个属性，Planet是一个类，且语义上“periapsis”的主体可以合理地约束为属于“Planet”类，符合RDFS中domain的定义。",1,1,
sample_0283,domain,"If a resource uses property periapsis as subject, then it should belong to class Planet.","背景知识：
条目1：
- 名称：periapsis
- 类型：Property
- 简介：periapsis (km)

条目2：
- 名称：Planet
- 类型：Class
- 简介：planet",1,qwen-max-0125,0.0,8192,https://api2.aigcbest.top/v1,"判断结果：错误  
解释：根据背景知识，periapsis是一个属性而非类，因此它不能作为主体(subject)属于某个类(Planet)，这与RDFS语义规则冲突。",0,0,
sample_0284,domain,"For any x and y, if x periapsis y holds, then x is an instance of Planet.","背景知识：
条目1：
- 名称：periapsis
- 类型：Property
- 简介：periapsis (km)

条目2：
- 名称：Planet
- 类型：Class
- 简介：planet",1,qwen-max-0125,0.0,8192,https://api2.aigcbest.top/v1,"判断结果：错误  
解释：根据背景知识，periapsis是一个属性，而Planet是一个类，但公理未提供periapsis的domain约束为Planet，因此无法推断x一定是Planet的实例。",0,0,
sample_0285,domain,Property periapsis can only be applied to subjects of class Planet.,"背景知识：
条目1：
- 名称：periapsis
- 类型：Property
- 简介：periapsis (km)

条目2：
- 名称：Planet
- 类型：Class
- 简介：planet",1,qwen-max-0125,0.0,8192,https://api2.aigcbest.top/v1,"判断结果：正确  
解释：根据背景知识，periapsis是一个属性，Planet是一个类，公理表明periapsis的主体必须属于Planet类，这符合RDFS中domain语义规则的约束。",1,1,
sample_0286,domain,domain(populationUrbanDensity) = Island,"背景知识：
条目1：
- 名称：populationUrbanDensity
- 类型：Property
- 简介：population urban density (/sqkm)

条目2：
- 名称：Island
- 类型：Class
- 简介：island",0,qwen-max-0125,0.0,8192,https://api2.aigcbest.top/v1,"判断结果：错误  
解释：根据背景知识，populationUrbanDensity是描述人口密度的属性，而Island是表示岛屿的类，二者无直接语义关联，且人口密度的主体通常应为城市或区域而非岛屿。",0,1,
sample_0287,domain,The domain of populationUrbanDensity is Island.,"背景知识：
条目1：
- 名称：populationUrbanDensity
- 类型：Property
- 简介：population urban density (/sqkm)

条目2：
- 名称：Island
- 类型：Class
- 简介：island",0,qwen-max-0125,0.0,8192,https://api2.aigcbest.top/v1,"判断结果：错误  
解释：根据背景知识，populationUrbanDensity是描述人口密度的属性，而Island是表示岛屿的类，二者无直接语义关联，且人口密度的主体通常应为城市或区域而非岛屿。",0,1,
sample_0288,domain,"If a resource uses property populationUrbanDensity as subject, then it should belong to class Island.","背景知识：
条目1：
- 名称：populationUrbanDensity
- 类型：Property
- 简介：population urban density (/sqkm)

条目2：
- 名称：Island
- 类型：Class
- 简介：island",0,qwen-max-0125,0.0,8192,https://api2.aigcbest.top/v1,"判断结果：错误  
解释：根据背景知识，populationUrbanDensity是一个属性，而Island是一个类，RDFS语义规则中没有支持“属性作为主体属于某个类”的约束定义，因此该公理与RDFS语义规则冲突。",0,1,
sample_0289,domain,"For any x and y, if x populationUrbanDensity y holds, then x is an instance of Island.","背景知识：
条目1：
- 名称：populationUrbanDensity
- 类型：Property
- 简介：population urban density (/sqkm)

条目2：
- 名称：Island
- 类型：Class
- 简介：island",0,qwen-max-0125,0.0,8192,https://api2.aigcbest.top/v1,"判断结果：错误  
解释：根据背景知识，populationUrbanDensity是一个属性，而Island是一个类，但没有信息表明人口密度属性与岛屿类之间存在直接的语义关联或约束。",0,1,
sample_0290,domain,Property populationUrbanDensity can only be applied to subjects of class Island.,"背景知识：
条目1：
- 名称：populationUrbanDensity
- 类型：Property
- 简介：population urban density (/sqkm)

条目2：
- 名称：Island
- 类型：Class
- 简介：island",0,qwen-max-0125,0.0,8192,https://api2.aigcbest.top/v1,"判断结果：错误  
解释：根据背景知识，populationUrbanDensity是一个属性，而Island是一个类，但没有信息表明该属性的主体必须属于Island类，因此该公理与背景知识不符。",0,1,
sample_0291,domain,domain(previousInfrastructure) = PublicTransitSystem,"背景知识：
条目1：
- 名称：previousInfrastructure
- 类型：Property
- 简介：previous infrastructure

条目2：
- 名称：PublicTransitSystem
- 类型：Class
- 简介：A public transit system is a shared passenger transportation service which is available for use by the general public. Public transport modes include buses, trolleybuses, trams and trains, 'rapid transit' (metro/subways/undergrounds etc) an...",0,qwen-max-0125,0.0,8192,https://api2.aigcbest.top/v1,"判断结果：错误  
解释：根据背景知识，previousInfrastructure的语义未表明其主体必须属于PublicTransitSystem类，因此该domain约束与背景知识不符。",0,1,
sample_0292,domain,The domain of previousInfrastructure is PublicTransitSystem.,"背景知识：
条目1：
- 名称：previousInfrastructure
- 类型：Property
- 简介：previous infrastructure

条目2：
- 名称：PublicTransitSystem
- 类型：Class
- 简介：A public transit system is a shared passenger transportation service which is available for use by the general public. Public transport modes include buses, trolleybuses, trams and trains, 'rapid transit' (metro/subways/undergrounds etc) an...",0,qwen-max-0125,0.0,8192,https://api2.aigcbest.top/v1,"判断结果：错误  
解释：根据背景知识，previousInfrastructure的语义未表明其主体必须是PublicTransitSystem，且无明确约束支持该domain定义。",0,1,
sample_0293,domain,"If a resource uses property previousInfrastructure as subject, then it should belong to class PublicTransitSystem.","背景知识：
条目1：
- 名称：previousInfrastructure
- 类型：Property
- 简介：previous infrastructure

条目2：
- 名称：PublicTransitSystem
- 类型：Class
- 简介：A public transit system is a shared passenger transportation service which is available for use by the general public. Public transport modes include buses, trolleybuses, trams and trains, 'rapid transit' (metro/subways/undergrounds etc) an...",0,qwen-max-0125,0.0,8192,https://api2.aigcbest.top/v1,"判断结果：错误  
解释：根据背景知识，previousInfrastructure是一个属性，而PublicTransitSystem是一个类，RDFS语义规则中domain用于约束属性的主体，但公理中将属性作为主体使用，违反了RDFS语义规则。",0,1,
sample_0294,domain,"For any x and y, if x previousInfrastructure y holds, then x is an instance of PublicTransitSystem.","背景知识：
条目1：
- 名称：previousInfrastructure
- 类型：Property
- 简介：previous infrastructure

条目2：
- 名称：PublicTransitSystem
- 类型：Class
- 简介：A public transit system is a shared passenger transportation service which is available for use by the general public. Public transport modes include buses, trolleybuses, trams and trains, 'rapid transit' (metro/subways/undergrounds etc) an...",0,qwen-max-0125,0.0,8192,https://api2.aigcbest.top/v1,"判断结果：错误  
解释：根据背景知识，previousInfrastructure是一个属性，而PublicTransitSystem是一个类，但没有信息表明previousInfrastructure的主体必须是PublicTransitSystem的实例，因此该公理与背景知识不符。",0,1,
sample_0295,domain,Property previousInfrastructure can only be applied to subjects of class PublicTransitSystem.,"背景知识：
条目1：
- 名称：previousInfrastructure
- 类型：Property
- 简介：previous infrastructure

条目2：
- 名称：PublicTransitSystem
- 类型：Class
- 简介：A public transit system is a shared passenger transportation service which is available for use by the general public. Public transport modes include buses, trolleybuses, trams and trains, 'rapid transit' (metro/subways/undergrounds etc) an...",0,qwen-max-0125,0.0,8192,https://api2.aigcbest.top/v1,"判断结果：正确  
解释：根据背景知识，previousInfrastructure 是一个属性，而 PublicTransitSystem 是一个类，公理表明该属性的主体必须属于 PublicTransitSystem 类，这符合 RDFS 中 domain 的语义规则。",1,0,
sample_0296,domain,domain(projectBudgetTotal) = Work,"背景知识：
条目1：
- 名称：projectBudgetTotal
- 类型：Property
- 简介：The total budget of the research project.

条目2：
- 名称：Work
- 类型：Class
- 简介：Item on which time has been spent for its realisation. Actor can be a human on not (machine, insects, nature...)",0,qwen-max-0125,0.0,8192,https://api2.aigcbest.top/v1,"判断结果：错误  
解释：根据背景知识，projectBudgetTotal表示研究项目的总预算，其主体应为项目相关类，而非Work类，因为Work描述的是花费时间实现的事项，与预算无直接关联。",0,1,
sample_0297,domain,The domain of projectBudgetTotal is Work.,"背景知识：
条目1：
- 名称：projectBudgetTotal
- 类型：Property
- 简介：The total budget of the research project.

条目2：
- 名称：Work
- 类型：Class
- 简介：Item on which time has been spent for its realisation. Actor can be a human on not (machine, insects, nature...)",0,qwen-max-0125,0.0,8192,https://api2.aigcbest.top/v1,"判断结果：错误  
解释：根据背景知识，projectBudgetTotal表示研究项目的总预算，其主体应为项目相关类，而非Work类，因为Work描述的是花费时间实现的事项，与预算无直接关联。",0,1,
sample_0298,domain,"If a resource uses property projectBudgetTotal as subject, then it should belong to class Work.","背景知识：
条目1：
- 名称：projectBudgetTotal
- 类型：Property
- 简介：The total budget of the research project.

条目2：
- 名称：Work
- 类型：Class
- 简介：Item on which time has been spent for its realisation. Actor can be a human on not (machine, insects, nature...)",0,qwen-max-0125,0.0,8192,https://api2.aigcbest.top/v1,"判断结果：错误  
解释：根据背景知识，projectBudgetTotal是一个属性，而Work是一个类，但RDFS中属性的主体应符合domain约束，而非直接要求属于某一类，因此该公理与RDFS语义规则冲突。",0,1,
sample_0299,domain,"For any x and y, if x projectBudgetTotal y holds, then x is an instance of Work.","背景知识：
条目1：
- 名称：projectBudgetTotal
- 类型：Property
- 简介：The total budget of the research project.

条目2：
- 名称：Work
- 类型：Class
- 简介：Item on which time has been spent for its realisation. Actor can be a human on not (machine, insects, nature...)",0,qwen-max-0125,0.0,8192,https://api2.aigcbest.top/v1,"判断结果：错误  
解释：根据背景知识，projectBudgetTotal是关于研究项目总预算的属性，而Work类描述的是花费时间实现的事项，二者无直接语义关联，因此该公理与背景知识不符。",0,1,
sample_0300,domain,Property projectBudgetTotal can only be applied to subjects of class Work.,"背景知识：
条目1：
- 名称：projectBudgetTotal
- 类型：Property
- 简介：The total budget of the research project.

条目2：
- 名称：Work
- 类型：Class
- 简介：Item on which time has been spent for its realisation. Actor can be a human on not (machine, insects, nature...)",0,qwen-max-0125,0.0,8192,https://api2.aigcbest.top/v1,"判断结果：正确  
解释：根据背景知识，projectBudgetTotal是属性，Work是类，且语义上“项目预算总额”可以合理地应用于“工作”类的主体，符合RDFS中domain约束的定义。",1,0,
sample_0301,domain,domain(runtime) = Airline,"背景知识：
条目1：
- 名称：runtime
- 类型：Property
- 简介：runtime (m)

条目2：
- 名称：Airline
- 类型：Class
- 简介：airline",0,qwen-max-0125,0.0,8192,https://api2.aigcbest.top/v1,"判断结果：错误  
解释：根据背景知识，runtime是一个属性，而Airline是一个类，但没有信息表明runtime的主体必须属于Airline类，因此该domain约束与已知信息冲突。",0,1,
sample_0302,domain,The domain of runtime is Airline.,"背景知识：
条目1：
- 名称：runtime
- 类型：Property
- 简介：runtime (m)

条目2：
- 名称：Airline
- 类型：Class
- 简介：airline",0,qwen-max-0125,0.0,8192,https://api2.aigcbest.top/v1,"判断结果：错误  
解释：根据背景知识，runtime是一个属性，而Airline是一个类，但没有信息表明runtime的主体必须属于Airline类，因此该domain约束与背景知识不符。",0,1,
sample_0303,domain,"If a resource uses property runtime as subject, then it should belong to class Airline.","背景知识：
条目1：
- 名称：runtime
- 类型：Property
- 简介：runtime (m)

条目2：
- 名称：Airline
- 类型：Class
- 简介：airline",0,qwen-max-0125,0.0,8192,https://api2.aigcbest.top/v1,"判断结果：错误  
解释：根据背景知识，runtime是一个Property，而Airline是一个Class，RDFS语义规则中没有支持“使用某个属性作为主体的资源必须属于某一类”的约束，因此该公理与RDFS语义规则冲突。",0,1,
sample_0304,domain,"For any x and y, if x runtime y holds, then x is an instance of Airline.","背景知识：
条目1：
- 名称：runtime
- 类型：Property
- 简介：runtime (m)

条目2：
- 名称：Airline
- 类型：Class
- 简介：airline",0,qwen-max-0125,0.0,8192,https://api2.aigcbest.top/v1,"判断结果：错误  
解释：根据背景知识，runtime是一个属性，而Airline是一个类，但公理中未提供任何信息表明runtime的主体必须是Airline的实例，因此该语义约束与RDFS规则不符。",0,1,
sample_0305,domain,Property runtime can only be applied to subjects of class Airline.,"背景知识：
条目1：
- 名称：runtime
- 类型：Property
- 简介：runtime (m)

条目2：
- 名称：Airline
- 类型：Class
- 简介：airline",0,qwen-max-0125,0.0,8192,https://api2.aigcbest.top/v1,"判断结果：错误  
解释：背景知识中未表明属性runtime的主体必须属于类Airline，且RDFS语义规则中domain约束需明确声明，无法默认推断。",0,1,
sample_0306,range,range(academicAdvisor) = College,"背景知识：
条目1：
- 名称：academicAdvisor
- 类型：Property
- 简介：academic advisor

条目2：
- 名称：College
- 类型：Class
- 简介：college",0,qwen-max-0125,0.0,8192,https://api2.aigcbest.top/v1,"判断结果：错误  
解释：根据背景知识，academicAdvisor是一个属性，而College是一个类，将academicAdvisor的range定义为College不符合常识语义，因为学术顾问通常是人而非学院。",0,1,
sample_0307,range,The range of academicAdvisor is College.,"背景知识：
条目1：
- 名称：academicAdvisor
- 类型：Property
- 简介：academic advisor

条目2：
- 名称：College
- 类型：Class
- 简介：college",0,qwen-max-0125,0.0,8192,https://api2.aigcbest.top/v1,"判断结果：错误  
解释：根据背景知识，academicAdvisor是一个属性，而College是一个类，将College设为academicAdvisor的range不合理，因为学术顾问通常是人而非学院。",0,1,
sample_0308,range,"If a resource appears as the object of property academicAdvisor, then it should belong to class College.","背景知识：
条目1：
- 名称：academicAdvisor
- 类型：Property
- 简介：academic advisor

条目2：
- 名称：College
- 类型：Class
- 简介：college",0,qwen-max-0125,0.0,8192,https://api2.aigcbest.top/v1,"判断结果：错误  
解释：根据背景知识，academicAdvisor的语义未表明其对象必须属于College类，且RDFS语义规则中无此约束，因此该公理与背景知识和语义规则冲突。",0,1,
sample_0309,range,"For any x and y, if x academicAdvisor y holds, then y is an instance of College.","背景知识：
条目1：
- 名称：academicAdvisor
- 类型：Property
- 简介：academic advisor

条目2：
- 名称：College
- 类型：Class
- 简介：college",0,qwen-max-0125,0.0,8192,https://api2.aigcbest.top/v1,"判断结果：错误  
解释：根据背景知识，academicAdvisor是一个属性，而College是一个类，公理中将academicAdvisor的客体约束为College的实例，这与常识和语义规则不符，因为学术顾问通常是人而非学院。",0,1,
sample_0310,range,Property academicAdvisor can only point to objects of class College.,"背景知识：
条目1：
- 名称：academicAdvisor
- 类型：Property
- 简介：academic advisor

条目2：
- 名称：College
- 类型：Class
- 简介：college",0,qwen-max-0125,0.0,8192,https://api2.aigcbest.top/v1,"判断结果：错误  
解释：根据背景知识，academicAdvisor是一个属性，而College是一个类，但没有信息表明academicAdvisor的客体必须属于College类，因此该公理与背景知识不符。",0,1,
sample_0311,range,range(administrativeDistrict) = PopulatedPlace,"背景知识：
条目1：
- 名称：administrativeDistrict
- 类型：Property
- 简介：administrative district

条目2：
- 名称：PopulatedPlace
- 类型：Class
- 简介：As defined by the United States Geological Survey, a populated place is a place or area with clustered or scattered buildings and a permanent human population (city, settlement, town, or village) referenced with geographic coordinates (http...",1,qwen-max-0125,0.0,8192,https://api2.aigcbest.top/v1,"判断结果：正确  
解释：根据背景知识，administrativeDistrict 是一个属性，PopulatedPlace 是一个类，且语义上 administrativeDistrict 的客体可以合理地属于 PopulatedPlace 类，符合 range 的定义。",1,1,
sample_0312,range,The range of administrativeDistrict is PopulatedPlace.,"背景知识：
条目1：
- 名称：administrativeDistrict
- 类型：Property
- 简介：administrative district

条目2：
- 名称：PopulatedPlace
- 类型：Class
- 简介：As defined by the United States Geological Survey, a populated place is a place or area with clustered or scattered buildings and a permanent human population (city, settlement, town, or village) referenced with geographic coordinates (http...",1,qwen-max-0125,0.0,8192,https://api2.aigcbest.top/v1,"判断结果：正确  
解释：根据背景知识，administrativeDistrict 是一个属性，PopulatedPlace 是一个类，且语义上 administrativeDistrict 的客体可以合理地约束为 PopulatedPlace 类的实例，符合 RDFS range 的语义规则。",1,1,
sample_0313,range,"If a resource appears as the object of property administrativeDistrict, then it should belong to class PopulatedPlace.","背景知识：
条目1：
- 名称：administrativeDistrict
- 类型：Property
- 简介：administrative district

条目2：
- 名称：PopulatedPlace
- 类型：Class
- 简介：As defined by the United States Geological Survey, a populated place is a place or area with clustered or scattered buildings and a permanent human population (city, settlement, town, or village) referenced with geographic coordinates (http...",1,qwen-max-0125,0.0,8192,https://api2.aigcbest.top/v1,"判断结果：正确  
解释：根据背景知识，administrativeDistrict的客体应为地理区域中的某个地点，而PopulatedPlace定义了具有永久人口的聚居地，符合该属性的语义约束，因此公理合理。",1,1,
sample_0314,range,"For any x and y, if x administrativeDistrict y holds, then y is an instance of PopulatedPlace.","背景知识：
条目1：
- 名称：administrativeDistrict
- 类型：Property
- 简介：administrative district

条目2：
- 名称：PopulatedPlace
- 类型：Class
- 简介：As defined by the United States Geological Survey, a populated place is a place or area with clustered or scattered buildings and a permanent human population (city, settlement, town, or village) referenced with geographic coordinates (http...",1,qwen-max-0125,0.0,8192,https://api2.aigcbest.top/v1,"判断结果：正确  
解释：根据背景知识，administrativeDistrict 是一个属性，而 PopulatedPlace 是一个类，公理表明 administrativeDistrict 的客体必须是 PopulatedPlace 的实例，这符合 RDFS 中 range 的语义规则。",1,1,
sample_0315,range,Property administrativeDistrict can only point to objects of class PopulatedPlace.,"背景知识：
条目1：
- 名称：administrativeDistrict
- 类型：Property
- 简介：administrative district

条目2：
- 名称：PopulatedPlace
- 类型：Class
- 简介：As defined by the United States Geological Survey, a populated place is a place or area with clustered or scattered buildings and a permanent human population (city, settlement, town, or village) referenced with geographic coordinates (http...",1,qwen-max-0125,0.0,8192,https://api2.aigcbest.top/v1,"判断结果：正确  
解释：根据背景知识，administrativeDistrict 是一个属性，而 PopulatedPlace 是一个类，公理规定该属性的客体必须属于 PopulatedPlace 类，这符合 RDFS 的 range 约束语义规则。",1,1,
sample_0316,range,range(affiliation) = Athlete,"背景知识：
条目1：
- 名称：affiliation
- 类型：Property
- 简介：affiliation

条目2：
- 名称：Athlete
- 类型：Class
- 简介：athlete",0,qwen-max-0125,0.0,8192,https://api2.aigcbest.top/v1,"判断结果：错误  
解释：根据背景知识，affiliation的语义未明确限定其客体必须为Athlete，因此直接设定range(affiliation) = Athlete缺乏合理依据且可能与常识冲突。",0,1,
sample_0317,range,The range of affiliation is Athlete.,"背景知识：
条目1：
- 名称：affiliation
- 类型：Property
- 简介：affiliation

条目2：
- 名称：Athlete
- 类型：Class
- 简介：athlete",0,qwen-max-0125,0.0,8192,https://api2.aigcbest.top/v1,"判断结果：错误  
解释：根据背景知识，affiliation的范围被限制为Athlete，但常识中affiliation通常表示隶属关系，其客体不一定是运动员（Athlete），因此与语义规则冲突。",0,1,
sample_0318,range,"If a resource appears as the object of property affiliation, then it should belong to class Athlete.","背景知识：
条目1：
- 名称：affiliation
- 类型：Property
- 简介：affiliation

条目2：
- 名称：Athlete
- 类型：Class
- 简介：athlete",0,qwen-max-0125,0.0,8192,https://api2.aigcbest.top/v1,"判断结果：错误  
解释：根据背景知识，affiliation的语义未明确限定其客体必须属于Athlete类，因此该公理与背景知识或RDFS语义规则存在冲突。",0,1,
sample_0319,range,"For any x and y, if x affiliation y holds, then y is an instance of Athlete.","背景知识：
条目1：
- 名称：affiliation
- 类型：Property
- 简介：affiliation

条目2：
- 名称：Athlete
- 类型：Class
- 简介：athlete",0,qwen-max-0125,0.0,8192,https://api2.aigcbest.top/v1,"判断结果：错误  
解释：根据背景知识，affiliation的语义未明确限定其客体必须是Athlete的实例，因此该公理与背景知识或RDFS语义规则存在冲突。",0,1,
sample_0320,range,Property affiliation can only point to objects of class Athlete.,"背景知识：
条目1：
- 名称：affiliation
- 类型：Property
- 简介：affiliation

条目2：
- 名称：Athlete
- 类型：Class
- 简介：athlete",0,qwen-max-0125,0.0,8192,https://api2.aigcbest.top/v1,"判断结果：正确  
解释：根据背景知识，affiliation是属性，Athlete是类，公理表明affiliation的客体必须属于Athlete类，符合RDFS中range语义规则。",1,0,
sample_0321,range,range(album) = Athlete,"背景知识：
条目1：
- 名称：album
- 类型：Property
- 简介：album

条目2：
- 名称：Athlete
- 类型：Class
- 简介：athlete",0,qwen-max-0125,0.0,8192,https://api2.aigcbest.top/v1,"判断结果：错误  
解释：根据背景知识，album是一个Property，而Athlete是一个Class，但常识和语义规则无法支持“专辑的属性值范围是运动员”这一约束关系。",0,1,
sample_0322,range,The range of album is Athlete.,"背景知识：
条目1：
- 名称：album
- 类型：Property
- 简介：album

条目2：
- 名称：Athlete
- 类型：Class
- 简介：athlete",0,qwen-max-0125,0.0,8192,https://api2.aigcbest.top/v1,"判断结果：错误  
解释：根据背景知识，album是一个Property，而Athlete是一个Class，但没有信息表明album的客体应属于Athlete类，因此该range约束与背景知识不符。",0,1,
sample_0323,range,"If a resource appears as the object of property album, then it should belong to class Athlete.","背景知识：
条目1：
- 名称：album
- 类型：Property
- 简介：album

条目2：
- 名称：Athlete
- 类型：Class
- 简介：athlete",0,qwen-max-0125,0.0,8192,https://api2.aigcbest.top/v1,"判断结果：错误  
解释：根据背景知识，album是属性，Athlete是类，但没有信息表明album的客体必须属于Athlete类，因此该公理与背景知识不符。",0,1,
sample_0324,range,"For any x and y, if x album y holds, then y is an instance of Athlete.","背景知识：
条目1：
- 名称：album
- 类型：Property
- 简介：album

条目2：
- 名称：Athlete
- 类型：Class
- 简介：athlete",0,qwen-max-0125,0.0,8192,https://api2.aigcbest.top/v1,"判断结果：错误  
解释：根据背景知识，album是一个Property，而Athlete是一个Class，但没有信息表明album的客体必须是Athlete的实例，因此该公理与背景知识不符。",0,1,
sample_0325,range,Property album can only point to objects of class Athlete.,"背景知识：
条目1：
- 名称：album
- 类型：Property
- 简介：album

条目2：
- 名称：Athlete
- 类型：Class
- 简介：athlete",0,qwen-max-0125,0.0,8192,https://api2.aigcbest.top/v1,"判断结果：错误  
解释：根据背景知识，album是Property类型，Athlete是Class类型，但没有信息表明album的range必须是Athlete，因此该公理与背景知识不符。",0,1,
sample_0326,range,range(alongside) = Department,"背景知识：
条目1：
- 名称：alongside
- 类型：Property
- 简介：alongside

条目2：
- 名称：Department
- 类型：Class
- 简介：department",0,qwen-max-0125,0.0,8192,https://api2.aigcbest.top/v1,"判断结果：错误  
解释：根据背景知识，alongside是一个属性，而Department是一个类，但没有信息表明alongside的客体必须属于Department类，因此该公理与背景知识不符。",0,1,
sample_0327,range,The range of alongside is Department.,"背景知识：
条目1：
- 名称：alongside
- 类型：Property
- 简介：alongside

条目2：
- 名称：Department
- 类型：Class
- 简介：department",0,qwen-max-0125,0.0,8192,https://api2.aigcbest.top/v1,"判断结果：错误  
解释：背景知识中未表明属性alongside的客体必须属于类Department，因此该公理与背景知识不符。",0,1,
sample_0328,range,"If a resource appears as the object of property alongside, then it should belong to class Department.","背景知识：
条目1：
- 名称：alongside
- 类型：Property
- 简介：alongside

条目2：
- 名称：Department
- 类型：Class
- 简介：department",0,qwen-max-0125,0.0,8192,https://api2.aigcbest.top/v1,"判断结果：错误  
解释：背景知识中未表明属性alongside的range与类Department存在约束关系，因此无法推断该公理的合理性。",0,1,
sample_0329,range,"For any x and y, if x alongside y holds, then y is an instance of Department.","背景知识：
条目1：
- 名称：alongside
- 类型：Property
- 简介：alongside

条目2：
- 名称：Department
- 类型：Class
- 简介：department",0,qwen-max-0125,0.0,8192,https://api2.aigcbest.top/v1,"判断结果：错误  
解释：背景知识中未表明属性alongside与类Department之间存在语义关联，且RDFS语义规则无法支持该公理的推理。",0,1,
sample_0330,range,Property alongside can only point to objects of class Department.,"背景知识：
条目1：
- 名称：alongside
- 类型：Property
- 简介：alongside

条目2：
- 名称：Department
- 类型：Class
- 简介：department",0,qwen-max-0125,0.0,8192,https://api2.aigcbest.top/v1,"判断结果：正确  
解释：根据背景知识和RDFS语义规则，公理表明属性alongside的客体必须属于类Department，这符合range约束的定义。",1,0,
sample_0331,range,range(architect) = Place,"背景知识：
条目1：
- 名称：architect
- 类型：Property
- 简介：architect

条目2：
- 名称：Place
- 类型：Class
- 简介：place",0,qwen-max-0125,0.0,8192,https://api2.aigcbest.top/v1,"判断结果：错误  
解释：根据背景知识，architect是一个属性，而Place是一个类，但没有信息表明architect的客体必须属于Place类，因此该公理与背景知识不符。",0,1,
sample_0332,range,The range of architect is Place.,"背景知识：
条目1：
- 名称：architect
- 类型：Property
- 简介：architect

条目2：
- 名称：Place
- 类型：Class
- 简介：place",0,qwen-max-0125,0.0,8192,https://api2.aigcbest.top/v1,"判断结果：正确  
解释：根据背景知识，architect是一个属性，Place是一个类，且RDFS的range语义规则要求属性的客体属于指定类，因此该公理符合语义规则。",1,0,
sample_0333,range,"If a resource appears as the object of property architect, then it should belong to class Place.","背景知识：
条目1：
- 名称：architect
- 类型：Property
- 简介：architect

条目2：
- 名称：Place
- 类型：Class
- 简介：place",0,qwen-max-0125,0.0,8192,https://api2.aigcbest.top/v1,"判断结果：正确  
解释：根据背景知识，architect是属性，Place是类，公理符合RDFS中range语义规则，即属性的客体应属于某一类。",1,0,
sample_0334,range,"For any x and y, if x architect y holds, then y is an instance of Place.","背景知识：
条目1：
- 名称：architect
- 类型：Property
- 简介：architect

条目2：
- 名称：Place
- 类型：Class
- 简介：place",0,qwen-max-0125,0.0,8192,https://api2.aigcbest.top/v1,"判断结果：正确  
解释：根据背景知识，architect是属性，Place是类，公理表明如果x architect y成立，则y必须是Place的实例，这符合RDFS中range语义规则的约束。",1,0,
sample_0335,range,Property architect can only point to objects of class Place.,"背景知识：
条目1：
- 名称：architect
- 类型：Property
- 简介：architect

条目2：
- 名称：Place
- 类型：Class
- 简介：place",0,qwen-max-0125,0.0,8192,https://api2.aigcbest.top/v1,"判断结果：正确  
解释：根据背景知识，architect是属性，Place是类，公理表明architect的客体必须属于Place类，符合RDFS中range的语义规则。",1,0,
sample_0336,range,range(arrondissement) = Organisation,"背景知识：
条目1：
- 名称：arrondissement
- 类型：Property
- 简介：arrondissement

条目2：
- 名称：Organisation
- 类型：Class
- 简介：organisation",0,qwen-max-0125,0.0,8192,https://api2.aigcbest.top/v1,"判断结果：错误  
解释：根据背景知识，arrondissement是属性，Organisation是类，但没有信息表明arrondissement的客体必须属于Organisation类，因此该range约束与背景知识不符。",0,1,
sample_0337,range,The range of arrondissement is Organisation.,"背景知识：
条目1：
- 名称：arrondissement
- 类型：Property
- 简介：arrondissement

条目2：
- 名称：Organisation
- 类型：Class
- 简介：organisation",0,qwen-max-0125,0.0,8192,https://api2.aigcbest.top/v1,"判断结果：错误  
解释：根据背景知识，arrondissement是属性，Organisation是类，但没有信息表明arrondissement的客体必须属于Organisation类，因此该range约束与背景知识不符。",0,1,
sample_0338,range,"If a resource appears as the object of property arrondissement, then it should belong to class Organisation.","背景知识：
条目1：
- 名称：arrondissement
- 类型：Property
- 简介：arrondissement

条目2：
- 名称：Organisation
- 类型：Class
- 简介：organisation",0,qwen-max-0125,0.0,8192,https://api2.aigcbest.top/v1,"判断结果：错误  
解释：背景知识中未表明arrondissement的range与Organisation类存在关联，因此无法推断该公理的合理性。",0,1,
sample_0339,range,"For any x and y, if x arrondissement y holds, then y is an instance of Organisation.","背景知识：
条目1：
- 名称：arrondissement
- 类型：Property
- 简介：arrondissement

条目2：
- 名称：Organisation
- 类型：Class
- 简介：organisation",0,qwen-max-0125,0.0,8192,https://api2.aigcbest.top/v1,"判断结果：错误  
解释：根据背景知识，arrondissement是属性，Organisation是类，但没有信息表明arrondissement的客体必须属于Organisation类，因此该公理与背景知识不符。",0,1,
sample_0340,range,Property arrondissement can only point to objects of class Organisation.,"背景知识：
条目1：
- 名称：arrondissement
- 类型：Property
- 简介：arrondissement

条目2：
- 名称：Organisation
- 类型：Class
- 简介：organisation",0,qwen-max-0125,0.0,8192,https://api2.aigcbest.top/v1,"判断结果：错误  
解释：背景知识中未表明arrondissement的range限定为Organisation，且常识上arrondissement通常与地理区域相关，而非组织。",0,1,
sample_0341,range,range(associate) = BroadcastNetwork,"背景知识：
条目1：
- 名称：associate
- 类型：Property
- 简介：associate

条目2：
- 名称：BroadcastNetwork
- 类型：Class
- 简介：A broadcast network is an organization, such as a corporation or other association, that provides live or recorded content, such as movies, newscasts, sports, and public affairs programs for broadcast over a group of radio or television sta...",0,qwen-max-0125,0.0,8192,https://api2.aigcbest.top/v1,"判断结果：错误  
解释：根据背景知识，associate的类型为Property，而BroadcastNetwork为Class，但没有信息表明associate的客体必须属于BroadcastNetwork，因此该range约束与背景知识不符。",0,1,
sample_0342,range,The range of associate is BroadcastNetwork.,"背景知识：
条目1：
- 名称：associate
- 类型：Property
- 简介：associate

条目2：
- 名称：BroadcastNetwork
- 类型：Class
- 简介：A broadcast network is an organization, such as a corporation or other association, that provides live or recorded content, such as movies, newscasts, sports, and public affairs programs for broadcast over a group of radio or television sta...",0,qwen-max-0125,0.0,8192,https://api2.aigcbest.top/v1,"判断结果：错误  
解释：根据背景知识，associate的类型为Property，而BroadcastNetwork为Class，但没有信息表明associate的客体必须属于BroadcastNetwork，因此该range约束与背景知识不符。",0,1,
sample_0343,range,"If a resource appears as the object of property associate, then it should belong to class BroadcastNetwork.","背景知识：
条目1：
- 名称：associate
- 类型：Property
- 简介：associate

条目2：
- 名称：BroadcastNetwork
- 类型：Class
- 简介：A broadcast network is an organization, such as a corporation or other association, that provides live or recorded content, such as movies, newscasts, sports, and public affairs programs for broadcast over a group of radio or television sta...",0,qwen-max-0125,0.0,8192,https://api2.aigcbest.top/v1,"判断结果：错误  
解释：背景知识中未表明属性associate的range限定为BroadcastNetwork，因此无法推断其客体必须属于该类。",0,1,
sample_0344,range,"For any x and y, if x associate y holds, then y is an instance of BroadcastNetwork.","背景知识：
条目1：
- 名称：associate
- 类型：Property
- 简介：associate

条目2：
- 名称：BroadcastNetwork
- 类型：Class
- 简介：A broadcast network is an organization, such as a corporation or other association, that provides live or recorded content, such as movies, newscasts, sports, and public affairs programs for broadcast over a group of radio or television sta...",0,qwen-max-0125,0.0,8192,https://api2.aigcbest.top/v1,"判断结果：错误  
解释：背景知识中未表明“associate”属性的客体必须是“BroadcastNetwork”的实例，因此该公理与已知信息存在冲突。",0,1,
sample_0345,range,Property associate can only point to objects of class BroadcastNetwork.,"背景知识：
条目1：
- 名称：associate
- 类型：Property
- 简介：associate

条目2：
- 名称：BroadcastNetwork
- 类型：Class
- 简介：A broadcast network is an organization, such as a corporation or other association, that provides live or recorded content, such as movies, newscasts, sports, and public affairs programs for broadcast over a group of radio or television sta...",0,qwen-max-0125,0.0,8192,https://api2.aigcbest.top/v1,"判断结果：正确  
解释：根据背景知识，属性associate的range被限定为BroadcastNetwork类，符合RDFS语义规则中对属性客体类别的约束。",1,0,
sample_0346,range,range(automobilePlatform) = Album,"背景知识：
条目1：
- 名称：automobilePlatform
- 类型：Property
- 简介：automobile platform

条目2：
- 名称：Album
- 类型：Class
- 简介：album",0,qwen-max-0125,0.0,8192,https://api2.aigcbest.top/v1,"判断结果：错误  
解释：根据背景知识，automobilePlatform是与“automobile platform”相关的属性，而Album是表示“album”的类，二者在语义上无关联，且range公理要求属性的客体属于指定类，此处明显冲突。",0,1,
sample_0347,range,The range of automobilePlatform is Album.,"背景知识：
条目1：
- 名称：automobilePlatform
- 类型：Property
- 简介：automobile platform

条目2：
- 名称：Album
- 类型：Class
- 简介：album",0,qwen-max-0125,0.0,8192,https://api2.aigcbest.top/v1,"判断结果：错误  
解释：根据背景知识，automobilePlatform是与“automobile platform”相关的属性，而Album表示“album”类，二者语义上无关联，违反常识和RDFS语义规则。",0,1,
sample_0348,range,"If a resource appears as the object of property automobilePlatform, then it should belong to class Album.","背景知识：
条目1：
- 名称：automobilePlatform
- 类型：Property
- 简介：automobile platform

条目2：
- 名称：Album
- 类型：Class
- 简介：album",0,qwen-max-0125,0.0,8192,https://api2.aigcbest.top/v1,"判断结果：错误  
解释：根据背景知识，automobilePlatform是与“automobile platform”相关的属性，而Album是表示“album”的类，二者无语义关联，且RDFS语义规则中range约束需基于合理领域知识，该公理明显冲突。",0,1,
sample_0349,range,"For any x and y, if x automobilePlatform y holds, then y is an instance of Album.","背景知识：
条目1：
- 名称：automobilePlatform
- 类型：Property
- 简介：automobile platform

条目2：
- 名称：Album
- 类型：Class
- 简介：album",0,qwen-max-0125,0.0,8192,https://api2.aigcbest.top/v1,"判断结果：错误  
解释：根据背景知识，automobilePlatform是属性，Album是类，但没有信息表明automobilePlatform的客体必须是Album的实例，因此该公理与背景知识不符。",0,1,
sample_0350,range,Property automobilePlatform can only point to objects of class Album.,"背景知识：
条目1：
- 名称：automobilePlatform
- 类型：Property
- 简介：automobile platform

条目2：
- 名称：Album
- 类型：Class
- 简介：album",0,qwen-max-0125,0.0,8192,https://api2.aigcbest.top/v1,"判断结果：错误  
解释：根据背景知识，automobilePlatform是一个Property，而Album是一个Class，但没有信息表明automobilePlatform的range应限定为Album，因此该公理与背景知识不符。",0,1,
sample_0351,range,range(automobilePlatform) = Automobile,"背景知识：
条目1：
- 名称：automobilePlatform
- 类型：Property
- 简介：automobile platform

条目2：
- 名称：Automobile
- 类型：Class
- 简介：automobile",1,qwen-max-0125,0.0,8192,https://api2.aigcbest.top/v1,"判断结果：正确  
解释：根据背景知识，automobilePlatform 是一个属性，而 Automobile 是一个类，公理表明 automobilePlatform 的客体属于 Automobile 类，符合 range 的语义规则。",1,1,
sample_0352,range,The range of automobilePlatform is Automobile.,"背景知识：
条目1：
- 名称：automobilePlatform
- 类型：Property
- 简介：automobile platform

条目2：
- 名称：Automobile
- 类型：Class
- 简介：automobile",1,qwen-max-0125,0.0,8192,https://api2.aigcbest.top/v1,"判断结果：正确  
解释：根据背景知识，automobilePlatform 是一个属性，而 Automobile 是一个类，公理表明 automobilePlatform 的客体属于 Automobile 类，符合 RDFS 中 range 的语义规则。",1,1,
sample_0353,range,"If a resource appears as the object of property automobilePlatform, then it should belong to class Automobile.","背景知识：
条目1：
- 名称：automobilePlatform
- 类型：Property
- 简介：automobile platform

条目2：
- 名称：Automobile
- 类型：Class
- 简介：automobile",1,qwen-max-0125,0.0,8192,https://api2.aigcbest.top/v1,"判断结果：正确  
解释：根据背景知识，automobilePlatform是属性，Automobile是类，公理符合RDFS中range语义规则，即属性的客体应属于某一类。",1,1,
sample_0354,range,"For any x and y, if x automobilePlatform y holds, then y is an instance of Automobile.","背景知识：
条目1：
- 名称：automobilePlatform
- 类型：Property
- 简介：automobile platform

条目2：
- 名称：Automobile
- 类型：Class
- 简介：automobile",1,qwen-max-0125,0.0,8192,https://api2.aigcbest.top/v1,"判断结果：正确  
解释：根据背景知识，automobilePlatform 是一个属性，而 Automobile 是一个类，公理表明该属性的客体必须是 Automobile 的实例，这符合 RDFS 中 range 的语义规则。",1,1,
sample_0355,range,Property automobilePlatform can only point to objects of class Automobile.,"背景知识：
条目1：
- 名称：automobilePlatform
- 类型：Property
- 简介：automobile platform

条目2：
- 名称：Automobile
- 类型：Class
- 简介：automobile",1,qwen-max-0125,0.0,8192,https://api2.aigcbest.top/v1,"判断结果：正确  
解释：根据背景知识，automobilePlatform是属性，Automobile是类，公理表明automobilePlatform的range限定为Automobile，符合RDFS语义规则中range的定义。",1,1,
sample_0356,range,range(basedOn) = Band,"背景知识：
条目1：
- 名称：basedOn
- 类型：Property
- 简介：based on

条目2：
- 名称：Band
- 类型：Class
- 简介：Band",0,qwen-max-0125,0.0,8192,https://api2.aigcbest.top/v1,"判断结果：错误  
解释：根据背景知识，无法确定属性basedOn的客体必须属于类Band，因此该公理与背景知识不符。",0,1,
sample_0357,range,The range of basedOn is Band.,"背景知识：
条目1：
- 名称：basedOn
- 类型：Property
- 简介：based on

条目2：
- 名称：Band
- 类型：Class
- 简介：Band",0,qwen-max-0125,0.0,8192,https://api2.aigcbest.top/v1,"判断结果：错误  
解释：背景知识中未表明basedOn的客体必须属于Band类，因此该公理与已知信息冲突。",0,1,
sample_0358,range,"If a resource appears as the object of property basedOn, then it should belong to class Band.","背景知识：
条目1：
- 名称：basedOn
- 类型：Property
- 简介：based on

条目2：
- 名称：Band
- 类型：Class
- 简介：Band",0,qwen-max-0125,0.0,8192,https://api2.aigcbest.top/v1,"判断结果：错误  
解释：背景知识中未说明basedOn的range是Band，因此无法推断基于basedOn的客体一定属于Band类。",0,1,
sample_0359,range,"For any x and y, if x basedOn y holds, then y is an instance of Band.","背景知识：
条目1：
- 名称：basedOn
- 类型：Property
- 简介：based on

条目2：
- 名称：Band
- 类型：Class
- 简介：Band",0,qwen-max-0125,0.0,8192,https://api2.aigcbest.top/v1,"判断结果：错误  
解释：根据背景知识，basedOn是一个属性，Band是一个类，但公理中未提供基于RDFS语义规则的domain或range约束来支持“y必须是Band的实例”这一结论。",0,1,
sample_0360,range,Property basedOn can only point to objects of class Band.,"背景知识：
条目1：
- 名称：basedOn
- 类型：Property
- 简介：based on

条目2：
- 名称：Band
- 类型：Class
- 简介：Band",0,qwen-max-0125,0.0,8192,https://api2.aigcbest.top/v1,"判断结果：正确  
解释：根据背景知识，basedOn是属性，Band是类，公理表明basedOn的range限定为Band，符合RDFS语义规则中对range的定义。",1,0,
sample_0361,range,range(beatifiedBy) = Person,"背景知识：
条目1：
- 名称：beatifiedBy
- 类型：Property
- 简介：beatified by

条目2：
- 名称：Person
- 类型：Class
- 简介：person",1,qwen-max-0125,0.0,8192,https://api2.aigcbest.top/v1,"判断结果：正确  
解释：根据背景知识，beatifiedBy是一个属性，Person是一个类，且语义上“被封圣”这一动作的执行者通常是一个人，因此该公理符合range的语义规则。",1,1,
sample_0362,range,The range of beatifiedBy is Person.,"背景知识：
条目1：
- 名称：beatifiedBy
- 类型：Property
- 简介：beatified by

条目2：
- 名称：Person
- 类型：Class
- 简介：person",1,qwen-max-0125,0.0,8192,https://api2.aigcbest.top/v1,"判断结果：正确  
解释：根据背景知识，beatifiedBy是一个属性，而Person是一个类，公理表明beatifiedBy的客体属于Person类，符合RDFS中range的语义规则。",1,1,
sample_0363,range,"If a resource appears as the object of property beatifiedBy, then it should belong to class Person.","背景知识：
条目1：
- 名称：beatifiedBy
- 类型：Property
- 简介：beatified by

条目2：
- 名称：Person
- 类型：Class
- 简介：person",1,qwen-max-0125,0.0,8192,https://api2.aigcbest.top/v1,"判断结果：正确  
解释：根据背景知识，beatifiedBy的客体应属于Person类，这符合RDFS中range语义规则的约束。",1,1,
sample_0364,range,"For any x and y, if x beatifiedBy y holds, then y is an instance of Person.","背景知识：
条目1：
- 名称：beatifiedBy
- 类型：Property
- 简介：beatified by

条目2：
- 名称：Person
- 类型：Class
- 简介：person",1,qwen-max-0125,0.0,8192,https://api2.aigcbest.top/v1,"判断结果：正确  
解释：根据背景知识，beatifiedBy是一个属性，而Person是一个类，公理表明beatifiedBy的客体必须是Person的实例，这符合RDFS中range的语义约束。",1,1,
sample_0365,range,Property beatifiedBy can only point to objects of class Person.,"背景知识：
条目1：
- 名称：beatifiedBy
- 类型：Property
- 简介：beatified by

条目2：
- 名称：Person
- 类型：Class
- 简介：person",1,qwen-max-0125,0.0,8192,https://api2.aigcbest.top/v1,"判断结果：正确  
解释：根据背景知识，beatifiedBy是一个属性，而Person是一个类，公理表明beatifiedBy的客体必须属于Person类，这符合RDFS中range的语义规则。",1,1,
sample_0366,range,range(billed) = Award,"背景知识：
条目1：
- 名称：billed
- 类型：Property
- 简介：billed

条目2：
- 名称：Award
- 类型：Class
- 简介：award",0,qwen-max-0125,0.0,8192,https://api2.aigcbest.top/v1,"判断结果：错误  
解释：根据背景知识，billed是一个属性，而Award是一个类，但没有任何信息表明billed的客体必须属于Award类，因此该公理与背景知识不符。",0,1,
sample_0367,range,The range of billed is Award.,"背景知识：
条目1：
- 名称：billed
- 类型：Property
- 简介：billed

条目2：
- 名称：Award
- 类型：Class
- 简介：award",0,qwen-max-0125,0.0,8192,https://api2.aigcbest.top/v1,"判断结果：正确  
解释：根据背景知识，billed是属性，Award是类，RDFS语义规则允许将属性的range定义为某一类，因此该公理符合语义规则且合理。",1,0,
sample_0368,range,"If a resource appears as the object of property billed, then it should belong to class Award.","背景知识：
条目1：
- 名称：billed
- 类型：Property
- 简介：billed

条目2：
- 名称：Award
- 类型：Class
- 简介：award",0,qwen-max-0125,0.0,8192,https://api2.aigcbest.top/v1,"判断结果：正确  
解释：根据公理和背景知识，属性billed的客体被约束为属于类Award，这符合RDFS中range语义规则的定义。",1,0,
sample_0369,range,"For any x and y, if x billed y holds, then y is an instance of Award.","背景知识：
条目1：
- 名称：billed
- 类型：Property
- 简介：billed

条目2：
- 名称：Award
- 类型：Class
- 简介：award",0,qwen-max-0125,0.0,8192,https://api2.aigcbest.top/v1,"判断结果：错误  
解释：根据背景知识，billed是一个属性，Award是一个类，但没有信息表明billed的客体必须是Award的实例，因此该公理与背景知识不符。",0,1,
sample_0370,range,Property billed can only point to objects of class Award.,"背景知识：
条目1：
- 名称：billed
- 类型：Property
- 简介：billed

条目2：
- 名称：Award
- 类型：Class
- 简介：award",0,qwen-max-0125,0.0,8192,https://api2.aigcbest.top/v1,"判断结果：正确  
解释：根据背景知识，billed是属性，Award是类，公理表明billed的客体必须属于Award类，符合RDFS中range语义规则。",1,0,
sample_0371,range,range(canonizedBy) = Person,"背景知识：
条目1：
- 名称：canonizedBy
- 类型：Property
- 简介：canonized by

条目2：
- 名称：Person
- 类型：Class
- 简介：person",1,qwen-max-0125,0.0,8192,https://api2.aigcbest.top/v1,"判断结果：正确  
解释：根据背景知识，canonizedBy是一个属性，Person是一个类，公理表明canonizedBy的客体属于Person类，符合RDFS中range的语义规则。",1,1,
sample_0372,range,The range of canonizedBy is Person.,"背景知识：
条目1：
- 名称：canonizedBy
- 类型：Property
- 简介：canonized by

条目2：
- 名称：Person
- 类型：Class
- 简介：person",1,qwen-max-0125,0.0,8192,https://api2.aigcbest.top/v1,"判断结果：正确  
解释：根据背景知识，canonizedBy是一个属性，Person是一个类，RDFS的range语义规则要求属性的客体属于指定类，因此该公理符合语义规则且合理。",1,1,
sample_0373,range,"If a resource appears as the object of property canonizedBy, then it should belong to class Person.","背景知识：
条目1：
- 名称：canonizedBy
- 类型：Property
- 简介：canonized by

条目2：
- 名称：Person
- 类型：Class
- 简介：person",1,qwen-max-0125,0.0,8192,https://api2.aigcbest.top/v1,"判断结果：正确  
解释：根据背景知识，canonizedBy是属性，Person是类，公理符合RDFS语义规则中range的定义，即属性的客体应属于某一类。",1,1,
sample_0374,range,"For any x and y, if x canonizedBy y holds, then y is an instance of Person.","背景知识：
条目1：
- 名称：canonizedBy
- 类型：Property
- 简介：canonized by

条目2：
- 名称：Person
- 类型：Class
- 简介：person",1,qwen-max-0125,0.0,8192,https://api2.aigcbest.top/v1,"判断结果：正确  
解释：根据背景知识，canonizedBy是一个属性，而Person是一个类，公理表明canonizedBy的客体必须是Person的实例，这符合RDFS中range的语义约束。",1,1,
sample_0375,range,Property canonizedBy can only point to objects of class Person.,"背景知识：
条目1：
- 名称：canonizedBy
- 类型：Property
- 简介：canonized by

条目2：
- 名称：Person
- 类型：Class
- 简介：person",1,qwen-max-0125,0.0,8192,https://api2.aigcbest.top/v1,"判断结果：正确  
解释：根据背景知识，canonizedBy是一个属性，而Person是一个类，公理规定canonizedBy的客体必须属于Person类，符合RDFS中range的语义规则。",1,1,
sample_0376,range,range(canonizedPlace) = College,"背景知识：
条目1：
- 名称：canonizedPlace
- 类型：Property
- 简介：canonized place

条目2：
- 名称：College
- 类型：Class
- 简介：college",0,qwen-max-0125,0.0,8192,https://api2.aigcbest.top/v1,"判断结果：错误  
解释：根据背景知识，canonizedPlace是一个属性，而College是一个类，但没有信息表明canonizedPlace的客体必须属于College类，因此该range约束与背景知识不符。",0,1,
sample_0377,range,The range of canonizedPlace is College.,"背景知识：
条目1：
- 名称：canonizedPlace
- 类型：Property
- 简介：canonized place

条目2：
- 名称：College
- 类型：Class
- 简介：college",0,qwen-max-0125,0.0,8192,https://api2.aigcbest.top/v1,"判断结果：错误  
解释：根据背景知识，canonizedPlace是一个属性，而College是一个类，但没有信息表明canonizedPlace的客体必须属于College类，因此该公理与背景知识不符。",0,1,
sample_0378,range,"If a resource appears as the object of property canonizedPlace, then it should belong to class College.","背景知识：
条目1：
- 名称：canonizedPlace
- 类型：Property
- 简介：canonized place

条目2：
- 名称：College
- 类型：Class
- 简介：college",0,qwen-max-0125,0.0,8192,https://api2.aigcbest.top/v1,"判断结果：错误  
解释：背景知识中未表明canonizedPlace的range与College存在约束关系，因此无法推断canonizedPlace的客体必须属于College类。",0,1,
sample_0379,range,"For any x and y, if x canonizedPlace y holds, then y is an instance of College.","背景知识：
条目1：
- 名称：canonizedPlace
- 类型：Property
- 简介：canonized place

条目2：
- 名称：College
- 类型：Class
- 简介：college",0,qwen-max-0125,0.0,8192,https://api2.aigcbest.top/v1,"判断结果：错误  
解释：根据背景知识，canonizedPlace是一个属性，College是一个类，但没有信息表明canonizedPlace的客体必须是College的实例，因此该公理与背景知识不符。",0,1,
sample_0380,range,Property canonizedPlace can only point to objects of class College.,"背景知识：
条目1：
- 名称：canonizedPlace
- 类型：Property
- 简介：canonized place

条目2：
- 名称：College
- 类型：Class
- 简介：college",0,qwen-max-0125,0.0,8192,https://api2.aigcbest.top/v1,"判断结果：正确  
解释：根据背景知识，canonizedPlace是属性，College是类，公理表明canonizedPlace的range限定为College，符合RDFS语义规则中range的定义。",1,0,
sample_0381,range,range(canton) = CareerStation,"背景知识：
条目1：
- 名称：canton
- 类型：Property
- 简介：canton

条目2：
- 名称：CareerStation
- 类型：Class
- 简介：this class marks a career step in the life of a person, e.g. a soccer player, holding information on the time span, matches and goals he or she achieved at a certain club",0,qwen-max-0125,0.0,8192,https://api2.aigcbest.top/v1,"判断结果：错误  
解释：根据背景知识，canton是一个Property，而CareerStation是一个Class，但没有任何信息表明canton的客体应属于CareerStation类，因此该range约束与背景知识不符。",0,1,
sample_0382,range,The range of canton is CareerStation.,"背景知识：
条目1：
- 名称：canton
- 类型：Property
- 简介：canton

条目2：
- 名称：CareerStation
- 类型：Class
- 简介：this class marks a career step in the life of a person, e.g. a soccer player, holding information on the time span, matches and goals he or she achieved at a certain club",0,qwen-max-0125,0.0,8192,https://api2.aigcbest.top/v1,"判断结果：错误  
解释：根据背景知识，canton是一个Property，而CareerStation是一个Class，但没有任何信息表明canton的客体应属于CareerStation，因此该range约束与背景知识不符。",0,1,
sample_0383,range,"If a resource appears as the object of property canton, then it should belong to class CareerStation.","背景知识：
条目1：
- 名称：canton
- 类型：Property
- 简介：canton

条目2：
- 名称：CareerStation
- 类型：Class
- 简介：this class marks a career step in the life of a person, e.g. a soccer player, holding information on the time span, matches and goals he or she achieved at a certain club",0,qwen-max-0125,0.0,8192,https://api2.aigcbest.top/v1,"判断结果：错误  
解释：根据背景知识，canton是一个Property，而CareerStation是一个Class，但没有任何信息表明canton的range应为CareerStation，因此该公理与背景知识不符。",0,1,
sample_0384,range,"For any x and y, if x canton y holds, then y is an instance of CareerStation.","背景知识：
条目1：
- 名称：canton
- 类型：Property
- 简介：canton

条目2：
- 名称：CareerStation
- 类型：Class
- 简介：this class marks a career step in the life of a person, e.g. a soccer player, holding information on the time span, matches and goals he or she achieved at a certain club",0,qwen-max-0125,0.0,8192,https://api2.aigcbest.top/v1,"判断结果：错误  
解释：根据背景知识，canton是一个Property，而CareerStation是一个Class，但没有任何信息表明canton的客体必须是CareerStation的实例，因此该公理与背景知识不符。",0,1,
sample_0385,range,Property canton can only point to objects of class CareerStation.,"背景知识：
条目1：
- 名称：canton
- 类型：Property
- 简介：canton

条目2：
- 名称：CareerStation
- 类型：Class
- 简介：this class marks a career step in the life of a person, e.g. a soccer player, holding information on the time span, matches and goals he or she achieved at a certain club",0,qwen-max-0125,0.0,8192,https://api2.aigcbest.top/v1,"判断结果：错误  
解释：背景知识中未表明canton属性与CareerStation类之间存在range约束关系，且根据常识cantons通常指代地理或行政区划，与CareerStation无直接语义关联。",0,1,
sample_0386,range,range(ceremonialCounty) = Department,"背景知识：
条目1：
- 名称：ceremonialCounty
- 类型：Property
- 简介：Ceremonial County

条目2：
- 名称：Department
- 类型：Class
- 简介：department",0,qwen-max-0125,0.0,8192,https://api2.aigcbest.top/v1,"判断结果：错误  
解释：根据背景知识，ceremonialCounty是一个Property，而Department是一个Class，但没有信息表明ceremonialCounty的客体应属于Department类，因此该range约束与背景知识不符。",0,1,
sample_0387,range,The range of ceremonialCounty is Department.,"背景知识：
条目1：
- 名称：ceremonialCounty
- 类型：Property
- 简介：Ceremonial County

条目2：
- 名称：Department
- 类型：Class
- 简介：department",0,qwen-max-0125,0.0,8192,https://api2.aigcbest.top/v1,"判断结果：错误  
解释：根据背景知识，ceremonialCounty是Property，而Department是Class，但没有信息表明ceremonialCounty的客体必须属于Department类，因此该range约束与背景知识不符。",0,1,
sample_0388,range,"If a resource appears as the object of property ceremonialCounty, then it should belong to class Department.","背景知识：
条目1：
- 名称：ceremonialCounty
- 类型：Property
- 简介：Ceremonial County

条目2：
- 名称：Department
- 类型：Class
- 简介：department",0,qwen-max-0125,0.0,8192,https://api2.aigcbest.top/v1,"判断结果：错误  
解释：根据背景知识，ceremonialCounty是Property，而Department是Class，但没有信息表明ceremonialCounty的range应为Department，因此该公理与背景知识不符。",0,1,
sample_0389,range,"For any x and y, if x ceremonialCounty y holds, then y is an instance of Department.","背景知识：
条目1：
- 名称：ceremonialCounty
- 类型：Property
- 简介：Ceremonial County

条目2：
- 名称：Department
- 类型：Class
- 简介：department",0,qwen-max-0125,0.0,8192,https://api2.aigcbest.top/v1,"判断结果：错误  
解释：根据背景知识，ceremonialCounty是Property，而Department是Class，但没有信息表明ceremonialCounty的range必须是Department，因此该公理与背景知识不符。",0,1,
sample_0390,range,Property ceremonialCounty can only point to objects of class Department.,"背景知识：
条目1：
- 名称：ceremonialCounty
- 类型：Property
- 简介：Ceremonial County

条目2：
- 名称：Department
- 类型：Class
- 简介：department",0,qwen-max-0125,0.0,8192,https://api2.aigcbest.top/v1,"判断结果：错误  
解释：根据背景知识，ceremonialCounty是一个Property，而Department是一个Class，但没有信息表明ceremonialCounty的range应限制为Department，因此该公理与背景知识不符。",0,1,
sample_0391,range,range(chairman) = Place,"背景知识：
条目1：
- 名称：chairman
- 类型：Property
- 简介：chairman

条目2：
- 名称：Place
- 类型：Class
- 简介：place",0,qwen-max-0125,0.0,8192,https://api2.aigcbest.top/v1,"判断结果：错误  
解释：根据背景知识，chairman是一个属性，而Place是一个类，将chairman的range定义为Place与常识不符，因为chairman通常描述的是人而非地点。",0,1,
sample_0392,range,The range of chairman is Place.,"背景知识：
条目1：
- 名称：chairman
- 类型：Property
- 简介：chairman

条目2：
- 名称：Place
- 类型：Class
- 简介：place",0,qwen-max-0125,0.0,8192,https://api2.aigcbest.top/v1,"判断结果：错误  
解释：根据背景知识，chairman是一个属性，而Place是一个类，将Place设为chairman的range与常识不符，因为chairman通常描述人而非地点。",0,1,
sample_0393,range,"If a resource appears as the object of property chairman, then it should belong to class Place.","背景知识：
条目1：
- 名称：chairman
- 类型：Property
- 简介：chairman

条目2：
- 名称：Place
- 类型：Class
- 简介：place",0,qwen-max-0125,0.0,8192,https://api2.aigcbest.top/v1,"判断结果：错误  
解释：根据背景知识，chairman是一个Property，而Place是一个Class，但没有信息表明chairman的range应为Place，因此该公理与背景知识和语义规则冲突。",0,1,
sample_0394,range,"For any x and y, if x chairman y holds, then y is an instance of Place.","背景知识：
条目1：
- 名称：chairman
- 类型：Property
- 简介：chairman

条目2：
- 名称：Place
- 类型：Class
- 简介：place",0,qwen-max-0125,0.0,8192,https://api2.aigcbest.top/v1,"判断结果：错误  
解释：根据背景知识，chairman是一个属性，而Place是一个类，但没有信息表明chairman的客体必须是Place的实例，因此该公理与背景知识不符。",0,1,
sample_0395,range,Property chairman can only point to objects of class Place.,"背景知识：
条目1：
- 名称：chairman
- 类型：Property
- 简介：chairman

条目2：
- 名称：Place
- 类型：Class
- 简介：place",0,qwen-max-0125,0.0,8192,https://api2.aigcbest.top/v1,"判断结果：错误  
解释：根据背景知识，chairman是一个Property，而Place是一个Class，但没有信息表明chairman的range应限定为Place，此公理与背景知识无直接支持，因此不合理。",0,1,
sample_0396,range,range(championInDoubleMale) = Athlete,"背景知识：
条目1：
- 名称：championInDoubleMale
- 类型：Property
- 简介：winner of a competition in the male double session (as in tennis)

条目2：
- 名称：Athlete
- 类型：Class
- 简介：athlete",1,qwen-max-0125,0.0,8192,https://api2.aigcbest.top/v1,"判断结果：正确  
解释：根据背景知识，championInDoubleMale表示男性双打比赛的获胜者，其客体应为运动员，而Athlete类表示运动员，因此该公理符合range语义规则。",1,1,
sample_0397,range,The range of championInDoubleMale is Athlete.,"背景知识：
条目1：
- 名称：championInDoubleMale
- 类型：Property
- 简介：winner of a competition in the male double session (as in tennis)

条目2：
- 名称：Athlete
- 类型：Class
- 简介：athlete",1,qwen-max-0125,0.0,8192,https://api2.aigcbest.top/v1,"判断结果：正确  
解释：根据背景知识，championInDoubleMale表示男性双打比赛的获胜者，其客体应为运动员，而Athlete类正好符合这一语义约束，因此该公理合理。",1,1,
sample_0398,range,"If a resource appears as the object of property championInDoubleMale, then it should belong to class Athlete.","背景知识：
条目1：
- 名称：championInDoubleMale
- 类型：Property
- 简介：winner of a competition in the male double session (as in tennis)

条目2：
- 名称：Athlete
- 类型：Class
- 简介：athlete",1,qwen-max-0125,0.0,8192,https://api2.aigcbest.top/v1,"判断结果：正确  
解释：根据背景知识，championInDoubleMale的客体应为比赛的获胜者，而Athlete类表示运动员，符合常识和RDFS语义规则中range的约束。",1,1,
sample_0399,range,"For any x and y, if x championInDoubleMale y holds, then y is an instance of Athlete.","背景知识：
条目1：
- 名称：championInDoubleMale
- 类型：Property
- 简介：winner of a competition in the male double session (as in tennis)

条目2：
- 名称：Athlete
- 类型：Class
- 简介：athlete",1,qwen-max-0125,0.0,8192,https://api2.aigcbest.top/v1,"判断结果：正确  
解释：根据背景知识，championInDoubleMale表示男性双打比赛的获胜者，而Athlete表示运动员，因此y作为该属性的客体符合Athlete类的实例语义，满足range约束规则。",1,1,
sample_0400,range,Property championInDoubleMale can only point to objects of class Athlete.,"背景知识：
条目1：
- 名称：championInDoubleMale
- 类型：Property
- 简介：winner of a competition in the male double session (as in tennis)

条目2：
- 名称：Athlete
- 类型：Class
- 简介：athlete",1,qwen-max-0125,0.0,8192,https://api2.aigcbest.top/v1,"判断结果：正确  
解释：根据背景知识，championInDoubleMale的客体应为比赛的获胜者，而Athlete类表示运动员，符合该属性的语义约束，且RDFS的range规则支持此限制。",1,1,
sample_0401,range,range(channel) = CareerStation,"背景知识：
条目1：
- 名称：channel
- 类型：Property
- 简介：channel

条目2：
- 名称：CareerStation
- 类型：Class
- 简介：this class marks a career step in the life of a person, e.g. a soccer player, holding information on the time span, matches and goals he or she achieved at a certain club",0,qwen-max-0125,0.0,8192,https://api2.aigcbest.top/v1,"判断结果：错误  
解释：根据背景知识，channel是一个Property，而CareerStation是一个Class，但没有任何信息表明channel的客体应属于CareerStation，因此该range约束与背景知识不符。",0,1,
sample_0402,range,The range of channel is CareerStation.,"背景知识：
条目1：
- 名称：channel
- 类型：Property
- 简介：channel

条目2：
- 名称：CareerStation
- 类型：Class
- 简介：this class marks a career step in the life of a person, e.g. a soccer player, holding information on the time span, matches and goals he or she achieved at a certain club",0,qwen-max-0125,0.0,8192,https://api2.aigcbest.top/v1,"判断结果：错误  
解释：根据背景知识，channel是一个Property，而CareerStation是一个Class，但没有任何信息表明channel的客体应属于CareerStation，因此该公理与背景知识不符。",0,1,
sample_0403,range,"If a resource appears as the object of property channel, then it should belong to class CareerStation.","背景知识：
条目1：
- 名称：channel
- 类型：Property
- 简介：channel

条目2：
- 名称：CareerStation
- 类型：Class
- 简介：this class marks a career step in the life of a person, e.g. a soccer player, holding information on the time span, matches and goals he or she achieved at a certain club",0,qwen-max-0125,0.0,8192,https://api2.aigcbest.top/v1,"判断结果：错误  
解释：根据背景知识，channel是一个Property，而CareerStation是一个Class，但没有信息表明channel的range应为CareerStation，因此该公理与背景知识不符。",0,1,
sample_0404,range,"For any x and y, if x channel y holds, then y is an instance of CareerStation.","背景知识：
条目1：
- 名称：channel
- 类型：Property
- 简介：channel

条目2：
- 名称：CareerStation
- 类型：Class
- 简介：this class marks a career step in the life of a person, e.g. a soccer player, holding information on the time span, matches and goals he or she achieved at a certain club",0,qwen-max-0125,0.0,8192,https://api2.aigcbest.top/v1,"判断结果：错误  
解释：根据背景知识，channel是一个Property，而CareerStation是一个Class，但没有信息表明channel的range是CareerStation，因此无法推断y一定是CareerStation的实例。",0,1,
sample_0405,range,Property channel can only point to objects of class CareerStation.,"背景知识：
条目1：
- 名称：channel
- 类型：Property
- 简介：channel

条目2：
- 名称：CareerStation
- 类型：Class
- 简介：this class marks a career step in the life of a person, e.g. a soccer player, holding information on the time span, matches and goals he or she achieved at a certain club",0,qwen-max-0125,0.0,8192,https://api2.aigcbest.top/v1,"判断结果：错误  
解释：背景知识中未说明channel属性的range限定为CareerStation类，因此该公理与已知信息冲突。",0,1,
sample_0406,range,range(child) = Award,"背景知识：
条目1：
- 名称：child
- 类型：Property
- 简介：child

条目2：
- 名称：Award
- 类型：Class
- 简介：award",0,qwen-max-0125,0.0,8192,https://api2.aigcbest.top/v1,"判断结果：错误  
解释：根据背景知识，child是一个属性，而Award是一个类，将child的range定义为Award与常识不符，因为child通常描述的是人或生物之间的关系，而非与奖项相关。",0,1,
sample_0407,range,The range of child is Award.,"背景知识：
条目1：
- 名称：child
- 类型：Property
- 简介：child

条目2：
- 名称：Award
- 类型：Class
- 简介：award",0,qwen-max-0125,0.0,8192,https://api2.aigcbest.top/v1,"判断结果：错误  
解释：根据背景知识，child是一个Property，而Award是一个Class，将child的range定义为Award与常识不符，且无合理语义支持。",0,1,
sample_0408,range,"If a resource appears as the object of property child, then it should belong to class Award.","背景知识：
条目1：
- 名称：child
- 类型：Property
- 简介：child

条目2：
- 名称：Award
- 类型：Class
- 简介：award",0,qwen-max-0125,0.0,8192,https://api2.aigcbest.top/v1,"判断结果：错误  
解释：根据背景知识，child是一个Property，而Award是一个Class，但没有任何信息表明child的客体必须属于Award类，因此该公理与背景知识不符。",0,1,
sample_0409,range,"For any x and y, if x child y holds, then y is an instance of Award.","背景知识：
条目1：
- 名称：child
- 类型：Property
- 简介：child

条目2：
- 名称：Award
- 类型：Class
- 简介：award",0,qwen-max-0125,0.0,8192,https://api2.aigcbest.top/v1,"判断结果：错误  
解释：根据背景知识，child是一个属性，而Award是一个类，但没有任何信息表明child的客体必须是Award的实例，因此该公理与背景知识不符。",0,1,
sample_0410,range,Property child can only point to objects of class Award.,"背景知识：
条目1：
- 名称：child
- 类型：Property
- 简介：child

条目2：
- 名称：Award
- 类型：Class
- 简介：award",0,qwen-max-0125,0.0,8192,https://api2.aigcbest.top/v1,"判断结果：错误  
解释：背景知识中未表明child属性的客体必须属于Award类，且常识上child通常指向人而非奖项，因此该公理与背景知识和常识冲突。",0,1,
sample_0411,range,range(coach) = Infrastructure,"背景知识：
条目1：
- 名称：coach
- 类型：Property
- 简介：coach

条目2：
- 名称：Infrastructure
- 类型：Class
- 简介：infrastructure",0,qwen-max-0125,0.0,8192,https://api2.aigcbest.top/v1,"判断结果：错误  
解释：根据背景知识，coach是一个属性，而Infrastructure是一个类，但没有信息表明coach的客体必须属于Infrastructure类，因此该公理与背景知识不符。",0,1,
sample_0412,range,The range of coach is Infrastructure.,"背景知识：
条目1：
- 名称：coach
- 类型：Property
- 简介：coach

条目2：
- 名称：Infrastructure
- 类型：Class
- 简介：infrastructure",0,qwen-max-0125,0.0,8192,https://api2.aigcbest.top/v1,"判断结果：错误  
解释：根据背景知识，coach是一个Property，而Infrastructure是一个Class，但没有信息表明coach的客体必须属于Infrastructure类，因此该公理与背景知识不符。",0,1,
sample_0413,range,"If a resource appears as the object of property coach, then it should belong to class Infrastructure.","背景知识：
条目1：
- 名称：coach
- 类型：Property
- 简介：coach

条目2：
- 名称：Infrastructure
- 类型：Class
- 简介：infrastructure",0,qwen-max-0125,0.0,8192,https://api2.aigcbest.top/v1,"判断结果：错误  
解释：背景知识中未表明coach属性的range与Infrastructure类存在关联，因此无法推断coach属性的对象必须属于Infrastructure类。",0,1,
sample_0414,range,"For any x and y, if x coach y holds, then y is an instance of Infrastructure.","背景知识：
条目1：
- 名称：coach
- 类型：Property
- 简介：coach

条目2：
- 名称：Infrastructure
- 类型：Class
- 简介：infrastructure",0,qwen-max-0125,0.0,8192,https://api2.aigcbest.top/v1,"判断结果：错误  
解释：根据背景知识，coach是一个属性，Infrastructure是一个类，但没有信息表明coach的客体必须是Infrastructure的实例，因此该公理与背景知识不符。",0,1,
sample_0415,range,Property coach can only point to objects of class Infrastructure.,"背景知识：
条目1：
- 名称：coach
- 类型：Property
- 简介：coach

条目2：
- 名称：Infrastructure
- 类型：Class
- 简介：infrastructure",0,qwen-max-0125,0.0,8192,https://api2.aigcbest.top/v1,"判断结果：正确  
解释：根据背景知识，coach是属性，Infrastructure是类，公理表明coach的客体必须属于Infrastructure类，符合RDFS中range的语义规则。",1,0,
sample_0416,range,range(college) = Infrastructure,"背景知识：
条目1：
- 名称：college
- 类型：Property
- 简介：college

条目2：
- 名称：Infrastructure
- 类型：Class
- 简介：infrastructure",0,qwen-max-0125,0.0,8192,https://api2.aigcbest.top/v1,"判断结果：正确  
解释：根据背景知识，college是属性，Infrastructure是类，公理表明college的客体属于Infrastructure类，符合range语义规则且无冲突。",1,0,
sample_0417,range,The range of college is Infrastructure.,"背景知识：
条目1：
- 名称：college
- 类型：Property
- 简介：college

条目2：
- 名称：Infrastructure
- 类型：Class
- 简介：infrastructure",0,qwen-max-0125,0.0,8192,https://api2.aigcbest.top/v1,"判断结果：正确  
解释：根据背景知识，college是属性，Infrastructure是类，RDFS语义规则允许将属性的range定义为某一类，因此该公理符合语义规则。",1,0,
sample_0418,range,"If a resource appears as the object of property college, then it should belong to class Infrastructure.","背景知识：
条目1：
- 名称：college
- 类型：Property
- 简介：college

条目2：
- 名称：Infrastructure
- 类型：Class
- 简介：infrastructure",0,qwen-max-0125,0.0,8192,https://api2.aigcbest.top/v1,"判断结果：正确  
解释：根据背景知识，college是属性，Infrastructure是类，公理符合RDFS中range语义规则，即属性的客体应属于某一类。",1,0,
sample_0419,range,"For any x and y, if x college y holds, then y is an instance of Infrastructure.","背景知识：
条目1：
- 名称：college
- 类型：Property
- 简介：college

条目2：
- 名称：Infrastructure
- 类型：Class
- 简介：infrastructure",0,qwen-max-0125,0.0,8192,https://api2.aigcbest.top/v1,"判断结果：正确  
解释：根据公理，属性college的客体y被约束为Infrastructure类的实例，这符合RDFS中range语义规则的定义，且与背景知识无冲突。",1,0,
sample_0420,range,Property college can only point to objects of class Infrastructure.,"背景知识：
条目1：
- 名称：college
- 类型：Property
- 简介：college

条目2：
- 名称：Infrastructure
- 类型：Class
- 简介：infrastructure",0,qwen-max-0125,0.0,8192,https://api2.aigcbest.top/v1,"判断结果：正确  
解释：根据背景知识，college是Property，Infrastructure是Class，公理表明college的客体必须属于Infrastructure类，符合RDFS中range的语义规则。",1,0,
sample_0421,range,range(commandStructure) = MilitaryUnit,"背景知识：
条目1：
- 名称：commandStructure
- 类型：Property
- 简介：command structure

条目2：
- 名称：MilitaryUnit
- 类型：Class
- 简介：military unit",1,qwen-max-0125,0.0,8192,https://api2.aigcbest.top/v1,"判断结果：正确  
解释：根据背景知识，commandStructure 是一个属性，MilitaryUnit 是一个类，公理表明 commandStructure 的客体属于 MilitaryUnit，符合 RDFS 中 range 的语义规则。",1,1,
sample_0422,range,The range of commandStructure is MilitaryUnit.,"背景知识：
条目1：
- 名称：commandStructure
- 类型：Property
- 简介：command structure

条目2：
- 名称：MilitaryUnit
- 类型：Class
- 简介：military unit",1,qwen-max-0125,0.0,8192,https://api2.aigcbest.top/v1,"判断结果：正确  
解释：根据背景知识，commandStructure 是一个属性，MilitaryUnit 是一个类，公理表明 commandStructure 的客体属于 MilitaryUnit，符合 RDFS 中 range 的语义规则。",1,1,
sample_0423,range,"If a resource appears as the object of property commandStructure, then it should belong to class MilitaryUnit.","背景知识：
条目1：
- 名称：commandStructure
- 类型：Property
- 简介：command structure

条目2：
- 名称：MilitaryUnit
- 类型：Class
- 简介：military unit",1,qwen-max-0125,0.0,8192,https://api2.aigcbest.top/v1,"判断结果：正确  
解释：根据背景知识，commandStructure是属性，MilitaryUnit是类，公理符合RDFS中range语义规则，即属性的客体应属于某一类。",1,1,
sample_0424,range,"For any x and y, if x commandStructure y holds, then y is an instance of MilitaryUnit.","背景知识：
条目1：
- 名称：commandStructure
- 类型：Property
- 简介：command structure

条目2：
- 名称：MilitaryUnit
- 类型：Class
- 简介：military unit",1,qwen-max-0125,0.0,8192,https://api2.aigcbest.top/v1,"判断结果：正确  
解释：根据背景知识，commandStructure 是一个属性，MilitaryUnit 是一个类，公理表达了属性 commandStructure 的 range 约束为 MilitaryUnit，符合 RDFS 的语义规则。",1,1,
sample_0425,range,Property commandStructure can only point to objects of class MilitaryUnit.,"背景知识：
条目1：
- 名称：commandStructure
- 类型：Property
- 简介：command structure

条目2：
- 名称：MilitaryUnit
- 类型：Class
- 简介：military unit",1,qwen-max-0125,0.0,8192,https://api2.aigcbest.top/v1,"判断结果：正确  
解释：根据背景知识，commandStructure是属性，MilitaryUnit是类，公理表明commandStructure的range限定为MilitaryUnit，符合RDFS语义规则中对range的定义。",1,1,
sample_0426,range,range(commandStructure) = Rocket,"背景知识：
条目1：
- 名称：commandStructure
- 类型：Property
- 简介：command structure

条目2：
- 名称：Rocket
- 类型：Class
- 简介：rocket",0,qwen-max-0125,0.0,8192,https://api2.aigcbest.top/v1,"判断结果：错误  
解释：根据背景知识，commandStructure是一个属性，而Rocket是一个类，但没有信息表明commandStructure的客体必须属于Rocket类，因此该range约束与背景知识不符。",0,1,
sample_0427,range,The range of commandStructure is Rocket.,"背景知识：
条目1：
- 名称：commandStructure
- 类型：Property
- 简介：command structure

条目2：
- 名称：Rocket
- 类型：Class
- 简介：rocket",0,qwen-max-0125,0.0,8192,https://api2.aigcbest.top/v1,"判断结果：错误  
解释：背景知识未表明commandStructure的客体必须属于Rocket类，因此该range约束与已知信息冲突。",0,1,
sample_0428,range,"If a resource appears as the object of property commandStructure, then it should belong to class Rocket.","背景知识：
条目1：
- 名称：commandStructure
- 类型：Property
- 简介：command structure

条目2：
- 名称：Rocket
- 类型：Class
- 简介：rocket",0,qwen-max-0125,0.0,8192,https://api2.aigcbest.top/v1,"判断结果：错误  
解释：背景知识中未说明commandStructure的range是Rocket，因此无法推断其对象必须属于Rocket类。",0,1,
sample_0429,range,"For any x and y, if x commandStructure y holds, then y is an instance of Rocket.","背景知识：
条目1：
- 名称：commandStructure
- 类型：Property
- 简介：command structure

条目2：
- 名称：Rocket
- 类型：Class
- 简介：rocket",0,qwen-max-0125,0.0,8192,https://api2.aigcbest.top/v1,"判断结果：错误  
解释：根据背景知识，commandStructure是一个属性，Rocket是一个类，但没有信息表明commandStructure的客体必须是Rocket的实例，因此该公理与背景知识不符。",0,1,
sample_0430,range,Property commandStructure can only point to objects of class Rocket.,"背景知识：
条目1：
- 名称：commandStructure
- 类型：Property
- 简介：command structure

条目2：
- 名称：Rocket
- 类型：Class
- 简介：rocket",0,qwen-max-0125,0.0,8192,https://api2.aigcbest.top/v1,"判断结果：正确  
解释：根据背景知识，commandStructure是属性，Rocket是类，公理表明commandStructure的range限定为Rocket，符合RDFS语义规则中对range的定义。",1,0,
sample_0431,range,range(company) = BroadcastNetwork,"背景知识：
条目1：
- 名称：company
- 类型：Property
- 简介：company

条目2：
- 名称：BroadcastNetwork
- 类型：Class
- 简介：A broadcast network is an organization, such as a corporation or other association, that provides live or recorded content, such as movies, newscasts, sports, and public affairs programs for broadcast over a group of radio or television sta...",0,qwen-max-0125,0.0,8192,https://api2.aigcbest.top/v1,"判断结果：错误  
解释：根据背景知识，company是一个属性，而BroadcastNetwork是一个类，但没有信息表明company的客体必须属于BroadcastNetwork，因此该公理与背景知识不符。",0,1,
sample_0432,range,The range of company is BroadcastNetwork.,"背景知识：
条目1：
- 名称：company
- 类型：Property
- 简介：company

条目2：
- 名称：BroadcastNetwork
- 类型：Class
- 简介：A broadcast network is an organization, such as a corporation or other association, that provides live or recorded content, such as movies, newscasts, sports, and public affairs programs for broadcast over a group of radio or television sta...",0,qwen-max-0125,0.0,8192,https://api2.aigcbest.top/v1,"判断结果：错误  
解释：根据背景知识，company是一个属性，而BroadcastNetwork是一个类，但没有信息表明company的客体必须属于BroadcastNetwork类，因此该公理与背景知识不符。",0,1,
sample_0433,range,"If a resource appears as the object of property company, then it should belong to class BroadcastNetwork.","背景知识：
条目1：
- 名称：company
- 类型：Property
- 简介：company

条目2：
- 名称：BroadcastNetwork
- 类型：Class
- 简介：A broadcast network is an organization, such as a corporation or other association, that provides live or recorded content, such as movies, newscasts, sports, and public affairs programs for broadcast over a group of radio or television sta...",0,qwen-max-0125,0.0,8192,https://api2.aigcbest.top/v1,"判断结果：错误  
解释：背景知识中未表明company属性的客体必须属于BroadcastNetwork类，且常识上公司不一定是广播网络。",0,1,
sample_0434,range,"For any x and y, if x company y holds, then y is an instance of BroadcastNetwork.","背景知识：
条目1：
- 名称：company
- 类型：Property
- 简介：company

条目2：
- 名称：BroadcastNetwork
- 类型：Class
- 简介：A broadcast network is an organization, such as a corporation or other association, that provides live or recorded content, such as movies, newscasts, sports, and public affairs programs for broadcast over a group of radio or television sta...",0,qwen-max-0125,0.0,8192,https://api2.aigcbest.top/v1,"判断结果：错误  
解释：背景知识未表明company属性的客体必须是BroadcastNetwork的实例，且RDFS语义规则无法支持该约束的自动推导。",0,1,
sample_0435,range,Property company can only point to objects of class BroadcastNetwork.,"背景知识：
条目1：
- 名称：company
- 类型：Property
- 简介：company

条目2：
- 名称：BroadcastNetwork
- 类型：Class
- 简介：A broadcast network is an organization, such as a corporation or other association, that provides live or recorded content, such as movies, newscasts, sports, and public affairs programs for broadcast over a group of radio or television sta...",0,qwen-max-0125,0.0,8192,https://api2.aigcbest.top/v1,"判断结果：错误  
解释：背景知识中未说明company属性的range限定为BroadcastNetwork类，且常识上公司属性可能指向其他类型的对象。",0,1,
sample_0436,range,range(constituencyDistrict) = PopulatedPlace,"背景知识：
条目1：
- 名称：constituencyDistrict
- 类型：Property
- 简介：constituency district

条目2：
- 名称：PopulatedPlace
- 类型：Class
- 简介：As defined by the United States Geological Survey, a populated place is a place or area with clustered or scattered buildings and a permanent human population (city, settlement, town, or village) referenced with geographic coordinates (http...",1,qwen-max-0125,0.0,8192,https://api2.aigcbest.top/v1,"判断结果：正确  
解释：根据背景知识，constituencyDistrict 是一个属性，而 PopulatedPlace 是一个类，表示有人口居住的地方，符合属性范围的语义约束，因此该公理合理。",1,1,
sample_0437,range,The range of constituencyDistrict is PopulatedPlace.,"背景知识：
条目1：
- 名称：constituencyDistrict
- 类型：Property
- 简介：constituency district

条目2：
- 名称：PopulatedPlace
- 类型：Class
- 简介：As defined by the United States Geological Survey, a populated place is a place or area with clustered or scattered buildings and a permanent human population (city, settlement, town, or village) referenced with geographic coordinates (http...",1,qwen-max-0125,0.0,8192,https://api2.aigcbest.top/v1,"判断结果：正确  
解释：根据背景知识，constituencyDistrict 是一个属性，而 PopulatedPlace 是一个类，语义上 constituencyDistrict 的客体可以合理地约束为属于 PopulatedPlace 类，符合 RDFS 的 range 语义规则。",1,1,
sample_0438,range,"If a resource appears as the object of property constituencyDistrict, then it should belong to class PopulatedPlace.","背景知识：
条目1：
- 名称：constituencyDistrict
- 类型：Property
- 简介：constituency district

条目2：
- 名称：PopulatedPlace
- 类型：Class
- 简介：As defined by the United States Geological Survey, a populated place is a place or area with clustered or scattered buildings and a permanent human population (city, settlement, town, or village) referenced with geographic coordinates (http...",1,qwen-max-0125,0.0,8192,https://api2.aigcbest.top/v1,"判断结果：正确  
解释：根据背景知识，constituencyDistrict 是一个属性，而 PopulatedPlace 是一个类，公理表明该属性的客体应属于 PopulatedPlace 类，这符合 RDFS 中 range 的语义规则。",1,1,
sample_0439,range,"For any x and y, if x constituencyDistrict y holds, then y is an instance of PopulatedPlace.","背景知识：
条目1：
- 名称：constituencyDistrict
- 类型：Property
- 简介：constituency district

条目2：
- 名称：PopulatedPlace
- 类型：Class
- 简介：As defined by the United States Geological Survey, a populated place is a place or area with clustered or scattered buildings and a permanent human population (city, settlement, town, or village) referenced with geographic coordinates (http...",1,qwen-max-0125,0.0,8192,https://api2.aigcbest.top/v1,"判断结果：正确  
解释：根据背景知识，constituencyDistrict 是一个属性，而 PopulatedPlace 是一个类，公理表明该属性的客体必须是 PopulatedPlace 的实例，这符合 RDFS 中 range 的语义规则。",1,1,
sample_0440,range,Property constituencyDistrict can only point to objects of class PopulatedPlace.,"背景知识：
条目1：
- 名称：constituencyDistrict
- 类型：Property
- 简介：constituency district

条目2：
- 名称：PopulatedPlace
- 类型：Class
- 简介：As defined by the United States Geological Survey, a populated place is a place or area with clustered or scattered buildings and a permanent human population (city, settlement, town, or village) referenced with geographic coordinates (http...",1,qwen-max-0125,0.0,8192,https://api2.aigcbest.top/v1,"判断结果：正确  
解释：根据背景知识，constituencyDistrict 是一个属性，而 PopulatedPlace 是一个类，公理表明该属性的客体必须属于 PopulatedPlace 类，这符合 RDFS 中 range 的语义规则。",1,1,
sample_0441,range,range(countryWithFirstSatellite) = Country,"背景知识：
条目1：
- 名称：countryWithFirstSatellite
- 类型：Property
- 简介：country with first satellite

条目2：
- 名称：Country
- 类型：Class
- 简介：country",1,qwen-max-0125,0.0,8192,https://api2.aigcbest.top/v1,"判断结果：正确  
解释：根据背景知识，countryWithFirstSatellite的客体应为Country类，符合range语义规则。",1,1,
sample_0442,range,The range of countryWithFirstSatellite is Country.,"背景知识：
条目1：
- 名称：countryWithFirstSatellite
- 类型：Property
- 简介：country with first satellite

条目2：
- 名称：Country
- 类型：Class
- 简介：country",1,qwen-max-0125,0.0,8192,https://api2.aigcbest.top/v1,"判断结果：正确  
解释：根据背景知识，countryWithFirstSatellite的客体应为Country类，符合RDFS中range的语义规则。",1,1,
sample_0443,range,"If a resource appears as the object of property countryWithFirstSatellite, then it should belong to class Country.","背景知识：
条目1：
- 名称：countryWithFirstSatellite
- 类型：Property
- 简介：country with first satellite

条目2：
- 名称：Country
- 类型：Class
- 简介：country",1,qwen-max-0125,0.0,8192,https://api2.aigcbest.top/v1,"判断结果：正确  
解释：根据背景知识，countryWithFirstSatellite的客体应为国家，而Country类定义了国家的概念，因此该公理符合RDFS中range语义规则。",1,1,
sample_0444,range,"For any x and y, if x countryWithFirstSatellite y holds, then y is an instance of Country.","背景知识：
条目1：
- 名称：countryWithFirstSatellite
- 类型：Property
- 简介：country with first satellite

条目2：
- 名称：Country
- 类型：Class
- 简介：country",1,qwen-max-0125,0.0,8192,https://api2.aigcbest.top/v1,"判断结果：正确  
解释：根据背景知识，countryWithFirstSatellite 是一个属性，而 Country 是一个类，公理表明该属性的客体必须是 Country 的实例，这符合 RDFS 中 range 的语义规则。",1,1,
sample_0445,range,Property countryWithFirstSatellite can only point to objects of class Country.,"背景知识：
条目1：
- 名称：countryWithFirstSatellite
- 类型：Property
- 简介：country with first satellite

条目2：
- 名称：Country
- 类型：Class
- 简介：country",1,qwen-max-0125,0.0,8192,https://api2.aigcbest.top/v1,"判断结果：正确  
解释：根据背景知识，countryWithFirstSatellite的客体应属于Country类，这符合RDFS中range语义规则的约束。",1,1,
sample_0446,range,range(creatorOfDish) = Person,"背景知识：
条目1：
- 名称：creatorOfDish
- 类型：Property
- 简介：The person that creates (invents) the food (eg. Caesar Cardini is the creator of the Caesar salad).

条目2：
- 名称：Person
- 类型：Class
- 简介：person",1,qwen-max-0125,0.0,8192,https://api2.aigcbest.top/v1,"判断结果：正确  
解释：根据背景知识，creatorOfDish的客体是创造食物的人，而Person类表示人，因此该公理符合range语义规则。",1,1,
sample_0447,range,The range of creatorOfDish is Person.,"背景知识：
条目1：
- 名称：creatorOfDish
- 类型：Property
- 简介：The person that creates (invents) the food (eg. Caesar Cardini is the creator of the Caesar salad).

条目2：
- 名称：Person
- 类型：Class
- 简介：person",1,qwen-max-0125,0.0,8192,https://api2.aigcbest.top/v1,"判断结果：正确  
解释：根据背景知识，creatorOfDish的客体是创造食物的人，而Person类表示人，因此该公理符合RDFS语义规则中range的定义。",1,1,
sample_0448,range,"If a resource appears as the object of property creatorOfDish, then it should belong to class Person.","背景知识：
条目1：
- 名称：creatorOfDish
- 类型：Property
- 简介：The person that creates (invents) the food (eg. Caesar Cardini is the creator of the Caesar salad).

条目2：
- 名称：Person
- 类型：Class
- 简介：person",1,qwen-max-0125,0.0,8192,https://api2.aigcbest.top/v1,"判断结果：错误  
解释：根据背景知识，creatorOfDish的主体应为创造菜品的人，而客体应为被创造的菜品，因此公理中要求客体属于Person类与语义不符。",0,0,
sample_0449,range,"For any x and y, if x creatorOfDish y holds, then y is an instance of Person.","背景知识：
条目1：
- 名称：creatorOfDish
- 类型：Property
- 简介：The person that creates (invents) the food (eg. Caesar Cardini is the creator of the Caesar salad).

条目2：
- 名称：Person
- 类型：Class
- 简介：person",1,qwen-max-0125,0.0,8192,https://api2.aigcbest.top/v1,"判断结果：错误  
解释：根据背景知识，creatorOfDish表示“创造菜品的人”，其客体应为菜品而非Person类的实例，因此该公理与语义规则冲突。",0,0,
sample_0450,range,Property creatorOfDish can only point to objects of class Person.,"背景知识：
条目1：
- 名称：creatorOfDish
- 类型：Property
- 简介：The person that creates (invents) the food (eg. Caesar Cardini is the creator of the Caesar salad).

条目2：
- 名称：Person
- 类型：Class
- 简介：person",1,qwen-max-0125,0.0,8192,https://api2.aigcbest.top/v1,"判断结果：错误  
解释：根据背景知识，creatorOfDish的客体应为被创造的菜品（如Caesar salad），而非Person类的对象，因此该公理与语义规则冲突。",0,0,
sample_0451,range,range(cultivatedVariety) = CultivatedVariety,"背景知识：
条目1：
- 名称：cultivatedVariety
- 类型：Property
- 简介：Name of the cultivar (cultivated variety)

条目2：
- 名称：CultivatedVariety
- 类型：Class
- 简介：A cultivar is a plant or grouping of plants selected for desirable characteristics that can be maintained by propagation. A plant whose origin or selection is primarily due to intentional human activity.",1,qwen-max-0125,0.0,8192,https://api2.aigcbest.top/v1,"判断结果：正确  
解释：根据背景知识，cultivatedVariety属性用于描述栽培品种的名称，而CultivatedVariety类表示栽培品种的植物或植物群，因此将cultivatedVariety的值范围限定为CultivatedVariety符合语义约束。",1,1,
sample_0452,range,The range of cultivatedVariety is CultivatedVariety.,"背景知识：
条目1：
- 名称：cultivatedVariety
- 类型：Property
- 简介：Name of the cultivar (cultivated variety)

条目2：
- 名称：CultivatedVariety
- 类型：Class
- 简介：A cultivar is a plant or grouping of plants selected for desirable characteristics that can be maintained by propagation. A plant whose origin or selection is primarily due to intentional human activity.",1,qwen-max-0125,0.0,8192,https://api2.aigcbest.top/v1,"判断结果：正确  
解释：根据背景知识，cultivatedVariety 是一个属性，CultivatedVariety 是一个类，且 cultivatedVariety 的客体应属于 CultivatedVariety 类，符合 range 公理的语义规则。",1,1,
sample_0453,range,"If a resource appears as the object of property cultivatedVariety, then it should belong to class CultivatedVariety.","背景知识：
条目1：
- 名称：cultivatedVariety
- 类型：Property
- 简介：Name of the cultivar (cultivated variety)

条目2：
- 名称：CultivatedVariety
- 类型：Class
- 简介：A cultivar is a plant or grouping of plants selected for desirable characteristics that can be maintained by propagation. A plant whose origin or selection is primarily due to intentional human activity.",1,qwen-max-0125,0.0,8192,https://api2.aigcbest.top/v1,"判断结果：正确  
解释：根据背景知识，cultivatedVariety 是一个属性，而 CultivatedVariety 是一个类，公理符合 RDFS 的 range 约束语义，即属性的客体应属于指定类。",1,1,
sample_0454,range,"For any x and y, if x cultivatedVariety y holds, then y is an instance of CultivatedVariety.","背景知识：
条目1：
- 名称：cultivatedVariety
- 类型：Property
- 简介：Name of the cultivar (cultivated variety)

条目2：
- 名称：CultivatedVariety
- 类型：Class
- 简介：A cultivar is a plant or grouping of plants selected for desirable characteristics that can be maintained by propagation. A plant whose origin or selection is primarily due to intentional human activity.",1,qwen-max-0125,0.0,8192,https://api2.aigcbest.top/v1,"判断结果：正确  
解释：根据背景知识，cultivatedVariety 是一个属性，而 CultivatedVariety 是一个类，公理表达了属性 cultivatedVariety 的 range 约束，符合 RDFS 的语义规则。",1,1,
sample_0455,range,Property cultivatedVariety can only point to objects of class CultivatedVariety.,"背景知识：
条目1：
- 名称：cultivatedVariety
- 类型：Property
- 简介：Name of the cultivar (cultivated variety)

条目2：
- 名称：CultivatedVariety
- 类型：Class
- 简介：A cultivar is a plant or grouping of plants selected for desirable characteristics that can be maintained by propagation. A plant whose origin or selection is primarily due to intentional human activity.",1,qwen-max-0125,0.0,8192,https://api2.aigcbest.top/v1,"判断结果：正确  
解释：根据背景知识，cultivatedVariety是属性，CultivatedVariety是类，且cultivatedVariety的客体应属于CultivatedVariety类，符合RDFS中range的语义规则。",1,1,
sample_0456,range,range(dean) = Broadcaster,"背景知识：
条目1：
- 名称：dean
- 类型：Property
- 简介：dean

条目2：
- 名称：Broadcaster
- 类型：Class
- 简介：A broadcaster is an organisation responsible for the production of radio or television programs and/or their transmission. (http://en.wikipedia.org/wiki/Broadcaster - 28/03/2011)",0,qwen-max-0125,0.0,8192,https://api2.aigcbest.top/v1,"判断结果：错误  
解释：根据背景知识，dean属性未明确与Broadcaster类存在语义关联，且常识中“dean”通常指人而非广播组织，因此该range约束不合理。",0,1,
sample_0457,range,The range of dean is Broadcaster.,"背景知识：
条目1：
- 名称：dean
- 类型：Property
- 简介：dean

条目2：
- 名称：Broadcaster
- 类型：Class
- 简介：A broadcaster is an organisation responsible for the production of radio or television programs and/or their transmission. (http://en.wikipedia.org/wiki/Broadcaster - 28/03/2011)",0,qwen-max-0125,0.0,8192,https://api2.aigcbest.top/v1,"判断结果：错误  
解释：根据背景知识，dean是一个属性，而Broadcaster是一个类，但没有任何信息表明dean的客体必须属于Broadcaster类，因此该公理与背景知识不符。",0,1,
sample_0458,range,"If a resource appears as the object of property dean, then it should belong to class Broadcaster.","背景知识：
条目1：
- 名称：dean
- 类型：Property
- 简介：dean

条目2：
- 名称：Broadcaster
- 类型：Class
- 简介：A broadcaster is an organisation responsible for the production of radio or television programs and/or their transmission. (http://en.wikipedia.org/wiki/Broadcaster - 28/03/2011)",0,qwen-max-0125,0.0,8192,https://api2.aigcbest.top/v1,"判断结果：错误  
解释：根据背景知识，dean属性未定义与Broadcaster类的语义关联，且常识中“dean”通常指人而非广播组织，因此该公理与背景知识和语义规则冲突。",0,1,
sample_0459,range,"For any x and y, if x dean y holds, then y is an instance of Broadcaster.","背景知识：
条目1：
- 名称：dean
- 类型：Property
- 简介：dean

条目2：
- 名称：Broadcaster
- 类型：Class
- 简介：A broadcaster is an organisation responsible for the production of radio or television programs and/or their transmission. (http://en.wikipedia.org/wiki/Broadcaster - 28/03/2011)",0,qwen-max-0125,0.0,8192,https://api2.aigcbest.top/v1,"判断结果：错误  
解释：根据背景知识，dean属性未定义与Broadcaster类的语义关联，且常识中dean与广播公司无直接关系，因此该公理与背景知识和语义规则冲突。",0,1,
sample_0460,range,Property dean can only point to objects of class Broadcaster.,"背景知识：
条目1：
- 名称：dean
- 类型：Property
- 简介：dean

条目2：
- 名称：Broadcaster
- 类型：Class
- 简介：A broadcaster is an organisation responsible for the production of radio or television programs and/or their transmission. (http://en.wikipedia.org/wiki/Broadcaster - 28/03/2011)",0,qwen-max-0125,0.0,8192,https://api2.aigcbest.top/v1,"判断结果：错误  
解释：根据背景知识，dean是一个Property，而Broadcaster是一个Class，但没有信息表明dean的range被限制为Broadcaster，因此该公理与背景知识不符。",0,1,
sample_0461,subClassOf,caf_ ⊑ company,"背景知识：
条目1：
- 名称：caf_
- 类型：Class
- 简介：{%%s is a %s, café}
- 补充信息：generalizations: location, company

条目2：
- 名称：company
- 类型：Class
- 简介：{%%s is a %s, company}
- 补充信息：generalizations: organization",1,qwen-max-0125,0.0,8192,https://api2.aigcbest.top/v1,"判断结果：正确  
解释：根据背景知识，caf_ 的 generalizations 包含 company，符合 RDFS 中 subClassOf 的语义规则，即 caf_ 是 company 的子类。",1,1,
sample_0462,subClassOf,caf_ is a subclass of company.,"背景知识：
条目1：
- 名称：caf_
- 类型：Class
- 简介：{%%s is a %s, café}
- 补充信息：generalizations: location, company

条目2：
- 名称：company
- 类型：Class
- 简介：{%%s is a %s, company}
- 补充信息：generalizations: organization",1,qwen-max-0125,0.0,8192,https://api2.aigcbest.top/v1,"判断结果：正确  
解释：根据背景知识，caf_ 的 generalizations 包含 company，符合 RDFS 中 subClassOf 的语义规则，即 caf_ 是 company 的子类。",1,1,
sample_0463,subClassOf,Every instance of caf_ is also an instance of company.,"背景知识：
条目1：
- 名称：caf_
- 类型：Class
- 简介：{%%s is a %s, café}
- 补充信息：generalizations: location, company

条目2：
- 名称：company
- 类型：Class
- 简介：{%%s is a %s, company}
- 补充信息：generalizations: organization",1,qwen-max-0125,0.0,8192,https://api2.aigcbest.top/v1,"判断结果：正确  
解释：根据背景知识，caf_的generalizations包含company，因此每个caf_的实例也是company的实例，符合RDFS中subClassOf的语义规则。",1,1,
sample_0464,subClassOf,"If an entity belongs to class caf_, then it also belongs to class company.","背景知识：
条目1：
- 名称：caf_
- 类型：Class
- 简介：{%%s is a %s, café}
- 补充信息：generalizations: location, company

条目2：
- 名称：company
- 类型：Class
- 简介：{%%s is a %s, company}
- 补充信息：generalizations: organization",1,qwen-max-0125,0.0,8192,https://api2.aigcbest.top/v1,"判断结果：正确  
解释：根据背景知识，caf_类是company类的子类（通过generalizations关系推导），因此符合RDFS中subClassOf的语义规则。",1,1,
sample_0465,subClassOf,The class caf_ is included in the class company.,"背景知识：
条目1：
- 名称：caf_
- 类型：Class
- 简介：{%%s is a %s, café}
- 补充信息：generalizations: location, company

条目2：
- 名称：company
- 类型：Class
- 简介：{%%s is a %s, company}
- 补充信息：generalizations: organization",1,qwen-max-0125,0.0,8192,https://api2.aigcbest.top/v1,"判断结果：正确  
解释：根据背景知识，caf_ 的 generalizations 包含 company，符合 RDFS 中 subClassOf 的语义规则，即 caf_ 是 company 的子类。",1,1,
sample_0466,subPropertyOf,agenthierarchicallyaboveagent ⊑p agentcontrols,"背景知识：
条目1：
- 名称：agenthierarchicallyaboveagent
- 类型：Class
- 简介：{%%s is hierarchically %s %%s, above}
- 补充信息：generalizations: agentcontrols, agentcollaborateswithagent | domain: agent | range: agent

条目2：
- 名称：agentcontrols
- 类型：Class
- 简介：{%%s %s %%s, controls}
- 补充信息：generalizations: relatedto | domain: agent | range: everypromotedthing",1,qwen-max-0125,0.0,8192,https://api2.aigcbest.top/v1,"判断结果：正确  
解释：根据背景知识，agenthierarchicallyaboveagent 是 agentcontrols 的泛化关系，符合 RDFS 中 subClassOf 的语义规则，表示前者是后者的子类。",1,1,
sample_0467,subPropertyOf,agenthierarchicallyaboveagent is a subproperty of agentcontrols.,"背景知识：
条目1：
- 名称：agenthierarchicallyaboveagent
- 类型：Class
- 简介：{%%s is hierarchically %s %%s, above}
- 补充信息：generalizations: agentcontrols, agentcollaborateswithagent | domain: agent | range: agent

条目2：
- 名称：agentcontrols
- 类型：Class
- 简介：{%%s %s %%s, controls}
- 补充信息：generalizations: relatedto | domain: agent | range: everypromotedthing",1,qwen-max-0125,0.0,8192,https://api2.aigcbest.top/v1,"判断结果：错误  
解释：根据背景知识，agenthierarchicallyaboveagent 和 agentcontrols 是类而非属性，因此无法形成 subPropertyOf 关系。",0,0,
sample_0468,subPropertyOf,"If two resources are related by agenthierarchicallyaboveagent, then they are also related by agentcontrols.","背景知识：
条目1：
- 名称：agenthierarchicallyaboveagent
- 类型：Class
- 简介：{%%s is hierarchically %s %%s, above}
- 补充信息：generalizations: agentcontrols, agentcollaborateswithagent | domain: agent | range: agent

条目2：
- 名称：agentcontrols
- 类型：Class
- 简介：{%%s %s %%s, controls}
- 补充信息：generalizations: relatedto | domain: agent | range: everypromotedthing",1,qwen-max-0125,0.0,8192,https://api2.aigcbest.top/v1,"判断结果：正确  
解释：根据背景知识，agenthierarchicallyaboveagent 是 agentcontrols 的泛化关系，因此两个资源若满足 agenthierarchicallyaboveagent 关系，则必然也满足 agentcontrols 关系。",1,1,
sample_0469,subPropertyOf,"For any x and y, if x agenthierarchicallyaboveagent y holds, then x agentcontrols y also holds.","背景知识：
条目1：
- 名称：agenthierarchicallyaboveagent
- 类型：Class
- 简介：{%%s is hierarchically %s %%s, above}
- 补充信息：generalizations: agentcontrols, agentcollaborateswithagent | domain: agent | range: agent

条目2：
- 名称：agentcontrols
- 类型：Class
- 简介：{%%s %s %%s, controls}
- 补充信息：generalizations: relatedto | domain: agent | range: everypromotedthing",1,qwen-max-0125,0.0,8192,https://api2.aigcbest.top/v1,"判断结果：正确  
解释：根据背景知识，agenthierarchicallyaboveagent 是 agentcontrols 的泛化关系，因此若 x agenthierarchicallyaboveagent y 成立，则 x agentcontrols y 也必然成立，符合 RDFS 的 subClassOf 语义规则。",1,1,
sample_0470,subPropertyOf,The property agenthierarchicallyaboveagent is more specific than the property agentcontrols.,"背景知识：
条目1：
- 名称：agenthierarchicallyaboveagent
- 类型：Class
- 简介：{%%s is hierarchically %s %%s, above}
- 补充信息：generalizations: agentcontrols, agentcollaborateswithagent | domain: agent | range: agent

条目2：
- 名称：agentcontrols
- 类型：Class
- 简介：{%%s %s %%s, controls}
- 补充信息：generalizations: relatedto | domain: agent | range: everypromotedthing",1,qwen-max-0125,0.0,8192,https://api2.aigcbest.top/v1,"判断结果：正确  
解释：根据背景知识，agenthierarchicallyaboveagent 的 generalizations 包含 agentcontrols，符合 RDFS 中 subPropertyOf 的语义规则，表明前者是后者的更具体属性。",1,1,
sample_0471,subPropertyOf,bombingvictim ⊑p relatedto,"背景知识：
条目1：
- 名称：bombingvictim
- 类型：Class
- 简介：bombingvictim is a class in the NELL knowledge base.
- 补充信息：generalizations: relatedto | domain: bombingevent | range: person

条目2：
- 名称：relatedto
- 类型：Class
- 简介：{%%s is somehow %s %%s, related to}
- 补充信息：generalizations: slot | domain: everypromotedthing | range: everypromotedthing",1,qwen-max-0125,0.0,8192,https://api2.aigcbest.top/v1,"判断结果：正确  
解释：根据背景知识，bombingvictim 是 relatedto 的具体化实例，且 relatedto 的定义支持其作为更广泛的关系类，因此 bombingvictim 作为子类符合 RDFS 的 subClassOf 语义规则。",1,1,
sample_0472,subPropertyOf,bombingvictim is a subproperty of relatedto.,"背景知识：
条目1：
- 名称：bombingvictim
- 类型：Class
- 简介：bombingvictim is a class in the NELL knowledge base.
- 补充信息：generalizations: relatedto | domain: bombingevent | range: person

条目2：
- 名称：relatedto
- 类型：Class
- 简介：{%%s is somehow %s %%s, related to}
- 补充信息：generalizations: slot | domain: everypromotedthing | range: everypromotedthing",1,qwen-max-0125,0.0,8192,https://api2.aigcbest.top/v1,"判断结果：错误  
解释：根据背景知识，bombingvictim是一个类（Class），而relatedto也是一个类（Class），RDFS中subPropertyOf关系仅适用于属性（Property）之间，因此该公理与语义规则冲突。",0,0,
sample_0473,subPropertyOf,"If two resources are related by bombingvictim, then they are also related by relatedto.","背景知识：
条目1：
- 名称：bombingvictim
- 类型：Class
- 简介：bombingvictim is a class in the NELL knowledge base.
- 补充信息：generalizations: relatedto | domain: bombingevent | range: person

条目2：
- 名称：relatedto
- 类型：Class
- 简介：{%%s is somehow %s %%s, related to}
- 补充信息：generalizations: slot | domain: everypromotedthing | range: everypromotedthing",1,qwen-max-0125,0.0,8192,https://api2.aigcbest.top/v1,"判断结果：正确  
解释：根据背景知识，bombingvictim是relatedto的子类，因此由bombingvictim关联的资源也满足relatedto的语义关系。",1,1,
sample_0474,subPropertyOf,"For any x and y, if x bombingvictim y holds, then x relatedto y also holds.","背景知识：
条目1：
- 名称：bombingvictim
- 类型：Class
- 简介：bombingvictim is a class in the NELL knowledge base.
- 补充信息：generalizations: relatedto | domain: bombingevent | range: person

条目2：
- 名称：relatedto
- 类型：Class
- 简介：{%%s is somehow %s %%s, related to}
- 补充信息：generalizations: slot | domain: everypromotedthing | range: everypromotedthing",1,qwen-max-0125,0.0,8192,https://api2.aigcbest.top/v1,"判断结果：正确  
解释：根据背景知识，bombingvictim 是 relatedto 的具体化，且 bombingvictim 的主体和客体分别属于 bombingevent 和 person，均符合 relatedto 的更广义约束，因此该公理符合 RDFS 的 subPropertyOf 语义规则。",1,1,
sample_0475,subPropertyOf,The property bombingvictim is more specific than the property relatedto.,"背景知识：
条目1：
- 名称：bombingvictim
- 类型：Class
- 简介：bombingvictim is a class in the NELL knowledge base.
- 补充信息：generalizations: relatedto | domain: bombingevent | range: person

条目2：
- 名称：relatedto
- 类型：Class
- 简介：{%%s is somehow %s %%s, related to}
- 补充信息：generalizations: slot | domain: everypromotedthing | range: everypromotedthing",1,qwen-max-0125,0.0,8192,https://api2.aigcbest.top/v1,"判断结果：正确  
解释：根据背景知识，bombingvictim 是 relatedto 的具体化（generalizations: relatedto），符合 RDFS 中 subPropertyOf 的语义规则，表明 bombingvictim 是 relatedto 的更具体属性。",1,1,
sample_0476,subPropertyOf,buildingbelongstoorganization ⊑p locationactedinbyorganization,"背景知识：
条目1：
- 名称：buildingbelongstoorganization
- 类型：Class
- 简介：{%%s %s %%s, is a building belonging to}
- 补充信息：generalizations: locationactedinbyorganization | domain: building | range: organization

条目2：
- 名称：locationactedinbyorganization
- 类型：Class
- 简介：locationactedinbyorganization is a class in the NELL knowledge base.
- 补充信息：generalizations: locationactedinbyagent | domain: location | range: organization",1,qwen-max-0125,0.0,8192,https://api2.aigcbest.top/v1,"判断结果：正确  
解释：根据背景知识，buildingbelongstoorganization 是 locationactedinbyorganization 的特化（generalizations关系），符合RDFS中subClassOf的语义规则。",1,1,
sample_0477,subPropertyOf,buildingbelongstoorganization is a subproperty of locationactedinbyorganization.,"背景知识：
条目1：
- 名称：buildingbelongstoorganization
- 类型：Class
- 简介：{%%s %s %%s, is a building belonging to}
- 补充信息：generalizations: locationactedinbyorganization | domain: building | range: organization

条目2：
- 名称：locationactedinbyorganization
- 类型：Class
- 简介：locationactedinbyorganization is a class in the NELL knowledge base.
- 补充信息：generalizations: locationactedinbyagent | domain: location | range: organization",1,qwen-max-0125,0.0,8192,https://api2.aigcbest.top/v1,"判断结果：错误  
解释：根据背景知识，buildingbelongstoorganization 是一个类而非属性，因此不能作为 subPropertyOf 的主体。",0,0,
sample_0478,subPropertyOf,"If two resources are related by buildingbelongstoorganization, then they are also related by locationactedinbyorganization.","背景知识：
条目1：
- 名称：buildingbelongstoorganization
- 类型：Class
- 简介：{%%s %s %%s, is a building belonging to}
- 补充信息：generalizations: locationactedinbyorganization | domain: building | range: organization

条目2：
- 名称：locationactedinbyorganization
- 类型：Class
- 简介：locationactedinbyorganization is a class in the NELL knowledge base.
- 补充信息：generalizations: locationactedinbyagent | domain: location | range: organization",1,qwen-max-0125,0.0,8192,https://api2.aigcbest.top/v1,"判断结果：正确  
解释：根据背景知识，buildingbelongstoorganization 是 locationactedinbyorganization 的子类，因此由 buildingbelongstoorganization 关联的资源也必然满足 locationactedinbyorganization 的关系。",1,1,
sample_0479,subPropertyOf,"For any x and y, if x buildingbelongstoorganization y holds, then x locationactedinbyorganization y also holds.","背景知识：
条目1：
- 名称：buildingbelongstoorganization
- 类型：Class
- 简介：{%%s %s %%s, is a building belonging to}
- 补充信息：generalizations: locationactedinbyorganization | domain: building | range: organization

条目2：
- 名称：locationactedinbyorganization
- 类型：Class
- 简介：locationactedinbyorganization is a class in the NELL knowledge base.
- 补充信息：generalizations: locationactedinbyagent | domain: location | range: organization",1,qwen-max-0125,0.0,8192,https://api2.aigcbest.top/v1,"判断结果：正确  
解释：根据背景知识，buildingbelongstoorganization 是 locationactedinbyorganization 的子类，因此满足 subClassOf 关系的语义约束，即若 x buildingbelongstoorganization y 成立，则 x locationactedinbyorganization y 也成立。",1,1,
sample_0480,subPropertyOf,The property buildingbelongstoorganization is more specific than the property locationactedinbyorganization.,"背景知识：
条目1：
- 名称：buildingbelongstoorganization
- 类型：Class
- 简介：{%%s %s %%s, is a building belonging to}
- 补充信息：generalizations: locationactedinbyorganization | domain: building | range: organization

条目2：
- 名称：locationactedinbyorganization
- 类型：Class
- 简介：locationactedinbyorganization is a class in the NELL knowledge base.
- 补充信息：generalizations: locationactedinbyagent | domain: location | range: organization",1,qwen-max-0125,0.0,8192,https://api2.aigcbest.top/v1,"判断结果：正确  
解释：根据背景知识，buildingbelongstoorganization 是 locationactedinbyorganization 的具体化（generalizations: locationactedinbyorganization），符合 RDFS 中 subPropertyOf 的语义规则。",1,1,
sample_0481,subPropertyOf,cityhostsattraction ⊑p cityattractions,"背景知识：
条目1：
- 名称：cityhostsattraction
- 类型：Unknown
- 简介：Attraction occurs in the city
- 补充信息：generalizations: cityattractions | domain: city | range: attraction

条目2：
- 名称：cityattractions
- 类型：Unknown
- 简介：The city that an attraction is located in
- 补充信息：generalizations: locationcontainslocation | domain: city | range: attraction",1,qwen-max-0125,0.0,8192,https://api2.aigcbest.top/v1,"判断结果：正确  
解释：根据背景知识，cityhostsattraction 是 cityattractions 的具体化（generalizations: cityattractions），符合 RDFS 中 subPropertyOf 的语义规则，因此公理合理。",1,1,
sample_0482,subPropertyOf,cityhostsattraction is a subproperty of cityattractions.,"背景知识：
条目1：
- 名称：cityhostsattraction
- 类型：Unknown
- 简介：Attraction occurs in the city
- 补充信息：generalizations: cityattractions | domain: city | range: attraction

条目2：
- 名称：cityattractions
- 类型：Unknown
- 简介：The city that an attraction is located in
- 补充信息：generalizations: locationcontainslocation | domain: city | range: attraction",1,qwen-max-0125,0.0,8192,https://api2.aigcbest.top/v1,"判断结果：错误  
解释：根据背景知识，cityhostsattraction 和 cityattractions 的语义不同，前者表示“城市拥有景点”，后者表示“城市包含景点的位置”，二者并非子属性关系。",0,0,
sample_0483,subPropertyOf,"If two resources are related by cityhostsattraction, then they are also related by cityattractions.","背景知识：
条目1：
- 名称：cityhostsattraction
- 类型：Unknown
- 简介：Attraction occurs in the city
- 补充信息：generalizations: cityattractions | domain: city | range: attraction

条目2：
- 名称：cityattractions
- 类型：Unknown
- 简介：The city that an attraction is located in
- 补充信息：generalizations: locationcontainslocation | domain: city | range: attraction",1,qwen-max-0125,0.0,8192,https://api2.aigcbest.top/v1,"判断结果：错误  
解释：根据背景知识，cityhostsattraction 和 cityattractions 的语义不同，前者表示“城市拥有景点”，后者表示“城市包含景点的位置关系”，二者并非等价或包含关系，因此该公理与语义规则冲突。",0,0,
sample_0484,subPropertyOf,"For any x and y, if x cityhostsattraction y holds, then x cityattractions y also holds.","背景知识：
条目1：
- 名称：cityhostsattraction
- 类型：Unknown
- 简介：Attraction occurs in the city
- 补充信息：generalizations: cityattractions | domain: city | range: attraction

条目2：
- 名称：cityattractions
- 类型：Unknown
- 简介：The city that an attraction is located in
- 补充信息：generalizations: locationcontainslocation | domain: city | range: attraction",1,qwen-max-0125,0.0,8192,https://api2.aigcbest.top/v1,"判断结果：正确  
解释：根据背景知识，cityhostsattraction 是 cityattractions 的具体化（generalizations: cityattractions），因此 cityhostsattraction 的关系隐含了 cityattractions 的关系，符合 RDFS 的 subPropertyOf 语义规则。",1,1,
sample_0485,subPropertyOf,The property cityhostsattraction is more specific than the property cityattractions.,"背景知识：
条目1：
- 名称：cityhostsattraction
- 类型：Unknown
- 简介：Attraction occurs in the city
- 补充信息：generalizations: cityattractions | domain: city | range: attraction

条目2：
- 名称：cityattractions
- 类型：Unknown
- 简介：The city that an attraction is located in
- 补充信息：generalizations: locationcontainslocation | domain: city | range: attraction",1,qwen-max-0125,0.0,8192,https://api2.aigcbest.top/v1,"判断结果：正确  
解释：根据背景知识，cityhostsattraction 是 cityattractions 的具体化（generalizations: cityattractions），符合 RDFS 中 subPropertyOf 的语义规则，表明 cityhostsattraction 是 cityattractions 的更具体属性。",1,1,
sample_0486,subPropertyOf,citysportsteams ⊑p proxyfor,"背景知识：
条目1：
- 名称：citysportsteams
- 类型：Class
- 简介：citysportsteams is a class in the NELL knowledge base.
- 补充信息：generalizations: proxyfor, locationactedinbyorganization | domain: city | range: sportsteam

条目2：
- 名称：proxyfor
- 类型：Class
- 简介：{%%s is a %s for %%s, proxy}
- 补充信息：generalizations: mutualproxyfor | domain: everypromotedthing | range: everypromotedthing",1,qwen-max-0125,0.0,8192,https://api2.aigcbest.top/v1,"判断结果：正确  
解释：根据背景知识，citysportsteams 的 generalizations 包含 proxyfor，表明 citysportsteams 是 proxyfor 的子类，符合 RDFS 中 subClassOf 的语义规则。",1,1,
sample_0487,subPropertyOf,citysportsteams is a subproperty of proxyfor.,"背景知识：
条目1：
- 名称：citysportsteams
- 类型：Class
- 简介：citysportsteams is a class in the NELL knowledge base.
- 补充信息：generalizations: proxyfor, locationactedinbyorganization | domain: city | range: sportsteam

条目2：
- 名称：proxyfor
- 类型：Class
- 简介：{%%s is a %s for %%s, proxy}
- 补充信息：generalizations: mutualproxyfor | domain: everypromotedthing | range: everypromotedthing",1,qwen-max-0125,0.0,8192,https://api2.aigcbest.top/v1,"判断结果：错误  
解释：根据背景知识，citysportsteams是一个类（Class），而proxyfor也是一个类（Class），RDFS中subPropertyOf用于描述属性之间的包含关系，不能用于类之间的关系，因此该公理语义上不成立。",0,0,
sample_0488,subPropertyOf,"If two resources are related by citysportsteams, then they are also related by proxyfor.","背景知识：
条目1：
- 名称：citysportsteams
- 类型：Class
- 简介：citysportsteams is a class in the NELL knowledge base.
- 补充信息：generalizations: proxyfor, locationactedinbyorganization | domain: city | range: sportsteam

条目2：
- 名称：proxyfor
- 类型：Class
- 简介：{%%s is a %s for %%s, proxy}
- 补充信息：generalizations: mutualproxyfor | domain: everypromotedthing | range: everypromotedthing",1,qwen-max-0125,0.0,8192,https://api2.aigcbest.top/v1,"判断结果：错误  
解释：根据背景知识，citysportsteams的语义与proxyfor并无直接包含关系，且citysportsteams的domain和range分别为city和sportsteam，而proxyfor的domain和range均为everypromotedthing，二者语义不一致，无法推导出该公理。",0,0,
sample_0489,subPropertyOf,"For any x and y, if x citysportsteams y holds, then x proxyfor y also holds.","背景知识：
条目1：
- 名称：citysportsteams
- 类型：Class
- 简介：citysportsteams is a class in the NELL knowledge base.
- 补充信息：generalizations: proxyfor, locationactedinbyorganization | domain: city | range: sportsteam

条目2：
- 名称：proxyfor
- 类型：Class
- 简介：{%%s is a %s for %%s, proxy}
- 补充信息：generalizations: mutualproxyfor | domain: everypromotedthing | range: everypromotedthing",1,qwen-max-0125,0.0,8192,https://api2.aigcbest.top/v1,"判断结果：正确  
解释：根据背景知识，citysportsteams 是 proxyfor 的子类（generalizations: proxyfor），因此 citysportsteams 的实例关系也满足 proxyfor 的语义约束。",1,1,
sample_0490,subPropertyOf,The property citysportsteams is more specific than the property proxyfor.,"背景知识：
条目1：
- 名称：citysportsteams
- 类型：Class
- 简介：citysportsteams is a class in the NELL knowledge base.
- 补充信息：generalizations: proxyfor, locationactedinbyorganization | domain: city | range: sportsteam

条目2：
- 名称：proxyfor
- 类型：Class
- 简介：{%%s is a %s for %%s, proxy}
- 补充信息：generalizations: mutualproxyfor | domain: everypromotedthing | range: everypromotedthing",1,qwen-max-0125,0.0,8192,https://api2.aigcbest.top/v1,"判断结果：错误  
解释：根据背景知识，citysportsteams 是一个类而非属性，而 proxyfor 也是一个类，RDFS中的subPropertyOf关系仅适用于属性之间，因此该公理与语义规则冲突。",0,0,
sample_0491,subPropertyOf,companyalsoknownas ⊑p organizationalsoknownas,"背景知识：
条目1：
- 名称：companyalsoknownas
- 类型：Class
- 简介：{%%s is a company %s %%s, also known as}
- 补充信息：generalizations: organizationalsoknownas | domain: company | range: company

条目2：
- 名称：organizationalsoknownas
- 类型：Class
- 简介：{%%s is an organization %s %%s, also known as}
- 补充信息：generalizations: synonymfor | domain: organization | range: organization",1,qwen-max-0125,0.0,8192,https://api2.aigcbest.top/v1,"判断结果：正确  
解释：根据背景知识，companyalsoknownas 是 organizationalsoknownas 的特化（generalizations: organizationalsoknownas），符合 RDFS 中 subClassOf 的语义规则。",1,1,
sample_0492,subPropertyOf,companyalsoknownas is a subproperty of organizationalsoknownas.,"背景知识：
条目1：
- 名称：companyalsoknownas
- 类型：Class
- 简介：{%%s is a company %s %%s, also known as}
- 补充信息：generalizations: organizationalsoknownas | domain: company | range: company

条目2：
- 名称：organizationalsoknownas
- 类型：Class
- 简介：{%%s is an organization %s %%s, also known as}
- 补充信息：generalizations: synonymfor | domain: organization | range: organization",1,qwen-max-0125,0.0,8192,https://api2.aigcbest.top/v1,"判断结果：正确  
解释：根据背景知识，companyalsoknownas 的 generalizations 包含 organizationalsoknownas，且两者的 domain 和 range 分别为 company 和 organization，符合 subPropertyOf 的语义规则。",1,1,
sample_0493,subPropertyOf,"If two resources are related by companyalsoknownas, then they are also related by organizationalsoknownas.","背景知识：
条目1：
- 名称：companyalsoknownas
- 类型：Class
- 简介：{%%s is a company %s %%s, also known as}
- 补充信息：generalizations: organizationalsoknownas | domain: company | range: company

条目2：
- 名称：organizationalsoknownas
- 类型：Class
- 简介：{%%s is an organization %s %%s, also known as}
- 补充信息：generalizations: synonymfor | domain: organization | range: organization",1,qwen-max-0125,0.0,8192,https://api2.aigcbest.top/v1,"判断结果：正确  
解释：根据背景知识，companyalsoknownas 是 organizationalsoknownas 的子类（generalizations: organizationalsoknownas），因此 companyalsoknownas 的关系隐含了 organizationalsoknownas 的关系。",1,1,
sample_0494,subPropertyOf,"For any x and y, if x companyalsoknownas y holds, then x organizationalsoknownas y also holds.","背景知识：
条目1：
- 名称：companyalsoknownas
- 类型：Class
- 简介：{%%s is a company %s %%s, also known as}
- 补充信息：generalizations: organizationalsoknownas | domain: company | range: company

条目2：
- 名称：organizationalsoknownas
- 类型：Class
- 简介：{%%s is an organization %s %%s, also known as}
- 补充信息：generalizations: synonymfor | domain: organization | range: organization",1,qwen-max-0125,0.0,8192,https://api2.aigcbest.top/v1,"判断结果：正确  
解释：根据背景知识，companyalsoknownas 是 organizationalsoknownas 的子类（generalizations: organizationalsoknownas），因此 companyalsoknownas 的关系隐含了 organizationalsoknownas 的关系。",1,1,
sample_0495,subPropertyOf,The property companyalsoknownas is more specific than the property organizationalsoknownas.,"背景知识：
条目1：
- 名称：companyalsoknownas
- 类型：Class
- 简介：{%%s is a company %s %%s, also known as}
- 补充信息：generalizations: organizationalsoknownas | domain: company | range: company

条目2：
- 名称：organizationalsoknownas
- 类型：Class
- 简介：{%%s is an organization %s %%s, also known as}
- 补充信息：generalizations: synonymfor | domain: organization | range: organization",1,qwen-max-0125,0.0,8192,https://api2.aigcbest.top/v1,"判断结果：正确  
解释：根据背景知识，companyalsoknownas 是 organizationalsoknownas 的具体化（generalizations: organizationalsoknownas），符合 RDFS 中 subPropertyOf 的语义规则。",1,1,
