id,axiom_type,axiom_text,context_info,label,model_name,temperature,max_tokens,base_url,model_output,model_label,is_correct,error
sample_0001,subClassOf,politicsissue ⊑ abstractthing,"背景知识：
条目1：
- 名称：politicsissue
- 类型：Class
- 简介：{%%s is a %s, political issue}
- 补充信息：generalizations: abstractthing

条目2：
- 名称：abstractthing
- 类型：Class
- 简介：{%%s is an %s, abstract thing}
- 补充信息：generalizations: everypromotedthing",1,qwen-max-0125,0.0,8192,https://api2.aigcbest.top/v1,"判断结果：正确  
解释：根据背景知识，politicsissue 是 abstractthing 的具体化，且 abstractthing 是 politicsissue 的泛化，符合 RDFS 中 subClassOf 的语义规则。",1,1,
sample_0002,subClassOf,archaea ⊑ species,"背景知识：
条目1：
- 名称：archaea
- 类型：Class
- 简介：{%%s is an %s, archaeon}
- 补充信息：generalizations: species

条目2：
- 名称：species
- 类型：Class
- 简介：{%%s is a %s of animal, species}
- 补充信息：generalizations: abstractthing",1,qwen-max-0125,0.0,8192,https://api2.aigcbest.top/v1,"判断结果：正确  
解释：根据背景知识，archaea 是 species 的具体化（generalizations: species），符合 RDFS 中 subClassOf 的语义规则，即 archaea 是 species 的子类。",1,1,
sample_0003,subClassOf,terroristorganization ⊑ organization,"背景知识：
条目1：
- 名称：terroristorganization
- 类型：Unknown
- 简介：an organization that is involved in terrorist activities.
- 补充信息：generalizations: organization

条目2：
- 名称：organization
- 类型：Unknown
- 简介：An organization is an organized body of members or people with a particular purpose; in the Freebase context, a organization doesn't have a business association, like a company. Companies have their own type in the business domain, located....
- 补充信息：generalizations: humanagent",1,qwen-max-0125,0.0,8192,https://api2.aigcbest.top/v1,"判断结果：正确  
解释：根据背景知识，terroristorganization 是 organization 的 generalization，符合 RDFS 中 subClassOf 的语义规则，表示类之间的包含关系。",1,1,
sample_0004,subClassOf,bone ⊑ bodypart,"背景知识：
条目1：
- 名称：bone
- 类型：Class
- 简介：{%%s is a %s, bone}
- 补充信息：generalizations: bodypart

条目2：
- 名称：bodypart
- 类型：Class
- 简介：{%%s is a %s, part of the body}
- 补充信息：generalizations: item",1,qwen-max-0125,0.0,8192,https://api2.aigcbest.top/v1,"判断结果：正确  
解释：根据背景知识，bone 是 bodypart 的 generalization，符合 RDFS 中 subClassOf 的语义规则，表示 bone 是 bodypart 的子类。",1,1,
sample_0005,subClassOf,personeurope ⊑ personbylocation,"背景知识：
条目1：
- 名称：personeurope
- 类型：Unknown
- 简介：citizens of countries in Europe
- 补充信息：generalizations: personbylocation

条目2：
- 名称：personbylocation
- 类型：Unknown
- 简介：Parent category to break up people by regional/national location, which exists as a way to constrain some of the political predicates to the U.S. For simplicity of decision-making, we use ""citizenship"" as the rule for belongingness in these...
- 补充信息：generalizations: person",1,qwen-max-0125,0.0,8192,https://api2.aigcbest.top/v1,"判断结果：正确  
解释：根据背景知识，personeurope 是 personbylocation 的具体化（generalizations: personbylocation），符合 RDFS 中 subClassOf 的语义规则，即 personeurope 的所有实例也属于 personbylocation。",1,1,
sample_0006,subClassOf,city ⊑ geopoliticallocation,"背景知识：
条目1：
- 名称：city
- 类型：Unknown
- 简介：City/town/village refers to all named inhabited places at the most locally recognized level, but above the level of neighborhood. It is the most local region where there is a form of government or self-organization. Cities/towns/villages ar...
- 补充信息：generalizations: geopoliticallocation, geopoliticalorganization, geolocatablething

条目2：
- 名称：geopoliticallocation
- 类型：Unknown
- 简介：Those geopolitical entities that are location
- 补充信息：generalizations: geopoliticalentity, location",1,qwen-max-0125,0.0,8192,https://api2.aigcbest.top/v1,"判断结果：正确  
解释：根据背景知识，city 的 generalizations 包含 geopoliticallocation，符合 RDFS 中 subClassOf 的语义规则，即 city 是 geopoliticallocation 的子类。",1,1,
sample_0007,subClassOf,visualartmovement ⊑ abstractthing,"背景知识：
条目1：
- 名称：visualartmovement
- 类型：Unknown
- 简介：A tendency or style in art with a specific common philosophy or goal, followed by a group of artists during a restricted period of time, or, at least, with the heyday of the movement more or less strictly so restricted (usually a few months...
- 补充信息：generalizations: abstractthing

条目2：
- 名称：abstractthing
- 类型：Unknown
- 简介：thought, quality, characteristic apart from concrete realities, specific objects, or actual instances; theoretical, not applied or practical (http://dictionary.reference.com/browse/abstract)
- 补充信息：generalizations: everypromotedthing",1,qwen-max-0125,0.0,8192,https://api2.aigcbest.top/v1,"判断结果：正确  
解释：根据背景知识，visualartmovement 是 abstractthing 的具体化实例，符合 RDFS 中 subClassOf 的语义规则，即 visualartmovement 的所有实例也属于 abstractthing。",1,1,
sample_0008,subClassOf,university ⊑ geolocatablething,"背景知识：
条目1：
- 名称：university
- 类型：Unknown
- 简介：A university is a post-high school educational institution. This category includes colleges and technical schools.
- 补充信息：generalizations: school, geolocatablething

条目2：
- 名称：geolocatablething
- 类型：Unknown
- 简介：{%%s is a %s, geolocatable thing}
- 补充信息：generalizations: everypromotedthing",1,qwen-max-0125,0.0,8192,https://api2.aigcbest.top/v1,"判断结果：正确  
解释：根据背景知识，university 的 generalizations 包含 geolocatablething，符合 RDFS 中 subClassOf 的语义规则，表明 university 是 geolocatablething 的子类。",1,1,
sample_0009,subClassOf,musicfestival ⊑ event,"背景知识：
条目1：
- 名称：musicfestival
- 类型：Unknown
- 简介：A Music Festival is a musical event where live music is played, typically by multiple musical artists. A festival may be a singular event or a recurring one.
- 补充信息：generalizations: event

条目2：
- 名称：event
- 类型：Unknown
- 简介：An event is a topic that can be described by the time or date at which it happened. Long-lasting events may be described as occurring between two dates. It is sometimes appropriate to create abstract events, as collections of other events
- 补充信息：generalizations: abstractthing",1,qwen-max-0125,0.0,8192,https://api2.aigcbest.top/v1,"判断结果：正确  
解释：根据背景知识，musicfestival 是 event 的具体化实例，符合 RDFS 中 subClassOf 的语义规则，即 musicfestival 的所有实例也属于 event 类。",1,1,
sample_0010,subClassOf,politician ⊑ person,"背景知识：
条目1：
- 名称：politician
- 类型：Class
- 简介：{%%s is a %s, politician}
- 补充信息：generalizations: person

条目2：
- 名称：person
- 类型：Class
- 简介：{%%s is a %s, person}
- 补充信息：generalizations: humanagent",1,qwen-max-0125,0.0,8192,https://api2.aigcbest.top/v1,"判断结果：正确  
解释：根据背景知识，politician 是 person 的 generalization，符合 RDFS 中 subClassOf 的语义规则，即 politician 的所有实例也属于 person。",1,1,
sample_0011,subClassOf,vehicle ⊑ visualizableobject,"背景知识：
条目1：
- 名称：vehicle
- 类型：Class
- 简介：{%%s is a kind of %s, vehicle}
- 补充信息：generalizations: product, visualizableobject

条目2：
- 名称：visualizableobject
- 类型：Class
- 简介：{%%s is a %s, visualizable thing}
- 补充信息：generalizations: visualizablething",1,qwen-max-0125,0.0,8192,https://api2.aigcbest.top/v1,"判断结果：正确  
解释：根据背景知识，vehicle 是 visualizableobject 的子类（通过 generalizations 关系推导），符合 RDFS 中 subClassOf 的语义规则。",1,1,
sample_0012,subClassOf,personaustralia ⊑ personbylocation,"背景知识：
条目1：
- 名称：personaustralia
- 类型：Unknown
- 简介：citizens of Australia
- 补充信息：generalizations: personbylocation

条目2：
- 名称：personbylocation
- 类型：Unknown
- 简介：Parent category to break up people by regional/national location, which exists as a way to constrain some of the political predicates to the U.S. For simplicity of decision-making, we use ""citizenship"" as the rule for belongingness in these...
- 补充信息：generalizations: person",1,qwen-max-0125,0.0,8192,https://api2.aigcbest.top/v1,"判断结果：正确  
解释：根据背景知识，personaustralia 是 personbylocation 的具体化（generalizations: personbylocation），符合 RDFS 中 subClassOf 的语义规则，即子类是父类的特例。",1,1,
sample_0013,subClassOf,island ⊑ geopoliticallocation,"背景知识：
条目1：
- 名称：island
- 类型：Unknown
- 简介：any piece of land surrounded entirely by water
- 补充信息：generalizations: geopoliticallocation

条目2：
- 名称：geopoliticallocation
- 类型：Unknown
- 简介：Those geopolitical entities that are location
- 补充信息：generalizations: geopoliticalentity, location",1,qwen-max-0125,0.0,8192,https://api2.aigcbest.top/v1,"判断结果：正确  
解释：根据背景知识，island 的 generalizations 包含 geopoliticallocation，符合 RDFS 中 subClassOf 的语义规则，即 island 是 geopoliticallocation 的子类。",1,1,
sample_0014,subClassOf,location ⊑ everypromotedthing,"背景知识：
条目1：
- 名称：location
- 类型：Class
- 简介：{%%s is a %s, location}
- 补充信息：generalizations: everypromotedthing

条目2：
- 名称：everypromotedthing
- 类型：Class
- 简介：{%%s is %s, something}",1,qwen-max-0125,0.0,8192,https://api2.aigcbest.top/v1,"判断结果：正确  
解释：根据背景知识，location 的 generalizations 包含 everypromotedthing，表明 location 是 everypromotedthing 的子类，符合 RDFS 中 subClassOf 的语义规则。",1,1,
sample_0015,subClassOf,fungus ⊑ item,"背景知识：
条目1：
- 名称：fungus
- 类型：Class
- 简介：{%%s is a %s, fungus}
- 补充信息：generalizations: item, species

条目2：
- 名称：item
- 类型：Class
- 简介：{%%s is an %s, item}
- 补充信息：generalizations: everypromotedthing",1,qwen-max-0125,0.0,8192,https://api2.aigcbest.top/v1,"判断结果：正确  
解释：根据背景知识，fungus 的 generalizations 包含 item，符合 RDFS 中 subClassOf 的语义规则，即 fungus 是 item 的子类。",1,1,
sample_0016,subClassOf,musicinstrument ⊑ item,"背景知识：
条目1：
- 名称：musicinstrument
- 类型：Class
- 简介：{%%s is a %s, musical instrument}
- 补充信息：generalizations: item, visualizableobject

条目2：
- 名称：item
- 类型：Class
- 简介：{%%s is an %s, item}
- 补充信息：generalizations: everypromotedthing",1,qwen-max-0125,0.0,8192,https://api2.aigcbest.top/v1,"判断结果：正确  
解释：根据背景知识，musicinstrument 的 generalizations 包含 item，符合 RDFS 中 subClassOf 的语义规则，即 musicinstrument 是 item 的子类。",1,1,
sample_0017,subClassOf,geometricshape ⊑ visualizableattribute,"背景知识：
条目1：
- 名称：geometricshape
- 类型：Class
- 简介：{%%s is a %s, geometric shape}
- 补充信息：generalizations: visualizableattribute, abstractthing

条目2：
- 名称：visualizableattribute
- 类型：Class
- 简介：{%%s is a %s, visualizable attribute}
- 补充信息：generalizations: visualizablething",1,qwen-max-0125,0.0,8192,https://api2.aigcbest.top/v1,"判断结果：正确  
解释：根据背景知识，geometricshape 是 visualizableattribute 的具体化，符合 subClassOf 的语义规则，即 geometricshape 的所有实例也属于 visualizableattribute。",1,1,
sample_0018,subClassOf,officeitem ⊑ item,"背景知识：
条目1：
- 名称：officeitem
- 类型：Class
- 简介：{%%s is an %s, office supply}
- 补充信息：generalizations: item

条目2：
- 名称：item
- 类型：Class
- 简介：{%%s is an %s, item}
- 补充信息：generalizations: everypromotedthing",1,qwen-max-0125,0.0,8192,https://api2.aigcbest.top/v1,"判断结果：正确  
解释：根据背景知识，officeitem 是 item 的子类（generalizations: item），符合 RDFS 中 subClassOf 的语义规则。",1,1,
sample_0019,subClassOf,plant ⊑ item,"背景知识：
条目1：
- 名称：plant
- 类型：Class
- 简介：{%%s is a %s, plant}
- 补充信息：generalizations: item, species

条目2：
- 名称：item
- 类型：Class
- 简介：{%%s is an %s, item}
- 补充信息：generalizations: everypromotedthing",1,qwen-max-0125,0.0,8192,https://api2.aigcbest.top/v1,"判断结果：正确  
解释：根据背景知识，plant 的 generalizations 包含 item，符合 RDFS 中 subClassOf 的语义规则，即 plant 是 item 的子类。",1,1,
sample_0020,subClassOf,caf_ ⊑ company,"背景知识：
条目1：
- 名称：caf_
- 类型：Class
- 简介：{%%s is a %s, café}
- 补充信息：generalizations: location, company

条目2：
- 名称：company
- 类型：Class
- 简介：{%%s is a %s, company}
- 补充信息：generalizations: organization",1,qwen-max-0125,0.0,8192,https://api2.aigcbest.top/v1,"判断结果：正确  
解释：根据背景知识，caf_ 的 generalizations 包含 company，符合 RDFS 中 subClassOf 的语义规则，即 caf_ 是 company 的子类。",1,1,
sample_0021,subClassOf,architect ⊑ person,"背景知识：
条目1：
- 名称：architect
- 类型：Class
- 简介：{%%s is an %s, architect}
- 补充信息：generalizations: person

条目2：
- 名称：person
- 类型：Class
- 简介：{%%s is a %s, person}
- 补充信息：generalizations: humanagent",1,qwen-max-0125,0.0,8192,https://api2.aigcbest.top/v1,"判断结果：正确  
解释：根据背景知识，architect 是 person 的子类（generalizations: person），符合 RDFS 中 subClassOf 的语义规则，表示 architect 类的所有实例也是 person 类的实例。",1,1,
sample_0022,subClassOf,politicianus ⊑ personus,"背景知识：
条目1：
- 名称：politicianus
- 类型：Unknown
- 简介：Politicians of the U.S.A
- 补充信息：generalizations: personus, politician

条目2：
- 名称：personus
- 类型：Unknown
- 简介：citizens of the U.S.A.
- 补充信息：generalizations: personnorthamerica",1,qwen-max-0125,0.0,8192,https://api2.aigcbest.top/v1,"判断结果：正确  
解释：根据背景知识，politicianus 的 generalizations 包含 personus，符合 RDFS 中 subClassOf 的语义规则，表示 politicianus 是 personus 的子类。",1,1,
sample_0023,subClassOf,physicalaction ⊑ abstractthing,"背景知识：
条目1：
- 名称：physicalaction
- 类型：Class
- 简介：{%%s is a %s, physical action}
- 补充信息：generalizations: abstractthing

条目2：
- 名称：abstractthing
- 类型：Class
- 简介：{%%s is an %s, abstract thing}
- 补充信息：generalizations: everypromotedthing",1,qwen-max-0125,0.0,8192,https://api2.aigcbest.top/v1,"判断结果：正确  
解释：根据背景知识，physicalaction 是 abstractthing 的 generalization，符合 RDFS 中 subClassOf 的语义规则，表示 physicalaction 是 abstractthing 的子类。",1,1,
sample_0024,subClassOf,shoppingmall ⊑ building,"背景知识：
条目1：
- 名称：shoppingmall
- 类型：Unknown
- 简介：A shopping mall is a building or group of buildings containing many stores, restaurants, and businesses.
- 补充信息：generalizations: building

条目2：
- 名称：building
- 类型：Unknown
- 简介：A building is a man-made structure designed for shelter or for continuous or periodic occupancy. All buildings are structures and therefore typed ""Structure"" which imparts other basic properties (see /architecture/structure). If something i...
- 补充信息：generalizations: location, geolocatablething",1,qwen-max-0125,0.0,8192,https://api2.aigcbest.top/v1,"判断结果：正确  
解释：根据背景知识，shoppingmall 的 generalizations 包含 building，符合 RDFS 中 subClassOf 的语义规则，表示 shoppingmall 是 building 的子类。",1,1,
sample_0025,subClassOf,race ⊑ sportsevent,"背景知识：
条目1：
- 名称：race
- 类型：Unknown
- 简介：A sport race is a competition of speed, against an objective criterion, usually a clock or to a specific point. The competitors in a race try to complete a given task in the shortest amount of time. Typically this involves traversing some d...
- 补充信息：generalizations: sportsevent

条目2：
- 名称：sportsevent
- 类型：Unknown
- 简介：is when a sport is played or otherwise engaged in, including but not limited to what would be termed a ""sports game"". See child categories for examples.
- 补充信息：generalizations: event",1,qwen-max-0125,0.0,8192,https://api2.aigcbest.top/v1,"判断结果：正确  
解释：根据背景知识，race 的 generalizations 包含 sportsevent，表明 race 是 sportsevent 的子类，符合 RDFS 中 subClassOf 的语义规则。",1,1,
sample_0026,subClassOf,aquarium ⊑ attraction,"背景知识：
条目1：
- 名称：aquarium
- 类型：Unknown
- 简介：the aquatic counterpart of a zoo, housing living aquatic species for viewing
- 补充信息：generalizations: attraction

条目2：
- 名称：attraction
- 类型：Unknown
- 简介：sight or feature that you might visit as a tourist. Examples include monuments, parks, museums, and the like. This type includes Location, which means it is usually used for things which are themselves locations (like those described above
- 补充信息：generalizations: location",1,qwen-max-0125,0.0,8192,https://api2.aigcbest.top/v1,"判断结果：正确  
解释：根据背景知识，aquarium的补充信息中明确指出其generalizations为attraction，符合RDFS中subClassOf的语义规则，即aquarium是attraction的子类。",1,1,
sample_0027,subClassOf,food ⊑ item,"背景知识：
条目1：
- 名称：food
- 类型：Unknown
- 简介：A food is any edible substance with nutritional value, whether it's a basic foodstuff like rice or apples, or a commercial product like Poptarts or I Can't Believe It's Not Butter. ""Nutritional value"" encompasses anything useful for growth....
- 补充信息：generalizations: item, visualizableobject

条目2：
- 名称：item
- 类型：Unknown
- 简介：Any tangible thing that does not have the power to act (agency)
- 补充信息：generalizations: everypromotedthing",1,qwen-max-0125,0.0,8192,https://api2.aigcbest.top/v1,"判断结果：正确  
解释：根据背景知识，food的补充信息中提到其generalizations包含item，这表明food是item的子类，符合RDFS中subClassOf的语义规则。",1,1,
sample_0028,subClassOf,creativework ⊑ abstractthing,"背景知识：
条目1：
- 名称：creativework
- 类型：Class
- 简介：{%%s is a %s, creative work}
- 补充信息：generalizations: abstractthing

条目2：
- 名称：abstractthing
- 类型：Class
- 简介：{%%s is an %s, abstract thing}
- 补充信息：generalizations: everypromotedthing",1,qwen-max-0125,0.0,8192,https://api2.aigcbest.top/v1,"判断结果：正确  
解释：根据背景知识，creativework 是 abstractthing 的具体化，符合 RDFS 中 subClassOf 的语义规则，即 creativework 的所有实例也属于 abstractthing。",1,1,
sample_0029,subClassOf,port ⊑ attraction,"背景知识：
条目1：
- 名称：port
- 类型：Unknown
- 简介：a location on a coast or shore containing one or more harbors where ships can dock and transfer people or cargo to or from land. Port locations are selected to optimize access to land and navigable water, for commercial demand, and for shel...
- 补充信息：generalizations: attraction

条目2：
- 名称：attraction
- 类型：Unknown
- 简介：sight or feature that you might visit as a tourist. Examples include monuments, parks, museums, and the like. This type includes Location, which means it is usually used for things which are themselves locations (like those described above
- 补充信息：generalizations: location",1,qwen-max-0125,0.0,8192,https://api2.aigcbest.top/v1,"判断结果：正确  
解释：根据背景知识，port 的 generalizations 包含 attraction，表明 port 是 attraction 的子类，符合 RDFS 中 subClassOf 的语义规则。",1,1,
sample_0030,subClassOf,legume ⊑ fruit,"背景知识：
条目1：
- 名称：legume
- 类型：Class
- 简介：{%%s is a %s, legume}
- 补充信息：generalizations: fruit

条目2：
- 名称：fruit
- 类型：Class
- 简介：{%%s is a %s, fruit}
- 补充信息：generalizations: food",1,qwen-max-0125,0.0,8192,https://api2.aigcbest.top/v1,"判断结果：正确  
解释：根据背景知识，legume 是 fruit 的 generalization，符合 RDFS 中 subClassOf 的语义规则，即 legume 的所有实例也是 fruit 的实例。",1,1,
sample_0031,subClassOf,traditionalgame ⊑ game,"背景知识：
条目1：
- 名称：traditionalgame
- 类型：Unknown
- 简介：Includes all non-sports, non-electronic games including board games, parlor games and card games.
- 补充信息：generalizations: game

条目2：
- 名称：game
- 类型：Unknown
- 简介：General parent category for more specific kinds of games
- 补充信息：generalizations: abstractthing",1,qwen-max-0125,0.0,8192,https://api2.aigcbest.top/v1,"判断结果：正确  
解释：根据背景知识，traditionalgame 的 generalizations 包含 game，符合 RDFS 中 subClassOf 的语义规则，表示 traditionalgame 是 game 的子类。",1,1,
sample_0032,subClassOf,agriculturalproduct ⊑ item,"背景知识：
条目1：
- 名称：agriculturalproduct
- 类型：Unknown
- 简介：a living thing (or something derived therefrom) which is specifically cultivated and produced to sustain or enrich life
- 补充信息：generalizations: item

条目2：
- 名称：item
- 类型：Unknown
- 简介：Any tangible thing that does not have the power to act (agency)
- 补充信息：generalizations: everypromotedthing",1,qwen-max-0125,0.0,8192,https://api2.aigcbest.top/v1,"判断结果：正确  
解释：根据背景知识，agriculturalproduct 是 item 的 generalization，符合 RDFS 中 subClassOf 的语义规则，表示 agriculturalproduct 是 item 的子类。",1,1,
sample_0033,subClassOf,physicalaction ⊑ abstractthing,"背景知识：
条目1：
- 名称：physicalaction
- 类型：Unknown
- 简介：An event that involves someone doing something with their physical body.
- 补充信息：generalizations: abstractthing

条目2：
- 名称：abstractthing
- 类型：Unknown
- 简介：thought, quality, characteristic apart from concrete realities, specific objects, or actual instances; theoretical, not applied or practical (http://dictionary.reference.com/browse/abstract)
- 补充信息：generalizations: everypromotedthing",1,qwen-max-0125,0.0,8192,https://api2.aigcbest.top/v1,"判断结果：正确  
解释：根据背景知识，physicalaction 是 abstractthing 的具体化实例，符合 RDFS 中 subClassOf 的语义规则，即子类是父类的一种具体表现。",1,1,
sample_0034,subClassOf,geopoliticalorganization ⊑ geopoliticalentity,"背景知识：
条目1：
- 名称：geopoliticalorganization
- 类型：Class
- 简介：{%%s is a %s that is an organization, geopolitical entity}
- 补充信息：generalizations: organization, geopoliticalentity

条目2：
- 名称：geopoliticalentity
- 类型：Class
- 简介：{%%s is a %s, geopolitical entity}
- 补充信息：generalizations: abstractthing",1,qwen-max-0125,0.0,8192,https://api2.aigcbest.top/v1,"判断结果：正确  
解释：根据背景知识，geopoliticalorganization 是 geopoliticalentity 的泛化，符合 RDFS 中 subClassOf 的语义规则，表示类之间的包含关系。",1,1,
sample_0035,subClassOf,politicsgroup ⊑ geopoliticalorganization,"背景知识：
条目1：
- 名称：politicsgroup
- 类型：Class
- 简介：{%%s is a %s, political group}
- 补充信息：generalizations: geopoliticalorganization

条目2：
- 名称：geopoliticalorganization
- 类型：Class
- 简介：{%%s is a %s that is an organization, geopolitical entity}
- 补充信息：generalizations: organization, geopoliticalentity",1,qwen-max-0125,0.0,8192,https://api2.aigcbest.top/v1,"判断结果：正确  
解释：根据背景知识，politicsgroup 的 generalizations 包含 geopoliticalorganization，符合 RDFS 中 subClassOf 的语义规则，表示 politicsgroup 是 geopoliticalorganization 的子类。",1,1,
sample_0036,subClassOf,writer ⊑ person,"背景知识：
条目1：
- 名称：writer
- 类型：Class
- 简介：{%%s is a %s, writer}
- 补充信息：generalizations: person

条目2：
- 名称：person
- 类型：Class
- 简介：{%%s is a %s, person}
- 补充信息：generalizations: humanagent",1,qwen-max-0125,0.0,8192,https://api2.aigcbest.top/v1,"判断结果：正确  
解释：根据背景知识，writer 是 person 的子类（generalizations: person），符合 RDFS 中 subClassOf 的语义规则，表示 writer 的所有实例也是 person 的实例。",1,1,
sample_0037,subClassOf,vegetable ⊑ food,"背景知识：
条目1：
- 名称：vegetable
- 类型：Class
- 简介：{%%s is a %s, vegetable}
- 补充信息：generalizations: food

条目2：
- 名称：food
- 类型：Class
- 简介：{%%s is a %s, food}
- 补充信息：generalizations: item, visualizableobject",1,qwen-max-0125,0.0,8192,https://api2.aigcbest.top/v1,"判断结果：正确  
解释：根据背景知识，vegetable 的 generalizations 包含 food，符合 RDFS 中 subClassOf 的语义规则，即 vegetable 是 food 的子类。",1,1,
sample_0038,subClassOf,researchproject ⊑ abstractthing,"背景知识：
条目1：
- 名称：researchproject
- 类型：Unknown
- 简介：A specific research effort or a research center
- 补充信息：generalizations: abstractthing

条目2：
- 名称：abstractthing
- 类型：Unknown
- 简介：thought, quality, characteristic apart from concrete realities, specific objects, or actual instances; theoretical, not applied or practical (http://dictionary.reference.com/browse/abstract)
- 补充信息：generalizations: everypromotedthing",1,qwen-max-0125,0.0,8192,https://api2.aigcbest.top/v1,"判断结果：正确  
解释：根据背景知识，researchproject 的 generalizations 包含 abstractthing，符合 RDFS 中 subClassOf 的语义规则，表示 researchproject 是 abstractthing 的子类。",1,1,
sample_0039,subClassOf,university ⊑ geolocatablething,"背景知识：
条目1：
- 名称：university
- 类型：Class
- 简介：{%%s is a %s, university}
- 补充信息：generalizations: school, geolocatablething

条目2：
- 名称：geolocatablething
- 类型：Class
- 简介：{%%s is a %s, geolocatable thing}
- 补充信息：generalizations: everypromotedthing",1,qwen-max-0125,0.0,8192,https://api2.aigcbest.top/v1,"判断结果：正确  
解释：根据背景知识，university 的 generalizations 包含 geolocatablething，符合 RDFS 中 subClassOf 的语义规则，即 university 是 geolocatablething 的子类。",1,1,
sample_0040,subClassOf,medicalprocedure ⊑ abstractthing,"背景知识：
条目1：
- 名称：medicalprocedure
- 类型：Unknown
- 简介：The medical treatment type is used for any medical intervention designed to treat and cure human diseases and medical conditions. This type includes both curative and palliative treatments
- 补充信息：generalizations: abstractthing

条目2：
- 名称：abstractthing
- 类型：Unknown
- 简介：thought, quality, characteristic apart from concrete realities, specific objects, or actual instances; theoretical, not applied or practical (http://dictionary.reference.com/browse/abstract)
- 补充信息：generalizations: everypromotedthing",1,qwen-max-0125,0.0,8192,https://api2.aigcbest.top/v1,"判断结果：正确  
解释：根据背景知识，medicalprocedure 是 abstractthing 的具体化，且背景知识中明确指出 abstractthing 是 medicalprocedure 的泛化，符合 RDFS 中 subClassOf 的语义规则。",1,1,
sample_0041,subClassOf,virus ⊑ species,"背景知识：
条目1：
- 名称：virus
- 类型：Unknown
- 简介：A small infectious agent that replicates only inside the living cells of other organisms
- 补充信息：generalizations: species

条目2：
- 名称：species
- 类型：Unknown
- 简介：is one of the basic units of biological classification and a taxonomic rank. A species is often defined as a group of organisms capable of interbreeding and producing fertile offspring.
- 补充信息：generalizations: abstractthing",1,qwen-max-0125,0.0,8192,https://api2.aigcbest.top/v1,"判断结果：正确  
解释：根据背景知识，virus 的 generalizations 包含 species，符合 RDFS 中 subClassOf 的语义规则，即 virus 是 species 的子类。",1,1,
sample_0042,subClassOf,videogame ⊑ software,"背景知识：
条目1：
- 名称：videogame
- 类型：Unknown
- 简介：A video game is a piece of interactive software used primarily for entertainment, including computer games, console games, arcade games, and hand-held games. However, this category excludes video game consoles.
- 补充信息：generalizations: game, software

条目2：
- 名称：software
- 类型：Unknown
- 简介：software that runs on a computer.
- 补充信息：generalizations: product",1,qwen-max-0125,0.0,8192,https://api2.aigcbest.top/v1,"判断结果：正确  
解释：根据背景知识，videogame 的 generalizations 包含 software，表明 videogame 是 software 的子类，符合 RDFS 中 subClassOf 的语义规则。",1,1,
sample_0043,subClassOf,hospital ⊑ building,"背景知识：
条目1：
- 名称：hospital
- 类型：Class
- 简介：{%%s is a %s, hospital}
- 补充信息：generalizations: building

条目2：
- 名称：building
- 类型：Class
- 简介：{%%s is a %s, building}
- 补充信息：generalizations: location, geolocatablething",1,qwen-max-0125,0.0,8192,https://api2.aigcbest.top/v1,"判断结果：正确  
解释：根据背景知识，hospital 的 generalizations 包含 building，符合 RDFS 中 subClassOf 的语义规则，即 hospital 是 building 的子类。",1,1,
sample_0044,subClassOf,attraction ⊑ location,"背景知识：
条目1：
- 名称：attraction
- 类型：Class
- 简介：{%%s is a %s, tourist attraction}
- 补充信息：generalizations: location

条目2：
- 名称：location
- 类型：Class
- 简介：{%%s is a %s, location}
- 补充信息：generalizations: everypromotedthing",1,qwen-max-0125,0.0,8192,https://api2.aigcbest.top/v1,"判断结果：正确  
解释：根据背景知识，attraction 是 location 的子类（generalizations: location），符合 RDFS 中 subClassOf 的语义规则，表示 attraction 的所有实例也是 location 的实例。",1,1,
sample_0045,subClassOf,stadiumoreventvenue ⊑ building,"背景知识：
条目1：
- 名称：stadiumoreventvenue
- 类型：Unknown
- 简介：A building where large spectator events (usually sporting events) take place.
- 补充信息：generalizations: attraction, building

条目2：
- 名称：building
- 类型：Unknown
- 简介：A building is a man-made structure designed for shelter or for continuous or periodic occupancy. All buildings are structures and therefore typed ""Structure"" which imparts other basic properties (see /architecture/structure). If something i...
- 补充信息：generalizations: location, geolocatablething",1,qwen-max-0125,0.0,8192,https://api2.aigcbest.top/v1,"判断结果：正确  
解释：根据背景知识，stadiumoreventvenue 的 generalizations 包含 building，符合 RDFS 中 subClassOf 的语义规则，表示类之间的包含关系。",1,1,
sample_0046,subClassOf,comedian ⊑ person,"背景知识：
条目1：
- 名称：comedian
- 类型：Unknown
- 简介：a person who makes a living by making you laugh
- 补充信息：generalizations: person

条目2：
- 名称：person
- 类型：Unknown
- 简介：A person is a human being (man, woman or child) known to have actually existed. Living persons, celebrities and politicians are persons, as are deceased persons.
- 补充信息：generalizations: humanagent",1,qwen-max-0125,0.0,8192,https://api2.aigcbest.top/v1,"判断结果：正确  
解释：根据背景知识，comedian的补充信息表明其generalizations为person，符合RDFS中subClassOf的语义规则，即comedian是person的子类。",1,1,
sample_0047,subClassOf,roadaccidentevent ⊑ event,"背景知识：
条目1：
- 名称：roadaccidentevent
- 类型：Unknown
- 简介：{%%s is a %s, road accident event}
- 补充信息：generalizations: event

条目2：
- 名称：event
- 类型：Unknown
- 简介：An event is a topic that can be described by the time or date at which it happened. Long-lasting events may be described as occurring between two dates. It is sometimes appropriate to create abstract events, as collections of other events
- 补充信息：generalizations: abstractthing",1,qwen-max-0125,0.0,8192,https://api2.aigcbest.top/v1,"判断结果：正确  
解释：根据背景知识，roadaccidentevent 是 event 的具体化，且 event 是 roadaccidentevent 的泛化，符合 RDFS 中 subClassOf 的语义规则。",1,1,
sample_0048,subClassOf,personafrica ⊑ personbylocation,"背景知识：
条目1：
- 名称：personafrica
- 类型：Class
- 简介：{%%s is an %s, African person}
- 补充信息：generalizations: personbylocation

条目2：
- 名称：personbylocation
- 类型：Class
- 简介：{%%s is a %s, person}
- 补充信息：generalizations: person",1,qwen-max-0125,0.0,8192,https://api2.aigcbest.top/v1,"判断结果：正确  
解释：根据背景知识，personafrica 是 personbylocation 的具体化（generalizations: personbylocation），符合 RDFS 中 subClassOf 的语义规则，即子类是父类的特例。",1,1,
sample_0049,subClassOf,geometricshape ⊑ abstractthing,"背景知识：
条目1：
- 名称：geometricshape
- 类型：Class
- 简介：{%%s is a %s, geometric shape}
- 补充信息：generalizations: visualizableattribute, abstractthing

条目2：
- 名称：abstractthing
- 类型：Class
- 简介：{%%s is an %s, abstract thing}
- 补充信息：generalizations: everypromotedthing",1,qwen-max-0125,0.0,8192,https://api2.aigcbest.top/v1,"判断结果：正确  
解释：根据背景知识，geometricshape 是 abstractthing 的具体化，且 abstractthing 是 geometricshape 的泛化，符合 RDFS 中 subClassOf 的语义规则。",1,1,
sample_0050,subClassOf,location ⊑ everypromotedthing,"背景知识：
条目1：
- 名称：location
- 类型：Unknown
- 简介：The Location type is used for any topic with a fixed location on the planet Earth. It includes geographic features such as oceans and mountains, political entities like cities and man-made objects like buildings
- 补充信息：generalizations: everypromotedthing

条目2：
- 名称：everypromotedthing
- 类型：Unknown
- 简介：every promoted category instance in KB",1,qwen-max-0125,0.0,8192,https://api2.aigcbest.top/v1,"判断结果：正确  
解释：根据背景知识，location 是 everypromotedthing 的具体化实例，符合 RDFS 中 subClassOf 的语义规则，即 location 的所有实例也属于 everypromotedthing。",1,1,
sample_0051,subClassOf,governmentorganization ⊑ politicsgroup,"背景知识：
条目1：
- 名称：governmentorganization
- 类型：Unknown
- 简介：A government is the organization, or agency through which a political unit exercises its authority,
- 补充信息：generalizations: politicsgroup

条目2：
- 名称：politicsgroup
- 类型：Unknown
- 简介：Organizations, which may or may not be part of the government, that act in the arenas of politics or government.
- 补充信息：generalizations: geopoliticalorganization",1,qwen-max-0125,0.0,8192,https://api2.aigcbest.top/v1,"判断结果：正确  
解释：根据背景知识，governmentorganization 是 politicsgroup 的具体化（generalizations: politicsgroup），符合 RDFS 中 subClassOf 的语义规则，表示类之间的包含关系。",1,1,
sample_0052,subClassOf,bank ⊑ company,"背景知识：
条目1：
- 名称：bank
- 类型：Unknown
- 简介：Umbrella category for all kinds of banks
- 补充信息：generalizations: company

条目2：
- 名称：company
- 类型：Unknown
- 简介：A company is an organization whose goal is to make money
- 补充信息：generalizations: organization",1,qwen-max-0125,0.0,8192,https://api2.aigcbest.top/v1,"判断结果：正确  
解释：根据背景知识，bank 的 generalizations 包含 company，符合 RDFS 中 subClassOf 的语义规则，表示 bank 是 company 的子类。",1,1,
sample_0053,subClassOf,nut ⊑ fruit,"背景知识：
条目1：
- 名称：nut
- 类型：Class
- 简介：{%%s is a %s, nut}
- 补充信息：generalizations: fruit

条目2：
- 名称：fruit
- 类型：Class
- 简介：{%%s is a %s, fruit}
- 补充信息：generalizations: food",1,qwen-max-0125,0.0,8192,https://api2.aigcbest.top/v1,"判断结果：正确  
解释：根据背景知识，nut 是 fruit 的 generalization，符合 RDFS 中 subClassOf 的语义规则，即 nut 的所有实例也是 fruit 的实例。",1,1,
sample_0054,subClassOf,physiologicalcondition ⊑ abstractthing,"背景知识：
条目1：
- 名称：physiologicalcondition
- 类型：Unknown
- 简介：Most instances will be diseases or other abnormalities. However, this category also includes conditions such as pregnancy or teething that are entirely normal and expected, but which are nevertheless exception and can require extra care.
- 补充信息：generalizations: abstractthing

条目2：
- 名称：abstractthing
- 类型：Unknown
- 简介：thought, quality, characteristic apart from concrete realities, specific objects, or actual instances; theoretical, not applied or practical (http://dictionary.reference.com/browse/abstract)
- 补充信息：generalizations: everypromotedthing",1,qwen-max-0125,0.0,8192,https://api2.aigcbest.top/v1,"判断结果：正确  
解释：根据背景知识，physiologicalcondition 是 abstractthing 的具体化实例，符合 RDFS 中 subClassOf 的语义规则，即 physiologicalcondition 的所有实例也属于 abstractthing。",1,1,
sample_0055,subClassOf,grain ⊑ fruit,"背景知识：
条目1：
- 名称：grain
- 类型：Class
- 简介：{%%s is a %s, grain}
- 补充信息：generalizations: fruit

条目2：
- 名称：fruit
- 类型：Class
- 简介：{%%s is a %s, fruit}
- 补充信息：generalizations: food",1,qwen-max-0125,0.0,8192,https://api2.aigcbest.top/v1,"判断结果：正确  
解释：根据背景知识，grain 的 generalizations 包含 fruit，符合 RDFS 中 subClassOf 的语义规则，即 grain 是 fruit 的子类。",1,1,
sample_0056,subClassOf,creativework ⊑ abstractthing,"背景知识：
条目1：
- 名称：creativework
- 类型：Unknown
- 简介：the product of any creative effort, including movies, paintings, musical songs, etc.
- 补充信息：generalizations: abstractthing

条目2：
- 名称：abstractthing
- 类型：Unknown
- 简介：thought, quality, characteristic apart from concrete realities, specific objects, or actual instances; theoretical, not applied or practical (http://dictionary.reference.com/browse/abstract)
- 补充信息：generalizations: everypromotedthing",1,qwen-max-0125,0.0,8192,https://api2.aigcbest.top/v1,"判断结果：正确  
解释：根据背景知识，creativework 是 abstractthing 的具体化实例，且 creativework 的 generalizations 包含 abstractthing，符合 RDFS 中 subClassOf 的语义规则。",1,1,
sample_0057,subClassOf,stateorprovince ⊑ geopoliticalorganization,"背景知识：
条目1：
- 名称：stateorprovince
- 类型：Unknown
- 简介：In general, the top-level administrative or political subdivision within a country.
- 补充信息：generalizations: geopoliticallocation, geopoliticalorganization, geolocatablething

条目2：
- 名称：geopoliticalorganization
- 类型：Unknown
- 简介：Those geopolitical entities that are organizations
- 补充信息：generalizations: geopoliticalentity, organization",1,qwen-max-0125,0.0,8192,https://api2.aigcbest.top/v1,"判断结果：错误  
解释：根据背景知识，stateorprovince 的 generalizations 包括 geopoliticallocation、geopoliticalorganization 和 geolocatablething，但未明确说明其为 geopoliticalorganization 的子类，因此该公理与背景知识不符。",0,0,
sample_0058,subClassOf,placeofworship ⊑ building,"背景知识：
条目1：
- 名称：placeofworship
- 类型：Unknown
- 简介：A place of worship is a building which is used by members of a religion for worship.
- 补充信息：generalizations: building

条目2：
- 名称：building
- 类型：Unknown
- 简介：A building is a man-made structure designed for shelter or for continuous or periodic occupancy. All buildings are structures and therefore typed ""Structure"" which imparts other basic properties (see /architecture/structure). If something i...
- 补充信息：generalizations: location, geolocatablething",1,qwen-max-0125,0.0,8192,https://api2.aigcbest.top/v1,"判断结果：正确  
解释：根据背景知识，placeofworship 是 building 的特例（generalizations: building），符合 RDFS 中 subClassOf 的语义规则，即 placeofworship 的所有实例也属于 building。",1,1,
sample_0059,subClassOf,televisionshow ⊑ creativework,"背景知识：
条目1：
- 名称：televisionshow
- 类型：Unknown
- 简介：Television shows, or a television series that includes multiple episodes
- 补充信息：generalizations: creativework

条目2：
- 名称：creativework
- 类型：Unknown
- 简介：the product of any creative effort, including movies, paintings, musical songs, etc.
- 补充信息：generalizations: abstractthing",1,qwen-max-0125,0.0,8192,https://api2.aigcbest.top/v1,"判断结果：正确  
解释：根据背景知识，televisionshow 是 creativework 的具体化，符合 RDFS 中 subClassOf 的语义规则，即 televisionshow 的所有实例也属于 creativework。",1,1,
sample_0060,subClassOf,visualartmovement ⊑ abstractthing,"背景知识：
条目1：
- 名称：visualartmovement
- 类型：Class
- 简介：{%%s is a %s, visual art movement}
- 补充信息：generalizations: abstractthing

条目2：
- 名称：abstractthing
- 类型：Class
- 简介：{%%s is an %s, abstract thing}
- 补充信息：generalizations: everypromotedthing",1,qwen-max-0125,0.0,8192,https://api2.aigcbest.top/v1,"判断结果：正确  
解释：根据背景知识，visualartmovement 是 abstractthing 的子类（通过 generalizations 关系），符合 RDFS 中 subClassOf 的语义规则。",1,1,
sample_0061,subPropertyOf,agentcreated ⊑p relatedto,"背景知识：
条目1：
- 名称：agentcreated
- 类型：Unknown
- 简介：general relation to identify creation and authorships
- 补充信息：generalizations: relatedto | domain: agent | range: everypromotedthing

条目2：
- 名称：relatedto
- 类型：Unknown
- 简介：associated; connected (http://dictionary.reference.com/browse/related)
- 补充信息：generalizations: slot | domain: everypromotedthing | range: everypromotedthing",1,qwen-max-0125,0.0,8192,https://api2.aigcbest.top/v1,"判断结果：正确  
解释：根据背景知识，agentcreated 是 relatedto 的具体化（generalizations: relatedto），符合 RDFS 中 subPropertyOf 的语义规则，因此公理合理。",1,1,
sample_0062,subPropertyOf,itemusedatlocation ⊑p atlocation,"背景知识：
条目1：
- 名称：itemusedatlocation
- 类型：Unknown
- 简介：an item used in a specific place
- 补充信息：generalizations: atlocation | domain: item | range: location

条目2：
- 名称：atlocation
- 类型：Unknown
- 简介：assigns locations to things.
- 补充信息：generalizations: relatedto | domain: everypromotedthing | range: location",1,qwen-max-0125,0.0,8192,https://api2.aigcbest.top/v1,"判断结果：正确  
解释：根据背景知识，itemusedatlocation 是 atlocation 的具体化（generalizations: atlocation），符合 RDFS 中 subPropertyOf 的语义规则，因此公理合理。",1,1,
sample_0063,subPropertyOf,bombingvictim ⊑p relatedto,"背景知识：
条目1：
- 名称：bombingvictim
- 类型：Class
- 简介：bombingvictim is a class in the NELL knowledge base.
- 补充信息：generalizations: relatedto | domain: bombingevent | range: person

条目2：
- 名称：relatedto
- 类型：Class
- 简介：{%%s is somehow %s %%s, related to}
- 补充信息：generalizations: slot | domain: everypromotedthing | range: everypromotedthing",1,qwen-max-0125,0.0,8192,https://api2.aigcbest.top/v1,"判断结果：正确  
解释：根据背景知识，bombingvictim 是 relatedto 的具体化实例，且 relatedto 的定义支持其作为更广泛的类包含 bombingvictim，符合 subClassOf 的语义规则。",1,1,
sample_0064,subPropertyOf,inverseofautomobilemakerchiefexecutiveceo ⊑p ceoof,"背景知识：
条目1：
- 名称：inverseofautomobilemakerchiefexecutiveceo
- 类型：Class
- 简介：inverseofautomobilemakerchiefexecutiveceo is a class in the NELL knowledge base.
- 补充信息：generalizations: ceoof | domain: ceo | range: automobilemaker

条目2：
- 名称：ceoof
- 类型：Class
- 简介：{%%s is the %s %%s, CEO of}
- 补充信息：generalizations: topmemberoforganization | domain: ceo | range: company",1,qwen-max-0125,0.0,8192,https://api2.aigcbest.top/v1,"判断结果：错误  
解释：根据背景知识，inverseofautomobilemakerchiefexecutiveceo 和 ceoof 是两个不同的类，且无任何包含关系的描述，因此该公理违反了 RDFS 的 subClassOf 语义规则。",0,0,
sample_0065,subPropertyOf,sportusesstadium ⊑p relatedto,"背景知识：
条目1：
- 名称：sportusesstadium
- 类型：Class
- 简介：{%%s is a sport %s the venue %%s, played in}
- 补充信息：generalizations: relatedto | domain: sport | range: stadiumoreventvenue

条目2：
- 名称：relatedto
- 类型：Class
- 简介：{%%s is somehow %s %%s, related to}
- 补充信息：generalizations: slot | domain: everypromotedthing | range: everypromotedthing",1,qwen-max-0125,0.0,8192,https://api2.aigcbest.top/v1,"判断结果：正确  
解释：根据背景知识，sportusesstadium 是 relatedto 的特化（generalizations: relatedto），符合 RDFS 中 subClassOf 的语义规则，表示类之间的包含关系。",1,1,
sample_0066,subPropertyOf,bookwriter ⊑p creativeworkcontributedtobyagent,"背景知识：
条目1：
- 名称：bookwriter
- 类型：Unknown
- 简介：author of a book
- 补充信息：generalizations: creativeworkcontributedtobyagent | domain: book | range: writer

条目2：
- 名称：creativeworkcontributedtobyagent
- 类型：Unknown
- 简介：Specifies that a particular agent contributed to the production or creation of a particular creativeWork. An actor in a movie contributes to that movie, but agentCreated would probably be to strong an assertion for that.
- 补充信息：generalizations: relatedto | domain: creativework | range: agent",1,qwen-max-0125,0.0,8192,https://api2.aigcbest.top/v1,"判断结果：正确  
解释：根据背景知识，bookwriter的generalizations包含creativeworkcontributedtobyagent，且两者的语义关系一致，符合RDFS中subClassOf的语义规则。",1,1,
sample_0067,subPropertyOf,mammaleatsinsect ⊑p animalthatfeedoninsect,"背景知识：
条目1：
- 名称：mammaleatsinsect
- 类型：Class
- 简介：{%%s %s %%s, is related to}
- 补充信息：generalizations: animalthatfeedoninsect | domain: mammal | range: insect

条目2：
- 名称：animalthatfeedoninsect
- 类型：Class
- 简介：{%%s %s %%s, feeds on}
- 补充信息：generalizations: animalpreyson | domain: animal | range: insect",1,qwen-max-0125,0.0,8192,https://api2.aigcbest.top/v1,"判断结果：正确  
解释：根据背景知识，mammaleatsinsect 是 animalthatfeedoninsect 的具体化（generalizations: animalthatfeedoninsect），符合 RDFS 中 subClassOf 的语义规则，即子类的所有实例也是父类的实例。",1,1,
sample_0068,subPropertyOf,companyalsoknownas ⊑p organizationalsoknownas,"背景知识：
条目1：
- 名称：companyalsoknownas
- 类型：Class
- 简介：{%%s is a company %s %%s, also known as}
- 补充信息：generalizations: organizationalsoknownas | domain: company | range: company

条目2：
- 名称：organizationalsoknownas
- 类型：Class
- 简介：{%%s is an organization %s %%s, also known as}
- 补充信息：generalizations: synonymfor | domain: organization | range: organization",1,qwen-max-0125,0.0,8192,https://api2.aigcbest.top/v1,"判断结果：正确  
解释：根据背景知识，companyalsoknownas 是 organizationalsoknownas 的特化（generalizations: organizationalsoknownas），符合 RDFS 中 subClassOf 的语义规则。",1,1,
sample_0069,subPropertyOf,inverseofpersongraduatedfromuniversity ⊑p schoolgraduatedperson,"背景知识：
条目1：
- 名称：inverseofpersongraduatedfromuniversity
- 类型：Class
- 简介：inverseofpersongraduatedfromuniversity is a class in the NELL knowledge base.
- 补充信息：generalizations: schoolgraduatedperson | domain: university | range: person

条目2：
- 名称：schoolgraduatedperson
- 类型：Class
- 简介：schoolgraduatedperson is a class in the NELL knowledge base.
- 补充信息：generalizations: schoolattendedbyperson | domain: school | range: person",1,qwen-max-0125,0.0,8192,https://api2.aigcbest.top/v1,"判断结果：正确  
解释：根据背景知识，inverseofpersongraduatedfromuniversity 是 schoolgraduatedperson 的子类，符合 subClassOf 的语义规则，因此该公理合理。",1,1,
sample_0070,subPropertyOf,mlauthorofsoftware ⊑p agentcreated,"背景知识：
条目1：
- 名称：mlauthorofsoftware
- 类型：Class
- 简介：{%%s is a machine-learning author who %s the software %%s, wrote}
- 补充信息：generalizations: agentcreated, agentinvolvedwithitem | domain: mlauthor | range: mlsoftware

条目2：
- 名称：agentcreated
- 类型：Class
- 简介：{%%s %s %%s, created}
- 补充信息：generalizations: relatedto | domain: agent | range: everypromotedthing",1,qwen-max-0125,0.0,8192,https://api2.aigcbest.top/v1,"判断结果：正确  
解释：根据背景知识，mlauthorofsoftware 是 agentcreated 的具体化（generalizations: agentcreated），符合 RDFS 中 subClassOf 的语义规则，因此公理合理。",1,1,
sample_0071,subPropertyOf,inverseofplantgrowinginplant ⊑p relatedto,"背景知识：
条目1：
- 名称：inverseofplantgrowinginplant
- 类型：Class
- 简介：inverseofplantgrowinginplant is a class in the NELL knowledge base.
- 补充信息：generalizations: relatedto | domain: plant | range: plant

条目2：
- 名称：relatedto
- 类型：Class
- 简介：{%%s is somehow %s %%s, related to}
- 补充信息：generalizations: slot | domain: everypromotedthing | range: everypromotedthing",1,qwen-max-0125,0.0,8192,https://api2.aigcbest.top/v1,"判断结果：正确  
解释：根据背景知识，inverseofplantgrowinginplant 是 relatedto 的具体化（generalizations: relatedto），符合 RDFS 中 subClassOf 的语义规则，即子类是父类的特例。",1,1,
sample_0072,subPropertyOf,cityaquariums ⊑p cityattractions,"背景知识：
条目1：
- 名称：cityaquariums
- 类型：Unknown
- 简介：The city an aquarium is located in.
- 补充信息：generalizations: cityattractions | domain: city | range: aquarium

条目2：
- 名称：cityattractions
- 类型：Unknown
- 简介：The city that an attraction is located in
- 补充信息：generalizations: locationcontainslocation | domain: city | range: attraction",1,qwen-max-0125,0.0,8192,https://api2.aigcbest.top/v1,"判断结果：正确  
解释：根据背景知识，cityaquariums 是 cityattractions 的特例（generalizations: cityattractions），符合 RDFS 中 subClassOf 的语义规则，因此公理合理。",1,1,
sample_0073,subPropertyOf,inverseofcriminalssuchascriminals ⊑p specializationof,"背景知识：
条目1：
- 名称：inverseofcriminalssuchascriminals
- 类型：Unknown
- 简介：Describes the criminals types that are generalizations of specific criminals
- 补充信息：generalizations: specializationof | domain: criminal | range: criminal

条目2：
- 名称：specializationof
- 类型：Unknown
- 简介：one thing is a more specific kind of another thing
- 补充信息：generalizations: relatedto | domain: everypromotedthing | range: everypromotedthing",1,qwen-max-0125,0.0,8192,https://api2.aigcbest.top/v1,"判断结果：错误  
解释：根据背景知识，inverseofcriminalssuchascriminals 的补充信息中并未表明其与 specializationof 存在 subClassOf 关系，且其语义描述不符合 RDFS 的 subClassOf 推理规则。",0,0,
sample_0074,subPropertyOf,inverseofattractionmadeofbuildingmaterial ⊑p relatedto,"背景知识：
条目1：
- 名称：inverseofattractionmadeofbuildingmaterial
- 类型：Class
- 简介：inverseofattractionmadeofbuildingmaterial is a class in the NELL knowledge base.
- 补充信息：generalizations: relatedto | domain: buildingmaterial | range: attraction

条目2：
- 名称：relatedto
- 类型：Class
- 简介：{%%s is somehow %s %%s, related to}
- 补充信息：generalizations: slot | domain: everypromotedthing | range: everypromotedthing",1,qwen-max-0125,0.0,8192,https://api2.aigcbest.top/v1,"判断结果：正确  
解释：根据背景知识，inverseofattractionmadeofbuildingmaterial 是 relatedto 的子类，符合 RDFS 中 subClassOf 的语义规则，表示类之间的包含关系。",1,1,
sample_0075,subPropertyOf,numberofarrestedinbombing ⊑p relatedto,"背景知识：
条目1：
- 名称：numberofarrestedinbombing
- 类型：Unknown
- 简介：{%%s is the number of %s the event %%s, arrested in}
- 补充信息：generalizations: relatedto | domain: nonneginteger | range: bombingevent

条目2：
- 名称：relatedto
- 类型：Unknown
- 简介：associated; connected (http://dictionary.reference.com/browse/related)
- 补充信息：generalizations: slot | domain: everypromotedthing | range: everypromotedthing",1,qwen-max-0125,0.0,8192,https://api2.aigcbest.top/v1,"判断结果：正确  
解释：根据背景知识，numberofarrestedinbombing 是 relatedto 的具体化，且两者均符合 RDFS 中 subPropertyOf 的语义规则，因此该公理合理。",1,1,
sample_0076,subPropertyOf,mlsoftwareauthor ⊑p createdbyagent,"背景知识：
条目1：
- 名称：mlsoftwareauthor
- 类型：Class
- 简介：mlsoftwareauthor is a class in the NELL knowledge base.
- 补充信息：generalizations: iteminvolvedwithagent, createdbyagent | domain: mlsoftware | range: mlauthor

条目2：
- 名称：createdbyagent
- 类型：Class
- 简介：createdbyagent is a class in the NELL knowledge base.
- 补充信息：generalizations: relatedto | domain: everypromotedthing | range: agent",1,qwen-max-0125,0.0,8192,https://api2.aigcbest.top/v1,"判断结果：正确  
解释：根据背景知识，mlsoftwareauthor 是 createdbyagent 的具体化（generalizations: createdbyagent），符合 RDFS 中 subClassOf 的语义规则，即子类是父类的特例。",1,1,
sample_0077,subPropertyOf,stateorprovinceisborderedbystateorprovince ⊑p relatedto,"背景知识：
条目1：
- 名称：stateorprovinceisborderedbystateorprovince
- 类型：Unknown
- 简介：Describes the states that borders a state
- 补充信息：generalizations: relatedto | domain: stateorprovince | range: stateorprovince

条目2：
- 名称：relatedto
- 类型：Unknown
- 简介：associated; connected (http://dictionary.reference.com/browse/related)
- 补充信息：generalizations: slot | domain: everypromotedthing | range: everypromotedthing",1,qwen-max-0125,0.0,8192,https://api2.aigcbest.top/v1,"判断结果：正确  
解释：根据背景知识，stateorprovinceisborderedbystateorprovince 是 relatedto 的具体化，且两者的域和范围一致，符合 RDFS 中 subPropertyOf 的语义规则。",1,1,
sample_0078,subPropertyOf,buildingbelongstoorganization ⊑p locationactedinbyorganization,"背景知识：
条目1：
- 名称：buildingbelongstoorganization
- 类型：Class
- 简介：{%%s %s %%s, is a building belonging to}
- 补充信息：generalizations: locationactedinbyorganization | domain: building | range: organization

条目2：
- 名称：locationactedinbyorganization
- 类型：Class
- 简介：locationactedinbyorganization is a class in the NELL knowledge base.
- 补充信息：generalizations: locationactedinbyagent | domain: location | range: organization",1,qwen-max-0125,0.0,8192,https://api2.aigcbest.top/v1,"判断结果：正确  
解释：根据背景知识，buildingbelongstoorganization 是 locationactedinbyorganization 的具体化（generalizations关系），符合RDFS中subClassOf的语义规则。",1,1,
sample_0079,subPropertyOf,synonymfor ⊑p mutualproxyfor,"背景知识：
条目1：
- 名称：synonymfor
- 类型：Unknown
- 简介：Two strings are synonyms if both of them frequently refer to the same real-world concept in text.
- 补充信息：generalizations: mutualproxyfor | domain: everypromotedthing | range: everypromotedthing

条目2：
- 名称：mutualproxyfor
- 类型：Unknown
- 简介：two things can be taken to refer to each other equally
- 补充信息：generalizations: relatedto | domain: everypromotedthing | range: everypromotedthing",1,qwen-max-0125,0.0,8192,https://api2.aigcbest.top/v1,"判断结果：正确  
解释：根据背景知识，synonymfor 是 mutualproxyfor 的具体化（generalizations: mutualproxyfor），符合 RDFS 中 subPropertyOf 的语义规则，即 synonymfor 的所有实例关系也属于 mutualproxyfor。",1,1,
sample_0080,subPropertyOf,subfieldofacademicfield ⊑p subpartof,"背景知识：
条目1：
- 名称：subfieldofacademicfield
- 类型：Unknown
- 简介：Subfields within a given academic field
- 补充信息：generalizations: subpartof, subjectconcernedbyacademicfield | domain: academicfield | range: academicfield

条目2：
- 名称：subpartof
- 类型：Unknown
- 简介：a portion or division of a whole that is separate or distinct; piece, fragment, fraction, or section; constituent (http://dictionary.reference.com/browse/part)
- 补充信息：generalizations: relatedto | domain: everypromotedthing | range: everypromotedthing",1,qwen-max-0125,0.0,8192,https://api2.aigcbest.top/v1,"判断结果：正确  
解释：根据背景知识，subfieldofacademicfield 是 subpartof 的具体化，且两者的域和范围均兼容，符合 RDFS 中 subPropertyOf 的语义规则。",1,1,
sample_0081,subPropertyOf,organizationleadbyperson ⊑p organizationleadbyagent,"背景知识：
条目1：
- 名称：organizationleadbyperson
- 类型：Class
- 简介：organizationleadbyperson is a class in the NELL knowledge base.
- 补充信息：generalizations: organizationleadbyagent | domain: organization | range: person

条目2：
- 名称：organizationleadbyagent
- 类型：Class
- 简介：organizationleadbyagent is a class in the NELL knowledge base.
- 补充信息：generalizations: controlledbyagent, organizationrepresentedbyagent | domain: organization | range: humanagent",1,qwen-max-0125,0.0,8192,https://api2.aigcbest.top/v1,"判断结果：正确  
解释：根据背景知识，organizationleadbyperson 是 organizationleadbyagent 的具体化（generalizations: organizationleadbyagent），符合 RDFS 中 subClassOf 的语义规则。",1,1,
sample_0082,subPropertyOf,skyscrapercontainsrestaurant ⊑p locationcontainslocation,"背景知识：
条目1：
- 名称：skyscrapercontainsrestaurant
- 类型：Class
- 简介：skyscrapercontainsrestaurant is a class in the NELL knowledge base.
- 补充信息：generalizations: locationcontainslocation | domain: skyscraper | range: restaurant

条目2：
- 名称：locationcontainslocation
- 类型：Class
- 简介：locationcontainslocation is a class in the NELL knowledge base.
- 补充信息：generalizations: superpartof, locatedat | domain: location | range: location",1,qwen-max-0125,0.0,8192,https://api2.aigcbest.top/v1,"判断结果：正确  
解释：根据背景知识，skyscrapercontainsrestaurant 是 locationcontainslocation 的特化（generalizations: locationcontainslocation），符合 RDFS 中 subClassOf 的语义规则。",1,1,
sample_0083,subPropertyOf,politicalgroupofpolitician ⊑p organizationhasperson,"背景知识：
条目1：
- 名称：politicalgroupofpolitician
- 类型：Unknown
- 简介：Specifies that a particular politician belongs to a particular
- 补充信息：generalizations: organizationhasperson | domain: politicsgroup | range: politician

条目2：
- 名称：organizationhasperson
- 类型：Unknown
- 简介：organization or company that person is belonged to
- 补充信息：generalizations: organizationhasagent | domain: organization | range: person",1,qwen-max-0125,0.0,8192,https://api2.aigcbest.top/v1,"判断结果：正确  
解释：根据背景知识，politicalgroupofpolitician 是 organizationhasperson 的特例，且两者的域和范围语义一致，符合 subPropertyOf 的语义规则。",1,1,
sample_0084,subPropertyOf,inverseofanimalssuchasmammals ⊑p specializationof,"背景知识：
条目1：
- 名称：inverseofanimalssuchasmammals
- 类型：Unknown
- 简介：Describes the animal types that are generalizations of mammals
- 补充信息：generalizations: specializationof | domain: mammal | range: animal

条目2：
- 名称：specializationof
- 类型：Unknown
- 简介：one thing is a more specific kind of another thing
- 补充信息：generalizations: relatedto | domain: everypromotedthing | range: everypromotedthing",1,qwen-max-0125,0.0,8192,https://api2.aigcbest.top/v1,"判断结果：错误  
解释：根据背景知识，inverseofanimalssuchasmammals的补充信息中并未表明其为specializationof的子类，且其语义描述与specializationof的定义不匹配。",0,0,
sample_0085,subPropertyOf,statehaslake ⊑p locationcontainslocation,"背景知识：
条目1：
- 名称：statehaslake
- 类型：Class
- 简介：statehaslake is a class in the NELL knowledge base.
- 补充信息：generalizations: locationcontainslocation | domain: stateorprovince | range: lake

条目2：
- 名称：locationcontainslocation
- 类型：Class
- 简介：locationcontainslocation is a class in the NELL knowledge base.
- 补充信息：generalizations: superpartof, locatedat | domain: location | range: location",1,qwen-max-0125,0.0,8192,https://api2.aigcbest.top/v1,"判断结果：正确  
解释：根据背景知识，statehaslake 是 locationcontainslocation 的子类（generalizations: locationcontainslocation），符合 RDFS 中 subClassOf 的语义规则。",1,1,
sample_0086,subPropertyOf,inverseofmammalsuchasmammal ⊑p specializationof,"背景知识：
条目1：
- 名称：inverseofmammalsuchasmammal
- 类型：Class
- 简介：inverseofmammalsuchasmammal is a class in the NELL knowledge base.
- 补充信息：generalizations: specializationof | domain: mammal | range: mammal

条目2：
- 名称：specializationof
- 类型：Class
- 简介：{%%s is a %s %%s, kind of}
- 补充信息：generalizations: relatedto | domain: everypromotedthing | range: everypromotedthing",1,qwen-max-0125,0.0,8192,https://api2.aigcbest.top/v1,"判断结果：错误  
解释：根据背景知识，inverseofmammalsuchasmammal 是一个类，而 specializationof 也是一个类，RDFS 中的 subClassOf 关系应仅适用于类之间的包含关系，但背景知识未表明 inverseofmammalsuchasmammal 是 specializationof 的子类。",0,0,
sample_0087,subPropertyOf,dateatwhichexistslocation ⊑p dateof,"背景知识：
条目1：
- 名称：dateatwhichexistslocation
- 类型：Unknown
- 简介：Most general location-to-date relation. Note that locations are not eternal.
- 补充信息：generalizations: dateof | domain: date | range: location

条目2：
- 名称：dateof
- 类型：Unknown
- 简介：assigns dates to things.
- 补充信息：generalizations: relatedto | domain: date | range: everypromotedthing",1,qwen-max-0125,0.0,8192,https://api2.aigcbest.top/v1,"判断结果：正确  
解释：根据背景知识，dateatwhichexistslocation 是 dateof 的 generalization，符合 RDFS 中 subPropertyOf 的语义规则，因此该公理合理。",1,1,
sample_0088,subPropertyOf,citysportsteams ⊑p proxyfor,"背景知识：
条目1：
- 名称：citysportsteams
- 类型：Class
- 简介：citysportsteams is a class in the NELL knowledge base.
- 补充信息：generalizations: proxyfor, locationactedinbyorganization | domain: city | range: sportsteam

条目2：
- 名称：proxyfor
- 类型：Class
- 简介：{%%s is a %s for %%s, proxy}
- 补充信息：generalizations: mutualproxyfor | domain: everypromotedthing | range: everypromotedthing",1,qwen-max-0125,0.0,8192,https://api2.aigcbest.top/v1,"判断结果：正确  
解释：根据背景知识，citysportsteams 是 proxyfor 的泛化类之一，符合 RDFS 中 subClassOf 的语义规则，因此该公理合理。",1,1,
sample_0089,subPropertyOf,museumincity ⊑p buildinglocatedincity,"背景知识：
条目1：
- 名称：museumincity
- 类型：Unknown
- 简介：The city that a museum is located in
- 补充信息：generalizations: buildinglocatedincity, attractionofcity | domain: museum | range: city

条目2：
- 名称：buildinglocatedincity
- 类型：Unknown
- 简介：specifies that a particular building is located in a particular city
- 补充信息：generalizations: locationlocatedwithinlocation | domain: building | range: city",1,qwen-max-0125,0.0,8192,https://api2.aigcbest.top/v1,"判断结果：正确  
解释：根据背景知识，museumincity 是 buildinglocatedincity 的泛化关系，且两者的域和范围一致，符合 RDFS 的 subPropertyOf 语义规则。",1,1,
sample_0090,subPropertyOf,cityhasstreet ⊑p locationcontainslocation,"背景知识：
条目1：
- 名称：cityhasstreet
- 类型：Unknown
- 简介：this street is at least partly inside this city
- 补充信息：generalizations: locationcontainslocation | domain: city | range: street

条目2：
- 名称：locationcontainslocation
- 类型：Unknown
- 简介：a location that is a subpart of another location
- 补充信息：generalizations: superpartof, locatedat | domain: location | range: location",1,qwen-max-0125,0.0,8192,https://api2.aigcbest.top/v1,"判断结果：正确  
解释：根据背景知识，cityhasstreet 是 locationcontainslocation 的具体化，且两者的语义关系和约束一致，符合 subPropertyOf 的语义规则。",1,1,
sample_0091,subPropertyOf,languageschoolincity ⊑p relatedto,"背景知识：
条目1：
- 名称：languageschoolincity
- 类型：Class
- 简介：{%%s is a language %s the city %%s, taught in language schools in}
- 补充信息：generalizations: relatedto | domain: language | range: city

条目2：
- 名称：relatedto
- 类型：Class
- 简介：{%%s is somehow %s %%s, related to}
- 补充信息：generalizations: slot | domain: everypromotedthing | range: everypromotedthing",1,qwen-max-0125,0.0,8192,https://api2.aigcbest.top/v1,"判断结果：正确  
解释：根据背景知识，languageschoolincity 是 relatedto 的具体化，且二者均为类，符合 subClassOf 的语义规则。",1,1,
sample_0092,subPropertyOf,istallerthan ⊑p relatedto,"背景知识：
条目1：
- 名称：istallerthan
- 类型：Class
- 简介：{%%s is %s %%s, taller than}
- 补充信息：generalizations: relatedto | domain: everypromotedthing | range: everypromotedthing

条目2：
- 名称：relatedto
- 类型：Class
- 简介：{%%s is somehow %s %%s, related to}
- 补充信息：generalizations: slot | domain: everypromotedthing | range: everypromotedthing",1,qwen-max-0125,0.0,8192,https://api2.aigcbest.top/v1,"判断结果：正确  
解释：根据背景知识，istallerthan 是 relatedto 的特化（generalizations: relatedto），符合 RDFS 中 subClassOf 的语义规则，因此公理 istallerthan ⊑p relatedto 是合理的。",1,1,
sample_0093,subPropertyOf,victiminroadaccident ⊑p relatedto,"背景知识：
条目1：
- 名称：victiminroadaccident
- 类型：Unknown
- 简介：{%%s was a %s the event %%s, victim in}
- 补充信息：generalizations: relatedto | domain: person | range: roadaccidentevent

条目2：
- 名称：relatedto
- 类型：Unknown
- 简介：associated; connected (http://dictionary.reference.com/browse/related)
- 补充信息：generalizations: slot | domain: everypromotedthing | range: everypromotedthing",1,qwen-max-0125,0.0,8192,https://api2.aigcbest.top/v1,"判断结果：正确  
解释：根据背景知识，victiminroadaccident 的 generalizations 包含 relatedto，符合 RDFS 中 subPropertyOf (⊑p) 的语义规则，即子属性的语义应被父属性包含。",1,1,
sample_0094,subPropertyOf,countryofpersondeath ⊑p locationofpersondeath,"背景知识：
条目1：
- 名称：countryofpersondeath
- 类型：Class
- 简介：countryofpersondeath is a class in the NELL knowledge base.
- 补充信息：generalizations: locationofpersondeath | domain: country | range: person

条目2：
- 名称：locationofpersondeath
- 类型：Class
- 简介：locationofpersondeath is a class in the NELL knowledge base.
- 补充信息：generalizations: locationactedinbyagent | domain: location | range: person",1,qwen-max-0125,0.0,8192,https://api2.aigcbest.top/v1,"判断结果：正确  
解释：根据背景知识，countryofpersondeath 是 locationofpersondeath 的具体化（generalizations: locationofpersondeath），符合 RDFS 中 subClassOf 的语义规则，表示类之间的包含关系。",1,1,
sample_0095,subPropertyOf,actorofprotest ⊑p relatedto,"背景知识：
条目1：
- 名称：actorofprotest
- 类型：Unknown
- 简介：{%%s is the %s the event %%s, actor in}
- 补充信息：generalizations: relatedto | domain: person | range: protestevent

条目2：
- 名称：relatedto
- 类型：Unknown
- 简介：associated; connected (http://dictionary.reference.com/browse/related)
- 补充信息：generalizations: slot | domain: everypromotedthing | range: everypromotedthing",1,qwen-max-0125,0.0,8192,https://api2.aigcbest.top/v1,"判断结果：正确  
解释：根据背景知识，actorofprotest 是 relatedto 的特化（generalizations: relatedto），符合 RDFS 中 subPropertyOf 的语义规则，因此公理合理。",1,1,
sample_0096,subPropertyOf,organizationalsoknownas ⊑p synonymfor,"背景知识：
条目1：
- 名称：organizationalsoknownas
- 类型：Unknown
- 简介：this is another name for this organization
- 补充信息：generalizations: synonymfor | domain: organization | range: organization

条目2：
- 名称：synonymfor
- 类型：Unknown
- 简介：Two strings are synonyms if both of them frequently refer to the same real-world concept in text.
- 补充信息：generalizations: mutualproxyfor | domain: everypromotedthing | range: everypromotedthing",1,qwen-max-0125,0.0,8192,https://api2.aigcbest.top/v1,"判断结果：正确  
解释：根据背景知识，organizationalsoknownas 是 synonymfor 的具体化，且两者的语义和约束一致，符合 RDFS 的 subPropertyOf 语义规则。",1,1,
sample_0097,subPropertyOf,citylocatedingeopoliticallocation ⊑p locationlocatedwithinlocation,"背景知识：
条目1：
- 名称：citylocatedingeopoliticallocation
- 类型：Unknown
- 简介：specifies that a particular city is located in a particular geopolitical location
- 补充信息：generalizations: locationlocatedwithinlocation | domain: city | range: geopoliticallocation

条目2：
- 名称：locationlocatedwithinlocation
- 类型：Unknown
- 简介：a location that is a subpart of another location
- 补充信息：generalizations: subpartof, atlocation | domain: location | range: location",1,qwen-max-0125,0.0,8192,https://api2.aigcbest.top/v1,"判断结果：正确  
解释：根据背景知识，citylocatedingeopoliticallocation 是 locationlocatedwithinlocation 的特化（generalizations 关系），符合 RDFS 中 subPropertyOf 的语义规则。",1,1,
sample_0098,subPropertyOf,agentworkedondrug ⊑p agentinvolvedwithitem,"背景知识：
条目1：
- 名称：agentworkedondrug
- 类型：Unknown
- 简介：This predicate relates a substance and a HumanAgent who is responsible for it. Responsibility is understoond relatively broadly, and includes people or organizations responsible for the substance's discovery or marketing and manufacturing.....
- 补充信息：generalizations: agentinvolvedwithitem | domain: humanagent | range: drug

条目2：
- 名称：agentinvolvedwithitem
- 类型：Unknown
- 简介：Most general agent-to-item relation. As with agentInteractsWithAgent, we'll use this for states of being as well as actions, at least for now.
- 补充信息：generalizations: relatedto | domain: agent | range: item",1,qwen-max-0125,0.0,8192,https://api2.aigcbest.top/v1,"判断结果：正确  
解释：根据背景知识，agentworkedondrug 是 agentinvolvedwithitem 的具体化，且二者在语义上具有包含关系，符合 RDFS 中 subPropertyOf 的语义规则。",1,1,
sample_0099,subPropertyOf,cityhostsattraction ⊑p cityattractions,"背景知识：
条目1：
- 名称：cityhostsattraction
- 类型：Unknown
- 简介：Attraction occurs in the city
- 补充信息：generalizations: cityattractions | domain: city | range: attraction

条目2：
- 名称：cityattractions
- 类型：Unknown
- 简介：The city that an attraction is located in
- 补充信息：generalizations: locationcontainslocation | domain: city | range: attraction",1,qwen-max-0125,0.0,8192,https://api2.aigcbest.top/v1,"判断结果：正确  
解释：根据背景知识，cityhostsattraction 是 cityattractions 的具体化（generalizations: cityattractions），符合 subPropertyOf 的语义规则，因此公理合理。",1,1,
sample_0100,subPropertyOf,roadaccidentinjured ⊑p relatedto,"背景知识：
条目1：
- 名称：roadaccidentinjured
- 类型：Unknown
- 简介：roadaccidentinjured is an entity in the NELL knowledge base.
- 补充信息：generalizations: relatedto | domain: roadaccidentevent | range: person

条目2：
- 名称：relatedto
- 类型：Unknown
- 简介：associated; connected (http://dictionary.reference.com/browse/related)
- 补充信息：generalizations: slot | domain: everypromotedthing | range: everypromotedthing",1,qwen-max-0125,0.0,8192,https://api2.aigcbest.top/v1,"判断结果：正确  
解释：根据背景知识，roadaccidentinjured 的 generalizations 包含 relatedto，符合 RDFS 中 subPropertyOf (⊑p) 的语义规则，表示 roadaccidentinjured 是 relatedto 的一种具体化关系。",1,1,
sample_0101,subPropertyOf,timeofprotest ⊑p relatedto,"背景知识：
条目1：
- 名称：timeofprotest
- 类型：Class
- 简介：{%%s is the %s the event %%s, time of}
- 补充信息：generalizations: relatedto | domain: time | range: protestevent

条目2：
- 名称：relatedto
- 类型：Class
- 简介：{%%s is somehow %s %%s, related to}
- 补充信息：generalizations: slot | domain: everypromotedthing | range: everypromotedthing",1,qwen-max-0125,0.0,8192,https://api2.aigcbest.top/v1,"判断结果：正确  
解释：根据背景知识，timeofprotest 是 relatedto 的具体化（generalizations: relatedto），符合 RDFS 中 subClassOf 的语义规则，因此公理合理。",1,1,
sample_0102,subPropertyOf,inverseofcountryisthehomeofsportsteam ⊑p agentrelatedtolocation,"背景知识：
条目1：
- 名称：inverseofcountryisthehomeofsportsteam
- 类型：Class
- 简介：inverseofcountryisthehomeofsportsteam is a class in the NELL knowledge base.
- 补充信息：generalizations: agentrelatedtolocation | domain: sportsteam | range: country

条目2：
- 名称：agentrelatedtolocation
- 类型：Class
- 简介：{%%s is an agent that has %s the location %%s, something to do with}
- 补充信息：generalizations: atlocation | domain: agent | range: location",1,qwen-max-0125,0.0,8192,https://api2.aigcbest.top/v1,"判断结果：正确  
解释：根据背景知识，inverseofcountryisthehomeofsportsteam 是 agentrelatedtolocation 的具体化，符合 subClassOf 的语义规则，即子类的所有实例也是父类的实例。",1,1,
sample_0103,subPropertyOf,invertebratehascolor ⊑p relatedto,"背景知识：
条目1：
- 名称：invertebratehascolor
- 类型：Class
- 简介：{%%s %s %%s, is related to}
- 补充信息：generalizations: relatedto | domain: invertebrate | range: color

条目2：
- 名称：relatedto
- 类型：Class
- 简介：{%%s is somehow %s %%s, related to}
- 补充信息：generalizations: slot | domain: everypromotedthing | range: everypromotedthing",1,qwen-max-0125,0.0,8192,https://api2.aigcbest.top/v1,"判断结果：正确  
解释：根据背景知识，invertebratehascolor 是 relatedto 的具体化（generalizations: relatedto），符合 RDFS 中 subPropertyOf 的语义规则，因此公理合理。",1,1,
sample_0104,subPropertyOf,locationofroadaccident ⊑p relatedto,"背景知识：
条目1：
- 名称：locationofroadaccident
- 类型：Unknown
- 简介：{%%s is the %s the event %%s, location of}
- 补充信息：generalizations: relatedto | domain: location | range: roadaccidentevent

条目2：
- 名称：relatedto
- 类型：Unknown
- 简介：associated; connected (http://dictionary.reference.com/browse/related)
- 补充信息：generalizations: slot | domain: everypromotedthing | range: everypromotedthing",1,qwen-max-0125,0.0,8192,https://api2.aigcbest.top/v1,"判断结果：正确  
解释：根据背景知识，locationofroadaccident 是 relatedto 的特化（generalizations: relatedto），符合 RDFS 中 subPropertyOf (⊑p) 的语义规则。",1,1,
sample_0105,subPropertyOf,productinstanceof ⊑p specializationof,"背景知识：
条目1：
- 名称：productinstanceof
- 类型：Unknown
- 简介：Specifies that a particular product is a particular kind of thing
- 补充信息：generalizations: specializationof | domain: product | range: item

条目2：
- 名称：specializationof
- 类型：Unknown
- 简介：one thing is a more specific kind of another thing
- 补充信息：generalizations: relatedto | domain: everypromotedthing | range: everypromotedthing",1,qwen-max-0125,0.0,8192,https://api2.aigcbest.top/v1,"判断结果：正确  
解释：根据背景知识，productinstanceof 的 generalizations 包含 specializationof，符合 RDFS 中 subPropertyOf 的语义规则，表示属性间的包含关系。",1,1,
sample_0106,subPropertyOf,agenthierarchicallyaboveagent ⊑p agentcollaborateswithagent,"背景知识：
条目1：
- 名称：agenthierarchicallyaboveagent
- 类型：Class
- 简介：{%%s is hierarchically %s %%s, above}
- 补充信息：generalizations: agentcontrols, agentcollaborateswithagent | domain: agent | range: agent

条目2：
- 名称：agentcollaborateswithagent
- 类型：Class
- 简介：{%%s %s with %%s, collaborates}
- 补充信息：generalizations: agentinteractswithagent | domain: agent | range: agent",1,qwen-max-0125,0.0,8192,https://api2.aigcbest.top/v1,"判断结果：错误  
解释：根据背景知识，agenthierarchicallyaboveagent 的 generalizations 包含 agentcontrols 和 agentcollaborateswithagent，而 agentcollaborateswithagent 是其直接子类，因此该公理违反了 RDFS 的 subClassOf 语义规则。",0,0,
sample_0107,subPropertyOf,animalssuchasmammals ⊑p generalizationof,"背景知识：
条目1：
- 名称：animalssuchasmammals
- 类型：Class
- 简介：{%%s %s %%s, is a generalization of}
- 补充信息：generalizations: generalizationof | domain: animal | range: mammal

条目2：
- 名称：generalizationof
- 类型：Class
- 简介：generalizationof is a class in the NELL knowledge base.
- 补充信息：generalizations: relatedto | domain: everypromotedthing | range: everypromotedthing",1,qwen-max-0125,0.0,8192,https://api2.aigcbest.top/v1,"判断结果：错误  
解释：根据背景知识，animalssuchasmammals 是一个类，而 generalizationof 也是一个类，RDFS 中的 ⊑p 应用于属性间的包含关系，而非类之间的关系，因此该公理语义不符。",0,0,
sample_0108,subPropertyOf,inverseofcoachcanspeaklanguage ⊑p relatedto,"背景知识：
条目1：
- 名称：inverseofcoachcanspeaklanguage
- 类型：Unknown
- 简介：Describes the languages that coaches might speak
- 补充信息：generalizations: relatedto | domain: language | range: coach

条目2：
- 名称：relatedto
- 类型：Unknown
- 简介：associated; connected (http://dictionary.reference.com/browse/related)
- 补充信息：generalizations: slot | domain: everypromotedthing | range: everypromotedthing",1,qwen-max-0125,0.0,8192,https://api2.aigcbest.top/v1,"判断结果：正确  
解释：根据背景知识，inverseofcoachcanspeaklanguage 是 relatedto 的具体化，且二者均符合 RDFS 中 subPropertyOf 的语义规则，因此该公理合理。",1,1,
sample_0109,subPropertyOf,inverseofattractionmadeofbuildingmaterial ⊑p relatedto,"背景知识：
条目1：
- 名称：inverseofattractionmadeofbuildingmaterial
- 类型：Unknown
- 简介：Describes the materials used to build attractions
- 补充信息：generalizations: relatedto | domain: buildingmaterial | range: attraction

条目2：
- 名称：relatedto
- 类型：Unknown
- 简介：associated; connected (http://dictionary.reference.com/browse/related)
- 补充信息：generalizations: slot | domain: everypromotedthing | range: everypromotedthing",1,qwen-max-0125,0.0,8192,https://api2.aigcbest.top/v1,"判断结果：正确  
解释：根据背景知识，inverseofattractionmadeofbuildingmaterial 是 relatedto 的具体化，且二者均符合 RDFS 中 subPropertyOf 的语义规则，因此该公理合理。",1,1,
sample_0110,subPropertyOf,hobbiessuchashobbies ⊑p generalizationof,"背景知识：
条目1：
- 名称：hobbiessuchashobbies
- 类型：Class
- 简介：{%%s %s %%s, is a generalization of}
- 补充信息：generalizations: generalizationof | domain: hobby | range: hobby

条目2：
- 名称：generalizationof
- 类型：Class
- 简介：generalizationof is a class in the NELL knowledge base.
- 补充信息：generalizations: relatedto | domain: everypromotedthing | range: everypromotedthing",1,qwen-max-0125,0.0,8192,https://api2.aigcbest.top/v1,"判断结果：错误  
解释：根据背景知识，hobbiessuchashobbies 是一个类，而 generalizationof 也是一个类，RDFS 中的 ⊑p 应用于属性之间的子属性关系，而非类之间，因此该公理语义上不成立。",0,0,
sample_0111,subPropertyOf,athleteflyouttosportsteamposition ⊑p relatedto,"背景知识：
条目1：
- 名称：athleteflyouttosportsteamposition
- 类型：Unknown
- 简介：{%%s is an athlete that %s position %%s, flied out to}
- 补充信息：generalizations: relatedto | domain: athlete | range: sportsteamposition

条目2：
- 名称：relatedto
- 类型：Unknown
- 简介：associated; connected (http://dictionary.reference.com/browse/related)
- 补充信息：generalizations: slot | domain: everypromotedthing | range: everypromotedthing",1,qwen-max-0125,0.0,8192,https://api2.aigcbest.top/v1,"判断结果：正确  
解释：根据背景知识，athleteflyouttosportsteamposition 的 generalizations 包含 relatedto，符合 RDFS 中 subPropertyOf 的语义规则，表示属性间的包含关系。",1,1,
sample_0112,subPropertyOf,sportsgamewinnerscore ⊑p relatedto,"背景知识：
条目1：
- 名称：sportsgamewinnerscore
- 类型：Unknown
- 简介：Specifies the score with which the winning team in a particular sportsGame lost.
- 补充信息：generalizations: relatedto | domain: sportsgame | range: nonneginteger

条目2：
- 名称：relatedto
- 类型：Unknown
- 简介：associated; connected (http://dictionary.reference.com/browse/related)
- 补充信息：generalizations: slot | domain: everypromotedthing | range: everypromotedthing",1,qwen-max-0125,0.0,8192,https://api2.aigcbest.top/v1,"判断结果：正确  
解释：根据背景知识，sportsgamewinnerscore 是 relatedto 的特化（generalizations: relatedto），符合 RDFS 中 subPropertyOf (⊑p) 的语义规则。",1,1,
sample_0113,subPropertyOf,agenthierarchicallyaboveagent ⊑p agentcontrols,"背景知识：
条目1：
- 名称：agenthierarchicallyaboveagent
- 类型：Class
- 简介：{%%s is hierarchically %s %%s, above}
- 补充信息：generalizations: agentcontrols, agentcollaborateswithagent | domain: agent | range: agent

条目2：
- 名称：agentcontrols
- 类型：Class
- 简介：{%%s %s %%s, controls}
- 补充信息：generalizations: relatedto | domain: agent | range: everypromotedthing",1,qwen-max-0125,0.0,8192,https://api2.aigcbest.top/v1,"判断结果：正确  
解释：根据背景知识，agenthierarchicallyaboveagent 是 agentcontrols 的泛化关系，符合 RDFS 中 subClassOf 的语义规则，表示前者是后者的子类。",1,1,
sample_0114,subPropertyOf,mlauthorofsoftware ⊑p agentinvolvedwithitem,"背景知识：
条目1：
- 名称：mlauthorofsoftware
- 类型：Unknown
- 简介：Specifies ML software that is written by a particular ML author
- 补充信息：generalizations: agentinvolvedwithitem, agentcreated | domain: mlauthor | range: mlsoftware

条目2：
- 名称：agentinvolvedwithitem
- 类型：Unknown
- 简介：Most general agent-to-item relation. As with agentInteractsWithAgent, we'll use this for states of being as well as actions, at least for now.
- 补充信息：generalizations: relatedto | domain: agent | range: item",1,qwen-max-0125,0.0,8192,https://api2.aigcbest.top/v1,"判断结果：正确  
解释：根据背景知识，mlauthorofsoftware 是 agentinvolvedwithitem 的具体化，且两者的语义关系和约束一致，符合 RDFS 的 subPropertyOf 语义规则。",1,1,
sample_0115,subPropertyOf,locationofevent ⊑p locatedat,"背景知识：
条目1：
- 名称：locationofevent
- 类型：Unknown
- 简介：the location that an event is happened at
- 补充信息：generalizations: locatedat | domain: location | range: event

条目2：
- 名称：locatedat
- 类型：Unknown
- 简介：assigns locations to things.
- 补充信息：generalizations: relatedto | domain: location | range: everypromotedthing",1,qwen-max-0125,0.0,8192,https://api2.aigcbest.top/v1,"判断结果：正确  
解释：根据背景知识，locationofevent 是 locatedat 的特化（generalizations: locatedat），符合 RDFS 中 subPropertyOf (⊑p) 的语义规则。",1,1,
sample_0116,subPropertyOf,inverseofprofessionactsatthesameareaofpoliticissue ⊑p relatedto,"背景知识：
条目1：
- 名称：inverseofprofessionactsatthesameareaofpoliticissue
- 类型：Class
- 简介：inverseofprofessionactsatthesameareaofpoliticissue is a class in the NELL knowledge base.
- 补充信息：generalizations: relatedto | domain: profession | range: politicsissue

条目2：
- 名称：relatedto
- 类型：Class
- 简介：{%%s is somehow %s %%s, related to}
- 补充信息：generalizations: slot | domain: everypromotedthing | range: everypromotedthing",1,qwen-max-0125,0.0,8192,https://api2.aigcbest.top/v1,"判断结果：正确  
解释：根据背景知识，inverseofprofessionactsatthesameareaofpoliticissue 是 relatedto 的子类，符合 RDFS 中 subClassOf 的语义规则，表示类之间的包含关系。",1,1,
sample_0117,subPropertyOf,animaleatfood ⊑p relatedto,"背景知识：
条目1：
- 名称：animaleatfood
- 类型：Unknown
- 简介：Describes the foods that are eaten by an animal
- 补充信息：generalizations: relatedto | domain: animal | range: food

条目2：
- 名称：relatedto
- 类型：Unknown
- 简介：associated; connected (http://dictionary.reference.com/browse/related)
- 补充信息：generalizations: slot | domain: everypromotedthing | range: everypromotedthing",1,qwen-max-0125,0.0,8192,https://api2.aigcbest.top/v1,"判断结果：正确  
解释：根据背景知识，animaleatfood 是 relatedto 的具体化，且两者的语义关系符合 subPropertyOf 的约束规则。",1,1,
sample_0118,subPropertyOf,coffeeservedbycafe ⊑p iteminvolvedwithagent,"背景知识：
条目1：
- 名称：coffeeservedbycafe
- 类型：Unknown
- 简介：coffeeservedbycafe is an entity in the NELL knowledge base.
- 补充信息：generalizations: iteminvolvedwithagent | domain: coffeedrink | range: caf_

条目2：
- 名称：iteminvolvedwithagent
- 类型：Unknown
- 简介：Most general agent-to-item relation. As with agentInteractsWithAgent, we'll use this for states of being as well as actions, at least for now.
- 补充信息：generalizations: relatedto | domain: item | range: agent",1,qwen-max-0125,0.0,8192,https://api2.aigcbest.top/v1,"判断结果：正确  
解释：根据背景知识，coffeeservedbycafe 是 iteminvolvedwithagent 的具体化实例，符合 RDFS 中 subPropertyOf 的语义规则，表示属性间的包含关系。",1,1,
sample_0119,subPropertyOf,magnitudeofearthquaque ⊑p relatedto,"背景知识：
条目1：
- 名称：magnitudeofearthquaque
- 类型：Unknown
- 简介：{%%s is the %s the event %%s, magnitude of}
- 补充信息：generalizations: relatedto | domain: everypromotedthing | range: earthquakeevent

条目2：
- 名称：relatedto
- 类型：Unknown
- 简介：associated; connected (http://dictionary.reference.com/browse/related)
- 补充信息：generalizations: slot | domain: everypromotedthing | range: everypromotedthing",1,qwen-max-0125,0.0,8192,https://api2.aigcbest.top/v1,"判断结果：正确  
解释：根据背景知识，magnitudeofearthquaque 是 relatedto 的具体化，且两者的 domain 和 range 均兼容，符合 subPropertyOf 的语义规则。",1,1,
sample_0120,subPropertyOf,museumincity ⊑p attractionofcity,"背景知识：
条目1：
- 名称：museumincity
- 类型：Class
- 简介：{%%s is a museum %s %%s, in the city}
- 补充信息：generalizations: attractionofcity, buildinglocatedincity | domain: museum | range: city

条目2：
- 名称：attractionofcity
- 类型：Class
- 简介：{%%s is a tourist attraction %s %%s, in the city}
- 补充信息：generalizations: locationlocatedwithinlocation | domain: attraction | range: city",1,qwen-max-0125,0.0,8192,https://api2.aigcbest.top/v1,"判断结果：正确  
解释：根据背景知识，museumincity 的 generalizations 包含 attractionofcity，表明 museumincity 是 attractionofcity 的子类，符合 RDFS 的 subClassOf 语义规则。",1,1,
sample_0121,domain,domain(athleteplayedforschool) = athlete,"背景知识：
条目1：
- 名称：athleteplayedforschool
- 类型：Unknown
- 简介：The school that an athlete used to play for its team
- 补充信息：generalizations: personbelongstoorganization | domain: athlete | range: school

条目2：
- 名称：athlete
- 类型：Unknown
- 简介：An athlete is a person who plays a sport competitively.
- 补充信息：generalizations: person",1,qwen-max-0125,0.0,8192,https://api2.aigcbest.top/v1,"判断结果：正确  
解释：根据背景知识，athleteplayedforschool的domain被明确指定为athlete，符合RDFS语义规则中对属性主体类别的约束定义。",1,1,
sample_0122,domain,domain(organizationrepresentedbyagent) = organization,"背景知识：
条目1：
- 名称：organizationrepresentedbyagent
- 类型：Unknown
- 简介：Specialization of proxyFor for agent-to-organization relations. populate=false only because presumed to be uninteresting
- 补充信息：generalizations: organizationhasagent, proxyof | domain: organization | range: humanagent

条目2：
- 名称：organization
- 类型：Unknown
- 简介：An organization is an organized body of members or people with a particular purpose; in the Freebase context, a organization doesn't have a business association, like a company. Companies have their own type in the business domain, located....
- 补充信息：generalizations: humanagent",1,qwen-max-0125,0.0,8192,https://api2.aigcbest.top/v1,"判断结果：正确  
解释：根据背景知识，organizationrepresentedbyagent 的 domain 被明确指定为 organization，符合 RDFS 中 domain 的语义规则，即属性的主体应属于指定类。",1,1,
sample_0123,domain,domain(cityattractions) = city,"背景知识：
条目1：
- 名称：cityattractions
- 类型：Class
- 简介：cityattractions is a class in the NELL knowledge base.
- 补充信息：generalizations: locationcontainslocation | domain: city | range: attraction

条目2：
- 名称：city
- 类型：Class
- 简介：{%%s is a %s, city}
- 补充信息：generalizations: geopoliticallocation, geopoliticalorganization, visualizablescene",1,qwen-max-0125,0.0,8192,https://api2.aigcbest.top/v1,"判断结果：正确  
解释：根据背景知识，cityattractions的domain被定义为city，符合RDFS语义规则中domain的约束，即属性的主体应属于指定类。",1,1,
sample_0124,domain,domain(musicgenressuchasmusicgenres) = musicgenre,"背景知识：
条目1：
- 名称：musicgenressuchasmusicgenres
- 类型：Unknown
- 简介：Describes the musicgenre types that are generalizations of specific musicgenres
- 补充信息：generalizations: generalizationof | domain: musicgenre | range: musicgenre

条目2：
- 名称：musicgenre
- 类型：Unknown
- 简介：A style or classification of music (FreeBase)
- 补充信息：generalizations: abstractthing",1,qwen-max-0125,0.0,8192,https://api2.aigcbest.top/v1,"判断结果：正确  
解释：根据背景知识，musicgenressuchasmusicgenres 的 domain 被定义为 musicgenre，符合 RDFS 中 domain 的语义规则，即属性的主体应属于指定类。",1,1,
sample_0125,domain,domain(inverseofathletesuchasathlete) = athlete,"背景知识：
条目1：
- 名称：inverseofathletesuchasathlete
- 类型：Unknown
- 简介：Describes the specific athlete types that are generalizations of athletes
- 补充信息：generalizations: specializationof | domain: athlete | range: athlete

条目2：
- 名称：athlete
- 类型：Unknown
- 简介：An athlete is a person who plays a sport competitively.
- 补充信息：generalizations: person",1,qwen-max-0125,0.0,8192,https://api2.aigcbest.top/v1,"判断结果：正确  
解释：根据背景知识，inverseofathletesuchasathlete 的 domain 被定义为 athlete，符合 RDFS 中 domain 的语义规则，即属性的主体应属于指定类。",1,1,
sample_0126,domain,domain(politicsbillsponsoredbypolitician) = politicsbill,"背景知识：
条目1：
- 名称：politicsbillsponsoredbypolitician
- 类型：Class
- 简介：{%%s is a legislative bill %s %%s, sponsored by}
- 补充信息：generalizations: relatedto | domain: politicsbill | range: politician

条目2：
- 名称：politicsbill
- 类型：Class
- 简介：{%%s is a %s, legislative bill}
- 补充信息：generalizations: abstractthing",1,qwen-max-0125,0.0,8192,https://api2.aigcbest.top/v1,"判断结果：正确  
解释：根据背景知识，politicsbillsponsoredbypolitician 的 domain 被定义为 politicsbill，符合 RDFS 中 domain 语义规则的约束，即属性的主体应属于指定类。",1,1,
sample_0127,domain,domain(inverseofanimalssuchasmammals) = mammal,"背景知识：
条目1：
- 名称：inverseofanimalssuchasmammals
- 类型：Unknown
- 简介：Describes the animal types that are generalizations of mammals
- 补充信息：generalizations: specializationof | domain: mammal | range: animal

条目2：
- 名称：mammal
- 类型：Unknown
- 简介：Mammals (formally Mammalia) are a class of vertebrate, air-breathing animals whose females are characterized by the possession of mammary glands while both males and females are characterized by hair and/or fur, three middle ear bones used....
- 补充信息：generalizations: vertebrate",1,qwen-max-0125,0.0,8192,https://api2.aigcbest.top/v1,"判断结果：正确  
解释：根据背景知识，inverseofanimalssuchasmammals 的 domain 被定义为 mammal，符合 RDFS 中 domain 的语义规则，即属性的主体应属于指定类。",1,1,
sample_0128,domain,domain(marriedinyear) = person,"背景知识：
条目1：
- 名称：marriedinyear
- 类型：Unknown
- 简介：This relation holds when a person married some other person in the specified year.
- 补充信息：generalizations: atdate | domain: person | range: year

条目2：
- 名称：person
- 类型：Unknown
- 简介：A person is a human being (man, woman or child) known to have actually existed. Living persons, celebrities and politicians are persons, as are deceased persons.
- 补充信息：generalizations: humanagent",1,qwen-max-0125,0.0,8192,https://api2.aigcbest.top/v1,"判断结果：正确  
解释：根据背景知识，marriedinyear 的 domain 被明确指定为 person，符合 RDFS 中 domain 的语义规则，即属性的主体应属于指定类。",1,1,
sample_0129,domain,domain(inverseofgrainusedtomakecandy) = candy,"背景知识：
条目1：
- 名称：inverseofgrainusedtomakecandy
- 类型：Class
- 简介：inverseofgrainusedtomakecandy is a class in the NELL knowledge base.
- 补充信息：generalizations: relatedto | domain: candy | range: grain

条目2：
- 名称：candy
- 类型：Class
- 简介：{%%s is a kind of %s, candy}
- 补充信息：generalizations: food",1,qwen-max-0125,0.0,8192,https://api2.aigcbest.top/v1,"判断结果：正确  
解释：根据背景知识，inverseofgrainusedtomakecandy的domain被定义为candy，符合RDFS语义规则中domain的约束定义。",1,1,
sample_0130,domain,domain(inverseofarthropodlooklikeinsect) = insect,"背景知识：
条目1：
- 名称：inverseofarthropodlooklikeinsect
- 类型：Unknown
- 简介：Describes the arthropod that look like specific insects
- 补充信息：generalizations: relatedto | domain: insect | range: arthropod

条目2：
- 名称：insect
- 类型：Unknown
- 简介：class within the arthropods that have a chitinous exoskeleton, a three-part body (head, thorax, and abdomen), three pairs of jointed legs, compound eyes, and two antennae
- 补充信息：generalizations: arthropod",1,qwen-max-0125,0.0,8192,https://api2.aigcbest.top/v1,"判断结果：正确  
解释：根据背景知识，inverseofarthropodlooklikeinsect 的 domain 被定义为 insect，符合 RDFS 中 domain 的语义规则，即属性的主体应属于指定类 insect。",1,1,
sample_0131,domain,domain(superpartof) = everypromotedthing,"背景知识：
条目1：
- 名称：superpartof
- 类型：Class
- 简介：superpartof is a class in the NELL knowledge base.
- 补充信息：generalizations: relatedto | domain: everypromotedthing | range: everypromotedthing

条目2：
- 名称：everypromotedthing
- 类型：Class
- 简介：{%%s is %s, something}",1,qwen-max-0125,0.0,8192,https://api2.aigcbest.top/v1,"判断结果：正确  
解释：根据背景知识，superpartof 的 domain 被定义为 everypromotedthing，符合 RDFS 中 domain 的语义规则，即属性的主体应属于指定类。",1,1,
sample_0132,domain,domain(personattendsschool) = person,"背景知识：
条目1：
- 名称：personattendsschool
- 类型：Unknown
- 简介：person has attended a school
- 补充信息：generalizations: personbelongstoorganization | domain: person | range: school

条目2：
- 名称：person
- 类型：Unknown
- 简介：A person is a human being (man, woman or child) known to have actually existed. Living persons, celebrities and politicians are persons, as are deceased persons.
- 补充信息：generalizations: humanagent",1,qwen-max-0125,0.0,8192,https://api2.aigcbest.top/v1,"判断结果：正确  
解释：根据背景知识，personattendsschool的domain被明确指定为person，符合RDFS语义规则中domain的定义，即属性的主体应属于指定类。",1,1,
sample_0133,domain,domain(athleteinjuredhisbodypart) = athlete,"背景知识：
条目1：
- 名称：athleteinjuredhisbodypart
- 类型：Unknown
- 简介：Describes the athletes that had injured any body part
- 补充信息：generalizations: relatedto | domain: athlete | range: bodypart

条目2：
- 名称：athlete
- 类型：Unknown
- 简介：An athlete is a person who plays a sport competitively.
- 补充信息：generalizations: person",1,qwen-max-0125,0.0,8192,https://api2.aigcbest.top/v1,"判断结果：正确  
解释：根据背景知识，athleteinjuredhisbodypart 的 domain 被定义为 athlete，这与公理一致，符合 RDFS 中 domain 的语义规则。",1,1,
sample_0134,domain,domain(locatedat) = location,"背景知识：
条目1：
- 名称：locatedat
- 类型：Class
- 简介：locatedat is a class in the NELL knowledge base.
- 补充信息：generalizations: relatedto | domain: location | range: everypromotedthing

条目2：
- 名称：location
- 类型：Class
- 简介：{%%s is a %s, location}
- 补充信息：generalizations: everypromotedthing",1,qwen-max-0125,0.0,8192,https://api2.aigcbest.top/v1,"判断结果：正确  
解释：根据背景知识，locatedat的domain被定义为location，且location是一个类，符合RDFS中domain语义规则的要求。",1,1,
sample_0135,domain,domain(topmemberoforganization) = person,"背景知识：
条目1：
- 名称：topmemberoforganization
- 类型：Class
- 简介：{%%s is a %s of %%s, top member}
- 补充信息：generalizations: worksfor, personleadsorganization | domain: person | range: company

条目2：
- 名称：person
- 类型：Class
- 简介：{%%s is a %s, person}
- 补充信息：generalizations: humanagent",1,qwen-max-0125,0.0,8192,https://api2.aigcbest.top/v1,"判断结果：正确  
解释：根据背景知识，topmemberoforganization的domain被定义为person，符合RDFS语义规则中domain的约束要求。",1,1,
sample_0136,domain,domain(organizationleadbyagent) = organization,"背景知识：
条目1：
- 名称：organizationleadbyagent
- 类型：Unknown
- 简介：General relation as with certain political positions, we have an agent that controls the thing that he works for
- 补充信息：generalizations: controlledbyagent, organizationrepresentedbyagent | domain: organization | range: humanagent

条目2：
- 名称：organization
- 类型：Unknown
- 简介：An organization is an organized body of members or people with a particular purpose; in the Freebase context, a organization doesn't have a business association, like a company. Companies have their own type in the business domain, located....
- 补充信息：generalizations: humanagent",1,qwen-max-0125,0.0,8192,https://api2.aigcbest.top/v1,"判断结果：正确  
解释：根据背景知识，organizationleadbyagent 的 domain 被明确指定为 organization，符合 RDFS 中 domain 的语义规则，即属性的主体应属于指定类。",1,1,
sample_0137,domain,domain(inverseofagriculturalproductincludingagriculturalproduct) = agriculturalproduct,"背景知识：
条目1：
- 名称：inverseofagriculturalproductincludingagriculturalproduct
- 类型：Unknown
- 简介：Describes the agricultural products that are generalizations of other agriculture products
- 补充信息：generalizations: specializationof | domain: agriculturalproduct | range: agriculturalproduct

条目2：
- 名称：agriculturalproduct
- 类型：Unknown
- 简介：a living thing (or something derived therefrom) which is specifically cultivated and produced to sustain or enrich life
- 补充信息：generalizations: item",1,qwen-max-0125,0.0,8192,https://api2.aigcbest.top/v1,"判断结果：正确  
解释：根据背景知识，inverseofagriculturalproductincludingagriculturalproduct 的 domain 被定义为 agriculturalproduct，与公理一致，符合 RDFS 的 domain 语义规则。",1,1,
sample_0138,domain,domain(airportincity) = airport,"背景知识：
条目1：
- 名称：airportincity
- 类型：Unknown
- 简介：The city an airport is located in.
- 补充信息：generalizations: buildinglocatedincity | domain: airport | range: city

条目2：
- 名称：airport
- 类型：Unknown
- 简介：A place where airplanes, helicopters, or other flying vehicles land and take off
- 补充信息：generalizations: building",1,qwen-max-0125,0.0,8192,https://api2.aigcbest.top/v1,"判断结果：正确  
解释：根据背景知识，airportincity 的 domain 被明确指定为 airport，符合 RDFS 中 domain 的语义规则，即属性的主体应属于指定类。",1,1,
sample_0139,domain,domain(earthquakehadepicenter) = earthquakeevent,"背景知识：
条目1：
- 名称：earthquakehadepicenter
- 类型：Unknown
- 简介：earthquakehadepicenter is an entity in the NELL knowledge base.
- 补充信息：generalizations: relatedto | domain: earthquakeevent | range: geolocatablething

条目2：
- 名称：earthquakeevent
- 类型：Unknown
- 简介：{%%s is a %s, earthquake event}
- 补充信息：generalizations: event",1,qwen-max-0125,0.0,8192,https://api2.aigcbest.top/v1,"判断结果：正确  
解释：根据背景知识，earthquakehadepicenter的domain被定义为earthquakeevent，符合RDFS语义规则中属性主体应属于特定类的约束。",1,1,
sample_0140,domain,domain(officeheldbypolitician) = politicaloffice,"背景知识：
条目1：
- 名称：officeheldbypolitician
- 类型：Unknown
- 简介：Specifies that a particular politician holds a particular office
- 补充信息：generalizations: relatedto | domain: politicaloffice | range: politician

条目2：
- 名称：politicaloffice
- 类型：Unknown
- 简介：This type is for the office, title, or position within a government. It includes both single-person offices (prime minister, emperor, mayor), titles of members of a governing body (representative, sentator, MP), and titles of additional pos...
- 补充信息：generalizations: abstractthing",1,qwen-max-0125,0.0,8192,https://api2.aigcbest.top/v1,"判断结果：正确  
解释：根据背景知识，officeheldbypolitician的domain被定义为politicaloffice，符合RDFS语义规则中属性主体应属于特定类的约束。",1,1,
sample_0141,domain,domain(loseringame) = sportsteam,"背景知识：
条目1：
- 名称：loseringame
- 类型：Unknown
- 简介：Specifies that a particular team that played in a particular sportsGame was the loser thereof.
- 补充信息：generalizations: teamingame | domain: sportsteam | range: sportsgame

条目2：
- 名称：sportsteam
- 类型：Unknown
- 简介：A sports team is a group of athletes who play a sport together competitively
- 补充信息：generalizations: organization, geolocatablething",1,qwen-max-0125,0.0,8192,https://api2.aigcbest.top/v1,"判断结果：正确  
解释：根据背景知识，loseringame的domain被定义为sportsteam，符合RDFS语义规则中属性主体应属于特定类的约束。",1,1,
sample_0142,domain,domain(numberofcasualtiesinroadaccident) = nonneginteger,"背景知识：
条目1：
- 名称：numberofcasualtiesinroadaccident
- 类型：Class
- 简介：{%%s is the number of people that %s the event %%s, died in}
- 补充信息：generalizations: relatedto | domain: nonneginteger | range: roadaccidentevent

条目2：
- 名称：nonneginteger
- 类型：Class
- 简介：{%%s is a %s, non-negative integer}
- 补充信息：generalizations: abstractthing",1,qwen-max-0125,0.0,8192,https://api2.aigcbest.top/v1,"判断结果：正确  
解释：根据背景知识，numberofcasualtiesinroadaccident 的 domain 被定义为 nonneginteger，符合 RDFS 中 domain 约束的语义规则，即属性的主体应属于指定类。",1,1,
sample_0143,domain,domain(leagueteams) = sportsleague,"背景知识：
条目1：
- 名称：leagueteams
- 类型：Unknown
- 简介：The league that a team plays in.
- 补充信息：generalizations: superpartoforganization | domain: sportsleague | range: sportsteam

条目2：
- 名称：sportsleague
- 类型：Unknown
- 简介：A sports league is an association of teams that compete with each other in a sport. Sports leagues include conferences and divisions of other sports leagues.
- 补充信息：generalizations: organization",1,qwen-max-0125,0.0,8192,https://api2.aigcbest.top/v1,"判断结果：正确  
解释：根据背景知识，leagueteams 的 domain 被明确指定为 sportsleague，符合 RDFS 中 domain 定义主体类的语义规则。",1,1,
sample_0144,domain,domain(organizationheadquarteredincountry) = organization,"背景知识：
条目1：
- 名称：organizationheadquarteredincountry
- 类型：Unknown
- 简介：The country where a given organization is headquartered
- 补充信息：generalizations: organizationactsinlocation | domain: organization | range: country

条目2：
- 名称：organization
- 类型：Unknown
- 简介：An organization is an organized body of members or people with a particular purpose; in the Freebase context, a organization doesn't have a business association, like a company. Companies have their own type in the business domain, located....
- 补充信息：generalizations: humanagent",1,qwen-max-0125,0.0,8192,https://api2.aigcbest.top/v1,"判断结果：正确  
解释：根据背景知识，organizationheadquarteredincountry 的 domain 被明确指定为 organization，符合 RDFS 中 domain 的语义规则，即属性的主体应属于指定类。",1,1,
sample_0145,domain,domain(inverseoftelevisionshowssuchastelevisionshows) = televisionshow,"背景知识：
条目1：
- 名称：inverseoftelevisionshowssuchastelevisionshows
- 类型：Class
- 简介：inverseoftelevisionshowssuchastelevisionshows is a class in the NELL knowledge base.
- 补充信息：generalizations: specializationof | domain: televisionshow | range: televisionshow

条目2：
- 名称：televisionshow
- 类型：Class
- 简介：{%%s is a %s, TV show}
- 补充信息：generalizations: creativework",1,qwen-max-0125,0.0,8192,https://api2.aigcbest.top/v1,"判断结果：正确  
解释：根据背景知识，inverseoftelevisionshowssuchastelevisionshows 的 domain 被定义为 televisionshow，符合 RDFS 中 domain 的语义规则，即属性的主体应属于指定类。",1,1,
sample_0146,domain,domain(inverseofcoachstudiedatuniversity) = university,"背景知识：
条目1：
- 名称：inverseofcoachstudiedatuniversity
- 类型：Unknown
- 简介：Describes the university where the coach studied at
- 补充信息：generalizations: relatedto | domain: university | range: coach

条目2：
- 名称：university
- 类型：Unknown
- 简介：A university is a post-high school educational institution. This category includes colleges and technical schools.
- 补充信息：generalizations: school, geolocatablething",1,qwen-max-0125,0.0,8192,https://api2.aigcbest.top/v1,"判断结果：正确  
解释：根据背景知识，inverseofcoachstudiedatuniversity 的 domain 被明确指定为 university，与公理一致，符合 RDFS 的 domain 语义规则。",1,1,
sample_0147,domain,domain(inverseofcompanyproducesvideogamesystem) = videogamesystem,"背景知识：
条目1：
- 名称：inverseofcompanyproducesvideogamesystem
- 类型：Class
- 简介：inverseofcompanyproducesvideogamesystem is a class in the NELL knowledge base.
- 补充信息：generalizations: relatedto | domain: videogamesystem | range: company

条目2：
- 名称：videogamesystem
- 类型：Class
- 简介：{%%s is a %s, video game system}
- 补充信息：generalizations: consumerelectronicitem",1,qwen-max-0125,0.0,8192,https://api2.aigcbest.top/v1,"判断结果：正确  
解释：根据背景知识，inverseofcompanyproducesvideogamesystem的domain为videogamesystem，符合RDFS语义规则中domain的定义，即属性主体应属于指定类。",1,1,
sample_0148,domain,domain(automakerproducesmodel) = automobilemaker,"背景知识：
条目1：
- 名称：automakerproducesmodel
- 类型：Unknown
- 简介：this automobile manufacturer produces this particular automobile make or model
- 补充信息：generalizations: producesproduct | domain: automobilemaker | range: automobilemodel

条目2：
- 名称：automobilemaker
- 类型：Unknown
- 简介：A company that manufactures motor-powered vehicles (eg., cars, motorcycles, buses, trucks and motorized bikes)
- 补充信息：generalizations: company",1,qwen-max-0125,0.0,8192,https://api2.aigcbest.top/v1,"判断结果：正确  
解释：根据背景知识，automakerproducesmodel 的 domain 被明确指定为 automobilemaker，符合 RDFS 中 domain 的语义规则，即属性的主体必须属于指定类。",1,1,
sample_0149,domain,domain(agentcompeteswithagent) = agent,"背景知识：
条目1：
- 名称：agentcompeteswithagent
- 类型：Class
- 简介：{%%s %s %%s, competes with}
- 补充信息：generalizations: agentinteractswithagent | domain: agent | range: agent

条目2：
- 名称：agent
- 类型：Class
- 简介：{%%s is an %s, agent}
- 补充信息：generalizations: everypromotedthing",1,qwen-max-0125,0.0,8192,https://api2.aigcbest.top/v1,"判断结果：正确  
解释：根据背景知识，agentcompeteswithagent的domain被定义为agent，符合RDFS中domain语义规则，即属性的主体应属于指定类。",1,1,
sample_0150,domain,domain(arthropodcalledarthropod) = arthropod,"背景知识：
条目1：
- 名称：arthropodcalledarthropod
- 类型：Class
- 简介：{%%s %s %%s, is called}
- 补充信息：generalizations: synonymfor | domain: arthropod | range: arthropod

条目2：
- 名称：arthropod
- 类型：Class
- 简介：{%%s is an %s, arthropod}
- 补充信息：generalizations: invertebrate",1,qwen-max-0125,0.0,8192,https://api2.aigcbest.top/v1,"判断结果：正确  
解释：根据背景知识，arthropodcalledarthropod的domain被定义为arthropod，符合RDFS语义规则中domain的约束要求。",1,1,
sample_0151,domain,domain(countryhascitizen) = country,"背景知识：
条目1：
- 名称：countryhascitizen
- 类型：Class
- 简介：countryhascitizen is a class in the NELL knowledge base.
- 补充信息：generalizations: locationrelatedtoagent | domain: country | range: person

条目2：
- 名称：country
- 类型：Class
- 简介：{%%s is a %s, country}
- 补充信息：generalizations: geopoliticallocation, geopoliticalorganization, geolocatablething",1,qwen-max-0125,0.0,8192,https://api2.aigcbest.top/v1,"判断结果：正确  
解释：根据背景知识，countryhascitizen的domain被定义为country，符合RDFS中domain语义规则，即属性的主体应属于指定类。",1,1,
sample_0152,domain,domain(visualappearanceof) = url,"背景知识：
条目1：
- 名称：visualappearanceof
- 类型：Class
- 简介：visualappearanceof is a class in the NELL knowledge base.
- 补充信息：generalizations: locatedat | domain: url | range: visualizablething

条目2：
- 名称：url
- 类型：Class
- 简介：{%%s is a %s, URL}
- 补充信息：generalizations: website",1,qwen-max-0125,0.0,8192,https://api2.aigcbest.top/v1,"判断结果：正确  
解释：根据背景知识，visualappearanceof的domain被定义为url，符合RDFS语义规则中domain的约束，即属性的主体应属于指定类。",1,1,
sample_0153,domain,domain(criminalssuchascriminals) = criminal,"背景知识：
条目1：
- 名称：criminalssuchascriminals
- 类型：Unknown
- 简介：Describes the criminals types that are generalizations of specific criminals
- 补充信息：generalizations: generalizationof | domain: criminal | range: criminal

条目2：
- 名称：criminal
- 类型：Unknown
- 简介：a person who commits a crime
- 补充信息：generalizations: person",1,qwen-max-0125,0.0,8192,https://api2.aigcbest.top/v1,"判断结果：正确  
解释：根据背景知识，criminalssuchascriminals的domain被定义为criminal，符合RDFS中domain语义规则，即属性的主体应属于指定类。",1,1,
sample_0154,domain,domain(agriculturalproductcanbethesameasvegetable) = agriculturalproduct,"背景知识：
条目1：
- 名称：agriculturalproductcanbethesameasvegetable
- 类型：Unknown
- 简介：Describes two instances that are the same thing in these two different categories
- 补充信息：generalizations: canbethesameas | domain: agriculturalproduct | range: vegetable

条目2：
- 名称：agriculturalproduct
- 类型：Unknown
- 简介：a living thing (or something derived therefrom) which is specifically cultivated and produced to sustain or enrich life
- 补充信息：generalizations: item",1,qwen-max-0125,0.0,8192,https://api2.aigcbest.top/v1,"判断结果：正确  
解释：根据背景知识，agriculturalproductcanbethesameasvegetable 的 domain 被定义为 agriculturalproduct，符合 RDFS 中 domain 的语义规则，即属性的主体应属于指定类。",1,1,
sample_0155,domain,domain(agentowns) = humanagent,"背景知识：
条目1：
- 名称：agentowns
- 类型：Class
- 简介：{%%s %s %%s, owns}
- 补充信息：generalizations: relatedto | domain: humanagent | range: everypromotedthing

条目2：
- 名称：humanagent
- 类型：Class
- 简介：{%%s has %s, human agency}
- 补充信息：generalizations: agent",1,qwen-max-0125,0.0,8192,https://api2.aigcbest.top/v1,"判断结果：正确  
解释：根据背景知识，agentowns的domain被定义为humanagent，符合RDFS中domain语义规则，即属性的主体应属于指定类。",1,1,
sample_0156,domain,domain(timeofprotest) = time,"背景知识：
条目1：
- 名称：timeofprotest
- 类型：Unknown
- 简介：{%%s is the %s the event %%s, time of}
- 补充信息：generalizations: relatedto | domain: time | range: protestevent

条目2：
- 名称：time
- 类型：Unknown
- 简介：a specific time
- 补充信息：generalizations: abstractthing",1,qwen-max-0125,0.0,8192,https://api2.aigcbest.top/v1,"判断结果：正确  
解释：根据背景知识，timeofprotest的domain被定义为time，符合RDFS语义规则中domain的约束要求。",1,1,
sample_0157,domain,domain(producedby) = product,"背景知识：
条目1：
- 名称：producedby
- 类型：Class
- 简介：producedby is a class in the NELL knowledge base.
- 补充信息：generalizations: iteminvolvedwithagent, createdbyagent | domain: product | range: company

条目2：
- 名称：product
- 类型：Class
- 简介：{%%s is a %s, product}
- 补充信息：generalizations: item",1,qwen-max-0125,0.0,8192,https://api2.aigcbest.top/v1,"判断结果：正确  
解释：根据背景知识，producedby 的 domain 被定义为 product，符合 RDFS 中 domain 的语义规则，即属性的主体应属于指定类。",1,1,
sample_0158,domain,domain(countrycapital) = country,"背景知识：
条目1：
- 名称：countrycapital
- 类型：Class
- 简介：countrycapital is a class in the NELL knowledge base.
- 补充信息：generalizations: countrycities, proxyof | domain: country | range: city

条目2：
- 名称：country
- 类型：Class
- 简介：{%%s is a %s, country}
- 补充信息：generalizations: geopoliticallocation, geopoliticalorganization, geolocatablething",1,qwen-max-0125,0.0,8192,https://api2.aigcbest.top/v1,"判断结果：正确  
解释：根据背景知识，countrycapital的domain被定义为country，符合RDFS语义规则中domain的约束，即属性的主体应属于指定类。",1,1,
sample_0159,domain,domain(locationofbombing) = location,"背景知识：
条目1：
- 名称：locationofbombing
- 类型：Unknown
- 简介：{%%s is the %s the event %%s, location of}
- 补充信息：generalizations: relatedto | domain: location | range: bombingevent

条目2：
- 名称：location
- 类型：Unknown
- 简介：The Location type is used for any topic with a fixed location on the planet Earth. It includes geographic features such as oceans and mountains, political entities like cities and man-made objects like buildings
- 补充信息：generalizations: everypromotedthing",1,qwen-max-0125,0.0,8192,https://api2.aigcbest.top/v1,"判断结果：正确  
解释：根据背景知识，locationofbombing 的 domain 被定义为 location，且 location 是一个具有固定地理位置的类，符合 RDFS 中 domain 的语义规则。",1,1,
sample_0160,domain,domain(hospitalincity) = hospital,"背景知识：
条目1：
- 名称：hospitalincity
- 类型：Class
- 简介：{%%s is a hospital %s %%s, in the city}
- 补充信息：generalizations: buildinglocatedincity | domain: hospital | range: city

条目2：
- 名称：hospital
- 类型：Class
- 简介：{%%s is a %s, hospital}
- 补充信息：generalizations: building",1,qwen-max-0125,0.0,8192,https://api2.aigcbest.top/v1,"判断结果：正确  
解释：根据背景知识，hospitalincity 的 domain 被定义为 hospital，这与公理 domain(hospitalincity) = hospital 一致，符合 RDFS 的语义规则。",1,1,
sample_0161,domain,domain(agenthierarchicallyaboveagent) = agent,"背景知识：
条目1：
- 名称：agenthierarchicallyaboveagent
- 类型：Class
- 简介：{%%s is hierarchically %s %%s, above}
- 补充信息：generalizations: agentcontrols, agentcollaborateswithagent | domain: agent | range: agent

条目2：
- 名称：agent
- 类型：Class
- 简介：{%%s is an %s, agent}
- 补充信息：generalizations: everypromotedthing",1,qwen-max-0125,0.0,8192,https://api2.aigcbest.top/v1,"判断结果：正确  
解释：根据背景知识，agenthierarchicallyaboveagent 的 domain 被定义为 agent，这与公理一致，符合 RDFS 中 domain 的语义规则。",1,1,
sample_0162,domain,domain(organizationhastopmember) = company,"背景知识：
条目1：
- 名称：organizationhastopmember
- 类型：Unknown
- 简介：Identifies people in high-level, leading positions at organizations. Applicable positions have authority over the entire organization (e.g. presidents, VPs, directors, and C-level executives), not merely over departments or subsidiaries.
- 补充信息：generalizations: organizationleadbyperson, worker | domain: company | range: person

条目2：
- 名称：company
- 类型：Unknown
- 简介：A company is an organization whose goal is to make money
- 补充信息：generalizations: organization",1,qwen-max-0125,0.0,8192,https://api2.aigcbest.top/v1,"判断结果：正确  
解释：根据背景知识，organizationhastopmember 的 domain 被明确指定为 company，且 company 是 organization 的子类，符合 RDFS 中 domain 的语义约束。",1,1,
sample_0163,domain,domain(languageofcountry) = language,"背景知识：
条目1：
- 名称：languageofcountry
- 类型：Class
- 简介：{%%s is the %s the country %%s, language of}
- 补充信息：generalizations: relatedto | domain: language | range: country

条目2：
- 名称：language
- 类型：Class
- 简介：{%%s is a %s, language}
- 补充信息：generalizations: abstractthing",1,qwen-max-0125,0.0,8192,https://api2.aigcbest.top/v1,"判断结果：正确  
解释：根据背景知识，languageofcountry的domain被定义为language，符合RDFS中domain语义规则，即属性的主体应属于指定类。",1,1,
sample_0164,domain,domain(bakegoodistypicalincountry) = bakedgood,"背景知识：
条目1：
- 名称：bakegoodistypicalincountry
- 类型：Unknown
- 简介：Describes the typicall bakegoods of the countries
- 补充信息：generalizations: relatedto | domain: bakedgood | range: country

条目2：
- 名称：bakedgood
- 类型：Unknown
- 简介：A food which is made through baking in an oven
- 补充信息：generalizations: food",1,qwen-max-0125,0.0,8192,https://api2.aigcbest.top/v1,"判断结果：正确  
解释：根据背景知识，bakegoodistypicalincountry 的 domain 被定义为 bakedgood，与公理一致，符合 RDFS 的 domain 语义规则。",1,1,
sample_0165,domain,domain(criminalarrestedincountry) = criminal,"背景知识：
条目1：
- 名称：criminalarrestedincountry
- 类型：Unknown
- 简介：Country where criminal was arrested
- 补充信息：generalizations: agentrelatedtolocation | domain: criminal | range: country

条目2：
- 名称：criminal
- 类型：Unknown
- 简介：a person who commits a crime
- 补充信息：generalizations: person",1,qwen-max-0125,0.0,8192,https://api2.aigcbest.top/v1,"判断结果：正确  
解释：根据背景知识，criminalarrestedincountry 的 domain 被定义为 criminal，这与公理一致，符合 RDFS 中 domain 的语义规则。",1,1,
sample_0166,domain,domain(arteriessuchasarteries) = artery,"背景知识：
条目1：
- 名称：arteriessuchasarteries
- 类型：Class
- 简介：{%%s %s %%s, is a generalization of}
- 补充信息：generalizations: generalizationof | domain: artery | range: artery

条目2：
- 名称：artery
- 类型：Class
- 简介：{%%s is an %s, artery}
- 补充信息：generalizations: bodypart",1,qwen-max-0125,0.0,8192,https://api2.aigcbest.top/v1,"判断结果：正确  
解释：根据背景知识，arteriessuchasarteries 的 domain 被定义为 artery，符合 RDFS 中 domain 的语义规则，即属性的主体应属于指定类。",1,1,
sample_0167,domain,domain(countrylocatedingeopoliticallocation) = country,"背景知识：
条目1：
- 名称：countrylocatedingeopoliticallocation
- 类型：Unknown
- 简介：specifies that a particular country is located in a particular geopolitical entity
- 补充信息：generalizations: locationlocatedwithinlocation | domain: country | range: geopoliticallocation

条目2：
- 名称：country
- 类型：Unknown
- 简介：The type ""country"" in Freebase can and should be used with a variety of topics. The most common will be probably be current and former independent nations, potentially including composite entities such as empires. It can also be used for au...
- 补充信息：generalizations: geopoliticallocation, geopoliticalorganization, geolocatablething",1,qwen-max-0125,0.0,8192,https://api2.aigcbest.top/v1,"判断结果：正确  
解释：根据背景知识，countrylocatedingeopoliticallocation 的 domain 被定义为 country，且 country 是 geopoliticallocation 的子类，符合 RDFS 的 domain 语义规则。",1,1,
sample_0168,domain,domain(inverseofbankboughtbank) = bank,"背景知识：
条目1：
- 名称：inverseofbankboughtbank
- 类型：Class
- 简介：inverseofbankboughtbank is a class in the NELL knowledge base.
- 补充信息：generalizations: acquiredby | domain: bank | range: bank

条目2：
- 名称：bank
- 类型：Class
- 简介：{%%s is a %s, bank}
- 补充信息：generalizations: company",1,qwen-max-0125,0.0,8192,https://api2.aigcbest.top/v1,"判断结果：正确  
解释：根据背景知识，inverseofbankboughtbank的domain被定义为bank，符合RDFS中domain语义规则，即属性的主体应属于指定类。",1,1,
sample_0169,domain,domain(dateatwhichexistslocation) = date,"背景知识：
条目1：
- 名称：dateatwhichexistslocation
- 类型：Class
- 简介：dateatwhichexistslocation is a class in the NELL knowledge base.
- 补充信息：generalizations: dateof | domain: date | range: location

条目2：
- 名称：date
- 类型：Class
- 简介：{%%s is a %s, date}
- 补充信息：generalizations: abstractthing",1,qwen-max-0125,0.0,8192,https://api2.aigcbest.top/v1,"判断结果：正确  
解释：根据背景知识，dateatwhichexistslocation的domain被定义为date，符合RDFS语义规则中domain的约束要求。",1,1,
sample_0170,domain,domain(latitudelongitudeof) = llcoordinate,"背景知识：
条目1：
- 名称：latitudelongitudeof
- 类型：Unknown
- 简介：the latitude and longitude of this location, or the latitude and longitude typically associated with this thing
- 补充信息：generalizations: relatedto | domain: llcoordinate | range: everypromotedthing

条目2：
- 名称：llcoordinate
- 类型：Unknown
- 简介：Longitude is the angular distance of a point's meridian from the Prime (Greenwich) Meridian
- 补充信息：generalizations: abstractthing",1,qwen-max-0125,0.0,8192,https://api2.aigcbest.top/v1,"判断结果：正确  
解释：根据背景知识，latitudelongitudeof 的 domain 被定义为 llcoordinate，符合 RDFS 中 domain 的语义规则，即属性的主体应属于指定类。",1,1,
sample_0171,domain,domain(arthropodandotherarthropod) = arthropod,"背景知识：
条目1：
- 名称：arthropodandotherarthropod
- 类型：Class
- 简介：{%%s is an arthropod %s %%s also is, as well as}
- 补充信息：generalizations: animalistypeofanimal | domain: arthropod | range: arthropod

条目2：
- 名称：arthropod
- 类型：Class
- 简介：{%%s is an %s, arthropod}
- 补充信息：generalizations: invertebrate",1,qwen-max-0125,0.0,8192,https://api2.aigcbest.top/v1,"判断结果：正确  
解释：根据背景知识，arthropodandotherarthropod的domain被定义为arthropod，符合RDFS语义规则中domain的约束定义。",1,1,
sample_0172,domain,domain(inverseofsoftwareprogrammedinprogramminglanguage) = programminglanguage,"背景知识：
条目1：
- 名称：inverseofsoftwareprogrammedinprogramminglanguage
- 类型：Class
- 简介：inverseofsoftwareprogrammedinprogramminglanguage is a class in the NELL knowledge base.
- 补充信息：generalizations: relatedto | domain: programminglanguage | range: software

条目2：
- 名称：programminglanguage
- 类型：Class
- 简介：{%%s is a %s, programming language}
- 补充信息：generalizations: abstractthing",1,qwen-max-0125,0.0,8192,https://api2.aigcbest.top/v1,"判断结果：正确  
解释：根据背景知识，inverseofsoftwareprogrammedinprogramminglanguage的domain被定义为programminglanguage，符合RDFS中domain语义规则的约束。",1,1,
sample_0173,domain,domain(eventcausedevent) = event,"背景知识：
条目1：
- 名称：eventcausedevent
- 类型：Unknown
- 简介：Any events that is caused by another event
- 补充信息：generalizations: relatedto | domain: event | range: event

条目2：
- 名称：event
- 类型：Unknown
- 简介：An event is a topic that can be described by the time or date at which it happened. Long-lasting events may be described as occurring between two dates. It is sometimes appropriate to create abstract events, as collections of other events
- 补充信息：generalizations: abstractthing",1,qwen-max-0125,0.0,8192,https://api2.aigcbest.top/v1,"判断结果：正确  
解释：根据背景知识，eventcausedevent 的 domain 被定义为 event，且 RDFS 语义规则中 domain 表示属性的主体应属于指定类，因此该公理与背景知识一致。",1,1,
sample_0174,domain,domain(newpaperhaswebsite) = newspaper,"背景知识：
条目1：
- 名称：newpaperhaswebsite
- 类型：Class
- 简介：{%%s %s %%s, is related to}
- 补充信息：generalizations: organizationhasofficialwebsite | domain: newspaper | range: website

条目2：
- 名称：newspaper
- 类型：Class
- 简介：{%%s is a %s, newspaper}
- 补充信息：generalizations: publication",1,qwen-max-0125,0.0,8192,https://api2.aigcbest.top/v1,"判断结果：正确  
解释：根据背景知识，newpaperhaswebsite的domain被定义为newspaper，符合RDFS语义规则中属性主体应属于特定类的约束。",1,1,
sample_0175,domain,domain(teamhomestadium) = sportsteam,"背景知识：
条目1：
- 名称：teamhomestadium
- 类型：Class
- 简介：{%%s is the %s the sports team %%s, home venue for}
- 补充信息：generalizations: organizationactsinlocation | domain: sportsteam | range: stadiumoreventvenue

条目2：
- 名称：sportsteam
- 类型：Class
- 简介：{%%s is a %s, sports team}
- 补充信息：generalizations: organization, geolocatablething",1,qwen-max-0125,0.0,8192,https://api2.aigcbest.top/v1,"判断结果：正确  
解释：根据背景知识，teamhomestadium 的 domain 被定义为 sportsteam，符合 RDFS 中 domain 语义规则，即属性的主体应属于指定类。",1,1,
sample_0176,domain,domain(politicianusendorsedbypoliticianus) = politicianus,"背景知识：
条目1：
- 名称：politicianusendorsedbypoliticianus
- 类型：Class
- 简介：{%%s is a U.S. politician %s the U.S. politician %%s, endorsed by}
- 补充信息：generalizations: politicianendorsedbypolitician | domain: politicianus | range: politicianus

条目2：
- 名称：politicianus
- 类型：Class
- 简介：{%%s is a %s, U.S. politician}
- 补充信息：generalizations: personus, politician",1,qwen-max-0125,0.0,8192,https://api2.aigcbest.top/v1,"判断结果：正确  
解释：根据背景知识，politicianusendorsedbypoliticianus 的 domain 被定义为 politicianus，符合 RDFS 中 domain 约束的语义规则，即属性的主体必须属于指定类。",1,1,
sample_0177,domain,domain(comediancanbethesameasmale) = comedian,"背景知识：
条目1：
- 名称：comediancanbethesameasmale
- 类型：Class
- 简介：{%%s %s %%s, is related to}
- 补充信息：generalizations: canbethesameas | domain: comedian | range: male

条目2：
- 名称：comedian
- 类型：Class
- 简介：{%%s is a %s, commedian}
- 补充信息：generalizations: person",1,qwen-max-0125,0.0,8192,https://api2.aigcbest.top/v1,"判断结果：正确  
解释：根据背景知识，comediancanbethesameasmale 的 domain 被定义为 comedian，与公理一致，符合 RDFS 的 domain 语义规则。",1,1,
sample_0178,domain,domain(professionactsatthesameareaofpoliticissue) = politicsissue,"背景知识：
条目1：
- 名称：professionactsatthesameareaofpoliticissue
- 类型：Unknown
- 简介：Describes professions that work at the area of a political issue
- 补充信息：generalizations: relatedto | domain: politicsissue | range: profession

条目2：
- 名称：politicsissue
- 类型：Unknown
- 简介：An issue of political concern
- 补充信息：generalizations: abstractthing",1,qwen-max-0125,0.0,8192,https://api2.aigcbest.top/v1,"判断结果：正确  
解释：根据背景知识，属性“professionactsatthesameareaofpoliticissue”的domain被定义为“politicsissue”，这与公理一致，符合RDFS语义规则中关于domain的约束定义。",1,1,
sample_0179,domain,domain(productlauchpredecessor) = productlaunchevent,"背景知识：
条目1：
- 名称：productlauchpredecessor
- 类型：Class
- 简介：{%%s was %s of the product launched in %%s, the predecessor}
- 补充信息：generalizations: relatedto | domain: productlaunchevent | range: product

条目2：
- 名称：productlaunchevent
- 类型：Class
- 简介：{%%s is a %s, product launch event}
- 补充信息：generalizations: event",1,qwen-max-0125,0.0,8192,https://api2.aigcbest.top/v1,"判断结果：正确  
解释：根据背景知识，productlauchpredecessor 的 domain 被定义为 productlaunchevent，符合 RDFS 中 domain 的语义规则，即属性的主体应属于指定类。",1,1,
sample_0180,domain,domain(stadiumlocatedincity) = stadiumoreventvenue,"背景知识：
条目1：
- 名称：stadiumlocatedincity
- 类型：Class
- 简介：{%%s is a stadium or event venue %s the city %%s, located in}
- 补充信息：generalizations: attractionofcity, buildinglocatedincity, proxyof | domain: stadiumoreventvenue | range: city

条目2：
- 名称：stadiumoreventvenue
- 类型：Class
- 简介：{%%s is a %s, stadium or event venue}
- 补充信息：generalizations: building, attraction",1,qwen-max-0125,0.0,8192,https://api2.aigcbest.top/v1,"判断结果：正确  
解释：根据背景知识，stadiumlocatedincity 的 domain 被定义为 stadiumoreventvenue，符合 RDFS 中 domain 约束的语义规则，即属性的主体应属于指定类。",1,1,
sample_0181,range,range(athleteplayedforschool) = school,"背景知识：
条目1：
- 名称：athleteplayedforschool
- 类型：Unknown
- 简介：The school that an athlete used to play for its team
- 补充信息：generalizations: personbelongstoorganization | domain: athlete | range: school

条目2：
- 名称：school
- 类型：Unknown
- 简介：A school is an organization whose primary function is education. This category includes universities, K-12 schools and trade schools.
- 补充信息：generalizations: organization",1,qwen-max-0125,0.0,8192,https://api2.aigcbest.top/v1,"判断结果：正确  
解释：根据背景知识，athleteplayedforschool 的 range 被定义为 school，且 school 是 organization 的子类，符合 RDFS 的 range 语义规则。",1,1,
sample_0182,range,range(organizationrepresentedbyagent) = humanagent,"背景知识：
条目1：
- 名称：organizationrepresentedbyagent
- 类型：Unknown
- 简介：Specialization of proxyFor for agent-to-organization relations. populate=false only because presumed to be uninteresting
- 补充信息：generalizations: organizationhasagent, proxyof | domain: organization | range: humanagent

条目2：
- 名称：humanagent
- 类型：Unknown
- 简介：Those things to which we can ascribe agency that are composed of one or more humans
- 补充信息：generalizations: agent",1,qwen-max-0125,0.0,8192,https://api2.aigcbest.top/v1,"判断结果：正确  
解释：根据背景知识，organizationrepresentedbyagent的range被明确指定为humanagent，且humanagent是agent的特化，符合RDFS语义规则中range的定义。",1,1,
sample_0183,range,range(cityattractions) = attraction,"背景知识：
条目1：
- 名称：cityattractions
- 类型：Class
- 简介：cityattractions is a class in the NELL knowledge base.
- 补充信息：generalizations: locationcontainslocation | domain: city | range: attraction

条目2：
- 名称：attraction
- 类型：Class
- 简介：{%%s is a %s, tourist attraction}
- 补充信息：generalizations: location",1,qwen-max-0125,0.0,8192,https://api2.aigcbest.top/v1,"判断结果：正确  
解释：根据背景知识，cityattractions的range被定义为attraction，且attraction是location的子类，符合RDFS语义规则中range的约束要求。",1,1,
sample_0184,range,range(musicgenressuchasmusicgenres) = musicgenre,"背景知识：
条目1：
- 名称：musicgenressuchasmusicgenres
- 类型：Unknown
- 简介：Describes the musicgenre types that are generalizations of specific musicgenres
- 补充信息：generalizations: generalizationof | domain: musicgenre | range: musicgenre

条目2：
- 名称：musicgenre
- 类型：Unknown
- 简介：A style or classification of music (FreeBase)
- 补充信息：generalizations: abstractthing",1,qwen-max-0125,0.0,8192,https://api2.aigcbest.top/v1,"判断结果：正确  
解释：根据背景知识，musicgenressuchasmusicgenres的range被定义为musicgenre，符合RDFS语义规则中对属性客体类别的约束。",1,1,
sample_0185,range,range(inverseofathletesuchasathlete) = athlete,"背景知识：
条目1：
- 名称：inverseofathletesuchasathlete
- 类型：Unknown
- 简介：Describes the specific athlete types that are generalizations of athletes
- 补充信息：generalizations: specializationof | domain: athlete | range: athlete

条目2：
- 名称：athlete
- 类型：Unknown
- 简介：An athlete is a person who plays a sport competitively.
- 补充信息：generalizations: person",1,qwen-max-0125,0.0,8192,https://api2.aigcbest.top/v1,"判断结果：正确  
解释：根据背景知识，inverseofathletesuchasathlete 的 range 被定义为 athlete，这与公理一致，符合 RDFS 的 range 语义规则。",1,1,
sample_0186,range,range(politicsbillsponsoredbypolitician) = politician,"背景知识：
条目1：
- 名称：politicsbillsponsoredbypolitician
- 类型：Class
- 简介：{%%s is a legislative bill %s %%s, sponsored by}
- 补充信息：generalizations: relatedto | domain: politicsbill | range: politician

条目2：
- 名称：politician
- 类型：Class
- 简介：{%%s is a %s, politician}
- 补充信息：generalizations: person",1,qwen-max-0125,0.0,8192,https://api2.aigcbest.top/v1,"判断结果：正确  
解释：根据背景知识，politicsbillsponsoredbypolitician的range被定义为politician，符合RDFS语义规则中属性客体应属于某一类的约束。",1,1,
sample_0187,range,range(inverseofanimalssuchasmammals) = animal,"背景知识：
条目1：
- 名称：inverseofanimalssuchasmammals
- 类型：Unknown
- 简介：Describes the animal types that are generalizations of mammals
- 补充信息：generalizations: specializationof | domain: mammal | range: animal

条目2：
- 名称：animal
- 类型：Unknown
- 简介：A collection of common-sense animals, more understandable to children than biologists. It's OK to include both general kinds of animals, such as bird, but also common varieties of birds such as finch and robin. (FreeBase) As with plant, any...
- 补充信息：generalizations: agent, species",1,qwen-max-0125,0.0,8192,https://api2.aigcbest.top/v1,"判断结果：正确  
解释：根据背景知识，inverseofanimalssuchasmammals 的 range 被定义为 animal，符合 RDFS 中 range 的语义规则，即属性的客体应属于指定类。",1,1,
sample_0188,range,range(marriedinyear) = year,"背景知识：
条目1：
- 名称：marriedinyear
- 类型：Unknown
- 简介：This relation holds when a person married some other person in the specified year.
- 补充信息：generalizations: atdate | domain: person | range: year

条目2：
- 名称：year
- 类型：Unknown
- 简介：Four-digit years
- 补充信息：generalizations: date",1,qwen-max-0125,0.0,8192,https://api2.aigcbest.top/v1,"判断结果：正确  
解释：根据背景知识，marriedinyear 的 range 被定义为 year，且 year 是 date 的子类，符合 RDFS 的 range 约束规则。",1,1,
sample_0189,range,range(inverseofgrainusedtomakecandy) = grain,"背景知识：
条目1：
- 名称：inverseofgrainusedtomakecandy
- 类型：Class
- 简介：inverseofgrainusedtomakecandy is a class in the NELL knowledge base.
- 补充信息：generalizations: relatedto | domain: candy | range: grain

条目2：
- 名称：grain
- 类型：Class
- 简介：{%%s is a %s, grain}
- 补充信息：generalizations: fruit",1,qwen-max-0125,0.0,8192,https://api2.aigcbest.top/v1,"判断结果：正确  
解释：根据背景知识，inverseofgrainusedtomakecandy的range被定义为grain，且grain是一个合法的类，符合RDFS语义规则中对range的约束要求。",1,1,
sample_0190,range,range(inverseofarthropodlooklikeinsect) = arthropod,"背景知识：
条目1：
- 名称：inverseofarthropodlooklikeinsect
- 类型：Unknown
- 简介：Describes the arthropod that look like specific insects
- 补充信息：generalizations: relatedto | domain: insect | range: arthropod

条目2：
- 名称：arthropod
- 类型：Unknown
- 简介：Arthropods are members of the phylum Arthropoda.
- 补充信息：generalizations: invertebrate",1,qwen-max-0125,0.0,8192,https://api2.aigcbest.top/v1,"判断结果：正确  
解释：根据背景知识，inverseofarthropodlooklikeinsect 的 range 被定义为 arthropod，与公理一致，符合 RDFS 的 range 语义规则。",1,1,
sample_0191,range,range(superpartof) = everypromotedthing,"背景知识：
条目1：
- 名称：superpartof
- 类型：Class
- 简介：superpartof is a class in the NELL knowledge base.
- 补充信息：generalizations: relatedto | domain: everypromotedthing | range: everypromotedthing

条目2：
- 名称：everypromotedthing
- 类型：Class
- 简介：{%%s is %s, something}",1,qwen-max-0125,0.0,8192,https://api2.aigcbest.top/v1,"判断结果：正确  
解释：根据背景知识，superpartof 的 range 被定义为 everypromotedthing，符合 RDFS 中 range 的语义规则，即属性的客体应属于指定类。",1,1,
sample_0192,range,range(personattendsschool) = school,"背景知识：
条目1：
- 名称：personattendsschool
- 类型：Unknown
- 简介：person has attended a school
- 补充信息：generalizations: personbelongstoorganization | domain: person | range: school

条目2：
- 名称：school
- 类型：Unknown
- 简介：A school is an organization whose primary function is education. This category includes universities, K-12 schools and trade schools.
- 补充信息：generalizations: organization",1,qwen-max-0125,0.0,8192,https://api2.aigcbest.top/v1,"判断结果：正确  
解释：根据背景知识，personattendsschool的range被定义为school，且school是一个组织的特例，符合RDFS语义规则中对range的约束要求。",1,1,
sample_0193,range,range(athleteinjuredhisbodypart) = bodypart,"背景知识：
条目1：
- 名称：athleteinjuredhisbodypart
- 类型：Unknown
- 简介：Describes the athletes that had injured any body part
- 补充信息：generalizations: relatedto | domain: athlete | range: bodypart

条目2：
- 名称：bodypart
- 类型：Unknown
- 简介：Refers to any part of the human body. It can be either visible to the naked eye (gross anatomical structure) or microscopic.
- 补充信息：generalizations: item",1,qwen-max-0125,0.0,8192,https://api2.aigcbest.top/v1,"判断结果：正确  
解释：根据背景知识，athleteinjuredhisbodypart 的 range 被定义为 bodypart，这与公理一致，符合 RDFS 的 range 语义规则。",1,1,
sample_0194,range,range(locatedat) = everypromotedthing,"背景知识：
条目1：
- 名称：locatedat
- 类型：Class
- 简介：locatedat is a class in the NELL knowledge base.
- 补充信息：generalizations: relatedto | domain: location | range: everypromotedthing

条目2：
- 名称：everypromotedthing
- 类型：Class
- 简介：{%%s is %s, something}",1,qwen-max-0125,0.0,8192,https://api2.aigcbest.top/v1,"判断结果：正确  
解释：根据背景知识，locatedat的range被定义为everypromotedthing，符合RDFS语义规则中对属性范围的约束。",1,1,
sample_0195,range,range(topmemberoforganization) = company,"背景知识：
条目1：
- 名称：topmemberoforganization
- 类型：Class
- 简介：{%%s is a %s of %%s, top member}
- 补充信息：generalizations: worksfor, personleadsorganization | domain: person | range: company

条目2：
- 名称：company
- 类型：Class
- 简介：{%%s is a %s, company}
- 补充信息：generalizations: organization",1,qwen-max-0125,0.0,8192,https://api2.aigcbest.top/v1,"判断结果：正确  
解释：根据背景知识，topmemberoforganization的range被定义为company，且company是organization的子类，符合RDFS语义规则中range的约束要求。",1,1,
sample_0196,range,range(organizationleadbyagent) = humanagent,"背景知识：
条目1：
- 名称：organizationleadbyagent
- 类型：Unknown
- 简介：General relation as with certain political positions, we have an agent that controls the thing that he works for
- 补充信息：generalizations: controlledbyagent, organizationrepresentedbyagent | domain: organization | range: humanagent

条目2：
- 名称：humanagent
- 类型：Unknown
- 简介：Those things to which we can ascribe agency that are composed of one or more humans
- 补充信息：generalizations: agent",1,qwen-max-0125,0.0,8192,https://api2.aigcbest.top/v1,"判断结果：正确  
解释：根据背景知识，organizationleadbyagent的range被定义为humanagent，且humanagent是agent的泛化，符合RDFS语义规则中range的约束要求。",1,1,
sample_0197,range,range(inverseofagriculturalproductincludingagriculturalproduct) = agriculturalproduct,"背景知识：
条目1：
- 名称：inverseofagriculturalproductincludingagriculturalproduct
- 类型：Unknown
- 简介：Describes the agricultural products that are generalizations of other agriculture products
- 补充信息：generalizations: specializationof | domain: agriculturalproduct | range: agriculturalproduct

条目2：
- 名称：agriculturalproduct
- 类型：Unknown
- 简介：a living thing (or something derived therefrom) which is specifically cultivated and produced to sustain or enrich life
- 补充信息：generalizations: item",1,qwen-max-0125,0.0,8192,https://api2.aigcbest.top/v1,"判断结果：正确  
解释：根据背景知识，inverseofagriculturalproductincludingagriculturalproduct 的 range 被定义为 agriculturalproduct，符合 RDFS 中 range 的语义规则，且与补充信息一致。",1,1,
sample_0198,range,range(airportincity) = city,"背景知识：
条目1：
- 名称：airportincity
- 类型：Unknown
- 简介：The city an airport is located in.
- 补充信息：generalizations: buildinglocatedincity | domain: airport | range: city

条目2：
- 名称：city
- 类型：Unknown
- 简介：City/town/village refers to all named inhabited places at the most locally recognized level, but above the level of neighborhood. It is the most local region where there is a form of government or self-organization. Cities/towns/villages ar...
- 补充信息：generalizations: geopoliticallocation, geopoliticalorganization, geolocatablething",1,qwen-max-0125,0.0,8192,https://api2.aigcbest.top/v1,"判断结果：正确  
解释：根据背景知识，airportincity 的 range 被明确指定为 city，且 city 是一个合理的类，符合 RDFS 的 range 语义规则。",1,1,
sample_0199,range,range(earthquakehadepicenter) = geolocatablething,"背景知识：
条目1：
- 名称：earthquakehadepicenter
- 类型：Unknown
- 简介：earthquakehadepicenter is an entity in the NELL knowledge base.
- 补充信息：generalizations: relatedto | domain: earthquakeevent | range: geolocatablething

条目2：
- 名称：geolocatablething
- 类型：Unknown
- 简介：{%%s is a %s, geolocatable thing}
- 补充信息：generalizations: everypromotedthing",1,qwen-max-0125,0.0,8192,https://api2.aigcbest.top/v1,"判断结果：正确  
解释：根据背景知识，earthquakehadepicenter的range被定义为geolocatablething，符合RDFS语义规则中属性客体应属于某一类的约束。",1,1,
sample_0200,range,range(officeheldbypolitician) = politician,"背景知识：
条目1：
- 名称：officeheldbypolitician
- 类型：Unknown
- 简介：Specifies that a particular politician holds a particular office
- 补充信息：generalizations: relatedto | domain: politicaloffice | range: politician

条目2：
- 名称：politician
- 类型：Unknown
- 简介：Any person who has held or sought a position in a government. The term ""politician"" may not be strictly accurate for some positions such as kings, but we have to call it something!
- 补充信息：generalizations: person",1,qwen-max-0125,0.0,8192,https://api2.aigcbest.top/v1,"判断结果：正确  
解释：根据背景知识，officeheldbypolitician 的 range 被定义为 politician，这与公理一致，符合 RDFS 的 range 语义规则。",1,1,
sample_0201,range,range(loseringame) = sportsgame,"背景知识：
条目1：
- 名称：loseringame
- 类型：Unknown
- 简介：Specifies that a particular team that played in a particular sportsGame was the loser thereof.
- 补充信息：generalizations: teamingame | domain: sportsteam | range: sportsgame

条目2：
- 名称：sportsgame
- 类型：Unknown
- 简介：A sports game is a particular instance of a sporting event where teams or athletes compete. This could be a series of matches if the competitors remain the same, but this does not extend to something like a tournament or season where the se...
- 补充信息：generalizations: game, sportsevent",1,qwen-max-0125,0.0,8192,https://api2.aigcbest.top/v1,"判断结果：正确  
解释：根据背景知识，loseringame的range被定义为sportsgame，且语义上表示某场比赛的失败者，符合RDFS中range约束属性客体类别的规则。",1,1,
sample_0202,range,range(numberofcasualtiesinroadaccident) = roadaccidentevent,"背景知识：
条目1：
- 名称：numberofcasualtiesinroadaccident
- 类型：Class
- 简介：{%%s is the number of people that %s the event %%s, died in}
- 补充信息：generalizations: relatedto | domain: nonneginteger | range: roadaccidentevent

条目2：
- 名称：roadaccidentevent
- 类型：Class
- 简介：{%%s is a %s, road accident event}
- 补充信息：generalizations: event",1,qwen-max-0125,0.0,8192,https://api2.aigcbest.top/v1,"判断结果：错误  
解释：根据背景知识，numberofcasualtiesinroadaccident 的 range 应为 nonneginteger，而非 roadaccidentevent，与公理冲突。",0,0,
sample_0203,range,range(leagueteams) = sportsteam,"背景知识：
条目1：
- 名称：leagueteams
- 类型：Unknown
- 简介：The league that a team plays in.
- 补充信息：generalizations: superpartoforganization | domain: sportsleague | range: sportsteam

条目2：
- 名称：sportsteam
- 类型：Unknown
- 简介：A sports team is a group of athletes who play a sport together competitively
- 补充信息：generalizations: organization, geolocatablething",1,qwen-max-0125,0.0,8192,https://api2.aigcbest.top/v1,"判断结果：正确  
解释：根据背景知识，leagueteams 的 range 被定义为 sportsteam，且语义上表示联赛中的队伍，符合 RDFS 的 range 约束规则。",1,1,
sample_0204,range,range(organizationheadquarteredincountry) = country,"背景知识：
条目1：
- 名称：organizationheadquarteredincountry
- 类型：Unknown
- 简介：The country where a given organization is headquartered
- 补充信息：generalizations: organizationactsinlocation | domain: organization | range: country

条目2：
- 名称：country
- 类型：Unknown
- 简介：The type ""country"" in Freebase can and should be used with a variety of topics. The most common will be probably be current and former independent nations, potentially including composite entities such as empires. It can also be used for au...
- 补充信息：generalizations: geopoliticallocation, geopoliticalorganization, geolocatablething",1,qwen-max-0125,0.0,8192,https://api2.aigcbest.top/v1,"判断结果：正确  
解释：根据背景知识，organizationheadquarteredincountry 的 range 被定义为 country，且 country 是一个合理的类别，符合 RDFS 的 range 语义规则。",1,1,
sample_0205,range,range(inverseoftelevisionshowssuchastelevisionshows) = televisionshow,"背景知识：
条目1：
- 名称：inverseoftelevisionshowssuchastelevisionshows
- 类型：Class
- 简介：inverseoftelevisionshowssuchastelevisionshows is a class in the NELL knowledge base.
- 补充信息：generalizations: specializationof | domain: televisionshow | range: televisionshow

条目2：
- 名称：televisionshow
- 类型：Class
- 简介：{%%s is a %s, TV show}
- 补充信息：generalizations: creativework",1,qwen-max-0125,0.0,8192,https://api2.aigcbest.top/v1,"判断结果：正确  
解释：根据背景知识，inverseoftelevisionshowssuchastelevisionshows 的 range 被定义为 televisionshow，符合 RDFS 中 range 的语义规则，即属性的客体应属于指定类。",1,1,
sample_0206,range,range(inverseofcoachstudiedatuniversity) = coach,"背景知识：
条目1：
- 名称：inverseofcoachstudiedatuniversity
- 类型：Unknown
- 简介：Describes the university where the coach studied at
- 补充信息：generalizations: relatedto | domain: university | range: coach

条目2：
- 名称：coach
- 类型：Unknown
- 简介：A coach is a trainer for a sports team. He leads the team in exercises and manages the team during gameplay. This category includes assistant coaches and other trainers.
- 补充信息：generalizations: person",1,qwen-max-0125,0.0,8192,https://api2.aigcbest.top/v1,"判断结果：正确  
解释：根据背景知识，inverseofcoachstudiedatuniversity 的 range 被定义为 coach，这与公理一致，符合 RDFS 的 range 语义规则。",1,1,
sample_0207,range,range(inverseofcompanyproducesvideogamesystem) = company,"背景知识：
条目1：
- 名称：inverseofcompanyproducesvideogamesystem
- 类型：Class
- 简介：inverseofcompanyproducesvideogamesystem is a class in the NELL knowledge base.
- 补充信息：generalizations: relatedto | domain: videogamesystem | range: company

条目2：
- 名称：company
- 类型：Class
- 简介：{%%s is a %s, company}
- 补充信息：generalizations: organization",1,qwen-max-0125,0.0,8192,https://api2.aigcbest.top/v1,"判断结果：正确  
解释：根据背景知识，inverseofcompanyproducesvideogamesystem的range被定义为company，且company是一个合法的类，符合RDFS语义规则中对range的约束要求。",1,1,
sample_0208,range,range(automakerproducesmodel) = automobilemodel,"背景知识：
条目1：
- 名称：automakerproducesmodel
- 类型：Unknown
- 简介：this automobile manufacturer produces this particular automobile make or model
- 补充信息：generalizations: producesproduct | domain: automobilemaker | range: automobilemodel

条目2：
- 名称：automobilemodel
- 类型：Unknown
- 简介：A model is a specific car carried under a make.
- 补充信息：generalizations: vehicle",1,qwen-max-0125,0.0,8192,https://api2.aigcbest.top/v1,"判断结果：正确  
解释：根据背景知识，automakerproducesmodel 的 range 被定义为 automobilemodel，符合 RDFS 中 range 的语义规则，即属性的客体应属于指定类。",1,1,
sample_0209,range,range(agentcompeteswithagent) = agent,"背景知识：
条目1：
- 名称：agentcompeteswithagent
- 类型：Class
- 简介：{%%s %s %%s, competes with}
- 补充信息：generalizations: agentinteractswithagent | domain: agent | range: agent

条目2：
- 名称：agent
- 类型：Class
- 简介：{%%s is an %s, agent}
- 补充信息：generalizations: everypromotedthing",1,qwen-max-0125,0.0,8192,https://api2.aigcbest.top/v1,"判断结果：正确  
解释：根据背景知识，agentcompeteswithagent 的 range 被定义为 agent，符合 RDFS 中 range 的语义规则，即属性的客体应属于指定类。",1,1,
sample_0210,range,range(arthropodcalledarthropod) = arthropod,"背景知识：
条目1：
- 名称：arthropodcalledarthropod
- 类型：Class
- 简介：{%%s %s %%s, is called}
- 补充信息：generalizations: synonymfor | domain: arthropod | range: arthropod

条目2：
- 名称：arthropod
- 类型：Class
- 简介：{%%s is an %s, arthropod}
- 补充信息：generalizations: invertebrate",1,qwen-max-0125,0.0,8192,https://api2.aigcbest.top/v1,"判断结果：正确  
解释：根据背景知识，arthropodcalledarthropod的range被定义为arthropod，符合RDFS语义规则中对属性客体类别的约束。",1,1,
sample_0211,range,range(countryhascitizen) = person,"背景知识：
条目1：
- 名称：countryhascitizen
- 类型：Class
- 简介：countryhascitizen is a class in the NELL knowledge base.
- 补充信息：generalizations: locationrelatedtoagent | domain: country | range: person

条目2：
- 名称：person
- 类型：Class
- 简介：{%%s is a %s, person}
- 补充信息：generalizations: humanagent",1,qwen-max-0125,0.0,8192,https://api2.aigcbest.top/v1,"判断结果：正确  
解释：根据背景知识，countryhascitizen的range被定义为person，符合RDFS语义规则中range约束属性客体类别的定义。",1,1,
sample_0212,range,range(visualappearanceof) = visualizablething,"背景知识：
条目1：
- 名称：visualappearanceof
- 类型：Class
- 简介：visualappearanceof is a class in the NELL knowledge base.
- 补充信息：generalizations: locatedat | domain: url | range: visualizablething

条目2：
- 名称：visualizablething
- 类型：Class
- 简介：{%%s is a %s, visualizable object}
- 补充信息：generalizations: everypromotedthing",1,qwen-max-0125,0.0,8192,https://api2.aigcbest.top/v1,"判断结果：正确  
解释：根据背景知识，visualappearanceof 的 range 被定义为 visualizablething，符合 RDFS 中 range 的语义规则，即属性的客体应属于指定类。",1,1,
sample_0213,range,range(criminalssuchascriminals) = criminal,"背景知识：
条目1：
- 名称：criminalssuchascriminals
- 类型：Unknown
- 简介：Describes the criminals types that are generalizations of specific criminals
- 补充信息：generalizations: generalizationof | domain: criminal | range: criminal

条目2：
- 名称：criminal
- 类型：Unknown
- 简介：a person who commits a crime
- 补充信息：generalizations: person",1,qwen-max-0125,0.0,8192,https://api2.aigcbest.top/v1,"判断结果：正确  
解释：根据背景知识，criminalssuchascriminals的range被定义为criminal，符合RDFS语义规则中range的约束定义。",1,1,
sample_0214,range,range(agriculturalproductcanbethesameasvegetable) = vegetable,"背景知识：
条目1：
- 名称：agriculturalproductcanbethesameasvegetable
- 类型：Unknown
- 简介：Describes two instances that are the same thing in these two different categories
- 补充信息：generalizations: canbethesameas | domain: agriculturalproduct | range: vegetable

条目2：
- 名称：vegetable
- 类型：Unknown
- 简介：An edible plant or part of a plant other than a sweet fruit or seed. This usually means the leaf, stem, or root of a plant. This is meant to dovetail with the more botanical definition we have of fruit, and to not allow cullinary / colloqui...
- 补充信息：generalizations: food",1,qwen-max-0125,0.0,8192,https://api2.aigcbest.top/v1,"判断结果：正确  
解释：根据背景知识，agriculturalproductcanbethesameasvegetable 的 range 被定义为 vegetable，符合 RDFS 中 range 的语义规则，即属性的客体应属于指定类。",1,1,
sample_0215,range,range(agentowns) = everypromotedthing,"背景知识：
条目1：
- 名称：agentowns
- 类型：Class
- 简介：{%%s %s %%s, owns}
- 补充信息：generalizations: relatedto | domain: humanagent | range: everypromotedthing

条目2：
- 名称：everypromotedthing
- 类型：Class
- 简介：{%%s is %s, something}",1,qwen-max-0125,0.0,8192,https://api2.aigcbest.top/v1,"判断结果：正确  
解释：根据背景知识，agentowns的range被定义为everypromotedthing，与公理一致，符合RDFS语义规则。",1,1,
sample_0216,range,range(timeofprotest) = protestevent,"背景知识：
条目1：
- 名称：timeofprotest
- 类型：Unknown
- 简介：{%%s is the %s the event %%s, time of}
- 补充信息：generalizations: relatedto | domain: time | range: protestevent

条目2：
- 名称：protestevent
- 类型：Unknown
- 简介：{%%s is a %s, protest event}
- 补充信息：generalizations: event",1,qwen-max-0125,0.0,8192,https://api2.aigcbest.top/v1,"判断结果：正确  
解释：根据背景知识，timeofprotest的range被定义为protestevent，且protestevent是event的子类，符合RDFS语义规则中range的约束定义。",1,1,
sample_0217,range,range(producedby) = company,"背景知识：
条目1：
- 名称：producedby
- 类型：Class
- 简介：producedby is a class in the NELL knowledge base.
- 补充信息：generalizations: iteminvolvedwithagent, createdbyagent | domain: product | range: company

条目2：
- 名称：company
- 类型：Class
- 简介：{%%s is a %s, company}
- 补充信息：generalizations: organization",1,qwen-max-0125,0.0,8192,https://api2.aigcbest.top/v1,"判断结果：正确  
解释：根据背景知识，producedby 的 range 被定义为 company，且 company 是一个合法的类，符合 RDFS 的 range 语义规则。",1,1,
sample_0218,range,range(countrycapital) = city,"背景知识：
条目1：
- 名称：countrycapital
- 类型：Class
- 简介：countrycapital is a class in the NELL knowledge base.
- 补充信息：generalizations: countrycities, proxyof | domain: country | range: city

条目2：
- 名称：city
- 类型：Class
- 简介：{%%s is a %s, city}
- 补充信息：generalizations: geopoliticallocation, geopoliticalorganization, visualizablescene",1,qwen-max-0125,0.0,8192,https://api2.aigcbest.top/v1,"判断结果：正确  
解释：根据背景知识，countrycapital的range被定义为city，且city是一个合法的类，符合RDFS语义规则中range的约束要求。",1,1,
sample_0219,range,range(locationofbombing) = bombingevent,"背景知识：
条目1：
- 名称：locationofbombing
- 类型：Unknown
- 简介：{%%s is the %s the event %%s, location of}
- 补充信息：generalizations: relatedto | domain: location | range: bombingevent

条目2：
- 名称：bombingevent
- 类型：Unknown
- 简介：{%%s is a %s, bombing event}
- 补充信息：generalizations: event",1,qwen-max-0125,0.0,8192,https://api2.aigcbest.top/v1,"判断结果：正确  
解释：根据背景知识，locationofbombing的range被定义为bombingevent，符合RDFS语义规则中属性客体应属于某一类的约束。",1,1,
sample_0220,range,range(hospitalincity) = city,"背景知识：
条目1：
- 名称：hospitalincity
- 类型：Class
- 简介：{%%s is a hospital %s %%s, in the city}
- 补充信息：generalizations: buildinglocatedincity | domain: hospital | range: city

条目2：
- 名称：city
- 类型：Class
- 简介：{%%s is a %s, city}
- 补充信息：generalizations: geopoliticallocation, geopoliticalorganization, visualizablescene",1,qwen-max-0125,0.0,8192,https://api2.aigcbest.top/v1,"判断结果：正确  
解释：根据背景知识，hospitalincity的range被定义为city，且city是一个合法的类，符合RDFS语义规则中对range的约束要求。",1,1,
sample_0221,range,range(agenthierarchicallyaboveagent) = agent,"背景知识：
条目1：
- 名称：agenthierarchicallyaboveagent
- 类型：Class
- 简介：{%%s is hierarchically %s %%s, above}
- 补充信息：generalizations: agentcontrols, agentcollaborateswithagent | domain: agent | range: agent

条目2：
- 名称：agent
- 类型：Class
- 简介：{%%s is an %s, agent}
- 补充信息：generalizations: everypromotedthing",1,qwen-max-0125,0.0,8192,https://api2.aigcbest.top/v1,"判断结果：正确  
解释：根据背景知识，agenthierarchicallyaboveagent 的 range 被定义为 agent，这与公理一致，符合 RDFS 的 range 语义规则。",1,1,
sample_0222,range,range(organizationhastopmember) = person,"背景知识：
条目1：
- 名称：organizationhastopmember
- 类型：Unknown
- 简介：Identifies people in high-level, leading positions at organizations. Applicable positions have authority over the entire organization (e.g. presidents, VPs, directors, and C-level executives), not merely over departments or subsidiaries.
- 补充信息：generalizations: organizationleadbyperson, worker | domain: company | range: person

条目2：
- 名称：person
- 类型：Unknown
- 简介：A person is a human being (man, woman or child) known to have actually existed. Living persons, celebrities and politicians are persons, as are deceased persons.
- 补充信息：generalizations: humanagent",1,qwen-max-0125,0.0,8192,https://api2.aigcbest.top/v1,"判断结果：正确  
解释：根据背景知识，organizationhastopmember的range被定义为person，且person是一个已知概念，符合RDFS语义规则中对属性客体范围的约束。",1,1,
sample_0223,range,range(languageofcountry) = country,"背景知识：
条目1：
- 名称：languageofcountry
- 类型：Class
- 简介：{%%s is the %s the country %%s, language of}
- 补充信息：generalizations: relatedto | domain: language | range: country

条目2：
- 名称：country
- 类型：Class
- 简介：{%%s is a %s, country}
- 补充信息：generalizations: geopoliticallocation, geopoliticalorganization, geolocatablething",1,qwen-max-0125,0.0,8192,https://api2.aigcbest.top/v1,"判断结果：正确  
解释：根据背景知识，languageofcountry的range被定义为country，符合RDFS语义规则中range约束属性客体应属于某一类的要求。",1,1,
sample_0224,range,range(bakegoodistypicalincountry) = country,"背景知识：
条目1：
- 名称：bakegoodistypicalincountry
- 类型：Unknown
- 简介：Describes the typicall bakegoods of the countries
- 补充信息：generalizations: relatedto | domain: bakedgood | range: country

条目2：
- 名称：country
- 类型：Unknown
- 简介：The type ""country"" in Freebase can and should be used with a variety of topics. The most common will be probably be current and former independent nations, potentially including composite entities such as empires. It can also be used for au...
- 补充信息：generalizations: geopoliticallocation, geopoliticalorganization, geolocatablething",1,qwen-max-0125,0.0,8192,https://api2.aigcbest.top/v1,"判断结果：正确  
解释：根据背景知识，bakegoodistypicalincountry 的 range 被定义为 country，且 country 是一个有效的类型，符合 RDFS 的 range 约束规则。",1,1,
sample_0225,range,range(criminalarrestedincountry) = country,"背景知识：
条目1：
- 名称：criminalarrestedincountry
- 类型：Unknown
- 简介：Country where criminal was arrested
- 补充信息：generalizations: agentrelatedtolocation | domain: criminal | range: country

条目2：
- 名称：country
- 类型：Unknown
- 简介：The type ""country"" in Freebase can and should be used with a variety of topics. The most common will be probably be current and former independent nations, potentially including composite entities such as empires. It can also be used for au...
- 补充信息：generalizations: geopoliticallocation, geopoliticalorganization, geolocatablething",1,qwen-max-0125,0.0,8192,https://api2.aigcbest.top/v1,"判断结果：正确  
解释：根据背景知识，criminalarrestedincountry 的 range 被定义为 country，且 country 是一个合理的类别，符合 RDFS 的 range 语义规则。",1,1,
sample_0226,range,range(arteriessuchasarteries) = artery,"背景知识：
条目1：
- 名称：arteriessuchasarteries
- 类型：Class
- 简介：{%%s %s %%s, is a generalization of}
- 补充信息：generalizations: generalizationof | domain: artery | range: artery

条目2：
- 名称：artery
- 类型：Class
- 简介：{%%s is an %s, artery}
- 补充信息：generalizations: bodypart",1,qwen-max-0125,0.0,8192,https://api2.aigcbest.top/v1,"判断结果：正确  
解释：根据背景知识，arteriessuchasarteries 的 range 被定义为 artery，符合 RDFS 中 range 公理的语义规则，表示属性客体应属于 artery 类。",1,1,
sample_0227,range,range(countrylocatedingeopoliticallocation) = geopoliticallocation,"背景知识：
条目1：
- 名称：countrylocatedingeopoliticallocation
- 类型：Unknown
- 简介：specifies that a particular country is located in a particular geopolitical entity
- 补充信息：generalizations: locationlocatedwithinlocation | domain: country | range: geopoliticallocation

条目2：
- 名称：geopoliticallocation
- 类型：Unknown
- 简介：Those geopolitical entities that are location
- 补充信息：generalizations: geopoliticalentity, location",1,qwen-max-0125,0.0,8192,https://api2.aigcbest.top/v1,"判断结果：正确  
解释：根据背景知识，countrylocatedingeopoliticallocation 的 range 被定义为 geopoliticallocation，这与公理一致，符合 RDFS 的 range 语义规则。",1,1,
sample_0228,range,range(inverseofbankboughtbank) = bank,"背景知识：
条目1：
- 名称：inverseofbankboughtbank
- 类型：Class
- 简介：inverseofbankboughtbank is a class in the NELL knowledge base.
- 补充信息：generalizations: acquiredby | domain: bank | range: bank

条目2：
- 名称：bank
- 类型：Class
- 简介：{%%s is a %s, bank}
- 补充信息：generalizations: company",1,qwen-max-0125,0.0,8192,https://api2.aigcbest.top/v1,"判断结果：正确  
解释：根据背景知识，inverseofbankboughtbank的range被定义为bank，且RDFS语义规则中range表示属性客体应属于某一类，因此该公理与背景知识一致。",1,1,
sample_0229,range,range(dateatwhichexistslocation) = location,"背景知识：
条目1：
- 名称：dateatwhichexistslocation
- 类型：Class
- 简介：dateatwhichexistslocation is a class in the NELL knowledge base.
- 补充信息：generalizations: dateof | domain: date | range: location

条目2：
- 名称：location
- 类型：Class
- 简介：{%%s is a %s, location}
- 补充信息：generalizations: everypromotedthing",1,qwen-max-0125,0.0,8192,https://api2.aigcbest.top/v1,"判断结果：正确  
解释：根据背景知识，dateatwhichexistslocation的range被定义为location，符合RDFS语义规则中range的约束定义。",1,1,
sample_0230,range,range(latitudelongitudeof) = everypromotedthing,"背景知识：
条目1：
- 名称：latitudelongitudeof
- 类型：Unknown
- 简介：the latitude and longitude of this location, or the latitude and longitude typically associated with this thing
- 补充信息：generalizations: relatedto | domain: llcoordinate | range: everypromotedthing

条目2：
- 名称：everypromotedthing
- 类型：Unknown
- 简介：every promoted category instance in KB",1,qwen-max-0125,0.0,8192,https://api2.aigcbest.top/v1,"判断结果：错误  
解释：根据背景知识，latitudelongitudeof 的 range 应为 everypromotedthing，但其语义描述表明该属性的客体应与经纬度相关，而非任意 promoted category 实例，因此与 range 的定义冲突。",0,0,
sample_0231,range,range(arthropodandotherarthropod) = arthropod,"背景知识：
条目1：
- 名称：arthropodandotherarthropod
- 类型：Class
- 简介：{%%s is an arthropod %s %%s also is, as well as}
- 补充信息：generalizations: animalistypeofanimal | domain: arthropod | range: arthropod

条目2：
- 名称：arthropod
- 类型：Class
- 简介：{%%s is an %s, arthropod}
- 补充信息：generalizations: invertebrate",1,qwen-max-0125,0.0,8192,https://api2.aigcbest.top/v1,"判断结果：正确  
解释：根据背景知识，arthropodandotherarthropod的range被定义为arthropod，符合RDFS语义规则中range的约束定义。",1,1,
sample_0232,range,range(inverseofsoftwareprogrammedinprogramminglanguage) = software,"背景知识：
条目1：
- 名称：inverseofsoftwareprogrammedinprogramminglanguage
- 类型：Class
- 简介：inverseofsoftwareprogrammedinprogramminglanguage is a class in the NELL knowledge base.
- 补充信息：generalizations: relatedto | domain: programminglanguage | range: software

条目2：
- 名称：software
- 类型：Class
- 简介：{%%s is %s, software}
- 补充信息：generalizations: product",1,qwen-max-0125,0.0,8192,https://api2.aigcbest.top/v1,"判断结果：正确  
解释：根据背景知识，inverseofsoftwareprogrammedinprogramminglanguage的range被定义为software，且software是一个合法的类，符合RDFS语义规则中range的约束要求。",1,1,
sample_0233,range,range(eventcausedevent) = event,"背景知识：
条目1：
- 名称：eventcausedevent
- 类型：Unknown
- 简介：Any events that is caused by another event
- 补充信息：generalizations: relatedto | domain: event | range: event

条目2：
- 名称：event
- 类型：Unknown
- 简介：An event is a topic that can be described by the time or date at which it happened. Long-lasting events may be described as occurring between two dates. It is sometimes appropriate to create abstract events, as collections of other events
- 补充信息：generalizations: abstractthing",1,qwen-max-0125,0.0,8192,https://api2.aigcbest.top/v1,"判断结果：正确  
解释：根据背景知识，eventcausedevent 的 range 被定义为 event，且 RDFS 语义规则中 range 表示属性客体的类别约束，因此该公理与背景知识一致。",1,1,
sample_0234,range,range(newpaperhaswebsite) = website,"背景知识：
条目1：
- 名称：newpaperhaswebsite
- 类型：Class
- 简介：{%%s %s %%s, is related to}
- 补充信息：generalizations: organizationhasofficialwebsite | domain: newspaper | range: website

条目2：
- 名称：website
- 类型：Class
- 简介：{%%s is a %s, website}
- 补充信息：generalizations: location",1,qwen-max-0125,0.0,8192,https://api2.aigcbest.top/v1,"判断结果：正确  
解释：根据背景知识，newpaperhaswebsite 的 range 被定义为 website，符合 RDFS 中 range 的语义规则，即属性的客体应属于指定类。",1,1,
sample_0235,range,range(teamhomestadium) = stadiumoreventvenue,"背景知识：
条目1：
- 名称：teamhomestadium
- 类型：Class
- 简介：{%%s is the %s the sports team %%s, home venue for}
- 补充信息：generalizations: organizationactsinlocation | domain: sportsteam | range: stadiumoreventvenue

条目2：
- 名称：stadiumoreventvenue
- 类型：Class
- 简介：{%%s is a %s, stadium or event venue}
- 补充信息：generalizations: building, attraction",1,qwen-max-0125,0.0,8192,https://api2.aigcbest.top/v1,"判断结果：正确  
解释：根据背景知识，teamhomestadium的range被定义为stadiumoreventvenue，符合RDFS语义规则中属性客体应属于某一类的约束。",1,1,
sample_0236,range,range(politicianusendorsedbypoliticianus) = politicianus,"背景知识：
条目1：
- 名称：politicianusendorsedbypoliticianus
- 类型：Class
- 简介：{%%s is a U.S. politician %s the U.S. politician %%s, endorsed by}
- 补充信息：generalizations: politicianendorsedbypolitician | domain: politicianus | range: politicianus

条目2：
- 名称：politicianus
- 类型：Class
- 简介：{%%s is a %s, U.S. politician}
- 补充信息：generalizations: personus, politician",1,qwen-max-0125,0.0,8192,https://api2.aigcbest.top/v1,"判断结果：正确  
解释：根据背景知识，politicianusendorsedbypoliticianus 的 range 被定义为 politicianus，符合 RDFS 语义规则中属性客体应属于某一类的约束。",1,1,
sample_0237,range,range(comediancanbethesameasmale) = male,"背景知识：
条目1：
- 名称：comediancanbethesameasmale
- 类型：Class
- 简介：{%%s %s %%s, is related to}
- 补充信息：generalizations: canbethesameas | domain: comedian | range: male

条目2：
- 名称：male
- 类型：Class
- 简介：{%%s is a %s, male}
- 补充信息：generalizations: person",1,qwen-max-0125,0.0,8192,https://api2.aigcbest.top/v1,"判断结果：正确  
解释：根据背景知识，comediancanbethesameasmale 的 range 被定义为 male，符合 RDFS 中 range 的语义规则，即属性的客体应属于指定类。",1,1,
sample_0238,range,range(professionactsatthesameareaofpoliticissue) = profession,"背景知识：
条目1：
- 名称：professionactsatthesameareaofpoliticissue
- 类型：Unknown
- 简介：Describes professions that work at the area of a political issue
- 补充信息：generalizations: relatedto | domain: politicsissue | range: profession

条目2：
- 名称：profession
- 类型：Unknown
- 简介：The career or job which a person performs for most of their working life, or for which they are best known (FreeBase)
- 补充信息：generalizations: abstractthing",1,qwen-max-0125,0.0,8192,https://api2.aigcbest.top/v1,"判断结果：正确  
解释：根据背景知识，属性“professionactsatthesameareaofpoliticissue”的range被定义为“profession”，这与公理一致，符合RDFS语义规则。",1,1,
sample_0239,range,range(productlauchpredecessor) = product,"背景知识：
条目1：
- 名称：productlauchpredecessor
- 类型：Class
- 简介：{%%s was %s of the product launched in %%s, the predecessor}
- 补充信息：generalizations: relatedto | domain: productlaunchevent | range: product

条目2：
- 名称：product
- 类型：Class
- 简介：{%%s is a %s, product}
- 补充信息：generalizations: item",1,qwen-max-0125,0.0,8192,https://api2.aigcbest.top/v1,"判断结果：正确  
解释：根据背景知识，productlauchpredecessor的range被定义为product，符合RDFS语义规则中对属性客体类别的约束。",1,1,
sample_0240,range,range(stadiumlocatedincity) = city,"背景知识：
条目1：
- 名称：stadiumlocatedincity
- 类型：Class
- 简介：{%%s is a stadium or event venue %s the city %%s, located in}
- 补充信息：generalizations: attractionofcity, buildinglocatedincity, proxyof | domain: stadiumoreventvenue | range: city

条目2：
- 名称：city
- 类型：Class
- 简介：{%%s is a %s, city}
- 补充信息：generalizations: geopoliticallocation, geopoliticalorganization, visualizablescene",1,qwen-max-0125,0.0,8192,https://api2.aigcbest.top/v1,"判断结果：正确  
解释：根据背景知识，stadiumlocatedincity 的 range 被定义为 city，这与公理一致，符合 RDFS 的 range 语义规则。",1,1,
sample_0241,subClassOf,abstractthing ⊑ politicsissue,"背景知识：
条目1：
- 名称：abstractthing
- 类型：Class
- 简介：{%%s is an %s, abstract thing}
- 补充信息：generalizations: everypromotedthing

条目2：
- 名称：politicsissue
- 类型：Class
- 简介：{%%s is a %s, political issue}
- 补充信息：generalizations: abstractthing",0,qwen-max-0125,0.0,8192,https://api2.aigcbest.top/v1,"判断结果：错误  
解释：根据背景知识，abstractthing是politicsissue的超类（通过generalizations关系可知），而公理abstractthing ⊑ politicsissue表示abstractthing是politicsissue的子类，与背景知识冲突。",0,1,
sample_0242,subClassOf,species ⊑ archaea,"背景知识：
条目1：
- 名称：species
- 类型：Class
- 简介：{%%s is a %s of animal, species}
- 补充信息：generalizations: abstractthing

条目2：
- 名称：archaea
- 类型：Class
- 简介：{%%s is an %s, archaeon}
- 补充信息：generalizations: species",0,qwen-max-0125,0.0,8192,https://api2.aigcbest.top/v1,"判断结果：错误  
解释：根据背景知识，archaea 是 species 的子类（generalizations: species），而公理 species ⊑ archaea 表示 species 是 archaea 的子类，与背景知识冲突。",0,1,
sample_0243,subClassOf,organization ⊑ terroristorganization,"背景知识：
条目1：
- 名称：organization
- 类型：Unknown
- 简介：An organization is an organized body of members or people with a particular purpose; in the Freebase context, a organization doesn't have a business association, like a company. Companies have their own type in the business domain, located....
- 补充信息：generalizations: humanagent

条目2：
- 名称：terroristorganization
- 类型：Unknown
- 简介：an organization that is involved in terrorist activities.
- 补充信息：generalizations: organization",0,qwen-max-0125,0.0,8192,https://api2.aigcbest.top/v1,"判断结果：错误  
解释：根据背景知识，terroristorganization是organization的子类，而公理organization ⊑ terroristorganization错误地将超类表述为子类的关系。",0,1,
sample_0244,subClassOf,bodypart ⊑ bone,"背景知识：
条目1：
- 名称：bodypart
- 类型：Class
- 简介：{%%s is a %s, part of the body}
- 补充信息：generalizations: item

条目2：
- 名称：bone
- 类型：Class
- 简介：{%%s is a %s, bone}
- 补充信息：generalizations: bodypart",0,qwen-max-0125,0.0,8192,https://api2.aigcbest.top/v1,"判断结果：错误  
解释：根据背景知识，bone 是 bodypart 的子类（bone ⊑ bodypart），而公理 bodypart ⊑ bone 与这一关系冲突，违反了 RDFS 的 subClassOf 语义规则。",0,1,
sample_0245,subClassOf,personbylocation ⊑ personeurope,"背景知识：
条目1：
- 名称：personbylocation
- 类型：Unknown
- 简介：Parent category to break up people by regional/national location, which exists as a way to constrain some of the political predicates to the U.S. For simplicity of decision-making, we use ""citizenship"" as the rule for belongingness in these...
- 补充信息：generalizations: person

条目2：
- 名称：personeurope
- 类型：Unknown
- 简介：citizens of countries in Europe
- 补充信息：generalizations: personbylocation",0,qwen-max-0125,0.0,8192,https://api2.aigcbest.top/v1,"判断结果：错误  
解释：根据背景知识，personbylocation是personeurope的父类，而公理表示personbylocation是personeurope的子类，与RDFS的subClassOf语义规则冲突。",0,1,
sample_0246,subClassOf,geopoliticallocation ⊑ city,"背景知识：
条目1：
- 名称：geopoliticallocation
- 类型：Unknown
- 简介：Those geopolitical entities that are location
- 补充信息：generalizations: geopoliticalentity, location

条目2：
- 名称：city
- 类型：Unknown
- 简介：City/town/village refers to all named inhabited places at the most locally recognized level, but above the level of neighborhood. It is the most local region where there is a form of government or self-organization. Cities/towns/villages ar...
- 补充信息：generalizations: geopoliticallocation, geopoliticalorganization, geolocatablething",0,qwen-max-0125,0.0,8192,https://api2.aigcbest.top/v1,"判断结果：错误  
解释：根据背景知识，geopoliticallocation是更广义的概念，而city是其具体化的一个子类，因此geopoliticallocation不应被定义为city的子类。",0,1,
sample_0247,subClassOf,abstractthing ⊑ visualartmovement,"背景知识：
条目1：
- 名称：abstractthing
- 类型：Unknown
- 简介：thought, quality, characteristic apart from concrete realities, specific objects, or actual instances; theoretical, not applied or practical (http://dictionary.reference.com/browse/abstract)
- 补充信息：generalizations: everypromotedthing

条目2：
- 名称：visualartmovement
- 类型：Unknown
- 简介：A tendency or style in art with a specific common philosophy or goal, followed by a group of artists during a restricted period of time, or, at least, with the heyday of the movement more or less strictly so restricted (usually a few months...
- 补充信息：generalizations: abstractthing",0,qwen-max-0125,0.0,8192,https://api2.aigcbest.top/v1,"判断结果：错误  
解释：根据背景知识，abstractthing是更通用的概念，而visualartmovement是其具体化的一个子类，因此应为visualartmovement ⊑ abstractthing，而非相反。",0,1,
sample_0248,subClassOf,geolocatablething ⊑ university,"背景知识：
条目1：
- 名称：geolocatablething
- 类型：Unknown
- 简介：{%%s is a %s, geolocatable thing}
- 补充信息：generalizations: everypromotedthing

条目2：
- 名称：university
- 类型：Unknown
- 简介：A university is a post-high school educational institution. This category includes colleges and technical schools.
- 补充信息：generalizations: school, geolocatablething",0,qwen-max-0125,0.0,8192,https://api2.aigcbest.top/v1,"判断结果：错误  
解释：根据背景知识，geolocatablething是更通用的概念，而university是更具体的类型，因此geolocatablething不应被定义为university的子类。",0,1,
sample_0249,subClassOf,event ⊑ musicfestival,"背景知识：
条目1：
- 名称：event
- 类型：Unknown
- 简介：An event is a topic that can be described by the time or date at which it happened. Long-lasting events may be described as occurring between two dates. It is sometimes appropriate to create abstract events, as collections of other events
- 补充信息：generalizations: abstractthing

条目2：
- 名称：musicfestival
- 类型：Unknown
- 简介：A Music Festival is a musical event where live music is played, typically by multiple musical artists. A festival may be a singular event or a recurring one.
- 补充信息：generalizations: event",0,qwen-max-0125,0.0,8192,https://api2.aigcbest.top/v1,"判断结果：错误  
解释：根据背景知识，musicfestival 是 event 的特例（generalizations: event），因此 event 不可能是 musicfestival 的子类。",0,1,
sample_0250,subClassOf,person ⊑ politician,"背景知识：
条目1：
- 名称：person
- 类型：Class
- 简介：{%%s is a %s, person}
- 补充信息：generalizations: humanagent

条目2：
- 名称：politician
- 类型：Class
- 简介：{%%s is a %s, politician}
- 补充信息：generalizations: person",0,qwen-max-0125,0.0,8192,https://api2.aigcbest.top/v1,"判断结果：错误  
解释：根据背景知识，politician 是 person 的子类（politician ⊑ person），而公理 person ⊑ politician 与该层次关系冲突，违反了 RDFS 的 subClassOf 语义规则。",0,1,
sample_0251,subClassOf,visualizableobject ⊑ vehicle,"背景知识：
条目1：
- 名称：visualizableobject
- 类型：Class
- 简介：{%%s is a %s, visualizable thing}
- 补充信息：generalizations: visualizablething

条目2：
- 名称：vehicle
- 类型：Class
- 简介：{%%s is a kind of %s, vehicle}
- 补充信息：generalizations: product, visualizableobject",0,qwen-max-0125,0.0,8192,https://api2.aigcbest.top/v1,"判断结果：错误  
解释：根据背景知识，visualizableobject是visualizablething的泛化，而vehicle是product和visualizableobject的泛化，因此visualizableobject并不一定是vehicle的子类。",0,1,
sample_0252,subClassOf,personbylocation ⊑ personaustralia,"背景知识：
条目1：
- 名称：personbylocation
- 类型：Unknown
- 简介：Parent category to break up people by regional/national location, which exists as a way to constrain some of the political predicates to the U.S. For simplicity of decision-making, we use ""citizenship"" as the rule for belongingness in these...
- 补充信息：generalizations: person

条目2：
- 名称：personaustralia
- 类型：Unknown
- 简介：citizens of Australia
- 补充信息：generalizations: personbylocation",0,qwen-max-0125,0.0,8192,https://api2.aigcbest.top/v1,"判断结果：错误  
解释：根据背景知识，personbylocation是personaustralia的父类，而公理中表示personbylocation是personaustralia的子类，与RDFS的subClassOf语义规则冲突。",0,1,
sample_0253,subClassOf,geopoliticallocation ⊑ island,"背景知识：
条目1：
- 名称：geopoliticallocation
- 类型：Unknown
- 简介：Those geopolitical entities that are location
- 补充信息：generalizations: geopoliticalentity, location

条目2：
- 名称：island
- 类型：Unknown
- 简介：any piece of land surrounded entirely by water
- 补充信息：generalizations: geopoliticallocation",0,qwen-max-0125,0.0,8192,https://api2.aigcbest.top/v1,"判断结果：错误  
解释：根据背景知识，geopoliticallocation是geopoliticalentity和location的泛化，而island是geopoliticallocation的子类，因此geopoliticallocation不能被定义为island的子类。",0,1,
sample_0254,subClassOf,everypromotedthing ⊑ location,"背景知识：
条目1：
- 名称：everypromotedthing
- 类型：Class
- 简介：{%%s is %s, something}

条目2：
- 名称：location
- 类型：Class
- 简介：{%%s is a %s, location}
- 补充信息：generalizations: everypromotedthing",0,qwen-max-0125,0.0,8192,https://api2.aigcbest.top/v1,"判断结果：错误  
解释：根据背景知识，location 是 everypromotedthing 的子类（generalizations: everypromotedthing），因此 everypromotedthing 不可能是 location 的子类，与 RDFS 的 subClassOf 语义规则冲突。",0,1,
sample_0255,subClassOf,item ⊑ fungus,"背景知识：
条目1：
- 名称：item
- 类型：Class
- 简介：{%%s is an %s, item}
- 补充信息：generalizations: everypromotedthing

条目2：
- 名称：fungus
- 类型：Class
- 简介：{%%s is a %s, fungus}
- 补充信息：generalizations: item, species",0,qwen-max-0125,0.0,8192,https://api2.aigcbest.top/v1,"判断结果：错误  
解释：根据背景知识，item是fungus的泛化（generalization），而RDFS语义规则中subClassOf表示子类关系，因此item ⊑ fungus与背景知识冲突。",0,1,
sample_0256,subClassOf,item ⊑ musicinstrument,"背景知识：
条目1：
- 名称：item
- 类型：Class
- 简介：{%%s is an %s, item}
- 补充信息：generalizations: everypromotedthing

条目2：
- 名称：musicinstrument
- 类型：Class
- 简介：{%%s is a %s, musical instrument}
- 补充信息：generalizations: item, visualizableobject",0,qwen-max-0125,0.0,8192,https://api2.aigcbest.top/v1,"判断结果：错误  
解释：根据背景知识，item是musicinstrument的上位类（generalizations中musicinstrument包含item），因此item ⊑ musicinstrument与RDFS语义规则冲突。",0,1,
sample_0257,subClassOf,visualizableattribute ⊑ geometricshape,"背景知识：
条目1：
- 名称：visualizableattribute
- 类型：Class
- 简介：{%%s is a %s, visualizable attribute}
- 补充信息：generalizations: visualizablething

条目2：
- 名称：geometricshape
- 类型：Class
- 简介：{%%s is a %s, geometric shape}
- 补充信息：generalizations: visualizableattribute, abstractthing",0,qwen-max-0125,0.0,8192,https://api2.aigcbest.top/v1,"判断结果：错误  
解释：根据背景知识，visualizableattribute是geometricshape的泛化概念，而非其子类，因此该公理与subClassOf语义规则冲突。",0,1,
sample_0258,subClassOf,item ⊑ officeitem,"背景知识：
条目1：
- 名称：item
- 类型：Class
- 简介：{%%s is an %s, item}
- 补充信息：generalizations: everypromotedthing

条目2：
- 名称：officeitem
- 类型：Class
- 简介：{%%s is an %s, office supply}
- 补充信息：generalizations: item",0,qwen-max-0125,0.0,8192,https://api2.aigcbest.top/v1,"判断结果：错误  
解释：根据背景知识，officeitem 是 item 的子类（generalizations: item），而公理 item ⊑ officeitem 表示 item 是 officeitem 的子类，与背景知识冲突。",0,1,
sample_0259,subClassOf,item ⊑ plant,"背景知识：
条目1：
- 名称：item
- 类型：Class
- 简介：{%%s is an %s, item}
- 补充信息：generalizations: everypromotedthing

条目2：
- 名称：plant
- 类型：Class
- 简介：{%%s is a %s, plant}
- 补充信息：generalizations: item, species",0,qwen-max-0125,0.0,8192,https://api2.aigcbest.top/v1,"判断结果：错误  
解释：根据背景知识，item是plant的上位概念（generalizations: everypromotedthing），而plant是item的子类（generalizations: item, species），因此item ⊑ plant与RDFS语义规则冲突。",0,1,
sample_0260,subClassOf,company ⊑ caf_,"背景知识：
条目1：
- 名称：company
- 类型：Class
- 简介：{%%s is a %s, company}
- 补充信息：generalizations: organization

条目2：
- 名称：caf_
- 类型：Class
- 简介：{%%s is a %s, café}
- 补充信息：generalizations: location, company",0,qwen-max-0125,0.0,8192,https://api2.aigcbest.top/v1,"判断结果：错误  
解释：根据背景知识，company的上位类是organization，而caf_的上位类包括location和company，二者之间不存在包含关系，因此company ⊑ caf_不符合RDFS的subClassOf语义规则。",0,1,
sample_0261,subClassOf,person ⊑ architect,"背景知识：
条目1：
- 名称：person
- 类型：Class
- 简介：{%%s is a %s, person}
- 补充信息：generalizations: humanagent

条目2：
- 名称：architect
- 类型：Class
- 简介：{%%s is an %s, architect}
- 补充信息：generalizations: person",0,qwen-max-0125,0.0,8192,https://api2.aigcbest.top/v1,"判断结果：错误  
解释：根据背景知识，architect 是 person 的子类（architect ⊑ person），而公理 person ⊑ architect 与这一关系冲突，违反了 RDFS 的 subClassOf 语义规则。",0,1,
sample_0262,subClassOf,personus ⊑ politicianus,"背景知识：
条目1：
- 名称：personus
- 类型：Unknown
- 简介：citizens of the U.S.A.
- 补充信息：generalizations: personnorthamerica

条目2：
- 名称：politicianus
- 类型：Unknown
- 简介：Politicians of the U.S.A
- 补充信息：generalizations: personus, politician",0,qwen-max-0125,0.0,8192,https://api2.aigcbest.top/v1,"判断结果：错误  
解释：根据背景知识，personus表示美国公民，而politicianus表示美国政治家，美国公民并不都是政治家，因此personus不是politicianus的子类。",0,1,
sample_0263,subClassOf,abstractthing ⊑ physicalaction,"背景知识：
条目1：
- 名称：abstractthing
- 类型：Class
- 简介：{%%s is an %s, abstract thing}
- 补充信息：generalizations: everypromotedthing

条目2：
- 名称：physicalaction
- 类型：Class
- 简介：{%%s is a %s, physical action}
- 补充信息：generalizations: abstractthing",0,qwen-max-0125,0.0,8192,https://api2.aigcbest.top/v1,"判断结果：错误  
解释：根据背景知识，abstractthing是physicalaction的超类（通过generalizations关系间接推导），而公理abstractthing ⊑ physicalaction表示abstractthing是physicalaction的子类，与背景知识冲突。",0,1,
sample_0264,subClassOf,building ⊑ shoppingmall,"背景知识：
条目1：
- 名称：building
- 类型：Unknown
- 简介：A building is a man-made structure designed for shelter or for continuous or periodic occupancy. All buildings are structures and therefore typed ""Structure"" which imparts other basic properties (see /architecture/structure). If something i...
- 补充信息：generalizations: location, geolocatablething

条目2：
- 名称：shoppingmall
- 类型：Unknown
- 简介：A shopping mall is a building or group of buildings containing many stores, restaurants, and businesses.
- 补充信息：generalizations: building",0,qwen-max-0125,0.0,8192,https://api2.aigcbest.top/v1,"判断结果：错误  
解释：根据背景知识，shoppingmall 是 building 的子类，而公理 building ⊑ shoppingmall 表示所有 building 都是 shoppingmall，这与背景知识和常识不符。",0,1,
sample_0265,subClassOf,sportsevent ⊑ race,"背景知识：
条目1：
- 名称：sportsevent
- 类型：Unknown
- 简介：is when a sport is played or otherwise engaged in, including but not limited to what would be termed a ""sports game"". See child categories for examples.
- 补充信息：generalizations: event

条目2：
- 名称：race
- 类型：Unknown
- 简介：A sport race is a competition of speed, against an objective criterion, usually a clock or to a specific point. The competitors in a race try to complete a given task in the shortest amount of time. Typically this involves traversing some d...
- 补充信息：generalizations: sportsevent",0,qwen-max-0125,0.0,8192,https://api2.aigcbest.top/v1,"判断结果：错误  
解释：根据背景知识，race 是 sportsevent 的子类（generalizations: sportsevent），而公理 sportsevent ⊑ race 表示 sportsevent 是 race 的子类，与背景知识和 RDFS 语义规则冲突。",0,1,
sample_0266,subClassOf,attraction ⊑ aquarium,"背景知识：
条目1：
- 名称：attraction
- 类型：Unknown
- 简介：sight or feature that you might visit as a tourist. Examples include monuments, parks, museums, and the like. This type includes Location, which means it is usually used for things which are themselves locations (like those described above
- 补充信息：generalizations: location

条目2：
- 名称：aquarium
- 类型：Unknown
- 简介：the aquatic counterpart of a zoo, housing living aquatic species for viewing
- 补充信息：generalizations: attraction",0,qwen-max-0125,0.0,8192,https://api2.aigcbest.top/v1,"判断结果：错误  
解释：根据背景知识，attraction是更广义的概念，而aquarium是其具体化的一种类型，因此应为aquarium ⊑ attraction，而非attraction ⊑ aquarium。",0,1,
sample_0267,subClassOf,item ⊑ food,"背景知识：
条目1：
- 名称：item
- 类型：Unknown
- 简介：Any tangible thing that does not have the power to act (agency)
- 补充信息：generalizations: everypromotedthing

条目2：
- 名称：food
- 类型：Unknown
- 简介：A food is any edible substance with nutritional value, whether it's a basic foodstuff like rice or apples, or a commercial product like Poptarts or I Can't Believe It's Not Butter. ""Nutritional value"" encompasses anything useful for growth....
- 补充信息：generalizations: item, visualizableobject",0,qwen-max-0125,0.0,8192,https://api2.aigcbest.top/v1,"判断结果：错误  
解释：根据背景知识，item是更广义的概念，而food是item的子集，因此item ⊑ food与语义规则冲突。",0,1,
sample_0268,subClassOf,abstractthing ⊑ creativework,"背景知识：
条目1：
- 名称：abstractthing
- 类型：Class
- 简介：{%%s is an %s, abstract thing}
- 补充信息：generalizations: everypromotedthing

条目2：
- 名称：creativework
- 类型：Class
- 简介：{%%s is a %s, creative work}
- 补充信息：generalizations: abstractthing",0,qwen-max-0125,0.0,8192,https://api2.aigcbest.top/v1,"判断结果：错误  
解释：根据背景知识，abstractthing是everypromotedthing的泛化，而creativework是abstractthing的泛化，因此abstractthing不可能是creativework的子类。",0,1,
sample_0269,subClassOf,attraction ⊑ port,"背景知识：
条目1：
- 名称：attraction
- 类型：Unknown
- 简介：sight or feature that you might visit as a tourist. Examples include monuments, parks, museums, and the like. This type includes Location, which means it is usually used for things which are themselves locations (like those described above
- 补充信息：generalizations: location

条目2：
- 名称：port
- 类型：Unknown
- 简介：a location on a coast or shore containing one or more harbors where ships can dock and transfer people or cargo to or from land. Port locations are selected to optimize access to land and navigable water, for commercial demand, and for shel...
- 补充信息：generalizations: attraction",0,qwen-max-0125,0.0,8192,https://api2.aigcbest.top/v1,"判断结果：错误  
解释：根据背景知识，attraction是port的泛化概念，而非其子类，因此attraction ⊑ port与语义规则冲突。",0,1,
sample_0270,subClassOf,fruit ⊑ legume,"背景知识：
条目1：
- 名称：fruit
- 类型：Class
- 简介：{%%s is a %s, fruit}
- 补充信息：generalizations: food

条目2：
- 名称：legume
- 类型：Class
- 简介：{%%s is a %s, legume}
- 补充信息：generalizations: fruit",0,qwen-max-0125,0.0,8192,https://api2.aigcbest.top/v1,"判断结果：错误  
解释：根据背景知识，fruit 的上位类是 food，而 legume 的上位类是 fruit，因此 fruit 不可能是 legume 的子类，与 subClassOf 的语义规则冲突。",0,1,
sample_0271,subClassOf,game ⊑ traditionalgame,"背景知识：
条目1：
- 名称：game
- 类型：Unknown
- 简介：General parent category for more specific kinds of games
- 补充信息：generalizations: abstractthing

条目2：
- 名称：traditionalgame
- 类型：Unknown
- 简介：Includes all non-sports, non-electronic games including board games, parlor games and card games.
- 补充信息：generalizations: game",0,qwen-max-0125,0.0,8192,https://api2.aigcbest.top/v1,"判断结果：错误  
解释：根据背景知识，traditionalgame是game的子类，而公理game ⊑ traditionalgame表示game是traditionalgame的子类，与背景知识和RDFS语义规则冲突。",0,1,
sample_0272,subClassOf,item ⊑ agriculturalproduct,"背景知识：
条目1：
- 名称：item
- 类型：Unknown
- 简介：Any tangible thing that does not have the power to act (agency)
- 补充信息：generalizations: everypromotedthing

条目2：
- 名称：agriculturalproduct
- 类型：Unknown
- 简介：a living thing (or something derived therefrom) which is specifically cultivated and produced to sustain or enrich life
- 补充信息：generalizations: item",0,qwen-max-0125,0.0,8192,https://api2.aigcbest.top/v1,"判断结果：错误  
解释：根据背景知识，agriculturalproduct 是 item 的子类（generalizations: item），因此 item 不可能是 agriculturalproduct 的子类，与 RDFS 的 subClassOf 语义规则冲突。",0,1,
sample_0273,subClassOf,abstractthing ⊑ physicalaction,"背景知识：
条目1：
- 名称：abstractthing
- 类型：Unknown
- 简介：thought, quality, characteristic apart from concrete realities, specific objects, or actual instances; theoretical, not applied or practical (http://dictionary.reference.com/browse/abstract)
- 补充信息：generalizations: everypromotedthing

条目2：
- 名称：physicalaction
- 类型：Unknown
- 简介：An event that involves someone doing something with their physical body.
- 补充信息：generalizations: abstractthing",0,qwen-max-0125,0.0,8192,https://api2.aigcbest.top/v1,"判断结果：错误  
解释：根据背景知识，abstractthing表示抽象概念，而physicalaction表示涉及身体动作的具体事件，抽象概念不可能是具体身体动作的子类。",0,1,
sample_0274,subClassOf,geopoliticalentity ⊑ geopoliticalorganization,"背景知识：
条目1：
- 名称：geopoliticalentity
- 类型：Class
- 简介：{%%s is a %s, geopolitical entity}
- 补充信息：generalizations: abstractthing

条目2：
- 名称：geopoliticalorganization
- 类型：Class
- 简介：{%%s is a %s that is an organization, geopolitical entity}
- 补充信息：generalizations: organization, geopoliticalentity",0,qwen-max-0125,0.0,8192,https://api2.aigcbest.top/v1,"判断结果：错误  
解释：根据背景知识，geopoliticalentity是更一般的概念，而geopoliticalorganization是其具体化，因此geopoliticalentity不应被定义为geopoliticalorganization的子类。",0,1,
sample_0275,subClassOf,geopoliticalorganization ⊑ politicsgroup,"背景知识：
条目1：
- 名称：geopoliticalorganization
- 类型：Class
- 简介：{%%s is a %s that is an organization, geopolitical entity}
- 补充信息：generalizations: organization, geopoliticalentity

条目2：
- 名称：politicsgroup
- 类型：Class
- 简介：{%%s is a %s, political group}
- 补充信息：generalizations: geopoliticalorganization",0,qwen-max-0125,0.0,8192,https://api2.aigcbest.top/v1,"判断结果：错误  
解释：根据背景知识，geopoliticalorganization 是 politicsgroup 的泛化（generalization），而非其子类，因此该公理与背景知识冲突。",0,1,
sample_0276,subClassOf,person ⊑ writer,"背景知识：
条目1：
- 名称：person
- 类型：Class
- 简介：{%%s is a %s, person}
- 补充信息：generalizations: humanagent

条目2：
- 名称：writer
- 类型：Class
- 简介：{%%s is a %s, writer}
- 补充信息：generalizations: person",0,qwen-max-0125,0.0,8192,https://api2.aigcbest.top/v1,"判断结果：错误  
解释：根据背景知识，writer 是 person 的子类（generalizations: person），而公理 person ⊑ writer 表示 person 是 writer 的子类，这与 RDFS 的 subClassOf 语义规则和背景知识冲突。",0,1,
sample_0277,subClassOf,food ⊑ vegetable,"背景知识：
条目1：
- 名称：food
- 类型：Class
- 简介：{%%s is a %s, food}
- 补充信息：generalizations: item, visualizableobject

条目2：
- 名称：vegetable
- 类型：Class
- 简介：{%%s is a %s, vegetable}
- 补充信息：generalizations: food",0,qwen-max-0125,0.0,8192,https://api2.aigcbest.top/v1,"判断结果：错误  
解释：根据背景知识，food 是 vegetable 的泛化（generalization），即 vegetable 是 food 的子类，而非父类，因此 food ⊑ vegetable 与语义规则冲突。",0,1,
sample_0278,subClassOf,abstractthing ⊑ researchproject,"背景知识：
条目1：
- 名称：abstractthing
- 类型：Unknown
- 简介：thought, quality, characteristic apart from concrete realities, specific objects, or actual instances; theoretical, not applied or practical (http://dictionary.reference.com/browse/abstract)
- 补充信息：generalizations: everypromotedthing

条目2：
- 名称：researchproject
- 类型：Unknown
- 简介：A specific research effort or a research center
- 补充信息：generalizations: abstractthing",0,qwen-max-0125,0.0,8192,https://api2.aigcbest.top/v1,"判断结果：错误  
解释：根据背景知识，abstractthing是更通用的概念，而researchproject是其具体化的一个实例或子类，因此应为researchproject ⊑ abstractthing，而非相反。",0,1,
sample_0279,subClassOf,geolocatablething ⊑ university,"背景知识：
条目1：
- 名称：geolocatablething
- 类型：Class
- 简介：{%%s is a %s, geolocatable thing}
- 补充信息：generalizations: everypromotedthing

条目2：
- 名称：university
- 类型：Class
- 简介：{%%s is a %s, university}
- 补充信息：generalizations: school, geolocatablething",0,qwen-max-0125,0.0,8192,https://api2.aigcbest.top/v1,"判断结果：错误  
解释：根据背景知识，geolocatablething是university的泛化概念，而非其子类，因此该公理违反了subClassOf的语义规则。",0,1,
sample_0280,subClassOf,abstractthing ⊑ medicalprocedure,"背景知识：
条目1：
- 名称：abstractthing
- 类型：Unknown
- 简介：thought, quality, characteristic apart from concrete realities, specific objects, or actual instances; theoretical, not applied or practical (http://dictionary.reference.com/browse/abstract)
- 补充信息：generalizations: everypromotedthing

条目2：
- 名称：medicalprocedure
- 类型：Unknown
- 简介：The medical treatment type is used for any medical intervention designed to treat and cure human diseases and medical conditions. This type includes both curative and palliative treatments
- 补充信息：generalizations: abstractthing",0,qwen-max-0125,0.0,8192,https://api2.aigcbest.top/v1,"判断结果：错误  
解释：根据背景知识，abstractthing是更通用的概念，而medicalprocedure是其具体化的一个子类，因此abstractthing不应被定义为medicalprocedure的子类。",0,1,
sample_0281,subClassOf,species ⊑ virus,"背景知识：
条目1：
- 名称：species
- 类型：Unknown
- 简介：is one of the basic units of biological classification and a taxonomic rank. A species is often defined as a group of organisms capable of interbreeding and producing fertile offspring.
- 补充信息：generalizations: abstractthing

条目2：
- 名称：virus
- 类型：Unknown
- 简介：A small infectious agent that replicates only inside the living cells of other organisms
- 补充信息：generalizations: species",0,qwen-max-0125,0.0,8192,https://api2.aigcbest.top/v1,"判断结果：错误  
解释：根据背景知识，species是生物分类的基本单位，而virus是物种的一种具体实例，两者之间不存在类的包含关系，因此公理“species ⊑ virus”与语义规则和常识冲突。",0,1,
sample_0282,subClassOf,software ⊑ videogame,"背景知识：
条目1：
- 名称：software
- 类型：Unknown
- 简介：software that runs on a computer.
- 补充信息：generalizations: product

条目2：
- 名称：videogame
- 类型：Unknown
- 简介：A video game is a piece of interactive software used primarily for entertainment, including computer games, console games, arcade games, and hand-held games. However, this category excludes video game consoles.
- 补充信息：generalizations: game, software",0,qwen-max-0125,0.0,8192,https://api2.aigcbest.top/v1,"判断结果：错误  
解释：根据背景知识，software是videogame的泛化概念，而公理software ⊑ videogame表示所有software都是videogame，这与背景知识和常识不符。",0,1,
sample_0283,subClassOf,building ⊑ hospital,"背景知识：
条目1：
- 名称：building
- 类型：Class
- 简介：{%%s is a %s, building}
- 补充信息：generalizations: location, geolocatablething

条目2：
- 名称：hospital
- 类型：Class
- 简介：{%%s is a %s, hospital}
- 补充信息：generalizations: building",0,qwen-max-0125,0.0,8192,https://api2.aigcbest.top/v1,"判断结果：错误  
解释：根据背景知识，building 是 hospital 的上位类（hospital 的 generalizations 包含 building），因此 building 不可能是 hospital 的子类。",0,1,
sample_0284,subClassOf,location ⊑ attraction,"背景知识：
条目1：
- 名称：location
- 类型：Class
- 简介：{%%s is a %s, location}
- 补充信息：generalizations: everypromotedthing

条目2：
- 名称：attraction
- 类型：Class
- 简介：{%%s is a %s, tourist attraction}
- 补充信息：generalizations: location",0,qwen-max-0125,0.0,8192,https://api2.aigcbest.top/v1,"判断结果：错误  
解释：根据背景知识，attraction 是 location 的子类（generalizations: location），而公理 location ⊑ attraction 表示 location 是 attraction 的子类，这与背景知识中的类包含关系冲突。",0,1,
sample_0285,subClassOf,building ⊑ stadiumoreventvenue,"背景知识：
条目1：
- 名称：building
- 类型：Unknown
- 简介：A building is a man-made structure designed for shelter or for continuous or periodic occupancy. All buildings are structures and therefore typed ""Structure"" which imparts other basic properties (see /architecture/structure). If something i...
- 补充信息：generalizations: location, geolocatablething

条目2：
- 名称：stadiumoreventvenue
- 类型：Unknown
- 简介：A building where large spectator events (usually sporting events) take place.
- 补充信息：generalizations: attraction, building",0,qwen-max-0125,0.0,8192,https://api2.aigcbest.top/v1,"判断结果：错误  
解释：根据背景知识，building是stadiumoreventvenue的泛化概念，而非特化概念，因此building ⊑ stadiumoreventvenue与subClassOf语义规则冲突。",0,1,
sample_0286,subClassOf,person ⊑ comedian,"背景知识：
条目1：
- 名称：person
- 类型：Unknown
- 简介：A person is a human being (man, woman or child) known to have actually existed. Living persons, celebrities and politicians are persons, as are deceased persons.
- 补充信息：generalizations: humanagent

条目2：
- 名称：comedian
- 类型：Unknown
- 简介：a person who makes a living by making you laugh
- 补充信息：generalizations: person",0,qwen-max-0125,0.0,8192,https://api2.aigcbest.top/v1,"判断结果：错误  
解释：根据背景知识，comedian是person的子类，而公理person ⊑ comedian表示所有person都是comedian，这与背景知识和常识冲突。",0,1,
sample_0287,subClassOf,event ⊑ roadaccidentevent,"背景知识：
条目1：
- 名称：event
- 类型：Unknown
- 简介：An event is a topic that can be described by the time or date at which it happened. Long-lasting events may be described as occurring between two dates. It is sometimes appropriate to create abstract events, as collections of other events
- 补充信息：generalizations: abstractthing

条目2：
- 名称：roadaccidentevent
- 类型：Unknown
- 简介：{%%s is a %s, road accident event}
- 补充信息：generalizations: event",0,qwen-max-0125,0.0,8192,https://api2.aigcbest.top/v1,"判断结果：错误  
解释：根据背景知识，roadaccidentevent 是 event 的子类（generalizations: event），而公理 event ⊑ roadaccidentevent 表示 event 是 roadaccidentevent 的子类，与背景知识和 RDFS 的 subClassOf 语义规则冲突。",0,1,
sample_0288,subClassOf,personbylocation ⊑ personafrica,"背景知识：
条目1：
- 名称：personbylocation
- 类型：Class
- 简介：{%%s is a %s, person}
- 补充信息：generalizations: person

条目2：
- 名称：personafrica
- 类型：Class
- 简介：{%%s is an %s, African person}
- 补充信息：generalizations: personbylocation",0,qwen-max-0125,0.0,8192,https://api2.aigcbest.top/v1,"判断结果：错误  
解释：根据背景知识，personbylocation是personafrica的超类（generalizations: personbylocation），因此personbylocation ⊑ personafrica与RDFS语义规则冲突。",0,1,
sample_0289,subClassOf,abstractthing ⊑ geometricshape,"背景知识：
条目1：
- 名称：abstractthing
- 类型：Class
- 简介：{%%s is an %s, abstract thing}
- 补充信息：generalizations: everypromotedthing

条目2：
- 名称：geometricshape
- 类型：Class
- 简介：{%%s is a %s, geometric shape}
- 补充信息：generalizations: visualizableattribute, abstractthing",0,qwen-max-0125,0.0,8192,https://api2.aigcbest.top/v1,"判断结果：错误  
解释：根据背景知识，abstractthing是更一般的类，而geometricshape是其子类之一，因此abstractthing不应被定义为geometricshape的子类。",0,1,
sample_0290,subClassOf,everypromotedthing ⊑ location,"背景知识：
条目1：
- 名称：everypromotedthing
- 类型：Unknown
- 简介：every promoted category instance in KB

条目2：
- 名称：location
- 类型：Unknown
- 简介：The Location type is used for any topic with a fixed location on the planet Earth. It includes geographic features such as oceans and mountains, political entities like cities and man-made objects like buildings
- 补充信息：generalizations: everypromotedthing",0,qwen-max-0125,0.0,8192,https://api2.aigcbest.top/v1,"判断结果：错误  
解释：根据背景知识，location是everypromotedthing的泛化（generalization），因此everypromotedthing应为location的子类，而非超类。",0,1,
sample_0291,subClassOf,politicsgroup ⊑ governmentorganization,"背景知识：
条目1：
- 名称：politicsgroup
- 类型：Unknown
- 简介：Organizations, which may or may not be part of the government, that act in the arenas of politics or government.
- 补充信息：generalizations: geopoliticalorganization

条目2：
- 名称：governmentorganization
- 类型：Unknown
- 简介：A government is the organization, or agency through which a political unit exercises its authority,
- 补充信息：generalizations: politicsgroup",0,qwen-max-0125,0.0,8192,https://api2.aigcbest.top/v1,"判断结果：错误  
解释：根据背景知识，politicsgroup是governmentorganization的泛化（generalizations: politicsgroup），因此politicsgroup应为governmentorganization的超类，而非子类。",0,1,
sample_0292,subClassOf,company ⊑ bank,"背景知识：
条目1：
- 名称：company
- 类型：Unknown
- 简介：A company is an organization whose goal is to make money
- 补充信息：generalizations: organization

条目2：
- 名称：bank
- 类型：Unknown
- 简介：Umbrella category for all kinds of banks
- 补充信息：generalizations: company",0,qwen-max-0125,0.0,8192,https://api2.aigcbest.top/v1,"判断结果：错误  
解释：根据背景知识，company是organization的子类，而bank是company的子类，因此company不能是bank的子类，与RDFS的subClassOf语义规则冲突。",0,1,
sample_0293,subClassOf,fruit ⊑ nut,"背景知识：
条目1：
- 名称：fruit
- 类型：Class
- 简介：{%%s is a %s, fruit}
- 补充信息：generalizations: food

条目2：
- 名称：nut
- 类型：Class
- 简介：{%%s is a %s, nut}
- 补充信息：generalizations: fruit",0,qwen-max-0125,0.0,8192,https://api2.aigcbest.top/v1,"判断结果：错误  
解释：根据背景知识，fruit 是 food 的子类，而 nut 是 fruit 的子类，因此 fruit 不可能是 nut 的子类，与 subClassOf 的语义规则冲突。",0,1,
sample_0294,subClassOf,abstractthing ⊑ physiologicalcondition,"背景知识：
条目1：
- 名称：abstractthing
- 类型：Unknown
- 简介：thought, quality, characteristic apart from concrete realities, specific objects, or actual instances; theoretical, not applied or practical (http://dictionary.reference.com/browse/abstract)
- 补充信息：generalizations: everypromotedthing

条目2：
- 名称：physiologicalcondition
- 类型：Unknown
- 简介：Most instances will be diseases or other abnormalities. However, this category also includes conditions such as pregnancy or teething that are entirely normal and expected, but which are nevertheless exception and can require extra care.
- 补充信息：generalizations: abstractthing",0,qwen-max-0125,0.0,8192,https://api2.aigcbest.top/v1,"判断结果：错误  
解释：根据背景知识，abstractthing是更通用的概念，而physiologicalcondition是其具体化的一个实例或子类，因此应为physiologicalcondition ⊑ abstractthing，而非相反。",0,1,
sample_0295,subClassOf,fruit ⊑ grain,"背景知识：
条目1：
- 名称：fruit
- 类型：Class
- 简介：{%%s is a %s, fruit}
- 补充信息：generalizations: food

条目2：
- 名称：grain
- 类型：Class
- 简介：{%%s is a %s, grain}
- 补充信息：generalizations: fruit",0,qwen-max-0125,0.0,8192,https://api2.aigcbest.top/v1,"判断结果：错误  
解释：根据背景知识，fruit 是 food 的子类，而 grain 是 fruit 的子类，因此 fruit 不可能是 grain 的子类，与 subClassOf 的语义规则冲突。",0,1,
sample_0296,subClassOf,abstractthing ⊑ creativework,"背景知识：
条目1：
- 名称：abstractthing
- 类型：Unknown
- 简介：thought, quality, characteristic apart from concrete realities, specific objects, or actual instances; theoretical, not applied or practical (http://dictionary.reference.com/browse/abstract)
- 补充信息：generalizations: everypromotedthing

条目2：
- 名称：creativework
- 类型：Unknown
- 简介：the product of any creative effort, including movies, paintings, musical songs, etc.
- 补充信息：generalizations: abstractthing",0,qwen-max-0125,0.0,8192,https://api2.aigcbest.top/v1,"判断结果：错误  
解释：根据背景知识，abstractthing是更通用的概念，而creativework是其具体化的一个子类，因此应为creativework ⊑ abstractthing，而非abstractthing ⊑ creativework。",0,1,
sample_0297,subClassOf,geopoliticalorganization ⊑ stateorprovince,"背景知识：
条目1：
- 名称：geopoliticalorganization
- 类型：Unknown
- 简介：Those geopolitical entities that are organizations
- 补充信息：generalizations: geopoliticalentity, organization

条目2：
- 名称：stateorprovince
- 类型：Unknown
- 简介：In general, the top-level administrative or political subdivision within a country.
- 补充信息：generalizations: geopoliticallocation, geopoliticalorganization, geolocatablething",0,qwen-max-0125,0.0,8192,https://api2.aigcbest.top/v1,"判断结果：错误  
解释：根据背景知识，geopoliticalorganization是geopoliticalentity和organization的泛化，而stateorprovince是geopoliticallocation、geopoliticalorganization和geolocatablething的泛化，二者并无明确的包含关系，因此该公理与背景知识冲突。",0,1,
sample_0298,subClassOf,building ⊑ placeofworship,"背景知识：
条目1：
- 名称：building
- 类型：Unknown
- 简介：A building is a man-made structure designed for shelter or for continuous or periodic occupancy. All buildings are structures and therefore typed ""Structure"" which imparts other basic properties (see /architecture/structure). If something i...
- 补充信息：generalizations: location, geolocatablething

条目2：
- 名称：placeofworship
- 类型：Unknown
- 简介：A place of worship is a building which is used by members of a religion for worship.
- 补充信息：generalizations: building",0,qwen-max-0125,0.0,8192,https://api2.aigcbest.top/v1,"判断结果：错误  
解释：根据背景知识，placeofworship 是 building 的一种具体类型，而 building 并非 placeofworship 的子类，因此该公理与 subClassOf 的语义规则冲突。",0,1,
sample_0299,subClassOf,creativework ⊑ televisionshow,"背景知识：
条目1：
- 名称：creativework
- 类型：Unknown
- 简介：the product of any creative effort, including movies, paintings, musical songs, etc.
- 补充信息：generalizations: abstractthing

条目2：
- 名称：televisionshow
- 类型：Unknown
- 简介：Television shows, or a television series that includes multiple episodes
- 补充信息：generalizations: creativework",0,qwen-max-0125,0.0,8192,https://api2.aigcbest.top/v1,"判断结果：错误  
解释：根据背景知识，creativework是televisionshow的超类（generalizations: creativework），因此creativework不能是televisionshow的子类。",0,1,
sample_0300,subClassOf,abstractthing ⊑ visualartmovement,"背景知识：
条目1：
- 名称：abstractthing
- 类型：Class
- 简介：{%%s is an %s, abstract thing}
- 补充信息：generalizations: everypromotedthing

条目2：
- 名称：visualartmovement
- 类型：Class
- 简介：{%%s is a %s, visual art movement}
- 补充信息：generalizations: abstractthing",0,qwen-max-0125,0.0,8192,https://api2.aigcbest.top/v1,"判断结果：错误  
解释：根据背景知识，abstractthing是visualartmovement的泛化（generalization），而非特化，因此abstractthing不应被定义为visualartmovement的子类。",0,1,
sample_0301,subPropertyOf,relatedto ⊑p agentcreated,"背景知识：
条目1：
- 名称：relatedto
- 类型：Unknown
- 简介：associated; connected (http://dictionary.reference.com/browse/related)
- 补充信息：generalizations: slot | domain: everypromotedthing | range: everypromotedthing

条目2：
- 名称：agentcreated
- 类型：Unknown
- 简介：general relation to identify creation and authorships
- 补充信息：generalizations: relatedto | domain: agent | range: everypromotedthing",0,qwen-max-0125,0.0,8192,https://api2.aigcbest.top/v1,"判断结果：错误  
解释：根据背景知识，agentcreated 是 relatedto 的具体化（generalizations: relatedto），因此 relatedto 不可能是 agentcreated 的子属性（subPropertyOf）。",0,1,
sample_0302,subPropertyOf,atlocation ⊑p itemusedatlocation,"背景知识：
条目1：
- 名称：atlocation
- 类型：Unknown
- 简介：assigns locations to things.
- 补充信息：generalizations: relatedto | domain: everypromotedthing | range: location

条目2：
- 名称：itemusedatlocation
- 类型：Unknown
- 简介：an item used in a specific place
- 补充信息：generalizations: atlocation | domain: item | range: location",0,qwen-max-0125,0.0,8192,https://api2.aigcbest.top/v1,"判断结果：错误  
解释：根据背景知识，atlocation的domain是everypromotedthing，而itemusedatlocation的domain是item，两者不一致，且atlocation并非itemusedatlocation的子属性。",0,1,
sample_0303,subPropertyOf,relatedto ⊑p bombingvictim,"背景知识：
条目1：
- 名称：relatedto
- 类型：Class
- 简介：{%%s is somehow %s %%s, related to}
- 补充信息：generalizations: slot | domain: everypromotedthing | range: everypromotedthing

条目2：
- 名称：bombingvictim
- 类型：Class
- 简介：bombingvictim is a class in the NELL knowledge base.
- 补充信息：generalizations: relatedto | domain: bombingevent | range: person",0,qwen-max-0125,0.0,8192,https://api2.aigcbest.top/v1,"判断结果：错误  
解释：根据背景知识，relatedto是一个更通用的类，而bombingvictim是relatedto的子类，因此relatedto不能是bombingvictim的子类。",0,1,
sample_0304,subPropertyOf,ceoof ⊑p inverseofautomobilemakerchiefexecutiveceo,"背景知识：
条目1：
- 名称：ceoof
- 类型：Class
- 简介：{%%s is the %s %%s, CEO of}
- 补充信息：generalizations: topmemberoforganization | domain: ceo | range: company

条目2：
- 名称：inverseofautomobilemakerchiefexecutiveceo
- 类型：Class
- 简介：inverseofautomobilemakerchiefexecutiveceo is a class in the NELL knowledge base.
- 补充信息：generalizations: ceoof | domain: ceo | range: automobilemaker",0,qwen-max-0125,0.0,8192,https://api2.aigcbest.top/v1,"判断结果：错误  
解释：根据背景知识，ceoof 是 inverseofautomobilemakerchiefexecutiveceo 的泛化（generalization），而非其子类，因此该公理违反了 RDFS 的 subClassOf 语义规则。",0,1,
sample_0305,subPropertyOf,relatedto ⊑p sportusesstadium,"背景知识：
条目1：
- 名称：relatedto
- 类型：Class
- 简介：{%%s is somehow %s %%s, related to}
- 补充信息：generalizations: slot | domain: everypromotedthing | range: everypromotedthing

条目2：
- 名称：sportusesstadium
- 类型：Class
- 简介：{%%s is a sport %s the venue %%s, played in}
- 补充信息：generalizations: relatedto | domain: sport | range: stadiumoreventvenue",0,qwen-max-0125,0.0,8192,https://api2.aigcbest.top/v1,"判断结果：错误  
解释：根据背景知识，relatedto 是一个更通用的类，而 sportusesstadium 是其具体化的一个子类，公理 relatedto ⊑p sportusesstadium 错误地将超类描述为属性上的子类关系。",0,1,
sample_0306,subPropertyOf,creativeworkcontributedtobyagent ⊑p bookwriter,"背景知识：
条目1：
- 名称：creativeworkcontributedtobyagent
- 类型：Unknown
- 简介：Specifies that a particular agent contributed to the production or creation of a particular creativeWork. An actor in a movie contributes to that movie, but agentCreated would probably be to strong an assertion for that.
- 补充信息：generalizations: relatedto | domain: creativework | range: agent

条目2：
- 名称：bookwriter
- 类型：Unknown
- 简介：author of a book
- 补充信息：generalizations: creativeworkcontributedtobyagent | domain: book | range: writer",0,qwen-max-0125,0.0,8192,https://api2.aigcbest.top/v1,"判断结果：错误  
解释：根据背景知识，creativeworkcontributedtobyagent是bookwriter的泛化关系，而公理中将其定义为子属性关系，与语义规则冲突。",0,1,
sample_0307,subPropertyOf,animalthatfeedoninsect ⊑p mammaleatsinsect,"背景知识：
条目1：
- 名称：animalthatfeedoninsect
- 类型：Class
- 简介：{%%s %s %%s, feeds on}
- 补充信息：generalizations: animalpreyson | domain: animal | range: insect

条目2：
- 名称：mammaleatsinsect
- 类型：Class
- 简介：{%%s %s %%s, is related to}
- 补充信息：generalizations: animalthatfeedoninsect | domain: mammal | range: insect",0,qwen-max-0125,0.0,8192,https://api2.aigcbest.top/v1,"判断结果：错误  
解释：根据背景知识，animalthatfeedoninsect 是 mammaleatsinsect 的泛化概念，而非特化概念，因此 animalthatfeedoninsect 不可能是 mammaleatsinsect 的子类。",0,1,
sample_0308,subPropertyOf,organizationalsoknownas ⊑p companyalsoknownas,"背景知识：
条目1：
- 名称：organizationalsoknownas
- 类型：Class
- 简介：{%%s is an organization %s %%s, also known as}
- 补充信息：generalizations: synonymfor | domain: organization | range: organization

条目2：
- 名称：companyalsoknownas
- 类型：Class
- 简介：{%%s is a company %s %%s, also known as}
- 补充信息：generalizations: organizationalsoknownas | domain: company | range: company",0,qwen-max-0125,0.0,8192,https://api2.aigcbest.top/v1,"判断结果：错误  
解释：根据背景知识，organizationalsoknownas 是 companyalsoknownas 的泛化（generalization），而非特化，因此 organizationalsoknownas 不可能是 companyalsoknownas 的子类。",0,1,
sample_0309,subPropertyOf,schoolgraduatedperson ⊑p inverseofpersongraduatedfromuniversity,"背景知识：
条目1：
- 名称：schoolgraduatedperson
- 类型：Class
- 简介：schoolgraduatedperson is a class in the NELL knowledge base.
- 补充信息：generalizations: schoolattendedbyperson | domain: school | range: person

条目2：
- 名称：inverseofpersongraduatedfromuniversity
- 类型：Class
- 简介：inverseofpersongraduatedfromuniversity is a class in the NELL knowledge base.
- 补充信息：generalizations: schoolgraduatedperson | domain: university | range: person",0,qwen-max-0125,0.0,8192,https://api2.aigcbest.top/v1,"判断结果：错误  
解释：根据背景知识，schoolgraduatedperson 是 inverseofpersongraduatedfromuniversity 的泛化（generalization），而非其子类，因此该公理与 subClassOf 的语义规则冲突。",0,1,
sample_0310,subPropertyOf,agentcreated ⊑p mlauthorofsoftware,"背景知识：
条目1：
- 名称：agentcreated
- 类型：Class
- 简介：{%%s %s %%s, created}
- 补充信息：generalizations: relatedto | domain: agent | range: everypromotedthing

条目2：
- 名称：mlauthorofsoftware
- 类型：Class
- 简介：{%%s is a machine-learning author who %s the software %%s, wrote}
- 补充信息：generalizations: agentcreated, agentinvolvedwithitem | domain: mlauthor | range: mlsoftware",0,qwen-max-0125,0.0,8192,https://api2.aigcbest.top/v1,"判断结果：错误  
解释：根据背景知识，agentcreated 是一个更通用的类，而 mlauthorofsoftware 是其具体化的一个子类，公理中将 agentcreated 视为 mlauthorofsoftware 的子类，与 subClassOf 的语义规则和背景知识冲突。",0,1,
sample_0311,subPropertyOf,relatedto ⊑p inverseofplantgrowinginplant,"背景知识：
条目1：
- 名称：relatedto
- 类型：Class
- 简介：{%%s is somehow %s %%s, related to}
- 补充信息：generalizations: slot | domain: everypromotedthing | range: everypromotedthing

条目2：
- 名称：inverseofplantgrowinginplant
- 类型：Class
- 简介：inverseofplantgrowinginplant is a class in the NELL knowledge base.
- 补充信息：generalizations: relatedto | domain: plant | range: plant",0,qwen-max-0125,0.0,8192,https://api2.aigcbest.top/v1,"判断结果：错误  
解释：根据背景知识，relatedto是一个更通用的类，而inverseofplantgrowinginplant是其具体化的一个子类，公理中将relatedto描述为inverseofplantgrowinginplant的子类，与RDFS语义规则和背景知识冲突。",0,1,
sample_0312,subPropertyOf,cityattractions ⊑p cityaquariums,"背景知识：
条目1：
- 名称：cityattractions
- 类型：Unknown
- 简介：The city that an attraction is located in
- 补充信息：generalizations: locationcontainslocation | domain: city | range: attraction

条目2：
- 名称：cityaquariums
- 类型：Unknown
- 简介：The city an aquarium is located in.
- 补充信息：generalizations: cityattractions | domain: city | range: aquarium",0,qwen-max-0125,0.0,8192,https://api2.aigcbest.top/v1,"判断结果：错误  
解释：根据背景知识，cityattractions 是 cityaquariums 的泛化（generalization），而非特化关系，因此 cityattractions 不可能是 cityaquariums 的子属性。",0,1,
sample_0313,subPropertyOf,specializationof ⊑p inverseofcriminalssuchascriminals,"背景知识：
条目1：
- 名称：specializationof
- 类型：Unknown
- 简介：one thing is a more specific kind of another thing
- 补充信息：generalizations: relatedto | domain: everypromotedthing | range: everypromotedthing

条目2：
- 名称：inverseofcriminalssuchascriminals
- 类型：Unknown
- 简介：Describes the criminals types that are generalizations of specific criminals
- 补充信息：generalizations: specializationof | domain: criminal | range: criminal",0,qwen-max-0125,0.0,8192,https://api2.aigcbest.top/v1,"判断结果：错误  
解释：根据背景知识，specializationof的domain和range均为everypromotedthing，而inverseofcriminalssuchascriminals的domain和range均为criminal，两者的语义范围不匹配，违反了RDFS的subPropertyOf语义规则。",0,1,
sample_0314,subPropertyOf,relatedto ⊑p inverseofattractionmadeofbuildingmaterial,"背景知识：
条目1：
- 名称：relatedto
- 类型：Class
- 简介：{%%s is somehow %s %%s, related to}
- 补充信息：generalizations: slot | domain: everypromotedthing | range: everypromotedthing

条目2：
- 名称：inverseofattractionmadeofbuildingmaterial
- 类型：Class
- 简介：inverseofattractionmadeofbuildingmaterial is a class in the NELL knowledge base.
- 补充信息：generalizations: relatedto | domain: buildingmaterial | range: attraction",0,qwen-max-0125,0.0,8192,https://api2.aigcbest.top/v1,"判断结果：错误  
解释：根据背景知识，relatedto是一个类，而inverseofattractionmadeofbuildingmaterial是relatedto的子类，公理中使用属性关系“⊑p”表示类之间的属性包含关系，与RDFS语义规则不符。",0,1,
sample_0315,subPropertyOf,relatedto ⊑p numberofarrestedinbombing,"背景知识：
条目1：
- 名称：relatedto
- 类型：Unknown
- 简介：associated; connected (http://dictionary.reference.com/browse/related)
- 补充信息：generalizations: slot | domain: everypromotedthing | range: everypromotedthing

条目2：
- 名称：numberofarrestedinbombing
- 类型：Unknown
- 简介：{%%s is the number of %s the event %%s, arrested in}
- 补充信息：generalizations: relatedto | domain: nonneginteger | range: bombingevent",0,qwen-max-0125,0.0,8192,https://api2.aigcbest.top/v1,"判断结果：错误  
解释：根据背景知识，relatedto是一个更通用的属性，而numberofarrestedinbombing是其具体化，但公理中将relatedto定义为numberofarrestedinbombing的子属性，与语义规则冲突。",0,1,
sample_0316,subPropertyOf,createdbyagent ⊑p mlsoftwareauthor,"背景知识：
条目1：
- 名称：createdbyagent
- 类型：Class
- 简介：createdbyagent is a class in the NELL knowledge base.
- 补充信息：generalizations: relatedto | domain: everypromotedthing | range: agent

条目2：
- 名称：mlsoftwareauthor
- 类型：Class
- 简介：mlsoftwareauthor is a class in the NELL knowledge base.
- 补充信息：generalizations: iteminvolvedwithagent, createdbyagent | domain: mlsoftware | range: mlauthor",0,qwen-max-0125,0.0,8192,https://api2.aigcbest.top/v1,"判断结果：错误  
解释：根据背景知识，createdbyagent和mlsoftwareauthor是两个独立的类，且mlsoftwareauthor是createdbyagent的泛化之一，因此createdbyagent不可能是mlsoftwareauthor的子类。",0,1,
sample_0317,subPropertyOf,relatedto ⊑p stateorprovinceisborderedbystateorprovince,"背景知识：
条目1：
- 名称：relatedto
- 类型：Unknown
- 简介：associated; connected (http://dictionary.reference.com/browse/related)
- 补充信息：generalizations: slot | domain: everypromotedthing | range: everypromotedthing

条目2：
- 名称：stateorprovinceisborderedbystateorprovince
- 类型：Unknown
- 简介：Describes the states that borders a state
- 补充信息：generalizations: relatedto | domain: stateorprovince | range: stateorprovince",0,qwen-max-0125,0.0,8192,https://api2.aigcbest.top/v1,"判断结果：错误  
解释：根据背景知识，relatedto是stateorprovinceisborderedbystateorprovince的泛化，而非其子属性，因此该公理与subPropertyOf语义规则冲突。",0,1,
sample_0318,subPropertyOf,locationactedinbyorganization ⊑p buildingbelongstoorganization,"背景知识：
条目1：
- 名称：locationactedinbyorganization
- 类型：Class
- 简介：locationactedinbyorganization is a class in the NELL knowledge base.
- 补充信息：generalizations: locationactedinbyagent | domain: location | range: organization

条目2：
- 名称：buildingbelongstoorganization
- 类型：Class
- 简介：{%%s %s %%s, is a building belonging to}
- 补充信息：generalizations: locationactedinbyorganization | domain: building | range: organization",0,qwen-max-0125,0.0,8192,https://api2.aigcbest.top/v1,"判断结果：错误  
解释：根据背景知识，locationactedinbyorganization是buildingbelongstoorganization的泛化类，而非其子类，因此该公理与subClassOf语义规则冲突。",0,1,
sample_0319,subPropertyOf,mutualproxyfor ⊑p synonymfor,"背景知识：
条目1：
- 名称：mutualproxyfor
- 类型：Unknown
- 简介：two things can be taken to refer to each other equally
- 补充信息：generalizations: relatedto | domain: everypromotedthing | range: everypromotedthing

条目2：
- 名称：synonymfor
- 类型：Unknown
- 简介：Two strings are synonyms if both of them frequently refer to the same real-world concept in text.
- 补充信息：generalizations: mutualproxyfor | domain: everypromotedthing | range: everypromotedthing",0,qwen-max-0125,0.0,8192,https://api2.aigcbest.top/v1,"判断结果：错误  
解释：根据背景知识，synonymfor 是 mutualproxyfor 的具体化（generalizations: mutualproxyfor），因此应是 synonymfor ⊑p mutualproxyfor，而非 mutualproxyfor ⊑p synonymfor。",0,1,
sample_0320,subPropertyOf,subpartof ⊑p subfieldofacademicfield,"背景知识：
条目1：
- 名称：subpartof
- 类型：Unknown
- 简介：a portion or division of a whole that is separate or distinct; piece, fragment, fraction, or section; constituent (http://dictionary.reference.com/browse/part)
- 补充信息：generalizations: relatedto | domain: everypromotedthing | range: everypromotedthing

条目2：
- 名称：subfieldofacademicfield
- 类型：Unknown
- 简介：Subfields within a given academic field
- 补充信息：generalizations: subpartof, subjectconcernedbyacademicfield | domain: academicfield | range: academicfield",0,qwen-max-0125,0.0,8192,https://api2.aigcbest.top/v1,"判断结果：错误  
解释：根据背景知识，subpartof的语义比subfieldofacademicfield更通用，而subfieldofacademicfield是subpartof的特例，因此subpartof不应被定义为subfieldofacademicfield的子属性。",0,1,
sample_0321,subPropertyOf,organizationleadbyagent ⊑p organizationleadbyperson,"背景知识：
条目1：
- 名称：organizationleadbyagent
- 类型：Class
- 简介：organizationleadbyagent is a class in the NELL knowledge base.
- 补充信息：generalizations: controlledbyagent, organizationrepresentedbyagent | domain: organization | range: humanagent

条目2：
- 名称：organizationleadbyperson
- 类型：Class
- 简介：organizationleadbyperson is a class in the NELL knowledge base.
- 补充信息：generalizations: organizationleadbyagent | domain: organization | range: person",0,qwen-max-0125,0.0,8192,https://api2.aigcbest.top/v1,"判断结果：错误  
解释：根据背景知识，organizationleadbyagent 是 organizationleadbyperson 的泛化（generalization），而非特化，因此该公理违反了 subClassOf 的语义规则。",0,1,
sample_0322,subPropertyOf,locationcontainslocation ⊑p skyscrapercontainsrestaurant,"背景知识：
条目1：
- 名称：locationcontainslocation
- 类型：Class
- 简介：locationcontainslocation is a class in the NELL knowledge base.
- 补充信息：generalizations: superpartof, locatedat | domain: location | range: location

条目2：
- 名称：skyscrapercontainsrestaurant
- 类型：Class
- 简介：skyscrapercontainsrestaurant is a class in the NELL knowledge base.
- 补充信息：generalizations: locationcontainslocation | domain: skyscraper | range: restaurant",0,qwen-max-0125,0.0,8192,https://api2.aigcbest.top/v1,"判断结果：错误  
解释：根据背景知识，locationcontainslocation 是 skyscrapercontainsrestaurant 的泛化（generalization），而非相反，因此 locationcontainslocation 不可能是 skyscrapercontainsrestaurant 的子类。",0,1,
sample_0323,subPropertyOf,organizationhasperson ⊑p politicalgroupofpolitician,"背景知识：
条目1：
- 名称：organizationhasperson
- 类型：Unknown
- 简介：organization or company that person is belonged to
- 补充信息：generalizations: organizationhasagent | domain: organization | range: person

条目2：
- 名称：politicalgroupofpolitician
- 类型：Unknown
- 简介：Specifies that a particular politician belongs to a particular
- 补充信息：generalizations: organizationhasperson | domain: politicsgroup | range: politician",0,qwen-max-0125,0.0,8192,https://api2.aigcbest.top/v1,"判断结果：错误  
解释：根据背景知识，organizationhasperson的domain是organization，而politicalgroupofpolitician的domain是politicsgroup，两者不一致，因此organizationhasperson不是politicalgroupofpolitician的子属性。",0,1,
sample_0324,subPropertyOf,specializationof ⊑p inverseofanimalssuchasmammals,"背景知识：
条目1：
- 名称：specializationof
- 类型：Unknown
- 简介：one thing is a more specific kind of another thing
- 补充信息：generalizations: relatedto | domain: everypromotedthing | range: everypromotedthing

条目2：
- 名称：inverseofanimalssuchasmammals
- 类型：Unknown
- 简介：Describes the animal types that are generalizations of mammals
- 补充信息：generalizations: specializationof | domain: mammal | range: animal",0,qwen-max-0125,0.0,8192,https://api2.aigcbest.top/v1,"判断结果：错误  
解释：根据背景知识，specializationof的domain和range均为everypromotedthing，而inverseofanimalssuchasmammals的domain为mammal、range为animal，两者的语义范围不匹配，违反了RDFS的subPropertyOf语义规则。",0,1,
sample_0325,subPropertyOf,locationcontainslocation ⊑p statehaslake,"背景知识：
条目1：
- 名称：locationcontainslocation
- 类型：Class
- 简介：locationcontainslocation is a class in the NELL knowledge base.
- 补充信息：generalizations: superpartof, locatedat | domain: location | range: location

条目2：
- 名称：statehaslake
- 类型：Class
- 简介：statehaslake is a class in the NELL knowledge base.
- 补充信息：generalizations: locationcontainslocation | domain: stateorprovince | range: lake",0,qwen-max-0125,0.0,8192,https://api2.aigcbest.top/v1,"判断结果：错误  
解释：根据背景知识，statehaslake 是 locationcontainslocation 的子类，而公理表示 locationcontainslocation 是 statehaslake 的子类，与背景知识的层次关系冲突。",0,1,
sample_0326,subPropertyOf,specializationof ⊑p inverseofmammalsuchasmammal,"背景知识：
条目1：
- 名称：specializationof
- 类型：Class
- 简介：{%%s is a %s %%s, kind of}
- 补充信息：generalizations: relatedto | domain: everypromotedthing | range: everypromotedthing

条目2：
- 名称：inverseofmammalsuchasmammal
- 类型：Class
- 简介：inverseofmammalsuchasmammal is a class in the NELL knowledge base.
- 补充信息：generalizations: specializationof | domain: mammal | range: mammal",0,qwen-max-0125,0.0,8192,https://api2.aigcbest.top/v1,"判断结果：错误  
解释：根据背景知识，specializationof的范围和域为everypromotedthing，而inverseofmammalsuchasmammal的范围和域为mammal，两者不兼容，违反了RDFS语义规则中的subClassOf约束。",0,1,
sample_0327,subPropertyOf,dateof ⊑p dateatwhichexistslocation,"背景知识：
条目1：
- 名称：dateof
- 类型：Unknown
- 简介：assigns dates to things.
- 补充信息：generalizations: relatedto | domain: date | range: everypromotedthing

条目2：
- 名称：dateatwhichexistslocation
- 类型：Unknown
- 简介：Most general location-to-date relation. Note that locations are not eternal.
- 补充信息：generalizations: dateof | domain: date | range: location",0,qwen-max-0125,0.0,8192,https://api2.aigcbest.top/v1,"判断结果：正确  
解释：根据背景知识，dateatwhichexistslocation 是 dateof 的 generalization，因此 dateof 是 dateatwhichexistslocation 的子属性，符合 RDFS 的 subPropertyOf 语义规则。",1,0,
sample_0328,subPropertyOf,proxyfor ⊑p citysportsteams,"背景知识：
条目1：
- 名称：proxyfor
- 类型：Class
- 简介：{%%s is a %s for %%s, proxy}
- 补充信息：generalizations: mutualproxyfor | domain: everypromotedthing | range: everypromotedthing

条目2：
- 名称：citysportsteams
- 类型：Class
- 简介：citysportsteams is a class in the NELL knowledge base.
- 补充信息：generalizations: proxyfor, locationactedinbyorganization | domain: city | range: sportsteam",0,qwen-max-0125,0.0,8192,https://api2.aigcbest.top/v1,"判断结果：错误  
解释：根据背景知识，proxyfor 是一个独立的类，而 citysportsteams 是 proxyfor 的子类（通过 generalizations 关系可知），因此 proxyfor 不可能是 citysportsteams 的子类，与公理冲突。",0,1,
sample_0329,subPropertyOf,buildinglocatedincity ⊑p museumincity,"背景知识：
条目1：
- 名称：buildinglocatedincity
- 类型：Unknown
- 简介：specifies that a particular building is located in a particular city
- 补充信息：generalizations: locationlocatedwithinlocation | domain: building | range: city

条目2：
- 名称：museumincity
- 类型：Unknown
- 简介：The city that a museum is located in
- 补充信息：generalizations: buildinglocatedincity, attractionofcity | domain: museum | range: city",0,qwen-max-0125,0.0,8192,https://api2.aigcbest.top/v1,"判断结果：错误  
解释：根据背景知识，buildinglocatedincity的domain是building，而museumincity的domain是museum，museum是building的子类，但属性间不存在直接的包含关系，因此该公理与语义规则冲突。",0,1,
sample_0330,subPropertyOf,locationcontainslocation ⊑p cityhasstreet,"背景知识：
条目1：
- 名称：locationcontainslocation
- 类型：Unknown
- 简介：a location that is a subpart of another location
- 补充信息：generalizations: superpartof, locatedat | domain: location | range: location

条目2：
- 名称：cityhasstreet
- 类型：Unknown
- 简介：this street is at least partly inside this city
- 补充信息：generalizations: locationcontainslocation | domain: city | range: street",0,qwen-max-0125,0.0,8192,https://api2.aigcbest.top/v1,"判断结果：错误  
解释：根据背景知识，locationcontainslocation的domain和range均为location，而cityhasstreet的domain为city、range为street，两者的语义范围不匹配，因此locationcontainslocation不是cityhasstreet的子属性。",0,1,
sample_0331,subPropertyOf,relatedto ⊑p languageschoolincity,"背景知识：
条目1：
- 名称：relatedto
- 类型：Class
- 简介：{%%s is somehow %s %%s, related to}
- 补充信息：generalizations: slot | domain: everypromotedthing | range: everypromotedthing

条目2：
- 名称：languageschoolincity
- 类型：Class
- 简介：{%%s is a language %s the city %%s, taught in language schools in}
- 补充信息：generalizations: relatedto | domain: language | range: city",0,qwen-max-0125,0.0,8192,https://api2.aigcbest.top/v1,"判断结果：错误  
解释：根据背景知识，relatedto是一个更通用的类，而languageschoolincity是其具体化的一个子类，公理中将relatedto定义为languageschoolincity的子类，与背景知识中的generalizations关系冲突。",0,1,
sample_0332,subPropertyOf,relatedto ⊑p istallerthan,"背景知识：
条目1：
- 名称：relatedto
- 类型：Class
- 简介：{%%s is somehow %s %%s, related to}
- 补充信息：generalizations: slot | domain: everypromotedthing | range: everypromotedthing

条目2：
- 名称：istallerthan
- 类型：Class
- 简介：{%%s is %s %%s, taller than}
- 补充信息：generalizations: relatedto | domain: everypromotedthing | range: everypromotedthing",0,qwen-max-0125,0.0,8192,https://api2.aigcbest.top/v1,"判断结果：错误  
解释：根据背景知识，relatedto是istallerthan的泛化（generalizations: relatedto），因此istallerthan应为relatedto的子类，而非relatedto为istallerthan的子类。",0,1,
sample_0333,subPropertyOf,relatedto ⊑p victiminroadaccident,"背景知识：
条目1：
- 名称：relatedto
- 类型：Unknown
- 简介：associated; connected (http://dictionary.reference.com/browse/related)
- 补充信息：generalizations: slot | domain: everypromotedthing | range: everypromotedthing

条目2：
- 名称：victiminroadaccident
- 类型：Unknown
- 简介：{%%s was a %s the event %%s, victim in}
- 补充信息：generalizations: relatedto | domain: person | range: roadaccidentevent",0,qwen-max-0125,0.0,8192,https://api2.aigcbest.top/v1,"判断结果：错误  
解释：根据背景知识，relatedto是victiminroadaccident的泛化（generalization），因此应为victiminroadaccident ⊑p relatedto，而非相反。",0,1,
sample_0334,subPropertyOf,locationofpersondeath ⊑p countryofpersondeath,"背景知识：
条目1：
- 名称：locationofpersondeath
- 类型：Class
- 简介：locationofpersondeath is a class in the NELL knowledge base.
- 补充信息：generalizations: locationactedinbyagent | domain: location | range: person

条目2：
- 名称：countryofpersondeath
- 类型：Class
- 简介：countryofpersondeath is a class in the NELL knowledge base.
- 补充信息：generalizations: locationofpersondeath | domain: country | range: person",0,qwen-max-0125,0.0,8192,https://api2.aigcbest.top/v1,"判断结果：错误  
解释：根据背景知识，locationofpersondeath是countryofpersondeath的泛化（generalization），而非特化（specialization），因此locationofpersondeath不应被定义为countryofpersondeath的子类。",0,1,
sample_0335,subPropertyOf,relatedto ⊑p actorofprotest,"背景知识：
条目1：
- 名称：relatedto
- 类型：Unknown
- 简介：associated; connected (http://dictionary.reference.com/browse/related)
- 补充信息：generalizations: slot | domain: everypromotedthing | range: everypromotedthing

条目2：
- 名称：actorofprotest
- 类型：Unknown
- 简介：{%%s is the %s the event %%s, actor in}
- 补充信息：generalizations: relatedto | domain: person | range: protestevent",0,qwen-max-0125,0.0,8192,https://api2.aigcbest.top/v1,"判断结果：错误  
解释：根据背景知识，actorofprotest是relatedto的特化（generalizations: relatedto），因此应是actorofprotest ⊑p relatedto，而非relatedto ⊑p actorofprotest。",0,1,
sample_0336,subPropertyOf,synonymfor ⊑p organizationalsoknownas,"背景知识：
条目1：
- 名称：synonymfor
- 类型：Unknown
- 简介：Two strings are synonyms if both of them frequently refer to the same real-world concept in text.
- 补充信息：generalizations: mutualproxyfor | domain: everypromotedthing | range: everypromotedthing

条目2：
- 名称：organizationalsoknownas
- 类型：Unknown
- 简介：this is another name for this organization
- 补充信息：generalizations: synonymfor | domain: organization | range: organization",0,qwen-max-0125,0.0,8192,https://api2.aigcbest.top/v1,"判断结果：错误  
解释：根据背景知识，synonymfor是organizationalsoknownas的泛化（generalization），而非其子属性，因此synonymfor ⊑p organizationalsoknownas与语义规则冲突。",0,1,
sample_0337,subPropertyOf,locationlocatedwithinlocation ⊑p citylocatedingeopoliticallocation,"背景知识：
条目1：
- 名称：locationlocatedwithinlocation
- 类型：Unknown
- 简介：a location that is a subpart of another location
- 补充信息：generalizations: subpartof, atlocation | domain: location | range: location

条目2：
- 名称：citylocatedingeopoliticallocation
- 类型：Unknown
- 简介：specifies that a particular city is located in a particular geopolitical location
- 补充信息：generalizations: locationlocatedwithinlocation | domain: city | range: geopoliticallocation",0,qwen-max-0125,0.0,8192,https://api2.aigcbest.top/v1,"判断结果：错误  
解释：根据背景知识，locationlocatedwithinlocation是citylocatedingeopoliticallocation的泛化关系，而非其子属性，因此该公理与subPropertyOf语义规则冲突。",0,1,
sample_0338,subPropertyOf,agentinvolvedwithitem ⊑p agentworkedondrug,"背景知识：
条目1：
- 名称：agentinvolvedwithitem
- 类型：Unknown
- 简介：Most general agent-to-item relation. As with agentInteractsWithAgent, we'll use this for states of being as well as actions, at least for now.
- 补充信息：generalizations: relatedto | domain: agent | range: item

条目2：
- 名称：agentworkedondrug
- 类型：Unknown
- 简介：This predicate relates a substance and a HumanAgent who is responsible for it. Responsibility is understoond relatively broadly, and includes people or organizations responsible for the substance's discovery or marketing and manufacturing.....
- 补充信息：generalizations: agentinvolvedwithitem | domain: humanagent | range: drug",0,qwen-max-0125,0.0,8192,https://api2.aigcbest.top/v1,"判断结果：错误  
解释：根据背景知识，agentinvolvedwithitem是比agentworkedondrug更一般的概念，而公理表示前者是后者的子属性，与语义关系冲突。",0,1,
sample_0339,subPropertyOf,cityattractions ⊑p cityhostsattraction,"背景知识：
条目1：
- 名称：cityattractions
- 类型：Unknown
- 简介：The city that an attraction is located in
- 补充信息：generalizations: locationcontainslocation | domain: city | range: attraction

条目2：
- 名称：cityhostsattraction
- 类型：Unknown
- 简介：Attraction occurs in the city
- 补充信息：generalizations: cityattractions | domain: city | range: attraction",0,qwen-max-0125,0.0,8192,https://api2.aigcbest.top/v1,"判断结果：正确  
解释：根据背景知识，cityhostsattraction 是 cityattractions 的 generalization，因此 cityattractions 是 cityhostsattraction 的子属性，符合 RDFS 的 subPropertyOf 语义规则。",1,0,
sample_0340,subPropertyOf,relatedto ⊑p roadaccidentinjured,"背景知识：
条目1：
- 名称：relatedto
- 类型：Unknown
- 简介：associated; connected (http://dictionary.reference.com/browse/related)
- 补充信息：generalizations: slot | domain: everypromotedthing | range: everypromotedthing

条目2：
- 名称：roadaccidentinjured
- 类型：Unknown
- 简介：roadaccidentinjured is an entity in the NELL knowledge base.
- 补充信息：generalizations: relatedto | domain: roadaccidentevent | range: person",0,qwen-max-0125,0.0,8192,https://api2.aigcbest.top/v1,"判断结果：错误  
解释：根据背景知识，relatedto是一个更通用的关系，而roadaccidentinjured是其具体化，公理中将relatedto定义为roadaccidentinjured的子属性与语义关系不符。",0,1,
sample_0341,subPropertyOf,relatedto ⊑p timeofprotest,"背景知识：
条目1：
- 名称：relatedto
- 类型：Class
- 简介：{%%s is somehow %s %%s, related to}
- 补充信息：generalizations: slot | domain: everypromotedthing | range: everypromotedthing

条目2：
- 名称：timeofprotest
- 类型：Class
- 简介：{%%s is the %s the event %%s, time of}
- 补充信息：generalizations: relatedto | domain: time | range: protestevent",0,qwen-max-0125,0.0,8192,https://api2.aigcbest.top/v1,"判断结果：错误  
解释：根据背景知识，relatedto 是一个更通用的类，而 timeofprotest 是其具体化（generalizations: relatedto），因此应是 timeofprotest ⊑ relatedto，而非 relatedto ⊑ timeofprotest。",0,1,
sample_0342,subPropertyOf,agentrelatedtolocation ⊑p inverseofcountryisthehomeofsportsteam,"背景知识：
条目1：
- 名称：agentrelatedtolocation
- 类型：Class
- 简介：{%%s is an agent that has %s the location %%s, something to do with}
- 补充信息：generalizations: atlocation | domain: agent | range: location

条目2：
- 名称：inverseofcountryisthehomeofsportsteam
- 类型：Class
- 简介：inverseofcountryisthehomeofsportsteam is a class in the NELL knowledge base.
- 补充信息：generalizations: agentrelatedtolocation | domain: sportsteam | range: country",0,qwen-max-0125,0.0,8192,https://api2.aigcbest.top/v1,"判断结果：错误  
解释：根据背景知识，agentrelatedtolocation 是一个更通用的类，而 inverseofcountryisthehomeofsportsteam 是其具体化，公理方向应为 inverseofcountryisthehomeofsportsteam ⊑ agentrelatedtolocation。",0,1,
sample_0343,subPropertyOf,relatedto ⊑p invertebratehascolor,"背景知识：
条目1：
- 名称：relatedto
- 类型：Class
- 简介：{%%s is somehow %s %%s, related to}
- 补充信息：generalizations: slot | domain: everypromotedthing | range: everypromotedthing

条目2：
- 名称：invertebratehascolor
- 类型：Class
- 简介：{%%s %s %%s, is related to}
- 补充信息：generalizations: relatedto | domain: invertebrate | range: color",0,qwen-max-0125,0.0,8192,https://api2.aigcbest.top/v1,"判断结果：错误  
解释：根据背景知识，relatedto 是一个更通用的类，而 invertebratehascolor 是其具体化的一个子类，公理 relatedto ⊑p invertebratehascolor 试图将通用类定义为特定类的子属性，与 RDFS 的 subPropertyOf 语义规则冲突。",0,1,
sample_0344,subPropertyOf,relatedto ⊑p locationofroadaccident,"背景知识：
条目1：
- 名称：relatedto
- 类型：Unknown
- 简介：associated; connected (http://dictionary.reference.com/browse/related)
- 补充信息：generalizations: slot | domain: everypromotedthing | range: everypromotedthing

条目2：
- 名称：locationofroadaccident
- 类型：Unknown
- 简介：{%%s is the %s the event %%s, location of}
- 补充信息：generalizations: relatedto | domain: location | range: roadaccidentevent",0,qwen-max-0125,0.0,8192,https://api2.aigcbest.top/v1,"判断结果：错误  
解释：根据背景知识，locationofroadaccident 是 relatedto 的具体化（generalizations: relatedto），因此 relatedto 不可能是 locationofroadaccident 的子属性（subPropertyOf）。",0,1,
sample_0345,subPropertyOf,specializationof ⊑p productinstanceof,"背景知识：
条目1：
- 名称：specializationof
- 类型：Unknown
- 简介：one thing is a more specific kind of another thing
- 补充信息：generalizations: relatedto | domain: everypromotedthing | range: everypromotedthing

条目2：
- 名称：productinstanceof
- 类型：Unknown
- 简介：Specifies that a particular product is a particular kind of thing
- 补充信息：generalizations: specializationof | domain: product | range: item",0,qwen-max-0125,0.0,8192,https://api2.aigcbest.top/v1,"判断结果：错误  
解释：根据背景知识，specializationof的范围和域均为everypromotedthing，而productinstanceof的域为product、范围为item，两者的语义和约束不兼容，因此specializationof不可能是productinstanceof的子属性。",0,1,
sample_0346,subPropertyOf,agentcollaborateswithagent ⊑p agenthierarchicallyaboveagent,"背景知识：
条目1：
- 名称：agentcollaborateswithagent
- 类型：Class
- 简介：{%%s %s with %%s, collaborates}
- 补充信息：generalizations: agentinteractswithagent | domain: agent | range: agent

条目2：
- 名称：agenthierarchicallyaboveagent
- 类型：Class
- 简介：{%%s is hierarchically %s %%s, above}
- 补充信息：generalizations: agentcontrols, agentcollaborateswithagent | domain: agent | range: agent",0,qwen-max-0125,0.0,8192,https://api2.aigcbest.top/v1,"判断结果：错误  
解释：根据背景知识，agentcollaborateswithagent 和 agenthierarchicallyaboveagent 是两个独立的类，且后者是前者的泛化之一，因此前者不可能是后者的子类。",0,1,
sample_0347,subPropertyOf,generalizationof ⊑p animalssuchasmammals,"背景知识：
条目1：
- 名称：generalizationof
- 类型：Class
- 简介：generalizationof is a class in the NELL knowledge base.
- 补充信息：generalizations: relatedto | domain: everypromotedthing | range: everypromotedthing

条目2：
- 名称：animalssuchasmammals
- 类型：Class
- 简介：{%%s %s %%s, is a generalization of}
- 补充信息：generalizations: generalizationof | domain: animal | range: mammal",0,qwen-max-0125,0.0,8192,https://api2.aigcbest.top/v1,"判断结果：错误  
解释：根据背景知识，generalizationof是一个类，而animalssuchasmammals是其具体实例或子类的描述，公理中使用属性“⊑p”表示属性间的关系，但二者之间并无此语义关系的支持。",0,1,
sample_0348,subPropertyOf,relatedto ⊑p inverseofcoachcanspeaklanguage,"背景知识：
条目1：
- 名称：relatedto
- 类型：Unknown
- 简介：associated; connected (http://dictionary.reference.com/browse/related)
- 补充信息：generalizations: slot | domain: everypromotedthing | range: everypromotedthing

条目2：
- 名称：inverseofcoachcanspeaklanguage
- 类型：Unknown
- 简介：Describes the languages that coaches might speak
- 补充信息：generalizations: relatedto | domain: language | range: coach",0,qwen-max-0125,0.0,8192,https://api2.aigcbest.top/v1,"判断结果：错误  
解释：根据背景知识，relatedto是一个更通用的关系，而inverseofcoachcanspeaklanguage是其具体化，但公理表示relatedto是inverseofcoachcanspeaklanguage的子属性，与语义关系冲突。",0,1,
sample_0349,subPropertyOf,relatedto ⊑p inverseofattractionmadeofbuildingmaterial,"背景知识：
条目1：
- 名称：relatedto
- 类型：Unknown
- 简介：associated; connected (http://dictionary.reference.com/browse/related)
- 补充信息：generalizations: slot | domain: everypromotedthing | range: everypromotedthing

条目2：
- 名称：inverseofattractionmadeofbuildingmaterial
- 类型：Unknown
- 简介：Describes the materials used to build attractions
- 补充信息：generalizations: relatedto | domain: buildingmaterial | range: attraction",0,qwen-max-0125,0.0,8192,https://api2.aigcbest.top/v1,"判断结果：错误  
解释：根据背景知识，relatedto的范围和定义域均为everypromotedthing，而inverseofattractionmadeofbuildingmaterial的定义域为buildingmaterial、范围为attraction，二者语义不匹配，无法满足subPropertyOf关系。",0,1,
sample_0350,subPropertyOf,generalizationof ⊑p hobbiessuchashobbies,"背景知识：
条目1：
- 名称：generalizationof
- 类型：Class
- 简介：generalizationof is a class in the NELL knowledge base.
- 补充信息：generalizations: relatedto | domain: everypromotedthing | range: everypromotedthing

条目2：
- 名称：hobbiessuchashobbies
- 类型：Class
- 简介：{%%s %s %%s, is a generalization of}
- 补充信息：generalizations: generalizationof | domain: hobby | range: hobby",0,qwen-max-0125,0.0,8192,https://api2.aigcbest.top/v1,"判断结果：错误  
解释：根据背景知识，generalizationof是一个类，而hobbiessuchashobbies是其具体化的一个子类，公理中的“⊑p”表示属性间的包含关系，但此处涉及的是类而非属性，因此与RDFS语义规则冲突。",0,1,
sample_0351,subPropertyOf,relatedto ⊑p athleteflyouttosportsteamposition,"背景知识：
条目1：
- 名称：relatedto
- 类型：Unknown
- 简介：associated; connected (http://dictionary.reference.com/browse/related)
- 补充信息：generalizations: slot | domain: everypromotedthing | range: everypromotedthing

条目2：
- 名称：athleteflyouttosportsteamposition
- 类型：Unknown
- 简介：{%%s is an athlete that %s position %%s, flied out to}
- 补充信息：generalizations: relatedto | domain: athlete | range: sportsteamposition",0,qwen-max-0125,0.0,8192,https://api2.aigcbest.top/v1,"判断结果：错误  
解释：根据背景知识，relatedto是更通用的关系，而athleteflyouttosportsteamposition是其具体化，公理中将relatedto定义为athleteflyouttosportsteamposition的子属性与语义关系不符。",0,1,
sample_0352,subPropertyOf,relatedto ⊑p sportsgamewinnerscore,"背景知识：
条目1：
- 名称：relatedto
- 类型：Unknown
- 简介：associated; connected (http://dictionary.reference.com/browse/related)
- 补充信息：generalizations: slot | domain: everypromotedthing | range: everypromotedthing

条目2：
- 名称：sportsgamewinnerscore
- 类型：Unknown
- 简介：Specifies the score with which the winning team in a particular sportsGame lost.
- 补充信息：generalizations: relatedto | domain: sportsgame | range: nonneginteger",0,qwen-max-0125,0.0,8192,https://api2.aigcbest.top/v1,"判断结果：错误  
解释：根据背景知识，relatedto是一个更通用的关系属性，而sportsgamewinnerscore是其具体化的一个子属性，但公理中将relatedto定义为sportsgamewinnerscore的子属性，与语义关系冲突。",0,1,
sample_0353,subPropertyOf,agentcontrols ⊑p agenthierarchicallyaboveagent,"背景知识：
条目1：
- 名称：agentcontrols
- 类型：Class
- 简介：{%%s %s %%s, controls}
- 补充信息：generalizations: relatedto | domain: agent | range: everypromotedthing

条目2：
- 名称：agenthierarchicallyaboveagent
- 类型：Class
- 简介：{%%s is hierarchically %s %%s, above}
- 补充信息：generalizations: agentcontrols, agentcollaborateswithagent | domain: agent | range: agent",0,qwen-max-0125,0.0,8192,https://api2.aigcbest.top/v1,"判断结果：错误  
解释：根据背景知识，agentcontrols的范围是everypromotedthing，而agenthierarchicallyaboveagent的范围是agent，两者范围不一致，违反了RDFS的subPropertyOf语义规则。",0,1,
sample_0354,subPropertyOf,agentinvolvedwithitem ⊑p mlauthorofsoftware,"背景知识：
条目1：
- 名称：agentinvolvedwithitem
- 类型：Unknown
- 简介：Most general agent-to-item relation. As with agentInteractsWithAgent, we'll use this for states of being as well as actions, at least for now.
- 补充信息：generalizations: relatedto | domain: agent | range: item

条目2：
- 名称：mlauthorofsoftware
- 类型：Unknown
- 简介：Specifies ML software that is written by a particular ML author
- 补充信息：generalizations: agentinvolvedwithitem, agentcreated | domain: mlauthor | range: mlsoftware",0,qwen-max-0125,0.0,8192,https://api2.aigcbest.top/v1,"判断结果：错误  
解释：根据背景知识，agentinvolvedwithitem是比mlauthorofsoftware更一般的概念，而公理表示其为mlauthorofsoftware的子属性，与语义关系冲突。",0,1,
sample_0355,subPropertyOf,locatedat ⊑p locationofevent,"背景知识：
条目1：
- 名称：locatedat
- 类型：Unknown
- 简介：assigns locations to things.
- 补充信息：generalizations: relatedto | domain: location | range: everypromotedthing

条目2：
- 名称：locationofevent
- 类型：Unknown
- 简介：the location that an event is happened at
- 补充信息：generalizations: locatedat | domain: location | range: event",0,qwen-max-0125,0.0,8192,https://api2.aigcbest.top/v1,"判断结果：错误  
解释：根据背景知识，locatedat是locationofevent的泛化（generalization），因此应为locationofevent ⊑p locatedat，而非locatedat ⊑p locationofevent。",0,1,
sample_0356,subPropertyOf,relatedto ⊑p inverseofprofessionactsatthesameareaofpoliticissue,"背景知识：
条目1：
- 名称：relatedto
- 类型：Class
- 简介：{%%s is somehow %s %%s, related to}
- 补充信息：generalizations: slot | domain: everypromotedthing | range: everypromotedthing

条目2：
- 名称：inverseofprofessionactsatthesameareaofpoliticissue
- 类型：Class
- 简介：inverseofprofessionactsatthesameareaofpoliticissue is a class in the NELL knowledge base.
- 补充信息：generalizations: relatedto | domain: profession | range: politicsissue",0,qwen-max-0125,0.0,8192,https://api2.aigcbest.top/v1,"判断结果：错误  
解释：根据背景知识，relatedto是一个更通用的类，而inverseofprofessionactsatthesameareaofpoliticissue是其具体化，公理中将relatedto定义为inverseofprofessionactsatthesameareaofpoliticissue的子类，与语义关系冲突。",0,1,
sample_0357,subPropertyOf,relatedto ⊑p animaleatfood,"背景知识：
条目1：
- 名称：relatedto
- 类型：Unknown
- 简介：associated; connected (http://dictionary.reference.com/browse/related)
- 补充信息：generalizations: slot | domain: everypromotedthing | range: everypromotedthing

条目2：
- 名称：animaleatfood
- 类型：Unknown
- 简介：Describes the foods that are eaten by an animal
- 补充信息：generalizations: relatedto | domain: animal | range: food",0,qwen-max-0125,0.0,8192,https://api2.aigcbest.top/v1,"判断结果：错误  
解释：根据背景知识，relatedto是animaleatfood的泛化（generalizations: relatedto），因此animaleatfood应为relatedto的子属性，而非relatedto为animaleatfood的子属性，与公理冲突。",0,1,
sample_0358,subPropertyOf,iteminvolvedwithagent ⊑p coffeeservedbycafe,"背景知识：
条目1：
- 名称：iteminvolvedwithagent
- 类型：Unknown
- 简介：Most general agent-to-item relation. As with agentInteractsWithAgent, we'll use this for states of being as well as actions, at least for now.
- 补充信息：generalizations: relatedto | domain: item | range: agent

条目2：
- 名称：coffeeservedbycafe
- 类型：Unknown
- 简介：coffeeservedbycafe is an entity in the NELL knowledge base.
- 补充信息：generalizations: iteminvolvedwithagent | domain: coffeedrink | range: caf_",0,qwen-max-0125,0.0,8192,https://api2.aigcbest.top/v1,"判断结果：错误  
解释：根据背景知识，iteminvolvedwithagent是更一般的概念，而coffeeservedbycafe是其具体化，因此应为coffeeservedbycafe ⊑p iteminvolvedwithagent，而非相反。",0,1,
sample_0359,subPropertyOf,relatedto ⊑p magnitudeofearthquaque,"背景知识：
条目1：
- 名称：relatedto
- 类型：Unknown
- 简介：associated; connected (http://dictionary.reference.com/browse/related)
- 补充信息：generalizations: slot | domain: everypromotedthing | range: everypromotedthing

条目2：
- 名称：magnitudeofearthquaque
- 类型：Unknown
- 简介：{%%s is the %s the event %%s, magnitude of}
- 补充信息：generalizations: relatedto | domain: everypromotedthing | range: earthquakeevent",0,qwen-max-0125,0.0,8192,https://api2.aigcbest.top/v1,"判断结果：正确  
解释：根据背景知识，magnitudeofearthquaque是relatedto的generalization，符合RDFS中subPropertyOf的语义规则，因此公理合理。",1,0,
sample_0360,subPropertyOf,attractionofcity ⊑p museumincity,"背景知识：
条目1：
- 名称：attractionofcity
- 类型：Class
- 简介：{%%s is a tourist attraction %s %%s, in the city}
- 补充信息：generalizations: locationlocatedwithinlocation | domain: attraction | range: city

条目2：
- 名称：museumincity
- 类型：Class
- 简介：{%%s is a museum %s %%s, in the city}
- 补充信息：generalizations: attractionofcity, buildinglocatedincity | domain: museum | range: city",0,qwen-max-0125,0.0,8192,https://api2.aigcbest.top/v1,"判断结果：错误  
解释：根据背景知识，attractionofcity是museumincity的泛化（generalization），而非特化，因此attractionofcity不可能是museumincity的子类。",0,1,
sample_0361,domain,domain(athleteplayedforschool) = llcoordinate,"背景知识：
条目1：
- 名称：athleteplayedforschool
- 类型：Unknown
- 简介：The school that an athlete used to play for its team
- 补充信息：generalizations: personbelongstoorganization | domain: athlete | range: school

条目2：
- 名称：llcoordinate
- 类型：Unknown
- 简介：Longitude is the angular distance of a point's meridian from the Prime (Greenwich) Meridian
- 补充信息：generalizations: abstractthing",0,qwen-max-0125,0.0,8192,https://api2.aigcbest.top/v1,"判断结果：错误  
解释：根据背景知识，athleteplayedforschool的domain应为athlete，而llcoordinate与athlete无语义关联，违反了RDFS的domain约束规则。",0,1,
sample_0362,domain,domain(organizationrepresentedbyagent) = candy,"背景知识：
条目1：
- 名称：organizationrepresentedbyagent
- 类型：Unknown
- 简介：Specialization of proxyFor for agent-to-organization relations. populate=false only because presumed to be uninteresting
- 补充信息：generalizations: organizationhasagent, proxyof | domain: organization | range: humanagent

条目2：
- 名称：candy
- 类型：Class
- 简介：{%%s is a kind of %s, candy}
- 补充信息：generalizations: food",0,qwen-max-0125,0.0,8192,https://api2.aigcbest.top/v1,"判断结果：错误  
解释：根据背景知识，organizationrepresentedbyagent的domain是organization，而公理中将其定义为candy，与背景知识冲突。",0,1,
sample_0363,domain,domain(cityattractions) = organization,"背景知识：
条目1：
- 名称：cityattractions
- 类型：Class
- 简介：cityattractions is a class in the NELL knowledge base.
- 补充信息：generalizations: locationcontainslocation | domain: city | range: attraction

条目2：
- 名称：organization
- 类型：Unknown
- 简介：An organization is an organized body of members or people with a particular purpose; in the Freebase context, a organization doesn't have a business association, like a company. Companies have their own type in the business domain, located....
- 补充信息：generalizations: humanagent",0,qwen-max-0125,0.0,8192,https://api2.aigcbest.top/v1,"判断结果：错误  
解释：根据背景知识，cityattractions的domain是city，而organization并非city的子类或等价类，因此该公理与背景知识冲突。",0,1,
sample_0364,domain,domain(musicgenressuchasmusicgenres) = politicsissue,"背景知识：
条目1：
- 名称：musicgenressuchasmusicgenres
- 类型：Unknown
- 简介：Describes the musicgenre types that are generalizations of specific musicgenres
- 补充信息：generalizations: generalizationof | domain: musicgenre | range: musicgenre

条目2：
- 名称：politicsissue
- 类型：Unknown
- 简介：An issue of political concern
- 补充信息：generalizations: abstractthing",0,qwen-max-0125,0.0,8192,https://api2.aigcbest.top/v1,"判断结果：错误  
解释：根据背景知识，musicgenressuchasmusicgenres的domain应为musicgenre，而politicsissue与musicgenre无直接关联，违反了domain的语义约束。",0,1,
sample_0365,domain,domain(inverseofathletesuchasathlete) = nonneginteger,"背景知识：
条目1：
- 名称：inverseofathletesuchasathlete
- 类型：Unknown
- 简介：Describes the specific athlete types that are generalizations of athletes
- 补充信息：generalizations: specializationof | domain: athlete | range: athlete

条目2：
- 名称：nonneginteger
- 类型：Class
- 简介：{%%s is a %s, non-negative integer}
- 补充信息：generalizations: abstractthing",0,qwen-max-0125,0.0,8192,https://api2.aigcbest.top/v1,"判断结果：错误  
解释：根据背景知识，inverseofathletesuchasathlete的domain应为athlete，而非nonneginteger，与给定公理冲突。",0,1,
sample_0366,domain,domain(politicsbillsponsoredbypolitician) = politicaloffice,"背景知识：
条目1：
- 名称：politicsbillsponsoredbypolitician
- 类型：Class
- 简介：{%%s is a legislative bill %s %%s, sponsored by}
- 补充信息：generalizations: relatedto | domain: politicsbill | range: politician

条目2：
- 名称：politicaloffice
- 类型：Unknown
- 简介：This type is for the office, title, or position within a government. It includes both single-person offices (prime minister, emperor, mayor), titles of members of a governing body (representative, sentator, MP), and titles of additional pos...
- 补充信息：generalizations: abstractthing",0,qwen-max-0125,0.0,8192,https://api2.aigcbest.top/v1,"判断结果：错误  
解释：根据背景知识，politicsbillsponsoredbypolitician的domain应为politicsbill，而politicaloffice与politicsbill无直接关联，违反了RDFS语义规则。",0,1,
sample_0367,domain,domain(inverseofanimalssuchasmammals) = earthquakeevent,"背景知识：
条目1：
- 名称：inverseofanimalssuchasmammals
- 类型：Unknown
- 简介：Describes the animal types that are generalizations of mammals
- 补充信息：generalizations: specializationof | domain: mammal | range: animal

条目2：
- 名称：earthquakeevent
- 类型：Unknown
- 简介：{%%s is a %s, earthquake event}
- 补充信息：generalizations: event",0,qwen-max-0125,0.0,8192,https://api2.aigcbest.top/v1,"判断结果：错误  
解释：根据背景知识，inverseofanimalssuchasmammals的domain应为mammal，而earthquakeevent与mammal无直接关联，违反了domain的语义约束。",0,1,
sample_0368,domain,domain(marriedinyear) = insect,"背景知识：
条目1：
- 名称：marriedinyear
- 类型：Unknown
- 简介：This relation holds when a person married some other person in the specified year.
- 补充信息：generalizations: atdate | domain: person | range: year

条目2：
- 名称：insect
- 类型：Unknown
- 简介：class within the arthropods that have a chitinous exoskeleton, a three-part body (head, thorax, and abdomen), three pairs of jointed legs, compound eyes, and two antennae
- 补充信息：generalizations: arthropod",0,qwen-max-0125,0.0,8192,https://api2.aigcbest.top/v1,"判断结果：错误  
解释：根据背景知识，marriedinyear的domain应为person，而insect是一个类，与person无直接关联，因此该公理与背景知识冲突。",0,1,
sample_0369,domain,domain(inverseofgrainusedtomakecandy) = politicsissue,"背景知识：
条目1：
- 名称：inverseofgrainusedtomakecandy
- 类型：Class
- 简介：inverseofgrainusedtomakecandy is a class in the NELL knowledge base.
- 补充信息：generalizations: relatedto | domain: candy | range: grain

条目2：
- 名称：politicsissue
- 类型：Unknown
- 简介：An issue of political concern
- 补充信息：generalizations: abstractthing",0,qwen-max-0125,0.0,8192,https://api2.aigcbest.top/v1,"判断结果：错误  
解释：根据背景知识，inverseofgrainusedtomakecandy的domain是candy，而politicsissue与candy无直接关联，违反了RDFS语义规则中domain的定义。",0,1,
sample_0370,domain,domain(inverseofarthropodlooklikeinsect) = person,"背景知识：
条目1：
- 名称：inverseofarthropodlooklikeinsect
- 类型：Unknown
- 简介：Describes the arthropod that look like specific insects
- 补充信息：generalizations: relatedto | domain: insect | range: arthropod

条目2：
- 名称：person
- 类型：Unknown
- 简介：A person is a human being (man, woman or child) known to have actually existed. Living persons, celebrities and politicians are persons, as are deceased persons.
- 补充信息：generalizations: humanagent",0,qwen-max-0125,0.0,8192,https://api2.aigcbest.top/v1,"判断结果：错误  
解释：根据背景知识，inverseofarthropodlooklikeinsect的domain应为insect，而非person，与给定公理冲突。",0,1,
sample_0371,domain,domain(superpartof) = newspaper,"背景知识：
条目1：
- 名称：superpartof
- 类型：Class
- 简介：superpartof is a class in the NELL knowledge base.
- 补充信息：generalizations: relatedto | domain: everypromotedthing | range: everypromotedthing

条目2：
- 名称：newspaper
- 类型：Class
- 简介：{%%s is a %s, newspaper}
- 补充信息：generalizations: publication",0,qwen-max-0125,0.0,8192,https://api2.aigcbest.top/v1,"判断结果：错误  
解释：根据背景知识，superpartof的domain被定义为everypromotedthing，而非newspaper，因此该公理与背景知识冲突。",0,1,
sample_0372,domain,domain(personattendsschool) = politicsissue,"背景知识：
条目1：
- 名称：personattendsschool
- 类型：Unknown
- 简介：person has attended a school
- 补充信息：generalizations: personbelongstoorganization | domain: person | range: school

条目2：
- 名称：politicsissue
- 类型：Unknown
- 简介：An issue of political concern
- 补充信息：generalizations: abstractthing",0,qwen-max-0125,0.0,8192,https://api2.aigcbest.top/v1,"判断结果：错误  
解释：根据背景知识，personattendsschool的domain应为person，而politicsissue与person无直接关联，因此该公理与背景知识冲突。",0,1,
sample_0373,domain,domain(athleteinjuredhisbodypart) = language,"背景知识：
条目1：
- 名称：athleteinjuredhisbodypart
- 类型：Unknown
- 简介：Describes the athletes that had injured any body part
- 补充信息：generalizations: relatedto | domain: athlete | range: bodypart

条目2：
- 名称：language
- 类型：Class
- 简介：{%%s is a %s, language}
- 补充信息：generalizations: abstractthing",0,qwen-max-0125,0.0,8192,https://api2.aigcbest.top/v1,"判断结果：错误  
解释：根据背景知识，athleteinjuredhisbodypart的domain应为athlete，而language是一个类，与athlete无直接关联，因此该公理与背景知识冲突。",0,1,
sample_0374,domain,domain(locatedat) = mammal,"背景知识：
条目1：
- 名称：locatedat
- 类型：Class
- 简介：locatedat is a class in the NELL knowledge base.
- 补充信息：generalizations: relatedto | domain: location | range: everypromotedthing

条目2：
- 名称：mammal
- 类型：Unknown
- 简介：Mammals (formally Mammalia) are a class of vertebrate, air-breathing animals whose females are characterized by the possession of mammary glands while both males and females are characterized by hair and/or fur, three middle ear bones used....
- 补充信息：generalizations: vertebrate",0,qwen-max-0125,0.0,8192,https://api2.aigcbest.top/v1,"判断结果：错误  
解释：根据背景知识，locatedat的domain是location，而mammal并未被定义为location的子类或等价类，因此该公理与背景知识冲突。",0,1,
sample_0375,domain,domain(topmemberoforganization) = country,"背景知识：
条目1：
- 名称：topmemberoforganization
- 类型：Class
- 简介：{%%s is a %s of %%s, top member}
- 补充信息：generalizations: worksfor, personleadsorganization | domain: person | range: company

条目2：
- 名称：country
- 类型：Unknown
- 简介：The type ""country"" in Freebase can and should be used with a variety of topics. The most common will be probably be current and former independent nations, potentially including composite entities such as empires. It can also be used for au...
- 补充信息：generalizations: geopoliticallocation, geopoliticalorganization, geolocatablething",0,qwen-max-0125,0.0,8192,https://api2.aigcbest.top/v1,"判断结果：错误  
解释：根据背景知识，topmemberoforganization的domain应为person，而非country，与公理描述不符。",0,1,
sample_0376,domain,domain(organizationleadbyagent) = criminal,"背景知识：
条目1：
- 名称：organizationleadbyagent
- 类型：Unknown
- 简介：General relation as with certain political positions, we have an agent that controls the thing that he works for
- 补充信息：generalizations: controlledbyagent, organizationrepresentedbyagent | domain: organization | range: humanagent

条目2：
- 名称：criminal
- 类型：Unknown
- 简介：a person who commits a crime
- 补充信息：generalizations: person",0,qwen-max-0125,0.0,8192,https://api2.aigcbest.top/v1,"判断结果：错误  
解释：根据背景知识，organizationleadbyagent的domain应为organization，而criminal是person的子类，与organization无直接关联，因此该公理与背景知识冲突。",0,1,
sample_0377,domain,domain(inverseofagriculturalproductincludingagriculturalproduct) = city,"背景知识：
条目1：
- 名称：inverseofagriculturalproductincludingagriculturalproduct
- 类型：Unknown
- 简介：Describes the agricultural products that are generalizations of other agriculture products
- 补充信息：generalizations: specializationof | domain: agriculturalproduct | range: agriculturalproduct

条目2：
- 名称：city
- 类型：Class
- 简介：{%%s is a %s, city}
- 补充信息：generalizations: geopoliticallocation, geopoliticalorganization, visualizablescene",0,qwen-max-0125,0.0,8192,https://api2.aigcbest.top/v1,"判断结果：错误  
解释：根据背景知识，inverseofagriculturalproductincludingagriculturalproduct的domain应为agriculturalproduct，而非city，与给定公理冲突。",0,1,
sample_0378,domain,domain(airportincity) = organization,"背景知识：
条目1：
- 名称：airportincity
- 类型：Unknown
- 简介：The city an airport is located in.
- 补充信息：generalizations: buildinglocatedincity | domain: airport | range: city

条目2：
- 名称：organization
- 类型：Unknown
- 简介：An organization is an organized body of members or people with a particular purpose; in the Freebase context, a organization doesn't have a business association, like a company. Companies have their own type in the business domain, located....
- 补充信息：generalizations: humanagent",0,qwen-max-0125,0.0,8192,https://api2.aigcbest.top/v1,"判断结果：错误  
解释：根据背景知识，airportincity的domain应为airport，而非organization，与公理定义冲突。",0,1,
sample_0379,domain,domain(earthquakehadepicenter) = mammal,"背景知识：
条目1：
- 名称：earthquakehadepicenter
- 类型：Unknown
- 简介：earthquakehadepicenter is an entity in the NELL knowledge base.
- 补充信息：generalizations: relatedto | domain: earthquakeevent | range: geolocatablething

条目2：
- 名称：mammal
- 类型：Unknown
- 简介：Mammals (formally Mammalia) are a class of vertebrate, air-breathing animals whose females are characterized by the possession of mammary glands while both males and females are characterized by hair and/or fur, three middle ear bones used....
- 补充信息：generalizations: vertebrate",0,qwen-max-0125,0.0,8192,https://api2.aigcbest.top/v1,"判断结果：错误  
解释：根据背景知识，earthquakehadepicenter的domain是earthquakeevent，而mammal是一个与vertebrate相关的类，二者无语义关联，因此该公理与背景知识冲突。",0,1,
sample_0380,domain,domain(officeheldbypolitician) = airport,"背景知识：
条目1：
- 名称：officeheldbypolitician
- 类型：Unknown
- 简介：Specifies that a particular politician holds a particular office
- 补充信息：generalizations: relatedto | domain: politicaloffice | range: politician

条目2：
- 名称：airport
- 类型：Unknown
- 简介：A place where airplanes, helicopters, or other flying vehicles land and take off
- 补充信息：generalizations: building",0,qwen-max-0125,0.0,8192,https://api2.aigcbest.top/v1,"判断结果：错误  
解释：根据背景知识，officeheldbypolitician的domain应为politicaloffice，而公理中将其定义为airport，与语义规则和背景知识冲突。",0,1,
sample_0381,domain,domain(loseringame) = earthquakeevent,"背景知识：
条目1：
- 名称：loseringame
- 类型：Unknown
- 简介：Specifies that a particular team that played in a particular sportsGame was the loser thereof.
- 补充信息：generalizations: teamingame | domain: sportsteam | range: sportsgame

条目2：
- 名称：earthquakeevent
- 类型：Unknown
- 简介：{%%s is a %s, earthquake event}
- 补充信息：generalizations: event",0,qwen-max-0125,0.0,8192,https://api2.aigcbest.top/v1,"判断结果：错误  
解释：根据背景知识，loseringame的domain应为sportsteam，而earthquakeevent与sportsteam无直接关联，因此该公理与背景知识冲突。",0,1,
sample_0382,domain,domain(numberofcasualtiesinroadaccident) = hospital,"背景知识：
条目1：
- 名称：numberofcasualtiesinroadaccident
- 类型：Class
- 简介：{%%s is the number of people that %s the event %%s, died in}
- 补充信息：generalizations: relatedto | domain: nonneginteger | range: roadaccidentevent

条目2：
- 名称：hospital
- 类型：Class
- 简介：{%%s is a %s, hospital}
- 补充信息：generalizations: building",0,qwen-max-0125,0.0,8192,https://api2.aigcbest.top/v1,"判断结果：错误  
解释：根据背景知识，numberofcasualtiesinroadaccident的domain应为nonneginteger，而非hospital，这与公理中的定义冲突。",0,1,
sample_0383,domain,domain(leagueteams) = bank,"背景知识：
条目1：
- 名称：leagueteams
- 类型：Unknown
- 简介：The league that a team plays in.
- 补充信息：generalizations: superpartoforganization | domain: sportsleague | range: sportsteam

条目2：
- 名称：bank
- 类型：Class
- 简介：{%%s is a %s, bank}
- 补充信息：generalizations: company",0,qwen-max-0125,0.0,8192,https://api2.aigcbest.top/v1,"判断结果：错误  
解释：根据背景知识，leagueteams的domain应为sportsleague，而bank是一个类，与sportsleague无直接关联，因此该公理与背景知识冲突。",0,1,
sample_0384,domain,domain(organizationheadquarteredincountry) = bakedgood,"背景知识：
条目1：
- 名称：organizationheadquarteredincountry
- 类型：Unknown
- 简介：The country where a given organization is headquartered
- 补充信息：generalizations: organizationactsinlocation | domain: organization | range: country

条目2：
- 名称：bakedgood
- 类型：Unknown
- 简介：A food which is made through baking in an oven
- 补充信息：generalizations: food",0,qwen-max-0125,0.0,8192,https://api2.aigcbest.top/v1,"判断结果：错误  
解释：根据背景知识，organizationheadquarteredincountry的domain应为organization，而bakedgood与organization无语义关联，违反了RDFS的domain约束规则。",0,1,
sample_0385,domain,domain(inverseoftelevisionshowssuchastelevisionshows) = agriculturalproduct,"背景知识：
条目1：
- 名称：inverseoftelevisionshowssuchastelevisionshows
- 类型：Class
- 简介：inverseoftelevisionshowssuchastelevisionshows is a class in the NELL knowledge base.
- 补充信息：generalizations: specializationof | domain: televisionshow | range: televisionshow

条目2：
- 名称：agriculturalproduct
- 类型：Unknown
- 简介：a living thing (or something derived therefrom) which is specifically cultivated and produced to sustain or enrich life
- 补充信息：generalizations: item",0,qwen-max-0125,0.0,8192,https://api2.aigcbest.top/v1,"判断结果：错误  
解释：根据背景知识，inverseoftelevisionshowssuchastelevisionshows的domain应为televisionshow，而agriculturalproduct与televisionshow无直接关联，违反了RDFS语义规则。",0,1,
sample_0386,domain,domain(inverseofcoachstudiedatuniversity) = politicianus,"背景知识：
条目1：
- 名称：inverseofcoachstudiedatuniversity
- 类型：Unknown
- 简介：Describes the university where the coach studied at
- 补充信息：generalizations: relatedto | domain: university | range: coach

条目2：
- 名称：politicianus
- 类型：Class
- 简介：{%%s is a %s, U.S. politician}
- 补充信息：generalizations: personus, politician",0,qwen-max-0125,0.0,8192,https://api2.aigcbest.top/v1,"判断结果：错误  
解释：根据背景知识，inverseofcoachstudiedatuniversity的domain应为university，而公理中将其定义为politicianus，与背景知识冲突。",0,1,
sample_0387,domain,domain(inverseofcompanyproducesvideogamesystem) = programminglanguage,"背景知识：
条目1：
- 名称：inverseofcompanyproducesvideogamesystem
- 类型：Class
- 简介：inverseofcompanyproducesvideogamesystem is a class in the NELL knowledge base.
- 补充信息：generalizations: relatedto | domain: videogamesystem | range: company

条目2：
- 名称：programminglanguage
- 类型：Class
- 简介：{%%s is a %s, programming language}
- 补充信息：generalizations: abstractthing",0,qwen-max-0125,0.0,8192,https://api2.aigcbest.top/v1,"判断结果：错误  
解释：根据背景知识，inverseofcompanyproducesvideogamesystem的domain是videogamesystem，而公理中将其定义为programminglanguage，与背景知识冲突。",0,1,
sample_0388,domain,domain(automakerproducesmodel) = sportsteam,"背景知识：
条目1：
- 名称：automakerproducesmodel
- 类型：Unknown
- 简介：this automobile manufacturer produces this particular automobile make or model
- 补充信息：generalizations: producesproduct | domain: automobilemaker | range: automobilemodel

条目2：
- 名称：sportsteam
- 类型：Class
- 简介：{%%s is a %s, sports team}
- 补充信息：generalizations: organization, geolocatablething",0,qwen-max-0125,0.0,8192,https://api2.aigcbest.top/v1,"判断结果：错误  
解释：根据背景知识，automakerproducesmodel的domain应为automobilemaker，而sportsteam与automobilemaker无直接关联，违反了domain语义约束。",0,1,
sample_0389,domain,domain(agentcompeteswithagent) = language,"背景知识：
条目1：
- 名称：agentcompeteswithagent
- 类型：Class
- 简介：{%%s %s %%s, competes with}
- 补充信息：generalizations: agentinteractswithagent | domain: agent | range: agent

条目2：
- 名称：language
- 类型：Class
- 简介：{%%s is a %s, language}
- 补充信息：generalizations: abstractthing",0,qwen-max-0125,0.0,8192,https://api2.aigcbest.top/v1,"判断结果：错误  
解释：根据背景知识，agentcompeteswithagent的domain应为agent，而非language，与公理冲突。",0,1,
sample_0390,domain,domain(arthropodcalledarthropod) = url,"背景知识：
条目1：
- 名称：arthropodcalledarthropod
- 类型：Class
- 简介：{%%s %s %%s, is called}
- 补充信息：generalizations: synonymfor | domain: arthropod | range: arthropod

条目2：
- 名称：url
- 类型：Class
- 简介：{%%s is a %s, URL}
- 补充信息：generalizations: website",0,qwen-max-0125,0.0,8192,https://api2.aigcbest.top/v1,"判断结果：错误  
解释：根据背景知识，arthropodcalledarthropod的domain应为arthropod，而非url，与公理描述不符。",0,1,
sample_0391,domain,domain(countryhascitizen) = earthquakeevent,"背景知识：
条目1：
- 名称：countryhascitizen
- 类型：Class
- 简介：countryhascitizen is a class in the NELL knowledge base.
- 补充信息：generalizations: locationrelatedtoagent | domain: country | range: person

条目2：
- 名称：earthquakeevent
- 类型：Unknown
- 简介：{%%s is a %s, earthquake event}
- 补充信息：generalizations: event",0,qwen-max-0125,0.0,8192,https://api2.aigcbest.top/v1,"判断结果：错误  
解释：根据背景知识，countryhascitizen的domain应为country，而earthquakeevent与country无直接关联，违反了RDFS中domain的语义约束。",0,1,
sample_0392,domain,domain(visualappearanceof) = humanagent,"背景知识：
条目1：
- 名称：visualappearanceof
- 类型：Class
- 简介：visualappearanceof is a class in the NELL knowledge base.
- 补充信息：generalizations: locatedat | domain: url | range: visualizablething

条目2：
- 名称：humanagent
- 类型：Class
- 简介：{%%s has %s, human agency}
- 补充信息：generalizations: agent",0,qwen-max-0125,0.0,8192,https://api2.aigcbest.top/v1,"判断结果：错误  
解释：根据背景知识，visualappearanceof的domain为url，而非humanagent，因此该公理与背景知识冲突。",0,1,
sample_0393,domain,domain(criminalssuchascriminals) = country,"背景知识：
条目1：
- 名称：criminalssuchascriminals
- 类型：Unknown
- 简介：Describes the criminals types that are generalizations of specific criminals
- 补充信息：generalizations: generalizationof | domain: criminal | range: criminal

条目2：
- 名称：country
- 类型：Unknown
- 简介：The type ""country"" in Freebase can and should be used with a variety of topics. The most common will be probably be current and former independent nations, potentially including composite entities such as empires. It can also be used for au...
- 补充信息：generalizations: geopoliticallocation, geopoliticalorganization, geolocatablething",0,qwen-max-0125,0.0,8192,https://api2.aigcbest.top/v1,"判断结果：错误  
解释：根据背景知识，criminalssuchascriminals的domain应为criminal，而非country，与给定公理冲突。",0,1,
sample_0394,domain,domain(agriculturalproductcanbethesameasvegetable) = nonneginteger,"背景知识：
条目1：
- 名称：agriculturalproductcanbethesameasvegetable
- 类型：Unknown
- 简介：Describes two instances that are the same thing in these two different categories
- 补充信息：generalizations: canbethesameas | domain: agriculturalproduct | range: vegetable

条目2：
- 名称：nonneginteger
- 类型：Class
- 简介：{%%s is a %s, non-negative integer}
- 补充信息：generalizations: abstractthing",0,qwen-max-0125,0.0,8192,https://api2.aigcbest.top/v1,"判断结果：错误  
解释：根据背景知识，agriculturalproductcanbethesameasvegetable的domain应为agriculturalproduct，而非nonneginteger，与公理定义冲突。",0,1,
sample_0395,domain,domain(agentowns) = athlete,"背景知识：
条目1：
- 名称：agentowns
- 类型：Class
- 简介：{%%s %s %%s, owns}
- 补充信息：generalizations: relatedto | domain: humanagent | range: everypromotedthing

条目2：
- 名称：athlete
- 类型：Unknown
- 简介：An athlete is a person who plays a sport competitively.
- 补充信息：generalizations: person",0,qwen-max-0125,0.0,8192,https://api2.aigcbest.top/v1,"判断结果：错误  
解释：背景知识中明确指出 agentowns 的 domain 是 humanagent，而公理中将其定义为 athlete，与背景知识冲突。",0,1,
sample_0396,domain,domain(timeofprotest) = productlaunchevent,"背景知识：
条目1：
- 名称：timeofprotest
- 类型：Unknown
- 简介：{%%s is the %s the event %%s, time of}
- 补充信息：generalizations: relatedto | domain: time | range: protestevent

条目2：
- 名称：productlaunchevent
- 类型：Class
- 简介：{%%s is a %s, product launch event}
- 补充信息：generalizations: event",0,qwen-max-0125,0.0,8192,https://api2.aigcbest.top/v1,"判断结果：错误  
解释：根据背景知识，timeofprotest的domain为time，而公理中将其定义为productlaunchevent，与背景知识冲突。",0,1,
sample_0397,domain,domain(producedby) = location,"背景知识：
条目1：
- 名称：producedby
- 类型：Class
- 简介：producedby is a class in the NELL knowledge base.
- 补充信息：generalizations: iteminvolvedwithagent, createdbyagent | domain: product | range: company

条目2：
- 名称：location
- 类型：Class
- 简介：{%%s is a %s, location}
- 补充信息：generalizations: everypromotedthing",0,qwen-max-0125,0.0,8192,https://api2.aigcbest.top/v1,"判断结果：错误  
解释：根据背景知识，producedby的domain是product，而公理中将其定义为location，与背景知识冲突。",0,1,
sample_0398,domain,domain(countrycapital) = sportsteam,"背景知识：
条目1：
- 名称：countrycapital
- 类型：Class
- 简介：countrycapital is a class in the NELL knowledge base.
- 补充信息：generalizations: countrycities, proxyof | domain: country | range: city

条目2：
- 名称：sportsteam
- 类型：Class
- 简介：{%%s is a %s, sports team}
- 补充信息：generalizations: organization, geolocatablething",0,qwen-max-0125,0.0,8192,https://api2.aigcbest.top/v1,"判断结果：错误  
解释：根据背景知识，countrycapital的domain应为country，而sportsteam是一个类，与country无直接关联，违反了domain的语义约束。",0,1,
sample_0399,domain,domain(locationofbombing) = criminal,"背景知识：
条目1：
- 名称：locationofbombing
- 类型：Unknown
- 简介：{%%s is the %s the event %%s, location of}
- 补充信息：generalizations: relatedto | domain: location | range: bombingevent

条目2：
- 名称：criminal
- 类型：Unknown
- 简介：a person who commits a crime
- 补充信息：generalizations: person",0,qwen-max-0125,0.0,8192,https://api2.aigcbest.top/v1,"判断结果：错误  
解释：根据背景知识，locationofbombing的domain应为location，而公理中将其定义为criminal，与背景知识冲突。",0,1,
sample_0400,domain,domain(hospitalincity) = videogamesystem,"背景知识：
条目1：
- 名称：hospitalincity
- 类型：Class
- 简介：{%%s is a hospital %s %%s, in the city}
- 补充信息：generalizations: buildinglocatedincity | domain: hospital | range: city

条目2：
- 名称：videogamesystem
- 类型：Class
- 简介：{%%s is a %s, video game system}
- 补充信息：generalizations: consumerelectronicitem",0,qwen-max-0125,0.0,8192,https://api2.aigcbest.top/v1,"判断结果：错误  
解释：根据背景知识，hospitalincity的domain应为hospital，而videogamesystem与hospital无语义关联，违反了RDFS中domain的定义规则。",0,1,
sample_0401,domain,domain(agenthierarchicallyaboveagent) = nonneginteger,"背景知识：
条目1：
- 名称：agenthierarchicallyaboveagent
- 类型：Class
- 简介：{%%s is hierarchically %s %%s, above}
- 补充信息：generalizations: agentcontrols, agentcollaborateswithagent | domain: agent | range: agent

条目2：
- 名称：nonneginteger
- 类型：Class
- 简介：{%%s is a %s, non-negative integer}
- 补充信息：generalizations: abstractthing",0,qwen-max-0125,0.0,8192,https://api2.aigcbest.top/v1,"判断结果：错误  
解释：根据背景知识，agenthierarchicallyaboveagent的domain应为agent，而非nonneginteger，与公理冲突。",0,1,
sample_0402,domain,domain(organizationhastopmember) = everypromotedthing,"背景知识：
条目1：
- 名称：organizationhastopmember
- 类型：Unknown
- 简介：Identifies people in high-level, leading positions at organizations. Applicable positions have authority over the entire organization (e.g. presidents, VPs, directors, and C-level executives), not merely over departments or subsidiaries.
- 补充信息：generalizations: organizationleadbyperson, worker | domain: company | range: person

条目2：
- 名称：everypromotedthing
- 类型：Class
- 简介：{%%s is %s, something}",0,qwen-max-0125,0.0,8192,https://api2.aigcbest.top/v1,"判断结果：错误  
解释：根据背景知识，organizationhastopmember的domain应为company，而everypromotedthing是一个类，与company无直接关联，违反了domain的语义约束。",0,1,
sample_0403,domain,domain(languageofcountry) = airport,"背景知识：
条目1：
- 名称：languageofcountry
- 类型：Class
- 简介：{%%s is the %s the country %%s, language of}
- 补充信息：generalizations: relatedto | domain: language | range: country

条目2：
- 名称：airport
- 类型：Unknown
- 简介：A place where airplanes, helicopters, or other flying vehicles land and take off
- 补充信息：generalizations: building",0,qwen-max-0125,0.0,8192,https://api2.aigcbest.top/v1,"判断结果：错误  
解释：根据背景知识，languageofcountry的domain应为language，而公理中将其定义为airport，与语义规则冲突。",0,1,
sample_0404,domain,domain(bakegoodistypicalincountry) = productlaunchevent,"背景知识：
条目1：
- 名称：bakegoodistypicalincountry
- 类型：Unknown
- 简介：Describes the typicall bakegoods of the countries
- 补充信息：generalizations: relatedto | domain: bakedgood | range: country

条目2：
- 名称：productlaunchevent
- 类型：Class
- 简介：{%%s is a %s, product launch event}
- 补充信息：generalizations: event",0,qwen-max-0125,0.0,8192,https://api2.aigcbest.top/v1,"判断结果：错误  
解释：根据背景知识，bakegoodistypicalincountry 的 domain 应为 bakedgood，而公理中将其定义为 productlaunchevent，与背景知识冲突。",0,1,
sample_0405,domain,domain(criminalarrestedincountry) = videogamesystem,"背景知识：
条目1：
- 名称：criminalarrestedincountry
- 类型：Unknown
- 简介：Country where criminal was arrested
- 补充信息：generalizations: agentrelatedtolocation | domain: criminal | range: country

条目2：
- 名称：videogamesystem
- 类型：Class
- 简介：{%%s is a %s, video game system}
- 补充信息：generalizations: consumerelectronicitem",0,qwen-max-0125,0.0,8192,https://api2.aigcbest.top/v1,"判断结果：错误  
解释：根据背景知识，criminalarrestedincountry的domain应为criminal，而videogamesystem是一个类，与criminal无直接关联，违反了RDFS语义规则。",0,1,
sample_0406,domain,domain(arteriessuchasarteries) = person,"背景知识：
条目1：
- 名称：arteriessuchasarteries
- 类型：Class
- 简介：{%%s %s %%s, is a generalization of}
- 补充信息：generalizations: generalizationof | domain: artery | range: artery

条目2：
- 名称：person
- 类型：Unknown
- 简介：A person is a human being (man, woman or child) known to have actually existed. Living persons, celebrities and politicians are persons, as are deceased persons.
- 补充信息：generalizations: humanagent",0,qwen-max-0125,0.0,8192,https://api2.aigcbest.top/v1,"判断结果：错误  
解释：根据背景知识，arteriessuchasarteries的domain应为artery，而公理中将其定义为person，与背景知识冲突。",0,1,
sample_0407,domain,domain(countrylocatedingeopoliticallocation) = mammal,"背景知识：
条目1：
- 名称：countrylocatedingeopoliticallocation
- 类型：Unknown
- 简介：specifies that a particular country is located in a particular geopolitical entity
- 补充信息：generalizations: locationlocatedwithinlocation | domain: country | range: geopoliticallocation

条目2：
- 名称：mammal
- 类型：Unknown
- 简介：Mammals (formally Mammalia) are a class of vertebrate, air-breathing animals whose females are characterized by the possession of mammary glands while both males and females are characterized by hair and/or fur, three middle ear bones used....
- 补充信息：generalizations: vertebrate",0,qwen-max-0125,0.0,8192,https://api2.aigcbest.top/v1,"判断结果：错误  
解释：根据背景知识，countrylocatedingeopoliticallocation的domain应为country，而mammal与country无语义关联，违反了RDFS的domain约束规则。",0,1,
sample_0408,domain,domain(inverseofbankboughtbank) = arthropod,"背景知识：
条目1：
- 名称：inverseofbankboughtbank
- 类型：Class
- 简介：inverseofbankboughtbank is a class in the NELL knowledge base.
- 补充信息：generalizations: acquiredby | domain: bank | range: bank

条目2：
- 名称：arthropod
- 类型：Class
- 简介：{%%s is an %s, arthropod}
- 补充信息：generalizations: invertebrate",0,qwen-max-0125,0.0,8192,https://api2.aigcbest.top/v1,"判断结果：错误  
解释：根据背景知识，inverseofbankboughtbank的domain应为bank，而公理中将其定义为arthropod，与背景知识冲突。",0,1,
sample_0409,domain,domain(dateatwhichexistslocation) = person,"背景知识：
条目1：
- 名称：dateatwhichexistslocation
- 类型：Class
- 简介：dateatwhichexistslocation is a class in the NELL knowledge base.
- 补充信息：generalizations: dateof | domain: date | range: location

条目2：
- 名称：person
- 类型：Unknown
- 简介：A person is a human being (man, woman or child) known to have actually existed. Living persons, celebrities and politicians are persons, as are deceased persons.
- 补充信息：generalizations: humanagent",0,qwen-max-0125,0.0,8192,https://api2.aigcbest.top/v1,"判断结果：错误  
解释：根据背景知识，dateatwhichexistslocation的domain应为date，而非person，与公理描述不符。",0,1,
sample_0410,domain,domain(latitudelongitudeof) = automobilemaker,"背景知识：
条目1：
- 名称：latitudelongitudeof
- 类型：Unknown
- 简介：the latitude and longitude of this location, or the latitude and longitude typically associated with this thing
- 补充信息：generalizations: relatedto | domain: llcoordinate | range: everypromotedthing

条目2：
- 名称：automobilemaker
- 类型：Unknown
- 简介：A company that manufactures motor-powered vehicles (eg., cars, motorcycles, buses, trucks and motorized bikes)
- 补充信息：generalizations: company",0,qwen-max-0125,0.0,8192,https://api2.aigcbest.top/v1,"判断结果：错误  
解释：根据背景知识，latitudelongitudeof 的 domain 应为 llcoordinate，而非 automobilemaker，这与公理定义存在冲突。",0,1,
sample_0411,domain,domain(arthropodandotherarthropod) = automobilemaker,"背景知识：
条目1：
- 名称：arthropodandotherarthropod
- 类型：Class
- 简介：{%%s is an arthropod %s %%s also is, as well as}
- 补充信息：generalizations: animalistypeofanimal | domain: arthropod | range: arthropod

条目2：
- 名称：automobilemaker
- 类型：Unknown
- 简介：A company that manufactures motor-powered vehicles (eg., cars, motorcycles, buses, trucks and motorized bikes)
- 补充信息：generalizations: company",0,qwen-max-0125,0.0,8192,https://api2.aigcbest.top/v1,"判断结果：错误  
解释：根据背景知识，arthropodandotherarthropod的domain应为arthropod，而automobilemaker与arthropod无语义关联，违反了RDFS的domain约束规则。",0,1,
sample_0412,domain,domain(inverseofsoftwareprogrammedinprogramminglanguage) = bank,"背景知识：
条目1：
- 名称：inverseofsoftwareprogrammedinprogramminglanguage
- 类型：Class
- 简介：inverseofsoftwareprogrammedinprogramminglanguage is a class in the NELL knowledge base.
- 补充信息：generalizations: relatedto | domain: programminglanguage | range: software

条目2：
- 名称：bank
- 类型：Class
- 简介：{%%s is a %s, bank}
- 补充信息：generalizations: company",0,qwen-max-0125,0.0,8192,https://api2.aigcbest.top/v1,"判断结果：错误  
解释：根据背景知识，inverseofsoftwareprogrammedinprogramminglanguage的domain应为programminglanguage，而非bank，与给定公理冲突。",0,1,
sample_0413,domain,domain(eventcausedevent) = sportsteam,"背景知识：
条目1：
- 名称：eventcausedevent
- 类型：Unknown
- 简介：Any events that is caused by another event
- 补充信息：generalizations: relatedto | domain: event | range: event

条目2：
- 名称：sportsteam
- 类型：Unknown
- 简介：A sports team is a group of athletes who play a sport together competitively
- 补充信息：generalizations: organization, geolocatablething",0,qwen-max-0125,0.0,8192,https://api2.aigcbest.top/v1,"判断结果：错误  
解释：根据背景知识，eventcausedevent的domain应为event，而公理中将其定义为sportsteam，与背景知识冲突。",0,1,
sample_0414,domain,domain(newpaperhaswebsite) = city,"背景知识：
条目1：
- 名称：newpaperhaswebsite
- 类型：Class
- 简介：{%%s %s %%s, is related to}
- 补充信息：generalizations: organizationhasofficialwebsite | domain: newspaper | range: website

条目2：
- 名称：city
- 类型：Class
- 简介：{%%s is a %s, city}
- 补充信息：generalizations: geopoliticallocation, geopoliticalorganization, visualizablescene",0,qwen-max-0125,0.0,8192,https://api2.aigcbest.top/v1,"判断结果：错误  
解释：根据背景知识，newpaperhaswebsite的domain应为newspaper，而非city，因此该公理与背景知识冲突。",0,1,
sample_0415,domain,domain(teamhomestadium) = comedian,"背景知识：
条目1：
- 名称：teamhomestadium
- 类型：Class
- 简介：{%%s is the %s the sports team %%s, home venue for}
- 补充信息：generalizations: organizationactsinlocation | domain: sportsteam | range: stadiumoreventvenue

条目2：
- 名称：comedian
- 类型：Class
- 简介：{%%s is a %s, commedian}
- 补充信息：generalizations: person",0,qwen-max-0125,0.0,8192,https://api2.aigcbest.top/v1,"判断结果：错误  
解释：根据背景知识，teamhomestadium的domain应为sportsteam，而公理中将其定义为comedian，与背景知识和语义规则冲突。",0,1,
sample_0416,domain,domain(politicianusendorsedbypoliticianus) = time,"背景知识：
条目1：
- 名称：politicianusendorsedbypoliticianus
- 类型：Class
- 简介：{%%s is a U.S. politician %s the U.S. politician %%s, endorsed by}
- 补充信息：generalizations: politicianendorsedbypolitician | domain: politicianus | range: politicianus

条目2：
- 名称：time
- 类型：Unknown
- 简介：a specific time
- 补充信息：generalizations: abstractthing",0,qwen-max-0125,0.0,8192,https://api2.aigcbest.top/v1,"判断结果：错误  
解释：根据背景知识，politicianusendorsedbypoliticianus的domain应为politicianus，而time是一个具体的时间概念，与领域约束不符。",0,1,
sample_0417,domain,domain(comediancanbethesameasmale) = language,"背景知识：
条目1：
- 名称：comediancanbethesameasmale
- 类型：Class
- 简介：{%%s %s %%s, is related to}
- 补充信息：generalizations: canbethesameas | domain: comedian | range: male

条目2：
- 名称：language
- 类型：Class
- 简介：{%%s is a %s, language}
- 补充信息：generalizations: abstractthing",0,qwen-max-0125,0.0,8192,https://api2.aigcbest.top/v1,"判断结果：错误  
解释：根据背景知识，comediancanbethesameasmale的domain应为comedian，而非language，与给定公理冲突。",0,1,
sample_0418,domain,domain(professionactsatthesameareaofpoliticissue) = candy,"背景知识：
条目1：
- 名称：professionactsatthesameareaofpoliticissue
- 类型：Unknown
- 简介：Describes professions that work at the area of a political issue
- 补充信息：generalizations: relatedto | domain: politicsissue | range: profession

条目2：
- 名称：candy
- 类型：Class
- 简介：{%%s is a kind of %s, candy}
- 补充信息：generalizations: food",0,qwen-max-0125,0.0,8192,https://api2.aigcbest.top/v1,"判断结果：错误  
解释：根据背景知识，属性 professionactsatthesameareaofpoliticissue 的 domain 应为 politicsissue，而 candy 是一个类，与 domain 的定义不符，违反了 RDFS 的语义规则。",0,1,
sample_0419,domain,domain(productlauchpredecessor) = arthropod,"背景知识：
条目1：
- 名称：productlauchpredecessor
- 类型：Class
- 简介：{%%s was %s of the product launched in %%s, the predecessor}
- 补充信息：generalizations: relatedto | domain: productlaunchevent | range: product

条目2：
- 名称：arthropod
- 类型：Class
- 简介：{%%s is an %s, arthropod}
- 补充信息：generalizations: invertebrate",0,qwen-max-0125,0.0,8192,https://api2.aigcbest.top/v1,"判断结果：错误  
解释：根据背景知识，productlauchpredecessor的domain应为productlaunchevent，而与arthropod无直接关联，因此该公理与背景知识冲突。",0,1,
sample_0420,domain,domain(stadiumlocatedincity) = mammal,"背景知识：
条目1：
- 名称：stadiumlocatedincity
- 类型：Class
- 简介：{%%s is a stadium or event venue %s the city %%s, located in}
- 补充信息：generalizations: attractionofcity, buildinglocatedincity, proxyof | domain: stadiumoreventvenue | range: city

条目2：
- 名称：mammal
- 类型：Unknown
- 简介：Mammals (formally Mammalia) are a class of vertebrate, air-breathing animals whose females are characterized by the possession of mammary glands while both males and females are characterized by hair and/or fur, three middle ear bones used....
- 补充信息：generalizations: vertebrate",0,qwen-max-0125,0.0,8192,https://api2.aigcbest.top/v1,"判断结果：错误  
解释：根据背景知识，stadiumlocatedincity的domain应为stadiumoreventvenue，而mammal与stadiumoreventvenue无语义关联，违反了RDFS的domain约束规则。",0,1,
sample_0421,range,range(athleteplayedforschool) = artery,"背景知识：
条目1：
- 名称：athleteplayedforschool
- 类型：Unknown
- 简介：The school that an athlete used to play for its team
- 补充信息：generalizations: personbelongstoorganization | domain: athlete | range: school

条目2：
- 名称：artery
- 类型：Class
- 简介：{%%s is an %s, artery}
- 补充信息：generalizations: bodypart",0,qwen-max-0125,0.0,8192,https://api2.aigcbest.top/v1,"判断结果：错误  
解释：根据背景知识，athleteplayedforschool的range应为school，而artery是一个bodypart的子类，与school无语义关联，违反了RDFS的range约束规则。",0,1,
sample_0422,range,range(organizationrepresentedbyagent) = roadaccidentevent,"背景知识：
条目1：
- 名称：organizationrepresentedbyagent
- 类型：Unknown
- 简介：Specialization of proxyFor for agent-to-organization relations. populate=false only because presumed to be uninteresting
- 补充信息：generalizations: organizationhasagent, proxyof | domain: organization | range: humanagent

条目2：
- 名称：roadaccidentevent
- 类型：Class
- 简介：{%%s is a %s, road accident event}
- 补充信息：generalizations: event",0,qwen-max-0125,0.0,8192,https://api2.aigcbest.top/v1,"判断结果：错误  
解释：根据背景知识，organizationrepresentedbyagent的range应为humanagent，而roadaccidentevent是一个类，与humanagent无直接关联，违反了RDFS语义规则。",0,1,
sample_0423,range,range(cityattractions) = software,"背景知识：
条目1：
- 名称：cityattractions
- 类型：Class
- 简介：cityattractions is a class in the NELL knowledge base.
- 补充信息：generalizations: locationcontainslocation | domain: city | range: attraction

条目2：
- 名称：software
- 类型：Class
- 简介：{%%s is %s, software}
- 补充信息：generalizations: product",0,qwen-max-0125,0.0,8192,https://api2.aigcbest.top/v1,"判断结果：错误  
解释：根据背景知识，cityattractions的range应为attraction，而software是一个与attraction无直接关联的类，因此该公理与背景知识冲突。",0,1,
sample_0424,range,range(musicgenressuchasmusicgenres) = everypromotedthing,"背景知识：
条目1：
- 名称：musicgenressuchasmusicgenres
- 类型：Unknown
- 简介：Describes the musicgenre types that are generalizations of specific musicgenres
- 补充信息：generalizations: generalizationof | domain: musicgenre | range: musicgenre

条目2：
- 名称：everypromotedthing
- 类型：Unknown
- 简介：every promoted category instance in KB",0,qwen-max-0125,0.0,8192,https://api2.aigcbest.top/v1,"判断结果：错误  
解释：根据背景知识，musicgenressuchasmusicgenres的range应为musicgenre，而everypromotedthing与musicgenre无明确关联，违反了RDFS语义规则。",0,1,
sample_0425,range,range(inverseofathletesuchasathlete) = automobilemodel,"背景知识：
条目1：
- 名称：inverseofathletesuchasathlete
- 类型：Unknown
- 简介：Describes the specific athlete types that are generalizations of athletes
- 补充信息：generalizations: specializationof | domain: athlete | range: athlete

条目2：
- 名称：automobilemodel
- 类型：Unknown
- 简介：A model is a specific car carried under a make.
- 补充信息：generalizations: vehicle",0,qwen-max-0125,0.0,8192,https://api2.aigcbest.top/v1,"判断结果：错误  
解释：根据背景知识，inverseofathletesuchasathlete的range应为athlete，而automobilemodel与athlete无语义关联，违反了RDFS的range约束规则。",0,1,
sample_0426,range,range(politicsbillsponsoredbypolitician) = geopoliticallocation,"背景知识：
条目1：
- 名称：politicsbillsponsoredbypolitician
- 类型：Class
- 简介：{%%s is a legislative bill %s %%s, sponsored by}
- 补充信息：generalizations: relatedto | domain: politicsbill | range: politician

条目2：
- 名称：geopoliticallocation
- 类型：Unknown
- 简介：Those geopolitical entities that are location
- 补充信息：generalizations: geopoliticalentity, location",0,qwen-max-0125,0.0,8192,https://api2.aigcbest.top/v1,"判断结果：错误  
解释：根据背景知识，politicsbillsponsoredbypolitician的range应为politician，而geopoliticallocation与politician无直接语义关联，违反了RDFS的range约束规则。",0,1,
sample_0427,range,range(inverseofanimalssuchasmammals) = company,"背景知识：
条目1：
- 名称：inverseofanimalssuchasmammals
- 类型：Unknown
- 简介：Describes the animal types that are generalizations of mammals
- 补充信息：generalizations: specializationof | domain: mammal | range: animal

条目2：
- 名称：company
- 类型：Class
- 简介：{%%s is a %s, company}
- 补充信息：generalizations: organization",0,qwen-max-0125,0.0,8192,https://api2.aigcbest.top/v1,"判断结果：错误  
解释：根据背景知识，inverseofanimalssuchasmammals的range应为animal，而company是一个类，与animal无直接关联，因此该公理与背景知识冲突。",0,1,
sample_0428,range,range(marriedinyear) = male,"背景知识：
条目1：
- 名称：marriedinyear
- 类型：Unknown
- 简介：This relation holds when a person married some other person in the specified year.
- 补充信息：generalizations: atdate | domain: person | range: year

条目2：
- 名称：male
- 类型：Class
- 简介：{%%s is a %s, male}
- 补充信息：generalizations: person",0,qwen-max-0125,0.0,8192,https://api2.aigcbest.top/v1,"判断结果：错误  
解释：根据背景知识，marriedinyear的range应为year，而公理中将其定义为male，与语义规则和背景知识冲突。",0,1,
sample_0429,range,range(inverseofgrainusedtomakecandy) = athlete,"背景知识：
条目1：
- 名称：inverseofgrainusedtomakecandy
- 类型：Class
- 简介：inverseofgrainusedtomakecandy is a class in the NELL knowledge base.
- 补充信息：generalizations: relatedto | domain: candy | range: grain

条目2：
- 名称：athlete
- 类型：Unknown
- 简介：An athlete is a person who plays a sport competitively.
- 补充信息：generalizations: person",0,qwen-max-0125,0.0,8192,https://api2.aigcbest.top/v1,"判断结果：错误  
解释：根据背景知识，inverseofgrainusedtomakecandy的range应为grain，而athlete与grain无直接关联，违反了RDFS语义规则。",0,1,
sample_0430,range,range(inverseofarthropodlooklikeinsect) = attraction,"背景知识：
条目1：
- 名称：inverseofarthropodlooklikeinsect
- 类型：Unknown
- 简介：Describes the arthropod that look like specific insects
- 补充信息：generalizations: relatedto | domain: insect | range: arthropod

条目2：
- 名称：attraction
- 类型：Class
- 简介：{%%s is a %s, tourist attraction}
- 补充信息：generalizations: location",0,qwen-max-0125,0.0,8192,https://api2.aigcbest.top/v1,"判断结果：错误  
解释：根据背景知识，inverseofarthropodlooklikeinsect的range应为arthropod，而公理中将其定义为attraction，与背景知识冲突。",0,1,
sample_0431,range,range(superpartof) = website,"背景知识：
条目1：
- 名称：superpartof
- 类型：Class
- 简介：superpartof is a class in the NELL knowledge base.
- 补充信息：generalizations: relatedto | domain: everypromotedthing | range: everypromotedthing

条目2：
- 名称：website
- 类型：Class
- 简介：{%%s is a %s, website}
- 补充信息：generalizations: location",0,qwen-max-0125,0.0,8192,https://api2.aigcbest.top/v1,"判断结果：错误  
解释：根据背景知识，superpartof的range被定义为everypromotedthing，而website是一个类，与everypromotedthing无明确等同关系，因此该公理与背景知识冲突。",0,1,
sample_0432,range,range(personattendsschool) = city,"背景知识：
条目1：
- 名称：personattendsschool
- 类型：Unknown
- 简介：person has attended a school
- 补充信息：generalizations: personbelongstoorganization | domain: person | range: school

条目2：
- 名称：city
- 类型：Unknown
- 简介：City/town/village refers to all named inhabited places at the most locally recognized level, but above the level of neighborhood. It is the most local region where there is a form of government or self-organization. Cities/towns/villages ar...
- 补充信息：generalizations: geopoliticallocation, geopoliticalorganization, geolocatablething",0,qwen-max-0125,0.0,8192,https://api2.aigcbest.top/v1,"判断结果：错误  
解释：根据背景知识，personattendsschool的range应为school，而city与school无直接语义关联，违反了RDFS的range约束规则。",0,1,
sample_0433,range,range(athleteinjuredhisbodypart) = roadaccidentevent,"背景知识：
条目1：
- 名称：athleteinjuredhisbodypart
- 类型：Unknown
- 简介：Describes the athletes that had injured any body part
- 补充信息：generalizations: relatedto | domain: athlete | range: bodypart

条目2：
- 名称：roadaccidentevent
- 类型：Class
- 简介：{%%s is a %s, road accident event}
- 补充信息：generalizations: event",0,qwen-max-0125,0.0,8192,https://api2.aigcbest.top/v1,"判断结果：错误  
解释：根据背景知识，athleteinjuredhisbodypart的range应为bodypart，而roadaccidentevent是一个类，与bodypart无直接关联，违反了RDFS的range语义规则。",0,1,
sample_0434,range,range(locatedat) = politician,"背景知识：
条目1：
- 名称：locatedat
- 类型：Class
- 简介：locatedat is a class in the NELL knowledge base.
- 补充信息：generalizations: relatedto | domain: location | range: everypromotedthing

条目2：
- 名称：politician
- 类型：Class
- 简介：{%%s is a %s, politician}
- 补充信息：generalizations: person",0,qwen-max-0125,0.0,8192,https://api2.aigcbest.top/v1,"判断结果：错误  
解释：根据背景知识，locatedat的range是everypromotedthing，而politician是一个类，与everypromotedthing无直接关联，因此该公理与背景知识冲突。",0,1,
sample_0435,range,range(topmemberoforganization) = city,"背景知识：
条目1：
- 名称：topmemberoforganization
- 类型：Class
- 简介：{%%s is a %s of %%s, top member}
- 补充信息：generalizations: worksfor, personleadsorganization | domain: person | range: company

条目2：
- 名称：city
- 类型：Unknown
- 简介：City/town/village refers to all named inhabited places at the most locally recognized level, but above the level of neighborhood. It is the most local region where there is a form of government or self-organization. Cities/towns/villages ar...
- 补充信息：generalizations: geopoliticallocation, geopoliticalorganization, geolocatablething",0,qwen-max-0125,0.0,8192,https://api2.aigcbest.top/v1,"判断结果：错误  
解释：根据背景知识，topmemberoforganization的range应为company，而city与company无直接语义关联，违反了RDFS的range约束规则。",0,1,
sample_0436,range,range(organizationleadbyagent) = animal,"背景知识：
条目1：
- 名称：organizationleadbyagent
- 类型：Unknown
- 简介：General relation as with certain political positions, we have an agent that controls the thing that he works for
- 补充信息：generalizations: controlledbyagent, organizationrepresentedbyagent | domain: organization | range: humanagent

条目2：
- 名称：animal
- 类型：Unknown
- 简介：A collection of common-sense animals, more understandable to children than biologists. It's OK to include both general kinds of animals, such as bird, but also common varieties of birds such as finch and robin. (FreeBase) As with plant, any...
- 补充信息：generalizations: agent, species",0,qwen-max-0125,0.0,8192,https://api2.aigcbest.top/v1,"判断结果：错误  
解释：根据背景知识，organizationleadbyagent的range应为humanagent，而animal与humanagent无直接包含关系，因此该公理与背景知识冲突。",0,1,
sample_0437,range,range(inverseofagriculturalproductincludingagriculturalproduct) = agent,"背景知识：
条目1：
- 名称：inverseofagriculturalproductincludingagriculturalproduct
- 类型：Unknown
- 简介：Describes the agricultural products that are generalizations of other agriculture products
- 补充信息：generalizations: specializationof | domain: agriculturalproduct | range: agriculturalproduct

条目2：
- 名称：agent
- 类型：Class
- 简介：{%%s is an %s, agent}
- 补充信息：generalizations: everypromotedthing",0,qwen-max-0125,0.0,8192,https://api2.aigcbest.top/v1,"判断结果：错误  
解释：根据背景知识，inverseofagriculturalproductincludingagriculturalproduct的range应为agriculturalproduct，而agent是一个类，与range的定义冲突。",0,1,
sample_0438,range,range(airportincity) = sportsgame,"背景知识：
条目1：
- 名称：airportincity
- 类型：Unknown
- 简介：The city an airport is located in.
- 补充信息：generalizations: buildinglocatedincity | domain: airport | range: city

条目2：
- 名称：sportsgame
- 类型：Unknown
- 简介：A sports game is a particular instance of a sporting event where teams or athletes compete. This could be a series of matches if the competitors remain the same, but this does not extend to something like a tournament or season where the se...
- 补充信息：generalizations: game, sportsevent",0,qwen-max-0125,0.0,8192,https://api2.aigcbest.top/v1,"判断结果：错误  
解释：根据背景知识，airportincity的range应为city，而sportsgame与city无直接语义关联，违反了RDFS的range约束规则。",0,1,
sample_0439,range,range(earthquakehadepicenter) = vegetable,"背景知识：
条目1：
- 名称：earthquakehadepicenter
- 类型：Unknown
- 简介：earthquakehadepicenter is an entity in the NELL knowledge base.
- 补充信息：generalizations: relatedto | domain: earthquakeevent | range: geolocatablething

条目2：
- 名称：vegetable
- 类型：Unknown
- 简介：An edible plant or part of a plant other than a sweet fruit or seed. This usually means the leaf, stem, or root of a plant. This is meant to dovetail with the more botanical definition we have of fruit, and to not allow cullinary / colloqui...
- 补充信息：generalizations: food",0,qwen-max-0125,0.0,8192,https://api2.aigcbest.top/v1,"判断结果：错误  
解释：根据背景知识，earthquakehadepicenter的range应为geolocatablething，而vegetable与geolocatablething无直接关联，违反了RDFS语义规则。",0,1,
sample_0440,range,range(officeheldbypolitician) = software,"背景知识：
条目1：
- 名称：officeheldbypolitician
- 类型：Unknown
- 简介：Specifies that a particular politician holds a particular office
- 补充信息：generalizations: relatedto | domain: politicaloffice | range: politician

条目2：
- 名称：software
- 类型：Class
- 简介：{%%s is %s, software}
- 补充信息：generalizations: product",0,qwen-max-0125,0.0,8192,https://api2.aigcbest.top/v1,"判断结果：错误  
解释：根据背景知识，officeheldbypolitician的range应为politician，而software是一个类，与背景知识和语义规则冲突。",0,1,
sample_0441,range,range(loseringame) = automobilemodel,"背景知识：
条目1：
- 名称：loseringame
- 类型：Unknown
- 简介：Specifies that a particular team that played in a particular sportsGame was the loser thereof.
- 补充信息：generalizations: teamingame | domain: sportsteam | range: sportsgame

条目2：
- 名称：automobilemodel
- 类型：Unknown
- 简介：A model is a specific car carried under a make.
- 补充信息：generalizations: vehicle",0,qwen-max-0125,0.0,8192,https://api2.aigcbest.top/v1,"判断结果：错误  
解释：根据背景知识，loseringame的range应为sportsgame，而automobilemodel与sportsgame无语义关联，违反了RDFS的range约束规则。",0,1,
sample_0442,range,range(numberofcasualtiesinroadaccident) = everypromotedthing,"背景知识：
条目1：
- 名称：numberofcasualtiesinroadaccident
- 类型：Class
- 简介：{%%s is the number of people that %s the event %%s, died in}
- 补充信息：generalizations: relatedto | domain: nonneginteger | range: roadaccidentevent

条目2：
- 名称：everypromotedthing
- 类型：Class
- 简介：{%%s is %s, something}",0,qwen-max-0125,0.0,8192,https://api2.aigcbest.top/v1,"判断结果：错误  
解释：根据背景知识，numberofcasualtiesinroadaccident的range应为roadaccidentevent，而everypromotedthing与该范围不符，违反了RDFS语义规则。",0,1,
sample_0443,range,range(leagueteams) = automobilemodel,"背景知识：
条目1：
- 名称：leagueteams
- 类型：Unknown
- 简介：The league that a team plays in.
- 补充信息：generalizations: superpartoforganization | domain: sportsleague | range: sportsteam

条目2：
- 名称：automobilemodel
- 类型：Unknown
- 简介：A model is a specific car carried under a make.
- 补充信息：generalizations: vehicle",0,qwen-max-0125,0.0,8192,https://api2.aigcbest.top/v1,"判断结果：错误  
解释：根据背景知识，leagueteams的range应为sportsteam，而automobilemodel与sportsteam无直接关联，违反了RDFS语义规则。",0,1,
sample_0444,range,range(organizationheadquarteredincountry) = coach,"背景知识：
条目1：
- 名称：organizationheadquarteredincountry
- 类型：Unknown
- 简介：The country where a given organization is headquartered
- 补充信息：generalizations: organizationactsinlocation | domain: organization | range: country

条目2：
- 名称：coach
- 类型：Unknown
- 简介：A coach is a trainer for a sports team. He leads the team in exercises and manages the team during gameplay. This category includes assistant coaches and other trainers.
- 补充信息：generalizations: person",0,qwen-max-0125,0.0,8192,https://api2.aigcbest.top/v1,"判断结果：错误  
解释：根据背景知识，organizationheadquarteredincountry的range应为country，而coach属于person的子类，与country无直接关联，违反了range的语义约束。",0,1,
sample_0445,range,range(inverseoftelevisionshowssuchastelevisionshows) = agriculturalproduct,"背景知识：
条目1：
- 名称：inverseoftelevisionshowssuchastelevisionshows
- 类型：Class
- 简介：inverseoftelevisionshowssuchastelevisionshows is a class in the NELL knowledge base.
- 补充信息：generalizations: specializationof | domain: televisionshow | range: televisionshow

条目2：
- 名称：agriculturalproduct
- 类型：Unknown
- 简介：a living thing (or something derived therefrom) which is specifically cultivated and produced to sustain or enrich life
- 补充信息：generalizations: item",0,qwen-max-0125,0.0,8192,https://api2.aigcbest.top/v1,"判断结果：错误  
解释：根据背景知识，inverseoftelevisionshowssuchastelevisionshows的range应为televisionshow，而agriculturalproduct与televisionshow无直接关联，违反了RDFS语义规则。",0,1,
sample_0446,range,range(inverseofcoachstudiedatuniversity) = website,"背景知识：
条目1：
- 名称：inverseofcoachstudiedatuniversity
- 类型：Unknown
- 简介：Describes the university where the coach studied at
- 补充信息：generalizations: relatedto | domain: university | range: coach

条目2：
- 名称：website
- 类型：Class
- 简介：{%%s is a %s, website}
- 补充信息：generalizations: location",0,qwen-max-0125,0.0,8192,https://api2.aigcbest.top/v1,"判断结果：错误  
解释：根据背景知识，inverseofcoachstudiedatuniversity 的 range 应为 coach，而公理中将其定义为 website，与背景知识冲突。",0,1,
sample_0447,range,range(inverseofcompanyproducesvideogamesystem) = sportsgame,"背景知识：
条目1：
- 名称：inverseofcompanyproducesvideogamesystem
- 类型：Class
- 简介：inverseofcompanyproducesvideogamesystem is a class in the NELL knowledge base.
- 补充信息：generalizations: relatedto | domain: videogamesystem | range: company

条目2：
- 名称：sportsgame
- 类型：Unknown
- 简介：A sports game is a particular instance of a sporting event where teams or athletes compete. This could be a series of matches if the competitors remain the same, but this does not extend to something like a tournament or season where the se...
- 补充信息：generalizations: game, sportsevent",0,qwen-max-0125,0.0,8192,https://api2.aigcbest.top/v1,"判断结果：错误  
解释：根据背景知识，inverseofcompanyproducesvideogamesystem的range应为company，而sportsgame与company无直接关联，违反了RDFS语义规则。",0,1,
sample_0448,range,range(automakerproducesmodel) = politicianus,"背景知识：
条目1：
- 名称：automakerproducesmodel
- 类型：Unknown
- 简介：this automobile manufacturer produces this particular automobile make or model
- 补充信息：generalizations: producesproduct | domain: automobilemaker | range: automobilemodel

条目2：
- 名称：politicianus
- 类型：Class
- 简介：{%%s is a %s, U.S. politician}
- 补充信息：generalizations: personus, politician",0,qwen-max-0125,0.0,8192,https://api2.aigcbest.top/v1,"判断结果：错误  
解释：根据背景知识，automakerproducesmodel的range应为automobilemodel，而politicianus是一个类，与automobilemodel无语义关联，违反了RDFS的range约束规则。",0,1,
sample_0449,range,range(agentcompeteswithagent) = stadiumoreventvenue,"背景知识：
条目1：
- 名称：agentcompeteswithagent
- 类型：Class
- 简介：{%%s %s %%s, competes with}
- 补充信息：generalizations: agentinteractswithagent | domain: agent | range: agent

条目2：
- 名称：stadiumoreventvenue
- 类型：Class
- 简介：{%%s is a %s, stadium or event venue}
- 补充信息：generalizations: building, attraction",0,qwen-max-0125,0.0,8192,https://api2.aigcbest.top/v1,"判断结果：错误  
解释：根据背景知识，agentcompeteswithagent的range应为agent，而stadiumoreventvenue是与agent无关的类，违反了RDFS语义规则。",0,1,
sample_0450,range,range(arthropodcalledarthropod) = event,"背景知识：
条目1：
- 名称：arthropodcalledarthropod
- 类型：Class
- 简介：{%%s %s %%s, is called}
- 补充信息：generalizations: synonymfor | domain: arthropod | range: arthropod

条目2：
- 名称：event
- 类型：Unknown
- 简介：An event is a topic that can be described by the time or date at which it happened. Long-lasting events may be described as occurring between two dates. It is sometimes appropriate to create abstract events, as collections of other events
- 补充信息：generalizations: abstractthing",0,qwen-max-0125,0.0,8192,https://api2.aigcbest.top/v1,"判断结果：错误  
解释：根据背景知识，arthropodcalledarthropod的range应为arthropod，而公理中将其定义为event，与背景知识冲突。",0,1,
sample_0451,range,range(countryhascitizen) = athlete,"背景知识：
条目1：
- 名称：countryhascitizen
- 类型：Class
- 简介：countryhascitizen is a class in the NELL knowledge base.
- 补充信息：generalizations: locationrelatedtoagent | domain: country | range: person

条目2：
- 名称：athlete
- 类型：Unknown
- 简介：An athlete is a person who plays a sport competitively.
- 补充信息：generalizations: person",0,qwen-max-0125,0.0,8192,https://api2.aigcbest.top/v1,"判断结果：错误  
解释：根据背景知识，countryhascitizen的range是person，而athlete并未明确为person的子类，因此该公理与背景知识冲突。",0,1,
sample_0452,range,range(visualappearanceof) = location,"背景知识：
条目1：
- 名称：visualappearanceof
- 类型：Class
- 简介：visualappearanceof is a class in the NELL knowledge base.
- 补充信息：generalizations: locatedat | domain: url | range: visualizablething

条目2：
- 名称：location
- 类型：Class
- 简介：{%%s is a %s, location}
- 补充信息：generalizations: everypromotedthing",0,qwen-max-0125,0.0,8192,https://api2.aigcbest.top/v1,"判断结果：错误  
解释：根据背景知识，visualappearanceof的range是visualizablething，而公理中将其定义为location，与背景知识冲突。",0,1,
sample_0453,range,range(criminalssuchascriminals) = software,"背景知识：
条目1：
- 名称：criminalssuchascriminals
- 类型：Unknown
- 简介：Describes the criminals types that are generalizations of specific criminals
- 补充信息：generalizations: generalizationof | domain: criminal | range: criminal

条目2：
- 名称：software
- 类型：Class
- 简介：{%%s is %s, software}
- 补充信息：generalizations: product",0,qwen-max-0125,0.0,8192,https://api2.aigcbest.top/v1,"判断结果：错误  
解释：根据背景知识，criminalssuchascriminals的range应为criminal，而software是一个类，与criminal无直接关联，因此该公理与背景知识冲突。",0,1,
sample_0454,range,range(agriculturalproductcanbethesameasvegetable) = everypromotedthing,"背景知识：
条目1：
- 名称：agriculturalproductcanbethesameasvegetable
- 类型：Unknown
- 简介：Describes two instances that are the same thing in these two different categories
- 补充信息：generalizations: canbethesameas | domain: agriculturalproduct | range: vegetable

条目2：
- 名称：everypromotedthing
- 类型：Class
- 简介：{%%s is %s, something}",0,qwen-max-0125,0.0,8192,https://api2.aigcbest.top/v1,"判断结果：错误  
解释：根据背景知识，agriculturalproductcanbethesameasvegetable的range应为vegetable，而everypromotedthing是一个类，与range的语义规则冲突。",0,1,
sample_0455,range,range(agentowns) = country,"背景知识：
条目1：
- 名称：agentowns
- 类型：Class
- 简介：{%%s %s %%s, owns}
- 补充信息：generalizations: relatedto | domain: humanagent | range: everypromotedthing

条目2：
- 名称：country
- 类型：Class
- 简介：{%%s is a %s, country}
- 补充信息：generalizations: geopoliticallocation, geopoliticalorganization, geolocatablething",0,qwen-max-0125,0.0,8192,https://api2.aigcbest.top/v1,"判断结果：错误  
解释：根据背景知识，agentowns的range是everypromotedthing，而country是一个类，与everypromotedthing无明确包含关系，因此该公理与背景知识冲突。",0,1,
sample_0456,range,range(timeofprotest) = profession,"背景知识：
条目1：
- 名称：timeofprotest
- 类型：Unknown
- 简介：{%%s is the %s the event %%s, time of}
- 补充信息：generalizations: relatedto | domain: time | range: protestevent

条目2：
- 名称：profession
- 类型：Unknown
- 简介：The career or job which a person performs for most of their working life, or for which they are best known (FreeBase)
- 补充信息：generalizations: abstractthing",0,qwen-max-0125,0.0,8192,https://api2.aigcbest.top/v1,"判断结果：错误  
解释：根据背景知识，timeofprotest的range应为protestevent，而profession与protestevent无直接关联，因此该公理与背景知识冲突。",0,1,
sample_0457,range,range(producedby) = geolocatablething,"背景知识：
条目1：
- 名称：producedby
- 类型：Class
- 简介：producedby is a class in the NELL knowledge base.
- 补充信息：generalizations: iteminvolvedwithagent, createdbyagent | domain: product | range: company

条目2：
- 名称：geolocatablething
- 类型：Unknown
- 简介：{%%s is a %s, geolocatable thing}
- 补充信息：generalizations: everypromotedthing",0,qwen-max-0125,0.0,8192,https://api2.aigcbest.top/v1,"判断结果：错误  
解释：根据背景知识，producedby的range应为company，而geolocatablething与company无明确语义关联，违反了RDFS的range约束规则。",0,1,
sample_0458,range,range(countrycapital) = everypromotedthing,"背景知识：
条目1：
- 名称：countrycapital
- 类型：Class
- 简介：countrycapital is a class in the NELL knowledge base.
- 补充信息：generalizations: countrycities, proxyof | domain: country | range: city

条目2：
- 名称：everypromotedthing
- 类型：Class
- 简介：{%%s is %s, something}",0,qwen-max-0125,0.0,8192,https://api2.aigcbest.top/v1,"判断结果：错误  
解释：根据背景知识，countrycapital的range应为city，而everypromotedthing与city无明确关联，违反了RDFS语义规则中range的定义。",0,1,
sample_0459,range,range(locationofbombing) = vegetable,"背景知识：
条目1：
- 名称：locationofbombing
- 类型：Unknown
- 简介：{%%s is the %s the event %%s, location of}
- 补充信息：generalizations: relatedto | domain: location | range: bombingevent

条目2：
- 名称：vegetable
- 类型：Unknown
- 简介：An edible plant or part of a plant other than a sweet fruit or seed. This usually means the leaf, stem, or root of a plant. This is meant to dovetail with the more botanical definition we have of fruit, and to not allow cullinary / colloqui...
- 补充信息：generalizations: food",0,qwen-max-0125,0.0,8192,https://api2.aigcbest.top/v1,"判断结果：错误  
解释：根据背景知识，locationofbombing的range应为bombingevent，而vegetable与bombingevent无语义关联，违反了RDFS的range约束规则。",0,1,
sample_0460,range,range(hospitalincity) = agent,"背景知识：
条目1：
- 名称：hospitalincity
- 类型：Class
- 简介：{%%s is a hospital %s %%s, in the city}
- 补充信息：generalizations: buildinglocatedincity | domain: hospital | range: city

条目2：
- 名称：agent
- 类型：Class
- 简介：{%%s is an %s, agent}
- 补充信息：generalizations: everypromotedthing",0,qwen-max-0125,0.0,8192,https://api2.aigcbest.top/v1,"判断结果：错误  
解释：根据背景知识，hospitalincity的range应为city，而agent是一个类，与city无直接关联，因此该公理与背景知识冲突。",0,1,
sample_0461,range,range(agenthierarchicallyaboveagent) = sportsgame,"背景知识：
条目1：
- 名称：agenthierarchicallyaboveagent
- 类型：Class
- 简介：{%%s is hierarchically %s %%s, above}
- 补充信息：generalizations: agentcontrols, agentcollaborateswithagent | domain: agent | range: agent

条目2：
- 名称：sportsgame
- 类型：Unknown
- 简介：A sports game is a particular instance of a sporting event where teams or athletes compete. This could be a series of matches if the competitors remain the same, but this does not extend to something like a tournament or season where the se...
- 补充信息：generalizations: game, sportsevent",0,qwen-max-0125,0.0,8192,https://api2.aigcbest.top/v1,"判断结果：错误  
解释：根据背景知识，agenthierarchicallyaboveagent的range应为agent，而sportsgame与agent无直接关联，违反了RDFS语义规则。",0,1,
sample_0462,range,range(organizationhastopmember) = software,"背景知识：
条目1：
- 名称：organizationhastopmember
- 类型：Unknown
- 简介：Identifies people in high-level, leading positions at organizations. Applicable positions have authority over the entire organization (e.g. presidents, VPs, directors, and C-level executives), not merely over departments or subsidiaries.
- 补充信息：generalizations: organizationleadbyperson, worker | domain: company | range: person

条目2：
- 名称：software
- 类型：Class
- 简介：{%%s is %s, software}
- 补充信息：generalizations: product",0,qwen-max-0125,0.0,8192,https://api2.aigcbest.top/v1,"判断结果：错误  
解释：根据背景知识，organizationhastopmember的range应为person，而公理中将其定义为software，与背景知识和语义规则冲突。",0,1,
sample_0463,range,range(languageofcountry) = politicianus,"背景知识：
条目1：
- 名称：languageofcountry
- 类型：Class
- 简介：{%%s is the %s the country %%s, language of}
- 补充信息：generalizations: relatedto | domain: language | range: country

条目2：
- 名称：politicianus
- 类型：Class
- 简介：{%%s is a %s, U.S. politician}
- 补充信息：generalizations: personus, politician",0,qwen-max-0125,0.0,8192,https://api2.aigcbest.top/v1,"判断结果：错误  
解释：根据背景知识，languageofcountry的range应为country，而politicianus是一个与personus和politician相关的类，明显与语义规则冲突。",0,1,
sample_0464,range,range(bakegoodistypicalincountry) = artery,"背景知识：
条目1：
- 名称：bakegoodistypicalincountry
- 类型：Unknown
- 简介：Describes the typicall bakegoods of the countries
- 补充信息：generalizations: relatedto | domain: bakedgood | range: country

条目2：
- 名称：artery
- 类型：Class
- 简介：{%%s is an %s, artery}
- 补充信息：generalizations: bodypart",0,qwen-max-0125,0.0,8192,https://api2.aigcbest.top/v1,"判断结果：错误  
解释：根据背景知识，bakegoodistypicalincountry的range应为country，而artery是一个类，与country无直接关联，违反了RDFS语义规则。",0,1,
sample_0465,range,range(criminalarrestedincountry) = city,"背景知识：
条目1：
- 名称：criminalarrestedincountry
- 类型：Unknown
- 简介：Country where criminal was arrested
- 补充信息：generalizations: agentrelatedtolocation | domain: criminal | range: country

条目2：
- 名称：city
- 类型：Unknown
- 简介：City/town/village refers to all named inhabited places at the most locally recognized level, but above the level of neighborhood. It is the most local region where there is a form of government or self-organization. Cities/towns/villages ar...
- 补充信息：generalizations: geopoliticallocation, geopoliticalorganization, geolocatablething",0,qwen-max-0125,0.0,8192,https://api2.aigcbest.top/v1,"判断结果：错误  
解释：根据背景知识，criminalarrestedincountry的range应为country，而city与country是不同的概念，因此该公理与背景知识冲突。",0,1,
sample_0466,range,range(arteriessuchasarteries) = stadiumoreventvenue,"背景知识：
条目1：
- 名称：arteriessuchasarteries
- 类型：Class
- 简介：{%%s %s %%s, is a generalization of}
- 补充信息：generalizations: generalizationof | domain: artery | range: artery

条目2：
- 名称：stadiumoreventvenue
- 类型：Class
- 简介：{%%s is a %s, stadium or event venue}
- 补充信息：generalizations: building, attraction",0,qwen-max-0125,0.0,8192,https://api2.aigcbest.top/v1,"判断结果：错误  
解释：根据背景知识，arteriessuchasarteries的range应为artery，而stadiumoreventvenue与artery无语义关联，违反了RDFS的range约束规则。",0,1,
sample_0467,range,range(countrylocatedingeopoliticallocation) = country,"背景知识：
条目1：
- 名称：countrylocatedingeopoliticallocation
- 类型：Unknown
- 简介：specifies that a particular country is located in a particular geopolitical entity
- 补充信息：generalizations: locationlocatedwithinlocation | domain: country | range: geopoliticallocation

条目2：
- 名称：country
- 类型：Unknown
- 简介：The type ""country"" in Freebase can and should be used with a variety of topics. The most common will be probably be current and former independent nations, potentially including composite entities such as empires. It can also be used for au...
- 补充信息：generalizations: geopoliticallocation, geopoliticalorganization, geolocatablething",0,qwen-max-0125,0.0,8192,https://api2.aigcbest.top/v1,"判断结果：错误  
解释：根据背景知识，countrylocatedingeopoliticallocation 的 range 应为 geopoliticallocation，而非 country。",0,1,
sample_0468,range,range(inverseofbankboughtbank) = musicgenre,"背景知识：
条目1：
- 名称：inverseofbankboughtbank
- 类型：Class
- 简介：inverseofbankboughtbank is a class in the NELL knowledge base.
- 补充信息：generalizations: acquiredby | domain: bank | range: bank

条目2：
- 名称：musicgenre
- 类型：Unknown
- 简介：A style or classification of music (FreeBase)
- 补充信息：generalizations: abstractthing",0,qwen-max-0125,0.0,8192,https://api2.aigcbest.top/v1,"判断结果：错误  
解释：根据背景知识，inverseofbankboughtbank的range应为bank，而musicgenre与bank无语义关联，违反了RDFS的range约束规则。",0,1,
sample_0469,range,range(dateatwhichexistslocation) = city,"背景知识：
条目1：
- 名称：dateatwhichexistslocation
- 类型：Class
- 简介：dateatwhichexistslocation is a class in the NELL knowledge base.
- 补充信息：generalizations: dateof | domain: date | range: location

条目2：
- 名称：city
- 类型：Unknown
- 简介：City/town/village refers to all named inhabited places at the most locally recognized level, but above the level of neighborhood. It is the most local region where there is a form of government or self-organization. Cities/towns/villages ar...
- 补充信息：generalizations: geopoliticallocation, geopoliticalorganization, geolocatablething",0,qwen-max-0125,0.0,8192,https://api2.aigcbest.top/v1,"判断结果：错误  
解释：根据背景知识，dateatwhichexistslocation的range应为location，而city并未明确被定义为location的子类，因此该公理与背景知识冲突。",0,1,
sample_0470,range,range(latitudelongitudeof) = attraction,"背景知识：
条目1：
- 名称：latitudelongitudeof
- 类型：Unknown
- 简介：the latitude and longitude of this location, or the latitude and longitude typically associated with this thing
- 补充信息：generalizations: relatedto | domain: llcoordinate | range: everypromotedthing

条目2：
- 名称：attraction
- 类型：Class
- 简介：{%%s is a %s, tourist attraction}
- 补充信息：generalizations: location",0,qwen-max-0125,0.0,8192,https://api2.aigcbest.top/v1,"判断结果：错误  
解释：根据背景知识，latitudelongitudeof 的 range 被定义为 everypromotedthing，而 attraction 是一个类，与 everypromotedthing 无明确包含关系，因此该公理与背景知识冲突。",0,1,
sample_0471,range,range(arthropodandotherarthropod) = country,"背景知识：
条目1：
- 名称：arthropodandotherarthropod
- 类型：Class
- 简介：{%%s is an arthropod %s %%s also is, as well as}
- 补充信息：generalizations: animalistypeofanimal | domain: arthropod | range: arthropod

条目2：
- 名称：country
- 类型：Unknown
- 简介：The type ""country"" in Freebase can and should be used with a variety of topics. The most common will be probably be current and former independent nations, potentially including composite entities such as empires. It can also be used for au...
- 补充信息：generalizations: geopoliticallocation, geopoliticalorganization, geolocatablething",0,qwen-max-0125,0.0,8192,https://api2.aigcbest.top/v1,"判断结果：错误  
解释：根据背景知识，arthropodandotherarthropod的range应为arthropod，而country与其无语义关联，违反了RDFS的range约束规则。",0,1,
sample_0472,range,range(inverseofsoftwareprogrammedinprogramminglanguage) = arthropod,"背景知识：
条目1：
- 名称：inverseofsoftwareprogrammedinprogramminglanguage
- 类型：Class
- 简介：inverseofsoftwareprogrammedinprogramminglanguage is a class in the NELL knowledge base.
- 补充信息：generalizations: relatedto | domain: programminglanguage | range: software

条目2：
- 名称：arthropod
- 类型：Class
- 简介：{%%s is an %s, arthropod}
- 补充信息：generalizations: invertebrate",0,qwen-max-0125,0.0,8192,https://api2.aigcbest.top/v1,"判断结果：错误  
解释：根据背景知识，inverseofsoftwareprogrammedinprogramminglanguage的range应为software，而arthropod是一个与软件无关的生物类，明显冲突。",0,1,
sample_0473,range,range(eventcausedevent) = sportsgame,"背景知识：
条目1：
- 名称：eventcausedevent
- 类型：Unknown
- 简介：Any events that is caused by another event
- 补充信息：generalizations: relatedto | domain: event | range: event

条目2：
- 名称：sportsgame
- 类型：Unknown
- 简介：A sports game is a particular instance of a sporting event where teams or athletes compete. This could be a series of matches if the competitors remain the same, but this does not extend to something like a tournament or season where the se...
- 补充信息：generalizations: game, sportsevent",0,qwen-max-0125,0.0,8192,https://api2.aigcbest.top/v1,"判断结果：错误  
解释：根据背景知识，eventcausedevent的range应为event，而sportsgame只是event的一个子类，因此该公理与背景知识冲突。",0,1,
sample_0474,range,range(newpaperhaswebsite) = athlete,"背景知识：
条目1：
- 名称：newpaperhaswebsite
- 类型：Class
- 简介：{%%s %s %%s, is related to}
- 补充信息：generalizations: organizationhasofficialwebsite | domain: newspaper | range: website

条目2：
- 名称：athlete
- 类型：Unknown
- 简介：An athlete is a person who plays a sport competitively.
- 补充信息：generalizations: person",0,qwen-max-0125,0.0,8192,https://api2.aigcbest.top/v1,"判断结果：错误  
解释：根据背景知识，newpaperhaswebsite的range应为website，而athlete与website无直接关联，违反了RDFS语义规则。",0,1,
sample_0475,range,range(teamhomestadium) = agriculturalproduct,"背景知识：
条目1：
- 名称：teamhomestadium
- 类型：Class
- 简介：{%%s is the %s the sports team %%s, home venue for}
- 补充信息：generalizations: organizationactsinlocation | domain: sportsteam | range: stadiumoreventvenue

条目2：
- 名称：agriculturalproduct
- 类型：Unknown
- 简介：a living thing (or something derived therefrom) which is specifically cultivated and produced to sustain or enrich life
- 补充信息：generalizations: item",0,qwen-max-0125,0.0,8192,https://api2.aigcbest.top/v1,"判断结果：错误  
解释：根据背景知识，teamhomestadium的range应为stadiumoreventvenue，而agriculturalproduct与该范围无语义关联，违反了RDFS的range约束规则。",0,1,
sample_0476,range,range(politicianusendorsedbypoliticianus) = geopoliticallocation,"背景知识：
条目1：
- 名称：politicianusendorsedbypoliticianus
- 类型：Class
- 简介：{%%s is a U.S. politician %s the U.S. politician %%s, endorsed by}
- 补充信息：generalizations: politicianendorsedbypolitician | domain: politicianus | range: politicianus

条目2：
- 名称：geopoliticallocation
- 类型：Unknown
- 简介：Those geopolitical entities that are location
- 补充信息：generalizations: geopoliticalentity, location",0,qwen-max-0125,0.0,8192,https://api2.aigcbest.top/v1,"判断结果：错误  
解释：根据背景知识，politicianusendorsedbypoliticianus 的 range 应为 politicianus，而 geopoliticallocation 与 politicianus 无直接语义关联，违反了 range 的定义规则。",0,1,
sample_0477,range,range(comediancanbethesameasmale) = country,"背景知识：
条目1：
- 名称：comediancanbethesameasmale
- 类型：Class
- 简介：{%%s %s %%s, is related to}
- 补充信息：generalizations: canbethesameas | domain: comedian | range: male

条目2：
- 名称：country
- 类型：Unknown
- 简介：The type ""country"" in Freebase can and should be used with a variety of topics. The most common will be probably be current and former independent nations, potentially including composite entities such as empires. It can also be used for au...
- 补充信息：generalizations: geopoliticallocation, geopoliticalorganization, geolocatablething",0,qwen-max-0125,0.0,8192,https://api2.aigcbest.top/v1,"判断结果：错误  
解释：根据背景知识，comediancanbethesameasmale的range应为male，而公理中将其定义为country，与语义规则和背景知识冲突。",0,1,
sample_0478,range,range(professionactsatthesameareaofpoliticissue) = agriculturalproduct,"背景知识：
条目1：
- 名称：professionactsatthesameareaofpoliticissue
- 类型：Unknown
- 简介：Describes professions that work at the area of a political issue
- 补充信息：generalizations: relatedto | domain: politicsissue | range: profession

条目2：
- 名称：agriculturalproduct
- 类型：Unknown
- 简介：a living thing (or something derived therefrom) which is specifically cultivated and produced to sustain or enrich life
- 补充信息：generalizations: item",0,qwen-max-0125,0.0,8192,https://api2.aigcbest.top/v1,"判断结果：错误  
解释：根据背景知识，professionactsatthesameareaofpoliticissue的range应为profession，而agriculturalproduct属于item的子类，与profession无直接关联，因此该公理与背景知识冲突。",0,1,
sample_0479,range,range(productlauchpredecessor) = event,"背景知识：
条目1：
- 名称：productlauchpredecessor
- 类型：Class
- 简介：{%%s was %s of the product launched in %%s, the predecessor}
- 补充信息：generalizations: relatedto | domain: productlaunchevent | range: product

条目2：
- 名称：event
- 类型：Unknown
- 简介：An event is a topic that can be described by the time or date at which it happened. Long-lasting events may be described as occurring between two dates. It is sometimes appropriate to create abstract events, as collections of other events
- 补充信息：generalizations: abstractthing",0,qwen-max-0125,0.0,8192,https://api2.aigcbest.top/v1,"判断结果：错误  
解释：根据背景知识，productlauchpredecessor的range应为product，而非event，与给定公理冲突。",0,1,
sample_0480,range,range(stadiumlocatedincity) = arthropod,"背景知识：
条目1：
- 名称：stadiumlocatedincity
- 类型：Class
- 简介：{%%s is a stadium or event venue %s the city %%s, located in}
- 补充信息：generalizations: attractionofcity, buildinglocatedincity, proxyof | domain: stadiumoreventvenue | range: city

条目2：
- 名称：arthropod
- 类型：Class
- 简介：{%%s is an %s, arthropod}
- 补充信息：generalizations: invertebrate",0,qwen-max-0125,0.0,8192,https://api2.aigcbest.top/v1,"判断结果：错误  
解释：根据背景知识，stadiumlocatedincity的range应为city，而arthropod是一个与city无关的类，违反了RDFS语义规则中range的定义。",0,1,
