id,axiom_type,axiom_text,context_info,label,model_name,temperature,max_tokens,base_url,model_output,model_label,is_correct,error
sample_0001,subClassOf,Airline ⊑ PublicTransitSystem,"背景知识：
条目1：
- 名称：Airline
- 类型：Class
- 简介：airline

条目2：
- 名称：PublicTransitSystem
- 类型：Class
- 简介：A public transit system is a shared passenger transportation service which is available for use by the general public. Public transport modes include buses, trolleybuses, trams and trains, 'rapid transit' (metro/subways/undergrounds etc) an...",1,Doubao-pro-128k,0.0,8192,https://api2.aigcbest.top/v1,"判断结果：[正确]
解释：根据背景知识，Airline和PublicTransitSystem均为类，航空公司提供的航空运输服务属于公共交通服务的一种，所以Airline是PublicTransitSystem的子类，该公理符合RDFS中subClassOf的语义规则。",1.0,1.0,
sample_0002,subClassOf,Airline is a subclass of PublicTransitSystem.,"背景知识：
条目1：
- 名称：Airline
- 类型：Class
- 简介：airline

条目2：
- 名称：PublicTransitSystem
- 类型：Class
- 简介：A public transit system is a shared passenger transportation service which is available for use by the general public. Public transport modes include buses, trolleybuses, trams and trains, 'rapid transit' (metro/subways/undergrounds etc) an...",1,Doubao-pro-128k,0.0,8192,https://api2.aigcbest.top/v1,"判断结果：[正确]
解释：根据背景知识和常识，航空公司提供的航空运输服务属于公共交通系统的一部分，“Airline”是“PublicTransitSystem”的子类，符合“subClassOf”语义规则。",1.0,1.0,
sample_0003,subClassOf,Every instance of Airline is also an instance of PublicTransitSystem.,"背景知识：
条目1：
- 名称：Airline
- 类型：Class
- 简介：airline

条目2：
- 名称：PublicTransitSystem
- 类型：Class
- 简介：A public transit system is a shared passenger transportation service which is available for use by the general public. Public transport modes include buses, trolleybuses, trams and trains, 'rapid transit' (metro/subways/undergrounds etc) an...",1,Doubao-pro-128k,0.0,8192,https://api2.aigcbest.top/v1,"判断结果：[错误]
解释：背景知识中Airline是航空公司类，PublicTransitSystem是公共交通系统类，航空公司并非公共交通系统，该公理与常识冲突。",0.0,0.0,
sample_0004,subClassOf,"If an entity belongs to class Airline, then it also belongs to class PublicTransitSystem.","背景知识：
条目1：
- 名称：Airline
- 类型：Class
- 简介：airline

条目2：
- 名称：PublicTransitSystem
- 类型：Class
- 简介：A public transit system is a shared passenger transportation service which is available for use by the general public. Public transport modes include buses, trolleybuses, trams and trains, 'rapid transit' (metro/subways/undergrounds etc) an...",1,Doubao-pro-128k,0.0,8192,https://api2.aigcbest.top/v1,"判断结果：[错误]
解释：背景知识中未表明Airline类与PublicTransitSystem类存在包含关系，且常识中航空公司与公共交通系统概念不同，该公理与背景知识和语义规则冲突。",0.0,0.0,
sample_0005,subClassOf,The class Airline is included in the class PublicTransitSystem.,"背景知识：
条目1：
- 名称：Airline
- 类型：Class
- 简介：airline

条目2：
- 名称：PublicTransitSystem
- 类型：Class
- 简介：A public transit system is a shared passenger transportation service which is available for use by the general public. Public transport modes include buses, trolleybuses, trams and trains, 'rapid transit' (metro/subways/undergrounds etc) an...",1,Doubao-pro-128k,0.0,8192,https://api2.aigcbest.top/v1,"判断结果：[错误]
解释：背景知识中Airline是航空公司类，PublicTransitSystem是公共交通系统类，航空公司与公共交通系统概念不同，不存在Airline包含于PublicTransitSystem的关系，与常识冲突。",0.0,0.0,
sample_0006,subClassOf,Album ⊑ MusicalWork,"背景知识：
条目1：
- 名称：Album
- 类型：Class
- 简介：album

条目2：
- 名称：MusicalWork
- 类型：Class
- 简介：musical work",1,Doubao-pro-128k,0.0,8192,https://api2.aigcbest.top/v1,"判断结果：[正确]
解释：公理表示Album是MusicalWork的子类，从常识可知专辑属于音乐作品，符合RDFS中subClassOf的语义规则。",1.0,1.0,
sample_0007,subClassOf,Album is a subclass of MusicalWork.,"背景知识：
条目1：
- 名称：Album
- 类型：Class
- 简介：album

条目2：
- 名称：MusicalWork
- 类型：Class
- 简介：musical work",1,Doubao-pro-128k,0.0,8192,https://api2.aigcbest.top/v1,"判断结果：[正确]
解释：背景知识中有Album和MusicalWork两个类，从常识可知专辑属于音乐作品，该公理符合RDFS中subClassOf表示的类之间包含关系，所以合理。",1.0,1.0,
sample_0008,subClassOf,Every instance of Album is also an instance of MusicalWork.,"背景知识：
条目1：
- 名称：Album
- 类型：Class
- 简介：album

条目2：
- 名称：MusicalWork
- 类型：Class
- 简介：musical work",1,Doubao-pro-128k,0.0,8192,https://api2.aigcbest.top/v1,"判断结果：[正确]
解释：公理表明Album的每个实例也是MusicalWork的实例，即Album是MusicalWork的子类，符合RDFS中subClassOf的语义规则，且从常识看专辑属于音乐作品，与背景知识不冲突。",1.0,1.0,
sample_0009,subClassOf,"If an entity belongs to class Album, then it also belongs to class MusicalWork.","背景知识：
条目1：
- 名称：Album
- 类型：Class
- 简介：album

条目2：
- 名称：MusicalWork
- 类型：Class
- 简介：musical work",1,Doubao-pro-128k,0.0,8192,https://api2.aigcbest.top/v1,"判断结果：[正确]
解释：根据常识，专辑（Album）属于音乐作品（MusicalWork）的范畴，该公理符合类之间的包含关系，与背景知识和语义规则不冲突。",1.0,1.0,
sample_0010,subClassOf,The class Album is included in the class MusicalWork.,"背景知识：
条目1：
- 名称：Album
- 类型：Class
- 简介：album

条目2：
- 名称：MusicalWork
- 类型：Class
- 简介：musical work",1,Doubao-pro-128k,0.0,8192,https://api2.aigcbest.top/v1,"判断结果：[正确]
解释：根据背景知识，Album和MusicalWork均为类，从常识可知专辑（Album）属于音乐作品（MusicalWork），符合subClassOf表示的类之间包含关系的语义规则。",1.0,1.0,
sample_0011,subClassOf,Ambassador ⊑ Politician,"背景知识：
条目1：
- 名称：Ambassador
- 类型：Class
- 简介：An ambassador is the highest ranking diplomat that represents a nation and is usually accredited to a foreign sovereign or government, or to an international organization.

条目2：
- 名称：Politician
- 类型：Class
- 简介：politician",1,Doubao-pro-128k,0.0,8192,https://api2.aigcbest.top/v1,"判断结果：[正确]
解释：根据背景知识，大使是代表国家的高级外交官，外交官属于政治领域从业者，可认为是政治家的一部分，公理中Ambassador是Politician的子类符合语义规则。",1.0,1.0,
sample_0012,subClassOf,Ambassador is a subclass of Politician.,"背景知识：
条目1：
- 名称：Ambassador
- 类型：Class
- 简介：An ambassador is the highest ranking diplomat that represents a nation and is usually accredited to a foreign sovereign or government, or to an international organization.

条目2：
- 名称：Politician
- 类型：Class
- 简介：politician",1,Doubao-pro-128k,0.0,8192,https://api2.aigcbest.top/v1,"判断结果：[正确]
解释：根据背景知识，大使是代表国家的高级外交官，外交官通常属于政治家范畴，所以“Ambassador”是“Politician”的子类，该公理符合语义规则。",1.0,1.0,
sample_0013,subClassOf,Every instance of Ambassador is also an instance of Politician.,"背景知识：
条目1：
- 名称：Ambassador
- 类型：Class
- 简介：An ambassador is the highest ranking diplomat that represents a nation and is usually accredited to a foreign sovereign or government, or to an international organization.

条目2：
- 名称：Politician
- 类型：Class
- 简介：politician",1,Doubao-pro-128k,0.0,8192,https://api2.aigcbest.top/v1,"判断结果：[正确]
解释：根据背景知识，大使是代表国家的高级外交官，外交官通常属于政治领域，可认为大使是政治家的一种，符合RDFS中subClassOf的语义规则，即Ambassador是Politician的子类，所以每个大使实例也是政治家实例这一公理合理。",1.0,1.0,
sample_0014,subClassOf,"If an entity belongs to class Ambassador, then it also belongs to class Politician.","背景知识：
条目1：
- 名称：Ambassador
- 类型：Class
- 简介：An ambassador is the highest ranking diplomat that represents a nation and is usually accredited to a foreign sovereign or government, or to an international organization.

条目2：
- 名称：Politician
- 类型：Class
- 简介：politician",1,Doubao-pro-128k,0.0,8192,https://api2.aigcbest.top/v1,"判断结果：[正确]
解释：根据背景知识，大使通常参与政治活动，从常识来看可认为大使属于政治家的范畴，符合RDFS中subClassOf表示的类之间包含关系，所以该公理合理。",1.0,1.0,
sample_0015,subClassOf,The class Ambassador is included in the class Politician.,"背景知识：
条目1：
- 名称：Ambassador
- 类型：Class
- 简介：An ambassador is the highest ranking diplomat that represents a nation and is usually accredited to a foreign sovereign or government, or to an international organization.

条目2：
- 名称：Politician
- 类型：Class
- 简介：politician",1,Doubao-pro-128k,0.0,8192,https://api2.aigcbest.top/v1,"判断结果：[正确]
解释：根据背景知识，大使是代表国家的高级外交官，外交官通常属于政治领域，在常识中可认为大使属于政治家这一类别，符合subClassOf表示的类之间包含关系的语义规则。",1.0,1.0,
sample_0016,subClassOf,Attack ⊑ SocietalEvent,"背景知识：
条目1：
- 名称：Attack
- 类型：Class
- 简介：An Attack is not necessarily part of a Military Conflict

条目2：
- 名称：SocietalEvent
- 类型：Class
- 简介：an event that is clearly different from strictly personal events",1,Doubao-pro-128k,0.0,8192,https://api2.aigcbest.top/v1,"判断结果：[正确]
解释：Attack是一种事件且不一定是军事冲突一部分，SocietalEvent是明显区别于严格个人事件的事件，Attack可属于SocietalEvent，符合subClassOf语义规则。",1.0,1.0,
sample_0017,subClassOf,Attack is a subclass of SocietalEvent.,"背景知识：
条目1：
- 名称：Attack
- 类型：Class
- 简介：An Attack is not necessarily part of a Military Conflict

条目2：
- 名称：SocietalEvent
- 类型：Class
- 简介：an event that is clearly different from strictly personal events",1,Doubao-pro-128k,0.0,8192,https://api2.aigcbest.top/v1,"判断结果：[正确]
解释：背景中Attack未明确与SocietalEvent的关系，但从常识看攻击事件通常属于社会事件，符合subClassOf表示的类之间包含关系，公理合理。",1.0,1.0,
sample_0018,subClassOf,Every instance of Attack is also an instance of SocietalEvent.,"背景知识：
条目1：
- 名称：Attack
- 类型：Class
- 简介：An Attack is not necessarily part of a Military Conflict

条目2：
- 名称：SocietalEvent
- 类型：Class
- 简介：an event that is clearly different from strictly personal events",1,Doubao-pro-128k,0.0,8192,https://api2.aigcbest.top/v1,"判断结果：[错误]
解释：背景知识未表明Attack与SocietalEvent存在包含关系，不能得出每个Attack实例都是SocietalEvent实例的结论，与语义规则冲突。",0.0,0.0,
sample_0019,subClassOf,"If an entity belongs to class Attack, then it also belongs to class SocietalEvent.","背景知识：
条目1：
- 名称：Attack
- 类型：Class
- 简介：An Attack is not necessarily part of a Military Conflict

条目2：
- 名称：SocietalEvent
- 类型：Class
- 简介：an event that is clearly different from strictly personal events",1,Doubao-pro-128k,0.0,8192,https://api2.aigcbest.top/v1,"判断结果：[错误]
解释：背景知识未表明Attack属于SocietalEvent，且无依据说明攻击事件一定是与严格个人事件明显不同的社会事件，该公理与背景知识和语义规则无对应支撑。",0.0,0.0,
sample_0020,subClassOf,The class Attack is included in the class SocietalEvent.,"背景知识：
条目1：
- 名称：Attack
- 类型：Class
- 简介：An Attack is not necessarily part of a Military Conflict

条目2：
- 名称：SocietalEvent
- 类型：Class
- 简介：an event that is clearly different from strictly personal events",1,Doubao-pro-128k,0.0,8192,https://api2.aigcbest.top/v1,"判断结果：[错误]
解释：背景知识未表明Attack与SocietalEvent存在包含关系，仅知Attack不一定是军事冲突一部分，SocietalEvent与个人事件不同，无法得出Attack包含于SocietalEvent，与语义规则冲突。",0.0,0.0,
sample_0021,subClassOf,ChristianBishop ⊑ Archbishop,"背景知识：
条目1：
- 名称：ChristianBishop
- 类型：Class
- 简介：Christian Bishop

条目2：
- 名称：Archbishop
- 类型：Class
- 简介：archbishop",0,Doubao-pro-128k,0.0,8192,https://api2.aigcbest.top/v1,"判断结果：[错误]
解释：背景知识仅给出ChristianBishop和Archbishop是类，但常识中并非所有基督教主教都是大主教，此公理不符合常识，与语义规则存在冲突。",0.0,1.0,
sample_0022,subClassOf,ChristianBishop is a subclass of Archbishop.,"背景知识：
条目1：
- 名称：ChristianBishop
- 类型：Class
- 简介：Christian Bishop

条目2：
- 名称：Archbishop
- 类型：Class
- 简介：archbishop",0,Doubao-pro-128k,0.0,8192,https://api2.aigcbest.top/v1,"判断结果：[错误]
解释：背景知识中仅给出两个独立的类，常识上大主教是基督教主教中的特定高级职位，应是Archbishop为ChristianBishop的子类，而不是ChristianBishop是Archbishop的子类，与语义规则和常识冲突。",0.0,1.0,
sample_0023,subClassOf,Every instance of ChristianBishop is also an instance of Archbishop.,"背景知识：
条目1：
- 名称：ChristianBishop
- 类型：Class
- 简介：Christian Bishop

条目2：
- 名称：Archbishop
- 类型：Class
- 简介：archbishop",0,Doubao-pro-128k,0.0,8192,https://api2.aigcbest.top/v1,"判断结果：[错误]
解释：背景知识仅表明ChristianBishop和Archbishop是不同的类，常识中基督教主教不一定都是大主教，该公理违背常识和语义规则。",0.0,1.0,
sample_0024,subClassOf,"If an entity belongs to class ChristianBishop, then it also belongs to class Archbishop.","背景知识：
条目1：
- 名称：ChristianBishop
- 类型：Class
- 简介：Christian Bishop

条目2：
- 名称：Archbishop
- 类型：Class
- 简介：archbishop",0,Doubao-pro-128k,0.0,8192,https://api2.aigcbest.top/v1,"判断结果：[错误]
解释：背景知识仅给出ChristianBishop和Archbishop为类，但常识中并非所有基督教主教都是大主教，该公理违背常识，与语义规则存在冲突。",0.0,1.0,
sample_0025,subClassOf,The class ChristianBishop is included in the class Archbishop.,"背景知识：
条目1：
- 名称：ChristianBishop
- 类型：Class
- 简介：Christian Bishop

条目2：
- 名称：Archbishop
- 类型：Class
- 简介：archbishop",0,Doubao-pro-128k,0.0,8192,https://api2.aigcbest.top/v1,"判断结果：[错误]
解释：常识中大主教（Archbishop）是基督教主教（ChristianBishop）中的特定高级职位，应是大主教类包含于基督教主教类，而公理表述为基督教主教类包含于大主教类，与常识和语义规则冲突。",0.0,1.0,
sample_0026,subClassOf,Eukaryote ⊑ Animal,"背景知识：
条目1：
- 名称：Eukaryote
- 类型：Class
- 简介：eukaryote

条目2：
- 名称：Animal
- 类型：Class
- 简介：animal",0,Doubao-pro-128k,0.0,8192,https://api2.aigcbest.top/v1,"判断结果：[错误]
解释：根据背景知识，Eukaryote是真核生物类，Animal是动物类，动物是真核生物的一部分，应该是Animal ⊑ Eukaryote，而不是Eukaryote ⊑ Animal，与常识和语义规则冲突。",0.0,1.0,
sample_0027,subClassOf,Eukaryote is a subclass of Animal.,"背景知识：
条目1：
- 名称：Eukaryote
- 类型：Class
- 简介：eukaryote

条目2：
- 名称：Animal
- 类型：Class
- 简介：animal",0,Doubao-pro-128k,0.0,8192,https://api2.aigcbest.top/v1,"判断结果：[错误]
解释：背景知识中Eukaryote和Animal是两个类，常识上动物是真核生物的一部分，应是Animal为Eukaryote的子类，而公理中说Eukaryote是Animal的子类，与常识冲突，所以该公理错误。",0.0,1.0,
sample_0028,subClassOf,Every instance of Eukaryote is also an instance of Animal.,"背景知识：
条目1：
- 名称：Eukaryote
- 类型：Class
- 简介：eukaryote

条目2：
- 名称：Animal
- 类型：Class
- 简介：animal",0,Doubao-pro-128k,0.0,8192,https://api2.aigcbest.top/v1,"判断结果：[错误]
解释：背景知识表明Eukaryote和Animal是不同的类，常识中真核生物包含动物、植物、真菌等多种类型，并非所有真核生物实例都是动物实例，该公理与常识和背景知识冲突。",0.0,1.0,
sample_0029,subClassOf,"If an entity belongs to class Eukaryote, then it also belongs to class Animal.","背景知识：
条目1：
- 名称：Eukaryote
- 类型：Class
- 简介：eukaryote

条目2：
- 名称：Animal
- 类型：Class
- 简介：animal",0,Doubao-pro-128k,0.0,8192,https://api2.aigcbest.top/v1,"判断结果：[错误]
解释：背景知识表明Eukaryote和Animal是不同的类，常识中真核生物包含动物、植物、真菌等，并非所有真核生物都是动物，该公理与常识和语义规则冲突。",0.0,1.0,
sample_0030,subClassOf,The class Eukaryote is included in the class Animal.,"背景知识：
条目1：
- 名称：Eukaryote
- 类型：Class
- 简介：eukaryote

条目2：
- 名称：Animal
- 类型：Class
- 简介：animal",0,Doubao-pro-128k,0.0,8192,https://api2.aigcbest.top/v1,"判断结果：[错误]
解释：根据常识，动物是真核生物的一部分，应是Animal类包含于Eukaryote类，而公理中说Eukaryote类包含于Animal类，与语义规则和常识冲突。",0.0,1.0,
sample_0031,subClassOf,GridironFootballPlayer ⊑ AmericanFootballPlayer,"背景知识：
条目1：
- 名称：GridironFootballPlayer
- 类型：Class
- 简介：Gradiron football, also called North American football, is a family of soccer team games played primarily in the United States and Canada.

条目2：
- 名称：AmericanFootballPlayer
- 类型：Class
- 简介：american football player",0,Doubao-pro-128k,0.0,8192,https://api2.aigcbest.top/v1,"判断结果：[错误]
解释：背景知识表明Gridiron Football在美国和加拿大都有开展，而American Football仅指美国的橄榄球，Gridiron Football范围更广，所以GridironFootballPlayer不应是AmericanFootballPlayer的子类，该公理与常识和语义规则冲突。",0.0,1.0,
sample_0032,subClassOf,GridironFootballPlayer is a subclass of AmericanFootballPlayer.,"背景知识：
条目1：
- 名称：GridironFootballPlayer
- 类型：Class
- 简介：Gradiron football, also called North American football, is a family of soccer team games played primarily in the United States and Canada.

条目2：
- 名称：AmericanFootballPlayer
- 类型：Class
- 简介：american football player",0,Doubao-pro-128k,0.0,8192,https://api2.aigcbest.top/v1,"判断结果：[错误]
解释：背景知识表明Gridiron Football（格陵兰橄榄球）主要在美国和加拿大开展，而American Football（美式橄榄球）只是其中一部分，所以AmericanFootballPlayer应是GridironFootballPlayer的子类，该公理与语义规则冲突。",0.0,1.0,
sample_0033,subClassOf,Every instance of GridironFootballPlayer is also an instance of AmericanFootballPlayer.,"背景知识：
条目1：
- 名称：GridironFootballPlayer
- 类型：Class
- 简介：Gradiron football, also called North American football, is a family of soccer team games played primarily in the United States and Canada.

条目2：
- 名称：AmericanFootballPlayer
- 类型：Class
- 简介：american football player",0,Doubao-pro-128k,0.0,8192,https://api2.aigcbest.top/v1,"判断结果：[错误]
解释：背景知识表明Gridiron Football主要在美国和加拿大开展，而American Football仅指美国的橄榄球，Gridiron Football范围更广，并非每个GridironFootballPlayer都是AmericanFootballPlayer，与语义规则和常识不符。",0.0,1.0,
sample_0034,subClassOf,"If an entity belongs to class GridironFootballPlayer, then it also belongs to class AmericanFootballPlayer.","背景知识：
条目1：
- 名称：GridironFootballPlayer
- 类型：Class
- 简介：Gradiron football, also called North American football, is a family of soccer team games played primarily in the United States and Canada.

条目2：
- 名称：AmericanFootballPlayer
- 类型：Class
- 简介：american football player",0,Doubao-pro-128k,0.0,8192,https://api2.aigcbest.top/v1,"判断结果：[错误]
解释：背景知识表明GridironFootball涵盖美国和加拿大的足球运动，而AmericanFootball仅指美国足球，所以GridironFootballPlayer不一定属于AmericanFootballPlayer，该公理与背景知识冲突。",0.0,1.0,
sample_0035,subClassOf,The class GridironFootballPlayer is included in the class AmericanFootballPlayer.,"背景知识：
条目1：
- 名称：GridironFootballPlayer
- 类型：Class
- 简介：Gradiron football, also called North American football, is a family of soccer team games played primarily in the United States and Canada.

条目2：
- 名称：AmericanFootballPlayer
- 类型：Class
- 简介：american football player",0,Doubao-pro-128k,0.0,8192,https://api2.aigcbest.top/v1,"判断结果：[错误]
解释：根据背景知识，Gridiron Football包括在美国和加拿大进行的足球团队游戏，而American Football仅指美式足球，所以GridironFootballPlayer应包含AmericanFootballPlayer，而不是被包含，该公理与背景知识冲突。",0.0,1.0,
sample_0036,subClassOf,Person ⊑ Animal,"背景知识：
条目1：
- 名称：Person
- 类型：Class
- 简介：person

条目2：
- 名称：Animal
- 类型：Class
- 简介：animal",1,Doubao-pro-128k,0.0,8192,https://api2.aigcbest.top/v1,"判断结果：[正确]
解释：根据常识，人属于动物的范畴，公理“Person ⊑ Animal”表示Person是Animal的子类，符合RDFS中subClassOf的语义规则。",1.0,1.0,
sample_0037,subClassOf,Person is a subclass of Animal.,"背景知识：
条目1：
- 名称：Person
- 类型：Class
- 简介：person

条目2：
- 名称：Animal
- 类型：Class
- 简介：animal",1,Doubao-pro-128k,0.0,8192,https://api2.aigcbest.top/v1,"判断结果：[正确]
解释：根据常识，人属于动物的范畴，公理中“Person is a subclass of Animal”符合类之间的包含关系这一RDFS语义规则。",1.0,1.0,
sample_0038,subClassOf,Every instance of Person is also an instance of Animal.,"背景知识：
条目1：
- 名称：Person
- 类型：Class
- 简介：person

条目2：
- 名称：Animal
- 类型：Class
- 简介：animal",1,Doubao-pro-128k,0.0,8192,https://api2.aigcbest.top/v1,"判断结果：[正确]
解释：根据常识，人属于动物的范畴，该公理表示Person类的实例也是Animal类的实例，符合RDFS中类的包含关系语义规则。",1.0,1.0,
sample_0039,subClassOf,"If an entity belongs to class Person, then it also belongs to class Animal.","背景知识：
条目1：
- 名称：Person
- 类型：Class
- 简介：person

条目2：
- 名称：Animal
- 类型：Class
- 简介：animal",1,Doubao-pro-128k,0.0,8192,https://api2.aigcbest.top/v1,"判断结果：[正确]
解释：背景知识中，人属于动物范畴，公理中实体属于Person类就属于Animal类符合常识和RDFS中subClassOf类包含关系的语义规则。",1.0,1.0,
sample_0040,subClassOf,The class Person is included in the class Animal.,"背景知识：
条目1：
- 名称：Person
- 类型：Class
- 简介：person

条目2：
- 名称：Animal
- 类型：Class
- 简介：animal",1,Doubao-pro-128k,0.0,8192,https://api2.aigcbest.top/v1,"判断结果：[正确]
解释：根据常识，人属于动物的范畴，此公理表示Person类包含于Animal类，符合语义规则且与常识相符。",1.0,1.0,
sample_0041,subClassOf,PopulatedPlace ⊑ Agglomeration,"背景知识：
条目1：
- 名称：PopulatedPlace
- 类型：Class
- 简介：As defined by the United States Geological Survey, a populated place is a place or area with clustered or scattered buildings and a permanent human population (city, settlement, town, or village) referenced with geographic coordinates (http...

条目2：
- 名称：Agglomeration
- 类型：Class
- 简介：agglomeration",0,Doubao-pro-128k,0.0,8192,https://api2.aigcbest.top/v1,"判断结果：[错误]
解释：背景知识未表明PopulatedPlace和Agglomeration存在包含关系，仅依据给定信息不能得出PopulatedPlace是Agglomeration的子类，公理与背景知识不匹配。",0.0,1.0,
sample_0042,subClassOf,PopulatedPlace is a subclass of Agglomeration.,"背景知识：
条目1：
- 名称：PopulatedPlace
- 类型：Class
- 简介：As defined by the United States Geological Survey, a populated place is a place or area with clustered or scattered buildings and a permanent human population (city, settlement, town, or village) referenced with geographic coordinates (http...

条目2：
- 名称：Agglomeration
- 类型：Class
- 简介：agglomeration",0,Doubao-pro-128k,0.0,8192,https://api2.aigcbest.top/v1,"判断结果：[错误]
解释：背景知识中未表明PopulatedPlace和Agglomeration存在子类关系，仅给出各自简介，无法得出PopulatedPlace是Agglomeration的子类，与语义规则中需有明确包含关系才能判定子类关系冲突。",0.0,1.0,
sample_0043,subClassOf,Every instance of PopulatedPlace is also an instance of Agglomeration.,"背景知识：
条目1：
- 名称：PopulatedPlace
- 类型：Class
- 简介：As defined by the United States Geological Survey, a populated place is a place or area with clustered or scattered buildings and a permanent human population (city, settlement, town, or village) referenced with geographic coordinates (http...

条目2：
- 名称：Agglomeration
- 类型：Class
- 简介：agglomeration",0,Doubao-pro-128k,0.0,8192,https://api2.aigcbest.top/v1,"判断结果：[错误]
解释：背景知识中仅给出PopulatedPlace和Agglomeration的定义简介，未表明PopulatedPlace是Agglomeration的子类，不能得出每个PopulatedPlace实例都是Agglomeration实例的结论，该公理与背景知识和语义规则存在冲突。",0.0,1.0,
sample_0044,subClassOf,"If an entity belongs to class PopulatedPlace, then it also belongs to class Agglomeration.","背景知识：
条目1：
- 名称：PopulatedPlace
- 类型：Class
- 简介：As defined by the United States Geological Survey, a populated place is a place or area with clustered or scattered buildings and a permanent human population (city, settlement, town, or village) referenced with geographic coordinates (http...

条目2：
- 名称：Agglomeration
- 类型：Class
- 简介：agglomeration",0,Doubao-pro-128k,0.0,8192,https://api2.aigcbest.top/v1,"判断结果：[错误]
解释：背景知识中未表明PopulatedPlace和Agglomeration存在包含关系，仅依据给定公理无法得出属于PopulatedPlace的实体就一定属于Agglomeration，与语义规则冲突。",0.0,1.0,
sample_0045,subClassOf,The class PopulatedPlace is included in the class Agglomeration.,"背景知识：
条目1：
- 名称：PopulatedPlace
- 类型：Class
- 简介：As defined by the United States Geological Survey, a populated place is a place or area with clustered or scattered buildings and a permanent human population (city, settlement, town, or village) referenced with geographic coordinates (http...

条目2：
- 名称：Agglomeration
- 类型：Class
- 简介：agglomeration",0,Doubao-pro-128k,0.0,8192,https://api2.aigcbest.top/v1,"判断结果：[错误]
解释：背景知识中未表明PopulatedPlace类与Agglomeration类存在包含关系，无法依据现有信息判定该公理合理。",0.0,1.0,
sample_0046,subClassOf,TopicalConcept ⊑ Type,"背景知识：
条目1：
- 名称：TopicalConcept
- 类型：Class
- 简介：topical concept

条目2：
- 名称：Type
- 类型：Class
- 简介：a category within a classification system",0,Doubao-pro-128k,0.0,8192,https://api2.aigcbest.top/v1,"判断结果：[正确]
解释：公理表示TopicalConcept是Type的子类，结合背景知识，TopicalConcept作为主题概念可看作是分类系统中的一个类别，符合subClassOf的语义规则，所以该公理合理。",1.0,0.0,
sample_0047,subClassOf,TopicalConcept is a subclass of Type.,"背景知识：
条目1：
- 名称：TopicalConcept
- 类型：Class
- 简介：topical concept

条目2：
- 名称：Type
- 类型：Class
- 简介：a category within a classification system",0,Doubao-pro-128k,0.0,8192,https://api2.aigcbest.top/v1,"判断结果：[正确]
解释：背景知识表明TopicalConcept和Type均为类，从常识看主题概念可属于分类系统中的一个类别，符合subClassOf的类包含关系语义规则。",1.0,0.0,
sample_0048,subClassOf,Every instance of TopicalConcept is also an instance of Type.,"背景知识：
条目1：
- 名称：TopicalConcept
- 类型：Class
- 简介：topical concept

条目2：
- 名称：Type
- 类型：Class
- 简介：a category within a classification system",0,Doubao-pro-128k,0.0,8192,https://api2.aigcbest.top/v1,"判断结果：[正确]
解释：公理表达TopicalConcept类的每个实例也是Type类的实例，即TopicalConcept是Type的子类，背景知识未表明两者冲突，符合RDFS中subClassOf语义规则。",1.0,0.0,
sample_0049,subClassOf,"If an entity belongs to class TopicalConcept, then it also belongs to class Type.","背景知识：
条目1：
- 名称：TopicalConcept
- 类型：Class
- 简介：topical concept

条目2：
- 名称：Type
- 类型：Class
- 简介：a category within a classification system",0,Doubao-pro-128k,0.0,8192,https://api2.aigcbest.top/v1,"判断结果：[正确]
解释：根据背景知识，TopicalConcept和Type均为类，公理表达的是TopicalConcept是Type的子类，在RDFS中这种类之间的包含关系是合理的，且不与背景知识冲突。",1.0,0.0,
sample_0050,subClassOf,The class TopicalConcept is included in the class Type.,"背景知识：
条目1：
- 名称：TopicalConcept
- 类型：Class
- 简介：topical concept

条目2：
- 名称：Type
- 类型：Class
- 简介：a category within a classification system",0,Doubao-pro-128k,0.0,8192,https://api2.aigcbest.top/v1,"判断结果：[正确]
解释：公理表明TopicalConcept类包含于Type类，背景知识未表明两者存在冲突，从语义上看主题概念可属于分类系统中的一个类别，符合RDFS语义规则。",1.0,0.0,
sample_0051,subPropertyOf,Wins ⊑p rankingWins,"背景知识：
条目1：
- 名称：Wins
- 类型：Unknown
- 简介：Wins

条目2：
- 名称：rankingWins
- 类型：Property
- 简介：ranking wins",0,Doubao-pro-128k,0.0,8192,https://api2.aigcbest.top/v1,"判断结果：[错误]
解释：公理中“Wins ⊑p rankingWins”表示Wins是rankingWins的子属性，但背景知识显示Wins类型为Unknown，并非属性，与RDFS语义规则冲突。",0.0,1.0,
sample_0052,subPropertyOf,Wins is a subproperty of rankingWins.,"背景知识：
条目1：
- 名称：Wins
- 类型：Unknown
- 简介：Wins

条目2：
- 名称：rankingWins
- 类型：Property
- 简介：ranking wins",0,Doubao-pro-128k,0.0,8192,https://api2.aigcbest.top/v1,"判断结果：[错误]
解释：背景知识中Wins类型为Unknown，rankingWins类型为Property，只有属性之间才能存在subPropertyOf关系，Wins不是属性，不能成为rankingWins的子属性，与RDFS语义规则冲突。",0.0,1.0,
sample_0053,subPropertyOf,"If two resources are related by Wins, then they are also related by rankingWins.","背景知识：
条目1：
- 名称：Wins
- 类型：Unknown
- 简介：Wins

条目2：
- 名称：rankingWins
- 类型：Property
- 简介：ranking wins",0,Doubao-pro-128k,0.0,8192,https://api2.aigcbest.top/v1,"判断结果：[错误]
解释：背景知识未表明Wins与rankingWins存在包含关系，无法依据RDFS语义规则得出若两资源由Wins关联则也由rankingWins关联的结论。",0.0,1.0,
sample_0054,subPropertyOf,"For any x and y, if x Wins y holds, then x rankingWins y also holds.","背景知识：
条目1：
- 名称：Wins
- 类型：Unknown
- 简介：Wins

条目2：
- 名称：rankingWins
- 类型：Property
- 简介：ranking wins",0,Doubao-pro-128k,0.0,8192,https://api2.aigcbest.top/v1,"判断结果：[错误]
解释：背景知识中未表明“Wins”与“rankingWins”存在包含关系，不能从“x Wins y”推出“x rankingWins y”，与语义规则冲突。",0.0,1.0,
sample_0055,subPropertyOf,The property Wins is more specific than the property rankingWins.,"背景知识：
条目1：
- 名称：Wins
- 类型：Unknown
- 简介：Wins

条目2：
- 名称：rankingWins
- 类型：Property
- 简介：ranking wins",0,Doubao-pro-128k,0.0,8192,https://api2.aigcbest.top/v1,"判断结果：[错误]
解释：背景知识中Wins类型为Unknown，rankingWins类型为Property，无法依据RDFS语义规则得出Wins比rankingWins更具体的结论。",0.0,1.0,
sample_0056,subPropertyOf,administrativeHeadCity ⊑p capital,"背景知识：
条目1：
- 名称：administrativeHeadCity
- 类型：Property
- 简介：city where stand the administrative power

条目2：
- 名称：capital
- 类型：Property
- 简介：capital",0,Doubao-pro-128k,0.0,8192,https://api2.aigcbest.top/v1,"判断结果：[错误]
解释：背景知识中“administrativeHeadCity”指行政权力所在城市，“capital”指首都，从常识来看行政权力所在城市不一定是首都，“administrativeHeadCity”并非“capital”的子属性，与语义规则冲突。",0.0,1.0,
sample_0057,subPropertyOf,administrativeHeadCity is a subproperty of capital.,"背景知识：
条目1：
- 名称：administrativeHeadCity
- 类型：Property
- 简介：city where stand the administrative power

条目2：
- 名称：capital
- 类型：Property
- 简介：capital",0,Doubao-pro-128k,0.0,8192,https://api2.aigcbest.top/v1,"判断结果：[错误]
解释：背景知识中“administrativeHeadCity”指行政权力所在城市，“capital”指首都，通常首都只是行政权力所在城市的一种特殊情况，应是“capital”是“administrativeHeadCity”的子属性，而不是“administrativeHeadCity”是“capital”的子属性，与语义规则冲突。",0.0,1.0,
sample_0058,subPropertyOf,"If two resources are related by administrativeHeadCity, then they are also related by capital.","背景知识：
条目1：
- 名称：administrativeHeadCity
- 类型：Property
- 简介：city where stand the administrative power

条目2：
- 名称：capital
- 类型：Property
- 简介：capital",0,Doubao-pro-128k,0.0,8192,https://api2.aigcbest.top/v1,"判断结果：[错误]
解释：背景知识未表明“administrativeHeadCity”和“capital”存在包含关系，不能得出由“administrativeHeadCity”关联的资源也由“capital”关联，与语义规则冲突。",0.0,1.0,
sample_0059,subPropertyOf,"For any x and y, if x administrativeHeadCity y holds, then x capital y also holds.","背景知识：
条目1：
- 名称：administrativeHeadCity
- 类型：Property
- 简介：city where stand the administrative power

条目2：
- 名称：capital
- 类型：Property
- 简介：capital",0,Doubao-pro-128k,0.0,8192,https://api2.aigcbest.top/v1,"判断结果：[错误]
解释：背景知识仅表明“administrativeHeadCity”是行政权力所在地的城市，“capital”表示首都，未体现“administrativeHeadCity”蕴含“capital”的关系，该公理与背景知识无对应支持，不符合语义规则。",0.0,1.0,
sample_0060,subPropertyOf,The property administrativeHeadCity is more specific than the property capital.,"背景知识：
条目1：
- 名称：administrativeHeadCity
- 类型：Property
- 简介：city where stand the administrative power

条目2：
- 名称：capital
- 类型：Property
- 简介：capital",0,Doubao-pro-128k,0.0,8192,https://api2.aigcbest.top/v1,"判断结果：[正确]
解释：根据背景知识，“administrativeHeadCity”指行政权力所在的城市，“capital”指首都，通常行政权力所在城市是首都概念的更具体表述，符合“subPropertyOf”属性之间包含关系的语义规则。",1.0,0.0,
sample_0061,subPropertyOf,championInMixedDouble ⊑p championInDouble,"背景知识：
条目1：
- 名称：championInMixedDouble
- 类型：Property
- 简介：winner of a competition in the mixed double session (as in tennis)

条目2：
- 名称：championInDouble
- 类型：Property
- 简介：winner of a competition in the double session (as in tennis)",1,Doubao-pro-128k,0.0,8192,https://api2.aigcbest.top/v1,"判断结果：[正确]
解释：根据背景知识，championInMixedDouble是混合双打比赛的获胜者属性，championInDouble是双打比赛的获胜者属性，混合双打属于双打，所以championInMixedDouble属性包含于championInDouble属性，符合subPropertyOf语义规则。",1.0,1.0,
sample_0062,subPropertyOf,championInMixedDouble is a subproperty of championInDouble.,"背景知识：
条目1：
- 名称：championInMixedDouble
- 类型：Property
- 简介：winner of a competition in the mixed double session (as in tennis)

条目2：
- 名称：championInDouble
- 类型：Property
- 简介：winner of a competition in the double session (as in tennis)",1,Doubao-pro-128k,0.0,8192,https://api2.aigcbest.top/v1,"判断结果：[正确]
解释：从背景知识可知，混合双打冠军（championInMixedDouble）是双打冠军（championInDouble）的一种，根据RDFS中subPropertyOf表示属性之间包含关系的规则，该公理合理。",1.0,1.0,
sample_0063,subPropertyOf,"If two resources are related by championInMixedDouble, then they are also related by championInDouble.","背景知识：
条目1：
- 名称：championInMixedDouble
- 类型：Property
- 简介：winner of a competition in the mixed double session (as in tennis)

条目2：
- 名称：championInDouble
- 类型：Property
- 简介：winner of a competition in the double session (as in tennis)",1,Doubao-pro-128k,0.0,8192,https://api2.aigcbest.top/v1,"判断结果：[正确]
解释：根据背景知识，混合双打冠军属于双打冠军的一种，所以若两个资源存在championInMixedDouble关系，那么它们也存在championInDouble关系，符合语义规则。",1.0,1.0,
sample_0064,subPropertyOf,"For any x and y, if x championInMixedDouble y holds, then x championInDouble y also holds.","背景知识：
条目1：
- 名称：championInMixedDouble
- 类型：Property
- 简介：winner of a competition in the mixed double session (as in tennis)

条目2：
- 名称：championInDouble
- 类型：Property
- 简介：winner of a competition in the double session (as in tennis)",1,Doubao-pro-128k,0.0,8192,https://api2.aigcbest.top/v1,"判断结果：[正确]
解释：根据背景知识，混合双打冠军属于双打冠军的一种，所以若x是混合双打比赛的冠军，那么x也是双打比赛的冠军，符合语义规则。",1.0,1.0,
sample_0065,subPropertyOf,The property championInMixedDouble is more specific than the property championInDouble.,"背景知识：
条目1：
- 名称：championInMixedDouble
- 类型：Property
- 简介：winner of a competition in the mixed double session (as in tennis)

条目2：
- 名称：championInDouble
- 类型：Property
- 简介：winner of a competition in the double session (as in tennis)",1,Doubao-pro-128k,0.0,8192,https://api2.aigcbest.top/v1,"判断结果：[正确]
解释：背景知识表明championInMixedDouble是混合双打比赛冠军属性，championInDouble是双打比赛冠军属性，混合双打是双打一种更具体形式，符合属性间包含关系，所以该公理合理。",1.0,1.0,
sample_0066,subPropertyOf,code ⊑p brinCode,"背景知识：
条目1：
- 名称：code
- 类型：Property
- 简介：Superproperty for any designation (string, integer as string) that is meant to identify an entity within the context of a system

条目2：
- 名称：brinCode
- 类型：Property
- 简介：The code used by the Dutch Ministry of Education to identify a school (as an organisation)",0,Doubao-pro-128k,0.0,8192,https://api2.aigcbest.top/v1,"判断结果：[错误]
解释：背景知识表明code是用于在系统中标识实体的超属性，brinCode是荷兰教育部用于标识学校的代码属性，brinCode应是code的子属性，而公理中表示code是brinCode的子属性，与背景知识冲突。",0.0,1.0,
sample_0067,subPropertyOf,code is a subproperty of brinCode.,"背景知识：
条目1：
- 名称：code
- 类型：Property
- 简介：Superproperty for any designation (string, integer as string) that is meant to identify an entity within the context of a system

条目2：
- 名称：brinCode
- 类型：Property
- 简介：The code used by the Dutch Ministry of Education to identify a school (as an organisation)",0,Doubao-pro-128k,0.0,8192,https://api2.aigcbest.top/v1,"判断结果：[错误]
解释：背景知识表明code是用于识别实体的超级属性，brinCode是荷兰教育部用于识别学校的代码属性，应是brinCode为code的子属性，而不是code是brinCode的子属性，与语义规则冲突。",0.0,1.0,
sample_0068,subPropertyOf,"If two resources are related by code, then they are also related by brinCode.","背景知识：
条目1：
- 名称：code
- 类型：Property
- 简介：Superproperty for any designation (string, integer as string) that is meant to identify an entity within the context of a system

条目2：
- 名称：brinCode
- 类型：Property
- 简介：The code used by the Dutch Ministry of Education to identify a school (as an organisation)",0,Doubao-pro-128k,0.0,8192,https://api2.aigcbest.top/v1,"判断结果：[错误]
解释：背景知识表明code是用于在系统中识别实体的通用超属性，brinCode是荷兰教育部用于识别学校的特定属性，并非所有由code关联的资源都能由brinCode关联，与语义规则不符。",0.0,1.0,
sample_0069,subPropertyOf,"For any x and y, if x code y holds, then x brinCode y also holds.","背景知识：
条目1：
- 名称：code
- 类型：Property
- 简介：Superproperty for any designation (string, integer as string) that is meant to identify an entity within the context of a system

条目2：
- 名称：brinCode
- 类型：Property
- 简介：The code used by the Dutch Ministry of Education to identify a school (as an organisation)",0,Doubao-pro-128k,0.0,8192,https://api2.aigcbest.top/v1,"判断结果：[错误]
解释：背景知识表明code是用于在系统中标识实体的超属性，brinCode是荷兰教育部用于标识学校的代码属性，brinCode应是code的子属性，即若x brinCode y成立则x code y成立，而不是若x code y成立则x brinCode y成立，与语义规则冲突。",0.0,1.0,
sample_0070,subPropertyOf,The property code is more specific than the property brinCode.,"背景知识：
条目1：
- 名称：code
- 类型：Property
- 简介：Superproperty for any designation (string, integer as string) that is meant to identify an entity within the context of a system

条目2：
- 名称：brinCode
- 类型：Property
- 简介：The code used by the Dutch Ministry of Education to identify a school (as an organisation)",0,Doubao-pro-128k,0.0,8192,https://api2.aigcbest.top/v1,"判断结果：[错误]
解释：背景知识表明code是用于识别实体的超级属性，brinCode是荷兰教育部用于识别学校的特定代码属性，所以brinCode应比code更具体，公理与背景知识冲突。",0.0,1.0,
sample_0071,subPropertyOf,code ⊑p codeListOfHonour,"背景知识：
条目1：
- 名称：code
- 类型：Property
- 简介：Superproperty for any designation (string, integer as string) that is meant to identify an entity within the context of a system

条目2：
- 名称：codeListOfHonour
- 类型：Property
- 简介：code on List of Honour",0,Doubao-pro-128k,0.0,8192,https://api2.aigcbest.top/v1,"判断结果：[错误]
解释：背景知识表明code是用于标识实体的超级属性，而codeListOfHonour是荣誉列表上的code属性，应是code的子属性，公理中code是codeListOfHonour的子属性，与语义规则冲突。",0.0,1.0,
sample_0072,subPropertyOf,code is a subproperty of codeListOfHonour.,"背景知识：
条目1：
- 名称：code
- 类型：Property
- 简介：Superproperty for any designation (string, integer as string) that is meant to identify an entity within the context of a system

条目2：
- 名称：codeListOfHonour
- 类型：Property
- 简介：code on List of Honour",0,Doubao-pro-128k,0.0,8192,https://api2.aigcbest.top/v1,"判断结果：[错误]
解释：背景知识表明code是用于识别实体的超级属性，而codeListOfHonour是荣誉列表上的code，应是code的子属性，公理中关系颠倒，与背景知识冲突。",0.0,1.0,
sample_0073,subPropertyOf,"If two resources are related by code, then they are also related by codeListOfHonour.","背景知识：
条目1：
- 名称：code
- 类型：Property
- 简介：Superproperty for any designation (string, integer as string) that is meant to identify an entity within the context of a system

条目2：
- 名称：codeListOfHonour
- 类型：Property
- 简介：code on List of Honour",0,Doubao-pro-128k,0.0,8192,https://api2.aigcbest.top/v1,"判断结果：[错误]
解释：背景知识表明code是用于识别实体的超属性，codeListOfHonour是荣誉列表上的代码属性，未表明code包含codeListOfHonour，不能得出两资源由code关联就一定由codeListOfHonour关联的结论，与语义规则冲突。",0.0,1.0,
sample_0074,subPropertyOf,"For any x and y, if x code y holds, then x codeListOfHonour y also holds.","背景知识：
条目1：
- 名称：code
- 类型：Property
- 简介：Superproperty for any designation (string, integer as string) that is meant to identify an entity within the context of a system

条目2：
- 名称：codeListOfHonour
- 类型：Property
- 简介：code on List of Honour",0,Doubao-pro-128k,0.0,8192,https://api2.aigcbest.top/v1,"判断结果：[错误]
解释：背景知识表明code是用于系统内标识实体的超属性，codeListOfHonour是荣誉列表上的代码属性，公理中认为满足x code y就一定满足x codeListOfHonour y，与背景知识和语义规则不符，因为code不一定就是荣誉列表上的代码。",0.0,1.0,
sample_0075,subPropertyOf,The property code is more specific than the property codeListOfHonour.,"背景知识：
条目1：
- 名称：code
- 类型：Property
- 简介：Superproperty for any designation (string, integer as string) that is meant to identify an entity within the context of a system

条目2：
- 名称：codeListOfHonour
- 类型：Property
- 简介：code on List of Honour",0,Doubao-pro-128k,0.0,8192,https://api2.aigcbest.top/v1,"判断结果：[错误]
解释：背景知识表明code是任何用于在系统上下文中标识实体的指定的超属性，而codeListOfHonour是荣誉列表上的代码，所以code应比codeListOfHonour更通用，该公理与背景知识冲突。",0.0,1.0,
sample_0076,subPropertyOf,code ⊑p codeStockExchange,"背景知识：
条目1：
- 名称：code
- 类型：Property
- 简介：Superproperty for any designation (string, integer as string) that is meant to identify an entity within the context of a system

条目2：
- 名称：codeStockExchange
- 类型：Property
- 简介：code Stock Exchange",0,Doubao-pro-128k,0.0,8192,https://api2.aigcbest.top/v1,"判断结果：[错误]
解释：背景知识表明code是用于识别系统内实体的任何指定的超属性，而codeStockExchange是股票交易所代码属性，按照常理codeStockExchange应是code的子属性，公理中属性包含关系与背景知识和语义规则冲突。",0.0,1.0,
sample_0077,subPropertyOf,code is a subproperty of codeStockExchange.,"背景知识：
条目1：
- 名称：code
- 类型：Property
- 简介：Superproperty for any designation (string, integer as string) that is meant to identify an entity within the context of a system

条目2：
- 名称：codeStockExchange
- 类型：Property
- 简介：code Stock Exchange",0,Doubao-pro-128k,0.0,8192,https://api2.aigcbest.top/v1,"判断结果：[错误]
解释：背景知识表明code是用于标识实体的超级属性，codeStockExchange是股票交易所代码属性，通常超级属性包含子属性，所以code应是codeStockExchange的父属性而非子属性，与语义规则冲突。",0.0,1.0,
sample_0078,subPropertyOf,"If two resources are related by code, then they are also related by codeStockExchange.","背景知识：
条目1：
- 名称：code
- 类型：Property
- 简介：Superproperty for any designation (string, integer as string) that is meant to identify an entity within the context of a system

条目2：
- 名称：codeStockExchange
- 类型：Property
- 简介：code Stock Exchange",0,Doubao-pro-128k,0.0,8192,https://api2.aigcbest.top/v1,"判断结果：[错误]
解释：背景知识表明code是任何标识实体的属性的超属性，未表明codeStockExchange是code的子属性，不能得出两资源由code关联就一定由codeStockExchange关联的结论，与语义规则冲突。",0.0,1.0,
sample_0079,subPropertyOf,"For any x and y, if x code y holds, then x codeStockExchange y also holds.","背景知识：
条目1：
- 名称：code
- 类型：Property
- 简介：Superproperty for any designation (string, integer as string) that is meant to identify an entity within the context of a system

条目2：
- 名称：codeStockExchange
- 类型：Property
- 简介：code Stock Exchange",0,Doubao-pro-128k,0.0,8192,https://api2.aigcbest.top/v1,"判断结果：[错误]
解释：背景知识表明code是用于标识实体的超属性，而codeStockExchange是股票交易所代码属性，通常超属性成立不意味着子属性一定成立，此公理违背语义规则。",0.0,1.0,
sample_0080,subPropertyOf,The property code is more specific than the property codeStockExchange.,"背景知识：
条目1：
- 名称：code
- 类型：Property
- 简介：Superproperty for any designation (string, integer as string) that is meant to identify an entity within the context of a system

条目2：
- 名称：codeStockExchange
- 类型：Property
- 简介：code Stock Exchange",0,Doubao-pro-128k,0.0,8192,https://api2.aigcbest.top/v1,"判断结果：[错误]
解释：背景知识表明code是任何用于在系统上下文中标识实体的指定的超属性，而codeStockExchange是股票交易所代码属性，所以code应比codeStockExchange更通用，公理表述与背景知识冲突。",0.0,1.0,
sample_0081,subPropertyOf,code ⊑p cosparId,"背景知识：
条目1：
- 名称：code
- 类型：Property
- 简介：Superproperty for any designation (string, integer as string) that is meant to identify an entity within the context of a system

条目2：
- 名称：cosparId
- 类型：Property
- 简介：Described at http://en.wikipedia.org/wiki/International_Designator",0,Doubao-pro-128k,0.0,8192,https://api2.aigcbest.top/v1,"判断结果：[错误]
解释：背景知识表明code是任何用于在系统上下文中识别实体的指定的超属性，而cosparId有其特定描述，通常超属性包含子属性，这里公理表示code是cosparId的子属性，与背景知识和语义规则冲突。",0.0,1.0,
sample_0082,subPropertyOf,code is a subproperty of cosparId.,"背景知识：
条目1：
- 名称：code
- 类型：Property
- 简介：Superproperty for any designation (string, integer as string) that is meant to identify an entity within the context of a system

条目2：
- 名称：cosparId
- 类型：Property
- 简介：Described at http://en.wikipedia.org/wiki/International_Designator",0,Doubao-pro-128k,0.0,8192,https://api2.aigcbest.top/v1,"判断结果：[错误]
解释：背景知识表明code是用于识别实体的超属性，而cosparId有特定描述，通常超属性包含子属性，所以应是cosparId是code的子属性，该公理与语义规则冲突。",0.0,1.0,
sample_0083,subPropertyOf,"If two resources are related by code, then they are also related by cosparId.","背景知识：
条目1：
- 名称：code
- 类型：Property
- 简介：Superproperty for any designation (string, integer as string) that is meant to identify an entity within the context of a system

条目2：
- 名称：cosparId
- 类型：Property
- 简介：Described at http://en.wikipedia.org/wiki/International_Designator",0,Doubao-pro-128k,0.0,8192,https://api2.aigcbest.top/v1,"判断结果：[错误]
解释：背景知识仅表明code是用于识别实体的超级属性，cosparId有特定描述，但未体现出code关系的资源必然存在cosparId关系，与语义规则和背景知识不符。",0.0,1.0,
sample_0084,subPropertyOf,"For any x and y, if x code y holds, then x cosparId y also holds.","背景知识：
条目1：
- 名称：code
- 类型：Property
- 简介：Superproperty for any designation (string, integer as string) that is meant to identify an entity within the context of a system

条目2：
- 名称：cosparId
- 类型：Property
- 简介：Described at http://en.wikipedia.org/wiki/International_Designator",0,Doubao-pro-128k,0.0,8192,https://api2.aigcbest.top/v1,"判断结果：[错误]
解释：背景知识表明code是用于识别实体的超级属性，未表明与cosparId有包含关系，公理中“若x code y成立则x cosparId y也成立”与背景知识和语义规则冲突。",0.0,1.0,
sample_0085,subPropertyOf,The property code is more specific than the property cosparId.,"背景知识：
条目1：
- 名称：code
- 类型：Property
- 简介：Superproperty for any designation (string, integer as string) that is meant to identify an entity within the context of a system

条目2：
- 名称：cosparId
- 类型：Property
- 简介：Described at http://en.wikipedia.org/wiki/International_Designator",0,Doubao-pro-128k,0.0,8192,https://api2.aigcbest.top/v1,"判断结果：[错误]
解释：背景知识表明code是识别实体的超属性，应更宽泛，而公理说code比cosparId更具体，与背景知识冲突。",0.0,1.0,
sample_0086,subPropertyOf,code ⊑p dfE,"背景知识：
条目1：
- 名称：code
- 类型：Property
- 简介：Superproperty for any designation (string, integer as string) that is meant to identify an entity within the context of a system

条目2：
- 名称：dfE
- 类型：Property
- 简介：Department for Education (UK) number of a school in England or Wales",0,Doubao-pro-128k,0.0,8192,https://api2.aigcbest.top/v1,"判断结果：[错误]
解释：背景知识表明code是用于识别系统内实体的通用属性，dfE是英国教育部门给英格兰或威尔士学校的编号，应是code的子属性，而公理中表示code是dfE的子属性，与语义规则冲突。",0.0,1.0,
sample_0087,subPropertyOf,code is a subproperty of dfE.,"背景知识：
条目1：
- 名称：code
- 类型：Property
- 简介：Superproperty for any designation (string, integer as string) that is meant to identify an entity within the context of a system

条目2：
- 名称：dfE
- 类型：Property
- 简介：Department for Education (UK) number of a school in England or Wales",0,Doubao-pro-128k,0.0,8192,https://api2.aigcbest.top/v1,"判断结果：[错误]
解释：背景知识表明code是用于识别实体的通用属性，dfE是特定的英国教育部门给学校的编号属性，dfE应是code的子属性，而非code是dfE的子属性，与语义规则冲突。",0.0,1.0,
sample_0088,subPropertyOf,"If two resources are related by code, then they are also related by dfE.","背景知识：
条目1：
- 名称：code
- 类型：Property
- 简介：Superproperty for any designation (string, integer as string) that is meant to identify an entity within the context of a system

条目2：
- 名称：dfE
- 类型：Property
- 简介：Department for Education (UK) number of a school in England or Wales",0,Doubao-pro-128k,0.0,8192,https://api2.aigcbest.top/v1,"判断结果：[错误]
解释：背景知识表明“code”是用于在系统内标识实体的通用属性，“dfE”是英国教育部门针对英格兰或威尔士学校的编号属性，“dfE”是更具特定性的属性，并非所有由“code”关联的资源都由“dfE”关联，与语义规则不符。",0.0,1.0,
sample_0089,subPropertyOf,"For any x and y, if x code y holds, then x dfE y also holds.","背景知识：
条目1：
- 名称：code
- 类型：Property
- 简介：Superproperty for any designation (string, integer as string) that is meant to identify an entity within the context of a system

条目2：
- 名称：dfE
- 类型：Property
- 简介：Department for Education (UK) number of a school in England or Wales",0,Doubao-pro-128k,0.0,8192,https://api2.aigcbest.top/v1,"判断结果：[错误]
解释：背景知识表明code是用于标识实体的通用属性，dfE是英国教育部门针对英格兰或威尔士学校的编号属性，code涵盖范围更广，并非code成立时dfE一定成立，与语义规则冲突。",0.0,1.0,
sample_0090,subPropertyOf,The property code is more specific than the property dfE.,"背景知识：
条目1：
- 名称：code
- 类型：Property
- 简介：Superproperty for any designation (string, integer as string) that is meant to identify an entity within the context of a system

条目2：
- 名称：dfE
- 类型：Property
- 简介：Department for Education (UK) number of a school in England or Wales",0,Doubao-pro-128k,0.0,8192,https://api2.aigcbest.top/v1,"判断结果：[错误]
解释：背景知识表明code是用于识别实体的通用属性，dfE是特定的学校编号属性，所以code应是dfE的超属性，而公理说code比dfE更具体，与背景知识冲突。",0.0,1.0,
sample_0091,subPropertyOf,code ⊑p dutchNAIdentifier,"背景知识：
条目1：
- 名称：code
- 类型：Property
- 简介：Superproperty for any designation (string, integer as string) that is meant to identify an entity within the context of a system

条目2：
- 名称：dutchNAIdentifier
- 类型：Property
- 简介：Identifier for Duch National Archive",0,Doubao-pro-128k,0.0,8192,https://api2.aigcbest.top/v1,"判断结果：[错误]
解释：背景知识表明code是用于标识实体的超属性，dutchNAIdentifier是荷兰国家档案馆的标识符属性，通常超属性包含子属性，而此公理表示code是dutchNAIdentifier的子属性，与语义规则冲突。",0.0,1.0,
sample_0092,subPropertyOf,code is a subproperty of dutchNAIdentifier.,"背景知识：
条目1：
- 名称：code
- 类型：Property
- 简介：Superproperty for any designation (string, integer as string) that is meant to identify an entity within the context of a system

条目2：
- 名称：dutchNAIdentifier
- 类型：Property
- 简介：Identifier for Duch National Archive",0,Doubao-pro-128k,0.0,8192,https://api2.aigcbest.top/v1,"判断结果：[错误]
解释：背景知识表明code是用于在系统中识别实体的超属性，dutchNAIdentifier是荷兰国家档案馆的标识符属性，通常应是dutchNAIdentifier为code的子属性，而不是code是dutchNAIdentifier的子属性，与语义规则冲突。",0.0,1.0,
sample_0093,subPropertyOf,"If two resources are related by code, then they are also related by dutchNAIdentifier.","背景知识：
条目1：
- 名称：code
- 类型：Property
- 简介：Superproperty for any designation (string, integer as string) that is meant to identify an entity within the context of a system

条目2：
- 名称：dutchNAIdentifier
- 类型：Property
- 简介：Identifier for Duch National Archive",0,Doubao-pro-128k,0.0,8192,https://api2.aigcbest.top/v1,"判断结果：[错误]
解释：背景知识表明code是用于在系统内标识实体的通用属性，dutchNAIdentifier是荷兰国家档案馆的标识符属性，并非所有由code关联的资源都由dutchNAIdentifier关联，与语义规则和常识不符。",0.0,1.0,
sample_0094,subPropertyOf,"For any x and y, if x code y holds, then x dutchNAIdentifier y also holds.","背景知识：
条目1：
- 名称：code
- 类型：Property
- 简介：Superproperty for any designation (string, integer as string) that is meant to identify an entity within the context of a system

条目2：
- 名称：dutchNAIdentifier
- 类型：Property
- 简介：Identifier for Duch National Archive",0,Doubao-pro-128k,0.0,8192,https://api2.aigcbest.top/v1,"判断结果：[错误]
解释：背景知识表明code是用于系统中标识实体的超属性，dutchNAIdentifier是荷兰国家档案馆的标识符，公理中“code成立则dutchNAIdentifier也成立”的语义关系与背景知识中属性的含义不符，存在明显冲突。",0.0,1.0,
sample_0095,subPropertyOf,The property code is more specific than the property dutchNAIdentifier.,"背景知识：
条目1：
- 名称：code
- 类型：Property
- 简介：Superproperty for any designation (string, integer as string) that is meant to identify an entity within the context of a system

条目2：
- 名称：dutchNAIdentifier
- 类型：Property
- 简介：Identifier for Duch National Archive",0,Doubao-pro-128k,0.0,8192,https://api2.aigcbest.top/v1,"判断结果：[错误]
解释：背景知识表明code是用于标识实体的超级属性，应比dutchNAIdentifier更通用，而公理中说code比dutchNAIdentifier更具体，与背景知识冲突。",0.0,1.0,
sample_0096,subPropertyOf,code ⊑p dutchPPNCode,"背景知识：
条目1：
- 名称：code
- 类型：Property
- 简介：Superproperty for any designation (string, integer as string) that is meant to identify an entity within the context of a system

条目2：
- 名称：dutchPPNCode
- 类型：Property
- 简介：Dutch PPN code is a library cataloguing code for collection items (books, journals and the like).",0,Doubao-pro-128k,0.0,8192,https://api2.aigcbest.top/v1,"判断结果：[错误]
解释：背景知识表明code是用于识别实体的任何指定标识的超属性，dutchPPNCode是荷兰图书馆编目代码，应是code的子属性，而公理中表示code是dutchPPNCode的子属性，与语义规则冲突。",0.0,1.0,
sample_0097,subPropertyOf,code is a subproperty of dutchPPNCode.,"背景知识：
条目1：
- 名称：code
- 类型：Property
- 简介：Superproperty for any designation (string, integer as string) that is meant to identify an entity within the context of a system

条目2：
- 名称：dutchPPNCode
- 类型：Property
- 简介：Dutch PPN code is a library cataloguing code for collection items (books, journals and the like).",0,Doubao-pro-128k,0.0,8192,https://api2.aigcbest.top/v1,"判断结果：[错误]
解释：背景知识表明code是用于识别实体的通用属性，dutchPPNCode是特定的荷兰图书馆编目代码属性，应是dutchPPNCode是code的子属性，而不是code是dutchPPNCode的子属性，与语义规则冲突。",0.0,1.0,
sample_0098,subPropertyOf,"If two resources are related by code, then they are also related by dutchPPNCode.","背景知识：
条目1：
- 名称：code
- 类型：Property
- 简介：Superproperty for any designation (string, integer as string) that is meant to identify an entity within the context of a system

条目2：
- 名称：dutchPPNCode
- 类型：Property
- 简介：Dutch PPN code is a library cataloguing code for collection items (books, journals and the like).",0,Doubao-pro-128k,0.0,8192,https://api2.aigcbest.top/v1,"判断结果：[错误]
解释：背景知识表明code是用于标识实体的超属性，dutchPPNCode是荷兰图书馆编目代码属性，并非所有通过code相关的资源都能通过dutchPPNCode相关，公理与背景知识冲突。",0.0,1.0,
sample_0099,subPropertyOf,"For any x and y, if x code y holds, then x dutchPPNCode y also holds.","背景知识：
条目1：
- 名称：code
- 类型：Property
- 简介：Superproperty for any designation (string, integer as string) that is meant to identify an entity within the context of a system

条目2：
- 名称：dutchPPNCode
- 类型：Property
- 简介：Dutch PPN code is a library cataloguing code for collection items (books, journals and the like).",0,Doubao-pro-128k,0.0,8192,https://api2.aigcbest.top/v1,"判断结果：[错误]
解释：背景知识表明code是任何用于在系统上下文中标识实体的指定的超属性，dutchPPNCode是荷兰图书馆编目代码属性，code范围更广，应是dutchPPNCode的超属性，即若x dutchPPNCode y成立则x code y成立，而不是若x code y成立则x dutchPPNCode y成立，与语义规则冲突。",0.0,1.0,
sample_0100,subPropertyOf,The property code is more specific than the property dutchPPNCode.,"背景知识：
条目1：
- 名称：code
- 类型：Property
- 简介：Superproperty for any designation (string, integer as string) that is meant to identify an entity within the context of a system

条目2：
- 名称：dutchPPNCode
- 类型：Property
- 简介：Dutch PPN code is a library cataloguing code for collection items (books, journals and the like).",0,Doubao-pro-128k,0.0,8192,https://api2.aigcbest.top/v1,"判断结果：[错误]
解释：背景知识表明code是用于识别实体的通用属性，dutchPPNCode是特定的荷兰图书馆编目代码属性，所以code应是dutchPPNCode的超属性，而公理说code比dutchPPNCode更具体，与背景知识冲突。",0.0,1.0,
sample_0101,subPropertyOf,code ⊑p dutchWinkelID,"背景知识：
条目1：
- 名称：code
- 类型：Property
- 简介：Superproperty for any designation (string, integer as string) that is meant to identify an entity within the context of a system

条目2：
- 名称：dutchWinkelID
- 类型：Property
- 简介：Dutch Winkel ID is a code for an underground publication, as attributed by Lydia Winkel's work on the underground WW II press in the Netherlands.",0,Doubao-pro-128k,0.0,8192,https://api2.aigcbest.top/v1,"判断结果：[错误]
解释：背景知识表明code是任何用于在系统上下文中标识实体的指定的超属性，dutchWinkelID是一种特定的代码，所以dutchWinkelID应是code的子属性，而公理中关系与背景知识和语义规则冲突。",0.0,1.0,
sample_0102,subPropertyOf,code is a subproperty of dutchWinkelID.,"背景知识：
条目1：
- 名称：code
- 类型：Property
- 简介：Superproperty for any designation (string, integer as string) that is meant to identify an entity within the context of a system

条目2：
- 名称：dutchWinkelID
- 类型：Property
- 简介：Dutch Winkel ID is a code for an underground publication, as attributed by Lydia Winkel's work on the underground WW II press in the Netherlands.",0,Doubao-pro-128k,0.0,8192,https://api2.aigcbest.top/v1,"判断结果：[错误]
解释：背景知识表明code是任何用于在系统中识别实体的指定的超属性，dutchWinkelID是用于荷兰地下出版物的特定代码属性，应是dutchWinkelID是code的子属性，而不是code是dutchWinkelID的子属性，与语义规则冲突。",0.0,1.0,
sample_0103,subPropertyOf,"If two resources are related by code, then they are also related by dutchWinkelID.","背景知识：
条目1：
- 名称：code
- 类型：Property
- 简介：Superproperty for any designation (string, integer as string) that is meant to identify an entity within the context of a system

条目2：
- 名称：dutchWinkelID
- 类型：Property
- 简介：Dutch Winkel ID is a code for an underground publication, as attributed by Lydia Winkel's work on the underground WW II press in the Netherlands.",0,Doubao-pro-128k,0.0,8192,https://api2.aigcbest.top/v1,"判断结果：[错误]
解释：背景知识表明code是任何用于在系统上下文中标识实体的指定的超属性，dutchWinkelID是用于荷兰地下出版物的特定代码属性，并非所有由code关联的资源都由dutchWinkelID关联，与语义规则和背景知识冲突。",0.0,1.0,
sample_0104,subPropertyOf,"For any x and y, if x code y holds, then x dutchWinkelID y also holds.","背景知识：
条目1：
- 名称：code
- 类型：Property
- 简介：Superproperty for any designation (string, integer as string) that is meant to identify an entity within the context of a system

条目2：
- 名称：dutchWinkelID
- 类型：Property
- 简介：Dutch Winkel ID is a code for an underground publication, as attributed by Lydia Winkel's work on the underground WW II press in the Netherlands.",0,Doubao-pro-128k,0.0,8192,https://api2.aigcbest.top/v1,"判断结果：[错误]
解释：背景知识表明code是任何标识实体的属性的超属性，dutchWinkelID是特定的地下出版物代码属性，应是code的子属性，即有x dutchWinkelID y成立时x code y才成立，而不是x code y成立时x dutchWinkelID y成立，与语义规则冲突。",0.0,1.0,
sample_0105,subPropertyOf,The property code is more specific than the property dutchWinkelID.,"背景知识：
条目1：
- 名称：code
- 类型：Property
- 简介：Superproperty for any designation (string, integer as string) that is meant to identify an entity within the context of a system

条目2：
- 名称：dutchWinkelID
- 类型：Property
- 简介：Dutch Winkel ID is a code for an underground publication, as attributed by Lydia Winkel's work on the underground WW II press in the Netherlands.",0,Doubao-pro-128k,0.0,8192,https://api2.aigcbest.top/v1,"判断结果：[错误]
解释：背景知识表明code是任何用于在系统上下文中识别实体的指定的超属性，dutchWinkelID是一种特定的code，所以code应比dutchWinkelID更宽泛，公理中语义关系与背景知识冲突。",0.0,1.0,
sample_0106,subPropertyOf,code ⊑p individualisedGnd,"背景知识：
条目1：
- 名称：code
- 类型：Property
- 简介：Superproperty for any designation (string, integer as string) that is meant to identify an entity within the context of a system

条目2：
- 名称：individualisedGnd
- 类型：Property
- 简介：GND (Gemeinsame Normdatei) is an international authority file for the organisation of personal names, subject headings and corporate bodies from catalogues. It is used mainly for documentation in libraries and archives. The GND is managed b...",0,Doubao-pro-128k,0.0,8192,https://api2.aigcbest.top/v1,"判断结果：[错误]
解释：背景知识表明code是用于识别实体的通用属性，而individualisedGnd是特定的国际权威文件相关属性，code并非是individualisedGnd的子属性，与RDFS语义规则冲突。",0.0,1.0,
sample_0107,subPropertyOf,code is a subproperty of individualisedGnd.,"背景知识：
条目1：
- 名称：code
- 类型：Property
- 简介：Superproperty for any designation (string, integer as string) that is meant to identify an entity within the context of a system

条目2：
- 名称：individualisedGnd
- 类型：Property
- 简介：GND (Gemeinsame Normdatei) is an international authority file for the organisation of personal names, subject headings and corporate bodies from catalogues. It is used mainly for documentation in libraries and archives. The GND is managed b...",0,Doubao-pro-128k,0.0,8192,https://api2.aigcbest.top/v1,"判断结果：[错误]
解释：背景知识表明code是用于标识实体的通用属性，而individualisedGnd是与国际权威文件GND相关的属性，code并非是individualisedGnd的子属性，与语义规则不符。",0.0,1.0,
sample_0108,subPropertyOf,"If two resources are related by code, then they are also related by individualisedGnd.","背景知识：
条目1：
- 名称：code
- 类型：Property
- 简介：Superproperty for any designation (string, integer as string) that is meant to identify an entity within the context of a system

条目2：
- 名称：individualisedGnd
- 类型：Property
- 简介：GND (Gemeinsame Normdatei) is an international authority file for the organisation of personal names, subject headings and corporate bodies from catalogues. It is used mainly for documentation in libraries and archives. The GND is managed b...",0,Doubao-pro-128k,0.0,8192,https://api2.aigcbest.top/v1,"判断结果：[错误]
解释：背景知识仅表明code是用于在系统内识别实体的属性，individualisedGnd是与国际权威文件GND相关的属性，未体现出若两资源通过code关联就一定通过individualisedGnd关联的关系，与语义规则不符。",0.0,1.0,
sample_0109,subPropertyOf,"For any x and y, if x code y holds, then x individualisedGnd y also holds.","背景知识：
条目1：
- 名称：code
- 类型：Property
- 简介：Superproperty for any designation (string, integer as string) that is meant to identify an entity within the context of a system

条目2：
- 名称：individualisedGnd
- 类型：Property
- 简介：GND (Gemeinsame Normdatei) is an international authority file for the organisation of personal names, subject headings and corporate bodies from catalogues. It is used mainly for documentation in libraries and archives. The GND is managed b...",0,Doubao-pro-128k,0.0,8192,https://api2.aigcbest.top/v1,"判断结果：[错误]
解释：背景知识仅表明code是用于标识实体的属性，individualisedGnd是关于国际权威文件GND的属性，未显示二者存在包含关系，公理违背语义规则。",0.0,1.0,
sample_0110,subPropertyOf,The property code is more specific than the property individualisedGnd.,"背景知识：
条目1：
- 名称：code
- 类型：Property
- 简介：Superproperty for any designation (string, integer as string) that is meant to identify an entity within the context of a system

条目2：
- 名称：individualisedGnd
- 类型：Property
- 简介：GND (Gemeinsame Normdatei) is an international authority file for the organisation of personal names, subject headings and corporate bodies from catalogues. It is used mainly for documentation in libraries and archives. The GND is managed b...",0,Doubao-pro-128k,0.0,8192,https://api2.aigcbest.top/v1,"判断结果：[错误]
解释：背景知识表明code是用于识别实体的通用属性，而individualisedGnd是特定的国际权威文件相关属性，code应更具通用性，并非比individualisedGnd更具体，与语义规则冲突。",0.0,1.0,
sample_0111,subPropertyOf,codeSettlement ⊑p inseeCode,"背景知识：
条目1：
- 名称：codeSettlement
- 类型：Property
- 简介：settlement code

条目2：
- 名称：inseeCode
- 类型：Property
- 简介：numerical indexing code used by the French National Institute for Statistics and Economic Studies (INSEE) to identify various entities",0,Doubao-pro-128k,0.0,8192,https://api2.aigcbest.top/v1,"判断结果：[错误]
解释：背景知识仅表明codeSettlement是结算代码属性，inseeCode是法国国家统计与经济研究所用于识别各种实体的数字索引代码属性，未体现codeSettlement包含于inseeCode的属性包含关系，与RDFS语义规则冲突。",0.0,1.0,
sample_0112,subPropertyOf,codeSettlement is a subproperty of inseeCode.,"背景知识：
条目1：
- 名称：codeSettlement
- 类型：Property
- 简介：settlement code

条目2：
- 名称：inseeCode
- 类型：Property
- 简介：numerical indexing code used by the French National Institute for Statistics and Economic Studies (INSEE) to identify various entities",0,Doubao-pro-128k,0.0,8192,https://api2.aigcbest.top/v1,"判断结果：[错误]
解释：背景知识中未表明codeSettlement和inseeCode存在属性包含关系，且从简介看“codeSettlement”是通用的结算代码，“inseeCode”是法国统计经济研究所使用的特定数值索引代码，“codeSettlement”并非“inseeCode”的子属性，与语义规则冲突。",0.0,1.0,
sample_0113,subPropertyOf,"If two resources are related by codeSettlement, then they are also related by inseeCode.","背景知识：
条目1：
- 名称：codeSettlement
- 类型：Property
- 简介：settlement code

条目2：
- 名称：inseeCode
- 类型：Property
- 简介：numerical indexing code used by the French National Institute for Statistics and Economic Studies (INSEE) to identify various entities",0,Doubao-pro-128k,0.0,8192,https://api2.aigcbest.top/v1,"判断结果：[错误]
解释：背景知识未表明codeSettlement和inseeCode存在包含关系，无法从两资源存在codeSettlement关系推出存在inseeCode关系，与语义规则冲突。",0.0,1.0,
sample_0114,subPropertyOf,"For any x and y, if x codeSettlement y holds, then x inseeCode y also holds.","背景知识：
条目1：
- 名称：codeSettlement
- 类型：Property
- 简介：settlement code

条目2：
- 名称：inseeCode
- 类型：Property
- 简介：numerical indexing code used by the French National Institute for Statistics and Economic Studies (INSEE) to identify various entities",0,Doubao-pro-128k,0.0,8192,https://api2.aigcbest.top/v1,"判断结果：[错误]
解释：背景知识未表明codeSettlement和inseeCode存在包含关系，无法从x codeSettlement y推出x inseeCode y，与语义规则冲突。",0.0,1.0,
sample_0115,subPropertyOf,The property codeSettlement is more specific than the property inseeCode.,"背景知识：
条目1：
- 名称：codeSettlement
- 类型：Property
- 简介：settlement code

条目2：
- 名称：inseeCode
- 类型：Property
- 简介：numerical indexing code used by the French National Institute for Statistics and Economic Studies (INSEE) to identify various entities",0,Doubao-pro-128k,0.0,8192,https://api2.aigcbest.top/v1,"判断结果：[错误]
解释：背景知识未表明codeSettlement比inseeCode更具体，且无法依据RDFS语义规则得出此关系，该公理与背景知识和语义规则存在冲突。",0.0,1.0,
sample_0116,subPropertyOf,colourHexCode ⊑p code,"背景知识：
条目1：
- 名称：colourHexCode
- 类型：Property
- 简介：A colour represented by its hex code (e.g.: #FF0000 or #40E0D0)

条目2：
- 名称：code
- 类型：Property
- 简介：Superproperty for any designation (string, integer as string) that is meant to identify an entity within the context of a system",1,Doubao-pro-128k,0.0,8192,https://api2.aigcbest.top/v1,"判断结果：[正确]
解释：背景知识表明code是用于识别实体的超属性，colourHexCode是用十六进制代码表示颜色的属性，colourHexCode属于用于识别的代码，所以colourHexCode是code的子属性，该公理符合语义规则。",1.0,1.0,
sample_0117,subPropertyOf,colourHexCode is a subproperty of code.,"背景知识：
条目1：
- 名称：colourHexCode
- 类型：Property
- 简介：A colour represented by its hex code (e.g.: #FF0000 or #40E0D0)

条目2：
- 名称：code
- 类型：Property
- 简介：Superproperty for any designation (string, integer as string) that is meant to identify an entity within the context of a system",1,Doubao-pro-128k,0.0,8192,https://api2.aigcbest.top/v1,"判断结果：[正确]
解释：背景知识表明code是用于识别实体的超属性，colourHexCode是用十六进制代码表示颜色的属性，颜色的十六进制代码可作为一种识别颜色的标识，所以colourHexCode可作为code的子属性，符合RDFS中subPropertyOf的语义规则。",1.0,1.0,
sample_0118,subPropertyOf,"If two resources are related by colourHexCode, then they are also related by code.","背景知识：
条目1：
- 名称：colourHexCode
- 类型：Property
- 简介：A colour represented by its hex code (e.g.: #FF0000 or #40E0D0)

条目2：
- 名称：code
- 类型：Property
- 简介：Superproperty for any designation (string, integer as string) that is meant to identify an entity within the context of a system",1,Doubao-pro-128k,0.0,8192,https://api2.aigcbest.top/v1,"判断结果：[正确]
解释：背景知识表明code是用于识别实体的超级属性，colourHexCode是用十六进制代码表示颜色的属性，颜色的十六进制代码可用于识别颜色，所以colourHexCode是code的子属性，若两资源通过colourHexCode相关，那么它们也通过code相关，符合RDFS语义规则。",1.0,1.0,
sample_0119,subPropertyOf,"For any x and y, if x colourHexCode y holds, then x code y also holds.","背景知识：
条目1：
- 名称：colourHexCode
- 类型：Property
- 简介：A colour represented by its hex code (e.g.: #FF0000 or #40E0D0)

条目2：
- 名称：code
- 类型：Property
- 简介：Superproperty for any designation (string, integer as string) that is meant to identify an entity within the context of a system",1,Doubao-pro-128k,0.0,8192,https://api2.aigcbest.top/v1,"判断结果：[正确]
解释：背景知识表明“code”是用于识别实体的超属性，“colourHexCode”是用十六进制代码表示颜色的属性，“colourHexCode”属于“code”的范畴，所以若x colourHexCode y成立，则x code y也成立，符合RDFS中属性包含关系的语义规则。",1.0,1.0,
sample_0120,subPropertyOf,The property colourHexCode is more specific than the property code.,"背景知识：
条目1：
- 名称：colourHexCode
- 类型：Property
- 简介：A colour represented by its hex code (e.g.: #FF0000 or #40E0D0)

条目2：
- 名称：code
- 类型：Property
- 简介：Superproperty for any designation (string, integer as string) that is meant to identify an entity within the context of a system",1,Doubao-pro-128k,0.0,8192,https://api2.aigcbest.top/v1,"判断结果：[正确]
解释：背景知识表明code是用于识别实体的超级属性，colourHexCode是用十六进制代码表示颜色的属性，colourHexCode比code更具体，符合subPropertyOf语义规则。",1.0,1.0,
sample_0121,subPropertyOf,followedBy ⊑p nextMission,"背景知识：
条目1：
- 名称：followedBy
- 类型：Property
- 简介：followed by

条目2：
- 名称：nextMission
- 类型：Property
- 简介：next mission",0,Doubao-pro-128k,0.0,8192,https://api2.aigcbest.top/v1,"判断结果：[错误]
解释：背景知识中“followedBy”和“nextMission”虽均为属性，但“followed by”和“next mission”语义不同，不存在“followedBy”包含于“nextMission”的属性包含关系，与RDFS语义规则冲突。",0.0,1.0,
sample_0122,subPropertyOf,followedBy is a subproperty of nextMission.,"背景知识：
条目1：
- 名称：followedBy
- 类型：Property
- 简介：followed by

条目2：
- 名称：nextMission
- 类型：Property
- 简介：next mission",0,Doubao-pro-128k,0.0,8192,https://api2.aigcbest.top/v1,"判断结果：[错误]
解释：背景知识中未表明followedBy与nextMission存在子属性关系，仅从名称和简介无法得出followedBy是nextMission的子属性，不符合RDFS语义规则。",0.0,1.0,
sample_0123,subPropertyOf,"If two resources are related by followedBy, then they are also related by nextMission.","背景知识：
条目1：
- 名称：followedBy
- 类型：Property
- 简介：followed by

条目2：
- 名称：nextMission
- 类型：Property
- 简介：next mission",0,Doubao-pro-128k,0.0,8192,https://api2.aigcbest.top/v1,"判断结果：[错误]
解释：背景知识仅给出followedBy和nextMission为属性，但未表明二者存在包含关系，无法依据现有信息得出若两资源通过followedBy关联则也通过nextMission关联的结论。",0.0,1.0,
sample_0124,subPropertyOf,"For any x and y, if x followedBy y holds, then x nextMission y also holds.","背景知识：
条目1：
- 名称：followedBy
- 类型：Property
- 简介：followed by

条目2：
- 名称：nextMission
- 类型：Property
- 简介：next mission",0,Doubao-pro-128k,0.0,8192,https://api2.aigcbest.top/v1,"判断结果：[错误]
解释：背景知识未表明“followedBy”和“nextMission”存在包含等关系，无法从“x followedBy y”推出“x nextMission y”，与语义规则冲突。",0.0,1.0,
sample_0125,subPropertyOf,The property followedBy is more specific than the property nextMission.,"背景知识：
条目1：
- 名称：followedBy
- 类型：Property
- 简介：followed by

条目2：
- 名称：nextMission
- 类型：Property
- 简介：next mission",0,Doubao-pro-128k,0.0,8192,https://api2.aigcbest.top/v1,"判断结果：[错误]
解释：背景知识未表明“followedBy”和“nextMission”存在更具体的包含关系，公理与背景知识和语义规则冲突。",0.0,1.0,
sample_0126,subPropertyOf,keyPerson ⊑p commandant,"背景知识：
条目1：
- 名称：keyPerson
- 类型：Property
- 简介：key person

条目2：
- 名称：commandant
- 类型：Property
- 简介：commandant",0,Doubao-pro-128k,0.0,8192,https://api2.aigcbest.top/v1,"判断结果：[错误]
解释：公理表示keyPerson属性包含于commandant属性，但背景知识仅给出二者为不同属性，无包含关系，与语义规则冲突。",0.0,1.0,
sample_0127,subPropertyOf,keyPerson is a subproperty of commandant.,"背景知识：
条目1：
- 名称：keyPerson
- 类型：Property
- 简介：key person

条目2：
- 名称：commandant
- 类型：Property
- 简介：commandant",0,Doubao-pro-128k,0.0,8192,https://api2.aigcbest.top/v1,"判断结果：[错误]
解释：背景知识仅表明keyPerson和commandant为属性，但未体现keyPerson是commandant的子属性关系，且无常识依据支持该包含关系，与语义规则冲突。",0.0,1.0,
sample_0128,subPropertyOf,"If two resources are related by keyPerson, then they are also related by commandant.","背景知识：
条目1：
- 名称：keyPerson
- 类型：Property
- 简介：key person

条目2：
- 名称：commandant
- 类型：Property
- 简介：commandant",0,Doubao-pro-128k,0.0,8192,https://api2.aigcbest.top/v1,"判断结果：[错误]
解释：背景知识仅表明keyPerson和commandant是不同的属性，未体现出若两资源通过keyPerson关联则也通过commandant关联的关系，与语义规则和背景知识冲突。",0.0,1.0,
sample_0129,subPropertyOf,"For any x and y, if x keyPerson y holds, then x commandant y also holds.","背景知识：
条目1：
- 名称：keyPerson
- 类型：Property
- 简介：key person

条目2：
- 名称：commandant
- 类型：Property
- 简介：commandant",0,Doubao-pro-128k,0.0,8192,https://api2.aigcbest.top/v1,"判断结果：[错误]
解释：背景知识仅表明keyPerson和commandant是属性，但未显示二者存在包含关系，不能由x keyPerson y推出x commandant y，与语义规则冲突。",0.0,1.0,
sample_0130,subPropertyOf,The property keyPerson is more specific than the property commandant.,"背景知识：
条目1：
- 名称：keyPerson
- 类型：Property
- 简介：key person

条目2：
- 名称：commandant
- 类型：Property
- 简介：commandant",0,Doubao-pro-128k,0.0,8192,https://api2.aigcbest.top/v1,"判断结果：[错误]
解释：背景知识仅表明keyPerson和commandant是属性，但未体现keyPerson比commandant更具体的关系，无法依据现有信息得出该结论。",0.0,1.0,
sample_0131,domain,domain(acquirementDate) = Planet,"背景知识：
条目1：
- 名称：acquirementDate
- 类型：Property
- 简介：date of acquirement

条目2：
- 名称：Planet
- 类型：Class
- 简介：planet",0,Doubao-pro-128k,0.0,8192,https://api2.aigcbest.top/v1,"判断结果：[错误]
解释：背景知识中“acquirementDate”为获取日期属性，从常识看其主体通常不是“Planet”（行星），该公理与常识冲突。",0.0,1.0,
sample_0132,domain,The domain of acquirementDate is Planet.,"背景知识：
条目1：
- 名称：acquirementDate
- 类型：Property
- 简介：date of acquirement

条目2：
- 名称：Planet
- 类型：Class
- 简介：planet",0,Doubao-pro-128k,0.0,8192,https://api2.aigcbest.top/v1,"判断结果：[错误]
解释：背景知识中“acquirementDate”是获取日期属性，常识上获取日期的主体不一定是“Planet”类，此公理与常识不符，违反语义规则。",0.0,1.0,
sample_0133,domain,"If a resource uses property acquirementDate as subject, then it should belong to class Planet.","背景知识：
条目1：
- 名称：acquirementDate
- 类型：Property
- 简介：date of acquirement

条目2：
- 名称：Planet
- 类型：Class
- 简介：planet",0,Doubao-pro-128k,0.0,8192,https://api2.aigcbest.top/v1,"判断结果：[错误]
解释：背景知识未表明使用属性acquirementDate的资源应属于类Planet，该公理与背景知识无对应依据，不符合逻辑。",0.0,1.0,
sample_0134,domain,"For any x and y, if x acquirementDate y holds, then x is an instance of Planet.","背景知识：
条目1：
- 名称：acquirementDate
- 类型：Property
- 简介：date of acquirement

条目2：
- 名称：Planet
- 类型：Class
- 简介：planet",0,Doubao-pro-128k,0.0,8192,https://api2.aigcbest.top/v1,"判断结果：[错误]
解释：背景知识未表明acquirementDate属性的主体必须是Planet类的实例，该公理无依据，与背景知识冲突。",0.0,1.0,
sample_0135,domain,Property acquirementDate can only be applied to subjects of class Planet.,"背景知识：
条目1：
- 名称：acquirementDate
- 类型：Property
- 简介：date of acquirement

条目2：
- 名称：Planet
- 类型：Class
- 简介：planet",0,Doubao-pro-128k,0.0,8192,https://api2.aigcbest.top/v1,"判断结果：[错误]
解释：背景知识中未表明acquirementDate属性的主体必须是Planet类，该公理缺乏依据，与背景知识冲突。",0.0,1.0,
sample_0136,domain,domain(address) = Place,"背景知识：
条目1：
- 名称：address
- 类型：Property
- 简介：Address of something as literal. Usually Building, but we also use it for the address of a Region's or Settlement's government

条目2：
- 名称：Place
- 类型：Class
- 简介：place",1,Doubao-pro-128k,0.0,8192,https://api2.aigcbest.top/v1,"判断结果：[正确]
解释：背景知识表明address属性用于表示某物地址，通常是建筑物等，Place类可代表地方，从常识看address属性主体属于Place类合理，符合domain公理语义规则。",1.0,1.0,
sample_0137,domain,The domain of address is Place.,"背景知识：
条目1：
- 名称：address
- 类型：Property
- 简介：Address of something as literal. Usually Building, but we also use it for the address of a Region's or Settlement's government

条目2：
- 名称：Place
- 类型：Class
- 简介：place",1,Doubao-pro-128k,0.0,8192,https://api2.aigcbest.top/v1,"判断结果：[正确]
解释：背景知识表明address可用于表示建筑、地区或定居点政府的地址，这些都可属于Place类，根据RDFS中domain规则，该公理合理。",1.0,1.0,
sample_0138,domain,"If a resource uses property address as subject, then it should belong to class Place.","背景知识：
条目1：
- 名称：address
- 类型：Property
- 简介：Address of something as literal. Usually Building, but we also use it for the address of a Region's or Settlement's government

条目2：
- 名称：Place
- 类型：Class
- 简介：place",1,Doubao-pro-128k,0.0,8192,https://api2.aigcbest.top/v1,"判断结果：[正确]
解释：背景知识表明address属性通常用于Building、Region或Settlement的政府等，这些都可归为Place类，根据RDFS中domain的语义规则，该公理合理。",1.0,1.0,
sample_0139,domain,"For any x and y, if x address y holds, then x is an instance of Place.","背景知识：
条目1：
- 名称：address
- 类型：Property
- 简介：Address of something as literal. Usually Building, but we also use it for the address of a Region's or Settlement's government

条目2：
- 名称：Place
- 类型：Class
- 简介：place",1,Doubao-pro-128k,0.0,8192,https://api2.aigcbest.top/v1,"判断结果：[正确]
解释：背景知识表明address属性用于描述某物的地址，Place是表示地点的类，公理中若x address y成立则x是Place的实例，符合address属性主体应属于地点类的语义规则。",1.0,1.0,
sample_0140,domain,Property address can only be applied to subjects of class Place.,"背景知识：
条目1：
- 名称：address
- 类型：Property
- 简介：Address of something as literal. Usually Building, but we also use it for the address of a Region's or Settlement's government

条目2：
- 名称：Place
- 类型：Class
- 简介：place",1,Doubao-pro-128k,0.0,8192,https://api2.aigcbest.top/v1,"判断结果：[正确]
解释：背景知识表明address属性用于描述某物地址，Place类表示地点，从常识看地址通常与地点相关，该公理符合属性主体与类的对应关系。",1.0,1.0,
sample_0141,domain,domain(administrativeDistrict) = EducationalInstitution,"背景知识：
条目1：
- 名称：administrativeDistrict
- 类型：Property
- 简介：administrative district

条目2：
- 名称：EducationalInstitution
- 类型：Class
- 简介：educational institution",0,Doubao-pro-128k,0.0,8192,https://api2.aigcbest.top/v1,"判断结果：[错误]
解释：背景知识中未表明“administrativeDistrict”属性的主体应属于“EducationalInstitution”类，且从常识看行政区域属性与教育机构类无此必然主体对应关系，与语义规则冲突。",0.0,1.0,
sample_0142,domain,The domain of administrativeDistrict is EducationalInstitution.,"背景知识：
条目1：
- 名称：administrativeDistrict
- 类型：Property
- 简介：administrative district

条目2：
- 名称：EducationalInstitution
- 类型：Class
- 简介：educational institution",0,Doubao-pro-128k,0.0,8192,https://api2.aigcbest.top/v1,"判断结果：[错误]
解释：背景知识表明administrativeDistrict是属性，EducationalInstitution是类，常识中行政区属性的主体通常不是教育机构，该公理中属性的主体与常识的语义关系冲突。",0.0,1.0,
sample_0143,domain,"If a resource uses property administrativeDistrict as subject, then it should belong to class EducationalInstitution.","背景知识：
条目1：
- 名称：administrativeDistrict
- 类型：Property
- 简介：administrative district

条目2：
- 名称：EducationalInstitution
- 类型：Class
- 简介：educational institution",0,Doubao-pro-128k,0.0,8192,https://api2.aigcbest.top/v1,"判断结果：[错误]
解释：背景知识未表明使用属性administrativeDistrict的主体应属于EducationalInstitution类，该公理与背景知识无对应关系，不符合语义规则。",0.0,1.0,
sample_0144,domain,"For any x and y, if x administrativeDistrict y holds, then x is an instance of EducationalInstitution.","背景知识：
条目1：
- 名称：administrativeDistrict
- 类型：Property
- 简介：administrative district

条目2：
- 名称：EducationalInstitution
- 类型：Class
- 简介：educational institution",0,Doubao-pro-128k,0.0,8192,https://api2.aigcbest.top/v1,"判断结果：[错误]
解释：背景知识未表明行政区域属性的主体与教育机构类存在必然联系，该公理不符合语义规则。",0.0,1.0,
sample_0145,domain,Property administrativeDistrict can only be applied to subjects of class EducationalInstitution.,"背景知识：
条目1：
- 名称：administrativeDistrict
- 类型：Property
- 简介：administrative district

条目2：
- 名称：EducationalInstitution
- 类型：Class
- 简介：educational institution",0,Doubao-pro-128k,0.0,8192,https://api2.aigcbest.top/v1,"判断结果：[错误]
解释：背景知识未表明administrativeDistrict属性只能应用于EducationalInstitution类的主体，无依据支持该公理，与语义规则存在冲突。",0.0,1.0,
sample_0146,domain,domain(agency) = BaseballPlayer,"背景知识：
条目1：
- 名称：agency
- 类型：Property
- 简介：agency

条目2：
- 名称：BaseballPlayer
- 类型：Class
- 简介：baseball player",0,Doubao-pro-128k,0.0,8192,https://api2.aigcbest.top/v1,"判断结果：[正确]
解释：公理表明属性“agency”的主体应属于“BaseballPlayer”类，背景知识中存在“agency”属性和“BaseballPlayer”类，此公理符合RDFS中“domain”的语义规则，不存在明显冲突。",1.0,0.0,
sample_0147,domain,The domain of agency is BaseballPlayer.,"背景知识：
条目1：
- 名称：agency
- 类型：Property
- 简介：agency

条目2：
- 名称：BaseballPlayer
- 类型：Class
- 简介：baseball player",0,Doubao-pro-128k,0.0,8192,https://api2.aigcbest.top/v1,"判断结果：[正确]
解释：公理表明属性agency的主体应属于BaseballPlayer类，背景知识中存在agency属性和BaseballPlayer类，该公理符合RDFS中domain的语义规则，不存在冲突。",1.0,0.0,
sample_0148,domain,"If a resource uses property agency as subject, then it should belong to class BaseballPlayer.","背景知识：
条目1：
- 名称：agency
- 类型：Property
- 简介：agency

条目2：
- 名称：BaseballPlayer
- 类型：Class
- 简介：baseball player",0,Doubao-pro-128k,0.0,8192,https://api2.aigcbest.top/v1,"判断结果：[错误]
解释：背景知识未表明使用属性agency的主体应属于BaseballPlayer类，无依据支持该公理，不符合RDFS语义规则。",0.0,1.0,
sample_0149,domain,"For any x and y, if x agency y holds, then x is an instance of BaseballPlayer.","背景知识：
条目1：
- 名称：agency
- 类型：Property
- 简介：agency

条目2：
- 名称：BaseballPlayer
- 类型：Class
- 简介：baseball player",0,Doubao-pro-128k,0.0,8192,https://api2.aigcbest.top/v1,"判断结果：[错误]
解释：背景知识未表明“agency”属性的主体一定是“BaseballPlayer”类的实例，该公理无依据，与背景知识和语义规则冲突。",0.0,1.0,
sample_0150,domain,Property agency can only be applied to subjects of class BaseballPlayer.,"背景知识：
条目1：
- 名称：agency
- 类型：Property
- 简介：agency

条目2：
- 名称：BaseballPlayer
- 类型：Class
- 简介：baseball player",0,Doubao-pro-128k,0.0,8192,https://api2.aigcbest.top/v1,"判断结果：[无法判断]
解释：背景知识仅表明了agency是属性、BaseballPlayer是类，未提供关于agency属性主体所属类的信息，无法依据现有信息判断该公理是否合理。",,,
sample_0151,domain,domain(alliance) = BaseballPlayer,"背景知识：
条目1：
- 名称：alliance
- 类型：Property
- 简介：alliance

条目2：
- 名称：BaseballPlayer
- 类型：Class
- 简介：baseball player",0,Doubao-pro-128k,0.0,8192,https://api2.aigcbest.top/v1,"判断结果：[错误]
解释：背景知识未表明alliance属性的主体应属于BaseballPlayer类，仅定义了alliance为属性、BaseballPlayer为类，无法得出此domain关系，与语义规则冲突。",0.0,1.0,
sample_0152,domain,The domain of alliance is BaseballPlayer.,"背景知识：
条目1：
- 名称：alliance
- 类型：Property
- 简介：alliance

条目2：
- 名称：BaseballPlayer
- 类型：Class
- 简介：baseball player",0,Doubao-pro-128k,0.0,8192,https://api2.aigcbest.top/v1,"判断结果：[错误]
解释：背景知识未表明“alliance”属性的主体应属于“BaseballPlayer”类，仅定义了“alliance”为属性、“BaseballPlayer”为类，无法得出该属性的定义域是“BaseballPlayer”，与语义规则冲突。",0.0,1.0,
sample_0153,domain,"If a resource uses property alliance as subject, then it should belong to class BaseballPlayer.","背景知识：
条目1：
- 名称：alliance
- 类型：Property
- 简介：alliance

条目2：
- 名称：BaseballPlayer
- 类型：Class
- 简介：baseball player",0,Doubao-pro-128k,0.0,8192,https://api2.aigcbest.top/v1,"判断结果：[错误]
解释：背景知识仅表明alliance是属性，BaseballPlayer是类，未给出使用alliance作为主体的资源应属于BaseballPlayer类的信息，该公理无依据。",0.0,1.0,
sample_0154,domain,"For any x and y, if x alliance y holds, then x is an instance of BaseballPlayer.","背景知识：
条目1：
- 名称：alliance
- 类型：Property
- 简介：alliance

条目2：
- 名称：BaseballPlayer
- 类型：Class
- 简介：baseball player",0,Doubao-pro-128k,0.0,8192,https://api2.aigcbest.top/v1,"判断结果：[错误]
解释：背景知识未表明alliance属性的主体必须是BaseballPlayer类的实例，此公理无依据，与背景知识冲突。",0.0,1.0,
sample_0155,domain,Property alliance can only be applied to subjects of class BaseballPlayer.,"背景知识：
条目1：
- 名称：alliance
- 类型：Property
- 简介：alliance

条目2：
- 名称：BaseballPlayer
- 类型：Class
- 简介：baseball player",0,Doubao-pro-128k,0.0,8192,https://api2.aigcbest.top/v1,"判断结果：[错误]
解释：背景知识中未表明“alliance”属性只能应用于“BaseballPlayer”类的主体，该公理与背景知识存在冲突。",0.0,1.0,
sample_0156,domain,domain(aoCloassification) = SpaceMission,"背景知识：
条目1：
- 名称：aoCloassification
- 类型：Property
- 简介：AO

条目2：
- 名称：SpaceMission
- 类型：Class
- 简介：space mission",0,Doubao-pro-128k,0.0,8192,https://api2.aigcbest.top/v1,"判断结果：[无法判断]
解释：背景知识仅表明aoCloassification是属性、SpaceMission是类，无足够信息判断aoCloassification属性的主体是否应属于SpaceMission类。",,,
sample_0157,domain,The domain of aoCloassification is SpaceMission.,"背景知识：
条目1：
- 名称：aoCloassification
- 类型：Property
- 简介：AO

条目2：
- 名称：SpaceMission
- 类型：Class
- 简介：space mission",0,Doubao-pro-128k,0.0,8192,https://api2.aigcbest.top/v1,"判断结果：[正确]
解释：公理表明aoCloassification属性的主体应属于SpaceMission类，背景知识中aoCloassification是属性，SpaceMission是类，此公理符合RDFS中domain的语义规则，不存在冲突。",1.0,0.0,
sample_0158,domain,"If a resource uses property aoCloassification as subject, then it should belong to class SpaceMission.","背景知识：
条目1：
- 名称：aoCloassification
- 类型：Property
- 简介：AO

条目2：
- 名称：SpaceMission
- 类型：Class
- 简介：space mission",0,Doubao-pro-128k,0.0,8192,https://api2.aigcbest.top/v1,"判断结果：[错误]
解释：背景知识仅表明aoCloassification是属性、SpaceMission是类，未给出使用aoCloassification作为主体的资源应属于SpaceMission类的依据，无法得出此结论。",0.0,1.0,
sample_0159,domain,"For any x and y, if x aoCloassification y holds, then x is an instance of SpaceMission.","背景知识：
条目1：
- 名称：aoCloassification
- 类型：Property
- 简介：AO

条目2：
- 名称：SpaceMission
- 类型：Class
- 简介：space mission",0,Doubao-pro-128k,0.0,8192,https://api2.aigcbest.top/v1,"判断结果：[错误]
解释：背景知识仅表明aoCloassification是属性、SpaceMission是类，未给出二者关联，不能得出若x aoCloassification y成立则x是SpaceMission实例的结论，与语义规则冲突。",0.0,1.0,
sample_0160,domain,Property aoCloassification can only be applied to subjects of class SpaceMission.,"背景知识：
条目1：
- 名称：aoCloassification
- 类型：Property
- 简介：AO

条目2：
- 名称：SpaceMission
- 类型：Class
- 简介：space mission",0,Doubao-pro-128k,0.0,8192,https://api2.aigcbest.top/v1,"判断结果：[正确]
解释：公理表明属性aoCloassification的主体应属于类SpaceMission，背景知识虽未直接体现此关系，但不冲突，符合RDFS中domain语义规则。",1.0,0.0,
sample_0161,domain,domain(apoapsis) = Ship,"背景知识：
条目1：
- 名称：apoapsis
- 类型：Property
- 简介：apoapsis (km)

条目2：
- 名称：Ship
- 类型：Class
- 简介：ship",0,Doubao-pro-128k,0.0,8192,https://api2.aigcbest.top/v1,"判断结果：[错误]
解释：背景知识中“apoapsis”指的是远地点距离（km），常识上该属性的主体并非“Ship”（船），与语义规则和常识冲突。",0.0,1.0,
sample_0162,domain,The domain of apoapsis is Ship.,"背景知识：
条目1：
- 名称：apoapsis
- 类型：Property
- 简介：apoapsis (km)

条目2：
- 名称：Ship
- 类型：Class
- 简介：ship",0,Doubao-pro-128k,0.0,8192,https://api2.aigcbest.top/v1,"判断结果：[错误]
解释：背景知识中仅表明apoapsis是属性，Ship是类，未体现apoapsis的主体应属于Ship类，且从常识看apoapsis一般指远心点，与Ship无必然主体关系，该公理与背景知识和语义规则冲突。",0.0,1.0,
sample_0163,domain,"If a resource uses property apoapsis as subject, then it should belong to class Ship.","背景知识：
条目1：
- 名称：apoapsis
- 类型：Property
- 简介：apoapsis (km)

条目2：
- 名称：Ship
- 类型：Class
- 简介：ship",0,Doubao-pro-128k,0.0,8192,https://api2.aigcbest.top/v1,"判断结果：[错误]
解释：背景知识仅提及apoapsis是属性、Ship是类，未表明使用apoapsis作为主体的资源就应属于Ship类，该公理缺乏依据。",0.0,1.0,
sample_0164,domain,"For any x and y, if x apoapsis y holds, then x is an instance of Ship.","背景知识：
条目1：
- 名称：apoapsis
- 类型：Property
- 简介：apoapsis (km)

条目2：
- 名称：Ship
- 类型：Class
- 简介：ship",0,Doubao-pro-128k,0.0,8192,https://api2.aigcbest.top/v1,"判断结果：[无法判断]
解释：背景知识仅给出apoapsis为属性、Ship为类，未提供apoapsis属性主体与Ship类之间的关系信息，无法依据现有信息判断公理是否合理。",,,
sample_0165,domain,Property apoapsis can only be applied to subjects of class Ship.,"背景知识：
条目1：
- 名称：apoapsis
- 类型：Property
- 简介：apoapsis (km)

条目2：
- 名称：Ship
- 类型：Class
- 简介：ship",0,Doubao-pro-128k,0.0,8192,https://api2.aigcbest.top/v1,"判断结果：[错误]
解释：背景知识未表明属性apoapsis的主体只能是Ship类，仅根据现有信息无法得出该约束关系，与语义规则中需有明确依据来确定属性主体类别的要求冲突。",0.0,1.0,
sample_0166,domain,domain(archipelago) = School,"背景知识：
条目1：
- 名称：archipelago
- 类型：Property
- 简介：archipelago

条目2：
- 名称：School
- 类型：Class
- 简介：school",0,Doubao-pro-128k,0.0,8192,https://api2.aigcbest.top/v1,"判断结果：[错误]
解释：背景知识中archipelago是属性，School是类，从常识看“archipelago”属性的主体通常不会是“School”类，该公理与常识冲突。",0.0,1.0,
sample_0167,domain,The domain of archipelago is School.,"背景知识：
条目1：
- 名称：archipelago
- 类型：Property
- 简介：archipelago

条目2：
- 名称：School
- 类型：Class
- 简介：school",0,Doubao-pro-128k,0.0,8192,https://api2.aigcbest.top/v1,"判断结果：[错误]
解释：背景知识中“archipelago”是属性，“School”是类，从常识看“archipelago”（群岛）属性的主体通常不是“School”（学校），此公理与常识冲突，所以不合理。",0.0,1.0,
sample_0168,domain,"If a resource uses property archipelago as subject, then it should belong to class School.","背景知识：
条目1：
- 名称：archipelago
- 类型：Property
- 简介：archipelago

条目2：
- 名称：School
- 类型：Class
- 简介：school",0,Doubao-pro-128k,0.0,8192,https://api2.aigcbest.top/v1,"判断结果：[错误]
解释：背景知识表明archipelago是属性，School是类，公理中说使用archipelago作为主体的资源应属于School类，这不符合属性和类的语义关系，属性不能作为主体，所以该公理错误。",0.0,1.0,
sample_0169,domain,"For any x and y, if x archipelago y holds, then x is an instance of School.","背景知识：
条目1：
- 名称：archipelago
- 类型：Property
- 简介：archipelago

条目2：
- 名称：School
- 类型：Class
- 简介：school",0,Doubao-pro-128k,0.0,8192,https://api2.aigcbest.top/v1,"判断结果：[错误]
解释：背景知识中未表明属性archipelago的domain是School类，仅根据给定公理不能得出属性archipelago主体是School类的实例，与语义规则存在冲突。",0.0,1.0,
sample_0170,domain,Property archipelago can only be applied to subjects of class School.,"背景知识：
条目1：
- 名称：archipelago
- 类型：Property
- 简介：archipelago

条目2：
- 名称：School
- 类型：Class
- 简介：school",0,Doubao-pro-128k,0.0,8192,https://api2.aigcbest.top/v1,"判断结果：[错误]
解释：背景知识中未表明“archipelago”属性与“School”类有主体关联，且从常识看“archipelago”（群岛）属性通常不应用于“School”类主体，与语义规则和常识冲突。",0.0,1.0,
sample_0171,domain,domain(architect) = Ship,"背景知识：
条目1：
- 名称：architect
- 类型：Property
- 简介：architect

条目2：
- 名称：Ship
- 类型：Class
- 简介：ship",0,Doubao-pro-128k,0.0,8192,https://api2.aigcbest.top/v1,"判断结果：[错误]
解释：背景知识中architect是属性，Ship是类，公理中规定architect属性的主体应属于Ship类，从常识来讲建筑师通常不是主体为船，与常识不符，所以该公理错误。",0.0,1.0,
sample_0172,domain,The domain of architect is Ship.,"背景知识：
条目1：
- 名称：architect
- 类型：Property
- 简介：architect

条目2：
- 名称：Ship
- 类型：Class
- 简介：ship",0,Doubao-pro-128k,0.0,8192,https://api2.aigcbest.top/v1,"判断结果：[错误]
解释：背景知识中“architect”是属性，“Ship”是类，从常识看建筑师的主体通常是人而非船，该公理中“architect”的定义域为“Ship”与常识冲突。",0.0,1.0,
sample_0173,domain,"If a resource uses property architect as subject, then it should belong to class Ship.","背景知识：
条目1：
- 名称：architect
- 类型：Property
- 简介：architect

条目2：
- 名称：Ship
- 类型：Class
- 简介：ship",0,Doubao-pro-128k,0.0,8192,https://api2.aigcbest.top/v1,"判断结果：[错误]
解释：背景知识仅表明architect是属性、Ship是类，无依据表明使用architect作为主体的资源应属于Ship类，与背景知识和语义规则冲突。",0.0,1.0,
sample_0174,domain,"For any x and y, if x architect y holds, then x is an instance of Ship.","背景知识：
条目1：
- 名称：architect
- 类型：Property
- 简介：architect

条目2：
- 名称：Ship
- 类型：Class
- 简介：ship",0,Doubao-pro-128k,0.0,8192,https://api2.aigcbest.top/v1,"判断结果：[错误]
解释：背景知识仅表明architect是属性、Ship是类，公理中规定architect关系中主体x是Ship的实例，缺乏背景知识支撑且无对应语义规则支持，与背景知识和语义规则存在冲突。",0.0,1.0,
sample_0175,domain,Property architect can only be applied to subjects of class Ship.,"背景知识：
条目1：
- 名称：architect
- 类型：Property
- 简介：architect

条目2：
- 名称：Ship
- 类型：Class
- 简介：ship",0,Doubao-pro-128k,0.0,8192,https://api2.aigcbest.top/v1,"判断结果：[正确]
解释：公理表明属性architect的主体应属于类Ship，背景知识中存在属性architect和类Ship，此公理符合RDFS中domain的语义规则，不存在冲突。",1.0,0.0,
sample_0176,domain,domain(areaLand) = Island,"背景知识：
条目1：
- 名称：areaLand
- 类型：Property
- 简介：area land (m2)

条目2：
- 名称：Island
- 类型：Class
- 简介：island",0,Doubao-pro-128k,0.0,8192,https://api2.aigcbest.top/v1,"判断结果：[错误]
解释：背景知识仅表明areaLand是属性、Island是类，未表明areaLand这一属性的主体应属于Island类，此公理缺乏依据，与背景知识冲突。",0.0,1.0,
sample_0177,domain,The domain of areaLand is Island.,"背景知识：
条目1：
- 名称：areaLand
- 类型：Property
- 简介：area land (m2)

条目2：
- 名称：Island
- 类型：Class
- 简介：island",0,Doubao-pro-128k,0.0,8192,https://api2.aigcbest.top/v1,"判断结果：[错误]
解释：背景知识中未表明areaLand属性的主体只能是Island类，仅从常识看土地面积属性的主体不局限于岛屿，该公理与语义规则和常识存在冲突。",0.0,1.0,
sample_0178,domain,"If a resource uses property areaLand as subject, then it should belong to class Island.","背景知识：
条目1：
- 名称：areaLand
- 类型：Property
- 简介：area land (m2)

条目2：
- 名称：Island
- 类型：Class
- 简介：island",0,Doubao-pro-128k,0.0,8192,https://api2.aigcbest.top/v1,"判断结果：[错误]
解释：背景知识仅表明有areaLand属性和Island类，但不能得出使用areaLand属性的资源就一定属于Island类，该公理与语义规则存在冲突。",0.0,1.0,
sample_0179,domain,"For any x and y, if x areaLand y holds, then x is an instance of Island.","背景知识：
条目1：
- 名称：areaLand
- 类型：Property
- 简介：area land (m2)

条目2：
- 名称：Island
- 类型：Class
- 简介：island",0,Doubao-pro-128k,0.0,8192,https://api2.aigcbest.top/v1,"判断结果：[错误]
解释：背景知识仅表明areaLand是属性、Island是类，公理规定有areaLand关系的主体必须是Island的实例缺乏依据，与背景知识和语义规则冲突。",0.0,1.0,
sample_0180,domain,Property areaLand can only be applied to subjects of class Island.,"背景知识：
条目1：
- 名称：areaLand
- 类型：Property
- 简介：area land (m2)

条目2：
- 名称：Island
- 类型：Class
- 简介：island",0,Doubao-pro-128k,0.0,8192,https://api2.aigcbest.top/v1,"判断结果：[错误]
解释：背景知识未表明areaLand属性只能应用于Island类的主体，此公理与背景知识冲突。",0.0,1.0,
sample_0181,domain,domain(argueDate) = PowerStation,"背景知识：
条目1：
- 名称：argueDate
- 类型：Property
- 简介：argue date

条目2：
- 名称：PowerStation
- 类型：Class
- 简介：power station",0,Doubao-pro-128k,0.0,8192,https://api2.aigcbest.top/v1,"判断结果：[错误]
解释：背景知识中“argueDate”是表示争论日期的属性，“PowerStation”是电站类，从常识看争论日期属性的主体不属于电站类，与语义规则冲突。",0.0,1.0,
sample_0182,domain,The domain of argueDate is PowerStation.,"背景知识：
条目1：
- 名称：argueDate
- 类型：Property
- 简介：argue date

条目2：
- 名称：PowerStation
- 类型：Class
- 简介：power station",0,Doubao-pro-128k,0.0,8192,https://api2.aigcbest.top/v1,"判断结果：[错误]
解释：背景知识中“argueDate”是表示争论日期的属性，常识上争论日期的主体与“PowerStation”（发电站）并无直接关联，不符合语义规则，所以该公理错误。",0.0,1.0,
sample_0183,domain,"If a resource uses property argueDate as subject, then it should belong to class PowerStation.","背景知识：
条目1：
- 名称：argueDate
- 类型：Property
- 简介：argue date

条目2：
- 名称：PowerStation
- 类型：Class
- 简介：power station",0,Doubao-pro-128k,0.0,8192,https://api2.aigcbest.top/v1,"判断结果：[错误]
解释：背景知识中未表明使用argueDate属性的主体应属于PowerStation类，该公理无依据，与背景知识冲突。",0.0,1.0,
sample_0184,domain,"For any x and y, if x argueDate y holds, then x is an instance of PowerStation.","背景知识：
条目1：
- 名称：argueDate
- 类型：Property
- 简介：argue date

条目2：
- 名称：PowerStation
- 类型：Class
- 简介：power station",0,Doubao-pro-128k,0.0,8192,https://api2.aigcbest.top/v1,"判断结果：[错误]
解释：背景知识中未表明argueDate属性的主体必须是PowerStation的实例，该公理与背景知识冲突。",0.0,1.0,
sample_0185,domain,Property argueDate can only be applied to subjects of class PowerStation.,"背景知识：
条目1：
- 名称：argueDate
- 类型：Property
- 简介：argue date

条目2：
- 名称：PowerStation
- 类型：Class
- 简介：power station",0,Doubao-pro-128k,0.0,8192,https://api2.aigcbest.top/v1,"判断结果：[错误]
解释：背景知识中未表明argueDate属性与PowerStation类存在主体所属关系，该公理缺乏依据，与背景知识冲突。",0.0,1.0,
sample_0186,domain,domain(associatedRocket) = Saint,"背景知识：
条目1：
- 名称：associatedRocket
- 类型：Property
- 简介：associated rocket

条目2：
- 名称：Saint
- 类型：Class
- 简介：saint",0,Doubao-pro-128k,0.0,8192,https://api2.aigcbest.top/v1,"判断结果：[错误]
解释：背景知识中“associatedRocket”是表示关联火箭的属性，“Saint”是表示圣人的类，从常识来看火箭关联的主体通常不是圣人，该公理违背常识且无背景知识支持，与语义规则存在冲突。",0.0,1.0,
sample_0187,domain,The domain of associatedRocket is Saint.,"背景知识：
条目1：
- 名称：associatedRocket
- 类型：Property
- 简介：associated rocket

条目2：
- 名称：Saint
- 类型：Class
- 简介：saint",0,Doubao-pro-128k,0.0,8192,https://api2.aigcbest.top/v1,"判断结果：[错误]
解释：背景知识中未体现出“associatedRocket”属性的主体应属于“Saint”类的关联信息，从常识看火箭与圣人并无直接主体客体关系，该公理与常识和背景知识冲突。",0.0,1.0,
sample_0188,domain,"If a resource uses property associatedRocket as subject, then it should belong to class Saint.","背景知识：
条目1：
- 名称：associatedRocket
- 类型：Property
- 简介：associated rocket

条目2：
- 名称：Saint
- 类型：Class
- 简介：saint",0,Doubao-pro-128k,0.0,8192,https://api2.aigcbest.top/v1,"判断结果：[错误]
解释：背景知识未表明使用属性associatedRocket的主体应属于类Saint，该公理缺乏依据与背景知识冲突。",0.0,1.0,
sample_0189,domain,"For any x and y, if x associatedRocket y holds, then x is an instance of Saint.","背景知识：
条目1：
- 名称：associatedRocket
- 类型：Property
- 简介：associated rocket

条目2：
- 名称：Saint
- 类型：Class
- 简介：saint",0,Doubao-pro-128k,0.0,8192,https://api2.aigcbest.top/v1,"判断结果：[错误]
解释：背景知识未表明“associatedRocket”属性的主体应属于“Saint”类，该公理与背景知识冲突。",0.0,1.0,
sample_0190,domain,Property associatedRocket can only be applied to subjects of class Saint.,"背景知识：
条目1：
- 名称：associatedRocket
- 类型：Property
- 简介：associated rocket

条目2：
- 名称：Saint
- 类型：Class
- 简介：saint",0,Doubao-pro-128k,0.0,8192,https://api2.aigcbest.top/v1,"判断结果：[错误]
解释：背景知识中未表明属性associatedRocket与类Saint存在主体对应关系，该公理缺乏依据，与背景知识冲突。",0.0,1.0,
sample_0191,domain,domain(decideDate) = PowerStation,"背景知识：
条目1：
- 名称：decideDate
- 类型：Property
- 简介：decide date

条目2：
- 名称：PowerStation
- 类型：Class
- 简介：power station",0,Doubao-pro-128k,0.0,8192,https://api2.aigcbest.top/v1,"判断结果：[错误]
解释：背景知识中未表明属性decideDate与类PowerStation存在主体属于该类的关系，此公理缺乏依据。",0.0,1.0,
sample_0192,domain,The domain of decideDate is PowerStation.,"背景知识：
条目1：
- 名称：decideDate
- 类型：Property
- 简介：decide date

条目2：
- 名称：PowerStation
- 类型：Class
- 简介：power station",0,Doubao-pro-128k,0.0,8192,https://api2.aigcbest.top/v1,"判断结果：[错误]
解释：背景知识未表明属性decideDate和类PowerStation存在主体客体的语义关系，“decideDate的主体是PowerStation”缺乏依据，与背景知识冲突。",0.0,1.0,
sample_0193,domain,"If a resource uses property decideDate as subject, then it should belong to class PowerStation.","背景知识：
条目1：
- 名称：decideDate
- 类型：Property
- 简介：decide date

条目2：
- 名称：PowerStation
- 类型：Class
- 简介：power station",0,Doubao-pro-128k,0.0,8192,https://api2.aigcbest.top/v1,"判断结果：[错误]
解释：背景知识未表明使用属性decideDate的主体应属于PowerStation类，该公理缺乏依据，与背景知识冲突。",0.0,1.0,
sample_0194,domain,"For any x and y, if x decideDate y holds, then x is an instance of PowerStation.","背景知识：
条目1：
- 名称：decideDate
- 类型：Property
- 简介：decide date

条目2：
- 名称：PowerStation
- 类型：Class
- 简介：power station",0,Doubao-pro-128k,0.0,8192,https://api2.aigcbest.top/v1,"判断结果：[错误]
解释：背景知识仅表明decideDate是属性，PowerStation是类，未表明decideDate属性的主体一定是PowerStation的实例，该公理无依据。",0.0,1.0,
sample_0195,domain,Property decideDate can only be applied to subjects of class PowerStation.,"背景知识：
条目1：
- 名称：decideDate
- 类型：Property
- 简介：decide date

条目2：
- 名称：PowerStation
- 类型：Class
- 简介：power station",0,Doubao-pro-128k,0.0,8192,https://api2.aigcbest.top/v1,"判断结果：[正确]
解释：公理表明属性decideDate的主体应属于类PowerStation，与RDFS中domain语义规则相符，且不与背景知识冲突。",1.0,0.0,
sample_0196,domain,domain(density) = Infrastructure,"背景知识：
条目1：
- 名称：density
- 类型：Property
- 简介：density (μ3)

条目2：
- 名称：Infrastructure
- 类型：Class
- 简介：infrastructure",0,Doubao-pro-128k,0.0,8192,https://api2.aigcbest.top/v1,"判断结果：[正确]
解释：公理表明属性density的主体应属于Infrastructure类，背景知识中density为属性、Infrastructure为类，此语义关系符合RDFS中domain的语义规则，不存在与背景知识或语义规则的明显冲突。",1.0,0.0,
sample_0197,domain,The domain of density is Infrastructure.,"背景知识：
条目1：
- 名称：density
- 类型：Property
- 简介：density (μ3)

条目2：
- 名称：Infrastructure
- 类型：Class
- 简介：infrastructure",0,Doubao-pro-128k,0.0,8192,https://api2.aigcbest.top/v1,"判断结果：[正确]
解释：公理表明属性density的主体应属于Infrastructure类，背景知识中存在density属性和Infrastructure类，从语义规则看此公理符合domain的定义，不存在冲突。",1.0,0.0,
sample_0198,domain,"If a resource uses property density as subject, then it should belong to class Infrastructure.","背景知识：
条目1：
- 名称：density
- 类型：Property
- 简介：density (μ3)

条目2：
- 名称：Infrastructure
- 类型：Class
- 简介：infrastructure",0,Doubao-pro-128k,0.0,8192,https://api2.aigcbest.top/v1,"判断结果：[无法判断]
解释：背景知识仅给出了density是属性、Infrastructure是类，未提供使用density作为主体的资源与Infrastructure类之间关系的信息，无法依据现有背景知识和语义规则判断该公理是否合理。",,,
sample_0199,domain,"For any x and y, if x density y holds, then x is an instance of Infrastructure.","背景知识：
条目1：
- 名称：density
- 类型：Property
- 简介：density (μ3)

条目2：
- 名称：Infrastructure
- 类型：Class
- 简介：infrastructure",0,Doubao-pro-128k,0.0,8192,https://api2.aigcbest.top/v1,"判断结果：[无法判断]
解释：背景知识仅表明density是属性、Infrastructure是类，未给出density属性与Infrastructure类之间的关系，无法依据现有信息判断公理是否合理。",,,
sample_0200,domain,Property density can only be applied to subjects of class Infrastructure.,"背景知识：
条目1：
- 名称：density
- 类型：Property
- 简介：density (μ3)

条目2：
- 名称：Infrastructure
- 类型：Class
- 简介：infrastructure",0,Doubao-pro-128k,0.0,8192,https://api2.aigcbest.top/v1,"判断结果：[无法判断]
解释：背景知识仅给出了属性density和类Infrastructure的基本信息，未提供足够信息判断属性density是否只能应用于类Infrastructure的主体。",,,
sample_0201,domain,domain(diameter) = Automobile,"背景知识：
条目1：
- 名称：diameter
- 类型：Property
- 简介：diameter (mm)

条目2：
- 名称：Automobile
- 类型：Class
- 简介：automobile",0,Doubao-pro-128k,0.0,8192,https://api2.aigcbest.top/v1,"判断结果：[错误]
解释：背景知识未表明属性diameter的主体应属于Automobile类，仅从给定信息不能得出此domain关系，所以该公理错误。",0.0,1.0,
sample_0202,domain,The domain of diameter is Automobile.,"背景知识：
条目1：
- 名称：diameter
- 类型：Property
- 简介：diameter (mm)

条目2：
- 名称：Automobile
- 类型：Class
- 简介：automobile",0,Doubao-pro-128k,0.0,8192,https://api2.aigcbest.top/v1,"判断结果：[错误]
解释：背景知识仅提及diameter和Automobile，从常识看直径属性并非仅适用于汽车，该公理违背语义规则中domain对属性主体类的合理限定。",0.0,1.0,
sample_0203,domain,"If a resource uses property diameter as subject, then it should belong to class Automobile.","背景知识：
条目1：
- 名称：diameter
- 类型：Property
- 简介：diameter (mm)

条目2：
- 名称：Automobile
- 类型：Class
- 简介：automobile",0,Doubao-pro-128k,0.0,8192,https://api2.aigcbest.top/v1,"判断结果：[错误]
解释：背景知识仅表明diameter是属性、Automobile是类，未表明使用diameter作为主体的资源应属于Automobile类，此公理缺乏依据与背景知识冲突。",0.0,1.0,
sample_0204,domain,"For any x and y, if x diameter y holds, then x is an instance of Automobile.","背景知识：
条目1：
- 名称：diameter
- 类型：Property
- 简介：diameter (mm)

条目2：
- 名称：Automobile
- 类型：Class
- 简介：automobile",0,Doubao-pro-128k,0.0,8192,https://api2.aigcbest.top/v1,"判断结果：[错误]
解释：背景知识仅表明“diameter”是属性、“Automobile”是类，未表明“diameter”属性主体一定是“Automobile”的实例，公理与背景知识无对应支撑，不合理。",0.0,1.0,
sample_0205,domain,Property diameter can only be applied to subjects of class Automobile.,"背景知识：
条目1：
- 名称：diameter
- 类型：Property
- 简介：diameter (mm)

条目2：
- 名称：Automobile
- 类型：Class
- 简介：automobile",0,Doubao-pro-128k,0.0,8192,https://api2.aigcbest.top/v1,"判断结果：[错误]
解释：背景知识未表明属性diameter只能应用于Automobile类的主体，仅从属性名称“diameter”来看，它可能用于很多有直径属性的事物，并非只能用于Automobile类，与语义规则中合理的属性应用范围不符。",0.0,1.0,
sample_0206,domain,domain(firstLaunchDate) = Drug,"背景知识：
条目1：
- 名称：firstLaunchDate
- 类型：Property
- 简介：first launch date

条目2：
- 名称：Drug
- 类型：Class
- 简介：drug",0,Doubao-pro-128k,0.0,8192,https://api2.aigcbest.top/v1,"判断结果：[错误]
解释：背景知识中“firstLaunchDate”是属性，“Drug”是类，从常识看“firstLaunchDate”的主体通常不是“Drug”，该公理与常识冲突。",0.0,1.0,
sample_0207,domain,The domain of firstLaunchDate is Drug.,"背景知识：
条目1：
- 名称：firstLaunchDate
- 类型：Property
- 简介：first launch date

条目2：
- 名称：Drug
- 类型：Class
- 简介：drug",0,Doubao-pro-128k,0.0,8192,https://api2.aigcbest.top/v1,"判断结果：[正确]
解释：公理表明属性firstLaunchDate的主体应属于Drug类，结合背景知识，从常识看药物有首次发布日期，符合语义规则。",1.0,0.0,
sample_0208,domain,"If a resource uses property firstLaunchDate as subject, then it should belong to class Drug.","背景知识：
条目1：
- 名称：firstLaunchDate
- 类型：Property
- 简介：first launch date

条目2：
- 名称：Drug
- 类型：Class
- 简介：drug",0,Doubao-pro-128k,0.0,8192,https://api2.aigcbest.top/v1,"判断结果：[正确]
解释：公理表明使用属性firstLaunchDate作为主体的资源应属于类Drug，结合背景知识，从语义规则看，这符合domain公理描述属性主体所属类的规则，不存在冲突。",1.0,0.0,
sample_0209,domain,"For any x and y, if x firstLaunchDate y holds, then x is an instance of Drug.","背景知识：
条目1：
- 名称：firstLaunchDate
- 类型：Property
- 简介：first launch date

条目2：
- 名称：Drug
- 类型：Class
- 简介：drug",0,Doubao-pro-128k,0.0,8192,https://api2.aigcbest.top/v1,"判断结果：[正确]
解释：公理表明若x具有firstLaunchDate属性指向y，则x是Drug的实例，背景知识虽未直接关联，但从语义上firstLaunchDate可作为Drug的属性，符合domain语义规则。",1.0,0.0,
sample_0210,domain,Property firstLaunchDate can only be applied to subjects of class Drug.,"背景知识：
条目1：
- 名称：firstLaunchDate
- 类型：Property
- 简介：first launch date

条目2：
- 名称：Drug
- 类型：Class
- 简介：drug",0,Doubao-pro-128k,0.0,8192,https://api2.aigcbest.top/v1,"判断结果：[正确]
解释：公理表明属性firstLaunchDate的主体应属于类Drug，符合RDFS中domain的语义规则，且与背景知识不冲突。",1.0,0.0,
sample_0211,domain,domain(firstLaunchRocket) = LaunchPad,"背景知识：
条目1：
- 名称：firstLaunchRocket
- 类型：Property
- 简介：first launch rocket

条目2：
- 名称：LaunchPad
- 类型：Class
- 简介：launch pad",1,Doubao-pro-128k,0.0,8192,https://api2.aigcbest.top/v1,"判断结果：[错误]
解释：背景知识中仅表明firstLaunchRocket是属性、LaunchPad是类，从常识和语义规则来看，“首次发射火箭”这一属性的主体通常不是发射台，该公理与常识和语义规则冲突。",0.0,0.0,
sample_0212,domain,The domain of firstLaunchRocket is LaunchPad.,"背景知识：
条目1：
- 名称：firstLaunchRocket
- 类型：Property
- 简介：first launch rocket

条目2：
- 名称：LaunchPad
- 类型：Class
- 简介：launch pad",1,Doubao-pro-128k,0.0,8192,https://api2.aigcbest.top/v1,"判断结果：[正确]
解释：公理表明属性firstLaunchRocket的主体应属于LaunchPad类，结合背景知识，火箭首次发射的主体为发射台，符合语义规则。",1.0,1.0,
sample_0213,domain,"If a resource uses property firstLaunchRocket as subject, then it should belong to class LaunchPad.","背景知识：
条目1：
- 名称：firstLaunchRocket
- 类型：Property
- 简介：first launch rocket

条目2：
- 名称：LaunchPad
- 类型：Class
- 简介：launch pad",1,Doubao-pro-128k,0.0,8192,https://api2.aigcbest.top/v1,"判断结果：[正确]
解释：公理表明使用属性firstLaunchRocket作为主体的资源应属于类LaunchPad，与背景知识中属性和类的定义不冲突，符合RDFS中domain公理规则。",1.0,1.0,
sample_0214,domain,"For any x and y, if x firstLaunchRocket y holds, then x is an instance of LaunchPad.","背景知识：
条目1：
- 名称：firstLaunchRocket
- 类型：Property
- 简介：first launch rocket

条目2：
- 名称：LaunchPad
- 类型：Class
- 简介：launch pad",1,Doubao-pro-128k,0.0,8192,https://api2.aigcbest.top/v1,"判断结果：[正确]
解释：公理表明若x firstLaunchRocket y成立，则x是LaunchPad的实例，结合背景知识，“firstLaunchRocket”是属性，“LaunchPad”是类，从常识看首次发射火箭的主体通常是发射台，符合属性主体应属于某类的语义规则。",1.0,1.0,
sample_0215,domain,Property firstLaunchRocket can only be applied to subjects of class LaunchPad.,"背景知识：
条目1：
- 名称：firstLaunchRocket
- 类型：Property
- 简介：first launch rocket

条目2：
- 名称：LaunchPad
- 类型：Class
- 简介：launch pad",1,Doubao-pro-128k,0.0,8192,https://api2.aigcbest.top/v1,"判断结果：[正确]
解释：公理表明属性firstLaunchRocket的主体应属于类LaunchPad，符合RDFS中domain的语义规则，且与背景知识不冲突。",1.0,1.0,
sample_0216,domain,domain(firstLaunchRocket) = Scientist,"背景知识：
条目1：
- 名称：firstLaunchRocket
- 类型：Property
- 简介：first launch rocket

条目2：
- 名称：Scientist
- 类型：Class
- 简介：scientist",0,Doubao-pro-128k,0.0,8192,https://api2.aigcbest.top/v1,"判断结果：[正确]
解释：公理表明属性firstLaunchRocket的主体应属于Scientist类，结合背景知识和常识，科学家可以作为首次发射火箭这一行为的主体，符合RDFS语义规则。",1.0,0.0,
sample_0217,domain,The domain of firstLaunchRocket is Scientist.,"背景知识：
条目1：
- 名称：firstLaunchRocket
- 类型：Property
- 简介：first launch rocket

条目2：
- 名称：Scientist
- 类型：Class
- 简介：scientist",0,Doubao-pro-128k,0.0,8192,https://api2.aigcbest.top/v1,"判断结果：[正确]
解释：公理表明属性firstLaunchRocket的主体应属于Scientist类，结合背景知识和常识，科学家可以是首次发射火箭这一行为的主体，符合RDFS中domain的语义规则。",1.0,0.0,
sample_0218,domain,"If a resource uses property firstLaunchRocket as subject, then it should belong to class Scientist.","背景知识：
条目1：
- 名称：firstLaunchRocket
- 类型：Property
- 简介：first launch rocket

条目2：
- 名称：Scientist
- 类型：Class
- 简介：scientist",0,Doubao-pro-128k,0.0,8192,https://api2.aigcbest.top/v1,"判断结果：[正确]
解释：公理表明属性firstLaunchRocket的主体应属于类Scientist，符合RDFS中domain公理的语义规则，且在背景知识中未发现冲突。",1.0,0.0,
sample_0219,domain,"For any x and y, if x firstLaunchRocket y holds, then x is an instance of Scientist.","背景知识：
条目1：
- 名称：firstLaunchRocket
- 类型：Property
- 简介：first launch rocket

条目2：
- 名称：Scientist
- 类型：Class
- 简介：scientist",0,Doubao-pro-128k,0.0,8192,https://api2.aigcbest.top/v1,"判断结果：[正确]
解释：公理表明若x firstLaunchRocket y成立，则x是Scientist的实例，结合背景知识，从常识看首次发射火箭的主体可以是科学家，符合属性firstLaunchRocket的主体属于Scientist类的语义规则。",1.0,0.0,
sample_0220,domain,Property firstLaunchRocket can only be applied to subjects of class Scientist.,"背景知识：
条目1：
- 名称：firstLaunchRocket
- 类型：Property
- 简介：first launch rocket

条目2：
- 名称：Scientist
- 类型：Class
- 简介：scientist",0,Doubao-pro-128k,0.0,8192,https://api2.aigcbest.top/v1,"判断结果：[正确]
解释：公理表明属性firstLaunchRocket的主体应属于类Scientist，背景知识中存在该属性和类，从常识看科学家可以作为首次发射火箭这一行为的主体，符合RDFS中domain的语义规则。",1.0,0.0,
sample_0221,domain,domain(height) = ChemicalSubstance,"背景知识：
条目1：
- 名称：height
- 类型：Property
- 简介：height (mm)

条目2：
- 名称：ChemicalSubstance
- 类型：Class
- 简介：chemical substance",0,Doubao-pro-128k,0.0,8192,https://api2.aigcbest.top/v1,"判断结果：[错误]
解释：背景知识中“height”是表示高度的属性，而“ChemicalSubstance”是化学物质类，常识上高度属性的主体并非化学物质，与语义规则冲突。",0.0,1.0,
sample_0222,domain,The domain of height is ChemicalSubstance.,"背景知识：
条目1：
- 名称：height
- 类型：Property
- 简介：height (mm)

条目2：
- 名称：ChemicalSubstance
- 类型：Class
- 简介：chemical substance",0,Doubao-pro-128k,0.0,8192,https://api2.aigcbest.top/v1,"判断结果：[错误]
解释：背景知识仅表明height是属性，ChemicalSubstance是类，常识中height属性的主体通常是具有高度的物体，并非化学物质，该公理与常识冲突。",0.0,1.0,
sample_0223,domain,"If a resource uses property height as subject, then it should belong to class ChemicalSubstance.","背景知识：
条目1：
- 名称：height
- 类型：Property
- 简介：height (mm)

条目2：
- 名称：ChemicalSubstance
- 类型：Class
- 简介：chemical substance",0,Doubao-pro-128k,0.0,8192,https://api2.aigcbest.top/v1,"判断结果：[错误]
解释：背景知识未表明使用height属性的资源应属于ChemicalSubstance类，该公理与背景知识无对应关系，不符合语义规则。",0.0,1.0,
sample_0224,domain,"For any x and y, if x height y holds, then x is an instance of ChemicalSubstance.","背景知识：
条目1：
- 名称：height
- 类型：Property
- 简介：height (mm)

条目2：
- 名称：ChemicalSubstance
- 类型：Class
- 简介：chemical substance",0,Doubao-pro-128k,0.0,8192,https://api2.aigcbest.top/v1,"判断结果：[错误]
解释：背景知识未表明height属性的主体必须是ChemicalSubstance的实例，仅根据给定信息不能得出若x height y成立则x是ChemicalSubstance实例的结论，与现有背景知识冲突。",0.0,1.0,
sample_0225,domain,Property height can only be applied to subjects of class ChemicalSubstance.,"背景知识：
条目1：
- 名称：height
- 类型：Property
- 简介：height (mm)

条目2：
- 名称：ChemicalSubstance
- 类型：Class
- 简介：chemical substance",0,Doubao-pro-128k,0.0,8192,https://api2.aigcbest.top/v1,"判断结果：[错误]
解释：背景知识未表明height属性只能应用于ChemicalSubstance类的主体，从常识看height并非只能用于化学物质，与语义规则和常识不符。",0.0,1.0,
sample_0226,domain,domain(height) = Settlement,"背景知识：
条目1：
- 名称：height
- 类型：Property
- 简介：height (cm)

条目2：
- 名称：Settlement
- 类型：Class
- 简介：settlement",0,Doubao-pro-128k,0.0,8192,https://api2.aigcbest.top/v1,"判断结果：[错误]
解释：背景知识中“height”指高度（厘米），常识中高度的主体一般是物体等，并非“settlement”（定居点），该公理与常识冲突，不符合语义规则。",0.0,1.0,
sample_0227,domain,The domain of height is Settlement.,"背景知识：
条目1：
- 名称：height
- 类型：Property
- 简介：height (cm)

条目2：
- 名称：Settlement
- 类型：Class
- 简介：settlement",0,Doubao-pro-128k,0.0,8192,https://api2.aigcbest.top/v1,"判断结果：[错误]
解释：背景知识中“height”是表示高度的属性，“Settlement”是定居点类，常识中高度属性的主体一般为人、物体等，而非定居点，所以该公理中“height”的定义域为“Settlement”与常识不符。",0.0,1.0,
sample_0228,domain,"If a resource uses property height as subject, then it should belong to class Settlement.","背景知识：
条目1：
- 名称：height
- 类型：Property
- 简介：height (cm)

条目2：
- 名称：Settlement
- 类型：Class
- 简介：settlement",0,Doubao-pro-128k,0.0,8192,https://api2.aigcbest.top/v1,"判断结果：[错误]
解释：背景知识未表明使用height属性的资源应属于Settlement类，该公理与背景知识无对应关系，不符合语义规则。",0.0,1.0,
sample_0229,domain,"For any x and y, if x height y holds, then x is an instance of Settlement.","背景知识：
条目1：
- 名称：height
- 类型：Property
- 简介：height (cm)

条目2：
- 名称：Settlement
- 类型：Class
- 简介：settlement",0,Doubao-pro-128k,0.0,8192,https://api2.aigcbest.top/v1,"判断结果：[错误]
解释：背景知识未表明height属性的主体必须是Settlement类的实例，该公理无依据，与背景知识冲突。",0.0,1.0,
sample_0230,domain,Property height can only be applied to subjects of class Settlement.,"背景知识：
条目1：
- 名称：height
- 类型：Property
- 简介：height (cm)

条目2：
- 名称：Settlement
- 类型：Class
- 简介：settlement",0,Doubao-pro-128k,0.0,8192,https://api2.aigcbest.top/v1,"判断结果：[错误]
解释：背景知识未表明height属性只能应用于Settlement类的主体，且从常识看height可用于多种主体，并非仅Settlement类，与语义规则和常识不符。",0.0,1.0,
sample_0231,domain,domain(lastLaunchDate) = LaunchPad,"背景知识：
条目1：
- 名称：lastLaunchDate
- 类型：Property
- 简介：last launch date

条目2：
- 名称：LaunchPad
- 类型：Class
- 简介：launch pad",1,Doubao-pro-128k,0.0,8192,https://api2.aigcbest.top/v1,"判断结果：[错误]
解释：背景知识中“lastLaunchDate”表示最后发射日期，“LaunchPad”表示发射台，从常识来看发射日期的主体不是发射台，该公理与常识冲突，不符合语义规则。",0.0,0.0,
sample_0232,domain,The domain of lastLaunchDate is LaunchPad.,"背景知识：
条目1：
- 名称：lastLaunchDate
- 类型：Property
- 简介：last launch date

条目2：
- 名称：LaunchPad
- 类型：Class
- 简介：launch pad",1,Doubao-pro-128k,0.0,8192,https://api2.aigcbest.top/v1,"判断结果：[错误]
解释：背景知识中“lastLaunchDate”表示最后发射日期，“LaunchPad”表示发射台，从常识和语义规则来看，发射日期的主体并非发射台，该公理与常识和语义规则冲突。",0.0,0.0,
sample_0233,domain,"If a resource uses property lastLaunchDate as subject, then it should belong to class LaunchPad.","背景知识：
条目1：
- 名称：lastLaunchDate
- 类型：Property
- 简介：last launch date

条目2：
- 名称：LaunchPad
- 类型：Class
- 简介：launch pad",1,Doubao-pro-128k,0.0,8192,https://api2.aigcbest.top/v1,"判断结果：[错误]
解释：背景知识中未表明使用lastLaunchDate属性的主体应属于LaunchPad类，该公理与背景知识冲突。",0.0,0.0,
sample_0234,domain,"For any x and y, if x lastLaunchDate y holds, then x is an instance of LaunchPad.","背景知识：
条目1：
- 名称：lastLaunchDate
- 类型：Property
- 简介：last launch date

条目2：
- 名称：LaunchPad
- 类型：Class
- 简介：launch pad",1,Doubao-pro-128k,0.0,8192,https://api2.aigcbest.top/v1,"判断结果：[正确]
解释：公理表明若x具有lastLaunchDate属性，则x是LaunchPad的实例，结合背景知识虽未直接体现该关系，但从常识看发射台有最后发射日期合理，符合RDFS中domain语义规则。",1.0,1.0,
sample_0235,domain,Property lastLaunchDate can only be applied to subjects of class LaunchPad.,"背景知识：
条目1：
- 名称：lastLaunchDate
- 类型：Property
- 简介：last launch date

条目2：
- 名称：LaunchPad
- 类型：Class
- 简介：launch pad",1,Doubao-pro-128k,0.0,8192,https://api2.aigcbest.top/v1,"判断结果：[正确]
解释：公理表明lastLaunchDate属性的主体应属于LaunchPad类，背景知识中有lastLaunchDate属性和LaunchPad类，结合“上次发射日期”的含义，从常识上该属性应用于发射台是合理的，符合RDFS中domain的语义规则。",1.0,1.0,
sample_0236,domain,domain(lastLaunchRocket) = LaunchPad,"背景知识：
条目1：
- 名称：lastLaunchRocket
- 类型：Property
- 简介：last launch rocket

条目2：
- 名称：LaunchPad
- 类型：Class
- 简介：launch pad",1,Doubao-pro-128k,0.0,8192,https://api2.aigcbest.top/v1,"判断结果：[错误]
解释：背景知识中lastLaunchRocket表示最后发射的火箭，LaunchPad表示发射台，从常识来看发射台一般不会是“最后发射的火箭”这一属性的主体，与语义规则和常识冲突。",0.0,0.0,
sample_0237,domain,The domain of lastLaunchRocket is LaunchPad.,"背景知识：
条目1：
- 名称：lastLaunchRocket
- 类型：Property
- 简介：last launch rocket

条目2：
- 名称：LaunchPad
- 类型：Class
- 简介：launch pad",1,Doubao-pro-128k,0.0,8192,https://api2.aigcbest.top/v1,"判断结果：[错误]
解释：背景知识中“lastLaunchRocket”是属性，“LaunchPad”是类，从常识看“lastLaunchRocket”的主体通常是火箭发射相关的主体，而非“LaunchPad”，该公理与常识冲突。",0.0,0.0,
sample_0238,domain,"If a resource uses property lastLaunchRocket as subject, then it should belong to class LaunchPad.","背景知识：
条目1：
- 名称：lastLaunchRocket
- 类型：Property
- 简介：last launch rocket

条目2：
- 名称：LaunchPad
- 类型：Class
- 简介：launch pad",1,Doubao-pro-128k,0.0,8192,https://api2.aigcbest.top/v1,"判断结果：[正确]
解释：公理表明属性lastLaunchRocket的主体应属于类LaunchPad，符合RDFS中domain的语义规则，且结合常识，使用“最后发射火箭”属性的主体通常是发射台，与背景知识不冲突。",1.0,1.0,
sample_0239,domain,"For any x and y, if x lastLaunchRocket y holds, then x is an instance of LaunchPad.","背景知识：
条目1：
- 名称：lastLaunchRocket
- 类型：Property
- 简介：last launch rocket

条目2：
- 名称：LaunchPad
- 类型：Class
- 简介：launch pad",1,Doubao-pro-128k,0.0,8192,https://api2.aigcbest.top/v1,"判断结果：[正确]
解释：公理表明若x lastLaunchRocket y成立，x是LaunchPad的实例，结合背景知识，lastLaunchRocket属性的主体符合属于LaunchPad类的语义关系，符合RDFS规则。",1.0,1.0,
sample_0240,domain,Property lastLaunchRocket can only be applied to subjects of class LaunchPad.,"背景知识：
条目1：
- 名称：lastLaunchRocket
- 类型：Property
- 简介：last launch rocket

条目2：
- 名称：LaunchPad
- 类型：Class
- 简介：launch pad",1,Doubao-pro-128k,0.0,8192,https://api2.aigcbest.top/v1,"判断结果：[错误]
解释：背景知识未表明lastLaunchRocket属性的主体应属于LaunchPad类，该公理无背景依据支持。",0.0,0.0,
sample_0241,domain,domain(lastLaunchRocket) = Place,"背景知识：
条目1：
- 名称：lastLaunchRocket
- 类型：Property
- 简介：last launch rocket

条目2：
- 名称：Place
- 类型：Class
- 简介：place",0,Doubao-pro-128k,0.0,8192,https://api2.aigcbest.top/v1,"判断结果：[错误]
解释：背景知识中“lastLaunchRocket”是属性，“Place”是类，从常识看“lastLaunchRocket”属性的主体通常为航天器等，并非“Place”类，该公理与常识冲突。",0.0,1.0,
sample_0242,domain,The domain of lastLaunchRocket is Place.,"背景知识：
条目1：
- 名称：lastLaunchRocket
- 类型：Property
- 简介：last launch rocket

条目2：
- 名称：Place
- 类型：Class
- 简介：place",0,Doubao-pro-128k,0.0,8192,https://api2.aigcbest.top/v1,"判断结果：[错误]
解释：背景知识中“lastLaunchRocket”是属性，“Place”是类，从常识看“lastLaunchRocket”属性的主体通常不是“Place”类，该公理与常识冲突。",0.0,1.0,
sample_0243,domain,"If a resource uses property lastLaunchRocket as subject, then it should belong to class Place.","背景知识：
条目1：
- 名称：lastLaunchRocket
- 类型：Property
- 简介：last launch rocket

条目2：
- 名称：Place
- 类型：Class
- 简介：place",0,Doubao-pro-128k,0.0,8192,https://api2.aigcbest.top/v1,"判断结果：[正确]
解释：公理表明使用lastLaunchRocket属性作为主体的资源应属于Place类，符合RDFS中domain公理关于属性主体应属于某类的语义规则，且与背景知识不冲突。",1.0,0.0,
sample_0244,domain,"For any x and y, if x lastLaunchRocket y holds, then x is an instance of Place.","背景知识：
条目1：
- 名称：lastLaunchRocket
- 类型：Property
- 简介：last launch rocket

条目2：
- 名称：Place
- 类型：Class
- 简介：place",0,Doubao-pro-128k,0.0,8192,https://api2.aigcbest.top/v1,"判断结果：[错误]
解释：背景知识未表明lastLaunchRocket属性的domain是Place类，不能得出若x lastLaunchRocket y成立则x是Place实例的结论，与语义规则冲突。",0.0,1.0,
sample_0245,domain,Property lastLaunchRocket can only be applied to subjects of class Place.,"背景知识：
条目1：
- 名称：lastLaunchRocket
- 类型：Property
- 简介：last launch rocket

条目2：
- 名称：Place
- 类型：Class
- 简介：place",0,Doubao-pro-128k,0.0,8192,https://api2.aigcbest.top/v1,"判断结果：[错误]
解释：背景知识未表明lastLaunchRocket属性的主体应属于Place类，公理与背景知识冲突。",0.0,1.0,
sample_0246,domain,domain(mass) = Planet,"背景知识：
条目1：
- 名称：mass
- 类型：Property
- 简介：mass (kg)

条目2：
- 名称：Planet
- 类型：Class
- 简介：planet",1,Doubao-pro-128k,0.0,8192,https://api2.aigcbest.top/v1,"判断结果：[错误]
解释：公理表明属性“mass”的主体应属于“Planet”类，但常识中不止行星有质量，其他物体也有质量，这与背景知识和语义规则冲突。",0.0,0.0,
sample_0247,domain,The domain of mass is Planet.,"背景知识：
条目1：
- 名称：mass
- 类型：Property
- 简介：mass (kg)

条目2：
- 名称：Planet
- 类型：Class
- 简介：planet",1,Doubao-pro-128k,0.0,8192,https://api2.aigcbest.top/v1,"判断结果：[错误]
解释：公理表明属性“mass”的主体应属于“Planet”类，但从常识可知，除行星外其他物体也有质量，该公理与常识冲突。",0.0,0.0,
sample_0248,domain,"If a resource uses property mass as subject, then it should belong to class Planet.","背景知识：
条目1：
- 名称：mass
- 类型：Property
- 简介：mass (kg)

条目2：
- 名称：Planet
- 类型：Class
- 简介：planet",1,Doubao-pro-128k,0.0,8192,https://api2.aigcbest.top/v1,"判断结果：[错误]
解释：背景知识未表明使用mass属性的主体只能是Planet类，从常识看具有质量的事物不局限于行星，该公理与常识冲突。",0.0,0.0,
sample_0249,domain,"For any x and y, if x mass y holds, then x is an instance of Planet.","背景知识：
条目1：
- 名称：mass
- 类型：Property
- 简介：mass (kg)

条目2：
- 名称：Planet
- 类型：Class
- 简介：planet",1,Doubao-pro-128k,0.0,8192,https://api2.aigcbest.top/v1,"判断结果：[错误]
解释：背景知识仅表明“mass”是属性、“Planet”是类，公理规定满足“x mass y”时“x”是“Planet”的实例，但背景知识未给出此语义关系，该公理缺乏依据。",0.0,0.0,
sample_0250,domain,Property mass can only be applied to subjects of class Planet.,"背景知识：
条目1：
- 名称：mass
- 类型：Property
- 简介：mass (kg)

条目2：
- 名称：Planet
- 类型：Class
- 简介：planet",1,Doubao-pro-128k,0.0,8192,https://api2.aigcbest.top/v1,"判断结果：[错误]
解释：背景知识未表明属性mass只能应用于Planet类的主体，从常识看质量属性可用于多种对象，并非仅适用于行星，该公理与常识和背景知识冲突。",0.0,0.0,
sample_0251,domain,domain(meanTemperature) = ChemicalSubstance,"背景知识：
条目1：
- 名称：meanTemperature
- 类型：Property
- 简介：mean temperature (K)

条目2：
- 名称：ChemicalSubstance
- 类型：Class
- 简介：chemical substance",0,Doubao-pro-128k,0.0,8192,https://api2.aigcbest.top/v1,"判断结果：[错误]
解释：背景知识未表明平均温度属性的主体一定是化学物质，仅从常识看平均温度可用于多种场景，并非仅适用于化学物质，该公理与常识不符。",0.0,1.0,
sample_0252,domain,The domain of meanTemperature is ChemicalSubstance.,"背景知识：
条目1：
- 名称：meanTemperature
- 类型：Property
- 简介：mean temperature (K)

条目2：
- 名称：ChemicalSubstance
- 类型：Class
- 简介：chemical substance",0,Doubao-pro-128k,0.0,8192,https://api2.aigcbest.top/v1,"判断结果：[正确]
解释：公理表明meanTemperature属性的主体应属于ChemicalSubstance类，结合背景知识，从常识看化学物质可以有平均温度，符合语义规则。",1.0,0.0,
sample_0253,domain,"If a resource uses property meanTemperature as subject, then it should belong to class ChemicalSubstance.","背景知识：
条目1：
- 名称：meanTemperature
- 类型：Property
- 简介：mean temperature (K)

条目2：
- 名称：ChemicalSubstance
- 类型：Class
- 简介：chemical substance",0,Doubao-pro-128k,0.0,8192,https://api2.aigcbest.top/v1,"判断结果：[错误]
解释：背景知识中未表明使用meanTemperature属性的资源应属于ChemicalSubstance类，该公理与背景知识无关联，不符合语义规则。",0.0,1.0,
sample_0254,domain,"For any x and y, if x meanTemperature y holds, then x is an instance of ChemicalSubstance.","背景知识：
条目1：
- 名称：meanTemperature
- 类型：Property
- 简介：mean temperature (K)

条目2：
- 名称：ChemicalSubstance
- 类型：Class
- 简介：chemical substance",0,Doubao-pro-128k,0.0,8192,https://api2.aigcbest.top/v1,"判断结果：[正确]
解释：公理表明若x meanTemperature y成立，则x是ChemicalSubstance的实例，结合背景知识虽未直接体现此关系，但从常识看温度可用于描述化学物质，符合语义规则。",1.0,0.0,
sample_0255,domain,Property meanTemperature can only be applied to subjects of class ChemicalSubstance.,"背景知识：
条目1：
- 名称：meanTemperature
- 类型：Property
- 简介：mean temperature (K)

条目2：
- 名称：ChemicalSubstance
- 类型：Class
- 简介：chemical substance",0,Doubao-pro-128k,0.0,8192,https://api2.aigcbest.top/v1,"判断结果：[正确]
解释：公理表明属性meanTemperature的主体应属于ChemicalSubstance类，背景知识中存在meanTemperature属性和ChemicalSubstance类，从语义上温度可用于描述化学物质，符合RDFS中domain的语义规则。",1.0,0.0,
sample_0256,domain,domain(minimumTemperature) = EducationalInstitution,"背景知识：
条目1：
- 名称：minimumTemperature
- 类型：Property
- 简介：minimum temperature (K)

条目2：
- 名称：EducationalInstitution
- 类型：Class
- 简介：educational institution",0,Doubao-pro-128k,0.0,8192,https://api2.aigcbest.top/v1,"判断结果：[错误]
解释：背景知识中minimumTemperature是表示最低温度的属性，EducationalInstitution是教育机构类，常识上最低温度属性的主体不应属于教育机构类，与语义规则冲突。",0.0,1.0,
sample_0257,domain,The domain of minimumTemperature is EducationalInstitution.,"背景知识：
条目1：
- 名称：minimumTemperature
- 类型：Property
- 简介：minimum temperature (K)

条目2：
- 名称：EducationalInstitution
- 类型：Class
- 简介：educational institution",0,Doubao-pro-128k,0.0,8192,https://api2.aigcbest.top/v1,"判断结果：[错误]
解释：背景知识表明“minimumTemperature”是表示最低温度的属性，“EducationalInstitution”是教育机构类，常识上教育机构并非最低温度属性的主体，与语义规则冲突。",0.0,1.0,
sample_0258,domain,"If a resource uses property minimumTemperature as subject, then it should belong to class EducationalInstitution.","背景知识：
条目1：
- 名称：minimumTemperature
- 类型：Property
- 简介：minimum temperature (K)

条目2：
- 名称：EducationalInstitution
- 类型：Class
- 简介：educational institution",0,Doubao-pro-128k,0.0,8192,https://api2.aigcbest.top/v1,"判断结果：[错误]
解释：背景知识中“minimumTemperature”是属性，“EducationalInstitution”是教育机构类，常识上使用“minimumTemperature”属性的主体通常是与温度相关的事物，而非教育机构，该公理与常识和语义规则冲突。",0.0,1.0,
sample_0259,domain,"For any x and y, if x minimumTemperature y holds, then x is an instance of EducationalInstitution.","背景知识：
条目1：
- 名称：minimumTemperature
- 类型：Property
- 简介：minimum temperature (K)

条目2：
- 名称：EducationalInstitution
- 类型：Class
- 简介：educational institution",0,Doubao-pro-128k,0.0,8192,https://api2.aigcbest.top/v1,"判断结果：[错误]
解释：背景知识中“minimumTemperature”是表示最低温度的属性，与“EducationalInstitution”（教育机构类）无直接关联，公理中规定“minimumTemperature”关系的主体是“EducationalInstitution”的实例，与背景知识和常识不符。",0.0,1.0,
sample_0260,domain,Property minimumTemperature can only be applied to subjects of class EducationalInstitution.,"背景知识：
条目1：
- 名称：minimumTemperature
- 类型：Property
- 简介：minimum temperature (K)

条目2：
- 名称：EducationalInstitution
- 类型：Class
- 简介：educational institution",0,Doubao-pro-128k,0.0,8192,https://api2.aigcbest.top/v1,"判断结果：[错误]
解释：背景知识中“minimumTemperature”是表示最低温度的属性，而“EducationalInstitution”是教育机构类，常识上最低温度属性不能仅应用于教育机构类主体，与语义规则和常识冲突。",0.0,1.0,
sample_0261,domain,domain(nciId) = AdministrativeRegion,"背景知识：
条目1：
- 名称：nciId
- 类型：Property
- 简介：NCI

条目2：
- 名称：AdministrativeRegion
- 类型：Class
- 简介：A PopulatedPlace under the jurisdiction of an administrative body. This body may administer either a whole region or one or more adjacent Settlements (town administration)",0,Doubao-pro-128k,0.0,8192,https://api2.aigcbest.top/v1,"判断结果：[错误]
解释：背景知识未表明nciId属性的主体应属于AdministrativeRegion类，无法得到该domain关系，与背景知识冲突。",0.0,1.0,
sample_0262,domain,The domain of nciId is AdministrativeRegion.,"背景知识：
条目1：
- 名称：nciId
- 类型：Property
- 简介：NCI

条目2：
- 名称：AdministrativeRegion
- 类型：Class
- 简介：A PopulatedPlace under the jurisdiction of an administrative body. This body may administer either a whole region or one or more adjacent Settlements (town administration)",0,Doubao-pro-128k,0.0,8192,https://api2.aigcbest.top/v1,"判断结果：[错误]
解释：背景知识仅表明nciId是属性、AdministrativeRegion是类，未显示两者间存在属性主体属于某类的关系，不能得出nciId的domain是AdministrativeRegion，与语义规则冲突。",0.0,1.0,
sample_0263,domain,"If a resource uses property nciId as subject, then it should belong to class AdministrativeRegion.","背景知识：
条目1：
- 名称：nciId
- 类型：Property
- 简介：NCI

条目2：
- 名称：AdministrativeRegion
- 类型：Class
- 简介：A PopulatedPlace under the jurisdiction of an administrative body. This body may administer either a whole region or one or more adjacent Settlements (town administration)",0,Doubao-pro-128k,0.0,8192,https://api2.aigcbest.top/v1,"判断结果：[错误]
解释：背景知识仅表明nciId是属性，未体现使用nciId作为主体的资源应属于AdministrativeRegion类，该公理与背景知识无关联且无对应语义规则支持。",0.0,1.0,
sample_0264,domain,"For any x and y, if x nciId y holds, then x is an instance of AdministrativeRegion.","背景知识：
条目1：
- 名称：nciId
- 类型：Property
- 简介：NCI

条目2：
- 名称：AdministrativeRegion
- 类型：Class
- 简介：A PopulatedPlace under the jurisdiction of an administrative body. This body may administer either a whole region or one or more adjacent Settlements (town administration)",0,Doubao-pro-128k,0.0,8192,https://api2.aigcbest.top/v1,"判断结果：[错误]
解释：背景知识仅表明nciId是属性，未表明使用该属性的主体应是AdministrativeRegion的实例，公理与背景知识和语义规则存在冲突。",0.0,1.0,
sample_0265,domain,Property nciId can only be applied to subjects of class AdministrativeRegion.,"背景知识：
条目1：
- 名称：nciId
- 类型：Property
- 简介：NCI

条目2：
- 名称：AdministrativeRegion
- 类型：Class
- 简介：A PopulatedPlace under the jurisdiction of an administrative body. This body may administer either a whole region or one or more adjacent Settlements (town administration)",0,Doubao-pro-128k,0.0,8192,https://api2.aigcbest.top/v1,"判断结果：[错误]
解释：背景知识中未表明属性nciId与类AdministrativeRegion存在主体所属关系，无法得出该属性只能应用于AdministrativeRegion类的主体。",0.0,1.0,
sample_0266,domain,domain(numberOfClassrooms) = AdministrativeRegion,"背景知识：
条目1：
- 名称：numberOfClassrooms
- 类型：Property
- 简介：number of classrooms

条目2：
- 名称：AdministrativeRegion
- 类型：Class
- 简介：A PopulatedPlace under the jurisdiction of an administrative body. This body may administer either a whole region or one or more adjacent Settlements (town administration)",0,Doubao-pro-128k,0.0,8192,https://api2.aigcbest.top/v1,"判断结果：[错误]
解释：背景知识中“numberOfClassrooms”是表示教室数量的属性，而“AdministrativeRegion”是行政区域类，通常教室数量属性的主体不是行政区域，与常识不符，该公理不合理。",0.0,1.0,
sample_0267,domain,The domain of numberOfClassrooms is AdministrativeRegion.,"背景知识：
条目1：
- 名称：numberOfClassrooms
- 类型：Property
- 简介：number of classrooms

条目2：
- 名称：AdministrativeRegion
- 类型：Class
- 简介：A PopulatedPlace under the jurisdiction of an administrative body. This body may administer either a whole region or one or more adjacent Settlements (town administration)",0,Doubao-pro-128k,0.0,8192,https://api2.aigcbest.top/v1,"判断结果：[错误]
解释：公理表明属性numberOfClassrooms的主体应属于AdministrativeRegion类，但从常识来看，教室数量一般与学校等教育机构相关，而非行政区域，与常识冲突。",0.0,1.0,
sample_0268,domain,"If a resource uses property numberOfClassrooms as subject, then it should belong to class AdministrativeRegion.","背景知识：
条目1：
- 名称：numberOfClassrooms
- 类型：Property
- 简介：number of classrooms

条目2：
- 名称：AdministrativeRegion
- 类型：Class
- 简介：A PopulatedPlace under the jurisdiction of an administrative body. This body may administer either a whole region or one or more adjacent Settlements (town administration)",0,Doubao-pro-128k,0.0,8192,https://api2.aigcbest.top/v1,"判断结果：[错误]
解释：背景知识未表明使用属性numberOfClassrooms的主体应属于AdministrativeRegion类，该公理缺乏依据与背景知识冲突。",0.0,1.0,
sample_0269,domain,"For any x and y, if x numberOfClassrooms y holds, then x is an instance of AdministrativeRegion.","背景知识：
条目1：
- 名称：numberOfClassrooms
- 类型：Property
- 简介：number of classrooms

条目2：
- 名称：AdministrativeRegion
- 类型：Class
- 简介：A PopulatedPlace under the jurisdiction of an administrative body. This body may administer either a whole region or one or more adjacent Settlements (town administration)",0,Doubao-pro-128k,0.0,8192,https://api2.aigcbest.top/v1,"判断结果：[错误]
解释：背景知识未表明属性numberOfClassrooms的主体一定是AdministrativeRegion类的实例，该公理缺乏依据，与背景知识冲突。",0.0,1.0,
sample_0270,domain,Property numberOfClassrooms can only be applied to subjects of class AdministrativeRegion.,"背景知识：
条目1：
- 名称：numberOfClassrooms
- 类型：Property
- 简介：number of classrooms

条目2：
- 名称：AdministrativeRegion
- 类型：Class
- 简介：A PopulatedPlace under the jurisdiction of an administrative body. This body may administer either a whole region or one or more adjacent Settlements (town administration)",0,Doubao-pro-128k,0.0,8192,https://api2.aigcbest.top/v1,"判断结果：[错误]
解释：背景知识中未表明属性numberOfClassrooms与类AdministrativeRegion存在主体所属关系，仅从背景知识无法得出该属性只能应用于AdministrativeRegion类的主体，与语义规则中需有明确语义关系的要求冲突。",0.0,1.0,
sample_0271,domain,domain(orbitalPeriod) = Planet,"背景知识：
条目1：
- 名称：orbitalPeriod
- 类型：Property
- 简介：orbital period (μ)

条目2：
- 名称：Planet
- 类型：Class
- 简介：planet",1,Doubao-pro-128k,0.0,8192,https://api2.aigcbest.top/v1,"判断结果：[正确]
解释：公理表明属性orbitalPeriod的主体应属于Planet类，结合背景可知orbitalPeriod是轨道周期属性，常识上轨道周期通常是行星等天体的属性，所以主体属于Planet类合理，符合RDFS的domain语义规则。",1.0,1.0,
sample_0272,domain,The domain of orbitalPeriod is Planet.,"背景知识：
条目1：
- 名称：orbitalPeriod
- 类型：Property
- 简介：orbital period (μ)

条目2：
- 名称：Planet
- 类型：Class
- 简介：planet",1,Doubao-pro-128k,0.0,8192,https://api2.aigcbest.top/v1,"判断结果：[正确]
解释：背景知识中存在属性orbitalPeriod和类Planet，根据常识，轨道周期通常是行星等天体具有的属性，公理表明orbitalPeriod的主体应属于Planet类，符合语义规则。",1.0,1.0,
sample_0273,domain,"If a resource uses property orbitalPeriod as subject, then it should belong to class Planet.","背景知识：
条目1：
- 名称：orbitalPeriod
- 类型：Property
- 简介：orbital period (μ)

条目2：
- 名称：Planet
- 类型：Class
- 简介：planet",1,Doubao-pro-128k,0.0,8192,https://api2.aigcbest.top/v1,"判断结果：[错误]
解释：背景知识仅表明存在“orbitalPeriod”属性和“Planet”类，不能得出使用“orbitalPeriod”属性作为主体的资源就一定属于“Planet”类，该公理缺乏依据与背景知识冲突。",0.0,0.0,
sample_0274,domain,"For any x and y, if x orbitalPeriod y holds, then x is an instance of Planet.","背景知识：
条目1：
- 名称：orbitalPeriod
- 类型：Property
- 简介：orbital period (μ)

条目2：
- 名称：Planet
- 类型：Class
- 简介：planet",1,Doubao-pro-128k,0.0,8192,https://api2.aigcbest.top/v1,"判断结果：[错误]
解释：背景知识仅定义了orbitalPeriod为属性、Planet为类，未表明orbitalPeriod属性的主体必须是Planet类的实例，不能得出若x orbitalPeriod y成立则x是Planet实例的结论。",0.0,0.0,
sample_0275,domain,Property orbitalPeriod can only be applied to subjects of class Planet.,"背景知识：
条目1：
- 名称：orbitalPeriod
- 类型：Property
- 简介：orbital period (μ)

条目2：
- 名称：Planet
- 类型：Class
- 简介：planet",1,Doubao-pro-128k,0.0,8192,https://api2.aigcbest.top/v1,"判断结果：[正确]
解释：公理表明属性orbitalPeriod的主体应属于类Planet，背景知识中存在属性orbitalPeriod和类Planet，从常识可知行星有公转周期，该公理符合语义规则且与常识不冲突。",1.0,1.0,
sample_0276,domain,domain(otherChannel) = Drug,"背景知识：
条目1：
- 名称：otherChannel
- 类型：Property
- 简介：other channel

条目2：
- 名称：Drug
- 类型：Class
- 简介：drug",0,Doubao-pro-128k,0.0,8192,https://api2.aigcbest.top/v1,"判断结果：[正确]
解释：公理表明属性otherChannel的主体应属于Drug类，在背景知识中有otherChannel为属性、Drug为类的信息，该公理符合RDFS中domain的语义规则，不存在冲突。",1.0,0.0,
sample_0277,domain,The domain of otherChannel is Drug.,"背景知识：
条目1：
- 名称：otherChannel
- 类型：Property
- 简介：other channel

条目2：
- 名称：Drug
- 类型：Class
- 简介：drug",0,Doubao-pro-128k,0.0,8192,https://api2.aigcbest.top/v1,"判断结果：[错误]
解释：背景知识中未表明otherChannel属性的主体应属于Drug类，将Drug作为otherChannel的domain缺乏依据，与背景知识冲突。",0.0,1.0,
sample_0278,domain,"If a resource uses property otherChannel as subject, then it should belong to class Drug.","背景知识：
条目1：
- 名称：otherChannel
- 类型：Property
- 简介：other channel

条目2：
- 名称：Drug
- 类型：Class
- 简介：drug",0,Doubao-pro-128k,0.0,8192,https://api2.aigcbest.top/v1,"判断结果：[无法判断]
解释：背景知识仅给出了otherChannel是属性、Drug是类，未提供关于使用otherChannel属性的主体与Drug类之间关系的信息，无法依据现有信息判断该公理是否合理。",,,
sample_0279,domain,"For any x and y, if x otherChannel y holds, then x is an instance of Drug.","背景知识：
条目1：
- 名称：otherChannel
- 类型：Property
- 简介：other channel

条目2：
- 名称：Drug
- 类型：Class
- 简介：drug",0,Doubao-pro-128k,0.0,8192,https://api2.aigcbest.top/v1,"判断结果：[错误]
解释：背景知识仅表明otherChannel是属性、Drug是类，未说明otherChannel属性的主体必须是Drug的实例，该公理无依据，与背景知识和语义规则冲突。",0.0,1.0,
sample_0280,domain,Property otherChannel can only be applied to subjects of class Drug.,"背景知识：
条目1：
- 名称：otherChannel
- 类型：Property
- 简介：other channel

条目2：
- 名称：Drug
- 类型：Class
- 简介：drug",0,Doubao-pro-128k,0.0,8192,https://api2.aigcbest.top/v1,"判断结果：[正确]
解释：公理表明属性otherChannel的主体应属于类Drug，背景知识包含该属性和类，此约束符合RDFS中domain的语义规则，不存在冲突。",1.0,0.0,
sample_0281,domain,domain(periapsis) = Planet,"背景知识：
条目1：
- 名称：periapsis
- 类型：Property
- 简介：periapsis (km)

条目2：
- 名称：Planet
- 类型：Class
- 简介：planet",1,Doubao-pro-128k,0.0,8192,https://api2.aigcbest.top/v1,"判断结果：[正确]
解释：公理表示属性periapsis的主体应属于Planet类，结合背景知识，从常识上行星可以有近心点（periapsis），符合语义规则。",1.0,1.0,
sample_0282,domain,The domain of periapsis is Planet.,"背景知识：
条目1：
- 名称：periapsis
- 类型：Property
- 简介：periapsis (km)

条目2：
- 名称：Planet
- 类型：Class
- 简介：planet",1,Doubao-pro-128k,0.0,8192,https://api2.aigcbest.top/v1,"判断结果：[正确]
解释：公理表明periapsis属性的主体应属于Planet类，符合RDFS中domain的语义规则，且背景知识提供了periapsis属性和Planet类，该公理合理。",1.0,1.0,
sample_0283,domain,"If a resource uses property periapsis as subject, then it should belong to class Planet.","背景知识：
条目1：
- 名称：periapsis
- 类型：Property
- 简介：periapsis (km)

条目2：
- 名称：Planet
- 类型：Class
- 简介：planet",1,Doubao-pro-128k,0.0,8192,https://api2.aigcbest.top/v1,"判断结果：[错误]
解释：背景知识仅表明periapsis是属性、Planet是类，未表明使用periapsis作为主体的资源应属于Planet类，该公理缺乏依据，存在明显冲突。",0.0,0.0,
sample_0284,domain,"For any x and y, if x periapsis y holds, then x is an instance of Planet.","背景知识：
条目1：
- 名称：periapsis
- 类型：Property
- 简介：periapsis (km)

条目2：
- 名称：Planet
- 类型：Class
- 简介：planet",1,Doubao-pro-128k,0.0,8192,https://api2.aigcbest.top/v1,"判断结果：[正确]
解释：公理表明若x periapsis y成立，则x是Planet的实例，结合背景知识可知periapsis是属性，Planet是类，此公理符合属性的domain语义规则，即属性的主体应属于某一类，所以该公理合理。",1.0,1.0,
sample_0285,domain,Property periapsis can only be applied to subjects of class Planet.,"背景知识：
条目1：
- 名称：periapsis
- 类型：Property
- 简介：periapsis (km)

条目2：
- 名称：Planet
- 类型：Class
- 简介：planet",1,Doubao-pro-128k,0.0,8192,https://api2.aigcbest.top/v1,"判断结果：[无法判断]
解释：背景知识仅给出了periapsis为属性、Planet为类的信息，未提供足够信息表明periapsis属性的主体是否只能是Planet类，所以无法判断该公理的正确性。",1.0,1.0,
sample_0286,domain,domain(populationUrbanDensity) = Island,"背景知识：
条目1：
- 名称：populationUrbanDensity
- 类型：Property
- 简介：population urban density (/sqkm)

条目2：
- 名称：Island
- 类型：Class
- 简介：island",0,Doubao-pro-128k,0.0,8192,https://api2.aigcbest.top/v1,"判断结果：[正确]
解释：公理表明属性“populationUrbanDensity”的主体应属于“Island”类，背景知识中存在该属性和类，且从常识看岛屿可以有城市人口密度，符合语义规则。",1.0,0.0,
sample_0287,domain,The domain of populationUrbanDensity is Island.,"背景知识：
条目1：
- 名称：populationUrbanDensity
- 类型：Property
- 简介：population urban density (/sqkm)

条目2：
- 名称：Island
- 类型：Class
- 简介：island",0,Doubao-pro-128k,0.0,8192,https://api2.aigcbest.top/v1,"判断结果：[正确]
解释：公理表明属性populationUrbanDensity的主体应属于类Island，背景知识中存在该属性和类，且从常识看岛屿可以有城市人口密度，符合RDFS中domain的语义规则。",1.0,0.0,
sample_0288,domain,"If a resource uses property populationUrbanDensity as subject, then it should belong to class Island.","背景知识：
条目1：
- 名称：populationUrbanDensity
- 类型：Property
- 简介：population urban density (/sqkm)

条目2：
- 名称：Island
- 类型：Class
- 简介：island",0,Doubao-pro-128k,0.0,8192,https://api2.aigcbest.top/v1,"判断结果：[错误]
解释：背景知识未表明使用populationUrbanDensity属性的主体必须属于Island类，仅从给定信息无法得出该约束关系，所以公理不合理。",0.0,1.0,
sample_0289,domain,"For any x and y, if x populationUrbanDensity y holds, then x is an instance of Island.","背景知识：
条目1：
- 名称：populationUrbanDensity
- 类型：Property
- 简介：population urban density (/sqkm)

条目2：
- 名称：Island
- 类型：Class
- 简介：island",0,Doubao-pro-128k,0.0,8192,https://api2.aigcbest.top/v1,"判断结果：[错误]
解释：背景知识未表明populationUrbanDensity属性的主体必须是Island类的实例，该公理无依据，与背景知识和语义规则冲突。",0.0,1.0,
sample_0290,domain,Property populationUrbanDensity can only be applied to subjects of class Island.,"背景知识：
条目1：
- 名称：populationUrbanDensity
- 类型：Property
- 简介：population urban density (/sqkm)

条目2：
- 名称：Island
- 类型：Class
- 简介：island",0,Doubao-pro-128k,0.0,8192,https://api2.aigcbest.top/v1,"判断结果：[错误]
解释：背景知识未表明属性populationUrbanDensity的主体只能是类Island，该公理无依据，与背景知识冲突。",0.0,1.0,
sample_0291,domain,domain(previousInfrastructure) = PublicTransitSystem,"背景知识：
条目1：
- 名称：previousInfrastructure
- 类型：Property
- 简介：previous infrastructure

条目2：
- 名称：PublicTransitSystem
- 类型：Class
- 简介：A public transit system is a shared passenger transportation service which is available for use by the general public. Public transport modes include buses, trolleybuses, trams and trains, 'rapid transit' (metro/subways/undergrounds etc) an...",0,Doubao-pro-128k,0.0,8192,https://api2.aigcbest.top/v1,"判断结果：[正确]
解释：公理表明属性previousInfrastructure的主体应属于PublicTransitSystem类，结合背景知识，从常识看公共交通系统可以有之前的基础设施，符合语义规则。",1.0,0.0,
sample_0292,domain,The domain of previousInfrastructure is PublicTransitSystem.,"背景知识：
条目1：
- 名称：previousInfrastructure
- 类型：Property
- 简介：previous infrastructure

条目2：
- 名称：PublicTransitSystem
- 类型：Class
- 简介：A public transit system is a shared passenger transportation service which is available for use by the general public. Public transport modes include buses, trolleybuses, trams and trains, 'rapid transit' (metro/subways/undergrounds etc) an...",0,Doubao-pro-128k,0.0,8192,https://api2.aigcbest.top/v1,"判断结果：[正确]
解释：公理表明属性previousInfrastructure的主体应属于PublicTransitSystem类，背景知识中虽未直接体现此关系，但从语义上看，previousInfrastructure可能是关于公共交通系统的先前基础设施，符合属性定义域设定的逻辑，不与背景知识和语义规则冲突。",1.0,0.0,
sample_0293,domain,"If a resource uses property previousInfrastructure as subject, then it should belong to class PublicTransitSystem.","背景知识：
条目1：
- 名称：previousInfrastructure
- 类型：Property
- 简介：previous infrastructure

条目2：
- 名称：PublicTransitSystem
- 类型：Class
- 简介：A public transit system is a shared passenger transportation service which is available for use by the general public. Public transport modes include buses, trolleybuses, trams and trains, 'rapid transit' (metro/subways/undergrounds etc) an...",0,Doubao-pro-128k,0.0,8192,https://api2.aigcbest.top/v1,"判断结果：[错误]
解释：背景知识仅给出previousInfrastructure是属性、PublicTransitSystem是类，未表明使用previousInfrastructure作为主体的资源应属于PublicTransitSystem类，无依据支持该公理。",0.0,1.0,
sample_0294,domain,"For any x and y, if x previousInfrastructure y holds, then x is an instance of PublicTransitSystem.","背景知识：
条目1：
- 名称：previousInfrastructure
- 类型：Property
- 简介：previous infrastructure

条目2：
- 名称：PublicTransitSystem
- 类型：Class
- 简介：A public transit system is a shared passenger transportation service which is available for use by the general public. Public transport modes include buses, trolleybuses, trams and trains, 'rapid transit' (metro/subways/undergrounds etc) an...",0,Doubao-pro-128k,0.0,8192,https://api2.aigcbest.top/v1,"判断结果：[错误]
解释：背景知识仅表明previousInfrastructure是属性、PublicTransitSystem是类，未给出二者语义关系，不能依据公理得出x previousInfrastructure y成立时x是PublicTransitSystem的实例，与语义规则冲突。",0.0,1.0,
sample_0295,domain,Property previousInfrastructure can only be applied to subjects of class PublicTransitSystem.,"背景知识：
条目1：
- 名称：previousInfrastructure
- 类型：Property
- 简介：previous infrastructure

条目2：
- 名称：PublicTransitSystem
- 类型：Class
- 简介：A public transit system is a shared passenger transportation service which is available for use by the general public. Public transport modes include buses, trolleybuses, trams and trains, 'rapid transit' (metro/subways/undergrounds etc) an...",0,Doubao-pro-128k,0.0,8192,https://api2.aigcbest.top/v1,"判断结果：[正确]
解释：公理表明属性previousInfrastructure的主体应属于类PublicTransitSystem，虽背景知识未明确此关系，但不与背景知识冲突，符合RDFS中domain的语义规则。",1.0,0.0,
sample_0296,domain,domain(projectBudgetTotal) = Work,"背景知识：
条目1：
- 名称：projectBudgetTotal
- 类型：Property
- 简介：The total budget of the research project.

条目2：
- 名称：Work
- 类型：Class
- 简介：Item on which time has been spent for its realisation. Actor can be a human on not (machine, insects, nature...)",0,Doubao-pro-128k,0.0,8192,https://api2.aigcbest.top/v1,"判断结果：[正确]
解释：根据RDFS语义规则，domain公理规定属性的主体应属于某一类，“projectBudgetTotal”是属性，“Work”是类，研究项目的总预算主体可看作是一项工作，符合“Work”类的范畴，所以该公理合理。",1.0,0.0,
sample_0297,domain,The domain of projectBudgetTotal is Work.,"背景知识：
条目1：
- 名称：projectBudgetTotal
- 类型：Property
- 简介：The total budget of the research project.

条目2：
- 名称：Work
- 类型：Class
- 简介：Item on which time has been spent for its realisation. Actor can be a human on not (machine, insects, nature...)",0,Doubao-pro-128k,0.0,8192,https://api2.aigcbest.top/v1,"判断结果：[正确]
解释：公理表明projectBudgetTotal属性的主体应属于Work类，从常识来看研究项目的预算主体可看作是一种工作，与背景知识和语义规则不冲突。",1.0,0.0,
sample_0298,domain,"If a resource uses property projectBudgetTotal as subject, then it should belong to class Work.","背景知识：
条目1：
- 名称：projectBudgetTotal
- 类型：Property
- 简介：The total budget of the research project.

条目2：
- 名称：Work
- 类型：Class
- 简介：Item on which time has been spent for its realisation. Actor can be a human on not (machine, insects, nature...)",0,Doubao-pro-128k,0.0,8192,https://api2.aigcbest.top/v1,"判断结果：[正确]
解释：公理表明使用projectBudgetTotal属性的主体应属于Work类，从常识看研究项目的预算主体可看作一种工作，符合RDFS中domain的语义规则。",1.0,0.0,
sample_0299,domain,"For any x and y, if x projectBudgetTotal y holds, then x is an instance of Work.","背景知识：
条目1：
- 名称：projectBudgetTotal
- 类型：Property
- 简介：The total budget of the research project.

条目2：
- 名称：Work
- 类型：Class
- 简介：Item on which time has been spent for its realisation. Actor can be a human on not (machine, insects, nature...)",0,Doubao-pro-128k,0.0,8192,https://api2.aigcbest.top/v1,"判断结果：[正确]
解释：公理表明若x projectBudgetTotal y成立，则x是Work的实例，结合背景知识，研究项目的总预算主体可看作一种工作，符合属性domain的语义规则。",1.0,0.0,
sample_0300,domain,Property projectBudgetTotal can only be applied to subjects of class Work.,"背景知识：
条目1：
- 名称：projectBudgetTotal
- 类型：Property
- 简介：The total budget of the research project.

条目2：
- 名称：Work
- 类型：Class
- 简介：Item on which time has been spent for its realisation. Actor can be a human on not (machine, insects, nature...)",0,Doubao-pro-128k,0.0,8192,https://api2.aigcbest.top/v1,"判断结果：[错误]
解释：背景知识未表明projectBudgetTotal属性只能应用于Work类的主体，且从常识看研究项目预算主体不一定只是Work类，该公理与背景知识和语义规则冲突。",0.0,1.0,
sample_0301,domain,domain(runtime) = Airline,"背景知识：
条目1：
- 名称：runtime
- 类型：Property
- 简介：runtime (m)

条目2：
- 名称：Airline
- 类型：Class
- 简介：airline",0,Doubao-pro-128k,0.0,8192,https://api2.aigcbest.top/v1,"判断结果：[错误]
解释：背景知识中runtime是属性，其简介未表明与Airline类相关，且从常识看runtime一般不用于描述航空公司，该公理违背语义规则。",0.0,1.0,
sample_0302,domain,The domain of runtime is Airline.,"背景知识：
条目1：
- 名称：runtime
- 类型：Property
- 简介：runtime (m)

条目2：
- 名称：Airline
- 类型：Class
- 简介：airline",0,Doubao-pro-128k,0.0,8192,https://api2.aigcbest.top/v1,"判断结果：[错误]
解释：背景知识中runtime是属性，Airline是类，从常识看运行时间属性的主体通常不是航空公司，该公理违背语义常识。",0.0,1.0,
sample_0303,domain,"If a resource uses property runtime as subject, then it should belong to class Airline.","背景知识：
条目1：
- 名称：runtime
- 类型：Property
- 简介：runtime (m)

条目2：
- 名称：Airline
- 类型：Class
- 简介：airline",0,Doubao-pro-128k,0.0,8192,https://api2.aigcbest.top/v1,"判断结果：[错误]
解释：背景知识仅表明runtime是属性，Airline是类，未体现使用runtime作为主体的资源应属于Airline类，此公理无依据，与背景知识和语义规则冲突。",0.0,1.0,
sample_0304,domain,"For any x and y, if x runtime y holds, then x is an instance of Airline.","背景知识：
条目1：
- 名称：runtime
- 类型：Property
- 简介：runtime (m)

条目2：
- 名称：Airline
- 类型：Class
- 简介：airline",0,Doubao-pro-128k,0.0,8192,https://api2.aigcbest.top/v1,"判断结果：[错误]
解释：背景知识未表明runtime属性的主体应属于Airline类，无法从x runtime y得出x是Airline的实例，与语义规则冲突。",0.0,1.0,
sample_0305,domain,Property runtime can only be applied to subjects of class Airline.,"背景知识：
条目1：
- 名称：runtime
- 类型：Property
- 简介：runtime (m)

条目2：
- 名称：Airline
- 类型：Class
- 简介：airline",0,Doubao-pro-128k,0.0,8192,https://api2.aigcbest.top/v1,"判断结果：[错误]
解释：背景知识中未表明属性runtime的主体必须属于类Airline，该公理与背景知识存在明显冲突。",0.0,1.0,
sample_0306,range,range(academicAdvisor) = College,"背景知识：
条目1：
- 名称：academicAdvisor
- 类型：Property
- 简介：academic advisor

条目2：
- 名称：College
- 类型：Class
- 简介：college",0,Doubao-pro-128k,0.0,8192,https://api2.aigcbest.top/v1,"判断结果：[错误]
解释：背景知识中“academicAdvisor”是属性，“College”是类，从常识看学术导师通常是人而非学院，该公理不满足语义规则，属性“academicAdvisor”的客体不应是“College”类。",0.0,1.0,
sample_0307,range,The range of academicAdvisor is College.,"背景知识：
条目1：
- 名称：academicAdvisor
- 类型：Property
- 简介：academic advisor

条目2：
- 名称：College
- 类型：Class
- 简介：college",0,Doubao-pro-128k,0.0,8192,https://api2.aigcbest.top/v1,"判断结果：[错误]
解释：背景知识中“academicAdvisor”是属性，“College”是类，按常识学术导师的范围通常是人而非学院，此公理的语义与常识冲突，不符合合理的语义关系。",0.0,1.0,
sample_0308,range,"If a resource appears as the object of property academicAdvisor, then it should belong to class College.","背景知识：
条目1：
- 名称：academicAdvisor
- 类型：Property
- 简介：academic advisor

条目2：
- 名称：College
- 类型：Class
- 简介：college",0,Doubao-pro-128k,0.0,8192,https://api2.aigcbest.top/v1,"判断结果：[错误]
解释：背景知识未给出属性academicAdvisor的客体应属于类College的信息，无法得出该公理结论，与语义规则存在冲突。",0.0,1.0,
sample_0309,range,"For any x and y, if x academicAdvisor y holds, then y is an instance of College.","背景知识：
条目1：
- 名称：academicAdvisor
- 类型：Property
- 简介：academic advisor

条目2：
- 名称：College
- 类型：Class
- 简介：college",0,Doubao-pro-128k,0.0,8192,https://api2.aigcbest.top/v1,"判断结果：[错误]
解释：背景知识中未表明属性academicAdvisor的客体应属于College类，此公理与背景知识和语义规则冲突。",0.0,1.0,
sample_0310,range,Property academicAdvisor can only point to objects of class College.,"背景知识：
条目1：
- 名称：academicAdvisor
- 类型：Property
- 简介：academic advisor

条目2：
- 名称：College
- 类型：Class
- 简介：college",0,Doubao-pro-128k,0.0,8192,https://api2.aigcbest.top/v1,"判断结果：[错误]
解释：背景知识未表明“academicAdvisor”属性的客体应属于“College”类，仅从常识看学术导师关系的客体通常不是学院，该公理与背景知识和语义规则存在明显冲突。",0.0,1.0,
sample_0311,range,range(administrativeDistrict) = PopulatedPlace,"背景知识：
条目1：
- 名称：administrativeDistrict
- 类型：Property
- 简介：administrative district

条目2：
- 名称：PopulatedPlace
- 类型：Class
- 简介：As defined by the United States Geological Survey, a populated place is a place or area with clustered or scattered buildings and a permanent human population (city, settlement, town, or village) referenced with geographic coordinates (http...",1,Doubao-pro-128k,0.0,8192,https://api2.aigcbest.top/v1,"判断结果：[正确]
解释：公理表明属性administrativeDistrict的客体应属于PopulatedPlace类，结合常识行政区域通常与有人口聚居的地方相关，符合语义规则，与背景知识不冲突。",1.0,1.0,
sample_0312,range,The range of administrativeDistrict is PopulatedPlace.,"背景知识：
条目1：
- 名称：administrativeDistrict
- 类型：Property
- 简介：administrative district

条目2：
- 名称：PopulatedPlace
- 类型：Class
- 简介：As defined by the United States Geological Survey, a populated place is a place or area with clustered or scattered buildings and a permanent human population (city, settlement, town, or village) referenced with geographic coordinates (http...",1,Doubao-pro-128k,0.0,8192,https://api2.aigcbest.top/v1,"判断结果：[正确]
解释：公理表明“administrativeDistrict”属性的客体应属于“PopulatedPlace”类，结合背景知识，行政区域通常与有人口居住的地方相关，符合语义规则，所以该公理合理。",1.0,1.0,
sample_0313,range,"If a resource appears as the object of property administrativeDistrict, then it should belong to class PopulatedPlace.","背景知识：
条目1：
- 名称：administrativeDistrict
- 类型：Property
- 简介：administrative district

条目2：
- 名称：PopulatedPlace
- 类型：Class
- 简介：As defined by the United States Geological Survey, a populated place is a place or area with clustered or scattered buildings and a permanent human population (city, settlement, town, or village) referenced with geographic coordinates (http...",1,Doubao-pro-128k,0.0,8192,https://api2.aigcbest.top/v1,"判断结果：[正确]
解释：公理表明属性administrativeDistrict的客体应属于类PopulatedPlace，符合RDFS中range的语义规则，且结合常识行政区域通常与有人居住的地方相关，与背景知识不冲突。",1.0,1.0,
sample_0314,range,"For any x and y, if x administrativeDistrict y holds, then y is an instance of PopulatedPlace.","背景知识：
条目1：
- 名称：administrativeDistrict
- 类型：Property
- 简介：administrative district

条目2：
- 名称：PopulatedPlace
- 类型：Class
- 简介：As defined by the United States Geological Survey, a populated place is a place or area with clustered or scattered buildings and a permanent human population (city, settlement, town, or village) referenced with geographic coordinates (http...",1,Doubao-pro-128k,0.0,8192,https://api2.aigcbest.top/v1,"判断结果：[正确]
解释：公理表明属性administrativeDistrict的客体应属于PopulatedPlace类，结合背景知识，行政区域通常与有人口聚居的地方相关，符合语义规则。",1.0,1.0,
sample_0315,range,Property administrativeDistrict can only point to objects of class PopulatedPlace.,"背景知识：
条目1：
- 名称：administrativeDistrict
- 类型：Property
- 简介：administrative district

条目2：
- 名称：PopulatedPlace
- 类型：Class
- 简介：As defined by the United States Geological Survey, a populated place is a place or area with clustered or scattered buildings and a permanent human population (city, settlement, town, or village) referenced with geographic coordinates (http...",1,Doubao-pro-128k,0.0,8192,https://api2.aigcbest.top/v1,"判断结果：[正确]
解释：公理表明属性administrativeDistrict的客体应属于PopulatedPlace类，结合背景知识，行政区域通常指向有人口居住的地方，与PopulatedPlace类的定义相符，符合RDFS的range语义规则。",1.0,1.0,
sample_0316,range,range(affiliation) = Athlete,"背景知识：
条目1：
- 名称：affiliation
- 类型：Property
- 简介：affiliation

条目2：
- 名称：Athlete
- 类型：Class
- 简介：athlete",0,Doubao-pro-128k,0.0,8192,https://api2.aigcbest.top/v1,"判断结果：[错误]
解释：背景知识未表明affiliation属性的客体一定属于Athlete类，仅根据现有信息不能得出range(affiliation) = Athlete，该公理与背景知识不匹配。",0.0,1.0,
sample_0317,range,The range of affiliation is Athlete.,"背景知识：
条目1：
- 名称：affiliation
- 类型：Property
- 简介：affiliation

条目2：
- 名称：Athlete
- 类型：Class
- 简介：athlete",0,Doubao-pro-128k,0.0,8192,https://api2.aigcbest.top/v1,"判断结果：[错误]
解释：背景知识仅表明“affiliation”是属性、“Athlete”是类，但未表明“affiliation”属性的客体应属于“Athlete”类，且从常识看“affiliation”的范围不一定只是“Athlete”，该公理与背景知识和语义规则存在冲突。",0.0,1.0,
sample_0318,range,"If a resource appears as the object of property affiliation, then it should belong to class Athlete.","背景知识：
条目1：
- 名称：affiliation
- 类型：Property
- 简介：affiliation

条目2：
- 名称：Athlete
- 类型：Class
- 简介：athlete",0,Doubao-pro-128k,0.0,8192,https://api2.aigcbest.top/v1,"判断结果：[错误]
解释：背景知识未表明属性affiliation的客体应属于类Athlete，仅根据现有信息不能得出该公理结论，所以公理不合理。",0.0,1.0,
sample_0319,range,"For any x and y, if x affiliation y holds, then y is an instance of Athlete.","背景知识：
条目1：
- 名称：affiliation
- 类型：Property
- 简介：affiliation

条目2：
- 名称：Athlete
- 类型：Class
- 简介：athlete",0,Doubao-pro-128k,0.0,8192,https://api2.aigcbest.top/v1,"判断结果：[错误]
解释：背景知识仅表明“affiliation”是属性、“Athlete”是类，未表明“affiliation”属性客体一定是“Athlete”的实例，公理无依据，与语义规则冲突。",0.0,1.0,
sample_0320,range,Property affiliation can only point to objects of class Athlete.,"背景知识：
条目1：
- 名称：affiliation
- 类型：Property
- 简介：affiliation

条目2：
- 名称：Athlete
- 类型：Class
- 简介：athlete",0,Doubao-pro-128k,0.0,8192,https://api2.aigcbest.top/v1,"判断结果：[错误]
解释：背景知识未表明affiliation属性的客体必须是Athlete类，仅依据此公理无法得出该属性只能指向Athlete类对象，与背景知识和语义规则存在冲突。",0.0,1.0,
sample_0321,range,range(album) = Athlete,"背景知识：
条目1：
- 名称：album
- 类型：Property
- 简介：album

条目2：
- 名称：Athlete
- 类型：Class
- 简介：athlete",0,Doubao-pro-128k,0.0,8192,https://api2.aigcbest.top/v1,"判断结果：[错误]
解释：背景知识中“album”是属性，“Athlete”是类，从常识看“album”属性的客体通常不是“运动员”，该公理与常识冲突，所以错误。",0.0,1.0,
sample_0322,range,The range of album is Athlete.,"背景知识：
条目1：
- 名称：album
- 类型：Property
- 简介：album

条目2：
- 名称：Athlete
- 类型：Class
- 简介：athlete",0,Doubao-pro-128k,0.0,8192,https://api2.aigcbest.top/v1,"判断结果：[错误]
解释：背景知识中album是属性，常识中album通常指专辑，其客体一般是音乐、图片等内容，而不是Athlete（运动员），与语义规则和常识冲突。",0.0,1.0,
sample_0323,range,"If a resource appears as the object of property album, then it should belong to class Athlete.","背景知识：
条目1：
- 名称：album
- 类型：Property
- 简介：album

条目2：
- 名称：Athlete
- 类型：Class
- 简介：athlete",0,Doubao-pro-128k,0.0,8192,https://api2.aigcbest.top/v1,"判断结果：[错误]
解释：背景知识未表明album属性的客体应属于Athlete类，且从常识看，album属性的客体通常不是运动员，与语义规则和常识不符。",0.0,1.0,
sample_0324,range,"For any x and y, if x album y holds, then y is an instance of Athlete.","背景知识：
条目1：
- 名称：album
- 类型：Property
- 简介：album

条目2：
- 名称：Athlete
- 类型：Class
- 简介：athlete",0,Doubao-pro-128k,0.0,8192,https://api2.aigcbest.top/v1,"判断结果：[错误]
解释：背景知识中未表明属性album的客体应属于Athlete类，公理约束与背景知识无对应关系，故判定为错误。",0.0,1.0,
sample_0325,range,Property album can only point to objects of class Athlete.,"背景知识：
条目1：
- 名称：album
- 类型：Property
- 简介：album

条目2：
- 名称：Athlete
- 类型：Class
- 简介：athlete",0,Doubao-pro-128k,0.0,8192,https://api2.aigcbest.top/v1,"判断结果：[错误]
解释：背景知识中未表明属性album与类Athlete存在属性客体应属于该类的关系，且无相关常识支持此关系，所以该公理错误。",0.0,1.0,
sample_0326,range,range(alongside) = Department,"背景知识：
条目1：
- 名称：alongside
- 类型：Property
- 简介：alongside

条目2：
- 名称：Department
- 类型：Class
- 简介：department",0,Doubao-pro-128k,0.0,8192,https://api2.aigcbest.top/v1,"判断结果：[无法判断]
解释：背景知识仅给出alongside为属性、Department为类，未提供有关alongside属性客体所属类的信息，无法依据现有信息判断该公理是否合理。",,,
sample_0327,range,The range of alongside is Department.,"背景知识：
条目1：
- 名称：alongside
- 类型：Property
- 简介：alongside

条目2：
- 名称：Department
- 类型：Class
- 简介：department",0,Doubao-pro-128k,0.0,8192,https://api2.aigcbest.top/v1,"判断结果：[无法判断]
解释：背景知识仅给出了alongside为属性、Department为类，未提供关于alongside属性客体的相关信息，无法依据现有背景知识和语义规则判断“alongside的范围是Department”这一公理是否合理。",,,
sample_0328,range,"If a resource appears as the object of property alongside, then it should belong to class Department.","背景知识：
条目1：
- 名称：alongside
- 类型：Property
- 简介：alongside

条目2：
- 名称：Department
- 类型：Class
- 简介：department",0,Doubao-pro-128k,0.0,8192,https://api2.aigcbest.top/v1,"判断结果：[无法判断]
解释：背景知识仅给出了alongside是属性、Department是类，未提供关于alongside属性客体所属类的信息，无法依据背景知识和语义规则判断该公理是否合理。",,,
sample_0329,range,"For any x and y, if x alongside y holds, then y is an instance of Department.","背景知识：
条目1：
- 名称：alongside
- 类型：Property
- 简介：alongside

条目2：
- 名称：Department
- 类型：Class
- 简介：department",0,Doubao-pro-128k,0.0,8192,https://api2.aigcbest.top/v1,"判断结果：[错误]
解释：背景知识仅表明“alongside”是属性、“Department”是类，未给出“alongside”属性的客体必须是“Department”实例的信息，该公理无依据，与背景知识冲突。",0.0,1.0,
sample_0330,range,Property alongside can only point to objects of class Department.,"背景知识：
条目1：
- 名称：alongside
- 类型：Property
- 简介：alongside

条目2：
- 名称：Department
- 类型：Class
- 简介：department",0,Doubao-pro-128k,0.0,8192,https://api2.aigcbest.top/v1,"判断结果：[无法判断]
解释：背景知识仅定义了alongside为属性、Department为类，未提供能判断alongside属性的客体是否只能是Department类对象的信息。",,,
sample_0331,range,range(architect) = Place,"背景知识：
条目1：
- 名称：architect
- 类型：Property
- 简介：architect

条目2：
- 名称：Place
- 类型：Class
- 简介：place",0,Doubao-pro-128k,0.0,8192,https://api2.aigcbest.top/v1,"判断结果：[正确]
解释：背景知识表明“architect”是属性，“Place”是类，公理“range(architect) = Place”表示属性“architect”的客体应属于“Place”类，符合RDFS中“range”的语义规则，不存在冲突。",1.0,0.0,
sample_0332,range,The range of architect is Place.,"背景知识：
条目1：
- 名称：architect
- 类型：Property
- 简介：architect

条目2：
- 名称：Place
- 类型：Class
- 简介：place",0,Doubao-pro-128k,0.0,8192,https://api2.aigcbest.top/v1,"判断结果：[错误]
解释：背景知识中仅表明“architect”是属性，未体现其客体应属于“Place”类，从常识看“architect”通常指建筑师，其客体一般不是“Place”，与语义规则和常识不符。",0.0,1.0,
sample_0333,range,"If a resource appears as the object of property architect, then it should belong to class Place.","背景知识：
条目1：
- 名称：architect
- 类型：Property
- 简介：architect

条目2：
- 名称：Place
- 类型：Class
- 简介：place",0,Doubao-pro-128k,0.0,8192,https://api2.aigcbest.top/v1,"判断结果：[正确]
解释：公理表明属性architect的客体应属于类Place，结合背景知识，符合RDFS中range公理的语义规则，不存在冲突。",1.0,0.0,
sample_0334,range,"For any x and y, if x architect y holds, then y is an instance of Place.","背景知识：
条目1：
- 名称：architect
- 类型：Property
- 简介：architect

条目2：
- 名称：Place
- 类型：Class
- 简介：place",0,Doubao-pro-128k,0.0,8192,https://api2.aigcbest.top/v1,"判断结果：[正确]
解释：公理表明属性“architect”的客体应属于“Place”类，结合背景知识，从语义规则上看该约束合理。",1.0,0.0,
sample_0335,range,Property architect can only point to objects of class Place.,"背景知识：
条目1：
- 名称：architect
- 类型：Property
- 简介：architect

条目2：
- 名称：Place
- 类型：Class
- 简介：place",0,Doubao-pro-128k,0.0,8192,https://api2.aigcbest.top/v1,"判断结果：[正确]
解释：公理表明属性architect的客体应属于类Place，结合背景知识有属性architect和类Place，符合RDFS中range的语义规则，所以该公理合理。",1.0,0.0,
sample_0336,range,range(arrondissement) = Organisation,"背景知识：
条目1：
- 名称：arrondissement
- 类型：Property
- 简介：arrondissement

条目2：
- 名称：Organisation
- 类型：Class
- 简介：organisation",0,Doubao-pro-128k,0.0,8192,https://api2.aigcbest.top/v1,"判断结果：[无法判断]
解释：背景知识仅表明“arrondissement”是属性、“Organisation”是类，未提供关于“arrondissement”属性客体所属类别的信息，无法依据现有信息判断“range(arrondissement) = Organisation”是否合理。",,,
sample_0337,range,The range of arrondissement is Organisation.,"背景知识：
条目1：
- 名称：arrondissement
- 类型：Property
- 简介：arrondissement

条目2：
- 名称：Organisation
- 类型：Class
- 简介：organisation",0,Doubao-pro-128k,0.0,8192,https://api2.aigcbest.top/v1,"判断结果：[无法确定]
解释：背景知识仅表明“arrondissement”是属性、“Organisation”是类，未提供关于“arrondissement”属性客体所属类别的信息，无法依据现有信息判断该公理是否合理。",,,
sample_0338,range,"If a resource appears as the object of property arrondissement, then it should belong to class Organisation.","背景知识：
条目1：
- 名称：arrondissement
- 类型：Property
- 简介：arrondissement

条目2：
- 名称：Organisation
- 类型：Class
- 简介：organisation",0,Doubao-pro-128k,0.0,8192,https://api2.aigcbest.top/v1,"判断结果：[无法判断]
解释：背景知识仅表明arrondissement是属性、Organisation是类，未给出二者关系，无法依据现有信息判断该公理是否合理。",,,
sample_0339,range,"For any x and y, if x arrondissement y holds, then y is an instance of Organisation.","背景知识：
条目1：
- 名称：arrondissement
- 类型：Property
- 简介：arrondissement

条目2：
- 名称：Organisation
- 类型：Class
- 简介：organisation",0,Doubao-pro-128k,0.0,8192,https://api2.aigcbest.top/v1,"判断结果：[无法判断]
解释：背景知识仅表明“arrondissement”是属性，“Organisation”是类，未提供“arrondissement”属性与“Organisation”类之间的关系信息，无法依据现有信息判断公理是否合理。",,,
sample_0340,range,Property arrondissement can only point to objects of class Organisation.,"背景知识：
条目1：
- 名称：arrondissement
- 类型：Property
- 简介：arrondissement

条目2：
- 名称：Organisation
- 类型：Class
- 简介：organisation",0,Doubao-pro-128k,0.0,8192,https://api2.aigcbest.top/v1,"判断结果：[无法判断]
解释：背景知识仅表明“arrondissement”是属性、“Organisation”是类，未提供关于“arrondissement”属性指向客体类别的信息，无法依据现有信息判断该公理是否合理。",,,
sample_0341,range,range(associate) = BroadcastNetwork,"背景知识：
条目1：
- 名称：associate
- 类型：Property
- 简介：associate

条目2：
- 名称：BroadcastNetwork
- 类型：Class
- 简介：A broadcast network is an organization, such as a corporation or other association, that provides live or recorded content, such as movies, newscasts, sports, and public affairs programs for broadcast over a group of radio or television sta...",0,Doubao-pro-128k,0.0,8192,https://api2.aigcbest.top/v1,"判断结果：[错误]
解释：背景知识中未表明“associate”属性的客体应属于“BroadcastNetwork”类，仅给出“associate”是属性及“BroadcastNetwork”是类的信息，无法得出该公理的范围约束，所以该公理不合理。",0.0,1.0,
sample_0342,range,The range of associate is BroadcastNetwork.,"背景知识：
条目1：
- 名称：associate
- 类型：Property
- 简介：associate

条目2：
- 名称：BroadcastNetwork
- 类型：Class
- 简介：A broadcast network is an organization, such as a corporation or other association, that provides live or recorded content, such as movies, newscasts, sports, and public affairs programs for broadcast over a group of radio or television sta...",0,Doubao-pro-128k,0.0,8192,https://api2.aigcbest.top/v1,"判断结果：[错误]
解释：背景知识未表明“associate”属性的客体应属于“BroadcastNetwork”类，无法得出该属性的范围是“BroadcastNetwork”，与语义规则存在冲突。",0.0,1.0,
sample_0343,range,"If a resource appears as the object of property associate, then it should belong to class BroadcastNetwork.","背景知识：
条目1：
- 名称：associate
- 类型：Property
- 简介：associate

条目2：
- 名称：BroadcastNetwork
- 类型：Class
- 简介：A broadcast network is an organization, such as a corporation or other association, that provides live or recorded content, such as movies, newscasts, sports, and public affairs programs for broadcast over a group of radio or television sta...",0,Doubao-pro-128k,0.0,8192,https://api2.aigcbest.top/v1,"判断结果：[错误]
解释：背景知识中仅说明了associate是属性、BroadcastNetwork是类，未表明associate属性的客体应属于BroadcastNetwork类，公理缺乏依据，与背景知识冲突。",0.0,1.0,
sample_0344,range,"For any x and y, if x associate y holds, then y is an instance of BroadcastNetwork.","背景知识：
条目1：
- 名称：associate
- 类型：Property
- 简介：associate

条目2：
- 名称：BroadcastNetwork
- 类型：Class
- 简介：A broadcast network is an organization, such as a corporation or other association, that provides live or recorded content, such as movies, newscasts, sports, and public affairs programs for broadcast over a group of radio or television sta...",0,Doubao-pro-128k,0.0,8192,https://api2.aigcbest.top/v1,"判断结果：[错误]
解释：背景知识仅表明“associate”是属性，未表明“associate”关系的客体一定是“BroadcastNetwork”的实例，该公理与背景知识冲突。",0.0,1.0,
sample_0345,range,Property associate can only point to objects of class BroadcastNetwork.,"背景知识：
条目1：
- 名称：associate
- 类型：Property
- 简介：associate

条目2：
- 名称：BroadcastNetwork
- 类型：Class
- 简介：A broadcast network is an organization, such as a corporation or other association, that provides live or recorded content, such as movies, newscasts, sports, and public affairs programs for broadcast over a group of radio or television sta...",0,Doubao-pro-128k,0.0,8192,https://api2.aigcbest.top/v1,"判断结果：[错误]
解释：背景知识中未给出“associate”属性与“BroadcastNetwork”类的关系，不能得出“associate”属性只能指向“BroadcastNetwork”类对象的结论。",0.0,1.0,
sample_0346,range,range(automobilePlatform) = Album,"背景知识：
条目1：
- 名称：automobilePlatform
- 类型：Property
- 简介：automobile platform

条目2：
- 名称：Album
- 类型：Class
- 简介：album",0,Doubao-pro-128k,0.0,8192,https://api2.aigcbest.top/v1,"判断结果：[错误]
解释：背景知识表明automobilePlatform是汽车平台属性，Album是专辑类，从常识和语义规则看，汽车平台属性的客体不应属于专辑类，该公理与常识及语义规则冲突。",0.0,1.0,
sample_0347,range,The range of automobilePlatform is Album.,"背景知识：
条目1：
- 名称：automobilePlatform
- 类型：Property
- 简介：automobile platform

条目2：
- 名称：Album
- 类型：Class
- 简介：album",0,Doubao-pro-128k,0.0,8192,https://api2.aigcbest.top/v1,"判断结果：[错误]
解释：背景知识中“automobilePlatform”是汽车平台属性，“Album”是专辑类，常识上汽车平台属性的客体不应属于专辑类，与语义规则和常识冲突。",0.0,1.0,
sample_0348,range,"If a resource appears as the object of property automobilePlatform, then it should belong to class Album.","背景知识：
条目1：
- 名称：automobilePlatform
- 类型：Property
- 简介：automobile platform

条目2：
- 名称：Album
- 类型：Class
- 简介：album",0,Doubao-pro-128k,0.0,8192,https://api2.aigcbest.top/v1,"判断结果：[错误]
解释：背景知识中“automobilePlatform”是汽车平台属性，“Album”是专辑类，常识上汽车平台属性的客体不应属于专辑类，该公理与常识冲突。",0.0,1.0,
sample_0349,range,"For any x and y, if x automobilePlatform y holds, then y is an instance of Album.","背景知识：
条目1：
- 名称：automobilePlatform
- 类型：Property
- 简介：automobile platform

条目2：
- 名称：Album
- 类型：Class
- 简介：album",0,Doubao-pro-128k,0.0,8192,https://api2.aigcbest.top/v1,"判断结果：[错误]
解释：背景知识中未表明automobilePlatform属性与Album类有语义关联，公理中要求automobilePlatform属性的客体是Album类的实例缺乏依据，与背景知识和语义规则冲突。",0.0,1.0,
sample_0350,range,Property automobilePlatform can only point to objects of class Album.,"背景知识：
条目1：
- 名称：automobilePlatform
- 类型：Property
- 简介：automobile platform

条目2：
- 名称：Album
- 类型：Class
- 简介：album",0,Doubao-pro-128k,0.0,8192,https://api2.aigcbest.top/v1,"判断结果：[错误]
解释：背景知识中automobilePlatform是汽车平台属性，Album是专辑类，常识上汽车平台属性指向的客体不应是专辑类，该公理与常识冲突。",0.0,1.0,
sample_0351,range,range(automobilePlatform) = Automobile,"背景知识：
条目1：
- 名称：automobilePlatform
- 类型：Property
- 简介：automobile platform

条目2：
- 名称：Automobile
- 类型：Class
- 简介：automobile",1,Doubao-pro-128k,0.0,8192,https://api2.aigcbest.top/v1,"判断结果：[正确]
解释：背景知识表明automobilePlatform是属性，Automobile是类，公理表示automobilePlatform属性的客体应属于Automobile类，符合RDFS中range的语义规则，不存在冲突。",1.0,1.0,
sample_0352,range,The range of automobilePlatform is Automobile.,"背景知识：
条目1：
- 名称：automobilePlatform
- 类型：Property
- 简介：automobile platform

条目2：
- 名称：Automobile
- 类型：Class
- 简介：automobile",1,Doubao-pro-128k,0.0,8192,https://api2.aigcbest.top/v1,"判断结果：[正确]
解释：公理表明automobilePlatform属性的客体应属于Automobile类，结合背景知识，“automobile platform”可理解为汽车平台，其客体属于汽车类是合理的，符合RDFS中range的语义规则。",1.0,1.0,
sample_0353,range,"If a resource appears as the object of property automobilePlatform, then it should belong to class Automobile.","背景知识：
条目1：
- 名称：automobilePlatform
- 类型：Property
- 简介：automobile platform

条目2：
- 名称：Automobile
- 类型：Class
- 简介：automobile",1,Doubao-pro-128k,0.0,8192,https://api2.aigcbest.top/v1,"判断结果：[正确]
解释：公理表明属性automobilePlatform的客体应属于类Automobile，符合RDFS中range的语义规则，且与背景知识不冲突。",1.0,1.0,
sample_0354,range,"For any x and y, if x automobilePlatform y holds, then y is an instance of Automobile.","背景知识：
条目1：
- 名称：automobilePlatform
- 类型：Property
- 简介：automobile platform

条目2：
- 名称：Automobile
- 类型：Class
- 简介：automobile",1,Doubao-pro-128k,0.0,8192,https://api2.aigcbest.top/v1,"判断结果：[错误]
解释：背景知识仅表明automobilePlatform是属性、Automobile是类，未给出automobilePlatform属性的客体应属于Automobile类的信息，该公理无依据。",0.0,0.0,
sample_0355,range,Property automobilePlatform can only point to objects of class Automobile.,"背景知识：
条目1：
- 名称：automobilePlatform
- 类型：Property
- 简介：automobile platform

条目2：
- 名称：Automobile
- 类型：Class
- 简介：automobile",1,Doubao-pro-128k,0.0,8192,https://api2.aigcbest.top/v1,"判断结果：[正确]
解释：公理表明属性automobilePlatform的客体应属于Automobile类，结合背景知识可知，从常识上汽车平台与汽车相关，该公理符合RDFS中range的语义规则。",1.0,1.0,
sample_0356,range,range(basedOn) = Band,"背景知识：
条目1：
- 名称：basedOn
- 类型：Property
- 简介：based on

条目2：
- 名称：Band
- 类型：Class
- 简介：Band",0,Doubao-pro-128k,0.0,8192,https://api2.aigcbest.top/v1,"判断结果：[错误]
解释：背景知识未表明属性“basedOn”的客体应属于类“Band”，仅从现有信息不能确定该范围约束，此公理缺乏依据。",0.0,1.0,
sample_0357,range,The range of basedOn is Band.,"背景知识：
条目1：
- 名称：basedOn
- 类型：Property
- 简介：based on

条目2：
- 名称：Band
- 类型：Class
- 简介：Band",0,Doubao-pro-128k,0.0,8192,https://api2.aigcbest.top/v1,"判断结果：[错误]
解释：背景知识未表明“basedOn”属性的客体应属于“Band”类，仅从现有信息无法得出该公理合理，所以判定为错误。",0.0,1.0,
sample_0358,range,"If a resource appears as the object of property basedOn, then it should belong to class Band.","背景知识：
条目1：
- 名称：basedOn
- 类型：Property
- 简介：based on

条目2：
- 名称：Band
- 类型：Class
- 简介：Band",0,Doubao-pro-128k,0.0,8192,https://api2.aigcbest.top/v1,"判断结果：[错误]
解释：背景知识中未表明属性basedOn的客体应属于类Band，该公理无背景知识支撑，不符合语义规则。",0.0,1.0,
sample_0359,range,"For any x and y, if x basedOn y holds, then y is an instance of Band.","背景知识：
条目1：
- 名称：basedOn
- 类型：Property
- 简介：based on

条目2：
- 名称：Band
- 类型：Class
- 简介：Band",0,Doubao-pro-128k,0.0,8192,https://api2.aigcbest.top/v1,"判断结果：[错误]
解释：背景知识仅表明“basedOn”是属性、“Band”是类，未表明“basedOn”属性的客体一定是“Band”类的实例，该公理与背景知识冲突。",0.0,1.0,
sample_0360,range,Property basedOn can only point to objects of class Band.,"背景知识：
条目1：
- 名称：basedOn
- 类型：Property
- 简介：based on

条目2：
- 名称：Band
- 类型：Class
- 简介：Band",0,Doubao-pro-128k,0.0,8192,https://api2.aigcbest.top/v1,"判断结果：[无法确定]
解释：背景知识仅给出了basedOn是属性、Band是类的信息，未提供足够依据判断basedOn属性是否只能指向Band类的对象。",,,
sample_0361,range,range(beatifiedBy) = Person,"背景知识：
条目1：
- 名称：beatifiedBy
- 类型：Property
- 简介：beatified by

条目2：
- 名称：Person
- 类型：Class
- 简介：person",1,Doubao-pro-128k,0.0,8192,https://api2.aigcbest.top/v1,"判断结果：[正确]
解释：公理表明beatifiedBy属性的客体应属于Person类，背景知识中存在beatifiedBy属性和Person类，从语义上看被宣福的客体是人合理，符合RDFS的range语义规则。",1.0,1.0,
sample_0362,range,The range of beatifiedBy is Person.,"背景知识：
条目1：
- 名称：beatifiedBy
- 类型：Property
- 简介：beatified by

条目2：
- 名称：Person
- 类型：Class
- 简介：person",1,Doubao-pro-128k,0.0,8192,https://api2.aigcbest.top/v1,"判断结果：[正确]
解释：公理表明beatifiedBy属性的客体应属于Person类，结合背景知识，从常识看被宣福的客体通常是人，符合语义规则。",1.0,1.0,
sample_0363,range,"If a resource appears as the object of property beatifiedBy, then it should belong to class Person.","背景知识：
条目1：
- 名称：beatifiedBy
- 类型：Property
- 简介：beatified by

条目2：
- 名称：Person
- 类型：Class
- 简介：person",1,Doubao-pro-128k,0.0,8192,https://api2.aigcbest.top/v1,"判断结果：[正确]
解释：根据背景知识可知有属性beatifiedBy和类Person，该公理表明beatifiedBy属性的客体应属于Person类，符合RDFS中range公理的语义规则，没有与背景知识或语义规则冲突。",1.0,1.0,
sample_0364,range,"For any x and y, if x beatifiedBy y holds, then y is an instance of Person.","背景知识：
条目1：
- 名称：beatifiedBy
- 类型：Property
- 简介：beatified by

条目2：
- 名称：Person
- 类型：Class
- 简介：person",1,Doubao-pro-128k,0.0,8192,https://api2.aigcbest.top/v1,"判断结果：[正确]
解释：公理表明beatifiedBy属性的客体是Person类的实例，背景知识中有beatifiedBy属性和Person类，从语义上看被祝圣的主体由人来执行符合常识，符合RDFS规则。",1.0,1.0,
sample_0365,range,Property beatifiedBy can only point to objects of class Person.,"背景知识：
条目1：
- 名称：beatifiedBy
- 类型：Property
- 简介：beatified by

条目2：
- 名称：Person
- 类型：Class
- 简介：person",1,Doubao-pro-128k,0.0,8192,https://api2.aigcbest.top/v1,"判断结果：[正确]
解释：公理表明属性beatifiedBy的客体应属于类Person，符合背景知识且不违背语义规则。",1.0,1.0,
sample_0366,range,range(billed) = Award,"背景知识：
条目1：
- 名称：billed
- 类型：Property
- 简介：billed

条目2：
- 名称：Award
- 类型：Class
- 简介：award",0,Doubao-pro-128k,0.0,8192,https://api2.aigcbest.top/v1,"判断结果：[错误]
解释：背景知识中仅表明“billed”是属性，“Award”是类，无依据表明“billed”属性的客体应属于“Award”类，该公理与背景知识和语义规则存在冲突。",0.0,1.0,
sample_0367,range,The range of billed is Award.,"背景知识：
条目1：
- 名称：billed
- 类型：Property
- 简介：billed

条目2：
- 名称：Award
- 类型：Class
- 简介：award",0,Doubao-pro-128k,0.0,8192,https://api2.aigcbest.top/v1,"判断结果：[错误]
解释：背景知识中仅表明“billed”是属性、“Award”是类，未体现“billed”属性的客体应属于“Award”类，且从常识难以判断该语义关系合理，所以该公理错误。",0.0,1.0,
sample_0368,range,"If a resource appears as the object of property billed, then it should belong to class Award.","背景知识：
条目1：
- 名称：billed
- 类型：Property
- 简介：billed

条目2：
- 名称：Award
- 类型：Class
- 简介：award",0,Doubao-pro-128k,0.0,8192,https://api2.aigcbest.top/v1,"判断结果：[无法判断]
解释：背景知识仅给出了billed是属性、Award是类，未提供关于billed属性客体所属类的信息，无法依据现有信息判断该公理是否合理。",,,
sample_0369,range,"For any x and y, if x billed y holds, then y is an instance of Award.","背景知识：
条目1：
- 名称：billed
- 类型：Property
- 简介：billed

条目2：
- 名称：Award
- 类型：Class
- 简介：award",0,Doubao-pro-128k,0.0,8192,https://api2.aigcbest.top/v1,"判断结果：[错误]
解释：背景知识仅表明“billed”是属性，“Award”是类，未给出“billed”属性的客体应属于“Award”类的信息，公理无依据，与背景知识冲突。",0.0,1.0,
sample_0370,range,Property billed can only point to objects of class Award.,"背景知识：
条目1：
- 名称：billed
- 类型：Property
- 简介：billed

条目2：
- 名称：Award
- 类型：Class
- 简介：award",0,Doubao-pro-128k,0.0,8192,https://api2.aigcbest.top/v1,"判断结果：[无法判断]
解释：背景知识仅给出了billed是属性、Award是类，未提供足够信息判断billed属性是否只能指向Award类的对象。",,,
sample_0371,range,range(canonizedBy) = Person,"背景知识：
条目1：
- 名称：canonizedBy
- 类型：Property
- 简介：canonized by

条目2：
- 名称：Person
- 类型：Class
- 简介：person",1,Doubao-pro-128k,0.0,8192,https://api2.aigcbest.top/v1,"判断结果：[正确]
解释：公理表明属性“canonizedBy”的客体应属于“Person”类，背景知识中存在“canonizedBy”属性和“Person”类，从语义规则看此约束合理，不存在冲突。",1.0,1.0,
sample_0372,range,The range of canonizedBy is Person.,"背景知识：
条目1：
- 名称：canonizedBy
- 类型：Property
- 简介：canonized by

条目2：
- 名称：Person
- 类型：Class
- 简介：person",1,Doubao-pro-128k,0.0,8192,https://api2.aigcbest.top/v1,"判断结果：[正确]
解释：背景知识中有属性canonizedBy和类Person，公理表明canonizedBy的客体应属于Person类，符合RDFS中range公理的语义规则，不存在冲突。",1.0,1.0,
sample_0373,range,"If a resource appears as the object of property canonizedBy, then it should belong to class Person.","背景知识：
条目1：
- 名称：canonizedBy
- 类型：Property
- 简介：canonized by

条目2：
- 名称：Person
- 类型：Class
- 简介：person",1,Doubao-pro-128k,0.0,8192,https://api2.aigcbest.top/v1,"判断结果：[正确]
解释：公理表明属性canonizedBy的客体应属于类Person，在背景知识中存在属性canonizedBy和类Person，此公理符合RDFS中range的语义规则。",1.0,1.0,
sample_0374,range,"For any x and y, if x canonizedBy y holds, then y is an instance of Person.","背景知识：
条目1：
- 名称：canonizedBy
- 类型：Property
- 简介：canonized by

条目2：
- 名称：Person
- 类型：Class
- 简介：person",1,Doubao-pro-128k,0.0,8192,https://api2.aigcbest.top/v1,"判断结果：[正确]
解释：公理表示若x canonizedBy y成立，则y是Person的实例，背景知识仅给出canonizedBy是属性、Person是类，此公理不与背景知识冲突且符合语义规则。",1.0,1.0,
sample_0375,range,Property canonizedBy can only point to objects of class Person.,"背景知识：
条目1：
- 名称：canonizedBy
- 类型：Property
- 简介：canonized by

条目2：
- 名称：Person
- 类型：Class
- 简介：person",1,Doubao-pro-128k,0.0,8192,https://api2.aigcbest.top/v1,"判断结果：[正确]
解释：公理表明属性canonizedBy的客体应属于类Person，与背景知识不冲突且符合RDFS中range的语义规则。",1.0,1.0,
sample_0376,range,range(canonizedPlace) = College,"背景知识：
条目1：
- 名称：canonizedPlace
- 类型：Property
- 简介：canonized place

条目2：
- 名称：College
- 类型：Class
- 简介：college",0,Doubao-pro-128k,0.0,8192,https://api2.aigcbest.top/v1,"判断结果：[错误]
解释：背景知识仅表明canonizedPlace是属性、College是类，无依据表明canonizedPlace属性的客体应属于College类，该公理与背景知识和语义规则冲突。",0.0,1.0,
sample_0377,range,The range of canonizedPlace is College.,"背景知识：
条目1：
- 名称：canonizedPlace
- 类型：Property
- 简介：canonized place

条目2：
- 名称：College
- 类型：Class
- 简介：college",0,Doubao-pro-128k,0.0,8192,https://api2.aigcbest.top/v1,"判断结果：[无法判断]
解释：背景知识仅给出canonizedPlace是属性、College是类，未给出二者语义关系及足够信息判断canonizedPlace的客体是否应属于College类。",,,
sample_0378,range,"If a resource appears as the object of property canonizedPlace, then it should belong to class College.","背景知识：
条目1：
- 名称：canonizedPlace
- 类型：Property
- 简介：canonized place

条目2：
- 名称：College
- 类型：Class
- 简介：college",0,Doubao-pro-128k,0.0,8192,https://api2.aigcbest.top/v1,"判断结果：[错误]
解释：背景知识未表明canonizedPlace属性的客体应属于College类，该公理无依据。",0.0,1.0,
sample_0379,range,"For any x and y, if x canonizedPlace y holds, then y is an instance of College.","背景知识：
条目1：
- 名称：canonizedPlace
- 类型：Property
- 简介：canonized place

条目2：
- 名称：College
- 类型：Class
- 简介：college",0,Doubao-pro-128k,0.0,8192,https://api2.aigcbest.top/v1,"判断结果：[错误]
解释：背景知识仅表明canonizedPlace是属性、College是类，未表明canonizedPlace属性的客体一定是College类的实例，该公理无依据。",0.0,1.0,
sample_0380,range,Property canonizedPlace can only point to objects of class College.,"背景知识：
条目1：
- 名称：canonizedPlace
- 类型：Property
- 简介：canonized place

条目2：
- 名称：College
- 类型：Class
- 简介：college",0,Doubao-pro-128k,0.0,8192,https://api2.aigcbest.top/v1,"判断结果：[无法判断]
解释：背景知识仅说明了canonizedPlace是属性、College是类，未提供足够信息判断canonizedPlace是否只能指向College类的对象。",,,
sample_0381,range,range(canton) = CareerStation,"背景知识：
条目1：
- 名称：canton
- 类型：Property
- 简介：canton

条目2：
- 名称：CareerStation
- 类型：Class
- 简介：this class marks a career step in the life of a person, e.g. a soccer player, holding information on the time span, matches and goals he or she achieved at a certain club",0,Doubao-pro-128k,0.0,8192,https://api2.aigcbest.top/v1,"判断结果：[错误]
解释：背景知识中未表明“canton”属性的客体应属于“CareerStation”类，且无其他依据支持此公理，所以该公理不合理。",0.0,1.0,
sample_0382,range,The range of canton is CareerStation.,"背景知识：
条目1：
- 名称：canton
- 类型：Property
- 简介：canton

条目2：
- 名称：CareerStation
- 类型：Class
- 简介：this class marks a career step in the life of a person, e.g. a soccer player, holding information on the time span, matches and goals he or she achieved at a certain club",0,Doubao-pro-128k,0.0,8192,https://api2.aigcbest.top/v1,"判断结果：[错误]
解释：背景知识中未体现“canton”属性的客体与“CareerStation”类存在关联，不能得出“canton”的范围是“CareerStation”，与语义规则冲突。",0.0,1.0,
sample_0383,range,"If a resource appears as the object of property canton, then it should belong to class CareerStation.","背景知识：
条目1：
- 名称：canton
- 类型：Property
- 简介：canton

条目2：
- 名称：CareerStation
- 类型：Class
- 简介：this class marks a career step in the life of a person, e.g. a soccer player, holding information on the time span, matches and goals he or she achieved at a certain club",0,Doubao-pro-128k,0.0,8192,https://api2.aigcbest.top/v1,"判断结果：[错误]
解释：背景知识中未给出属性canton与类CareerStation的关系，无法得出资源作为属性canton的客体就应属于类CareerStation的结论，与语义规则冲突。",0.0,1.0,
sample_0384,range,"For any x and y, if x canton y holds, then y is an instance of CareerStation.","背景知识：
条目1：
- 名称：canton
- 类型：Property
- 简介：canton

条目2：
- 名称：CareerStation
- 类型：Class
- 简介：this class marks a career step in the life of a person, e.g. a soccer player, holding information on the time span, matches and goals he or she achieved at a certain club",0,Doubao-pro-128k,0.0,8192,https://api2.aigcbest.top/v1,"判断结果：[错误]
解释：背景知识仅表明canton是属性，未给出其与CareerStation的关系，无法得出若x canton y成立，y就是CareerStation的实例这一结论，与语义规则冲突。",0.0,1.0,
sample_0385,range,Property canton can only point to objects of class CareerStation.,"背景知识：
条目1：
- 名称：canton
- 类型：Property
- 简介：canton

条目2：
- 名称：CareerStation
- 类型：Class
- 简介：this class marks a career step in the life of a person, e.g. a soccer player, holding information on the time span, matches and goals he or she achieved at a certain club",0,Doubao-pro-128k,0.0,8192,https://api2.aigcbest.top/v1,"判断结果：[错误]
解释：背景知识中未给出属性canton与类CareerStation的关系，无法得出属性canton只能指向类CareerStation的对象这一结论，与语义规则冲突。",0.0,1.0,
sample_0386,range,range(ceremonialCounty) = Department,"背景知识：
条目1：
- 名称：ceremonialCounty
- 类型：Property
- 简介：Ceremonial County

条目2：
- 名称：Department
- 类型：Class
- 简介：department",0,Doubao-pro-128k,0.0,8192,https://api2.aigcbest.top/v1,"判断结果：[错误]
解释：背景知识中“ceremonialCounty”是属性，“Department”是类，“range(ceremonialCounty) = Department”表示“ceremonialCounty”属性的客体应属于“Department”类，但从常识看“Ceremonial County”（礼仪郡）与“department”（部门）并无这种客体所属类的关系，与语义规则和常识冲突。",0.0,1.0,
sample_0387,range,The range of ceremonialCounty is Department.,"背景知识：
条目1：
- 名称：ceremonialCounty
- 类型：Property
- 简介：Ceremonial County

条目2：
- 名称：Department
- 类型：Class
- 简介：department",0,Doubao-pro-128k,0.0,8192,https://api2.aigcbest.top/v1,"判断结果：[错误]
解释：背景知识中ceremonialCounty是属性，Department是类，常识上礼仪郡（ceremonialCounty）的范围通常不是部门（Department），该公理与常识不符。",0.0,1.0,
sample_0388,range,"If a resource appears as the object of property ceremonialCounty, then it should belong to class Department.","背景知识：
条目1：
- 名称：ceremonialCounty
- 类型：Property
- 简介：Ceremonial County

条目2：
- 名称：Department
- 类型：Class
- 简介：department",0,Doubao-pro-128k,0.0,8192,https://api2.aigcbest.top/v1,"判断结果：[错误]
解释：背景知识中未表明属性ceremonialCounty的客体应属于类Department，且无其他依据支持该公理，与语义规则存在冲突。",0.0,1.0,
sample_0389,range,"For any x and y, if x ceremonialCounty y holds, then y is an instance of Department.","背景知识：
条目1：
- 名称：ceremonialCounty
- 类型：Property
- 简介：Ceremonial County

条目2：
- 名称：Department
- 类型：Class
- 简介：department",0,Doubao-pro-128k,0.0,8192,https://api2.aigcbest.top/v1,"判断结果：[错误]
解释：背景知识中未表明属性ceremonialCounty的客体应属于Department类，此公理无依据且与给定背景知识和语义规则冲突。",0.0,1.0,
sample_0390,range,Property ceremonialCounty can only point to objects of class Department.,"背景知识：
条目1：
- 名称：ceremonialCounty
- 类型：Property
- 简介：Ceremonial County

条目2：
- 名称：Department
- 类型：Class
- 简介：department",0,Doubao-pro-128k,0.0,8192,https://api2.aigcbest.top/v1,"判断结果：[错误]
解释：背景知识中未表明“ceremonialCounty”属性与“Department”类存在必然联系，且从常识看“Ceremonial County”与“department”并无属性指向关系，此公理与背景知识及语义规则冲突。",0.0,1.0,
sample_0391,range,range(chairman) = Place,"背景知识：
条目1：
- 名称：chairman
- 类型：Property
- 简介：chairman

条目2：
- 名称：Place
- 类型：Class
- 简介：place",0,Doubao-pro-128k,0.0,8192,https://api2.aigcbest.top/v1,"判断结果：[错误]
解释：根据常识，“chairman”属性的客体通常是人，而不是“Place”类，与语义规则和常识冲突。",0.0,1.0,
sample_0392,range,The range of chairman is Place.,"背景知识：
条目1：
- 名称：chairman
- 类型：Property
- 简介：chairman

条目2：
- 名称：Place
- 类型：Class
- 简介：place",0,Doubao-pro-128k,0.0,8192,https://api2.aigcbest.top/v1,"判断结果：[错误]
解释：背景知识中“chairman”是属性，常识中“chairman”通常指人，而公理规定其值域为“Place”（地点类），与常识和语义规则冲突。",0.0,1.0,
sample_0393,range,"If a resource appears as the object of property chairman, then it should belong to class Place.","背景知识：
条目1：
- 名称：chairman
- 类型：Property
- 简介：chairman

条目2：
- 名称：Place
- 类型：Class
- 简介：place",0,Doubao-pro-128k,0.0,8192,https://api2.aigcbest.top/v1,"判断结果：[错误]
解释：背景知识中未提及chairman属性的客体应属于Place类，且从语义上看“chairman”通常指人而非地点，所以该公理与常识冲突。",0.0,1.0,
sample_0394,range,"For any x and y, if x chairman y holds, then y is an instance of Place.","背景知识：
条目1：
- 名称：chairman
- 类型：Property
- 简介：chairman

条目2：
- 名称：Place
- 类型：Class
- 简介：place",0,Doubao-pro-128k,0.0,8192,https://api2.aigcbest.top/v1,"判断结果：[错误]
解释：背景知识未表明chairman属性的客体应属于Place类，仅根据公理设定与背景知识冲突，所以该公理错误。",0.0,1.0,
sample_0395,range,Property chairman can only point to objects of class Place.,"背景知识：
条目1：
- 名称：chairman
- 类型：Property
- 简介：chairman

条目2：
- 名称：Place
- 类型：Class
- 简介：place",0,Doubao-pro-128k,0.0,8192,https://api2.aigcbest.top/v1,"判断结果：[错误]
解释：背景知识未表明chairman属性的客体应属于Place类，该公理缺乏依据且未遵循已有背景知识，故不合理。",0.0,1.0,
sample_0396,range,range(championInDoubleMale) = Athlete,"背景知识：
条目1：
- 名称：championInDoubleMale
- 类型：Property
- 简介：winner of a competition in the male double session (as in tennis)

条目2：
- 名称：Athlete
- 类型：Class
- 简介：athlete",1,Doubao-pro-128k,0.0,8192,https://api2.aigcbest.top/v1,"判断结果：[正确]
解释：根据背景知识，championInDoubleMale表示男子双打比赛的获胜者，获胜者属于运动员，公理中规定其客体范围为Athlete（运动员类），符合语义规则。",1.0,1.0,
sample_0397,range,The range of championInDoubleMale is Athlete.,"背景知识：
条目1：
- 名称：championInDoubleMale
- 类型：Property
- 简介：winner of a competition in the male double session (as in tennis)

条目2：
- 名称：Athlete
- 类型：Class
- 简介：athlete",1,Doubao-pro-128k,0.0,8192,https://api2.aigcbest.top/v1,"判断结果：[正确]
解释：根据背景知识，championInDoubleMale是表示男子双打比赛获胜者的属性，Athlete是运动员类，获胜者通常是运动员，所以championInDoubleMale的客体属于Athlete类，该公理符合语义规则。",1.0,1.0,
sample_0398,range,"If a resource appears as the object of property championInDoubleMale, then it should belong to class Athlete.","背景知识：
条目1：
- 名称：championInDoubleMale
- 类型：Property
- 简介：winner of a competition in the male double session (as in tennis)

条目2：
- 名称：Athlete
- 类型：Class
- 简介：athlete",1,Doubao-pro-128k,0.0,8192,https://api2.aigcbest.top/v1,"判断结果：[正确]
解释：根据背景知识，championInDoubleMale是表示男子双打比赛获胜者的属性，获胜者通常是运动员，属于Athlete类，符合range公理规则，即属性的客体应属于某一类。",1.0,1.0,
sample_0399,range,"For any x and y, if x championInDoubleMale y holds, then y is an instance of Athlete.","背景知识：
条目1：
- 名称：championInDoubleMale
- 类型：Property
- 简介：winner of a competition in the male double session (as in tennis)

条目2：
- 名称：Athlete
- 类型：Class
- 简介：athlete",1,Doubao-pro-128k,0.0,8192,https://api2.aigcbest.top/v1,"判断结果：[正确]
解释：根据背景知识，championInDoubleMale表示男子双打比赛的获胜者，获胜者通常是运动员，所以当x championInDoubleMale y成立时，y作为获胜者应是Athlete类的实例，符合语义规则。",1.0,1.0,
sample_0400,range,Property championInDoubleMale can only point to objects of class Athlete.,"背景知识：
条目1：
- 名称：championInDoubleMale
- 类型：Property
- 简介：winner of a competition in the male double session (as in tennis)

条目2：
- 名称：Athlete
- 类型：Class
- 简介：athlete",1,Doubao-pro-128k,0.0,8192,https://api2.aigcbest.top/v1,"判断结果：[正确]
解释：根据背景知识，championInDoubleMale表示男子双打比赛的获胜者，获胜者通常是运动员，属于Athlete类，符合属性的客体应属于某一类的RDFS语义规则。",1.0,1.0,
sample_0401,range,range(channel) = CareerStation,"背景知识：
条目1：
- 名称：channel
- 类型：Property
- 简介：channel

条目2：
- 名称：CareerStation
- 类型：Class
- 简介：this class marks a career step in the life of a person, e.g. a soccer player, holding information on the time span, matches and goals he or she achieved at a certain club",0,Doubao-pro-128k,0.0,8192,https://api2.aigcbest.top/v1,"判断结果：[错误]
解释：背景知识中未表明“channel”属性的客体应属于“CareerStation”类，且从常识看“channel”与“CareerStation”无明显语义关联，该公理与背景知识和语义规则冲突。",0.0,1.0,
sample_0402,range,The range of channel is CareerStation.,"背景知识：
条目1：
- 名称：channel
- 类型：Property
- 简介：channel

条目2：
- 名称：CareerStation
- 类型：Class
- 简介：this class marks a career step in the life of a person, e.g. a soccer player, holding information on the time span, matches and goals he or she achieved at a certain club",0,Doubao-pro-128k,0.0,8192,https://api2.aigcbest.top/v1,"判断结果：[错误]
解释：背景知识中未表明channel属性的客体应属于CareerStation类，且从常识看“channel”与“CareerStation”无明显范围关联，该公理与背景知识和语义规则冲突。",0.0,1.0,
sample_0403,range,"If a resource appears as the object of property channel, then it should belong to class CareerStation.","背景知识：
条目1：
- 名称：channel
- 类型：Property
- 简介：channel

条目2：
- 名称：CareerStation
- 类型：Class
- 简介：this class marks a career step in the life of a person, e.g. a soccer player, holding information on the time span, matches and goals he or she achieved at a certain club",0,Doubao-pro-128k,0.0,8192,https://api2.aigcbest.top/v1,"判断结果：[错误]
解释：背景知识中未表明属性channel的客体应属于类CareerStation，无法从给定背景知识得出该公理的语义关系，所以该公理不合理。",0.0,1.0,
sample_0404,range,"For any x and y, if x channel y holds, then y is an instance of CareerStation.","背景知识：
条目1：
- 名称：channel
- 类型：Property
- 简介：channel

条目2：
- 名称：CareerStation
- 类型：Class
- 简介：this class marks a career step in the life of a person, e.g. a soccer player, holding information on the time span, matches and goals he or she achieved at a certain club",0,Doubao-pro-128k,0.0,8192,https://api2.aigcbest.top/v1,"判断结果：[错误]
解释：背景知识仅表明channel是属性，未表明channel属性的客体应属于CareerStation类，该公理无依据，与背景知识和语义规则冲突。",0.0,1.0,
sample_0405,range,Property channel can only point to objects of class CareerStation.,"背景知识：
条目1：
- 名称：channel
- 类型：Property
- 简介：channel

条目2：
- 名称：CareerStation
- 类型：Class
- 简介：this class marks a career step in the life of a person, e.g. a soccer player, holding information on the time span, matches and goals he or she achieved at a certain club",0,Doubao-pro-128k,0.0,8192,https://api2.aigcbest.top/v1,"判断结果：[错误]
解释：背景知识仅给出channel为属性、CareerStation为类，未表明channel属性的客体必须属于CareerStation类，该公理缺乏依据与背景知识冲突。",0.0,1.0,
sample_0406,range,range(child) = Award,"背景知识：
条目1：
- 名称：child
- 类型：Property
- 简介：child

条目2：
- 名称：Award
- 类型：Class
- 简介：award",0,Doubao-pro-128k,0.0,8192,https://api2.aigcbest.top/v1,"判断结果：[错误]
解释：背景知识中“child”是属性，“Award”是类，从常识看“child”属性的客体通常是人，而非“Award”类，该公理与常识冲突。",0.0,1.0,
sample_0407,range,The range of child is Award.,"背景知识：
条目1：
- 名称：child
- 类型：Property
- 简介：child

条目2：
- 名称：Award
- 类型：Class
- 简介：award",0,Doubao-pro-128k,0.0,8192,https://api2.aigcbest.top/v1,"判断结果：[错误]
解释：背景知识表明“child”是属性，“Award”是类，从常识来看“child”属性的客体通常是人，而非“Award”类，所以该公理中“child”属性的范围为“Award”与常识冲突，判定为错误。",0.0,1.0,
sample_0408,range,"If a resource appears as the object of property child, then it should belong to class Award.","背景知识：
条目1：
- 名称：child
- 类型：Property
- 简介：child

条目2：
- 名称：Award
- 类型：Class
- 简介：award",0,Doubao-pro-128k,0.0,8192,https://api2.aigcbest.top/v1,"判断结果：[错误]
解释：背景知识中未表明属性child的客体应属于类Award，该公理与背景知识冲突。",0.0,1.0,
sample_0409,range,"For any x and y, if x child y holds, then y is an instance of Award.","背景知识：
条目1：
- 名称：child
- 类型：Property
- 简介：child

条目2：
- 名称：Award
- 类型：Class
- 简介：award",0,Doubao-pro-128k,0.0,8192,https://api2.aigcbest.top/v1,"判断结果：[错误]
解释：背景知识中仅表明“child”是属性，“Award”是类，公理中说只要x对y有“child”关系，y就是“Award”的实例，缺乏背景知识支撑，与现有背景知识和语义规则冲突。",0.0,1.0,
sample_0410,range,Property child can only point to objects of class Award.,"背景知识：
条目1：
- 名称：child
- 类型：Property
- 简介：child

条目2：
- 名称：Award
- 类型：Class
- 简介：award",0,Doubao-pro-128k,0.0,8192,https://api2.aigcbest.top/v1,"判断结果：[错误]
解释：背景知识未表明child属性与Award类有联系，且从常识看child属性指向的客体通常不是Award类，该公理与背景知识和常识冲突。",0.0,1.0,
sample_0411,range,range(coach) = Infrastructure,"背景知识：
条目1：
- 名称：coach
- 类型：Property
- 简介：coach

条目2：
- 名称：Infrastructure
- 类型：Class
- 简介：infrastructure",0,Doubao-pro-128k,0.0,8192,https://api2.aigcbest.top/v1,"判断结果：[错误]
解释：背景知识中“coach”是属性，“Infrastructure”是类，从常识来看教练关系的客体通常不是基础设施，该公理违背常识与合理语义关系。",0.0,1.0,
sample_0412,range,The range of coach is Infrastructure.,"背景知识：
条目1：
- 名称：coach
- 类型：Property
- 简介：coach

条目2：
- 名称：Infrastructure
- 类型：Class
- 简介：infrastructure",0,Doubao-pro-128k,0.0,8192,https://api2.aigcbest.top/v1,"判断结果：[错误]
解释：背景知识中“coach”为属性，“Infrastructure”为类，从常识看教练行为的客体通常不是基础设施，该公理与常识冲突。",0.0,1.0,
sample_0413,range,"If a resource appears as the object of property coach, then it should belong to class Infrastructure.","背景知识：
条目1：
- 名称：coach
- 类型：Property
- 简介：coach

条目2：
- 名称：Infrastructure
- 类型：Class
- 简介：infrastructure",0,Doubao-pro-128k,0.0,8192,https://api2.aigcbest.top/v1,"判断结果：[错误]
解释：背景知识中未表明属性coach的客体应属于类Infrastructure，该公理缺乏依据，与背景知识冲突。",0.0,1.0,
sample_0414,range,"For any x and y, if x coach y holds, then y is an instance of Infrastructure.","背景知识：
条目1：
- 名称：coach
- 类型：Property
- 简介：coach

条目2：
- 名称：Infrastructure
- 类型：Class
- 简介：infrastructure",0,Doubao-pro-128k,0.0,8192,https://api2.aigcbest.top/v1,"判断结果：[错误]
解释：背景知识中未表明属性“coach”的客体应属于“Infrastructure”类，该公理无背景知识支撑，与语义规则存在冲突。",0.0,1.0,
sample_0415,range,Property coach can only point to objects of class Infrastructure.,"背景知识：
条目1：
- 名称：coach
- 类型：Property
- 简介：coach

条目2：
- 名称：Infrastructure
- 类型：Class
- 简介：infrastructure",0,Doubao-pro-128k,0.0,8192,https://api2.aigcbest.top/v1,"判断结果：[无法判断]
解释：背景知识中未提供关于属性“coach”的客体应属于哪类的信息，无法依据现有信息判断该公理是否合理。",,,
sample_0416,range,range(college) = Infrastructure,"背景知识：
条目1：
- 名称：college
- 类型：Property
- 简介：college

条目2：
- 名称：Infrastructure
- 类型：Class
- 简介：infrastructure",0,Doubao-pro-128k,0.0,8192,https://api2.aigcbest.top/v1,"判断结果：[正确]
解释：背景知识表明college是属性，Infrastructure是类，公理range(college) = Infrastructure表示属性college的客体应属于Infrastructure类，符合RDFS中range的语义规则，不存在冲突。",1.0,0.0,
sample_0417,range,The range of college is Infrastructure.,"背景知识：
条目1：
- 名称：college
- 类型：Property
- 简介：college

条目2：
- 名称：Infrastructure
- 类型：Class
- 简介：infrastructure",0,Doubao-pro-128k,0.0,8192,https://api2.aigcbest.top/v1,"判断结果：[正确]
解释：公理表明“college”属性的客体应属于“Infrastructure”类，背景知识中“college”是属性，“Infrastructure”是类，符合RDFS中“range”的语义规则，不存在冲突。",1.0,0.0,
sample_0418,range,"If a resource appears as the object of property college, then it should belong to class Infrastructure.","背景知识：
条目1：
- 名称：college
- 类型：Property
- 简介：college

条目2：
- 名称：Infrastructure
- 类型：Class
- 简介：infrastructure",0,Doubao-pro-128k,0.0,8192,https://api2.aigcbest.top/v1,"判断结果：[正确]
解释：公理表明属性college的客体应属于类Infrastructure，符合RDFS中range的语义规则，且与背景知识不冲突。",1.0,0.0,
sample_0419,range,"For any x and y, if x college y holds, then y is an instance of Infrastructure.","背景知识：
条目1：
- 名称：college
- 类型：Property
- 简介：college

条目2：
- 名称：Infrastructure
- 类型：Class
- 简介：infrastructure",0,Doubao-pro-128k,0.0,8192,https://api2.aigcbest.top/v1,"判断结果：[无法判断]
解释：背景知识仅表明“college”是属性，“Infrastructure”是类，未提供关于“college”属性的客体与“Infrastructure”类关系的信息，无法判断公理是否合理。",,,
sample_0420,range,Property college can only point to objects of class Infrastructure.,"背景知识：
条目1：
- 名称：college
- 类型：Property
- 简介：college

条目2：
- 名称：Infrastructure
- 类型：Class
- 简介：infrastructure",0,Doubao-pro-128k,0.0,8192,https://api2.aigcbest.top/v1,"判断结果：[正确]
解释：公理表明属性college的客体应属于类Infrastructure，背景知识中有属性college和类Infrastructure，符合RDFS中range的语义规则，无明显冲突。",1.0,0.0,
sample_0421,range,range(commandStructure) = MilitaryUnit,"背景知识：
条目1：
- 名称：commandStructure
- 类型：Property
- 简介：command structure

条目2：
- 名称：MilitaryUnit
- 类型：Class
- 简介：military unit",1,Doubao-pro-128k,0.0,8192,https://api2.aigcbest.top/v1,"判断结果：[正确]
解释：公理表明属性commandStructure的客体应属于MilitaryUnit类，背景知识中定义了commandStructure为属性、MilitaryUnit为类，此公理符合RDFS中range公理的语义规则，不存在冲突。",1.0,1.0,
sample_0422,range,The range of commandStructure is MilitaryUnit.,"背景知识：
条目1：
- 名称：commandStructure
- 类型：Property
- 简介：command structure

条目2：
- 名称：MilitaryUnit
- 类型：Class
- 简介：military unit",1,Doubao-pro-128k,0.0,8192,https://api2.aigcbest.top/v1,"判断结果：[正确]
解释：背景知识中存在属性commandStructure和类MilitaryUnit，公理表明commandStructure的客体应属于MilitaryUnit，结合常识军事指挥结构的客体通常是军事单位，符合RDFS语义规则。",1.0,1.0,
sample_0423,range,"If a resource appears as the object of property commandStructure, then it should belong to class MilitaryUnit.","背景知识：
条目1：
- 名称：commandStructure
- 类型：Property
- 简介：command structure

条目2：
- 名称：MilitaryUnit
- 类型：Class
- 简介：military unit",1,Doubao-pro-128k,0.0,8192,https://api2.aigcbest.top/v1,"判断结果：[正确]
解释：公理表明属性commandStructure的客体应属于类MilitaryUnit，符合RDFS中range公理的语义规则，且不与背景知识冲突。",1.0,1.0,
sample_0424,range,"For any x and y, if x commandStructure y holds, then y is an instance of MilitaryUnit.","背景知识：
条目1：
- 名称：commandStructure
- 类型：Property
- 简介：command structure

条目2：
- 名称：MilitaryUnit
- 类型：Class
- 简介：military unit",1,Doubao-pro-128k,0.0,8192,https://api2.aigcbest.top/v1,"判断结果：[无法判断]
解释：背景知识仅给出了commandStructure为属性、MilitaryUnit为类，未提供公理中语义推理所需的commandStructure属性的range信息，无法判断公理是否合理。",,,
sample_0425,range,Property commandStructure can only point to objects of class MilitaryUnit.,"背景知识：
条目1：
- 名称：commandStructure
- 类型：Property
- 简介：command structure

条目2：
- 名称：MilitaryUnit
- 类型：Class
- 简介：military unit",1,Doubao-pro-128k,0.0,8192,https://api2.aigcbest.top/v1,"判断结果：[正确]
解释：公理表明属性commandStructure的客体应属于类MilitaryUnit，符合RDFS中range的语义规则，且与背景知识不冲突。",1.0,1.0,
sample_0426,range,range(commandStructure) = Rocket,"背景知识：
条目1：
- 名称：commandStructure
- 类型：Property
- 简介：command structure

条目2：
- 名称：Rocket
- 类型：Class
- 简介：rocket",0,Doubao-pro-128k,0.0,8192,https://api2.aigcbest.top/v1,"判断结果：[正确]
解释：公理表明属性commandStructure的客体应属于Rocket类，背景知识中存在该属性和类，无明显冲突，符合RDFS语义规则。",1.0,0.0,
sample_0427,range,The range of commandStructure is Rocket.,"背景知识：
条目1：
- 名称：commandStructure
- 类型：Property
- 简介：command structure

条目2：
- 名称：Rocket
- 类型：Class
- 简介：rocket",0,Doubao-pro-128k,0.0,8192,https://api2.aigcbest.top/v1,"判断结果：[正确]
解释：公理表明commandStructure属性的客体应属于Rocket类，背景知识中有commandStructure属性和Rocket类，从语义规则看此公理合理，无明显冲突。",1.0,0.0,
sample_0428,range,"If a resource appears as the object of property commandStructure, then it should belong to class Rocket.","背景知识：
条目1：
- 名称：commandStructure
- 类型：Property
- 简介：command structure

条目2：
- 名称：Rocket
- 类型：Class
- 简介：rocket",0,Doubao-pro-128k,0.0,8192,https://api2.aigcbest.top/v1,"判断结果：[正确]
解释：公理表明属性commandStructure的客体应属于类Rocket，符合RDFS中range公理的语义规则，且不与背景知识冲突。",1.0,0.0,
sample_0429,range,"For any x and y, if x commandStructure y holds, then y is an instance of Rocket.","背景知识：
条目1：
- 名称：commandStructure
- 类型：Property
- 简介：command structure

条目2：
- 名称：Rocket
- 类型：Class
- 简介：rocket",0,Doubao-pro-128k,0.0,8192,https://api2.aigcbest.top/v1,"判断结果：[无法判断]
解释：背景知识仅给出了commandStructure为属性、Rocket为类，未提供commandStructure属性的语义信息，无法依据现有信息判断该公理是否合理。",,,
sample_0430,range,Property commandStructure can only point to objects of class Rocket.,"背景知识：
条目1：
- 名称：commandStructure
- 类型：Property
- 简介：command structure

条目2：
- 名称：Rocket
- 类型：Class
- 简介：rocket",0,Doubao-pro-128k,0.0,8192,https://api2.aigcbest.top/v1,"判断结果：[无法判断]
解释：背景知识仅给出了commandStructure为属性、Rocket为类，未提供能依据RDFS语义规则判断“commandStructure属性只能指向Rocket类对象”这一公理是否合理的信息。",,,
sample_0431,range,range(company) = BroadcastNetwork,"背景知识：
条目1：
- 名称：company
- 类型：Property
- 简介：company

条目2：
- 名称：BroadcastNetwork
- 类型：Class
- 简介：A broadcast network is an organization, such as a corporation or other association, that provides live or recorded content, such as movies, newscasts, sports, and public affairs programs for broadcast over a group of radio or television sta...",0,Doubao-pro-128k,0.0,8192,https://api2.aigcbest.top/v1,"判断结果：[错误]
解释：背景知识仅表明company是属性，未体现其客体应属于BroadcastNetwork类，无法从背景知识得出该公理的语义关系，所以该公理不合理。",0.0,1.0,
sample_0432,range,The range of company is BroadcastNetwork.,"背景知识：
条目1：
- 名称：company
- 类型：Property
- 简介：company

条目2：
- 名称：BroadcastNetwork
- 类型：Class
- 简介：A broadcast network is an organization, such as a corporation or other association, that provides live or recorded content, such as movies, newscasts, sports, and public affairs programs for broadcast over a group of radio or television sta...",0,Doubao-pro-128k,0.0,8192,https://api2.aigcbest.top/v1,"判断结果：[错误]
解释：背景知识未表明company属性的客体应属于BroadcastNetwork类，且仅从常识也不能得出company属性的范围是BroadcastNetwork，该公理与背景知识和语义规则存在冲突。",0.0,1.0,
sample_0433,range,"If a resource appears as the object of property company, then it should belong to class BroadcastNetwork.","背景知识：
条目1：
- 名称：company
- 类型：Property
- 简介：company

条目2：
- 名称：BroadcastNetwork
- 类型：Class
- 简介：A broadcast network is an organization, such as a corporation or other association, that provides live or recorded content, such as movies, newscasts, sports, and public affairs programs for broadcast over a group of radio or television sta...",0,Doubao-pro-128k,0.0,8192,https://api2.aigcbest.top/v1,"判断结果：[错误]
解释：背景知识未表明属性company的客体应属于类BroadcastNetwork，且无其他依据支持此公理，所以该公理不合理。",0.0,1.0,
sample_0434,range,"For any x and y, if x company y holds, then y is an instance of BroadcastNetwork.","背景知识：
条目1：
- 名称：company
- 类型：Property
- 简介：company

条目2：
- 名称：BroadcastNetwork
- 类型：Class
- 简介：A broadcast network is an organization, such as a corporation or other association, that provides live or recorded content, such as movies, newscasts, sports, and public affairs programs for broadcast over a group of radio or television sta...",0,Doubao-pro-128k,0.0,8192,https://api2.aigcbest.top/v1,"判断结果：[错误]
解释：背景知识仅表明company是属性，BroadcastNetwork是类，未表明company属性的客体一定是BroadcastNetwork类的实例，该公理缺乏依据。",0.0,1.0,
sample_0435,range,Property company can only point to objects of class BroadcastNetwork.,"背景知识：
条目1：
- 名称：company
- 类型：Property
- 简介：company

条目2：
- 名称：BroadcastNetwork
- 类型：Class
- 简介：A broadcast network is an organization, such as a corporation or other association, that provides live or recorded content, such as movies, newscasts, sports, and public affairs programs for broadcast over a group of radio or television sta...",0,Doubao-pro-128k,0.0,8192,https://api2.aigcbest.top/v1,"判断结果：[错误]
解释：背景知识未表明属性company的客体只能是BroadcastNetwork类的对象，该公理缺乏依据，与背景知识和语义规则冲突。",0.0,1.0,
sample_0436,range,range(constituencyDistrict) = PopulatedPlace,"背景知识：
条目1：
- 名称：constituencyDistrict
- 类型：Property
- 简介：constituency district

条目2：
- 名称：PopulatedPlace
- 类型：Class
- 简介：As defined by the United States Geological Survey, a populated place is a place or area with clustered or scattered buildings and a permanent human population (city, settlement, town, or village) referenced with geographic coordinates (http...",1,Doubao-pro-128k,0.0,8192,https://api2.aigcbest.top/v1,"判断结果：[正确]
解释：公理表明属性constituencyDistrict的客体应属于PopulatedPlace类，结合背景知识，从常识上看选区相关属性的客体可以是有人口居住的地方，符合语义规则。",1.0,1.0,
sample_0437,range,The range of constituencyDistrict is PopulatedPlace.,"背景知识：
条目1：
- 名称：constituencyDistrict
- 类型：Property
- 简介：constituency district

条目2：
- 名称：PopulatedPlace
- 类型：Class
- 简介：As defined by the United States Geological Survey, a populated place is a place or area with clustered or scattered buildings and a permanent human population (city, settlement, town, or village) referenced with geographic coordinates (http...",1,Doubao-pro-128k,0.0,8192,https://api2.aigcbest.top/v1,"判断结果：[正确]
解释：公理表明constituencyDistrict属性的客体应属于PopulatedPlace类，结合背景知识，选区通常与有人居住的地方相关，此语义关系合理，符合RDFS中range的语义规则。",1.0,1.0,
sample_0438,range,"If a resource appears as the object of property constituencyDistrict, then it should belong to class PopulatedPlace.","背景知识：
条目1：
- 名称：constituencyDistrict
- 类型：Property
- 简介：constituency district

条目2：
- 名称：PopulatedPlace
- 类型：Class
- 简介：As defined by the United States Geological Survey, a populated place is a place or area with clustered or scattered buildings and a permanent human population (city, settlement, town, or village) referenced with geographic coordinates (http...",1,Doubao-pro-128k,0.0,8192,https://api2.aigcbest.top/v1,"判断结果：[正确]
解释：公理表明属性constituencyDistrict的客体应属于类PopulatedPlace，符合RDFS中range的语义规则，且不与背景知识冲突。",1.0,1.0,
sample_0439,range,"For any x and y, if x constituencyDistrict y holds, then y is an instance of PopulatedPlace.","背景知识：
条目1：
- 名称：constituencyDistrict
- 类型：Property
- 简介：constituency district

条目2：
- 名称：PopulatedPlace
- 类型：Class
- 简介：As defined by the United States Geological Survey, a populated place is a place or area with clustered or scattered buildings and a permanent human population (city, settlement, town, or village) referenced with geographic coordinates (http...",1,Doubao-pro-128k,0.0,8192,https://api2.aigcbest.top/v1,"判断结果：[无法判断]
解释：背景知识仅给出constituencyDistrict为属性、PopulatedPlace为类，未提供关于constituencyDistrict属性客体与PopulatedPlace类之间关系的信息，无法依据现有信息判断公理是否合理。",,,
sample_0440,range,Property constituencyDistrict can only point to objects of class PopulatedPlace.,"背景知识：
条目1：
- 名称：constituencyDistrict
- 类型：Property
- 简介：constituency district

条目2：
- 名称：PopulatedPlace
- 类型：Class
- 简介：As defined by the United States Geological Survey, a populated place is a place or area with clustered or scattered buildings and a permanent human population (city, settlement, town, or village) referenced with geographic coordinates (http...",1,Doubao-pro-128k,0.0,8192,https://api2.aigcbest.top/v1,"判断结果：[正确]
解释：公理表明属性constituencyDistrict的客体应属于PopulatedPlace类，结合背景知识和RDFS的range语义规则，从常识看选区通常指向有人口居住的地方，该公理合理。",1.0,1.0,
sample_0441,range,range(countryWithFirstSatellite) = Country,"背景知识：
条目1：
- 名称：countryWithFirstSatellite
- 类型：Property
- 简介：country with first satellite

条目2：
- 名称：Country
- 类型：Class
- 简介：country",1,Doubao-pro-128k,0.0,8192,https://api2.aigcbest.top/v1,"判断结果：[正确]
解释：公理表明属性countryWithFirstSatellite的客体应属于Country类，结合背景知识，拥有第一颗卫星的主体通常是国家，符合语义规则。",1.0,1.0,
sample_0442,range,The range of countryWithFirstSatellite is Country.,"背景知识：
条目1：
- 名称：countryWithFirstSatellite
- 类型：Property
- 简介：country with first satellite

条目2：
- 名称：Country
- 类型：Class
- 简介：country",1,Doubao-pro-128k,0.0,8192,https://api2.aigcbest.top/v1,"判断结果：[正确]
解释：公理表明属性countryWithFirstSatellite的客体应属于Country类，结合背景知识中countryWithFirstSatellite表示有第一颗卫星的国家，其客体为国家，属于Country类，符合range的语义规则。",1.0,1.0,
sample_0443,range,"If a resource appears as the object of property countryWithFirstSatellite, then it should belong to class Country.","背景知识：
条目1：
- 名称：countryWithFirstSatellite
- 类型：Property
- 简介：country with first satellite

条目2：
- 名称：Country
- 类型：Class
- 简介：country",1,Doubao-pro-128k,0.0,8192,https://api2.aigcbest.top/v1,"判断结果：[正确]
解释：公理表明属性countryWithFirstSatellite的客体应属于类Country，结合背景知识可知该属性与国家相关，符合语义规则。",1.0,1.0,
sample_0444,range,"For any x and y, if x countryWithFirstSatellite y holds, then y is an instance of Country.","背景知识：
条目1：
- 名称：countryWithFirstSatellite
- 类型：Property
- 简介：country with first satellite

条目2：
- 名称：Country
- 类型：Class
- 简介：country",1,Doubao-pro-128k,0.0,8192,https://api2.aigcbest.top/v1,"判断结果：[正确]
解释：公理表明属性countryWithFirstSatellite的客体应属于Country类，结合背景知识，countryWithFirstSatellite表示有第一颗卫星的国家，其客体符合属于Country类的语义规则。",1.0,1.0,
sample_0445,range,Property countryWithFirstSatellite can only point to objects of class Country.,"背景知识：
条目1：
- 名称：countryWithFirstSatellite
- 类型：Property
- 简介：country with first satellite

条目2：
- 名称：Country
- 类型：Class
- 简介：country",1,Doubao-pro-128k,0.0,8192,https://api2.aigcbest.top/v1,"判断结果：[正确]
解释：公理表明属性countryWithFirstSatellite的客体应属于Country类，结合背景知识，“country with first satellite”（有第一颗卫星的国家）属性指向的客体符合“Country”（国家）类，符合RDFS中range的语义规则。",1.0,1.0,
sample_0446,range,range(creatorOfDish) = Person,"背景知识：
条目1：
- 名称：creatorOfDish
- 类型：Property
- 简介：The person that creates (invents) the food (eg. Caesar Cardini is the creator of the Caesar salad).

条目2：
- 名称：Person
- 类型：Class
- 简介：person",1,Doubao-pro-128k,0.0,8192,https://api2.aigcbest.top/v1,"判断结果：[正确]
解释：背景知识表明creatorOfDish是表示创造食物的人的属性，Person是人的类，根据range语义规则，该公理规定creatorOfDish属性的客体属于Person类，符合背景知识与常识。",1.0,1.0,
sample_0447,range,The range of creatorOfDish is Person.,"背景知识：
条目1：
- 名称：creatorOfDish
- 类型：Property
- 简介：The person that creates (invents) the food (eg. Caesar Cardini is the creator of the Caesar salad).

条目2：
- 名称：Person
- 类型：Class
- 简介：person",1,Doubao-pro-128k,0.0,8192,https://api2.aigcbest.top/v1,"判断结果：[正确]
解释：背景知识表明creatorOfDish是属性，指创造食物的人，Person是类表示人，根据range语义规则，creatorOfDish的客体应属于Person类，该公理合理。",1.0,1.0,
sample_0448,range,"If a resource appears as the object of property creatorOfDish, then it should belong to class Person.","背景知识：
条目1：
- 名称：creatorOfDish
- 类型：Property
- 简介：The person that creates (invents) the food (eg. Caesar Cardini is the creator of the Caesar salad).

条目2：
- 名称：Person
- 类型：Class
- 简介：person",1,Doubao-pro-128k,0.0,8192,https://api2.aigcbest.top/v1,"判断结果：[错误]
解释：根据背景知识，creatorOfDish属性表示创造食物的人，该属性的主体应属于Person类，而公理说属性的客体应属于Person类，与背景知识冲突。",0.0,0.0,
sample_0449,range,"For any x and y, if x creatorOfDish y holds, then y is an instance of Person.","背景知识：
条目1：
- 名称：creatorOfDish
- 类型：Property
- 简介：The person that creates (invents) the food (eg. Caesar Cardini is the creator of the Caesar salad).

条目2：
- 名称：Person
- 类型：Class
- 简介：person",1,Doubao-pro-128k,0.0,8192,https://api2.aigcbest.top/v1,"判断结果：[错误]
解释：根据背景知识，creatorOfDish表示创造食物的人，若x creatorOfDish y成立，x应是Person，y应是食物，而公理中说y是Person，与背景知识冲突。",0.0,0.0,
sample_0450,range,Property creatorOfDish can only point to objects of class Person.,"背景知识：
条目1：
- 名称：creatorOfDish
- 类型：Property
- 简介：The person that creates (invents) the food (eg. Caesar Cardini is the creator of the Caesar salad).

条目2：
- 名称：Person
- 类型：Class
- 简介：person",1,Doubao-pro-128k,0.0,8192,https://api2.aigcbest.top/v1,"判断结果：[正确]
解释：背景知识表明creatorOfDish是属性，指创造食物的人，而Person是类表示人，公理说creatorOfDish属性只能指向Person类的对象，符合背景知识和语义规则。",1.0,1.0,
sample_0451,range,range(cultivatedVariety) = CultivatedVariety,"背景知识：
条目1：
- 名称：cultivatedVariety
- 类型：Property
- 简介：Name of the cultivar (cultivated variety)

条目2：
- 名称：CultivatedVariety
- 类型：Class
- 简介：A cultivar is a plant or grouping of plants selected for desirable characteristics that can be maintained by propagation. A plant whose origin or selection is primarily due to intentional human activity.",1,Doubao-pro-128k,0.0,8192,https://api2.aigcbest.top/v1,"判断结果：[正确]
解释：背景知识表明cultivatedVariety是表示栽培品种名称的属性，CultivatedVariety是栽培品种类，根据range语义规则，该公理规定cultivatedVariety属性的客体应属于CultivatedVariety类，符合语义逻辑。",1.0,1.0,
sample_0452,range,The range of cultivatedVariety is CultivatedVariety.,"背景知识：
条目1：
- 名称：cultivatedVariety
- 类型：Property
- 简介：Name of the cultivar (cultivated variety)

条目2：
- 名称：CultivatedVariety
- 类型：Class
- 简介：A cultivar is a plant or grouping of plants selected for desirable characteristics that can be maintained by propagation. A plant whose origin or selection is primarily due to intentional human activity.",1,Doubao-pro-128k,0.0,8192,https://api2.aigcbest.top/v1,"判断结果：[正确]
解释：背景知识表明cultivatedVariety是属性，CultivatedVariety是类，属性cultivatedVariety表示栽培品种名称，其客体应属于CultivatedVariety类，符合range公理的语义规则。",1.0,1.0,
sample_0453,range,"If a resource appears as the object of property cultivatedVariety, then it should belong to class CultivatedVariety.","背景知识：
条目1：
- 名称：cultivatedVariety
- 类型：Property
- 简介：Name of the cultivar (cultivated variety)

条目2：
- 名称：CultivatedVariety
- 类型：Class
- 简介：A cultivar is a plant or grouping of plants selected for desirable characteristics that can be maintained by propagation. A plant whose origin or selection is primarily due to intentional human activity.",1,Doubao-pro-128k,0.0,8192,https://api2.aigcbest.top/v1,"判断结果：[正确]
解释：背景知识表明cultivatedVariety是属性，CultivatedVariety是类，公理中“资源作为cultivatedVariety属性的客体应属于CultivatedVariety类”符合RDFS中range公理的语义规则，即属性的客体应属于某一类，所以该公理合理。",1.0,1.0,
sample_0454,range,"For any x and y, if x cultivatedVariety y holds, then y is an instance of CultivatedVariety.","背景知识：
条目1：
- 名称：cultivatedVariety
- 类型：Property
- 简介：Name of the cultivar (cultivated variety)

条目2：
- 名称：CultivatedVariety
- 类型：Class
- 简介：A cultivar is a plant or grouping of plants selected for desirable characteristics that can be maintained by propagation. A plant whose origin or selection is primarily due to intentional human activity.",1,Doubao-pro-128k,0.0,8192,https://api2.aigcbest.top/v1,"判断结果：[正确]
解释：公理表明若x cultivatedVariety y成立，y是CultivatedVariety的实例，结合背景知识，cultivatedVariety属性表示品种名称，CultivatedVariety类是栽培品种，属性客体属于该类符合语义规则。",1.0,1.0,
sample_0455,range,Property cultivatedVariety can only point to objects of class CultivatedVariety.,"背景知识：
条目1：
- 名称：cultivatedVariety
- 类型：Property
- 简介：Name of the cultivar (cultivated variety)

条目2：
- 名称：CultivatedVariety
- 类型：Class
- 简介：A cultivar is a plant or grouping of plants selected for desirable characteristics that can be maintained by propagation. A plant whose origin or selection is primarily due to intentional human activity.",1,Doubao-pro-128k,0.0,8192,https://api2.aigcbest.top/v1,"判断结果：[正确]
解释：背景知识中cultivatedVariety是属性，CultivatedVariety是类，公理表明属性cultivatedVariety只能指向类CultivatedVariety的对象，符合属性的客体应属于某一类的RDFS语义规则。",1.0,1.0,
sample_0456,range,range(dean) = Broadcaster,"背景知识：
条目1：
- 名称：dean
- 类型：Property
- 简介：dean

条目2：
- 名称：Broadcaster
- 类型：Class
- 简介：A broadcaster is an organisation responsible for the production of radio or television programs and/or their transmission. (http://en.wikipedia.org/wiki/Broadcaster - 28/03/2011)",0,Doubao-pro-128k,0.0,8192,https://api2.aigcbest.top/v1,"判断结果：[错误]
解释：背景知识中未表明属性dean的客体应属于Broadcaster类，该公理缺乏依据与背景知识和语义规则冲突。",0.0,1.0,
sample_0457,range,The range of dean is Broadcaster.,"背景知识：
条目1：
- 名称：dean
- 类型：Property
- 简介：dean

条目2：
- 名称：Broadcaster
- 类型：Class
- 简介：A broadcaster is an organisation responsible for the production of radio or television programs and/or their transmission. (http://en.wikipedia.org/wiki/Broadcaster - 28/03/2011)",0,Doubao-pro-128k,0.0,8192,https://api2.aigcbest.top/v1,"判断结果：[无法判断]
解释：背景知识中仅说明了“dean”是属性、“Broadcaster”是类，未提供关于“dean”属性客体的相关信息，无法依据现有背景知识和语义规则判断“dean”的范围是“Broadcaster”这一公理是否合理。",,,
sample_0458,range,"If a resource appears as the object of property dean, then it should belong to class Broadcaster.","背景知识：
条目1：
- 名称：dean
- 类型：Property
- 简介：dean

条目2：
- 名称：Broadcaster
- 类型：Class
- 简介：A broadcaster is an organisation responsible for the production of radio or television programs and/or their transmission. (http://en.wikipedia.org/wiki/Broadcaster - 28/03/2011)",0,Doubao-pro-128k,0.0,8192,https://api2.aigcbest.top/v1,"判断结果：[错误]
解释：背景知识中未表明属性dean的客体应属于Broadcaster类，无法从现有信息得出该公理合理，所以判定错误。",0.0,1.0,
sample_0459,range,"For any x and y, if x dean y holds, then y is an instance of Broadcaster.","背景知识：
条目1：
- 名称：dean
- 类型：Property
- 简介：dean

条目2：
- 名称：Broadcaster
- 类型：Class
- 简介：A broadcaster is an organisation responsible for the production of radio or television programs and/or their transmission. (http://en.wikipedia.org/wiki/Broadcaster - 28/03/2011)",0,Doubao-pro-128k,0.0,8192,https://api2.aigcbest.top/v1,"判断结果：[错误]
解释：背景知识中仅表明“dean”是属性，未提供其与“Broadcaster”类的关系，无法得出若x dean y成立则y是“Broadcaster”实例的结论。",0.0,1.0,
sample_0460,range,Property dean can only point to objects of class Broadcaster.,"背景知识：
条目1：
- 名称：dean
- 类型：Property
- 简介：dean

条目2：
- 名称：Broadcaster
- 类型：Class
- 简介：A broadcaster is an organisation responsible for the production of radio or television programs and/or their transmission. (http://en.wikipedia.org/wiki/Broadcaster - 28/03/2011)",0,Doubao-pro-128k,0.0,8192,https://api2.aigcbest.top/v1,"判断结果：[错误]
解释：背景知识中仅表明dean是属性，未给出其与Broadcaster类的关系，无法得出dean只能指向Broadcaster类对象的结论，与语义规则冲突。",0.0,1.0,
sample_0461,subClassOf,caf_ ⊑ company,"背景知识：
条目1：
- 名称：caf_
- 类型：Class
- 简介：{%%s is a %s, café}
- 补充信息：generalizations: location, company

条目2：
- 名称：company
- 类型：Class
- 简介：{%%s is a %s, company}
- 补充信息：generalizations: organization",1,Doubao-pro-128k,0.0,8192,https://api2.aigcbest.top/v1,"判断结果：[正确]
解释：背景知识表明caf_的泛化包含company，根据subClassOf表示类之间包含关系的语义规则，该公理合理。",1.0,1.0,
sample_0462,subClassOf,caf_ is a subclass of company.,"背景知识：
条目1：
- 名称：caf_
- 类型：Class
- 简介：{%%s is a %s, café}
- 补充信息：generalizations: location, company

条目2：
- 名称：company
- 类型：Class
- 简介：{%%s is a %s, company}
- 补充信息：generalizations: organization",1,Doubao-pro-128k,0.0,8192,https://api2.aigcbest.top/v1,"判断结果：[正确]
解释：背景知识表明caf_的泛化包含company，根据RDFS中subClassOf表示类之间包含关系的规则，caf_是company的子类合理。",1.0,1.0,
sample_0463,subClassOf,Every instance of caf_ is also an instance of company.,"背景知识：
条目1：
- 名称：caf_
- 类型：Class
- 简介：{%%s is a %s, café}
- 补充信息：generalizations: location, company

条目2：
- 名称：company
- 类型：Class
- 简介：{%%s is a %s, company}
- 补充信息：generalizations: organization",1,Doubao-pro-128k,0.0,8192,https://api2.aigcbest.top/v1,"判断结果：[正确]
解释：背景知识表明caf_的泛化包含company，根据RDFS中subClassOf的语义规则，caf_是company的子类，所以caf_的每个实例也是company的实例，该公理合理。",1.0,1.0,
sample_0464,subClassOf,"If an entity belongs to class caf_, then it also belongs to class company.","背景知识：
条目1：
- 名称：caf_
- 类型：Class
- 简介：{%%s is a %s, café}
- 补充信息：generalizations: location, company

条目2：
- 名称：company
- 类型：Class
- 简介：{%%s is a %s, company}
- 补充信息：generalizations: organization",1,Doubao-pro-128k,0.0,8192,https://api2.aigcbest.top/v1,"判断结果：[正确]
解释：背景知识表明caf_的泛化包含company，根据subClassOf语义规则，若一个实体属于caf_类，那么它也属于company类，该公理合理。",1.0,1.0,
sample_0465,subClassOf,The class caf_ is included in the class company.,"背景知识：
条目1：
- 名称：caf_
- 类型：Class
- 简介：{%%s is a %s, café}
- 补充信息：generalizations: location, company

条目2：
- 名称：company
- 类型：Class
- 简介：{%%s is a %s, company}
- 补充信息：generalizations: organization",1,Doubao-pro-128k,0.0,8192,https://api2.aigcbest.top/v1,"判断结果：[正确]
解释：背景知识表明caf_的泛化包含company，根据subClassOf表示的类之间包含关系，该公理符合背景知识和语义规则。",1.0,1.0,
sample_0466,subPropertyOf,agenthierarchicallyaboveagent ⊑p agentcontrols,"背景知识：
条目1：
- 名称：agenthierarchicallyaboveagent
- 类型：Class
- 简介：{%%s is hierarchically %s %%s, above}
- 补充信息：generalizations: agentcontrols, agentcollaborateswithagent | domain: agent | range: agent

条目2：
- 名称：agentcontrols
- 类型：Class
- 简介：{%%s %s %%s, controls}
- 补充信息：generalizations: relatedto | domain: agent | range: everypromotedthing",1,Doubao-pro-128k,0.0,8192,https://api2.aigcbest.top/v1,"判断结果：[错误]
解释：背景知识表明agenthierarchicallyaboveagent和agentcontrols均为类，而公理中使用了属性包含关系符号⊑p，与背景知识冲突，所以该公理错误。",0.0,0.0,
sample_0467,subPropertyOf,agenthierarchicallyaboveagent is a subproperty of agentcontrols.,"背景知识：
条目1：
- 名称：agenthierarchicallyaboveagent
- 类型：Class
- 简介：{%%s is hierarchically %s %%s, above}
- 补充信息：generalizations: agentcontrols, agentcollaborateswithagent | domain: agent | range: agent

条目2：
- 名称：agentcontrols
- 类型：Class
- 简介：{%%s %s %%s, controls}
- 补充信息：generalizations: relatedto | domain: agent | range: everypromotedthing",1,Doubao-pro-128k,0.0,8192,https://api2.aigcbest.top/v1,"判断结果：[错误]
解释：背景知识中agenthierarchicallyaboveagent和agentcontrols均为类，而公理表述为属性的包含关系，与背景知识冲突。",0.0,0.0,
sample_0468,subPropertyOf,"If two resources are related by agenthierarchicallyaboveagent, then they are also related by agentcontrols.","背景知识：
条目1：
- 名称：agenthierarchicallyaboveagent
- 类型：Class
- 简介：{%%s is hierarchically %s %%s, above}
- 补充信息：generalizations: agentcontrols, agentcollaborateswithagent | domain: agent | range: agent

条目2：
- 名称：agentcontrols
- 类型：Class
- 简介：{%%s %s %%s, controls}
- 补充信息：generalizations: relatedto | domain: agent | range: everypromotedthing",1,Doubao-pro-128k,0.0,8192,https://api2.aigcbest.top/v1,"判断结果：[错误]
解释：背景知识表明agenthierarchicallyaboveagent的范围是agent，而agentcontrols的范围是everypromotedthing，二者范围不同，所以若两资源通过agenthierarchicallyaboveagent相关，不一定通过agentcontrols相关，该公理与背景知识冲突。",0.0,0.0,
sample_0469,subPropertyOf,"For any x and y, if x agenthierarchicallyaboveagent y holds, then x agentcontrols y also holds.","背景知识：
条目1：
- 名称：agenthierarchicallyaboveagent
- 类型：Class
- 简介：{%%s is hierarchically %s %%s, above}
- 补充信息：generalizations: agentcontrols, agentcollaborateswithagent | domain: agent | range: agent

条目2：
- 名称：agentcontrols
- 类型：Class
- 简介：{%%s %s %%s, controls}
- 补充信息：generalizations: relatedto | domain: agent | range: everypromotedthing",1,Doubao-pro-128k,0.0,8192,https://api2.aigcbest.top/v1,"判断结果：[正确]
解释：背景知识表明agenthierarchicallyaboveagent的泛化包含agentcontrols，根据RDFS语义规则，泛化关系意味着子类的实例也属于父类，所以若x agenthierarchicallyaboveagent y成立，则x agentcontrols y也成立。",1.0,1.0,
sample_0470,subPropertyOf,The property agenthierarchicallyaboveagent is more specific than the property agentcontrols.,"背景知识：
条目1：
- 名称：agenthierarchicallyaboveagent
- 类型：Class
- 简介：{%%s is hierarchically %s %%s, above}
- 补充信息：generalizations: agentcontrols, agentcollaborateswithagent | domain: agent | range: agent

条目2：
- 名称：agentcontrols
- 类型：Class
- 简介：{%%s %s %%s, controls}
- 补充信息：generalizations: relatedto | domain: agent | range: everypromotedthing",1,Doubao-pro-128k,0.0,8192,https://api2.aigcbest.top/v1,"判断结果：[正确]
解释：背景知识表明agenthierarchicallyaboveagent的泛化包含agentcontrols，根据RDFS语义规则，这意味着agenthierarchicallyaboveagent比agentcontrols更具体，所以该公理合理。",1.0,1.0,
sample_0471,subPropertyOf,bombingvictim ⊑p relatedto,"背景知识：
条目1：
- 名称：bombingvictim
- 类型：Class
- 简介：bombingvictim is a class in the NELL knowledge base.
- 补充信息：generalizations: relatedto | domain: bombingevent | range: person

条目2：
- 名称：relatedto
- 类型：Class
- 简介：{%%s is somehow %s %%s, related to}
- 补充信息：generalizations: slot | domain: everypromotedthing | range: everypromotedthing",1,Doubao-pro-128k,0.0,8192,https://api2.aigcbest.top/v1,"判断结果：[错误]
解释：公理中“bombingvictim ⊑p relatedto”表示属性包含关系，但背景知识显示bombingvictim和relatedto均为类，并非属性，与语义规则冲突。",0.0,0.0,
sample_0472,subPropertyOf,bombingvictim is a subproperty of relatedto.,"背景知识：
条目1：
- 名称：bombingvictim
- 类型：Class
- 简介：bombingvictim is a class in the NELL knowledge base.
- 补充信息：generalizations: relatedto | domain: bombingevent | range: person

条目2：
- 名称：relatedto
- 类型：Class
- 简介：{%%s is somehow %s %%s, related to}
- 补充信息：generalizations: slot | domain: everypromotedthing | range: everypromotedthing",1,Doubao-pro-128k,0.0,8192,https://api2.aigcbest.top/v1,"判断结果：[错误]
解释：背景知识显示bombingvictim和relatedto均为类，而公理表述bombingvictim是relatedto的子属性，与背景知识冲突，所以该公理错误。",0.0,0.0,
sample_0473,subPropertyOf,"If two resources are related by bombingvictim, then they are also related by relatedto.","背景知识：
条目1：
- 名称：bombingvictim
- 类型：Class
- 简介：bombingvictim is a class in the NELL knowledge base.
- 补充信息：generalizations: relatedto | domain: bombingevent | range: person

条目2：
- 名称：relatedto
- 类型：Class
- 简介：{%%s is somehow %s %%s, related to}
- 补充信息：generalizations: slot | domain: everypromotedthing | range: everypromotedthing",1,Doubao-pro-128k,0.0,8192,https://api2.aigcbest.top/v1,"判断结果：[正确]
解释：背景知识表明bombingvictim的泛化是relatedto，根据RDFS中subClassOf的语义规则，若一个类是另一个类的子类，那么属于子类的资源关系也属于父类，所以若两资源由bombingvictim关联，也会由relatedto关联。",1.0,1.0,
sample_0474,subPropertyOf,"For any x and y, if x bombingvictim y holds, then x relatedto y also holds.","背景知识：
条目1：
- 名称：bombingvictim
- 类型：Class
- 简介：bombingvictim is a class in the NELL knowledge base.
- 补充信息：generalizations: relatedto | domain: bombingevent | range: person

条目2：
- 名称：relatedto
- 类型：Class
- 简介：{%%s is somehow %s %%s, related to}
- 补充信息：generalizations: slot | domain: everypromotedthing | range: everypromotedthing",1,Doubao-pro-128k,0.0,8192,https://api2.aigcbest.top/v1,"判断结果：[正确]
解释：背景知识表明bombingvictim是relatedto的泛化，根据RDFS语义规则，若x bombingvictim y成立，那么x relatedto y也合理。",1.0,1.0,
sample_0475,subPropertyOf,The property bombingvictim is more specific than the property relatedto.,"背景知识：
条目1：
- 名称：bombingvictim
- 类型：Class
- 简介：bombingvictim is a class in the NELL knowledge base.
- 补充信息：generalizations: relatedto | domain: bombingevent | range: person

条目2：
- 名称：relatedto
- 类型：Class
- 简介：{%%s is somehow %s %%s, related to}
- 补充信息：generalizations: slot | domain: everypromotedthing | range: everypromotedthing",1,Doubao-pro-128k,0.0,8192,https://api2.aigcbest.top/v1,"判断结果：[错误]
解释：背景知识显示bombingvictim和relatedto均为类，而公理表述为属性关系，与背景知识冲突。",0.0,0.0,
sample_0476,subPropertyOf,buildingbelongstoorganization ⊑p locationactedinbyorganization,"背景知识：
条目1：
- 名称：buildingbelongstoorganization
- 类型：Class
- 简介：{%%s %s %%s, is a building belonging to}
- 补充信息：generalizations: locationactedinbyorganization | domain: building | range: organization

条目2：
- 名称：locationactedinbyorganization
- 类型：Class
- 简介：locationactedinbyorganization is a class in the NELL knowledge base.
- 补充信息：generalizations: locationactedinbyagent | domain: location | range: organization",1,Doubao-pro-128k,0.0,8192,https://api2.aigcbest.top/v1,"判断结果：[错误]
解释：公理中“buildingbelongstoorganization ⊑p locationactedinbyorganization”表示属性包含关系，但背景知识中“buildingbelongstoorganization”和“locationactedinbyorganization”均为类，并非属性，与语义规则冲突。",0.0,0.0,
sample_0477,subPropertyOf,buildingbelongstoorganization is a subproperty of locationactedinbyorganization.,"背景知识：
条目1：
- 名称：buildingbelongstoorganization
- 类型：Class
- 简介：{%%s %s %%s, is a building belonging to}
- 补充信息：generalizations: locationactedinbyorganization | domain: building | range: organization

条目2：
- 名称：locationactedinbyorganization
- 类型：Class
- 简介：locationactedinbyorganization is a class in the NELL knowledge base.
- 补充信息：generalizations: locationactedinbyagent | domain: location | range: organization",1,Doubao-pro-128k,0.0,8192,https://api2.aigcbest.top/v1,"判断结果：[错误]
解释：背景知识中buildingbelongstoorganization和locationactedinbyorganization均为类，而公理表述为属性的包含关系，与背景知识冲突。",0.0,0.0,
sample_0478,subPropertyOf,"If two resources are related by buildingbelongstoorganization, then they are also related by locationactedinbyorganization.","背景知识：
条目1：
- 名称：buildingbelongstoorganization
- 类型：Class
- 简介：{%%s %s %%s, is a building belonging to}
- 补充信息：generalizations: locationactedinbyorganization | domain: building | range: organization

条目2：
- 名称：locationactedinbyorganization
- 类型：Class
- 简介：locationactedinbyorganization is a class in the NELL knowledge base.
- 补充信息：generalizations: locationactedinbyagent | domain: location | range: organization",1,Doubao-pro-128k,0.0,8192,https://api2.aigcbest.top/v1,"判断结果：[正确]
解释：背景知识表明buildingbelongstoorganization是locationactedinbyorganization的泛化类，根据RDFS中subClassOf的语义规则，若两个资源存在buildingbelongstoorganization关系，那么它们也存在locationactedinbyorganization关系。",1.0,1.0,
sample_0479,subPropertyOf,"For any x and y, if x buildingbelongstoorganization y holds, then x locationactedinbyorganization y also holds.","背景知识：
条目1：
- 名称：buildingbelongstoorganization
- 类型：Class
- 简介：{%%s %s %%s, is a building belonging to}
- 补充信息：generalizations: locationactedinbyorganization | domain: building | range: organization

条目2：
- 名称：locationactedinbyorganization
- 类型：Class
- 简介：locationactedinbyorganization is a class in the NELL knowledge base.
- 补充信息：generalizations: locationactedinbyagent | domain: location | range: organization",1,Doubao-pro-128k,0.0,8192,https://api2.aigcbest.top/v1,"判断结果：[正确]
解释：背景知识表明buildingbelongstoorganization是locationactedinbyorganization的泛化，根据subClassOf关系，若x buildingbelongstoorganization y成立，则x locationactedinbyorganization y也成立，符合RDFS语义规则。",1.0,1.0,
sample_0480,subPropertyOf,The property buildingbelongstoorganization is more specific than the property locationactedinbyorganization.,"背景知识：
条目1：
- 名称：buildingbelongstoorganization
- 类型：Class
- 简介：{%%s %s %%s, is a building belonging to}
- 补充信息：generalizations: locationactedinbyorganization | domain: building | range: organization

条目2：
- 名称：locationactedinbyorganization
- 类型：Class
- 简介：locationactedinbyorganization is a class in the NELL knowledge base.
- 补充信息：generalizations: locationactedinbyagent | domain: location | range: organization",1,Doubao-pro-128k,0.0,8192,https://api2.aigcbest.top/v1,"判断结果：[正确]
解释：背景知识表明buildingbelongstoorganization是locationactedinbyorganization的泛化，根据subPropertyOf语义规则，这意味着buildingbelongstoorganization比locationactedinbyorganization更具体，所以该公理合理。",1.0,1.0,
sample_0481,subPropertyOf,cityhostsattraction ⊑p cityattractions,"背景知识：
条目1：
- 名称：cityhostsattraction
- 类型：Unknown
- 简介：Attraction occurs in the city
- 补充信息：generalizations: cityattractions | domain: city | range: attraction

条目2：
- 名称：cityattractions
- 类型：Unknown
- 简介：The city that an attraction is located in
- 补充信息：generalizations: locationcontainslocation | domain: city | range: attraction",1,Doubao-pro-128k,0.0,8192,https://api2.aigcbest.top/v1,"判断结果：[正确]
解释：背景知识表明cityhostsattraction的泛化是cityattractions，根据subPropertyOf表示属性之间包含关系的语义规则，cityhostsattraction ⊑p cityattractions合理。",1.0,1.0,
sample_0482,subPropertyOf,cityhostsattraction is a subproperty of cityattractions.,"背景知识：
条目1：
- 名称：cityhostsattraction
- 类型：Unknown
- 简介：Attraction occurs in the city
- 补充信息：generalizations: cityattractions | domain: city | range: attraction

条目2：
- 名称：cityattractions
- 类型：Unknown
- 简介：The city that an attraction is located in
- 补充信息：generalizations: locationcontainslocation | domain: city | range: attraction",1,Doubao-pro-128k,0.0,8192,https://api2.aigcbest.top/v1,"判断结果：[正确]
解释：背景知识表明cityhostsattraction和cityattractions的domain均为city，range均为attraction，且cityhostsattraction的generalizations包含cityattractions，符合subPropertyOf表示属性之间包含关系的语义规则。",1.0,1.0,
sample_0483,subPropertyOf,"If two resources are related by cityhostsattraction, then they are also related by cityattractions.","背景知识：
条目1：
- 名称：cityhostsattraction
- 类型：Unknown
- 简介：Attraction occurs in the city
- 补充信息：generalizations: cityattractions | domain: city | range: attraction

条目2：
- 名称：cityattractions
- 类型：Unknown
- 简介：The city that an attraction is located in
- 补充信息：generalizations: locationcontainslocation | domain: city | range: attraction",1,Doubao-pro-128k,0.0,8192,https://api2.aigcbest.top/v1,"判断结果：[正确]
解释：背景知识表明cityhostsattraction的泛化为cityattractions，且二者定义域均为city、值域均为attraction，所以若两资源通过cityhostsattraction相关，也会通过cityattractions相关。",1.0,1.0,
sample_0484,subPropertyOf,"For any x and y, if x cityhostsattraction y holds, then x cityattractions y also holds.","背景知识：
条目1：
- 名称：cityhostsattraction
- 类型：Unknown
- 简介：Attraction occurs in the city
- 补充信息：generalizations: cityattractions | domain: city | range: attraction

条目2：
- 名称：cityattractions
- 类型：Unknown
- 简介：The city that an attraction is located in
- 补充信息：generalizations: locationcontainslocation | domain: city | range: attraction",1,Doubao-pro-128k,0.0,8192,https://api2.aigcbest.top/v1,"判断结果：[正确]
解释：背景知识表明cityhostsattraction和cityattractions的domain都是city，range都是attraction，且cityhostsattraction的generalizations包含cityattractions，所以若x cityhostsattraction y成立，那么x cityattractions y也成立，符合语义规则。",1.0,1.0,
sample_0485,subPropertyOf,The property cityhostsattraction is more specific than the property cityattractions.,"背景知识：
条目1：
- 名称：cityhostsattraction
- 类型：Unknown
- 简介：Attraction occurs in the city
- 补充信息：generalizations: cityattractions | domain: city | range: attraction

条目2：
- 名称：cityattractions
- 类型：Unknown
- 简介：The city that an attraction is located in
- 补充信息：generalizations: locationcontainslocation | domain: city | range: attraction",1,Doubao-pro-128k,0.0,8192,https://api2.aigcbest.top/v1,"判断结果：[正确]
解释：背景知识表明cityhostsattraction的泛化关系为cityattractions，根据subPropertyOf语义规则，这意味着cityhostsattraction比cityattractions更具体，所以该公理合理。",1.0,1.0,
sample_0486,subPropertyOf,citysportsteams ⊑p proxyfor,"背景知识：
条目1：
- 名称：citysportsteams
- 类型：Class
- 简介：citysportsteams is a class in the NELL knowledge base.
- 补充信息：generalizations: proxyfor, locationactedinbyorganization | domain: city | range: sportsteam

条目2：
- 名称：proxyfor
- 类型：Class
- 简介：{%%s is a %s for %%s, proxy}
- 补充信息：generalizations: mutualproxyfor | domain: everypromotedthing | range: everypromotedthing",1,Doubao-pro-128k,0.0,8192,https://api2.aigcbest.top/v1,"判断结果：[错误]
解释：公理中“citysportsteams ⊑p proxyfor”表示属性包含关系，但背景知识中“citysportsteams”和“proxyfor”均为类，并非属性，与语义规则冲突。",0.0,0.0,
sample_0487,subPropertyOf,citysportsteams is a subproperty of proxyfor.,"背景知识：
条目1：
- 名称：citysportsteams
- 类型：Class
- 简介：citysportsteams is a class in the NELL knowledge base.
- 补充信息：generalizations: proxyfor, locationactedinbyorganization | domain: city | range: sportsteam

条目2：
- 名称：proxyfor
- 类型：Class
- 简介：{%%s is a %s for %%s, proxy}
- 补充信息：generalizations: mutualproxyfor | domain: everypromotedthing | range: everypromotedthing",1,Doubao-pro-128k,0.0,8192,https://api2.aigcbest.top/v1,"判断结果：[错误]
解释：背景知识显示citysportsteams和proxyfor均为类，而公理表述为citysportsteams是proxyfor的子属性，与背景知识冲突。",0.0,0.0,
sample_0488,subPropertyOf,"If two resources are related by citysportsteams, then they are also related by proxyfor.","背景知识：
条目1：
- 名称：citysportsteams
- 类型：Class
- 简介：citysportsteams is a class in the NELL knowledge base.
- 补充信息：generalizations: proxyfor, locationactedinbyorganization | domain: city | range: sportsteam

条目2：
- 名称：proxyfor
- 类型：Class
- 简介：{%%s is a %s for %%s, proxy}
- 补充信息：generalizations: mutualproxyfor | domain: everypromotedthing | range: everypromotedthing",1,Doubao-pro-128k,0.0,8192,https://api2.aigcbest.top/v1,"判断结果：[错误]
解释：背景知识中未表明citysportsteams和proxyfor存在包含关系，不能由两资源通过citysportsteams相关就推出也通过proxyfor相关，与语义规则冲突。",0.0,0.0,
sample_0489,subPropertyOf,"For any x and y, if x citysportsteams y holds, then x proxyfor y also holds.","背景知识：
条目1：
- 名称：citysportsteams
- 类型：Class
- 简介：citysportsteams is a class in the NELL knowledge base.
- 补充信息：generalizations: proxyfor, locationactedinbyorganization | domain: city | range: sportsteam

条目2：
- 名称：proxyfor
- 类型：Class
- 简介：{%%s is a %s for %%s, proxy}
- 补充信息：generalizations: mutualproxyfor | domain: everypromotedthing | range: everypromotedthing",1,Doubao-pro-128k,0.0,8192,https://api2.aigcbest.top/v1,"判断结果：[正确]
解释：背景知识表明citysportsteams的generalizations包含proxyfor，根据RDFS中subClassOf的语义规则，若一个类是另一个类的子类，那么属于子类的实例也属于父类，所以若x citysportsteams y成立，则x proxyfor y也成立。",1.0,1.0,
sample_0490,subPropertyOf,The property citysportsteams is more specific than the property proxyfor.,"背景知识：
条目1：
- 名称：citysportsteams
- 类型：Class
- 简介：citysportsteams is a class in the NELL knowledge base.
- 补充信息：generalizations: proxyfor, locationactedinbyorganization | domain: city | range: sportsteam

条目2：
- 名称：proxyfor
- 类型：Class
- 简介：{%%s is a %s for %%s, proxy}
- 补充信息：generalizations: mutualproxyfor | domain: everypromotedthing | range: everypromotedthing",1,Doubao-pro-128k,0.0,8192,https://api2.aigcbest.top/v1,"判断结果：[错误]
解释：背景知识中citysportsteams和proxyfor均为类，并非属性，公理描述属性间关系与背景知识冲突。",0.0,0.0,
sample_0491,subPropertyOf,companyalsoknownas ⊑p organizationalsoknownas,"背景知识：
条目1：
- 名称：companyalsoknownas
- 类型：Class
- 简介：{%%s is a company %s %%s, also known as}
- 补充信息：generalizations: organizationalsoknownas | domain: company | range: company

条目2：
- 名称：organizationalsoknownas
- 类型：Class
- 简介：{%%s is an organization %s %%s, also known as}
- 补充信息：generalizations: synonymfor | domain: organization | range: organization",1,Doubao-pro-128k,0.0,8192,https://api2.aigcbest.top/v1,"判断结果：[正确]
解释：背景知识显示companyalsoknownas的泛化是organizationalsoknownas，根据RDFS语义规则，泛化关系意味着属性包含关系，所以companyalsoknownas ⊑p organizationalsoknownas合理。",1.0,1.0,
sample_0492,subPropertyOf,companyalsoknownas is a subproperty of organizationalsoknownas.,"背景知识：
条目1：
- 名称：companyalsoknownas
- 类型：Class
- 简介：{%%s is a company %s %%s, also known as}
- 补充信息：generalizations: organizationalsoknownas | domain: company | range: company

条目2：
- 名称：organizationalsoknownas
- 类型：Class
- 简介：{%%s is an organization %s %%s, also known as}
- 补充信息：generalizations: synonymfor | domain: organization | range: organization",1,Doubao-pro-128k,0.0,8192,https://api2.aigcbest.top/v1,"判断结果：[错误]
解释：背景知识中companyalsoknownas和organizationalsoknownas均为类，而公理描述的是属性之间的包含关系，与背景知识冲突。",0.0,0.0,
sample_0493,subPropertyOf,"If two resources are related by companyalsoknownas, then they are also related by organizationalsoknownas.","背景知识：
条目1：
- 名称：companyalsoknownas
- 类型：Class
- 简介：{%%s is a company %s %%s, also known as}
- 补充信息：generalizations: organizationalsoknownas | domain: company | range: company

条目2：
- 名称：organizationalsoknownas
- 类型：Class
- 简介：{%%s is an organization %s %%s, also known as}
- 补充信息：generalizations: synonymfor | domain: organization | range: organization",1,Doubao-pro-128k,0.0,8192,https://api2.aigcbest.top/v1,"判断结果：[正确]
解释：背景知识表明companyalsoknownas是organizationalsoknownas的泛化，公司属于组织，所以若两资源通过companyalsoknownas相关，也会通过organizationalsoknownas相关，符合RDFS语义规则。",1.0,1.0,
sample_0494,subPropertyOf,"For any x and y, if x companyalsoknownas y holds, then x organizationalsoknownas y also holds.","背景知识：
条目1：
- 名称：companyalsoknownas
- 类型：Class
- 简介：{%%s is a company %s %%s, also known as}
- 补充信息：generalizations: organizationalsoknownas | domain: company | range: company

条目2：
- 名称：organizationalsoknownas
- 类型：Class
- 简介：{%%s is an organization %s %%s, also known as}
- 补充信息：generalizations: synonymfor | domain: organization | range: organization",1,Doubao-pro-128k,0.0,8192,https://api2.aigcbest.top/v1,"判断结果：[正确]
解释：背景知识表明companyalsoknownas是organizationalsoknownas的子类，根据subClassOf语义规则，若x companyalsoknownas y成立，则x organizationalsoknownas y也成立。",1.0,1.0,
sample_0495,subPropertyOf,The property companyalsoknownas is more specific than the property organizationalsoknownas.,"背景知识：
条目1：
- 名称：companyalsoknownas
- 类型：Class
- 简介：{%%s is a company %s %%s, also known as}
- 补充信息：generalizations: organizationalsoknownas | domain: company | range: company

条目2：
- 名称：organizationalsoknownas
- 类型：Class
- 简介：{%%s is an organization %s %%s, also known as}
- 补充信息：generalizations: synonymfor | domain: organization | range: organization",1,Doubao-pro-128k,0.0,8192,https://api2.aigcbest.top/v1,"判断结果：[正确]
解释：背景知识表明companyalsoknownas的generalizations为organizationalsoknownas，说明companyalsoknownas是organizationalsoknownas的子类，所以companyalsoknownas比organizationalsoknownas更具体，公理合理。",1.0,1.0,
