id,axiom_type,axiom_text,context_info,label,model_name,temperature,max_tokens,base_url,model_output,model_label,is_correct,error
hard_case_0001,subClassOf,Airline ⊑ PublicTransitSystem,"背景知识：
条目1：
- 名称：Airline
- 类型：Class
- 简介：airline

条目2：
- 名称：PublicTransitSystem
- 类型：Class
- 简介：A public transit system is a shared passenger transportation service which is available for use by the general public. Public transport modes include buses, trolleybuses, trams and trains, 'rapid transit' (metro/subways/undergrounds etc) an...",1,deepseek-ai/DeepSeek-R1-Distill-Qwen-32B,0.0,8192,https://api2.aigcbest.top/v1,"嗯，我现在需要判断这个RDFS公理是否正确。公理是Airline ⊑ PublicTransitSystem，也就是Airline是PublicTransitSystem的子类。首先，我得理解这两个类的定义。

根据背景知识，Airline是一个类，简介里只写了“airline”，可能指的是航空公司。而PublicTransitSystem是一个公共运输系统，包括公交车、电车、有轨电车、火车等，还有快速交通系统如地铁、轻轨等。那航空公司是否属于公共运输系统的一部分呢？

航空公司主要提供空中交通服务，比如飞机航班，而公共运输系统通常指的是地面交通，比如公交车、地铁等。虽然两者都属于运输服务，但它们的服务方式和运营模式不同。航空公司可能不属于PublicTransitSystem的范畴，因为PublicTransitSystem更侧重于城市内的公共交通，而航空公司可能更偏向于长途或国际运输。

再考虑RDFS的subClassOf规则，如果Airline是PublicTransitSystem的子类，那么所有航空公司都必须是公共运输系统的一部分。但实际情况中，航空公司可能有自己的运营模式，不一定完全属于公共运输系统。因此，这个公理可能不正确，因为它可能不符合常识和背景知识中的分类。
</think>

判断结果：错误
解释：Airline通常指航空公司，而PublicTransitSystem指公共运输系统，两者在运输方式和运营模式上存在显著差异，因此Airline不应被视为PublicTransitSystem的子类。",0,0,
hard_case_0002,subClassOf,Album ⊑ MusicalWork,"背景知识：
条目1：
- 名称：Album
- 类型：Class
- 简介：album

条目2：
- 名称：MusicalWork
- 类型：Class
- 简介：musical work",1,deepseek-ai/DeepSeek-R1-Distill-Qwen-32B,0.0,8192,https://api2.aigcbest.top/v1,"嗯，我现在需要判断这个RDFS公理是否正确。公理是Album ⊑ MusicalWork，也就是Album是MusicalWork的子类。首先，我得理解这两个类的含义。

根据背景知识，Album是一个类，简介是“album”，通常指的是音乐专辑，里面包含多首歌曲。而MusicalWork也是一个类，简介是“musical work”，通常指的是音乐作品，比如歌曲、交响乐等。那么，Album是否是MusicalWork的子类呢？

从常识来看，专辑通常由多个音乐作品组成，比如多首歌曲。所以，Album本身可能是一个集合，而MusicalWork是单个的作品。因此，Album可能不是MusicalWork的子类，而是包含多个MusicalWork的实例。

另外，RDFS的subClassOf表示的是类之间的包含关系，即所有Album的实例都是MusicalWork的实例。但实际情况是，专辑和音乐作品是不同的概念，专辑更像是一个容器，而音乐作品是内容。所以，这种子类关系可能不成立。

综上所述，这个公理可能不正确，因为它不符合背景知识和常识。
</think>

判断结果：错误
解释：Album通常指的是一张专辑，而MusicalWork指的是音乐作品，Album通常包含多个MusicalWork，而不是其子类。",0,0,
hard_case_0003,subClassOf,Ambassador ⊑ Politician,"背景知识：
条目1：
- 名称：Ambassador
- 类型：Class
- 简介：An ambassador is the highest ranking diplomat that represents a nation and is usually accredited to a foreign sovereign or government, or to an international organization.

条目2：
- 名称：Politician
- 类型：Class
- 简介：politician",1,deepseek-ai/DeepSeek-R1-Distill-Qwen-32B,0.0,8192,https://api2.aigcbest.top/v1,"嗯，我现在需要判断这个RDFS公理是否正确。公理是Ambassador ⊑ Politician，也就是Ambassador是Politician的子类。首先，我得理解这两个类的定义。

根据背景知识，Ambassador是一个类，指的是最高级别的外交官，代表国家，通常被派驻到外国政府或国际组织。而Politician也是一个类，指的是政治家。那么，Ambassador是否属于Politician的子类呢？

从常识来看，政治家通常是指参与政治活动、竞选公职或在政府中担任职位的人。而大使虽然代表国家，但他们的主要职责是外交，不一定直接参与国内的政治活动。虽然有些政治家可能会担任大使，但并不是所有大使都是政治家。因此，Ambassador并不一定是Politician的子类。

另外，RDFS的subClassOf表示的是类之间的包含关系，即所有属于Ambassador的实例都必须属于Politician。但根据背景知识，这并不成立，因为大使的职责和角色与政治家不同，他们可能来自不同的背景，不一定都是政治家。

所以，这个公理是错误的，因为它不符合背景知识和常识。
</think>

判断结果：错误
解释：Ambassador通常不是Politician的子类，因为大使主要代表国家进行外交活动，而政治家则主要参与政治事务，两者职责和背景不同。",0,0,
hard_case_0004,subClassOf,AmusementParkAttraction ⊑ ArchitecturalStructure,"背景知识：
条目1：
- 名称：AmusementParkAttraction
- 类型：Class
- 简介：amusement park attraction

条目2：
- 名称：ArchitecturalStructure
- 类型：Class
- 简介：An architectural structure is a human-made, free-standing, immobile outdoor construction (http://en.wikipedia.org/wiki/Architectural_structure).",1,deepseek-ai/DeepSeek-R1-Distill-Qwen-32B,0.0,8192,https://api2.aigcbest.top/v1,"嗯，我现在需要判断这个RDFS公理是否正确。公理是AmusementParkAttraction ⊑ ArchitecturalStructure，也就是AmusementParkAttraction是ArchitecturalStructure的子类。首先，我得理解这两个类的定义。

根据背景知识，AmusementParkAttraction是游乐场的设施，比如过山车、旋转木马之类的。而ArchitecturalStructure是指人类建造的、独立的、不可移动的户外建筑，比如桥梁、摩天大楼等。那游乐设施是否属于建筑结构呢？

游乐设施通常是在游乐场内建造的，它们是固定的，不能移动，这可能符合ArchitecturalStructure的条件。但另一方面，建筑结构通常指的是更广泛的建筑物，而游乐设施可能更偏向于娱乐设施，可能不完全属于建筑结构的范畴。

再考虑RDFS的subClassOf规则，子类必须满足所有父类的属性和约束。如果AmusementParkAttraction的所有实例都满足ArchitecturalStructure的定义，那么这个公理是正确的。但实际情况中，游乐设施可能有特定的设计和用途，不一定完全符合建筑结构的定义。

综合来看，虽然游乐设施是固定的，但它们可能不完全属于建筑结构的范畴，因此这个公理可能存在问题。
</think>

判断结果：错误
解释：AmusementParkAttraction通常指游乐设施，而ArchitecturalStructure指建筑结构，两者在定义和用途上存在差异，因此AmusementParkAttraction并非ArchitecturalStructure的子类。",0,0,
hard_case_0007,subClassOf,Archaea ⊑ Species,"背景知识：
条目1：
- 名称：Archaea
- 类型：Class
- 简介：archaea

条目2：
- 名称：Species
- 类型：Class
- 简介：A category in the rating system",1,deepseek-ai/DeepSeek-R1-Distill-Qwen-32B,0.0,8192,https://api2.aigcbest.top/v1,"嗯，我现在需要判断这个RDFS公理是否正确。公理是Archaea ⊑ Species，也就是Archaea是Species的子类。首先，我得理解这两个类的定义。

根据背景知识，Archaea被描述为一个类，简介是“archaea”，这可能指的是原核生物的一个域，比如在生物学分类中，原核生物包括细菌和古菌（Archaea）。而Species的简介是“A category in the rating system”，这可能指的是分类系统中的一个类别，比如物种。

接下来，我需要分析它们之间的关系。在生物学中，Archaea是一个域，而Species是分类学中的一个基本单位。通常，Archaea属于更高级别的分类，而Species是更具体的分类单元。因此，Archaea应该属于Species的上位类，而不是子类。

RDFS的subClassOf公理表示的是类之间的包含关系，即Archaea的所有实例都是Species的实例。但根据常识，Archaea是一个更大的分类，包含了许多物种，而不是被物种所包含。因此，这个公理可能颠倒了正确的分类关系。

所以，这个公理是错误的，因为它不符合背景知识和常识中的分类结构。
</think>

判断结果：错误
解释：Archaea作为原核生物的一个域，不应是Species的子类，因为Species是更具体的分类单元。",0,0,
hard_case_0009,subClassOf,ArtistDiscography ⊑ MusicalWork,"背景知识：
条目1：
- 名称：ArtistDiscography
- 类型：Class
- 简介：artist discography

条目2：
- 名称：MusicalWork
- 类型：Class
- 简介：musical work",1,deepseek-ai/DeepSeek-R1-Distill-Qwen-32B,0.0,8192,https://api2.aigcbest.top/v1,"嗯，我现在需要判断这个RDFS公理是否正确。公理是ArtistDiscography ⊑ MusicalWork，也就是ArtistDiscography是MusicalWork的子类。首先，我得理解这两个类的含义。

根据背景知识，ArtistDiscography是一个类，简介是“artist discography”，这通常指的是艺术家的全部作品集，包括他们发行的音乐作品。而MusicalWork也是一个类，简介是“musical work”，指的是音乐作品本身，比如歌曲、专辑等。

接下来，我需要分析它们之间的关系。ArtistDiscography通常是一个集合，包含多个MusicalWork实例。也就是说，ArtistDiscography可能是一个类，而MusicalWork是另一个类，它们之间可能不是直接的子类关系，而是更可能是一种聚合关系，比如ArtistDiscography由多个MusicalWork组成。

RDFS的subClassOf表示的是类之间的包含关系，即所有ArtistDiscography的实例都是MusicalWork的实例。但根据常识，艺术家的全部作品集（ArtistDiscography）并不等同于单个音乐作品（MusicalWork）。因此，将ArtistDiscography作为MusicalWork的子类可能不符合语义，因为它们属于不同的层次，一个是集合，另一个是集合中的元素。

所以，这个公理可能不正确，因为它错误地将一个集合类作为另一个元素类的子类，违反了RDFS的语义规则。
</think>

判断结果：错误
解释：ArtistDiscography通常表示艺术家的全部作品集，而MusicalWork表示单个音乐作品，两者之间不是子类关系。",0,0,
hard_case_0011,subClassOf,BackScene ⊑ MusicalArtist,"背景知识：
条目1：
- 名称：BackScene
- 类型：Class
- 简介：Composer, producer, and backstage people.

条目2：
- 名称：MusicalArtist
- 类型：Class
- 简介：musical artist",1,deepseek-ai/DeepSeek-R1-Distill-Qwen-32B,0.0,8192,https://api2.aigcbest.top/v1,"嗯，我现在需要判断这个RDFS公理是否正确。公理是BackScene ⊑ MusicalArtist，也就是BackScene是MusicalArtist的子类。首先，我得理解这两个类的定义。

根据背景知识，BackScene是一个类，简介是Composer, producer, and backstage people。也就是说，BackScene包括作曲家、制作人和后台工作人员。而MusicalArtist的简介是musical artist，通常指的是音乐艺术家，比如歌手、乐队成员等。

接下来，我需要分析这两个类之间的关系。RDFS中的subClassOf表示类之间的包含关系，即BackScene的所有实例都必须是MusicalArtist的实例。那么，作曲家和制作人是否属于音乐艺术家呢？一般来说，作曲家和制作人确实是音乐艺术家的一部分，因为他们参与了音乐的创作和制作。但是，后台工作人员可能不完全属于音乐艺术家，他们可能更多是幕后支持人员，比如舞台管理人员、灯光师等，这些角色可能不属于传统意义上的音乐艺术家。

因此，将BackScene整体作为MusicalArtist的子类可能不太准确，因为其中的后台工作人员可能不属于音乐艺术家。所以，这个公理可能存在问题。
</think>

判断结果：错误
解释：BackScene包括作曲家、制作人和后台工作人员，而MusicalArtist通常指音乐艺术家，如歌手和乐队成员，后台工作人员不属于音乐艺术家，因此BackScene并非MusicalArtist的子类。",0,0,
hard_case_0012,subClassOf,Bacteria ⊑ Species,"背景知识：
条目1：
- 名称：Bacteria
- 类型：Class
- 简介：bacteria

条目2：
- 名称：Species
- 类型：Class
- 简介：A category in the rating system",1,deepseek-ai/DeepSeek-R1-Distill-Qwen-32B,0.0,8192,https://api2.aigcbest.top/v1,"嗯，我现在需要判断这个RDFS公理是否正确。公理是Bacteria ⊑ Species，也就是Bacteria是Species的子类。首先，我得理解这两个类的定义。

根据背景知识，Bacteria是一个类，简介是“bacteria”，也就是细菌。而Species也是一个类，简介是“A category in the rating system”，看起来像是分类系统中的一个类别，可能指的是生物分类中的物种。

接下来，我得分析它们之间的关系。Bacteria属于生物分类中的一个界，而Species是更具体的分类单位，通常在界之下。所以，从分类学的角度来看，Bacteria应该属于Species的上位类，而不是下位类。也就是说，Bacteria应该是一个更广泛的类别，而Species是更具体的类别。

RDFS中的subClassOf表示的是子类关系，也就是Bacteria是Species的子类，意味着所有Bacteria都是Species。但根据常识，Bacteria是一个界，而Species是更具体的分类，所以Bacteria应该属于Species的上位类，而不是下位类。因此，这个公理可能颠倒了正确的分类关系。

另外，从背景知识来看，Species被描述为分类系统中的一个类别，可能指的是更广泛的分类单位，而Bacteria作为界，可能属于更高级别的分类。因此，Bacteria应该是Species的父类，而不是子类。

综上所述，这个公理Bacteria ⊑ Species是不正确的，因为它颠倒了正确的分类层次关系。
</think>

判断结果：错误
解释：Bacteria作为生物分类中的一个界，属于更高级别的分类单位，而Species是更具体的分类单位，因此Bacteria不应是Species的子类。",0,0,
hard_case_0013,subClassOf,Baronet ⊑ BritishRoyalty,"背景知识：
条目1：
- 名称：Baronet
- 类型：Class
- 简介：baronet

条目2：
- 名称：BritishRoyalty
- 类型：Class
- 简介：British royalty",1,deepseek-ai/DeepSeek-R1-Distill-Qwen-32B,0.0,8192,https://api2.aigcbest.top/v1,"嗯，我现在需要判断这个RDFS公理是否正确。公理是Baronet ⊑ BritishRoyalty，也就是Baronet是BritishRoyalty的子类。首先，我得理解这两个类的含义。

根据背景知识，Baronet是一个类，简介是“baronet”，而BritishRoyalty的简介是“British royalty”。我知道，Baronet在英国是一个贵族头衔，通常授予个人，而BritishRoyalty指的是英国皇室成员，包括国王、王后、王子等。所以，Baronet是否属于BritishRoyalty呢？

Baronet虽然属于贵族，但并不属于皇室成员。皇室成员通常是指直接与王室有血缘关系的人，而Baronet更多的是一个荣誉称号，不一定有血缘关系。因此，Baronet并不属于BritishRoyalty的子类。

所以，这个公理是错误的，因为它错误地将Baronet归类为BritishRoyalty的子类，而实际上两者是不同的概念。
</think>

判断结果：错误
解释：Baronet并不属于BritishRoyalty的子类，因为Baronet是英国的一种贵族头衔，而BritishRoyalty指的是英国皇室成员，两者在现实中是不同的概念。",0,0,
hard_case_0014,subClassOf,BaseballSeason ⊑ SportsTeamSeason,"背景知识：
条目1：
- 名称：BaseballSeason
- 类型：Class
- 简介：baseball season

条目2：
- 名称：SportsTeamSeason
- 类型：Class
- 简介：A season for a particular sports team (as opposed to the season for the entire league that the team is in)",1,deepseek-ai/DeepSeek-R1-Distill-Qwen-32B,0.0,8192,https://api2.aigcbest.top/v1,"嗯，我现在需要判断这个RDFS公理是否正确。公理是BaseballSeason ⊑ SportsTeamSeason，也就是BaseballSeason是SportsTeamSeason的子类。首先，我得理解这两个类的定义。

根据背景知识，BaseballSeason是一个类，代表棒球赛季。而SportsTeamSeason也是一个类，指的是特定运动队的一个赛季，而不是整个联盟的赛季。所以，SportsTeamSeason更偏向于某个具体球队的赛季，比如纽约扬基队的赛季，而不是整个棒球联赛的赛季。

接下来，我得分析这两个类之间的关系。BaseballSeason通常指的是整个棒球联赛的一个赛季，比如美国职棒大联盟的一个赛季，而SportsTeamSeason则是某个球队在那个赛季的表现。因此，BaseballSeason和SportsTeamSeason之间可能不是直接的子类关系，而是可能有其他关系，比如BaseballSeason可能包含多个SportsTeamSeason，但BaseballSeason本身并不一定是SportsTeamSeason的子类。

再考虑RDFS的subClassOf规则，如果BaseballSeason是SportsTeamSeason的子类，那么所有BaseballSeason的实例都必须是SportsTeamSeason的实例。但实际情况是，BaseballSeason是一个更广泛的类别，而SportsTeamSeason是更具体的，因此这种子类关系可能不成立。

另外，常识上，一个赛季可以属于整个联赛，也可以属于某个球队，但BaseballSeason更可能属于整个联赛，而SportsTeamSeason属于球队。所以，BaseballSeason并不一定是SportsTeamSeason的子类，反而可能有其他关系，比如拥有多个SportsTeamSeason实例。

综上所述，这个公理可能不正确，因为它不符合背景知识和常识中的类关系。
</think>

判断结果：错误
解释：BaseballSeason通常指整个棒球联赛的赛季，而SportsTeamSeason指特定球队的赛季，两者之间不存在直接的子类关系。",0,0,
hard_case_0016,subClassOf,Department ⊑ GovernmentalAdministrativeRegion,"背景知识：
条目1：
- 名称：Department
- 类型：Class
- 简介：department

条目2：
- 名称：GovernmentalAdministrativeRegion
- 类型：Class
- 简介：An administrative body governing some territorial unity, in this case a governmental administrative body",1,deepseek-ai/DeepSeek-R1-Distill-Qwen-32B,0.0,8192,https://api2.aigcbest.top/v1,"嗯，我现在需要判断这个RDFS公理是否正确。公理是Department ⊑ GovernmentalAdministrativeRegion，也就是Department是GovernmentalAdministrativeRegion的子类。首先，我得理解这两个类的定义。

根据背景知识，Department是一个类，简介是“department”，通常指的是一个组织内部的部门，比如公司里的财务部、人力资源部之类的。而GovernmentalAdministrativeRegion也是一个类，简介是“An administrative body governing some territorial unity, in this case a governmental administrative body”，也就是说，这是一个政府行政管理区域，可能指的是像州、省、市这样的行政区域。

接下来，我需要分析subClassOf的关系是否成立。subClassOf表示的是类之间的包含关系，也就是说，Department的所有实例都必须是GovernmentalAdministrativeRegion的实例。那么，部门是否属于政府行政管理区域呢？

从常识来看，部门通常是组织内部的结构，比如公司、学校里的部门，而政府行政管理区域则是地理上的划分，比如国家的行政区划。这两者之间并没有直接的包含关系。部门可能属于政府机构，但并不意味着部门本身就是行政区域。

再结合RDFS的语义规则，subClassOf要求所有Department的实例都必须满足GovernmentalAdministrativeRegion的定义。显然，这并不成立，因为部门和行政区域是不同的概念，一个属于组织结构，另一个属于地理行政划分。

因此，这个公理是不正确的，因为它不符合背景知识和语义规则。
</think>

判断结果：错误
解释：Department通常指组织内部的部门，而GovernmentalAdministrativeRegion指行政区域，两者没有直接的包含关系。",0,0,
hard_case_0021,subClassOf,PopulatedPlace ⊑ Agglomeration,"背景知识：
条目1：
- 名称：PopulatedPlace
- 类型：Class
- 简介：As defined by the United States Geological Survey, a populated place is a place or area with clustered or scattered buildings and a permanent human population (city, settlement, town, or village) referenced with geographic coordinates (http...

条目2：
- 名称：Agglomeration
- 类型：Class
- 简介：agglomeration",0,deepseek-ai/DeepSeek-R1-Distill-Qwen-32B,0.0,8192,https://api2.aigcbest.top/v1,"好，我现在需要判断这个RDFS公理是否正确。公理是PopulatedPlace ⊑ Agglomeration，也就是PopulatedPlace是Agglomeration的子类。首先，我得理解这两个类的定义。

根据背景知识，PopulatedPlace是由美国地质调查局定义的，指的是有人口聚集的地方，比如城市、定居点、城镇或村庄，通常有地理坐标。而Agglomeration的简介比较简短，只提到“agglomeration”，这可能指的是人口或建筑的聚集，但具体定义不明确。

接下来，我需要分析这两个类之间的关系。PopulatedPlace明确指有人口的地方，而Agglomeration通常指聚集，可能包括人口聚集，但可能也包括其他类型的聚集，比如经济活动或工业区。因此，PopulatedPlace可能只是Agglomeration的一个子集，因为Agglomeration的范围可能更广。

根据RDFS的subClassOf规则，如果PopulatedPlace的所有实例都是Agglomeration的实例，那么这个公理是正确的。但根据常识，Agglomeration可能不仅仅指有人口的地方，还可能包括其他类型的聚集，所以PopulatedPlace可能确实是Agglomeration的子类。

不过，考虑到Agglomeration的定义不够明确，可能存在歧义。如果Agglomeration特指人口聚集，那么公理是正确的；如果它包括更广泛的情况，那么公理可能不完全准确。但根据常识，Agglomeration通常与人口有关，所以公理可能是合理的。

综上所述，判断这个公理是正确的，因为PopulatedPlace作为有人口的地方，属于Agglomeration的子类。
</think>

判断结果：正确
解释：PopulatedPlace作为有人口聚集的地方，属于Agglomeration的子类，符合RDFS的subClassOf规则。",1,0,
hard_case_0022,subClassOf,TopicalConcept ⊑ Type,"背景知识：
条目1：
- 名称：TopicalConcept
- 类型：Class
- 简介：topical concept

条目2：
- 名称：Type
- 类型：Class
- 简介：a category within a classification system",0,deepseek-ai/DeepSeek-R1-Distill-Qwen-32B,0.0,8192,https://api2.aigcbest.top/v1,"嗯，我现在需要判断这个RDFS公理是否正确。公理是TopicalConcept ⊑ Type，也就是TopicalConcept是Type的子类。首先，我得理解这两个类的定义。

根据背景知识，TopicalConcept是一个类，简介是“topical concept”，这可能指的是某个主题或主题概念。Type也是一个类，简介是“a category within a classification system”，也就是分类系统中的一个类别。

接下来，我得分析subClassOf的关系。subClassOf表示一个类是另一个类的子类，也就是说，TopicalConcept的所有实例都必须是Type的实例。那么，TopicalConcept是否属于Type的范畴呢？

Type作为分类系统中的类别，可能是一个比较广泛的类，而TopicalConcept可能是一个更具体的主题类别。比如，Type可能包括各种类别，如动物、植物、概念等，而TopicalConcept可能特指其中的主题概念。因此，TopicalConcept作为Type的一个子类是合理的。

再结合常识，主题概念通常属于分类系统中的一个类别，所以这种包含关系是成立的。因此，这个公理是正确的。
</think>

判断结果：正确
解释：TopicalConcept作为Type的子类是合理的，因为TopicalConcept属于Type的范畴，符合subClassOf的语义规则。",1,0,
hard_case_0025,subPropertyOf,administrativeHeadCity ⊑p capital,"背景知识：
条目1：
- 名称：administrativeHeadCity
- 类型：Property
- 简介：city where stand the administrative power

条目2：
- 名称：capital
- 类型：Property
- 简介：capital",0,deepseek-ai/DeepSeek-R1-Distill-Qwen-32B,0.0,8192,https://api2.aigcbest.top/v1,"嗯，我现在需要判断这个RDFS公理是否正确。公理是administrativeHeadCity ⊑p capital，也就是administrativeHeadCity是capital的子属性。首先，我得理解这两个属性的含义。

根据背景知识，administrativeHeadCity是一个属性，表示行政权力所在的那个城市。而capital也是一个属性，通常指的是一个国家或地区的首府。这两个属性看起来都是用来描述某个地方作为行政中心的情况。

接下来，我得分析它们之间的关系。subPropertyOf表示一个属性是另一个属性的子属性，意味着前者的情况都属于后者。也就是说，如果一个资源有administrativeHeadCity属性，那么它也应该有capital属性。这是否合理呢？

从常识来看，行政首府通常就是首都，所以这两个概念在很多情况下是重合的。比如，北京是中国的行政首府，同时也是首都。因此，administrativeHeadCity作为capital的子属性是合理的，因为它们描述的是同一个概念的不同方面。

不过，我得考虑是否有例外情况。比如，有些国家可能有不同的行政中心和首都，但这种情况比较少见。大多数情况下，这两个属性是等价的。因此，这个公理在大多数情况下是正确的。

综上所述，这个公理是正确的，因为它符合常识和背景知识中的语义关系。
</think>

判断结果：正确
解释：administrativeHeadCity作为属性，表示行政权力所在的城市，而capital通常指国家或地区的首府，两者在语义上具有包含关系，因此administrativeHeadCity是capital的子属性。",1,0,
hard_case_0030,subPropertyOf,code ⊑p brinCode,"背景知识：
条目1：
- 名称：code
- 类型：Property
- 简介：Superproperty for any designation (string, integer as string) that is meant to identify an entity within the context of a system

条目2：
- 名称：brinCode
- 类型：Property
- 简介：The code used by the Dutch Ministry of Education to identify a school (as an organisation)",0,deepseek-ai/DeepSeek-R1-Distill-Qwen-32B,0.0,8192,https://api2.aigcbest.top/v1,"嗯，我现在需要判断这个RDFS公理是否正确。公理是code ⊑p brinCode，也就是code是brinCode的上位属性。首先，我得理解这两个属性的定义。

根据背景知识，code是一个超属性，用于在系统上下文中标识实体的任何指定，可以是字符串或整数作为字符串。而brinCode是荷兰教育部用来标识学校的特定代码。看起来brinCode是code的一个具体应用，属于更具体的子属性。

RDFS的subPropertyOf公理表示属性之间的包含关系，即如果A是B的子属性，那么A的使用场景也适用于B。这里，brinCode作为code的子属性，意味着brinCode的实例也属于code。因此，公理应该是code ⊑p brinCode，即code是brinCode的上位属性，这符合RDFS的语义规则。

所以，这个公理是正确的，因为它正确地反映了brinCode作为code的子属性的关系。
</think>

判断结果：正确
解释：code是brinCode的超属性，brinCode是code的子属性，符合RDFS的subPropertyOf语义规则。",1,0,
hard_case_0032,subPropertyOf,code ⊑p codeStockExchange,"背景知识：
条目1：
- 名称：code
- 类型：Property
- 简介：Superproperty for any designation (string, integer as string) that is meant to identify an entity within the context of a system

条目2：
- 名称：codeStockExchange
- 类型：Property
- 简介：code Stock Exchange",0,deepseek-ai/DeepSeek-R1-Distill-Qwen-32B,0.0,8192,https://api2.aigcbest.top/v1,"嗯，我现在需要判断这个RDFS公理是否正确。公理是code ⊑p codeStockExchange，也就是code是codeStockExchange的上位属性。首先，我得理解这两个属性的定义。

根据背景知识，code是一个属性，作为任何标识符的超属性，用于在系统上下文中标识实体。而codeStockExchange则是另一个属性，简介是“code Stock Exchange”，可能指的是股票交易所的代码。

接下来，我需要分析它们之间的关系。subPropertyOf表示属性之间的包含关系，即codeStockExchange应该是code的一个子属性。也就是说，codeStockExchange的使用场景应该比code更具体。比如，股票交易所的代码可能属于更广泛的标识符类别。

然后，结合RDFS的语义规则，如果codeStockExchange是code的子属性，那么任何使用codeStockExchange的地方都可以用code来代替。这符合常识，因为股票代码确实是一种标识符。

所以，这个公理是正确的，因为它正确地反映了codeStockExchange作为code的子属性的关系。
</think>

判断结果：正确
解释：codeStockExchange是code的子属性，符合code作为更广泛标识符属性的定义。",1,0,
hard_case_0034,subPropertyOf,code ⊑p dfE,"背景知识：
条目1：
- 名称：code
- 类型：Property
- 简介：Superproperty for any designation (string, integer as string) that is meant to identify an entity within the context of a system

条目2：
- 名称：dfE
- 类型：Property
- 简介：Department for Education (UK) number of a school in England or Wales",0,deepseek-ai/DeepSeek-R1-Distill-Qwen-32B,0.0,8192,https://api2.aigcbest.top/v1,"嗯，我现在需要判断这个RDFS公理是否正确。公理是code ⊑p dfE，也就是code是dfE的上位属性。首先，我得理解这两个属性的定义。

根据背景知识，code是一个超属性，用于标识系统中的实体，可以是字符串或整数字符串。而dfE是英国教育部门给学校分配的编号，属于code的一个具体应用。所以，dfE应该是code的一个子属性，也就是dfE ⊑p code才对。

现在，公理写的是code ⊑p dfE，这表示code是dfE的上位属性，也就是说，所有dfE的实例都是code的实例。这在逻辑上是正确的，因为dfE是code的一个特例。但是，通常我们会更倾向于表达dfE是code的子属性，而不是反过来。不过，从语义上看，code作为更广泛的属性，确实可以包含dfE，所以公理本身是正确的。

不过，可能有人会认为这样表达不太常见，但根据RDFS的规则，只要子属性的范围在上位属性的范围内，这样的公理就是合理的。因此，判断结果应该是正确的。
</think>

判断结果：正确
解释：code作为超属性，dfE是其子属性，因此code是dfE的上位属性，符合RDFS语义规则。",1,0,
hard_case_0036,subPropertyOf,code ⊑p dutchPPNCode,"背景知识：
条目1：
- 名称：code
- 类型：Property
- 简介：Superproperty for any designation (string, integer as string) that is meant to identify an entity within the context of a system

条目2：
- 名称：dutchPPNCode
- 类型：Property
- 简介：Dutch PPN code is a library cataloguing code for collection items (books, journals and the like).",0,deepseek-ai/DeepSeek-R1-Distill-Qwen-32B,0.0,8192,https://api2.aigcbest.top/v1,"嗯，我现在需要判断这个RDFS公理是否正确。公理是code ⊑p dutchPPNCode，也就是code是dutchPPNCode的上位属性。首先，我得理解这两个属性的定义。

根据背景知识，code是一个超属性，用于标识系统中的实体，可以是字符串或整数字符串。而dutchPPNCode是荷兰的PPN代码，用于图书馆目录中的藏品，比如书籍和期刊。看起来dutchPPNCode是code的一个具体应用，属于更具体的子属性。

RDFS中的subPropertyOf关系表示一个属性是另一个属性的子属性，也就是说，dutchPPNCode的所有实例都属于code。这符合常识，因为PPN代码是一种特定的标识符，属于更广泛的code类别。所以，这个公理是正确的。
</think>

判断结果：正确
解释：code作为超属性，dutchPPNCode是其子属性，符合subPropertyOf的定义。",1,0,
hard_case_0037,subPropertyOf,code ⊑p dutchWinkelID,"背景知识：
条目1：
- 名称：code
- 类型：Property
- 简介：Superproperty for any designation (string, integer as string) that is meant to identify an entity within the context of a system

条目2：
- 名称：dutchWinkelID
- 类型：Property
- 简介：Dutch Winkel ID is a code for an underground publication, as attributed by Lydia Winkel's work on the underground WW II press in the Netherlands.",0,deepseek-ai/DeepSeek-R1-Distill-Qwen-32B,0.0,8192,https://api2.aigcbest.top/v1,"嗯，我现在需要判断这个RDFS公理是否正确。公理是code ⊑p dutchWinkelID，也就是dutchWinkelID是code的子属性。首先，我得理解这两个属性的定义。

根据背景知识，code是一个属性，作为任何标识符的超属性，比如字符串或整数作为字符串，用于在系统上下文中标识实体。而dutchWinkelID也是一个属性，具体是Lydia Winkel在二战期间对荷兰地下出版物的编码。

接下来，我需要分析subPropertyOf的关系。subPropertyOf表示一个属性是另一个属性的子属性，意味着所有使用子属性的情况都适用父属性。也就是说，如果dutchWinkelID是code的子属性，那么每当使用dutchWinkelID时，它也必须满足code的条件。

现在，我得看看dutchWinkelID是否符合code的定义。code是一个通用的标识符属性，而dutchWinkelID是一个特定的、用于荷兰地下出版物的代码。从语义上看，dutchWinkelID确实是一种code，因为它也是一种标识符，用于特定的上下文。因此，dutchWinkelID作为code的子属性是合理的。

另外，检查是否有任何冲突。背景知识中没有提到dutchWinkelID不属于code的范畴，也没有任何限制说明它不能作为code的子属性。因此，这个公理是正确的。
</think>

判断结果：正确
解释：dutchWinkelID作为code的子属性是合理的，因为dutchWinkelID是一种特定的标识符，符合code作为超属性的定义。",1,0,
hard_case_0040,subPropertyOf,codeMemorial ⊑p Code,"背景知识：
条目1：
- 名称：codeMemorial
- 类型：Property
- 简介：Identifier for monuments of the Memorial type

条目2：
- 名称：Code
- 类型：Unknown
- 简介：Code",1,deepseek-ai/DeepSeek-R1-Distill-Qwen-32B,0.0,8192,https://api2.aigcbest.top/v1,"好，我现在需要分析给定的RDFS公理是否正确。公理是codeMemorial ⊑p Code，也就是codeMemorial是Code的子属性。首先，我得理解这两个术语的含义。

根据背景知识，codeMemorial是一个属性，用于标识纪念类型的纪念碑。而Code的类型是Unknown，简介只是“Code”，信息比较模糊。通常，Code可能指代某种编码或标识符。

接下来，我需要考虑RDFS的subPropertyOf规则。subPropertyOf表示一个属性是另一个属性的子属性，意味着所有使用子属性的实例也必须符合父属性的约束。这里，codeMemorial作为子属性，应该满足Code的所有约束。

然而，Code的类型是Unknown，这可能意味着它不是一个已定义的类或属性。在RDFS中，属性必须是rdf:Property的实例，而Code在这里类型未知，可能不是属性。因此，将codeMemorial作为Code的子属性可能不符合RDFS的规则，因为父属性必须是已知的属性类型。

此外，从语义上看，codeMemorial是特定于纪念物的标识符，而Code可能是一个更通用的概念。如果Code没有明确的定义，那么这种子属性关系可能缺乏明确的语义支持，导致公理不合理。

综上所述，由于Code的类型不明确，且可能不是属性，这个公理可能违反了RDFS的规则，因此判断为错误。
</think>

判断结果：错误
解释：codeMemorial作为属性，其父属性Code的类型未知，违反了RDFS中属性必须是rdf:Property的规则。",0,0,
hard_case_0043,subPropertyOf,distanceToCapital ⊑p Distance,"背景知识：
条目1：
- 名称：distanceToCapital
- 类型：Property
- 简介：distance to capital (μ)

条目2：
- 名称：Distance
- 类型：Unknown
- 简介：Distance",1,deepseek-ai/DeepSeek-R1-Distill-Qwen-32B,0.0,8192,https://api2.aigcbest.top/v1,"嗯，我现在需要判断这个RDFS公理是否正确。公理是distanceToCapital ⊑p Distance，也就是distanceToCapital是Distance的子属性。首先，我得理解这两个术语的含义。

根据背景知识，distanceToCapital是一个属性，类型是Property，简介是“distance to capital (μ)”。而Distance是一个类，类型是Unknown，简介是“Distance”。看起来Distance可能是一个类，而distanceToCapital是一个属性，描述到首都的距离。

接下来，我需要分析subPropertyOf的关系。subPropertyOf表示属性之间的包含关系，也就是说，distanceToCapital的所有实例都必须是Distance的实例。但这里有个问题，distanceToCapital是一个属性，而Distance可能是一个类。属性和类之间通常不是直接的子属性关系，而是属性的domain或range可能与类相关。

比如，distanceToCapital的domain可能是某个类，比如City，而range可能是Distance。所以，正确的公理应该是distanceToCapital的range是Distance，而不是distanceToCapital是Distance的子属性。因此，这个公理可能不正确，因为它混淆了属性和类之间的关系。
</think>

判断结果：错误
解释：distanceToCapital是一个属性，而Distance是一个类，属性不能直接作为类的子属性，应使用range约束。",0,0,
hard_case_0045,subPropertyOf,eastPlace ⊑p closeTo,"背景知识：
条目1：
- 名称：eastPlace
- 类型：Property
- 简介：indicates another place situated east.

条目2：
- 名称：closeTo
- 类型：Property
- 简介：place close to another place",1,deepseek-ai/DeepSeek-R1-Distill-Qwen-32B,0.0,8192,https://api2.aigcbest.top/v1,"嗯，我现在需要判断这个RDFS公理是否正确。公理是eastPlace ⊑p closeTo，也就是eastPlace是closeTo的子属性。首先，我得理解这两个属性的含义。

根据背景知识，eastPlace表示另一个位于东方的地方，而closeTo表示一个地方靠近另一个地方。那么，eastPlace是否一定是closeTo的子属性呢？也就是说，如果一个地方在东方，是否就意味着它靠近另一个地方？

从常识来看，东方是一个方向，而靠近则是一个距离的概念。一个地方在东方并不一定意味着它靠近另一个地方，可能相距很远。因此，eastPlace并不必然导致closeTo的关系。所以，这个公理可能不正确，因为它假设了方向必然意味着接近，这在现实中不一定成立。
</think>

判断结果：错误
解释：eastPlace表示位于东方的地方，而closeTo表示靠近的地方，两者并不必然存在包含关系。",0,0,
hard_case_0046,subPropertyOf,ekatteCode ⊑p codeSettlement,"背景知识：
条目1：
- 名称：ekatteCode
- 类型：Property
- 简介：Indexing code used by the Bulgarian National Statistical Institute to identify populated places

条目2：
- 名称：codeSettlement
- 类型：Property
- 简介：settlement code",1,deepseek-ai/DeepSeek-R1-Distill-Qwen-32B,0.0,8192,https://api2.aigcbest.top/v1,"嗯，我现在需要判断这个RDFS公理是否正确。公理是ekatteCode ⊑p codeSettlement，也就是ekatteCode是codeSettlement的子属性。首先，我得理解这两个属性的定义。

根据背景知识，ekatteCode是保加利亚国家统计局用来标识有人口居住的地方的索引代码。而codeSettlement是定居点代码。看起来两者都是用来标识地方的代码，但可能用途不同。

接下来，我得分析subPropertyOf的语义。subPropertyOf表示一个属性是另一个属性的子属性，意味着所有ekatteCode的实例也必须是codeSettlement的实例。也就是说，如果某个资源有ekatteCode属性，那么它也必须有codeSettlement属性。

但是，从背景知识来看，ekatteCode是保加利亚统计局专用的，而codeSettlement可能是一个更通用的概念，用于标识任何定居点。虽然两者都涉及代码，但它们的范围和用途可能不同。ekatteCode可能只适用于特定的国家或地区，而codeSettlement可能更广泛。

因此，将ekatteCode作为codeSettlement的子属性可能不准确，因为它们的应用范围和上下文可能不同。这可能导致语义上的不一致，因为ekatteCode可能并不总是符合codeSettlement的定义。

所以，这个公理可能存在问题，因为它可能不符合实际的语义关系。
</think>

判断结果：错误
解释：ekatteCode和codeSettlement都是用于标识地方的代码，但它们的应用范围和上下文不同，ekatteCode是保加利亚统计局专用的，而codeSettlement更通用，因此ekatteCode不一定是codeSettlement的子属性。",0,0,
hard_case_0048,subPropertyOf,followedBy ⊑p nextEvent,"背景知识：
条目1：
- 名称：followedBy
- 类型：Property
- 简介：followed by

条目2：
- 名称：nextEvent
- 类型：Property
- 简介：next event",0,deepseek-ai/DeepSeek-R1-Distill-Qwen-32B,0.0,8192,https://api2.aigcbest.top/v1,"好，我现在需要分析这个RDFS公理是否正确。公理是followedBy ⊑p nextEvent，也就是followedBy是nextEvent的子属性。首先，我得理解这两个属性的含义。

根据背景知识，followedBy的简介是“followed by”，通常用来表示一个事件被另一个事件跟随，比如在时间顺序上。而nextEvent的简介是“next event”，明显指的是接下来发生的事件，通常用于表示时间上的后续关系。

接下来，我需要考虑subPropertyOf的语义。subPropertyOf表示一个属性是另一个属性的子属性，意味着所有followedBy的关系都必须满足nextEvent的条件。换句话说，如果A followedBy B，那么A nextEvent B也必须成立。

从常识来看，followedBy和nextEvent在语义上是相似的，都表示后续事件。因此，followedBy作为nextEvent的子属性是合理的，因为它们在语义上是包含关系。没有明显的冲突，所以这个公理是正确的。
</think>

判断结果：正确
解释：followedBy和nextEvent在语义上表示相似的时间顺序关系，因此followedBy可以作为nextEvent的子属性。",1,0,
hard_case_0050,subPropertyOf,goldMedalist ⊑p Medalist,"背景知识：
条目1：
- 名称：goldMedalist
- 类型：Property
- 简介：gold medalist

条目2：
- 名称：Medalist
- 类型：Unknown
- 简介：Medalist",1,deepseek-ai/DeepSeek-R1-Distill-Qwen-32B,0.0,8192,https://api2.aigcbest.top/v1,"好的，我现在需要分析给定的RDFS公理是否正确。公理是goldMedalist ⊑p Medalist，也就是goldMedalist是Medalist的子属性。首先，我得理解这两个术语的含义。

根据背景知识，goldMedalist是一个属性，简介是“gold medalist”，通常指获得金牌的人。而Medalist的类型是Unknown，简介是“Medalist”，通常指获得奖牌的人，包括金牌、银牌和铜牌。

接下来，我需要考虑RDFS的语义规则。subPropertyOf表示属性之间的包含关系，即如果A是B的子属性，那么A的所有实例都是B的实例。也就是说，如果某人是金牌获得者，那么他也是奖牌获得者，这在常识上是正确的，因为金牌是奖牌的一种。

但是，背景知识中提到Medalist的类型是Unknown，这可能意味着它的类型不确定，可能不是类而是属性。如果Medalist是一个属性，那么goldMedalist作为其子属性是合理的，因为金牌获得者确实是奖牌获得者的一种。然而，如果Medalist被定义为一个类，那么这可能不正确，因为属性不能直接子类于类。

不过，根据常识，Medalist通常指获得奖牌的人，可能是一个类。如果Medalist是一个类，而goldMedalist是一个属性，那么将属性作为类的子属性可能不符合RDFS规则，因为subPropertyOf应该在属性之间使用，而不是属性与类之间。

因此，这里可能存在类型上的混淆。如果Medalist是一个属性，那么公理是正确的；如果Medalist是一个类，那么公理是错误的。由于背景知识中Medalist的类型是Unknown，无法确定，但通常情况下，Medalist作为类更常见，所以公理可能不正确。
</think>

判断结果：错误
解释：goldMedalist作为属性，其子属性应指向另一个属性，而Medalist可能被误认为是类，导致类型不匹配。",0,0,
hard_case_0051,subPropertyOf,greekName ⊑p Name,"背景知识：
条目1：
- 名称：greekName
- 类型：Property
- 简介：name in ancient Greek

条目2：
- 名称：Name
- 类型：Class
- 简介：name",1,deepseek-ai/DeepSeek-R1-Distill-Qwen-32B,0.0,8192,https://api2.aigcbest.top/v1,"嗯，我现在需要判断这个RDFS公理是否正确。公理是greekName ⊑p Name，也就是greekName是Name的子属性。首先，我得理解每个部分的意思。

greekName是一个属性，表示古希腊语中的名字。Name是一个类，代表名字。根据RDFS的规则，subPropertyOf表示属性之间的包含关系，也就是说，如果greekName是Name的子属性，那么所有使用greekName的地方都可以用Name来代替。

接下来，我得看看背景知识。Name是一个类，而greekName是属性。这里有个问题，因为subPropertyOf应该是属性之间的关系，而Name是一个类，不是属性。所以，greekName不能是Name的子属性，因为它们类型不同。

再想想，如果greekName是Name的子属性，那意味着Name应该也是一个属性，但实际上Name是一个类。这显然不符合RDFS的规则，因为subPropertyOf只能在属性之间使用，不能在属性和类之间使用。

所以，这个公理是错误的，因为它违反了RDFS的类型约束，将属性和类错误地关联在一起。
</think>

判断结果：错误
解释：greekName是一个属性，而Name是一个类，属性不能是类的子属性，违反了RDFS的类型约束。",0,0,
hard_case_0052,subPropertyOf,inseeCode ⊑p codeSettlement,"背景知识：
条目1：
- 名称：inseeCode
- 类型：Property
- 简介：numerical indexing code used by the French National Institute for Statistics and Economic Studies (INSEE) to identify various entities

条目2：
- 名称：codeSettlement
- 类型：Property
- 简介：settlement code",1,deepseek-ai/DeepSeek-R1-Distill-Qwen-32B,0.0,8192,https://api2.aigcbest.top/v1,"嗯，我现在需要判断这个RDFS公理是否正确。公理是inseeCode ⊑p codeSettlement，也就是inseeCode是codeSettlement的子属性。首先，我得理解这两个属性的定义。

根据背景知识，inseeCode是法国国家统计与经济研究 institute 使用的数值索引代码，用于标识各种实体。而codeSettlement是结算代码，可能用于标识结算地点或其他相关实体。

接下来，我得分析它们之间的关系。subPropertyOf表示一个属性是另一个属性的子属性，意味着inseeCode的使用场景必须是codeSettlement的一个子集。也就是说，每当使用inseeCode时，它也必须满足codeSettlement的条件。

但是，inseeCode主要用于法国的统计和经济研究，而codeSettlement可能更广泛地用于结算相关的代码，比如银行结算、地址结算等。这两个代码的用途和范围可能并不完全重叠，甚至可能属于不同的领域。因此，将inseeCode作为codeSettlement的子属性可能并不准确，因为它们的应用场景和目的不同。

此外，从常识来看，inseeCode是一个特定国家的统计代码，而codeSettlement可能是一个更通用的概念，可能涵盖多个国家或多种类型的结算代码。因此，将inseeCode作为codeSettlement的子属性可能会导致语义上的混淆，因为它们的使用范围和上下文并不一致。

综上所述，这个公理可能并不合理，因为它可能错误地将两个不同领域的代码属性关联起来，导致语义上的不一致。
</think>

判断结果：错误
解释：inseeCode和codeSettlement是不同领域的代码属性，inseeCode是法国特定的统计代码，而codeSettlement是更通用的结算代码，因此inseeCode并非codeSettlement的子属性。",0,0,
hard_case_0057,subPropertyOf,latinName ⊑p Name,"背景知识：
条目1：
- 名称：latinName
- 类型：Property
- 简介：name in latin

条目2：
- 名称：Name
- 类型：Class
- 简介：name",1,deepseek-ai/DeepSeek-R1-Distill-Qwen-32B,0.0,8192,https://api2.aigcbest.top/v1,"嗯，我现在需要判断这个RDFS公理是否正确。公理是latinName ⊑p Name，也就是latinName是Name的子属性。首先，我得理解每个部分的含义。

latinName是一个属性，类型是Property，简介是“name in latin”，也就是拉丁名。而Name是一个类，类型是Class，简介是“name”，也就是名字。RDFS中的subPropertyOf表示属性之间的包含关系，即如果A是B的子属性，那么A的使用场景也适用于B。

接下来，我需要分析这个公理是否合理。latinName作为属性，表示的是拉丁名，而Name作为类，表示的是名字。这里有个问题，因为subPropertyOf是属性之间的关系，而Name是一个类，不是属性。所以，latinName不能是Name的子属性，因为它们类型不同。

再结合RDFS的语义规则，subPropertyOf必须是属性之间的关系，不能跨类型使用。因此，这个公理是错误的，因为它错误地将属性与类建立了子属性关系，违反了RDFS的规则。
</think>

判断结果：错误
解释：latinName是一个属性，而Name是一个类，属性不能是类的子属性，违反了RDFS的语义规则。",0,0,
hard_case_0059,subPropertyOf,mayor ⊑p Leader,"背景知识：
条目1：
- 名称：mayor
- 类型：Property
- 简介：mayor

条目2：
- 名称：Leader
- 类型：Unknown
- 简介：Leader",1,deepseek-ai/DeepSeek-R1-Distill-Qwen-32B,0.0,8192,https://api2.aigcbest.top/v1,"好的，我现在需要分析给定的RDFS公理是否正确。公理是“mayor ⊑p Leader”，也就是mayor属性是Leader属性的子属性。首先，我得理解每个符号的含义。这里的“⊑p”表示subPropertyOf，即属性之间的包含关系。

接下来，我查看背景知识。背景中提到，mayor是一个Property，而Leader的类型是Unknown，简介里只有“Leader”这个词。这可能意味着Leader可能是一个类或者属性，但不确定。

根据RDFS规则，subPropertyOf要求子属性的主体和客体必须满足父属性的domain和range。但这里，Leader的类型不明确，无法确定它的domain和range。如果Leader是一个类，那么它不能作为属性的父属性，因为subPropertyOf只能在属性之间使用。

常识上，市长（mayor）通常是一个职位，属于领导（Leader）的一种。但这里的问题在于Leader的类型不明确。如果Leader是属性，那么公理可能成立；但如果它是类，那么公理就不正确，因为属性不能直接子类于类。

因此，由于背景知识中Leader的类型不明确，无法确定它是否是属性，导致公理的正确性无法保证。所以，这个公理是错误的。
</think>

判断结果：错误
解释：Leader的类型未知，无法确定其是否为属性，因此无法判断mayor是否是其子属性。",0,0,
hard_case_0060,subPropertyOf,nextMission ⊑p followedBy,"背景知识：
条目1：
- 名称：nextMission
- 类型：Property
- 简介：next mission

条目2：
- 名称：followedBy
- 类型：Property
- 简介：followed by",1,deepseek-ai/DeepSeek-R1-Distill-Qwen-32B,0.0,8192,https://api2.aigcbest.top/v1,"嗯，我现在需要判断这个RDFS公理是否正确。公理是nextMission ⊑p followedBy，也就是nextMission是followedBy的子属性。首先，我得理解这两个属性的含义。

根据背景知识，nextMission是一个属性，简介是“next mission”，可能表示某个任务的下一个任务。而followedBy也是一个属性，简介是“followed by”，通常用来表示一个事物被另一个事物跟随，比如事件或任务的顺序。

接下来，我需要分析它们的语义关系。subPropertyOf表示一个属性是另一个属性的子属性，意味着所有nextMission的使用都必须满足followedBy的条件。也就是说，如果A nextMission B，那么A也必须followedBy B。

但是，这里可能有问题。nextMission可能特指任务之间的顺序，而followedBy可能更广泛，可以用于任何类型的跟随关系，比如事件、人物等。因此，将nextMission作为followedBy的子属性可能过于宽泛，因为nextMission的使用场景可能比followedBy更具体，不一定总是适用。

另外，从常识来看，nextMission通常用于任务或项目，而followedBy可能用于更广泛的上下文。因此，将nextMission作为followedBy的子属性可能不符合实际的语义关系，因为它们的应用场景和含义可能不同。

综上所述，这个公理可能不合理，因为它可能将nextMission的使用范围扩大到超出其实际应用的领域，导致语义上的不一致。
</think>

判断结果：错误
解释：nextMission和followedBy的语义关系不明确，无法确定nextMission是否是followedBy的子属性。",0,0,
hard_case_0061,subPropertyOf,officialSchoolColour ⊑p ColourName,"背景知识：
条目1：
- 名称：officialSchoolColour
- 类型：Property
- 简介：The official colour of the EducationalInstitution represented by the colour name (e.g.: red or green).

条目2：
- 名称：ColourName
- 类型：Unknown
- 简介：ColourName",1,deepseek-ai/DeepSeek-R1-Distill-Qwen-32B,0.0,8192,https://api2.aigcbest.top/v1,"好，我现在需要分析给定的RDFS公理是否正确。公理是：officialSchoolColour ⊑p ColourName。首先，我得理解这个符号的意思。这里的“⊑p”表示subPropertyOf，也就是属性之间的包含关系。也就是说，officialSchoolColour是ColourName的子属性。

接下来，我查看背景知识。条目1中，officialSchoolColour是一个属性，表示教育机构的官方颜色，用颜色名称表示，比如红色或绿色。条目2中，ColourName的类型是Unknown，简介只有“ColourName”，没有更多信息。

根据RDFS的语义规则，subPropertyOf表示一个属性是另一个属性的子属性，意味着所有使用子属性的实例也必须满足父属性的约束。这里，ColourName作为父属性，它的定义可能包括颜色名称，而officialSchoolColour具体指教育机构的颜色名称。

然而，ColourName的类型是Unknown，这可能意味着它不是一个已定义的类或属性。在RDFS中，属性必须是rdf:Property的实例，而ColourName在这里没有明确说明。如果ColourName不是一个已知的属性，那么officialSchoolColour无法正确地作为其子属性，因为父属性必须存在且有效。

此外，ColourName的简介非常简短，没有提供足够的语义信息来支持它作为父属性的合理性。因此，这个公理可能存在问题，因为它依赖于一个可能未定义或不明确的属性。

综上所述，这个公理可能不合理，因为它假设ColourName是一个有效的属性，而背景知识中并没有足够的信息来支持这一点。因此，判断结果应该是错误。
</think>

判断结果：错误
解释：ColourName未被定义为属性，无法作为subPropertyOf的目标。",0,0,
hard_case_0064,subPropertyOf,premiereYear ⊑p releaseYear,"背景知识：
条目1：
- 名称：premiereYear
- 类型：Property
- 简介：Year the play was first performed.

条目2：
- 名称：releaseYear
- 类型：Unknown
- 简介：releaseYear",1,deepseek-ai/DeepSeek-R1-Distill-Qwen-32B,0.0,8192,https://api2.aigcbest.top/v1,"好的，我现在需要分析给定的RDFS公理是否正确。公理是premiereYear ⊑p releaseYear，也就是premiereYear是releaseYear的子属性。首先，我得理解这两个属性的含义。

根据背景知识，premiereYear是描述戏剧首次演出的年份，而releaseYear的类型是Unknown，简介只有“releaseYear”，没有具体说明。通常，releaseYear可能指的是作品发布或发行的年份，比如电影、书籍等。

接下来，我需要考虑subPropertyOf的语义。subPropertyOf表示一个属性是另一个属性的子属性，意味着所有premiereYear的实例也必须是releaseYear的实例。也就是说，如果某个资源有premiereYear属性，那么它也必须有releaseYear属性，并且值相同。

然而，premiereYear特指戏剧的首演年份，而releaseYear可能更广泛，可能包括各种作品的发布年份。戏剧的首演年份可能与发布年份不同，尤其是在制作和发布之间有时间差的情况下。因此，将premiereYear作为releaseYear的子属性可能不准确，因为它们描述的是不同的事件。

此外，releaseYear的类型是Unknown，这可能意味着它没有明确的定义或用途，这增加了不确定性。如果releaseYear没有明确的定义，那么将其作为更具体的premiereYear的上位属性可能不合适。

综上所述，premiereYear和releaseYear描述的是不同的概念，premiereYear不应是releaseYear的子属性。因此，这个公理是错误的。
</think>

判断结果：错误
解释：premiereYear和releaseYear描述的是不同的概念，premiereYear不应是releaseYear的子属性。",0,0,
hard_case_0067,domain,domain(academicAdvisor) = Scientist,"背景知识：
条目1：
- 名称：academicAdvisor
- 类型：Property
- 简介：academic advisor

条目2：
- 名称：Scientist
- 类型：Class
- 简介：scientist",1,deepseek-ai/DeepSeek-R1-Distill-Qwen-32B,0.0,8192,https://api2.aigcbest.top/v1,"嗯，我现在需要判断这个RDFS公理是否正确。公理是domain(academicAdvisor) = Scientist。首先，我得理解每个部分的意思。

domain指的是属性的主体类型，也就是属性的主语必须属于哪个类。这里属性是academicAdvisor，类是Scientist。所以这个公理的意思是说，所有使用academicAdvisor属性的主语都必须是Scientist类的实例。

接下来，我得看看背景知识。学术顾问（academic advisor）通常是指在学术上给予指导的人，比如大学里的导师。而Scientist是科学家，属于一个更专业的领域。在现实中，学术顾问可能来自各个学科，不一定是科学家，比如文学、历史等领域的教授也可能担任学术顾问。

根据RDFS的语义规则，domain约束了属性的主语类型。如果公理设定domain为Scientist，那么所有使用academicAdvisor属性的主语都必须是Scientist。这可能过于严格，因为学术顾问不一定都是科学家，他们可能来自不同的学科领域。

所以，这个公理可能不符合常识，因为它限制了学术顾问只能是科学家，而实际上学术顾问的范围更广。因此，这个公理是错误的。
</think>

判断结果：错误
解释：学术顾问通常不限于科学家，可能来自不同学科，因此将domain限制为Scientist不符合常识。",0,0,
hard_case_0068,domain,domain(academicDiscipline) = AcademicJournal,"背景知识：
条目1：
- 名称：academicDiscipline
- 类型：Property
- 简介：An academic discipline, or field of study, is a branch of knowledge that is taught and researched at the college or university level. Disciplines are defined (in part), and recognized by the academic journals in which research is published,...

条目2：
- 名称：AcademicJournal
- 类型：Class
- 简介：academic journal",1,deepseek-ai/DeepSeek-R1-Distill-Qwen-32B,0.0,8192,https://api2.aigcbest.top/v1,"嗯，我现在需要判断这个RDFS公理是否正确。公理是domain(academicDiscipline) = AcademicJournal。首先，我得理解每个部分的意思。

首先，domain在RDFS中表示属性的主体应该属于某个类。也就是说，属性academicDiscipline的主体必须是AcademicJournal这个类的实例。那学术学科（academicDiscipline）是一个属性，它通常用来描述某个事物属于哪个学术领域。比如，一本书可能属于计算机科学这个学术学科。

接下来，AcademicJournal是一个类，代表学术期刊。学术期刊通常发表在特定的学科领域内，比如计算机科学、生物学等。所以，学术期刊可能与学术学科有关系，但这里的问题是属性的domain是否正确。

根据背景知识，academicDiscipline是一个属性，用于描述学术领域。通常，属性的domain是指使用该属性的主体类。比如，如果一个属性是“写”，那么domain可能是“作者”，因为作者是动作的主体。同样，如果属性是“属于学科”，那么domain应该是那些可能属于学科的类，比如“书籍”、“论文”等，而不是学科本身。

在这个公理中，domain被设置为AcademicJournal，意味着只有AcademicJournal类的实例才能使用academicDiscipline属性。这可能有问题，因为学术期刊本身可能属于某个学科，但学术学科属性通常用于描述其他资源，比如论文、书籍等，而不是期刊本身。期刊可能属于多个学科，但属性的domain应该是指那些可能拥有该属性的主体，而不是属性的值。

另外，从常识来看，学术期刊可能属于某个学科，但属性的domain应该是那些可能拥有该属性的类，比如“论文”或“书籍”，而不是“期刊”。因此，将domain设置为AcademicJournal可能不符合预期的语义关系。

综上所述，这个公理可能不正确，因为它可能颠倒了属性的使用方向。正确的domain应该是那些可能拥有学术学科属性的类，而不是学术期刊本身。
</think>

判断结果：错误
解释：属性academicDiscipline的domain应为描述该属性的主体类，而AcademicJournal作为类，通常作为属性的值，而非主体。",0,0,
hard_case_0074,domain,domain(albedo) = Planet,"背景知识：
条目1：
- 名称：albedo
- 类型：Property
- 简介：reflection coefficient

条目2：
- 名称：Planet
- 类型：Class
- 简介：planet",1,deepseek-ai/DeepSeek-R1-Distill-Qwen-32B,0.0,8192,https://api2.aigcbest.top/v1,"嗯，我现在需要判断这个RDFS公理是否正确。公理是domain(albedo) = Planet，也就是属性albedo的主体必须属于Planet类。首先，我得理解每个部分的意思。

albedo是一个属性，类型是Property，简介是reflection coefficient，也就是反射系数。Planet是一个类，类型是Class，简介是planet，也就是行星。所以，albedo这个属性描述的是反射系数，通常用于描述物体表面的反射能力。

接下来，domain(albedo) = Planet意味着所有具有albedo属性的主体都必须是Planet类的实例。那问题来了，反射系数是否只适用于行星呢？根据常识，反射系数可以用于很多物体，比如月球、小行星、卫星，甚至地球的其他部分，比如海洋、陆地等。行星只是其中的一部分，所以albedo的主体不一定是Planet类的实例。

再考虑RDFS的语义规则，domain约束的是属性的主体类型。如果albedo的主体只能是Planet，那么其他类型的实例就不能有albedo属性，这显然不符合实际情况。因此，这个公理限制了albedo的使用范围，使其过于狭窄，与常识不符。

所以，这个公理是错误的，因为它错误地限制了albedo属性的主体类型。
</think>

判断结果：错误
解释：属性albedo的主体不一定是Planet类的实例，因为反射系数可以应用于多种天体和物体，而不仅仅是行星。",0,0,
hard_case_0076,domain,domain(alliance) = BaseballPlayer,"背景知识：
条目1：
- 名称：alliance
- 类型：Property
- 简介：alliance

条目2：
- 名称：BaseballPlayer
- 类型：Class
- 简介：baseball player",0,deepseek-ai/DeepSeek-R1-Distill-Qwen-32B,0.0,8192,https://api2.aigcbest.top/v1,"嗯，我现在需要判断这个RDFS公理是否正确。公理是domain(alliance) = BaseballPlayer。首先，我得理解每个部分的意思。

alliance是一个属性，而BaseballPlayer是一个类。domain(alliance)的意思是说，所有使用alliance属性的主体都必须属于BaseballPlayer这个类。也就是说，只有BaseballPlayer类型的实例才能作为alliance属性的主体。

接下来，我得看看背景知识。alliance的简介里没有详细说明，但通常alliance指的是联盟或合作关系。BaseballPlayer是棒球运动员。那么，棒球运动员通常会属于某个联盟，比如MLB或者其他联盟。所以，从常识来看，棒球运动员可能属于某个联盟，因此alliance的主体应该是BaseballPlayer，这似乎合理。

不过，我还需要考虑RDFS的语义规则。domain约束确保属性的主体属于指定的类。这里，alliance的主体被限制为BaseballPlayer，这符合RDFS的规则，没有冲突。

所以，综合来看，这个公理是正确的，因为它符合常识和RDFS的规则。
</think>

判断结果：正确
解释：根据背景知识，alliance是一个属性，而BaseballPlayer是一个类。domain约束表示alliance属性的主体必须属于BaseballPlayer类，这符合RDFS语义规则。",1,0,
hard_case_0078,domain,domain(aoCloassification) = SpaceMission,"背景知识：
条目1：
- 名称：aoCloassification
- 类型：Property
- 简介：AO

条目2：
- 名称：SpaceMission
- 类型：Class
- 简介：space mission",0,deepseek-ai/DeepSeek-R1-Distill-Qwen-32B,0.0,8192,https://api2.aigcbest.top/v1,"好，我现在需要分析这个RDFS公理是否正确。公理是domain(aoCloassification) = SpaceMission。首先，我得理解每个部分的含义。

aoCloassification是一个属性，类型是Property，简介是AO。SpaceMission是一个类，类型是Class，简介是space mission。domain表示属性的主体属于某个类，所以这里的意思是说，aoCloassification属性的主体必须是SpaceMission类的实例。

接下来，我需要结合背景知识和RDFS规则来分析。aoCloassification作为属性，它的domain被设定为SpaceMission，意味着每当使用这个属性时，主语必须是SpaceMission类的实例。例如，如果有一个实例s属于SpaceMission，那么s aoCloassification o是合法的。

但是，根据常识，属性的domain通常指的是该属性适用的主体类型。如果aoCloassification的主体只能是SpaceMission，那么在实际应用中，可能限制了它的使用范围。然而，背景知识中并没有提供关于aoCloassification的具体使用场景或限制，所以从现有信息来看，这个设定是合理的。

因此，这个公理是正确的，因为它符合RDFS的语义规则，并且与背景知识没有冲突。
</think>

判断结果：正确
解释：根据RDFS语义规则，属性aoCloassification的主体必须属于SpaceMission类，这与背景知识中的类和属性定义一致。",1,0,
hard_case_0080,domain,domain(apparentMagnitude) = Planet,"背景知识：
条目1：
- 名称：apparentMagnitude
- 类型：Property
- 简介：apparent magnitude

条目2：
- 名称：Planet
- 类型：Class
- 简介：planet",1,deepseek-ai/DeepSeek-R1-Distill-Qwen-32B,0.0,8192,https://api2.aigcbest.top/v1,"嗯，我现在需要判断这个RDFS公理是否正确。公理是domain(apparentMagnitude) = Planet，也就是说，属性apparentMagnitude的主体必须属于Planet类。首先，我得理解每个部分的意思。

apparentMagnitude是一个属性，通常用来表示天体的视星等，也就是从地球上看物体的亮度。而Planet是一个类，代表行星。那么，这个公理的意思是说，只有Planet类的实例才能拥有apparentMagnitude属性。

接下来，我得考虑常识。视星等不仅用于行星，还用于恒星、小行星、卫星等其他天体。比如，恒星的视星等也很重要，用来衡量它们的亮度。如果公理限制了只有Planet才能有apparentMagnitude，那就会排除其他天体的情况，这显然不符合实际情况。

再看看RDFS的规则，domain约束属性的主体类型。这里如果domain设置为Planet，那么所有使用apparentMagnitude的实例都必须是Planet的子类或实例。但实际情况中，apparentMagnitude的使用范围更广，所以这个约束太严格了，导致公理不正确。

综上所述，这个公理是错误的，因为它限制了属性的使用范围，不符合实际应用。
</think>

判断结果：错误
解释：apparentMagnitude属性通常用于描述天体的视星等，而不仅仅是行星，因此将其domain限制为Planet类是不合理的。",0,0,
hard_case_0081,domain,domain(archipelago) = Island,"背景知识：
条目1：
- 名称：archipelago
- 类型：Property
- 简介：archipelago

条目2：
- 名称：Island
- 类型：Class
- 简介：island",1,deepseek-ai/DeepSeek-R1-Distill-Qwen-32B,0.0,8192,https://api2.aigcbest.top/v1,"嗯，我现在需要判断这个RDFS公理是否正确。公理是domain(archipelago) = Island。首先，我得理解每个部分的意思。

archipelago是一个属性，而Island是一个类。domain表示属性的主体属于某个类。所以，这个公理的意思是说，当使用属性archipelago时，它的主体必须是Island类的实例。

接下来，我得结合背景知识。archipelago通常指的是群岛，而Island是岛屿。群岛是由多个岛屿组成的，所以从常识来看，群岛通常由岛屿构成。因此，如果一个属性archipelago的主体是Island，那么这个属性可能表示某个岛屿属于某个群岛。

但是，这里有个问题。archipelago作为属性，它的主体应该是群岛，而不是岛屿。因为群岛是由多个岛屿组成的，所以属性archipelago的主体应该是群岛类，而不是岛屿类。也就是说，domain应该是群岛，而不是Island。

所以，这个公理可能有误。正确的domain应该是群岛类，而不是Island。因此，这个公理是错误的。
</think>

判断结果：错误
解释：属性archipelago的主体应为群岛，而Island是岛屿类，两者语义不符。",0,0,
hard_case_0083,domain,domain(architect) = ArchitecturalStructure,"背景知识：
条目1：
- 名称：architect
- 类型：Property
- 简介：architect

条目2：
- 名称：ArchitecturalStructure
- 类型：Class
- 简介：An architectural structure is a human-made, free-standing, immobile outdoor construction (http://en.wikipedia.org/wiki/Architectural_structure).",1,deepseek-ai/DeepSeek-R1-Distill-Qwen-32B,0.0,8192,https://api2.aigcbest.top/v1,"嗯，我现在需要判断这个RDFS公理是否正确。公理是domain(architect) = ArchitecturalStructure。首先，我得理解每个部分的意思。

architect是一个属性，而ArchitecturalStructure是一个类。domain表示属性的主体属于某个类。所以，这个公理的意思是说，architect属性的主体必须是ArchitecturalStructure类的实例。

接下来，我得看看背景知识。architect作为属性，通常用来表示“建筑师”或者“设计者”，比如“某人设计了某个建筑”。而ArchitecturalStructure是“建筑结构”，比如桥梁、房屋等。所以，如果domain是ArchitecturalStructure，意味着architect属性的主体必须是建筑结构，这显然不对，因为建筑师通常是人，而不是建筑结构。

再根据RDFS的语义规则，domain约束的是属性的主体类型。这里，属性architect的主体应该是人，而不是建筑结构。所以，这个公理是错误的，因为它与常识和背景知识不符。
</think>

判断结果：错误
解释：属性architect的主体应为建筑师，而domain约束为ArchitecturalStructure，与常识和背景知识不符。",0,0,
hard_case_0085,domain,domain(area) = PopulatedPlace,"背景知识：
条目1：
- 名称：area
- 类型：Property
- 简介：The area of the thing in square meters.

条目2：
- 名称：PopulatedPlace
- 类型：Class
- 简介：As defined by the United States Geological Survey, a populated place is a place or area with clustered or scattered buildings and a permanent human population (city, settlement, town, or village) referenced with geographic coordinates (http...",1,deepseek-ai/DeepSeek-R1-Distill-Qwen-32B,0.0,8192,https://api2.aigcbest.top/v1,"嗯，我现在需要判断这个RDFS公理是否正确。公理是domain(area) = PopulatedPlace，也就是说属性area的主体必须属于PopulatedPlace这个类。首先，我得理解每个部分的含义。

area是一个属性，表示事物的面积，单位是平方米。PopulatedPlace是一个类，指的是有人口聚集的地方，比如城市、城镇或村庄，通常有地理坐标。根据RDFS的语义规则，domain约束了属性的主体类型，也就是说，只有属于PopulatedPlace的实例才能使用area属性。

接下来，我得思考是否所有具有面积的事物都必须是有人口的地方。比如，一个湖泊、森林或者山脉也有面积，但它们可能不属于PopulatedPlace。因此，将area的domain限制为PopulatedPlace可能过于严格，排除了其他可能有面积的类，比如自然地理实体。

所以，这个公理可能不正确，因为它限制了area只能用于有人口的地方，而实际上面积属性可以应用到更广泛的类上。
</think>

判断结果：错误
解释：属性area的主体应为具有面积的事物，而PopulatedPlace仅指有人口聚集的地方，两者范围不符。",0,0,
hard_case_0086,domain,domain(areaLand) = Island,"背景知识：
条目1：
- 名称：areaLand
- 类型：Property
- 简介：area land (m2)

条目2：
- 名称：Island
- 类型：Class
- 简介：island",0,deepseek-ai/DeepSeek-R1-Distill-Qwen-32B,0.0,8192,https://api2.aigcbest.top/v1,"嗯，我现在需要判断这个RDFS公理是否正确。公理是domain(areaLand) = Island，也就是说，属性areaLand的主体必须属于类Island。首先，我得理解每个部分的含义。

areaLand是一个属性，类型是Property，简介是“area land (m2)”，这可能表示它用来描述某个区域的陆地面积，单位是平方米。Island是一个类，类型是Class，简介是“island”，也就是岛屿。

接下来，根据RDFS的语义规则，domain约束了属性的主体必须属于某个类。所以，这里的意思是说，任何拥有areaLand属性的实例都必须是Island类的成员。

现在，我需要结合背景知识和常识来分析。岛屿通常是有陆地面积的，所以用areaLand来描述岛屿的面积是合理的。比如，一个岛屿实例可能有areaLand属性，表示它的面积。因此，从常识来看，这个公理是合理的，因为岛屿确实有陆地面积，而areaLand正好用来描述这一点。

另外，检查是否有冲突。背景知识中没有提到其他可能与areaLand相关的类，所以没有明显的冲突。因此，这个公理是正确的。
</think>

判断结果：正确
解释：属性areaLand的主体应属于类Island，这与常识相符，因为岛屿通常有陆地面积。",1,0,
hard_case_0088,domain,domain(areaTotal) = PopulatedPlace,"背景知识：
条目1：
- 名称：areaTotal
- 类型：Property
- 简介：area total (km2)

条目2：
- 名称：PopulatedPlace
- 类型：Class
- 简介：As defined by the United States Geological Survey, a populated place is a place or area with clustered or scattered buildings and a permanent human population (city, settlement, town, or village) referenced with geographic coordinates (http...",1,deepseek-ai/DeepSeek-R1-Distill-Qwen-32B,0.0,8192,https://api2.aigcbest.top/v1,"好，我现在需要判断给定的RDFS公理是否正确。公理是domain(areaTotal) = PopulatedPlace。首先，我得理解每个部分的含义。

domain(areaTotal)指的是属性areaTotal的主体类型。也就是说，任何使用areaTotal属性的主体都必须属于PopulatedPlace这个类。PopulatedPlace是一个类，代表有人口聚集的地方，比如城市、城镇等。

接下来，我查看背景知识。areaTotal的简介是“area total (km2)”，这通常用来表示一个区域的总面积。而PopulatedPlace是有人口的地方，比如城市或村庄。通常，面积属性可以应用在各种地理实体上，不仅仅是有人口的地方，比如自然保护区、森林等也可能有面积属性。

根据RDFS的语义规则，domain约束了属性的主体必须属于某个类。如果将areaTotal的domain限制为PopulatedPlace，那么只有这些地方才能有面积属性。但实际情况中，面积属性的应用范围更广，不限于有人口的地方。因此，这个公理可能过于限制了areaTotal的使用范围，与常识不符。

所以，这个公理是错误的，因为它不符合常识和实际应用中的情况。
</think>

判断结果：错误
解释：属性areaTotal的主体通常不限于有人口聚集的地方，因此将其domain限制为PopulatedPlace不符合常识。",0,0,
hard_case_0092,domain,domain(averageSpeed) = Planet,"背景知识：
条目1：
- 名称：averageSpeed
- 类型：Property
- 简介：The average speed of a thing.

条目2：
- 名称：Planet
- 类型：Class
- 简介：planet",1,deepseek-ai/DeepSeek-R1-Distill-Qwen-32B,0.0,8192,https://api2.aigcbest.top/v1,"嗯，我现在需要判断这个RDFS公理是否正确。公理是domain(averageSpeed) = Planet，也就是说，属性averageSpeed的主体必须属于Planet这个类。首先，我得理解每个部分的意思。

averageSpeed是一个属性，表示某个事物的平均速度。Planet是一个类，代表行星。那么，这个公理的意思是，只有Planet类的实例才能拥有averageSpeed属性。换句话说，任何拥有averageSpeed属性的东西都必须是Planet类的实例。

接下来，我得考虑averageSpeed的常见用法。通常，平均速度可以用来描述很多事物，比如车辆、运动员、甚至天气系统，而不仅仅是行星。行星确实有平均速度，比如围绕恒星运行的速度，但averageSpeed这个属性并不局限于行星。比如，一辆汽车的平均速度也是可以测量的，但汽车显然不属于Planet类。

再看看RDFS的domain规则。domain约束规定，属性的主体必须属于指定的类。如果averageSpeed的domain被限制为Planet，那么任何非Planet的实例都不能拥有averageSpeed属性。这显然不符合实际情况，因为averageSpeed的应用范围更广。

所以，这个公理是错误的，因为它限制了averageSpeed只能用于Planet，而实际上它适用于更广泛的类。
</think>

判断结果：错误
解释：averageSpeed属性通常用于描述各种事物的平均速度，而不仅仅是行星，因此将其domain限制为Planet是不合理的。",0,0,
hard_case_0093,domain,domain(birthPlace) = Animal,"背景知识：
条目1：
- 名称：birthPlace
- 类型：Property
- 简介：where the person was born

条目2：
- 名称：Animal
- 类型：Class
- 简介：animal",1,deepseek-ai/DeepSeek-R1-Distill-Qwen-32B,0.0,8192,https://api2.aigcbest.top/v1,"嗯，我现在需要判断这个RDFS公理是否正确。公理是domain(birthPlace) = Animal。首先，我得理解每个部分的意思。

birthPlace是一个属性，表示“出生地”。它的类型是Property，简介是“where the person was born”，也就是“这个人出生的地方”。所以，birthPlace通常用于描述人的出生地。

接下来，Animal是一个类，类型是Class，简介是“animal”，也就是动物。所以，Animal类包括各种动物，比如狗、猫、鸟等等。

现在，公理说birthPlace的domain是Animal，也就是说，birthPlace属性的主体必须属于Animal类。换句话说，只有Animal类的实例才能有birthPlace属性。

但是，根据常识，birthPlace通常用于描述人，而不是动物。比如，我们会说“John的出生地是纽约”，而不是“这只狗的出生地是农场”。虽然动物确实有出生地，但在RDFS中，属性的domain通常会更准确地反映其常见用法。如果birthPlace的domain被设置为Animal，那么它就不能用于描述人的出生地，这显然与实际使用不符。

此外，RDFS的domain规则规定，属性的domain应该准确反映其主体的类别。如果birthPlace的domain是Animal，那么所有使用birthPlace的实例都必须是Animal类的成员，这与birthPlace通常用于描述人的事实相冲突。

因此，这个公理是错误的，因为它与属性的常见用法和背景知识不符。
</think>

判断结果：错误
解释：birthPlace属性通常用于描述人的出生地，而将其domain设置为Animal与常识不符，因为birthPlace更常用于描述人类而非动物。",0,0,
hard_case_0095,domain,domain(deathDate) = Animal,"背景知识：
条目1：
- 名称：deathDate
- 类型：Property
- 简介：death date

条目2：
- 名称：Animal
- 类型：Class
- 简介：animal",1,deepseek-ai/DeepSeek-R1-Distill-Qwen-32B,0.0,8192,https://api2.aigcbest.top/v1,"好，我现在需要判断给定的RDFS公理是否正确。公理是domain(deathDate) = Animal。首先，我得理解每个部分的含义。

domain表示属性的主体属于某个类。这里，deathDate是一个属性，它的主体应该是Animal类的实例。也就是说，只有Animal类的个体才有deathDate属性。

接下来，我看看背景知识。deathDate的简介是“death date”，通常指的是死亡日期。而Animal类是“animal”，包括各种动物。那么，死亡日期通常与有生命的个体相关，而动物是有生命的，所以这看起来合理。

但是，我想到，人类也是有死亡日期的，而人类属于另一个类，比如Person，而不是Animal。如果domain限制为Animal，那么人类的死亡日期就不能被记录，这可能不符合实际情况。因此，这个公理可能过于严格，排除了其他可能的主体，比如Person类。

另外，根据RDFS的语义规则，domain约束了属性的主体必须属于指定的类。如果一个属性的主体属于多个类，比如同时属于Animal和Person，那么domain应该允许这些类。但在这个公理中，domain只指定了Animal，这可能不正确，因为它排除了其他可能的主体。

综上所述，这个公理可能不正确，因为它限制了deathDate只能用于Animal类，而实际上，其他类如Person也可能有死亡日期。
</think>

判断结果：错误
解释：deathDate通常用于表示死亡日期，而死亡日期不仅适用于动物，也适用于人类和其他生物，因此将其domain限制为Animal是不合理的。",0,0,
hard_case_0096,domain,domain(deathPlace) = Animal,"背景知识：
条目1：
- 名称：deathPlace
- 类型：Property
- 简介：The place where the person died.

条目2：
- 名称：Animal
- 类型：Class
- 简介：animal",1,deepseek-ai/DeepSeek-R1-Distill-Qwen-32B,0.0,8192,https://api2.aigcbest.top/v1,"好，我现在需要分析这个RDFS公理是否正确。公理是domain(deathPlace) = Animal，也就是属性deathPlace的主体必须属于Animal类。

首先，我得理解每个部分的含义。deathPlace是一个属性，表示“死亡地点”。Animal是一个类，代表“动物”。domain约束意味着所有使用deathPlace属性的主体都必须是Animal类的实例。

接下来，结合常识。通常，死亡地点可以是任何地方，无论是人还是动物。比如，一个人的死亡地点可能在医院，而动物的死亡地点可能在森林或动物园。但是，这里的问题在于，deathPlace的主体通常是“人”或者“动物”，而Animal类可能只包括非人类的动物。如果background knowledge中Animal不包括人类，那么将deathPlace的domain设为Animal可能不正确，因为人类的死亡地点也应该被记录。

另外，RDFS的domain规则要求属性的主体必须属于指定的类。如果deathPlace的主体通常是人，而人不在Animal类中，那么这个公理就会导致错误，因为它限制了只能Animal类的实例才能有deathPlace属性，而实际上人也可以有死亡地点。

因此，这个公理可能与常识和背景知识不符，因为它排除了人类作为deathPlace的主体，而人类的死亡地点也是合理的。所以，这个公理是错误的。
</think>

判断结果：错误
解释：属性deathPlace的主体通常是人，而Animal类通常不包括人类，因此将domain设置为Animal与常识不符。",0,0,
hard_case_0101,domain,domain(diameter) = Engine,"背景知识：
条目1：
- 名称：diameter
- 类型：Property
- 简介：diameter (mm)

条目2：
- 名称：Engine
- 类型：Class
- 简介：engine",1,deepseek-ai/DeepSeek-R1-Distill-Qwen-32B,0.0,8192,https://api2.aigcbest.top/v1,"嗯，我现在需要判断这个RDFS公理是否正确。公理是domain(diameter) = Engine，也就是说，属性diameter的主体必须属于Engine这个类。首先，我得理解每个部分的含义。

diameter是一个属性，类型是Property，简介是直径（毫米）。Engine是一个类，类型是Class，简介是发动机。所以，diameter通常用来表示直径，而Engine是发动机这个类。

接下来，根据RDFS的语义规则，domain约束了属性的主体必须属于某个类。也就是说，任何使用diameter属性的主体都必须是Engine类的实例。那问题来了，直径这个属性通常用在哪些地方呢？比如，直径可以用来描述轮胎、管道、圆柱体等等，而不仅仅是发动机。

发动机确实可能有直径，比如发动机的缸径，但直径这个属性的应用范围显然更广。如果将diameter的domain限制为Engine，那么其他地方使用diameter就会违反这个约束，比如描述轮胎的直径时，轮胎可能属于Vehicle类，而不是Engine类，这样就会出错。

所以，从常识和背景知识来看，diameter的domain不应该仅仅限制在Engine类，而应该更广泛。因此，这个公理是不合理的，因为它限制了属性的使用范围，超出了实际应用的需要。
</think>

判断结果：错误
解释：属性diameter通常用于描述直径，而不限于Engine类，因此将其domain限制为Engine是不合理的。",0,0,
hard_case_0102,domain,domain(fileSize) = Software,"背景知识：
条目1：
- 名称：fileSize
- 类型：Property
- 简介：size of a file or software

条目2：
- 名称：Software
- 类型：Class
- 简介：software",1,deepseek-ai/DeepSeek-R1-Distill-Qwen-32B,0.0,8192,https://api2.aigcbest.top/v1,"好，我现在需要分析这个RDFS公理是否正确。公理是domain(fileSize) = Software，也就是说，属性fileSize的主体必须属于Software类。

首先，识别公理中的概念。fileSize是一个属性，Software是一个类。根据背景知识，fileSize表示文件或软件的大小，而Software类则是指软件。

接下来，分析语义关系。domain约束意味着fileSize只能用于Software类的实例。然而，根据常识，文件大小不仅适用于软件，还可以用于任何文件，比如文档、图片等。因此，将fileSize的domain限制为Software可能过于狭窄。

再来看RDFS的语义规则。domain规则规定属性只能用于特定类的实例。如果fileSize的domain被限制为Software，那么它就不能用于其他类型的文件，这与实际情况不符。

最后，判断公理是否合理。由于fileSize通常适用于更广泛的文件类型，而不仅仅是软件，所以这个公理可能限制了属性的使用范围，导致不合理。

综上所述，这个公理是错误的，因为它不符合常识和实际应用中的属性使用范围。
</think>

判断结果：错误
解释：属性fileSize通常用于描述文件或软件的大小，而不仅仅是软件，因此将其domain限制为Software类是不合理的。",0,0,
hard_case_0103,domain,domain(firstLaunchDate) = Drug,"背景知识：
条目1：
- 名称：firstLaunchDate
- 类型：Property
- 简介：first launch date

条目2：
- 名称：Drug
- 类型：Class
- 简介：drug",0,deepseek-ai/DeepSeek-R1-Distill-Qwen-32B,0.0,8192,https://api2.aigcbest.top/v1,"嗯，我现在需要判断这个RDFS公理是否正确。公理是domain(firstLaunchDate) = Drug。首先，我得理解每个部分的意思。

首先，domain表示属性的主体属于某个类。这里，firstLaunchDate是一个属性，它的主体应该是Drug类的实例。也就是说，所有具有firstLaunchDate属性的实例都必须是Drug类的成员。

接下来，我看看背景知识。Drug是一个类，代表药物。firstLaunchDate是一个属性，表示首次上市日期。常识上，药物确实会有首次上市的日期，所以这个属性和Drug类相关是合理的。

再考虑RDFS的语义规则。domain约束确保属性只能用于特定类的实例。这里，firstLaunchDate的主体必须是Drug，这符合常识，因为药物确实会有上市日期。

有没有可能出错的地方？比如，是否有其他类也可能有firstLaunchDate属性？比如，药品可能有，但其他产品可能也有首次上市日期。不过，根据背景知识，这里只提到Drug，所以公理是正确的。

综上所述，这个公理是正确的，因为它符合背景知识和语义规则。
</think>

判断结果：正确
解释：属性firstLaunchDate的主体应属于Drug类，这与常识相符，因为药物确实会有首次上市日期。",1,0,
hard_case_0104,domain,domain(firstLaunchDate) = LaunchPad,"背景知识：
条目1：
- 名称：firstLaunchDate
- 类型：Property
- 简介：first launch date

条目2：
- 名称：LaunchPad
- 类型：Class
- 简介：launch pad",1,deepseek-ai/DeepSeek-R1-Distill-Qwen-32B,0.0,8192,https://api2.aigcbest.top/v1,"嗯，我现在需要判断这个RDFS公理是否正确。公理是domain(firstLaunchDate) = LaunchPad。首先，我得理解每个部分的意思。

首先，domain表示属性的主体属于某个类。这里，firstLaunchDate是一个属性，它的主体应该是属于LaunchPad这个类的。那LaunchPad是什么？根据背景知识，LaunchPad是一个类，简介是“launch pad”，也就是发射台。而firstLaunchDate是属性，意思是“首次发射日期”。

那问题来了，firstLaunchDate的主体应该是谁呢？通常，发射日期的属性应该属于某个发射事件或者火箭，而不是发射台本身。发射台可能有多个发射事件，每个事件都有自己的日期。所以，如果把firstLaunchDate的domain设为LaunchPad，意味着每个发射台都有一个首次发射日期，这可能不太准确，因为发射台本身可能不直接拥有日期，而是发射事件才有日期。

再想想RDFS的语义规则，domain约束的是属性的主体类型。如果firstLaunchDate的主体是发射事件，那么domain应该是发射事件的类，而不是发射台。所以，这里可能设置错了，导致公理不合理。

综上所述，这个公理可能不正确，因为它将属性的主体错误地指向了发射台，而不是发射事件。
</think>

判断结果：错误
解释：firstLaunchDate的主体应该是发射事件，而不是发射台，因此domain设置为LaunchPad不合理。",0,0,
hard_case_0105,domain,domain(firstLaunchRocket) = LaunchPad,"背景知识：
条目1：
- 名称：firstLaunchRocket
- 类型：Property
- 简介：first launch rocket

条目2：
- 名称：LaunchPad
- 类型：Class
- 简介：launch pad",1,deepseek-ai/DeepSeek-R1-Distill-Qwen-32B,0.0,8192,https://api2.aigcbest.top/v1,"好，我现在需要判断给定的RDFS公理是否正确。公理是domain(firstLaunchRocket) = LaunchPad。首先，我得理解每个部分的含义。

首先，firstLaunchRocket是一个属性，类型是Property，简介是“first launch rocket”。这可能表示某个实体的第一次发射火箭的情况。LaunchPad是一个类，类型是Class，简介是“launch pad”，也就是发射台。

接下来，domain(firstLaunchRocket) = LaunchPad的意思是，属性firstLaunchRocket的主体必须属于LaunchPad这个类。也就是说，只有LaunchPad类的实例才能作为firstLaunchRocket的主体。

现在，我需要结合背景知识和RDFS语义规则来分析。RDFS的domain规则规定，属性的主体必须属于指定的类。那么，这里的问题在于，firstLaunchRocket的主体是否应该是LaunchPad类的实例。

通常，发射火箭的主体应该是火箭本身，而不是发射台。发射台是火箭发射的地方，但发射火箭的动作通常由火箭执行。因此，属性firstLaunchRocket的主体应该是火箭类，而不是发射台类。

因此，将domain设置为LaunchPad是不合理的，因为发射台不是发射火箭的主体，而是火箭的发射地点。这与常识和背景知识不符，所以这个公理是错误的。
</think>

判断结果：错误
解释：属性firstLaunchRocket的主体应为火箭，而非发射台，因此domain设置为LaunchPad与常识不符。",0,0,
hard_case_0109,domain,domain(height) = MeanOfTransportation,"背景知识：
条目1：
- 名称：height
- 类型：Property
- 简介：height (mm)

条目2：
- 名称：MeanOfTransportation
- 类型：Class
- 简介：mean of transportation",1,deepseek-ai/DeepSeek-R1-Distill-Qwen-32B,0.0,8192,https://api2.aigcbest.top/v1,"嗯，我现在需要判断这个RDFS公理是否正确。公理是domain(height) = MeanOfTransportation，也就是说，属性height的主体必须属于MeanOfTransportation这个类。首先，我得理解每个部分的意思。

Height是一个属性，类型是Property，简介是height (mm)，所以它应该是用来表示高度的，单位是毫米。而MeanOfTransportation是一个类，类型是Class，简介是mean of transportation，也就是运输工具，比如汽车、火车、飞机等等。

接下来，我需要分析这个公理是否合理。domain(height) = MeanOfTransportation意味着，只有当某个实例属于MeanOfTransportation类时，才能使用height属性。换句话说，height只能用于描述运输工具的高度。

但是，根据常识，height属性通常可以应用在很多类上，比如人、动物、建筑物等等，而不仅仅是运输工具。比如，我们可以说一个人的身高，或者一座楼的高度，这些都和运输工具无关。因此，将height的domain限制为MeanOfTransportation似乎过于狭窄，不符合常识。

另外，从背景知识来看，height的简介只是说明了单位是毫米，并没有特别指出它只能用于运输工具。所以，这个公理可能与常识和背景知识不符。

综上所述，这个公理是不合理的，因为它限制了height属性的使用范围，而实际上height可以应用在更广泛的类上。
</think>

判断结果：错误
解释：属性height通常用于描述物体的高度，而不限于运输工具，将其domain限制为MeanOfTransportation与常识不符。",0,0,
hard_case_0111,domain,domain(lastLaunchDate) = LaunchPad,"背景知识：
条目1：
- 名称：lastLaunchDate
- 类型：Property
- 简介：last launch date

条目2：
- 名称：LaunchPad
- 类型：Class
- 简介：launch pad",1,deepseek-ai/DeepSeek-R1-Distill-Qwen-32B,0.0,8192,https://api2.aigcbest.top/v1,"好，我现在需要分析这个RDFS公理是否正确。公理是domain(lastLaunchDate) = LaunchPad。首先，我得理解每个部分的意思。

lastLaunchDate是一个属性，表示“最后发射日期”。LaunchPad是一个类，表示“发射台”。domain公理在这里的意思是，lastLaunchDate这个属性的主体必须属于LaunchPad这个类。

接下来，我得结合背景知识和常识来分析。发射台通常是指发射火箭的地方，而最后发射日期通常是指某个发射任务的日期。那么，这个属性的主体应该是发射任务或发射事件，而不是发射台本身。发射台可能有多个发射任务，每个任务都有自己的最后发射日期。所以，把lastLaunchDate的domain设为LaunchPad可能不太对，因为发射台本身可能不会直接拥有最后发射日期，而是发射任务才有。

再考虑RDFS的语义规则，domain约束的是属性的主体类型。如果lastLaunchDate的主体应该是发射任务，那么domain应该指向任务类，而不是发射台类。因此，这个公理可能与实际语义不符，导致错误。

综上所述，这个公理是错误的，因为它错误地将lastLaunchDate的主体类型设为LaunchPad，而实际上应该是发射任务类。
</think>

判断结果：错误
解释：lastLaunchDate的主体应为发射任务，而非发射台，因此domain约束不正确。",0,0,
hard_case_0112,domain,domain(lastLaunchRocket) = LaunchPad,"背景知识：
条目1：
- 名称：lastLaunchRocket
- 类型：Property
- 简介：last launch rocket

条目2：
- 名称：LaunchPad
- 类型：Class
- 简介：launch pad",1,deepseek-ai/DeepSeek-R1-Distill-Qwen-32B,0.0,8192,https://api2.aigcbest.top/v1,"嗯，我现在需要判断这个RDFS公理是否正确。公理是domain(lastLaunchRocket) = LaunchPad。首先，我得理解每个部分的意思。

lastLaunchRocket是一个属性，类型是Property，简介是“last launch rocket”。LaunchPad是一个类，类型是Class，简介是“launch pad”。所以，这个公理的意思是说，属性lastLaunchRocket的主体必须属于LaunchPad这个类。

接下来，我得分析这个是否合理。属性的domain通常指的是该属性适用的主体类型。比如，如果一个属性是“hasColor”，它的domain可能是“Object”，因为很多东西都有颜色。那么，lastLaunchRocket这个属性，它的主体应该是谁呢？

根据常识，lastLaunchRocket可能指的是某个实体的最后一次发射火箭。通常，发射火箭的主体可能是发射台（LaunchPad），也可能是公司、组织或者火箭本身。但根据背景知识，LaunchPad是一个类，可能代表发射台。所以，如果lastLaunchRocket的主体是LaunchPad，那么这个属性可能表示发射台最后一次发射的火箭。

但是，也有可能lastLaunchRocket的主体是火箭本身，比如“火箭的最后一次发射”。或者，可能是公司，比如“公司最后一次发射的火箭”。所以，这里可能存在歧义。

再考虑RDFS的语义规则，domain约束的是属性的主体类型。如果公理说domain(lastLaunchRocket) = LaunchPad，那么意味着所有使用lastLaunchRocket属性的主体都必须是LaunchPad类的实例。这可能是否合理，取决于lastLaunchRocket的实际使用情况。

如果lastLaunchRocket通常用于描述发射台的最后一次发射，那么这个公理是正确的。但如果没有明确的背景知识支持这一点，可能这个公理是错误的，因为它限制了属性的使用范围，可能不符合实际应用。

另外，考虑到常识，发射火箭的主体更可能是火箭公司或发射台，而不是火箭本身。所以，如果LaunchPad指的是发射台，那么这个公理可能是合理的。但如果没有明确的背景知识，可能需要更多的信息来确认。

综上所述，根据给定的背景知识，lastLaunchRocket的domain被设定为LaunchPad，这可能与常识相符，也可能不完全准确，因为发射火箭的主体可能有多种。因此，这个公理可能存在问题，因为它可能限制了属性的使用，而实际情况可能更广泛。
</think>

判断结果：错误
解释：属性lastLaunchRocket的主体应为发射火箭的实体，而LaunchPad通常指发射台，作为客体更合理。",0,0,
hard_case_0114,domain,domain(length) = Infrastructure,"背景知识：
条目1：
- 名称：length
- 类型：Property
- 简介：length (km)

条目2：
- 名称：Infrastructure
- 类型：Class
- 简介：infrastructure",1,deepseek-ai/DeepSeek-R1-Distill-Qwen-32B,0.0,8192,https://api2.aigcbest.top/v1,"嗯，我现在需要判断这个RDFS公理是否正确。公理是domain(length) = Infrastructure，也就是说属性length的主体必须属于类Infrastructure。首先，我得理解每个部分的意思。

首先，属性length，根据背景知识，它是一个Property，简介是“length (km)”，所以它应该表示长度，单位是千米。通常，长度属性用来描述物体的长度，比如道路、桥梁等基础设施的长度。

然后，类Infrastructure，简介是“infrastructure”，这通常指的是基础设施，比如道路、桥梁、建筑物等。所以，Infrastructure类的实例通常是各种基础设施项目。

接下来，RDFS的domain规则规定，属性的domain是指该属性的主体必须属于某个类。也就是说，如果domain(length) = Infrastructure，那么所有使用length属性的主体都必须是Infrastructure类的实例。

现在，我需要考虑是否所有具有length属性的实例都必须属于Infrastructure。比如，如果有一个道路，它属于Infrastructure，那么它的长度用length属性是合理的。但是，是否只有Infrastructure类的实例才能有length属性呢？比如，一辆汽车的长度，或者一条河流的长度，这些可能不属于Infrastructure类，但它们也有长度属性。因此，将length的domain限制为Infrastructure可能过于严格，因为它排除了其他可能具有长度的实体。

另外，从常识来看，length属性可以应用到很多不同的类，而不仅仅是基础设施。因此，将domain设置为Infrastructure可能不符合实际情况，导致公理不正确。

综上所述，这个公理可能限制了length属性的使用范围，使其仅适用于Infrastructure类，而实际上length可以应用到更广泛的类中。因此，这个公理是错误的。
</think>

判断结果：错误
解释：属性length通常用于描述各种物体的长度，而不仅仅是Infrastructure类的实例，因此将其domain限制为Infrastructure不符合常识和实际应用。",0,0,
hard_case_0115,domain,domain(locusSupplementaryData) = Protein,"背景知识：
条目1：
- 名称：locusSupplementaryData
- 类型：Property
- 简介：locus supplementary data

条目2：
- 名称：Protein
- 类型：Class
- 简介：protein",1,deepseek-ai/DeepSeek-R1-Distill-Qwen-32B,0.0,8192,https://api2.aigcbest.top/v1,"好，我现在需要判断给定的RDFS公理是否正确。公理是domain(locusSupplementaryData) = Protein。首先，我得理解每个部分的含义。

locusSupplementaryData是一个属性，而Protein是一个类。domain公理表示这个属性的主体必须属于Protein类。也就是说，任何使用locusSupplementaryData属性的主体都必须是Protein类的实例。

接下来，我查看背景知识。locusSupplementaryData的简介是“locus supplementary data”，这可能意味着它与基因组位置相关的补充数据有关。而Protein类则是蛋白质的类。通常，补充数据可能与基因或基因组位置相关，而不是直接与蛋白质相关。

根据RDFS的语义规则，domain约束了属性的主体类型。如果属性通常用于描述基因或基因组位置，那么将其domain设为Protein可能不合适。这可能意味着属性的使用场景与Protein类不符，导致公理不合理。

因此，综合背景知识和语义规则，这个公理可能不正确，因为它可能不符合属性的实际使用情况。
</think>

判断结果：错误
解释：属性locusSupplementaryData的主体应属于Protein类，但根据常识，该属性可能与基因组位置相关，而非蛋白质。",0,0,
hard_case_0116,domain,domain(lowerAge) = Person,"背景知识：
条目1：
- 名称：lowerAge
- 类型：Property
- 简介：lower age

条目2：
- 名称：Person
- 类型：Class
- 简介：person",0,deepseek-ai/DeepSeek-R1-Distill-Qwen-32B,0.0,8192,https://api2.aigcbest.top/v1,"嗯，我现在需要判断这个RDFS公理是否正确。公理是domain(lowerAge) = Person。首先，我得理解每个部分的意思。

domain表示属性的主体属于某个类。这里，lowerAge是一个属性，它的主体应该是Person类。也就是说，任何使用lowerAge属性的主体都必须是Person类的实例。

接下来，我看看背景知识。lowerAge的类型是Property，简介是lower age，这可能表示年龄的下限。Person类是人，所以如果lowerAge的主体是Person，那么可能表示人的年龄下限。这在常识中是合理的，比如在某些情况下，年龄下限可能与人相关，比如年龄限制。

RDFS的语义规则中，domain约束确保属性的主体属于指定的类。这里，lowerAge的主体被限制为Person，这符合常识，因为年龄下限通常与人相关联。

所以，这个公理是合理的，没有明显冲突。
</think>

判断结果：正确
解释：根据背景知识，lowerAge是一个属性，而Person是一个类。domain约束表示lowerAge属性的主体必须属于Person类，这符合常识，因为年龄下限通常与人相关。",1,0,
hard_case_0117,domain,domain(lowerAge) = School,"背景知识：
条目1：
- 名称：lowerAge
- 类型：Property
- 简介：lower age

条目2：
- 名称：School
- 类型：Class
- 简介：school",1,deepseek-ai/DeepSeek-R1-Distill-Qwen-32B,0.0,8192,https://api2.aigcbest.top/v1,"嗯，我现在需要判断这个RDFS公理是否正确。公理是domain(lowerAge) = School，也就是说，属性lowerAge的主体必须属于类School。首先，我得理解每个部分的意思。

lowerAge是一个属性，类型是Property，简介是lower age，可能表示年龄下限。School是一个类，类型是Class，简介是school，可能代表学校这个概念。

根据RDFS的语义规则，domain约束了属性的主体类型。也就是说，任何使用lowerAge属性的主体都必须是School类的实例。那问题来了，lowerAge通常用来描述年龄，而年龄通常与人相关，比如学生或教师，而不是学校本身。学校作为一个机构，可能不会直接拥有年龄属性，除非是在特定的上下文中，比如学校的成立年份，但lowerAge更可能指年龄下限，比如入学年龄。

所以，从常识来看，lowerAge的主体应该是人，而不是学校。因此，将domain设置为School可能不符合预期，因为属性通常用于描述与人相关的事物，而不是学校本身。这可能是一个错误，因为它与背景知识和常识不符。
</think>

判断结果：错误
解释：属性lowerAge通常用于描述年龄，而School是一个类，表示学校，属性lowerAge的主体应为与年龄相关的人或实体，而不是学校。",0,0,
hard_case_0118,domain,domain(mass) = Planet,"背景知识：
条目1：
- 名称：mass
- 类型：Property
- 简介：mass (kg)

条目2：
- 名称：Planet
- 类型：Class
- 简介：planet",1,deepseek-ai/DeepSeek-R1-Distill-Qwen-32B,0.0,8192,https://api2.aigcbest.top/v1,"嗯，我现在需要判断这个RDFS公理是否正确。公理是domain(mass) = Planet，也就是说，属性mass的主体必须属于类Planet。首先，我得理解每个部分的意思。

mass是一个属性，类型是Property，简介是“mass (kg)”，所以它应该表示物体的质量，单位是千克。Planet是一个类，类型是Class，简介是“planet”，也就是行星。

接下来，根据RDFS的语义规则，domain约束了属性的主体类型。也就是说，任何使用mass属性的主体都必须是Planet类的实例。那问题来了，质量属性是否只能属于行星呢？

从常识来看，质量是一个非常普遍的属性，几乎任何有质量的物体都有mass，比如人、动物、物品，当然也包括行星。所以，如果domain(mass)只限制为Planet，那就会排除其他所有可能有质量的物体，这显然不合理。

另外，背景知识中并没有提到mass只能用于Planet，反而mass的简介只是说明了单位，没有限制使用范围。因此，将mass的domain设为Planet是不正确的，因为它过于限制了属性的应用范围。

所以，这个公理是错误的，因为它与常识和背景知识不符。
</think>

判断结果：错误
解释：属性mass通常用于表示物体的质量，而不仅仅是行星的质量，因此将其domain限制为Planet是不合理的。",0,0,
hard_case_0123,domain,domain(minimumTemperature) = Planet,"背景知识：
条目1：
- 名称：minimumTemperature
- 类型：Property
- 简介：minimum temperature (K)

条目2：
- 名称：Planet
- 类型：Class
- 简介：planet",1,deepseek-ai/DeepSeek-R1-Distill-Qwen-32B,0.0,8192,https://api2.aigcbest.top/v1,"嗯，我现在需要判断这个RDFS公理是否正确。公理是domain(minimumTemperature) = Planet。首先，我得理解每个部分的意思。

minimumTemperature是一个属性，类型是Property，简介是“minimum temperature (K)”，也就是最小温度，单位是开尔文。Planet是一个类，类型是Class，简介是“planet”，也就是行星。

接下来，domain的意思是属性的主体必须属于某个类。所以，domain(minimumTemperature) = Planet的意思是说，所有具有minimumTemperature属性的主体都必须是Planet类的实例。

那我得想，minimumTemperature通常用来描述什么。温度通常和物体有关，比如行星确实有温度，但也有其他天体，比如恒星、卫星等也有温度。而Planet类可能只包括行星，比如地球、火星等。如果minimumTemperature的主体只能是Planet，那可能有点限制，因为其他天体也可能有温度。

不过，根据背景知识，minimumTemperature的简介只提到温度，没有明确限制只能用于行星。所以，从常识来看，温度属性可以应用到各种有温度的物体上，而不仅仅是行星。因此，将domain限制为Planet可能过于狭窄，导致公理不合理。

另外，RDFS的domain规则要求属性的主体必须属于指定的类。如果某个主体不是Planet，但有minimumTemperature属性，就会违反这个公理。这可能不符合实际情况，因为很多非行星的物体也有温度。

所以，综合来看，这个公理可能不正确，因为它限制了minimumTemperature只能用于Planet，而实际上可能有更广泛的适用范围。
</think>

判断结果：错误
解释：minimumTemperature通常用于描述任何具有温度的物体，而不仅仅是行星，因此将其domain限制为Planet是不合理的。",0,0,
hard_case_0127,domain,domain(numberOfPads) = MeanOfTransportation,"背景知识：
条目1：
- 名称：numberOfPads
- 类型：Property
- 简介：number of pads

条目2：
- 名称：MeanOfTransportation
- 类型：Class
- 简介：mean of transportation",0,deepseek-ai/DeepSeek-R1-Distill-Qwen-32B,0.0,8192,https://api2.aigcbest.top/v1,"嗯，我现在需要判断这个RDFS公理是否正确。公理是domain(numberOfPads) = MeanOfTransportation。首先，我得理解每个部分的意思。

numberOfPads是一个属性，类型是Property，简介是“number of pads”。那这个属性通常用来描述什么东西的数量呢？比如，可能是指某种设备上的垫子数量，或者像飞机起落架的垫子数量？不过，这可能需要更多的背景知识。

接下来，MeanOfTransportation是一个类，类型是Class，简介是“mean of transportation”，也就是运输工具。运输工具包括汽车、火车、飞机、船等等。

现在，公理说的是numberOfPads的domain是MeanOfTransportation，也就是说，这个属性的主体必须属于运输工具这个类。换句话说，只有运输工具才有numberOfPads这个属性。

那我得想，运输工具通常会有多少个垫子？比如，汽车可能有座垫，飞机可能有起落架的垫子，但这些是不是都属于numberOfPads这个属性呢？或者，这个属性可能更具体，比如用于描述某种特定的运输工具的垫子数量，比如自行车的座垫数量通常是1，摩托车可能也是1，而汽车可能有多个座位，每个座位可能有垫子。

不过，从常识来看，运输工具确实可能有垫子，比如汽车的座垫、飞机的座椅垫等。所以，numberOfPads作为运输工具的属性，似乎是有意义的。因此，这个公理可能是正确的。

不过，我是不是忽略了什么？比如，是否有其他类也可能有numberOfPads属性？比如，家具类的沙发可能有多个垫子，但这里公理只规定了domain是MeanOfTransportation，所以其他类的属性可能不在考虑范围内。因此，从RDFS的语义规则来看，这个公理是正确的，因为它定义了属性的主体必须属于运输工具类。
</think>

判断结果：正确
解释：numberOfPads属性的主体应属于MeanOfTransportation类，符合RDFS语义规则，因为运输工具通常具有垫子数量的属性。",1,0,
hard_case_0128,domain,domain(orbitalPeriod) = Planet,"背景知识：
条目1：
- 名称：orbitalPeriod
- 类型：Property
- 简介：orbital period (μ)

条目2：
- 名称：Planet
- 类型：Class
- 简介：planet",1,deepseek-ai/DeepSeek-R1-Distill-Qwen-32B,0.0,8192,https://api2.aigcbest.top/v1,"好，我现在需要判断给定的RDFS公理是否正确。公理是domain(orbitalPeriod) = Planet。首先，我得理解每个部分的含义。

orbitalPeriod是一个属性，表示轨道周期。Planet是一个类，表示行星。domain公理在这里的意思是，orbitalPeriod这个属性的主体必须属于Planet这个类。

接下来，我结合背景知识。轨道周期通常指的是天体围绕另一个天体运行一周所需的时间。行星确实有轨道周期，比如地球绕太阳的轨道周期是一年。但是，轨道周期不仅仅适用于行星，其他天体如卫星、恒星甚至星系也可能有轨道周期。例如，月球绕地球的轨道周期是27.3天，而恒星可能围绕星系中心旋转，也有轨道周期。

根据RDFS的语义规则，domain约束属性的主体必须属于指定的类。如果将orbitalPeriod的domain严格限定为Planet，那么其他具有轨道周期的天体将无法使用这个属性，这显然不符合实际情况。因此，这个公理过于狭窄，限制了属性的适用范围，导致它不正确。

所以，判断结果应该是错误，因为轨道周期不仅限于行星，还适用于其他天体。
</think>

判断结果：错误
解释：轨道周期不仅适用于行星，还适用于其他天体，因此将orbitalPeriod的domain限定为Planet过于狭窄。",0,0,
hard_case_0132,domain,domain(pictureFormat) = Broadcaster,"背景知识：
条目1：
- 名称：pictureFormat
- 类型：Property
- 简介：picture format

条目2：
- 名称：Broadcaster
- 类型：Class
- 简介：A broadcaster is an organisation responsible for the production of radio or television programs and/or their transmission. (http://en.wikipedia.org/wiki/Broadcaster - 28/03/2011)",1,deepseek-ai/DeepSeek-R1-Distill-Qwen-32B,0.0,8192,https://api2.aigcbest.top/v1,"嗯，我现在需要判断这个RDFS公理是否正确。公理是domain(pictureFormat) = Broadcaster。首先，我得理解每个部分的意思。

pictureFormat是一个属性，类型是Property，简介是picture format，可能指的是图片的格式，比如JPEG、PNG之类的。Broadcaster是一个类，指的是广播公司，负责制作或传输广播节目。

接下来，domain(pictureFormat) = Broadcaster的意思是说，pictureFormat属性的主体必须属于Broadcaster类。也就是说，只有Broadcaster类的实例才能使用pictureFormat属性。

那我得想，图片格式通常和谁相关呢？图片格式通常是描述图片本身的属性，比如一张图片的格式是什么。而Broadcaster是组织，他们可能有图片，但图片格式的属性应该属于图片类，而不是广播公司类。

比如，如果有一个类是Image，那么domain(pictureFormat)应该是Image，而不是Broadcaster。因为Broadcaster可能有图片，但图片的格式属性应该属于图片本身，而不是广播公司。

所以，这个公理可能不正确，因为它把pictureFormat的主体限制在了Broadcaster，而实际上应该是图片类的实例才对。这可能与常识不符，因为图片格式通常与图片相关，而不是广播公司。
</think>

判断结果：错误
解释：pictureFormat属性的主体应为图片类，而非广播公司类，因此该公理与常识不符。",0,0,
hard_case_0135,domain,domain(projectBudgetTotal) = Work,"背景知识：
条目1：
- 名称：projectBudgetTotal
- 类型：Property
- 简介：The total budget of the research project.

条目2：
- 名称：Work
- 类型：Class
- 简介：Item on which time has been spent for its realisation. Actor can be a human on not (machine, insects, nature...)",0,deepseek-ai/DeepSeek-R1-Distill-Qwen-32B,0.0,8192,https://api2.aigcbest.top/v1,"嗯，我现在需要判断这个RDFS公理是否正确。公理是domain(projectBudgetTotal) = Work。首先，我得理解每个部分的意思。

projectBudgetTotal是一个属性，表示研究项目的总预算。Work是一个类，指的是花费时间去实现的项目，比如人类或其他实体完成的项目。

根据RDFS的domain规则，属性的domain指定了该属性的主体必须属于某个类。所以这里的意思是，projectBudgetTotal这个属性的主体必须是Work类的实例。

那projectBudgetTotal通常用在什么情况下呢？比如，一个研究项目可能有总预算，所以这个属性的主体应该是研究项目。而Work类的定义比较广泛，包括任何花费时间去实现的项目，比如工程、任务等。研究项目可能属于Work类的一种，所以从语义上看，projectBudgetTotal的主体属于Work是合理的。

不过，我得再仔细想想。Work类的范围很广，可能包括各种各样的项目，而projectBudgetTotal可能更具体地用于研究项目。如果Work类确实包含研究项目，那么这个公理是正确的。否则，可能需要更具体的类来限定domain。

但根据背景知识，Work类的简介并没有明确排除研究项目，反而可能包含。所以，从常识和背景知识来看，这个公理是合理的。
</think>

判断结果：正确
解释：projectBudgetTotal的主体是研究项目，而Work类包括所有花费时间实现的项目，因此domain(projectBudgetTotal) = Work是合理的。",1,0,
hard_case_0143,domain,domain(temperature) = Planet,"背景知识：
条目1：
- 名称：temperature
- 类型：Property
- 简介：temperature (K)

条目2：
- 名称：Planet
- 类型：Class
- 简介：planet",1,deepseek-ai/DeepSeek-R1-Distill-Qwen-32B,0.0,8192,https://api2.aigcbest.top/v1,"好，我现在需要分析这个RDFS公理是否正确。公理是domain(temperature) = Planet，也就是属性temperature的主体必须属于Planet类。

首先，识别公理中的概念。temperature是一个属性，Planet是一个类。domain表示属性的主体类型。

接下来，结合背景知识。temperature的简介是温度，单位是开尔文(K)。Planet是行星。常识上，温度可以描述很多事物，比如行星、恒星、房间等，而不仅仅是行星。

然后，根据RDFS的语义规则，domain约束了属性的主体必须属于指定的类。如果公理domain(temperature)=Planet，那么所有使用temperature属性的主体都必须是Planet类的实例。这显然不符合常识，因为温度可以应用在更广泛的范围内。

最后，判断公理是否合理。由于温度不仅限于行星，所以这个公理限制了温度的使用范围，与常识和背景知识不符，因此是错误的。
</think>

判断结果：错误
解释：属性temperature的主体应为任何具有温度的事物，而不仅仅是Planet类，因此domain(temperature)=Planet的限制过于狭窄。",0,0,
hard_case_0147,domain,domain(volume) = Automobile,"背景知识：
条目1：
- 名称：volume
- 类型：Property
- 简介：volume (μ³)

条目2：
- 名称：Automobile
- 类型：Class
- 简介：automobile",0,deepseek-ai/DeepSeek-R1-Distill-Qwen-32B,0.0,8192,https://api2.aigcbest.top/v1,"好，我现在需要判断给定的RDFS公理是否正确。公理是domain(volume) = Automobile，也就是属性volume的主体必须属于Automobile类。

首先，我需要理解domain的含义。在RDFS中，domain表示属性的主体必须属于某个类。也就是说，如果domain(volume) = Automobile，那么所有使用volume属性的主体都必须是Automobile类的实例。

接下来，我查看背景知识。volume被定义为一个属性，简介是“volume (μ³)”，这通常指的是体积，单位是立方米。Automobile是一个类，代表汽车。

现在，我需要分析volume属性是否合理地与Automobile类相关联。通常，体积可以用来描述各种物体，比如容器、车辆等。汽车确实有体积，所以从常识来看，volume作为Automobile类的属性是合理的。

此外，RDFS的语义规则允许属性与多个类相关联，只要属性的使用符合定义。因此，将volume的domain设置为Automobile是正确的，因为它符合属性的语义和常识。

综上所述，这个公理是正确的，因为它合理地将volume属性与Automobile类关联起来，符合背景知识和语义规则。
</think>

判断结果：正确
解释：属性volume的主体应属于Automobile类，这与常识相符，因为汽车确实具有体积属性。",1,0,
hard_case_0149,domain,domain(volume) = Planet,"背景知识：
条目1：
- 名称：volume
- 类型：Property
- 简介：volume (km3)

条目2：
- 名称：Planet
- 类型：Class
- 简介：planet",1,deepseek-ai/DeepSeek-R1-Distill-Qwen-32B,0.0,8192,https://api2.aigcbest.top/v1,"嗯，我现在需要判断这个RDFS公理是否正确。公理是domain(volume) = Planet，也就是说，属性volume的主体必须属于Planet这个类。首先，我得理解每个部分的意思。

volume是一个属性，类型是Property，简介里写的是体积，单位是立方千米。Planet是一个类，代表行星。那domain(volume) = Planet的意思是，任何拥有volume属性的实例都必须是Planet类的成员。

接下来，我得结合背景知识和RDFS的语义规则来分析。RDFS中的domain规则规定，如果一个属性的domain是某个类，那么所有使用该属性的实例都必须属于该类。比如，如果一个实例有volume属性，那么它必须是Planet类的实例。

现在，我需要考虑常识。体积这个属性通常用于描述三维物体，比如行星、恒星、卫星等。行星确实有体积，但体积属性是否只能用于行星呢？显然不是，比如地球的卫星月球也有体积，但月球可能不属于Planet类，而是属于Satellite类或者其他类。因此，将volume的domain限制为Planet可能过于狭窄，因为体积属性可以应用到更广泛的天体上，而不仅仅是行星。

另外，从背景知识来看，volume的简介只提到单位是km³，并没有明确说它只能用于行星。所以，将domain设置为Planet可能不符合常识，因为体积属性的应用范围更广。

综上所述，这个公理可能不正确，因为它限制了volume只能用于Planet类，而实际上volume可以用于更多类型的类。
</think>

判断结果：错误
解释：属性volume通常用于描述三维物体的体积，而不仅仅是行星，因此将其domain限制为Planet类不符合常识。",0,0,
hard_case_0150,domain,domain(width) = MeanOfTransportation,"背景知识：
条目1：
- 名称：width
- 类型：Property
- 简介：width (mm)

条目2：
- 名称：MeanOfTransportation
- 类型：Class
- 简介：mean of transportation",1,deepseek-ai/DeepSeek-R1-Distill-Qwen-32B,0.0,8192,https://api2.aigcbest.top/v1,"嗯，我现在需要判断这个RDFS公理是否正确。公理是domain(width) = MeanOfTransportation，也就是说，属性width的主体必须属于MeanOfTransportation这个类。首先，我得理解每个部分的意思。

Width是一个属性，类型是Property，简介里写的是宽度，单位是毫米。那这个属性通常用来描述什么的呢？比如，物体的宽度，可能用在各种物品上，比如桌子、汽车、书本等等。而MeanOfTransportation是一个类，代表运输工具，比如汽车、火车、飞机这些。

接下来，我得看看RDFS的语义规则。domain规则规定，属性的主体必须属于某个类。所以，如果domain(width) = MeanOfTransportation，那么所有使用width属性的主体都必须是运输工具。那问题来了，width是否只能用于运输工具呢？显然不是，因为宽度可以用于任何有形状的物体，不仅仅是运输工具。比如，一本书有宽度，但书不是运输工具。

所以，这个公理可能有问题。它限制了width只能用于运输工具，但实际上width的应用范围更广。这可能不符合常识，因为width属性通常不局限于某个特定类别。因此，这个公理可能是错误的，因为它与背景知识和常识不符。
</think>

判断结果：错误
解释：属性width通常用于描述物体的宽度，而不仅仅是运输工具，因此将其domain限制为MeanOfTransportation不符合常识。",0,0,
hard_case_0153,range,range(administrativeDistrict) = PopulatedPlace,"背景知识：
条目1：
- 名称：administrativeDistrict
- 类型：Property
- 简介：administrative district

条目2：
- 名称：PopulatedPlace
- 类型：Class
- 简介：As defined by the United States Geological Survey, a populated place is a place or area with clustered or scattered buildings and a permanent human population (city, settlement, town, or village) referenced with geographic coordinates (http...",1,deepseek-ai/DeepSeek-R1-Distill-Qwen-32B,0.0,8192,https://api2.aigcbest.top/v1,"好，我现在需要分析这个RDFS公理是否正确。公理是range(administrativeDistrict) = PopulatedPlace。首先，我得理解每个部分的含义。

administrativeDistrict是一个属性，表示“行政区域”。PopulatedPlace是一个类，指的是有人居住的地方，比如城市、城镇或村庄。根据RDFS的range规则，属性的range定义了该属性值的类型。

接下来，我思考行政区域的值应该是什么。通常，行政区域的值可能是一个地理区域，比如国家、州、市等，而这些区域本身可能属于某个类，比如地理区域类。而PopulatedPlace指的是有人居住的地方，这可能与行政区域的范围不完全一致，因为有些行政区域可能包括无人居住的地区。

因此，将administrativeDistrict的range设为PopulatedPlace可能不准确，因为行政区域的范围可能更广泛，包括有人和无人居住的地方。所以，这个公理可能与常识不符，判断为错误。
</think>

判断结果：错误
解释：根据背景知识，administrativeDistrict的范围应为地理区域，而PopulatedPlace指的是有人居住的地方，两者范围不完全一致。",0,0,
hard_case_0162,range,range(artist) = MusicalArtist,"背景知识：
条目1：
- 名称：artist
- 类型：Property
- 简介：The performer or creator of the musical work.

条目2：
- 名称：MusicalArtist
- 类型：Class
- 简介：musical artist",0,deepseek-ai/DeepSeek-R1-Distill-Qwen-32B,0.0,8192,https://api2.aigcbest.top/v1,"嗯，我现在需要判断这个RDFS公理是否正确。公理是range(artist) = MusicalArtist。首先，我得理解每个部分的意思。

artist是一个属性，表示音乐作品的表演者或创作者。MusicalArtist是一个类，代表音乐艺术家。RDFS中的range公理规定了属性的客体必须属于某个类。

那artist的range应该是谁呢？artist属性通常用来连接一个音乐作品和它的创作者。比如，一首歌的artist是某个歌手。所以，artist的客体应该是音乐艺术家，也就是MusicalArtist这个类。

根据背景知识，artist的简介是表演者或创作者，而MusicalArtist是音乐艺术家的类。所以，artist的range设置为MusicalArtist是合理的，因为属性的客体确实属于这个类。

因此，这个公理是正确的。
</think>

判断结果：正确
解释：artist属性的客体应为音乐艺术家，与MusicalArtist类相符，符合RDFS的range规则。",1,0,
hard_case_0167,range,range(basedOn) = Band,"背景知识：
条目1：
- 名称：basedOn
- 类型：Property
- 简介：based on

条目2：
- 名称：Band
- 类型：Class
- 简介：Band",0,deepseek-ai/DeepSeek-R1-Distill-Qwen-32B,0.0,8192,https://api2.aigcbest.top/v1,"好，我现在需要判断这个RDFS公理是否正确。公理是range(basedOn) = Band。首先，我得理解每个部分的意思。

basedOn是一个属性，而Band是一个类。range表示属性的客体应该属于某个类。所以，这个公理的意思是，basedOn属性的客体必须是Band类的实例。

接下来，我得看看背景知识。basedOn的简介是“based on”，这可能意味着它用来表示某种基于的关系。比如，一个作品可能基于某个乐队（Band）创作。所以，如果basedOn的客体是Band，那么这个公理是合理的，因为它符合常识，即基于某个乐队。

再考虑RDFS的语义规则，range约束确保属性的值属于指定的类。这里没有冲突，因为Band是一个明确的类，而basedOn的客体确实应该属于这个类。

综上所述，这个公理是正确的，因为它符合背景知识和语义规则。
</think>

判断结果：正确
解释：基于背景知识，basedOn属性的客体应属于Band类，这与常识和RDFS语义规则一致。",1,0,
hard_case_0169,range,range(billed) = Award,"背景知识：
条目1：
- 名称：billed
- 类型：Property
- 简介：billed

条目2：
- 名称：Award
- 类型：Class
- 简介：award",0,deepseek-ai/DeepSeek-R1-Distill-Qwen-32B,0.0,8192,https://api2.aigcbest.top/v1,"嗯，我现在需要判断这个RDFS公理是否正确。公理是range(billed) = Award。首先，我得理解每个部分的意思。

billed是一个属性，而Award是一个类。range公理的意思是说，billed属性的客体必须属于Award类。也就是说，当使用billed属性时，它的值必须是Award类的一个实例。

接下来，我看看背景知识。billed的简介里没有详细说明，但通常在常识中，billed可能指的是“被提名”或“被授予”奖项的情况。比如，一个人被提名某个奖项，那么billed的客体应该是Award，这符合常理。

再考虑RDFS的语义规则，range约束确保属性的值类型正确。这里billed的值确实是Award，所以符合规则。

综上所述，这个公理是合理的，没有冲突。
</think>

判断结果：正确
解释：属性billed的范围被定义为类Award，符合常识和RDFS语义规则，因此该公理是合理的。",1,0,
hard_case_0170,range,range(billed) = PopulatedPlace,"背景知识：
条目1：
- 名称：billed
- 类型：Property
- 简介：billed

条目2：
- 名称：PopulatedPlace
- 类型：Class
- 简介：As defined by the United States Geological Survey, a populated place is a place or area with clustered or scattered buildings and a permanent human population (city, settlement, town, or village) referenced with geographic coordinates (http...",1,deepseek-ai/DeepSeek-R1-Distill-Qwen-32B,0.0,8192,https://api2.aigcbest.top/v1,"好，我现在需要分析这个RDFS公理是否正确。公理是range(billed) = PopulatedPlace。首先，我得理解每个部分的意思。

billed是一个属性，根据背景知识，它没有详细的描述，可能是一个动词或形容词，比如“被 billing”或者“被计费”。PopulatedPlace是一个类，指的是有人居住的地方，比如城市、城镇等。

接下来，range(billed) = PopulatedPlace的意思是说，billed属性的值必须属于PopulatedPlace这个类。也就是说，当使用billed属性时，它的对象必须是有人居住的地方。

现在，我需要结合常识和RDFS规则来判断。billed通常可能用于表示计费或收费的对象，比如billed to a place。但PopulatedPlace是地理上的实体，而billed的对象更可能是一个组织、公司或个人，而不是一个地方。比如，billed to a company或者billed to a person，而不是billed to a city。

因此，将billed的range限制为PopulatedPlace可能不符合常识，因为billed的对象通常是实体而不是地理位置。所以，这个公理可能不正确。
</think>

判断结果：错误
解释：属性billed的范围被定义为PopulatedPlace，但根据常识，billed通常用于表示计费或收费的对象，而PopulatedPlace指的是有人居住的地方，两者语义不符。",0,0,
hard_case_0171,range,range(birthPlace) = Country,"背景知识：
条目1：
- 名称：birthPlace
- 类型：Property
- 简介：where the person was born

条目2：
- 名称：Country
- 类型：Class
- 简介：country",0,deepseek-ai/DeepSeek-R1-Distill-Qwen-32B,0.0,8192,https://api2.aigcbest.top/v1,"嗯，我现在需要判断这个RDFS公理是否正确。公理是range(birthPlace) = Country。首先，我得理解每个部分的意思。

birthPlace是一个属性，表示一个人出生的地方。Country是一个类，代表国家。RDFS中的range公理用来说明属性的值应该属于哪个类。所以这里的意思是，birthPlace的值必须是Country类的一个实例。

接下来，我得结合背景知识。birthPlace的简介是“where the person was born”，也就是出生地。通常，出生地可以是一个城市、省份或者国家。但在这个背景知识中，Country是唯一的类，而birthPlace的类型是Property，没有提到更具体的类。所以，根据常识，出生地通常是一个国家，或者更具体的地方，但这里只有Country这个类可用。

RDFS的range规则要求属性的值必须属于指定的类。所以，如果birthPlace的值必须是Country，那么任何使用birthPlace属性的实例，其值都必须是Country类的实例。这在逻辑上是合理的，因为出生地通常是一个国家，或者至少可以归类到国家。

有没有可能出错的地方？比如，如果birthPlace的值有时候不是国家，而是城市，那么这个公理可能不准确。但背景知识中没有提到城市这个类，所以只能假设Country是正确的范围。因此，这个公理是合理的。
</think>

判断结果：正确
解释：根据背景知识，birthPlace表示出生地，通常属于Country类，因此range(birthPlace) = Country是合理的。",1,0,
hard_case_0176,range,range(ceremonialCounty) = PopulatedPlace,"背景知识：
条目1：
- 名称：ceremonialCounty
- 类型：Property
- 简介：Ceremonial County

条目2：
- 名称：PopulatedPlace
- 类型：Class
- 简介：As defined by the United States Geological Survey, a populated place is a place or area with clustered or scattered buildings and a permanent human population (city, settlement, town, or village) referenced with geographic coordinates (http...",1,deepseek-ai/DeepSeek-R1-Distill-Qwen-32B,0.0,8192,https://api2.aigcbest.top/v1,"好，我现在需要判断给定的RDFS公理是否正确。公理是range(ceremonialCounty) = PopulatedPlace。首先，我得理解每个部分的含义。

ceremonialCounty是一个属性，而PopulatedPlace是一个类。根据RDFS的语义规则，range表示属性的客体应该属于某个类。所以，这个公理的意思是说，ceremonialCounty属性的值必须是PopulatedPlace类的实例。

接下来，我需要结合背景知识来分析。背景知识中提到，PopulatedPlace是美国地质调查局定义的，指的是有人口聚集的地方，比如城市、定居点、城镇或村庄，通常有地理坐标。而ceremonialCounty，从名称上看，可能指的是某种仪式或行政区域，比如英国的郡。

现在，我需要思考ceremonialCounty的属性值是否应该是PopulatedPlace。通常，一个属性的range应该是指该属性所指向的类。例如，如果ceremonialCounty表示某个地方属于某个仪式郡，那么它的值可能是一个行政区域，而不是一个有人口聚集的地方。或者，可能它指向的是一个类，比如郡本身，而不是具体的人口聚集地。

另外，从常识来看，一个属性的range通常是指该属性的值属于哪个类。如果ceremonialCounty的值是某个地方，那么这个地方可能属于PopulatedPlace，但如果是郡本身，可能属于另一个类，比如County类。因此，这里可能存在混淆。

综合来看，这个公理可能不正确，因为ceremonialCounty的值可能不是PopulatedPlace，而是另一个类，比如County。或者，可能这个属性的range应该指向一个更合适的类，而不是PopulatedPlace。因此，这个公理可能与背景知识或语义规则存在冲突。
</think>

判断结果：错误
解释：ceremonialCounty的range应为County类，而非PopulatedPlace，因为属性值应为行政区域，而非有人口聚集的地方。",0,0,
hard_case_0180,range,range(channel) = Broadcaster,"背景知识：
条目1：
- 名称：channel
- 类型：Property
- 简介：channel

条目2：
- 名称：Broadcaster
- 类型：Class
- 简介：A broadcaster is an organisation responsible for the production of radio or television programs and/or their transmission. (http://en.wikipedia.org/wiki/Broadcaster - 28/03/2011)",1,deepseek-ai/DeepSeek-R1-Distill-Qwen-32B,0.0,8192,https://api2.aigcbest.top/v1,"嗯，我现在需要判断这个RDFS公理是否正确。公理是range(channel) = Broadcaster。首先，我得理解每个部分的意思。

RDFS中的range公理表示属性的客体应该属于某个类。这里，属性是channel，类是Broadcaster。所以，这个公理的意思是说，当使用channel属性时，它的值必须是Broadcaster类的一个实例。

接下来，我看看背景知识。channel被定义为一个属性，但没有提供更多的信息。Broadcaster是一个类，指的是负责制作或传输广播节目的组织。那么，channel通常指的是电视台或广播频道，比如CNN、BBC这样的机构。

现在，我需要分析channel的range是否应该是Broadcaster。通常，channel的值可能是指具体的频道名称，比如“CNN”或“BBC1”，而不是整个Broadcaster组织。例如，Broadcaster可能是一个组织，而channel是该组织下的具体频道。因此，channel的值更可能是一个字符串或其他表示频道名称的数据类型，而不是Broadcaster类的实例。

根据RDFS的语义规则，range约束了属性的值类型。如果channel的值通常是字符串，那么将其range设为Broadcaster是不正确的，因为这会导致类型不匹配。正确的range应该是xsd:string或者其他合适的类型，而不是Broadcaster类。

综上所述，这个公理range(channel) = Broadcaster是错误的，因为它不符合属性channel的常见用法和背景知识。
</think>

判断结果：错误
解释：属性channel的值通常表示频道名称，而Broadcaster是组织类，两者语义不符。",0,0,
hard_case_0183,range,range(childOrganisation) = Agent,"背景知识：
条目1：
- 名称：childOrganisation
- 类型：Property
- 简介：child organisation

条目2：
- 名称：Agent
- 类型：Class
- 简介：Analogous to a foaf:Agent, an agent is an entity that acts. This is intended to be the super class of Person and Organisation.",0,deepseek-ai/DeepSeek-R1-Distill-Qwen-32B,0.0,8192,https://api2.aigcbest.top/v1,"好，我现在需要分析这个RDFS公理是否正确。公理是range(childOrganisation) = Agent。首先，我得理解每个部分的含义。

childOrganisation是一个属性，类型是Property，简介是“child organisation”，这可能表示某个组织的下属机构。Agent是一个类，类型是Class，简介说它类似于foaf:Agent，是一个能够行动的实体，是Person和Organisation的超类。

接下来，分析range的语义。range表示属性的客体必须属于某个类。这里，childOrganisation的range是Agent，意味着childOrganisation属性的值必须是Agent类的实例。

根据常识，childOrganisation通常指向组织，而Agent类包括Person和Organisation。所以，childOrganisation的值应该是Organisation，而Organisation是Agent的子类。因此，range设置为Agent是正确的，因为它允许值属于Agent的任何子类，包括Organisation。

没有明显的冲突，所以这个公理是正确的。
</think>

判断结果：正确
解释：childOrganisation属性的范围设置为Agent是合理的，因为childOrganisation通常指向组织，而Agent类包括Organisation作为其子类。",1,0,
hard_case_0189,range,range(company) = BroadcastNetwork,"背景知识：
条目1：
- 名称：company
- 类型：Property
- 简介：company

条目2：
- 名称：BroadcastNetwork
- 类型：Class
- 简介：A broadcast network is an organization, such as a corporation or other association, that provides live or recorded content, such as movies, newscasts, sports, and public affairs programs for broadcast over a group of radio or television sta...",0,deepseek-ai/DeepSeek-R1-Distill-Qwen-32B,0.0,8192,https://api2.aigcbest.top/v1,"好，我现在需要分析这个RDFS公理是否正确。公理是range(company) = BroadcastNetwork。首先，我得理解每个部分的含义。

“company”是一个属性，而“BroadcastNetwork”是一个类。RDFS中的range公理表示属性的客体必须属于某个类。所以，这里的意思是说，属性company的值必须是BroadcastNetwork类的实例。

接下来，我查看背景知识。BroadcastNetwork被描述为一个组织，比如公司或协会，提供广播内容。而company作为一个属性，通常用来表示某个实体所属的公司。比如，一个人可能属于某个公司，或者一个产品属于某个公司。

现在，我需要判断属性company的值是否必须是BroadcastNetwork类的实例。根据常识，company属性的值通常是公司或组织，而BroadcastNetwork确实属于公司的一种。因此，从语义上看，这个公理是合理的，因为它限制了company属性的值必须是BroadcastNetwork类的实例。

不过，我还要考虑是否有更广泛的适用性。比如，如果company属性可以指向任何类型的公司，而不仅仅是广播网络，那么这个公理可能会限制过多。但根据背景知识，BroadcastNetwork被定义为一种组织，所以可能在这个上下文中，company的值确实应该属于BroadcastNetwork。

综上所述，这个公理是正确的，因为它符合RDFS的语义规则，并且与背景知识一致。
</think>

判断结果：正确
解释：属性company的值必须属于BroadcastNetwork类，这与BroadcastNetwork作为组织的定义一致。",1,0,
hard_case_0195,range,range(cultivatedVariety) = CultivatedVariety,"背景知识：
条目1：
- 名称：cultivatedVariety
- 类型：Property
- 简介：Name of the cultivar (cultivated variety)

条目2：
- 名称：CultivatedVariety
- 类型：Class
- 简介：A cultivar is a plant or grouping of plants selected for desirable characteristics that can be maintained by propagation. A plant whose origin or selection is primarily due to intentional human activity.",1,deepseek-ai/DeepSeek-R1-Distill-Qwen-32B,0.0,8192,https://api2.aigcbest.top/v1,"好，我现在需要分析这个RDFS公理是否正确。公理是range(cultivatedVariety) = CultivatedVariety。首先，我得理解每个部分的含义。

cultivatedVariety是一个属性，表示栽培品种的名称。而CultivatedVariety是一个类，代表经过人工选择的植物品种。根据RDFS的语义规则，range表示属性的客体必须属于某个类。

现在，公理说cultivatedVariety的range是CultivatedVariety，也就是说，当使用这个属性时，它的值必须是CultivatedVariety类的实例。但实际情况是，cultivatedVariety通常用来表示名称，比如字符串类型，而不是指向另一个类的实例。因此，这里range的设置与属性的实际使用不符，导致公理错误。
</think>

判断结果：错误
解释：属性cultivatedVariety的range应为字符串类型，而非类CultivatedVariety，因为该属性表示名称。",0,0,
hard_case_0196,range,range(curator) = Agent,"背景知识：
条目1：
- 名称：curator
- 类型：Property
- 简介：curator

条目2：
- 名称：Agent
- 类型：Class
- 简介：Analogous to a foaf:Agent, an agent is an entity that acts. This is intended to be the super class of Person and Organisation.",0,deepseek-ai/DeepSeek-R1-Distill-Qwen-32B,0.0,8192,https://api2.aigcbest.top/v1,"嗯，我现在需要判断这个RDFS公理是否正确。公理是range(curator) = Agent。首先，我得理解每个部分的意思。

curator是一个属性，而Agent是一个类，表示能够行动的实体，比如人或组织。RDFS中的range公理规定了属性的客体必须属于某个类。所以，这里的意思是说，curator属性的值必须是Agent类的实例。

接下来，我得看看背景知识。curator的简介里没有详细说明，但通常curator指的是策展人，通常是一个人，而Agent是Person和Organisation的超类。所以，如果curator的值通常是人，那么它属于Agent类是合理的。

再考虑RDFS的语义规则，range约束确保了属性的值类型正确。这里没有冲突，因为Agent是合适的类。因此，这个公理是正确的。
</think>

判断结果：正确
解释：根据背景知识，curator属性的值应为Agent类的实例，而Agent是Person和Organisation的超类，因此该公理符合语义规则。",1,0,
hard_case_0199,range,range(deputy) = Department,"背景知识：
条目1：
- 名称：deputy
- 类型：Property
- 简介：deputy

条目2：
- 名称：Department
- 类型：Class
- 简介：department",0,deepseek-ai/DeepSeek-R1-Distill-Qwen-32B,0.0,8192,https://api2.aigcbest.top/v1,"嗯，我现在需要判断这个RDFS公理是否正确。公理是range(deputy) = Department。首先，我得理解每个部分的意思。

deputy是一个属性，而Department是一个类。range的意思是说，这个属性的客体必须属于某个类。所以，这里的意思是说，deputy属性的值必须是Department类的实例。

接下来，我得看看背景知识。deputy的简介里只写了“deputy”，没有更多的信息。Department是类，简介是“department”。通常，deputy这个词在中文里是“副职”的意思，比如副县长、副部长等。所以，deputy属性可能表示某人担任某个部门的副职。

那么，range(deputy) = Department是否合理呢？假设deputy属性的值是指该副职所在的部门，那么这个部门应该属于Department类。所以，从语义上看，这应该是合理的。因为deputy的值应该是某个部门，而部门属于Department类。

有没有可能出错的地方？比如，如果deputy的值不是部门，而是人，那就不对了。但根据常识，deputy通常指的是职位，而职位属于某个部门，所以这里应该是正确的。

综上所述，这个公理是正确的，因为它符合RDFS的语义规则，也符合常识。
</think>

判断结果：正确
解释：根据常识，deputy属性的值通常指代某个部门，而Department类表示部门，因此range(deputy) = Department是合理的。",1,0,
hard_case_0202,range,range(designCompany) = Organisation,"背景知识：
条目1：
- 名称：designCompany
- 类型：Property
- 简介：designer company

条目2：
- 名称：Organisation
- 类型：Class
- 简介：organisation",0,deepseek-ai/DeepSeek-R1-Distill-Qwen-32B,0.0,8192,https://api2.aigcbest.top/v1,"嗯，我现在需要判断这个RDFS公理是否正确。公理是range(designCompany) = Organisation。首先，我得理解每个部分的意思。

designCompany是一个属性，类型是Property，简介是designer company。Organisation是一个类，类型是Class，简介是organisation。所以，designCompany的范围被设定为Organisation。

接下来，根据RDFS的语义规则，range表示属性的客体应该属于某个类。也就是说，当使用designCompany这个属性时，它的值必须是Organisation类的实例。

那designCompany通常用来描述什么呢？比如，可能用来表示某个产品或设计是由哪家公司设计的。比如，product设计公司是designCompany，那么designCompany的值应该是某个组织，比如公司。

Organisation是一个比较广泛的类，包括公司、机构等。所以，将designCompany的range设为Organisation是合理的，因为设计公司通常属于组织的一种。

有没有可能出错的地方？比如，如果Organisation的定义太宽泛，或者designCompany的定义有特殊限制，可能会有问题。但根据背景知识，Organisation是组织，而designCompany是设计公司，所以范围设定是正确的。

所以，这个公理是正确的，因为它符合RDFS的语义规则，也符合常识。
</think>

判断结果：正确
解释：根据背景知识，designCompany是一个属性，其范围应为Organisation类，表示设计公司的组织属性，符合RDFS的语义规则。",1,0,
hard_case_0203,range,range(designer) = Agent,"背景知识：
条目1：
- 名称：designer
- 类型：Property
- 简介：designer

条目2：
- 名称：Agent
- 类型：Class
- 简介：Analogous to a foaf:Agent, an agent is an entity that acts. This is intended to be the super class of Person and Organisation.",0,deepseek-ai/DeepSeek-R1-Distill-Qwen-32B,0.0,8192,https://api2.aigcbest.top/v1,"好，我现在需要分析这个RDFS公理是否正确。公理是range(designer) = Agent。首先，我得理解每个部分的意思。

designer是一个属性，而Agent是一个类，表示能够行动的实体，比如人或组织。range公理在这里表示designer属性的客体必须属于Agent类。

接下来，我得看看background knowledge。designer的简介里没有详细说明，但通常设计者是人或组织，所以客体应该是Agent的子类，比如Person或Organisation。

根据RDFS规则，range约束了属性的值类型。这里设计者的值应该是Agent，这符合常识，因为设计者通常是Agent类的实例。

所以，这个公理是合理的，没有冲突。
</think>

判断结果：正确
解释：根据背景知识，designer属性的客体应属于Agent类，这与常识相符，因此该公理是合理的。",1,0,
hard_case_0209,range,range(editing) = Person,"背景知识：
条目1：
- 名称：editing
- 类型：Property
- 简介：editing

条目2：
- 名称：Person
- 类型：Class
- 简介：person",1,deepseek-ai/DeepSeek-R1-Distill-Qwen-32B,0.0,8192,https://api2.aigcbest.top/v1,"嗯，我现在需要判断这个RDFS公理是否正确。公理是range(editing) = Person。首先，我得理解每个部分的意思。

RDFS中的range表示属性的客体应该属于某个类。这里，editing是一个属性，Person是一个类。所以，这个公理的意思是说，当使用editing属性时，它的值必须是Person类的实例。

接下来，我看看背景知识。条目1说editing是一个属性，简介里只有“editing”，没有更多细节。条目2是Person类，简介是“person”。所以，Person类应该代表人，而editing属性可能与编辑相关。

现在，我需要思考editing属性的客体是否应该是Person。比如，如果editing表示“编辑”，那么通常来说，编辑的客体可能是一个文档、书籍或者其他作品，而不是人。比如，""Alice edited the book""，这里的book是客体，属于某个类，比如Document，而不是Person。

所以，将editing的range设置为Person可能不符合常识。因为编辑通常是指对某个作品进行修改，而不是对人进行编辑。因此，这个公理可能不正确，因为它与常识不符。
</think>

判断结果：错误
解释：属性editing的客体通常不是Person类的实例，而是其他类型的资源，如文档或作品。",0,0,
hard_case_0214,range,range(subsequentInfrastructure) = Artery,"背景知识：
条目1：
- 名称：subsequentInfrastructure
- 类型：Property
- 简介：subsequent infrastructure

条目2：
- 名称：Artery
- 类型：Class
- 简介：artery",0,deepseek-ai/DeepSeek-R1-Distill-Qwen-32B,0.0,8192,https://api2.aigcbest.top/v1,"好，我现在需要分析这个RDFS公理是否正确。公理是range(subsequentInfrastructure) = Artery。首先，我得理解每个部分的含义。

subsequentInfrastructure是一个属性，而Artery是一个类。range表示属性的客体必须属于某个类。所以这里的意思是，subsequentInfrastructure属性的值必须是Artery类的实例。

接下来，我需要结合背景知识。subsequentInfrastructure的简介是“subsequent infrastructure”，这可能指的是后续的基础设施，比如道路、桥梁等。而Artery的简介是“artery”，通常指的是动脉，但在非生物领域可能指主要的通道或路线，比如主要道路。

根据常识，基础设施通常包括各种设施，而动脉在这里可能指主要的道路或交通干线。所以，subsequentInfrastructure的值如果是动脉，可能是指后续的基础设施项目涉及的主要道路。这在语义上是合理的，因为动脉作为主要道路，属于基础设施的一部分。

再考虑RDFS的语义规则，range约束是正确的，因为属性的值确实属于某个类。因此，这个公理在语义上是合理的，没有明显冲突。
</think>

判断结果：正确
解释：subsequentInfrastructure属性的值必须属于Artery类，这符合RDFS的range约束规则。",1,0,
hard_case_0217,subClassOf,stateorprovince ⊑ geopoliticalorganization,"背景知识：
条目1：
- 名称：stateorprovince
- 类型：Unknown
- 简介：In general, the top-level administrative or political subdivision within a country.
- 补充信息：generalizations: geopoliticallocation, geopoliticalorganization, geolocatablething

条目2：
- 名称：geopoliticalorganization
- 类型：Unknown
- 简介：Those geopolitical entities that are organizations
- 补充信息：generalizations: geopoliticalentity, organization",1,deepseek-ai/DeepSeek-R1-Distill-Qwen-32B,0.0,8192,https://api2.aigcbest.top/v1,"好，我现在需要判断这个RDFS公理是否正确。公理是stateorprovince ⊑ geopoliticalorganization，也就是stateorprovince是geopoliticalorganization的子类。首先，我得理解这两个类的定义。

根据背景知识，stateorprovince是国家内部的顶级行政区划，属于geopoliticallocation、geopoliticalorganization和geolocatablething的概括。而geopoliticalorganization是作为组织的地理政治实体，概括自geopoliticalentity和organization。

接下来，我需要分析它们之间的关系。stateorprovince作为行政区划，通常是一个组织结构，比如州或省，这可能属于geopoliticalorganization。但根据背景知识，stateorprovince的概括中确实包括geopoliticalorganization，这可能意味着它属于该类。然而，RDFS的subClassOf表示的是严格的子类关系，即所有stateorprovince都是geopoliticalorganization。

但仔细想想，stateorprovince可能不仅仅是组织，还可能涉及地理位置，而geopoliticalorganization更侧重于组织性质。因此，直接将stateorprovince作为geopoliticalorganization的子类可能不完全准确，因为stateorprovince可能有更广泛的含义，不仅仅是组织。这可能导致公理不正确。
</think>

判断结果：错误
解释：stateorprovince被定义为国家内部的顶级行政区划，而geopoliticalorganization指的是作为组织的地理政治实体，两者在背景知识中没有明确的子类关系，因此该公理不正确。",0,0,
hard_case_0218,subPropertyOf,agenthierarchicallyaboveagent ⊑p agentcollaborateswithagent,"背景知识：
条目1：
- 名称：agenthierarchicallyaboveagent
- 类型：Class
- 简介：{%%s is hierarchically %s %%s, above}
- 补充信息：generalizations: agentcontrols, agentcollaborateswithagent | domain: agent | range: agent

条目2：
- 名称：agentcollaborateswithagent
- 类型：Class
- 简介：{%%s %s with %%s, collaborates}
- 补充信息：generalizations: agentinteractswithagent | domain: agent | range: agent",1,deepseek-ai/DeepSeek-R1-Distill-Qwen-32B,0.0,8192,https://api2.aigcbest.top/v1,"嗯，我现在需要判断这个RDFS公理是否正确。公理是agenthierarchicallyaboveagent ⊑p agentcollaborateswithagent。首先，我得理解这个符号的意思。这里的“⊑p”应该是指subPropertyOf，也就是属性之间的包含关系。也就是说，agenthierarchicallyaboveagent这个属性是agentcollaborateswithagent的子属性。

接下来，我得看看背景知识里的信息。条目1说agenthierarchicallyaboveagent是一个类，它的补充信息里提到generalizations是agentcontrols和agentcollaborateswithagent，domain和range都是agent。条目2中，agentcollaborateswithagent也是一个类，generalizations是agentinteractswithagent，domain和range同样是agent。

现在，我需要分析这两个类之间的关系。agenthierarchicallyaboveagent的generalizations包括agentcollaborateswithagent，这意味着agenthierarchicallyaboveagent是agentcollaborateswithagent的一个更具体的子类。根据RDFS的语义规则，如果一个类是另一个类的子类，那么它的属性也应该满足父类的属性约束。

但是，这里的问题在于，公理中使用的是subPropertyOf，而agenthierarchicallyaboveagent和agentcollaborateswithagent都是类，而不是属性。RDFS中的subPropertyOf是用于属性之间的关系，而不是类之间的。类之间的关系应该用subClassOf来表示。因此，将subPropertyOf用在两个类之间是不正确的，这违反了RDFS的语义规则。

所以，这个公理是错误的，因为它错误地使用了subPropertyOf来连接两个类，而不是属性。正确的做法应该是使用subClassOf来表示类之间的包含关系。
</think>

判断结果：错误
解释：agenthierarchicallyaboveagent和agentcollaborateswithagent都是类，而公理错误地使用了subPropertyOf（⊑p）来连接它们，违反了RDFS语义规则。",0,0,
hard_case_0219,subPropertyOf,agenthierarchicallyaboveagent ⊑p agentcontrols,"背景知识：
条目1：
- 名称：agenthierarchicallyaboveagent
- 类型：Class
- 简介：{%%s is hierarchically %s %%s, above}
- 补充信息：generalizations: agentcontrols, agentcollaborateswithagent | domain: agent | range: agent

条目2：
- 名称：agentcontrols
- 类型：Class
- 简介：{%%s %s %%s, controls}
- 补充信息：generalizations: relatedto | domain: agent | range: everypromotedthing",1,deepseek-ai/DeepSeek-R1-Distill-Qwen-32B,0.0,8192,https://api2.aigcbest.top/v1,"嗯，我现在需要判断这个RDFS公理是否正确。公理是agenthierarchicallyaboveagent ⊑p agentcontrols。首先，我得理解这个符号的意思。这里的“⊑p”应该是指subPropertyOf，也就是属性之间的包含关系。也就是说，agenthierarchicallyaboveagent这个属性是agentcontrols的子属性。

接下来，我得看看背景知识里的相关信息。条目1说agenthierarchicallyaboveagent是一个类，它的补充信息里提到generalizations是agentcontrols和agentcollaborateswithagent，domain是agent，range也是agent。而条目2中的agentcontrols也是一个类，generalizations是relatedto，domain是agent，range是everypromotedthing。

现在，我需要分析这两个属性之间的关系。agenthierarchicallyaboveagent的范围是agent，而agentcontrols的范围是everypromotedthing。根据RDFS的语义规则，如果一个属性是另一个属性的子属性，那么它的范围必须是父属性范围的子类。也就是说，agenthierarchicallyaboveagent的range应该是agentcontrols的range的子类。

但是，agent的范围是agent，而agentcontrols的范围是everypromotedthing。这里可能有问题，因为agent和everypromotedthing之间是否有子类关系呢？根据常识，agent通常是指有意识的实体，而everypromotedthing可能指的是被推广或提升的事物，这两者之间可能没有直接的子类关系。因此，agent的范围并不一定是everypromotedthing的子类，这可能导致公理不成立。

另外，从generalizations来看，agenthierarchicallyaboveagent的上位属性包括agentcontrols，这可能意味着agenthierarchicallyaboveagent是agentcontrols的一个更具体的属性。但属性的子属性关系需要满足范围和域的约束，而这里可能不满足，因为agent的范围和everypromotedthing之间没有明确的子类关系。

综上所述，这个公理可能与背景知识中的范围约束相冲突，因此判断为错误。
</think>

判断结果：错误
解释：agenthierarchicallyaboveagent的范围是agent，而agentcontrols的范围是everypromotedthing，这与RDFS的范围约束规则相冲突。",0,0,
hard_case_0220,subPropertyOf,animalssuchasmammals ⊑p generalizationof,"背景知识：
条目1：
- 名称：animalssuchasmammals
- 类型：Class
- 简介：{%%s %s %%s, is a generalization of}
- 补充信息：generalizations: generalizationof | domain: animal | range: mammal

条目2：
- 名称：generalizationof
- 类型：Class
- 简介：generalizationof is a class in the NELL knowledge base.
- 补充信息：generalizations: relatedto | domain: everypromotedthing | range: everypromotedthing",1,deepseek-ai/DeepSeek-R1-Distill-Qwen-32B,0.0,8192,https://api2.aigcbest.top/v1,"好，我现在需要分析这个RDFS公理是否正确。公理是animalssuchasmammals ⊑p generalizationof。首先，我得理解每个部分的意思。

animalssuchasmammals是一个类，根据背景知识，它的简介提到它是一个概括，generalizationof的实例。补充信息显示它的domain是animal，range是mammal。这可能意味着它描述的是动物中的哺乳动物这一类。

generalizationof也是一个类，属于NELL知识库，补充信息显示它的domain和range都是everypromotedthing，这可能意味着它处理的是被推广的事物之间的关系。

现在，公理中的subPropertyOf关系是说animalssuchasmammals是generalizationof的子属性。但这里有个问题，因为animalssuchasmammals是一个类，而subPropertyOf是用于属性之间的关系，不是类之间的。类之间的关系应该用subClassOf。

所以，这里公理的使用是错误的，因为它错误地将类作为属性来处理，违反了RDFS的语义规则。
</think>

判断结果：错误
解释：animalssuchasmammals是一个类，而subPropertyOf用于属性之间的关系，因此该公理不正确。",0,0,
hard_case_0223,subPropertyOf,cityattractions ⊑p cityhostsattraction,"背景知识：
条目1：
- 名称：cityattractions
- 类型：Unknown
- 简介：The city that an attraction is located in
- 补充信息：generalizations: locationcontainslocation | domain: city | range: attraction

条目2：
- 名称：cityhostsattraction
- 类型：Unknown
- 简介：Attraction occurs in the city
- 补充信息：generalizations: cityattractions | domain: city | range: attraction",0,deepseek-ai/DeepSeek-R1-Distill-Qwen-32B,0.0,8192,https://api2.aigcbest.top/v1,"嗯，我现在需要分析这个RDFS公理是否正确。公理是cityattractions ⊑p cityhostsattraction，也就是cityattractions是cityhostsattraction的子属性。首先，我得理解这两个属性的含义。

根据背景知识，cityattractions的简介是“the city that an attraction is located in”，补充信息显示它的domain是city，range是attraction。而cityhostsattraction的简介是“Attraction occurs in the city”，补充信息显示它的generalizations是cityattractions，domain也是city，range同样是attraction。

那subPropertyOf关系意味着cityattractions的所有实例都必须是cityhostsattraction的实例。也就是说，如果一个城市有某个景点，那么这个景点也必须属于该城市。这看起来是合理的，因为两者都描述了城市和景点之间的关系，而且cityhostsattraction是cityattractions的更具体形式。

不过，我需要检查是否有冲突。比如，是否有属性的domain或range不一致，或者是否有其他语义上的矛盾。这里两者domain和range都相同，所以没有问题。此外，cityhostsattraction被定义为cityattractions的子属性，这符合subPropertyOf的定义。

所以，这个公理是正确的，因为它符合RDFS的语义规则，并且与背景知识一致。
</think>

判断结果：正确
解释：cityattractions是cityhostsattraction的更具体形式，符合subPropertyOf的定义，且两者domain和range一致，因此公理正确。",1,0,
hard_case_0225,subPropertyOf,citysportsteams ⊑p proxyfor,"背景知识：
条目1：
- 名称：citysportsteams
- 类型：Class
- 简介：citysportsteams is a class in the NELL knowledge base.
- 补充信息：generalizations: proxyfor, locationactedinbyorganization | domain: city | range: sportsteam

条目2：
- 名称：proxyfor
- 类型：Class
- 简介：{%%s is a %s for %%s, proxy}
- 补充信息：generalizations: mutualproxyfor | domain: everypromotedthing | range: everypromotedthing",1,deepseek-ai/DeepSeek-R1-Distill-Qwen-32B,0.0,8192,https://api2.aigcbest.top/v1,"嗯，我现在需要判断这个RDFS公理是否正确。公理是citysportsteams ⊑p proxyfor。首先，我得理解这个符号的意思。这里的“⊑p”应该表示subPropertyOf，也就是属性之间的包含关系。也就是说，citysportsteams这个属性是proxyfor的子属性。

接下来，我得看看背景知识。条目1说citysportsteams是一个类，它的domain是city，range是sportsteam。而条目2中的proxyfor也是一个类，它的domain和range都是everypromotedthing。补充信息里提到proxyfor的generalizations是mutualproxyfor，这可能意味着proxyfor和mutualproxyfor之间有某种关系，但具体是什么关系还不清楚。

现在，我需要分析这个公理是否合理。根据RDFS的语义规则，如果一个属性A是属性B的子属性，那么A的所有实例都必须满足B的约束。也就是说，citysportsteams的所有实例必须满足proxyfor的domain和range。

citysportsteams的domain是city，而proxyfor的domain是everypromotedthing。city是否是everypromotedthing的子类呢？背景知识中没有明确说明，但通常来说，city可能属于更广泛的类别，比如location，而everypromotedthing可能是一个更广泛的类别，包含各种可以被推广的事物。因此，city可能属于everypromotedthing，这样domain的约束就满足了。

再看range，citysportsteams的range是sportsteam，而proxyfor的range也是everypromotedthing。同样，sportsteam可能属于everypromotedthing，所以range的约束也满足了。

不过，这里有个问题。citysportsteams被定义为一个类，而proxyfor也是一个类。在RDFS中，subPropertyOf通常用于属性之间的关系，而不是类之间的关系。也就是说，如果citysportsteams是一个类，而proxyfor也是一个类，那么它们之间应该是subClassOf的关系，而不是subPropertyOf。因此，这个公理可能用错了关系类型。

另外，从背景知识来看，citysportsteams的generalizations是proxyfor和locationactedinbyorganization，这可能意味着citysportsteams是proxyfor的子类，而不是子属性。所以，正确的公理应该是citysportsteams ⊑ proxyfor，使用subClassOf，而不是subPropertyOf。

综上所述，这个公理可能在关系类型上使用错误，导致不正确。
</think>

判断结果：错误
解释：citysportsteams是一个类，而proxyfor也是一个类，因此它们之间应使用subClassOf而不是subPropertyOf。",0,0,
hard_case_0227,subPropertyOf,countryofpersondeath ⊑p locationofpersondeath,"背景知识：
条目1：
- 名称：countryofpersondeath
- 类型：Class
- 简介：countryofpersondeath is a class in the NELL knowledge base.
- 补充信息：generalizations: locationofpersondeath | domain: country | range: person

条目2：
- 名称：locationofpersondeath
- 类型：Class
- 简介：locationofpersondeath is a class in the NELL knowledge base.
- 补充信息：generalizations: locationactedinbyagent | domain: location | range: person",1,deepseek-ai/DeepSeek-R1-Distill-Qwen-32B,0.0,8192,https://api2.aigcbest.top/v1,"嗯，我现在需要判断这个RDFS公理是否正确。公理是countryofpersondeath ⊑p locationofpersondeath。首先，我得理解这个符号的意思。这里的“⊑p”应该是指属性层次的子属性关系，也就是subPropertyOf。所以，这个公理的意思是说，countryofpersondeath是locationofpersondeath的子属性。

接下来，我得看看背景知识里的信息。条目1说countryofpersondeath是一个类，补充信息里提到它的domain是country，range是person。条目2说locationofpersondeath也是一个类，domain是location，range是person。那这两个类之间有什么关系呢？

根据补充信息，countryofpersondeath的generalizations是locationofpersondeath。这可能意味着countryofpersondeath是locationofpersondeath的一个子类，也就是subClassOf关系。但这里公理讨论的是属性关系，也就是subPropertyOf。

那问题来了，这两个类是否可以作为属性来使用？或者说，它们是否被用作属性？在RDFS中，属性通常是用rdf:Property来定义的，而这里countryofpersondeath和locationofpersondeath被定义为类（Class），所以它们可能不是属性，而是类。因此，将它们作为属性来使用可能存在问题。

另外，subPropertyOf关系要求两个都是属性。如果countryofpersondeath和locationofpersondeath是类而不是属性，那么这个公理可能不成立，因为它们不符合subPropertyOf的条件。所以，这个公理可能在语义上是错误的，因为它错误地将类当作属性来使用。

再结合常识，国家（country）是位置（location）的一种，所以countryofpersondeath作为locationofpersondeath的子类是合理的，但作为属性关系可能不合适。因此，这个公理可能在语义上是错误的。
</think>

判断结果：错误
解释：countryofpersondeath和locationofpersondeath被定义为类，而不是属性，因此它们不能作为属性进行subPropertyOf关系的推理。",0,0,
hard_case_0230,subPropertyOf,inverseofanimalssuchasmammals ⊑p specializationof,"背景知识：
条目1：
- 名称：inverseofanimalssuchasmammals
- 类型：Unknown
- 简介：Describes the animal types that are generalizations of mammals
- 补充信息：generalizations: specializationof | domain: mammal | range: animal

条目2：
- 名称：specializationof
- 类型：Unknown
- 简介：one thing is a more specific kind of another thing
- 补充信息：generalizations: relatedto | domain: everypromotedthing | range: everypromotedthing",1,deepseek-ai/DeepSeek-R1-Distill-Qwen-32B,0.0,8192,https://api2.aigcbest.top/v1,"嗯，我现在需要判断这个RDFS公理是否正确。公理是inverseofanimalssuchasmammals ⊑p specializationof。首先，我得理解这两个属性的含义。

根据背景知识，inverseofanimalssuchasmammals的简介是描述哺乳动物的动物类型的一般化。补充信息显示它的domain是mammal，range是animal。也就是说，这个属性的主体是哺乳动物，客体是更广泛的动物类别。

而specializationof的简介是一个事物是另一个事物的更具体种类。它的domain和range都是everypromotedthing，这可能意味着它适用于所有被推广的事物，可能包括各种类别。

现在，公理说inverseofanimalssuchasmammals是specializationof的子属性。根据RDFS的subPropertyOf规则，如果a ⊑p b，那么a的所有实例也必须满足b的约束。也就是说，inverseofanimalssuchasmammals的实例必须是specializationof的实例。

但这里有个问题。inverseofanimalssuchasmammals的domain是mammal，而specializationof的domain是everypromotedthing。mammal是更具体的类别，而everypromotedthing可能更广泛。所以，从domain的角度来看，inverseofanimalssuchasmammals的主体是mammal，而specializationof的主体是更广泛的类别，这可能没问题。

不过，更关键的是属性的含义。inverseofanimalssuchasmammals表示的是哺乳动物的一般化，而specializationof表示的是更具体化。比如，如果A是B的specializationof，那么A是B的一个更具体的种类。而inverseofanimalssuchasmammals可能表示的是哺乳动物属于更广泛的动物类别，这更像是generalization，而不是specialization。

所以，这里可能存在语义上的冲突。inverseofanimalssuchasmammals可能应该与generalizationof相关，而不是specializationof。因此，这个公理可能不正确，因为它将一个表示一般化的属性作为更具体化的属性的子属性，这在语义上是矛盾的。
</think>

判断结果：错误
解释：inverseofanimalssuchasmammals的语义是描述哺乳动物的一般化，而specializationof表示更具体化，两者语义相反，因此公理不正确。",0,0,
hard_case_0245,subPropertyOf,productinstanceof ⊑p specializationof,"背景知识：
条目1：
- 名称：productinstanceof
- 类型：Unknown
- 简介：Specifies that a particular product is a particular kind of thing
- 补充信息：generalizations: specializationof | domain: product | range: item

条目2：
- 名称：specializationof
- 类型：Unknown
- 简介：one thing is a more specific kind of another thing
- 补充信息：generalizations: relatedto | domain: everypromotedthing | range: everypromotedthing",1,deepseek-ai/DeepSeek-R1-Distill-Qwen-32B,0.0,8192,https://api2.aigcbest.top/v1,"嗯，我现在需要判断这个RDFS公理是否正确。公理是productinstanceof ⊑p specializationof，也就是productinstanceof是specializationof的子属性。首先，我得理解这两个属性的定义和背景知识。

根据背景知识，productinstanceof的类型是Unknown，简介是说明某个产品是某种特定类型的东西。补充信息显示它的domain是product，range是item。而specializationof的类型也是Unknown，简介是说一个事物是另一个事物的更具体类型。它的domain和range都是everypromotedthing。

接下来，我需要分析这两个属性的语义关系。productinstanceof的domain是product，而specializationof的domain是everypromotedthing。product是否是everypromotedthing的子类呢？背景知识中没有明确说明，但通常product可以被推广，所以可能属于everypromotedthing。

然后，range方面，productinstanceof的range是item，而specializationof的range是everypromotedthing。item是否是everypromotedthing的子类呢？这也不明确，但item通常可以被推广，所以可能属于everypromotedthing。

根据RDFS的subPropertyOf规则，如果productinstanceof是specializationof的子属性，那么productinstanceof的domain和range必须是specializationof的domain和range的子集。也就是说，product必须是everypromotedthing的子类，item必须是everypromotedthing的子类。如果这些条件满足，那么公理是正确的。

但是，背景知识中并没有明确说明product和item是否是everypromotedthing的子类。因此，无法确定productinstanceof的domain和range是否满足subPropertyOf的条件。因此，这个公理可能存在问题，因为它依赖于未明确的类层次结构。

综上所述，这个公理可能不正确，因为它假设了product和item是everypromotedthing的子类，而背景知识中没有提供足够的信息来支持这一点。
</think>

判断结果：错误
解释：productinstanceof的domain是product，而specializationof的domain是everypromotedthing，根据RDFS语义规则，productinstanceof的domain必须是specializationof的domain的子类，但背景知识中并未明确说明product是everypromotedthing的子类。",0,0,
hard_case_0247,subPropertyOf,sportsgamewinnerscore ⊑p relatedto,"背景知识：
条目1：
- 名称：sportsgamewinnerscore
- 类型：Unknown
- 简介：Specifies the score with which the winning team in a particular sportsGame lost.
- 补充信息：generalizations: relatedto | domain: sportsgame | range: nonneginteger

条目2：
- 名称：relatedto
- 类型：Unknown
- 简介：associated; connected (http://dictionary.reference.com/browse/related)
- 补充信息：generalizations: slot | domain: everypromotedthing | range: everypromotedthing",1,deepseek-ai/DeepSeek-R1-Distill-Qwen-32B,0.0,8192,https://api2.aigcbest.top/v1,"好，我现在需要分析这个RDFS公理是否正确。公理是sportsgamewinnerscore ⊑p relatedto，也就是sportsgamewinnerscore是relatedto的子属性。

首先，我得理解这两个属性的定义。根据背景知识，sportsgamewinnerscore的简介是“Specifies the score with which the winning team in a particular sportsGame lost.”，也就是说，它表示体育比赛中获胜队输掉比赛的分数。补充信息显示，它的domain是sportsgame，range是nonneginteger。

然后是relatedto，简介是“associated; connected”，补充信息显示它的domain和range都是everypromotedthing，generalizations是slot。这说明relatedto是一个更广泛的属性，用于连接两个事物。

接下来，根据RDFS的subPropertyOf规则，如果A是B的子属性，那么A的所有实例也必须是B的实例。也就是说，sportsgamewinnerscore的所有使用必须满足relatedto的约束。

现在，检查domain和range是否符合。sportsgamewinnerscore的domain是sportsgame，而relatedto的domain是everypromotedthing。sportsgame应该是everypromotedthing的一个子类，所以domain方面没有问题。range方面，sportsgamewinnerscore的range是nonneginteger，而relatedto的range是everypromotedthing。这里可能有问题，因为nonneginteger可能不是everypromotedthing的子类。通常，everypromotedthing可能指的是被推广的事物，而nonneginteger是数值类型，可能不属于这个类别。

此外，从语义上看，sportsgamewinnerscore表示的是一个具体的分数，而relatedto表示的是关联关系。将一个具体的数值属性作为关联属性的子属性，可能不符合常识，因为它们的语义范围不同。

综上所述，这个公理可能存在问题，因为它可能违反了range的约束，并且从语义上看，两个属性的用途和范围不一致。
</think>

判断结果：错误
解释：sportsgamewinnerscore的范围是非负整数，而relatedto的范围是everypromotedthing，这违反了RDFS的subPropertyOf规则，因为子属性的范围必须是父属性范围的子集。",0,0,
hard_case_0250,subPropertyOf,timeofprotest ⊑p relatedto,"背景知识：
条目1：
- 名称：timeofprotest
- 类型：Class
- 简介：{%%s is the %s the event %%s, time of}
- 补充信息：generalizations: relatedto | domain: time | range: protestevent

条目2：
- 名称：relatedto
- 类型：Class
- 简介：{%%s is somehow %s %%s, related to}
- 补充信息：generalizations: slot | domain: everypromotedthing | range: everypromotedthing",1,deepseek-ai/DeepSeek-R1-Distill-Qwen-32B,0.0,8192,https://api2.aigcbest.top/v1,"嗯，我现在需要判断这个RDFS公理是否正确。公理是timeofprotest ⊑p relatedto，也就是timeofprotest是relatedto的子属性。首先，我得理解这两个属性的定义和背景知识。

根据背景知识，timeofprotest是一个类，补充信息里提到它的domain是time，range是protestevent。而relatedto也是一个类，domain和range都是everypromotedthing。那这里的公理是说timeofprotest是relatedto的子属性，也就是timeofprotest ⊑ relatedto。

RDFS的subPropertyOf公理意味着如果a ⊑p b，那么每当a被使用时，b也必须被满足。也就是说，timeofprotest的使用必须满足relatedto的约束。那timeofprotest的domain是time，而relatedto的domain是everypromotedthing。time是否是everypromotedthing的子类呢？背景知识里没有明确说明，但通常time是一个更基础的类，可能不属于everypromotedthing。因此，timeofprotest的domain可能与relatedto的domain不兼容，导致公理不合理。

另外，range方面，timeofprotest的range是protestevent，而relatedto的range是everypromotedthing。protestevent是否是everypromotedthing的子类？同样，背景知识中没有明确说明，但protestevent可能属于更具体的类别，不一定属于everypromotedthing。这可能导致公理在语义上不一致。

综上所述，timeofprotest的domain和range可能与relatedto的不兼容，因此这个公理是错误的。
</think>

判断结果：错误
解释：timeofprotest的domain是time，而relatedto的domain是everypromotedthing，两者在语义上不兼容，因此该公理不合理。",0,0,
hard_case_0251,domain,domain(arteriessuchasarteries) = artery,"背景知识：
条目1：
- 名称：arteriessuchasarteries
- 类型：Class
- 简介：{%%s %s %%s, is a generalization of}
- 补充信息：generalizations: generalizationof | domain: artery | range: artery

条目2：
- 名称：artery
- 类型：Class
- 简介：{%%s is an %s, artery}
- 补充信息：generalizations: bodypart",1,deepseek-ai/DeepSeek-R1-Distill-Qwen-32B,0.0,8192,https://api2.aigcbest.top/v1,"嗯，我现在需要判断这个RDFS公理是否正确。公理是domain(arteriessuchasarteries) = artery。首先，我得理解每个部分的意思。

arteriessuchasarteries是一个类，根据背景知识，它的简介是“%%s %s %%s, is a generalization of”，补充信息里提到generalizations是generalizationof，domain是artery，range也是artery。这可能意味着arteriessuchasarteries这个类的实例通常与artery相关联。

接下来，domain在RDFS中表示属性的主体属于某个类。但这里arteriessuchasarteries是一个类，不是属性。所以，domain应该应用在属性上，而不是类上。这可能是一个错误，因为公理试图将domain应用到一个类，而不是属性。

另外，背景知识中arteriessuchasarteries的补充信息里确实提到了domain是artery，这可能意味着它被用作属性的domain。但根据RDFS规则，domain必须是属性，而这里arteriessuchasarteries是类，所以这可能不符合规则。

综上所述，这个公理可能不正确，因为它错误地将domain应用到了类而不是属性上。
</think>

判断结果：错误
解释：arteriessuchasarteries是一个类，而domain公理应应用于属性，因此该公理不正确。",0,0,
hard_case_0256,domain,domain(inverseofcoachstudiedatuniversity) = university,"背景知识：
条目1：
- 名称：inverseofcoachstudiedatuniversity
- 类型：Unknown
- 简介：Describes the university where the coach studied at
- 补充信息：generalizations: relatedto | domain: university | range: coach

条目2：
- 名称：university
- 类型：Unknown
- 简介：A university is a post-high school educational institution. This category includes colleges and technical schools.
- 补充信息：generalizations: school, geolocatablething",1,deepseek-ai/DeepSeek-R1-Distill-Qwen-32B,0.0,8192,https://api2.aigcbest.top/v1,"好，我现在需要判断给定的RDFS公理是否正确。公理是：domain(inverseofcoachstudiedatuniversity) = university。首先，我得理解这个公理的意思。domain表示属性的主体属于某个类，所以这里的意思是inverseofcoachstudiedatuniversity属性的主体必须是university类。

接下来，我查看背景知识。条目1中提到inverseofcoachstudiedatuniversity的domain是university，range是coach。这说明这个属性通常用于描述教练所就读的大学，所以属性的主体应该是教练，而客体是大学。但是，这里公理却说domain是university，这与背景知识中的描述相反。

根据RDFS的语义规则，domain约束的是属性的主体类型。如果属性inverseofcoachstudiedatuniversity的主体应该是coach，那么domain应该是coach，而不是university。因此，公理与背景知识中的信息相冲突，导致这个公理是错误的。
</think>

判断结果：错误
解释：根据背景知识，inverseofcoachstudiedatuniversity的domain应为coach，而公理中将其设置为university，与背景知识冲突。",0,0,
hard_case_0259,domain,domain(numberofcasualtiesinroadaccident) = nonneginteger,"背景知识：
条目1：
- 名称：numberofcasualtiesinroadaccident
- 类型：Class
- 简介：{%%s is the number of people that %s the event %%s, died in}
- 补充信息：generalizations: relatedto | domain: nonneginteger | range: roadaccidentevent

条目2：
- 名称：nonneginteger
- 类型：Class
- 简介：{%%s is a %s, non-negative integer}
- 补充信息：generalizations: abstractthing",1,deepseek-ai/DeepSeek-R1-Distill-Qwen-32B,0.0,8192,https://api2.aigcbest.top/v1,"嗯，我现在需要判断这个RDFS公理是否正确。公理是domain(numberofcasualtiesinroadaccident) = nonneginteger。首先，我得理解每个部分的意思。

公理中的domain表示属性的主体属于某个类。这里的属性是numberofcasualtiesinroadaccident，主体应该是这个属性的主语。根据背景知识，numberofcasualtiesinroadaccident的类型是Class，简介里说它表示在某个事件中死亡的人数。补充信息里提到它的domain是nonneginteger，range是roadaccidentevent。

那domain在这里是什么意思呢？domain指的是属性的主语属于哪个类。比如，如果属性是“拥有”，domain可能是“人”，因为人是拥有东西的主体。而range则是属性的宾语属于哪个类，比如“拥有”的range可能是“物品”。

现在，numberofcasualtiesinroadaccident的domain被设定为nonneginteger。nonneginteger是一个类，表示非负整数。那这个属性的主语应该是非负整数吗？这似乎有问题，因为通常属性的主语应该是某个实体，比如事件，而属性的值才是数字。

举个例子，比如属性“死亡人数”通常会关联到一个事件，比如交通事故。所以，正确的domain应该是roadaccidentevent，而range才是nonneginteger，因为死亡人数是一个数字。而这里的公理却把domain设为nonneginteger，这显然颠倒了主语和宾语的关系。

所以，这个公理是错误的，因为它违反了RDFS的语义规则，domain应该指向主语所属的类，而不是属性的值。
</think>

判断结果：错误
解释：根据背景知识，属性的domain应为roadaccidentevent，而range为nonneginteger，因此该公理与背景知识冲突。",0,0,
hard_case_0265,domain,domain(superpartof) = everypromotedthing,"背景知识：
条目1：
- 名称：superpartof
- 类型：Class
- 简介：superpartof is a class in the NELL knowledge base.
- 补充信息：generalizations: relatedto | domain: everypromotedthing | range: everypromotedthing

条目2：
- 名称：everypromotedthing
- 类型：Class
- 简介：{%%s is %s, something}",1,deepseek-ai/DeepSeek-R1-Distill-Qwen-32B,0.0,8192,https://api2.aigcbest.top/v1,"好，我现在需要判断给定的RDFS公理是否正确。公理是domain(superpartof) = everypromotedthing。首先，我得理解每个部分的含义。

根据背景知识，superpartof是一个类，属于NELL知识库。它的补充信息中提到，generalizations是relatedto，domain是everypromotedthing，range也是everypromotedthing。而everypromotedthing也是一个类，简介看起来像是一个占位符，可能表示某种通用的类别。

接下来，RDFS中的domain公理表示属性的主体必须属于某个类。这里，superpartof被用作属性，它的domain被设定为everypromotedthing。这意味着，任何使用superpartof属性的主体都必须是everypromotedthing类的实例。

现在，我需要检查这是否符合RDFS的语义规则。RDFS允许类和属性之间的关系，但这里superpartof被同时定义为一个类和一个属性，这可能有问题。通常，一个概念要么是类，要么是属性，不能同时是两者。如果superpartof被用作属性，那么它应该被定义为属性，而不是类。这可能引起类型混淆，导致公理不正确。

此外，背景知识中提到superpartof的domain和range都是everypromotedthing，这可能暗示它是一个属性，但它的类型却被标记为Class，这可能是一个错误。因此，将domain应用到一个类上，而不是属性上，违反了RDFS的规则，导致公理错误。
</think>

判断结果：错误
解释：superpartof被定义为一个类，而domain公理应用于属性，因此将domain应用于类是不正确的。",0,0,
hard_case_0267,range,range(arteriessuchasarteries) = artery,"背景知识：
条目1：
- 名称：arteriessuchasarteries
- 类型：Class
- 简介：{%%s %s %%s, is a generalization of}
- 补充信息：generalizations: generalizationof | domain: artery | range: artery

条目2：
- 名称：artery
- 类型：Class
- 简介：{%%s is an %s, artery}
- 补充信息：generalizations: bodypart",1,deepseek-ai/DeepSeek-R1-Distill-Qwen-32B,0.0,8192,https://api2.aigcbest.top/v1,"好，我现在需要分析这个RDFS公理是否正确。公理是range(arteriessuchasarteries) = artery。首先，我得理解每个部分的含义。

arteriessuchasarteries是一个类，根据背景知识，它的简介提到它是一个概括，补充信息显示它的domain和range都是artery。artery也是一个类，属于bodypart的子类。

RDFS的range公理表示属性的客体必须属于某个类。这里，arteriessuchasarteries被用作属性吗？不，它是一个类。所以，range公理可能被误用了，因为range通常用于属性，而不是类。

另外，arteriessuchasarteries的补充信息中提到range是artery，这可能意味着它作为属性时的客体类型。但作为类，range公理可能不适用，或者可能被错误地应用了。

因此，这个公理可能不符合RDFS的语义规则，因为它可能错误地将range应用于类而不是属性，或者与背景知识中的信息不一致。
</think>

判断结果：错误
解释：arteriessuchasarteries是一个类，而range公理通常应用于属性，因此将其应用于类是不正确的。",0,0,
hard_case_0273,range,range(latitudelongitudeof) = everypromotedthing,"背景知识：
条目1：
- 名称：latitudelongitudeof
- 类型：Unknown
- 简介：the latitude and longitude of this location, or the latitude and longitude typically associated with this thing
- 补充信息：generalizations: relatedto | domain: llcoordinate | range: everypromotedthing

条目2：
- 名称：everypromotedthing
- 类型：Unknown
- 简介：every promoted category instance in KB",1,deepseek-ai/DeepSeek-R1-Distill-Qwen-32B,0.0,8192,https://api2.aigcbest.top/v1,"好，我现在需要分析这个RDFS公理是否正确。公理是range(latitudelongitudeof) = everypromotedthing。首先，我得理解每个部分的含义。

latitudelongitudeof是一个属性，根据背景知识，它的范围是everypromotedthing。这意味着这个属性的值必须属于everypromotedthing这个类。everypromotedthing的简介是KB中所有被推广的类别实例，也就是说，它是一个比较广泛的类，包含了很多不同的实例。

接下来，我需要考虑RDFS的语义规则。range约束规定了属性的值必须属于某个类。这里latitudelongitudeof的值必须是everypromotedthing的实例。但根据常识，经纬度通常表示为具体的数值，比如数字类型，而不是属于everypromotedthing这样的广泛类。这可能意味着公理存在问题，因为它将数值类型错误地归类到一个更广泛的实例类中。

另外，背景知识中提到latitudelongitudeof的范围是llcoordinate，这可能是一个更具体的类，比如地理坐标。而everypromotedthing可能包括各种类型的数据，不仅仅是坐标。因此，将范围设置为everypromotedthing可能过于宽泛，不符合属性的实际使用情况。

综上所述，这个公理可能与背景知识中的信息不符，因为它将属性的范围设置为一个过于广泛的类，而不是更具体的llcoordinate类。因此，这个公理是错误的。
</think>

判断结果：错误
解释：根据背景知识，latitudelongitudeof的范围应为llcoordinate，而everypromotedthing是一个更广泛的类，与属性的实际范围不符。",0,0,
hard_case_0275,range,range(numberofcasualtiesinroadaccident) = roadaccidentevent,"背景知识：
条目1：
- 名称：numberofcasualtiesinroadaccident
- 类型：Class
- 简介：{%%s is the number of people that %s the event %%s, died in}
- 补充信息：generalizations: relatedto | domain: nonneginteger | range: roadaccidentevent

条目2：
- 名称：roadaccidentevent
- 类型：Class
- 简介：{%%s is a %s, road accident event}
- 补充信息：generalizations: event",1,deepseek-ai/DeepSeek-R1-Distill-Qwen-32B,0.0,8192,https://api2.aigcbest.top/v1,"嗯，我现在需要判断这个RDFS公理是否正确。公理是range(numberofcasualtiesinroadaccident) = roadaccidentevent。首先，我得理解每个部分的意思。

numberofcasualtiesinroadaccident是一个类，根据背景知识，它的简介是“%s是导致事件%s中死亡的人数”。补充信息里提到它的domain是nonneginteger，range是roadaccidentevent。所以，这个类的属性应该是描述一个非负整数，表示在某个道路交通事故中的伤亡人数。

接下来，roadaccidentevent也是一个类，属于event的子类。它的简介是“%s是一次道路交通事故事件”。

现在，公理说的是numberofcasualtiesinroadaccident的range是roadaccidentevent。根据RDFS的语义，range表示属性的客体属于某个类。也就是说，当使用numberofcasualtiesinroadaccident这个属性时，它的值（客体）必须是roadaccidentevent类的实例。

但是，这里有个问题。numberofcasualtiesinroadaccident的domain是nonneginteger，这意味着它通常用来表示一个数值，比如伤亡人数。而range设置为roadaccidentevent，意味着这个属性的值应该是道路交通事故事件的实例，这显然不对，因为伤亡人数应该是一个数字，而不是事件本身。

所以，这个公理是错误的，因为它将range错误地指向了事件类，而实际上应该指向表示数字的类，比如nonneginteger。
</think>

判断结果：错误
解释：根据背景知识，numberofcasualtiesinroadaccident的range应为nonneginteger，而非roadaccidentevent。",0,0,
hard_case_0278,subClassOf,Antoinism ⊑ Catholicism,"背景知识：
条目1：
- 名称：Antoinism
- 类型：Class
- 简介：Antoinism is a healing-oriented new religious movement founded in 1910 by Louis-Joseph Antoine (1846–1912) in Jemeppe-sur-Meuse, Seraing in Belgium. With a total of 64 temples, over forty reading rooms across the world and thousands of memb...

条目2：
- 名称：Catholicism
- 类型：Class
- 简介：The Catholic Church, commonly called the Roman Catholic Church, is the largest Christian denomination, with an estimated 1.28 to 1.41 billion baptized members worldwide as of 2026. It consists of 24 autonomous churches—the Latin Church and....",1,deepseek-ai/DeepSeek-R1-Distill-Qwen-32B,0.0,8192,https://api2.aigcbest.top/v1,"嗯，我现在需要判断这个RDFS公理是否正确。公理是Antoinism ⊑ Catholicism，也就是Antoinism是Catholicism的子类。首先，我得理解这两个类是什么。

根据背景知识，Antoinism是一个以治疗为导向的新宗教运动，成立于1910年，由Louis-Joseph Antoine创立，位于比利时。它有64个寺庙，40多个阅览室，成员众多。而Catholicism，也就是天主教，是基督教中最大的分支，拥有超过10亿的成员，由24个自治教会组成，包括拉丁教会等。

接下来，我需要分析这两个类之间的关系。Antoinism是一个新宗教运动，而Catholicism是基督教的一个分支。通常，新宗教运动可能与传统宗教有联系，但并不一定属于其中。Antoinism可能有自己的教义和组织结构，不一定从属于天主教。

根据RDFS的subClassOf规则，如果Antoinism是Catholicism的子类，那么所有Antoinism的实例都必须是Catholicism的实例。但根据背景知识，Antoinism是一个独立的宗教运动，可能与天主教有部分相似之处，但并不意味着它是天主教的一个分支或子类。因此，这种子类关系可能不成立。

另外，常识上，新宗教运动通常不会被归类为传统宗教的子类，除非有明确的从属关系。而这里没有提到Antoinism是天主教的一部分，所以这种公理可能不符合实际情况。

综上所述，这个公理可能不正确，因为它错误地将Antoinism作为Catholicism的子类，而实际上它们是两个独立的宗教实体。
</think>

判断结果：错误
解释：Antoinism是一个独立的新宗教运动，而Catholicism是基督教的一个主要分支，两者在背景知识中没有明确的从属关系，因此Antoinism ⊑ Catholicism的公理与背景知识不符。",0,0,
hard_case_0279,subClassOf,Cancionista_Q24961653 ⊑ Lyricist,"背景知识：
条目1：
- 名称：Cancionista_Q24961653
- 类型：Class
- 简介：Cancionista_Q24961653 is a class in the knowledge base.

条目2：
- 名称：Lyricist
- 类型：Class
- 简介：A lyricist is a writer who writes lyrics, as opposed to a composer, who writes the song's music which may include the melody, harmony, arrangement and accompaniment.",1,deepseek-ai/DeepSeek-R1-Distill-Qwen-32B,0.0,8192,https://api2.aigcbest.top/v1,"嗯，我现在需要判断这个RDFS公理是否正确。公理是Cancionista_Q24961653 ⊑ Lyricist，也就是Cancionista_Q24961653是Lyricist的子类。首先，我得弄清楚这两个类的定义。

根据背景知识，Cancionista_Q24961653是一个类，但没有提供具体的定义，可能是一个特定的类，比如某种类型的歌手或者创作人。而Lyricist被定义为写歌词的人，与作曲家不同，作曲家负责音乐部分，包括旋律、和声、编曲和伴奏。

接下来，我需要分析这两个类之间的关系。Cancionista这个词在西班牙语中通常指的是创作歌曲的人，可能包括作词和作曲。而Lyricist则专注于歌词创作。所以，Cancionista可能比Lyricist更广泛，因为Cancionista可能同时涉及作词和作曲，而Lyricist只负责歌词。

根据RDFS的subClassOf规则，如果Cancionista_Q24961653是Lyricist的子类，那么所有Cancionista_Q24961653的实例都必须是Lyricist的实例。也就是说，每个Cancionista_Q24961653都必须是写歌词的人。但根据常识，Cancionista可能不仅写歌词，还可能作曲，所以他们可能不仅仅是Lyricist，而是更广泛的类别。

因此，将Cancionista_Q24961653作为Lyricist的子类可能不正确，因为Cancionista可能包括更多的职责，而不仅仅是写歌词。这可能与背景知识中的定义不符，所以这个公理可能是错误的。
</think>

判断结果：错误
解释：Cancionista_Q24961653可能不仅限于写歌词，而Lyricist专门指写歌词的人，因此Cancionista_Q24961653不一定是Lyricist的子类。",0,0,
hard_case_0280,subClassOf,Corps_de_l_u0027_armement ⊑ Engineer,"背景知识：
条目1：
- 名称：Corps_de_l_u0027_armement
- 类型：Class
- 简介：Corps_de_l_u0027_armement is a class in the knowledge base.

条目2：
- 名称：Engineer
- 类型：Class
- 简介：An engineer is a practitioner of engineering. The word engineer is derived from the Latin words ingeniare and ingenium (""cleverness""). The foundational qualifications of a licensed professional engineer typically include a four-year bachelo...",1,deepseek-ai/DeepSeek-R1-Distill-Qwen-32B,0.0,8192,https://api2.aigcbest.top/v1,"嗯，我现在需要判断这个RDFS公理是否正确。公理是Corps_de_l_u0027_armement ⊑ Engineer，也就是Corps_de_l_u0027_armement是Engineer的子类。首先，我得理解这两个类的含义。

根据背景知识，Corps_de_l_u0027_armement是一个类，但没有提供具体的信息，可能是一个特定的组织或部门。而Engineer是一个从业者，通常指工程师，涉及工程领域，比如设计、建造等。

接下来，我需要分析这两个类之间的关系。子类关系意味着Corps_de_l_u0027_armement的所有实例都是Engineer的实例。也就是说，Corps_de_l_u0027_armement的成员都是工程师。但根据常识，Corps_de_l_u0027_armement可能指的是武装部队中的某个部门，比如军械部，而Engineer通常指个人职业。部门和职业之间通常不是子类关系，而是部门可能包含工程师作为成员，而不是部门本身是工程师的子类。

此外，RDFS的subClassOf表示类的包含关系，这里可能混淆了类和实例的关系。Corps_de_l_u0027_armement可能是一个组织类，而Engineer是职业类，两者在语义上并不构成包含关系，而是可能有属性或实例的关联，比如部门的成员是工程师，而不是部门本身是工程师的子类。

因此，这个公理可能不符合RDFS的语义规则，因为它错误地将组织类作为职业类的子类，而不是正确的属性或实例关系。
</think>

判断结果：错误
解释：Corps_de_l_u0027_armement作为一个类，与Engineer类之间不存在直接的子类关系，因为Corps_de_l_u0027_armement可能代表一个组织或部门，而Engineer代表职业，两者在语义上不构成包含关系。",0,0,
hard_case_0282,subClassOf,Fermier_Général_Q50376727 ⊑ Financier,"背景知识：
条目1：
- 名称：Fermier_Général_Q50376727
- 类型：Class
- 简介：Fermier_Général_Q50376727 is a class in the knowledge base.

条目2：
- 名称：Financier
- 类型：Class
- 简介：An investor is a person or entity that allocates financial capital with the expectation of a future return (profit) or to gain an advantage (interest). Through this allocated capital the investor usually purchases some species of property.....",1,deepseek-ai/DeepSeek-R1-Distill-Qwen-32B,0.0,8192,https://api2.aigcbest.top/v1,"嗯，我现在需要判断这个RDFS公理是否正确。公理是Fermier_Général_Q50376727 ⊑ Financier，也就是Fermier_Général_Q50376727是Financier的子类。首先，我得理解这两个类的含义。

根据背景知识，Fermier_Général_Q50376727是一个类，但没有提供具体的信息，可能是一个特定的实体或者类别。而Financier被定义为投资者，指的是个人或实体，他们分配金融资本，期望获得未来的回报或优势，通常通过购买某种类型的财产来实现。

接下来，我需要分析这两个类之间的关系。子类关系意味着Fermier_Général_Q50376727的所有实例都必须是Financier的实例。也就是说，Fermier_Général_Q50376727的每个成员都必须是投资者。

但是，背景知识中并没有提供Fermier_Général_Q50376727的具体信息，所以无法确定它是否属于投资者类别。可能Fermier_Général_Q50376727指的是某种特定的农民或农业相关的职业，而投资者通常涉及金融活动，两者可能没有直接的包含关系。

因此，缺乏足够的背景信息来支持这个子类关系，所以这个公理可能是不正确的。
</think>

判断结果：错误
解释：Fermier_Général_Q50376727和Financier之间的子类关系缺乏背景知识支持，无法确定其合理性。",0,0,
hard_case_0286,subClassOf,Financial_analyst ⊑ Financier,"背景知识：
条目1：
- 名称：Financial_analyst
- 类型：Class
- 简介：A financial analyst is a professional undertaking financial analysis for external or internal clients as a core feature of the job. The role may specifically be titled securities analyst, research analyst, equity analyst, investment analyst...

条目2：
- 名称：Financier
- 类型：Class
- 简介：An investor is a person or entity that allocates financial capital with the expectation of a future return (profit) or to gain an advantage (interest). Through this allocated capital the investor usually purchases some species of property.....",1,deepseek-ai/DeepSeek-R1-Distill-Qwen-32B,0.0,8192,https://api2.aigcbest.top/v1,"嗯，我现在需要判断这个RDFS公理是否正确。公理是Financial_analyst ⊑ Financier，也就是Financial_analyst是Financier的子类。首先，我得理解这两个类的定义。

根据背景知识，Financial_analyst是从事财务分析的专业人士，可能包括证券分析师、研究分析师等。而Financier指的是投资者，他们投资资本以期望获得回报或优势，通常购买某种类型的财产。

接下来，我需要分析这两个类之间的关系。Financial_analyst的主要职责是分析财务数据，帮助客户做出投资决策，但并不一定自己进行投资。而Financier则是主动投资的人或实体。因此，Financial_analyst并不一定是Financier，他们可能只是提供分析服务，而不是投资者。

根据RDFS的subClassOf规则，如果Financial_analyst是Financier的子类，那么所有Financial_analyst实例都必须是Financier的实例。但根据背景知识，这并不成立，因为分析师和投资者是不同的角色，职责和行为不同。

所以，这个公理是错误的，因为它不符合背景知识中的定义和常识。
</think>

判断结果：错误
解释：Financial_analyst是从事财务分析的专业人士，而Financier是投资者，两者职责不同，因此Financial_analyst并非Financier的子类。",0,0,
hard_case_0294,subClassOf,Prankster_Q1344569 ⊑ Comedian,"背景知识：
条目1：
- 名称：Prankster_Q1344569
- 类型：Class
- 简介：Prankster_Q1344569 is a class in the knowledge base.

条目2：
- 名称：Comedian
- 类型：Class
- 简介：A comedian or comic is a person who seeks to entertain an audience by making them laugh. This may be done by telling jokes, creating amusing situations, acting foolishly, or employing prop comedy. A comedian who addresses an audience direct...",1,deepseek-ai/DeepSeek-R1-Distill-Qwen-32B,0.0,8192,https://api2.aigcbest.top/v1,"嗯，我现在需要判断这个RDFS公理是否正确。公理是Prankster_Q1344569 ⊑ Comedian，也就是Prankster_Q1344569是Comedian的子类。首先，我得理解这两个类的定义。

根据背景知识，Prankster_Q1344569是一个类，但没有提供具体的定义，可能是一个恶作剧者或者搞恶作剧的人。而Comedian是一个喜剧演员，通常通过讲笑话、制造有趣的情境或表演滑稽动作来娱乐观众。

接下来，我需要分析这两个类之间的关系。Prankster通常指的是喜欢开玩笑、捉弄别人的人，而Comedian则是专业的喜剧表演者。虽然两者都涉及让人发笑，但他们的行为方式和目的可能不同。Prankster可能更倾向于恶作剧，而Comedian则是通过表演艺术来搞笑。

根据RDFS的subClassOf规则，如果Prankster_Q1344569是Comedian的子类，那么所有Prankster_Q1344569的实例都必须是Comedian的实例。但根据常识，恶作剧者并不一定是喜剧演员，他们可能只是喜欢开玩笑，而不是专业从事喜剧表演。因此，这种包含关系可能并不成立。

所以，这个公理可能与背景知识和常识不符，判断为错误。
</think>

判断结果：错误
解释：Prankster_Q1344569并不一定是Comedian的子类，因为Prankster_Q1344569可能指的是恶作剧者，而Comedian指的是喜剧演员，两者在背景知识中没有明确的包含关系。",0,0,
hard_case_0295,subClassOf,Rábula_Q10365511 ⊑ Lawyer,"背景知识：
条目1：
- 名称：Rábula_Q10365511
- 类型：Class
- 简介：Rábula_Q10365511 is a class in the knowledge base.

条目2：
- 名称：Lawyer
- 类型：Class
- 简介：A lawyer is a person who is qualified to offer advice about the law, draft legal documents, or represent individuals in legal matters.",1,deepseek-ai/DeepSeek-R1-Distill-Qwen-32B,0.0,8192,https://api2.aigcbest.top/v1,"好的，我现在需要分析给定的RDFS公理是否正确。公理是Rábula_Q10365511 ⊑ Lawyer，也就是Rábula_Q10365511是Lawyer的子类。首先，我需要理解每个类的定义。

根据背景知识，Rábula_Q10365511是一个类，但没有提供具体的定义或描述。而Lawyer被定义为有资格提供法律建议、起草法律文件或代表个人处理法律事务的人。这意味着Lawyer通常指的是人类，特别是那些经过法律教育并获得执业资格的人。

接下来，我需要考虑Rábula_Q10365511可能代表什么。由于没有具体的背景信息，我只能假设它可能是一个特定的类，比如某个组织、职位或其他实体。如果Rábula_Q10365511指的是一个组织，比如律师事务所，那么它显然不是Lawyer的子类，因为律师事务所是组织，而Lawyer是个人。如果Rábula_Q10365511指的是某个特定的律师群体，比如某个地区的律师，那么它可能可以作为Lawyer的子类，但这种情况需要明确的背景支持。

然而，由于缺乏关于Rábula_Q10365511的具体信息，无法确定它是否符合Lawyer的定义。因此，根据现有的信息，无法支持Rábula_Q10365511是Lawyer的子类。这可能意味着公理是错误的，因为它缺乏必要的语义支持。
</think>

判断结果：错误
解释：Rábula_Q10365511没有足够的背景信息来支持它是Lawyer的子类，因此公理不合理。",0,0,
hard_case_0296,subClassOf,Schwefelbad_Q112157620 ⊑ Designated_Spa_Town_Q6882870,"背景知识：
条目1：
- 名称：Schwefelbad_Q112157620
- 类型：Class
- 简介：Schwefelbad_Q112157620 is a class in the knowledge base.

条目2：
- 名称：Designated_Spa_Town_Q6882870
- 类型：Class
- 简介：Designated_Spa_Town_Q6882870 is a class in the knowledge base.",1,deepseek-ai/DeepSeek-R1-Distill-Qwen-32B,0.0,8192,https://api2.aigcbest.top/v1,"好，我现在需要分析这个RDFS公理是否正确。公理是Schwefelbad_Q112157620 ⊑ Designated_Spa_Town_Q6882870，也就是Schwefelbad_Q112157620是Designated_Spa_Town_Q6882870的子类。

首先，我需要理解这两个类的含义。根据背景知识，Schwefelbad_Q112157620是一个类，可能指的是硫磺温泉。而Designated_Spa_Town_Q6882870可能是指被指定的温泉镇。通常，硫磺温泉可能位于温泉镇中，但是否所有硫磺温泉都属于温泉镇呢？这可能不一定，因为硫磺温泉可能存在于不同的地方，不一定都是被指定的温泉镇的一部分。

接下来，根据RDFS的subClassOf规则，如果A是B的子类，那么所有A的实例也必须是B的实例。这里，Schwefelbad_Q112157620是否是Designated_Spa_Town_Q6882870的子类呢？可能需要更多的上下文信息来确定。如果Schwefelbad_Q112157620确实是指温泉镇中的硫磺温泉，那么这个公理可能是正确的。但如果没有明确的上下文支持，这个子类关系可能不成立。

另外，常识上，硫磺温泉可能存在于各种地方，而不仅仅是被指定的温泉镇。因此，将Schwefelbad_Q112157620作为Designated_Spa_Town_Q6882870的子类可能过于狭窄，可能不符合实际情况。

综上所述，这个公理可能存在问题，因为它可能错误地限制了Schwefelbad_Q112157620的范围，而没有足够的背景知识支持这种子类关系。
</think>

判断结果：错误
解释：Schwefelbad_Q112157620作为硫磺温泉，通常不直接属于Designated_Spa_Town_Q6882870，因为温泉镇可能包含多种温泉类型，而硫磺温泉可能存在于其他地方。",0,0,
hard_case_0299,subClassOf,Tenja_Q11567170 ⊑ Literary_Critic_Q4263842,"背景知识：
条目1：
- 名称：Tenja_Q11567170
- 类型：Class
- 简介：Tenja_Q11567170 is a class in the knowledge base.

条目2：
- 名称：Literary_Critic_Q4263842
- 类型：Class
- 简介：Literary_Critic_Q4263842 is a class in the knowledge base.",1,deepseek-ai/DeepSeek-R1-Distill-Qwen-32B,0.0,8192,https://api2.aigcbest.top/v1,"好，我现在需要分析这个RDFS公理是否正确。公理是Tenja_Q11567170 ⊑ Literary_Critic_Q4263842，也就是Tenja_Q11567170是Literary_Critic_Q4263842的子类。

首先，我得理解这两个类是什么。根据背景知识，Tenja_Q11567170和Literary_Critic_Q4263842都是知识库中的类，但没有提供具体的定义或描述。所以，我需要依靠常识来判断。

Tenja可能指的是某个特定的人或概念，而Literary_Critic_Q4263842看起来像是文学评论家。如果Tenja是一个文学评论家，那么这个公理是正确的。但如果没有足够的信息，我无法确定Tenja是否属于文学评论家。

另外，RDFS的subClassOf公理要求子类的所有实例都属于父类。如果没有明确的背景知识支持，这个公理可能不成立。因此，基于现有信息，这个公理是错误的。
</think>

判断结果：错误
解释：Tenja_Q11567170和Literary_Critic_Q4263842都是类，但没有足够的背景知识支持Tenja_Q11567170是Literary_Critic_Q4263842的子类。",0,0,
hard_case_0300,subPropertyOf,actionableFeedbackPolicy ⊑p publishingPrinciples,"背景知识：
条目1：
- 名称：actionableFeedbackPolicy
- 类型：Property
- 简介：For a <a class=""localLink"" href=""/NewsMediaOrganization"">NewsMediaOrganization</a> or other news-related <a class=""localLink"" href=""/Organization"">Organization</a>, a statement about public engagement activities (for news media, the newsroo...
- 补充信息：domainIncludes: http://schema.org/NewsMediaOrganization, http://schema.org/Organization | rangeIncludes: http://schema.org/CreativeWork, http://schema.org/URL

条目2：
- 名称：publishingPrinciples
- 类型：Property
- 简介：The publishingPrinciples property indicates (typically via <a class=""localLink"" href=""/URL"">URL</a>) a document describing the editorial principles of an <a class=""localLink"" href=""/Organization"">Organization</a> (or individual, e.g. a <a c...
- 补充信息：domainIncludes: http://schema.org/CreativeWork, http://schema.org/Organization, http://schema.org/Person | rangeIncludes: http://schema.org/CreativeWork, http://schema.org/URL",1,deepseek-ai/DeepSeek-R1-Distill-Qwen-32B,0.0,8192,https://api2.aigcbest.top/v1,"嗯，我现在需要判断这个RDFS公理是否正确。公理是actionableFeedbackPolicy ⊑p publishingPrinciples，也就是actionableFeedbackPolicy是publishingPrinciples的子属性。首先，我得理解这两个属性的定义和背景知识。

根据背景知识，actionableFeedbackPolicy是一个属性，用于描述新闻媒体组织或其他新闻相关组织的公众参与活动。它的domain包括NewsMediaOrganization和Organization，range包括CreativeWork和URL。而publishingPrinciples也是一个属性，用于描述组织或个人的编辑原则，通常通过URL链接到文档。它的domain包括CreativeWork、Organization和Person，range包括CreativeWork和URL。

接下来，我需要分析这两个属性的语义关系。subPropertyOf关系意味着actionableFeedbackPolicy的所有实例都必须是publishingPrinciples的实例。也就是说，如果一个组织有actionableFeedbackPolicy，那么它也应该有publishingPrinciples。但根据背景知识，actionableFeedbackPolicy更侧重于公众参与活动，而publishingPrinciples侧重于编辑原则。这两个概念虽然都与组织相关，但并不一定是包含关系。一个组织可能有公众参与政策，但不一定有明确的编辑原则，反之亦然。

此外，从domain和range来看，虽然两者都有Organization作为domain，但actionableFeedbackPolicy的domain还包括NewsMediaOrganization，而publishingPrinciples还包括CreativeWork和Person。这表明它们的应用范围有所不同，不能简单地认为一个属性是另一个的子属性。

因此，这个公理可能不合理，因为它们描述的是不同的概念，没有明确的包含关系。
</think>

判断结果：错误
解释：actionableFeedbackPolicy和publishingPrinciples描述了不同的概念，前者涉及公众参与活动，后者涉及编辑原则，因此它们之间不存在子属性关系。",0,0,
hard_case_0301,subPropertyOf,announcementLocation ⊑p spatialCoverage,"背景知识：
条目1：
- 名称：announcementLocation
- 类型：Property
- 简介：Indicates a specific <a class=""localLink"" href=""/CivicStructure"">CivicStructure</a> or <a class=""localLink"" href=""/LocalBusiness"">LocalBusiness</a> associated with the SpecialAnnouncement. For example, a specific testing facility or busines...
- 补充信息：domainIncludes: http://schema.org/SpecialAnnouncement | rangeIncludes: http://schema.org/CivicStructure, http://schema.org/LocalBusiness

条目2：
- 名称：spatialCoverage
- 类型：Property
- 简介：The spatialCoverage of a CreativeWork indicates the place(s) which are the focus of the content. It is a subproperty of contentLocation intended primarily for more technical and detailed materials. For example with a Dataset, it indicates a...
- 补充信息：domainIncludes: http://schema.org/CreativeWork | rangeIncludes: http://schema.org/Place",1,deepseek-ai/DeepSeek-R1-Distill-Qwen-32B,0.0,8192,https://api2.aigcbest.top/v1,"嗯，我现在需要判断这个RDFS公理是否正确。公理是announcementLocation ⊑p spatialCoverage，也就是announcementLocation是spatialCoverage的子属性。首先，我得理解这两个属性的定义和背景知识。

根据背景知识，announcementLocation是一个属性，它的domain是SpecialAnnouncement，range包括CivicStructure和LocalBusiness。也就是说，这个属性用于表示SpecialAnnouncement相关的具体地点，比如测试设施或当地企业。

而spatialCoverage也是一个属性，它的domain是CreativeWork，range是Place。spatialCoverage用于表示CreativeWork（比如数据集、文章等）的空间覆盖范围，通常用于更技术性和详细的内容。

现在，我需要分析这两个属性之间的关系。子属性关系意味着announcementLocation的所有使用都必须符合spatialCoverage的定义。也就是说，如果一个属性是另一个的子属性，那么它的domain和range必须是父属性的子集或相等。

首先看domain，announcementLocation的domain是SpecialAnnouncement，而spatialCoverage的domain是CreativeWork。SpecialAnnouncement是否是CreativeWork的子类呢？根据常识，SpecialAnnouncement可能属于CreativeWork的一种，因为CreativeWork通常包括各种内容，包括公告。所以domain方面可能没问题。

接下来是range，announcementLocation的range是CivicStructure和LocalBusiness，而spatialCoverage的range是Place。CivicStructure和LocalBusiness都是具体的地点，属于Place的子类。因此，从range来看，announcementLocation的范围是Place的子集，符合子属性的要求。

但是，我还需要考虑属性的语义是否一致。spatialCoverage用于表示内容的空间覆盖范围，而announcementLocation用于表示与SpecialAnnouncement相关的具体地点。虽然它们都涉及地点，但应用场景不同。spatialCoverage更广泛，用于各种CreativeWork，而announcementLocation更具体，用于SpecialAnnouncement。

因此，从语义上看，announcementLocation是否是spatialCoverage的子属性可能存在问题。因为它们的应用场景和具体用途不同，可能不完全符合子属性的定义。虽然range和domain在技术上可能满足，但语义上可能不完全一致。

综上所述，这个公理可能存在问题，因为它可能不符合属性的语义关系，尽管在结构上可能满足子属性的条件。
</think>

判断结果：错误
解释：announcementLocation的范围是CivicStructure和LocalBusiness，而spatialCoverage的范围是Place，CivicStructure和LocalBusiness是Place的子类，因此announcementLocation的范围是Place的子集，符合子属性的要求。然而，从语义上看，announcementLocation用于表示与SpecialAnnouncement相关的具体地点，而spatialCoverage用于表示CreativeWork的空间覆盖范围，应用场景不同，因此该公理可能不符合语义关系。",0,0,
hard_case_0302,subPropertyOf,availableAtOrFrom ⊑p areaServed,"背景知识：
条目1：
- 名称：availableAtOrFrom
- 类型：Property
- 简介：The place(s) from which the offer can be obtained (e.g. store locations).
- 补充信息：domainIncludes: http://schema.org/Demand, http://schema.org/Offer | rangeIncludes: http://schema.org/Place

条目2：
- 名称：areaServed
- 类型：Property
- 简介：The geographic area where a service or offered item is provided.
- 补充信息：domainIncludes: http://schema.org/ContactPoint, http://schema.org/DeliveryChargeSpecification, http://schema.org/Demand, http://schema.org/FinancialIncentive, http://schema.org/Off...",1,deepseek-ai/DeepSeek-R1-Distill-Qwen-32B,0.0,8192,https://api2.aigcbest.top/v1,"好，我现在需要判断这个RDFS公理是否正确。公理是availableAtOrFrom ⊑p areaServed，也就是availableAtOrFrom是areaServed的子属性。

首先，我得理解这两个属性的定义。availableAtOrFrom表示可以从哪里获得某个供应或报价，比如商店的位置。它的domain包括Demand和Offer，range是Place。而areaServed表示服务或提供的商品覆盖的地理区域，domain包括ContactPoint、DeliveryChargeSpecification、Demand、FinancialIncentive、Offer等，range是Place。

接下来，根据RDFS的subPropertyOf规则，如果availableAtOrFrom是areaServed的子属性，那么availableAtOrFrom的所有实例都必须满足areaServed的条件。也就是说，如果一个资源有availableAtOrFrom属性，那么它也应该有areaServed属性，并且它们的值必须符合areaServed的约束。

但是，availableAtOrFrom的范围是Place，而areaServed的范围也是Place，这看起来是兼容的。然而，从语义上看，availableAtOrFrom更具体，指的是获取的位置，而areaServed更广泛，指的是服务覆盖的区域。因此，availableAtOrFrom的信息可能不足以覆盖areaServed的所有情况。例如，一个Offer可能有availableAtOrFrom某个商店，但areaServed可能包括更大的区域，而不仅仅是商店的位置。

此外，availableAtOrFrom的domain包括Demand和Offer，而areaServed的domain更广泛，包括ContactPoint等。因此，availableAtOrFrom的使用场景可能比areaServed更狭窄，不能保证所有使用availableAtOrFrom的情况都满足areaServed的条件。

综上所述，虽然它们的范围相同，但语义和使用场景的不同可能导致availableAtOrFrom不能完全作为areaServed的子属性。因此，这个公理可能不合理。
</think>

判断结果：错误
解释：availableAtOrFrom的语义是表示从哪里可以获得供应或报价，而areaServed表示服务覆盖的地理区域，两者在语义上并不直接构成子属性关系。",0,0,
hard_case_0303,subPropertyOf,brand ⊑p hasDesignation,"背景知识：
条目1：
- 名称：brand
- 类型：Property
- 简介：The brand(s) associated with a product or service, or the brand(s) maintained by an organization or business person.
- 补充信息：domainIncludes: http://schema.org/Organization, http://schema.org/Person, http://schema.org/Product, http://schema.org/Service | rangeIncludes: http://schema.org/Brand, http://sche...

条目2：
- 名称：hasDesignation
- 类型：Class
- 简介：hasDesignation is a class in the knowledge base.",1,deepseek-ai/DeepSeek-R1-Distill-Qwen-32B,0.0,8192,https://api2.aigcbest.top/v1,"好，我现在需要分析这个RDFS公理是否正确。公理是brand ⊑p hasDesignation，也就是brand是hasDesignation的子属性。首先，我得理解这两个术语的含义。

根据背景知识，brand是一个属性，用于描述产品、服务、组织或个人的品牌。它的domain包括Organization、Person、Product、Service，range是Brand。而hasDesignation被描述为一个类，简介中说它是一个知识库中的类。

接下来，我需要检查RDFS的语义规则。subPropertyOf（⊑p）表示一个属性是另一个属性的子属性，意味着所有brand的使用都必须满足hasDesignation的约束。但这里有个问题，因为brand是一个属性，而hasDesignation被定义为一个类。属性和类在RDFS中是不同的概念，属性不能是类的子属性。

因此，这个公理在类型上不匹配，违反了RDFS的规则。所以，这个公理是错误的。
</think>

判断结果：错误
解释：brand是一个属性，而hasDesignation被定义为一个类，属性不能是类的子属性，违反了RDFS的语义规则。",0,0,
hard_case_0304,subPropertyOf,certificationIdentification ⊑p hasRegistrationIdentifier,"背景知识：
条目1：
- 名称：certificationIdentification
- 类型：Property
- 简介：Identifier of a certification instance (as registered with an independent certification body). Typically this identifier can be used to consult and verify the certification instance. See also <a href=""https://www.gs1.org/voc/certificationId...
- 补充信息：domainIncludes: http://schema.org/Certification | rangeIncludes: http://schema.org/DefinedTerm, http://schema.org/Text

条目2：
- 名称：hasRegistrationIdentifier
- 类型：Class
- 简介：hasRegistrationIdentifier is a class in the knowledge base.",1,deepseek-ai/DeepSeek-R1-Distill-Qwen-32B,0.0,8192,https://api2.aigcbest.top/v1,"好，我现在需要分析这个RDFS公理是否正确。公理是certificationIdentification ⊑p hasRegistrationIdentifier，也就是certificationIdentification是hasRegistrationIdentifier的子属性。

首先，我得明确这两个术语的类型。根据背景知识，certificationIdentification是一个属性（Property），而hasRegistrationIdentifier被描述为一个类（Class）。这可能有问题，因为subPropertyOf关系应该是在属性之间，而不是属性和类之间。

接下来，我回顾RDFS的语义规则。subPropertyOf（⊑p）用于表示属性之间的包含关系，即如果a ⊑p b，那么a的使用必须满足b的所有约束。但这里，hasRegistrationIdentifier是一个类，不是属性，所以不能作为subPropertyOf的目标。

再结合背景知识，certificationIdentification的domain是Certification，range包括DefinedTerm和Text。而hasRegistrationIdentifier作为类，可能代表某种标识符，但属性和类之间不能直接用subPropertyOf连接。

因此，这个公理违反了RDFS的规则，因为subPropertyOf只能在属性之间使用，而这里涉及的是属性和类，所以公理是错误的。
</think>

判断结果：错误
解释：certificationIdentification是一个属性，而hasRegistrationIdentifier是一个类，属性不能是类的子属性，违反了RDFS语义规则。",0,0,
hard_case_0308,subPropertyOf,handlingTime ⊑p duration,"背景知识：
条目1：
- 名称：handlingTime
- 类型：Property
- 简介：The typical delay between the receipt of the order and the goods either leaving the warehouse or being prepared for pickup, in case the delivery method is on site pickup.<br/><br/> In the context of <a class=""localLink"" href=""/ShippingDeliv...
- 补充信息：domainIncludes: http://schema.org/ShippingDeliveryTime, http://schema.org/ShippingService | rangeIncludes: http://schema.org/QuantitativeValue, http://schema.org/ServicePeriod

条目2：
- 名称：duration
- 类型：Property
- 简介：The duration of the item (movie, audio recording, event, etc.) in <a href=""http://en.wikipedia.org/wiki/ISO_8601"">ISO 8601 duration format</a>.
- 补充信息：domainIncludes: http://schema.org/Audiobook, http://schema.org/Episode, http://schema.org/Event, http://schema.org/MediaObject, http://schema.org/Movie, http://schema.org/MusicReco...",1,deepseek-ai/DeepSeek-R1-Distill-Qwen-32B,0.0,8192,https://api2.aigcbest.top/v1,"嗯，我现在需要判断这个RDFS公理是否正确：handlingTime ⊑p duration。首先，我得理解这两个属性的含义和它们的domain和range。

根据背景知识，handlingTime是一个属性，它的domain包括ShippingDeliveryTime和ShippingService，而range包括QuantitativeValue和服务期。也就是说，handlingTime通常用于描述与物流配送相关的时间，比如订单处理和配送的时间。

而duration属性的domain包括Audiobook、Episode、Event、MediaObject、Movie、MusicRecording等，这些主要是媒体内容或事件。它的range是QuantitativeValue，表示持续时间，比如电影的时长、事件的持续时间等。

现在，公理说handlingTime是duration的子属性，也就是handlingTime ⊑p duration。这意味着handlingTime的所有实例都必须满足duration的约束。但根据背景知识，handlingTime主要用于物流配送，而duration用于媒体内容或事件的持续时间。它们的应用场景和domain完全不同，没有交集。

此外，虽然它们的range都包括QuantitativeValue，但domain的差异意味着它们描述的对象不同。因此，将handlingTime作为duration的子属性会导致语义上的不一致，因为它们的应用场景和约束条件不匹配。

所以，这个公理是错误的，因为它违反了RDFS的语义规则，特别是关于属性domain的约束。
</think>

判断结果：错误
解释：handlingTime和duration的domain和应用范围不同，无法建立子属性关系。",0,0,
hard_case_0309,subPropertyOf,hasCategoryCode ⊑p hasDefinedTerm,"背景知识：
条目1：
- 名称：hasCategoryCode
- 类型：Property
- 简介：A Category code contained in this code set.
- 补充信息：domainIncludes: http://schema.org/CategoryCodeSet | rangeIncludes: http://schema.org/CategoryCode

条目2：
- 名称：hasDefinedTerm
- 类型：Property
- 简介：A Defined Term contained in this term set.
- 补充信息：domainIncludes: http://schema.org/DefinedTermSet, http://schema.org/Taxon | rangeIncludes: http://schema.org/DefinedTerm",1,deepseek-ai/DeepSeek-R1-Distill-Qwen-32B,0.0,8192,https://api2.aigcbest.top/v1,"嗯，我现在需要判断这个RDFS公理是否正确。公理是hasCategoryCode ⊑p hasDefinedTerm，也就是hasCategoryCode是hasDefinedTerm的子属性。首先，我得理解这两个属性的定义和背景知识。

根据背景知识，hasCategoryCode的domain是CategoryCodeSet，range是CategoryCode。而hasDefinedTerm的domain包括DefinedTermSet和Taxon，range是DefinedTerm。那这两个属性的domain和range是否有重叠呢？

hasCategoryCode的domain是CategoryCodeSet，而hasDefinedTerm的domain是DefinedTermSet和Taxon。CategoryCodeSet和DefinedTermSet可能属于不同的类别，所以它们的domain可能不重叠。同样，range方面，CategoryCode和DefinedTerm可能也是不同的类，所以它们的range也不重叠。

根据RDFS的subPropertyOf规则，如果hasCategoryCode是hasDefinedTerm的子属性，那么所有hasCategoryCode的实例也必须满足hasDefinedTerm的约束。但这里，hasCategoryCode的domain和range与hasDefinedTerm并不一致，甚至可能完全不重叠。因此，这种子属性关系会导致类型冲突，违反了RDFS的语义规则。

所以，这个公理是错误的，因为它违反了属性的domain和range约束。
</think>

判断结果：错误
解释：hasCategoryCode的domain和range与hasDefinedTerm不一致，违反了RDFS的属性约束规则。",0,0,
hard_case_0312,subPropertyOf,identifier ⊑p gtin8,"背景知识：
条目1：
- 名称：identifier
- 类型：Property
- 简介：The identifier property represents any kind of identifier for any kind of <a class=""localLink"" href=""/Thing"">Thing</a>, such as ISBNs, GTIN codes, UUIDs etc. Schema.org provides dedicated properties for representing many of these, either as...
- 补充信息：domainIncludes: http://schema.org/Thing | rangeIncludes: http://schema.org/PropertyValue, http://schema.org/Text, http://schema.org/URL

条目2：
- 名称：gtin8
- 类型：Property
- 简介：The GTIN-8 code of the product, or the product to which the offer refers. This code is also known as EAN/UCC-8 or 8-digit EAN. See <a href=""http://www.gs1.org/barcodes/technical/idkeys/gtin"">GS1 GTIN Summary</a> for more details.
- 补充信息：domainIncludes: http://schema.org/Demand, http://schema.org/Offer, http://schema.org/Product | rangeIncludes: http://schema.org/Text",0,deepseek-ai/DeepSeek-R1-Distill-Qwen-32B,0.0,8192,https://api2.aigcbest.top/v1,"嗯，我现在需要判断这个RDFS公理是否正确。公理是identifier ⊑p gtin8，也就是identifier是gtin8的上位属性。首先，我得理解这两个属性的定义和背景知识。

根据背景知识，identifier是一个属性，表示任何种类的Thing的标识符，比如ISBN、GTIN码、UUID等等。它的domain是Thing，range包括PropertyValue、Text和URL。而gtin8则是另一个属性，专门表示产品的GTIN-8代码，属于EAN/UCC-8或8位EAN，domain包括Demand、Offer、Product，range是Text。

现在，公理说identifier是gtin8的上位属性，也就是gtin8是identifier的子属性。这意味着gtin8的所有实例都应该属于identifier。那是否合理呢？

首先，gtin8确实是一种标识符，属于identifier的范畴，所以从语义上看，gtin8应该是identifier的子属性。但根据RDFS的规则，subPropertyOf表示属性间的包含关系，即如果A是B的子属性，那么A的所有使用都必须符合B的约束。

接下来，检查domain和range是否符合。gtin8的domain是Demand、Offer、Product，而identifier的domain是Thing。Thing是更广泛的类别，包括Demand、Offer、Product，所以domain上是符合的。range方面，gtin8的range是Text，而identifier的range包括Text，所以range也符合。

因此，从语义和约束上看，这个公理是正确的，gtin8确实是identifier的子属性。
</think>

判断结果：正确
解释：gtin8是identifier的子属性，因为gtin8是一种特定的标识符，符合identifier的定义和范围。",1,0,
hard_case_0313,subPropertyOf,identifier ⊑p issn,"背景知识：
条目1：
- 名称：identifier
- 类型：Property
- 简介：The identifier property represents any kind of identifier for any kind of <a class=""localLink"" href=""/Thing"">Thing</a>, such as ISBNs, GTIN codes, UUIDs etc. Schema.org provides dedicated properties for representing many of these, either as...
- 补充信息：domainIncludes: http://schema.org/Thing | rangeIncludes: http://schema.org/PropertyValue, http://schema.org/Text, http://schema.org/URL

条目2：
- 名称：issn
- 类型：Property
- 简介：The International Standard Serial Number (ISSN) that identifies this serial publication. You can repeat this property to identify different formats of, or the linking ISSN (ISSN-L) for, this serial publication.
- 补充信息：domainIncludes: http://schema.org/Blog, http://schema.org/CreativeWorkSeries, http://schema.org/Dataset, http://schema.org/WebSite | rangeIncludes: http://schema.org/Text",0,deepseek-ai/DeepSeek-R1-Distill-Qwen-32B,0.0,8192,https://api2.aigcbest.top/v1,"嗯，我现在需要判断这个RDFS公理是否正确。公理是identifier ⊑p issn，也就是issn是identifier的子属性。首先，我得理解这两个属性的定义和背景知识。

根据背景知识，identifier是一个属性，用于表示任何种类的Thing的标识符，比如ISBN、GTIN、UUID等。它的域包括Thing，范围包括PropertyValue、Text和URL。而issn是国际标准连续出版物编号，用于标识期刊、杂志等连续出版物。它的域包括Blog、CreativeWorkSeries、Dataset和WebSite，范围是Text。

接下来，我需要分析这两个属性之间的关系。issn是一个特定的标识符，用于特定类型的资源，而identifier是一个更广泛的属性，可以涵盖各种标识符。根据RDFS的subPropertyOf规则，如果issn是identifier的子属性，那么issn的域和范围必须是identifier的域和范围的子集。

issn的域包括Blog、CreativeWorkSeries、Dataset和WebSite，而identifier的域是Thing，Thing是更广泛的类，包含所有这些类型。所以issn的域是identifier域的子集，这没问题。issn的范围是Text，而identifier的范围包括Text、PropertyValue和URL，所以Text也是Text的子集，没问题。

但是，issn的定义是专门用于标识连续出版物，而identifier是更通用的。因此，issn应该属于identifier的子属性，因为issn是identifier的一种具体形式。所以，这个公理是正确的。
</think>

判断结果：正确
解释：issn作为国际标准连续出版物编号，是identifier的一种具体形式，符合subPropertyOf的语义规则。",1,0,
hard_case_0315,subPropertyOf,isVariantOf ⊑p exemplifies,"背景知识：
条目1：
- 名称：isVariantOf
- 类型：Property
- 简介：Indicates the kind of product that this is a variant of. In the case of <a class=""localLink"" href=""/ProductModel"">ProductModel</a>, this is a pointer (from a ProductModel) to a base product from which this product is a variant. It is safe t...
- 补充信息：domainIncludes: http://schema.org/Product, http://schema.org/ProductModel | rangeIncludes: http://schema.org/ProductGroup, http://schema.org/ProductModel

条目2：
- 名称：exemplifies
- 类型：Class
- 简介：exemplifies is a class in the knowledge base.",1,deepseek-ai/DeepSeek-R1-Distill-Qwen-32B,0.0,8192,https://api2.aigcbest.top/v1,"好，我现在需要判断给定的RDFS公理是否正确。公理是isVariantOf ⊑p exemplifies，也就是isVariantOf是exemplifies的子属性。首先，我得理解这两个术语的含义和背景知识。

根据背景知识，isVariantOf是一个属性，用于表示某种产品是另一种产品的变体。它的domain包括Product和ProductModel，range包括ProductGroup和ProductModel。而exemplifies是一个类，简介中提到它是一个知识库中的类，但没有详细说明其属性或用途。

接下来，我需要分析subPropertyOf的关系是否合理。subPropertyOf表示一个属性是另一个属性的子属性，意味着所有isVariantOf的实例也必须属于exemplifies。然而，exemplifies是一个类，而isVariantOf是一个属性，这在类型上是不匹配的。属性和类在RDFS中是不同的概念，属性不能作为另一个属性的超属性，除非exemplifies被错误地定义为属性。

此外，背景知识中没有提到exemplifies作为属性的信息，反而明确指出它是一个类。因此，将isVariantOf定义为exemplifies的子属性在语义上是不正确的，因为它们属于不同的类别，无法形成属性的包含关系。

综上所述，这个公理是错误的，因为它违反了RDFS的类型规则，将属性与类错误地关联在一起。
</think>

判断结果：错误
解释：isVariantOf是一个属性，而exemplifies是一个类，属性不能是类的子属性，因此该公理违反了RDFS语义规则。",0,0,
hard_case_0316,subPropertyOf,itemLocation ⊑p location,"背景知识：
条目1：
- 名称：itemLocation
- 类型：Property
- 简介：Current location of the item.
- 补充信息：domainIncludes: http://schema.org/ArchiveComponent | rangeIncludes: http://schema.org/Place, http://schema.org/PostalAddress, http://schema.org/Text

条目2：
- 名称：location
- 类型：Property
- 简介：The location of, for example, where an event is happening, where an organization is located, or where an action takes place.
- 补充信息：domainIncludes: http://schema.org/Action, http://schema.org/Event, http://schema.org/InteractionCounter, http://schema.org/Organization | rangeIncludes: http://schema.org/Place, ht...",1,deepseek-ai/DeepSeek-R1-Distill-Qwen-32B,0.0,8192,https://api2.aigcbest.top/v1,"嗯，我现在需要判断这个RDFS公理是否正确。公理是itemLocation ⊑p location，也就是itemLocation是location的子属性。首先，我得理解这两个属性的定义和背景知识。

根据背景知识，itemLocation的类型是Property，简介是“Current location of the item.”，补充信息显示它的domain包括ArchiveComponent，range包括Place、PostalAddress和Text。而location也是一个Property，简介是“The location of, for example, where an event is happening, where an organization is located, or where an action takes place.”，domain包括Action、Event、InteractionCounter和Organization，range包括Place等。

接下来，我需要分析这两个属性的语义关系。itemLocation似乎专门用于描述物品的当前位置，而location则更广泛，用于描述事件、组织、动作等的位置。从范围上看，itemLocation的range包括Place、PostalAddress和Text，而location的range主要是Place。这可能意味着itemLocation的范围比location更广，因为它还包括PostalAddress和Text。

根据RDFS的subPropertyOf规则，如果itemLocation是location的子属性，那么itemLocation的范围必须是location范围的子集。然而，itemLocation的range包括PostalAddress和Text，而location的range不包括这些。因此，itemLocation的范围超出了location的范围，这违反了subPropertyOf的条件。

此外，从domain来看，itemLocation的domain是ArchiveComponent，而location的domain包括Action、Event等。这表明itemLocation的应用场景与location不同，进一步支持它们之间不是子属性关系。

综上所述，itemLocation的范围和domain与location不一致，因此公理itemLocation ⊑p location是错误的。
</think>

判断结果：错误
解释：itemLocation的范围包括PostalAddress和Text，而location的范围不包括这些，因此itemLocation不能是location的子属性。",0,0,
hard_case_0317,subPropertyOf,legalName ⊑p hasName,"背景知识：
条目1：
- 名称：legalName
- 类型：Property
- 简介：The official name of the organization, e.g. the registered company name.
- 补充信息：domainIncludes: http://schema.org/Organization | rangeIncludes: http://schema.org/Text

条目2：
- 名称：hasName
- 类型：Class
- 简介：hasName is a class in the knowledge base.",1,deepseek-ai/DeepSeek-R1-Distill-Qwen-32B,0.0,8192,https://api2.aigcbest.top/v1,"好，我现在需要分析这个RDFS公理是否正确。公理是legalName ⊑p hasName，也就是legalName是hasName的子属性。首先，我得理解这两个术语的含义。

根据背景知识，legalName是一个属性，它的domain是Organization，range是Text。也就是说，它表示组织的官方名称。而hasName被描述为一个类，简介里说它是一个知识库中的类。这可能意味着hasName是一个类，而不是属性。

RDFS中的subPropertyOf关系要求两个都是属性。如果hasName是一个类，那么它不能作为属性的超属性。因此，将legalName作为hasName的子属性是不正确的，因为hasName不是属性，而是类。

所以，这个公理违反了RDFS的规则，因为子属性必须是属性，而hasName在这里被定义为类，所以两者之间不能有subPropertyOf关系。
</think>

判断结果：错误
解释：hasName被定义为一个类，而subPropertyOf关系只能在属性之间成立，因此将属性legalName与类hasName建立subPropertyOf关系是不正确的。",0,0,
hard_case_0318,subPropertyOf,legislationCommences ⊑p legislationChanges,"背景知识：
条目1：
- 名称：legislationCommences
- 类型：Property
- 简介：Another legislation that this one sets into force.
- 补充信息：domainIncludes: http://schema.org/Legislation | rangeIncludes: http://schema.org/Legislation

条目2：
- 名称：legislationChanges
- 类型：Property
- 简介：Another legislation that this legislation changes. This encompasses the notions of amendment, replacement, correction, repeal, or other types of change. This may be a direct change (textual or non-textual amendment) or a consequential or in...
- 补充信息：domainIncludes: http://schema.org/Legislation | rangeIncludes: http://schema.org/Legislation",1,deepseek-ai/DeepSeek-R1-Distill-Qwen-32B,0.0,8192,https://api2.aigcbest.top/v1,"嗯，我现在需要判断这个RDFS公理是否正确。公理是legislationCommences ⊑p legislationChanges，也就是legislationCommences是legislationChanges的子属性。首先，我得理解这两个属性的含义。

根据背景知识，legislationCommences表示“另一项由这项立法启动的立法”，而legislationChanges表示“另一项被这项立法更改的立法”，包括修订、替换、修正、废除等。所以，legislationCommences是关于启动另一项立法，而legislationChanges是关于更改另一项立法。

接下来，我需要分析它们的domain和range。两者都属于Legislation类，所以它们的主体和客体都是Legislation。这可能意味着它们在某些情况下有重叠，但并不意味着一个必须是另一个的子属性。

RDFS的subPropertyOf公理要求，如果P是Q的子属性，那么所有P的实例也必须是Q的实例。也就是说，如果A legislationCommences B，那么A legislationChanges B也必须成立。但实际情况是，启动另一项立法并不一定意味着更改它。启动可能只是开始实施，而更改则涉及修改内容。因此，启动并不必然导致更改，所以这个公理可能不成立。

另外，从常识来看，启动和更改是不同的行为。启动可能只是生效，而更改涉及修改内容。因此，legislationCommences并不一定是legislationChanges的子属性，因为它们描述的是不同的语义关系。

综上所述，这个公理可能与背景知识和语义规则不符，因此判断为错误。
</think>

判断结果：错误
解释：legislationCommences和legislationChanges描述了不同的语义关系，前者表示启动另一项立法，后者表示更改另一项立法，因此它们之间不存在子属性关系。",0,0,
hard_case_0319,subPropertyOf,legislationDate ⊑p dateCreated,"背景知识：
条目1：
- 名称：legislationDate
- 类型：Property
- 简介：The date of adoption or signature of the legislation. This is the date at which the text is officially aknowledged to be a legislation, even though it might not even be published or in force.
- 补充信息：domainIncludes: http://schema.org/Legislation | rangeIncludes: http://schema.org/Date

条目2：
- 名称：dateCreated
- 类型：Property
- 简介：The date on which the CreativeWork was created or the item was added to a DataFeed.
- 补充信息：domainIncludes: http://schema.org/CreativeWork, http://schema.org/DataFeedItem | rangeIncludes: http://schema.org/Date, http://schema.org/DateTime",1,deepseek-ai/DeepSeek-R1-Distill-Qwen-32B,0.0,8192,https://api2.aigcbest.top/v1,"嗯，我现在需要判断这个RDFS公理是否正确。公理是legislationDate ⊑p dateCreated，也就是legislationDate是dateCreated的子属性。首先，我得理解这两个属性的定义和背景知识。

根据背景知识，legislationDate是描述立法被采纳或签署的日期，它的domain是Legislation，range是Date。而dateCreated则是描述CreativeWork或DataFeedItem的创建日期，range包括Date和DateTime。从语义上看，legislationDate特指立法的日期，而dateCreated更广泛，适用于各种创作作品和数据项。

接下来，我需要考虑subPropertyOf的定义。subPropertyOf表示一个属性是另一个属性的子属性，意味着所有legislationDate的实例也必须是dateCreated的实例。也就是说，如果某个资源有legislationDate，那么它也应该有dateCreated，并且值相同。

但是，legislationDate的domain是Legislation，而dateCreated的domain是CreativeWork和DataFeedItem。Legislation可能属于CreativeWork的一种，但并不一定所有Legislation都是CreativeWork。因此，可能存在一些Legislation实例，它们有legislationDate但不属于CreativeWork，这样dateCreated可能不适用。这可能导致公理不成立，因为legislationDate的使用范围可能超出了dateCreated的预期范围。

此外，从属性的范围来看，legislationDate的范围是Date，而dateCreated的范围包括Date和DateTime。虽然Date是DateTime的一个子类，但legislationDate的使用可能更严格，只涉及日期而不包括时间。这可能不会直接导致冲突，但需要考虑是否所有legislationDate的实例都能正确映射到dateCreated。

综合来看，虽然legislationDate和dateCreated在某些情况下可能有重叠，但legislationDate的特定用途和domain限制可能使其不适合成为dateCreated的子属性。因此，这个公理可能不合理。
</think>

判断结果：错误
解释：legislationDate的domain是Legislation，而dateCreated的domain是CreativeWork和DataFeedItem，两者在语义上并不完全兼容，因此legislationDate不能作为dateCreated的子属性。",0,0,
hard_case_0320,subPropertyOf,legislationJurisdiction ⊑p spatialCoverage,"背景知识：
条目1：
- 名称：legislationJurisdiction
- 类型：Property
- 简介：The jurisdiction from which the legislation originates.
- 补充信息：domainIncludes: http://schema.org/Legislation | rangeIncludes: http://schema.org/AdministrativeArea, http://schema.org/Text

条目2：
- 名称：spatialCoverage
- 类型：Property
- 简介：The spatialCoverage of a CreativeWork indicates the place(s) which are the focus of the content. It is a subproperty of contentLocation intended primarily for more technical and detailed materials. For example with a Dataset, it indicates a...
- 补充信息：domainIncludes: http://schema.org/CreativeWork | rangeIncludes: http://schema.org/Place",1,deepseek-ai/DeepSeek-R1-Distill-Qwen-32B,0.0,8192,https://api2.aigcbest.top/v1,"嗯，我现在需要判断这个RDFS公理是否正确。公理是legislationJurisdiction ⊑p spatialCoverage，也就是legislationJurisdiction是spatialCoverage的子属性。首先，我得理解这两个属性的定义和背景知识。

根据背景知识，legislationJurisdiction是一个属性，它的domain是Legislation，range包括AdministrativeArea和Text。也就是说，这个属性用于表示立法的管辖区域，可能是一个地区或者文本描述。

然后看spatialCoverage，它也是一个属性，domain是CreativeWork，range是Place。spatialCoverage表示创意作品的空间覆盖范围，比如数据集的空间范围。它还是contentLocation的子属性，主要用于更技术性和详细的内容。

现在，我需要分析这两个属性是否符合子属性的关系。子属性意味着legislationJurisdiction的所有使用都必须满足spatialCoverage的约束。也就是说，legislationJurisdiction的domain必须是CreativeWork的子类，或者至少Legislation是CreativeWork的子类。但根据背景知识，Legislation可能不是CreativeWork的子类，所以domain可能不匹配。

另外，range方面，legislationJurisdiction的range包括AdministrativeArea和Text，而spatialCoverage的range是Place。AdministrativeArea是Place的子类，所以这部分可能没问题。但Text不是Place的子类，所以当legislationJurisdiction的值是Text时，就不满足spatialCoverage的range约束。

因此，这个公理可能存在问题，因为domain和range的约束不完全匹配。特别是当legislationJurisdiction的值是Text时，与spatialCoverage的range冲突。所以，这个公理是错误的。
</think>

判断结果：错误
解释：legislationJurisdiction的domain是Legislation，而spatialCoverage的domain是CreativeWork，两者domain不匹配，因此legislationJurisdiction不能是spatialCoverage的子属性。",0,0,
hard_case_0321,subPropertyOf,legislationPassedBy ⊑p creator,"背景知识：
条目1：
- 名称：legislationPassedBy
- 类型：Property
- 简介：The person or organization that originally passed or made the law: typically parliament (for primary legislation) or government (for secondary legislation). This indicates the ""legal author"" of the law, as opposed to its physical author.
- 补充信息：domainIncludes: http://schema.org/Legislation | rangeIncludes: http://schema.org/Organization, http://schema.org/Person

条目2：
- 名称：creator
- 类型：Property
- 简介：The creator/author of this CreativeWork. This is the same as the Author property for CreativeWork.
- 补充信息：domainIncludes: http://schema.org/CreativeWork, http://schema.org/UserComments | rangeIncludes: http://schema.org/Organization, http://schema.org/Person",1,deepseek-ai/DeepSeek-R1-Distill-Qwen-32B,0.0,8192,https://api2.aigcbest.top/v1,"嗯，我现在需要判断这个RDFS公理是否正确。公理是legislationPassedBy ⊑p creator，也就是legislationPassedBy是creator的子属性。首先，我得理解这两个属性的定义和背景知识。

根据背景知识，legislationPassedBy是一个属性，表示制定法律的主体，通常是议会或政府，属于法律的“法律作者”。它的domain是Legislation，range包括Organization和Person。而creator属性表示CreativeWork的创作者，比如作者，domain包括CreativeWork和UserComments，range也是Organization和Person。

接下来，我得分析这两个属性的语义关系。legislationPassedBy特指法律的制定者，而creator更广泛，指任何创意作品的创作者。虽然它们的range都包括Organization和Person，但domain不同，一个是Legislation，另一个是CreativeWork。因此，legislationPassedBy并不一定是creator的子属性，因为它们的应用范围不同。

根据RDFS的subPropertyOf规则，如果A是B的子属性，那么A的domain和range必须是B的子类或相等。这里，Legislation和CreativeWork是不同的类，所以legislationPassedBy的domain并不包含在creator的domain中。因此，这个公理可能不正确，因为它们的应用范围不同，不能简单地认为legislationPassedBy是creator的子属性。
</think>

判断结果：错误
解释：legislationPassedBy的domain是Legislation，而creator的domain是CreativeWork，两者属于不同的类，因此legislationPassedBy不能作为creator的子属性。",0,0,
hard_case_0322,subPropertyOf,legislationType ⊑p genre,"背景知识：
条目1：
- 名称：legislationType
- 类型：Property
- 简介：The type of the legislation. Examples of values are ""law"", ""act"", ""directive"", ""decree"", ""regulation"", ""statutory instrument"", ""loi organique"", ""règlement grand-ducal"", etc., depending on the country.
- 补充信息：domainIncludes: http://schema.org/Legislation | rangeIncludes: http://schema.org/CategoryCode, http://schema.org/Text

条目2：
- 名称：genre
- 类型：Property
- 简介：Genre of the creative work, broadcast channel or group.
- 补充信息：domainIncludes: http://schema.org/BroadcastChannel, http://schema.org/CreativeWork, http://schema.org/MusicGroup | rangeIncludes: http://schema.org/DefinedTerm, http://schema.org/T...",1,deepseek-ai/DeepSeek-R1-Distill-Qwen-32B,0.0,8192,https://api2.aigcbest.top/v1,"嗯，我现在需要判断这个RDFS公理是否正确。公理是legislationType ⊑p genre，也就是legislationType是genre的子属性。首先，我得理解这两个属性的定义和背景知识。

根据背景知识，legislationType是一个属性，用于描述立法的类型，比如“law”、“act”等等，它的domain是Legislation，range包括CategoryCode和Text。而genre则是描述创意作品、广播频道或音乐团体的类型，比如“rock”、“comedy”等等，domain包括BroadcastChannel、CreativeWork和MusicGroup，range是DefinedTerm和Text。

接下来，我需要分析这两个属性的语义关系。legislationType主要用于法律相关的领域，而genre则用于创意和娱乐领域。它们的domain和range都完全不同，legislationType的主体是Legislation，而genre的主体是BroadcastChannel、CreativeWork等。此外，它们的range虽然都包括Text，但legislationType的范围还包括CategoryCode，而genre的范围是DefinedTerm，这可能意味着它们的值类型也不同。

根据RDFS的subPropertyOf规则，如果A是B的子属性，那么A的domain和range必须是B的domain和range的子集。也就是说，legislationType的domain必须是genre的domain的子集，而legislationType的range必须是genre的range的子集。但实际情况是，Legislation和BroadcastChannel、CreativeWork、MusicGroup之间没有包含关系，所以domain不符合。同样，legislationType的range包括CategoryCode，而genre的range不包括这个，所以range也不符合。

因此，legislationType不能是genre的子属性，因为它们的domain和range没有包含关系，而且它们的应用领域完全不同。所以这个公理是错误的。
</think>

判断结果：错误
解释：legislationType和genre的domain和range不同，且它们描述的对象领域不同，因此legislationType不能是genre的子属性。",0,0,
hard_case_0324,subPropertyOf,longitude ⊑p hasLongitude,"背景知识：
条目1：
- 名称：longitude
- 类型：Property
- 简介：The longitude of a location. For example <code>-122.08585</code> (<a href=""https://en.wikipedia.org/wiki/World_Geodetic_System"">WGS 84</a>).
- 补充信息：domainIncludes: http://schema.org/GeoCoordinates, http://schema.org/Place | rangeIncludes: http://schema.org/Number, http://schema.org/Text

条目2：
- 名称：hasLongitude
- 类型：Class
- 简介：hasLongitude is a class in the knowledge base.",1,deepseek-ai/DeepSeek-R1-Distill-Qwen-32B,0.0,8192,https://api2.aigcbest.top/v1,"嗯，我现在需要判断这个RDFS公理是否正确。公理是“longitude ⊑p hasLongitude”，也就是“longitude”属性是“hasLongitude”属性的子属性。首先，我得理解这两个术语的含义。

根据背景知识，条目1中提到“longitude”是一个属性，用于表示地理位置的经度，比如-122.08585。它的domain包括GeoCoordinates和Place，range包括Number和Text。而条目2中的“hasLongitude”被描述为一个类，而不是属性。这可能是一个关键点。

RDFS中的subPropertyOf公理表示一个属性是另一个属性的子属性，意味着所有使用子属性的地方都可以用父属性来表示。但这里的问题在于，“hasLongitude”被定义为一个类，而不是属性。因此，它不能作为属性的父类，因为subPropertyOf只能在属性之间使用。

所以，公理“longitude ⊑p hasLongitude”是错误的，因为“hasLongitude”不是属性，无法作为另一个属性的超属性。这违反了RDFS的语义规则，因为subPropertyOf只能在属性之间成立，而不能在属性和类之间成立。
</think>

判断结果：错误
解释：hasLongitude被定义为一个类，而subPropertyOf公理只能在属性之间成立，因此该公理与背景知识冲突。",0,0,
hard_case_0325,subPropertyOf,maxPrice ⊑p hasUpperBound,"背景知识：
条目1：
- 名称：maxPrice
- 类型：Property
- 简介：The highest price if the price is a range.
- 补充信息：domainIncludes: http://schema.org/PriceSpecification | rangeIncludes: http://schema.org/Number

条目2：
- 名称：hasUpperBound
- 类型：Class
- 简介：hasUpperBound is a class in the knowledge base.",1,deepseek-ai/DeepSeek-R1-Distill-Qwen-32B,0.0,8192,https://api2.aigcbest.top/v1,"嗯，我现在需要判断这个RDFS公理是否正确。公理是maxPrice ⊑p hasUpperBound，也就是maxPrice是hasUpperBound的子属性。首先，我得理解这两个术语的含义。

根据背景知识，maxPrice是一个属性，表示最高价格，当价格是一个范围时使用。它的domain是PriceSpecification，range是Number。而hasUpperBound是一个类，简介里说它是一个知识库中的类。这让我有点困惑，因为hasUpperBound在这里被用作一个类，而maxPrice是一个属性。在RDFS中，subPropertyOf关系是属性之间的关系，不能用在属性和类之间。

所以，maxPrice作为属性，不能是hasUpperBound这个类的子属性。这违反了RDFS的语义规则，因为subPropertyOf只能在属性之间使用，而不能在属性和类之间使用。因此，这个公理是错误的。
</think>

判断结果：错误
解释：maxPrice是一个属性，而hasUpperBound是一个类，属性不能是类的子属性，违反了RDFS的语义规则。",0,0,
hard_case_0326,subPropertyOf,minimumPaymentDue ⊑p hasLowerBound,"背景知识：
条目1：
- 名称：minimumPaymentDue
- 类型：Property
- 简介：The minimum payment required at this time.
- 补充信息：domainIncludes: http://schema.org/Invoice | rangeIncludes: http://schema.org/MonetaryAmount, http://schema.org/PriceSpecification

条目2：
- 名称：hasLowerBound
- 类型：Class
- 简介：hasLowerBound is a class in the knowledge base.",1,deepseek-ai/DeepSeek-R1-Distill-Qwen-32B,0.0,8192,https://api2.aigcbest.top/v1,"好，我现在需要分析这个RDFS公理是否正确。公理是minimumPaymentDue ⊑p hasLowerBound，也就是minimumPaymentDue是hasLowerBound的子属性。

首先，我得理解这两个术语的类型。根据背景知识，minimumPaymentDue是一个属性，而hasLowerBound是一个类。RDFS中，subPropertyOf关系是属性之间的关系，不能用于属性和类之间。

接下来，看minimumPaymentDue的定义。它的domain是Invoice，range是MonetaryAmount或PriceSpecification。这说明它描述的是发票中的最低支付金额，属于属性的使用范围。

而hasLowerBound作为一个类，可能代表某种有下限的事物。属性和类在RDFS中是不同的概念，属性不能直接成为类的子属性。因此，将属性minimumPaymentDue作为类hasLowerBound的子属性是不符合RDFS规则的。

此外，从语义上看，minimumPaymentDue表示的是一个具体的金额属性，而hasLowerBound可能是一个更抽象的概念，两者之间没有直接的属性包含关系。因此，这个公理在语义上也不合理。

综上所述，这个公理是错误的，因为它违反了RDFS的类型规则，属性不能作为类的子属性。
</think>

判断结果：错误
解释：minimumPaymentDue是一个属性，而hasLowerBound是一个类，属性不能是类的子属性，违反了RDFS的类型规则。",0,0,
hard_case_0328,subPropertyOf,nsn ⊑p identifiedBy,"背景知识：
条目1：
- 名称：nsn
- 类型：Property
- 简介：Indicates the <a href=""https://en.wikipedia.org/wiki/NATO_Stock_Number"">NATO stock number</a> (nsn) of a <a class=""localLink"" href=""/Product"">Product</a>.
- 补充信息：domainIncludes: http://schema.org/Product | rangeIncludes: http://schema.org/Text

条目2：
- 名称：identifiedBy
- 类型：Class
- 简介：identifiedBy is a class in the knowledge base.",1,deepseek-ai/DeepSeek-R1-Distill-Qwen-32B,0.0,8192,https://api2.aigcbest.top/v1,"嗯，我现在需要判断这个RDFS公理是否正确。公理是nsn ⊑p identifiedBy，也就是nsn是identifiedBy的子属性。首先，我得理解这两个术语的含义。

根据背景知识，nsn是一个属性，表示产品的NATO库存号，它的domain是Product，range是Text。而identifiedBy被描述为一个类，简介里说它是一个知识库中的类。这可能意味着identifiedBy是一个类，而不是属性。

RDFS中的subPropertyOf公理要求两个都是属性。如果identifiedBy是类而不是属性，那么nsn无法成为它的子属性。因为subPropertyOf只能在属性之间成立，不能在属性和类之间使用。

所以，这个公理是错误的，因为它违反了RDFS的语义规则，将属性与类错误地关联起来。
</think>

判断结果：错误
解释：nsn是一个属性，而identifiedBy被定义为一个类，因此nsn不能是identifiedBy的子属性，因为subPropertyOf公理只能在属性之间成立。",0,0,
hard_case_0329,subPropertyOf,orderDate ⊑p hasDate,"背景知识：
条目1：
- 名称：orderDate
- 类型：Property
- 简介：Date order was placed.
- 补充信息：domainIncludes: http://schema.org/Order | rangeIncludes: http://schema.org/Date, http://schema.org/DateTime

条目2：
- 名称：hasDate
- 类型：Class
- 简介：hasDate is a class in the knowledge base.",1,deepseek-ai/DeepSeek-R1-Distill-Qwen-32B,0.0,8192,https://api2.aigcbest.top/v1,"嗯，我现在需要判断这个RDFS公理是否正确。公理是orderDate ⊑p hasDate，也就是orderDate是hasDate的子属性。首先，我得理解每个部分的含义。

orderDate是一个属性，根据背景知识，它的domain是Order，range包括Date和DateTime。而hasDate是一个类，简介里说它是一个知识库中的类。那问题来了，orderDate是一个属性，而hasDate是一个类，它们的类型不同。

RDFS中的subPropertyOf关系是用于属性之间的，也就是说，只有当两个都是属性时，才能有子属性关系。而这里，orderDate是属性，hasDate是类，类型不符，所以它们之间不能有subPropertyOf的关系。这违反了RDFS的语义规则，因为subPropertyOf只能在属性之间成立。

所以，这个公理是错误的，因为属性和类之间不能有subPropertyOf的关系。
</think>

判断结果：错误
解释：orderDate是一个属性，而hasDate是一个类，属性不能是类的子属性，违反了RDFS语义规则。",0,0,
hard_case_0332,subPropertyOf,partOfInvoice ⊑p isReferencedIn,"背景知识：
条目1：
- 名称：partOfInvoice
- 类型：Property
- 简介：The order is being paid as part of the referenced Invoice.
- 补充信息：domainIncludes: http://schema.org/Order | rangeIncludes: http://schema.org/Invoice

条目2：
- 名称：isReferencedIn
- 类型：Class
- 简介：isReferencedIn is a class in the knowledge base.",1,deepseek-ai/DeepSeek-R1-Distill-Qwen-32B,0.0,8192,https://api2.aigcbest.top/v1,"嗯，我现在需要判断这个RDFS公理是否正确。公理是partOfInvoice ⊑p isReferencedIn。首先，我得理解每个部分的意思。

partOfInvoice是一个属性，根据背景知识，它的domain是Order，range是Invoice。也就是说，这个属性表示一个订单是作为某个发票的一部分被支付的。而isReferencedIn是一个类，简介里说它是一个知识库中的类，但没有更多的信息。

现在，公理中的subPropertyOf关系意味着partOfInvoice是isReferencedIn的子属性。也就是说，partOfInvoice的所有使用都应该满足isReferencedIn的属性。但这里有个问题，因为isReferencedIn是一个类，而subPropertyOf是属性之间的关系，不能用在类和属性之间。

所以，这个公理是错误的，因为它错误地将属性与类之间建立了subPropertyOf关系，而根据RDFS规则，subPropertyOf只能在属性之间使用。
</think>

判断结果：错误
解释：partOfInvoice是一个属性，而isReferencedIn是一个类，属性不能是类的子属性，因此公理不正确。",0,0,
hard_case_0333,subPropertyOf,paymentUrl ⊑p hasAddress,"背景知识：
条目1：
- 名称：paymentUrl
- 类型：Property
- 简介：The URL for sending a payment.
- 补充信息：domainIncludes: http://schema.org/Order | rangeIncludes: http://schema.org/URL

条目2：
- 名称：hasAddress
- 类型：Class
- 简介：hasAddress is a class in the knowledge base.",1,deepseek-ai/DeepSeek-R1-Distill-Qwen-32B,0.0,8192,https://api2.aigcbest.top/v1,"嗯，我现在需要判断这个RDFS公理是否正确。公理是paymentUrl ⊑p hasAddress，也就是paymentUrl是hasAddress的子属性。首先，我得理解这两个术语的含义。

根据背景知识，paymentUrl是一个属性，它的domain是Order，range是URL。也就是说，paymentUrl通常用于描述订单的支付URL。而hasAddress被定义为一个类，简介里说它是一个知识库中的类。这可能意味着hasAddress是用来表示地址的类，而不是属性。

RDFS中的subPropertyOf关系要求两个都是属性。如果hasAddress是一个类，而paymentUrl是属性，那么paymentUrl不可能是hasAddress的子属性，因为它们类型不同。这违反了RDFS的语义规则，因为subPropertyOf只能在属性之间成立。

所以，这个公理是错误的，因为hasAddress被定义为类，而paymentUrl是属性，类型不匹配，无法形成子属性关系。
</think>

判断结果：错误
解释：paymentUrl是一个属性，而hasAddress被定义为一个类，因此paymentUrl不能是hasAddress的子属性，因为subPropertyOf关系只能在属性之间成立。",0,0,
hard_case_0334,subPropertyOf,price ⊑p hasNumericValue,"背景知识：
条目1：
- 名称：price
- 类型：Property
- 简介：The offer price of a product, or of a price component when attached to PriceSpecification and its subtypes.<br/><br/> Usage guidelines:<br/><br/> <ul> <li>Use the <a class=""localLink"" href=""/priceCurrency"">priceCurrency</a> property (with s...
- 补充信息：domainIncludes: http://schema.org/DonateAction, http://schema.org/Offer, http://schema.org/PriceSpecification, http://schema.org/TradeAction | rangeIncludes: http://schema.org/Numb...

条目2：
- 名称：hasNumericValue
- 类型：Class
- 简介：hasNumericValue is a class in the knowledge base.",1,deepseek-ai/DeepSeek-R1-Distill-Qwen-32B,0.0,8192,https://api2.aigcbest.top/v1,"好，我现在需要分析这个RDFS公理是否正确。公理是price ⊑p hasNumericValue，也就是price属性是hasNumericValue属性的子属性。

首先，我得理解这两个术语。price是一个属性，根据背景知识，它的domain包括DonateAction、Offer、PriceSpecification和TradeAction，而range是Number。这意味着price通常用来描述这些类的数值价格。

然后，hasNumericValue在背景中被描述为一个类，而不是属性。这可能有问题，因为RDFS中的subPropertyOf关系是属性之间的关系，而不是属性和类之间的关系。如果hasNumericValue是一个类，那么price作为属性，无法成为它的子属性，因为subPropertyOf只能在属性之间使用。

再者，从语义上看，price的值是数值，而hasNumericValue可能表示某种包含数值的类。但这里的关系应该是属性之间的，而不是属性和类之间的。因此，这个公理在类型上可能不正确。

综上所述，这个公理是错误的，因为它错误地将属性与类建立了subPropertyOf关系，而根据RDFS规则，subPropertyOf只能在属性之间使用。
</think>

判断结果：错误
解释：price是一个属性，而hasNumericValue被定义为一个类，因此price不能是hasNumericValue的子属性，因为subPropertyOf关系只能在属性之间成立。",0,0,
hard_case_0335,subPropertyOf,priceCurrency ⊑p hasCurrency,"背景知识：
条目1：
- 名称：priceCurrency
- 类型：Property
- 简介：The currency of the price, or a price component when attached to <a class=""localLink"" href=""/PriceSpecification"">PriceSpecification</a> and its subtypes.<br/><br/> Use standard formats: <a href=""http://en.wikipedia.org/wiki/ISO_4217"">ISO 42...
- 补充信息：domainIncludes: http://schema.org/DonateAction, http://schema.org/Offer, http://schema.org/PriceSpecification, http://schema.org/Reservation, http://schema.org/Ticket, http://schem...

条目2：
- 名称：hasCurrency
- 类型：Class
- 简介：hasCurrency is a class in the knowledge base.",1,deepseek-ai/DeepSeek-R1-Distill-Qwen-32B,0.0,8192,https://api2.aigcbest.top/v1,"好，我现在需要分析这个RDFS公理是否正确。公理是priceCurrency ⊑p hasCurrency，也就是priceCurrency是hasCurrency的子属性。首先，我得理解这两个术语的含义。

根据背景知识，priceCurrency是一个属性，用于表示价格的货币，通常与PriceSpecification及其子类相关联。它的domain包括DonateAction、Offer、PriceSpecification等。而hasCurrency被描述为一个类，可能用于表示某种与货币相关的事物。

接下来，我需要检查RDFS的语义规则。subPropertyOf（⊑p）表示一个属性是另一个属性的子属性，意味着前者的所有实例都是后者的实例。但这里的问题在于，priceCurrency是一个属性，而hasCurrency被定义为一个类。属性和类在RDFS中是不同的概念，属性不能直接成为类的子属性。

因此，将priceCurrency作为hasCurrency的子属性是不正确的，因为它们属于不同的类别。属性应该与属性之间建立subPropertyOf关系，而类与类之间建立subClassOf关系。所以，这个公理违反了RDFS的语义规则，是错误的。
</think>

判断结果：错误
解释：priceCurrency是一个属性，而hasCurrency被定义为一个类，属性不能直接成为类的子属性，违反了RDFS的语义规则。",0,0,
hard_case_0336,subPropertyOf,readBy ⊑p actor,"背景知识：
条目1：
- 名称：readBy
- 类型：Property
- 简介：A person who reads (performs) the audiobook.
- 补充信息：domainIncludes: http://schema.org/Audiobook | rangeIncludes: http://schema.org/Person

条目2：
- 名称：actor
- 类型：Property
- 简介：An actor (individual or a group), e.g. in TV, radio, movie, video games etc., or in an event. Actors can be associated with individual items or with a series, episode, clip.
- 补充信息：domainIncludes: http://schema.org/Clip, http://schema.org/CreativeWorkSeason, http://schema.org/Episode, http://schema.org/Event, http://schema.org/Movie, http://schema.org/MovieSe...",1,deepseek-ai/DeepSeek-R1-Distill-Qwen-32B,0.0,8192,https://api2.aigcbest.top/v1,"嗯，我现在需要判断这个RDFS公理是否正确。公理是readBy ⊑p actor，也就是readBy属性是actor属性的子属性。首先，我得理解这两个属性的定义和背景知识。

根据背景知识，readBy是一个属性，表示阅读有声读物的人。它的domain是Audiobook，range是Person。也就是说，readBy的主体必须是Audiobook，客体必须是Person。

而actor属性则表示演员，可以是个人或团体，出现在电视、电影、活动等中。它的domain包括Clip、CreativeWorkSeason、Episode、Event、Movie等，范围比较广，但客体通常是Person。

现在，公理说readBy是actor的子属性。根据RDFS的subPropertyOf规则，如果p ⊑ q，那么p的所有实例都是q的实例。也就是说，如果一个Audiobook有readBy属性指向某人，那么这个人也应该被视为actor属性的值。

但这里有个问题，readBy的domain是Audiobook，而actor的domain包括很多其他类，比如Movie、Event等。虽然Audiobook可能属于CreativeWork，但readBy的使用场景主要是在有声读物中，而actor则更广泛，包括电影、电视等。因此，readBy并不一定总是actor的子属性，因为它们的应用场景和上下文不同。

此外，readBy的客体是Person，而actor的客体也是Person，这在类型上是兼容的。但属性的语义不同，readBy特指阅读有声读物的人，而actor则指参与表演的人。这两者在某些情况下可能重叠，比如有声读物的演员，但并不意味着所有readBy的情况都适用actor。

因此，从语义上看，readBy并不一定是actor的子属性，因为它们的应用场景和上下文不同。所以这个公理可能不正确。
</think>

判断结果：错误
解释：readBy的语义是特定于有声读物的阅读者，而actor的语义更广泛，涵盖多种表演领域，因此readBy并非actor的子属性。",0,0,
hard_case_0337,subPropertyOf,recipeIngredient ⊑p supply,"背景知识：
条目1：
- 名称：recipeIngredient
- 类型：Property
- 简介：An ingredient or ordered list of ingredients and potentially quantities used in the recipe, e.g. 1 cup of sugar, flour or garlic. The ingredients can be represented as free text or more structured values.
- 补充信息：domainIncludes: http://schema.org/Recipe | rangeIncludes: http://schema.org/ItemList, http://schema.org/PropertyValue, http://schema.org/Text

条目2：
- 名称：supply
- 类型：Property
- 简介：A sub-property of instrument. A supply consumed when performing instructions or a direction.
- 补充信息：domainIncludes: http://schema.org/HowTo, http://schema.org/HowToDirection | rangeIncludes: http://schema.org/HowToSupply, http://schema.org/Text",1,deepseek-ai/DeepSeek-R1-Distill-Qwen-32B,0.0,8192,https://api2.aigcbest.top/v1,"嗯，我现在需要判断这个RDFS公理是否正确。公理是recipeIngredient ⊑p supply，也就是recipeIngredient是supply的子属性。首先，我得理解这两个属性的定义和背景知识。

根据背景知识，recipeIngredient是一个属性，用于描述食谱中的成分，可以是文本、ItemList或PropertyValue。它的domain是Recipe，也就是说，这个属性通常用于Recipe类的实例。而supply也是一个属性，是instrument的子属性，用于描述在执行指令或方向时消耗的供应品，domain包括HowTo和HowToDirection，range是HowToSupply或Text。

接下来，我需要分析这两个属性的语义关系。recipeIngredient主要用于食谱中列出的材料，而supply则是在如何做某事的过程中使用的资源。虽然两者都涉及资源或材料，但它们的应用场景和上下文不同。recipeIngredient更偏向于烹饪或食谱中的具体成分，而supply则更广泛，可能包括工具、材料等，用于各种如何做指南。

根据RDFS的subPropertyOf规则，如果recipeIngredient是supply的子属性，那么所有recipeIngredient的实例也必须是supply的实例。但根据背景知识，recipeIngredient的domain是Recipe，而supply的domain是HowTo和HowToDirection。这两个类可能没有直接的包含关系，因此将recipeIngredient作为supply的子属性可能不合适。

此外，从常识来看，食谱中的成分和如何做指南中的供应品在概念上是不同的。虽然它们都涉及资源，但用途和上下文不同，因此直接的子属性关系可能不成立。

综上所述，这个公理可能与背景知识和语义规则存在冲突，因此判断为错误。
</think>

判断结果：错误
解释：recipeIngredient和supply在语义和应用领域上存在明显差异，无法构成subPropertyOf关系。",0,0,
hard_case_0338,subPropertyOf,servicePhone ⊑p hasAddress,"背景知识：
条目1：
- 名称：servicePhone
- 类型：Property
- 简介：The phone number to use to access the service.
- 补充信息：domainIncludes: http://schema.org/ServiceChannel | rangeIncludes: http://schema.org/ContactPoint

条目2：
- 名称：hasAddress
- 类型：Class
- 简介：hasAddress is a class in the knowledge base.",1,deepseek-ai/DeepSeek-R1-Distill-Qwen-32B,0.0,8192,https://api2.aigcbest.top/v1,"好，我现在需要分析这个RDFS公理是否正确。公理是servicePhone ⊑p hasAddress，也就是servicePhone是hasAddress的子属性。首先，我得理解这两个术语的类型和背景知识。

根据背景知识，servicePhone是一个属性，它的domain是ServiceChannel，range是ContactPoint。而hasAddress被描述为一个类，类型是Class。这可能有问题，因为通常属性和类是不同的概念。

接下来，RDFS中的subPropertyOf公理要求两个都是属性。如果hasAddress是类而不是属性，那么这个公理就不符合语义规则，因为subPropertyOf只能在属性之间使用。此外，servicePhone的domain和range都指向其他类，而hasAddress作为类，可能无法正确应用这些约束。

常识上，属性通常连接两个类，而类是实体的集合。因此，将属性作为另一个属性的子属性是合理的，但前提是两者都是属性。这里hasAddress被定义为类，这可能是一个错误，导致公理不成立。

综上所述，这个公理是错误的，因为它违反了RDFS的语义规则，且背景知识中hasAddress的类型与属性不符。
</think>

判断结果：错误
解释：servicePhone是一个属性，而hasAddress被定义为一个类，这与RDFS语义规则冲突，因为subPropertyOf公理只能在属性之间成立。",0,0,
hard_case_0339,subPropertyOf,serviceSmsNumber ⊑p hasAddress,"背景知识：
条目1：
- 名称：serviceSmsNumber
- 类型：Property
- 简介：The number to access the service by text message.
- 补充信息：domainIncludes: http://schema.org/ServiceChannel | rangeIncludes: http://schema.org/ContactPoint

条目2：
- 名称：hasAddress
- 类型：Class
- 简介：hasAddress is a class in the knowledge base.",1,deepseek-ai/DeepSeek-R1-Distill-Qwen-32B,0.0,8192,https://api2.aigcbest.top/v1,"好，我现在需要分析这个RDFS公理是否正确。公理是serviceSmsNumber ⊑p hasAddress，也就是serviceSmsNumber是hasAddress的子属性。

首先，我得识别公理中的概念。serviceSmsNumber是一个属性，而hasAddress是一个类。根据RDFS规则，subPropertyOf（⊑p）是属性之间的关系，不能用于类和属性之间。

接下来，看看背景知识。serviceSmsNumber的类型是Property，而hasAddress是Class。这说明它们属于不同的类别，属性和类之间不能直接用subPropertyOf来连接。

再根据RDFS的语义规则，subPropertyOf只能在属性之间使用，不能跨类别。所以，将属性serviceSmsNumber与类hasAddress用subPropertyOf连接是不符合规则的。

最后，结合常识，属性和类在语义上是不同的概念，属性描述类的特征，而类是实体的集合。因此，这种公理在语义上也是不合理的。

综上所述，这个公理是错误的。
</think>

判断结果：错误
解释：serviceSmsNumber是一个属性，而hasAddress是一个类，根据RDFS语义规则，subPropertyOf只能用于属性之间，不能用于属性和类之间。",0,0,
hard_case_0340,subPropertyOf,sha256 ⊑p description,"背景知识：
条目1：
- 名称：sha256
- 类型：Property
- 简介：The <a href=""https://en.wikipedia.org/wiki/SHA-2"">SHA-2</a> SHA256 hash of the content of the item. For example, a zero-length input has value 'e3b0c44298fc1c149afbf4c8996fb92427ae41e4649b934ca495991b7852b855'.
- 补充信息：domainIncludes: http://schema.org/MediaObject | rangeIncludes: http://schema.org/Text

条目2：
- 名称：description
- 类型：Property
- 简介：A description of the item.
- 补充信息：domainIncludes: http://schema.org/Thing | rangeIncludes: http://schema.org/Text, http://schema.org/TextObject",1,deepseek-ai/DeepSeek-R1-Distill-Qwen-32B,0.0,8192,https://api2.aigcbest.top/v1,"好，我现在需要判断给定的RDFS公理是否正确。公理是sha256 ⊑p description，也就是sha256是description的子属性。首先，我得理解每个属性的定义和背景知识。

根据背景知识，sha256是一个属性，它的domain是MediaObject，range是Text。而description也是一个属性，domain是Thing，range包括Text和TextObject。接下来，我需要分析subPropertyOf的语义规则。

subPropertyOf表示一个属性是另一个属性的子属性，意味着所有sha256的实例也必须满足description的约束。也就是说，如果sha256的domain是MediaObject，而description的domain是Thing，那么MediaObject必须是Thing的子类，这在RDFS中是成立的，因为Thing是根类，所有类都是它的子类。

但是，range方面，sha256的range是Text，而description的range包括Text和TextObject。这里没有冲突，因为Text是TextObject的子类，所以sha256的range在description的范围内是允许的。

不过，从语义上看，sha256表示的是内容的哈希值，而description是描述项的属性。这两者的语义并不相关，一个描述哈希值和一个描述项本身，这在实际应用中是不合理的。因此，尽管从类型约束上看没有冲突，但从语义上来说，sha256不可能是description的子属性，因为它们描述的内容完全不同。

所以，这个公理在语义上是不合理的，应该判定为错误。
</think>

判断结果：错误
解释：sha256和description在语义上没有包含关系，因此sha256不能是description的子属性。",0,0,
hard_case_0341,subPropertyOf,surface ⊑p material,"背景知识：
条目1：
- 名称：surface
- 类型：Property
- 简介：A material used as a surface in some artwork, e.g. Canvas, Paper, Wood, Board, etc.
- 补充信息：domainIncludes: http://schema.org/VisualArtwork | rangeIncludes: http://schema.org/Text, http://schema.org/URL

条目2：
- 名称：material
- 类型：Property
- 简介：A material that something is made from, e.g. leather, wool, cotton, paper.
- 补充信息：domainIncludes: http://schema.org/CreativeWork, http://schema.org/Product | rangeIncludes: http://schema.org/Product, http://schema.org/Text, http://schema.org/URL",1,deepseek-ai/DeepSeek-R1-Distill-Qwen-32B,0.0,8192,https://api2.aigcbest.top/v1,"嗯，我现在需要判断这个RDFS公理是否正确。公理是surface ⊑p material，也就是surface是material的子属性。首先，我得理解这两个属性的定义和背景知识。

根据背景知识，surface是一个属性，用于描述艺术品中使用的材料，比如画布、纸、木头等。它的domain是VisualArtwork，range包括Text和URL。而material属性则更广泛，用于描述物品的制作材料，比如皮革、羊毛、纸张等，domain包括CreativeWork和Product，range也包括Product、Text和URL。

接下来，我需要分析subPropertyOf的关系是否成立。subPropertyOf意味着surface的使用场景和范围必须完全包含在material中。也就是说，surface的所有实例都必须是material的实例。

surface的domain是VisualArtwork，而material的domain包括CreativeWork和Product。VisualArtwork是CreativeWork的一个子类，所以从domain来看，surface的使用范围确实属于material的domain。这可能支持surface是material的子属性。

但是，从range来看，surface的range包括Text和URL，而material的range包括Product、Text和URL。这里，surface的range并没有超出material的范围，所以这可能没问题。

不过，我还需要考虑属性的语义是否一致。surface特指艺术品的表面材料，而material更广泛，包括任何制作材料。虽然surface的材料可能属于更广泛的材料类别，但surface的使用场景更具体，可能并不总是与material的语义完全一致。例如，surface可能特指绘画或雕塑的表面，而material可能包括更广泛的用途，如服装材料。

此外，RDFS的subPropertyOf要求所有surface的实例都必须是material的实例。如果surface的使用场景完全在material的范围内，那么这个公理是正确的。但实际情况中，surface可能有其特定的使用方式，可能与material的语义不完全重叠。

综合来看，虽然surface的domain和range在material的范围内，但属性的语义可能不够一致，导致这个公理可能不正确。因此，判断结果应该是错误。
</think>

判断结果：错误
解释：surface的语义范围比material更具体，且它们的domain和range存在差异，因此surface不能被推断为material的子属性。",0,0,
hard_case_0342,subPropertyOf,unnamedSourcesPolicy ⊑p publishingPrinciples,"背景知识：
条目1：
- 名称：unnamedSourcesPolicy
- 类型：Property
- 简介：For an <a class=""localLink"" href=""/Organization"">Organization</a> (typically a <a class=""localLink"" href=""/NewsMediaOrganization"">NewsMediaOrganization</a>), a statement about policy on use of unnamed sources and the decision process requir...
- 补充信息：domainIncludes: http://schema.org/NewsMediaOrganization, http://schema.org/Organization | rangeIncludes: http://schema.org/CreativeWork, http://schema.org/URL

条目2：
- 名称：publishingPrinciples
- 类型：Property
- 简介：The publishingPrinciples property indicates (typically via <a class=""localLink"" href=""/URL"">URL</a>) a document describing the editorial principles of an <a class=""localLink"" href=""/Organization"">Organization</a> (or individual, e.g. a <a c...
- 补充信息：domainIncludes: http://schema.org/CreativeWork, http://schema.org/Organization, http://schema.org/Person | rangeIncludes: http://schema.org/CreativeWork, http://schema.org/URL",1,deepseek-ai/DeepSeek-R1-Distill-Qwen-32B,0.0,8192,https://api2.aigcbest.top/v1,"嗯，我现在需要判断这个RDFS公理是否正确。公理是unnamedSourcesPolicy ⊑p publishingPrinciples，也就是unnamedSourcesPolicy是publishingPrinciples的子属性。首先，我得理解这两个属性的定义和背景知识。

根据背景知识，unnamedSourcesPolicy是一个属性，主要用于Organization，特别是NewsMediaOrganization，描述他们使用匿名消息来源的政策。它的domain包括NewsMediaOrganization和Organization，range包括CreativeWork和URL。

而publishingPrinciples也是一个属性，用于Organization、CreativeWork或Person，描述他们的编辑原则文档，通常通过URL链接。它的domain包括CreativeWork、Organization和Person，range包括CreativeWork和URL。

接下来，我需要分析这两个属性的语义关系。subPropertyOf表示一个属性是另一个属性的子属性，意味着所有使用子属性的情况都适用父属性。也就是说，如果A ⊑p B，那么每当A被使用时，B也应该被使用。

现在，看看unnamedSourcesPolicy和publishingPrinciples的domain和range。unnamedSourcesPolicy的domain是NewsMediaOrganization和Organization，而publishingPrinciples的domain更广，包括CreativeWork、Organization和Person。所以，从domain来看，unnamedSourcesPolicy的domain是publishingPrinciples的子集，这可能支持它成为子属性。

但是，range方面，两者都包括CreativeWork和URL，所以range没有问题。不过，属性的语义是否一致呢？unnamedSourcesPolicy特指匿名消息来源的政策，而publishingPrinciples更广泛，涵盖编辑原则。前者是后者的一个具体方面，但是否足够成为子属性呢？

根据RDFS规则，如果一个属性的所有实例都满足另一个属性的条件，那么可以成为子属性。但这里，unnamedSourcesPolicy的使用场景更具体，而publishingPrinciples更广泛。因此，可能并不满足所有情况，比如unnamedSourcesPolicy可能不涵盖所有publishingPrinciples的情况，反之亦然。

此外，从常识来看，匿名消息来源政策只是编辑原则的一部分，而不是全部。因此，将unnamedSourcesPolicy作为publishingPrinciples的子属性可能不准确，因为它们的范围和语义并不完全一致。

综上所述，这个公理可能存在问题，因为它可能不符合RDFS的子属性规则，或者与背景知识中的语义不完全匹配。
</think>

判断结果：错误
解释：unnamedSourcesPolicy和publishingPrinciples的语义范围不同，前者特指匿名消息来源政策，后者涵盖更广泛的编辑原则，因此无法直接推导出前者是后者的子属性。",0,0,
hard_case_0344,domain,domain(activeIngredient) = DrugStrength,"背景知识：
条目1：
- 名称：activeIngredient
- 类型：Property
- 简介：An active ingredient, typically chemical compounds and/or biologic substances.
- 补充信息：domainIncludes: http://schema.org/DietarySupplement, http://schema.org/Drug, http://schema.org/DrugStrength, http://schema.org/Substance | rangeIncludes: http://schema.org/Text

条目2：
- 名称：DrugStrength
- 类型：Property
- 简介：DrugStrength is a property in the knowledge base.",1,deepseek-ai/DeepSeek-R1-Distill-Qwen-32B,0.0,8192,https://api2.aigcbest.top/v1,"嗯，我现在需要判断这个RDFS公理是否正确。公理是domain(activeIngredient) = DrugStrength。首先，我得理解每个部分的意思。

activeIngredient是一个属性，根据背景知识，它的domain包括DietarySupplement、Drug、DrugStrength和Substance。也就是说，activeIngredient的主体可以是这些类中的任何一个。而DrugStrength也是一个属性，但它的简介里只提到它是一个属性，没有提供domain或range的信息。

现在，公理说activeIngredient的domain是DrugStrength。这意味着activeIngredient只能用于DrugStrength类的实例作为主体。但根据背景知识，activeIngredient的domain包括多个类，而不仅仅是DrugStrength。所以，这个公理限制了activeIngredient的使用范围，使其只能用于DrugStrength，这与背景知识中的domainIncludes不符。

另外，RDFS的domain规则规定，如果一个属性的domain是某个类，那么该属性的所有实例都必须属于该类。但这里activeIngredient的domain被错误地限制为DrugStrength，而实际上它应该包括更多的类。因此，这个公理是错误的。
</think>

判断结果：错误
解释：activeIngredient的domain包括多个类，而不仅仅是DrugStrength，因此将domain(activeIngredient)设为DrugStrength与背景知识不符。",0,0,
hard_case_0346,domain,domain(contactPoint) = Organization,"背景知识：
条目1：
- 名称：contactPoint
- 类型：Property
- 简介：A contact point for a person or organization.
- 补充信息：domainIncludes: http://schema.org/HealthInsurancePlan, http://schema.org/Organization, http://schema.org/Person | rangeIncludes: http://schema.org/ContactPoint

条目2：
- 名称：Organization
- 类型：Property
- 简介：An organization or organisation is an entity—such as a company, or corporation or an institution, or an association—comprising one or more people and having a particular purpose.",1,deepseek-ai/DeepSeek-R1-Distill-Qwen-32B,0.0,8192,https://api2.aigcbest.top/v1,"好，我现在需要判断给定的RDFS公理是否正确。公理是domain(contactPoint) = Organization。首先，我得理解每个部分的含义。

contactPoint是一个属性，根据背景知识，它的domain包括HealthInsurancePlan、Organization和Person。也就是说，contactPoint的主体可以是这三类中的任意一个。而Organization是一个类，表示组织，比如公司、机构等。

RDFS中的domain公理表示属性的主体必须属于某个类。这里公理说contactPoint的domain是Organization，意味着contactPoint只能用于Organization类的实例。但根据背景知识，contactPoint的domain还包括HealthInsurancePlan和Person，所以这个公理限制了contactPoint的使用范围，排除了其他可能的主体。

常识上，contactPoint通常用于描述联系信息，可能不仅限于组织，还可以用于个人或保险计划。因此，将domain限制为Organization会与实际使用情况不符，导致公理不正确。
</think>

判断结果：错误
解释：根据背景知识，contactPoint的domain包括HealthInsurancePlan、Organization和Person，而公理将其限制为Organization，与背景知识冲突。",0,0,
hard_case_0347,domain,domain(contactPoint) = Person,"背景知识：
条目1：
- 名称：contactPoint
- 类型：Property
- 简介：A contact point for a person or organization.
- 补充信息：domainIncludes: http://schema.org/HealthInsurancePlan, http://schema.org/Organization, http://schema.org/Person | rangeIncludes: http://schema.org/ContactPoint

条目2：
- 名称：Person
- 类型：Property
- 简介：A person is a being who has certain capacities or attributes such as reason, morality, consciousness or self-consciousness, and being a part of a culturally established form of social relations such as kinship, ownership of property, or leg...",1,deepseek-ai/DeepSeek-R1-Distill-Qwen-32B,0.0,8192,https://api2.aigcbest.top/v1,"好，我现在需要判断给定的RDFS公理是否正确。公理是domain(contactPoint) = Person。首先，我得理解这个公理的意思。domain表示属性的主体属于某个类，所以这里的意思是contactPoint属性的主体必须是Person类的实例。

接下来，我查看背景知识。条目1中提到contactPoint的domainIncludes包括HealthInsurancePlan、Organization和Person。这意味着contactPoint的主体可以是这三类中的任意一种，而不仅仅是Person。因此，公理domain(contactPoint) = Person可能不正确，因为它限制了domain，而实际上domain应该包括更多类。

再根据RDFS的语义规则，domain约束应该准确反映属性的主体范围。如果公理将domain限制为Person，而背景知识显示还有其他类，那么这个公理是错误的，因为它排除了其他合法的主体类。

所以，综合分析，这个公理是错误的，因为它与背景知识中的domainIncludes信息不符。
</think>

判断结果：错误
解释：根据背景知识，contactPoint的domain包括HealthInsurancePlan、Organization和Person，而不仅仅是Person，因此公理domain(contactPoint) = Person与背景知识不符。",0,0,
hard_case_0348,domain,domain(countryOfOrigin) = Movie,"背景知识：
条目1：
- 名称：countryOfOrigin
- 类型：Property
- 简介：The country of origin of something, including products as well as creative works such as movie and TV content.<br/><br/> In the case of TV and movie, this would be the country of the principle offices of the production company or individual...
- 补充信息：domainIncludes: http://schema.org/CreativeWork, http://schema.org/Movie, http://schema.org/Product, http://schema.org/TVEpisode, http://schema.org/TVSeason, http://schema.org/TVSer...

条目2：
- 名称：Movie
- 类型：Property
- 简介：A film, movie, or motion picture is a work of visual art that simulates experiences and otherwise communicates ideas, stories, perceptions, emotions, or atmosphere through the use of moving images that are generally, since the 1930s, synchr...",1,deepseek-ai/DeepSeek-R1-Distill-Qwen-32B,0.0,8192,https://api2.aigcbest.top/v1,"好，我现在需要分析给定的RDFS公理是否正确。公理是domain(countryOfOrigin) = Movie，也就是说，属性countryOfOrigin的主体必须是Movie类。

首先，我查看背景知识中的条目1，countryOfOrigin是一个属性，其domainIncludes包括CreativeWork、Movie、Product、TVEpisode、TVSeason、TVSeries等。这意味着countryOfOrigin的主体可以是这些类中的任何一个，而不仅仅是Movie。

接下来，根据RDFS的语义规则，domain约束规定属性的主体必须属于指定的类。如果公理domain(countryOfOrigin) = Movie，那么countryOfOrigin只能用于Movie类的实例，这与背景知识中的domainIncludes信息相冲突，因为background中明确指出countryOfOrigin的主体还包括CreativeWork、Product等。

因此，这个公理是错误的，因为它限制了属性的主体范围，而背景知识显示主体范围更广。
</think>

判断结果：错误
解释：根据背景知识，countryOfOrigin的domain包括CreativeWork、Movie、Product等多个类，而不仅仅是Movie，因此将domain限制为Movie是错误的。",0,0,
hard_case_0349,domain,domain(coverageEndTime) = LiveBlogPosting,"背景知识：
条目1：
- 名称：coverageEndTime
- 类型：Property
- 简介：The time when the live blog will stop covering the Event. Note that coverage may continue after the Event concludes.
- 补充信息：domainIncludes: http://schema.org/LiveBlogPosting | rangeIncludes: http://schema.org/DateTime

条目2：
- 名称：LiveBlogPosting
- 类型：Property
- 简介：LiveBlogPosting is a property in the knowledge base.",1,deepseek-ai/DeepSeek-R1-Distill-Qwen-32B,0.0,8192,https://api2.aigcbest.top/v1,"好，我现在需要判断给定的RDFS公理是否正确。公理是domain(coverageEndTime) = LiveBlogPosting。首先，我得理解每个部分的含义。

根据背景知识，coverageEndTime是一个属性，它的domainIncludes是http://schema.org/LiveBlogPosting，这意味着它的主体应该是LiveBlogPosting类的实例。而LiveBlogPosting在这里被描述为一个属性，这可能有问题，因为通常domain应该指向一个类，而不是属性。

RDFS的domain规则规定，属性的domain应该是一个类，表示该属性的主体属于该类。如果LiveBlogPosting被错误地定义为属性而不是类，那么将它作为domain是不正确的。这可能是因为背景知识中LiveBlogPosting的类型被错误地标记为Property，而实际上它应该是一个类。

因此，这个公理是错误的，因为它将属性作为domain，而domain应该是一个类。
</think>

判断结果：错误
解释：根据背景知识，LiveBlogPosting被定义为一个属性，而domain约束应指向一个类，因此将属性作为domain是不正确的。",0,0,
hard_case_0350,domain,domain(cvdFacilityCounty) = CDCPMDRecord,"背景知识：
条目1：
- 名称：cvdFacilityCounty
- 类型：Property
- 简介：Name of the County of the NHSN facility that this data record applies to. Use <a class=""localLink"" href=""/cvdFacilityId"">cvdFacilityId</a> to identify the facility. To provide other details, <a class=""localLink"" href=""/healthcareReportingDa...
- 补充信息：domainIncludes: http://schema.org/CDCPMDRecord | rangeIncludes: http://schema.org/Text

条目2：
- 名称：CDCPMDRecord
- 类型：Property
- 简介：CDCPMDRecord is a property in the knowledge base.",1,deepseek-ai/DeepSeek-R1-Distill-Qwen-32B,0.0,8192,https://api2.aigcbest.top/v1,"好，我现在需要分析给定的RDFS公理是否正确。公理是domain(cvdFacilityCounty) = CDCPMDRecord。首先，我得理解每个部分的含义。

根据背景知识，cvdFacilityCounty是一个属性，它的domainIncludes是http://schema.org/CDCPMDRecord，rangeIncludes是http://schema.org/Text。这意味着cvdFacilityCounty的主体应该属于CDCPMDRecord类。

接下来，CDCPMDRecord在条目2中被描述为一个属性，但这里可能有混淆。通常，domain应该指向一个类，而不是另一个属性。CDCPMDRecord作为属性，可能不是合适的domain。

RDFS规则中，domain约束的是属性的主体类型。如果CDCPMDRecord是一个类，那么公理是正确的。但根据背景，CDCPMDRecord是属性，这可能不正确。

因此，公理可能错误，因为CDCPMDRecord作为属性不能作为domain的目标。正确的domain应该是类，而CDCPMDRecord在这里可能被误用。
</think>

判断结果：错误
解释：根据背景知识，cvdFacilityCounty的domain是CDCPMDRecord，但CDCPMDRecord被定义为一个属性，而RDFS中domain应指向类，因此公理不正确。",0,0,
hard_case_0351,domain,domain(cvdNumBeds) = CDCPMDRecord,"背景知识：
条目1：
- 名称：cvdNumBeds
- 类型：Property
- 简介：numbeds - HOSPITAL INPATIENT BEDS: Inpatient beds, including all staffed, licensed, and overflow (surge) beds used for inpatients.
- 补充信息：domainIncludes: http://schema.org/CDCPMDRecord | rangeIncludes: http://schema.org/Number

条目2：
- 名称：CDCPMDRecord
- 类型：Property
- 简介：CDCPMDRecord is a property in the knowledge base.",1,deepseek-ai/DeepSeek-R1-Distill-Qwen-32B,0.0,8192,https://api2.aigcbest.top/v1,"好，我现在需要分析给定的RDFS公理是否正确。公理是domain(cvdNumBeds) = CDCPMDRecord。首先，我得理解每个部分的含义。

根据背景知识，cvdNumBeds是一个属性，它的domainIncludes是http://schema.org/CDCPMDRecord，rangeIncludes是http://schema.org/Number。这意味着cvdNumBeds的主体应该属于CDCPMDRecord类，客体是数字。

接下来，CDCPMDRecord被描述为一个属性，类型是Property。这可能有问题，因为通常domain应该指向一个类，而不是属性。RDFS中，domain约束的是属性的主体属于某个类，而CDCPMDRecord在这里被定义为属性，而不是类，这可能不符合预期。

再看RDFS规则，domain公理应该指定属性的主体类。如果CDCPMDRecord是属性而不是类，那么这个公理可能不正确，因为它试图将属性作为类来使用，这与RDFS的预期不符。

结合常识，CDCPMDRecord可能应该是一个类，而不是属性，这样cvdNumBeds的domain才能正确指向它。因此，公理可能有误，因为CDCPMDRecord被错误地定义为属性，而不是类。
</think>

判断结果：错误
解释：CDCPMDRecord被定义为属性，而domain约束应指向类，导致公理不正确。",0,0,
hard_case_0352,domain,domain(eligibleRegion) = DeliveryChargeSpecification,"背景知识：
条目1：
- 名称：eligibleRegion
- 类型：Property
- 简介：The ISO 3166-1 (ISO 3166-1 alpha-2) or ISO 3166-2 code, the place, or the GeoShape for the geo-political region(s) for which the offer or delivery charge specification is valid.<br/><br/> See also <a class=""localLink"" href=""/ineligibleRegio...
- 补充信息：domainIncludes: http://schema.org/ActionAccessSpecification, http://schema.org/DeliveryChargeSpecification, http://schema.org/Demand, http://schema.org/Offer | rangeIncludes: http:...

条目2：
- 名称：DeliveryChargeSpecification
- 类型：Property
- 简介：DeliveryChargeSpecification is a property in the knowledge base.",1,deepseek-ai/DeepSeek-R1-Distill-Qwen-32B,0.0,8192,https://api2.aigcbest.top/v1,"嗯，我现在需要判断这个RDFS公理是否正确。公理是domain(eligibleRegion) = DeliveryChargeSpecification。首先，我得理解每个部分的意思。

首先，domain指的是属性的主体属于哪个类。这里，属性是eligibleRegion，它的domain被设定为DeliveryChargeSpecification。也就是说，所有使用eligibleRegion属性的主体都必须是DeliveryChargeSpecification类的实例。

接下来，我查看背景知识。条目1中提到，eligibleRegion的domainIncludes包括了ActionAccessSpecification、DeliveryChargeSpecification、Demand和Offer。这说明eligibleRegion的主体可以是这些类中的任何一个，而不仅仅是DeliveryChargeSpecification。所以，如果公理说domain只能是DeliveryChargeSpecification，那它就排除了其他可能的类，比如ActionAccessSpecification，这与背景知识不符。

另外，RDFS的domain规则允许属性有多个可能的类作为其主体，而公理中的等式却限制了只能有一个类，这显然不符合实际情况。因此，这个公理是错误的，因为它与背景知识中的多类包含关系相冲突。
</think>

判断结果：错误
解释：根据背景知识，eligibleRegion的domain包括多个类，而不仅仅是DeliveryChargeSpecification，因此该公理与背景知识冲突。",0,0,
hard_case_0353,domain,domain(endTime) = Action,"背景知识：
条目1：
- 名称：endTime
- 类型：Property
- 简介：The endTime of something. For a reserved event or service (e.g. FoodEstablishmentReservation), the time that it is expected to end. For actions that span a period of time, when the action was performed. E.g. John wrote a book from January t...
- 补充信息：domainIncludes: http://schema.org/Action, http://schema.org/FoodEstablishmentReservation, http://schema.org/InteractionCounter, http://schema.org/MediaObject, http://schema.org/Sch...

条目2：
- 名称：Action
- 类型：Property
- 简介：Action may refer to:Action (philosophy), something which is done by a person Action principles the heart of fundamental physics Action (narrative), a literary mode Action fiction, a type of genre fiction Action game, a genre of video game",1,deepseek-ai/DeepSeek-R1-Distill-Qwen-32B,0.0,8192,https://api2.aigcbest.top/v1,"嗯，我现在需要判断这个RDFS公理是否正确。公理是domain(endTime) = Action，也就是说endTime属性的主体必须属于Action类。首先，我得理解每个部分的意思。

根据背景知识，endTime是一个属性，它的domainIncludes包括Action、FoodEstablishmentReservation、InteractionCounter、MediaObject、Sch...等等。这说明endTime的主体可以是这些类中的任何一个，而不仅仅是Action。

然后，RDFS的domain规则规定，如果一个属性的domain是某个类，那么所有使用该属性的实例都必须属于这个类。但在这个公理中，domain被直接设为Action，而根据背景知识，endTime的主体范围更广，不仅限于Action。因此，这个公理限制了endTime只能用于Action类，这与背景知识中的信息不符。

所以，这个公理是错误的，因为它没有正确反映endTime的实际主体范围。
</think>

判断结果：错误
解释：根据背景知识，endTime的domain包括多个类，而不仅仅是Action，因此将domain(endTime)设为Action与背景知识不符。",0,0,
hard_case_0354,domain,domain(estimatedSalary) = JobPosting,"背景知识：
条目1：
- 名称：estimatedSalary
- 类型：Property
- 简介：An estimated salary for a job posting or occupation, based on a variety of variables including, but not limited to industry, job title, and location. Estimated salaries are often computed by outside organizations rather than the hiring orga...
- 补充信息：domainIncludes: http://schema.org/JobPosting, http://schema.org/Occupation | rangeIncludes: http://schema.org/MonetaryAmount, http://schema.org/MonetaryAmountDistribution, http://s...

条目2：
- 名称：JobPosting
- 类型：Property
- 简介：JobPosting is a property in the knowledge base.",1,deepseek-ai/DeepSeek-R1-Distill-Qwen-32B,0.0,8192,https://api2.aigcbest.top/v1,"嗯，我现在需要判断这个RDFS公理是否正确。公理是domain(estimatedSalary) = JobPosting。首先，我得理解每个部分的意思。

estimatedSalary是一个属性，根据背景知识，它的domainIncludes包括JobPosting和Occupation。也就是说，estimatedSalary的主体可以是JobPosting或者Occupation。而JobPosting在这里被用作一个类，因为它是一个Property，但可能在实际中被当作类使用，比如在RDFS中，类和属性是不同的，但有时候可能会有混淆。

公理说estimatedSalary的domain是JobPosting，这意味着estimatedSalary只能用于JobPosting类的实例作为主体。但根据背景知识，estimatedSalary的domain还包括Occupation，所以这个公理可能不完全正确，因为它排除了Occupation的情况。

另外，RDFS的domain规则规定，如果一个属性的domain是某个类，那么所有使用该属性的主体都必须属于该类。如果这里只指定JobPosting，而实际上还有Occupation，那么这个公理可能过于严格，导致一些合法的使用被排除。

所以，这个公理可能不正确，因为它没有包含Occupation，而根据背景知识，Occupation也是estimatedSalary的合法主体。
</think>

判断结果：错误
解释：根据背景知识，estimatedSalary的domain包括JobPosting和Occupation，而公理仅指定JobPosting，排除了Occupation，与背景知识冲突。",0,0,
hard_case_0355,domain,domain(funding) = BioChemEntity,"背景知识：
条目1：
- 名称：funding
- 类型：Property
- 简介：A <a class=""localLink"" href=""/Grant"">Grant</a> that directly or indirectly provide funding or sponsorship for this item. See also <a class=""localLink"" href=""/ownershipFundingInfo"">ownershipFundingInfo</a>.
- 补充信息：domainIncludes: http://schema.org/BioChemEntity, http://schema.org/CreativeWork, http://schema.org/Event, http://schema.org/MedicalEntity, http://schema.org/Organization, http://sc...

条目2：
- 名称：BioChemEntity
- 类型：Property
- 简介：BioChemEntity is a property in the knowledge base.",1,deepseek-ai/DeepSeek-R1-Distill-Qwen-32B,0.0,8192,https://api2.aigcbest.top/v1,"好，我现在需要判断给定的RDFS公理是否正确。公理是domain(funding) = BioChemEntity。首先，我得理解每个部分的含义。

公理中的funding是一个属性，根据背景知识，它的domainIncludes包括BioChemEntity、CreativeWork、Event、MedicalEntity、Organization等。这意味着funding的主体可以是这些类中的任何一个。

接下来，BioChemEntity在背景中被描述为一个属性，但实际上，它应该是一个类，因为属性通常用于描述关系，而类用于分类实体。这可能是一个错误，或者可能需要进一步确认。

根据RDFS的语义规则，domain约束了属性的主体必须属于某个类。如果BioChemEntity在这里被错误地作为类使用，而实际上它被定义为属性，那么这个公理就有问题。因为属性不能作为类来使用，这会导致类型错误。

此外，funding的domain已经包括了多个类，而单独指定domain为BioChemEntity可能与现有的domainIncludes信息不符，可能限制了funding的使用范围，导致不一致。

综上所述，这个公理是错误的，因为它可能混淆了类和属性，并且与现有的背景知识冲突。
</think>

判断结果：错误
解释：根据背景知识，funding的domain包括多个类，而BioChemEntity被错误地作为属性使用，与RDFS语义规则冲突。",0,0,
hard_case_0356,domain,domain(gtin14) = Offer,"背景知识：
条目1：
- 名称：gtin14
- 类型：Property
- 简介：The GTIN-14 code of the product, or the product to which the offer refers. See <a href=""http://www.gs1.org/barcodes/technical/idkeys/gtin"">GS1 GTIN Summary</a> for more details.
- 补充信息：domainIncludes: http://schema.org/Demand, http://schema.org/Offer, http://schema.org/Product | rangeIncludes: http://schema.org/Text

条目2：
- 名称：Offer
- 类型：Property
- 简介：(The) Offer or offers may refer to:",1,deepseek-ai/DeepSeek-R1-Distill-Qwen-32B,0.0,8192,https://api2.aigcbest.top/v1,"嗯，我现在需要判断这个RDFS公理是否正确。公理是domain(gtin14) = Offer。首先，我得理解每个部分的意思。

gtin14是一个属性，根据背景知识，它的domainIncludes包括Demand、Offer和Product。也就是说，gtin14的主体可以是Demand、Offer或Product中的任何一个。而domain(gtin14) = Offer的意思是说，gtin14的主体只能是Offer类。

接下来，我需要检查这个公理是否符合RDFS的规则。RDFS中的domain约束规定，属性的主体必须属于domain指定的类。如果公理声明domain(gtin14) = Offer，那么所有使用gtin14的三元组的主语都必须是Offer类的实例。

但是，背景知识中提到gtin14的domainIncludes不仅包括Offer，还包括Demand和Product。这意味着gtin14的主体可以是这三个类中的任何一个，而不仅仅是Offer。因此，将domain限制为仅Offer会排除Demand和Product作为主体的情况，这与背景知识中的信息相冲突。

所以，这个公理是错误的，因为它过于严格，排除了其他合法的主体类。
</think>

判断结果：错误
解释：根据背景知识，gtin14的domain包括Demand、Offer和Product，而公理将其限制为仅Offer，与背景知识冲突。",0,0,
hard_case_0357,domain,domain(handlingTime) = ShippingService,"背景知识：
条目1：
- 名称：handlingTime
- 类型：Property
- 简介：The typical delay between the receipt of the order and the goods either leaving the warehouse or being prepared for pickup, in case the delivery method is on site pickup.<br/><br/> In the context of <a class=""localLink"" href=""/ShippingDeliv...
- 补充信息：domainIncludes: http://schema.org/ShippingDeliveryTime, http://schema.org/ShippingService | rangeIncludes: http://schema.org/QuantitativeValue, http://schema.org/ServicePeriod

条目2：
- 名称：ShippingService
- 类型：Property
- 简介：ShippingService is a property in the knowledge base.",1,deepseek-ai/DeepSeek-R1-Distill-Qwen-32B,0.0,8192,https://api2.aigcbest.top/v1,"好，我现在需要分析这个RDFS公理是否正确。公理是domain(handlingTime) = ShippingService。首先，我得理解每个部分的含义。

根据背景知识，handlingTime是一个属性，它的domainIncludes包括ShippingDeliveryTime和ShippingService。这意味着handlingTime的主体应该是属于这两个类之一的实例。而ShippingService在这里被列为一个属性，而不是一个类。这可能有问题，因为domain通常应该指向一个类，而不是属性。

RDFS的语义规则中，domain约束的是属性的主体类型。如果ShippingService是一个属性，那么domain(handlingTime) = ShippingService意味着handlingTime的主体必须是ShippingService类型的实例。但ShippingService作为属性，可能不是用来分类主体的，而是用来描述其他类的属性。

此外，常识上，ShippingService通常是一个类，而不是属性。比如，ShippingService可能代表一种服务类型，而handlingTime作为属性，应该关联到这种服务类。如果ShippingService被错误地定义为属性，那么这个domain约束可能不正确。

综上所述，公理domain(handlingTime) = ShippingService可能存在问题，因为ShippingService可能被错误地定义为属性，而不是类。这导致domain约束不符合预期，因此公理是错误的。
</think>

判断结果：错误
解释：根据背景知识，handlingTime的domain包括ShippingDeliveryTime和ShippingService，但ShippingService被定义为属性，而domain应指向类，因此公理错误。",0,0,
hard_case_0358,domain,domain(hasCertification) = Place,"背景知识：
条目1：
- 名称：hasCertification
- 类型：Property
- 简介：Certification information about a product, organization, service, place, or person.
- 补充信息：domainIncludes: http://schema.org/Organization, http://schema.org/Person, http://schema.org/Place, http://schema.org/Product, http://schema.org/Service | rangeIncludes: http://sche...

条目2：
- 名称：Place
- 类型：Property
- 简介：Place may refer to:",1,deepseek-ai/DeepSeek-R1-Distill-Qwen-32B,0.0,8192,https://api2.aigcbest.top/v1,"好，我现在需要判断给定的RDFS公理是否正确。公理是domain(hasCertification) = Place。首先，我得理解每个部分的含义。

hasCertification是一个属性，根据背景知识，它的domainIncludes包括Organization、Person、Place、Product、Service。这意味着这个属性的主体可以是这些类中的任何一个。而Place在这里被指定为domain，也就是说，只有Place类的实例才能作为hasCertification的主体。

接下来，我需要检查这个公理是否符合RDFS的语义规则。RDFS中的domain约束规定，属性的主体必须属于指定的类。如果公理声明domain(hasCertification) = Place，那么所有使用hasCertification的实例都必须是Place的子类或实例。

然而，背景知识中提到，hasCertification的domain还包括其他类，比如Organization和Person。这与公理中的声明相冲突，因为公理限制了domain只能是Place，而实际上还有其他类可以作为主体。因此，这个公理是不正确的，因为它排除了其他合法的主体类。

总结一下，公理与背景知识中的domainIncludes信息不符，导致了错误。
</think>

判断结果：错误
解释：根据背景知识，hasCertification的domain包括多个类，而不仅仅是Place，因此该公理与背景知识冲突。",0,0,
hard_case_0359,domain,domain(hasDefinedTerm) = DefinedTermSet,"背景知识：
条目1：
- 名称：hasDefinedTerm
- 类型：Property
- 简介：A Defined Term contained in this term set.
- 补充信息：domainIncludes: http://schema.org/DefinedTermSet, http://schema.org/Taxon | rangeIncludes: http://schema.org/DefinedTerm

条目2：
- 名称：DefinedTermSet
- 类型：Property
- 简介：DefinedTermSet is a property in the knowledge base.",1,deepseek-ai/DeepSeek-R1-Distill-Qwen-32B,0.0,8192,https://api2.aigcbest.top/v1,"好，我现在需要判断给定的RDFS公理是否正确。公理是：domain(hasDefinedTerm) = DefinedTermSet。首先，我得理解每个部分的含义。

根据背景知识，hasDefinedTerm是一个属性，它的domainIncludes包括http://schema.org/DefinedTermSet和http://schema.org/Taxon。这意味着hasDefinedTerm的主体应该是这两个类中的一个。而DefinedTermSet也是一个属性，类型是Property，简介中提到它是一个知识库中的属性。

RDFS的domain公理表示属性的主体必须属于某个类。这里公理说hasDefinedTerm的domain是DefinedTermSet，意味着所有使用hasDefinedTerm的主体都必须是DefinedTermSet的实例。但根据背景知识，hasDefinedTerm的domain还包括Taxon，所以主体可以是Taxon或DefinedTermSet中的一个，而不仅仅是DefinedTermSet。

因此，公理domain(hasDefinedTerm) = DefinedTermSet并不完全正确，因为它排除了Taxon的可能性。正确的domain应该包括这两个类，而不仅仅是其中一个。所以，这个公理与背景知识中的domainIncludes存在冲突，判断为错误。
</think>

判断结果：错误
解释：根据背景知识，hasDefinedTerm的domain包括DefinedTermSet和Taxon，而公理将其限制为仅DefinedTermSet，与背景知识冲突。",0,0,
hard_case_0360,domain,domain(hasMeasurement) = Product,"背景知识：
条目1：
- 名称：hasMeasurement
- 类型：Property
- 简介：A measurement of an item, For example, the inseam of pants, the wheel size of a bicycle, the gauge of a screw, or the carbon footprint measured for certification by an authority. Usually an exact measurement, but can also be a range of meas...
- 补充信息：domainIncludes: http://schema.org/Certification, http://schema.org/Offer, http://schema.org/Product, http://schema.org/SizeSpecification | rangeIncludes: http://schema.org/Quantita...

条目2：
- 名称：Product
- 类型：Property
- 简介：Product may refer to:",1,deepseek-ai/DeepSeek-R1-Distill-Qwen-32B,0.0,8192,https://api2.aigcbest.top/v1,"好，我现在需要判断给定的RDFS公理是否正确。公理是domain(hasMeasurement) = Product。首先，我得理解每个部分的含义。

hasMeasurement是一个属性，根据背景知识，它的domainIncludes包括Certification、Offer、Product和SizeSpecification。这意味着hasMeasurement的主体可以是这些类中的任何一个。而Product是一个类，代表产品。

RDFS的domain公理规定，属性的domain应该限制其主体的类型。如果公理是domain(hasMeasurement) = Product，那么意味着所有使用hasMeasurement的主体都必须是Product类的实例。然而，背景知识显示，hasMeasurement的主体还可以是Certification、Offer或SizeSpecification，而不仅仅是Product。

因此，这个公理限制了hasMeasurement的主体只能是Product，这与背景知识中的domainIncludes不符。所以，这个公理是错误的，因为它排除了其他合法的主体类型。
</think>

判断结果：错误
解释：根据背景知识，hasMeasurement的domain包括Product、Certification、Offer和SizeSpecification，而不仅仅是Product，因此domain(hasMeasurement) = Product是错误的。",0,0,
hard_case_0361,domain,domain(height) = ShippingConditions,"背景知识：
条目1：
- 名称：height
- 类型：Property
- 简介：The height of the item.
- 补充信息：domainIncludes: http://schema.org/MediaObject, http://schema.org/OfferShippingDetails, http://schema.org/Person, http://schema.org/Product, http://schema.org/ShippingConditions, ht...

条目2：
- 名称：ShippingConditions
- 类型：Property
- 简介：ShippingConditions is a property in the knowledge base.",1,deepseek-ai/DeepSeek-R1-Distill-Qwen-32B,0.0,8192,https://api2.aigcbest.top/v1,"好，我现在需要分析这个RDFS公理是否正确。公理是domain(height) = ShippingConditions。首先，我得理解每个部分的意思。

domain(height)表示属性height的主体必须属于ShippingConditions这个类。也就是说，只有当某个实例属于ShippingConditions时，它才能拥有height属性。

接下来，我查看背景知识。条目1中提到height的domainIncludes包括了多个类，比如MediaObject、OfferShippingDetails、Person、Product、ShippingConditions等。这说明height属性的主体可以是这些类中的任何一个，而不仅仅是ShippingConditions。

根据RDFS的语义规则，domain约束的是属性的主体必须属于指定的类。如果公理声明domain(height) = ShippingConditions，那么height只能用于ShippingConditions类的实例。然而，根据背景知识，height还可以用于其他类，比如Person或Product，这与公理的声明相矛盾。

因此，这个公理是错误的，因为它限制了height的使用范围，而实际上height可以应用于多个类。
</think>

判断结果：错误
解释：根据背景知识，height的domain包括多个类，而不仅仅是ShippingConditions，因此该公理与背景知识冲突。",0,0,
hard_case_0362,domain,domain(inLanguage) = WriteAction,"背景知识：
条目1：
- 名称：inLanguage
- 类型：Property
- 简介：The language of the content or performance or used in an action. Please use one of the language codes from the <a href=""http://tools.ietf.org/html/bcp47"">IETF BCP 47 standard</a>. See also <a class=""localLink"" href=""/availableLanguage"">avai...
- 补充信息：domainIncludes: http://schema.org/BroadcastService, http://schema.org/CommunicateAction, http://schema.org/CreativeWork, http://schema.org/Event, http://schema.org/LinkRole, http:/...

条目2：
- 名称：WriteAction
- 类型：Property
- 简介：WriteAction is a property in the knowledge base.",1,deepseek-ai/DeepSeek-R1-Distill-Qwen-32B,0.0,8192,https://api2.aigcbest.top/v1,"嗯，我现在需要判断这个RDFS公理是否正确。公理是domain(inLanguage) = WriteAction。首先，我得理解每个部分的意思。

inLanguage是一个属性，根据背景知识，它的domain包括BroadcastService、CommunicateAction、CreativeWork、Event、LinkRole等等。而WriteAction也是一个属性，类型是Property，简介里说它是一个知识库中的属性。

RDFS中的domain公理表示属性的主体必须属于某个类。所以这里的意思是，inLanguage属性的主体必须是WriteAction类的实例。但根据背景知识，inLanguage的domain里并没有包含WriteAction，反而包括了CommunicateAction等其他类。

再想想，WriteAction作为属性，它的主体通常是动作的执行者，而inLanguage通常用于描述内容的语言，比如CreativeWork或Event。所以，把inLanguage的domain设为WriteAction是不符合背景知识的，因为inLanguage的主体应该是内容或事件，而不是动作本身。

因此，这个公理是错误的，因为它与背景知识中的domain信息不符。
</think>

判断结果：错误
解释：根据背景知识，inLanguage的domain包括BroadcastService、CommunicateAction等，而WriteAction不在其中，因此该公理与背景知识冲突。",0,0,
hard_case_0363,domain,domain(industry) = JobPosting,"背景知识：
条目1：
- 名称：industry
- 类型：Property
- 简介：The industry associated with the job position.
- 补充信息：domainIncludes: http://schema.org/JobPosting | rangeIncludes: http://schema.org/DefinedTerm, http://schema.org/Text

条目2：
- 名称：JobPosting
- 类型：Property
- 简介：JobPosting is a property in the knowledge base.",1,deepseek-ai/DeepSeek-R1-Distill-Qwen-32B,0.0,8192,https://api2.aigcbest.top/v1,"嗯，我现在需要判断这个RDFS公理是否正确。公理是domain(industry) = JobPosting。首先，我得理解每个部分的意思。

首先，domain指的是属性的主体属于某个类。这里，属性是industry，它的主体应该属于JobPosting类。那我得看看background knowledge里有没有关于industry和JobPosting的信息。

根据条目1，industry是一个属性，它的domainIncludes是http://schema.org/JobPosting，也就是说，industry的主体应该是JobPosting类的实例。而rangeIncludes是DefinedTerm和Text，这可能表示industry的值类型。

然后看条目2，JobPosting被描述为一个属性，但这里可能有点混淆，因为通常JobPosting可能是一个类，而不是属性。不过，根据条目2，它被定义为属性，这可能有问题，因为通常JobPosting应该是一个类，用来描述职位发布的实例。

现在，公理domain(industry) = JobPosting意味着industry的主体必须是JobPosting类的实例。但根据条目2，JobPosting被定义为属性，这可能与常识不符，因为属性通常不能作为类的实例。因此，这里可能存在类型错误。

另外，RDFS规则中，domain应该是一个类，而JobPosting在这里被错误地定义为属性，所以domain(industry) = JobPosting这个公理是不正确的，因为它违反了RDFS的语义规则，将属性当作类使用。
</think>

判断结果：错误
解释：根据背景知识，JobPosting被定义为一个属性，而domain公理要求属性的主体属于某一类，因此将JobPosting作为类使用是错误的。",0,0,
hard_case_0364,domain,domain(ineligibleRegion) = Offer,"背景知识：
条目1：
- 名称：ineligibleRegion
- 类型：Property
- 简介：The ISO 3166-1 (ISO 3166-1 alpha-2) or ISO 3166-2 code, the place, or the GeoShape for the geo-political region(s) for which the offer or delivery charge specification is not valid, e.g. a region where the transaction is not allowed.<br/><b...
- 补充信息：domainIncludes: http://schema.org/ActionAccessSpecification, http://schema.org/DeliveryChargeSpecification, http://schema.org/Demand, http://schema.org/MediaObject, http://schema.o...

条目2：
- 名称：Offer
- 类型：Property
- 简介：(The) Offer or offers may refer to:",1,deepseek-ai/DeepSeek-R1-Distill-Qwen-32B,0.0,8192,https://api2.aigcbest.top/v1,"嗯，我现在需要判断这个RDFS公理是否正确。公理是domain(ineligibleRegion) = Offer。首先，我得理解每个部分的意思。

ineligibleRegion是一个属性，根据背景知识，它的domainIncludes包括ActionAccessSpecification、DeliveryChargeSpecification、Demand、MediaObject等类。而Offer也是一个属性，简介里提到它可能指代Offer或offers，但具体类型是Property，所以它也是一个属性。

RDFS中的domain公理表示属性的主体必须属于某个类。这里公理说ineligibleRegion的domain是Offer，也就是说，所有使用ineligibleRegion属性的主体都必须是Offer类的实例。

但是，根据背景知识，ineligibleRegion的domainIncludes已经包括了多个类，而Offer并没有被列出。这意味着ineligibleRegion的主体可以是这些类的实例，而不是Offer。因此，将domain设为Offer会与现有的domainIncludes信息冲突，因为Offer不在其中。

所以，这个公理是错误的，因为它与背景知识中的domainIncludes不符。
</think>

判断结果：错误
解释：ineligibleRegion的domain包括多个类，而Offer不在其中，因此domain(ineligibleRegion) = Offer与背景知识冲突。",0,0,
hard_case_0365,domain,domain(latitude) = GeoCoordinates,"背景知识：
条目1：
- 名称：latitude
- 类型：Property
- 简介：The latitude of a location. For example <code>37.42242</code> (<a href=""https://en.wikipedia.org/wiki/World_Geodetic_System"">WGS 84</a>).
- 补充信息：domainIncludes: http://schema.org/GeoCoordinates, http://schema.org/Place | rangeIncludes: http://schema.org/Number, http://schema.org/Text

条目2：
- 名称：GeoCoordinates
- 类型：Property
- 简介：GeoCoordinates is a property in the knowledge base.",1,deepseek-ai/DeepSeek-R1-Distill-Qwen-32B,0.0,8192,https://api2.aigcbest.top/v1,"好，我现在需要判断给定的RDFS公理是否正确。公理是domain(latitude) = GeoCoordinates。首先，我得理解每个部分的含义。

根据背景知识，latitude是一个属性，它的domainIncludes包括http://schema.org/GeoCoordinates和http://schema.org/Place。这意味着latitude的主体应该是GeoCoordinates或Place类的实例。而GeoCoordinates也是一个属性，类型是Property，简介中提到它是一个知识库中的属性。

RDFS的domain公理表示属性的主体必须属于某个类。所以，domain(latitude) = GeoCoordinates意味着所有使用latitude属性的主体都必须是GeoCoordinates类的实例。然而，背景知识中latitude的domain还包括Place，这说明latitude的主体不仅可以是GeoCoordinates，也可以是Place。因此，将domain限制为仅GeoCoordinates是不正确的，因为它排除了Place类的实例，这与背景知识中的信息相冲突。

此外，常识上，latitude通常用于描述地理位置，而不仅仅是GeoCoordinates。Place类通常包括各种地理位置，所以latitude的domain应该包括Place，而不仅仅是GeoCoordinates。因此，这个公理与背景知识不符，是错误的。
</think>

判断结果：错误
解释：根据背景知识，latitude的domain包括GeoCoordinates和Place，而公理将其限制为仅GeoCoordinates，与背景知识冲突。",0,0,
hard_case_0366,domain,domain(legislationType) = Legislation,"背景知识：
条目1：
- 名称：legislationType
- 类型：Property
- 简介：The type of the legislation. Examples of values are ""law"", ""act"", ""directive"", ""decree"", ""regulation"", ""statutory instrument"", ""loi organique"", ""règlement grand-ducal"", etc., depending on the country.
- 补充信息：domainIncludes: http://schema.org/Legislation | rangeIncludes: http://schema.org/CategoryCode, http://schema.org/Text

条目2：
- 名称：Legislation
- 类型：Property
- 简介：Legislation is the process or result of enrolling, enacting, or promulgating laws by a legislature, parliament, or analogous governing body. Before an item of legislation becomes law it may be known as a bill, and may be broadly referred to...",1,deepseek-ai/DeepSeek-R1-Distill-Qwen-32B,0.0,8192,https://api2.aigcbest.top/v1,"嗯，我现在需要判断这个RDFS公理是否正确。公理是domain(legislationType) = Legislation。首先，我得理解每个部分的意思。

legislationType是一个属性，根据背景知识，它的domainIncludes是http://schema.org/Legislation，也就是说，这个属性的主体应该是Legislation类的实例。而Legislation在这里被用作一个类，因为它是一个Property吗？不对，条目2中Legislation的类型是Property，这可能有问题。

RDFS中的domain规则是指属性的主体属于某个类。所以，如果legislationType的domain是Legislation，那么Legislation应该是一个类，而不是属性。但根据背景知识，Legislation被定义为Property，这可能是一个错误。

另外，Legislation作为属性，可能不应该作为domain的值，因为domain通常期望的是一个类。这可能违反了RDFS的语义规则，导致公理不正确。

所以，综合来看，这个公理是错误的，因为Legislation被错误地用作类，而实际上它是一个属性。
</think>

判断结果：错误
解释：根据背景知识，Legislation被定义为一个Property，而domain公理中的Legislation应为一个类，这与RDFS语义规则冲突。",0,0,
hard_case_0367,domain,domain(letterer) = VisualArtwork,"背景知识：
条目1：
- 名称：letterer
- 类型：Property
- 简介：The individual who adds lettering, including speech balloons and sound effects, to artwork.
- 补充信息：domainIncludes: http://schema.org/ComicIssue, http://schema.org/ComicStory, http://schema.org/VisualArtwork | rangeIncludes: http://schema.org/Person

条目2：
- 名称：VisualArtwork
- 类型：Property
- 简介：VisualArtwork is a property in the knowledge base.",1,deepseek-ai/DeepSeek-R1-Distill-Qwen-32B,0.0,8192,https://api2.aigcbest.top/v1,"好，我现在需要判断给定的RDFS公理是否正确。公理是domain(letterer) = VisualArtwork。首先，我得理解每个部分的含义。

letterer是一个属性，根据背景知识，它的domain包括ComicIssue、ComicStory和VisualArtwork。也就是说，letterer的主体可以是这些类中的任何一个。而VisualArtwork在这里被用作domain，表示letterer的主体必须属于VisualArtwork类。

接下来，我需要检查VisualArtwork的类型。背景知识中提到VisualArtwork是一个Property，也就是说它是一个属性，而不是一个类。在RDFS中，domain的值应该是一个类，而不是属性。因此，将VisualArtwork作为domain的值是不正确的，因为它本身不是类，而是属性。

此外，根据RDFS的语义规则，domain约束的是属性的主体类型，必须是类。而VisualArtwork作为属性，不能作为domain的值。因此，这个公理违反了RDFS的规则，是错误的。

总结一下，公理domain(letterer) = VisualArtwork是错误的，因为VisualArtwork是一个属性，而不是类，不能作为domain的值。
</think>

判断结果：错误
解释：VisualArtwork被定义为一个属性，而domain约束应指向一个类，因此将VisualArtwork作为domain是不正确的。",0,0,
hard_case_0368,domain,domain(measurementMethod) = StatisticalVariable,"背景知识：
条目1：
- 名称：measurementMethod
- 类型：Property
- 简介：A subproperty of <a class=""localLink"" href=""/measurementTechnique"">measurementTechnique</a> that can be used for specifying specific methods, in particular via <a class=""localLink"" href=""/MeasurementMethodEnum"">MeasurementMethodEnum</a>.
- 补充信息：domainIncludes: http://schema.org/DataCatalog, http://schema.org/DataDownload, http://schema.org/Dataset, http://schema.org/Observation, http://schema.org/PropertyValue, http://sch...

条目2：
- 名称：StatisticalVariable
- 类型：Property
- 简介：StatisticalVariable is a property in the knowledge base.",1,deepseek-ai/DeepSeek-R1-Distill-Qwen-32B,0.0,8192,https://api2.aigcbest.top/v1,"好，我现在需要分析这个RDFS公理是否正确。公理是domain(measurementMethod) = StatisticalVariable。首先，我得理解每个部分的含义。

measurementMethod是一个属性，根据背景知识，它是一个subproperty of measurementTechnique，用于指定具体的方法，特别是通过MeasurementMethodEnum。它的domain包括DataCatalog、DataDownload、Dataset、Observation、PropertyValue等类。

StatisticalVariable也是一个属性，背景中提到它是一个知识库中的属性，但没有详细说明它的domain或range。

现在，公理说measurementMethod的domain是StatisticalVariable。这意味着measurementMethod只能用于StatisticalVariable类的实例。但根据背景知识，measurementMethod的domain包括多个类，而StatisticalVariable只是其中一个属性，可能不是它的主体类。

根据RDFS规则，domain约束了属性的主体必须属于某个类。如果公理设定domain为StatisticalVariable，那么所有使用measurementMethod的实例都必须是StatisticalVariable的实例。但实际情况是，measurementMethod的domain更广泛，包括DataCatalog等，所以这个公理限制了它的使用范围，与背景知识不符。

因此，这个公理是错误的，因为它与已知的domain信息冲突。
</think>

判断结果：错误
解释：根据背景知识，measurementMethod的domain包括多个类，而公理将其限制为StatisticalVariable，与已知信息冲突。",0,0,
hard_case_0369,domain,domain(medicalSpecialty) = MedicalOrganization,"背景知识：
条目1：
- 名称：medicalSpecialty
- 类型：Property
- 简介：A medical specialty of the provider.
- 补充信息：domainIncludes: http://schema.org/Hospital, http://schema.org/MedicalClinic, http://schema.org/MedicalOrganization, http://schema.org/Physician | rangeIncludes: http://schema.org/M...

条目2：
- 名称：MedicalOrganization
- 类型：Property
- 简介：MedicalOrganization is a property in the knowledge base.",1,deepseek-ai/DeepSeek-R1-Distill-Qwen-32B,0.0,8192,https://api2.aigcbest.top/v1,"好，我现在需要分析这个RDFS公理是否正确。公理是domain(medicalSpecialty) = MedicalOrganization。首先，我得理解每个部分的含义。

根据背景知识，medicalSpecialty是一个属性，它的domain包括Hospital、MedicalClinic、MedicalOrganization和Physician。而MedicalOrganization在这里被描述为一个属性，这可能有问题，因为通常MedicalOrganization应该是一个类，而不是属性。

RDFS的domain公理规定，属性的domain应该是一个类，表示该属性的主体属于这个类。如果MedicalOrganization被错误地定义为属性而不是类，那么domain(medicalSpecialty) = MedicalOrganization就会有问题，因为domain应该指向类，而不是属性。

此外，常识上，MedicalOrganization通常是一个类，代表医疗机构，而不是属性。所以，这里可能有定义上的错误，导致公理不正确。

综上所述，这个公理是错误的，因为它将属性MedicalOrganization作为domain，而domain应该是一个类。
</think>

判断结果：错误
解释：MedicalOrganization被错误地定义为属性，而domain应指向类，导致公理不正确。",0,0,
hard_case_0370,domain,domain(memberOf) = Organization,"背景知识：
条目1：
- 名称：memberOf
- 类型：Property
- 简介：An Organization (or ProgramMembership) to which this Person or Organization belongs.
- 补充信息：domainIncludes: http://schema.org/Organization, http://schema.org/Person | rangeIncludes: http://schema.org/MemberProgramTier, http://schema.org/Organization, http://schema.org/Pro...

条目2：
- 名称：Organization
- 类型：Property
- 简介：An organization or organisation is an entity—such as a company, or corporation or an institution, or an association—comprising one or more people and having a particular purpose.",1,deepseek-ai/DeepSeek-R1-Distill-Qwen-32B,0.0,8192,https://api2.aigcbest.top/v1,"好，我现在需要判断给定的RDFS公理是否正确。公理是domain(memberOf) = Organization。首先，我得理解每个部分的含义。

memberOf是一个属性，根据背景知识，它表示一个组织或项目会员资格，属于某个组织或个人。它的domain包括Organization和Person，也就是说，这个属性的主体可以是组织或人。而range包括MemberProgramTier、Organization和ProgramMembership，说明客体可以是这些类的实例。

接下来，公理domain(memberOf) = Organization，意味着memberOf属性的主体必须是Organization类的实例。但根据背景知识，memberOf的domain还包括Person，所以主体也可以是Person。这与公理中的domain限制为Organization相冲突，因为公理排除了Person作为主体的可能性。

因此，这个公理是错误的，因为它没有考虑到memberOf属性的主体还可以是Person。
</think>

判断结果：错误
解释：根据背景知识，memberOf的domain包括Organization和Person，而公理将其限制为Organization，与背景知识冲突。",0,0,
hard_case_0371,domain,domain(merchantReturnDays) = MerchantReturnPolicySeasonalOverride,"背景知识：
条目1：
- 名称：merchantReturnDays
- 类型：Property
- 简介：Specifies either a fixed return date or the number of days (from the delivery date) that a product can be returned. Used when the <a class=""localLink"" href=""/returnPolicyCategory"">returnPolicyCategory</a> property is specified as <a class=""...
- 补充信息：domainIncludes: http://schema.org/MerchantReturnPolicy, http://schema.org/MerchantReturnPolicySeasonalOverride | rangeIncludes: http://schema.org/Date, http://schema.org/DateTime,....

条目2：
- 名称：MerchantReturnPolicySeasonalOverride
- 类型：Property
- 简介：MerchantReturnPolicySeasonalOverride is a property in the knowledge base.",1,deepseek-ai/DeepSeek-R1-Distill-Qwen-32B,0.0,8192,https://api2.aigcbest.top/v1,"嗯，我现在需要判断这个RDFS公理是否正确。公理是domain(merchantReturnDays) = MerchantReturnPolicySeasonalOverride。首先，我得理解每个部分的意思。

首先，merchantReturnDays是一个属性，根据背景知识，它的domain包括MerchantReturnPolicy和MerchantReturnPolicySeasonalOverride。也就是说，这个属性的主体可以是这两个类中的任何一个。而range包括Date和DateTime，说明它的值应该是日期类型。

接下来，公理说domain(merchantReturnDays)等于MerchantReturnPolicySeasonalOverride。这可能意味着merchantReturnDays的主体只能是MerchantReturnPolicySeasonalOverride类。但根据背景知识，merchantReturnDays的domain还包括MerchantReturnPolicy，所以这个公理可能不正确，因为它排除了MerchantReturnPolicy作为主体的可能性。

另外，RDFS的domain规则规定，属性的主体必须属于domain指定的类。如果公理将domain限制为仅MerchantReturnPolicySeasonalOverride，那么MerchantReturnPolicy就不能作为主体使用，这与背景知识中的信息相冲突，因为背景明确说明domain包括这两个类。

所以，这个公理是错误的，因为它没有正确反映background knowledge中merchantReturnDays的domain范围。
</think>

判断结果：错误
解释：根据背景知识，merchantReturnDays的domain包括MerchantReturnPolicy和MerchantReturnPolicySeasonalOverride，而公理将其限制为仅MerchantReturnPolicySeasonalOverride，与背景知识冲突。",0,0,
hard_case_0372,domain,domain(numAdults) = LodgingReservation,"背景知识：
条目1：
- 名称：numAdults
- 类型：Property
- 简介：The number of adults staying in the unit.
- 补充信息：domainIncludes: http://schema.org/LodgingReservation | rangeIncludes: http://schema.org/Integer, http://schema.org/QuantitativeValue

条目2：
- 名称：LodgingReservation
- 类型：Property
- 简介：LodgingReservation is a property in the knowledge base.",1,deepseek-ai/DeepSeek-R1-Distill-Qwen-32B,0.0,8192,https://api2.aigcbest.top/v1,"嗯，我现在需要判断这个RDFS公理是否正确。公理是domain(numAdults) = LodgingReservation。首先，我得理解每个部分的意思。

numAdults是一个属性，根据背景知识，它的domainIncludes是LodgingReservation，也就是说，numAdults的主体应该是LodgingReservation类的实例。而LodgingReservation在这里被描述为一个Property，这可能有问题，因为通常domain应该指向一个类，而不是属性。

RDFS的语义规则中，domain约束的是属性的主体类型。如果LodgingReservation被定义为一个类，那么这个公理是正确的。但根据背景知识，LodgingReservation被列为Property类型，这可能意味着它被错误地分类了。如果它实际上是一个类，那么公理是正确的；否则，如果它确实是属性，那么domain约束就不正确，因为属性不能作为类来使用。

所以，这里可能存在背景知识中的错误，将LodgingReservation定义为Property，而实际上它应该是一个类。因此，这个公理是错误的，因为它违反了RDFS的语义规则，domain应该指向类，而不是属性。
</think>

判断结果：错误
解释：根据背景知识，LodgingReservation被定义为一个Property，而domain约束应指向一个类，因此该公理违反了RDFS语义规则。",0,0,
hard_case_0373,domain,domain(numConstraints) = ConstraintNode,"背景知识：
条目1：
- 名称：numConstraints
- 类型：Property
- 简介：Indicates the number of constraints property values defined for a particular <a class=""localLink"" href=""/ConstraintNode"">ConstraintNode</a> such as <a class=""localLink"" href=""/StatisticalVariable"">StatisticalVariable</a>. This helps applica...
- 补充信息：domainIncludes: http://schema.org/ConstraintNode | rangeIncludes: http://schema.org/Integer

条目2：
- 名称：ConstraintNode
- 类型：Property
- 简介：ConstraintNode is a property in the knowledge base.",1,deepseek-ai/DeepSeek-R1-Distill-Qwen-32B,0.0,8192,https://api2.aigcbest.top/v1,"好，我现在需要判断给定的RDFS公理是否正确。公理是domain(numConstraints) = ConstraintNode。首先，我得理解每个部分的含义。

numConstraints是一个属性，根据背景知识，它的domainIncludes是http://schema.org/ConstraintNode，这意味着numConstraints的主体应该是ConstraintNode类的实例。而公理中说domain(numConstraints)等于ConstraintNode，这在RDFS中是正确的，因为domain定义了属性的主体类型。

接下来，我需要确认ConstraintNode是否确实是一个类。背景知识中提到ConstraintNode是Property类型，这可能有问题。通常，domain应该指向一个类，而不是属性。如果ConstraintNode是属性，那么将其作为domain可能不符合RDFS的语义规则，因为domain应该指定类，而不是属性。

因此，这里可能存在混淆。numConstraints的domain应该是ConstraintNode类，而不是属性。如果ConstraintNode被错误地定义为属性，那么这个公理就是错误的，因为它违反了RDFS的规则，即domain必须指向类。

综上所述，公理domain(numConstraints) = ConstraintNode是错误的，因为ConstraintNode被错误地定义为属性，而domain应该指向类。
</think>

判断结果：错误
解释：numConstraints的domain应为ConstraintNode类，但ConstraintNode被错误地定义为属性，违反了RDFS规则。",0,0,
hard_case_0374,domain,domain(occupancy) = HotelRoom,"背景知识：
条目1：
- 名称：occupancy
- 类型：Property
- 简介：The allowed total occupancy for the accommodation in persons (including infants etc). For individual accommodations, this is not necessarily the legal maximum but defines the permitted usage as per the contractual agreement (e.g. a double r...
- 补充信息：domainIncludes: http://schema.org/Accommodation, http://schema.org/Apartment, http://schema.org/HotelRoom, http://schema.org/SingleFamilyResidence, http://schema.org/Suite | rangeI...

条目2：
- 名称：HotelRoom
- 类型：Property
- 简介：Hotel Room is an American drama anthology series that aired for three episodes on HBO on January 8, 1993, with a rerun the next night. Created by Monty Montgomery and David Lynch, each episode stars a different cast and takes place in the s...",1,deepseek-ai/DeepSeek-R1-Distill-Qwen-32B,0.0,8192,https://api2.aigcbest.top/v1,"好，我现在需要分析这个RDFS公理是否正确。公理是domain(occupancy) = HotelRoom。首先，我得理解每个部分的意思。

occupancy是一个属性，根据背景知识，它的domain包括Accommodation、Apartment、HotelRoom、SingleFamilyResidence和Suite。这意味着occupancy属性的主体可以是这些类中的任何一个。而HotelRoom在这里被用作一个类，但根据条目2，HotelRoom实际上是一个Property，这可能有问题。

接下来，RDFS的domain规则规定，属性的domain应该是一个类，而不是另一个属性。因为HotelRoom在这里被定义为Property，所以它不能作为domain的值。这违反了RDFS的语义规则。

另外，从背景知识来看，occupancy的domain已经明确包括了HotelRoom作为类，而不是属性。所以，将HotelRoom作为domain的值是不正确的，因为它本身不是类，而是属性。

综上所述，这个公理是错误的，因为它违反了RDFS的规则，并且与背景知识中的信息不符。
</think>

判断结果：错误
解释：HotelRoom被定义为一个Property，而RDFS的domain公理要求domain必须是一个类，因此将HotelRoom作为domain是不正确的。",0,0,
hard_case_0375,domain,domain(penciler) = ComicStory,"背景知识：
条目1：
- 名称：penciler
- 类型：Property
- 简介：The individual who draws the primary narrative artwork.
- 补充信息：domainIncludes: http://schema.org/ComicIssue, http://schema.org/ComicStory, http://schema.org/VisualArtwork | rangeIncludes: http://schema.org/Person

条目2：
- 名称：ComicStory
- 类型：Property
- 简介：ComicStory is a property in the knowledge base.",1,deepseek-ai/DeepSeek-R1-Distill-Qwen-32B,0.0,8192,https://api2.aigcbest.top/v1,"嗯，我现在需要判断这个RDFS公理是否正确。公理是domain(penciler) = ComicStory。首先，我得理解每个部分的意思。

penciler是一个属性，根据背景知识，它的domain包括ComicIssue、ComicStory和VisualArtwork。也就是说，penciler这个属性的主体可以是这三种类中的任何一个。而ComicStory在这里被用作domain，也就是penciler的主体必须是ComicStory类的实例。

接下来，我需要检查这个公理是否符合RDFS的语义规则。RDFS中的domain公理规定，属性的主体必须属于指定的类。如果penciler的domain被设定为ComicStory，那么所有使用penciler属性的主体都必须是ComicStory的实例。

但是，根据背景知识，penciler的domain还包括ComicIssue和VisualArtwork。这意味着penciler的主体可以是这三者中的任何一个，而不仅仅是ComicStory。因此，将domain(penciler)设为ComicStory会限制penciler只能用于ComicStory类，这与背景知识中的domainIncludes信息相冲突。

所以，这个公理是错误的，因为它与已知的domainIncludes信息不符，限制了penciler的使用范围，使其无法应用于ComicIssue和VisualArtwork。
</think>

判断结果：错误
解释：根据背景知识，penciler的domain包括ComicIssue、ComicStory和VisualArtwork，而公理domain(penciler) = ComicStory限制了penciler的主体只能是ComicStory，这与背景知识中的domainIncludes信息相冲突。",0,0,
hard_case_0377,domain,domain(petsAllowed) = LodgingBusiness,"背景知识：
条目1：
- 名称：petsAllowed
- 类型：Property
- 简介：Indicates whether pets are allowed to enter the accommodation or lodging business. More detailed information can be put in a text value.
- 补充信息：domainIncludes: http://schema.org/Accommodation, http://schema.org/ApartmentComplex, http://schema.org/FloorPlan, http://schema.org/LodgingBusiness | rangeIncludes: http://schema.o...

条目2：
- 名称：LodgingBusiness
- 类型：Property
- 简介：LodgingBusiness is a property in the knowledge base.",1,deepseek-ai/DeepSeek-R1-Distill-Qwen-32B,0.0,8192,https://api2.aigcbest.top/v1,"好，我现在需要分析这个RDFS公理是否正确。公理是domain(petsAllowed) = LodgingBusiness。首先，我得理解每个部分的含义。

根据背景知识，petsAllowed是一个属性，它的domain包括Accommodation、ApartmentComplex、FloorPlan和LodgingBusiness。而LodgingBusiness在这里被描述为一个属性，但实际上，它应该是一个类，因为通常在RDFS中，类和属性是不同的。这可能是一个错误。

接下来，RDFS的domain公理表示属性的主体必须属于某个类。所以，如果LodgingBusiness被错误地定义为属性而不是类，那么domain(petsAllowed) = LodgingBusiness就会有问题，因为domain应该指向一个类，而不是属性。

另外，常识上，LodgingBusiness应该是一个类，表示住宿业务，而petsAllowed的主体应该是这些类的实例，比如Accommodation或LodgingBusiness类的实例。因此，如果LodgingBusiness被错误地定义为属性，那么这个公理就不正确。

综上所述，这个公理是错误的，因为它将属性LodgingBusiness作为domain，而实际上它应该是一个类。
</think>

判断结果：错误
解释：LodgingBusiness被错误地定义为属性，而它实际上应该是一个类，因此domain(petsAllowed) = LodgingBusiness与背景知识冲突。",0,0,
hard_case_0378,domain,domain(price) = Offer,"背景知识：
条目1：
- 名称：price
- 类型：Property
- 简介：The offer price of a product, or of a price component when attached to PriceSpecification and its subtypes.<br/><br/> Usage guidelines:<br/><br/> <ul> <li>Use the <a class=""localLink"" href=""/priceCurrency"">priceCurrency</a> property (with s...
- 补充信息：domainIncludes: http://schema.org/DonateAction, http://schema.org/Offer, http://schema.org/PriceSpecification, http://schema.org/TradeAction | rangeIncludes: http://schema.org/Numb...

条目2：
- 名称：Offer
- 类型：Property
- 简介：(The) Offer or offers may refer to:",1,deepseek-ai/DeepSeek-R1-Distill-Qwen-32B,0.0,8192,https://api2.aigcbest.top/v1,"嗯，我现在需要判断这个RDFS公理是否正确。公理是domain(price) = Offer，也就是说，属性price的主体必须属于类Offer。首先，我得理解domain和range在RDFS中的含义。domain表示属性的主体属于某个类，而range则是属性的客体属于某个类。

接下来，我查看背景知识。条目1中提到price是一个属性，它的domainIncludes包括DonateAction、Offer、PriceSpecification和TradeAction。这意味着price的主体可以是这些类中的任何一个，而不仅仅是Offer。所以，如果公理说domain(price) = Offer，那它只涵盖了Offer，而忽略了其他可能的类，比如DonateAction和TradeAction，这显然不符合背景知识中的信息。

另外，RDFS的语义规则中，domain约束是必须满足的，也就是说，如果一个属性的domain被定义为某个类，那么所有使用该属性的实例的主体都必须属于该类。但在这里，price的domain不仅仅是Offer，还包括其他类，所以公理domain(price) = Offer是不正确的，因为它限制了price只能用于Offer类，而实际上它还可以用于其他类。

综上所述，这个公理与背景知识中的domainIncludes信息不符，因此是错误的。
</think>

判断结果：错误
解释：根据背景知识，price的domain包括多个类，而不仅仅是Offer，因此公理domain(price) = Offer与背景知识不符。",0,0,
hard_case_0379,domain,domain(price) = PriceSpecification,"背景知识：
条目1：
- 名称：price
- 类型：Property
- 简介：The offer price of a product, or of a price component when attached to PriceSpecification and its subtypes.<br/><br/> Usage guidelines:<br/><br/> <ul> <li>Use the <a class=""localLink"" href=""/priceCurrency"">priceCurrency</a> property (with s...
- 补充信息：domainIncludes: http://schema.org/DonateAction, http://schema.org/Offer, http://schema.org/PriceSpecification, http://schema.org/TradeAction | rangeIncludes: http://schema.org/Numb...

条目2：
- 名称：PriceSpecification
- 类型：Property
- 简介：PriceSpecification is a property in the knowledge base.",1,deepseek-ai/DeepSeek-R1-Distill-Qwen-32B,0.0,8192,https://api2.aigcbest.top/v1,"好，我现在需要分析给定的RDFS公理是否正确。公理是domain(price) = PriceSpecification。首先，我得理解每个部分的含义。

根据背景知识，price是一个属性，它的domainIncludes包括DonateAction、Offer、PriceSpecification和TradeAction。这意味着price的主体可以是这些类中的任何一个。而PriceSpecification本身也是一个属性，而不是一个类。

RDFS中的domain规则规定，属性的domain应该是一个类，而不是另一个属性。因为domain表示属性的主体属于某个类，而PriceSpecification在这里被误用为一个类，但实际上它是一个属性。因此，将PriceSpecification作为domain是不正确的。

所以，这个公理违反了RDFS的语义规则，因为它错误地将属性用作类。因此，这个公理是错误的。
</think>

判断结果：错误
解释：根据背景知识，price的domain包括多个类，而PriceSpecification是一个属性，不能作为domain的值。",0,0,
hard_case_0381,domain,domain(restockingFee) = MerchantReturnPolicySeasonalOverride,"背景知识：
条目1：
- 名称：restockingFee
- 类型：Property
- 简介：Use <a class=""localLink"" href=""/MonetaryAmount"">MonetaryAmount</a> to specify a fixed restocking fee for product returns, or use <a class=""localLink"" href=""/Number"">Number</a> to specify a percentage of the product price paid by the custome...
- 补充信息：domainIncludes: http://schema.org/MerchantReturnPolicy, http://schema.org/MerchantReturnPolicySeasonalOverride | rangeIncludes: http://schema.org/MonetaryAmount, http://schema.org/...

条目2：
- 名称：MerchantReturnPolicySeasonalOverride
- 类型：Property
- 简介：MerchantReturnPolicySeasonalOverride is a property in the knowledge base.",1,deepseek-ai/DeepSeek-R1-Distill-Qwen-32B,0.0,8192,https://api2.aigcbest.top/v1,"好，我现在需要分析这个RDFS公理是否正确。公理是domain(restockingFee) = MerchantReturnPolicySeasonalOverride。首先，我得理解每个部分的含义。

restockingFee是一个属性，根据背景知识，它的domain包括MerchantReturnPolicy和MerchantReturnPolicySeasonalOverride。也就是说，restockingFee的主体可以是这两个类中的任何一个。而domain公理在这里表示restockingFee的主体必须属于MerchantReturnPolicySeasonalOverride类。

接下来，我需要检查这个公理是否符合RDFS的语义规则。RDFS中的domain约束规定，属性的主体必须属于指定的类。如果公理声明domain(restockingFee) = MerchantReturnPolicySeasonalOverride，那么所有使用restockingFee的实例都必须属于这个类。

然而，背景知识中提到restockingFee的domain还包括MerchantReturnPolicy。这意味着restockingFee的主体可以是这两个类中的任何一个，而不仅仅是MerchantReturnPolicySeasonalOverride。因此，将domain限制为仅MerchantReturnPolicySeasonalOverride会排除掉MerchantReturnPolicy的情况，这与背景知识不符。

此外，常识上，restockingFee通常与商家的退货政策相关，而不仅仅是季节性调整的政策。因此，将domain仅限制为季节性覆盖类可能过于狭窄，不符合实际应用。

综上所述，这个公理与背景知识中的domainIncludes信息相冲突，因此是错误的。
</think>

判断结果：错误
解释：根据背景知识，restockingFee的domain包括MerchantReturnPolicy和MerchantReturnPolicySeasonalOverride，而公理将其限制为仅MerchantReturnPolicySeasonalOverride，与背景知识冲突。",0,0,
hard_case_0382,domain,domain(review) = Service,"背景知识：
条目1：
- 名称：review
- 类型：Property
- 简介：A review of the item.
- 补充信息：domainIncludes: http://schema.org/Brand, http://schema.org/CreativeWork, http://schema.org/Event, http://schema.org/Offer, http://schema.org/Organization, http://schema.org/Place,....

条目2：
- 名称：Service
- 类型：Property
- 简介：Service may refer to:",1,deepseek-ai/DeepSeek-R1-Distill-Qwen-32B,0.0,8192,https://api2.aigcbest.top/v1,"好，我现在需要分析这个RDFS公理是否正确。公理是domain(review) = Service，也就是说，属性review的主体必须属于Service类。

首先，我查看背景知识。条目1中，review的类型是Property，简介是“对项目的评论”，补充信息显示它的domainIncludes包括Brand、CreativeWork、Event、Offer、Organization、Place等等。这些类都是review的主体可能属于的类别。

接下来，条目2中，Service也是一个Property，简介提到Service可能指代的内容，但并没有明确说明它是一个类还是属性。不过，通常在RDFS中，类和属性是不同的，Service在这里可能被误认为是类，但实际上它被标记为Property，这可能是一个问题。

根据RDFS的语义规则，domain约束的是属性的主体必须属于某个类。如果Service是一个类，那么domain(review)=Service意味着所有review的主体必须是Service类的实例。但根据背景知识，review的主体包括Brand、CreativeWork等多个类，而Service在这里可能被错误地作为类使用，而实际上它可能是一个属性。

此外，Service作为属性，可能不应该被用作domain的值，因为domain应该指向类，而不是属性。这可能导致语义上的错误，因为属性不能作为类来约束其他属性的主体。

综上所述，这个公理与背景知识中的补充信息不符，因为review的主体类不包括Service，而且Service可能被错误地用作类。因此，这个公理是错误的。
</think>

判断结果：错误
解释：根据背景知识，属性review的主体类包括Brand、CreativeWork、Event等，而Service被定义为属性，不能作为类用于domain约束，因此该公理与背景知识冲突。",0,0,
hard_case_0383,domain,domain(runtimePlatform) = SoftwareSourceCode,"背景知识：
条目1：
- 名称：runtimePlatform
- 类型：Property
- 简介：Runtime platform or script interpreter dependencies (example: Java v1, Python 2.3, .NET Framework 3.0).
- 补充信息：domainIncludes: http://schema.org/SoftwareApplication, http://schema.org/SoftwareSourceCode | rangeIncludes: http://schema.org/RuntimePlatform, http://schema.org/Text

条目2：
- 名称：SoftwareSourceCode
- 类型：Property
- 简介：SoftwareSourceCode is a property in the knowledge base.",1,deepseek-ai/DeepSeek-R1-Distill-Qwen-32B,0.0,8192,https://api2.aigcbest.top/v1,"好，我现在需要分析这个RDFS公理是否正确。公理是domain(runtimePlatform) = SoftwareSourceCode。首先，我得理解每个部分的含义。

runtimePlatform是一个属性，根据背景知识，它的domainIncludes包括SoftwareApplication和SoftwareSourceCode。这意味着runtimePlatform的主体可以是这两个类中的任何一个。而SoftwareSourceCode也是一个属性，类型是Property。

接下来，RDFS的domain公理表示属性的主体必须属于某个类。这里公理说runtimePlatform的domain是SoftwareSourceCode，也就是说，runtimePlatform只能用于SoftwareSourceCode类的实例作为主体。但根据背景知识，runtimePlatform的主体还可以是SoftwareApplication，所以这个公理限制了它的主体只能是SoftwareSourceCode，这与背景知识中的domainIncludes不符。

因此，这个公理是错误的，因为它排除了SoftwareApplication作为runtimePlatform的主体，而背景知识明确允许这种情况。
</think>

判断结果：错误
解释：根据背景知识，runtimePlatform的domain包括SoftwareApplication和SoftwareSourceCode，而公理将其限制为仅SoftwareSourceCode，与背景知识冲突。",0,0,
hard_case_0384,domain,domain(serviceArea) = Service,"背景知识：
条目1：
- 名称：serviceArea
- 类型：Property
- 简介：The geographic area where the service is provided.
- 补充信息：domainIncludes: http://schema.org/ContactPoint, http://schema.org/Organization, http://schema.org/Service | rangeIncludes: http://schema.org/AdministrativeArea, http://schema.org/G...

条目2：
- 名称：Service
- 类型：Property
- 简介：Service may refer to:",1,deepseek-ai/DeepSeek-R1-Distill-Qwen-32B,0.0,8192,https://api2.aigcbest.top/v1,"好，我现在需要判断给定的RDFS公理是否正确。公理是domain(serviceArea) = Service。首先，我得理解每个部分的含义。

serviceArea是一个属性，根据背景知识，它的domain包括ContactPoint、Organization和Service。也就是说，serviceArea的主体可以是这三个类中的任何一个。而公理中说domain(serviceArea)等于Service，这意味着只有Service类的实例才能作为serviceArea的主体。

接下来，我需要检查这是否与背景知识一致。背景知识明确指出，serviceArea的domain包括Service，但同时也包括ContactPoint和Organization。因此，将domain限制为仅Service是不正确的，因为它排除了其他合法的主体类。

根据RDFS的语义规则，domain约束了属性的主体必须属于指定的类。如果公理将domain设置为Service，那么其他类如ContactPoint和Organization就不能使用serviceArea属性，这与背景知识中的信息相冲突。

因此，这个公理是错误的，因为它没有涵盖所有允许的domain类，反而限制了它们的使用。
</think>

判断结果：错误
解释：根据背景知识，serviceArea的domain包括ContactPoint、Organization和Service，而公理将其限制为仅Service，与背景知识冲突。",0,0,
hard_case_0385,domain,domain(shippingDestination) = DeliveryTimeSettings,"背景知识：
条目1：
- 名称：shippingDestination
- 类型：Property
- 简介：indicates (possibly multiple) shipping destinations. These can be defined in several ways, e.g. postalCode ranges.
- 补充信息：domainIncludes: http://schema.org/DeliveryTimeSettings, http://schema.org/OfferShippingDetails, http://schema.org/ShippingConditions, http://schema.org/ShippingRateSettings | range...

条目2：
- 名称：DeliveryTimeSettings
- 类型：Property
- 简介：DeliveryTimeSettings is a property in the knowledge base.",1,deepseek-ai/DeepSeek-R1-Distill-Qwen-32B,0.0,8192,https://api2.aigcbest.top/v1,"好，我现在需要分析这个RDFS公理是否正确。公理是domain(shippingDestination) = DeliveryTimeSettings。首先，我得理解每个部分的含义。

shippingDestination是一个属性，根据背景知识，它的domain包括DeliveryTimeSettings、OfferShippingDetails、ShippingConditions和ShippingRateSettings。这意味着shippingDestination的主体可以是这些类中的任何一个。

接下来，公理说domain(shippingDestination)等于DeliveryTimeSettings。这可能意味着shippingDestination的主体只能是DeliveryTimeSettings类的实例。但根据背景知识，domain还包括其他类，所以这可能不正确。

RDFS的domain规则规定，属性的domain应该限制其主体的类。如果公理将domain限制为DeliveryTimeSettings，而背景知识显示还有其他类，那么这个公理可能过于严格，排除了其他合法的主体类。

因此，这个公理与背景知识中的domainIncludes信息不符，因为它只指定了一个类，而实际上还有其他类。所以，这个公理是错误的。
</think>

判断结果：错误
解释：根据背景知识，shippingDestination的domain包括DeliveryTimeSettings、OfferShippingDetails、ShippingConditions和ShippingRateSettings，而公理将其限制为仅DeliveryTimeSettings，这与背景知识不符。",0,0,
hard_case_0386,domain,domain(slogan) = Brand,"背景知识：
条目1：
- 名称：slogan
- 类型：Property
- 简介：A slogan or motto associated with the item.
- 补充信息：domainIncludes: http://schema.org/Brand, http://schema.org/Organization, http://schema.org/Place, http://schema.org/Product, http://schema.org/Service | rangeIncludes: http://schem...

条目2：
- 名称：Brand
- 类型：Property
- 简介：A brand is a name, term, design, symbol or any other feature that distinguishes one seller's goods or service from those of other sellers. Brands are studied in business, marketing, and advertising and used for recognition and, importantly,...",1,deepseek-ai/DeepSeek-R1-Distill-Qwen-32B,0.0,8192,https://api2.aigcbest.top/v1,"嗯，我现在需要判断这个RDFS公理是否正确。公理是domain(slogan) = Brand。首先，我得理解每个部分的意思。

公理中的domain指的是属性的主体类型，也就是slogan这个属性的主体应该属于哪个类。而Brand在这里是一个类，对吗？根据背景知识，slogan的domainIncludes包括Brand、Organization、Place、Product、Service。所以，slogan的主体可以是这些类中的任何一个。

现在，公理说domain(slogan) = Brand，这意味着slogan的主体只能是Brand类。但根据背景知识，slogan的主体还可以是Organization、Place、Product、Service，而不仅仅是Brand。所以，这个公理限制了slogan的主体只能是Brand，这与背景知识中的信息不符。

另外，RDFS的domain规则允许属性的主体属于指定类或其子类。如果公理是domain(slogan) = Brand，那么slogan只能用于Brand类的实例，而不能用于其他类，比如Organization。这显然与实际情况不符，因为slogan可以属于品牌、组织、产品等多个类。

因此，这个公理是错误的，因为它过于严格地限制了slogan的主体类型，排除了其他合法的类。
</think>

判断结果：错误
解释：根据背景知识，slogan的domain包括Brand、Organization、Place、Product和Service，而不仅仅是Brand，因此公理domain(slogan) = Brand与背景知识不符。",0,0,
hard_case_0387,domain,domain(status) = MedicalStudy,"背景知识：
条目1：
- 名称：status
- 类型：Property
- 简介：The status of the study (enumerated).
- 补充信息：domainIncludes: http://schema.org/MedicalCondition, http://schema.org/MedicalProcedure, http://schema.org/MedicalStudy | rangeIncludes: http://schema.org/EventStatusType, http://sc...

条目2：
- 名称：MedicalStudy
- 类型：Property
- 简介：MedicalStudy is a property in the knowledge base.",1,deepseek-ai/DeepSeek-R1-Distill-Qwen-32B,0.0,8192,https://api2.aigcbest.top/v1,"嗯，我现在需要判断这个RDFS公理是否正确。公理是domain(status) = MedicalStudy。首先，我得理解每个部分的意思。

根据背景知识，status是一个属性，它的domain包括MedicalCondition、MedicalProcedure和MedicalStudy。也就是说，status这个属性的主体可以是这三种类中的任意一种。而MedicalStudy本身也是一个属性，类型是Property。

RDFS的domain公理表示属性的主体必须属于某个类。这里公理说status的domain是MedicalStudy，意味着所有使用status属性的主体都必须是MedicalStudy类的实例。但根据背景知识，status的domain还包括MedicalCondition和MedicalProcedure，所以这个公理可能限制了status的使用范围，排除了其他可能的主体类。

另外，MedicalStudy作为属性，可能不应该作为domain的值，因为domain通常期望的是一个类，而不是另一个属性。这可能违反了RDFS的语义规则，因为属性不能作为类来使用。

综上所述，这个公理与背景知识中的domainIncludes信息不符，而且可能违反了RDFS的规则，所以判断为错误。
</think>

判断结果：错误
解释：根据背景知识，status的domain包括MedicalCondition、MedicalProcedure和MedicalStudy，而公理domain(status) = MedicalStudy限制了status的主体只能是MedicalStudy，这与背景知识中的domainIncludes信息不符。",0,0,
hard_case_0389,domain,domain(suitableForDiet) = MenuItem,"背景知识：
条目1：
- 名称：suitableForDiet
- 类型：Property
- 简介：Indicates a dietary restriction or guideline for which this recipe or menu item is suitable, e.g. diabetic, halal etc.
- 补充信息：domainIncludes: http://schema.org/MenuItem, http://schema.org/Recipe | rangeIncludes: http://schema.org/Diet, http://schema.org/RestrictedDiet

条目2：
- 名称：MenuItem
- 类型：Property
- 简介：MenuItem is a property in the knowledge base.",1,deepseek-ai/DeepSeek-R1-Distill-Qwen-32B,0.0,8192,https://api2.aigcbest.top/v1,"嗯，我现在需要判断这个RDFS公理是否正确。公理是domain(suitableForDiet) = MenuItem。首先，我得理解每个部分的意思。

首先，suitableForDiet是一个属性，根据背景知识，它的domainIncludes包括MenuItem和Recipe，而rangeIncludes是Diet和RestrictedDiet。这意味着suitableForDiet的主体应该是MenuItem或Recipe，客体是Diet或RestrictedDiet。

然后，公理说domain(suitableForDiet) = MenuItem，也就是suitableForDiet的主体只能是MenuItem。但根据背景知识，domain还包括Recipe，所以这个公理可能不正确，因为它排除了Recipe作为主体的可能性。

再考虑RDFS的语义规则，domain约束了属性的主体类型。如果公理声明domain是MenuItem，那么所有使用suitableForDiet的实例都必须是MenuItem的实例。但背景知识中明确说明domain包括MenuItem和Recipe，所以公理与背景知识冲突。

因此，这个公理是错误的，因为它没有包含Recipe，而根据背景知识，Recipe也是suitableForDiet的合法主体。
</think>

判断结果：错误
解释：根据背景知识，suitableForDiet的domain包括MenuItem和Recipe，而公理仅声明domain为MenuItem，与背景知识冲突。",0,0,
hard_case_0390,domain,domain(typicalCreditsPerTerm) = EducationalOccupationalProgram,"背景知识：
条目1：
- 名称：typicalCreditsPerTerm
- 类型：Property
- 简介：The number of credits or units a full-time student would be expected to take in 1 term however 'term' is defined by the institution.
- 补充信息：domainIncludes: http://schema.org/EducationalOccupationalProgram | rangeIncludes: http://schema.org/Integer, http://schema.org/StructuredValue

条目2：
- 名称：EducationalOccupationalProgram
- 类型：Property
- 简介：EducationalOccupationalProgram is a property in the knowledge base.",1,deepseek-ai/DeepSeek-R1-Distill-Qwen-32B,0.0,8192,https://api2.aigcbest.top/v1,"好，我现在需要分析给定的RDFS公理是否正确。公理是domain(typicalCreditsPerTerm) = EducationalOccupationalProgram。首先，我得理解每个部分的含义。

typicalCreditsPerTerm是一个属性，根据背景知识，它的domainIncludes是EducationalOccupationalProgram，这意味着它的主体应该是这个类的实例。而EducationalOccupationalProgram在这里被描述为一个属性，这可能有问题，因为通常domain应该指向一个类，而不是属性。

接下来，RDFS的语义规则指出，domain约束的是属性的主体类型。如果EducationalOccupationalProgram被错误地定义为属性而不是类，那么将它作为domain是不正确的。正确的做法应该是EducationalOccupationalProgram是一个类，这样typicalCreditsPerTerm的domain才能正确地指向它。

因此，公理中的domain设置是错误的，因为EducationalOccupationalProgram被错误地定义为属性，而不是类。这导致了类型上的不匹配，违反了RDFS的语义规则。
</think>

判断结果：错误
解释：EducationalOccupationalProgram被定义为属性，而domain约束应指向类，导致类型不匹配。",0,0,
hard_case_0392,domain,domain(weight) = Product,"背景知识：
条目1：
- 名称：weight
- 类型：Property
- 简介：The weight of the product or person.
- 补充信息：domainIncludes: http://schema.org/OfferShippingDetails, http://schema.org/Person, http://schema.org/Product, http://schema.org/ShippingConditions, http://schema.org/VisualArtwork |...

条目2：
- 名称：Product
- 类型：Property
- 简介：Product may refer to:",1,deepseek-ai/DeepSeek-R1-Distill-Qwen-32B,0.0,8192,https://api2.aigcbest.top/v1,"好，我现在需要判断给定的RDFS公理是否正确。公理是domain(weight) = Product，也就是属性weight的主体必须属于Product类。

首先，我查看背景知识。条目1中提到weight的domainIncludes包括多个类，如OfferShippingDetails、Person、Product、ShippingConditions和VisualArtwork。这表明weight属性的主体可以是这些类中的任何一个，而不仅仅是Product。

接下来，根据RDFS的语义规则，domain约束规定属性的主体必须属于指定的类。如果公理domain(weight) = Product，那么weight只能用于Product类的实例。然而，背景知识显示weight还可以用于其他类，比如Person，这与公理的约束相冲突。

因此，这个公理是错误的，因为它限制了weight的使用范围，而实际上weight可以应用于多个类。
</think>

判断结果：错误
解释：根据背景知识，weight的domain包括多个类，而不仅仅是Product，因此domain(weight) = Product与背景知识冲突。",0,0,
hard_case_0393,domain,domain(width) = MediaObject,"背景知识：
条目1：
- 名称：width
- 类型：Property
- 简介：The width of the item.
- 补充信息：domainIncludes: http://schema.org/MediaObject, http://schema.org/OfferShippingDetails, http://schema.org/Product, http://schema.org/ShippingConditions, http://schema.org/VisualArtw...

条目2：
- 名称：MediaObject
- 类型：Property
- 简介：The Media Object Server (MOS) protocol allows newsroom computer systems (NRCS) to communicate using a standard protocol with video servers, audio servers, still stores, and character generators for broadcast production.",1,deepseek-ai/DeepSeek-R1-Distill-Qwen-32B,0.0,8192,https://api2.aigcbest.top/v1,"嗯，我现在需要判断这个RDFS公理是否正确。公理是domain(width) = MediaObject。首先，我得理解每个部分的意思。

首先，domain(width)指的是属性width的主体类型。也就是说，任何使用width属性的主体都必须属于MediaObject类。接下来，我需要查看背景知识中的条目。

条目1中，width是一个属性，它的domainIncludes包括了MediaObject、OfferShippingDetails、Product、ShippingConditions、VisualArt等等。这说明width属性的主体可以是这些类中的任何一个，而不仅仅是MediaObject。

然后，条目2中，MediaObject被描述为一个类，用于表示媒体对象服务器协议，允许新闻室计算机系统与视频服务器等通信。这说明MediaObject是一个具体的类，而width属性的domain不仅仅是它，还包括其他类。

根据RDFS的语义规则，domain约束了属性的主体类型。如果公理domain(width) = MediaObject，那么width只能用于MediaObject类的实例。但根据背景知识，width的domain还包括其他类，所以这个公理限制了width的使用范围，与实际情况不符。

因此，这个公理是错误的，因为它没有涵盖width属性的所有可能主体类型，而只是部分。
</think>

判断结果：错误
解释：根据背景知识，width属性的domain包括多个类，而不仅仅是MediaObject，因此将domain(width)限制为MediaObject是不正确的。",0,0,
hard_case_0394,domain,domain(width) = OfferShippingDetails,"背景知识：
条目1：
- 名称：width
- 类型：Property
- 简介：The width of the item.
- 补充信息：domainIncludes: http://schema.org/MediaObject, http://schema.org/OfferShippingDetails, http://schema.org/Product, http://schema.org/ShippingConditions, http://schema.org/VisualArtw...

条目2：
- 名称：OfferShippingDetails
- 类型：Property
- 简介：OfferShippingDetails is a property in the knowledge base.",1,deepseek-ai/DeepSeek-R1-Distill-Qwen-32B,0.0,8192,https://api2.aigcbest.top/v1,"嗯，我现在需要判断这个RDFS公理是否正确。公理是domain(width) = OfferShippingDetails。首先，我得理解每个部分的意思。

首先，domain(width)指的是属性width的主体类型。也就是说，任何使用width属性的主体必须属于某个类。而OfferShippingDetails是一个类，对吗？根据背景知识，条目2中提到OfferShippingDetails是一个属性，类型是Property，简介里说它是一个知识库中的属性。这可能有点问题，因为通常domain应该指向一个类，而不是属性。

然后，条目1中提到width的domainIncludes包括了多个类，比如MediaObject、OfferShippingDetails、Product等等。这说明width属性的主体可以是这些类的实例。但是，这里有一个问题，OfferShippingDetails在条目2中被定义为一个属性，而不是一个类。这可能意味着在RDFS中，OfferShippingDetails应该是一个类，而不是属性，否则作为domain的话，可能会有类型错误。

根据RDFS的语义规则，domain应该是一个类，而属性不能作为domain的值。所以，如果OfferShippingDetails被错误地定义为属性，那么将其作为domain是不正确的。这可能是一个错误，因为属性不能作为类来使用。

另外，常识上，OfferShippingDetails可能应该是一个类，表示与Offer相关的_shipping_细节，而width作为一个属性，通常用于描述物体的宽度，所以它的domain应该是具体的物品类，比如Product、MediaObject等，而不是一个属性。

综上所述，这个公理可能有错误，因为OfferShippingDetails被错误地定义为属性，而domain应该指向类。因此，这个公理是不正确的。
</think>

判断结果：错误
解释：OfferShippingDetails被定义为属性，而domain应指向类，导致公理不正确。",0,0,
hard_case_0396,range,range(author) = Organization,"背景知识：
条目1：
- 名称：author
- 类型：Property
- 简介：The author of this content or rating. Please note that author is special in that HTML 5 provides a special mechanism for indicating authorship via the rel tag. That is equivalent to this and may be used interchangeably.
- 补充信息：domainIncludes: http://schema.org/CreativeWork, http://schema.org/Rating | rangeIncludes: http://schema.org/Organization, http://schema.org/Person

条目2：
- 名称：Organization
- 类型：Property
- 简介：An organization or organisation is an entity—such as a company, or corporation or an institution, or an association—comprising one or more people and having a particular purpose.",1,deepseek-ai/DeepSeek-R1-Distill-Qwen-32B,0.0,8192,https://api2.aigcbest.top/v1,"好，我现在需要判断给定的RDFS公理是否正确。公理是range(author) = Organization。首先，我得理解这个公理的意思。range表示属性的客体类型，所以这里的意思是说，属性author的客体必须是Organization类的实例。

接下来，我查看背景知识。条目1中提到，author的rangeIncludes包括Organization和Person。这意味着author的值可以是Organization或者Person。而公理却说range(author)只能是Organization，这显然与背景知识不符，因为author还可以指向Person。

再根据RDFS的语义规则，range约束应该覆盖所有可能的客体类型。如果公理限制range只能是Organization，那么它排除了Person的可能性，这与背景知识中的补充信息相冲突。因此，这个公理是错误的，因为它没有正确反映author的range范围。
</think>

判断结果：错误
解释：根据背景知识，author的range包括Organization和Person，而公理将其限制为仅Organization，与背景知识冲突。",0,0,
hard_case_0398,range,range(businessDays) = OpeningHoursSpecification,"背景知识：
条目1：
- 名称：businessDays
- 类型：Property
- 简介：Days of the week when the merchant typically operates, indicated via opening hours markup.
- 补充信息：domainIncludes: http://schema.org/ServicePeriod, http://schema.org/ShippingDeliveryTime | rangeIncludes: http://schema.org/DayOfWeek, http://schema.org/OpeningHoursSpecification

条目2：
- 名称：OpeningHoursSpecification
- 类型：Property
- 简介：OpeningHoursSpecification is a property in the knowledge base.",1,deepseek-ai/DeepSeek-R1-Distill-Qwen-32B,0.0,8192,https://api2.aigcbest.top/v1,"好，我现在需要分析这个RDFS公理是否正确。公理是range(businessDays) = OpeningHoursSpecification。首先，我得理解每个部分的含义。

根据背景知识，businessDays是一个属性，它的rangeIncludes包括http://schema.org/DayOfWeek和http://schema.org/OpeningHoursSpecification。这意味着businessDays的值应该属于这两个类之一。

接下来，公理中说range(businessDays)等于OpeningHoursSpecification。这表示businessDays的值只能是OpeningHoursSpecification类的实例。然而，根据背景知识，businessDays的range还包括DayOfWeek，所以它的值不仅可以是OpeningHoursSpecification，也可以是DayOfWeek。

因此，这个公理限制了businessDays的range，排除了DayOfWeek的可能性，这与背景知识中的rangeIncludes信息不符。所以，这个公理是错误的。
</think>

判断结果：错误
解释：根据背景知识，businessDays的range包括DayOfWeek和OpeningHoursSpecification，而公理将其限制为仅OpeningHoursSpecification，与背景知识冲突。",0,0,
hard_case_0399,range,range(carbohydrateContent) = Mass,"背景知识：
条目1：
- 名称：carbohydrateContent
- 类型：Property
- 简介：The number of grams of carbohydrates.
- 补充信息：domainIncludes: http://schema.org/NutritionInformation | rangeIncludes: http://schema.org/Mass

条目2：
- 名称：Mass
- 类型：Property
- 简介：Mass is an intrinsic property of a body. In modern physics, it is generally defined as the strength of an object's gravitational attraction to other bodies - as measured by an observer moving along at the same speed.",1,deepseek-ai/DeepSeek-R1-Distill-Qwen-32B,0.0,8192,https://api2.aigcbest.top/v1,"嗯，我现在需要判断这个RDFS公理是否正确。公理是range(carbohydrateContent) = Mass。首先，我得理解每个部分的意思。

carbohydrateContent是一个属性，根据背景知识，它的domain是NutritionInformation，range是Mass。也就是说，这个属性的值应该属于Mass类。Mass本身也是一个属性，描述的是物体的质量，比如克、千克等。

接下来，我得看看RDFS的语义规则。range公理规定，属性的值必须属于指定的类。这里carbohydrateContent的range是Mass，所以它的值应该属于Mass类。但Mass在这里是一个属性，而不是一个类。这可能有问题，因为通常range应该指向一个类，而不是另一个属性。

再结合常识，carbohydrateContent的值通常是具体的数值，比如克数，而Mass作为属性，可能用来表示质量，但作为类的话，可能更合适。所以，这里可能混淆了类和属性的概念。

因此，这个公理可能不正确，因为它将属性Mass作为range，而range应该指向类，而不是属性。这可能违反了RDFS的语义规则，导致公理错误。
</think>

判断结果：错误
解释：根据背景知识，carbohydrateContent的range是Mass，但Mass被定义为属性，而range应指向类，因此公理错误。",0,0,
hard_case_0400,range,range(certificationIdentification) = DefinedTerm,"背景知识：
条目1：
- 名称：certificationIdentification
- 类型：Property
- 简介：Identifier of a certification instance (as registered with an independent certification body). Typically this identifier can be used to consult and verify the certification instance. See also <a href=""https://www.gs1.org/voc/certificationId...
- 补充信息：domainIncludes: http://schema.org/Certification | rangeIncludes: http://schema.org/DefinedTerm, http://schema.org/Text

条目2：
- 名称：DefinedTerm
- 类型：Property
- 简介：DefinedTerm is a property in the knowledge base.",1,deepseek-ai/DeepSeek-R1-Distill-Qwen-32B,0.0,8192,https://api2.aigcbest.top/v1,"好，我现在需要分析这个RDFS公理是否正确。公理是range(certificationIdentification) = DefinedTerm。首先，我得理解每个部分的含义。

certificationIdentification是一个属性，根据背景知识，它的domain是Certification，range包括DefinedTerm和Text。这意味着这个属性的值可以是DefinedTerm或者Text类型。

接下来，公理说range(certificationIdentification)等于DefinedTerm。这可能意味着certificationIdentification的值只能是DefinedTerm，而不能是Text或者其他类型。但根据背景知识，rangeIncludes明确包括了DefinedTerm和Text，所以公理可能过于严格，排除了Text的可能性。

RDFS的range规则允许属性的值属于指定类的实例，而rangeIncludes表示可能的值，但并不排除其他可能性。因此，将range严格限定为DefinedTerm可能与背景知识中的rangeIncludes冲突，因为它排除了Text。

所以，这个公理可能不正确，因为它限制了属性的值，而背景知识允许更广泛的范围。
</think>

判断结果：错误
解释：根据背景知识，certificationIdentification的rangeIncludes包括DefinedTerm和Text，而公理将其range限定为DefinedTerm，排除了Text的可能性，与背景知识冲突。",0,0,
hard_case_0401,range,range(dataFeedElement) = DataFeedItem,"背景知识：
条目1：
- 名称：dataFeedElement
- 类型：Property
- 简介：An item within a data feed. Data feeds may have many elements.
- 补充信息：domainIncludes: http://schema.org/DataFeed | rangeIncludes: http://schema.org/DataFeedItem, http://schema.org/Text, http://schema.org/Thing

条目2：
- 名称：DataFeedItem
- 类型：Property
- 简介：DataFeedItem is a property in the knowledge base.",1,deepseek-ai/DeepSeek-R1-Distill-Qwen-32B,0.0,8192,https://api2.aigcbest.top/v1,"好，我现在需要判断给定的RDFS公理是否正确。公理是range(dataFeedElement) = DataFeedItem。首先，我得理解每个部分的含义。

dataFeedElement是一个属性，根据背景知识，它的rangeIncludes包括DataFeedItem、Text和Thing。这意味着dataFeedElement的值可以是这三者中的任何一个。而公理却说range(dataFeedElement)等于DataFeedItem，这可能意味着它只能取DataFeedItem的值。

接下来，我需要回顾RDFS的语义规则。range约束规定属性的值必须属于指定的类。如果公理声明range(dataFeedElement) = DataFeedItem，那么所有dataFeedElement的值都必须是DataFeedItem的实例。然而，背景知识显示，dataFeedElement的range还包括Text和Thing，这与公理的声明相冲突。

因此，公理与背景知识中的rangeIncludes信息不符，因为它限制了范围，排除了其他可能的值。所以，这个公理是错误的。
</think>

判断结果：错误
解释：根据背景知识，dataFeedElement的rangeIncludes包括DataFeedItem、Text和Thing，而公理声明range(dataFeedElement) = DataFeedItem，这与背景知识中的rangeIncludes信息相冲突。",0,0,
hard_case_0402,range,range(dateModified) = Date,"背景知识：
条目1：
- 名称：dateModified
- 类型：Property
- 简介：The date on which the CreativeWork was most recently modified or when the item's entry was modified within a DataFeed.
- 补充信息：domainIncludes: http://schema.org/CreativeWork, http://schema.org/DataFeedItem | rangeIncludes: http://schema.org/Date, http://schema.org/DateTime

条目2：
- 名称：Date
- 类型：Property
- 简介：Date or dates may refer to:Date, the fruit of the date palm Jujube, also known as red date or Chinese date, the fruit of Ziziphus jujuba",1,deepseek-ai/DeepSeek-R1-Distill-Qwen-32B,0.0,8192,https://api2.aigcbest.top/v1,"好，我现在需要判断给定的RDFS公理是否正确。公理是range(dateModified) = Date。首先，我得理解这个公理的意思。range表示属性的客体类型，所以这里的意思是dateModified属性的值必须是Date类型。

接下来，我查看背景知识。条目1中提到dateModified的rangeIncludes是http://schema.org/Date和http://schema.org/DateTime。这说明dateModified的值可以是Date或者DateTime类型。而条目2中，Date被描述为一个Property，可能指的是日期类型，但这里可能有些混淆，因为Date通常是一个类，而不是属性。

根据RDFS的语义规则，range约束了属性的值类型。如果公理中说range(dateModified) = Date，那么dateModified的所有值都必须是Date类型。然而，背景知识中指出dateModified的range包括Date和DateTime，这意味着DateTime也是一个有效的值类型。因此，公理中的range限制过于严格，排除了DateTime的可能性，这与背景知识不符。

所以，这个公理是错误的，因为它没有考虑到DateTime的情况，导致与背景知识中的rangeIncludes信息冲突。
</think>

判断结果：错误
解释：根据背景知识，dateModified的range包括Date和DateTime，而公理将其限制为仅Date，与背景知识冲突。",0,0,
hard_case_0403,range,range(deliveryStatus) = DeliveryEvent,"背景知识：
条目1：
- 名称：deliveryStatus
- 类型：Property
- 简介：New entry added as the package passes through each leg of its journey (from shipment to final delivery).
- 补充信息：domainIncludes: http://schema.org/ParcelDelivery | rangeIncludes: http://schema.org/DeliveryEvent

条目2：
- 名称：DeliveryEvent
- 类型：Property
- 简介：DeliveryEvent is a property in the knowledge base.",1,deepseek-ai/DeepSeek-R1-Distill-Qwen-32B,0.0,8192,https://api2.aigcbest.top/v1,"嗯，我现在需要判断这个RDFS公理是否正确。公理是range(deliveryStatus) = DeliveryEvent。首先，我得理解每个部分的意思。

deliveryStatus是一个属性，根据背景知识，它的domain是ParcelDelivery，range是DeliveryEvent。也就是说，deliveryStatus的值应该属于DeliveryEvent类。那DeliveryEvent在这里被定义为一个属性，这可能有问题，因为通常range应该指向一个类，而不是属性。

RDFS的range规则规定，属性的range应该是一个类，这样所有该属性的值都必须属于这个类。如果DeliveryEvent被定义为属性，那么它不能作为range的值，因为range需要的是类。这可能是一个错误，因为DeliveryEvent在这里可能被错误地分类为属性，而实际上它应该是一个类。

所以，这个公理可能不正确，因为它将属性作为range，而range应该是一个类。这与RDFS的语义规则不符，导致公理错误。
</think>

判断结果：错误
解释：DeliveryEvent被定义为属性，而range应指向类，导致公理与RDFS规则冲突。",0,0,
hard_case_0404,range,range(diseaseSpreadStatistics) = WebContent,"背景知识：
条目1：
- 名称：diseaseSpreadStatistics
- 类型：Property
- 简介：Statistical information about the spread of a disease, either as <a class=""localLink"" href=""/WebContent"">WebContent</a>, or described directly as a <a class=""localLink"" href=""/Dataset"">Dataset</a>, or the specific <a class=""localLink"" href=...
- 补充信息：domainIncludes: http://schema.org/SpecialAnnouncement | rangeIncludes: http://schema.org/Dataset, http://schema.org/Observation, http://schema.org/URL, http://schema.org/WebContent

条目2：
- 名称：WebContent
- 类型：Property
- 简介：WebContent is a property in the knowledge base.",1,deepseek-ai/DeepSeek-R1-Distill-Qwen-32B,0.0,8192,https://api2.aigcbest.top/v1,"好，我现在需要分析这个RDFS公理是否正确。公理是range(diseaseSpreadStatistics) = WebContent。首先，我得理解每个部分的含义。

diseaseSpreadStatistics是一个属性，根据背景知识，它的rangeIncludes包括Dataset、Observation、URL和WebContent。这意味着这个属性的值可以是这些类中的任何一个。

接下来，公理中说range是WebContent，也就是diseaseSpreadStatistics的值必须是WebContent。但根据背景知识，range还包括其他类，比如Dataset和URL。所以，如果公理强制range只能是WebContent，那就会排除其他可能的值，这与背景知识不符。

另外，RDFS的range规则允许属性有多个可能的范围，而公理却将其限制为单一的WebContent，这显然与背景知识中的多值范围相冲突。因此，这个公理是错误的。
</think>

判断结果：错误
解释：根据背景知识，diseaseSpreadStatistics的range包括多个类，而公理将其限制为仅WebContent，与背景知识冲突。",0,0,
hard_case_0405,range,range(educationalCredentialAwarded) = URL,"背景知识：
条目1：
- 名称：educationalCredentialAwarded
- 类型：Property
- 简介：A description of the qualification, award, certificate, diploma or other educational credential awarded as a consequence of successful completion of this course or program.
- 补充信息：domainIncludes: http://schema.org/Course, http://schema.org/EducationalOccupationalProgram | rangeIncludes: http://schema.org/EducationalOccupationalCredential, http://schema.org/T...

条目2：
- 名称：URL
- 类型：Property
- 简介：A uniform resource locator (URL), colloquially known as a web address, is a reference to a resource on the World Wide Web. A URL specifies the location of a resource on a computer network and a mechanism for retrieving it. A URL is a specif...",1,deepseek-ai/DeepSeek-R1-Distill-Qwen-32B,0.0,8192,https://api2.aigcbest.top/v1,"嗯，我现在需要判断这个RDFS公理是否正确。公理是range(educationalCredentialAwarded) = URL。首先，我得理解每个部分的意思。

首先，educationalCredentialAwarded是一个属性，根据背景知识，它的domain包括Course和EducationalOccupationalProgram，而range包括EducationalOccupationalCredential和可能的其他类型。这说明这个属性通常用来描述教育资格，比如证书或文凭。

然后，URL也是一个属性，通常用来表示网页地址。它的范围应该是某种资源，比如网页、文档等，而不是教育资格。

现在，公理说educationalCredentialAwarded的range是URL，这意味着这个属性的值必须是URL类型。但根据背景知识，educationalCredentialAwarded的range应该是教育相关的类，比如证书，而不是URL。所以，这里存在冲突。

再考虑RDFS的语义规则，range约束了属性的值类型。如果属性的值应该是教育资格，而公理却说它是URL，这明显不符合。因此，这个公理是错误的。
</think>

判断结果：错误
解释：根据背景知识，educationalCredentialAwarded的range应为教育资格相关类，而URL表示网页地址，两者语义不符。",0,0,
hard_case_0406,range,range(fundedItem) = Product,"背景知识：
条目1：
- 名称：fundedItem
- 类型：Property
- 简介：Indicates something directly or indirectly funded or sponsored through a <a class=""localLink"" href=""/Grant"">Grant</a>. See also <a class=""localLink"" href=""/ownershipFundingInfo"">ownershipFundingInfo</a>.
- 补充信息：domainIncludes: http://schema.org/Grant | rangeIncludes: http://schema.org/BioChemEntity, http://schema.org/CreativeWork, http://schema.org/Event, http://schema.org/MedicalEntity,....

条目2：
- 名称：Product
- 类型：Property
- 简介：Product may refer to:",1,deepseek-ai/DeepSeek-R1-Distill-Qwen-32B,0.0,8192,https://api2.aigcbest.top/v1,"好，我现在需要判断给定的RDFS公理是否正确。公理是range(fundedItem) = Product。首先，我得理解每个部分的含义。

fundedItem是一个属性，根据背景知识，它的rangeIncludes包括BioChemEntity、CreativeWork、Event、MedicalEntity等等。而Product在这里被定义为一个Property，但根据常识，Product通常指的是产品，可能是一个类而不是属性。这可能是个问题，因为range应该指向一个类，而不是另一个属性。

接下来，我检查RDFS的语义规则。range公理规定属性的值必须属于某个类。如果Product在这里被错误地用作类，而实际上它可能是一个属性，那么这个公理就不正确。因为fundedItem的range已经明确包括了多个类，而Product并没有被列出，所以将range限制为Product是不合理的。

此外，Product作为属性可能与fundedItem的预期范围不符。fundedItem通常涉及的是项目、作品等，而Product可能指的是商品，这可能不在fundedItem的范围内。因此，这个公理与背景知识中的rangeIncludes信息相冲突。

综上所述，这个公理是错误的，因为它不符合背景知识中的范围定义，并且可能混淆了类和属性的使用。
</think>

判断结果：错误
解释：根据背景知识，fundedItem的range包括BioChemEntity、CreativeWork、Event、MedicalEntity等，而Product作为属性与这些类无关，因此range(fundedItem) = Product与背景知识冲突。",0,0,
hard_case_0407,range,range(genre) = URL,"背景知识：
条目1：
- 名称：genre
- 类型：Property
- 简介：Genre of the creative work, broadcast channel or group.
- 补充信息：domainIncludes: http://schema.org/BroadcastChannel, http://schema.org/CreativeWork, http://schema.org/MusicGroup | rangeIncludes: http://schema.org/DefinedTerm, http://schema.org/T...

条目2：
- 名称：URL
- 类型：Property
- 简介：A uniform resource locator (URL), colloquially known as a web address, is a reference to a resource on the World Wide Web. A URL specifies the location of a resource on a computer network and a mechanism for retrieving it. A URL is a specif...",1,deepseek-ai/DeepSeek-R1-Distill-Qwen-32B,0.0,8192,https://api2.aigcbest.top/v1,"好，我现在需要判断给定的RDFS公理是否正确。公理是range(genre) = URL。首先，我得理解每个部分的含义。

公理中的genre是一个属性，根据背景知识，它的domain包括BroadcastChannel、CreativeWork和MusicGroup，而range包括DefinedTerm和Thing。这意味着genre的值应该属于这些类中的一个。

接下来，URL也是一个属性，它的简介说明它是一个统一资源定位符，用于指向网络上的资源。通常，URL的值是一个字符串，指向具体的网页或资源。

现在，公理说genre的range是URL，也就是说，genre的值必须是URL类型的资源。但根据背景知识，genre的range是DefinedTerm和Thing，而不是URL。因此，这与给定的背景知识不符。

此外，从语义上看，genre通常用来描述类型或类别，比如音乐类型、文学类型等，这些通常用DefinedTerm来表示，而不是URL。URL通常用于指向具体的网页或资源，而不是分类信息。

因此，这个公理与背景知识和常识相冲突，所以判断为错误。
</think>

判断结果：错误
解释：根据背景知识，genre的range应为DefinedTerm或Thing，而URL通常表示网络资源地址，与genre的语义不符。",0,0,
hard_case_0408,range,range(geoEquals) = Place,"背景知识：
条目1：
- 名称：geoEquals
- 类型：Property
- 简介：Represents spatial relations in which two geometries (or the places they represent) are topologically equal, as defined in <a href=""https://en.wikipedia.org/wiki/DE-9IM"">DE-9IM</a>. ""Two geometries are topologically equal if their interiors...
- 补充信息：domainIncludes: http://schema.org/GeospatialGeometry, http://schema.org/Place | rangeIncludes: http://schema.org/GeospatialGeometry, http://schema.org/Place

条目2：
- 名称：Place
- 类型：Property
- 简介：Place may refer to:",1,deepseek-ai/DeepSeek-R1-Distill-Qwen-32B,0.0,8192,https://api2.aigcbest.top/v1,"好，我现在需要判断给定的RDFS公理是否正确。公理是range(geoEquals) = Place。首先，我得理解每个部分的含义。

首先，识别公理中的概念。这里涉及的是属性geoEquals，以及类Place。根据背景知识，geoEquals是一个属性，表示两个几何体或它们代表的地方在拓扑上相等。而Place在这里被描述为一个类，可能指的是地理位置。

接下来，分析背景知识中的补充信息。geoEquals的domainIncludes包括GeospatialGeometry和Place，rangeIncludes也包括这两个类。这意味着geoEquals的主体和客体都可以是GeospatialGeometry或Place。

然后，根据RDFS的语义规则，range约束了属性的客体必须属于某个类。这里公理说geoEquals的range是Place，意味着geoEquals的客体必须是Place类的实例。但根据背景知识，geoEquals的range还包括GeospatialGeometry，所以客体也可以是这个类的实例。

因此，公理range(geoEquals) = Place与背景知识中的rangeIncludes信息不符，因为它排除了GeospatialGeometry的可能性。这违反了RDFS的语义规则，因为range应该包括所有可能的客体类，而不仅仅是Place。

综上所述，这个公理是错误的，因为它没有正确反映geoEquals的range约束。
</think>

判断结果：错误
解释：根据背景知识，geoEquals的rangeIncludes包括GeospatialGeometry和Place，而公理将其range限制为Place，与背景知识冲突。",0,0,
hard_case_0409,range,range(height) = Integer,"背景知识：
条目1：
- 名称：height
- 类型：Property
- 简介：The height of the item.
- 补充信息：domainIncludes: http://schema.org/MediaObject, http://schema.org/OfferShippingDetails, http://schema.org/Person, http://schema.org/Product, http://schema.org/ShippingConditions, ht...

条目2：
- 名称：Integer
- 类型：Property
- 简介：An integer is the number zero (0), a positive natural number, or the negation of a positive natural number. The negations or additive inverses of the positive natural numbers are referred to as negative integers. The set of all integers is....",0,deepseek-ai/DeepSeek-R1-Distill-Qwen-32B,0.0,8192,https://api2.aigcbest.top/v1,"好，我现在需要判断给定的RDFS公理是否正确。公理是range(height) = Integer。首先，我得理解这个公理的意思。range表示属性的客体类型，所以这里的意思是height属性的值必须是Integer类型。

接下来，我查看背景知识。条目1中，height是一个属性，简介是“项目的高度”，补充信息里提到它的domain包括MediaObject、OfferShippingDetails、Person、Product、ShippingConditions等。这些类通常与高度相关，比如Person的高度是用数字表示的，Product的高度可能也是数字。所以height的值应该是数值类型。

然后看条目2，Integer是属性，简介中提到整数包括零、正自然数和负自然数。这说明Integer是一个数值类型，适合表示高度的值。

根据RDFS语义规则，range约束了属性的值类型。height的值通常是数字，而Integer是数字的一种，所以将range(height)设为Integer是合理的。这符合常识，因为高度通常用整数或浮点数表示，而这里Integer作为范围是合适的。

综上所述，这个公理是正确的，因为它符合背景知识和语义规则。
</think>

判断结果：正确
解释：根据背景知识，height属性的值通常为数值类型，而Integer表示整数，符合高度属性的语义约束。",1,0,
hard_case_0411,range,range(industry) = Text,"背景知识：
条目1：
- 名称：industry
- 类型：Property
- 简介：The industry associated with the job position.
- 补充信息：domainIncludes: http://schema.org/JobPosting | rangeIncludes: http://schema.org/DefinedTerm, http://schema.org/Text

条目2：
- 名称：Text
- 类型：Property
- 简介：Text may refer to:",1,deepseek-ai/DeepSeek-R1-Distill-Qwen-32B,0.0,8192,https://api2.aigcbest.top/v1,"好，我现在需要判断给定的RDFS公理是否正确。公理是range(industry) = Text。首先，我得理解每个部分的含义。

公理中的range表示属性的客体类型。这里，industry是一个属性，它的range被设定为Text。接下来，我需要查看背景知识中的相关信息。

在背景知识中，条目1提到industry的属性，其rangeIncludes包括http://schema.org/DefinedTerm和http://schema.org/Text。这说明industry的客体可以是DefinedTerm或Text。而条目2中，Text被定义为一个Property，可能指的是文本类型。

根据RDFS的语义规则，range约束了属性的客体类型。如果公理声明range(industry)=Text，那么所有使用industry属性的实例，其值必须是Text类型。然而，背景知识中指出，industry的range还包括DefinedTerm，这意味着industry的值不仅可以是Text，还可以是DefinedTerm。因此，将range严格限定为Text会排除掉DefinedTerm的可能性，这与背景知识不符。

因此，这个公理是错误的，因为它与背景知识中的rangeIncludes信息相冲突。
</think>

判断结果：错误
解释：根据背景知识，属性industry的range包括Text和DefinedTerm，而公理将其range限定为Text，排除了DefinedTerm的可能性，与背景知识冲突。",0,0,
hard_case_0412,range,range(itemOffered) = CreativeWork,"背景知识：
条目1：
- 名称：itemOffered
- 类型：Property
- 简介：An item being offered (or demanded). The transactional nature of the offer or demand is documented using <a class=""localLink"" href=""/businessFunction"">businessFunction</a>, e.g. sell, lease etc. While several common expected types are liste...
- 补充信息：domainIncludes: http://schema.org/Demand, http://schema.org/Offer | rangeIncludes: http://schema.org/AggregateOffer, http://schema.org/CreativeWork, http://schema.org/Event, http:/...

条目2：
- 名称：CreativeWork
- 类型：Property
- 简介：A creative work is a manifestation of creative effort in the world through a creative process involving one or more individuals. The term includes fine artwork, dance, writing (literature), filmmaking, and musical composition. The term is f...",1,deepseek-ai/DeepSeek-R1-Distill-Qwen-32B,0.0,8192,https://api2.aigcbest.top/v1,"好，我现在需要判断给定的RDFS公理是否正确。公理是range(itemOffered) = CreativeWork。首先，我得理解这个公理的意思。range表示属性的客体应属于某一类，所以这里的意思是itemOffered属性的值必须是CreativeWork类的实例。

接下来，我查看背景知识。条目1中提到itemOffered的rangeIncludes包括CreativeWork，AggregateOffer，Event等。这说明itemOffered的值可以是这些类中的任何一个，而不仅仅是CreativeWork。因此，公理range(itemOffered) = CreativeWork可能不正确，因为它限制了范围，而实际上范围更广。

再结合RDFS的语义规则，range公理应该准确反映属性的客体类型。如果公理将range限制为CreativeWork，而实际上还有其他类型，那么这个公理是错误的，因为它过于严格，排除了其他可能的正确值。

所以，判断结果应该是错误，因为公理与背景知识中的rangeIncludes信息不符，范围被错误地缩小了。
</think>

判断结果：错误
解释：根据背景知识，itemOffered的rangeIncludes包括CreativeWork、AggregateOffer、Event等，而公理将其范围限制为仅CreativeWork，与背景知识不符。",0,0,
hard_case_0413,range,range(itinerary) = Place,"背景知识：
条目1：
- 名称：itinerary
- 类型：Property
- 简介：Destination(s) ( <a class=""localLink"" href=""/Place"">Place</a> ) that make up a trip. For a trip where destination order is important use <a class=""localLink"" href=""/ItemList"">ItemList</a> to specify that order (see examples).
- 补充信息：domainIncludes: http://schema.org/Trip | rangeIncludes: http://schema.org/ItemList, http://schema.org/Place

条目2：
- 名称：Place
- 类型：Property
- 简介：Place may refer to:",1,deepseek-ai/DeepSeek-R1-Distill-Qwen-32B,0.0,8192,https://api2.aigcbest.top/v1,"好，我现在需要判断给定的RDFS公理是否正确。公理是range(itinerary) = Place。首先，我得理解这个公理的意思。range表示属性的客体类型，所以这里的意思是itinerary属性的值必须是Place类的实例。

接下来，我查看背景知识。条目1中提到itinerary是一个属性，其rangeIncludes包括ItemList和Place。这意味着itinerary的值可以是ItemList或者Place中的一个。而条目2中，Place被定义为一个类，可能指的是地理位置或其他场所。

根据RDFS的语义规则，range约束了属性的值类型。如果公理声明range(itinerary) = Place，那么所有使用itinerary属性的值都必须是Place类的实例。然而，背景知识中指出itinerary的range还包括ItemList，这说明itinerary的值不仅可以是Place，也可以是ItemList。因此，公理range(itinerary) = Place与背景知识中的rangeIncludes: ItemList, Place存在冲突，因为它排除了ItemList的可能性。

因此，这个公理是错误的，因为它没有考虑到itinerary还可以指向ItemList的情况。
</think>

判断结果：错误
解释：根据背景知识，itinerary的range包括Place和ItemList，而公理声明range(itinerary) = Place，排除了ItemList的可能性，与背景知识冲突。",0,0,
hard_case_0415,range,range(meetsEmissionStandard) = URL,"背景知识：
条目1：
- 名称：meetsEmissionStandard
- 类型：Property
- 简介：Indicates that the vehicle meets the respective emission standard.
- 补充信息：domainIncludes: http://schema.org/Vehicle | rangeIncludes: http://schema.org/QualitativeValue, http://schema.org/Text, http://schema.org/URL

条目2：
- 名称：URL
- 类型：Property
- 简介：A uniform resource locator (URL), colloquially known as a web address, is a reference to a resource on the World Wide Web. A URL specifies the location of a resource on a computer network and a mechanism for retrieving it. A URL is a specif...",1,deepseek-ai/DeepSeek-R1-Distill-Qwen-32B,0.0,8192,https://api2.aigcbest.top/v1,"嗯，我现在需要判断这个RDFS公理是否正确。公理是range(meetsEmissionStandard) = URL。首先，我得理解每个部分的意思。

meetsEmissionStandard是一个属性，根据背景知识，它的domain是Vehicle，也就是说这个属性的主体是车辆。而它的range包括QualitativeValue、Text和URL。所以，这个属性的客体可以是这些类型中的一个。

现在，公理说range(meetsEmissionStandard)等于URL。这意味着meetsEmissionStandard的客体只能是URL类型。但根据背景知识，range还包括QualitativeValue和Text，所以这个公理可能太严格了，排除了其他可能的类型。

RDFS的range规则允许属性的客体属于指定类的实例，但如果有多个range，通常会使用rdfs:range的逻辑或，而不是等于。所以，将range设为URL会与背景知识中的其他range冲突，导致公理不正确。

因此，这个公理是错误的，因为它限制了客体只能是URL，而实际上还有其他可能的类型。
</think>

判断结果：错误
解释：根据背景知识，meetsEmissionStandard的range包括QualitativeValue、Text和URL，而公理将其range限制为URL，与背景知识冲突。",0,0,
hard_case_0416,range,range(numAdults) = QuantitativeValue,"背景知识：
条目1：
- 名称：numAdults
- 类型：Property
- 简介：The number of adults staying in the unit.
- 补充信息：domainIncludes: http://schema.org/LodgingReservation | rangeIncludes: http://schema.org/Integer, http://schema.org/QuantitativeValue

条目2：
- 名称：QuantitativeValue
- 类型：Property
- 简介：QuantitativeValue is a property in the knowledge base.",1,deepseek-ai/DeepSeek-R1-Distill-Qwen-32B,0.0,8192,https://api2.aigcbest.top/v1,"好，我现在需要判断给定的RDFS公理是否正确。公理是range(numAdults) = QuantitativeValue。首先，我得理解每个部分的含义。

numAdults是一个属性，根据背景知识，它的rangeIncludes包括http://schema.org/Integer和http://schema.org/QuantitativeValue。这意味着numAdults的值可以是整数或者定量值。

接下来，公理说range(numAdults)等于QuantitativeValue。这可能意味着numAdults的值只能是QuantitativeValue类型。但根据背景知识，numAdults的range还包括Integer，所以这可能是一个问题。

RDFS的range公理通常表示属性的值必须属于某个类。如果公理声明range(numAdults) = QuantitativeValue，那么所有numAdults的值都必须是QuantitativeValue的实例。然而，numAdults的值也可以是Integer，这可能与公理冲突，因为Integer可能不是QuantitativeValue的子类。

另外，QuantitativeValue本身是一个属性，而不是一个类。这可能意味着它不能作为range的值，因为range通常期望一个类。这可能是一个错误，因为属性不能作为值的类型。

综上所述，公理可能与背景知识中的rangeIncludes冲突，同时QuantitativeValue作为属性可能不适合用作range。因此，这个公理是错误的。
</think>

判断结果：错误
解释：根据背景知识，numAdults的range包括Integer和QuantitativeValue，而公理声明range(numAdults) = QuantitativeValue，这与背景知识中的rangeIncludes信息冲突。",0,0,
hard_case_0417,range,range(offeredBy) = Person,"背景知识：
条目1：
- 名称：offeredBy
- 类型：Property
- 简介：A pointer to the organization or person making the offer.
- 补充信息：domainIncludes: http://schema.org/Offer | rangeIncludes: http://schema.org/Organization, http://schema.org/Person

条目2：
- 名称：Person
- 类型：Property
- 简介：A person is a being who has certain capacities or attributes such as reason, morality, consciousness or self-consciousness, and being a part of a culturally established form of social relations such as kinship, ownership of property, or leg...",1,deepseek-ai/DeepSeek-R1-Distill-Qwen-32B,0.0,8192,https://api2.aigcbest.top/v1,"嗯，我现在需要判断这个RDFS公理是否正确。公理是range(offeredBy) = Person。首先，我得理解每个部分的意思。

offeredBy是一个属性，根据背景知识，它的domain是Offer，range包括Organization和Person。也就是说，offeredBy的值可以是Organization或者Person中的一个。现在公理说range(offeredBy)等于Person，这可能有问题，因为根据背景知识，range还包括Organization。

接下来，我得回忆RDFS的语义规则。range约束的是属性的值类型，这里公理将range限制为Person，而背景知识中range还包括Organization。这显然比背景知识更严格，排除了Organization的可能性，这可能与实际数据冲突，因为有些Offer可能由Organization提供。

所以，这个公理可能不正确，因为它与背景知识中的rangeIncludes信息不符，导致范围过窄，可能排除了合法的情况。
</think>

判断结果：错误
解释：根据背景知识，offeredBy的range包括Organization和Person，而公理将其限制为仅Person，与背景知识冲突。",0,0,
hard_case_0418,range,range(option) = Text,"背景知识：
条目1：
- 名称：option
- 类型：Property
- 简介：A sub property of object. The options subject to this action.
- 补充信息：domainIncludes: http://schema.org/ChooseAction | rangeIncludes: http://schema.org/Text, http://schema.org/Thing

条目2：
- 名称：Text
- 类型：Property
- 简介：Text may refer to:",1,deepseek-ai/DeepSeek-R1-Distill-Qwen-32B,0.0,8192,https://api2.aigcbest.top/v1,"好，我现在需要判断给定的RDFS公理是否正确。公理是range(option) = Text。首先，我得理解每个部分的含义。

公理中的range表示属性的客体类型。这里，option是一个属性，它的range被设定为Text。接下来，我需要查看背景知识中的相关信息。

根据背景知识，条目1中提到option的rangeIncludes包括Text和Thing。这意味着option的客体可以是Text或者Thing。而条目2中，Text被定义为一个Property，可能指的是文本类型的数据。

RDFS的语义规则中，range约束了属性的客体必须属于指定的类。如果公理设定range(option) = Text，那么所有option属性的客体都必须是Text类型。然而，背景知识中指出option的range还包括Thing，这表明客体也可以是更广泛的Thing类，而不仅仅是Text。

因此，公理range(option) = Text与背景知识中的rangeIncludes: Text, Thing存在冲突。因为根据背景，option的客体可以是Text或Thing，而公理却限制只能是Text，这显然不正确。

所以，这个公理是错误的，因为它与背景知识中的range约束不符。
</think>

判断结果：错误
解释：根据背景知识，option的rangeIncludes包括Text和Thing，而公理range(option) = Text与之冲突，因为option的客体可以是更广泛的Thing类。",0,0,
hard_case_0419,range,range(ownershipFundingInfo) = AboutPage,"背景知识：
条目1：
- 名称：ownershipFundingInfo
- 类型：Property
- 简介：For an <a class=""localLink"" href=""/Organization"">Organization</a> (often but not necessarily a <a class=""localLink"" href=""/NewsMediaOrganization"">NewsMediaOrganization</a>), a description of organizational ownership structure; funding and g...
- 补充信息：domainIncludes: http://schema.org/NewsMediaOrganization, http://schema.org/Organization | rangeIncludes: http://schema.org/AboutPage, http://schema.org/CreativeWork, http://schema....

条目2：
- 名称：AboutPage
- 类型：Property
- 简介：AboutPage is a property in the knowledge base.",1,deepseek-ai/DeepSeek-R1-Distill-Qwen-32B,0.0,8192,https://api2.aigcbest.top/v1,"好，我现在需要分析这个RDFS公理是否正确。公理是range(ownershipFundingInfo) = AboutPage。首先，我得理解每个部分的含义。

ownershipFundingInfo是一个属性，根据背景知识，它的domain包括NewsMediaOrganization和Organization，而range包括AboutPage、CreativeWork等。这意味着ownershipFundingInfo的值可以是这些类的实例。

接下来，公理说range(ownershipFundingInfo)等于AboutPage，也就是所有ownershipFundingInfo的值都必须是AboutPage的实例。但根据背景知识，range还包括CreativeWork，所以这并不完全正确。RDFS的range公理应该是所有可能的值都属于指定的类，而这里公理限制了只能是AboutPage，排除了CreativeWork，这与背景知识不符。

因此，这个公理是错误的，因为它与已知的range信息相冲突。
</think>

判断结果：错误
解释：根据背景知识，ownershipFundingInfo的range包括AboutPage和CreativeWork，而公理将其限制为仅AboutPage，与背景知识冲突。",0,0,
hard_case_0421,range,range(performers) = Person,"背景知识：
条目1：
- 名称：performers
- 类型：Property
- 简介：The main performer or performers of the event&#x2014;for example, a presenter, musician, or actor.
- 补充信息：domainIncludes: http://schema.org/Event | rangeIncludes: http://schema.org/Organization, http://schema.org/Person

条目2：
- 名称：Person
- 类型：Property
- 简介：A person is a being who has certain capacities or attributes such as reason, morality, consciousness or self-consciousness, and being a part of a culturally established form of social relations such as kinship, ownership of property, or leg...",1,deepseek-ai/DeepSeek-R1-Distill-Qwen-32B,0.0,8192,https://api2.aigcbest.top/v1,"好，我现在需要分析这个RDFS公理是否正确。公理是range(performers) = Person。首先，我得理解每个部分的含义。

performers是一个属性，根据背景知识，它的rangeIncludes包括Organization和Person。这意味着performers的值可以是Organization或者Person。而公理却说range(performers)等于Person，这可能有问题。

接下来，我回顾RDFS的语义规则。range约束规定属性的值必须属于某个类。如果公理声明range(performers) = Person，那么所有performers的值都必须是Person。但根据背景知识，performers的值还可以是Organization，这与公理的声明相冲突。

因此，这个公理是错误的，因为它排除了Organization作为performers的可能，而背景知识明确允许这一点。
</think>

判断结果：错误
解释：根据背景知识，performers的range包括Person和Organization，而公理声明range(performers)仅限于Person，这与背景知识冲突。",0,0,
hard_case_0422,range,range(producer) = Person,"背景知识：
条目1：
- 名称：producer
- 类型：Property
- 简介：The person or organization who produced the work (e.g. music album, movie, TV/radio series etc.).
- 补充信息：domainIncludes: http://schema.org/CreativeWork | rangeIncludes: http://schema.org/Organization, http://schema.org/Person

条目2：
- 名称：Person
- 类型：Property
- 简介：A person is a being who has certain capacities or attributes such as reason, morality, consciousness or self-consciousness, and being a part of a culturally established form of social relations such as kinship, ownership of property, or leg...",1,deepseek-ai/DeepSeek-R1-Distill-Qwen-32B,0.0,8192,https://api2.aigcbest.top/v1,"好，我现在需要判断给定的RDFS公理是否正确。公理是range(producer) = Person。首先，我得理解每个部分的含义。

producer是一个属性，根据背景知识，它的domain是CreativeWork，range包括Organization和Person。也就是说，producer的值可以是组织或个人。

接下来，公理说range(producer)等于Person，这意味着producer的值只能是Person，而不能是Organization。这与背景知识中的rangeIncludes: Organization和Person相冲突，因为背景知识允许producer指向组织或个人，而公理却限制只能是个人。

根据RDFS的语义规则，range约束应该允许所有指定的类型，而不能更严格地限制。因此，公理range(producer) = Person是错误的，因为它排除了Organization的可能性，与背景知识不符。
</think>

判断结果：错误
解释：根据背景知识，producer的range包括Person和Organization，而公理将其限制为仅Person，与背景知识冲突。",0,0,
hard_case_0423,range,range(publication) = PublicationEvent,"背景知识：
条目1：
- 名称：publication
- 类型：Property
- 简介：A publication event associated with the item.
- 补充信息：domainIncludes: http://schema.org/CreativeWork | rangeIncludes: http://schema.org/PublicationEvent

条目2：
- 名称：PublicationEvent
- 类型：Property
- 简介：PublicationEvent is a property in the knowledge base.",1,deepseek-ai/DeepSeek-R1-Distill-Qwen-32B,0.0,8192,https://api2.aigcbest.top/v1,"好，我现在需要分析这个RDFS公理是否正确。公理是range(publication) = PublicationEvent。首先，我得理解每个部分的含义。

根据背景知识，publication是一个属性，它的domain是CreativeWork，range是PublicationEvent。这说明publication属性的客体必须属于PublicationEvent类。而PublicationEvent在这里被描述为一个属性，这可能有问题，因为通常range应该指向一个类，而不是属性。

RDFS的range公理规定，属性的range应该是一个类，这样所有该属性的客体都属于这个类。如果PublicationEvent被定义为属性而不是类，那么这个range公理就不符合RDFS的规则，因为属性不能作为类来使用。

所以，这个公理是错误的，因为它将属性PublicationEvent错误地用作类，违反了RDFS的语义规则。
</think>

判断结果：错误
解释：PublicationEvent被定义为属性，而range公理要求其为类，导致语义冲突。",0,0,
hard_case_0424,range,range(recipeInstructions) = ItemList,"背景知识：
条目1：
- 名称：recipeInstructions
- 类型：Property
- 简介：A step in making the recipe, in the form of a single item (document, video, etc.) or an ordered list with HowToStep and/or HowToSection items.
- 补充信息：domainIncludes: http://schema.org/Recipe | rangeIncludes: http://schema.org/CreativeWork, http://schema.org/ItemList, http://schema.org/Text

条目2：
- 名称：ItemList
- 类型：Property
- 简介：ItemList is a property in the knowledge base.",1,deepseek-ai/DeepSeek-R1-Distill-Qwen-32B,0.0,8192,https://api2.aigcbest.top/v1,"好，我现在需要判断给定的RDFS公理是否正确。公理是range(recipeInstructions) = ItemList。首先，我得理解每个部分的含义。

recipeInstructions是一个属性，根据背景知识，它的rangeIncludes包括CreativeWork、ItemList和Text。这意味着recipeInstructions的值可以是这三种类型中的一种或多种。而公理中说range(recipeInstructions)等于ItemList，这可能意味着它只能取ItemList类型。

接下来，我需要分析RDFS的语义规则。range公理通常表示属性的值必须属于指定的类。如果公理是range(recipeInstructions) = ItemList，那么所有recipeInstructions的值都必须是ItemList的实例。然而，根据背景知识，recipeInstructions的range还包括CreativeWork和Text，这与公理中的声明不符。

因此，这个公理限制了recipeInstructions的范围，排除了CreativeWork和Text的可能性，这与背景知识中的补充信息相冲突。所以，这个公理是错误的。
</think>

判断结果：错误
解释：根据背景知识，recipeInstructions的rangeIncludes包括CreativeWork、ItemList和Text，而公理声明range(recipeInstructions) = ItemList，这与背景知识中的补充信息相冲突。",0,0,
hard_case_0426,range,range(requiresSubscription) = Boolean,"背景知识：
条目1：
- 名称：requiresSubscription
- 类型：Property
- 简介：Indicates if use of the media require a subscription (either paid or free). Allowed values are <code>true</code> or <code>false</code> (note that an earlier version had 'yes', 'no').
- 补充信息：domainIncludes: http://schema.org/ActionAccessSpecification, http://schema.org/MediaObject | rangeIncludes: http://schema.org/Boolean, http://schema.org/MediaSubscription

条目2：
- 名称：Boolean
- 类型：Property
- 简介：Any kind of logic, function, expression, or theory based on the work of George Boole is considered Boolean.",1,deepseek-ai/DeepSeek-R1-Distill-Qwen-32B,0.0,8192,https://api2.aigcbest.top/v1,"好，我现在需要判断给定的RDFS公理是否正确。公理是range(requiresSubscription) = Boolean。首先，我得理解每个部分的含义。

根据背景知识，requiresSubscription是一个属性，它的rangeIncludes包括Boolean和MediaSubscription。这意味着该属性的值可以是Boolean类型或者MediaSubscription类型。而Boolean本身被定义为一个属性，代表布尔值，如true或false。

RDFS的range公理规定，属性的值必须属于指定的类。这里，公理声明requiresSubscription的range是Boolean，但根据背景知识，它的range还包括MediaSubscription。因此，公理并没有涵盖所有可能的range，这可能不准确。

进一步分析，如果range被严格限定为Boolean，那么允许的MediaSubscription类型就会被排除，这与背景知识中的信息不符。因此，这个公理可能不正确，因为它没有包含所有允许的range类型。

综上所述，公理range(requiresSubscription) = Boolean与背景知识中的rangeIncludes信息存在冲突，因为它遗漏了MediaSubscription。因此，这个公理是错误的。
</think>

判断结果：错误
解释：根据背景知识，requiresSubscription的rangeIncludes包括Boolean和MediaSubscription，而公理将其range限定为Boolean，与背景知识不符。",0,0,
hard_case_0427,range,range(reviewedBy) = Organization,"背景知识：
条目1：
- 名称：reviewedBy
- 类型：Property
- 简介：People or organizations that have reviewed the content on this web page for accuracy and/or completeness.
- 补充信息：domainIncludes: http://schema.org/WebPage | rangeIncludes: http://schema.org/Organization, http://schema.org/Person

条目2：
- 名称：Organization
- 类型：Property
- 简介：An organization or organisation is an entity—such as a company, or corporation or an institution, or an association—comprising one or more people and having a particular purpose.",1,deepseek-ai/DeepSeek-R1-Distill-Qwen-32B,0.0,8192,https://api2.aigcbest.top/v1,"嗯，我现在需要判断这个RDFS公理是否正确。公理是range(reviewedBy) = Organization。首先，我得理解每个部分的意思。

首先，reviewedBy是一个属性，根据背景知识，它的domain是WebPage，range包括Organization和Person。也就是说，这个属性的客体可以是组织或者人。

接下来，公理说range(reviewedBy)等于Organization。这可能意味着所有reviewedBy的客体都必须是Organization。但根据背景知识，rangeIncludes包括Organization和Person，所以客体也可以是Person。因此，这个公理可能太严格了，因为它排除了Person的可能性。

RDFS的range规则允许属性的客体属于指定类的实例，但如果有多个可能的类，range应该包括所有这些类。如果公理只指定Organization，那么它可能与背景知识中的rangeIncludes冲突，因为Person也是允许的。

所以，这个公理可能不正确，因为它没有涵盖所有可能的客体类型。
</think>

判断结果：错误
解释：根据背景知识，reviewedBy的rangeIncludes包括Organization和Person，而公理range(reviewedBy) = Organization排除了Person的可能性，与背景知识冲突。",0,0,
hard_case_0428,range,range(seatingType) = Text,"背景知识：
条目1：
- 名称：seatingType
- 类型：Property
- 简介：The type/class of the seat.
- 补充信息：domainIncludes: http://schema.org/Seat | rangeIncludes: http://schema.org/QualitativeValue, http://schema.org/Text

条目2：
- 名称：Text
- 类型：Property
- 简介：Text may refer to:",1,deepseek-ai/DeepSeek-R1-Distill-Qwen-32B,0.0,8192,https://api2.aigcbest.top/v1,"好，我现在需要判断给定的RDFS公理是否正确。公理是range(seatingType) = Text。首先，我得理解每个部分的含义。

seatingType是一个属性，根据背景知识，它的rangeIncludes包括http://schema.org/QualitativeValue和http://schema.org/Text。这意味着seatingType的值应该属于这两个类之一。

接下来，公理中说range(seatingType) = Text，也就是seatingType的值必须是Text类。但根据背景知识，range还包括QualitativeValue，所以Text只是其中一个可能的类，而不是唯一的。因此，公理将range限制为仅Text，这与背景知识中的rangeIncludes不符，因为它排除了QualitativeValue的可能性。

根据RDFS的语义规则，range约束应该允许所有指定的类，而不仅仅是其中一个。因此，这个公理是错误的，因为它过于严格，排除了其他可能的类。
</think>

判断结果：错误
解释：根据背景知识，seatingType的range包括Text和QualitativeValue，而公理将其限制为仅Text，与背景知识冲突。",0,0,
hard_case_0429,range,range(suggestedGender) = Text,"背景知识：
条目1：
- 名称：suggestedGender
- 类型：Property
- 简介：The suggested gender of the intended person or audience, for example ""male"", ""female"", or ""unisex"".
- 补充信息：domainIncludes: http://schema.org/PeopleAudience, http://schema.org/SizeSpecification | rangeIncludes: http://schema.org/GenderType, http://schema.org/Text

条目2：
- 名称：Text
- 类型：Property
- 简介：Text may refer to:",1,deepseek-ai/DeepSeek-R1-Distill-Qwen-32B,0.0,8192,https://api2.aigcbest.top/v1,"好，我现在需要判断这个RDFS公理是否正确。公理是range(suggestedGender) = Text。首先，我得理解每个部分的意思。

suggestedGender是一个属性，根据背景知识，它的rangeIncludes包括GenderType和Text。这意味着suggestedGender的值可以是GenderType类型或者Text类型。而Text本身也是一个属性，但在这里作为range，可能指的是字符串类型。

接下来，RDFS的range公理表示属性的值必须属于某个类。这里公理说suggestedGender的range是Text，意味着所有suggestedGender的值都必须是Text类型。但根据背景知识，suggestedGender的值还可以是GenderType，这可能与Text不同。如果Text和GenderType是不同的类，那么这个公理就限制了suggestedGender只能取Text，而排除了GenderType，这与背景知识不符。

另外，RDFS允许range有多个可能的类，使用rdfs:range时，通常会用owl:unionOf来表示多个可能的范围。而这里直接将range设为Text，可能忽略了GenderType的存在，导致公理不正确。

所以，这个公理与背景知识中的rangeIncludes信息冲突，因此是错误的。
</think>

判断结果：错误
解释：根据背景知识，suggestedGender的rangeIncludes包括GenderType和Text，而公理将其range限制为Text，与背景知识冲突。",0,0,
hard_case_0430,range,range(totalPrice) = PriceSpecification,"背景知识：
条目1：
- 名称：totalPrice
- 类型：Property
- 简介：The total price for the reservation or ticket, including applicable taxes, shipping, etc.<br/><br/> Usage guidelines:<br/><br/> <ul> <li>Use values from 0123456789 (Unicode 'DIGIT ZERO' (U+0030) to 'DIGIT NINE' (U+0039)) rather than superfi...
- 补充信息：domainIncludes: http://schema.org/Reservation, http://schema.org/Ticket | rangeIncludes: http://schema.org/Number, http://schema.org/PriceSpecification, http://schema.org/Text

条目2：
- 名称：PriceSpecification
- 类型：Property
- 简介：PriceSpecification is a property in the knowledge base.",1,deepseek-ai/DeepSeek-R1-Distill-Qwen-32B,0.0,8192,https://api2.aigcbest.top/v1,"好，我现在需要分析这个RDFS公理是否正确。公理是range(totalPrice) = PriceSpecification。首先，我得理解每个部分的含义。

根据背景知识，totalPrice是一个属性，它的rangeIncludes包括Number、PriceSpecification和Text。这意味着totalPrice的值可以是这些类型中的一个。而PriceSpecification本身也是一个属性，但在这里被用作range，这可能有问题，因为range通常指的是值的类型，而不是另一个属性。

RDFS的range规则规定，属性的range应该是指定该属性值的类型。如果totalPrice的range被设置为PriceSpecification，那么意味着totalPrice的值必须是PriceSpecification类型的实例。然而，PriceSpecification本身是一个属性，而不是一个类，这可能不符合RDFS的语义规则，因为range应该指向类，而不是属性。

此外，背景知识中提到totalPrice的range包括Number、PriceSpecification和Text，这可能意味着PriceSpecification在这里被误用。通常，属性的range应该是指类，比如Number或Text，而不是另一个属性。因此，将PriceSpecification作为range可能不符合预期，因为它可能被误解为属性而不是类。

综上所述，这个公理可能存在问题，因为它可能错误地将属性用作range，而range应该指向类。因此，这个公理是错误的。
</think>

判断结果：错误
解释：根据背景知识，totalPrice的rangeIncludes包括Number、PriceSpecification和Text，但PriceSpecification是一个属性，而不是一个类，因此将其作为range是不正确的。",0,0,
hard_case_0431,range,range(travelBans) = WebContent,"背景知识：
条目1：
- 名称：travelBans
- 类型：Property
- 简介：Information about travel bans, e.g. in the context of a pandemic.
- 补充信息：domainIncludes: http://schema.org/SpecialAnnouncement | rangeIncludes: http://schema.org/URL, http://schema.org/WebContent

条目2：
- 名称：WebContent
- 类型：Property
- 简介：WebContent is a property in the knowledge base.",1,deepseek-ai/DeepSeek-R1-Distill-Qwen-32B,0.0,8192,https://api2.aigcbest.top/v1,"好，我现在需要判断给定的RDFS公理是否正确。公理是range(travelBans) = WebContent。首先，我得理解每个部分的含义。

根据背景知识，travelBans是一个属性，它的domain是SpecialAnnouncement，range包括URL和WebContent。而WebContent也是一个属性，但它的类型是Property，简介中提到它是一个知识库中的属性。

接下来，我需要分析range的语义。在RDFS中，range表示属性的客体必须属于某个类。这里，公理声称travelBans的range是WebContent。但WebContent本身是一个属性，而不是一个类。这可能有问题，因为range通常应该指向一个类，而不是另一个属性。

再结合背景知识，travelBans的range已经包括了URL和WebContent。如果WebContent是一个属性，那么把它作为range的值是不正确的，因为range应该指定的是类，而不是属性。这可能意味着公理存在错误，因为它违反了RDFS的语义规则。

因此，这个公理是错误的，因为它将属性WebContent错误地用作range，而range应该指向类。
</think>

判断结果：错误
解释：根据背景知识，WebContent是一个属性，而range应指向类，因此将属性作为range是错误的。",0,0,
