id,axiom_type,axiom_text,context_info,label,model_name,temperature,max_tokens,base_url,model_output,model_label,is_correct,error
sample_0001,subClassOf,Airline ⊑ PublicTransitSystem,"背景知识：
条目1：
- 名称：Airline
- 类型：Class
- 简介：airline

条目2：
- 名称：PublicTransitSystem
- 类型：Class
- 简介：A public transit system is a shared passenger transportation service which is available for use by the general public. Public transport modes include buses, trolleybuses, trams and trains, 'rapid transit' (metro/subways/undergrounds etc) an...",1,llama-3.1-70b,0.0,8192,https://api2.aigcbest.top/v1,"判断结果：正确
解释：根据背景知识，Airline 是一种公共交通系统，因此 Airline 是 PublicTransitSystem 的子类。",1,1,
sample_0002,subClassOf,Airline is a subclass of PublicTransitSystem.,"背景知识：
条目1：
- 名称：Airline
- 类型：Class
- 简介：airline

条目2：
- 名称：PublicTransitSystem
- 类型：Class
- 简介：A public transit system is a shared passenger transportation service which is available for use by the general public. Public transport modes include buses, trolleybuses, trams and trains, 'rapid transit' (metro/subways/undergrounds etc) an...",1,llama-3.1-70b,0.0,8192,https://api2.aigcbest.top/v1,"判断结果：正确
解释：根据背景知识，Airline是一种公共交通系统，因此Airline是PublicTransitSystem的子类。",1,1,
sample_0003,subClassOf,Every instance of Airline is also an instance of PublicTransitSystem.,"背景知识：
条目1：
- 名称：Airline
- 类型：Class
- 简介：airline

条目2：
- 名称：PublicTransitSystem
- 类型：Class
- 简介：A public transit system is a shared passenger transportation service which is available for use by the general public. Public transport modes include buses, trolleybuses, trams and trains, 'rapid transit' (metro/subways/undergrounds etc) an...",1,llama-3.1-70b,0.0,8192,https://api2.aigcbest.top/v1,"判断结果：错误
解释：根据背景知识，Airline是一种航空公司，而PublicTransitSystem是一种公共交通系统，两者之间没有直接的包含关系。",0,0,
sample_0004,subClassOf,"If an entity belongs to class Airline, then it also belongs to class PublicTransitSystem.","背景知识：
条目1：
- 名称：Airline
- 类型：Class
- 简介：airline

条目2：
- 名称：PublicTransitSystem
- 类型：Class
- 简介：A public transit system is a shared passenger transportation service which is available for use by the general public. Public transport modes include buses, trolleybuses, trams and trains, 'rapid transit' (metro/subways/undergrounds etc) an...",1,llama-3.1-70b,0.0,8192,https://api2.aigcbest.top/v1,"判断结果：错误
解释：根据背景知识，Airline是一种特定的交通方式，而PublicTransitSystem是一个更广泛的概念，包括各种公共交通方式，两者之间的关系应该是Airline是PublicTransitSystem的子类，而不是所有属于Airline的实体都属于PublicTransitSystem。",0,0,
sample_0005,subClassOf,The class Airline is included in the class PublicTransitSystem.,"背景知识：
条目1：
- 名称：Airline
- 类型：Class
- 简介：airline

条目2：
- 名称：PublicTransitSystem
- 类型：Class
- 简介：A public transit system is a shared passenger transportation service which is available for use by the general public. Public transport modes include buses, trolleybuses, trams and trains, 'rapid transit' (metro/subways/undergrounds etc) an...",1,llama-3.1-70b,0.0,8192,https://api2.aigcbest.top/v1,"判断结果：错误
解释：根据背景知识，Airline是一种航空公司，而PublicTransitSystem是指公共交通系统，两者之间没有包含关系。",0,0,
sample_0006,subClassOf,Album ⊑ MusicalWork,"背景知识：
条目1：
- 名称：Album
- 类型：Class
- 简介：album

条目2：
- 名称：MusicalWork
- 类型：Class
- 简介：musical work",1,llama-3.1-70b,0.0,8192,https://api2.aigcbest.top/v1,"判断结果：正确
解释：根据背景知识，Album 是一种具体的音乐作品类型，MusicalWork 是一个更广泛的音乐作品概念，符合子类关系的语义约束。",1,1,
sample_0007,subClassOf,Album is a subclass of MusicalWork.,"背景知识：
条目1：
- 名称：Album
- 类型：Class
- 简介：album

条目2：
- 名称：MusicalWork
- 类型：Class
- 简介：musical work",1,llama-3.1-70b,0.0,8192,https://api2.aigcbest.top/v1,"判断结果：正确
解释：根据背景知识，Album 是一种具体的音乐作品类型，属于 MusicalWork 的范畴，符合 subClassOf 的语义关系。",1,1,
sample_0008,subClassOf,Every instance of Album is also an instance of MusicalWork.,"背景知识：
条目1：
- 名称：Album
- 类型：Class
- 简介：album

条目2：
- 名称：MusicalWork
- 类型：Class
- 简介：musical work",1,llama-3.1-70b,0.0,8192,https://api2.aigcbest.top/v1,"判断结果：正确
解释：根据RDFS语义规则，subClassOf表示类之间的包含关系， Album是MusicalWork的子类，符合常识知识。",1,1,
sample_0009,subClassOf,"If an entity belongs to class Album, then it also belongs to class MusicalWork.","背景知识：
条目1：
- 名称：Album
- 类型：Class
- 简介：album

条目2：
- 名称：MusicalWork
- 类型：Class
- 简介：musical work",1,llama-3.1-70b,0.0,8192,https://api2.aigcbest.top/v1,"判断结果：正确
解释：根据RDFS语义规则，subClassOf表示类之间的包含关系，若 Album 是 MusicalWork 的子类，则属于 Album 的实体也属于 MusicalWork。",1,1,
sample_0010,subClassOf,The class Album is included in the class MusicalWork.,"背景知识：
条目1：
- 名称：Album
- 类型：Class
- 简介：album

条目2：
- 名称：MusicalWork
- 类型：Class
- 简介：musical work",1,llama-3.1-70b,0.0,8192,https://api2.aigcbest.top/v1,"判断结果：正确
解释：根据RDFS语义规则，subClassOf表示类之间的包含关系，背景知识中Album和MusicalWork均为Class类型，且Album是MusicalWork的一种具体形式，因此该公理合理。",1,1,
sample_0011,subClassOf,Ambassador ⊑ Politician,"背景知识：
条目1：
- 名称：Ambassador
- 类型：Class
- 简介：An ambassador is the highest ranking diplomat that represents a nation and is usually accredited to a foreign sovereign or government, or to an international organization.

条目2：
- 名称：Politician
- 类型：Class
- 简介：politician",1,llama-3.1-70b,0.0,8192,https://api2.aigcbest.top/v1,"判断结果：正确
解释：根据背景知识，Ambassador是一位代表国家的最高外交官，而Politician是指政治人物，两者之间存在包含关系，符合subClassOf语义规则。",1,1,
sample_0012,subClassOf,Ambassador is a subclass of Politician.,"背景知识：
条目1：
- 名称：Ambassador
- 类型：Class
- 简介：An ambassador is the highest ranking diplomat that represents a nation and is usually accredited to a foreign sovereign or government, or to an international organization.

条目2：
- 名称：Politician
- 类型：Class
- 简介：politician",1,llama-3.1-70b,0.0,8192,https://api2.aigcbest.top/v1,"判断结果：正确
解释：根据背景知识，Ambassador是一位代表国家的最高外交官，而Politician是指政治人物，两者之间存在包含关系，符合subClassOf的语义规则。",1,1,
sample_0013,subClassOf,Every instance of Ambassador is also an instance of Politician.,"背景知识：
条目1：
- 名称：Ambassador
- 类型：Class
- 简介：An ambassador is the highest ranking diplomat that represents a nation and is usually accredited to a foreign sovereign or government, or to an international organization.

条目2：
- 名称：Politician
- 类型：Class
- 简介：politician",1,llama-3.1-70b,0.0,8192,https://api2.aigcbest.top/v1,"判断结果：正确
解释：根据背景知识，Ambassador是一位代表国家的最高外交官，而Politician是指政治人物，两者之间存在包含关系，Ambassador是Politician的子类。",1,1,
sample_0014,subClassOf,"If an entity belongs to class Ambassador, then it also belongs to class Politician.","背景知识：
条目1：
- 名称：Ambassador
- 类型：Class
- 简介：An ambassador is the highest ranking diplomat that represents a nation and is usually accredited to a foreign sovereign or government, or to an international organization.

条目2：
- 名称：Politician
- 类型：Class
- 简介：politician",1,llama-3.1-70b,0.0,8192,https://api2.aigcbest.top/v1,"判断结果：正确
解释：根据背景知识，Ambassador是一种特殊的Politician，属于包含关系，符合RDFS的subClassOf语义规则。",1,1,
sample_0015,subClassOf,The class Ambassador is included in the class Politician.,"背景知识：
条目1：
- 名称：Ambassador
- 类型：Class
- 简介：An ambassador is the highest ranking diplomat that represents a nation and is usually accredited to a foreign sovereign or government, or to an international organization.

条目2：
- 名称：Politician
- 类型：Class
- 简介：politician",1,llama-3.1-70b,0.0,8192,https://api2.aigcbest.top/v1,"判断结果：正确
解释：根据背景知识，Ambassador是一种最高级别的外交官，而Politician是指政治人物，两者之间存在包含关系，Ambassador可以被视为Politician的一种特定类型。",1,1,
sample_0016,subClassOf,Attack ⊑ SocietalEvent,"背景知识：
条目1：
- 名称：Attack
- 类型：Class
- 简介：An Attack is not necessarily part of a Military Conflict

条目2：
- 名称：SocietalEvent
- 类型：Class
- 简介：an event that is clearly different from strictly personal events",1,llama-3.1-70b,0.0,8192,https://api2.aigcbest.top/v1,"判断结果：正确
解释：根据背景知识，Attack 是一种不一定是军事冲突的一部分的事件，而 SocietalEvent 是一种与个人事件明显不同的事件，Attack 可以被视为一种 SocietalEvent。",1,1,
sample_0017,subClassOf,Attack is a subclass of SocietalEvent.,"背景知识：
条目1：
- 名称：Attack
- 类型：Class
- 简介：An Attack is not necessarily part of a Military Conflict

条目2：
- 名称：SocietalEvent
- 类型：Class
- 简介：an event that is clearly different from strictly personal events",1,llama-3.1-70b,0.0,8192,https://api2.aigcbest.top/v1,"判断结果：正确
解释：根据背景知识，Attack是一种事件，SocietalEvent是事件的父类，Attack是SocietalEvent的子类，符合RDFS的subClassOf语义规则。",1,1,
sample_0018,subClassOf,Every instance of Attack is also an instance of SocietalEvent.,"背景知识：
条目1：
- 名称：Attack
- 类型：Class
- 简介：An Attack is not necessarily part of a Military Conflict

条目2：
- 名称：SocietalEvent
- 类型：Class
- 简介：an event that is clearly different from strictly personal events",1,llama-3.1-70b,0.0,8192,https://api2.aigcbest.top/v1,"判断结果：正确
解释：根据背景知识，Attack是一种不一定是军事冲突的一部分的事件，而SocietalEvent是指与个人事件明显不同的事件，Attack可以被视为一种社会事件，因此该公理是合理的。",1,1,
sample_0019,subClassOf,"If an entity belongs to class Attack, then it also belongs to class SocietalEvent.","背景知识：
条目1：
- 名称：Attack
- 类型：Class
- 简介：An Attack is not necessarily part of a Military Conflict

条目2：
- 名称：SocietalEvent
- 类型：Class
- 简介：an event that is clearly different from strictly personal events",1,llama-3.1-70b,0.0,8192,https://api2.aigcbest.top/v1,"判断结果：正确
解释：根据背景知识，Attack是一种不一定是军事冲突的一部分的事件，而SocietalEvent是指与个人事件明显不同的事件，Attack可以被视为一种SocietalEvent，因此该公理合理。",1,1,
sample_0020,subClassOf,The class Attack is included in the class SocietalEvent.,"背景知识：
条目1：
- 名称：Attack
- 类型：Class
- 简介：An Attack is not necessarily part of a Military Conflict

条目2：
- 名称：SocietalEvent
- 类型：Class
- 简介：an event that is clearly different from strictly personal events",1,llama-3.1-70b,0.0,8192,https://api2.aigcbest.top/v1,"判断结果：正确
解释：根据背景知识，Attack是一种不一定是军事冲突的一部分的事件，而SocietalEvent是指与个人事件明显不同的事件，Attack可以被视为一种SocietalEvent，因此Attack是SocietalEvent的子类。",1,1,
sample_0021,subClassOf,ChristianBishop ⊑ Archbishop,"背景知识：
条目1：
- 名称：ChristianBishop
- 类型：Class
- 简介：Christian Bishop

条目2：
- 名称：Archbishop
- 类型：Class
- 简介：archbishop",0,llama-3.1-70b,0.0,8192,https://api2.aigcbest.top/v1,"判断结果：错误
解释：根据背景知识，ChristianBishop和Archbishop都是类，但没有明确的包含关系，不能直接推断出ChristianBishop是Archbishop的子类。",0,1,
sample_0022,subClassOf,ChristianBishop is a subclass of Archbishop.,"背景知识：
条目1：
- 名称：ChristianBishop
- 类型：Class
- 简介：Christian Bishop

条目2：
- 名称：Archbishop
- 类型：Class
- 简介：archbishop",0,llama-3.1-70b,0.0,8192,https://api2.aigcbest.top/v1,"判断结果：错误
解释：根据背景知识，ChristianBishop和Archbishop都是类，且Archbishop是ChristianBishop的子类，公理中却错误地将ChristianBishop作为Archbishop的子类。",0,1,
sample_0023,subClassOf,Every instance of ChristianBishop is also an instance of Archbishop.,"背景知识：
条目1：
- 名称：ChristianBishop
- 类型：Class
- 简介：Christian Bishop

条目2：
- 名称：Archbishop
- 类型：Class
- 简介：archbishop",0,llama-3.1-70b,0.0,8192,https://api2.aigcbest.top/v1,"判断结果：错误
解释：根据背景知识，ChristianBishop和Archbishop都是类，但没有明确的包含关系，不能直接推断出ChristianBishop是Archbishop的子类。",0,1,
sample_0024,subClassOf,"If an entity belongs to class ChristianBishop, then it also belongs to class Archbishop.","背景知识：
条目1：
- 名称：ChristianBishop
- 类型：Class
- 简介：Christian Bishop

条目2：
- 名称：Archbishop
- 类型：Class
- 简介：archbishop",0,llama-3.1-70b,0.0,8192,https://api2.aigcbest.top/v1,"判断结果：错误
解释：根据背景知识，ChristianBishop和Archbishop是两个不同的类，且没有明确的包含关系，因此不能推断出ChristianBishop的实例也一定是Archbishop的实例。",0,1,
sample_0025,subClassOf,The class ChristianBishop is included in the class Archbishop.,"背景知识：
条目1：
- 名称：ChristianBishop
- 类型：Class
- 简介：Christian Bishop

条目2：
- 名称：Archbishop
- 类型：Class
- 简介：archbishop",0,llama-3.1-70b,0.0,8192,https://api2.aigcbest.top/v1,"判断结果：正确
解释：根据RDFS语义规则，subClassOf表示类之间的包含关系，背景知识中ChristianBishop和Archbishop都是类，且Archbishop是ChristianBishop的上位类。",1,0,
sample_0026,subClassOf,Eukaryote ⊑ Animal,"背景知识：
条目1：
- 名称：Eukaryote
- 类型：Class
- 简介：eukaryote

条目2：
- 名称：Animal
- 类型：Class
- 简介：animal",0,llama-3.1-70b,0.0,8192,https://api2.aigcbest.top/v1,"判断结果：错误
解释：根据背景知识，Eukaryote 和 Animal 是两个不同的类，Eukaryote 不是 Animal 的子类。",0,1,
sample_0027,subClassOf,Eukaryote is a subclass of Animal.,"背景知识：
条目1：
- 名称：Eukaryote
- 类型：Class
- 简介：eukaryote

条目2：
- 名称：Animal
- 类型：Class
- 简介：animal",0,llama-3.1-70b,0.0,8192,https://api2.aigcbest.top/v1,"判断结果：错误
解释：根据背景知识，Eukaryote 和 Animal 都是生物学中的基本分类，Eukaryote 是一个更广泛的类别，包括所有真核生物，而 Animal 只是其中的一种特定类型，因此 Eukaryote 不应该是 Animal 的子类。",0,1,
sample_0028,subClassOf,Every instance of Eukaryote is also an instance of Animal.,"背景知识：
条目1：
- 名称：Eukaryote
- 类型：Class
- 简介：eukaryote

条目2：
- 名称：Animal
- 类型：Class
- 简介：animal",0,llama-3.1-70b,0.0,8192,https://api2.aigcbest.top/v1,"判断结果：错误
解释：根据背景知识，Eukaryote和Animal是两个不同的类，Eukaryote不应是Animal的子类。",0,1,
sample_0029,subClassOf,"If an entity belongs to class Eukaryote, then it also belongs to class Animal.","背景知识：
条目1：
- 名称：Eukaryote
- 类型：Class
- 简介：eukaryote

条目2：
- 名称：Animal
- 类型：Class
- 简介：animal",0,llama-3.1-70b,0.0,8192,https://api2.aigcbest.top/v1,"判断结果：错误
解释：根据背景知识，Eukaryote和Animal是两个不同的类，不存在包含关系，因此不能推断Eukaryote的实例一定是Animal的实例。",0,1,
sample_0030,subClassOf,The class Eukaryote is included in the class Animal.,"背景知识：
条目1：
- 名称：Eukaryote
- 类型：Class
- 简介：eukaryote

条目2：
- 名称：Animal
- 类型：Class
- 简介：animal",0,llama-3.1-70b,0.0,8192,https://api2.aigcbest.top/v1,"判断结果：错误
解释：根据背景知识，Eukaryote 和 Animal 都是生物学中的基本分类，Eukaryote 是一个更广泛的类别，包括所有真核生物，而 Animal 只是其中的一种特定类型，因此 Eukaryote 不应该被包含在 Animal 中。",0,1,
sample_0031,subClassOf,GridironFootballPlayer ⊑ AmericanFootballPlayer,"背景知识：
条目1：
- 名称：GridironFootballPlayer
- 类型：Class
- 简介：Gradiron football, also called North American football, is a family of soccer team games played primarily in the United States and Canada.

条目2：
- 名称：AmericanFootballPlayer
- 类型：Class
- 简介：american football player",0,llama-3.1-70b,0.0,8192,https://api2.aigcbest.top/v1,"判断结果：正确
解释：根据背景知识，GridironFootballPlayer是指美式橄榄球运动员，而AmericanFootballPlayer是指美式足球运动员，两者是同一概念，因此GridironFootballPlayer是AmericanFootballPlayer的子类。",1,0,
sample_0032,subClassOf,GridironFootballPlayer is a subclass of AmericanFootballPlayer.,"背景知识：
条目1：
- 名称：GridironFootballPlayer
- 类型：Class
- 简介：Gradiron football, also called North American football, is a family of soccer team games played primarily in the United States and Canada.

条目2：
- 名称：AmericanFootballPlayer
- 类型：Class
- 简介：american football player",0,llama-3.1-70b,0.0,8192,https://api2.aigcbest.top/v1,"判断结果：错误
解释：根据背景知识，GridironFootballPlayer是北美足球运动的一种，而AmericanFootballPlayer是美国橄榄球运动员，两者不是包含关系。",0,1,
sample_0033,subClassOf,Every instance of GridironFootballPlayer is also an instance of AmericanFootballPlayer.,"背景知识：
条目1：
- 名称：GridironFootballPlayer
- 类型：Class
- 简介：Gradiron football, also called North American football, is a family of soccer team games played primarily in the United States and Canada.

条目2：
- 名称：AmericanFootballPlayer
- 类型：Class
- 简介：american football player",0,llama-3.1-70b,0.0,8192,https://api2.aigcbest.top/v1,"判断结果：正确
解释：根据背景知识，GridironFootballPlayer是指美式橄榄球运动员，而AmericanFootballPlayer也是指美式橄榄球运动员，因此GridironFootballPlayer是AmericanFootballPlayer的子类。",1,0,
sample_0034,subClassOf,"If an entity belongs to class GridironFootballPlayer, then it also belongs to class AmericanFootballPlayer.","背景知识：
条目1：
- 名称：GridironFootballPlayer
- 类型：Class
- 简介：Gradiron football, also called North American football, is a family of soccer team games played primarily in the United States and Canada.

条目2：
- 名称：AmericanFootballPlayer
- 类型：Class
- 简介：american football player",0,llama-3.1-70b,0.0,8192,https://api2.aigcbest.top/v1,"判断结果：正确
解释：根据背景知识，GridironFootballPlayer是指美式橄榄球运动员，而AmericanFootballPlayer是指美式足球运动员，两者是同义词，因此如果一个实体属于GridironFootballPlayer类，则也属于AmericanFootballPlayer类。",1,0,
sample_0035,subClassOf,The class GridironFootballPlayer is included in the class AmericanFootballPlayer.,"背景知识：
条目1：
- 名称：GridironFootballPlayer
- 类型：Class
- 简介：Gradiron football, also called North American football, is a family of soccer team games played primarily in the United States and Canada.

条目2：
- 名称：AmericanFootballPlayer
- 类型：Class
- 简介：american football player",0,llama-3.1-70b,0.0,8192,https://api2.aigcbest.top/v1,"判断结果：正确
解释：根据背景知识，GridironFootballPlayer是指美式橄榄球运动员，而AmericanFootballPlayer也是指美式橄榄球运动员，因此GridironFootballPlayer是AmericanFootballPlayer的子类。",1,0,
sample_0036,subClassOf,Person ⊑ Animal,"背景知识：
条目1：
- 名称：Person
- 类型：Class
- 简介：person

条目2：
- 名称：Animal
- 类型：Class
- 简介：animal",1,llama-3.1-70b,0.0,8192,https://api2.aigcbest.top/v1,"判断结果：正确
解释：根据背景知识，Person是Animal的子类，符合RDFS中subClassOf的语义规则。",1,1,
sample_0037,subClassOf,Person is a subclass of Animal.,"背景知识：
条目1：
- 名称：Person
- 类型：Class
- 简介：person

条目2：
- 名称：Animal
- 类型：Class
- 简介：animal",1,llama-3.1-70b,0.0,8192,https://api2.aigcbest.top/v1,"判断结果：正确
解释：根据背景知识，Person和Animal都是类，且Person是Animal的子类，符合subClassOf的语义关系。",1,1,
sample_0038,subClassOf,Every instance of Person is also an instance of Animal.,"背景知识：
条目1：
- 名称：Person
- 类型：Class
- 简介：person

条目2：
- 名称：Animal
- 类型：Class
- 简介：animal",1,llama-3.1-70b,0.0,8192,https://api2.aigcbest.top/v1,"判断结果：错误
解释：根据背景知识，Person和Animal是两个不同的类，Person不应是Animal的子类。",0,0,
sample_0039,subClassOf,"If an entity belongs to class Person, then it also belongs to class Animal.","背景知识：
条目1：
- 名称：Person
- 类型：Class
- 简介：person

条目2：
- 名称：Animal
- 类型：Class
- 简介：animal",1,llama-3.1-70b,0.0,8192,https://api2.aigcbest.top/v1,"判断结果：正确
解释：根据背景知识，Person和Animal都是类，且Person是Animal的子类，符合subClassOf的语义关系。",1,1,
sample_0040,subClassOf,The class Person is included in the class Animal.,"背景知识：
条目1：
- 名称：Person
- 类型：Class
- 简介：person

条目2：
- 名称：Animal
- 类型：Class
- 简介：animal",1,llama-3.1-70b,0.0,8192,https://api2.aigcbest.top/v1,"判断结果：正确
解释：根据背景知识，Person和Animal都是类，且Person是Animal的子类，符合subClassOf的语义关系。",1,1,
sample_0041,subClassOf,PopulatedPlace ⊑ Agglomeration,"背景知识：
条目1：
- 名称：PopulatedPlace
- 类型：Class
- 简介：As defined by the United States Geological Survey, a populated place is a place or area with clustered or scattered buildings and a permanent human population (city, settlement, town, or village) referenced with geographic coordinates (http...

条目2：
- 名称：Agglomeration
- 类型：Class
- 简介：agglomeration",0,llama-3.1-70b,0.0,8192,https://api2.aigcbest.top/v1,"判断结果：正确
解释：根据背景知识，PopulatedPlace 是一个包含聚集或分散建筑和永久人类人口的区域，而 Agglomeration 是一个聚集的概念，因此 PopulatedPlace 是 Agglomeration 的子类。",1,0,
sample_0042,subClassOf,PopulatedPlace is a subclass of Agglomeration.,"背景知识：
条目1：
- 名称：PopulatedPlace
- 类型：Class
- 简介：As defined by the United States Geological Survey, a populated place is a place or area with clustered or scattered buildings and a permanent human population (city, settlement, town, or village) referenced with geographic coordinates (http...

条目2：
- 名称：Agglomeration
- 类型：Class
- 简介：agglomeration",0,llama-3.1-70b,0.0,8192,https://api2.aigcbest.top/v1,"判断结果：错误
解释：根据背景知识，PopulatedPlace 指的是具有永久人类居住点的聚居地，而 Agglomeration 指的是一般的聚集体，两者概念不完全吻合，因此 PopulatedPlace 不应该是 Agglomeration 的子类。",0,1,
sample_0043,subClassOf,Every instance of PopulatedPlace is also an instance of Agglomeration.,"背景知识：
条目1：
- 名称：PopulatedPlace
- 类型：Class
- 简介：As defined by the United States Geological Survey, a populated place is a place or area with clustered or scattered buildings and a permanent human population (city, settlement, town, or village) referenced with geographic coordinates (http...

条目2：
- 名称：Agglomeration
- 类型：Class
- 简介：agglomeration",0,llama-3.1-70b,0.0,8192,https://api2.aigcbest.top/v1,"判断结果：错误
解释：根据背景知识，PopulatedPlace 指的是具有永久人类居住点的地区，而 Agglomeration 指的是聚集体，两者概念不完全等同，因此不能推断每个 PopulatedPlace 实例都是 Agglomeration 实例。",0,1,
sample_0044,subClassOf,"If an entity belongs to class PopulatedPlace, then it also belongs to class Agglomeration.","背景知识：
条目1：
- 名称：PopulatedPlace
- 类型：Class
- 简介：As defined by the United States Geological Survey, a populated place is a place or area with clustered or scattered buildings and a permanent human population (city, settlement, town, or village) referenced with geographic coordinates (http...

条目2：
- 名称：Agglomeration
- 类型：Class
- 简介：agglomeration",0,llama-3.1-70b,0.0,8192,https://api2.aigcbest.top/v1,"判断结果：错误
解释：根据背景知识，PopulatedPlace 和 Agglomeration 之间没有明确的包含关系，不能推断 PopulatedPlace 的实例一定属于 Agglomeration。",0,1,
sample_0045,subClassOf,The class PopulatedPlace is included in the class Agglomeration.,"背景知识：
条目1：
- 名称：PopulatedPlace
- 类型：Class
- 简介：As defined by the United States Geological Survey, a populated place is a place or area with clustered or scattered buildings and a permanent human population (city, settlement, town, or village) referenced with geographic coordinates (http...

条目2：
- 名称：Agglomeration
- 类型：Class
- 简介：agglomeration",0,llama-3.1-70b,0.0,8192,https://api2.aigcbest.top/v1,"判断结果：错误
解释：根据背景知识，PopulatedPlace 表示一个有固定人口的聚居地，而 Agglomeration 表示一个聚集体，两者概念上存在差异，PopulatedPlace 不应被包含在 Agglomeration 中。",0,1,
sample_0046,subClassOf,TopicalConcept ⊑ Type,"背景知识：
条目1：
- 名称：TopicalConcept
- 类型：Class
- 简介：topical concept

条目2：
- 名称：Type
- 类型：Class
- 简介：a category within a classification system",0,llama-3.1-70b,0.0,8192,https://api2.aigcbest.top/v1,"判断结果：正确
解释：根据背景知识，TopicalConcept是topical concept的类别，而Type是分类系统中的类别，TopicalConcept ⊑ Type表示TopicalConcept是Type的子类，这与背景知识和RDFS语义规则一致。",1,0,
sample_0047,subClassOf,TopicalConcept is a subclass of Type.,"背景知识：
条目1：
- 名称：TopicalConcept
- 类型：Class
- 简介：topical concept

条目2：
- 名称：Type
- 类型：Class
- 简介：a category within a classification system",0,llama-3.1-70b,0.0,8192,https://api2.aigcbest.top/v1,"判断结果：正确
解释：根据背景知识，TopicalConcept是指主题概念，而Type是指分类系统中的类别，TopicalConcept是Type的子类，这符合常识和RDFS语义规则。",1,0,
sample_0048,subClassOf,Every instance of TopicalConcept is also an instance of Type.,"背景知识：
条目1：
- 名称：TopicalConcept
- 类型：Class
- 简介：topical concept

条目2：
- 名称：Type
- 类型：Class
- 简介：a category within a classification system",0,llama-3.1-70b,0.0,8192,https://api2.aigcbest.top/v1,"判断结果：正确
解释：根据RDFS语义规则，subClassOf表示类之间的包含关系，TopicalConcept是Type的子类，表明每个TopicalConcept实例也是Type的实例。",1,0,
sample_0049,subClassOf,"If an entity belongs to class TopicalConcept, then it also belongs to class Type.","背景知识：
条目1：
- 名称：TopicalConcept
- 类型：Class
- 简介：topical concept

条目2：
- 名称：Type
- 类型：Class
- 简介：a category within a classification system",0,llama-3.1-70b,0.0,8192,https://api2.aigcbest.top/v1,"判断结果：正确
解释：根据背景知识，TopicalConcept是Type的子类，符合RDFS的subClassOf语义规则。",1,0,
sample_0050,subClassOf,The class TopicalConcept is included in the class Type.,"背景知识：
条目1：
- 名称：TopicalConcept
- 类型：Class
- 简介：topical concept

条目2：
- 名称：Type
- 类型：Class
- 简介：a category within a classification system",0,llama-3.1-70b,0.0,8192,https://api2.aigcbest.top/v1,"判断结果：正确
解释：根据RDFS语义规则，subClassOf表示类之间的包含关系，TopicalConcept是Type的子类，符合背景知识中对TopicalConcept和Type的描述。",1,0,
sample_0051,subPropertyOf,Wins ⊑p rankingWins,"背景知识：
条目1：
- 名称：Wins
- 类型：Unknown
- 简介：Wins

条目2：
- 名称：rankingWins
- 类型：Property
- 简介：ranking wins",0,llama-3.1-70b,0.0,8192,https://api2.aigcbest.top/v1,"判断结果：错误
解释：根据RDFS语义规则， Wins ⊑p rankingWins 表示 Wins 是 rankingWins 的子属性，但 Wins 的类型为 Unknown，而 rankingWins 的类型为 Property， Wins 不是属性，因此该公理不合理。",0,1,
sample_0052,subPropertyOf,Wins is a subproperty of rankingWins.,"背景知识：
条目1：
- 名称：Wins
- 类型：Unknown
- 简介：Wins

条目2：
- 名称：rankingWins
- 类型：Property
- 简介：ranking wins",0,llama-3.1-70b,0.0,8192,https://api2.aigcbest.top/v1,"判断结果：错误
解释：根据背景知识，Wins的类型为Unknown，而rankingWins的类型为Property，subpropertyOf关系要求两个属性的类型均为Property，因此该公理不合理。",0,1,
sample_0053,subPropertyOf,"If two resources are related by Wins, then they are also related by rankingWins.","背景知识：
条目1：
- 名称：Wins
- 类型：Unknown
- 简介：Wins

条目2：
- 名称：rankingWins
- 类型：Property
- 简介：ranking wins",0,llama-3.1-70b,0.0,8192,https://api2.aigcbest.top/v1,"判断结果：正确
解释：根据RDFS语义规则， Wins和rankingWins之间存在subPropertyOf关系，表示Wins是rankingWins的子属性，因此如果两个资源通过Wins相关联，则它们也通过rankingWins相关联。",1,0,
sample_0054,subPropertyOf,"For any x and y, if x Wins y holds, then x rankingWins y also holds.","背景知识：
条目1：
- 名称：Wins
- 类型：Unknown
- 简介：Wins

条目2：
- 名称：rankingWins
- 类型：Property
- 简介：ranking wins",0,llama-3.1-70b,0.0,8192,https://api2.aigcbest.top/v1,"判断结果：正确
解释：根据背景知识和RDFS语义规则，Wins和rankingWins是相关的概念，前者是后者的超类，故该公理合理。",1,0,
sample_0055,subPropertyOf,The property Wins is more specific than the property rankingWins.,"背景知识：
条目1：
- 名称：Wins
- 类型：Unknown
- 简介：Wins

条目2：
- 名称：rankingWins
- 类型：Property
- 简介：ranking wins",0,llama-3.1-70b,0.0,8192,https://api2.aigcbest.top/v1,"判断结果：错误
解释：根据RDFS语义规则， Wins和rankingWins是两个不同的属性， Wins不是rankingWins的子属性。",0,1,
sample_0056,subPropertyOf,administrativeHeadCity ⊑p capital,"背景知识：
条目1：
- 名称：administrativeHeadCity
- 类型：Property
- 简介：city where stand the administrative power

条目2：
- 名称：capital
- 类型：Property
- 简介：capital",0,llama-3.1-70b,0.0,8192,https://api2.aigcbest.top/v1,"判断结果：正确
解释：根据RDFS语义规则，administrativeHeadCity ⊑p capital表示administrativeHeadCity是capital的子属性，符合背景知识中两个属性的含义。",1,0,
sample_0057,subPropertyOf,administrativeHeadCity is a subproperty of capital.,"背景知识：
条目1：
- 名称：administrativeHeadCity
- 类型：Property
- 简介：city where stand the administrative power

条目2：
- 名称：capital
- 类型：Property
- 简介：capital",0,llama-3.1-70b,0.0,8192,https://api2.aigcbest.top/v1,"判断结果：正确
解释：根据背景知识，administrativeHeadCity表示行政权力所在地的城市，而capital表示首都，两者在语义上存在包含关系，故administrativeHeadCity是capital的子属性。",1,0,
sample_0058,subPropertyOf,"If two resources are related by administrativeHeadCity, then they are also related by capital.","背景知识：
条目1：
- 名称：administrativeHeadCity
- 类型：Property
- 简介：city where stand the administrative power

条目2：
- 名称：capital
- 类型：Property
- 简介：capital",0,llama-3.1-70b,0.0,8192,https://api2.aigcbest.top/v1,"判断结果：正确
解释：根据背景知识，administrativeHeadCity和capital都表示城市与行政权力之间的关系，且administrativeHeadCity是capital的子属性，因此两个资源若通过administrativeHeadCity相关联，则也应通过capital相关联。",1,0,
sample_0059,subPropertyOf,"For any x and y, if x administrativeHeadCity y holds, then x capital y also holds.","背景知识：
条目1：
- 名称：administrativeHeadCity
- 类型：Property
- 简介：city where stand the administrative power

条目2：
- 名称：capital
- 类型：Property
- 简介：capital",0,llama-3.1-70b,0.0,8192,https://api2.aigcbest.top/v1,"判断结果：正确
解释：根据背景知识，administrativeHeadCity和capital都表示城市与行政权力之间的关系，且administrativeHeadCity的定义为“city where stand the administrative power”，这意味着administrativeHeadCity是capital的子属性，因此如果x administrativeHeadCity y成立，则x capital y也成立。",1,0,
sample_0060,subPropertyOf,The property administrativeHeadCity is more specific than the property capital.,"背景知识：
条目1：
- 名称：administrativeHeadCity
- 类型：Property
- 简介：city where stand the administrative power

条目2：
- 名称：capital
- 类型：Property
- 简介：capital",0,llama-3.1-70b,0.0,8192,https://api2.aigcbest.top/v1,"判断结果：正确
解释：根据RDFS语义规则，subPropertyOf表示属性之间的包含关系，administrativeHeadCity是capital的子属性，表明administrativeHeadCity的含义更具体，因此该公理合理。",1,0,
sample_0061,subPropertyOf,championInMixedDouble ⊑p championInDouble,"背景知识：
条目1：
- 名称：championInMixedDouble
- 类型：Property
- 简介：winner of a competition in the mixed double session (as in tennis)

条目2：
- 名称：championInDouble
- 类型：Property
- 简介：winner of a competition in the double session (as in tennis)",1,llama-3.1-70b,0.0,8192,https://api2.aigcbest.top/v1,"判断结果：正确
解释：根据RDFS语义规则，子属性的范围是父属性的子集，且子属性的定义域是父属性的定义域的子集，因此championInMixedDouble ⊑p championInDouble是合理的。",1,1,
sample_0062,subPropertyOf,championInMixedDouble is a subproperty of championInDouble.,"背景知识：
条目1：
- 名称：championInMixedDouble
- 类型：Property
- 简介：winner of a competition in the mixed double session (as in tennis)

条目2：
- 名称：championInDouble
- 类型：Property
- 简介：winner of a competition in the double session (as in tennis)",1,llama-3.1-70b,0.0,8192,https://api2.aigcbest.top/v1,"判断结果：错误
解释：根据背景知识，championInMixedDouble和championInDouble分别表示混合双打和双打比赛的冠军，二者是不同的概念，不能建立subpropertyOf关系。",0,0,
sample_0063,subPropertyOf,"If two resources are related by championInMixedDouble, then they are also related by championInDouble.","背景知识：
条目1：
- 名称：championInMixedDouble
- 类型：Property
- 简介：winner of a competition in the mixed double session (as in tennis)

条目2：
- 名称：championInDouble
- 类型：Property
- 简介：winner of a competition in the double session (as in tennis)",1,llama-3.1-70b,0.0,8192,https://api2.aigcbest.top/v1,"判断结果：正确
解释：根据背景知识，championInMixedDouble是混合双打比赛的冠军，而championInDouble是双打比赛的冠军，混合双打是双打的一种，故冠军关系具有传递性。",1,1,
sample_0064,subPropertyOf,"For any x and y, if x championInMixedDouble y holds, then x championInDouble y also holds.","背景知识：
条目1：
- 名称：championInMixedDouble
- 类型：Property
- 简介：winner of a competition in the mixed double session (as in tennis)

条目2：
- 名称：championInDouble
- 类型：Property
- 简介：winner of a competition in the double session (as in tennis)",1,llama-3.1-70b,0.0,8192,https://api2.aigcbest.top/v1,"判断结果：正确
解释：根据背景知识和RDFS语义规则，championInMixedDouble是championInDouble的子属性，表示混合双打冠军是双打冠军的一种特殊情况，因此如果x是y的混合双打冠军，则x也是y的双打冠军。",1,1,
sample_0065,subPropertyOf,The property championInMixedDouble is more specific than the property championInDouble.,"背景知识：
条目1：
- 名称：championInMixedDouble
- 类型：Property
- 简介：winner of a competition in the mixed double session (as in tennis)

条目2：
- 名称：championInDouble
- 类型：Property
- 简介：winner of a competition in the double session (as in tennis)",1,llama-3.1-70b,0.0,8192,https://api2.aigcbest.top/v1,"判断结果：正确
解释：根据RDFS语义规则，subPropertyOf表示属性之间的包含关系，championInMixedDouble是championInDouble的子属性，表示混合双打冠军是双打冠军的一种特殊情况。",1,1,
sample_0066,subPropertyOf,code ⊑p brinCode,"背景知识：
条目1：
- 名称：code
- 类型：Property
- 简介：Superproperty for any designation (string, integer as string) that is meant to identify an entity within the context of a system

条目2：
- 名称：brinCode
- 类型：Property
- 简介：The code used by the Dutch Ministry of Education to identify a school (as an organisation)",0,llama-3.1-70b,0.0,8192,https://api2.aigcbest.top/v1,"判断结果：错误
解释：根据RDFS语义规则，subPropertyOf表示属性之间的包含关系，但给定公理中code ⊑p brinCode不符合此规则，因为brinCode是code的子属性，而非父属性。",0,1,
sample_0067,subPropertyOf,code is a subproperty of brinCode.,"背景知识：
条目1：
- 名称：code
- 类型：Property
- 简介：Superproperty for any designation (string, integer as string) that is meant to identify an entity within the context of a system

条目2：
- 名称：brinCode
- 类型：Property
- 简介：The code used by the Dutch Ministry of Education to identify a school (as an organisation)",0,llama-3.1-70b,0.0,8192,https://api2.aigcbest.top/v1,"判断结果：错误
解释：根据背景知识，brinCode是code的子属性，而非父属性，因此code不能是brinCode的子属性。",0,1,
sample_0068,subPropertyOf,"If two resources are related by code, then they are also related by brinCode.","背景知识：
条目1：
- 名称：code
- 类型：Property
- 简介：Superproperty for any designation (string, integer as string) that is meant to identify an entity within the context of a system

条目2：
- 名称：brinCode
- 类型：Property
- 简介：The code used by the Dutch Ministry of Education to identify a school (as an organisation)",0,llama-3.1-70b,0.0,8192,https://api2.aigcbest.top/v1,"判断结果：错误
解释：根据背景知识，code是表示任何识别实体的通用属性，而brinCode是表示荷兰教育部识别学校的特定属性，两者之间没有直接的包含关系。",0,1,
sample_0069,subPropertyOf,"For any x and y, if x code y holds, then x brinCode y also holds.","背景知识：
条目1：
- 名称：code
- 类型：Property
- 简介：Superproperty for any designation (string, integer as string) that is meant to identify an entity within the context of a system

条目2：
- 名称：brinCode
- 类型：Property
- 简介：The code used by the Dutch Ministry of Education to identify a school (as an organisation)",0,llama-3.1-70b,0.0,8192,https://api2.aigcbest.top/v1,"判断结果：错误
解释：根据背景知识，code是表示任何识别实体的通用属性，而brinCode是表示荷兰教育部识别学校的特定属性，二者之间没有直接的包含关系。",0,1,
sample_0070,subPropertyOf,The property code is more specific than the property brinCode.,"背景知识：
条目1：
- 名称：code
- 类型：Property
- 简介：Superproperty for any designation (string, integer as string) that is meant to identify an entity within the context of a system

条目2：
- 名称：brinCode
- 类型：Property
- 简介：The code used by the Dutch Ministry of Education to identify a school (as an organisation)",0,llama-3.1-70b,0.0,8192,https://api2.aigcbest.top/v1,"判断结果：错误
解释：根据背景知识，brinCode是code的子属性，表示brinCode比code更具体，因此公理“code是brinCode的子属性”是错误的。",0,1,
sample_0071,subPropertyOf,code ⊑p codeListOfHonour,"背景知识：
条目1：
- 名称：code
- 类型：Property
- 简介：Superproperty for any designation (string, integer as string) that is meant to identify an entity within the context of a system

条目2：
- 名称：codeListOfHonour
- 类型：Property
- 简介：code on List of Honour",0,llama-3.1-70b,0.0,8192,https://api2.aigcbest.top/v1,"判断结果：错误
解释：根据RDFS语义规则，subPropertyOf表示属性之间的包含关系，但codeListOfHonour是code的子属性，不能作为code的超属性。",0,1,
sample_0072,subPropertyOf,code is a subproperty of codeListOfHonour.,"背景知识：
条目1：
- 名称：code
- 类型：Property
- 简介：Superproperty for any designation (string, integer as string) that is meant to identify an entity within the context of a system

条目2：
- 名称：codeListOfHonour
- 类型：Property
- 简介：code on List of Honour",0,llama-3.1-70b,0.0,8192,https://api2.aigcbest.top/v1,"判断结果：错误
解释：根据RDFS语义规则，subpropertyOf表示属性之间的包含关系，但背景知识中codeListOfHonour是code的子属性，这与给定公理相反。",0,1,
sample_0073,subPropertyOf,"If two resources are related by code, then they are also related by codeListOfHonour.","背景知识：
条目1：
- 名称：code
- 类型：Property
- 简介：Superproperty for any designation (string, integer as string) that is meant to identify an entity within the context of a system

条目2：
- 名称：codeListOfHonour
- 类型：Property
- 简介：code on List of Honour",0,llama-3.1-70b,0.0,8192,https://api2.aigcbest.top/v1,"判断结果：错误
解释：根据背景知识，codeListOfHonour是code的子属性，但不能推断出两个资源通过code相关就一定通过codeListOfHonour相关。",0,1,
sample_0074,subPropertyOf,"For any x and y, if x code y holds, then x codeListOfHonour y also holds.","背景知识：
条目1：
- 名称：code
- 类型：Property
- 简介：Superproperty for any designation (string, integer as string) that is meant to identify an entity within the context of a system

条目2：
- 名称：codeListOfHonour
- 类型：Property
- 简介：code on List of Honour",0,llama-3.1-70b,0.0,8192,https://api2.aigcbest.top/v1,"判断结果：正确
解释：根据背景知识，codeListOfHonour是code的子属性，表示codeListOfHonour的值也属于code的值，因此该公理合理。",1,0,
sample_0075,subPropertyOf,The property code is more specific than the property codeListOfHonour.,"背景知识：
条目1：
- 名称：code
- 类型：Property
- 简介：Superproperty for any designation (string, integer as string) that is meant to identify an entity within the context of a system

条目2：
- 名称：codeListOfHonour
- 类型：Property
- 简介：code on List of Honour",0,llama-3.1-70b,0.0,8192,https://api2.aigcbest.top/v1,"判断结果：错误
解释：根据RDFS语义规则，subPropertyOf表示属性之间的包含关系，codeListOfHonour应该是code的子属性，而不是相反。",0,1,
sample_0076,subPropertyOf,code ⊑p codeStockExchange,"背景知识：
条目1：
- 名称：code
- 类型：Property
- 简介：Superproperty for any designation (string, integer as string) that is meant to identify an entity within the context of a system

条目2：
- 名称：codeStockExchange
- 类型：Property
- 简介：code Stock Exchange",0,llama-3.1-70b,0.0,8192,https://api2.aigcbest.top/v1,"判断结果：错误
解释：根据RDFS语义规则，subPropertyOf表示属性之间的包含关系，但codeStockExchange是code的子属性，这与背景知识中code是任何系统中实体的标识符的定义不符。",0,1,
sample_0077,subPropertyOf,code is a subproperty of codeStockExchange.,"背景知识：
条目1：
- 名称：code
- 类型：Property
- 简介：Superproperty for any designation (string, integer as string) that is meant to identify an entity within the context of a system

条目2：
- 名称：codeStockExchange
- 类型：Property
- 简介：code Stock Exchange",0,llama-3.1-70b,0.0,8192,https://api2.aigcbest.top/v1,"判断结果：错误
解释：根据背景知识，codeStockExchange是code的子属性，而非父属性，因此code不能是codeStockExchange的子属性。",0,1,
sample_0078,subPropertyOf,"If two resources are related by code, then they are also related by codeStockExchange.","背景知识：
条目1：
- 名称：code
- 类型：Property
- 简介：Superproperty for any designation (string, integer as string) that is meant to identify an entity within the context of a system

条目2：
- 名称：codeStockExchange
- 类型：Property
- 简介：code Stock Exchange",0,llama-3.1-70b,0.0,8192,https://api2.aigcbest.top/v1,"判断结果：错误
解释：根据背景知识，codeStockExchange是code的子属性，但不能推断出两个资源通过code相关就一定通过codeStockExchange相关。",0,1,
sample_0079,subPropertyOf,"For any x and y, if x code y holds, then x codeStockExchange y also holds.","背景知识：
条目1：
- 名称：code
- 类型：Property
- 简介：Superproperty for any designation (string, integer as string) that is meant to identify an entity within the context of a system

条目2：
- 名称：codeStockExchange
- 类型：Property
- 简介：code Stock Exchange",0,llama-3.1-70b,0.0,8192,https://api2.aigcbest.top/v1,"判断结果：错误
解释：根据背景知识，codeStockExchange是code的子属性，但不能推断出x code y一定能推导出x codeStockExchange y，因为codeStockExchange有更具体的约束，即表示股票交易所的代码。",0,1,
sample_0080,subPropertyOf,The property code is more specific than the property codeStockExchange.,"背景知识：
条目1：
- 名称：code
- 类型：Property
- 简介：Superproperty for any designation (string, integer as string) that is meant to identify an entity within the context of a system

条目2：
- 名称：codeStockExchange
- 类型：Property
- 简介：code Stock Exchange",0,llama-3.1-70b,0.0,8192,https://api2.aigcbest.top/v1,"判断结果：错误
解释：根据背景知识，codeStockExchange是code的子属性，应该是codeStockExchange更具体，而不是code更具体。",0,1,
sample_0081,subPropertyOf,code ⊑p cosparId,"背景知识：
条目1：
- 名称：code
- 类型：Property
- 简介：Superproperty for any designation (string, integer as string) that is meant to identify an entity within the context of a system

条目2：
- 名称：cosparId
- 类型：Property
- 简介：Described at http://en.wikipedia.org/wiki/International_Designator",0,llama-3.1-70b,0.0,8192,https://api2.aigcbest.top/v1,"判断结果：正确
解释：根据RDFS语义规则，code ⊑p cosparId表示code是cosparId的子属性，这与背景知识中code是任何识别实体的超属性的描述相符。",1,0,
sample_0082,subPropertyOf,code is a subproperty of cosparId.,"背景知识：
条目1：
- 名称：code
- 类型：Property
- 简介：Superproperty for any designation (string, integer as string) that is meant to identify an entity within the context of a system

条目2：
- 名称：cosparId
- 类型：Property
- 简介：Described at http://en.wikipedia.org/wiki/International_Designator",0,llama-3.1-70b,0.0,8192,https://api2.aigcbest.top/v1,"判断结果：错误
解释：根据背景知识，code是表示任何用于识别实体的标识符的父属性，而cosparId是表示国际指定符的属性，后者是前者的子属性，因此code不能是cosparId的子属性。",0,1,
sample_0083,subPropertyOf,"If two resources are related by code, then they are also related by cosparId.","背景知识：
条目1：
- 名称：code
- 类型：Property
- 简介：Superproperty for any designation (string, integer as string) that is meant to identify an entity within the context of a system

条目2：
- 名称：cosparId
- 类型：Property
- 简介：Described at http://en.wikipedia.org/wiki/International_Designator",0,llama-3.1-70b,0.0,8192,https://api2.aigcbest.top/v1,"判断结果：错误
解释：根据背景知识，code是表示任何识别实体的通用属性，而cosparId是表示国际指定符的特定属性，两者之间没有直接的包含关系。",0,1,
sample_0084,subPropertyOf,"For any x and y, if x code y holds, then x cosparId y also holds.","背景知识：
条目1：
- 名称：code
- 类型：Property
- 简介：Superproperty for any designation (string, integer as string) that is meant to identify an entity within the context of a system

条目2：
- 名称：cosparId
- 类型：Property
- 简介：Described at http://en.wikipedia.org/wiki/International_Designator",0,llama-3.1-70b,0.0,8192,https://api2.aigcbest.top/v1,"判断结果：错误
解释：根据背景知识，code是表示任何识别实体的字符串或整数，而cosparId是国际指定符，两者虽然都是识别符，但其具体含义和使用范围不同，因此不能直接推断x code y蕴含x cosparId y。",0,1,
sample_0085,subPropertyOf,The property code is more specific than the property cosparId.,"背景知识：
条目1：
- 名称：code
- 类型：Property
- 简介：Superproperty for any designation (string, integer as string) that is meant to identify an entity within the context of a system

条目2：
- 名称：cosparId
- 类型：Property
- 简介：Described at http://en.wikipedia.org/wiki/International_Designator",0,llama-3.1-70b,0.0,8192,https://api2.aigcbest.top/v1,"判断结果：错误
解释：根据背景知识，code是表示任何识别实体的通用属性，而cosparId是表示国际指定符的特定属性，后者应该是前者的子属性。",0,1,
sample_0086,subPropertyOf,code ⊑p dfE,"背景知识：
条目1：
- 名称：code
- 类型：Property
- 简介：Superproperty for any designation (string, integer as string) that is meant to identify an entity within the context of a system

条目2：
- 名称：dfE
- 类型：Property
- 简介：Department for Education (UK) number of a school in England or Wales",0,llama-3.1-70b,0.0,8192,https://api2.aigcbest.top/v1,"判断结果：正确
解释：根据RDFS语义规则，code ⊑p dfE表示code是dfE的子属性，符合背景知识中code是任何识别实体的超属性的描述。",1,0,
sample_0087,subPropertyOf,code is a subproperty of dfE.,"背景知识：
条目1：
- 名称：code
- 类型：Property
- 简介：Superproperty for any designation (string, integer as string) that is meant to identify an entity within the context of a system

条目2：
- 名称：dfE
- 类型：Property
- 简介：Department for Education (UK) number of a school in England or Wales",0,llama-3.1-70b,0.0,8192,https://api2.aigcbest.top/v1,"判断结果：错误
解释：根据背景知识，dfE是code的子属性，而非父属性，因此code不能是dfE的子属性。",0,1,
sample_0088,subPropertyOf,"If two resources are related by code, then they are also related by dfE.","背景知识：
条目1：
- 名称：code
- 类型：Property
- 简介：Superproperty for any designation (string, integer as string) that is meant to identify an entity within the context of a system

条目2：
- 名称：dfE
- 类型：Property
- 简介：Department for Education (UK) number of a school in England or Wales",0,llama-3.1-70b,0.0,8192,https://api2.aigcbest.top/v1,"判断结果：错误
解释：根据背景知识，code是表示任何识别实体的通用属性，而dfE是表示英国教育部学校编号的特定属性，两者之间没有直接的包含关系。",0,1,
sample_0089,subPropertyOf,"For any x and y, if x code y holds, then x dfE y also holds.","背景知识：
条目1：
- 名称：code
- 类型：Property
- 简介：Superproperty for any designation (string, integer as string) that is meant to identify an entity within the context of a system

条目2：
- 名称：dfE
- 类型：Property
- 简介：Department for Education (UK) number of a school in England or Wales",0,llama-3.1-70b,0.0,8192,https://api2.aigcbest.top/v1,"判断结果：错误
解释：根据背景知识，code是表示任何识别实体的通用属性，而dfE是表示英国教育部学校编号的特定属性，两者之间没有直接的包含关系。",0,1,
sample_0090,subPropertyOf,The property code is more specific than the property dfE.,"背景知识：
条目1：
- 名称：code
- 类型：Property
- 简介：Superproperty for any designation (string, integer as string) that is meant to identify an entity within the context of a system

条目2：
- 名称：dfE
- 类型：Property
- 简介：Department for Education (UK) number of a school in England or Wales",0,llama-3.1-70b,0.0,8192,https://api2.aigcbest.top/v1,"判断结果：正确
解释：根据背景知识，code是dfE的超属性，表示code比dfE更为通用，因此code是dfE的超属性，公理成立。",1,0,
sample_0091,subPropertyOf,code ⊑p dutchNAIdentifier,"背景知识：
条目1：
- 名称：code
- 类型：Property
- 简介：Superproperty for any designation (string, integer as string) that is meant to identify an entity within the context of a system

条目2：
- 名称：dutchNAIdentifier
- 类型：Property
- 简介：Identifier for Duch National Archive",0,llama-3.1-70b,0.0,8192,https://api2.aigcbest.top/v1,"判断结果：正确
解释：根据RDFS语义规则，code ⊑p dutchNAIdentifier表示code是dutchNAIdentifier的子属性，这与背景知识中code是任何识别实体的超属性的描述相符。",1,0,
sample_0092,subPropertyOf,code is a subproperty of dutchNAIdentifier.,"背景知识：
条目1：
- 名称：code
- 类型：Property
- 简介：Superproperty for any designation (string, integer as string) that is meant to identify an entity within the context of a system

条目2：
- 名称：dutchNAIdentifier
- 类型：Property
- 简介：Identifier for Duch National Archive",0,llama-3.1-70b,0.0,8192,https://api2.aigcbest.top/v1,"判断结果：错误
解释：根据背景知识，code是表示任何识别实体的通用属性，而dutchNAIdentifier是表示荷兰国家档案标识符的特定属性，code不应是dutchNAIdentifier的子属性。",0,1,
sample_0093,subPropertyOf,"If two resources are related by code, then they are also related by dutchNAIdentifier.","背景知识：
条目1：
- 名称：code
- 类型：Property
- 简介：Superproperty for any designation (string, integer as string) that is meant to identify an entity within the context of a system

条目2：
- 名称：dutchNAIdentifier
- 类型：Property
- 简介：Identifier for Duch National Archive",0,llama-3.1-70b,0.0,8192,https://api2.aigcbest.top/v1,"判断结果：错误
解释：根据背景知识，code是表示任何识别实体的通用属性，而dutchNAIdentifier是表示荷兰国家档案标识符的特定属性，两者之间没有直接的包含关系。",0,1,
sample_0094,subPropertyOf,"For any x and y, if x code y holds, then x dutchNAIdentifier y also holds.","背景知识：
条目1：
- 名称：code
- 类型：Property
- 简介：Superproperty for any designation (string, integer as string) that is meant to identify an entity within the context of a system

条目2：
- 名称：dutchNAIdentifier
- 类型：Property
- 简介：Identifier for Duch National Archive",0,llama-3.1-70b,0.0,8192,https://api2.aigcbest.top/v1,"判断结果：错误
解释：根据背景知识，code是表示任何系统中实体的识别符的父属性，而dutchNAIdentifier是荷兰国家档案的识别符，两者之间没有直接的包含关系，因此不能推断x code y一定能推导出x dutchNAIdentifier y。",0,1,
sample_0095,subPropertyOf,The property code is more specific than the property dutchNAIdentifier.,"背景知识：
条目1：
- 名称：code
- 类型：Property
- 简介：Superproperty for any designation (string, integer as string) that is meant to identify an entity within the context of a system

条目2：
- 名称：dutchNAIdentifier
- 类型：Property
- 简介：Identifier for Duch National Archive",0,llama-3.1-70b,0.0,8192,https://api2.aigcbest.top/v1,"判断结果：错误
解释：根据背景知识，code是表示任何系统中实体标识的父属性，而dutchNAIdentifier是荷兰国家档案标识符，后者是前者的特例，因此dutchNAIdentifier应该是code的子属性，而不是相反。",0,1,
sample_0096,subPropertyOf,code ⊑p dutchPPNCode,"背景知识：
条目1：
- 名称：code
- 类型：Property
- 简介：Superproperty for any designation (string, integer as string) that is meant to identify an entity within the context of a system

条目2：
- 名称：dutchPPNCode
- 类型：Property
- 简介：Dutch PPN code is a library cataloguing code for collection items (books, journals and the like).",0,llama-3.1-70b,0.0,8192,https://api2.aigcbest.top/v1,"判断结果：正确
解释：根据RDFS语义规则，code ⊑p dutchPPNCode表示code是dutchPPNCode的子属性，这与背景知识中code是任何识别实体的超属性，dutchPPNCode是荷兰PPN代码的特定属性的描述相符。",1,0,
sample_0097,subPropertyOf,code is a subproperty of dutchPPNCode.,"背景知识：
条目1：
- 名称：code
- 类型：Property
- 简介：Superproperty for any designation (string, integer as string) that is meant to identify an entity within the context of a system

条目2：
- 名称：dutchPPNCode
- 类型：Property
- 简介：Dutch PPN code is a library cataloguing code for collection items (books, journals and the like).",0,llama-3.1-70b,0.0,8192,https://api2.aigcbest.top/v1,"判断结果：错误
解释：根据背景知识，code是dutchPPNCode的父属性，而非子属性。",0,1,
sample_0098,subPropertyOf,"If two resources are related by code, then they are also related by dutchPPNCode.","背景知识：
条目1：
- 名称：code
- 类型：Property
- 简介：Superproperty for any designation (string, integer as string) that is meant to identify an entity within the context of a system

条目2：
- 名称：dutchPPNCode
- 类型：Property
- 简介：Dutch PPN code is a library cataloguing code for collection items (books, journals and the like).",0,llama-3.1-70b,0.0,8192,https://api2.aigcbest.top/v1,"判断结果：错误
解释：根据背景知识，code是表示任何识别实体的通用属性，而dutchPPNCode是表示荷兰图书馆目录编码的特定属性，两者之间没有直接的包含关系。",0,1,
sample_0099,subPropertyOf,"For any x and y, if x code y holds, then x dutchPPNCode y also holds.","背景知识：
条目1：
- 名称：code
- 类型：Property
- 简介：Superproperty for any designation (string, integer as string) that is meant to identify an entity within the context of a system

条目2：
- 名称：dutchPPNCode
- 类型：Property
- 简介：Dutch PPN code is a library cataloguing code for collection items (books, journals and the like).",0,llama-3.1-70b,0.0,8192,https://api2.aigcbest.top/v1,"判断结果：错误
解释：根据背景知识，code是表示任何识别实体的字符串或整数的父属性，而dutchPPNCode是表示荷兰图书馆目录编码的特定属性，不能推断出code的所有实例都满足dutchPPNCode的特定约束。",0,1,
sample_0100,subPropertyOf,The property code is more specific than the property dutchPPNCode.,"背景知识：
条目1：
- 名称：code
- 类型：Property
- 简介：Superproperty for any designation (string, integer as string) that is meant to identify an entity within the context of a system

条目2：
- 名称：dutchPPNCode
- 类型：Property
- 简介：Dutch PPN code is a library cataloguing code for collection items (books, journals and the like).",0,llama-3.1-70b,0.0,8192,https://api2.aigcbest.top/v1,"判断结果：错误
解释：根据背景知识，dutchPPNCode是code的子属性，应该是code更为具体，而非dutchPPNCode更为具体。",0,1,
sample_0101,subPropertyOf,code ⊑p dutchWinkelID,"背景知识：
条目1：
- 名称：code
- 类型：Property
- 简介：Superproperty for any designation (string, integer as string) that is meant to identify an entity within the context of a system

条目2：
- 名称：dutchWinkelID
- 类型：Property
- 简介：Dutch Winkel ID is a code for an underground publication, as attributed by Lydia Winkel's work on the underground WW II press in the Netherlands.",0,llama-3.1-70b,0.0,8192,https://api2.aigcbest.top/v1,"判断结果：正确
解释：根据RDFS语义规则，code ⊑p dutchWinkelID表示code是dutchWinkelID的子属性，这与背景知识中code是dutchWinkelID的超属性相符。",1,0,
sample_0102,subPropertyOf,code is a subproperty of dutchWinkelID.,"背景知识：
条目1：
- 名称：code
- 类型：Property
- 简介：Superproperty for any designation (string, integer as string) that is meant to identify an entity within the context of a system

条目2：
- 名称：dutchWinkelID
- 类型：Property
- 简介：Dutch Winkel ID is a code for an underground publication, as attributed by Lydia Winkel's work on the underground WW II press in the Netherlands.",0,llama-3.1-70b,0.0,8192,https://api2.aigcbest.top/v1,"判断结果：错误
解释：根据背景知识，code是dutchWinkelID的超属性，而公理中却错误地将code作为dutchWinkelID的子属性。",0,1,
sample_0103,subPropertyOf,"If two resources are related by code, then they are also related by dutchWinkelID.","背景知识：
条目1：
- 名称：code
- 类型：Property
- 简介：Superproperty for any designation (string, integer as string) that is meant to identify an entity within the context of a system

条目2：
- 名称：dutchWinkelID
- 类型：Property
- 简介：Dutch Winkel ID is a code for an underground publication, as attributed by Lydia Winkel's work on the underground WW II press in the Netherlands.",0,llama-3.1-70b,0.0,8192,https://api2.aigcbest.top/v1,"判断结果：错误
解释：根据背景知识，code是表示任何识别实体的通用属性，而dutchWinkelID是表示荷兰地下出版物特定代码的属性，两者之间没有直接的包含关系。",0,1,
sample_0104,subPropertyOf,"For any x and y, if x code y holds, then x dutchWinkelID y also holds.","背景知识：
条目1：
- 名称：code
- 类型：Property
- 简介：Superproperty for any designation (string, integer as string) that is meant to identify an entity within the context of a system

条目2：
- 名称：dutchWinkelID
- 类型：Property
- 简介：Dutch Winkel ID is a code for an underground publication, as attributed by Lydia Winkel's work on the underground WW II press in the Netherlands.",0,llama-3.1-70b,0.0,8192,https://api2.aigcbest.top/v1,"判断结果：错误
解释：根据背景知识，code是表示任何识别实体的通用属性，而dutchWinkelID是表示荷兰地下出版物特定代码的属性，两者之间没有直接的包含关系。",0,1,
sample_0105,subPropertyOf,The property code is more specific than the property dutchWinkelID.,"背景知识：
条目1：
- 名称：code
- 类型：Property
- 简介：Superproperty for any designation (string, integer as string) that is meant to identify an entity within the context of a system

条目2：
- 名称：dutchWinkelID
- 类型：Property
- 简介：Dutch Winkel ID is a code for an underground publication, as attributed by Lydia Winkel's work on the underground WW II press in the Netherlands.",0,llama-3.1-70b,0.0,8192,https://api2.aigcbest.top/v1,"判断结果：错误
解释：根据背景知识，dutchWinkelID是code的子属性，code是dutchWinkelID的父属性，因此code不应比dutchWinkelID更具体。",0,1,
sample_0106,subPropertyOf,code ⊑p individualisedGnd,"背景知识：
条目1：
- 名称：code
- 类型：Property
- 简介：Superproperty for any designation (string, integer as string) that is meant to identify an entity within the context of a system

条目2：
- 名称：individualisedGnd
- 类型：Property
- 简介：GND (Gemeinsame Normdatei) is an international authority file for the organisation of personal names, subject headings and corporate bodies from catalogues. It is used mainly for documentation in libraries and archives. The GND is managed b...",0,llama-3.1-70b,0.0,8192,https://api2.aigcbest.top/v1,"判断结果：错误
解释：根据RDFS语义规则，subPropertyOf表示属性之间的包含关系，但code和individualisedGnd都是属性，且个体化GND是GND的子属性，code是任何识别实体的超属性，与个体化GND的关系不明确，因此无法确定code是individualisedGnd的子属性。",0,1,
sample_0107,subPropertyOf,code is a subproperty of individualisedGnd.,"背景知识：
条目1：
- 名称：code
- 类型：Property
- 简介：Superproperty for any designation (string, integer as string) that is meant to identify an entity within the context of a system

条目2：
- 名称：individualisedGnd
- 类型：Property
- 简介：GND (Gemeinsame Normdatei) is an international authority file for the organisation of personal names, subject headings and corporate bodies from catalogues. It is used mainly for documentation in libraries and archives. The GND is managed b...",0,llama-3.1-70b,0.0,8192,https://api2.aigcbest.top/v1,"判断结果：错误
解释：根据背景知识，code是用于识别实体的通用属性，而individualisedGnd是用于表示GND国际权威文件中个人名称、主题标题和法人机构的具体属性，二者在语义上不具有包含关系。",0,1,
sample_0108,subPropertyOf,"If two resources are related by code, then they are also related by individualisedGnd.","背景知识：
条目1：
- 名称：code
- 类型：Property
- 简介：Superproperty for any designation (string, integer as string) that is meant to identify an entity within the context of a system

条目2：
- 名称：individualisedGnd
- 类型：Property
- 简介：GND (Gemeinsame Normdatei) is an international authority file for the organisation of personal names, subject headings and corporate bodies from catalogues. It is used mainly for documentation in libraries and archives. The GND is managed b...",0,llama-3.1-70b,0.0,8192,https://api2.aigcbest.top/v1,"判断结果：错误
解释：根据背景知识，code是用于识别实体的通用属性，而individualisedGnd是用于表示GND国际权威文件中个人名称、主题标题和法人机构的具体属性，两者之间没有直接的包含关系。",0,1,
sample_0109,subPropertyOf,"For any x and y, if x code y holds, then x individualisedGnd y also holds.","背景知识：
条目1：
- 名称：code
- 类型：Property
- 简介：Superproperty for any designation (string, integer as string) that is meant to identify an entity within the context of a system

条目2：
- 名称：individualisedGnd
- 类型：Property
- 简介：GND (Gemeinsame Normdatei) is an international authority file for the organisation of personal names, subject headings and corporate bodies from catalogues. It is used mainly for documentation in libraries and archives. The GND is managed b...",0,llama-3.1-70b,0.0,8192,https://api2.aigcbest.top/v1,"判断结果：错误
解释：根据背景知识，code是表示实体在系统中的标识，而individualisedGnd是表示GND国际权威文件中的个人名称、主题标题和法人实体，两者概念不同，不能直接推断code的关系也一定是individualisedGnd的关系。",0,1,
sample_0110,subPropertyOf,The property code is more specific than the property individualisedGnd.,"背景知识：
条目1：
- 名称：code
- 类型：Property
- 简介：Superproperty for any designation (string, integer as string) that is meant to identify an entity within the context of a system

条目2：
- 名称：individualisedGnd
- 类型：Property
- 简介：GND (Gemeinsame Normdatei) is an international authority file for the organisation of personal names, subject headings and corporate bodies from catalogues. It is used mainly for documentation in libraries and archives. The GND is managed b...",0,llama-3.1-70b,0.0,8192,https://api2.aigcbest.top/v1,"判断结果：错误
解释：根据背景知识，code是表示实体在系统中的标识，而individualisedGnd是表示GND国际权威文件中个人名称、主题标题和法人机构的标识，两者虽然都是标识属性，但其具体含义和应用范围不同，不能简单地判断code是individualisedGnd的子属性。",0,1,
sample_0111,subPropertyOf,codeSettlement ⊑p inseeCode,"背景知识：
条目1：
- 名称：codeSettlement
- 类型：Property
- 简介：settlement code

条目2：
- 名称：inseeCode
- 类型：Property
- 简介：numerical indexing code used by the French National Institute for Statistics and Economic Studies (INSEE) to identify various entities",0,llama-3.1-70b,0.0,8192,https://api2.aigcbest.top/v1,"判断结果：错误
解释：根据RDFS语义规则，subPropertyOf表示属性之间的包含关系，但codeSettlement和inseeCode都是属性，且没有明显的包含关系。",0,1,
sample_0112,subPropertyOf,codeSettlement is a subproperty of inseeCode.,"背景知识：
条目1：
- 名称：codeSettlement
- 类型：Property
- 简介：settlement code

条目2：
- 名称：inseeCode
- 类型：Property
- 简介：numerical indexing code used by the French National Institute for Statistics and Economic Studies (INSEE) to identify various entities",0,llama-3.1-70b,0.0,8192,https://api2.aigcbest.top/v1,"判断结果：错误
解释：根据背景知识，codeSettlement和inseeCode都是属性，且都表示编码，但它们的含义和用途不同，codeSettlement表示结算代码，而inseeCode表示法国国家统计和经济研究所使用的编码，因此codeSettlement不应是inseeCode的子属性。",0,1,
sample_0113,subPropertyOf,"If two resources are related by codeSettlement, then they are also related by inseeCode.","背景知识：
条目1：
- 名称：codeSettlement
- 类型：Property
- 简介：settlement code

条目2：
- 名称：inseeCode
- 类型：Property
- 简介：numerical indexing code used by the French National Institute for Statistics and Economic Studies (INSEE) to identify various entities",0,llama-3.1-70b,0.0,8192,https://api2.aigcbest.top/v1,"判断结果：错误
解释：根据背景知识，codeSettlement和inseeCode是两个不同的属性，分别表示结算代码和法国国家统计与经济研究所使用的数值索引代码，没有明确的语义关系或约束信息表明它们之间存在包含关系。",0,1,
sample_0114,subPropertyOf,"For any x and y, if x codeSettlement y holds, then x inseeCode y also holds.","背景知识：
条目1：
- 名称：codeSettlement
- 类型：Property
- 简介：settlement code

条目2：
- 名称：inseeCode
- 类型：Property
- 简介：numerical indexing code used by the French National Institute for Statistics and Economic Studies (INSEE) to identify various entities",0,llama-3.1-70b,0.0,8192,https://api2.aigcbest.top/v1,"判断结果：错误
解释：根据背景知识，codeSettlement和inseeCode是两个不同的属性，前者表示结算代码，后者表示法国国家统计和经济研究所使用的数值索引代码，没有明显的语义关系或约束信息表明codeSettlement的值一定是inseeCode的值。",0,1,
sample_0115,subPropertyOf,The property codeSettlement is more specific than the property inseeCode.,"背景知识：
条目1：
- 名称：codeSettlement
- 类型：Property
- 简介：settlement code

条目2：
- 名称：inseeCode
- 类型：Property
- 简介：numerical indexing code used by the French National Institute for Statistics and Economic Studies (INSEE) to identify various entities",0,llama-3.1-70b,0.0,8192,https://api2.aigcbest.top/v1,"判断结果：错误
解释：根据背景知识，codeSettlement和inseeCode都是属性，且都表示编码，但没有明确的语义关系表明codeSettlement是inseeCode的子属性。",0,1,
sample_0116,subPropertyOf,colourHexCode ⊑p code,"背景知识：
条目1：
- 名称：colourHexCode
- 类型：Property
- 简介：A colour represented by its hex code (e.g.: #FF0000 or #40E0D0)

条目2：
- 名称：code
- 类型：Property
- 简介：Superproperty for any designation (string, integer as string) that is meant to identify an entity within the context of a system",1,llama-3.1-70b,0.0,8192,https://api2.aigcbest.top/v1,"判断结果：正确
解释：colourHexCode作为code的子属性，表明colourHexCode是code的特定类型，符合RDFS的subPropertyOf语义规则。",1,1,
sample_0117,subPropertyOf,colourHexCode is a subproperty of code.,"背景知识：
条目1：
- 名称：colourHexCode
- 类型：Property
- 简介：A colour represented by its hex code (e.g.: #FF0000 or #40E0D0)

条目2：
- 名称：code
- 类型：Property
- 简介：Superproperty for any designation (string, integer as string) that is meant to identify an entity within the context of a system",1,llama-3.1-70b,0.0,8192,https://api2.aigcbest.top/v1,"判断结果：正确
解释：colourHexCode作为code的子属性是合理的，因为colourHexCode表示颜色的十六进制代码，而code表示任何用于识别实体的标识符，colourHexCode是code的一个特例。",1,1,
sample_0118,subPropertyOf,"If two resources are related by colourHexCode, then they are also related by code.","背景知识：
条目1：
- 名称：colourHexCode
- 类型：Property
- 简介：A colour represented by its hex code (e.g.: #FF0000 or #40E0D0)

条目2：
- 名称：code
- 类型：Property
- 简介：Superproperty for any designation (string, integer as string) that is meant to identify an entity within the context of a system",1,llama-3.1-70b,0.0,8192,https://api2.aigcbest.top/v1,"判断结果：正确
解释：根据背景知识，colourHexCode是code的子属性，表示colourHexCode关系的两个资源也满足code关系。",1,1,
sample_0119,subPropertyOf,"For any x and y, if x colourHexCode y holds, then x code y also holds.","背景知识：
条目1：
- 名称：colourHexCode
- 类型：Property
- 简介：A colour represented by its hex code (e.g.: #FF0000 or #40E0D0)

条目2：
- 名称：code
- 类型：Property
- 简介：Superproperty for any designation (string, integer as string) that is meant to identify an entity within the context of a system",1,llama-3.1-70b,0.0,8192,https://api2.aigcbest.top/v1,"判断结果：正确
解释：根据背景知识，colourHexCode是code的子属性，表示colourHexCode的值也应该是code的值。",1,1,
sample_0120,subPropertyOf,The property colourHexCode is more specific than the property code.,"背景知识：
条目1：
- 名称：colourHexCode
- 类型：Property
- 简介：A colour represented by its hex code (e.g.: #FF0000 or #40E0D0)

条目2：
- 名称：code
- 类型：Property
- 简介：Superproperty for any designation (string, integer as string) that is meant to identify an entity within the context of a system",1,llama-3.1-70b,0.0,8192,https://api2.aigcbest.top/v1,"判断结果：正确
解释：colourHexCode属性是code属性的子属性，表示colourHexCode属性是code属性的特例，符合RDFS语义规则。",1,1,
sample_0121,subPropertyOf,followedBy ⊑p nextMission,"背景知识：
条目1：
- 名称：followedBy
- 类型：Property
- 简介：followed by

条目2：
- 名称：nextMission
- 类型：Property
- 简介：next mission",0,llama-3.1-70b,0.0,8192,https://api2.aigcbest.top/v1,"判断结果：正确
解释：根据RDFS语义规则，subPropertyOf表示属性之间的包含关系，followedBy ⊑p nextMission表示followedBy是nextMission的子属性，符合背景知识中followedBy和nextMission的语义关系。",1,0,
sample_0122,subPropertyOf,followedBy is a subproperty of nextMission.,"背景知识：
条目1：
- 名称：followedBy
- 类型：Property
- 简介：followed by

条目2：
- 名称：nextMission
- 类型：Property
- 简介：next mission",0,llama-3.1-70b,0.0,8192,https://api2.aigcbest.top/v1,"判断结果：错误
解释：根据背景知识，followedBy和nextMission都是属性，且没有明显的包含关系，故followedBy不能是nextMission的子属性。",0,1,
sample_0123,subPropertyOf,"If two resources are related by followedBy, then they are also related by nextMission.","背景知识：
条目1：
- 名称：followedBy
- 类型：Property
- 简介：followed by

条目2：
- 名称：nextMission
- 类型：Property
- 简介：next mission",0,llama-3.1-70b,0.0,8192,https://api2.aigcbest.top/v1,"判断结果：正确
解释：根据背景知识和RDFS语义规则，followedBy和nextMission都是表示顺序关系的属性，且两者都表示一种后续关系，因此可以推断出followedBy的关系也可以表示为nextMission的关系。",1,0,
sample_0124,subPropertyOf,"For any x and y, if x followedBy y holds, then x nextMission y also holds.","背景知识：
条目1：
- 名称：followedBy
- 类型：Property
- 简介：followed by

条目2：
- 名称：nextMission
- 类型：Property
- 简介：next mission",0,llama-3.1-70b,0.0,8192,https://api2.aigcbest.top/v1,"判断结果：正确
解释：根据背景知识和RDFS语义规则，followedBy和nextMission都是表示顺序关系的属性，且两者都表示“后续”关系，因此可以推断出followedBy的实例也可以作为nextMission的实例。",1,0,
sample_0125,subPropertyOf,The property followedBy is more specific than the property nextMission.,"背景知识：
条目1：
- 名称：followedBy
- 类型：Property
- 简介：followed by

条目2：
- 名称：nextMission
- 类型：Property
- 简介：next mission",0,llama-3.1-70b,0.0,8192,https://api2.aigcbest.top/v1,"判断结果：错误
解释：根据RDFS语义规则，subPropertyOf表示属性之间的包含关系，但背景知识中followedBy和nextMission均为Property类型，且没有明确的包含关系，因此该公理不合理。",0,1,
sample_0126,subPropertyOf,keyPerson ⊑p commandant,"背景知识：
条目1：
- 名称：keyPerson
- 类型：Property
- 简介：key person

条目2：
- 名称：commandant
- 类型：Property
- 简介：commandant",0,llama-3.1-70b,0.0,8192,https://api2.aigcbest.top/v1,"判断结果：错误
解释：根据RDFS语义规则，subPropertyOf表示属性之间的包含关系，但keyPerson和commandant都是属性，不能直接使用⊑p表示包含关系。",0,1,
sample_0127,subPropertyOf,keyPerson is a subproperty of commandant.,"背景知识：
条目1：
- 名称：keyPerson
- 类型：Property
- 简介：key person

条目2：
- 名称：commandant
- 类型：Property
- 简介：commandant",0,llama-3.1-70b,0.0,8192,https://api2.aigcbest.top/v1,"判断结果：错误
解释：根据背景知识，keyPerson和commandant都是属性，且没有明显的包含关系，因此keyPerson不能是commandant的子属性。",0,1,
sample_0128,subPropertyOf,"If two resources are related by keyPerson, then they are also related by commandant.","背景知识：
条目1：
- 名称：keyPerson
- 类型：Property
- 简介：key person

条目2：
- 名称：commandant
- 类型：Property
- 简介：commandant",0,llama-3.1-70b,0.0,8192,https://api2.aigcbest.top/v1,"判断结果：错误
解释：根据背景知识，keyPerson和commandant是两个不同的属性，不能直接推断出keyPerson的关系也一定是commandant的关系。",0,1,
sample_0129,subPropertyOf,"For any x and y, if x keyPerson y holds, then x commandant y also holds.","背景知识：
条目1：
- 名称：keyPerson
- 类型：Property
- 简介：key person

条目2：
- 名称：commandant
- 类型：Property
- 简介：commandant",0,llama-3.1-70b,0.0,8192,https://api2.aigcbest.top/v1,"判断结果：错误
解释：根据RDFS语义规则，keyPerson和commandant是两个不同的属性，不能直接推断出包含关系。",0,1,
sample_0130,subPropertyOf,The property keyPerson is more specific than the property commandant.,"背景知识：
条目1：
- 名称：keyPerson
- 类型：Property
- 简介：key person

条目2：
- 名称：commandant
- 类型：Property
- 简介：commandant",0,llama-3.1-70b,0.0,8192,https://api2.aigcbest.top/v1,"判断结果：正确
解释：根据RDFS语义规则，subPropertyOf表示属性之间的包含关系，该公理表示keyPerson是commandant的子属性，符合背景知识中两者的语义关系。",1,0,
sample_0131,domain,domain(acquirementDate) = Planet,"背景知识：
条目1：
- 名称：acquirementDate
- 类型：Property
- 简介：date of acquirement

条目2：
- 名称：Planet
- 类型：Class
- 简介：planet",0,llama-3.1-70b,0.0,8192,https://api2.aigcbest.top/v1,"判断结果：错误
解释：根据RDFS语义规则，domain约束表示属性的主体应属于某一类，但背景知识中acquirementDate的类型为Property，而Planet是Class，两者类型不符。",0,1,
sample_0132,domain,The domain of acquirementDate is Planet.,"背景知识：
条目1：
- 名称：acquirementDate
- 类型：Property
- 简介：date of acquirement

条目2：
- 名称：Planet
- 类型：Class
- 简介：planet",0,llama-3.1-70b,0.0,8192,https://api2.aigcbest.top/v1,"判断结果：正确
解释：根据RDFS语义规则，domain约束表示属性的主体应属于某一类，公理中acquirementDate的domain为Planet，符合常识知识和背景知识中Planet的定义。",1,0,
sample_0133,domain,"If a resource uses property acquirementDate as subject, then it should belong to class Planet.","背景知识：
条目1：
- 名称：acquirementDate
- 类型：Property
- 简介：date of acquirement

条目2：
- 名称：Planet
- 类型：Class
- 简介：planet",0,llama-3.1-70b,0.0,8192,https://api2.aigcbest.top/v1,"判断结果：错误
解释：根据RDFS语义规则，domain约束表示属性的主体应属于某一类，但背景知识中acquirementDate的domain信息未被指定为Planet。",0,1,
sample_0134,domain,"For any x and y, if x acquirementDate y holds, then x is an instance of Planet.","背景知识：
条目1：
- 名称：acquirementDate
- 类型：Property
- 简介：date of acquirement

条目2：
- 名称：Planet
- 类型：Class
- 简介：planet",0,llama-3.1-70b,0.0,8192,https://api2.aigcbest.top/v1,"判断结果：错误
解释：根据RDFS语义规则，属性的domain约束应该是指属性的主体应属于某一类，但给定的公理中，acquirementDate的domain并没有被明确定义为Planet。",0,1,
sample_0135,domain,Property acquirementDate can only be applied to subjects of class Planet.,"背景知识：
条目1：
- 名称：acquirementDate
- 类型：Property
- 简介：date of acquirement

条目2：
- 名称：Planet
- 类型：Class
- 简介：planet",0,llama-3.1-70b,0.0,8192,https://api2.aigcbest.top/v1,"判断结果：正确
解释：根据RDFS语义规则，domain约束表示属性的主体应属于某一类，公理中acquirementDate的domain被约束为Planet，与背景知识中acquirementDate的类型为Property和Planet的类型为Class相符。",1,0,
sample_0136,domain,domain(address) = Place,"背景知识：
条目1：
- 名称：address
- 类型：Property
- 简介：Address of something as literal. Usually Building, but we also use it for the address of a Region's or Settlement's government

条目2：
- 名称：Place
- 类型：Class
- 简介：place",1,llama-3.1-70b,0.0,8192,https://api2.aigcbest.top/v1,"判断结果：错误
解释：根据背景知识，address的主体不仅限于Place，还包括Region和Settlement等，因此domain(address) = Place过于狭窄。",0,0,
sample_0137,domain,The domain of address is Place.,"背景知识：
条目1：
- 名称：address
- 类型：Property
- 简介：Address of something as literal. Usually Building, but we also use it for the address of a Region's or Settlement's government

条目2：
- 名称：Place
- 类型：Class
- 简介：place",1,llama-3.1-70b,0.0,8192,https://api2.aigcbest.top/v1,"判断结果：正确
解释：根据RDFS语义规则，domain约束表示属性的主体应属于某一类，背景知识中address的简介表明其通常用于描述Building、Region或Settlement的政府的地址，这些概念都可以被视为Place的子类或实例，因此address的domain为Place是合理的。",1,1,
sample_0138,domain,"If a resource uses property address as subject, then it should belong to class Place.","背景知识：
条目1：
- 名称：address
- 类型：Property
- 简介：Address of something as literal. Usually Building, but we also use it for the address of a Region's or Settlement's government

条目2：
- 名称：Place
- 类型：Class
- 简介：place",1,llama-3.1-70b,0.0,8192,https://api2.aigcbest.top/v1,"判断结果：正确
解释：根据RDFS语义规则，domain约束表示属性的主体应属于某一类，公理中address属性的主体应属于Place类，与背景知识中address属性的描述相符。",1,1,
sample_0139,domain,"For any x and y, if x address y holds, then x is an instance of Place.","背景知识：
条目1：
- 名称：address
- 类型：Property
- 简介：Address of something as literal. Usually Building, but we also use it for the address of a Region's or Settlement's government

条目2：
- 名称：Place
- 类型：Class
- 简介：place",1,llama-3.1-70b,0.0,8192,https://api2.aigcbest.top/v1,"判断结果：错误
解释：根据RDFS语义规则，address属性的domain约束信息未被定义，因此无法推断x address y蕴涵x是Place的实例。",0,0,
sample_0140,domain,Property address can only be applied to subjects of class Place.,"背景知识：
条目1：
- 名称：address
- 类型：Property
- 简介：Address of something as literal. Usually Building, but we also use it for the address of a Region's or Settlement's government

条目2：
- 名称：Place
- 类型：Class
- 简介：place",1,llama-3.1-70b,0.0,8192,https://api2.aigcbest.top/v1,"判断结果：正确
解释：根据RDFS语义规则，domain约束表示属性的主体应属于某一类，公理中address属性的domain被约束为Place类，与背景知识中address属性的描述相符。",1,1,
sample_0141,domain,domain(administrativeDistrict) = EducationalInstitution,"背景知识：
条目1：
- 名称：administrativeDistrict
- 类型：Property
- 简介：administrative district

条目2：
- 名称：EducationalInstitution
- 类型：Class
- 简介：educational institution",0,llama-3.1-70b,0.0,8192,https://api2.aigcbest.top/v1,"判断结果：正确
解释：根据RDFS语义规则，domain约束表示属性的主体应属于某一类，administrativeDistrict属性的主体属于EducationalInstitution类是合理的。",1,0,
sample_0142,domain,The domain of administrativeDistrict is EducationalInstitution.,"背景知识：
条目1：
- 名称：administrativeDistrict
- 类型：Property
- 简介：administrative district

条目2：
- 名称：EducationalInstitution
- 类型：Class
- 简介：educational institution",0,llama-3.1-70b,0.0,8192,https://api2.aigcbest.top/v1,"判断结果：正确
解释：根据RDFS语义规则，domain约束表示属性的主体应属于某一类，公理中administrativeDistrict的domain为EducationalInstitution，符合常识知识和背景知识中EducationalInstitution是类的定义。",1,0,
sample_0143,domain,"If a resource uses property administrativeDistrict as subject, then it should belong to class EducationalInstitution.","背景知识：
条目1：
- 名称：administrativeDistrict
- 类型：Property
- 简介：administrative district

条目2：
- 名称：EducationalInstitution
- 类型：Class
- 简介：educational institution",0,llama-3.1-70b,0.0,8192,https://api2.aigcbest.top/v1,"判断结果：错误
解释：根据RDFS语义规则，administrativeDistrict属性的domain信息未被定义为EducationalInstitution类。",0,1,
sample_0144,domain,"For any x and y, if x administrativeDistrict y holds, then x is an instance of EducationalInstitution.","背景知识：
条目1：
- 名称：administrativeDistrict
- 类型：Property
- 简介：administrative district

条目2：
- 名称：EducationalInstitution
- 类型：Class
- 简介：educational institution",0,llama-3.1-70b,0.0,8192,https://api2.aigcbest.top/v1,"判断结果：错误
解释：根据RDFS语义规则，administrativeDistrict属性的domain信息未被定义为EducationalInstitution类，因此无法推断x是EducationalInstitution的实例。",0,1,
sample_0145,domain,Property administrativeDistrict can only be applied to subjects of class EducationalInstitution.,"背景知识：
条目1：
- 名称：administrativeDistrict
- 类型：Property
- 简介：administrative district

条目2：
- 名称：EducationalInstitution
- 类型：Class
- 简介：educational institution",0,llama-3.1-70b,0.0,8192,https://api2.aigcbest.top/v1,"判断结果：正确
解释：根据RDFS语义规则，domain约束表示属性的主体应属于某一类，公理中administrativeDistrict属性的domain被约束为EducationalInstitution类，与背景知识和语义规则一致。",1,0,
sample_0146,domain,domain(agency) = BaseballPlayer,"背景知识：
条目1：
- 名称：agency
- 类型：Property
- 简介：agency

条目2：
- 名称：BaseballPlayer
- 类型：Class
- 简介：baseball player",0,llama-3.1-70b,0.0,8192,https://api2.aigcbest.top/v1,"判断结果：正确
解释：根据RDFS语义规则，domain约束表示属性的主体应属于某一类，公理中agency的domain被定义为BaseballPlayer，符合语义规则和背景知识。",1,0,
sample_0147,domain,The domain of agency is BaseballPlayer.,"背景知识：
条目1：
- 名称：agency
- 类型：Property
- 简介：agency

条目2：
- 名称：BaseballPlayer
- 类型：Class
- 简介：baseball player",0,llama-3.1-70b,0.0,8192,https://api2.aigcbest.top/v1,"判断结果：正确
解释：根据RDFS语义规则，domain约束表示属性的主体应属于某一类，公理中agency的domain为BaseballPlayer，符合语义规则。",1,0,
sample_0148,domain,"If a resource uses property agency as subject, then it should belong to class BaseballPlayer.","背景知识：
条目1：
- 名称：agency
- 类型：Property
- 简介：agency

条目2：
- 名称：BaseballPlayer
- 类型：Class
- 简介：baseball player",0,llama-3.1-70b,0.0,8192,https://api2.aigcbest.top/v1,"判断结果：正确
解释：根据RDFS语义规则，domain约束表示属性的主体应属于某一类，公理中agency属性的主体被约束为属于BaseballPlayer类，与背景知识和语义规则一致。",1,0,
sample_0149,domain,"For any x and y, if x agency y holds, then x is an instance of BaseballPlayer.","背景知识：
条目1：
- 名称：agency
- 类型：Property
- 简介：agency

条目2：
- 名称：BaseballPlayer
- 类型：Class
- 简介：baseball player",0,llama-3.1-70b,0.0,8192,https://api2.aigcbest.top/v1,"判断结果：正确
解释：根据RDFS语义规则，agency属性的domain约束为BaseballPlayer，表示agency属性的主体应属于BaseballPlayer类。",1,0,
sample_0150,domain,Property agency can only be applied to subjects of class BaseballPlayer.,"背景知识：
条目1：
- 名称：agency
- 类型：Property
- 简介：agency

条目2：
- 名称：BaseballPlayer
- 类型：Class
- 简介：baseball player",0,llama-3.1-70b,0.0,8192,https://api2.aigcbest.top/v1,"判断结果：正确
解释：根据RDFS语义规则，domain约束表示属性的主体应属于某一类，公理中agency属性的主体被约束为BaseballPlayer类，与背景知识和语义规则一致。",1,0,
sample_0151,domain,domain(alliance) = BaseballPlayer,"背景知识：
条目1：
- 名称：alliance
- 类型：Property
- 简介：alliance

条目2：
- 名称：BaseballPlayer
- 类型：Class
- 简介：baseball player",0,llama-3.1-70b,0.0,8192,https://api2.aigcbest.top/v1,"判断结果：正确
解释：根据RDFS语义规则，domain(alliance) = BaseballPlayer表示属性alliance的主体应属于类BaseballPlayer，这与背景知识中alliance和BaseballPlayer的定义相符。",1,0,
sample_0152,domain,The domain of alliance is BaseballPlayer.,"背景知识：
条目1：
- 名称：alliance
- 类型：Property
- 简介：alliance

条目2：
- 名称：BaseballPlayer
- 类型：Class
- 简介：baseball player",0,llama-3.1-70b,0.0,8192,https://api2.aigcbest.top/v1,"判断结果：正确
解释：根据RDFS语义规则，domain约束表示属性的主体应属于某一类，公理中alliance的domain为BaseballPlayer，符合语义规则。",1,0,
sample_0153,domain,"If a resource uses property alliance as subject, then it should belong to class BaseballPlayer.","背景知识：
条目1：
- 名称：alliance
- 类型：Property
- 简介：alliance

条目2：
- 名称：BaseballPlayer
- 类型：Class
- 简介：baseball player",0,llama-3.1-70b,0.0,8192,https://api2.aigcbest.top/v1,"判断结果：正确
解释：根据RDFS语义规则，domain约束表示属性的主体应属于某一类，公理中alliance属性的主体应属于BaseballPlayer类，与背景知识和语义规则一致。",1,0,
sample_0154,domain,"For any x and y, if x alliance y holds, then x is an instance of BaseballPlayer.","背景知识：
条目1：
- 名称：alliance
- 类型：Property
- 简介：alliance

条目2：
- 名称：BaseballPlayer
- 类型：Class
- 简介：baseball player",0,llama-3.1-70b,0.0,8192,https://api2.aigcbest.top/v1,"判断结果：正确
解释：根据RDFS语义规则，alliance属性的domain约束为BaseballPlayer类，表示alliance属性的主体应属于BaseballPlayer类。",1,0,
sample_0155,domain,Property alliance can only be applied to subjects of class BaseballPlayer.,"背景知识：
条目1：
- 名称：alliance
- 类型：Property
- 简介：alliance

条目2：
- 名称：BaseballPlayer
- 类型：Class
- 简介：baseball player",0,llama-3.1-70b,0.0,8192,https://api2.aigcbest.top/v1,"判断结果：正确
解释：根据RDFS语义规则，domain约束表示属性的主体应属于某一类，公理中指出alliance属性的主体应为BaseballPlayer类，这与RDFS语义规则一致。",1,0,
sample_0156,domain,domain(aoCloassification) = SpaceMission,"背景知识：
条目1：
- 名称：aoCloassification
- 类型：Property
- 简介：AO

条目2：
- 名称：SpaceMission
- 类型：Class
- 简介：space mission",0,llama-3.1-70b,0.0,8192,https://api2.aigcbest.top/v1,"判断结果：正确
解释：根据RDFS语义规则，domain约束表示属性的主体应属于某一类，aoCloassification属性的主体被约束为SpaceMission类，这与背景知识中aoCloassification属性的类型和SpaceMission类的定义相符。",1,0,
sample_0157,domain,The domain of aoCloassification is SpaceMission.,"背景知识：
条目1：
- 名称：aoCloassification
- 类型：Property
- 简介：AO

条目2：
- 名称：SpaceMission
- 类型：Class
- 简介：space mission",0,llama-3.1-70b,0.0,8192,https://api2.aigcbest.top/v1,"判断结果：正确
解释：根据RDFS语义规则，domain约束表示属性的主体应属于某一类，aoCloassification的domain为SpaceMission，符合背景知识中aoCloassification为属性、SpaceMission为类的定义。",1,0,
sample_0158,domain,"If a resource uses property aoCloassification as subject, then it should belong to class SpaceMission.","背景知识：
条目1：
- 名称：aoCloassification
- 类型：Property
- 简介：AO

条目2：
- 名称：SpaceMission
- 类型：Class
- 简介：space mission",0,llama-3.1-70b,0.0,8192,https://api2.aigcbest.top/v1,"判断结果：正确
解释：根据RDFS语义规则，domain约束表示属性的主体应属于某一类，公理中aoCloassification的domain为SpaceMission，符合RDFS语义规则。",1,0,
sample_0159,domain,"For any x and y, if x aoCloassification y holds, then x is an instance of SpaceMission.","背景知识：
条目1：
- 名称：aoCloassification
- 类型：Property
- 简介：AO

条目2：
- 名称：SpaceMission
- 类型：Class
- 简介：space mission",0,llama-3.1-70b,0.0,8192,https://api2.aigcbest.top/v1,"判断结果：正确
解释：根据RDFS语义规则，aoCloassification属性的domain约束为SpaceMission类，表示aoCloassification属性的主体应属于SpaceMission类。",1,0,
sample_0160,domain,Property aoCloassification can only be applied to subjects of class SpaceMission.,"背景知识：
条目1：
- 名称：aoCloassification
- 类型：Property
- 简介：AO

条目2：
- 名称：SpaceMission
- 类型：Class
- 简介：space mission",0,llama-3.1-70b,0.0,8192,https://api2.aigcbest.top/v1,"判断结果：正确
解释：根据RDFS语义规则，domain约束表示属性的主体应属于某一类，公理中aoCloassification的domain为SpaceMission，符合RDFS语义规则。",1,0,
sample_0161,domain,domain(apoapsis) = Ship,"背景知识：
条目1：
- 名称：apoapsis
- 类型：Property
- 简介：apoapsis (km)

条目2：
- 名称：Ship
- 类型：Class
- 简介：ship",0,llama-3.1-70b,0.0,8192,https://api2.aigcbest.top/v1,"判断结果：正确
解释：根据RDFS语义规则，domain约束表示属性的主体应属于某一类，apoapsis作为一个属性，其domain被定义为Ship，这意味着apoapsis的主体应是Ship类的实例，这与背景知识中apoapsis的描述为“apoapsis (km)”相符，表明apoapsis是一个与船有关的属性。",1,0,
sample_0162,domain,The domain of apoapsis is Ship.,"背景知识：
条目1：
- 名称：apoapsis
- 类型：Property
- 简介：apoapsis (km)

条目2：
- 名称：Ship
- 类型：Class
- 简介：ship",0,llama-3.1-70b,0.0,8192,https://api2.aigcbest.top/v1,"判断结果：正确
解释：根据RDFS语义规则，domain约束表示属性的主体应属于某一类，apoapsis的domain为Ship，符合背景知识中Ship为类的定义。",1,0,
sample_0163,domain,"If a resource uses property apoapsis as subject, then it should belong to class Ship.","背景知识：
条目1：
- 名称：apoapsis
- 类型：Property
- 简介：apoapsis (km)

条目2：
- 名称：Ship
- 类型：Class
- 简介：ship",0,llama-3.1-70b,0.0,8192,https://api2.aigcbest.top/v1,"判断结果：错误
解释：根据RDFS语义规则，apoapsis作为属性，其domain约束应该是指明其主体的类，而不是客体的类。",0,1,
sample_0164,domain,"For any x and y, if x apoapsis y holds, then x is an instance of Ship.","背景知识：
条目1：
- 名称：apoapsis
- 类型：Property
- 简介：apoapsis (km)

条目2：
- 名称：Ship
- 类型：Class
- 简介：ship",0,llama-3.1-70b,0.0,8192,https://api2.aigcbest.top/v1,"判断结果：正确
解释：根据RDFS语义规则，apoapsis属性的domain约束为Ship类，表示apoapsis属性的主体应属于Ship类。",1,0,
sample_0165,domain,Property apoapsis can only be applied to subjects of class Ship.,"背景知识：
条目1：
- 名称：apoapsis
- 类型：Property
- 简介：apoapsis (km)

条目2：
- 名称：Ship
- 类型：Class
- 简介：ship",0,llama-3.1-70b,0.0,8192,https://api2.aigcbest.top/v1,"判断结果：正确
解释：根据RDFS语义规则，domain约束表示属性的主体应属于某一类，apoapsis属性的domain为Ship类，与背景知识一致。",1,0,
sample_0166,domain,domain(archipelago) = School,"背景知识：
条目1：
- 名称：archipelago
- 类型：Property
- 简介：archipelago

条目2：
- 名称：School
- 类型：Class
- 简介：school",0,llama-3.1-70b,0.0,8192,https://api2.aigcbest.top/v1,"判断结果：错误
解释：根据RDFS语义规则，domain约束表示属性的主体应属于某一类，但archipelago是Property类型，而School是Class类型，二者类型不符。",0,1,
sample_0167,domain,The domain of archipelago is School.,"背景知识：
条目1：
- 名称：archipelago
- 类型：Property
- 简介：archipelago

条目2：
- 名称：School
- 类型：Class
- 简介：school",0,llama-3.1-70b,0.0,8192,https://api2.aigcbest.top/v1,"判断结果：错误
解释：根据RDFS语义规则，domain约束表示属性的主体应属于某一类，但archipelago是Property类型，而School是Class类型，二者类型不符。",0,1,
sample_0168,domain,"If a resource uses property archipelago as subject, then it should belong to class School.","背景知识：
条目1：
- 名称：archipelago
- 类型：Property
- 简介：archipelago

条目2：
- 名称：School
- 类型：Class
- 简介：school",0,llama-3.1-70b,0.0,8192,https://api2.aigcbest.top/v1,"判断结果：错误
解释：根据RDFS语义规则，domain约束表示属性的主体应属于某一类，但背景知识中archipelago的类型为Property，且其domain约束不明确，无法确定其主体应属于School类。",0,1,
sample_0169,domain,"For any x and y, if x archipelago y holds, then x is an instance of School.","背景知识：
条目1：
- 名称：archipelago
- 类型：Property
- 简介：archipelago

条目2：
- 名称：School
- 类型：Class
- 简介：school",0,llama-3.1-70b,0.0,8192,https://api2.aigcbest.top/v1,"判断结果：错误
解释：根据背景知识，archipelago是属性，而School是类，根据RDFS语义规则，属性不能直接与类建立实例关系。",0,1,
sample_0170,domain,Property archipelago can only be applied to subjects of class School.,"背景知识：
条目1：
- 名称：archipelago
- 类型：Property
- 简介：archipelago

条目2：
- 名称：School
- 类型：Class
- 简介：school",0,llama-3.1-70b,0.0,8192,https://api2.aigcbest.top/v1,"判断结果：错误
解释：根据RDFS语义规则，domain约束表示属性的主体应属于某一类，但背景知识中archipelago被定义为Property，且其domain约束为School，与其类型不符。",0,1,
sample_0171,domain,domain(architect) = Ship,"背景知识：
条目1：
- 名称：architect
- 类型：Property
- 简介：architect

条目2：
- 名称：Ship
- 类型：Class
- 简介：ship",0,llama-3.1-70b,0.0,8192,https://api2.aigcbest.top/v1,"判断结果：正确
解释：根据RDFS语义规则，domain约束表示属性的主体应属于某一类，公理中architect的domain为Ship，符合architect作为ship的属性的语义关系。",1,0,
sample_0172,domain,The domain of architect is Ship.,"背景知识：
条目1：
- 名称：architect
- 类型：Property
- 简介：architect

条目2：
- 名称：Ship
- 类型：Class
- 简介：ship",0,llama-3.1-70b,0.0,8192,https://api2.aigcbest.top/v1,"判断结果：正确
解释：根据RDFS语义规则，domain约束表示属性的主体应属于某一类，公理中architect的domain为Ship，符合architect作为ship的属性的语义关系。",1,0,
sample_0173,domain,"If a resource uses property architect as subject, then it should belong to class Ship.","背景知识：
条目1：
- 名称：architect
- 类型：Property
- 简介：architect

条目2：
- 名称：Ship
- 类型：Class
- 简介：ship",0,llama-3.1-70b,0.0,8192,https://api2.aigcbest.top/v1,"判断结果：错误
解释：根据RDFS语义规则，domain约束表示属性的主体应属于某一类，但背景知识中architect的domain信息未被定义为Ship。",0,1,
sample_0174,domain,"For any x and y, if x architect y holds, then x is an instance of Ship.","背景知识：
条目1：
- 名称：architect
- 类型：Property
- 简介：architect

条目2：
- 名称：Ship
- 类型：Class
- 简介：ship",0,llama-3.1-70b,0.0,8192,https://api2.aigcbest.top/v1,"判断结果：错误
解释：根据RDFS语义规则，architect属性的domain信息未被定义，因此无法推断x是Ship的实例。",0,1,
sample_0175,domain,Property architect can only be applied to subjects of class Ship.,"背景知识：
条目1：
- 名称：architect
- 类型：Property
- 简介：architect

条目2：
- 名称：Ship
- 类型：Class
- 简介：ship",0,llama-3.1-70b,0.0,8192,https://api2.aigcbest.top/v1,"判断结果：正确
解释：根据RDFS语义规则，domain约束表示属性的主体应属于某一类，公理中architect属性的domain被约束为Ship类，与背景知识和语义规则一致。",1,0,
sample_0176,domain,domain(areaLand) = Island,"背景知识：
条目1：
- 名称：areaLand
- 类型：Property
- 简介：area land (m2)

条目2：
- 名称：Island
- 类型：Class
- 简介：island",0,llama-3.1-70b,0.0,8192,https://api2.aigcbest.top/v1,"判断结果：正确
解释：根据RDFS语义规则，domain约束表示属性的主体应属于某一类，公理中areaLand的domain为Island，符合背景知识中areaLand是Island的属性的语义关系。",1,0,
sample_0177,domain,The domain of areaLand is Island.,"背景知识：
条目1：
- 名称：areaLand
- 类型：Property
- 简介：area land (m2)

条目2：
- 名称：Island
- 类型：Class
- 简介：island",0,llama-3.1-70b,0.0,8192,https://api2.aigcbest.top/v1,"判断结果：正确
解释：根据RDFS语义规则，domain约束表示属性的主体应属于某一类，公理中areaLand的domain为Island，符合背景知识中areaLand的定义和Island的类别。",1,0,
sample_0178,domain,"If a resource uses property areaLand as subject, then it should belong to class Island.","背景知识：
条目1：
- 名称：areaLand
- 类型：Property
- 简介：area land (m2)

条目2：
- 名称：Island
- 类型：Class
- 简介：island",0,llama-3.1-70b,0.0,8192,https://api2.aigcbest.top/v1,"判断结果：正确
解释：根据RDFS语义规则，domain约束表示属性的主体应属于某一类，公理中areaLand的主体应属于Island类，与背景知识和语义规则一致。",1,0,
sample_0179,domain,"For any x and y, if x areaLand y holds, then x is an instance of Island.","背景知识：
条目1：
- 名称：areaLand
- 类型：Property
- 简介：area land (m2)

条目2：
- 名称：Island
- 类型：Class
- 简介：island",0,llama-3.1-70b,0.0,8192,https://api2.aigcbest.top/v1,"判断结果：正确
解释：根据RDFS语义规则，areaLand属性的domain约束为Island类，表示areaLand属性的主体应属于Island类。",1,0,
sample_0180,domain,Property areaLand can only be applied to subjects of class Island.,"背景知识：
条目1：
- 名称：areaLand
- 类型：Property
- 简介：area land (m2)

条目2：
- 名称：Island
- 类型：Class
- 简介：island",0,llama-3.1-70b,0.0,8192,https://api2.aigcbest.top/v1,"判断结果：正确
解释：根据RDFS语义规则，domain约束表示属性的主体应属于某一类，公理中areaLand属性的主体被限制为Island类，这与背景知识中areaLand属性的定义相符。",1,0,
sample_0181,domain,domain(argueDate) = PowerStation,"背景知识：
条目1：
- 名称：argueDate
- 类型：Property
- 简介：argue date

条目2：
- 名称：PowerStation
- 类型：Class
- 简介：power station",0,llama-3.1-70b,0.0,8192,https://api2.aigcbest.top/v1,"判断结果：正确
解释：根据RDFS语义规则，domain(argueDate) = PowerStation表示argueDate属性的主体应属于PowerStation类，这与背景知识中argueDate和PowerStation的定义相符。",1,0,
sample_0182,domain,The domain of argueDate is PowerStation.,"背景知识：
条目1：
- 名称：argueDate
- 类型：Property
- 简介：argue date

条目2：
- 名称：PowerStation
- 类型：Class
- 简介：power station",0,llama-3.1-70b,0.0,8192,https://api2.aigcbest.top/v1,"判断结果：正确
解释：根据RDFS语义规则，domain约束表示属性的主体应属于某一类，argueDate的domain为PowerStation，表明argueDate属性的主体是PowerStation类的实例，这与背景知识中argueDate和PowerStation的定义相符。",1,0,
sample_0183,domain,"If a resource uses property argueDate as subject, then it should belong to class PowerStation.","背景知识：
条目1：
- 名称：argueDate
- 类型：Property
- 简介：argue date

条目2：
- 名称：PowerStation
- 类型：Class
- 简介：power station",0,llama-3.1-70b,0.0,8192,https://api2.aigcbest.top/v1,"判断结果：错误
解释：根据RDFS语义规则，domain约束表示属性的主体应属于某一类，但给定公理中argueDate的domain并未被定义为PowerStation。",0,1,
sample_0184,domain,"For any x and y, if x argueDate y holds, then x is an instance of PowerStation.","背景知识：
条目1：
- 名称：argueDate
- 类型：Property
- 简介：argue date

条目2：
- 名称：PowerStation
- 类型：Class
- 简介：power station",0,llama-3.1-70b,0.0,8192,https://api2.aigcbest.top/v1,"判断结果：正确
解释：根据RDFS语义规则，argueDate属性的domain约束为PowerStation类，表示argueDate属性的主体应属于PowerStation类。",1,0,
sample_0185,domain,Property argueDate can only be applied to subjects of class PowerStation.,"背景知识：
条目1：
- 名称：argueDate
- 类型：Property
- 简介：argue date

条目2：
- 名称：PowerStation
- 类型：Class
- 简介：power station",0,llama-3.1-70b,0.0,8192,https://api2.aigcbest.top/v1,"判断结果：正确
解释：根据RDFS语义规则，domain约束表示属性的主体应属于某一类，公理中argueDate属性的domain被约束为PowerStation类，与背景知识和语义规则一致。",1,0,
sample_0186,domain,domain(associatedRocket) = Saint,"背景知识：
条目1：
- 名称：associatedRocket
- 类型：Property
- 简介：associated rocket

条目2：
- 名称：Saint
- 类型：Class
- 简介：saint",0,llama-3.1-70b,0.0,8192,https://api2.aigcbest.top/v1,"判断结果：正确
解释：根据RDFS语义规则，domain约束表示属性的主体应属于某一类，公理中associatedRocket的domain被定义为Saint，符合RDFS语义规则和背景知识中associatedRocket和Saint的定义。",1,0,
sample_0187,domain,The domain of associatedRocket is Saint.,"背景知识：
条目1：
- 名称：associatedRocket
- 类型：Property
- 简介：associated rocket

条目2：
- 名称：Saint
- 类型：Class
- 简介：saint",0,llama-3.1-70b,0.0,8192,https://api2.aigcbest.top/v1,"判断结果：正确
解释：根据RDFS语义规则，domain约束表示属性的主体应属于某一类，公理中associatedRocket的domain为Saint，符合RDFS语义规则和背景知识。",1,0,
sample_0188,domain,"If a resource uses property associatedRocket as subject, then it should belong to class Saint.","背景知识：
条目1：
- 名称：associatedRocket
- 类型：Property
- 简介：associated rocket

条目2：
- 名称：Saint
- 类型：Class
- 简介：saint",0,llama-3.1-70b,0.0,8192,https://api2.aigcbest.top/v1,"判断结果：错误
解释：根据RDFS语义规则，domain约束表示属性的主体应属于某一类，但给定公理中associatedRocket的domain并未被定义为Saint。",0,1,
sample_0189,domain,"For any x and y, if x associatedRocket y holds, then x is an instance of Saint.","背景知识：
条目1：
- 名称：associatedRocket
- 类型：Property
- 简介：associated rocket

条目2：
- 名称：Saint
- 类型：Class
- 简介：saint",0,llama-3.1-70b,0.0,8192,https://api2.aigcbest.top/v1,"判断结果：错误
解释：根据RDFS语义规则，associatedRocket属性的domain信息未被定义，因此无法推断x是Saint的实例。",0,1,
sample_0190,domain,Property associatedRocket can only be applied to subjects of class Saint.,"背景知识：
条目1：
- 名称：associatedRocket
- 类型：Property
- 简介：associated rocket

条目2：
- 名称：Saint
- 类型：Class
- 简介：saint",0,llama-3.1-70b,0.0,8192,https://api2.aigcbest.top/v1,"判断结果：正确
解释：根据RDFS语义规则，domain约束表示属性的主体应属于某一类，公理中associatedRocket属性的主体被限制为Saint类，这与RDFS语义规则一致。",1,0,
sample_0191,domain,domain(decideDate) = PowerStation,"背景知识：
条目1：
- 名称：decideDate
- 类型：Property
- 简介：decide date

条目2：
- 名称：PowerStation
- 类型：Class
- 简介：power station",0,llama-3.1-70b,0.0,8192,https://api2.aigcbest.top/v1,"判断结果：正确
解释：根据RDFS语义规则，domain约束表示属性的主体应属于某一类，decideDate属性的主体为PowerStation类，符合常识知识和语义规则。",1,0,
sample_0192,domain,The domain of decideDate is PowerStation.,"背景知识：
条目1：
- 名称：decideDate
- 类型：Property
- 简介：decide date

条目2：
- 名称：PowerStation
- 类型：Class
- 简介：power station",0,llama-3.1-70b,0.0,8192,https://api2.aigcbest.top/v1,"判断结果：正确
解释：根据RDFS语义规则，domain约束表示属性的主体应属于某一类，decideDate的domain为PowerStation，表明decideDate属性的主体是PowerStation类的实例，这与背景知识中decideDate是PowerStation的属性的描述相符。",1,0,
sample_0193,domain,"If a resource uses property decideDate as subject, then it should belong to class PowerStation.","背景知识：
条目1：
- 名称：decideDate
- 类型：Property
- 简介：decide date

条目2：
- 名称：PowerStation
- 类型：Class
- 简介：power station",0,llama-3.1-70b,0.0,8192,https://api2.aigcbest.top/v1,"判断结果：错误
解释：根据RDFS语义规则，属性的domain约束表示属性的主体应属于某一类，但给定公理中decideDate属性的domain约束不明确，因此无法确定其主体应属于PowerStation类。",0,1,
sample_0194,domain,"For any x and y, if x decideDate y holds, then x is an instance of PowerStation.","背景知识：
条目1：
- 名称：decideDate
- 类型：Property
- 简介：decide date

条目2：
- 名称：PowerStation
- 类型：Class
- 简介：power station",0,llama-3.1-70b,0.0,8192,https://api2.aigcbest.top/v1,"判断结果：正确
解释：根据RDFS语义规则，属性的domain约束决定了属性的主体应属于某一类，因此公理中“x decideDate y”蕴含“x是PowerStation的实例”是合理的。",1,0,
sample_0195,domain,Property decideDate can only be applied to subjects of class PowerStation.,"背景知识：
条目1：
- 名称：decideDate
- 类型：Property
- 简介：decide date

条目2：
- 名称：PowerStation
- 类型：Class
- 简介：power station",0,llama-3.1-70b,0.0,8192,https://api2.aigcbest.top/v1,"判断结果：正确
解释：根据RDFS语义规则，domain约束表示属性的主体应属于某一类，公理中decideDate属性的主体被约束为PowerStation类，与背景知识和语义规则一致。",1,0,
sample_0196,domain,domain(density) = Infrastructure,"背景知识：
条目1：
- 名称：density
- 类型：Property
- 简介：density (μ3)

条目2：
- 名称：Infrastructure
- 类型：Class
- 简介：infrastructure",0,llama-3.1-70b,0.0,8192,https://api2.aigcbest.top/v1,"判断结果：正确
解释：根据RDFS语义规则，domain约束表示属性的主体应属于某一类，公理中density的domain被定义为Infrastructure，与背景知识中density是Property、Infrastructure是Class的信息相符。",1,0,
sample_0197,domain,The domain of density is Infrastructure.,"背景知识：
条目1：
- 名称：density
- 类型：Property
- 简介：density (μ3)

条目2：
- 名称：Infrastructure
- 类型：Class
- 简介：infrastructure",0,llama-3.1-70b,0.0,8192,https://api2.aigcbest.top/v1,"判断结果：正确
解释：根据RDFS语义规则，domain约束表示属性的主体应属于某一类，公理中density的domain为Infrastructure，符合背景知识中density的定义和Infrastructure的类别。",1,0,
sample_0198,domain,"If a resource uses property density as subject, then it should belong to class Infrastructure.","背景知识：
条目1：
- 名称：density
- 类型：Property
- 简介：density (μ3)

条目2：
- 名称：Infrastructure
- 类型：Class
- 简介：infrastructure",0,llama-3.1-70b,0.0,8192,https://api2.aigcbest.top/v1,"判断结果：正确
解释：根据RDFS语义规则，domain约束表示属性的主体应属于某一类，公理中density属性的主体被约束为Infrastructure类，与背景知识和语义规则一致。",1,0,
sample_0199,domain,"For any x and y, if x density y holds, then x is an instance of Infrastructure.","背景知识：
条目1：
- 名称：density
- 类型：Property
- 简介：density (μ3)

条目2：
- 名称：Infrastructure
- 类型：Class
- 简介：infrastructure",0,llama-3.1-70b,0.0,8192,https://api2.aigcbest.top/v1,"判断结果：正确
解释：根据RDFS语义规则，属性density的domain约束为Infrastructure，表示density属性的主体应属于Infrastructure类。",1,0,
sample_0200,domain,Property density can only be applied to subjects of class Infrastructure.,"背景知识：
条目1：
- 名称：density
- 类型：Property
- 简介：density (μ3)

条目2：
- 名称：Infrastructure
- 类型：Class
- 简介：infrastructure",0,llama-3.1-70b,0.0,8192,https://api2.aigcbest.top/v1,"判断结果：正确
解释：根据RDFS语义规则，domain约束表示属性的主体应属于某一类，公理中density属性的domain被约束为Infrastructure类，与背景知识中density属性的定义相符。",1,0,
sample_0201,domain,domain(diameter) = Automobile,"背景知识：
条目1：
- 名称：diameter
- 类型：Property
- 简介：diameter (mm)

条目2：
- 名称：Automobile
- 类型：Class
- 简介：automobile",0,llama-3.1-70b,0.0,8192,https://api2.aigcbest.top/v1,"判断结果：正确
解释：根据RDFS语义规则，domain约束表示属性的主体应属于某一类，公理domain(diameter) = Automobile表明属性diameter的主体应属于类Automobile，这与背景知识中diameter的类型为Property和Automobile的类型为Class相符。",1,0,
sample_0202,domain,The domain of diameter is Automobile.,"背景知识：
条目1：
- 名称：diameter
- 类型：Property
- 简介：diameter (mm)

条目2：
- 名称：Automobile
- 类型：Class
- 简介：automobile",0,llama-3.1-70b,0.0,8192,https://api2.aigcbest.top/v1,"判断结果：正确
解释：根据RDFS语义规则，domain约束表示属性的主体应属于某一类，公理中diameter的domain为Automobile，符合背景知识中diameter是汽车的直径属性的语义关系。",1,0,
sample_0203,domain,"If a resource uses property diameter as subject, then it should belong to class Automobile.","背景知识：
条目1：
- 名称：diameter
- 类型：Property
- 简介：diameter (mm)

条目2：
- 名称：Automobile
- 类型：Class
- 简介：automobile",0,llama-3.1-70b,0.0,8192,https://api2.aigcbest.top/v1,"判断结果：错误
解释：根据RDFS语义规则，domain约束表示属性的主体应属于某一类，但给定公理中diameter的domain并未被定义为Automobile。",0,1,
sample_0204,domain,"For any x and y, if x diameter y holds, then x is an instance of Automobile.","背景知识：
条目1：
- 名称：diameter
- 类型：Property
- 简介：diameter (mm)

条目2：
- 名称：Automobile
- 类型：Class
- 简介：automobile",0,llama-3.1-70b,0.0,8192,https://api2.aigcbest.top/v1,"判断结果：错误
解释：根据RDFS语义规则，diameter属性的domain信息未被定义，因此无法推断x是Automobile的实例。",0,1,
sample_0205,domain,Property diameter can only be applied to subjects of class Automobile.,"背景知识：
条目1：
- 名称：diameter
- 类型：Property
- 简介：diameter (mm)

条目2：
- 名称：Automobile
- 类型：Class
- 简介：automobile",0,llama-3.1-70b,0.0,8192,https://api2.aigcbest.top/v1,"判断结果：正确
解释：根据RDFS语义规则，domain约束表示属性的主体应属于某一类，公理中diameter属性的domain被约束为Automobile类，与背景知识中diameter属性的类型和Automobile类的定义相符。",1,0,
sample_0206,domain,domain(firstLaunchDate) = Drug,"背景知识：
条目1：
- 名称：firstLaunchDate
- 类型：Property
- 简介：first launch date

条目2：
- 名称：Drug
- 类型：Class
- 简介：drug",0,llama-3.1-70b,0.0,8192,https://api2.aigcbest.top/v1,"判断结果：正确
解释：根据RDFS语义规则，domain约束表示属性的主体应属于某一类，公理中domain(firstLaunchDate) = Drug表示firstLaunchDate属性的主体应属于Drug类，这与背景知识中firstLaunchDate是Property，Drug是Class的定义相符。",1,0,
sample_0207,domain,The domain of firstLaunchDate is Drug.,"背景知识：
条目1：
- 名称：firstLaunchDate
- 类型：Property
- 简介：first launch date

条目2：
- 名称：Drug
- 类型：Class
- 简介：drug",0,llama-3.1-70b,0.0,8192,https://api2.aigcbest.top/v1,"判断结果：正确
解释：根据RDFS语义规则，domain约束表示属性的主体应属于某一类，公理中指出firstLaunchDate的domain是Drug，这意味着firstLaunchDate属性的主体应该是Drug类的实例，这与背景知识中firstLaunchDate是属性、Drug是类的定义相符。",1,0,
sample_0208,domain,"If a resource uses property firstLaunchDate as subject, then it should belong to class Drug.","背景知识：
条目1：
- 名称：firstLaunchDate
- 类型：Property
- 简介：first launch date

条目2：
- 名称：Drug
- 类型：Class
- 简介：drug",0,llama-3.1-70b,0.0,8192,https://api2.aigcbest.top/v1,"判断结果：错误
解释：根据RDFS语义规则，domain约束表示属性的主体应属于某一类，但给定公理中firstLaunchDate的domain并未被定义为Drug，因此不能推断使用firstLaunchDate作为主体的资源一定属于Drug类。",0,1,
sample_0209,domain,"For any x and y, if x firstLaunchDate y holds, then x is an instance of Drug.","背景知识：
条目1：
- 名称：firstLaunchDate
- 类型：Property
- 简介：first launch date

条目2：
- 名称：Drug
- 类型：Class
- 简介：drug",0,llama-3.1-70b,0.0,8192,https://api2.aigcbest.top/v1,"判断结果：正确
解释：根据RDFS语义规则，属性firstLaunchDate的domain约束为Drug，表示属性firstLaunchDate的主体应属于类Drug。",1,0,
sample_0210,domain,Property firstLaunchDate can only be applied to subjects of class Drug.,"背景知识：
条目1：
- 名称：firstLaunchDate
- 类型：Property
- 简介：first launch date

条目2：
- 名称：Drug
- 类型：Class
- 简介：drug",0,llama-3.1-70b,0.0,8192,https://api2.aigcbest.top/v1,"判断结果：正确
解释：根据RDFS语义规则，domain约束表示属性的主体应属于某一类，公理中指出firstLaunchDate属性的主体应属于Drug类，与背景知识和语义规则一致。",1,0,
sample_0211,domain,domain(firstLaunchRocket) = LaunchPad,"背景知识：
条目1：
- 名称：firstLaunchRocket
- 类型：Property
- 简介：first launch rocket

条目2：
- 名称：LaunchPad
- 类型：Class
- 简介：launch pad",1,llama-3.1-70b,0.0,8192,https://api2.aigcbest.top/v1,"判断结果：正确
解释：根据RDFS语义规则，domain约束表示属性的主体应属于某一类，公理中firstLaunchRocket的domain为LaunchPad，符合常识知识和背景知识中LaunchPad作为类的定义。",1,1,
sample_0212,domain,The domain of firstLaunchRocket is LaunchPad.,"背景知识：
条目1：
- 名称：firstLaunchRocket
- 类型：Property
- 简介：first launch rocket

条目2：
- 名称：LaunchPad
- 类型：Class
- 简介：launch pad",1,llama-3.1-70b,0.0,8192,https://api2.aigcbest.top/v1,"判断结果：正确
解释：根据RDFS语义规则，domain约束表示属性的主体应属于某一类，公理中firstLaunchRocket的domain为LaunchPad，符合常识知识和背景知识中对firstLaunchRocket和LaunchPad的描述。",1,1,
sample_0213,domain,"If a resource uses property firstLaunchRocket as subject, then it should belong to class LaunchPad.","背景知识：
条目1：
- 名称：firstLaunchRocket
- 类型：Property
- 简介：first launch rocket

条目2：
- 名称：LaunchPad
- 类型：Class
- 简介：launch pad",1,llama-3.1-70b,0.0,8192,https://api2.aigcbest.top/v1,"判断结果：正确
解释：根据RDFS语义规则，domain约束表示属性的主体应属于某一类，公理中firstLaunchRocket的domain为LaunchPad，符合RDFS语义规则。",1,1,
sample_0214,domain,"For any x and y, if x firstLaunchRocket y holds, then x is an instance of LaunchPad.","背景知识：
条目1：
- 名称：firstLaunchRocket
- 类型：Property
- 简介：first launch rocket

条目2：
- 名称：LaunchPad
- 类型：Class
- 简介：launch pad",1,llama-3.1-70b,0.0,8192,https://api2.aigcbest.top/v1,"判断结果：正确
解释：根据RDFS语义规则，属性firstLaunchRocket的domain约束为LaunchPad，表示属性firstLaunchRocket的主体应属于LaunchPad类。",1,1,
sample_0215,domain,Property firstLaunchRocket can only be applied to subjects of class LaunchPad.,"背景知识：
条目1：
- 名称：firstLaunchRocket
- 类型：Property
- 简介：first launch rocket

条目2：
- 名称：LaunchPad
- 类型：Class
- 简介：launch pad",1,llama-3.1-70b,0.0,8192,https://api2.aigcbest.top/v1,"判断结果：正确
解释：根据RDFS语义规则，domain约束表示属性的主体应属于某一类，公理中firstLaunchRocket属性的主体被约束为LaunchPad类，符合RDFS语义规则。",1,1,
sample_0216,domain,domain(firstLaunchRocket) = Scientist,"背景知识：
条目1：
- 名称：firstLaunchRocket
- 类型：Property
- 简介：first launch rocket

条目2：
- 名称：Scientist
- 类型：Class
- 简介：scientist",0,llama-3.1-70b,0.0,8192,https://api2.aigcbest.top/v1,"判断结果：正确
解释：根据RDFS语义规则，domain约束表示属性的主体应属于某一类，公理中firstLaunchRocket的domain为Scientist，符合常识知识和背景知识中Scientist类的定义。",1,0,
sample_0217,domain,The domain of firstLaunchRocket is Scientist.,"背景知识：
条目1：
- 名称：firstLaunchRocket
- 类型：Property
- 简介：first launch rocket

条目2：
- 名称：Scientist
- 类型：Class
- 简介：scientist",0,llama-3.1-70b,0.0,8192,https://api2.aigcbest.top/v1,"判断结果：正确
解释：根据RDFS语义规则，domain约束表示属性的主体应属于某一类，公理中firstLaunchRocket的domain为Scientist，符合常识知识和背景知识中Scientist类的定义。",1,0,
sample_0218,domain,"If a resource uses property firstLaunchRocket as subject, then it should belong to class Scientist.","背景知识：
条目1：
- 名称：firstLaunchRocket
- 类型：Property
- 简介：first launch rocket

条目2：
- 名称：Scientist
- 类型：Class
- 简介：scientist",0,llama-3.1-70b,0.0,8192,https://api2.aigcbest.top/v1,"判断结果：错误
解释：根据RDFS语义规则，domain约束表示属性的主体应属于某一类，但给定公理中firstLaunchRocket属性的domain约束应该是Rocket，而不是Scientist。",0,1,
sample_0219,domain,"For any x and y, if x firstLaunchRocket y holds, then x is an instance of Scientist.","背景知识：
条目1：
- 名称：firstLaunchRocket
- 类型：Property
- 简介：first launch rocket

条目2：
- 名称：Scientist
- 类型：Class
- 简介：scientist",0,llama-3.1-70b,0.0,8192,https://api2.aigcbest.top/v1,"判断结果：正确
解释：根据RDFS语义规则，属性firstLaunchRocket的domain约束为Scientist，表示属性firstLaunchRocket的主体应属于类Scientist。",1,0,
sample_0220,domain,Property firstLaunchRocket can only be applied to subjects of class Scientist.,"背景知识：
条目1：
- 名称：firstLaunchRocket
- 类型：Property
- 简介：first launch rocket

条目2：
- 名称：Scientist
- 类型：Class
- 简介：scientist",0,llama-3.1-70b,0.0,8192,https://api2.aigcbest.top/v1,"判断结果：正确
解释：根据RDFS语义规则，domain约束表示属性的主体应属于某一类，公理中firstLaunchRocket属性的主体被约束为Scientist类，符合RDFS语义规则。",1,0,
sample_0221,domain,domain(height) = ChemicalSubstance,"背景知识：
条目1：
- 名称：height
- 类型：Property
- 简介：height (mm)

条目2：
- 名称：ChemicalSubstance
- 类型：Class
- 简介：chemical substance",0,llama-3.1-70b,0.0,8192,https://api2.aigcbest.top/v1,"判断结果：正确
解释：根据RDFS语义规则，domain约束表示属性的主体应属于某一类，height属性的主体为ChemicalSubstance符合常识知识和背景知识。",1,0,
sample_0222,domain,The domain of height is ChemicalSubstance.,"背景知识：
条目1：
- 名称：height
- 类型：Property
- 简介：height (mm)

条目2：
- 名称：ChemicalSubstance
- 类型：Class
- 简介：chemical substance",0,llama-3.1-70b,0.0,8192,https://api2.aigcbest.top/v1,"判断结果：正确
解释：根据RDFS语义规则，domain约束表示属性的主体应属于某一类，height属性的domain为ChemicalSubstance，符合常识知识和背景知识中height属性的定义。",1,0,
sample_0223,domain,"If a resource uses property height as subject, then it should belong to class ChemicalSubstance.","背景知识：
条目1：
- 名称：height
- 类型：Property
- 简介：height (mm)

条目2：
- 名称：ChemicalSubstance
- 类型：Class
- 简介：chemical substance",0,llama-3.1-70b,0.0,8192,https://api2.aigcbest.top/v1,"判断结果：错误
解释：根据RDFS语义规则，domain约束表示属性的主体应属于某一类，但给定公理中height属性的domain并未被定义为ChemicalSubstance。",0,1,
sample_0224,domain,"For any x and y, if x height y holds, then x is an instance of ChemicalSubstance.","背景知识：
条目1：
- 名称：height
- 类型：Property
- 简介：height (mm)

条目2：
- 名称：ChemicalSubstance
- 类型：Class
- 简介：chemical substance",0,llama-3.1-70b,0.0,8192,https://api2.aigcbest.top/v1,"判断结果：正确
解释：根据RDFS语义规则，height属性的domain约束为ChemicalSubstance类，表示height属性的主体应属于ChemicalSubstance类。",1,0,
sample_0225,domain,Property height can only be applied to subjects of class ChemicalSubstance.,"背景知识：
条目1：
- 名称：height
- 类型：Property
- 简介：height (mm)

条目2：
- 名称：ChemicalSubstance
- 类型：Class
- 简介：chemical substance",0,llama-3.1-70b,0.0,8192,https://api2.aigcbest.top/v1,"判断结果：正确
解释：根据RDFS语义规则，domain约束表示属性的主体应属于某一类，公理中height属性的domain被约束为ChemicalSubstance，与背景知识中height属性的定义相符。",1,0,
sample_0226,domain,domain(height) = Settlement,"背景知识：
条目1：
- 名称：height
- 类型：Property
- 简介：height (cm)

条目2：
- 名称：Settlement
- 类型：Class
- 简介：settlement",0,llama-3.1-70b,0.0,8192,https://api2.aigcbest.top/v1,"判断结果：正确
解释：根据RDFS语义规则，domain约束表示属性的主体应属于某一类，height属性的主体属于Settlement类是合理的。",1,0,
sample_0227,domain,The domain of height is Settlement.,"背景知识：
条目1：
- 名称：height
- 类型：Property
- 简介：height (cm)

条目2：
- 名称：Settlement
- 类型：Class
- 简介：settlement",0,llama-3.1-70b,0.0,8192,https://api2.aigcbest.top/v1,"判断结果：正确
解释：根据RDFS语义规则，domain约束表示属性的主体应属于某一类，背景知识中height属性的主体确实是Settlement类。",1,0,
sample_0228,domain,"If a resource uses property height as subject, then it should belong to class Settlement.","背景知识：
条目1：
- 名称：height
- 类型：Property
- 简介：height (cm)

条目2：
- 名称：Settlement
- 类型：Class
- 简介：settlement",0,llama-3.1-70b,0.0,8192,https://api2.aigcbest.top/v1,"判断结果：错误
解释：根据RDFS语义规则，domain约束表示属性的主体应属于某一类，但背景知识中height的domain并未明确指定为Settlement。",0,1,
sample_0229,domain,"For any x and y, if x height y holds, then x is an instance of Settlement.","背景知识：
条目1：
- 名称：height
- 类型：Property
- 简介：height (cm)

条目2：
- 名称：Settlement
- 类型：Class
- 简介：settlement",0,llama-3.1-70b,0.0,8192,https://api2.aigcbest.top/v1,"判断结果：正确
解释：根据RDFS语义规则，height属性的domain约束为Settlement类，表示height属性的主体应属于Settlement类。",1,0,
sample_0230,domain,Property height can only be applied to subjects of class Settlement.,"背景知识：
条目1：
- 名称：height
- 类型：Property
- 简介：height (cm)

条目2：
- 名称：Settlement
- 类型：Class
- 简介：settlement",0,llama-3.1-70b,0.0,8192,https://api2.aigcbest.top/v1,"判断结果：正确
解释：根据RDFS语义规则，domain约束表示属性的主体应属于某一类，公理中height属性的domain被约束为Settlement类，与背景知识中height属性的定义相符。",1,0,
sample_0231,domain,domain(lastLaunchDate) = LaunchPad,"背景知识：
条目1：
- 名称：lastLaunchDate
- 类型：Property
- 简介：last launch date

条目2：
- 名称：LaunchPad
- 类型：Class
- 简介：launch pad",1,llama-3.1-70b,0.0,8192,https://api2.aigcbest.top/v1,"判断结果：正确
解释：根据RDFS语义规则，domain约束表示属性的主体应属于某一类，lastLaunchDate的domain为LaunchPad，表明lastLaunchDate属性的主体是LaunchPad类的实例，这与背景知识中lastLaunchDate是LaunchPad的属性的描述相符。",1,1,
sample_0232,domain,The domain of lastLaunchDate is LaunchPad.,"背景知识：
条目1：
- 名称：lastLaunchDate
- 类型：Property
- 简介：last launch date

条目2：
- 名称：LaunchPad
- 类型：Class
- 简介：launch pad",1,llama-3.1-70b,0.0,8192,https://api2.aigcbest.top/v1,"判断结果：正确
解释：根据RDFS语义规则，domain约束表示属性的主体应属于某一类，lastLaunchDate的domain为LaunchPad，表明lastLaunchDate属性的主体是LaunchPad类的实例，这与背景知识中lastLaunchDate是LaunchPad的属性的描述相符。",1,1,
sample_0233,domain,"If a resource uses property lastLaunchDate as subject, then it should belong to class LaunchPad.","背景知识：
条目1：
- 名称：lastLaunchDate
- 类型：Property
- 简介：last launch date

条目2：
- 名称：LaunchPad
- 类型：Class
- 简介：launch pad",1,llama-3.1-70b,0.0,8192,https://api2.aigcbest.top/v1,"判断结果：错误
解释：根据RDFS语义规则，domain约束表示属性的主体应属于某一类，但给定公理中lastLaunchDate的domain并未被定义为LaunchPad。",0,0,
sample_0234,domain,"For any x and y, if x lastLaunchDate y holds, then x is an instance of LaunchPad.","背景知识：
条目1：
- 名称：lastLaunchDate
- 类型：Property
- 简介：last launch date

条目2：
- 名称：LaunchPad
- 类型：Class
- 简介：launch pad",1,llama-3.1-70b,0.0,8192,https://api2.aigcbest.top/v1,"判断结果：正确
解释：根据RDFS语义规则，lastLaunchDate属性的domain约束为LaunchPad类，表示lastLaunchDate属性的主体应属于LaunchPad类。",1,1,
sample_0235,domain,Property lastLaunchDate can only be applied to subjects of class LaunchPad.,"背景知识：
条目1：
- 名称：lastLaunchDate
- 类型：Property
- 简介：last launch date

条目2：
- 名称：LaunchPad
- 类型：Class
- 简介：launch pad",1,llama-3.1-70b,0.0,8192,https://api2.aigcbest.top/v1,"判断结果：正确
解释：根据RDFS语义规则，domain约束表示属性的主体应属于某一类，公理中lastLaunchDate属性的主体被约束为LaunchPad类，与背景知识和语义规则一致。",1,1,
sample_0236,domain,domain(lastLaunchRocket) = LaunchPad,"背景知识：
条目1：
- 名称：lastLaunchRocket
- 类型：Property
- 简介：last launch rocket

条目2：
- 名称：LaunchPad
- 类型：Class
- 简介：launch pad",1,llama-3.1-70b,0.0,8192,https://api2.aigcbest.top/v1,"判断结果：正确
解释：根据RDFS语义规则，domain约束表示属性的主体应属于某一类，lastLaunchRocket属性的主体应属于LaunchPad类，与背景知识一致。",1,1,
sample_0237,domain,The domain of lastLaunchRocket is LaunchPad.,"背景知识：
条目1：
- 名称：lastLaunchRocket
- 类型：Property
- 简介：last launch rocket

条目2：
- 名称：LaunchPad
- 类型：Class
- 简介：launch pad",1,llama-3.1-70b,0.0,8192,https://api2.aigcbest.top/v1,"判断结果：正确
解释：根据RDFS语义规则，domain约束表示属性的主体应属于某一类，lastLaunchRocket的domain为LaunchPad，符合常识知识和背景知识中对lastLaunchRocket和LaunchPad的描述。",1,1,
sample_0238,domain,"If a resource uses property lastLaunchRocket as subject, then it should belong to class LaunchPad.","背景知识：
条目1：
- 名称：lastLaunchRocket
- 类型：Property
- 简介：last launch rocket

条目2：
- 名称：LaunchPad
- 类型：Class
- 简介：launch pad",1,llama-3.1-70b,0.0,8192,https://api2.aigcbest.top/v1,"判断结果：正确
解释：根据RDFS语义规则，domain约束表示属性的主体应属于某一类，公理中lastLaunchRocket的domain为LaunchPad，符合RDFS语义规则。",1,1,
sample_0239,domain,"For any x and y, if x lastLaunchRocket y holds, then x is an instance of LaunchPad.","背景知识：
条目1：
- 名称：lastLaunchRocket
- 类型：Property
- 简介：last launch rocket

条目2：
- 名称：LaunchPad
- 类型：Class
- 简介：launch pad",1,llama-3.1-70b,0.0,8192,https://api2.aigcbest.top/v1,"判断结果：正确
解释：根据RDFS语义规则，lastLaunchRocket属性的domain约束为LaunchPad类，表示lastLaunchRocket属性的主体应属于LaunchPad类。",1,1,
sample_0240,domain,Property lastLaunchRocket can only be applied to subjects of class LaunchPad.,"背景知识：
条目1：
- 名称：lastLaunchRocket
- 类型：Property
- 简介：last launch rocket

条目2：
- 名称：LaunchPad
- 类型：Class
- 简介：launch pad",1,llama-3.1-70b,0.0,8192,https://api2.aigcbest.top/v1,"判断结果：正确
解释：根据RDFS语义规则，domain约束表示属性的主体应属于某一类，公理中lastLaunchRocket属性的主体被约束为LaunchPad类，符合RDFS语义规则。",1,1,
sample_0241,domain,domain(lastLaunchRocket) = Place,"背景知识：
条目1：
- 名称：lastLaunchRocket
- 类型：Property
- 简介：last launch rocket

条目2：
- 名称：Place
- 类型：Class
- 简介：place",0,llama-3.1-70b,0.0,8192,https://api2.aigcbest.top/v1,"判断结果：正确
解释：根据RDFS语义规则，domain约束表示属性的主体应属于某一类，lastLaunchRocket属性的主体属于Place类是合理的。",1,0,
sample_0242,domain,The domain of lastLaunchRocket is Place.,"背景知识：
条目1：
- 名称：lastLaunchRocket
- 类型：Property
- 简介：last launch rocket

条目2：
- 名称：Place
- 类型：Class
- 简介：place",0,llama-3.1-70b,0.0,8192,https://api2.aigcbest.top/v1,"判断结果：正确
解释：根据RDFS语义规则，domain约束表示属性的主体应属于某一类，lastLaunchRocket的domain为Place，表明lastLaunchRocket的主体是Place，这与背景知识中Place是类的定义相符。",1,0,
sample_0243,domain,"If a resource uses property lastLaunchRocket as subject, then it should belong to class Place.","背景知识：
条目1：
- 名称：lastLaunchRocket
- 类型：Property
- 简介：last launch rocket

条目2：
- 名称：Place
- 类型：Class
- 简介：place",0,llama-3.1-70b,0.0,8192,https://api2.aigcbest.top/v1,"判断结果：正确
解释：根据RDFS语义规则，domain约束表示属性的主体应属于某一类，公理中lastLaunchRocket的domain为Place，符合RDFS语义规则。",1,0,
sample_0244,domain,"For any x and y, if x lastLaunchRocket y holds, then x is an instance of Place.","背景知识：
条目1：
- 名称：lastLaunchRocket
- 类型：Property
- 简介：last launch rocket

条目2：
- 名称：Place
- 类型：Class
- 简介：place",0,llama-3.1-70b,0.0,8192,https://api2.aigcbest.top/v1,"判断结果：正确
解释：根据RDFS语义规则，lastLaunchRocket属性的domain约束为Place类，表示lastLaunchRocket属性的主体应属于Place类。",1,0,
sample_0245,domain,Property lastLaunchRocket can only be applied to subjects of class Place.,"背景知识：
条目1：
- 名称：lastLaunchRocket
- 类型：Property
- 简介：last launch rocket

条目2：
- 名称：Place
- 类型：Class
- 简介：place",0,llama-3.1-70b,0.0,8192,https://api2.aigcbest.top/v1,"判断结果：正确
解释：根据RDFS语义规则，domain约束表示属性的主体应属于某一类，公理中lastLaunchRocket属性的domain被约束为Place类，与背景知识中lastLaunchRocket属性的定义和Place类的定义相符。",1,0,
sample_0246,domain,domain(mass) = Planet,"背景知识：
条目1：
- 名称：mass
- 类型：Property
- 简介：mass (kg)

条目2：
- 名称：Planet
- 类型：Class
- 简介：planet",1,llama-3.1-70b,0.0,8192,https://api2.aigcbest.top/v1,"判断结果：正确
解释：根据RDFS语义规则，domain约束表示属性的主体应属于某一类，mass属性的主体Planet符合常识知识和背景知识的描述。",1,1,
sample_0247,domain,The domain of mass is Planet.,"背景知识：
条目1：
- 名称：mass
- 类型：Property
- 简介：mass (kg)

条目2：
- 名称：Planet
- 类型：Class
- 简介：planet",1,llama-3.1-70b,0.0,8192,https://api2.aigcbest.top/v1,"判断结果：正确
解释：根据RDFS语义规则，domain约束表示属性的主体应属于某一类，mass属性的domain为Planet，符合常识知识和背景知识中mass属性的定义。",1,1,
sample_0248,domain,"If a resource uses property mass as subject, then it should belong to class Planet.","背景知识：
条目1：
- 名称：mass
- 类型：Property
- 简介：mass (kg)

条目2：
- 名称：Planet
- 类型：Class
- 简介：planet",1,llama-3.1-70b,0.0,8192,https://api2.aigcbest.top/v1,"判断结果：错误
解释：根据RDFS语义规则，domain约束表示属性的主体应属于某一类，但背景知识中mass属性的domain信息未被指定为Planet类。",0,0,
sample_0249,domain,"For any x and y, if x mass y holds, then x is an instance of Planet.","背景知识：
条目1：
- 名称：mass
- 类型：Property
- 简介：mass (kg)

条目2：
- 名称：Planet
- 类型：Class
- 简介：planet",1,llama-3.1-70b,0.0,8192,https://api2.aigcbest.top/v1,"判断结果：错误
解释：根据RDFS语义规则，mass属性的domain信息未被定义，因此无法推断x是Planet的实例。",0,0,
sample_0250,domain,Property mass can only be applied to subjects of class Planet.,"背景知识：
条目1：
- 名称：mass
- 类型：Property
- 简介：mass (kg)

条目2：
- 名称：Planet
- 类型：Class
- 简介：planet",1,llama-3.1-70b,0.0,8192,https://api2.aigcbest.top/v1,"判断结果：正确
解释：根据RDFS语义规则，domain约束表示属性的主体应属于某一类，公理中mass属性的domain被约束为Planet类，与背景知识中mass属性的定义和Planet类的定义相符。",1,1,
sample_0251,domain,domain(meanTemperature) = ChemicalSubstance,"背景知识：
条目1：
- 名称：meanTemperature
- 类型：Property
- 简介：mean temperature (K)

条目2：
- 名称：ChemicalSubstance
- 类型：Class
- 简介：chemical substance",0,llama-3.1-70b,0.0,8192,https://api2.aigcbest.top/v1,"判断结果：正确
解释：根据RDFS语义规则，domain约束表示属性的主体应属于某一类，meanTemperature的domain为ChemicalSubstance，符合常识知识中化学物质的平均温度的描述。",1,0,
sample_0252,domain,The domain of meanTemperature is ChemicalSubstance.,"背景知识：
条目1：
- 名称：meanTemperature
- 类型：Property
- 简介：mean temperature (K)

条目2：
- 名称：ChemicalSubstance
- 类型：Class
- 简介：chemical substance",0,llama-3.1-70b,0.0,8192,https://api2.aigcbest.top/v1,"判断结果：正确
解释：根据RDFS语义规则，domain约束表示属性的主体应属于某一类，meanTemperature的domain为ChemicalSubstance，符合常识知识中化学物质的平均温度的描述。",1,0,
sample_0253,domain,"If a resource uses property meanTemperature as subject, then it should belong to class ChemicalSubstance.","背景知识：
条目1：
- 名称：meanTemperature
- 类型：Property
- 简介：mean temperature (K)

条目2：
- 名称：ChemicalSubstance
- 类型：Class
- 简介：chemical substance",0,llama-3.1-70b,0.0,8192,https://api2.aigcbest.top/v1,"判断结果：正确
解释：根据RDFS语义规则，domain约束表示属性的主体应属于某一类，公理中meanTemperature的主体应属于ChemicalSubstance，与背景知识和语义规则一致。",1,0,
sample_0254,domain,"For any x and y, if x meanTemperature y holds, then x is an instance of ChemicalSubstance.","背景知识：
条目1：
- 名称：meanTemperature
- 类型：Property
- 简介：mean temperature (K)

条目2：
- 名称：ChemicalSubstance
- 类型：Class
- 简介：chemical substance",0,llama-3.1-70b,0.0,8192,https://api2.aigcbest.top/v1,"判断结果：正确
解释：根据RDFS语义规则，meanTemperature属性的domain约束为ChemicalSubstance类，表示meanTemperature属性的主体应属于ChemicalSubstance类。",1,0,
sample_0255,domain,Property meanTemperature can only be applied to subjects of class ChemicalSubstance.,"背景知识：
条目1：
- 名称：meanTemperature
- 类型：Property
- 简介：mean temperature (K)

条目2：
- 名称：ChemicalSubstance
- 类型：Class
- 简介：chemical substance",0,llama-3.1-70b,0.0,8192,https://api2.aigcbest.top/v1,"判断结果：正确
解释：根据RDFS语义规则，domain约束表示属性的主体应属于某一类，公理中meanTemperature的domain为ChemicalSubstance，符合RDFS语义规则。",1,0,
sample_0256,domain,domain(minimumTemperature) = EducationalInstitution,"背景知识：
条目1：
- 名称：minimumTemperature
- 类型：Property
- 简介：minimum temperature (K)

条目2：
- 名称：EducationalInstitution
- 类型：Class
- 简介：educational institution",0,llama-3.1-70b,0.0,8192,https://api2.aigcbest.top/v1,"判断结果：错误
解释：根据RDFS语义规则，domain约束表示属性的主体应属于某一类，但minimumTemperature属性与EducationalInstitution类之间的语义关系不明显，且背景知识中minimumTemperature的简介为“minimum temperature (K)”，这表明minimumTemperature属性更可能与温度相关的类或实体有关，而不是EducationalInstitution类。",0,1,
sample_0257,domain,The domain of minimumTemperature is EducationalInstitution.,"背景知识：
条目1：
- 名称：minimumTemperature
- 类型：Property
- 简介：minimum temperature (K)

条目2：
- 名称：EducationalInstitution
- 类型：Class
- 简介：educational institution",0,llama-3.1-70b,0.0,8192,https://api2.aigcbest.top/v1,"判断结果：错误
解释：根据RDFS语义规则，minimumTemperature的domain应该是与温度相关的实体，而不是EducationalInstitution。",0,1,
sample_0258,domain,"If a resource uses property minimumTemperature as subject, then it should belong to class EducationalInstitution.","背景知识：
条目1：
- 名称：minimumTemperature
- 类型：Property
- 简介：minimum temperature (K)

条目2：
- 名称：EducationalInstitution
- 类型：Class
- 简介：educational institution",0,llama-3.1-70b,0.0,8192,https://api2.aigcbest.top/v1,"判断结果：错误
解释：根据RDFS语义规则，minimumTemperature属性的domain约束信息未被定义为EducationalInstitution类。",0,1,
sample_0259,domain,"For any x and y, if x minimumTemperature y holds, then x is an instance of EducationalInstitution.","背景知识：
条目1：
- 名称：minimumTemperature
- 类型：Property
- 简介：minimum temperature (K)

条目2：
- 名称：EducationalInstitution
- 类型：Class
- 简介：educational institution",0,llama-3.1-70b,0.0,8192,https://api2.aigcbest.top/v1,"判断结果：错误
解释：根据RDFS语义规则，minimumTemperature属性的domain信息未被定义为EducationalInstitution，因此无法推断x minimumTemperature y蕴涵x是EducationalInstitution的实例。",0,1,
sample_0260,domain,Property minimumTemperature can only be applied to subjects of class EducationalInstitution.,"背景知识：
条目1：
- 名称：minimumTemperature
- 类型：Property
- 简介：minimum temperature (K)

条目2：
- 名称：EducationalInstitution
- 类型：Class
- 简介：educational institution",0,llama-3.1-70b,0.0,8192,https://api2.aigcbest.top/v1,"判断结果：错误
解释：根据RDFS语义规则，domain约束表示属性的主体应属于某一类，但minimumTemperature属性与EducationalInstitution类之间的语义关系不明显，且背景知识中没有相关信息支持这一约束。",0,1,
sample_0261,domain,domain(nciId) = AdministrativeRegion,"背景知识：
条目1：
- 名称：nciId
- 类型：Property
- 简介：NCI

条目2：
- 名称：AdministrativeRegion
- 类型：Class
- 简介：A PopulatedPlace under the jurisdiction of an administrative body. This body may administer either a whole region or one or more adjacent Settlements (town administration)",0,llama-3.1-70b,0.0,8192,https://api2.aigcbest.top/v1,"判断结果：正确
解释：根据RDFS语义规则，domain约束表示属性的主体应属于某一类，nciId属性的主体属于AdministrativeRegion类，符合背景知识中AdministrativeRegion类的定义。",1,0,
sample_0262,domain,The domain of nciId is AdministrativeRegion.,"背景知识：
条目1：
- 名称：nciId
- 类型：Property
- 简介：NCI

条目2：
- 名称：AdministrativeRegion
- 类型：Class
- 简介：A PopulatedPlace under the jurisdiction of an administrative body. This body may administer either a whole region or one or more adjacent Settlements (town administration)",0,llama-3.1-70b,0.0,8192,https://api2.aigcbest.top/v1,"判断结果：正确
解释：根据RDFS语义规则，domain约束表示属性的主体应属于某一类，nciId属性的domain为AdministrativeRegion，符合背景知识中AdministrativeRegion的定义。",1,0,
sample_0263,domain,"If a resource uses property nciId as subject, then it should belong to class AdministrativeRegion.","背景知识：
条目1：
- 名称：nciId
- 类型：Property
- 简介：NCI

条目2：
- 名称：AdministrativeRegion
- 类型：Class
- 简介：A PopulatedPlace under the jurisdiction of an administrative body. This body may administer either a whole region or one or more adjacent Settlements (town administration)",0,llama-3.1-70b,0.0,8192,https://api2.aigcbest.top/v1,"判断结果：错误
解释：根据RDFS语义规则，nciId属性的domain信息未被定义，因此无法推断使用nciId作为主体的资源一定属于AdministrativeRegion类。",0,1,
sample_0264,domain,"For any x and y, if x nciId y holds, then x is an instance of AdministrativeRegion.","背景知识：
条目1：
- 名称：nciId
- 类型：Property
- 简介：NCI

条目2：
- 名称：AdministrativeRegion
- 类型：Class
- 简介：A PopulatedPlace under the jurisdiction of an administrative body. This body may administer either a whole region or one or more adjacent Settlements (town administration)",0,llama-3.1-70b,0.0,8192,https://api2.aigcbest.top/v1,"判断结果：错误
解释：根据背景知识，nciId属性的类型为Property，而AdministrativeRegion是Class，nciId属性与AdministrRegion类之间的语义关系不明确，无法直接推断出x是AdministrativeRegion的实例。",0,1,
sample_0265,domain,Property nciId can only be applied to subjects of class AdministrativeRegion.,"背景知识：
条目1：
- 名称：nciId
- 类型：Property
- 简介：NCI

条目2：
- 名称：AdministrativeRegion
- 类型：Class
- 简介：A PopulatedPlace under the jurisdiction of an administrative body. This body may administer either a whole region or one or more adjacent Settlements (town administration)",0,llama-3.1-70b,0.0,8192,https://api2.aigcbest.top/v1,"判断结果：正确
解释：根据RDFS语义规则，domain约束表示属性的主体应属于某一类，公理中nciId属性的domain被限制为AdministrativeRegion类，与背景知识中nciId属性的类型和AdministrativeRegion类的定义相符。",1,0,
sample_0266,domain,domain(numberOfClassrooms) = AdministrativeRegion,"背景知识：
条目1：
- 名称：numberOfClassrooms
- 类型：Property
- 简介：number of classrooms

条目2：
- 名称：AdministrativeRegion
- 类型：Class
- 简介：A PopulatedPlace under the jurisdiction of an administrative body. This body may administer either a whole region or one or more adjacent Settlements (town administration)",0,llama-3.1-70b,0.0,8192,https://api2.aigcbest.top/v1,"判断结果：正确
解释：根据RDFS语义规则，domain约束表示属性的主体应属于某一类，numberOfClassrooms属性的主体为AdministrativeRegion是合理的，因为行政区域可能拥有若干教室。",1,0,
sample_0267,domain,The domain of numberOfClassrooms is AdministrativeRegion.,"背景知识：
条目1：
- 名称：numberOfClassrooms
- 类型：Property
- 简介：number of classrooms

条目2：
- 名称：AdministrativeRegion
- 类型：Class
- 简介：A PopulatedPlace under the jurisdiction of an administrative body. This body may administer either a whole region or one or more adjacent Settlements (town administration)",0,llama-3.1-70b,0.0,8192,https://api2.aigcbest.top/v1,"判断结果：正确
解释：根据RDFS语义规则，domain约束表示属性的主体应属于某一类，numberOfClassrooms的domain为AdministrativeRegion，符合行政区域拥有教室数量的常识。",1,0,
sample_0268,domain,"If a resource uses property numberOfClassrooms as subject, then it should belong to class AdministrativeRegion.","背景知识：
条目1：
- 名称：numberOfClassrooms
- 类型：Property
- 简介：number of classrooms

条目2：
- 名称：AdministrativeRegion
- 类型：Class
- 简介：A PopulatedPlace under the jurisdiction of an administrative body. This body may administer either a whole region or one or more adjacent Settlements (town administration)",0,llama-3.1-70b,0.0,8192,https://api2.aigcbest.top/v1,"判断结果：错误
解释：numberOfClassrooms属性的主体不应局限于AdministrativeRegion类，因为其他类也可能具有该属性。",0,1,
sample_0269,domain,"For any x and y, if x numberOfClassrooms y holds, then x is an instance of AdministrativeRegion.","背景知识：
条目1：
- 名称：numberOfClassrooms
- 类型：Property
- 简介：number of classrooms

条目2：
- 名称：AdministrativeRegion
- 类型：Class
- 简介：A PopulatedPlace under the jurisdiction of an administrative body. This body may administer either a whole region or one or more adjacent Settlements (town administration)",0,llama-3.1-70b,0.0,8192,https://api2.aigcbest.top/v1,"判断结果：错误
解释：numberOfClassrooms属性的定义与AdministrativeRegion类的语义不符，numberOfClassrooms表示教室数量，而AdministrativeRegion表示行政区域。",0,1,
sample_0270,domain,Property numberOfClassrooms can only be applied to subjects of class AdministrativeRegion.,"背景知识：
条目1：
- 名称：numberOfClassrooms
- 类型：Property
- 简介：number of classrooms

条目2：
- 名称：AdministrativeRegion
- 类型：Class
- 简介：A PopulatedPlace under the jurisdiction of an administrative body. This body may administer either a whole region or one or more adjacent Settlements (town administration)",0,llama-3.1-70b,0.0,8192,https://api2.aigcbest.top/v1,"判断结果：正确
解释：根据RDFS语义规则，domain约束表示属性的主体应属于某一类，公理中numberOfClassrooms属性的domain被约束为AdministrativeRegion类，与背景知识中numberOfClassrooms属性的类型和AdministrativeRegion类的定义相符。",1,0,
sample_0271,domain,domain(orbitalPeriod) = Planet,"背景知识：
条目1：
- 名称：orbitalPeriod
- 类型：Property
- 简介：orbital period (μ)

条目2：
- 名称：Planet
- 类型：Class
- 简介：planet",1,llama-3.1-70b,0.0,8192,https://api2.aigcbest.top/v1,"判断结果：正确
解释：根据RDFS语义规则，domain约束表示属性的主体应属于某一类，orbitalPeriod的domain为Planet，符合常识知识中行星的轨道周期属性的语义关系。",1,1,
sample_0272,domain,The domain of orbitalPeriod is Planet.,"背景知识：
条目1：
- 名称：orbitalPeriod
- 类型：Property
- 简介：orbital period (μ)

条目2：
- 名称：Planet
- 类型：Class
- 简介：planet",1,llama-3.1-70b,0.0,8192,https://api2.aigcbest.top/v1,"判断结果：正确
解释：根据RDFS语义规则，domain约束表示属性的主体应属于某一类，orbitalPeriod的domain为Planet，符合背景知识中orbitalPeriod是Planet的属性的语义关系。",1,1,
sample_0273,domain,"If a resource uses property orbitalPeriod as subject, then it should belong to class Planet.","背景知识：
条目1：
- 名称：orbitalPeriod
- 类型：Property
- 简介：orbital period (μ)

条目2：
- 名称：Planet
- 类型：Class
- 简介：planet",1,llama-3.1-70b,0.0,8192,https://api2.aigcbest.top/v1,"判断结果：正确
解释：根据RDFS语义规则，domain约束表示属性的主体应属于某一类，orbitalPeriod属性的主体属于Planet类是合理的。",1,1,
sample_0274,domain,"For any x and y, if x orbitalPeriod y holds, then x is an instance of Planet.","背景知识：
条目1：
- 名称：orbitalPeriod
- 类型：Property
- 简介：orbital period (μ)

条目2：
- 名称：Planet
- 类型：Class
- 简介：planet",1,llama-3.1-70b,0.0,8192,https://api2.aigcbest.top/v1,"判断结果：正确
解释：根据RDFS语义规则，orbitalPeriod属性的domain约束为Planet类，表示orbitalPeriod属性的主体应属于Planet类。",1,1,
sample_0275,domain,Property orbitalPeriod can only be applied to subjects of class Planet.,"背景知识：
条目1：
- 名称：orbitalPeriod
- 类型：Property
- 简介：orbital period (μ)

条目2：
- 名称：Planet
- 类型：Class
- 简介：planet",1,llama-3.1-70b,0.0,8192,https://api2.aigcbest.top/v1,"判断结果：正确
解释：根据RDFS语义规则，domain约束表示属性的主体应属于某一类，orbitalPeriod属性的domain为Planet，符合背景知识中orbitalPeriod的定义。",1,1,
sample_0276,domain,domain(otherChannel) = Drug,"背景知识：
条目1：
- 名称：otherChannel
- 类型：Property
- 简介：other channel

条目2：
- 名称：Drug
- 类型：Class
- 简介：drug",0,llama-3.1-70b,0.0,8192,https://api2.aigcbest.top/v1,"判断结果：正确
解释：根据RDFS语义规则，domain约束表示属性的主体应属于某一类，公理中otherChannel的domain被定义为Drug，这意味着otherChannel属性的主体应是Drug类的实例，这与背景知识中otherChannel和Drug的定义相符。",1,0,
sample_0277,domain,The domain of otherChannel is Drug.,"背景知识：
条目1：
- 名称：otherChannel
- 类型：Property
- 简介：other channel

条目2：
- 名称：Drug
- 类型：Class
- 简介：drug",0,llama-3.1-70b,0.0,8192,https://api2.aigcbest.top/v1,"判断结果：正确
解释：根据RDFS语义规则，domain约束表示属性的主体应属于某一类，公理中otherChannel的domain为Drug，符合RDFS语义规则和背景知识。",1,0,
sample_0278,domain,"If a resource uses property otherChannel as subject, then it should belong to class Drug.","背景知识：
条目1：
- 名称：otherChannel
- 类型：Property
- 简介：other channel

条目2：
- 名称：Drug
- 类型：Class
- 简介：drug",0,llama-3.1-70b,0.0,8192,https://api2.aigcbest.top/v1,"判断结果：正确
解释：根据RDFS语义规则，domain约束表示属性的主体应属于某一类，公理中otherChannel的domain为Drug，符合RDFS语义规则。",1,0,
sample_0279,domain,"For any x and y, if x otherChannel y holds, then x is an instance of Drug.","背景知识：
条目1：
- 名称：otherChannel
- 类型：Property
- 简介：other channel

条目2：
- 名称：Drug
- 类型：Class
- 简介：drug",0,llama-3.1-70b,0.0,8192,https://api2.aigcbest.top/v1,"判断结果：错误
解释：根据RDFS语义规则，属性otherChannel的domain信息未被定义，因此无法推断x是Drug的实例。",0,1,
sample_0280,domain,Property otherChannel can only be applied to subjects of class Drug.,"背景知识：
条目1：
- 名称：otherChannel
- 类型：Property
- 简介：other channel

条目2：
- 名称：Drug
- 类型：Class
- 简介：drug",0,llama-3.1-70b,0.0,8192,https://api2.aigcbest.top/v1,"判断结果：正确
解释：根据RDFS语义规则，domain约束表示属性的主体应属于某一类，公理中otherChannel属性的主体被约束为Drug类，与背景知识和语义规则一致。",1,0,
sample_0281,domain,domain(periapsis) = Planet,"背景知识：
条目1：
- 名称：periapsis
- 类型：Property
- 简介：periapsis (km)

条目2：
- 名称：Planet
- 类型：Class
- 简介：planet",1,llama-3.1-70b,0.0,8192,https://api2.aigcbest.top/v1,"判断结果：正确
解释：根据RDFS语义规则，domain约束表示属性的主体应属于某一类，公理中periapsis的domain被定义为Planet，与背景知识中periapsis是Planet的属性一致。",1,1,
sample_0282,domain,The domain of periapsis is Planet.,"背景知识：
条目1：
- 名称：periapsis
- 类型：Property
- 简介：periapsis (km)

条目2：
- 名称：Planet
- 类型：Class
- 简介：planet",1,llama-3.1-70b,0.0,8192,https://api2.aigcbest.top/v1,"判断结果：正确
解释：根据RDFS语义规则，domain约束表示属性的主体应属于某一类，公理中periapsis的domain为Planet，符合背景知识中Planet是类的定义。",1,1,
sample_0283,domain,"If a resource uses property periapsis as subject, then it should belong to class Planet.","背景知识：
条目1：
- 名称：periapsis
- 类型：Property
- 简介：periapsis (km)

条目2：
- 名称：Planet
- 类型：Class
- 简介：planet",1,llama-3.1-70b,0.0,8192,https://api2.aigcbest.top/v1,"判断结果：正确
解释：根据RDFS语义规则，domain约束表示属性的主体应属于某一类，公理中periapsis的domain为Planet，符合RDFS语义规则。",1,1,
sample_0284,domain,"For any x and y, if x periapsis y holds, then x is an instance of Planet.","背景知识：
条目1：
- 名称：periapsis
- 类型：Property
- 简介：periapsis (km)

条目2：
- 名称：Planet
- 类型：Class
- 简介：planet",1,llama-3.1-70b,0.0,8192,https://api2.aigcbest.top/v1,"判断结果：正确
解释：根据RDFS语义规则，属性periapsis的domain约束为Planet，表示periapsis属性的主体应属于Planet类。",1,1,
sample_0285,domain,Property periapsis can only be applied to subjects of class Planet.,"背景知识：
条目1：
- 名称：periapsis
- 类型：Property
- 简介：periapsis (km)

条目2：
- 名称：Planet
- 类型：Class
- 简介：planet",1,llama-3.1-70b,0.0,8192,https://api2.aigcbest.top/v1,"判断结果：正确
解释：根据RDFS语义规则，domain约束表示属性的主体应属于某一类，公理中periapsis属性的domain被限制为Planet类，与背景知识中Planet类的定义相符。",1,1,
sample_0286,domain,domain(populationUrbanDensity) = Island,"背景知识：
条目1：
- 名称：populationUrbanDensity
- 类型：Property
- 简介：population urban density (/sqkm)

条目2：
- 名称：Island
- 类型：Class
- 简介：island",0,llama-3.1-70b,0.0,8192,https://api2.aigcbest.top/v1,"判断结果：错误
解释：根据RDFS语义规则，domain约束表示属性的主体应属于某一类，但populationUrbanDensity表示人口城市密度，通常与城市或地区相关，而不是与岛屿直接相关，因此将其domain设为Island不合理。",0,1,
sample_0287,domain,The domain of populationUrbanDensity is Island.,"背景知识：
条目1：
- 名称：populationUrbanDensity
- 类型：Property
- 简介：population urban density (/sqkm)

条目2：
- 名称：Island
- 类型：Class
- 简介：island",0,llama-3.1-70b,0.0,8192,https://api2.aigcbest.top/v1,"判断结果：正确
解释：根据RDFS语义规则，domain约束表示属性的主体应属于某一类，公理中populationUrbanDensity的domain为Island，符合背景知识中Island的定义。",1,0,
sample_0288,domain,"If a resource uses property populationUrbanDensity as subject, then it should belong to class Island.","背景知识：
条目1：
- 名称：populationUrbanDensity
- 类型：Property
- 简介：population urban density (/sqkm)

条目2：
- 名称：Island
- 类型：Class
- 简介：island",0,llama-3.1-70b,0.0,8192,https://api2.aigcbest.top/v1,"判断结果：正确
解释：根据RDFS语义规则，domain约束表示属性的主体应属于某一类，公理中populationUrbanDensity的domain为Island，符合RDFS语义规则。",1,0,
sample_0289,domain,"For any x and y, if x populationUrbanDensity y holds, then x is an instance of Island.","背景知识：
条目1：
- 名称：populationUrbanDensity
- 类型：Property
- 简介：population urban density (/sqkm)

条目2：
- 名称：Island
- 类型：Class
- 简介：island",0,llama-3.1-70b,0.0,8192,https://api2.aigcbest.top/v1,"判断结果：正确
解释：根据RDFS语义规则，populationUrbanDensity属性的domain约束为Island类，表示该属性的主体应属于Island类。",1,0,
sample_0290,domain,Property populationUrbanDensity can only be applied to subjects of class Island.,"背景知识：
条目1：
- 名称：populationUrbanDensity
- 类型：Property
- 简介：population urban density (/sqkm)

条目2：
- 名称：Island
- 类型：Class
- 简介：island",0,llama-3.1-70b,0.0,8192,https://api2.aigcbest.top/v1,"判断结果：正确
解释：根据RDFS语义规则，domain约束表示属性的主体应属于某一类，公理中populationUrbanDensity的domain被约束为Island，与背景知识中populationUrbanDensity的类型为Property和Island的类型为Class相符。",1,0,
sample_0291,domain,domain(previousInfrastructure) = PublicTransitSystem,"背景知识：
条目1：
- 名称：previousInfrastructure
- 类型：Property
- 简介：previous infrastructure

条目2：
- 名称：PublicTransitSystem
- 类型：Class
- 简介：A public transit system is a shared passenger transportation service which is available for use by the general public. Public transport modes include buses, trolleybuses, trams and trains, 'rapid transit' (metro/subways/undergrounds etc) an...",0,llama-3.1-70b,0.0,8192,https://api2.aigcbest.top/v1,"判断结果：正确
解释：根据RDFS语义规则，domain约束表示属性的主体应属于某一类，公理中previousInfrastructure的domain被定义为PublicTransitSystem，这意味着previousInfrastructure属性的主体应是PublicTransitSystem的实例，这与背景知识中PublicTransitSystem的定义相符。",1,0,
sample_0292,domain,The domain of previousInfrastructure is PublicTransitSystem.,"背景知识：
条目1：
- 名称：previousInfrastructure
- 类型：Property
- 简介：previous infrastructure

条目2：
- 名称：PublicTransitSystem
- 类型：Class
- 简介：A public transit system is a shared passenger transportation service which is available for use by the general public. Public transport modes include buses, trolleybuses, trams and trains, 'rapid transit' (metro/subways/undergrounds etc) an...",0,llama-3.1-70b,0.0,8192,https://api2.aigcbest.top/v1,"判断结果：正确
解释：根据RDFS语义规则，domain约束表示属性的主体应属于某一类，公理中previousInfrastructure的domain为PublicTransitSystem，符合RDFS语义规则和背景知识中对previousInfrastructure和PublicTransitSystem的描述。",1,0,
sample_0293,domain,"If a resource uses property previousInfrastructure as subject, then it should belong to class PublicTransitSystem.","背景知识：
条目1：
- 名称：previousInfrastructure
- 类型：Property
- 简介：previous infrastructure

条目2：
- 名称：PublicTransitSystem
- 类型：Class
- 简介：A public transit system is a shared passenger transportation service which is available for use by the general public. Public transport modes include buses, trolleybuses, trams and trains, 'rapid transit' (metro/subways/undergrounds etc) an...",0,llama-3.1-70b,0.0,8192,https://api2.aigcbest.top/v1,"判断结果：正确
解释：根据RDFS语义规则，domain约束表示属性的主体应属于某一类，公理中previousInfrastructure的主体应属于PublicTransitSystem，与背景知识和语义规则一致。",1,0,
sample_0294,domain,"For any x and y, if x previousInfrastructure y holds, then x is an instance of PublicTransitSystem.","背景知识：
条目1：
- 名称：previousInfrastructure
- 类型：Property
- 简介：previous infrastructure

条目2：
- 名称：PublicTransitSystem
- 类型：Class
- 简介：A public transit system is a shared passenger transportation service which is available for use by the general public. Public transport modes include buses, trolleybuses, trams and trains, 'rapid transit' (metro/subways/undergrounds etc) an...",0,llama-3.1-70b,0.0,8192,https://api2.aigcbest.top/v1,"判断结果：正确
解释：根据RDFS语义规则，属性previousInfrastructure的domain约束为PublicTransitSystem，表示该属性的主体应属于PublicTransitSystem类。",1,0,
sample_0295,domain,Property previousInfrastructure can only be applied to subjects of class PublicTransitSystem.,"背景知识：
条目1：
- 名称：previousInfrastructure
- 类型：Property
- 简介：previous infrastructure

条目2：
- 名称：PublicTransitSystem
- 类型：Class
- 简介：A public transit system is a shared passenger transportation service which is available for use by the general public. Public transport modes include buses, trolleybuses, trams and trains, 'rapid transit' (metro/subways/undergrounds etc) an...",0,llama-3.1-70b,0.0,8192,https://api2.aigcbest.top/v1,"判断结果：正确
解释：根据RDFS语义规则，domain约束表示属性的主体应属于某一类，公理中previousInfrastructure的domain被约束为PublicTransitSystem，与背景知识中previousInfrastructure的类型为Property和PublicTransitSystem的类型为Class相符。",1,0,
sample_0296,domain,domain(projectBudgetTotal) = Work,"背景知识：
条目1：
- 名称：projectBudgetTotal
- 类型：Property
- 简介：The total budget of the research project.

条目2：
- 名称：Work
- 类型：Class
- 简介：Item on which time has been spent for its realisation. Actor can be a human on not (machine, insects, nature...)",0,llama-3.1-70b,0.0,8192,https://api2.aigcbest.top/v1,"判断结果：正确
解释：根据RDFS语义规则，domain约束表示属性的主体应属于某一类，背景知识中projectBudgetTotal是属性，Work是类，且projectBudgetTotal的简介中提到“research project”，这暗示了projectBudgetTotal的主体可能是Work，因此该公理是合理的。",1,0,
sample_0297,domain,The domain of projectBudgetTotal is Work.,"背景知识：
条目1：
- 名称：projectBudgetTotal
- 类型：Property
- 简介：The total budget of the research project.

条目2：
- 名称：Work
- 类型：Class
- 简介：Item on which time has been spent for its realisation. Actor can be a human on not (machine, insects, nature...)",0,llama-3.1-70b,0.0,8192,https://api2.aigcbest.top/v1,"判断结果：正确
解释：根据RDFS语义规则，domain约束表示属性的主体应属于某一类，背景知识中projectBudgetTotal的简介为“The total budget of the research project.”，这意味着projectBudgetTotal的主体是研究项目，而Work是指“Item on which time has been spent for its realisation.”，这两个概念存在语义关联，因此该公理是合理的。",1,0,
sample_0298,domain,"If a resource uses property projectBudgetTotal as subject, then it should belong to class Work.","背景知识：
条目1：
- 名称：projectBudgetTotal
- 类型：Property
- 简介：The total budget of the research project.

条目2：
- 名称：Work
- 类型：Class
- 简介：Item on which time has been spent for its realisation. Actor can be a human on not (machine, insects, nature...)",0,llama-3.1-70b,0.0,8192,https://api2.aigcbest.top/v1,"判断结果：错误
解释：根据RDFS语义规则，domain约束表示属性的主体应属于某一类，但背景知识中projectBudgetTotal的domain并未明确指定为Work类。",0,1,
sample_0299,domain,"For any x and y, if x projectBudgetTotal y holds, then x is an instance of Work.","背景知识：
条目1：
- 名称：projectBudgetTotal
- 类型：Property
- 简介：The total budget of the research project.

条目2：
- 名称：Work
- 类型：Class
- 简介：Item on which time has been spent for its realisation. Actor can be a human on not (machine, insects, nature...)",0,llama-3.1-70b,0.0,8192,https://api2.aigcbest.top/v1,"判断结果：错误
解释：根据背景知识，projectBudgetTotal表示研究项目的总预算，与Work类无直接关联，故该公理不合理。",0,1,
sample_0300,domain,Property projectBudgetTotal can only be applied to subjects of class Work.,"背景知识：
条目1：
- 名称：projectBudgetTotal
- 类型：Property
- 简介：The total budget of the research project.

条目2：
- 名称：Work
- 类型：Class
- 简介：Item on which time has been spent for its realisation. Actor can be a human on not (machine, insects, nature...)",0,llama-3.1-70b,0.0,8192,https://api2.aigcbest.top/v1,"判断结果：正确
解释：根据RDFS语义规则，domain约束表示属性的主体应属于某一类，公理中projectBudgetTotal的domain被约束为Work，符合RDFS语义规则。",1,0,
sample_0301,domain,domain(runtime) = Airline,"背景知识：
条目1：
- 名称：runtime
- 类型：Property
- 简介：runtime (m)

条目2：
- 名称：Airline
- 类型：Class
- 简介：airline",0,llama-3.1-70b,0.0,8192,https://api2.aigcbest.top/v1,"判断结果：正确
解释：根据RDFS语义规则，domain约束表示属性的主体应属于某一类，runtime属性的domain为Airline，表明runtime属性的主体是Airline类的实例，这与背景知识中runtime属性的定义相符。",1,0,
sample_0302,domain,The domain of runtime is Airline.,"背景知识：
条目1：
- 名称：runtime
- 类型：Property
- 简介：runtime (m)

条目2：
- 名称：Airline
- 类型：Class
- 简介：airline",0,llama-3.1-70b,0.0,8192,https://api2.aigcbest.top/v1,"判断结果：正确
解释：根据RDFS语义规则，domain约束表示属性的主体应属于某一类，公理中runtime的domain为Airline，符合背景知识中runtime的类型为Property和Airline的类型为Class的语义关系。",1,0,
sample_0303,domain,"If a resource uses property runtime as subject, then it should belong to class Airline.","背景知识：
条目1：
- 名称：runtime
- 类型：Property
- 简介：runtime (m)

条目2：
- 名称：Airline
- 类型：Class
- 简介：airline",0,llama-3.1-70b,0.0,8192,https://api2.aigcbest.top/v1,"判断结果：正确
解释：根据RDFS语义规则，domain约束表示属性的主体应属于某一类，公理中使用runtime作为主体的资源应属于Airline类，与背景知识和语义规则一致。",1,0,
sample_0304,domain,"For any x and y, if x runtime y holds, then x is an instance of Airline.","背景知识：
条目1：
- 名称：runtime
- 类型：Property
- 简介：runtime (m)

条目2：
- 名称：Airline
- 类型：Class
- 简介：airline",0,llama-3.1-70b,0.0,8192,https://api2.aigcbest.top/v1,"判断结果：正确
解释：根据RDFS语义规则，runtime属性的domain约束为Airline类，表示runtime属性的主体应属于Airline类，因此该公理合理。",1,0,
sample_0305,domain,Property runtime can only be applied to subjects of class Airline.,"背景知识：
条目1：
- 名称：runtime
- 类型：Property
- 简介：runtime (m)

条目2：
- 名称：Airline
- 类型：Class
- 简介：airline",0,llama-3.1-70b,0.0,8192,https://api2.aigcbest.top/v1,"判断结果：正确
解释：根据RDFS语义规则，domain约束表示属性的主体应属于某一类，公理中runtime属性的主体被约束为Airline类，符合RDFS语义规则。",1,0,
sample_0306,range,range(academicAdvisor) = College,"背景知识：
条目1：
- 名称：academicAdvisor
- 类型：Property
- 简介：academic advisor

条目2：
- 名称：College
- 类型：Class
- 简介：college",0,llama-3.1-70b,0.0,8192,https://api2.aigcbest.top/v1,"判断结果：正确
解释：根据RDFS语义规则，range约束表示属性的客体应属于某一类，公理range(academicAdvisor) = College表明学术顾问的客体是学院，这与常识知识和背景知识相符。",1,0,
sample_0307,range,The range of academicAdvisor is College.,"背景知识：
条目1：
- 名称：academicAdvisor
- 类型：Property
- 简介：academic advisor

条目2：
- 名称：College
- 类型：Class
- 简介：college",0,llama-3.1-70b,0.0,8192,https://api2.aigcbest.top/v1,"判断结果：正确
解释：根据RDFS语义规则，range约束表示属性的客体应属于某一类，公理中指出academicAdvisor的range是College，符合常识知识和背景知识中对academicAdvisor和College的描述。",1,0,
sample_0308,range,"If a resource appears as the object of property academicAdvisor, then it should belong to class College.","背景知识：
条目1：
- 名称：academicAdvisor
- 类型：Property
- 简介：academic advisor

条目2：
- 名称：College
- 类型：Class
- 简介：college",0,llama-3.1-70b,0.0,8192,https://api2.aigcbest.top/v1,"判断结果：正确
解释：根据RDFS语义规则，range约束表示属性的客体应属于某一类，公理中academicAdvisor的range为College，符合RDFS语义规则。",1,0,
sample_0309,range,"For any x and y, if x academicAdvisor y holds, then y is an instance of College.","背景知识：
条目1：
- 名称：academicAdvisor
- 类型：Property
- 简介：academic advisor

条目2：
- 名称：College
- 类型：Class
- 简介：college",0,llama-3.1-70b,0.0,8192,https://api2.aigcbest.top/v1,"判断结果：错误
解释：根据RDFS语义规则，academicAdvisor属性的range信息未被定义，因此无法推断y是College的实例。",0,1,
sample_0310,range,Property academicAdvisor can only point to objects of class College.,"背景知识：
条目1：
- 名称：academicAdvisor
- 类型：Property
- 简介：academic advisor

条目2：
- 名称：College
- 类型：Class
- 简介：college",0,llama-3.1-70b,0.0,8192,https://api2.aigcbest.top/v1,"判断结果：正确
解释：根据RDFS语义规则，range约束表示属性的客体应属于某一类，公理中academicAdvisor属性的range被限制为College类，与背景知识中academicAdvisor属性的定义相符。",1,0,
sample_0311,range,range(administrativeDistrict) = PopulatedPlace,"背景知识：
条目1：
- 名称：administrativeDistrict
- 类型：Property
- 简介：administrative district

条目2：
- 名称：PopulatedPlace
- 类型：Class
- 简介：As defined by the United States Geological Survey, a populated place is a place or area with clustered or scattered buildings and a permanent human population (city, settlement, town, or village) referenced with geographic coordinates (http...",1,llama-3.1-70b,0.0,8192,https://api2.aigcbest.top/v1,"判断结果：正确
解释：根据RDFS语义规则，range约束表示属性的客体应属于某一类，administrativeDistrict的range为PopulatedPlace，表明行政区划的客体是居住地，符合常识和背景知识。",1,1,
sample_0312,range,The range of administrativeDistrict is PopulatedPlace.,"背景知识：
条目1：
- 名称：administrativeDistrict
- 类型：Property
- 简介：administrative district

条目2：
- 名称：PopulatedPlace
- 类型：Class
- 简介：As defined by the United States Geological Survey, a populated place is a place or area with clustered or scattered buildings and a permanent human population (city, settlement, town, or village) referenced with geographic coordinates (http...",1,llama-3.1-70b,0.0,8192,https://api2.aigcbest.top/v1,"判断结果：正确
解释：根据RDFS语义规则，range约束表示属性的客体应属于某一类，administrativeDistrict的range为PopulatedPlace，表明行政区划的客体是居住地，这与常识和背景知识相符。",1,1,
sample_0313,range,"If a resource appears as the object of property administrativeDistrict, then it should belong to class PopulatedPlace.","背景知识：
条目1：
- 名称：administrativeDistrict
- 类型：Property
- 简介：administrative district

条目2：
- 名称：PopulatedPlace
- 类型：Class
- 简介：As defined by the United States Geological Survey, a populated place is a place or area with clustered or scattered buildings and a permanent human population (city, settlement, town, or village) referenced with geographic coordinates (http...",1,llama-3.1-70b,0.0,8192,https://api2.aigcbest.top/v1,"判断结果：正确
解释：根据RDFS语义规则，range约束表示属性的客体应属于某一类，因此公理中administrativeDistrict的range为PopulatedPlace是合理的。",1,1,
sample_0314,range,"For any x and y, if x administrativeDistrict y holds, then y is an instance of PopulatedPlace.","背景知识：
条目1：
- 名称：administrativeDistrict
- 类型：Property
- 简介：administrative district

条目2：
- 名称：PopulatedPlace
- 类型：Class
- 简介：As defined by the United States Geological Survey, a populated place is a place or area with clustered or scattered buildings and a permanent human population (city, settlement, town, or village) referenced with geographic coordinates (http...",1,llama-3.1-70b,0.0,8192,https://api2.aigcbest.top/v1,"判断结果：正确
解释：根据RDFS语义规则，administrativeDistrict属性的range约束为PopulatedPlace类，表示administrativeDistrict属性的客体应属于PopulatedPlace类。",1,1,
sample_0315,range,Property administrativeDistrict can only point to objects of class PopulatedPlace.,"背景知识：
条目1：
- 名称：administrativeDistrict
- 类型：Property
- 简介：administrative district

条目2：
- 名称：PopulatedPlace
- 类型：Class
- 简介：As defined by the United States Geological Survey, a populated place is a place or area with clustered or scattered buildings and a permanent human population (city, settlement, town, or village) referenced with geographic coordinates (http...",1,llama-3.1-70b,0.0,8192,https://api2.aigcbest.top/v1,"判断结果：正确
解释：根据RDFS语义规则，range约束表示属性的客体应属于某一类，公理中administrativeDistrict属性的range被限制为PopulatedPlace类，与背景知识中administrativeDistrict属性的定义相符。",1,1,
sample_0316,range,range(affiliation) = Athlete,"背景知识：
条目1：
- 名称：affiliation
- 类型：Property
- 简介：affiliation

条目2：
- 名称：Athlete
- 类型：Class
- 简介：athlete",0,llama-3.1-70b,0.0,8192,https://api2.aigcbest.top/v1,"判断结果：错误
解释：根据RDFS语义规则，range约束表示属性的客体应属于某一类，但affiliation属性的客体不应是Athlete类本身，而是表示运动员隶属关系的某个实体或值。",0,1,
sample_0317,range,The range of affiliation is Athlete.,"背景知识：
条目1：
- 名称：affiliation
- 类型：Property
- 简介：affiliation

条目2：
- 名称：Athlete
- 类型：Class
- 简介：athlete",0,llama-3.1-70b,0.0,8192,https://api2.aigcbest.top/v1,"判断结果：错误
解释：根据RDFS语义规则，range约束表示属性的客体应属于某一类，但affiliation属性的客体不应是Athlete类本身，而是表示运动员隶属关系的某个实体或值。",0,1,
sample_0318,range,"If a resource appears as the object of property affiliation, then it should belong to class Athlete.","背景知识：
条目1：
- 名称：affiliation
- 类型：Property
- 简介：affiliation

条目2：
- 名称：Athlete
- 类型：Class
- 简介：athlete",0,llama-3.1-70b,0.0,8192,https://api2.aigcbest.top/v1,"判断结果：错误
解释：根据RDFS语义规则，range约束表示属性的客体应属于某一类，但给定公理中affiliation的range应该是Organization或Institution，而不是Athlete。",0,1,
sample_0319,range,"For any x and y, if x affiliation y holds, then y is an instance of Athlete.","背景知识：
条目1：
- 名称：affiliation
- 类型：Property
- 简介：affiliation

条目2：
- 名称：Athlete
- 类型：Class
- 简介：athlete",0,llama-3.1-70b,0.0,8192,https://api2.aigcbest.top/v1,"判断结果：错误
解释：根据RDFS语义规则，affiliation属性的range信息未被定义，因此无法推断出y是Athlete的实例。",0,1,
sample_0320,range,Property affiliation can only point to objects of class Athlete.,"背景知识：
条目1：
- 名称：affiliation
- 类型：Property
- 简介：affiliation

条目2：
- 名称：Athlete
- 类型：Class
- 简介：athlete",0,llama-3.1-70b,0.0,8192,https://api2.aigcbest.top/v1,"判断结果：错误
解释：根据RDFS语义规则，range约束表示属性的客体应属于某一类，但背景知识中affiliation属性的range并未明确指定为Athlete类。",0,1,
sample_0321,range,range(album) = Athlete,"背景知识：
条目1：
- 名称：album
- 类型：Property
- 简介：album

条目2：
- 名称：Athlete
- 类型：Class
- 简介：athlete",0,llama-3.1-70b,0.0,8192,https://api2.aigcbest.top/v1,"判断结果：错误
解释：根据RDFS语义规则，range约束表示属性的客体应属于某一类，但album属性的客体不应是Athlete类。",0,1,
sample_0322,range,The range of album is Athlete.,"背景知识：
条目1：
- 名称：album
- 类型：Property
- 简介：album

条目2：
- 名称：Athlete
- 类型：Class
- 简介：athlete",0,llama-3.1-70b,0.0,8192,https://api2.aigcbest.top/v1,"判断结果：错误
解释：根据RDFS语义规则，range约束表示属性的客体应属于某一类，但album属性的客体通常是音乐专辑，而不是Athlete类。",0,1,
sample_0323,range,"If a resource appears as the object of property album, then it should belong to class Athlete.","背景知识：
条目1：
- 名称：album
- 类型：Property
- 简介：album

条目2：
- 名称：Athlete
- 类型：Class
- 简介：athlete",0,llama-3.1-70b,0.0,8192,https://api2.aigcbest.top/v1,"判断结果：错误
解释：根据RDFS语义规则，album属性的range信息未被定义，因此无法推断出album属性的客体应属于Athlete类。",0,1,
sample_0324,range,"For any x and y, if x album y holds, then y is an instance of Athlete.","背景知识：
条目1：
- 名称：album
- 类型：Property
- 简介：album

条目2：
- 名称：Athlete
- 类型：Class
- 简介：athlete",0,llama-3.1-70b,0.0,8192,https://api2.aigcbest.top/v1,"判断结果：错误
解释：根据RDFS语义规则，album属性的range信息未被定义，因此无法推断出y是Athlete的实例。",0,1,
sample_0325,range,Property album can only point to objects of class Athlete.,"背景知识：
条目1：
- 名称：album
- 类型：Property
- 简介：album

条目2：
- 名称：Athlete
- 类型：Class
- 简介：athlete",0,llama-3.1-70b,0.0,8192,https://api2.aigcbest.top/v1,"判断结果：错误
解释：根据RDFS语义规则，album属性的range应该是指其值的类型，而不是指其主体的类型。",0,1,
sample_0326,range,range(alongside) = Department,"背景知识：
条目1：
- 名称：alongside
- 类型：Property
- 简介：alongside

条目2：
- 名称：Department
- 类型：Class
- 简介：department",0,llama-3.1-70b,0.0,8192,https://api2.aigcbest.top/v1,"判断结果：正确
解释：根据RDFS语义规则，range约束表示属性的客体应属于某一类，公理range(alongside) = Department表明属性alongside的客体应属于类Department，与背景知识和语义规则一致。",1,0,
sample_0327,range,The range of alongside is Department.,"背景知识：
条目1：
- 名称：alongside
- 类型：Property
- 简介：alongside

条目2：
- 名称：Department
- 类型：Class
- 简介：department",0,llama-3.1-70b,0.0,8192,https://api2.aigcbest.top/v1,"判断结果：正确
解释：根据RDFS语义规则，range约束表示属性的客体应属于某一类，公理中alongside的range为Department，符合常识知识和背景知识中对alongside和Department的描述。",1,0,
sample_0328,range,"If a resource appears as the object of property alongside, then it should belong to class Department.","背景知识：
条目1：
- 名称：alongside
- 类型：Property
- 简介：alongside

条目2：
- 名称：Department
- 类型：Class
- 简介：department",0,llama-3.1-70b,0.0,8192,https://api2.aigcbest.top/v1,"判断结果：正确
解释：根据RDFS语义规则，range约束表示属性的客体应属于某一类，公理中alongside的range为Department，符合RDFS语义规则。",1,0,
sample_0329,range,"For any x and y, if x alongside y holds, then y is an instance of Department.","背景知识：
条目1：
- 名称：alongside
- 类型：Property
- 简介：alongside

条目2：
- 名称：Department
- 类型：Class
- 简介：department",0,llama-3.1-70b,0.0,8192,https://api2.aigcbest.top/v1,"判断结果：正确
解释：根据RDFS语义规则，alongside属性的range约束为Department类，表示沿着某一部门的属性，其客体应属于Department类。",1,0,
sample_0330,range,Property alongside can only point to objects of class Department.,"背景知识：
条目1：
- 名称：alongside
- 类型：Property
- 简介：alongside

条目2：
- 名称：Department
- 类型：Class
- 简介：department",0,llama-3.1-70b,0.0,8192,https://api2.aigcbest.top/v1,"判断结果：正确
解释：根据RDFS语义规则，range约束表示属性的客体应属于某一类，公理中alongside属性的range被约束为Department类，与背景知识和语义规则一致。",1,0,
sample_0331,range,range(architect) = Place,"背景知识：
条目1：
- 名称：architect
- 类型：Property
- 简介：architect

条目2：
- 名称：Place
- 类型：Class
- 简介：place",0,llama-3.1-70b,0.0,8192,https://api2.aigcbest.top/v1,"判断结果：正确
解释：根据RDFS语义规则，range约束表示属性的客体应属于某一类，公理range(architect) = Place表明属性architect的客体应属于类Place，与背景知识和语义规则一致。",1,0,
sample_0332,range,The range of architect is Place.,"背景知识：
条目1：
- 名称：architect
- 类型：Property
- 简介：architect

条目2：
- 名称：Place
- 类型：Class
- 简介：place",0,llama-3.1-70b,0.0,8192,https://api2.aigcbest.top/v1,"判断结果：正确
解释：根据RDFS语义规则，range约束表示属性的客体应属于某一类，公理中architect的range为Place，符合architect属性的语义定义。",1,0,
sample_0333,range,"If a resource appears as the object of property architect, then it should belong to class Place.","背景知识：
条目1：
- 名称：architect
- 类型：Property
- 简介：architect

条目2：
- 名称：Place
- 类型：Class
- 简介：place",0,llama-3.1-70b,0.0,8192,https://api2.aigcbest.top/v1,"判断结果：正确
解释：根据RDFS语义规则，range约束表示属性的客体应属于某一类，公理中architect属性的客体应属于Place类，与背景知识和语义规则一致。",1,0,
sample_0334,range,"For any x and y, if x architect y holds, then y is an instance of Place.","背景知识：
条目1：
- 名称：architect
- 类型：Property
- 简介：architect

条目2：
- 名称：Place
- 类型：Class
- 简介：place",0,llama-3.1-70b,0.0,8192,https://api2.aigcbest.top/v1,"判断结果：正确
解释：根据RDFS语义规则，architect属性的range约束为Place类，表示architect属性的客体应属于Place类。",1,0,
sample_0335,range,Property architect can only point to objects of class Place.,"背景知识：
条目1：
- 名称：architect
- 类型：Property
- 简介：architect

条目2：
- 名称：Place
- 类型：Class
- 简介：place",0,llama-3.1-70b,0.0,8192,https://api2.aigcbest.top/v1,"判断结果：正确
解释：根据RDFS语义规则，range约束表示属性的客体应属于某一类，公理中architect属性的range被约束为Place类，与背景知识和语义规则一致。",1,0,
sample_0336,range,range(arrondissement) = Organisation,"背景知识：
条目1：
- 名称：arrondissement
- 类型：Property
- 简介：arrondissement

条目2：
- 名称：Organisation
- 类型：Class
- 简介：organisation",0,llama-3.1-70b,0.0,8192,https://api2.aigcbest.top/v1,"判断结果：正确
解释：根据RDFS语义规则，range(arrondissement) = Organisation表示arrondissement属性的客体应属于Organisation类，这与背景知识中arrondissement和Organisation的定义相符。",1,0,
sample_0337,range,The range of arrondissement is Organisation.,"背景知识：
条目1：
- 名称：arrondissement
- 类型：Property
- 简介：arrondissement

条目2：
- 名称：Organisation
- 类型：Class
- 简介：organisation",0,llama-3.1-70b,0.0,8192,https://api2.aigcbest.top/v1,"判断结果：正确
解释：根据RDFS语义规则，range约束表示属性的客体应属于某一类，arrondissement的range为Organisation，表明arrondissement属性的值应为Organisation类的实例，这与背景知识中arrondissement和Organisation的定义相符。",1,0,
sample_0338,range,"If a resource appears as the object of property arrondissement, then it should belong to class Organisation.","背景知识：
条目1：
- 名称：arrondissement
- 类型：Property
- 简介：arrondissement

条目2：
- 名称：Organisation
- 类型：Class
- 简介：organisation",0,llama-3.1-70b,0.0,8192,https://api2.aigcbest.top/v1,"判断结果：正确
解释：根据RDFS语义规则，range约束表示属性的客体应属于某一类，公理中arrondissement属性的客体应属于Organisation类，与背景知识和语义规则一致。",1,0,
sample_0339,range,"For any x and y, if x arrondissement y holds, then y is an instance of Organisation.","背景知识：
条目1：
- 名称：arrondissement
- 类型：Property
- 简介：arrondissement

条目2：
- 名称：Organisation
- 类型：Class
- 简介：organisation",0,llama-3.1-70b,0.0,8192,https://api2.aigcbest.top/v1,"判断结果：正确
解释：根据RDFS语义规则，arrondissement属性的range约束为Organisation类，表示arrondissement属性的客体应属于Organisation类。",1,0,
sample_0340,range,Property arrondissement can only point to objects of class Organisation.,"背景知识：
条目1：
- 名称：arrondissement
- 类型：Property
- 简介：arrondissement

条目2：
- 名称：Organisation
- 类型：Class
- 简介：organisation",0,llama-3.1-70b,0.0,8192,https://api2.aigcbest.top/v1,"判断结果：正确
解释：根据RDFS语义规则，range约束表示属性的客体应属于某一类，arrondissement属性的range为Organisation类，符合RDFS语义规则。",1,0,
sample_0341,range,range(associate) = BroadcastNetwork,"背景知识：
条目1：
- 名称：associate
- 类型：Property
- 简介：associate

条目2：
- 名称：BroadcastNetwork
- 类型：Class
- 简介：A broadcast network is an organization, such as a corporation or other association, that provides live or recorded content, such as movies, newscasts, sports, and public affairs programs for broadcast over a group of radio or television sta...",0,llama-3.1-70b,0.0,8192,https://api2.aigcbest.top/v1,"判断结果：错误
解释：根据RDFS语义规则，range约束表示属性的客体应属于某一类，但背景知识中associate的类型为Property，而BroadcastNetwork为Class，二者类型不符。",0,1,
sample_0342,range,The range of associate is BroadcastNetwork.,"背景知识：
条目1：
- 名称：associate
- 类型：Property
- 简介：associate

条目2：
- 名称：BroadcastNetwork
- 类型：Class
- 简介：A broadcast network is an organization, such as a corporation or other association, that provides live or recorded content, such as movies, newscasts, sports, and public affairs programs for broadcast over a group of radio or television sta...",0,llama-3.1-70b,0.0,8192,https://api2.aigcbest.top/v1,"判断结果：错误
解释：根据RDFS语义规则，range约束表示属性的客体应属于某一类，但背景知识中associate的类型为Property，而BroadcastNetwork为Class，且未提供associate的range信息，因此该公理与背景知识存在冲突。",0,1,
sample_0343,range,"If a resource appears as the object of property associate, then it should belong to class BroadcastNetwork.","背景知识：
条目1：
- 名称：associate
- 类型：Property
- 简介：associate

条目2：
- 名称：BroadcastNetwork
- 类型：Class
- 简介：A broadcast network is an organization, such as a corporation or other association, that provides live or recorded content, such as movies, newscasts, sports, and public affairs programs for broadcast over a group of radio or television sta...",0,llama-3.1-70b,0.0,8192,https://api2.aigcbest.top/v1,"判断结果：正确
解释：根据RDFS语义规则，range约束表示属性的客体应属于某一类，公理中associate属性的客体属于BroadcastNetwork类，符合range约束的语义。",1,0,
sample_0344,range,"For any x and y, if x associate y holds, then y is an instance of BroadcastNetwork.","背景知识：
条目1：
- 名称：associate
- 类型：Property
- 简介：associate

条目2：
- 名称：BroadcastNetwork
- 类型：Class
- 简介：A broadcast network is an organization, such as a corporation or other association, that provides live or recorded content, such as movies, newscasts, sports, and public affairs programs for broadcast over a group of radio or television sta...",0,llama-3.1-70b,0.0,8192,https://api2.aigcbest.top/v1,"判断结果：错误
解释：根据RDFS语义规则，associate属性的range信息未被定义，因此无法推断出y是BroadcastNetwork的实例。",0,1,
sample_0345,range,Property associate can only point to objects of class BroadcastNetwork.,"背景知识：
条目1：
- 名称：associate
- 类型：Property
- 简介：associate

条目2：
- 名称：BroadcastNetwork
- 类型：Class
- 简介：A broadcast network is an organization, such as a corporation or other association, that provides live or recorded content, such as movies, newscasts, sports, and public affairs programs for broadcast over a group of radio or television sta...",0,llama-3.1-70b,0.0,8192,https://api2.aigcbest.top/v1,"判断结果：正确
解释：根据RDFS语义规则，range约束表示属性的客体应属于某一类，公理中指出associate属性的客体应属于BroadcastNetwork类，与背景知识和语义规则一致。",1,0,
sample_0346,range,range(automobilePlatform) = Album,"背景知识：
条目1：
- 名称：automobilePlatform
- 类型：Property
- 简介：automobile platform

条目2：
- 名称：Album
- 类型：Class
- 简介：album",0,llama-3.1-70b,0.0,8192,https://api2.aigcbest.top/v1,"判断结果：错误
解释：根据RDFS语义规则，range约束表示属性的客体应属于某一类，但automobilePlatform的range被定义为Album，与其作为汽车平台的属性类型不符。",0,1,
sample_0347,range,The range of automobilePlatform is Album.,"背景知识：
条目1：
- 名称：automobilePlatform
- 类型：Property
- 简介：automobile platform

条目2：
- 名称：Album
- 类型：Class
- 简介：album",0,llama-3.1-70b,0.0,8192,https://api2.aigcbest.top/v1,"判断结果：正确
解释：根据RDFS语义规则，range约束表示属性的客体应属于某一类，公理中汽车平台的范围是专辑，这意味着汽车平台的值应该是专辑类的实例，这与常识和背景知识相符。",1,0,
sample_0348,range,"If a resource appears as the object of property automobilePlatform, then it should belong to class Album.","背景知识：
条目1：
- 名称：automobilePlatform
- 类型：Property
- 简介：automobile platform

条目2：
- 名称：Album
- 类型：Class
- 简介：album",0,llama-3.1-70b,0.0,8192,https://api2.aigcbest.top/v1,"判断结果：错误
解释：根据RDFS语义规则，range约束用于描述属性的客体应属于某一类，但背景知识中未提供automobilePlatform属性的range信息与Album类的直接关联。",0,1,
sample_0349,range,"For any x and y, if x automobilePlatform y holds, then y is an instance of Album.","背景知识：
条目1：
- 名称：automobilePlatform
- 类型：Property
- 简介：automobile platform

条目2：
- 名称：Album
- 类型：Class
- 简介：album",0,llama-3.1-70b,0.0,8192,https://api2.aigcbest.top/v1,"判断结果：错误
解释：根据RDFS语义规则，automobilePlatform属性的range信息未被定义为Album类，因此无法推断y是Album类的实例。",0,1,
sample_0350,range,Property automobilePlatform can only point to objects of class Album.,"背景知识：
条目1：
- 名称：automobilePlatform
- 类型：Property
- 简介：automobile platform

条目2：
- 名称：Album
- 类型：Class
- 简介：album",0,llama-3.1-70b,0.0,8192,https://api2.aigcbest.top/v1,"判断结果：正确
解释：根据RDFS语义规则，range约束表示属性的客体应属于某一类，公理中指出automobilePlatform属性的客体应属于Album类，与背景知识和语义规则一致。",1,0,
sample_0351,range,range(automobilePlatform) = Automobile,"背景知识：
条目1：
- 名称：automobilePlatform
- 类型：Property
- 简介：automobile platform

条目2：
- 名称：Automobile
- 类型：Class
- 简介：automobile",1,llama-3.1-70b,0.0,8192,https://api2.aigcbest.top/v1,"判断结果：正确
解释：根据RDFS语义规则，range约束表示属性的客体应属于某一类，公理range(automobilePlatform) = Automobile表明automobilePlatform属性的客体应属于Automobile类，这与背景知识中automobilePlatform属性的简介“automobile platform”和Automobile类的简介“automobile”相符。",1,1,
sample_0352,range,The range of automobilePlatform is Automobile.,"背景知识：
条目1：
- 名称：automobilePlatform
- 类型：Property
- 简介：automobile platform

条目2：
- 名称：Automobile
- 类型：Class
- 简介：automobile",1,llama-3.1-70b,0.0,8192,https://api2.aigcbest.top/v1,"判断结果：正确
解释：根据RDFS语义规则，range约束表示属性的客体应属于某一类，公理中汽车平台的范围是汽车，这与背景知识中汽车平台是汽车的属性的描述相符。",1,1,
sample_0353,range,"If a resource appears as the object of property automobilePlatform, then it should belong to class Automobile.","背景知识：
条目1：
- 名称：automobilePlatform
- 类型：Property
- 简介：automobile platform

条目2：
- 名称：Automobile
- 类型：Class
- 简介：automobile",1,llama-3.1-70b,0.0,8192,https://api2.aigcbest.top/v1,"判断结果：正确
解释：根据RDFS语义规则，range约束表示属性的客体应属于某一类，公理中汽车平台（automobilePlatform）属性的客体属于汽车（Automobile）类，符合range约束的语义关系。",1,1,
sample_0354,range,"For any x and y, if x automobilePlatform y holds, then y is an instance of Automobile.","背景知识：
条目1：
- 名称：automobilePlatform
- 类型：Property
- 简介：automobile platform

条目2：
- 名称：Automobile
- 类型：Class
- 简介：automobile",1,llama-3.1-70b,0.0,8192,https://api2.aigcbest.top/v1,"判断结果：正确
解释：根据RDFS语义规则，automobilePlatform属性的range约束为Automobile类，表示automobilePlatform属性的客体应属于Automobile类。",1,1,
sample_0355,range,Property automobilePlatform can only point to objects of class Automobile.,"背景知识：
条目1：
- 名称：automobilePlatform
- 类型：Property
- 简介：automobile platform

条目2：
- 名称：Automobile
- 类型：Class
- 简介：automobile",1,llama-3.1-70b,0.0,8192,https://api2.aigcbest.top/v1,"判断结果：正确
解释：根据RDFS语义规则，range约束表示属性的客体应属于某一类，公理中汽车平台属性（automobilePlatform）指向的客体应属于汽车类（Automobile），与背景知识和语义规则一致。",1,1,
sample_0356,range,range(basedOn) = Band,"背景知识：
条目1：
- 名称：basedOn
- 类型：Property
- 简介：based on

条目2：
- 名称：Band
- 类型：Class
- 简介：Band",0,llama-3.1-70b,0.0,8192,https://api2.aigcbest.top/v1,"判断结果：正确
解释：根据RDFS语义规则，range约束表示属性的客体应属于某一类，公理range(basedOn) = Band表示属性basedOn的客体应属于类Band，与背景知识和语义规则一致。",1,0,
sample_0357,range,The range of basedOn is Band.,"背景知识：
条目1：
- 名称：basedOn
- 类型：Property
- 简介：based on

条目2：
- 名称：Band
- 类型：Class
- 简介：Band",0,llama-3.1-70b,0.0,8192,https://api2.aigcbest.top/v1,"判断结果：正确
解释：根据RDFS语义规则，range约束表示属性的客体应属于某一类，公理中指出basedOn的range是Band，这意味着基于basedOn属性的客体应该是Band类的实例，这与背景知识中Band是类的定义相符。",1,0,
sample_0358,range,"If a resource appears as the object of property basedOn, then it should belong to class Band.","背景知识：
条目1：
- 名称：basedOn
- 类型：Property
- 简介：based on

条目2：
- 名称：Band
- 类型：Class
- 简介：Band",0,llama-3.1-70b,0.0,8192,https://api2.aigcbest.top/v1,"判断结果：正确
解释：根据RDFS语义规则，range约束表示属性的客体应属于某一类，公理中基于basedOn属性的range约束符合该语义规则。",1,0,
sample_0359,range,"For any x and y, if x basedOn y holds, then y is an instance of Band.","背景知识：
条目1：
- 名称：basedOn
- 类型：Property
- 简介：based on

条目2：
- 名称：Band
- 类型：Class
- 简介：Band",0,llama-3.1-70b,0.0,8192,https://api2.aigcbest.top/v1,"判断结果：正确
解释：根据RDFS语义规则，基于背景知识中“basedOn”的定义和Band的类别，推断出基于某物的实体y是Band的实例是合理的。",1,0,
sample_0360,range,Property basedOn can only point to objects of class Band.,"背景知识：
条目1：
- 名称：basedOn
- 类型：Property
- 简介：based on

条目2：
- 名称：Band
- 类型：Class
- 简介：Band",0,llama-3.1-70b,0.0,8192,https://api2.aigcbest.top/v1,"判断结果：正确
解释：根据RDFS语义规则，range约束表示属性的客体应属于某一类，公理中指出basedOn属性的客体应属于Band类，与背景知识和语义规则一致。",1,0,
sample_0361,range,range(beatifiedBy) = Person,"背景知识：
条目1：
- 名称：beatifiedBy
- 类型：Property
- 简介：beatified by

条目2：
- 名称：Person
- 类型：Class
- 简介：person",1,llama-3.1-70b,0.0,8192,https://api2.aigcbest.top/v1,"判断结果：正确
解释：根据RDFS语义规则，range约束表示属性的客体应属于某一类，beatifiedBy的range为Person，表明beatifiedBy的客体是Person，这与常识知识一致。",1,1,
sample_0362,range,The range of beatifiedBy is Person.,"背景知识：
条目1：
- 名称：beatifiedBy
- 类型：Property
- 简介：beatified by

条目2：
- 名称：Person
- 类型：Class
- 简介：person",1,llama-3.1-70b,0.0,8192,https://api2.aigcbest.top/v1,"判断结果：正确
解释：根据RDFS语义规则，range约束表示属性的客体应属于某一类，beatifiedBy的range为Person，意味着beatifiedBy的客体是Person，这与常识知识一致。",1,1,
sample_0363,range,"If a resource appears as the object of property beatifiedBy, then it should belong to class Person.","背景知识：
条目1：
- 名称：beatifiedBy
- 类型：Property
- 简介：beatified by

条目2：
- 名称：Person
- 类型：Class
- 简介：person",1,llama-3.1-70b,0.0,8192,https://api2.aigcbest.top/v1,"判断结果：正确
解释：根据RDFS语义规则，range约束表示属性的客体应属于某一类，公理中beatifiedBy的range为Person，符合RDFS语义规则。",1,1,
sample_0364,range,"For any x and y, if x beatifiedBy y holds, then y is an instance of Person.","背景知识：
条目1：
- 名称：beatifiedBy
- 类型：Property
- 简介：beatified by

条目2：
- 名称：Person
- 类型：Class
- 简介：person",1,llama-3.1-70b,0.0,8192,https://api2.aigcbest.top/v1,"判断结果：正确
解释：根据RDFS语义规则，beatifiedBy属性的range约束为Person类，表示beatifiedBy属性的客体应属于Person类。",1,1,
sample_0365,range,Property beatifiedBy can only point to objects of class Person.,"背景知识：
条目1：
- 名称：beatifiedBy
- 类型：Property
- 简介：beatified by

条目2：
- 名称：Person
- 类型：Class
- 简介：person",1,llama-3.1-70b,0.0,8192,https://api2.aigcbest.top/v1,"判断结果：正确
解释：根据RDFS语义规则，range约束表示属性的客体应属于某一类，公理中beatifiedBy属性的range被约束为Person类，与背景知识中beatifiedBy属性的定义相符。",1,1,
sample_0366,range,range(billed) = Award,"背景知识：
条目1：
- 名称：billed
- 类型：Property
- 简介：billed

条目2：
- 名称：Award
- 类型：Class
- 简介：award",0,llama-3.1-70b,0.0,8192,https://api2.aigcbest.top/v1,"判断结果：正确
解释：根据RDFS语义规则，range约束表示属性的客体应属于某一类，公理range(billed) = Award表明billed属性的客体应属于Award类，这与背景知识中billed和Award的定义相符。",1,0,
sample_0367,range,The range of billed is Award.,"背景知识：
条目1：
- 名称：billed
- 类型：Property
- 简介：billed

条目2：
- 名称：Award
- 类型：Class
- 简介：award",0,llama-3.1-70b,0.0,8192,https://api2.aigcbest.top/v1,"判断结果：正确
解释：根据RDFS语义规则，range约束表示属性的客体应属于某一类，公理中billed的range为Award，符合语义规则且与背景知识一致。",1,0,
sample_0368,range,"If a resource appears as the object of property billed, then it should belong to class Award.","背景知识：
条目1：
- 名称：billed
- 类型：Property
- 简介：billed

条目2：
- 名称：Award
- 类型：Class
- 简介：award",0,llama-3.1-70b,0.0,8192,https://api2.aigcbest.top/v1,"判断结果：正确
解释：根据RDFS语义规则，range约束表示属性的客体应属于某一类，公理中billed属性的客体属于Award类，符合range约束的语义。",1,0,
sample_0369,range,"For any x and y, if x billed y holds, then y is an instance of Award.","背景知识：
条目1：
- 名称：billed
- 类型：Property
- 简介：billed

条目2：
- 名称：Award
- 类型：Class
- 简介：award",0,llama-3.1-70b,0.0,8192,https://api2.aigcbest.top/v1,"判断结果：正确
解释：根据RDFS语义规则，billed属性的range约束为Award类，表示billed属性的客体应属于Award类。",1,0,
sample_0370,range,Property billed can only point to objects of class Award.,"背景知识：
条目1：
- 名称：billed
- 类型：Property
- 简介：billed

条目2：
- 名称：Award
- 类型：Class
- 简介：award",0,llama-3.1-70b,0.0,8192,https://api2.aigcbest.top/v1,"判断结果：正确
解释：根据RDFS语义规则，range约束表示属性的客体应属于某一类，公理中billed属性的range为Award类，与背景知识和语义规则一致。",1,0,
sample_0371,range,range(canonizedBy) = Person,"背景知识：
条目1：
- 名称：canonizedBy
- 类型：Property
- 简介：canonized by

条目2：
- 名称：Person
- 类型：Class
- 简介：person",1,llama-3.1-70b,0.0,8192,https://api2.aigcbest.top/v1,"判断结果：正确
解释：根据RDFS语义规则，range约束表示属性的客体应属于某一类，公理range(canonizedBy) = Person表示canonizedBy属性的客体应属于Person类，与背景知识中canonizedBy属性的类型和Person类的定义相符。",1,1,
sample_0372,range,The range of canonizedBy is Person.,"背景知识：
条目1：
- 名称：canonizedBy
- 类型：Property
- 简介：canonized by

条目2：
- 名称：Person
- 类型：Class
- 简介：person",1,llama-3.1-70b,0.0,8192,https://api2.aigcbest.top/v1,"判断结果：正确
解释：根据RDFS语义规则，range约束表示属性的客体应属于某一类，公理中指出canonizedBy的range是Person，这意味着canonizedBy的客体是Person，这与背景知识中canonizedBy的类型为Property和Person的类型为Class相符。",1,1,
sample_0373,range,"If a resource appears as the object of property canonizedBy, then it should belong to class Person.","背景知识：
条目1：
- 名称：canonizedBy
- 类型：Property
- 简介：canonized by

条目2：
- 名称：Person
- 类型：Class
- 简介：person",1,llama-3.1-70b,0.0,8192,https://api2.aigcbest.top/v1,"判断结果：正确
解释：根据RDFS语义规则，range约束表示属性的客体应属于某一类，公理中canonizedBy的range为Person，符合语义规则。",1,1,
sample_0374,range,"For any x and y, if x canonizedBy y holds, then y is an instance of Person.","背景知识：
条目1：
- 名称：canonizedBy
- 类型：Property
- 简介：canonized by

条目2：
- 名称：Person
- 类型：Class
- 简介：person",1,llama-3.1-70b,0.0,8192,https://api2.aigcbest.top/v1,"判断结果：正确
解释：根据RDFS语义规则，canonizedBy属性的range约束为Person类，表示canonizedBy属性的客体应属于Person类。",1,1,
sample_0375,range,Property canonizedBy can only point to objects of class Person.,"背景知识：
条目1：
- 名称：canonizedBy
- 类型：Property
- 简介：canonized by

条目2：
- 名称：Person
- 类型：Class
- 简介：person",1,llama-3.1-70b,0.0,8192,https://api2.aigcbest.top/v1,"判断结果：正确
解释：根据RDFS语义规则，range约束表示属性的客体应属于某一类，公理中canonizedBy属性的range被限制为Person类，与背景知识中canonizedBy属性的定义相符。",1,1,
sample_0376,range,range(canonizedPlace) = College,"背景知识：
条目1：
- 名称：canonizedPlace
- 类型：Property
- 简介：canonized place

条目2：
- 名称：College
- 类型：Class
- 简介：college",0,llama-3.1-70b,0.0,8192,https://api2.aigcbest.top/v1,"判断结果：正确
解释：根据RDFS语义规则，range约束表示属性的客体应属于某一类，canonizedPlace的range为College，表明canonizedPlace属性的值应为College类的实例，这与背景知识中canonizedPlace的定义相符。",1,0,
sample_0377,range,The range of canonizedPlace is College.,"背景知识：
条目1：
- 名称：canonizedPlace
- 类型：Property
- 简介：canonized place

条目2：
- 名称：College
- 类型：Class
- 简介：college",0,llama-3.1-70b,0.0,8192,https://api2.aigcbest.top/v1,"判断结果：正确
解释：根据RDFS语义规则，range约束表示属性的客体应属于某一类，canonizedPlace的range为College，表明canonizedPlace属性的值应为College类的实例，这与背景知识中canonizedPlace和College的定义相符。",1,0,
sample_0378,range,"If a resource appears as the object of property canonizedPlace, then it should belong to class College.","背景知识：
条目1：
- 名称：canonizedPlace
- 类型：Property
- 简介：canonized place

条目2：
- 名称：College
- 类型：Class
- 简介：college",0,llama-3.1-70b,0.0,8192,https://api2.aigcbest.top/v1,"判断结果：正确
解释：根据RDFS语义规则，range约束表示属性的客体应属于某一类，因此公理中canonizedPlace的range为College是合理的。",1,0,
sample_0379,range,"For any x and y, if x canonizedPlace y holds, then y is an instance of College.","背景知识：
条目1：
- 名称：canonizedPlace
- 类型：Property
- 简介：canonized place

条目2：
- 名称：College
- 类型：Class
- 简介：college",0,llama-3.1-70b,0.0,8192,https://api2.aigcbest.top/v1,"判断结果：正确
解释：根据RDFS语义规则，canonizedPlace属性的range约束为College类，表示canonizedPlace属性的客体应属于College类。",1,0,
sample_0380,range,Property canonizedPlace can only point to objects of class College.,"背景知识：
条目1：
- 名称：canonizedPlace
- 类型：Property
- 简介：canonized place

条目2：
- 名称：College
- 类型：Class
- 简介：college",0,llama-3.1-70b,0.0,8192,https://api2.aigcbest.top/v1,"判断结果：正确
解释：根据RDFS语义规则，range约束表示属性的客体应属于某一类，公理中canonizedPlace属性的range被约束为College类，与背景知识中canonizedPlace属性的定义相符。",1,0,
sample_0381,range,range(canton) = CareerStation,"背景知识：
条目1：
- 名称：canton
- 类型：Property
- 简介：canton

条目2：
- 名称：CareerStation
- 类型：Class
- 简介：this class marks a career step in the life of a person, e.g. a soccer player, holding information on the time span, matches and goals he or she achieved at a certain club",0,llama-3.1-70b,0.0,8192,https://api2.aigcbest.top/v1,"判断结果：正确
解释：根据RDFS语义规则，range(canton) = CareerStation表示属性canton的客体应属于类CareerStation，这与背景知识中canton的定义和CareerStation的描述相符。",1,0,
sample_0382,range,The range of canton is CareerStation.,"背景知识：
条目1：
- 名称：canton
- 类型：Property
- 简介：canton

条目2：
- 名称：CareerStation
- 类型：Class
- 简介：this class marks a career step in the life of a person, e.g. a soccer player, holding information on the time span, matches and goals he or she achieved at a certain club",0,llama-3.1-70b,0.0,8192,https://api2.aigcbest.top/v1,"判断结果：错误
解释：根据背景知识，canton是属性，而CareerStation是类，range约束指的是属性的客体应属于某一类，但canton的客体不应是CareerStation。",0,1,
sample_0383,range,"If a resource appears as the object of property canton, then it should belong to class CareerStation.","背景知识：
条目1：
- 名称：canton
- 类型：Property
- 简介：canton

条目2：
- 名称：CareerStation
- 类型：Class
- 简介：this class marks a career step in the life of a person, e.g. a soccer player, holding information on the time span, matches and goals he or she achieved at a certain club",0,llama-3.1-70b,0.0,8192,https://api2.aigcbest.top/v1,"判断结果：错误
解释：根据RDFS语义规则，range属性用于描述属性的客体应属于某一类，但背景知识中未提供canton属性的range信息，因此无法确定其客体应属于CareerStation类。",0,1,
sample_0384,range,"For any x and y, if x canton y holds, then y is an instance of CareerStation.","背景知识：
条目1：
- 名称：canton
- 类型：Property
- 简介：canton

条目2：
- 名称：CareerStation
- 类型：Class
- 简介：this class marks a career step in the life of a person, e.g. a soccer player, holding information on the time span, matches and goals he or she achieved at a certain club",0,llama-3.1-70b,0.0,8192,https://api2.aigcbest.top/v1,"判断结果：错误
解释：根据背景知识，canton是属性，而CareerStation是类，根据RDFS语义规则，属性不能直接与类建立实例关系。",0,1,
sample_0385,range,Property canton can only point to objects of class CareerStation.,"背景知识：
条目1：
- 名称：canton
- 类型：Property
- 简介：canton

条目2：
- 名称：CareerStation
- 类型：Class
- 简介：this class marks a career step in the life of a person, e.g. a soccer player, holding information on the time span, matches and goals he or she achieved at a certain club",0,llama-3.1-70b,0.0,8192,https://api2.aigcbest.top/v1,"判断结果：正确
解释：根据RDFS语义规则，range约束表示属性的客体应属于某一类，公理中指出canton属性的客体应属于CareerStation类，与背景知识中canton属性的定义相符。",1,0,
sample_0386,range,range(ceremonialCounty) = Department,"背景知识：
条目1：
- 名称：ceremonialCounty
- 类型：Property
- 简介：Ceremonial County

条目2：
- 名称：Department
- 类型：Class
- 简介：department",0,llama-3.1-70b,0.0,8192,https://api2.aigcbest.top/v1,"判断结果：正确
解释：根据RDFS语义规则，range约束表示属性的客体应属于某一类，ceremonialCounty属性的客体属于Department类，符合常识知识和语义规则。",1,0,
sample_0387,range,The range of ceremonialCounty is Department.,"背景知识：
条目1：
- 名称：ceremonialCounty
- 类型：Property
- 简介：Ceremonial County

条目2：
- 名称：Department
- 类型：Class
- 简介：department",0,llama-3.1-70b,0.0,8192,https://api2.aigcbest.top/v1,"判断结果：正确
解释：根据RDFS语义规则，range约束表示属性的客体应属于某一类，ceremonialCounty的range为Department，符合常识知识和背景知识中对Department的定义。",1,0,
sample_0388,range,"If a resource appears as the object of property ceremonialCounty, then it should belong to class Department.","背景知识：
条目1：
- 名称：ceremonialCounty
- 类型：Property
- 简介：Ceremonial County

条目2：
- 名称：Department
- 类型：Class
- 简介：department",0,llama-3.1-70b,0.0,8192,https://api2.aigcbest.top/v1,"判断结果：正确
解释：根据RDFS语义规则，range约束表示属性的客体应属于某一类，公理中ceremonialCounty的range为Department，符合RDFS语义规则。",1,0,
sample_0389,range,"For any x and y, if x ceremonialCounty y holds, then y is an instance of Department.","背景知识：
条目1：
- 名称：ceremonialCounty
- 类型：Property
- 简介：Ceremonial County

条目2：
- 名称：Department
- 类型：Class
- 简介：department",0,llama-3.1-70b,0.0,8192,https://api2.aigcbest.top/v1,"判断结果：正确
解释：根据RDFS语义规则，ceremonialCounty属性的range约束为Department类，表示ceremonialCounty属性的客体应属于Department类。",1,0,
sample_0390,range,Property ceremonialCounty can only point to objects of class Department.,"背景知识：
条目1：
- 名称：ceremonialCounty
- 类型：Property
- 简介：Ceremonial County

条目2：
- 名称：Department
- 类型：Class
- 简介：department",0,llama-3.1-70b,0.0,8192,https://api2.aigcbest.top/v1,"判断结果：正确
解释：根据RDFS语义规则，range约束表示属性的客体应属于某一类，公理中ceremonialCounty属性的range被约束为Department类，与背景知识中ceremonialCounty属性的定义相符。",1,0,
sample_0391,range,range(chairman) = Place,"背景知识：
条目1：
- 名称：chairman
- 类型：Property
- 简介：chairman

条目2：
- 名称：Place
- 类型：Class
- 简介：place",0,llama-3.1-70b,0.0,8192,https://api2.aigcbest.top/v1,"判断结果：正确
解释：根据RDFS语义规则，range约束表示属性的客体应属于某一类，chairman属性的range为Place，表明chairman的值应为Place类的实例，这与常识知识一致。",1,0,
sample_0392,range,The range of chairman is Place.,"背景知识：
条目1：
- 名称：chairman
- 类型：Property
- 简介：chairman

条目2：
- 名称：Place
- 类型：Class
- 简介：place",0,llama-3.1-70b,0.0,8192,https://api2.aigcbest.top/v1,"判断结果：正确
解释：根据RDFS语义规则，range约束表示属性的客体应属于某一类，chairman的range为Place，符合chairman属性的语义定义。",1,0,
sample_0393,range,"If a resource appears as the object of property chairman, then it should belong to class Place.","背景知识：
条目1：
- 名称：chairman
- 类型：Property
- 简介：chairman

条目2：
- 名称：Place
- 类型：Class
- 简介：place",0,llama-3.1-70b,0.0,8192,https://api2.aigcbest.top/v1,"判断结果：正确
解释：根据RDFS语义规则，range约束表示属性的客体应属于某一类，chairman属性的客体属于Place类是合理的。",1,0,
sample_0394,range,"For any x and y, if x chairman y holds, then y is an instance of Place.","背景知识：
条目1：
- 名称：chairman
- 类型：Property
- 简介：chairman

条目2：
- 名称：Place
- 类型：Class
- 简介：place",0,llama-3.1-70b,0.0,8192,https://api2.aigcbest.top/v1,"判断结果：错误
解释：根据RDFS语义规则，chairman属性的range信息未被定义，因此无法推断y是Place的实例。",0,1,
sample_0395,range,Property chairman can only point to objects of class Place.,"背景知识：
条目1：
- 名称：chairman
- 类型：Property
- 简介：chairman

条目2：
- 名称：Place
- 类型：Class
- 简介：place",0,llama-3.1-70b,0.0,8192,https://api2.aigcbest.top/v1,"判断结果：正确
解释：根据RDFS语义规则，range约束表示属性的客体应属于某一类，chairman属性的range为Place类，符合语义规则。",1,0,
sample_0396,range,range(championInDoubleMale) = Athlete,"背景知识：
条目1：
- 名称：championInDoubleMale
- 类型：Property
- 简介：winner of a competition in the male double session (as in tennis)

条目2：
- 名称：Athlete
- 类型：Class
- 简介：athlete",1,llama-3.1-70b,0.0,8192,https://api2.aigcbest.top/v1,"判断结果：正确
解释：根据RDFS语义规则，range约束表示属性的客体应属于某一类，结合背景知识，championInDoubleMale属性的客体是Athlete类的实例，因此该公理合理。",1,1,
sample_0397,range,The range of championInDoubleMale is Athlete.,"背景知识：
条目1：
- 名称：championInDoubleMale
- 类型：Property
- 简介：winner of a competition in the male double session (as in tennis)

条目2：
- 名称：Athlete
- 类型：Class
- 简介：athlete",1,llama-3.1-70b,0.0,8192,https://api2.aigcbest.top/v1,"判断结果：正确
解释：根据RDFS语义规则，range约束表示属性的客体应属于某一类，结合背景知识，championInDoubleMale属性的客体是Athlete类的实例，因此该公理合理。",1,1,
sample_0398,range,"If a resource appears as the object of property championInDoubleMale, then it should belong to class Athlete.","背景知识：
条目1：
- 名称：championInDoubleMale
- 类型：Property
- 简介：winner of a competition in the male double session (as in tennis)

条目2：
- 名称：Athlete
- 类型：Class
- 简介：athlete",1,llama-3.1-70b,0.0,8192,https://api2.aigcbest.top/v1,"判断结果：正确
解释：根据RDFS语义规则，range约束表示属性的客体应属于某一类，公理中championInDoubleMale的range为Athlete，符合语义规则。",1,1,
sample_0399,range,"For any x and y, if x championInDoubleMale y holds, then y is an instance of Athlete.","背景知识：
条目1：
- 名称：championInDoubleMale
- 类型：Property
- 简介：winner of a competition in the male double session (as in tennis)

条目2：
- 名称：Athlete
- 类型：Class
- 简介：athlete",1,llama-3.1-70b,0.0,8192,https://api2.aigcbest.top/v1,"判断结果：正确
解释：根据RDFS语义规则和背景知识，championInDoubleMale属性的范围应为Athlete类，表示该属性的客体应属于Athlete类。",1,1,
sample_0400,range,Property championInDoubleMale can only point to objects of class Athlete.,"背景知识：
条目1：
- 名称：championInDoubleMale
- 类型：Property
- 简介：winner of a competition in the male double session (as in tennis)

条目2：
- 名称：Athlete
- 类型：Class
- 简介：athlete",1,llama-3.1-70b,0.0,8192,https://api2.aigcbest.top/v1,"判断结果：错误
解释：根据RDFS语义规则，range约束表示属性的客体应属于某一类，但给定公理中championInDoubleMale属性的range约束应该是指winner，而不是Athlete。",0,0,
sample_0401,range,range(channel) = CareerStation,"背景知识：
条目1：
- 名称：channel
- 类型：Property
- 简介：channel

条目2：
- 名称：CareerStation
- 类型：Class
- 简介：this class marks a career step in the life of a person, e.g. a soccer player, holding information on the time span, matches and goals he or she achieved at a certain club",0,llama-3.1-70b,0.0,8192,https://api2.aigcbest.top/v1,"判断结果：正确
解释：根据RDFS语义规则，range约束表示属性的客体应属于某一类，channel属性的range为CareerStation，表明channel属性的值应为CareerStation类的实例，这与背景知识中channel属性的定义相符。",1,0,
sample_0402,range,The range of channel is CareerStation.,"背景知识：
条目1：
- 名称：channel
- 类型：Property
- 简介：channel

条目2：
- 名称：CareerStation
- 类型：Class
- 简介：this class marks a career step in the life of a person, e.g. a soccer player, holding information on the time span, matches and goals he or she achieved at a certain club",0,llama-3.1-70b,0.0,8192,https://api2.aigcbest.top/v1,"判断结果：错误
解释：根据RDFS语义规则，range约束表示属性的客体应属于某一类，但channel属性的range被定义为CareerStation类，这与channel属性的类型和简介不符。",0,1,
sample_0403,range,"If a resource appears as the object of property channel, then it should belong to class CareerStation.","背景知识：
条目1：
- 名称：channel
- 类型：Property
- 简介：channel

条目2：
- 名称：CareerStation
- 类型：Class
- 简介：this class marks a career step in the life of a person, e.g. a soccer player, holding information on the time span, matches and goals he or she achieved at a certain club",0,llama-3.1-70b,0.0,8192,https://api2.aigcbest.top/v1,"判断结果：正确
解释：根据RDFS语义规则，range约束表示属性的客体应属于某一类，公理中channel属性的客体应属于CareerStation类，与背景知识和语义规则一致。",1,0,
sample_0404,range,"For any x and y, if x channel y holds, then y is an instance of CareerStation.","背景知识：
条目1：
- 名称：channel
- 类型：Property
- 简介：channel

条目2：
- 名称：CareerStation
- 类型：Class
- 简介：this class marks a career step in the life of a person, e.g. a soccer player, holding information on the time span, matches and goals he or she achieved at a certain club",0,llama-3.1-70b,0.0,8192,https://api2.aigcbest.top/v1,"判断结果：正确
解释：根据RDFS语义规则，channel属性的range约束为CareerStation类，表示channel属性的客体应属于CareerStation类。",1,0,
sample_0405,range,Property channel can only point to objects of class CareerStation.,"背景知识：
条目1：
- 名称：channel
- 类型：Property
- 简介：channel

条目2：
- 名称：CareerStation
- 类型：Class
- 简介：this class marks a career step in the life of a person, e.g. a soccer player, holding information on the time span, matches and goals he or she achieved at a certain club",0,llama-3.1-70b,0.0,8192,https://api2.aigcbest.top/v1,"判断结果：正确
解释：根据RDFS语义规则，range约束表示属性的客体应属于某一类，公理中channel属性的range被约束为CareerStation类，与背景知识中channel属性的定义相符。",1,0,
sample_0406,range,range(child) = Award,"背景知识：
条目1：
- 名称：child
- 类型：Property
- 简介：child

条目2：
- 名称：Award
- 类型：Class
- 简介：award",0,llama-3.1-70b,0.0,8192,https://api2.aigcbest.top/v1,"判断结果：错误
解释：根据RDFS语义规则，range约束表示属性的客体应属于某一类，但child属性的客体不应是Award类。",0,1,
sample_0407,range,The range of child is Award.,"背景知识：
条目1：
- 名称：child
- 类型：Property
- 简介：child

条目2：
- 名称：Award
- 类型：Class
- 简介：award",0,llama-3.1-70b,0.0,8192,https://api2.aigcbest.top/v1,"判断结果：错误
解释：根据RDFS语义规则，range约束表示属性的客体应属于某一类，但child属性的客体通常是人，而不是奖项。",0,1,
sample_0408,range,"If a resource appears as the object of property child, then it should belong to class Award.","背景知识：
条目1：
- 名称：child
- 类型：Property
- 简介：child

条目2：
- 名称：Award
- 类型：Class
- 简介：award",0,llama-3.1-70b,0.0,8192,https://api2.aigcbest.top/v1,"判断结果：正确
解释：根据RDFS语义规则，range约束表示属性的客体应属于某一类，公理中child属性的客体属于Award类，符合range约束的语义。",1,0,
sample_0409,range,"For any x and y, if x child y holds, then y is an instance of Award.","背景知识：
条目1：
- 名称：child
- 类型：Property
- 简介：child

条目2：
- 名称：Award
- 类型：Class
- 简介：award",0,llama-3.1-70b,0.0,8192,https://api2.aigcbest.top/v1,"判断结果：错误
解释：根据背景知识，child属性的主体和客体的类型信息未被明确指定，无法推断出y是Award的实例。",0,1,
sample_0410,range,Property child can only point to objects of class Award.,"背景知识：
条目1：
- 名称：child
- 类型：Property
- 简介：child

条目2：
- 名称：Award
- 类型：Class
- 简介：award",0,llama-3.1-70b,0.0,8192,https://api2.aigcbest.top/v1,"判断结果：正确
解释：根据RDFS语义规则，range约束表示属性的客体应属于某一类，child属性的range为Award类，符合RDFS语义规则。",1,0,
sample_0411,range,range(coach) = Infrastructure,"背景知识：
条目1：
- 名称：coach
- 类型：Property
- 简介：coach

条目2：
- 名称：Infrastructure
- 类型：Class
- 简介：infrastructure",0,llama-3.1-70b,0.0,8192,https://api2.aigcbest.top/v1,"判断结果：正确
解释：根据RDFS语义规则，range约束表示属性的客体应属于某一类，coach属性的range为Infrastructure，表明coach属性的客体是infrastructure类的实例，这与背景知识中coach和Infrastructure的定义相符。",1,0,
sample_0412,range,The range of coach is Infrastructure.,"背景知识：
条目1：
- 名称：coach
- 类型：Property
- 简介：coach

条目2：
- 名称：Infrastructure
- 类型：Class
- 简介：infrastructure",0,llama-3.1-70b,0.0,8192,https://api2.aigcbest.top/v1,"判断结果：正确
解释：根据RDFS语义规则，range约束表示属性的客体应属于某一类，coach属性的range为Infrastructure，符合常识知识和背景知识中对coach和Infrastructure的描述。",1,0,
sample_0413,range,"If a resource appears as the object of property coach, then it should belong to class Infrastructure.","背景知识：
条目1：
- 名称：coach
- 类型：Property
- 简介：coach

条目2：
- 名称：Infrastructure
- 类型：Class
- 简介：infrastructure",0,llama-3.1-70b,0.0,8192,https://api2.aigcbest.top/v1,"判断结果：正确
解释：根据RDFS语义规则，range约束表示属性的客体应属于某一类，公理中coach属性的客体应属于Infrastructure类，与背景知识和语义规则一致。",1,0,
sample_0414,range,"For any x and y, if x coach y holds, then y is an instance of Infrastructure.","背景知识：
条目1：
- 名称：coach
- 类型：Property
- 简介：coach

条目2：
- 名称：Infrastructure
- 类型：Class
- 简介：infrastructure",0,llama-3.1-70b,0.0,8192,https://api2.aigcbest.top/v1,"判断结果：正确
解释：根据RDFS语义规则，coach属性的range约束为Infrastructure类，表示coach属性的客体应属于Infrastructure类。",1,0,
sample_0415,range,Property coach can only point to objects of class Infrastructure.,"背景知识：
条目1：
- 名称：coach
- 类型：Property
- 简介：coach

条目2：
- 名称：Infrastructure
- 类型：Class
- 简介：infrastructure",0,llama-3.1-70b,0.0,8192,https://api2.aigcbest.top/v1,"判断结果：正确
解释：根据RDFS语义规则，range约束表示属性的客体应属于某一类，公理中coach属性的range被约束为Infrastructure类，与背景知识和语义规则一致。",1,0,
sample_0416,range,range(college) = Infrastructure,"背景知识：
条目1：
- 名称：college
- 类型：Property
- 简介：college

条目2：
- 名称：Infrastructure
- 类型：Class
- 简介：infrastructure",0,llama-3.1-70b,0.0,8192,https://api2.aigcbest.top/v1,"判断结果：正确
解释：根据RDFS语义规则，range约束表示属性的客体应属于某一类，公理range(college) = Infrastructure表明属性college的客体应属于类Infrastructure，与背景知识和语义规则一致。",1,0,
sample_0417,range,The range of college is Infrastructure.,"背景知识：
条目1：
- 名称：college
- 类型：Property
- 简介：college

条目2：
- 名称：Infrastructure
- 类型：Class
- 简介：infrastructure",0,llama-3.1-70b,0.0,8192,https://api2.aigcbest.top/v1,"判断结果：正确
解释：根据RDFS语义规则，range约束表示属性的客体应属于某一类，公理中college的range为Infrastructure，符合常识知识和背景知识中college与infrastructure的关联关系。",1,0,
sample_0418,range,"If a resource appears as the object of property college, then it should belong to class Infrastructure.","背景知识：
条目1：
- 名称：college
- 类型：Property
- 简介：college

条目2：
- 名称：Infrastructure
- 类型：Class
- 简介：infrastructure",0,llama-3.1-70b,0.0,8192,https://api2.aigcbest.top/v1,"判断结果：正确
解释：根据RDFS语义规则，range约束表示属性的客体应属于某一类，公理中college属性的客体应属于Infrastructure类，与背景知识和语义规则一致。",1,0,
sample_0419,range,"For any x and y, if x college y holds, then y is an instance of Infrastructure.","背景知识：
条目1：
- 名称：college
- 类型：Property
- 简介：college

条目2：
- 名称：Infrastructure
- 类型：Class
- 简介：infrastructure",0,llama-3.1-70b,0.0,8192,https://api2.aigcbest.top/v1,"判断结果：正确
解释：根据RDFS语义规则，college属性的range约束为Infrastructure类，表示college属性的客体应属于Infrastructure类。",1,0,
sample_0420,range,Property college can only point to objects of class Infrastructure.,"背景知识：
条目1：
- 名称：college
- 类型：Property
- 简介：college

条目2：
- 名称：Infrastructure
- 类型：Class
- 简介：infrastructure",0,llama-3.1-70b,0.0,8192,https://api2.aigcbest.top/v1,"判断结果：正确
解释：根据RDFS语义规则，range约束表示属性的客体应属于某一类，公理中college属性的range被约束为Infrastructure类，与背景知识和语义规则一致。",1,0,
sample_0421,range,range(commandStructure) = MilitaryUnit,"背景知识：
条目1：
- 名称：commandStructure
- 类型：Property
- 简介：command structure

条目2：
- 名称：MilitaryUnit
- 类型：Class
- 简介：military unit",1,llama-3.1-70b,0.0,8192,https://api2.aigcbest.top/v1,"判断结果：正确
解释：根据RDFS语义规则，range约束表示属性的客体应属于某一类，commandStructure的range为MilitaryUnit，表明commandStructure属性的值应为MilitaryUnit类的实例，这与背景知识中commandStructure的简介“command structure”和MilitaryUnit的简介“military unit”相符。",1,1,
sample_0422,range,The range of commandStructure is MilitaryUnit.,"背景知识：
条目1：
- 名称：commandStructure
- 类型：Property
- 简介：command structure

条目2：
- 名称：MilitaryUnit
- 类型：Class
- 简介：military unit",1,llama-3.1-70b,0.0,8192,https://api2.aigcbest.top/v1,"判断结果：正确
解释：根据RDFS语义规则，range约束表示属性的客体应属于某一类，commandStructure的range为MilitaryUnit，符合常识知识和背景知识中对commandStructure和MilitaryUnit的描述。",1,1,
sample_0423,range,"If a resource appears as the object of property commandStructure, then it should belong to class MilitaryUnit.","背景知识：
条目1：
- 名称：commandStructure
- 类型：Property
- 简介：command structure

条目2：
- 名称：MilitaryUnit
- 类型：Class
- 简介：military unit",1,llama-3.1-70b,0.0,8192,https://api2.aigcbest.top/v1,"判断结果：正确
解释：根据RDFS语义规则，range约束表示属性的客体应属于某一类，公理中commandStructure的range为MilitaryUnit，符合RDFS语义规则。",1,1,
sample_0424,range,"For any x and y, if x commandStructure y holds, then y is an instance of MilitaryUnit.","背景知识：
条目1：
- 名称：commandStructure
- 类型：Property
- 简介：command structure

条目2：
- 名称：MilitaryUnit
- 类型：Class
- 简介：military unit",1,llama-3.1-70b,0.0,8192,https://api2.aigcbest.top/v1,"判断结果：正确
解释：根据RDFS语义规则，commandStructure属性的range约束为MilitaryUnit类，表示commandStructure属性的客体应属于MilitaryUnit类。",1,1,
sample_0425,range,Property commandStructure can only point to objects of class MilitaryUnit.,"背景知识：
条目1：
- 名称：commandStructure
- 类型：Property
- 简介：command structure

条目2：
- 名称：MilitaryUnit
- 类型：Class
- 简介：military unit",1,llama-3.1-70b,0.0,8192,https://api2.aigcbest.top/v1,"判断结果：正确
解释：根据RDFS语义规则，range约束表示属性的客体应属于某一类，公理中commandStructure属性的range被约束为MilitaryUnit类，与背景知识和语义规则一致。",1,1,
sample_0426,range,range(commandStructure) = Rocket,"背景知识：
条目1：
- 名称：commandStructure
- 类型：Property
- 简介：command structure

条目2：
- 名称：Rocket
- 类型：Class
- 简介：rocket",0,llama-3.1-70b,0.0,8192,https://api2.aigcbest.top/v1,"判断结果：正确
解释：根据RDFS语义规则，range约束表示属性的客体应属于某一类，commandStructure的range为Rocket，表明commandStructure属性的值应为Rocket类的实例，这与背景知识中commandStructure为属性、Rocket为类的定义相符。",1,0,
sample_0427,range,The range of commandStructure is Rocket.,"背景知识：
条目1：
- 名称：commandStructure
- 类型：Property
- 简介：command structure

条目2：
- 名称：Rocket
- 类型：Class
- 简介：rocket",0,llama-3.1-70b,0.0,8192,https://api2.aigcbest.top/v1,"判断结果：正确
解释：根据RDFS语义规则，range约束表示属性的客体应属于某一类，commandStructure的range为Rocket，表明commandStructure属性的值应为Rocket类的实例，这与背景知识中commandStructure为属性、Rocket为类的定义相符。",1,0,
sample_0428,range,"If a resource appears as the object of property commandStructure, then it should belong to class Rocket.","背景知识：
条目1：
- 名称：commandStructure
- 类型：Property
- 简介：command structure

条目2：
- 名称：Rocket
- 类型：Class
- 简介：rocket",0,llama-3.1-70b,0.0,8192,https://api2.aigcbest.top/v1,"判断结果：正确
解释：根据RDFS语义规则，range约束表示属性的客体应属于某一类，公理中commandStructure的range为Rocket，符合RDFS语义规则。",1,0,
sample_0429,range,"For any x and y, if x commandStructure y holds, then y is an instance of Rocket.","背景知识：
条目1：
- 名称：commandStructure
- 类型：Property
- 简介：command structure

条目2：
- 名称：Rocket
- 类型：Class
- 简介：rocket",0,llama-3.1-70b,0.0,8192,https://api2.aigcbest.top/v1,"判断结果：正确
解释：根据RDFS语义规则，commandStructure属性的range约束为Rocket类，表示commandStructure属性的客体应属于Rocket类。",1,0,
sample_0430,range,Property commandStructure can only point to objects of class Rocket.,"背景知识：
条目1：
- 名称：commandStructure
- 类型：Property
- 简介：command structure

条目2：
- 名称：Rocket
- 类型：Class
- 简介：rocket",0,llama-3.1-70b,0.0,8192,https://api2.aigcbest.top/v1,"判断结果：正确
解释：根据RDFS语义规则，range约束表示属性的客体应属于某一类，公理中commandStructure属性的range被约束为Rocket类，与背景知识和语义规则一致。",1,0,
sample_0431,range,range(company) = BroadcastNetwork,"背景知识：
条目1：
- 名称：company
- 类型：Property
- 简介：company

条目2：
- 名称：BroadcastNetwork
- 类型：Class
- 简介：A broadcast network is an organization, such as a corporation or other association, that provides live or recorded content, such as movies, newscasts, sports, and public affairs programs for broadcast over a group of radio or television sta...",0,llama-3.1-70b,0.0,8192,https://api2.aigcbest.top/v1,"判断结果：错误
解释：根据RDFS语义规则，range约束表示属性的客体应属于某一类，但company属性的range被定义为BroadcastNetwork类，这与常识知识不符，因为公司通常不是广播网络。",0,1,
sample_0432,range,The range of company is BroadcastNetwork.,"背景知识：
条目1：
- 名称：company
- 类型：Property
- 简介：company

条目2：
- 名称：BroadcastNetwork
- 类型：Class
- 简介：A broadcast network is an organization, such as a corporation or other association, that provides live or recorded content, such as movies, newscasts, sports, and public affairs programs for broadcast over a group of radio or television sta...",0,llama-3.1-70b,0.0,8192,https://api2.aigcbest.top/v1,"判断结果：错误
解释：根据RDFS语义规则，range约束表示属性的客体应属于某一类，但company属性的range被定义为BroadcastNetwork，这与常识知识不符，因为公司通常不是广播网络。",0,1,
sample_0433,range,"If a resource appears as the object of property company, then it should belong to class BroadcastNetwork.","背景知识：
条目1：
- 名称：company
- 类型：Property
- 简介：company

条目2：
- 名称：BroadcastNetwork
- 类型：Class
- 简介：A broadcast network is an organization, such as a corporation or other association, that provides live or recorded content, such as movies, newscasts, sports, and public affairs programs for broadcast over a group of radio or television sta...",0,llama-3.1-70b,0.0,8192,https://api2.aigcbest.top/v1,"判断结果：错误
解释：根据RDFS语义规则，range约束表示属性的客体应属于某一类，但背景知识中company属性的range并未明确指定为BroadcastNetwork类。",0,1,
sample_0434,range,"For any x and y, if x company y holds, then y is an instance of BroadcastNetwork.","背景知识：
条目1：
- 名称：company
- 类型：Property
- 简介：company

条目2：
- 名称：BroadcastNetwork
- 类型：Class
- 简介：A broadcast network is an organization, such as a corporation or other association, that provides live or recorded content, such as movies, newscasts, sports, and public affairs programs for broadcast over a group of radio or television sta...",0,llama-3.1-70b,0.0,8192,https://api2.aigcbest.top/v1,"判断结果：错误
解释：根据背景知识，company属性的主体和客体类型未明确指定，无法推断出y是BroadcastNetwork的实例。",0,1,
sample_0435,range,Property company can only point to objects of class BroadcastNetwork.,"背景知识：
条目1：
- 名称：company
- 类型：Property
- 简介：company

条目2：
- 名称：BroadcastNetwork
- 类型：Class
- 简介：A broadcast network is an organization, such as a corporation or other association, that provides live or recorded content, such as movies, newscasts, sports, and public affairs programs for broadcast over a group of radio or television sta...",0,llama-3.1-70b,0.0,8192,https://api2.aigcbest.top/v1,"判断结果：正确
解释：根据RDFS语义规则，range约束表示属性的客体应属于某一类，公理中company属性的range被约束为BroadcastNetwork类，与背景知识中company属性的定义相符。",1,0,
sample_0436,range,range(constituencyDistrict) = PopulatedPlace,"背景知识：
条目1：
- 名称：constituencyDistrict
- 类型：Property
- 简介：constituency district

条目2：
- 名称：PopulatedPlace
- 类型：Class
- 简介：As defined by the United States Geological Survey, a populated place is a place or area with clustered or scattered buildings and a permanent human population (city, settlement, town, or village) referenced with geographic coordinates (http...",1,llama-3.1-70b,0.0,8192,https://api2.aigcbest.top/v1,"判断结果：正确
解释：根据RDFS语义规则，range约束表示属性的客体应属于某一类，公理range(constituencyDistrict) = PopulatedPlace表明constituencyDistrict属性的客体应属于PopulatedPlace类，这与背景知识中PopulatedPlace类的定义相符。",1,1,
sample_0437,range,The range of constituencyDistrict is PopulatedPlace.,"背景知识：
条目1：
- 名称：constituencyDistrict
- 类型：Property
- 简介：constituency district

条目2：
- 名称：PopulatedPlace
- 类型：Class
- 简介：As defined by the United States Geological Survey, a populated place is a place or area with clustered or scattered buildings and a permanent human population (city, settlement, town, or village) referenced with geographic coordinates (http...",1,llama-3.1-70b,0.0,8192,https://api2.aigcbest.top/v1,"判断结果：正确
解释：根据RDFS语义规则，range约束表示属性的客体应属于某一类，公理中表示constituencyDistrict的客体应属于PopulatedPlace，与背景知识中PopulatedPlace的定义相符。",1,1,
sample_0438,range,"If a resource appears as the object of property constituencyDistrict, then it should belong to class PopulatedPlace.","背景知识：
条目1：
- 名称：constituencyDistrict
- 类型：Property
- 简介：constituency district

条目2：
- 名称：PopulatedPlace
- 类型：Class
- 简介：As defined by the United States Geological Survey, a populated place is a place or area with clustered or scattered buildings and a permanent human population (city, settlement, town, or village) referenced with geographic coordinates (http...",1,llama-3.1-70b,0.0,8192,https://api2.aigcbest.top/v1,"判断结果：正确
解释：根据RDFS语义规则，range约束表示属性的客体应属于某一类，因此公理中对constituencyDistrict属性的range约束为PopulatedPlace是合理的。",1,1,
sample_0439,range,"For any x and y, if x constituencyDistrict y holds, then y is an instance of PopulatedPlace.","背景知识：
条目1：
- 名称：constituencyDistrict
- 类型：Property
- 简介：constituency district

条目2：
- 名称：PopulatedPlace
- 类型：Class
- 简介：As defined by the United States Geological Survey, a populated place is a place or area with clustered or scattered buildings and a permanent human population (city, settlement, town, or village) referenced with geographic coordinates (http...",1,llama-3.1-70b,0.0,8192,https://api2.aigcbest.top/v1,"判断结果：正确
解释：根据RDFS语义规则，constituencyDistrict属性的range约束为PopulatedPlace类，表示该属性的客体应属于PopulatedPlace类。",1,1,
sample_0440,range,Property constituencyDistrict can only point to objects of class PopulatedPlace.,"背景知识：
条目1：
- 名称：constituencyDistrict
- 类型：Property
- 简介：constituency district

条目2：
- 名称：PopulatedPlace
- 类型：Class
- 简介：As defined by the United States Geological Survey, a populated place is a place or area with clustered or scattered buildings and a permanent human population (city, settlement, town, or village) referenced with geographic coordinates (http...",1,llama-3.1-70b,0.0,8192,https://api2.aigcbest.top/v1,"判断结果：正确
解释：根据RDFS语义规则，range约束表示属性的客体应属于某一类，公理中指出constituencyDistrict属性的客体应属于PopulatedPlace类，与背景知识和语义规则一致。",1,1,
sample_0441,range,range(countryWithFirstSatellite) = Country,"背景知识：
条目1：
- 名称：countryWithFirstSatellite
- 类型：Property
- 简介：country with first satellite

条目2：
- 名称：Country
- 类型：Class
- 简介：country",1,llama-3.1-70b,0.0,8192,https://api2.aigcbest.top/v1,"判断结果：正确
解释：根据RDFS语义规则，range约束表示属性的客体应属于某一类，countryWithFirstSatellite属性的客体应属于Country类，与背景知识一致。",1,1,
sample_0442,range,The range of countryWithFirstSatellite is Country.,"背景知识：
条目1：
- 名称：countryWithFirstSatellite
- 类型：Property
- 简介：country with first satellite

条目2：
- 名称：Country
- 类型：Class
- 简介：country",1,llama-3.1-70b,0.0,8192,https://api2.aigcbest.top/v1,"判断结果：正确
解释：根据RDFS语义规则，range约束表示属性的客体应属于某一类，countryWithFirstSatellite的range为Country，符合常识知识和背景知识。",1,1,
sample_0443,range,"If a resource appears as the object of property countryWithFirstSatellite, then it should belong to class Country.","背景知识：
条目1：
- 名称：countryWithFirstSatellite
- 类型：Property
- 简介：country with first satellite

条目2：
- 名称：Country
- 类型：Class
- 简介：country",1,llama-3.1-70b,0.0,8192,https://api2.aigcbest.top/v1,"判断结果：正确
解释：根据RDFS语义规则，range约束表示属性的客体应属于某一类，公理中countryWithFirstSatellite的range为Country，符合语义规则。",1,1,
sample_0444,range,"For any x and y, if x countryWithFirstSatellite y holds, then y is an instance of Country.","背景知识：
条目1：
- 名称：countryWithFirstSatellite
- 类型：Property
- 简介：country with first satellite

条目2：
- 名称：Country
- 类型：Class
- 简介：country",1,llama-3.1-70b,0.0,8192,https://api2.aigcbest.top/v1,"判断结果：正确
解释：根据RDFS语义规则，属性countryWithFirstSatellite的range约束为Country，表示该属性的客体应属于Country类。",1,1,
sample_0445,range,Property countryWithFirstSatellite can only point to objects of class Country.,"背景知识：
条目1：
- 名称：countryWithFirstSatellite
- 类型：Property
- 简介：country with first satellite

条目2：
- 名称：Country
- 类型：Class
- 简介：country",1,llama-3.1-70b,0.0,8192,https://api2.aigcbest.top/v1,"判断结果：正确
解释：根据RDFS语义规则，range约束表示属性的客体应属于某一类，公理中countryWithFirstSatellite属性的range被约束为Country类，与背景知识中countryWithFirstSatellite属性的定义相符。",1,1,
sample_0446,range,range(creatorOfDish) = Person,"背景知识：
条目1：
- 名称：creatorOfDish
- 类型：Property
- 简介：The person that creates (invents) the food (eg. Caesar Cardini is the creator of the Caesar salad).

条目2：
- 名称：Person
- 类型：Class
- 简介：person",1,llama-3.1-70b,0.0,8192,https://api2.aigcbest.top/v1,"判断结果：正确
解释：根据RDFS语义规则，range约束表示属性的客体应属于某一类，creatorOfDish的range为Person，符合背景知识中creatorOfDish的定义，即创建菜肴的人是Person。",1,1,
sample_0447,range,The range of creatorOfDish is Person.,"背景知识：
条目1：
- 名称：creatorOfDish
- 类型：Property
- 简介：The person that creates (invents) the food (eg. Caesar Cardini is the creator of the Caesar salad).

条目2：
- 名称：Person
- 类型：Class
- 简介：person",1,llama-3.1-70b,0.0,8192,https://api2.aigcbest.top/v1,"判断结果：正确
解释：根据RDFS语义规则，range约束表示属性的客体应属于某一类，creatorOfDish的range为Person，符合背景知识中creatorOfDish的定义。",1,1,
sample_0448,range,"If a resource appears as the object of property creatorOfDish, then it should belong to class Person.","背景知识：
条目1：
- 名称：creatorOfDish
- 类型：Property
- 简介：The person that creates (invents) the food (eg. Caesar Cardini is the creator of the Caesar salad).

条目2：
- 名称：Person
- 类型：Class
- 简介：person",1,llama-3.1-70b,0.0,8192,https://api2.aigcbest.top/v1,"判断结果：正确
解释：根据RDFS语义规则，range约束表示属性的客体应属于某一类，creatorOfDish的range为Person，符合背景知识中creatorOfDish的定义。",1,1,
sample_0449,range,"For any x and y, if x creatorOfDish y holds, then y is an instance of Person.","背景知识：
条目1：
- 名称：creatorOfDish
- 类型：Property
- 简介：The person that creates (invents) the food (eg. Caesar Cardini is the creator of the Caesar salad).

条目2：
- 名称：Person
- 类型：Class
- 简介：person",1,llama-3.1-70b,0.0,8192,https://api2.aigcbest.top/v1,"判断结果：错误
解释：根据背景知识，creatorOfDish属性表示的是人与菜肴之间的关系，而不是菜肴与人的关系，因此公理中y是Person的实例与背景知识不符。",0,0,
sample_0450,range,Property creatorOfDish can only point to objects of class Person.,"背景知识：
条目1：
- 名称：creatorOfDish
- 类型：Property
- 简介：The person that creates (invents) the food (eg. Caesar Cardini is the creator of the Caesar salad).

条目2：
- 名称：Person
- 类型：Class
- 简介：person",1,llama-3.1-70b,0.0,8192,https://api2.aigcbest.top/v1,"判断结果：正确
解释：根据RDFS语义规则，range约束表示属性的客体应属于某一类，creatorOfDish属性的range为Person类，与背景知识中creatorOfDish属性的描述相符。",1,1,
sample_0451,range,range(cultivatedVariety) = CultivatedVariety,"背景知识：
条目1：
- 名称：cultivatedVariety
- 类型：Property
- 简介：Name of the cultivar (cultivated variety)

条目2：
- 名称：CultivatedVariety
- 类型：Class
- 简介：A cultivar is a plant or grouping of plants selected for desirable characteristics that can be maintained by propagation. A plant whose origin or selection is primarily due to intentional human activity.",1,llama-3.1-70b,0.0,8192,https://api2.aigcbest.top/v1,"判断结果：错误
解释：根据RDFS语义规则，range约束表示属性的客体应属于某一类，但cultivatedVariety属性的range被定义为CultivatedVariety类，这与其类型为Property的事实不符。",0,0,
sample_0452,range,The range of cultivatedVariety is CultivatedVariety.,"背景知识：
条目1：
- 名称：cultivatedVariety
- 类型：Property
- 简介：Name of the cultivar (cultivated variety)

条目2：
- 名称：CultivatedVariety
- 类型：Class
- 简介：A cultivar is a plant or grouping of plants selected for desirable characteristics that can be maintained by propagation. A plant whose origin or selection is primarily due to intentional human activity.",1,llama-3.1-70b,0.0,8192,https://api2.aigcbest.top/v1,"判断结果：正确
解释：根据RDFS语义规则，range约束表示属性的客体应属于某一类，cultivatedVariety属性的客体是CultivatedVariety类的实例，符合语义规则。",1,1,
sample_0453,range,"If a resource appears as the object of property cultivatedVariety, then it should belong to class CultivatedVariety.","背景知识：
条目1：
- 名称：cultivatedVariety
- 类型：Property
- 简介：Name of the cultivar (cultivated variety)

条目2：
- 名称：CultivatedVariety
- 类型：Class
- 简介：A cultivar is a plant or grouping of plants selected for desirable characteristics that can be maintained by propagation. A plant whose origin or selection is primarily due to intentional human activity.",1,llama-3.1-70b,0.0,8192,https://api2.aigcbest.top/v1,"判断结果：正确
解释：根据RDFS语义规则，range约束表示属性的客体应属于某一类，公理中cultivatedVariety属性的客体应属于CultivatedVariety类，与背景知识和语义规则一致。",1,1,
sample_0454,range,"For any x and y, if x cultivatedVariety y holds, then y is an instance of CultivatedVariety.","背景知识：
条目1：
- 名称：cultivatedVariety
- 类型：Property
- 简介：Name of the cultivar (cultivated variety)

条目2：
- 名称：CultivatedVariety
- 类型：Class
- 简介：A cultivar is a plant or grouping of plants selected for desirable characteristics that can be maintained by propagation. A plant whose origin or selection is primarily due to intentional human activity.",1,llama-3.1-70b,0.0,8192,https://api2.aigcbest.top/v1,"判断结果：正确
解释：根据RDFS语义规则和背景知识，cultivatedVariety属性的值应为CultivatedVariety类的实例。",1,1,
sample_0455,range,Property cultivatedVariety can only point to objects of class CultivatedVariety.,"背景知识：
条目1：
- 名称：cultivatedVariety
- 类型：Property
- 简介：Name of the cultivar (cultivated variety)

条目2：
- 名称：CultivatedVariety
- 类型：Class
- 简介：A cultivar is a plant or grouping of plants selected for desirable characteristics that can be maintained by propagation. A plant whose origin or selection is primarily due to intentional human activity.",1,llama-3.1-70b,0.0,8192,https://api2.aigcbest.top/v1,"判断结果：正确
解释：根据RDFS语义规则，range约束表示属性的客体应属于某一类，cultivatedVariety属性的range为CultivatedVariety类，符合语义规则。",1,1,
sample_0456,range,range(dean) = Broadcaster,"背景知识：
条目1：
- 名称：dean
- 类型：Property
- 简介：dean

条目2：
- 名称：Broadcaster
- 类型：Class
- 简介：A broadcaster is an organisation responsible for the production of radio or television programs and/or their transmission. (http://en.wikipedia.org/wiki/Broadcaster - 28/03/2011)",0,llama-3.1-70b,0.0,8192,https://api2.aigcbest.top/v1,"判断结果：错误
解释：根据RDFS语义规则，range约束表示属性的客体应属于某一类，但背景知识中“dean”是属性，而“Broadcaster”是类，且两者之间没有明显的语义联系，因此该公理不合理。",0,1,
sample_0457,range,The range of dean is Broadcaster.,"背景知识：
条目1：
- 名称：dean
- 类型：Property
- 简介：dean

条目2：
- 名称：Broadcaster
- 类型：Class
- 简介：A broadcaster is an organisation responsible for the production of radio or television programs and/or their transmission. (http://en.wikipedia.org/wiki/Broadcaster - 28/03/2011)",0,llama-3.1-70b,0.0,8192,https://api2.aigcbest.top/v1,"判断结果：错误
解释：根据背景知识，dean是属性，而Broadcaster是类，range约束指的是属性的值域应属于某一类，但dean的值域不应是Broadcaster。",0,1,
sample_0458,range,"If a resource appears as the object of property dean, then it should belong to class Broadcaster.","背景知识：
条目1：
- 名称：dean
- 类型：Property
- 简介：dean

条目2：
- 名称：Broadcaster
- 类型：Class
- 简介：A broadcaster is an organisation responsible for the production of radio or television programs and/or their transmission. (http://en.wikipedia.org/wiki/Broadcaster - 28/03/2011)",0,llama-3.1-70b,0.0,8192,https://api2.aigcbest.top/v1,"判断结果：错误
解释：根据RDFS语义规则，属性的range约束应该用rdfs:range来描述，而不是通过推理来确定。",0,1,
sample_0459,range,"For any x and y, if x dean y holds, then y is an instance of Broadcaster.","背景知识：
条目1：
- 名称：dean
- 类型：Property
- 简介：dean

条目2：
- 名称：Broadcaster
- 类型：Class
- 简介：A broadcaster is an organisation responsible for the production of radio or television programs and/or their transmission. (http://en.wikipedia.org/wiki/Broadcaster - 28/03/2011)",0,llama-3.1-70b,0.0,8192,https://api2.aigcbest.top/v1,"判断结果：错误
解释：根据RDFS语义规则，属性的range约束应该是属性的值域，而非属性的主体。",0,1,
sample_0460,range,Property dean can only point to objects of class Broadcaster.,"背景知识：
条目1：
- 名称：dean
- 类型：Property
- 简介：dean

条目2：
- 名称：Broadcaster
- 类型：Class
- 简介：A broadcaster is an organisation responsible for the production of radio or television programs and/or their transmission. (http://en.wikipedia.org/wiki/Broadcaster - 28/03/2011)",0,llama-3.1-70b,0.0,8192,https://api2.aigcbest.top/v1,"判断结果：正确
解释：根据RDFS语义规则，range约束表示属性的客体应属于某一类，公理中指出属性dean的客体应属于类Broadcaster，与背景知识和语义规则一致。",1,0,
sample_0461,subClassOf,caf_ ⊑ company,"背景知识：
条目1：
- 名称：caf_
- 类型：Class
- 简介：{%%s is a %s, café}
- 补充信息：generalizations: location, company

条目2：
- 名称：company
- 类型：Class
- 简介：{%%s is a %s, company}
- 补充信息：generalizations: organization",1,llama-3.1-70b,0.0,8192,https://api2.aigcbest.top/v1,"判断结果：正确
解释：根据背景知识，caf_ 的补充信息中提到其 generalizations 为 location 和 company，表明 caf_ 是 company 的子类，这与 RDFS 中的 subClassOf 语义规则一致。",1,1,
sample_0462,subClassOf,caf_ is a subclass of company.,"背景知识：
条目1：
- 名称：caf_
- 类型：Class
- 简介：{%%s is a %s, café}
- 补充信息：generalizations: location, company

条目2：
- 名称：company
- 类型：Class
- 简介：{%%s is a %s, company}
- 补充信息：generalizations: organization",1,llama-3.1-70b,0.0,8192,https://api2.aigcbest.top/v1,"判断结果：错误
解释：根据背景知识，caf_ 的generalizations是location和company，而非直接是company的子类。",0,0,
sample_0463,subClassOf,Every instance of caf_ is also an instance of company.,"背景知识：
条目1：
- 名称：caf_
- 类型：Class
- 简介：{%%s is a %s, café}
- 补充信息：generalizations: location, company

条目2：
- 名称：company
- 类型：Class
- 简介：{%%s is a %s, company}
- 补充信息：generalizations: organization",1,llama-3.1-70b,0.0,8192,https://api2.aigcbest.top/v1,"判断结果：错误
解释：根据背景知识，caf_ 的上位概念是 location 和 company，而非所有 caf_ 都是 company。",0,0,
sample_0464,subClassOf,"If an entity belongs to class caf_, then it also belongs to class company.","背景知识：
条目1：
- 名称：caf_
- 类型：Class
- 简介：{%%s is a %s, café}
- 补充信息：generalizations: location, company

条目2：
- 名称：company
- 类型：Class
- 简介：{%%s is a %s, company}
- 补充信息：generalizations: organization",1,llama-3.1-70b,0.0,8192,https://api2.aigcbest.top/v1,"判断结果：错误
解释：根据背景知识，caf_ 的上位类是 location 和 company，而非 company 的直接下位类。",0,0,
sample_0465,subClassOf,The class caf_ is included in the class company.,"背景知识：
条目1：
- 名称：caf_
- 类型：Class
- 简介：{%%s is a %s, café}
- 补充信息：generalizations: location, company

条目2：
- 名称：company
- 类型：Class
- 简介：{%%s is a %s, company}
- 补充信息：generalizations: organization",1,llama-3.1-70b,0.0,8192,https://api2.aigcbest.top/v1,"判断结果：错误
解释：根据背景知识，caf_ 的上位概念是 location 和 company，而非 company 的子类。",0,0,
sample_0466,subPropertyOf,agenthierarchicallyaboveagent ⊑p agentcontrols,"背景知识：
条目1：
- 名称：agenthierarchicallyaboveagent
- 类型：Class
- 简介：{%%s is hierarchically %s %%s, above}
- 补充信息：generalizations: agentcontrols, agentcollaborateswithagent | domain: agent | range: agent

条目2：
- 名称：agentcontrols
- 类型：Class
- 简介：{%%s %s %%s, controls}
- 补充信息：generalizations: relatedto | domain: agent | range: everypromotedthing",1,llama-3.1-70b,0.0,8192,https://api2.aigcbest.top/v1,"判断结果：正确
解释：根据背景知识，agenthierarchicallyaboveagent 是 agentcontrols 的一个特化，且两者都有相同的 domain 和 range 属性约束，满足 RDFS 的 subClassOf 语义规则。",1,1,
sample_0467,subPropertyOf,agenthierarchicallyaboveagent is a subproperty of agentcontrols.,"背景知识：
条目1：
- 名称：agenthierarchicallyaboveagent
- 类型：Class
- 简介：{%%s is hierarchically %s %%s, above}
- 补充信息：generalizations: agentcontrols, agentcollaborateswithagent | domain: agent | range: agent

条目2：
- 名称：agentcontrols
- 类型：Class
- 简介：{%%s %s %%s, controls}
- 补充信息：generalizations: relatedto | domain: agent | range: everypromotedthing",1,llama-3.1-70b,0.0,8192,https://api2.aigcbest.top/v1,"判断结果：正确
解释：根据背景知识，agenthierarchicallyaboveagent 的 domain 和 range 都是 agent，而 agentcontrols 的 domain 是 agent，range 是 everypromotedthing，且 agenthierarchicallyaboveagent 是 agentcontrols 的 generalizations，因此 agenthierarchicallyaboveagent 是 agentcontrols 的子属性。",1,1,
sample_0468,subPropertyOf,"If two resources are related by agenthierarchicallyaboveagent, then they are also related by agentcontrols.","背景知识：
条目1：
- 名称：agenthierarchicallyaboveagent
- 类型：Class
- 简介：{%%s is hierarchically %s %%s, above}
- 补充信息：generalizations: agentcontrols, agentcollaborateswithagent | domain: agent | range: agent

条目2：
- 名称：agentcontrols
- 类型：Class
- 简介：{%%s %s %%s, controls}
- 补充信息：generalizations: relatedto | domain: agent | range: everypromotedthing",1,llama-3.1-70b,0.0,8192,https://api2.aigcbest.top/v1,"判断结果：正确
解释：根据背景知识，agenthierarchicallyaboveagent 的 generalizations 包括 agentcontrols，表明 agenthierarchicallyaboveagent 是 agentcontrols 的子类，因此两个资源若通过 agenthierarchicallyaboveagent 相关，则也通过 agentcontrols 相关。",1,1,
sample_0469,subPropertyOf,"For any x and y, if x agenthierarchicallyaboveagent y holds, then x agentcontrols y also holds.","背景知识：
条目1：
- 名称：agenthierarchicallyaboveagent
- 类型：Class
- 简介：{%%s is hierarchically %s %%s, above}
- 补充信息：generalizations: agentcontrols, agentcollaborateswithagent | domain: agent | range: agent

条目2：
- 名称：agentcontrols
- 类型：Class
- 简介：{%%s %s %%s, controls}
- 补充信息：generalizations: relatedto | domain: agent | range: everypromotedthing",1,llama-3.1-70b,0.0,8192,https://api2.aigcbest.top/v1,"判断结果：正确
解释：根据背景知识，agenthierarchicallyaboveagent 的 generalizations 包括 agentcontrols，表明 agenthierarchicallyaboveagent 是 agentcontrols 的子类，因此如果 x agenthierarchicallyaboveagent y holds，则 x agentcontrols y 也一定 holds。",1,1,
sample_0470,subPropertyOf,The property agenthierarchicallyaboveagent is more specific than the property agentcontrols.,"背景知识：
条目1：
- 名称：agenthierarchicallyaboveagent
- 类型：Class
- 简介：{%%s is hierarchically %s %%s, above}
- 补充信息：generalizations: agentcontrols, agentcollaborateswithagent | domain: agent | range: agent

条目2：
- 名称：agentcontrols
- 类型：Class
- 简介：{%%s %s %%s, controls}
- 补充信息：generalizations: relatedto | domain: agent | range: everypromotedthing",1,llama-3.1-70b,0.0,8192,https://api2.aigcbest.top/v1,"判断结果：正确
解释：根据背景知识，agenthierarchicallyaboveagent 的 domain 和 range 都是 agent，而 agentcontrols 的 domain 是 agent 且 range 是 everypromotedthing，根据 RDFS 语义规则，agenthierarchicallyaboveagent 的范围更具体，因此该公理是正确的。",1,1,
sample_0471,subPropertyOf,bombingvictim ⊑p relatedto,"背景知识：
条目1：
- 名称：bombingvictim
- 类型：Class
- 简介：bombingvictim is a class in the NELL knowledge base.
- 补充信息：generalizations: relatedto | domain: bombingevent | range: person

条目2：
- 名称：relatedto
- 类型：Class
- 简介：{%%s is somehow %s %%s, related to}
- 补充信息：generalizations: slot | domain: everypromotedthing | range: everypromotedthing",1,llama-3.1-70b,0.0,8192,https://api2.aigcbest.top/v1,"判断结果：正确
解释：根据背景知识，bombingvictim 的 generalizations 是 relatedto，表示 bombingvictim 是 relatedto 的子类，符合 RDFS 中的 subClassOf 语义规则。",1,1,
sample_0472,subPropertyOf,bombingvictim is a subproperty of relatedto.,"背景知识：
条目1：
- 名称：bombingvictim
- 类型：Class
- 简介：bombingvictim is a class in the NELL knowledge base.
- 补充信息：generalizations: relatedto | domain: bombingevent | range: person

条目2：
- 名称：relatedto
- 类型：Class
- 简介：{%%s is somehow %s %%s, related to}
- 补充信息：generalizations: slot | domain: everypromotedthing | range: everypromotedthing",1,llama-3.1-70b,0.0,8192,https://api2.aigcbest.top/v1,"判断结果：错误
解释：bombingvictim被定义为一个类，而relatedto被定义为一个类，bombingvictim不能是relatedto的子属性。",0,0,
sample_0473,subPropertyOf,"If two resources are related by bombingvictim, then they are also related by relatedto.","背景知识：
条目1：
- 名称：bombingvictim
- 类型：Class
- 简介：bombingvictim is a class in the NELL knowledge base.
- 补充信息：generalizations: relatedto | domain: bombingevent | range: person

条目2：
- 名称：relatedto
- 类型：Class
- 简介：{%%s is somehow %s %%s, related to}
- 补充信息：generalizations: slot | domain: everypromotedthing | range: everypromotedthing",1,llama-3.1-70b,0.0,8192,https://api2.aigcbest.top/v1,"判断结果：正确
解释：根据背景知识，bombingvictim的generalizations为relatedto，表明bombingvictim是relatedto的子类，故bombingvictim关系蕴含relatedto关系。",1,1,
sample_0474,subPropertyOf,"For any x and y, if x bombingvictim y holds, then x relatedto y also holds.","背景知识：
条目1：
- 名称：bombingvictim
- 类型：Class
- 简介：bombingvictim is a class in the NELL knowledge base.
- 补充信息：generalizations: relatedto | domain: bombingevent | range: person

条目2：
- 名称：relatedto
- 类型：Class
- 简介：{%%s is somehow %s %%s, related to}
- 补充信息：generalizations: slot | domain: everypromotedthing | range: everypromotedthing",1,llama-3.1-70b,0.0,8192,https://api2.aigcbest.top/v1,"判断结果：正确
解释：根据背景知识，bombingvictim的generalizations为relatedto，表明bombingvictim是relatedto的子类，故bombingvictim的实例也应满足relatedto的语义约束。",1,1,
sample_0475,subPropertyOf,The property bombingvictim is more specific than the property relatedto.,"背景知识：
条目1：
- 名称：bombingvictim
- 类型：Class
- 简介：bombingvictim is a class in the NELL knowledge base.
- 补充信息：generalizations: relatedto | domain: bombingevent | range: person

条目2：
- 名称：relatedto
- 类型：Class
- 简介：{%%s is somehow %s %%s, related to}
- 补充信息：generalizations: slot | domain: everypromotedthing | range: everypromotedthing",1,llama-3.1-70b,0.0,8192,https://api2.aigcbest.top/v1,"判断结果：错误
解释：根据背景知识，bombingvictim是类，而relatedto是类，二者类型不一致，不能直接比较其特异性。",0,0,
sample_0476,subPropertyOf,buildingbelongstoorganization ⊑p locationactedinbyorganization,"背景知识：
条目1：
- 名称：buildingbelongstoorganization
- 类型：Class
- 简介：{%%s %s %%s, is a building belonging to}
- 补充信息：generalizations: locationactedinbyorganization | domain: building | range: organization

条目2：
- 名称：locationactedinbyorganization
- 类型：Class
- 简介：locationactedinbyorganization is a class in the NELL knowledge base.
- 补充信息：generalizations: locationactedinbyagent | domain: location | range: organization",1,llama-3.1-70b,0.0,8192,https://api2.aigcbest.top/v1,"判断结果：正确
解释：根据背景知识，buildingbelongstoorganization 是 locationactedinbyorganization 的子类，且两者的 domain 和 range 均满足 RDFS 语义规则。",1,1,
sample_0477,subPropertyOf,buildingbelongstoorganization is a subproperty of locationactedinbyorganization.,"背景知识：
条目1：
- 名称：buildingbelongstoorganization
- 类型：Class
- 简介：{%%s %s %%s, is a building belonging to}
- 补充信息：generalizations: locationactedinbyorganization | domain: building | range: organization

条目2：
- 名称：locationactedinbyorganization
- 类型：Class
- 简介：locationactedinbyorganization is a class in the NELL knowledge base.
- 补充信息：generalizations: locationactedinbyagent | domain: location | range: organization",1,llama-3.1-70b,0.0,8192,https://api2.aigcbest.top/v1,"判断结果：正确
解释：根据背景知识，buildingbelongstoorganization 的 domain 是 building，range 是 organization，而 locationactedinbyorganization 的 domain 是 location，range 也是 organization，由于 building 是 location 的子类，因此 buildingbelongstoorganization 是 locationactedinbyorganization 的子属性。",1,1,
sample_0478,subPropertyOf,"If two resources are related by buildingbelongstoorganization, then they are also related by locationactedinbyorganization.","背景知识：
条目1：
- 名称：buildingbelongstoorganization
- 类型：Class
- 简介：{%%s %s %%s, is a building belonging to}
- 补充信息：generalizations: locationactedinbyorganization | domain: building | range: organization

条目2：
- 名称：locationactedinbyorganization
- 类型：Class
- 简介：locationactedinbyorganization is a class in the NELL knowledge base.
- 补充信息：generalizations: locationactedinbyagent | domain: location | range: organization",1,llama-3.1-70b,0.0,8192,https://api2.aigcbest.top/v1,"判断结果：正确
解释：根据背景知识，buildingbelongstoorganization是locationactedinbyorganization的子类，且两者的domain和range分别对应building和location、organization，因此可以推断出buildingbelongstoorganization关系蕴含locationactedinbyorganization关系。",1,1,
sample_0479,subPropertyOf,"For any x and y, if x buildingbelongstoorganization y holds, then x locationactedinbyorganization y also holds.","背景知识：
条目1：
- 名称：buildingbelongstoorganization
- 类型：Class
- 简介：{%%s %s %%s, is a building belonging to}
- 补充信息：generalizations: locationactedinbyorganization | domain: building | range: organization

条目2：
- 名称：locationactedinbyorganization
- 类型：Class
- 简介：locationactedinbyorganization is a class in the NELL knowledge base.
- 补充信息：generalizations: locationactedinbyagent | domain: location | range: organization",1,llama-3.1-70b,0.0,8192,https://api2.aigcbest.top/v1,"判断结果：正确
解释：根据背景知识，buildingbelongstoorganization是locationactedinbyorganization的子类，且两者的domain和range分别对应building和location、organization，因此如果x buildingbelongstoorganization y成立，则x locationactedinbyorganization y也成立。",1,1,
sample_0480,subPropertyOf,The property buildingbelongstoorganization is more specific than the property locationactedinbyorganization.,"背景知识：
条目1：
- 名称：buildingbelongstoorganization
- 类型：Class
- 简介：{%%s %s %%s, is a building belonging to}
- 补充信息：generalizations: locationactedinbyorganization | domain: building | range: organization

条目2：
- 名称：locationactedinbyorganization
- 类型：Class
- 简介：locationactedinbyorganization is a class in the NELL knowledge base.
- 补充信息：generalizations: locationactedinbyagent | domain: location | range: organization",1,llama-3.1-70b,0.0,8192,https://api2.aigcbest.top/v1,"判断结果：正确
解释：根据背景知识，buildingbelongstoorganization的domain是building，range是organization，而locationactedinbyorganization的domain是location，range也是organization，由于building是location的子类，因此buildingbelongstoorganization是locationactedinbyorganization的子属性。",1,1,
sample_0481,subPropertyOf,cityhostsattraction ⊑p cityattractions,"背景知识：
条目1：
- 名称：cityhostsattraction
- 类型：Unknown
- 简介：Attraction occurs in the city
- 补充信息：generalizations: cityattractions | domain: city | range: attraction

条目2：
- 名称：cityattractions
- 类型：Unknown
- 简介：The city that an attraction is located in
- 补充信息：generalizations: locationcontainslocation | domain: city | range: attraction",1,llama-3.1-70b,0.0,8192,https://api2.aigcbest.top/v1,"判断结果：正确
解释：根据背景知识，cityhostsattraction和cityattractions都表示城市与景点之间的关系，且两者的domain和range均为city和attraction，符合subPropertyOf的语义规则。",1,1,
sample_0482,subPropertyOf,cityhostsattraction is a subproperty of cityattractions.,"背景知识：
条目1：
- 名称：cityhostsattraction
- 类型：Unknown
- 简介：Attraction occurs in the city
- 补充信息：generalizations: cityattractions | domain: city | range: attraction

条目2：
- 名称：cityattractions
- 类型：Unknown
- 简介：The city that an attraction is located in
- 补充信息：generalizations: locationcontainslocation | domain: city | range: attraction",1,llama-3.1-70b,0.0,8192,https://api2.aigcbest.top/v1,"判断结果：正确
解释：根据背景知识，cityhostsattraction和cityattractions都描述了城市与景点之间的关系，且cityhostsattraction的domain和range与cityattractions一致，因此cityhostsattraction是cityattractions的子属性。",1,1,
sample_0483,subPropertyOf,"If two resources are related by cityhostsattraction, then they are also related by cityattractions.","背景知识：
条目1：
- 名称：cityhostsattraction
- 类型：Unknown
- 简介：Attraction occurs in the city
- 补充信息：generalizations: cityattractions | domain: city | range: attraction

条目2：
- 名称：cityattractions
- 类型：Unknown
- 简介：The city that an attraction is located in
- 补充信息：generalizations: locationcontainslocation | domain: city | range: attraction",1,llama-3.1-70b,0.0,8192,https://api2.aigcbest.top/v1,"判断结果：正确
解释：根据背景知识，cityhostsattraction和cityattractions都描述了城市和景点之间的关系，且两者的domain和range均为city和attraction，表明两者具有相似的语义含义，因此该公理合理。",1,1,
sample_0484,subPropertyOf,"For any x and y, if x cityhostsattraction y holds, then x cityattractions y also holds.","背景知识：
条目1：
- 名称：cityhostsattraction
- 类型：Unknown
- 简介：Attraction occurs in the city
- 补充信息：generalizations: cityattractions | domain: city | range: attraction

条目2：
- 名称：cityattractions
- 类型：Unknown
- 简介：The city that an attraction is located in
- 补充信息：generalizations: locationcontainslocation | domain: city | range: attraction",1,llama-3.1-70b,0.0,8192,https://api2.aigcbest.top/v1,"判断结果：正确
解释：根据背景知识，cityhostsattraction和cityattractions都表示城市与景点之间的关系，且两者的domain和range均为city和attraction，因此cityhostsattraction的实例也应满足cityattractions的关系。",1,1,
sample_0485,subPropertyOf,The property cityhostsattraction is more specific than the property cityattractions.,"背景知识：
条目1：
- 名称：cityhostsattraction
- 类型：Unknown
- 简介：Attraction occurs in the city
- 补充信息：generalizations: cityattractions | domain: city | range: attraction

条目2：
- 名称：cityattractions
- 类型：Unknown
- 简介：The city that an attraction is located in
- 补充信息：generalizations: locationcontainslocation | domain: city | range: attraction",1,llama-3.1-70b,0.0,8192,https://api2.aigcbest.top/v1,"判断结果：正确
解释：根据背景知识，cityhostsattraction和cityattractions都描述了城市和景点之间的关系，且cityhostsattraction的domain和range与cityattractions相同，表明cityhostsattraction是cityattractions的特例，因此cityhostsattraction是cityattractions的子属性。",1,1,
sample_0486,subPropertyOf,citysportsteams ⊑p proxyfor,"背景知识：
条目1：
- 名称：citysportsteams
- 类型：Class
- 简介：citysportsteams is a class in the NELL knowledge base.
- 补充信息：generalizations: proxyfor, locationactedinbyorganization | domain: city | range: sportsteam

条目2：
- 名称：proxyfor
- 类型：Class
- 简介：{%%s is a %s for %%s, proxy}
- 补充信息：generalizations: mutualproxyfor | domain: everypromotedthing | range: everypromotedthing",1,llama-3.1-70b,0.0,8192,https://api2.aigcbest.top/v1,"判断结果：正确
解释：根据背景知识，citysportsteams 的 generalizations 包括 proxyfor，表示 citysportsteams 是 proxyfor 的子类，符合 RDFS 中的 subClassOf 语义规则。",1,1,
sample_0487,subPropertyOf,citysportsteams is a subproperty of proxyfor.,"背景知识：
条目1：
- 名称：citysportsteams
- 类型：Class
- 简介：citysportsteams is a class in the NELL knowledge base.
- 补充信息：generalizations: proxyfor, locationactedinbyorganization | domain: city | range: sportsteam

条目2：
- 名称：proxyfor
- 类型：Class
- 简介：{%%s is a %s for %%s, proxy}
- 补充信息：generalizations: mutualproxyfor | domain: everypromotedthing | range: everypromotedthing",1,llama-3.1-70b,0.0,8192,https://api2.aigcbest.top/v1,"判断结果：错误
解释：根据背景知识，citysportsteams是Class类型，而proxyfor也是Class类型，citysportsteams不能是proxyfor的子属性。",0,0,
sample_0488,subPropertyOf,"If two resources are related by citysportsteams, then they are also related by proxyfor.","背景知识：
条目1：
- 名称：citysportsteams
- 类型：Class
- 简介：citysportsteams is a class in the NELL knowledge base.
- 补充信息：generalizations: proxyfor, locationactedinbyorganization | domain: city | range: sportsteam

条目2：
- 名称：proxyfor
- 类型：Class
- 简介：{%%s is a %s for %%s, proxy}
- 补充信息：generalizations: mutualproxyfor | domain: everypromotedthing | range: everypromotedthing",1,llama-3.1-70b,0.0,8192,https://api2.aigcbest.top/v1,"判断结果：正确
解释：根据背景知识，citysportsteams的generalizations为proxyfor，表示citysportsteams是proxyfor的子类，且citysportsteams的domain和range分别为city和sportsteam，而proxyfor的domain和range均为everypromotedthing，根据RDFS语义规则，子类的domain和range应是父类domain和range的子类或同类，因此citysportsteams和proxyfor之间的关系是符合RDFS语义规则的。",1,1,
sample_0489,subPropertyOf,"For any x and y, if x citysportsteams y holds, then x proxyfor y also holds.","背景知识：
条目1：
- 名称：citysportsteams
- 类型：Class
- 简介：citysportsteams is a class in the NELL knowledge base.
- 补充信息：generalizations: proxyfor, locationactedinbyorganization | domain: city | range: sportsteam

条目2：
- 名称：proxyfor
- 类型：Class
- 简介：{%%s is a %s for %%s, proxy}
- 补充信息：generalizations: mutualproxyfor | domain: everypromotedthing | range: everypromotedthing",1,llama-3.1-70b,0.0,8192,https://api2.aigcbest.top/v1,"判断结果：正确
解释：根据背景知识，citysportsteams的generalizations为proxyfor，表示citysportsteams是proxyfor的子类，且citysportsteams的domain为city，range为sportsteam，符合RDFS语义规则的subClassOf和domain、range约束。",1,1,
sample_0490,subPropertyOf,The property citysportsteams is more specific than the property proxyfor.,"背景知识：
条目1：
- 名称：citysportsteams
- 类型：Class
- 简介：citysportsteams is a class in the NELL knowledge base.
- 补充信息：generalizations: proxyfor, locationactedinbyorganization | domain: city | range: sportsteam

条目2：
- 名称：proxyfor
- 类型：Class
- 简介：{%%s is a %s for %%s, proxy}
- 补充信息：generalizations: mutualproxyfor | domain: everypromotedthing | range: everypromotedthing",1,llama-3.1-70b,0.0,8192,https://api2.aigcbest.top/v1,"判断结果：错误
解释：根据背景知识，citysportsteams的domain是city，range是sportsteam，而proxyfor的domain和range都是everypromotedthing，citysportsteams和proxyfor的domain和range不一致，因此citysportsteams不能是proxyfor的子属性。",0,0,
sample_0491,subPropertyOf,companyalsoknownas ⊑p organizationalsoknownas,"背景知识：
条目1：
- 名称：companyalsoknownas
- 类型：Class
- 简介：{%%s is a company %s %%s, also known as}
- 补充信息：generalizations: organizationalsoknownas | domain: company | range: company

条目2：
- 名称：organizationalsoknownas
- 类型：Class
- 简介：{%%s is an organization %s %%s, also known as}
- 补充信息：generalizations: synonymfor | domain: organization | range: organization",1,llama-3.1-70b,0.0,8192,https://api2.aigcbest.top/v1,"判断结果：正确
解释：根据背景知识，companyalsoknownas 是 organizationalsoknownas 的子类，符合 RDFS 中的 subClassOf 语义规则。",1,1,
sample_0492,subPropertyOf,companyalsoknownas is a subproperty of organizationalsoknownas.,"背景知识：
条目1：
- 名称：companyalsoknownas
- 类型：Class
- 简介：{%%s is a company %s %%s, also known as}
- 补充信息：generalizations: organizationalsoknownas | domain: company | range: company

条目2：
- 名称：organizationalsoknownas
- 类型：Class
- 简介：{%%s is an organization %s %%s, also known as}
- 补充信息：generalizations: synonymfor | domain: organization | range: organization",1,llama-3.1-70b,0.0,8192,https://api2.aigcbest.top/v1,"判断结果：正确
解释：根据背景知识，companyalsoknownas的domain和range均为company，而organizationalsoknownas的domain和range均为organization，且companyalsoknownas的generalizations为organizationalsoknownas，符合subPropertyOf的语义规则。",1,1,
sample_0493,subPropertyOf,"If two resources are related by companyalsoknownas, then they are also related by organizationalsoknownas.","背景知识：
条目1：
- 名称：companyalsoknownas
- 类型：Class
- 简介：{%%s is a company %s %%s, also known as}
- 补充信息：generalizations: organizationalsoknownas | domain: company | range: company

条目2：
- 名称：organizationalsoknownas
- 类型：Class
- 简介：{%%s is an organization %s %%s, also known as}
- 补充信息：generalizations: synonymfor | domain: organization | range: organization",1,llama-3.1-70b,0.0,8192,https://api2.aigcbest.top/v1,"判断结果：正确
解释：根据背景知识，companyalsoknownas是organizationalsoknownas的子类，且两者的domain和range都分别是company和organization，符合RDFS的subClassOf和subPropertyOf语义规则。",1,1,
sample_0494,subPropertyOf,"For any x and y, if x companyalsoknownas y holds, then x organizationalsoknownas y also holds.","背景知识：
条目1：
- 名称：companyalsoknownas
- 类型：Class
- 简介：{%%s is a company %s %%s, also known as}
- 补充信息：generalizations: organizationalsoknownas | domain: company | range: company

条目2：
- 名称：organizationalsoknownas
- 类型：Class
- 简介：{%%s is an organization %s %%s, also known as}
- 补充信息：generalizations: synonymfor | domain: organization | range: organization",1,llama-3.1-70b,0.0,8192,https://api2.aigcbest.top/v1,"判断结果：正确
解释：根据背景知识，companyalsoknownas是organizationalsoknownas的子类，且两者的domain和range都相同，因此如果x companyalsoknownas y成立，则x organizationalsoknownas y也成立。",1,1,
sample_0495,subPropertyOf,The property companyalsoknownas is more specific than the property organizationalsoknownas.,"背景知识：
条目1：
- 名称：companyalsoknownas
- 类型：Class
- 简介：{%%s is a company %s %%s, also known as}
- 补充信息：generalizations: organizationalsoknownas | domain: company | range: company

条目2：
- 名称：organizationalsoknownas
- 类型：Class
- 简介：{%%s is an organization %s %%s, also known as}
- 补充信息：generalizations: synonymfor | domain: organization | range: organization",1,llama-3.1-70b,0.0,8192,https://api2.aigcbest.top/v1,"判断结果：正确
解释：根据背景知识，companyalsoknownas是organizationalsoknownas的特化，且两者都表示“别名”关系，符合RDFS的subPropertyOf语义规则。",1,1,
