id,axiom_type,axiom_text,context_info,label,model_name,temperature,max_tokens,base_url,model_output,model_label,is_correct,error
sample_0001,subClassOf,Airline ⊑ PublicTransitSystem,"背景知识：
条目1：
- 名称：Airline
- 类型：Class
- 简介：airline

条目2：
- 名称：PublicTransitSystem
- 类型：Class
- 简介：A public transit system is a shared passenger transportation service which is available for use by the general public. Public transport modes include buses, trolleybuses, trams and trains, 'rapid transit' (metro/subways/undergrounds etc) an...",1,grok-4,0.0,8192,https://api2.aigcbest.top/v1,"判断结果：[错误]  
解释：根据背景知识，Airline代表航空公司，而PublicTransitSystem指为公众提供的共享乘客运输服务（如公交、火车、地铁），航空公司不一定符合此定义，因此Airline作为其子类违反了RDFS subClassOf的语义包含规则。",0,0,
sample_0002,subClassOf,Airline is a subclass of PublicTransitSystem.,"背景知识：
条目1：
- 名称：Airline
- 类型：Class
- 简介：airline

条目2：
- 名称：PublicTransitSystem
- 类型：Class
- 简介：A public transit system is a shared passenger transportation service which is available for use by the general public. Public transport modes include buses, trolleybuses, trams and trains, 'rapid transit' (metro/subways/undergrounds etc) an...",1,grok-4,0.0,8192,https://api2.aigcbest.top/v1,"判断结果：错误  
解释：根据背景知识，Airline代表航空公司，而PublicTransitSystem描述的是公共交通系统（如公交、地铁），航空公司不属于其子类，这违反了RDFS subClassOf规则中类包含关系的语义要求。",0,0,
sample_0003,subClassOf,Every instance of Airline is also an instance of PublicTransitSystem.,"背景知识：
条目1：
- 名称：Airline
- 类型：Class
- 简介：airline

条目2：
- 名称：PublicTransitSystem
- 类型：Class
- 简介：A public transit system is a shared passenger transportation service which is available for use by the general public. Public transport modes include buses, trolleybuses, trams and trains, 'rapid transit' (metro/subways/undergrounds etc) an...",1,grok-4,0.0,8192,https://api2.aigcbest.top/v1,"判断结果：[错误]  
解释：[根据背景知识，PublicTransitSystem主要指对公众开放的共享乘客交通系统如公交和火车等，而Airline作为航空公司不必然属于此类，这与subClassOf要求Airline实例必须是PublicTransitSystem实例的语义规则冲突。]",0,0,
sample_0004,subClassOf,"If an entity belongs to class Airline, then it also belongs to class PublicTransitSystem.","背景知识：
条目1：
- 名称：Airline
- 类型：Class
- 简介：airline

条目2：
- 名称：PublicTransitSystem
- 类型：Class
- 简介：A public transit system is a shared passenger transportation service which is available for use by the general public. Public transport modes include buses, trolleybuses, trams and trains, 'rapid transit' (metro/subways/undergrounds etc) an...",1,grok-4,0.0,8192,https://api2.aigcbest.top/v1,"判断结果：错误  
解释：根据背景知识，Airline表示商业航空公司，而PublicTransitSystem指面向公众的共享交通系统如公交和地铁等，不包括航空公司，因此Airline subClassOf PublicTransitSystem的语义关系与常识和背景描述冲突。",0,0,
sample_0005,subClassOf,The class Airline is included in the class PublicTransitSystem.,"背景知识：
条目1：
- 名称：Airline
- 类型：Class
- 简介：airline

条目2：
- 名称：PublicTransitSystem
- 类型：Class
- 简介：A public transit system is a shared passenger transportation service which is available for use by the general public. Public transport modes include buses, trolleybuses, trams and trains, 'rapid transit' (metro/subways/undergrounds etc) an...",1,grok-4,0.0,8192,https://api2.aigcbest.top/v1,"判断结果：[错误]  
解释：根据背景知识，Airline代表航空公司，而PublicTransitSystem指公共交通系统主要包括地面交通模式（如公交和火车），因此Airline subClassOf PublicTransitSystem违反RDFS的subClassOf语义规则，因为航空公司实例不必然属于公共交通系统。",0,0,
sample_0006,subClassOf,Album ⊑ MusicalWork,"背景知识：
条目1：
- 名称：Album
- 类型：Class
- 简介：album

条目2：
- 名称：MusicalWork
- 类型：Class
- 简介：musical work",1,grok-4,0.0,8192,https://api2.aigcbest.top/v1,"判断结果：[正确]  
解释：[根据背景知识，Album作为音乐专辑类属于MusicalWork（音乐作品类）的子类，这符合RDFS subClassOf语义规则的包含关系，且无明显冲突。]",1,1,
sample_0007,subClassOf,Album is a subclass of MusicalWork.,"背景知识：
条目1：
- 名称：Album
- 类型：Class
- 简介：album

条目2：
- 名称：MusicalWork
- 类型：Class
- 简介：musical work",1,grok-4,0.0,8192,https://api2.aigcbest.top/v1,"判断结果：[正确]
解释：[根据背景知识，Album作为音乐专辑类与MusicalWork作为音乐作品类在语义上兼容，RDFS subClassOf规则允许Album的实例隐含为MusicalWork的实例，无明显冲突。]",1,1,
sample_0008,subClassOf,Every instance of Album is also an instance of MusicalWork.,"背景知识：
条目1：
- 名称：Album
- 类型：Class
- 简介：album

条目2：
- 名称：MusicalWork
- 类型：Class
- 简介：musical work",1,grok-4,0.0,8192,https://api2.aigcbest.top/v1,"判断结果：正确  
解释：根据背景知识，Album作为album类通常是MusicalWork（musical work）的子集，符合RDFS subClassOf规则的语义包含关系，无明显冲突。",1,1,
sample_0009,subClassOf,"If an entity belongs to class Album, then it also belongs to class MusicalWork.","背景知识：
条目1：
- 名称：Album
- 类型：Class
- 简介：album

条目2：
- 名称：MusicalWork
- 类型：Class
- 简介：musical work",1,grok-4,0.0,8192,https://api2.aigcbest.top/v1,"判断结果：[正确]  
解释：[根据背景知识，Album作为album类是MusicalWork（musical work）类的子集，符合RDFS subClassOf规则的语义包含关系。]",1,1,
sample_0010,subClassOf,The class Album is included in the class MusicalWork.,"背景知识：
条目1：
- 名称：Album
- 类型：Class
- 简介：album

条目2：
- 名称：MusicalWork
- 类型：Class
- 简介：musical work",1,grok-4,0.0,8192,https://api2.aigcbest.top/v1,"判断结果：正确  
解释：根据背景知识，Album作为album类与MusicalWork作为musical work类在语义上相容，RDFS subClassOf规则允许Album包含于MusicalWork，表示专辑是一种音乐作品的形式，无明显冲突。",1,1,
sample_0011,subClassOf,Ambassador ⊑ Politician,"背景知识：
条目1：
- 名称：Ambassador
- 类型：Class
- 简介：An ambassador is the highest ranking diplomat that represents a nation and is usually accredited to a foreign sovereign or government, or to an international organization.

条目2：
- 名称：Politician
- 类型：Class
- 简介：politician",1,grok-4,0.0,8192,https://api2.aigcbest.top/v1,"判断结果：[正确]  
解释：[根据背景知识，大使作为代表国家的高级外交官通常属于政治家范畴，符合RDFS subClassOf规则的类包含关系，无明显冲突。]",1,1,
sample_0012,subClassOf,Ambassador is a subclass of Politician.,"背景知识：
条目1：
- 名称：Ambassador
- 类型：Class
- 简介：An ambassador is the highest ranking diplomat that represents a nation and is usually accredited to a foreign sovereign or government, or to an international organization.

条目2：
- 名称：Politician
- 类型：Class
- 简介：politician",1,grok-4,0.0,8192,https://api2.aigcbest.top/v1,"判断结果：[错误]  
解释：[根据背景知识，大使（Ambassador）是外交官而非必然的政治家（Politician），因此Ambassador作为Politician的子类违反了subClassOf的语义规则，即并非所有Ambassador实例都属于Politician。]",0,0,
sample_0013,subClassOf,Every instance of Ambassador is also an instance of Politician.,"背景知识：
条目1：
- 名称：Ambassador
- 类型：Class
- 简介：An ambassador is the highest ranking diplomat that represents a nation and is usually accredited to a foreign sovereign or government, or to an international organization.

条目2：
- 名称：Politician
- 类型：Class
- 简介：politician",1,grok-4,0.0,8192,https://api2.aigcbest.top/v1,"判断结果：错误
解释：根据背景知识，Ambassador被描述为外交官（diplomat），而非必然是政治家（politician），因此Ambassador subClassOf Politician的公理与语义包含关系不符，违反RDFS中subClassOf的推理规则。",0,0,
sample_0014,subClassOf,"If an entity belongs to class Ambassador, then it also belongs to class Politician.","背景知识：
条目1：
- 名称：Ambassador
- 类型：Class
- 简介：An ambassador is the highest ranking diplomat that represents a nation and is usually accredited to a foreign sovereign or government, or to an international organization.

条目2：
- 名称：Politician
- 类型：Class
- 简介：politician",1,grok-4,0.0,8192,https://api2.aigcbest.top/v1,"判断结果：[正确]  
解释：根据背景知识，大使作为代表国家的外交官属于政治角色范畴，因此Ambassador类是Politician类的子类，符合RDFS subClassOf语义规则。",1,1,
sample_0015,subClassOf,The class Ambassador is included in the class Politician.,"背景知识：
条目1：
- 名称：Ambassador
- 类型：Class
- 简介：An ambassador is the highest ranking diplomat that represents a nation and is usually accredited to a foreign sovereign or government, or to an international organization.

条目2：
- 名称：Politician
- 类型：Class
- 简介：politician",1,grok-4,0.0,8192,https://api2.aigcbest.top/v1,"判断结果：错误
解释：根据背景知识，大使（Ambassador）作为外交官不一定属于政客（Politician）范畴，违反RDFS subClassOf规则要求所有Ambassador实例必须是Politician实例的语义包含关系。",0,0,
sample_0016,subClassOf,Attack ⊑ SocietalEvent,"背景知识：
条目1：
- 名称：Attack
- 类型：Class
- 简介：An Attack is not necessarily part of a Military Conflict

条目2：
- 名称：SocietalEvent
- 类型：Class
- 简介：an event that is clearly different from strictly personal events",1,grok-4,0.0,8192,https://api2.aigcbest.top/v1,"判断结果：[正确]  
解释：[根据背景知识，Attack作为一种不一定限于军事冲突的事件，与SocietalEvent作为明显不同于严格个人事件的社会事件相符，符合RDFS subClassOf语义规则的包含关系。]",1,1,
sample_0017,subClassOf,Attack is a subclass of SocietalEvent.,"背景知识：
条目1：
- 名称：Attack
- 类型：Class
- 简介：An Attack is not necessarily part of a Military Conflict

条目2：
- 名称：SocietalEvent
- 类型：Class
- 简介：an event that is clearly different from strictly personal events",1,grok-4,0.0,8192,https://api2.aigcbest.top/v1,"判断结果：错误
解释：根据背景知识，Attack不一定是军事冲突的一部分，可能包括严格个人事件，而SocietalEvent明确不同于严格个人事件，因此Attack作为SocietalEvent的子类违反了RDFS subClassOf的包含语义规则。",0,0,
sample_0018,subClassOf,Every instance of Attack is also an instance of SocietalEvent.,"背景知识：
条目1：
- 名称：Attack
- 类型：Class
- 简介：An Attack is not necessarily part of a Military Conflict

条目2：
- 名称：SocietalEvent
- 类型：Class
- 简介：an event that is clearly different from strictly personal events",1,grok-4,0.0,8192,https://api2.aigcbest.top/v1,"判断结果：[正确]
解释：[根据背景知识，Attack作为一种不一定属于军事冲突的事件，其实例明显不同于严格个人事件，因此符合SocietalEvent的定义，满足subClassOf的RDFS语义规则。]",1,1,
sample_0019,subClassOf,"If an entity belongs to class Attack, then it also belongs to class SocietalEvent.","背景知识：
条目1：
- 名称：Attack
- 类型：Class
- 简介：An Attack is not necessarily part of a Military Conflict

条目2：
- 名称：SocietalEvent
- 类型：Class
- 简介：an event that is clearly different from strictly personal events",1,grok-4,0.0,8192,https://api2.aigcbest.top/v1,"判断结果：[正确]
解释：根据背景知识，Attack作为一种非严格个人事件符合SocietalEvent的定义，且RDFS subClassOf规则支持Attack实例必然属于SocietalEvent而不与给定简介冲突。",1,1,
sample_0020,subClassOf,The class Attack is included in the class SocietalEvent.,"背景知识：
条目1：
- 名称：Attack
- 类型：Class
- 简介：An Attack is not necessarily part of a Military Conflict

条目2：
- 名称：SocietalEvent
- 类型：Class
- 简介：an event that is clearly different from strictly personal events",1,grok-4,0.0,8192,https://api2.aigcbest.top/v1,"判断结果：[正确]  
解释：[根据背景知识，Attack作为不限于军事冲突的事件，与SocietalEvent作为不同于严格个人事件的社会事件相符，符合RDFS subClassOf语义规则，即Attack的实例也属于SocietalEvent。]",1,1,
sample_0021,subClassOf,ChristianBishop ⊑ Archbishop,"背景知识：
条目1：
- 名称：ChristianBishop
- 类型：Class
- 简介：Christian Bishop

条目2：
- 名称：Archbishop
- 类型：Class
- 简介：archbishop",0,grok-4,0.0,8192,https://api2.aigcbest.top/v1,"判断结果：[错误]  
解释：[根据背景知识和常识，ChristianBishop表示广义的基督教主教，而Archbishop是大主教的特定子类型，因此ChristianBishop并非Archbishop的子类，此公理违反RDFS subClassOf的语义规则。]",0,1,
sample_0022,subClassOf,ChristianBishop is a subclass of Archbishop.,"背景知识：
条目1：
- 名称：ChristianBishop
- 类型：Class
- 简介：Christian Bishop

条目2：
- 名称：Archbishop
- 类型：Class
- 简介：archbishop",0,grok-4,0.0,8192,https://api2.aigcbest.top/v1,"判断结果：错误  
解释：根据背景知识和常识，ChristianBishop（基督教主教）包含Archbishop（大主教）作为其子集，而非相反，因此ChristianBishop subClassOf Archbishop违反RDFS的subClassOf语义规则，表示不合理的包含关系。",0,1,
sample_0023,subClassOf,Every instance of ChristianBishop is also an instance of Archbishop.,"背景知识：
条目1：
- 名称：ChristianBishop
- 类型：Class
- 简介：Christian Bishop

条目2：
- 名称：Archbishop
- 类型：Class
- 简介：archbishop",0,grok-4,0.0,8192,https://api2.aigcbest.top/v1,"判断结果：[错误]  
解释：[根据背景知识和常识，不是所有ChristianBishop（基督教主教）都是Archbishop（大主教），这违反了RDFS subClassOf规则中类包含关系的语义约束。]",0,1,
sample_0024,subClassOf,"If an entity belongs to class ChristianBishop, then it also belongs to class Archbishop.","背景知识：
条目1：
- 名称：ChristianBishop
- 类型：Class
- 简介：Christian Bishop

条目2：
- 名称：Archbishop
- 类型：Class
- 简介：archbishop",0,grok-4,0.0,8192,https://api2.aigcbest.top/v1,"判断结果：错误  
解释：根据背景知识和常识，ChristianBishop（基督教主教）不一定是Archbishop（大主教），因此ChristianBishop subClassOf Archbishop的语义规则会导致不合理的类包含关系，与实际语义冲突。",0,1,
sample_0025,subClassOf,The class ChristianBishop is included in the class Archbishop.,"背景知识：
条目1：
- 名称：ChristianBishop
- 类型：Class
- 简介：Christian Bishop

条目2：
- 名称：Archbishop
- 类型：Class
- 简介：archbishop",0,grok-4,0.0,8192,https://api2.aigcbest.top/v1,"判断结果：[错误]  
解释：[根据背景知识和常识，ChristianBishop（基督教主教）是更广泛的类，而Archbishop（大主教）是其特定子类型，因此ChristianBishop subClassOf Archbishop 会违反RDFS的包含关系语义，导致不合理的实例推断。]",0,1,
sample_0026,subClassOf,Eukaryote ⊑ Animal,"背景知识：
条目1：
- 名称：Eukaryote
- 类型：Class
- 简介：eukaryote

条目2：
- 名称：Animal
- 类型：Class
- 简介：animal",0,grok-4,0.0,8192,https://api2.aigcbest.top/v1,"判断结果：错误  
解释：根据背景知识和常识，真核生物（Eukaryote）包括动物（Animal）以外的类别如植物，而RDFS subClassOf规则要求Eukaryote的所有实例必须是Animal的实例，这与语义关系冲突。",0,1,
sample_0027,subClassOf,Eukaryote is a subclass of Animal.,"背景知识：
条目1：
- 名称：Eukaryote
- 类型：Class
- 简介：eukaryote

条目2：
- 名称：Animal
- 类型：Class
- 简介：animal",0,grok-4,0.0,8192,https://api2.aigcbest.top/v1,"判断结果：[错误]  
解释：[根据背景知识，真核生物（Eukaryote）包括动物（Animal）及其他类型，而subClassOf规则要求子类实例必须属于父类，此公理违反了该语义约束导致所有真核生物被错误归为动物。]",0,1,
sample_0028,subClassOf,Every instance of Eukaryote is also an instance of Animal.,"背景知识：
条目1：
- 名称：Eukaryote
- 类型：Class
- 简介：eukaryote

条目2：
- 名称：Animal
- 类型：Class
- 简介：animal",0,grok-4,0.0,8192,https://api2.aigcbest.top/v1,"判断结果：[错误]  
解释：[根据背景知识和常识，真核生物（Eukaryote）包括动物（Animal）以外的类别，如植物，因此并非每个Eukaryote实例都是Animal实例，这违反了RDFS subClassOf的语义规则。]",0,1,
sample_0029,subClassOf,"If an entity belongs to class Eukaryote, then it also belongs to class Animal.","背景知识：
条目1：
- 名称：Eukaryote
- 类型：Class
- 简介：eukaryote

条目2：
- 名称：Animal
- 类型：Class
- 简介：animal",0,grok-4,0.0,8192,https://api2.aigcbest.top/v1,"判断结果：[错误]
解释：根据常识知识，真核生物（Eukaryote）包括动物（Animal）以外的类别如植物，因此Eukaryote并非Animal的子类，此公理违反RDFS subClassOf语义规则中类包含关系的合理性。",0,1,
sample_0030,subClassOf,The class Eukaryote is included in the class Animal.,"背景知识：
条目1：
- 名称：Eukaryote
- 类型：Class
- 简介：eukaryote

条目2：
- 名称：Animal
- 类型：Class
- 简介：animal",0,grok-4,0.0,8192,https://api2.aigcbest.top/v1,"判断结果：[错误]  
解释：[根据背景知识和常识，真核生物（Eukaryote）包括动物（Animal）以外的其他类别，如植物，因此Eukaryote subClassOf Animal违反RDFS的subClassOf语义规则，即Eukaryote的实例不全部属于Animal。]",0,1,
sample_0031,subClassOf,GridironFootballPlayer ⊑ AmericanFootballPlayer,"背景知识：
条目1：
- 名称：GridironFootballPlayer
- 类型：Class
- 简介：Gradiron football, also called North American football, is a family of soccer team games played primarily in the United States and Canada.

条目2：
- 名称：AmericanFootballPlayer
- 类型：Class
- 简介：american football player",0,grok-4,0.0,8192,https://api2.aigcbest.top/v1,"判断结果：错误  
解释：根据背景知识，GridironFootballPlayer 表示北美足球球员（包括美国和加拿大），而 AmericanFootballPlayer 表示美国足球球员，因此 GridironFootballPlayer 不是 AmericanFootballPlayer 的子类（subClassOf），否则违反 RDFS 中子类关系的语义规则，即所有前者实例必须属于后者。",0,1,
sample_0032,subClassOf,GridironFootballPlayer is a subclass of AmericanFootballPlayer.,"背景知识：
条目1：
- 名称：GridironFootballPlayer
- 类型：Class
- 简介：Gradiron football, also called North American football, is a family of soccer team games played primarily in the United States and Canada.

条目2：
- 名称：AmericanFootballPlayer
- 类型：Class
- 简介：american football player",0,grok-4,0.0,8192,https://api2.aigcbest.top/v1,"判断结果：错误  
解释：根据背景知识，GridironFootballPlayer 表示更广泛的北美足球运动员类别（包括美国和加拿大），而AmericanFootballPlayer特指美国足球运动员，因此GridironFootballPlayer不能是AmericanFootballPlayer的子类，否则违反subClassOf的语义规则，即并非所有GridironFootballPlayer实例都属于AmericanFootballPlayer。",0,1,
sample_0033,subClassOf,Every instance of GridironFootballPlayer is also an instance of AmericanFootballPlayer.,"背景知识：
条目1：
- 名称：GridironFootballPlayer
- 类型：Class
- 简介：Gradiron football, also called North American football, is a family of soccer team games played primarily in the United States and Canada.

条目2：
- 名称：AmericanFootballPlayer
- 类型：Class
- 简介：american football player",0,grok-4,0.0,8192,https://api2.aigcbest.top/v1,"判断结果：[错误]  
解释：[根据背景知识，GridironFootballPlayer 涵盖北美足球球员，包括美国和加拿大，而 AmericanFootballPlayer 特指美国足球球员，因此 GridironFootballPlayer 的实例不一定都是 AmericanFootballPlayer 的实例，与 subClassOf 的语义规则冲突。]",0,1,
sample_0034,subClassOf,"If an entity belongs to class GridironFootballPlayer, then it also belongs to class AmericanFootballPlayer.","背景知识：
条目1：
- 名称：GridironFootballPlayer
- 类型：Class
- 简介：Gradiron football, also called North American football, is a family of soccer team games played primarily in the United States and Canada.

条目2：
- 名称：AmericanFootballPlayer
- 类型：Class
- 简介：american football player",0,grok-4,0.0,8192,https://api2.aigcbest.top/v1,"判断结果：错误  
解释：根据背景知识，GridironFootballPlayer 表示更广泛的北美足球球员类（包括美国和加拿大），而AmericanFootballPlayer 表示美国足球球员类，因此 GridironFootballPlayer 并非 AmericanFootballPlayer 的子类，违反 subClassOf 的语义规则。",0,1,
sample_0035,subClassOf,The class GridironFootballPlayer is included in the class AmericanFootballPlayer.,"背景知识：
条目1：
- 名称：GridironFootballPlayer
- 类型：Class
- 简介：Gradiron football, also called North American football, is a family of soccer team games played primarily in the United States and Canada.

条目2：
- 名称：AmericanFootballPlayer
- 类型：Class
- 简介：american football player",0,grok-4,0.0,8192,https://api2.aigcbest.top/v1,"判断结果：错误  
解释：根据背景知识，GridironFootballPlayer 表示更广泛的北美足球球员类（包括美国和加拿大），而 AmericanFootballPlayer 特指美国足球球员，因此 GridironFootballPlayer subClassOf AmericanFootballPlayer 会违反 RDFS subClassOf 语义规则，因为并非所有 GridironFootballPlayer 实例都属于 AmericanFootballPlayer。",0,1,
sample_0036,subClassOf,Person ⊑ Animal,"背景知识：
条目1：
- 名称：Person
- 类型：Class
- 简介：person

条目2：
- 名称：Animal
- 类型：Class
- 简介：animal",1,grok-4,0.0,8192,https://api2.aigcbest.top/v1,"判断结果：[正确]  
解释：[根据背景知识和常识，人（Person）属于动物（Animal）的一种，符合RDFS subClassOf规则的类包含关系，无明显冲突。]",1,1,
sample_0037,subClassOf,Person is a subclass of Animal.,"背景知识：
条目1：
- 名称：Person
- 类型：Class
- 简介：person

条目2：
- 名称：Animal
- 类型：Class
- 简介：animal",1,grok-4,0.0,8192,https://api2.aigcbest.top/v1,"判断结果：[正确]  
解释：[根据RDFS subClassOf规则，Person作为人类的类是Animal（动物）的子类，这与背景知识中Person和Animal的语义描述以及常识知识一致，无明显冲突。]",1,1,
sample_0038,subClassOf,Every instance of Person is also an instance of Animal.,"背景知识：
条目1：
- 名称：Person
- 类型：Class
- 简介：person

条目2：
- 名称：Animal
- 类型：Class
- 简介：animal",1,grok-4,0.0,8192,https://api2.aigcbest.top/v1,"判断结果：[正确]  
解释：[根据背景知识中Person作为person类和Animal作为animal类，结合RDFS subClassOf规则表示类包含关系以及常识知识，人是动物的子类，因此该公理合理。]",1,1,
sample_0039,subClassOf,"If an entity belongs to class Person, then it also belongs to class Animal.","背景知识：
条目1：
- 名称：Person
- 类型：Class
- 简介：person

条目2：
- 名称：Animal
- 类型：Class
- 简介：animal",1,grok-4,0.0,8192,https://api2.aigcbest.top/v1,"判断结果：[正确]
解释：根据背景知识中Person和Animal的语义（person属于animal的范畴），该公理符合RDFS subClassOf规则，表示Person是Animal的子类，无明显冲突。",1,1,
sample_0040,subClassOf,The class Person is included in the class Animal.,"背景知识：
条目1：
- 名称：Person
- 类型：Class
- 简介：person

条目2：
- 名称：Animal
- 类型：Class
- 简介：animal",1,grok-4,0.0,8192,https://api2.aigcbest.top/v1,"判断结果：[正确]  
解释：[根据背景知识中Person作为person类和Animal作为animal类，结合常识和RDFS subClassOf规则，人是动物的子类，因此该包含关系合理且无冲突。]",1,1,
sample_0041,subClassOf,PopulatedPlace ⊑ Agglomeration,"背景知识：
条目1：
- 名称：PopulatedPlace
- 类型：Class
- 简介：As defined by the United States Geological Survey, a populated place is a place or area with clustered or scattered buildings and a permanent human population (city, settlement, town, or village) referenced with geographic coordinates (http...

条目2：
- 名称：Agglomeration
- 类型：Class
- 简介：agglomeration",0,grok-4,0.0,8192,https://api2.aigcbest.top/v1,"判断结果：[错误]  
解释：[根据背景知识，PopulatedPlace表示具有永久人口的聚居地（如城市或村庄），而Agglomeration通常指更大规模的城市集聚区，因此PopulatedPlace的实例不一定属于Agglomeration，违反RDFS subClassOf的包含语义规则。]",0,1,
sample_0042,subClassOf,PopulatedPlace is a subclass of Agglomeration.,"背景知识：
条目1：
- 名称：PopulatedPlace
- 类型：Class
- 简介：As defined by the United States Geological Survey, a populated place is a place or area with clustered or scattered buildings and a permanent human population (city, settlement, town, or village) referenced with geographic coordinates (http...

条目2：
- 名称：Agglomeration
- 类型：Class
- 简介：agglomeration",0,grok-4,0.0,8192,https://api2.aigcbest.top/v1,"判断结果：错误  
解释：根据背景知识，PopulatedPlace包括clustered或scattered的人口聚居地，而Agglomeration通常指聚集体或城市群，RDFS subClassOf要求所有PopulatedPlace实例均为Agglomeration实例，但scattered聚居地不一定符合Agglomeration的语义，因此存在冲突。",0,1,
sample_0043,subClassOf,Every instance of PopulatedPlace is also an instance of Agglomeration.,"背景知识：
条目1：
- 名称：PopulatedPlace
- 类型：Class
- 简介：As defined by the United States Geological Survey, a populated place is a place or area with clustered or scattered buildings and a permanent human population (city, settlement, town, or village) referenced with geographic coordinates (http...

条目2：
- 名称：Agglomeration
- 类型：Class
- 简介：agglomeration",0,grok-4,0.0,8192,https://api2.aigcbest.top/v1,"判断结果：[错误]  
解释：[根据背景知识，PopulatedPlace描述具有永久人口的聚居地（如城市或村庄），而Agglomeration仅简述为“agglomeration”（通常指更大规模的城市集聚），因此并非每个PopulatedPlace实例都必然是Agglomeration实例，与subClassOf的RDFS语义规则存在冲突。]",0,1,
sample_0044,subClassOf,"If an entity belongs to class PopulatedPlace, then it also belongs to class Agglomeration.","背景知识：
条目1：
- 名称：PopulatedPlace
- 类型：Class
- 简介：As defined by the United States Geological Survey, a populated place is a place or area with clustered or scattered buildings and a permanent human population (city, settlement, town, or village) referenced with geographic coordinates (http...

条目2：
- 名称：Agglomeration
- 类型：Class
- 简介：agglomeration",0,grok-4,0.0,8192,https://api2.aigcbest.top/v1,"判断结果：[错误]
解释：[背景知识中PopulatedPlace包括小型聚居地如村庄，而Agglomeration通常指大规模城市聚集，根据RDFS subClassOf规则，此关系会导致语义冲突，因为并非所有PopulatedPlace实例都属于Agglomeration。]",0,1,
sample_0045,subClassOf,The class PopulatedPlace is included in the class Agglomeration.,"背景知识：
条目1：
- 名称：PopulatedPlace
- 类型：Class
- 简介：As defined by the United States Geological Survey, a populated place is a place or area with clustered or scattered buildings and a permanent human population (city, settlement, town, or village) referenced with geographic coordinates (http...

条目2：
- 名称：Agglomeration
- 类型：Class
- 简介：agglomeration",0,grok-4,0.0,8192,https://api2.aigcbest.top/v1,"判断结果：[错误]
解释：[基于背景知识，PopulatedPlace表示单个聚居地如城市或村庄，而Agglomeration表示城市集聚区，因此PopulatedPlace的实例不一定是Agglomeration的实例，与subClassOf语义规则冲突。]",0,1,
sample_0046,subClassOf,TopicalConcept ⊑ Type,"背景知识：
条目1：
- 名称：TopicalConcept
- 类型：Class
- 简介：topical concept

条目2：
- 名称：Type
- 类型：Class
- 简介：a category within a classification system",0,grok-4,0.0,8192,https://api2.aigcbest.top/v1,"判断结果：[正确]  
解释：[基于背景知识，TopicalConcept 表示主题概念，可视为分类系统中的类别，因此符合 RDFS subClassOf 规则，作为 Type 的子类是合理的。]",1,0,
sample_0047,subClassOf,TopicalConcept is a subclass of Type.,"背景知识：
条目1：
- 名称：TopicalConcept
- 类型：Class
- 简介：topical concept

条目2：
- 名称：Type
- 类型：Class
- 简介：a category within a classification system",0,grok-4,0.0,8192,https://api2.aigcbest.top/v1,"判断结果：[正确]  
解释：[TopicalConcept作为主题概念，其语义可被视为分类系统中的类别（Type），符合RDFS subClassOf规则的包含关系，且无背景知识冲突。]",1,0,
sample_0048,subClassOf,Every instance of TopicalConcept is also an instance of Type.,"背景知识：
条目1：
- 名称：TopicalConcept
- 类型：Class
- 简介：topical concept

条目2：
- 名称：Type
- 类型：Class
- 简介：a category within a classification system",0,grok-4,0.0,8192,https://api2.aigcbest.top/v1,"判断结果：[正确]  
解释：[结合背景知识，TopicalConcept作为主题概念可以被视为分类系统中的一个类别，即符合RDFS subClassOf规则下Type的子类关系。]",1,0,
sample_0049,subClassOf,"If an entity belongs to class TopicalConcept, then it also belongs to class Type.","背景知识：
条目1：
- 名称：TopicalConcept
- 类型：Class
- 简介：topical concept

条目2：
- 名称：Type
- 类型：Class
- 简介：a category within a classification system",0,grok-4,0.0,8192,https://api2.aigcbest.top/v1,"判断结果：正确  
解释：根据背景知识，TopicalConcept作为topical concept可被视为分类系统中的一种类别（Type），符合RDFS subClassOf规则的包含关系，无明显冲突。",1,0,
sample_0050,subClassOf,The class TopicalConcept is included in the class Type.,"背景知识：
条目1：
- 名称：TopicalConcept
- 类型：Class
- 简介：topical concept

条目2：
- 名称：Type
- 类型：Class
- 简介：a category within a classification system",0,grok-4,0.0,8192,https://api2.aigcbest.top/v1,"判断结果：[正确]  
解释：[基于背景知识，TopicalConcept作为topical concept可以被视为Type（分类系统中的类别），符合RDFS subClassOf规则的类包含关系语义。]",1,0,
sample_0051,subPropertyOf,Wins ⊑p rankingWins,"背景知识：
条目1：
- 名称：Wins
- 类型：Unknown
- 简介：Wins

条目2：
- 名称：rankingWins
- 类型：Property
- 简介：ranking wins",0,grok-4,0.0,8192,https://api2.aigcbest.top/v1,"判断结果：[错误]  
解释：[Wins的类型为Unknown并非属性，无法作为rankingWins的子属性，这违反RDFS中subPropertyOf仅适用于属性间的包含关系规则。]",0,1,
sample_0052,subPropertyOf,Wins is a subproperty of rankingWins.,"背景知识：
条目1：
- 名称：Wins
- 类型：Unknown
- 简介：Wins

条目2：
- 名称：rankingWins
- 类型：Property
- 简介：ranking wins",0,grok-4,0.0,8192,https://api2.aigcbest.top/v1,"判断结果：错误  
解释：根据背景知识，Wins的类型为Unknown而非Property，无法作为rankingWins的subProperty，这违反RDFS中subPropertyOf仅适用于属性之间的语义规则。",0,1,
sample_0053,subPropertyOf,"If two resources are related by Wins, then they are also related by rankingWins.","背景知识：
条目1：
- 名称：Wins
- 类型：Unknown
- 简介：Wins

条目2：
- 名称：rankingWins
- 类型：Property
- 简介：ranking wins",0,grok-4,0.0,8192,https://api2.aigcbest.top/v1,"判断结果：[错误]
解释：公理隐含Wins为属性并与rankingWins存在subPropertyOf关系，但背景知识中Wins类型为Unknown，无法确认其为属性，与RDFS语义规则冲突。",0,1,
sample_0054,subPropertyOf,"For any x and y, if x Wins y holds, then x rankingWins y also holds.","背景知识：
条目1：
- 名称：Wins
- 类型：Unknown
- 简介：Wins

条目2：
- 名称：rankingWins
- 类型：Property
- 简介：ranking wins",0,grok-4,0.0,8192,https://api2.aigcbest.top/v1,"判断结果：[错误]  
解释：[背景知识中Wins类型为Unknown而非Property，无法作为rankingWins的子属性满足RDFS subPropertyOf语义规则。]",0,1,
sample_0055,subPropertyOf,The property Wins is more specific than the property rankingWins.,"背景知识：
条目1：
- 名称：Wins
- 类型：Unknown
- 简介：Wins

条目2：
- 名称：rankingWins
- 类型：Property
- 简介：ranking wins",0,grok-4,0.0,8192,https://api2.aigcbest.top/v1,"判断结果：错误  
解释：背景知识中Wins类型为Unknown而非Property，无法作为属性与rankingWins形成subPropertyOf关系，与RDFS语义规则冲突。",0,1,
sample_0056,subPropertyOf,administrativeHeadCity ⊑p capital,"背景知识：
条目1：
- 名称：administrativeHeadCity
- 类型：Property
- 简介：city where stand the administrative power

条目2：
- 名称：capital
- 类型：Property
- 简介：capital",0,grok-4,0.0,8192,https://api2.aigcbest.top/v1,"判断结果：[错误]  
解释：[administrativeHeadCity表示行政权力所在的城市，而capital表示首都，二者语义不严格包含，不满足RDFS subPropertyOf规则要求的前者属性值必隐含后者。]",0,1,
sample_0057,subPropertyOf,administrativeHeadCity is a subproperty of capital.,"背景知识：
条目1：
- 名称：administrativeHeadCity
- 类型：Property
- 简介：city where stand the administrative power

条目2：
- 名称：capital
- 类型：Property
- 简介：capital",0,grok-4,0.0,8192,https://api2.aigcbest.top/v1,"判断结果：错误  
解释：根据背景知识，administrativeHeadCity表示行政权力所在的城市，而capital表示首都，二者语义不一定包含（例如某些国家的行政中心并非官方首都），因此不符合RDFS subPropertyOf规则的属性包含关系。",0,1,
sample_0058,subPropertyOf,"If two resources are related by administrativeHeadCity, then they are also related by capital.","背景知识：
条目1：
- 名称：administrativeHeadCity
- 类型：Property
- 简介：city where stand the administrative power

条目2：
- 名称：capital
- 类型：Property
- 简介：capital",0,grok-4,0.0,8192,https://api2.aigcbest.top/v1,"判断结果：[错误]  
解释：根据背景知识，administrativeHeadCity表示行政权力所在的城市，而capital表示首都，二者在语义上不一定等价或包含（如某些国家行政中心并非官方首都），因此不符合RDFS subPropertyOf规则的蕴含关系。",0,1,
sample_0059,subPropertyOf,"For any x and y, if x administrativeHeadCity y holds, then x capital y also holds.","背景知识：
条目1：
- 名称：administrativeHeadCity
- 类型：Property
- 简介：city where stand the administrative power

条目2：
- 名称：capital
- 类型：Property
- 简介：capital",0,grok-4,0.0,8192,https://api2.aigcbest.top/v1,"判断结果：[错误]  
解释：根据背景知识，administrativeHeadCity表示行政权力所在的城市，而capital表示首都，二者语义不一定等价或包含（如某些国家行政中心不同于首都），因此该公理违反RDFS subPropertyOf规则的语义蕴含要求。",0,1,
sample_0060,subPropertyOf,The property administrativeHeadCity is more specific than the property capital.,"背景知识：
条目1：
- 名称：administrativeHeadCity
- 类型：Property
- 简介：city where stand the administrative power

条目2：
- 名称：capital
- 类型：Property
- 简介：capital",0,grok-4,0.0,8192,https://api2.aigcbest.top/v1,"判断结果：[错误]
解释：根据背景知识和常识，administrativeHeadCity表示行政权力所在的城市，而capital表示官方首都，二者语义相关但不必然满足subPropertyOf关系，因为某些国家行政中心并非官方首都，导致该公理与RDFS蕴涵规则冲突。",0,1,
sample_0061,subPropertyOf,championInMixedDouble ⊑p championInDouble,"背景知识：
条目1：
- 名称：championInMixedDouble
- 类型：Property
- 简介：winner of a competition in the mixed double session (as in tennis)

条目2：
- 名称：championInDouble
- 类型：Property
- 简介：winner of a competition in the double session (as in tennis)",1,grok-4,0.0,8192,https://api2.aigcbest.top/v1,"判断结果：[正确]  
解释：[根据背景知识，championInMixedDouble表示混合双打冠军，是championInDouble（双打冠军）的一种特定形式，符合RDFS subPropertyOf语义规则，即前者属性蕴涵后者属性。]",1,1,
sample_0062,subPropertyOf,championInMixedDouble is a subproperty of championInDouble.,"背景知识：
条目1：
- 名称：championInMixedDouble
- 类型：Property
- 简介：winner of a competition in the mixed double session (as in tennis)

条目2：
- 名称：championInDouble
- 类型：Property
- 简介：winner of a competition in the double session (as in tennis)",1,grok-4,0.0,8192,https://api2.aigcbest.top/v1,"判断结果：正确  
解释：根据背景知识，championInMixedDouble表示混合双打冠军，而championInDouble表示双打冠军，混合双打是双打的一种特定形式，因此符合RDFS subPropertyOf语义规则，即前者是后者的子属性。",1,1,
sample_0063,subPropertyOf,"If two resources are related by championInMixedDouble, then they are also related by championInDouble.","背景知识：
条目1：
- 名称：championInMixedDouble
- 类型：Property
- 简介：winner of a competition in the mixed double session (as in tennis)

条目2：
- 名称：championInDouble
- 类型：Property
- 简介：winner of a competition in the double session (as in tennis)",1,grok-4,0.0,8192,https://api2.aigcbest.top/v1,"判断结果：[正确]  
解释：[根据背景知识，championInMixedDouble表示混合双打冠军，是championInDouble（双打冠军）的语义子集，符合RDFS subPropertyOf规则的包含关系推理。]",1,1,
sample_0064,subPropertyOf,"For any x and y, if x championInMixedDouble y holds, then x championInDouble y also holds.","背景知识：
条目1：
- 名称：championInMixedDouble
- 类型：Property
- 简介：winner of a competition in the mixed double session (as in tennis)

条目2：
- 名称：championInDouble
- 类型：Property
- 简介：winner of a competition in the double session (as in tennis)",1,grok-4,0.0,8192,https://api2.aigcbest.top/v1,"判断结果：[错误]  
解释：[根据背景知识，championInMixedDouble表示混双冠军，而championInDouble表示双打冠军，二者是独立的网球赛事类别，因此championInMixedDouble不蕴涵championInDouble，无法满足RDFS subPropertyOf语义规则。]",0,0,
sample_0065,subPropertyOf,The property championInMixedDouble is more specific than the property championInDouble.,"背景知识：
条目1：
- 名称：championInMixedDouble
- 类型：Property
- 简介：winner of a competition in the mixed double session (as in tennis)

条目2：
- 名称：championInDouble
- 类型：Property
- 简介：winner of a competition in the double session (as in tennis)",1,grok-4,0.0,8192,https://api2.aigcbest.top/v1,"判断结果：[正确]  
解释：[根据背景知识，championInMixedDouble表示混合双打冠军，是championInDouble（双打冠军）的一种更具体形式，符合RDFS subPropertyOf语义规则，其中子属性隐含父属性的关系。]",1,1,
sample_0066,subPropertyOf,code ⊑p brinCode,"背景知识：
条目1：
- 名称：code
- 类型：Property
- 简介：Superproperty for any designation (string, integer as string) that is meant to identify an entity within the context of a system

条目2：
- 名称：brinCode
- 类型：Property
- 简介：The code used by the Dutch Ministry of Education to identify a school (as an organisation)",0,grok-4,0.0,8192,https://api2.aigcbest.top/v1,"判断结果：错误  
解释：根据背景知识，code作为超级属性应包含brinCode作为其子属性，而公理code ⊑p brinCode颠倒了subPropertyOf关系，导致通用标识code被错误地视为特定荷兰学校代码brinCode的子集，与RDFS语义规则冲突。",0,1,
sample_0067,subPropertyOf,code is a subproperty of brinCode.,"背景知识：
条目1：
- 名称：code
- 类型：Property
- 简介：Superproperty for any designation (string, integer as string) that is meant to identify an entity within the context of a system

条目2：
- 名称：brinCode
- 类型：Property
- 简介：The code used by the Dutch Ministry of Education to identify a school (as an organisation)",0,grok-4,0.0,8192,https://api2.aigcbest.top/v1,"判断结果：[错误]
解释：根据背景知识，code是用于各种系统标识的超级属性，而brinCode是特定用于荷兰学校标识的属性，因此code不能是brinCode的子属性，否则违反RDFS中subPropertyOf的语义包含规则。",0,1,
sample_0068,subPropertyOf,"If two resources are related by code, then they are also related by brinCode.","背景知识：
条目1：
- 名称：code
- 类型：Property
- 简介：Superproperty for any designation (string, integer as string) that is meant to identify an entity within the context of a system

条目2：
- 名称：brinCode
- 类型：Property
- 简介：The code used by the Dutch Ministry of Education to identify a school (as an organisation)",0,grok-4,0.0,8192,https://api2.aigcbest.top/v1,"判断结果：错误  
解释：根据背景知识，code是brinCode的superproperty，因此brinCode subPropertyOf code才合理，而公理表述的code subPropertyOf brinCode与此冲突且违反RDFS中subPropertyOf的语义规则。",0,1,
sample_0069,subPropertyOf,"For any x and y, if x code y holds, then x brinCode y also holds.","背景知识：
条目1：
- 名称：code
- 类型：Property
- 简介：Superproperty for any designation (string, integer as string) that is meant to identify an entity within the context of a system

条目2：
- 名称：brinCode
- 类型：Property
- 简介：The code used by the Dutch Ministry of Education to identify a school (as an organisation)",0,grok-4,0.0,8192,https://api2.aigcbest.top/v1,"判断结果：错误  
解释：公理隐含code subPropertyOf brinCode，但背景知识表明code是superproperty，而brinCode是其特定子属性，导致语义关系反向冲突。",0,1,
sample_0070,subPropertyOf,The property code is more specific than the property brinCode.,"背景知识：
条目1：
- 名称：code
- 类型：Property
- 简介：Superproperty for any designation (string, integer as string) that is meant to identify an entity within the context of a system

条目2：
- 名称：brinCode
- 类型：Property
- 简介：The code used by the Dutch Ministry of Education to identify a school (as an organisation)",0,grok-4,0.0,8192,https://api2.aigcbest.top/v1,"判断结果：错误
解释：根据背景知识，code作为superproperty是更一般的属性，而brinCode是其具体形式，因此code不能比brinCode更具体，这违反了RDFS中subPropertyOf的语义规则。",0,1,
sample_0071,subPropertyOf,code ⊑p codeListOfHonour,"背景知识：
条目1：
- 名称：code
- 类型：Property
- 简介：Superproperty for any designation (string, integer as string) that is meant to identify an entity within the context of a system

条目2：
- 名称：codeListOfHonour
- 类型：Property
- 简介：code on List of Honour",0,grok-4,0.0,8192,https://api2.aigcbest.top/v1,"判断结果：[错误]  
解释：[根据背景知识，code作为通用标识代码的superproperty，应是codeListOfHonour（特定荣誉列表代码）的超属性，而公理code ⊑p codeListOfHonour颠倒了RDFS subPropertyOf的包含关系，导致语义冲突。]",0,1,
sample_0072,subPropertyOf,code is a subproperty of codeListOfHonour.,"背景知识：
条目1：
- 名称：code
- 类型：Property
- 简介：Superproperty for any designation (string, integer as string) that is meant to identify an entity within the context of a system

条目2：
- 名称：codeListOfHonour
- 类型：Property
- 简介：code on List of Honour",0,grok-4,0.0,8192,https://api2.aigcbest.top/v1,"判断结果：错误  
解释：根据背景知识，code作为超级属性（superproperty）表示更一般的标识，而codeListOfHonour是其特定类型（code on List of Honour），因此code应是codeListOfHonour的superproperty而非subproperty，与RDFS subPropertyOf语义规则冲突。",0,1,
sample_0073,subPropertyOf,"If two resources are related by code, then they are also related by codeListOfHonour.","背景知识：
条目1：
- 名称：code
- 类型：Property
- 简介：Superproperty for any designation (string, integer as string) that is meant to identify an entity within the context of a system

条目2：
- 名称：codeListOfHonour
- 类型：Property
- 简介：code on List of Honour",0,grok-4,0.0,8192,https://api2.aigcbest.top/v1,"判断结果：[错误]  
解释：[公理暗示code subPropertyOf codeListOfHonour，但背景知识表明code是superproperty，而codeListOfHonour是其具体形式，应为codeListOfHonour subPropertyOf code，与RDFS蕴涵规则冲突。]",0,1,
sample_0074,subPropertyOf,"For any x and y, if x code y holds, then x codeListOfHonour y also holds.","背景知识：
条目1：
- 名称：code
- 类型：Property
- 简介：Superproperty for any designation (string, integer as string) that is meant to identify an entity within the context of a system

条目2：
- 名称：codeListOfHonour
- 类型：Property
- 简介：code on List of Honour",0,grok-4,0.0,8192,https://api2.aigcbest.top/v1,"判断结果：[错误]  
解释：[根据背景知识，code是superproperty，而codeListOfHonour是其特定子类型，因此RDFS subPropertyOf应为codeListOfHonour子于code，反之则与语义规则冲突。]",0,1,
sample_0075,subPropertyOf,The property code is more specific than the property codeListOfHonour.,"背景知识：
条目1：
- 名称：code
- 类型：Property
- 简介：Superproperty for any designation (string, integer as string) that is meant to identify an entity within the context of a system

条目2：
- 名称：codeListOfHonour
- 类型：Property
- 简介：code on List of Honour",0,grok-4,0.0,8192,https://api2.aigcbest.top/v1,"判断结果：错误  
解释：根据背景知识，code 是超级属性，而 codeListOfHonour 是其特定形式，因此 codeListOfHonour 应 subPropertyOf code，反之则与 RDFS subPropertyOf 语义规则冲突。",0,1,
sample_0076,subPropertyOf,code ⊑p codeStockExchange,"背景知识：
条目1：
- 名称：code
- 类型：Property
- 简介：Superproperty for any designation (string, integer as string) that is meant to identify an entity within the context of a system

条目2：
- 名称：codeStockExchange
- 类型：Property
- 简介：code Stock Exchange",0,grok-4,0.0,8192,https://api2.aigcbest.top/v1,"判断结果：错误  
解释：根据背景知识，code作为superproperty是更一般的属性，而codeStockExchange是其具体形式，因此RDFS subPropertyOf规则要求codeStockExchange应是code的子属性，反之则与语义包含关系冲突。",0,1,
sample_0077,subPropertyOf,code is a subproperty of codeStockExchange.,"背景知识：
条目1：
- 名称：code
- 类型：Property
- 简介：Superproperty for any designation (string, integer as string) that is meant to identify an entity within the context of a system

条目2：
- 名称：codeStockExchange
- 类型：Property
- 简介：code Stock Exchange",0,grok-4,0.0,8192,https://api2.aigcbest.top/v1,"判断结果：错误
解释：根据背景知识，code作为通用标识的超级属性，应是codeStockExchange的父属性，而公理反向声明code为codeStockExchange的子属性，违反RDFS中subPropertyOf的语义包含规则。",0,1,
sample_0078,subPropertyOf,"If two resources are related by code, then they are also related by codeStockExchange.","背景知识：
条目1：
- 名称：code
- 类型：Property
- 简介：Superproperty for any designation (string, integer as string) that is meant to identify an entity within the context of a system

条目2：
- 名称：codeStockExchange
- 类型：Property
- 简介：code Stock Exchange",0,grok-4,0.0,8192,https://api2.aigcbest.top/v1,"判断结果：错误  
解释：公理暗示code subPropertyOf codeStockExchange，但背景知识表明code是超级属性，而codeStockExchange是其特定子属性，导致语义规则下推理不成立。",0,1,
sample_0079,subPropertyOf,"For any x and y, if x code y holds, then x codeStockExchange y also holds.","背景知识：
条目1：
- 名称：code
- 类型：Property
- 简介：Superproperty for any designation (string, integer as string) that is meant to identify an entity within the context of a system

条目2：
- 名称：codeStockExchange
- 类型：Property
- 简介：code Stock Exchange",0,grok-4,0.0,8192,https://api2.aigcbest.top/v1,"判断结果：[错误]  
解释：公理暗示code subPropertyOf codeStockExchange，但背景知识显示code是超级属性，而codeStockExchange是其具体子属性，此蕴涵方向与RDFS subPropertyOf语义规则及常识相悖。",0,1,
sample_0080,subPropertyOf,The property code is more specific than the property codeStockExchange.,"背景知识：
条目1：
- 名称：code
- 类型：Property
- 简介：Superproperty for any designation (string, integer as string) that is meant to identify an entity within the context of a system

条目2：
- 名称：codeStockExchange
- 类型：Property
- 简介：code Stock Exchange",0,grok-4,0.0,8192,https://api2.aigcbest.top/v1,"判断结果：错误  
解释：根据背景知识，code作为Superproperty是codeStockExchange的超属性，而公理错误地将code描述为更具体的子属性，与RDFS subPropertyOf语义规则冲突。",0,1,
sample_0081,subPropertyOf,code ⊑p cosparId,"背景知识：
条目1：
- 名称：code
- 类型：Property
- 简介：Superproperty for any designation (string, integer as string) that is meant to identify an entity within the context of a system

条目2：
- 名称：cosparId
- 类型：Property
- 简介：Described at http://en.wikipedia.org/wiki/International_Designator",0,grok-4,0.0,8192,https://api2.aigcbest.top/v1,"判断结果：错误  
解释：根据背景知识，code作为superproperty应是cosparId的父属性，而公理code ⊑p cosparId违反RDFS subPropertyOf语义规则，将code错误地置于cosparId的子属性位置，导致语义关系倒置。",0,1,
sample_0082,subPropertyOf,code is a subproperty of cosparId.,"背景知识：
条目1：
- 名称：code
- 类型：Property
- 简介：Superproperty for any designation (string, integer as string) that is meant to identify an entity within the context of a system

条目2：
- 名称：cosparId
- 类型：Property
- 简介：Described at http://en.wikipedia.org/wiki/International_Designator",0,grok-4,0.0,8192,https://api2.aigcbest.top/v1,"判断结果：错误  
解释：根据背景知识，code作为通用标识的superproperty，应是cosparId（特定太空物体标识）的父属性，而公理将code设为cosparId的subproperty违反了RDFS中subPropertyOf的语义包含规则，导致通用属性被错误地视为特定属性的子集。",0,1,
sample_0083,subPropertyOf,"If two resources are related by code, then they are also related by cosparId.","背景知识：
条目1：
- 名称：code
- 类型：Property
- 简介：Superproperty for any designation (string, integer as string) that is meant to identify an entity within the context of a system

条目2：
- 名称：cosparId
- 类型：Property
- 简介：Described at http://en.wikipedia.org/wiki/International_Designator",0,grok-4,0.0,8192,https://api2.aigcbest.top/v1,"判断结果：错误
解释：公理相当于断言subPropertyOf(code, cosparId)，但背景知识表明code是通用标识属性的超级属性，而cosparId是特定类型标识，因此code不应是cosparId的子属性，此断言与RDFS语义规则和背景知识冲突。",0,1,
sample_0084,subPropertyOf,"For any x and y, if x code y holds, then x cosparId y also holds.","背景知识：
条目1：
- 名称：code
- 类型：Property
- 简介：Superproperty for any designation (string, integer as string) that is meant to identify an entity within the context of a system

条目2：
- 名称：cosparId
- 类型：Property
- 简介：Described at http://en.wikipedia.org/wiki/International_Designator",0,grok-4,0.0,8192,https://api2.aigcbest.top/v1,"判断结果：错误  
解释：公理暗示code是cosparId的子属性（if code holds then cosparId holds），但背景知识表明code是超级属性，而cosparId作为具体标识符应是code的子属性，与RDFS subPropertyOf语义规则冲突。",0,1,
sample_0085,subPropertyOf,The property code is more specific than the property cosparId.,"背景知识：
条目1：
- 名称：code
- 类型：Property
- 简介：Superproperty for any designation (string, integer as string) that is meant to identify an entity within the context of a system

条目2：
- 名称：cosparId
- 类型：Property
- 简介：Described at http://en.wikipedia.org/wiki/International_Designator",0,grok-4,0.0,8192,https://api2.aigcbest.top/v1,"判断结果：错误  
解释：根据背景知识，code 是 superproperty（更一般），而 cosparId 是特定标识符，应为 code 的子属性；公理颠倒了 subPropertyOf 关系，与 RDFS 语义规则冲突。",0,1,
sample_0086,subPropertyOf,code ⊑p dfE,"背景知识：
条目1：
- 名称：code
- 类型：Property
- 简介：Superproperty for any designation (string, integer as string) that is meant to identify an entity within the context of a system

条目2：
- 名称：dfE
- 类型：Property
- 简介：Department for Education (UK) number of a school in England or Wales",0,grok-4,0.0,8192,https://api2.aigcbest.top/v1,"判断结果：错误  
解释：根据背景知识，code作为标识实体的通用超属性，而dfE是特定学校的教育部门编号，因此RDFS subPropertyOf规则应为dfE ⊑p code而非相反，与公理存在冲突。",0,1,
sample_0087,subPropertyOf,code is a subproperty of dfE.,"背景知识：
条目1：
- 名称：code
- 类型：Property
- 简介：Superproperty for any designation (string, integer as string) that is meant to identify an entity within the context of a system

条目2：
- 名称：dfE
- 类型：Property
- 简介：Department for Education (UK) number of a school in England or Wales",0,grok-4,0.0,8192,https://api2.aigcbest.top/v1,"判断结果：错误  
解释：根据背景知识，code 是通用标识属性的超级属性，而 dfE 是特定学校编号的属性，因此 dfE 应是 code 的子属性，而非相反，这违反了 RDFS subPropertyOf 的语义包含规则。",0,1,
sample_0088,subPropertyOf,"If two resources are related by code, then they are also related by dfE.","背景知识：
条目1：
- 名称：code
- 类型：Property
- 简介：Superproperty for any designation (string, integer as string) that is meant to identify an entity within the context of a system

条目2：
- 名称：dfE
- 类型：Property
- 简介：Department for Education (UK) number of a school in England or Wales",0,grok-4,0.0,8192,https://api2.aigcbest.top/v1,"判断结果：[错误]  
解释：[公理暗示code是dfE的子属性，但背景知识表明code是通用标识的superproperty，而dfE是其特定子类型，导致语义关系反向冲突。]",0,1,
sample_0089,subPropertyOf,"For any x and y, if x code y holds, then x dfE y also holds.","背景知识：
条目1：
- 名称：code
- 类型：Property
- 简介：Superproperty for any designation (string, integer as string) that is meant to identify an entity within the context of a system

条目2：
- 名称：dfE
- 类型：Property
- 简介：Department for Education (UK) number of a school in England or Wales",0,grok-4,0.0,8192,https://api2.aigcbest.top/v1,"判断结果：错误  
解释：公理隐含code subPropertyOf dfE，但背景知识表明code是通用标识的超级属性，而dfE是特定学校标识，因此应为dfE subPropertyOf code，与公理方向冲突。",0,1,
sample_0090,subPropertyOf,The property code is more specific than the property dfE.,"背景知识：
条目1：
- 名称：code
- 类型：Property
- 简介：Superproperty for any designation (string, integer as string) that is meant to identify an entity within the context of a system

条目2：
- 名称：dfE
- 类型：Property
- 简介：Department for Education (UK) number of a school in England or Wales",0,grok-4,0.0,8192,https://api2.aigcbest.top/v1,"判断结果：错误  
解释：根据背景知识，code作为标识实体的超级属性，而dfE是其特定子类型（英国学校编号），因此dfE应subPropertyOf code，而非code更具体于dfE，这与RDFS subPropertyOf语义规则冲突。",0,1,
sample_0091,subPropertyOf,code ⊑p dutchNAIdentifier,"背景知识：
条目1：
- 名称：code
- 类型：Property
- 简介：Superproperty for any designation (string, integer as string) that is meant to identify an entity within the context of a system

条目2：
- 名称：dutchNAIdentifier
- 类型：Property
- 简介：Identifier for Duch National Archive",0,grok-4,0.0,8192,https://api2.aigcbest.top/v1,"判断结果：错误  
解释：根据背景知识，code作为任何系统标识符的superproperty，应是dutchNAIdentifier的超属性，而公理code ⊑p dutchNAIdentifier违反RDFS subPropertyOf语义规则中子属性向超属性的蕴涵方向，导致泛化属性被错误地视为具体属性的子集。",0,1,
sample_0092,subPropertyOf,code is a subproperty of dutchNAIdentifier.,"背景知识：
条目1：
- 名称：code
- 类型：Property
- 简介：Superproperty for any designation (string, integer as string) that is meant to identify an entity within the context of a system

条目2：
- 名称：dutchNAIdentifier
- 类型：Property
- 简介：Identifier for Duch National Archive",0,grok-4,0.0,8192,https://api2.aigcbest.top/v1,"判断结果：错误  
解释：根据背景知识，code作为通用标识的超级属性，而dutchNAIdentifier是特定荷兰国家档案标识符，在RDFS subPropertyOf规则下，code不能是dutchNAIdentifier的子属性，否则会违反属性的包含关系和特化原则。",0,1,
sample_0093,subPropertyOf,"If two resources are related by code, then they are also related by dutchNAIdentifier.","背景知识：
条目1：
- 名称：code
- 类型：Property
- 简介：Superproperty for any designation (string, integer as string) that is meant to identify an entity within the context of a system

条目2：
- 名称：dutchNAIdentifier
- 类型：Property
- 简介：Identifier for Duch National Archive",0,grok-4,0.0,8192,https://api2.aigcbest.top/v1,"判断结果：错误  
解释：公理隐含code subPropertyOf dutchNAIdentifier，但背景知识表明code是超级属性，而dutchNAIdentifier是其特定子类型，导致语义关系颠倒，与RDFS subPropertyOf规则冲突。",0,1,
sample_0094,subPropertyOf,"For any x and y, if x code y holds, then x dutchNAIdentifier y also holds.","背景知识：
条目1：
- 名称：code
- 类型：Property
- 简介：Superproperty for any designation (string, integer as string) that is meant to identify an entity within the context of a system

条目2：
- 名称：dutchNAIdentifier
- 类型：Property
- 简介：Identifier for Duch National Archive",0,grok-4,0.0,8192,https://api2.aigcbest.top/v1,"判断结果：[错误]  
解释：[根据背景知识，code 是通用标识的超属性，而 dutchNAIdentifier 是其具体子属性，因此如果 x code y 则 x dutchNAIdentifier y 的蕴涵与 RDFS subPropertyOf 语义规则冲突，反之才合理。]",0,1,
sample_0095,subPropertyOf,The property code is more specific than the property dutchNAIdentifier.,"背景知识：
条目1：
- 名称：code
- 类型：Property
- 简介：Superproperty for any designation (string, integer as string) that is meant to identify an entity within the context of a system

条目2：
- 名称：dutchNAIdentifier
- 类型：Property
- 简介：Identifier for Duch National Archive",0,grok-4,0.0,8192,https://api2.aigcbest.top/v1,"判断结果：错误  
解释：根据背景知识，code 是通用超属性，而 dutchNAIdentifier 是特定标识符属性，因此 subPropertyOf 关系应为 dutchNAIdentifier subPropertyOf code，而不是 code 更具体于 dutchNAIdentifier，这违反 RDFS 属性包含语义规则。",0,1,
sample_0096,subPropertyOf,code ⊑p dutchPPNCode,"背景知识：
条目1：
- 名称：code
- 类型：Property
- 简介：Superproperty for any designation (string, integer as string) that is meant to identify an entity within the context of a system

条目2：
- 名称：dutchPPNCode
- 类型：Property
- 简介：Dutch PPN code is a library cataloguing code for collection items (books, journals and the like).",0,grok-4,0.0,8192,https://api2.aigcbest.top/v1,"判断结果：错误  
解释：根据背景知识，code作为超级属性（superproperty）应是dutchPPNCode的父属性，而公理code ⊑p dutchPPNCode违反RDFS subPropertyOf语义规则，将通用属性错误地置于特定属性之下，导致语义冲突。",0,1,
sample_0097,subPropertyOf,code is a subproperty of dutchPPNCode.,"背景知识：
条目1：
- 名称：code
- 类型：Property
- 简介：Superproperty for any designation (string, integer as string) that is meant to identify an entity within the context of a system

条目2：
- 名称：dutchPPNCode
- 类型：Property
- 简介：Dutch PPN code is a library cataloguing code for collection items (books, journals and the like).",0,grok-4,0.0,8192,https://api2.aigcbest.top/v1,"判断结果：错误  
解释：根据背景知识，code是泛指标识的超级属性，而dutchPPNCode是特定荷兰图书馆代码，因此code不能是dutchPPNCode的子属性，否则违反RDFS subPropertyOf规则中子属性应更具体且隐含父属性的语义。",0,1,
sample_0098,subPropertyOf,"If two resources are related by code, then they are also related by dutchPPNCode.","背景知识：
条目1：
- 名称：code
- 类型：Property
- 简介：Superproperty for any designation (string, integer as string) that is meant to identify an entity within the context of a system

条目2：
- 名称：dutchPPNCode
- 类型：Property
- 简介：Dutch PPN code is a library cataloguing code for collection items (books, journals and the like).",0,grok-4,0.0,8192,https://api2.aigcbest.top/v1,"判断结果：错误  
解释：根据背景知识，code作为超级属性包含dutchPPNCode等具体标识，而公理错误地将code视为dutchPPNCode的子属性，违反RDFS中subPropertyOf的语义规则，即子属性应蕴涵父属性而非反之。",0,1,
sample_0099,subPropertyOf,"For any x and y, if x code y holds, then x dutchPPNCode y also holds.","背景知识：
条目1：
- 名称：code
- 类型：Property
- 简介：Superproperty for any designation (string, integer as string) that is meant to identify an entity within the context of a system

条目2：
- 名称：dutchPPNCode
- 类型：Property
- 简介：Dutch PPN code is a library cataloguing code for collection items (books, journals and the like).",0,grok-4,0.0,8192,https://api2.aigcbest.top/v1,"判断结果：[错误]  
解释：[根据背景知识，code 是 dutchPPNCode 的 superproperty，因此 RDFS subPropertyOf 规则应为 dutchPPNCode subPropertyOf code，而公理反向推导导致语义冲突。]",0,1,
sample_0100,subPropertyOf,The property code is more specific than the property dutchPPNCode.,"背景知识：
条目1：
- 名称：code
- 类型：Property
- 简介：Superproperty for any designation (string, integer as string) that is meant to identify an entity within the context of a system

条目2：
- 名称：dutchPPNCode
- 类型：Property
- 简介：Dutch PPN code is a library cataloguing code for collection items (books, journals and the like).",0,grok-4,0.0,8192,https://api2.aigcbest.top/v1,"判断结果：错误  
解释：根据背景知识，code作为superproperty更一般，而dutchPPNCode是其具体子类型，因此code并非更具体于dutchPPNCode，这与RDFS subPropertyOf规则中子属性更具体的语义相冲突。",0,1,
sample_0101,subPropertyOf,code ⊑p dutchWinkelID,"背景知识：
条目1：
- 名称：code
- 类型：Property
- 简介：Superproperty for any designation (string, integer as string) that is meant to identify an entity within the context of a system

条目2：
- 名称：dutchWinkelID
- 类型：Property
- 简介：Dutch Winkel ID is a code for an underground publication, as attributed by Lydia Winkel's work on the underground WW II press in the Netherlands.",0,grok-4,0.0,8192,https://api2.aigcbest.top/v1,"判断结果：[错误]  
解释：[根据背景知识，code 是 dutchWinkelID 的 superproperty，因此 dutchWinkelID 应 subPropertyOf code，而非相反，这违反 RDFS subPropertyOf 的语义规则。]",0,1,
sample_0102,subPropertyOf,code is a subproperty of dutchWinkelID.,"背景知识：
条目1：
- 名称：code
- 类型：Property
- 简介：Superproperty for any designation (string, integer as string) that is meant to identify an entity within the context of a system

条目2：
- 名称：dutchWinkelID
- 类型：Property
- 简介：Dutch Winkel ID is a code for an underground publication, as attributed by Lydia Winkel's work on the underground WW II press in the Netherlands.",0,grok-4,0.0,8192,https://api2.aigcbest.top/v1,"判断结果：[错误]  
解释：[code作为通用标识属性的superproperty，不能是特定地下出版物代码dutchWinkelID的子属性，这违反了RDFS中subPropertyOf的语义规则，即子属性应为父属性的特化。]",0,1,
sample_0103,subPropertyOf,"If two resources are related by code, then they are also related by dutchWinkelID.","背景知识：
条目1：
- 名称：code
- 类型：Property
- 简介：Superproperty for any designation (string, integer as string) that is meant to identify an entity within the context of a system

条目2：
- 名称：dutchWinkelID
- 类型：Property
- 简介：Dutch Winkel ID is a code for an underground publication, as attributed by Lydia Winkel's work on the underground WW II press in the Netherlands.",0,grok-4,0.0,8192,https://api2.aigcbest.top/v1,"判断结果：错误  
解释：公理暗示code subPropertyOf dutchWinkelID，但背景知识表明code是dutchWinkelID的superproperty，后者仅为特定地下出版物代码，因此并非所有code关系均满足dutchWinkelID的语义约束。",0,1,
sample_0104,subPropertyOf,"For any x and y, if x code y holds, then x dutchWinkelID y also holds.","背景知识：
条目1：
- 名称：code
- 类型：Property
- 简介：Superproperty for any designation (string, integer as string) that is meant to identify an entity within the context of a system

条目2：
- 名称：dutchWinkelID
- 类型：Property
- 简介：Dutch Winkel ID is a code for an underground publication, as attributed by Lydia Winkel's work on the underground WW II press in the Netherlands.",0,grok-4,0.0,8192,https://api2.aigcbest.top/v1,"判断结果：错误  
解释：根据背景知识，code 是通用超级属性，而 dutchWinkelID 是其具体子类型，因此 RDFS subPropertyOf 规则应为 dutchWinkelID subPropertyOf code，而非公理所述的反向蕴涵。",0,1,
sample_0105,subPropertyOf,The property code is more specific than the property dutchWinkelID.,"背景知识：
条目1：
- 名称：code
- 类型：Property
- 简介：Superproperty for any designation (string, integer as string) that is meant to identify an entity within the context of a system

条目2：
- 名称：dutchWinkelID
- 类型：Property
- 简介：Dutch Winkel ID is a code for an underground publication, as attributed by Lydia Winkel's work on the underground WW II press in the Netherlands.",0,grok-4,0.0,8192,https://api2.aigcbest.top/v1,"判断结果：错误
解释：根据背景知识，code 被描述为 superproperty，而 dutchWinkelID 是特定代码属性，因此在 RDFS subPropertyOf 规则下，dutchWinkelID 应是 code 的子属性，反之则与语义关系冲突。",0,1,
sample_0106,subPropertyOf,code ⊑p individualisedGnd,"背景知识：
条目1：
- 名称：code
- 类型：Property
- 简介：Superproperty for any designation (string, integer as string) that is meant to identify an entity within the context of a system

条目2：
- 名称：individualisedGnd
- 类型：Property
- 简介：GND (Gemeinsame Normdatei) is an international authority file for the organisation of personal names, subject headings and corporate bodies from catalogues. It is used mainly for documentation in libraries and archives. The GND is managed b...",0,grok-4,0.0,8192,https://api2.aigcbest.top/v1,"判断结果：[错误]  
解释：根据背景知识，code 被描述为超级属性（superproperty），而 individualisedGnd 是特定于 GND 的属性，因此 code 不应是 individualisedGnd 的子属性，这违反了 RDFS subPropertyOf 的语义规则中属性层次的包含关系。",0,1,
sample_0107,subPropertyOf,code is a subproperty of individualisedGnd.,"背景知识：
条目1：
- 名称：code
- 类型：Property
- 简介：Superproperty for any designation (string, integer as string) that is meant to identify an entity within the context of a system

条目2：
- 名称：individualisedGnd
- 类型：Property
- 简介：GND (Gemeinsame Normdatei) is an international authority file for the organisation of personal names, subject headings and corporate bodies from catalogues. It is used mainly for documentation in libraries and archives. The GND is managed b...",0,grok-4,0.0,8192,https://api2.aigcbest.top/v1,"判断结果：错误  
解释：根据背景知识，code 被描述为通用的超级属性（superproperty），而 individualisedGnd 是特定于 GND 权威文件的属性，因此 code 不能是 individualisedGnd 的子属性（subPropertyOf），这违反了 RDFS 中 subPropertyOf 的语义包含规则。",0,1,
sample_0108,subPropertyOf,"If two resources are related by code, then they are also related by individualisedGnd.","背景知识：
条目1：
- 名称：code
- 类型：Property
- 简介：Superproperty for any designation (string, integer as string) that is meant to identify an entity within the context of a system

条目2：
- 名称：individualisedGnd
- 类型：Property
- 简介：GND (Gemeinsame Normdatei) is an international authority file for the organisation of personal names, subject headings and corporate bodies from catalogues. It is used mainly for documentation in libraries and archives. The GND is managed b...",0,grok-4,0.0,8192,https://api2.aigcbest.top/v1,"判断结果：错误  
解释：根据背景知识，code作为超级属性应包含individualisedGnd等具体标识属性，而公理暗示code subPropertyOf individualisedGnd，这违反RDFS中subPropertyOf的语义规则导致逻辑倒置。",0,1,
sample_0109,subPropertyOf,"For any x and y, if x code y holds, then x individualisedGnd y also holds.","背景知识：
条目1：
- 名称：code
- 类型：Property
- 简介：Superproperty for any designation (string, integer as string) that is meant to identify an entity within the context of a system

条目2：
- 名称：individualisedGnd
- 类型：Property
- 简介：GND (Gemeinsame Normdatei) is an international authority file for the organisation of personal names, subject headings and corporate bodies from catalogues. It is used mainly for documentation in libraries and archives. The GND is managed b...",0,grok-4,0.0,8192,https://api2.aigcbest.top/v1,"判断结果：错误  
解释：根据背景知识，code 是超级属性（superproperty），而 individualisedGnd 是特定 GND 标识属性，因此 subPropertyOf 关系应为 individualisedGnd 子于 code，反之则与 RDFS 语义规则和背景冲突。",0,1,
sample_0110,subPropertyOf,The property code is more specific than the property individualisedGnd.,"背景知识：
条目1：
- 名称：code
- 类型：Property
- 简介：Superproperty for any designation (string, integer as string) that is meant to identify an entity within the context of a system

条目2：
- 名称：individualisedGnd
- 类型：Property
- 简介：GND (Gemeinsame Normdatei) is an international authority file for the organisation of personal names, subject headings and corporate bodies from catalogues. It is used mainly for documentation in libraries and archives. The GND is managed b...",0,grok-4,0.0,8192,https://api2.aigcbest.top/v1,"判断结果：错误  
解释：根据背景知识，code 被描述为超级属性（superproperty），而 individualisedGnd 是特定标识属性，因此 code 应是更一般的属性，与公理中 code 被视为更具体的子属性相冲突，违反 RDFS subPropertyOf 语义规则。",0,1,
sample_0111,subPropertyOf,codeSettlement ⊑p inseeCode,"背景知识：
条目1：
- 名称：codeSettlement
- 类型：Property
- 简介：settlement code

条目2：
- 名称：inseeCode
- 类型：Property
- 简介：numerical indexing code used by the French National Institute for Statistics and Economic Studies (INSEE) to identify various entities",0,grok-4,0.0,8192,https://api2.aigcbest.top/v1,"判断结果：错误  
解释：codeSettlement 和 inseeCode 是背景知识中独立的属性，前者为通用定居点代码，后者为法国INSEE特定索引代码，无子属性包含关系，违反RDFS subPropertyOf语义规则。",0,1,
sample_0112,subPropertyOf,codeSettlement is a subproperty of inseeCode.,"背景知识：
条目1：
- 名称：codeSettlement
- 类型：Property
- 简介：settlement code

条目2：
- 名称：inseeCode
- 类型：Property
- 简介：numerical indexing code used by the French National Institute for Statistics and Economic Studies (INSEE) to identify various entities",0,grok-4,0.0,8192,https://api2.aigcbest.top/v1,"判断结果：错误  
解释：codeSettlement作为通用settlement code与inseeCode作为特定法国INSEE索引代码在语义上独立，subPropertyOf关系要求子属性为父属性的特化，但背景知识无此包含关系支持。",0,1,
sample_0113,subPropertyOf,"If two resources are related by codeSettlement, then they are also related by inseeCode.","背景知识：
条目1：
- 名称：codeSettlement
- 类型：Property
- 简介：settlement code

条目2：
- 名称：inseeCode
- 类型：Property
- 简介：numerical indexing code used by the French National Institute for Statistics and Economic Studies (INSEE) to identify various entities",0,grok-4,0.0,8192,https://api2.aigcbest.top/v1,"判断结果：错误  
解释：codeSettlement和inseeCode是背景知识中独立的属性，无证据表明codeSettlement是inseeCode的子属性（subPropertyOf），因此该公理违反RDFS语义规则中属性包含关系的合理性。",0,1,
sample_0114,subPropertyOf,"For any x and y, if x codeSettlement y holds, then x inseeCode y also holds.","背景知识：
条目1：
- 名称：codeSettlement
- 类型：Property
- 简介：settlement code

条目2：
- 名称：inseeCode
- 类型：Property
- 简介：numerical indexing code used by the French National Institute for Statistics and Economic Studies (INSEE) to identify various entities",0,grok-4,0.0,8192,https://api2.aigcbest.top/v1,"判断结果：[错误]  
解释：[codeSettlement作为通用settlement code，与inseeCode作为法国特定INSEE代码在语义上不必然存在子属性关系，违反RDFS subPropertyOf的蕴涵规则，因为并非所有codeSettlement实例都满足inseeCode约束。]",0,1,
sample_0115,subPropertyOf,The property codeSettlement is more specific than the property inseeCode.,"背景知识：
条目1：
- 名称：codeSettlement
- 类型：Property
- 简介：settlement code

条目2：
- 名称：inseeCode
- 类型：Property
- 简介：numerical indexing code used by the French National Institute for Statistics and Economic Studies (INSEE) to identify various entities",0,grok-4,0.0,8192,https://api2.aigcbest.top/v1,"判断结果：[正确]  
解释：基于背景知识，codeSettlement作为特定settlement code的属性，可合理视为更通用的inseeCode（INSEE用于各种实体的索引代码）的子属性，符合RDFS subPropertyOf语义规则，无明显冲突。",1,0,
sample_0116,subPropertyOf,colourHexCode ⊑p code,"背景知识：
条目1：
- 名称：colourHexCode
- 类型：Property
- 简介：A colour represented by its hex code (e.g.: #FF0000 or #40E0D0)

条目2：
- 名称：code
- 类型：Property
- 简介：Superproperty for any designation (string, integer as string) that is meant to identify an entity within the context of a system",1,grok-4,0.0,8192,https://api2.aigcbest.top/v1,"判断结果：[正确]  
解释：[colourHexCode作为表示颜色十六进制代码的属性，其语义上属于code作为标识实体字符串的超级属性的子集，符合RDFS subPropertyOf规则的包含关系。]",1,1,
sample_0117,subPropertyOf,colourHexCode is a subproperty of code.,"背景知识：
条目1：
- 名称：colourHexCode
- 类型：Property
- 简介：A colour represented by its hex code (e.g.: #FF0000 or #40E0D0)

条目2：
- 名称：code
- 类型：Property
- 简介：Superproperty for any designation (string, integer as string) that is meant to identify an entity within the context of a system",1,grok-4,0.0,8192,https://api2.aigcbest.top/v1,"判断结果：[正确]  
解释：[colourHexCode作为表示颜色十六进制代码的属性，其语义上属于code这一超级属性的子集，因为code涵盖任何用于标识实体的字符串指定，符合RDFS subPropertyOf的包含关系规则。]",1,1,
sample_0118,subPropertyOf,"If two resources are related by colourHexCode, then they are also related by code.","背景知识：
条目1：
- 名称：colourHexCode
- 类型：Property
- 简介：A colour represented by its hex code (e.g.: #FF0000 or #40E0D0)

条目2：
- 名称：code
- 类型：Property
- 简介：Superproperty for any designation (string, integer as string) that is meant to identify an entity within the context of a system",1,grok-4,0.0,8192,https://api2.aigcbest.top/v1,"判断结果：正确  
解释：colourHexCode作为表示颜色十六进制代码的属性，是code这一超级属性的特化形式，符合RDFS subPropertyOf语义规则，其中colourHexCode相关的资源也应通过code相关。",1,1,
sample_0119,subPropertyOf,"For any x and y, if x colourHexCode y holds, then x code y also holds.","背景知识：
条目1：
- 名称：colourHexCode
- 类型：Property
- 简介：A colour represented by its hex code (e.g.: #FF0000 or #40E0D0)

条目2：
- 名称：code
- 类型：Property
- 简介：Superproperty for any designation (string, integer as string) that is meant to identify an entity within the context of a system",1,grok-4,0.0,8192,https://api2.aigcbest.top/v1,"判断结果：正确  
解释：根据背景知识，colourHexCode是一种具体的颜色十六进制代码，而code是其超级属性，因此colourHexCode subPropertyOf code符合RDFS语义规则，表示如果x colourHexCode y成立，则x code y也成立。",1,1,
sample_0120,subPropertyOf,The property colourHexCode is more specific than the property code.,"背景知识：
条目1：
- 名称：colourHexCode
- 类型：Property
- 简介：A colour represented by its hex code (e.g.: #FF0000 or #40E0D0)

条目2：
- 名称：code
- 类型：Property
- 简介：Superproperty for any designation (string, integer as string) that is meant to identify an entity within the context of a system",1,grok-4,0.0,8192,https://api2.aigcbest.top/v1,"判断结果：正确  
解释：根据背景知识，colourHexCode是一种特定的颜色十六进制代码，而code是更一般的实体标识字符串，因此colourHexCode作为code的子属性符合RDFS subPropertyOf语义规则，表示更具体的属性关系。",1,1,
sample_0121,subPropertyOf,followedBy ⊑p nextMission,"背景知识：
条目1：
- 名称：followedBy
- 类型：Property
- 简介：followed by

条目2：
- 名称：nextMission
- 类型：Property
- 简介：next mission",0,grok-4,0.0,8192,https://api2.aigcbest.top/v1,"判断结果：[错误]  
解释：followedBy作为一般“followed by”属性，其语义范围更广，而nextMission特指“next mission”，followedBy subPropertyOf nextMission会导致不合理的语义蕴涵，与RDFS子属性规则和常识冲突。",0,1,
sample_0122,subPropertyOf,followedBy is a subproperty of nextMission.,"背景知识：
条目1：
- 名称：followedBy
- 类型：Property
- 简介：followed by

条目2：
- 名称：nextMission
- 类型：Property
- 简介：next mission",0,grok-4,0.0,8192,https://api2.aigcbest.top/v1,"判断结果：错误  
解释：followedBy作为一般序列关系的属性，其subPropertyOf nextMission（特定任务后续关系）会违反RDFS中子属性应更具体于父属性的语义规则，导致非任务序列被错误推断为任务关系，与背景知识的语义简介冲突。",0,1,
sample_0123,subPropertyOf,"If two resources are related by followedBy, then they are also related by nextMission.","背景知识：
条目1：
- 名称：followedBy
- 类型：Property
- 简介：followed by

条目2：
- 名称：nextMission
- 类型：Property
- 简介：next mission",0,grok-4,0.0,8192,https://api2.aigcbest.top/v1,"判断结果：[错误]  
解释：背景知识中followedBy和nextMission仅为独立属性，无subPropertyOf关系证据，且从常识看followedBy为通用跟随关系而不必隐含nextMission的使命特定语义，与RDFS子属性包含规则不符。",0,1,
sample_0124,subPropertyOf,"For any x and y, if x followedBy y holds, then x nextMission y also holds.","背景知识：
条目1：
- 名称：followedBy
- 类型：Property
- 简介：followed by

条目2：
- 名称：nextMission
- 类型：Property
- 简介：next mission",0,grok-4,0.0,8192,https://api2.aigcbest.top/v1,"判断结果：[错误]
解释：公理隐含followedBy是nextMission的子属性，但背景知识中followedBy的通用“followed by”语义不必然蕴含特定“next mission”关系，与常识知识存在冲突。",0,1,
sample_0125,subPropertyOf,The property followedBy is more specific than the property nextMission.,"背景知识：
条目1：
- 名称：followedBy
- 类型：Property
- 简介：followed by

条目2：
- 名称：nextMission
- 类型：Property
- 简介：next mission",0,grok-4,0.0,8192,https://api2.aigcbest.top/v1,"判断结果：[错误]
解释：根据背景知识，followedBy作为通用“followed by”属性更通用，而nextMission作为“next mission”属性更具体，因此followedBy并非nextMission的子属性，与RDFS subPropertyOf语义规则中“更具体”关系的推理相冲突。",0,1,
sample_0126,subPropertyOf,keyPerson ⊑p commandant,"背景知识：
条目1：
- 名称：keyPerson
- 类型：Property
- 简介：key person

条目2：
- 名称：commandant
- 类型：Property
- 简介：commandant",0,grok-4,0.0,8192,https://api2.aigcbest.top/v1,"判断结果：[错误]  
解释：[根据背景知识，keyPerson表示“key person”（关键人物），commandant表示“commandant”（指挥官），RDFS subPropertyOf规则要求子属性蕴含超属性，但keyPerson并非commandant的子属性，其语义更一般，不存在明显的包含关系。]",0,1,
sample_0127,subPropertyOf,keyPerson is a subproperty of commandant.,"背景知识：
条目1：
- 名称：keyPerson
- 类型：Property
- 简介：key person

条目2：
- 名称：commandant
- 类型：Property
- 简介：commandant",0,grok-4,0.0,8192,https://api2.aigcbest.top/v1,"判断结果：[错误]  
解释：[keyPerson作为“关键人物”属性，其语义更宽泛，不应是commandant（指挥官）属性的子属性，因为subPropertyOf规则要求子属性关系蕴含父属性关系，而关键人物不必然蕴含指挥官关系，与背景知识和常识冲突。]",0,1,
sample_0128,subPropertyOf,"If two resources are related by keyPerson, then they are also related by commandant.","背景知识：
条目1：
- 名称：keyPerson
- 类型：Property
- 简介：key person

条目2：
- 名称：commandant
- 类型：Property
- 简介：commandant",0,grok-4,0.0,8192,https://api2.aigcbest.top/v1,"判断结果：[错误]  
解释：[根据背景知识，keyPerson表示一般关键人物，而commandant表示特定指挥官，二者语义不具包含关系，故该公理违反RDFS subPropertyOf规则的语义合理性。]",0,1,
sample_0129,subPropertyOf,"For any x and y, if x keyPerson y holds, then x commandant y also holds.","背景知识：
条目1：
- 名称：keyPerson
- 类型：Property
- 简介：key person

条目2：
- 名称：commandant
- 类型：Property
- 简介：commandant",0,grok-4,0.0,8192,https://api2.aigcbest.top/v1,"判断结果：[错误]  
解释：[根据背景知识，keyPerson表示泛化的“key person”，而commandant表示特定的“commandant”，RDFS subPropertyOf规则要求子属性蕴涵父属性，但keyPerson不必然蕴涵commandant，与常识语义冲突。]",0,1,
sample_0130,subPropertyOf,The property keyPerson is more specific than the property commandant.,"背景知识：
条目1：
- 名称：keyPerson
- 类型：Property
- 简介：key person

条目2：
- 名称：commandant
- 类型：Property
- 简介：commandant",0,grok-4,0.0,8192,https://api2.aigcbest.top/v1,"判断结果：错误  
解释：根据常识，commandant（指挥官）是keyPerson（关键人物）的更具体属性，而公理声称keyPerson更具体于commandant，这违反了RDFS subPropertyOf的语义规则中子属性应更具体的包含关系。",0,1,
sample_0131,domain,domain(acquirementDate) = Planet,"背景知识：
条目1：
- 名称：acquirementDate
- 类型：Property
- 简介：date of acquirement

条目2：
- 名称：Planet
- 类型：Class
- 简介：planet",0,grok-4,0.0,8192,https://api2.aigcbest.top/v1,"判断结果：[错误]  
解释：[acquirementDate作为“获取日期”属性，其语义适用于可被获取的事物，但Planet类代表自然行星无“获取”概念，与RDFS domain规则要求主体类语义匹配存在冲突。]",0,1,
sample_0132,domain,The domain of acquirementDate is Planet.,"背景知识：
条目1：
- 名称：acquirementDate
- 类型：Property
- 简介：date of acquirement

条目2：
- 名称：Planet
- 类型：Class
- 简介：planet",0,grok-4,0.0,8192,https://api2.aigcbest.top/v1,"判断结果：错误  
解释：acquirementDate作为“date of acquirement”的属性，其domain设为Planet类与背景知识中Planet作为自然行星的语义不符，违反RDFS domain规则要求主体类与属性语义的合理约束。",0,1,
sample_0133,domain,"If a resource uses property acquirementDate as subject, then it should belong to class Planet.","背景知识：
条目1：
- 名称：acquirementDate
- 类型：Property
- 简介：date of acquirement

条目2：
- 名称：Planet
- 类型：Class
- 简介：planet",0,grok-4,0.0,8192,https://api2.aigcbest.top/v1,"判断结果：[错误]  
解释：[acquirementDate作为“获取日期”属性，其主体语义上应为可被获取的事物，而背景知识中Planet为“行星”类，不符合常识与RDFS domain规则的语义约束。]",0,1,
sample_0134,domain,"For any x and y, if x acquirementDate y holds, then x is an instance of Planet.","背景知识：
条目1：
- 名称：acquirementDate
- 类型：Property
- 简介：date of acquirement

条目2：
- 名称：Planet
- 类型：Class
- 简介：planet",0,grok-4,0.0,8192,https://api2.aigcbest.top/v1,"判断结果：[错误]  
解释：[背景知识中acquirementDate作为通用属性“date of acquirement”无特定domain约束与Planet关联，且RDFS domain规则要求主体类需语义合理，但行星不具备“获取日期”的常识属性，故存在冲突。]",0,1,
sample_0135,domain,Property acquirementDate can only be applied to subjects of class Planet.,"背景知识：
条目1：
- 名称：acquirementDate
- 类型：Property
- 简介：date of acquirement

条目2：
- 名称：Planet
- 类型：Class
- 简介：planet",0,grok-4,0.0,8192,https://api2.aigcbest.top/v1,"判断结果：[错误]  
解释：acquirementDate作为“获取日期”属性应用于Planet类主体不符合常识，因为行星并非可被“获取”的实体，与RDFS domain规则的语义约束冲突。",0,1,
sample_0136,domain,domain(address) = Place,"背景知识：
条目1：
- 名称：address
- 类型：Property
- 简介：Address of something as literal. Usually Building, but we also use it for the address of a Region's or Settlement's government

条目2：
- 名称：Place
- 类型：Class
- 简介：place",1,grok-4,0.0,8192,https://api2.aigcbest.top/v1,"判断结果：[正确]  
解释：[根据背景知识，address属性的主体通常为Building、Region或Settlement等实体，这些实体符合Place类的“place”语义，且RDFS domain规则要求主体属于指定类，此公理无明显冲突。]",1,1,
sample_0137,domain,The domain of address is Place.,"背景知识：
条目1：
- 名称：address
- 类型：Property
- 简介：Address of something as literal. Usually Building, but we also use it for the address of a Region's or Settlement's government

条目2：
- 名称：Place
- 类型：Class
- 简介：place",1,grok-4,0.0,8192,https://api2.aigcbest.top/v1,"判断结果：[正确]  
解释：根据背景知识，address属性用于描述Building、Region或Settlement等地方的地址，这些属于Place类的范畴，符合RDFS domain规则对属性主体的语义约束。",1,1,
sample_0138,domain,"If a resource uses property address as subject, then it should belong to class Place.","背景知识：
条目1：
- 名称：address
- 类型：Property
- 简介：Address of something as literal. Usually Building, but we also use it for the address of a Region's or Settlement's government

条目2：
- 名称：Place
- 类型：Class
- 简介：place",1,grok-4,0.0,8192,https://api2.aigcbest.top/v1,"判断结果：正确  
解释：根据背景知识，address属性用于描述建筑、区域或定居点等地方相关的地址，其主体隐含属于Place类，这符合RDFS domain规则要求主体属于指定类。",1,1,
sample_0139,domain,"For any x and y, if x address y holds, then x is an instance of Place.","背景知识：
条目1：
- 名称：address
- 类型：Property
- 简介：Address of something as literal. Usually Building, but we also use it for the address of a Region's or Settlement's government

条目2：
- 名称：Place
- 类型：Class
- 简介：place",1,grok-4,0.0,8192,https://api2.aigcbest.top/v1,"判断结果：[正确]  
解释：根据背景知识，address属性的主体通常为Building、Region或Settlement等地方相关实体，与RDFS domain规则下x作为Place类实例的语义约束相符，无明显冲突。",1,1,
sample_0140,domain,Property address can only be applied to subjects of class Place.,"背景知识：
条目1：
- 名称：address
- 类型：Property
- 简介：Address of something as literal. Usually Building, but we also use it for the address of a Region's or Settlement's government

条目2：
- 名称：Place
- 类型：Class
- 简介：place",1,grok-4,0.0,8192,https://api2.aigcbest.top/v1,"判断结果：[正确]  
解释：背景知识中address属性用于描述something的地址，示例均为地点相关实体，与Place类作为其domain的语义约束相符，无明显冲突。",1,1,
sample_0141,domain,domain(administrativeDistrict) = EducationalInstitution,"背景知识：
条目1：
- 名称：administrativeDistrict
- 类型：Property
- 简介：administrative district

条目2：
- 名称：EducationalInstitution
- 类型：Class
- 简介：educational institution",0,grok-4,0.0,8192,https://api2.aigcbest.top/v1,"判断结果：[错误]  
解释：根据背景知识和常识，administrativeDistrict作为行政区属性不应将域限制为EducationalInstitution类，因为教育机构并非唯一可能具有行政区属性的实体，这与RDFS domain语义规则中对属性主体的合理约束相冲突。",0,1,
sample_0142,domain,The domain of administrativeDistrict is EducationalInstitution.,"背景知识：
条目1：
- 名称：administrativeDistrict
- 类型：Property
- 简介：administrative district

条目2：
- 名称：EducationalInstitution
- 类型：Class
- 简介：educational institution",0,grok-4,0.0,8192,https://api2.aigcbest.top/v1,"判断结果：[错误]  
解释：[基于背景知识，administrativeDistrict作为行政区属性，其domain被限制为EducationalInstitution（教育机构）不符合RDFS语义规则和常识，因为行政区属性不应仅适用于教育机构实例。]",0,1,
sample_0143,domain,"If a resource uses property administrativeDistrict as subject, then it should belong to class EducationalInstitution.","背景知识：
条目1：
- 名称：administrativeDistrict
- 类型：Property
- 简介：administrative district

条目2：
- 名称：EducationalInstitution
- 类型：Class
- 简介：educational institution",0,grok-4,0.0,8192,https://api2.aigcbest.top/v1,"判断结果：[错误]
解释：根据常识知识，administrativeDistrict 属性表示行政区关系，可适用于多种实体而非仅限于教育机构，与将该属性 domain 约束为 EducationalInstitution 的 RDFS 语义规则存在冲突。",0,1,
sample_0144,domain,"For any x and y, if x administrativeDistrict y holds, then x is an instance of EducationalInstitution.","背景知识：
条目1：
- 名称：administrativeDistrict
- 类型：Property
- 简介：administrative district

条目2：
- 名称：EducationalInstitution
- 类型：Class
- 简介：educational institution",0,grok-4,0.0,8192,https://api2.aigcbest.top/v1,"判断结果：[错误]
解释：根据背景知识和常识，administrativeDistrict作为行政区相关的属性，其主体不限于EducationalInstitution类，而RDFS domain规则要求主体属于指定类，此公理会导致对其他实体的错误类型推断。",0,1,
sample_0145,domain,Property administrativeDistrict can only be applied to subjects of class EducationalInstitution.,"背景知识：
条目1：
- 名称：administrativeDistrict
- 类型：Property
- 简介：administrative district

条目2：
- 名称：EducationalInstitution
- 类型：Class
- 简介：educational institution",0,grok-4,0.0,8192,https://api2.aigcbest.top/v1,"判断结果：[错误]  
解释：[背景知识中administrativeDistrict作为属性仅描述为“administrative district”，无domain约束指向EducationalInstitution类，且RDFS domain规则不允许无依据地限制属性主体至无关类，如教育机构。]",0,1,
sample_0146,domain,domain(agency) = BaseballPlayer,"背景知识：
条目1：
- 名称：agency
- 类型：Property
- 简介：agency

条目2：
- 名称：BaseballPlayer
- 类型：Class
- 简介：baseball player",0,grok-4,0.0,8192,https://api2.aigcbest.top/v1,"判断结果：[正确]  
解释：根据背景知识，agency 为属性且BaseballPlayer 为类，声明其域为BaseballPlayer 符合RDFS domain 语义规则，且无明显冲突。",1,0,
sample_0147,domain,The domain of agency is BaseballPlayer.,"背景知识：
条目1：
- 名称：agency
- 类型：Property
- 简介：agency

条目2：
- 名称：BaseballPlayer
- 类型：Class
- 简介：baseball player",0,grok-4,0.0,8192,https://api2.aigcbest.top/v1,"判断结果：正确  
解释：背景知识中agency为属性且BaseballPlayer为类，该公理定义agency的domain为BaseballPlayer符合RDFS语义规则，无明显冲突。",1,0,
sample_0148,domain,"If a resource uses property agency as subject, then it should belong to class BaseballPlayer.","背景知识：
条目1：
- 名称：agency
- 类型：Property
- 简介：agency

条目2：
- 名称：BaseballPlayer
- 类型：Class
- 简介：baseball player",0,grok-4,0.0,8192,https://api2.aigcbest.top/v1,"判断结果：错误  
解释：背景知识中未指定agency属性的domain为BaseballPlayer，且RDFS语义规则要求domain约束需基于已定义关系，而此处缺乏支持导致明显冲突。",0,1,
sample_0149,domain,"For any x and y, if x agency y holds, then x is an instance of BaseballPlayer.","背景知识：
条目1：
- 名称：agency
- 类型：Property
- 简介：agency

条目2：
- 名称：BaseballPlayer
- 类型：Class
- 简介：baseball player",0,grok-4,0.0,8192,https://api2.aigcbest.top/v1,"判断结果：错误
解释：背景知识中agency仅为一般属性，未指定其domain与BaseballPlayer类相关，且RDFS domain规则要求主体约束需基于语义一致性，而常识上agency不必然限定主体为棒球球员，导致明显冲突。",0,1,
sample_0150,domain,Property agency can only be applied to subjects of class BaseballPlayer.,"背景知识：
条目1：
- 名称：agency
- 类型：Property
- 简介：agency

条目2：
- 名称：BaseballPlayer
- 类型：Class
- 简介：baseball player",0,grok-4,0.0,8192,https://api2.aigcbest.top/v1,"判断结果：[正确]  
解释：[背景知识确认agency为Property且BaseballPlayer为Class，该公理相当于指定agency的rdfs:domain为BaseballPlayer，与RDFS语义规则一致且无明显冲突。]",1,0,
sample_0151,domain,domain(alliance) = BaseballPlayer,"背景知识：
条目1：
- 名称：alliance
- 类型：Property
- 简介：alliance

条目2：
- 名称：BaseballPlayer
- 类型：Class
- 简介：baseball player",0,grok-4,0.0,8192,https://api2.aigcbest.top/v1,"判断结果：[错误]  
解释：[alliance作为通用属性表示同盟，与BaseballPlayer类的棒球运动员语义无关，违反常识和RDFS domain规则的合理约束。]",0,1,
sample_0152,domain,The domain of alliance is BaseballPlayer.,"背景知识：
条目1：
- 名称：alliance
- 类型：Property
- 简介：alliance

条目2：
- 名称：BaseballPlayer
- 类型：Class
- 简介：baseball player",0,grok-4,0.0,8192,https://api2.aigcbest.top/v1,"判断结果：[正确]  
解释：[背景知识中alliance为属性且BaseballPlayer为类，公理指定其domain符合RDFS规则，无明显语义冲突且与棒球联盟的常识相符。]",1,0,
sample_0153,domain,"If a resource uses property alliance as subject, then it should belong to class BaseballPlayer.","背景知识：
条目1：
- 名称：alliance
- 类型：Property
- 简介：alliance

条目2：
- 名称：BaseballPlayer
- 类型：Class
- 简介：baseball player",0,grok-4,0.0,8192,https://api2.aigcbest.top/v1,"判断结果：[错误]
解释：背景知识中未指定alliance属性的domain为BaseballPlayer，且根据常识，alliance（联盟）属性的主体不限于baseball player类，违反RDFS domain语义规则的合理性。",0,1,
sample_0154,domain,"For any x and y, if x alliance y holds, then x is an instance of BaseballPlayer.","背景知识：
条目1：
- 名称：alliance
- 类型：Property
- 简介：alliance

条目2：
- 名称：BaseballPlayer
- 类型：Class
- 简介：baseball player",0,grok-4,0.0,8192,https://api2.aigcbest.top/v1,"判断结果：[错误]
解释：[公理隐含alliance属性的domain为BaseballPlayer，但背景知识未指定此约束，且常识表明alliance可适用于非棒球球员实体，与RDFS domain语义的通用性冲突。]",0,1,
sample_0155,domain,Property alliance can only be applied to subjects of class BaseballPlayer.,"背景知识：
条目1：
- 名称：alliance
- 类型：Property
- 简介：alliance

条目2：
- 名称：BaseballPlayer
- 类型：Class
- 简介：baseball player",0,grok-4,0.0,8192,https://api2.aigcbest.top/v1,"判断结果：[错误]  
解释：背景知识中未指定alliance属性的domain为BaseballPlayer，且根据常识，alliance作为通用属性不应仅限于棒球运动员类主体，这与RDFS domain语义规则的合理约束相冲突。",0,1,
sample_0156,domain,domain(aoCloassification) = SpaceMission,"背景知识：
条目1：
- 名称：aoCloassification
- 类型：Property
- 简介：AO

条目2：
- 名称：SpaceMission
- 类型：Class
- 简介：space mission",0,grok-4,0.0,8192,https://api2.aigcbest.top/v1,"判断结果：[错误]  
解释：属性 aoCloassification 的简介为 AO（可能指 Astronomical Object），暗示其语义与天文对象分类相关，而将其 domain 设置为 SpaceMission 类（太空任务）不符合 RDFS domain 规则对属性主体类别的语义约束。",0,1,
sample_0157,domain,The domain of aoCloassification is SpaceMission.,"背景知识：
条目1：
- 名称：aoCloassification
- 类型：Property
- 简介：AO

条目2：
- 名称：SpaceMission
- 类型：Class
- 简介：space mission",0,grok-4,0.0,8192,https://api2.aigcbest.top/v1,"判断结果：错误
解释：根据背景知识，aoCloassification作为与'AO'相关的属性，其域设置为SpaceMission类在语义上不合理，因为太空任务并非AO分类的典型主体，违反RDFS domain规则对属性主体类的一致性约束。",0,1,
sample_0158,domain,"If a resource uses property aoCloassification as subject, then it should belong to class SpaceMission.","背景知识：
条目1：
- 名称：aoCloassification
- 类型：Property
- 简介：AO

条目2：
- 名称：SpaceMission
- 类型：Class
- 简介：space mission",0,grok-4,0.0,8192,https://api2.aigcbest.top/v1,"判断结果：[错误]  
解释：[公理断言aoCloassification属性的domain为SpaceMission类，但背景知识中该属性的简介为“AO”与SpaceMission的“space mission”语义不符，违反RDFS domain规则的合理约束。]",0,1,
sample_0159,domain,"For any x and y, if x aoCloassification y holds, then x is an instance of SpaceMission.","背景知识：
条目1：
- 名称：aoCloassification
- 类型：Property
- 简介：AO

条目2：
- 名称：SpaceMission
- 类型：Class
- 简介：space mission",0,grok-4,0.0,8192,https://api2.aigcbest.top/v1,"判断结果：[错误]
解释：[结合背景知识与语义规则，aoCloassification属性简介为AO（可能指天文物体分类），其domain应与AO相关而非SpaceMission类，公理将domain推理为SpaceMission存在语义冲突。]",0,1,
sample_0160,domain,Property aoCloassification can only be applied to subjects of class SpaceMission.,"背景知识：
条目1：
- 名称：aoCloassification
- 类型：Property
- 简介：AO

条目2：
- 名称：SpaceMission
- 类型：Class
- 简介：space mission",0,grok-4,0.0,8192,https://api2.aigcbest.top/v1,"判断结果：[正确]  
解释：背景知识中aoCloassification为Property类型且简介为AO（可能指Announcement of Opportunity），应用于SpaceMission类（space mission）符合RDFS domain语义规则，无明显冲突。",1,0,
sample_0161,domain,domain(apoapsis) = Ship,"背景知识：
条目1：
- 名称：apoapsis
- 类型：Property
- 简介：apoapsis (km)

条目2：
- 名称：Ship
- 类型：Class
- 简介：ship",0,grok-4,0.0,8192,https://api2.aigcbest.top/v1,"判断结果：错误
解释：Apoapsis是一个与轨道远地点相关的属性（km），而Ship类表示船只，根据常识和背景知识，船只不具有轨道参数，因此该domain约束存在明显语义冲突。",0,1,
sample_0162,domain,The domain of apoapsis is Ship.,"背景知识：
条目1：
- 名称：apoapsis
- 类型：Property
- 简介：apoapsis (km)

条目2：
- 名称：Ship
- 类型：Class
- 简介：ship",0,grok-4,0.0,8192,https://api2.aigcbest.top/v1,"判断结果：错误  
解释：apoapsis作为轨道远点的属性，其domain应与天体或航天器相关，而非Ship类船只，这与背景知识和RDFS domain语义规则冲突。",0,1,
sample_0163,domain,"If a resource uses property apoapsis as subject, then it should belong to class Ship.","背景知识：
条目1：
- 名称：apoapsis
- 类型：Property
- 简介：apoapsis (km)

条目2：
- 名称：Ship
- 类型：Class
- 简介：ship",0,grok-4,0.0,8192,https://api2.aigcbest.top/v1,"判断结果：[错误]  
解释：[apoapsis属性描述轨道远地点距离，与Ship类（船舶）语义无关，无法作为其domain约束，否则违反RDFS domain规则的语义一致性。]",0,1,
sample_0164,domain,"For any x and y, if x apoapsis y holds, then x is an instance of Ship.","背景知识：
条目1：
- 名称：apoapsis
- 类型：Property
- 简介：apoapsis (km)

条目2：
- 名称：Ship
- 类型：Class
- 简介：ship",0,grok-4,0.0,8192,https://api2.aigcbest.top/v1,"判断结果：[错误]
解释：apoapsis作为轨道远点属性（单位km）与Ship类（船）在语义上无关，违反RDFS domain规则要求属性主体应属于合理类别的约束。",0,1,
sample_0165,domain,Property apoapsis can only be applied to subjects of class Ship.,"背景知识：
条目1：
- 名称：apoapsis
- 类型：Property
- 简介：apoapsis (km)

条目2：
- 名称：Ship
- 类型：Class
- 简介：ship",0,grok-4,0.0,8192,https://api2.aigcbest.top/v1,"判断结果：[错误]  
解释：背景知识中apoapsis属性表示远地点距离（km），通常适用于天体或轨道概念，而非Ship类（船），这与RDFS domain规则要求属性主体属于相关类的语义约束冲突。",0,1,
sample_0166,domain,domain(archipelago) = School,"背景知识：
条目1：
- 名称：archipelago
- 类型：Property
- 简介：archipelago

条目2：
- 名称：School
- 类型：Class
- 简介：school",0,grok-4,0.0,8192,https://api2.aigcbest.top/v1,"判断结果：错误  
解释：根据背景知识，archipelago作为属性意为群岛，而domain规则要求其主体属于School类（学校），这与常识和语义约束冲突，无合理关系支持。",0,1,
sample_0167,domain,The domain of archipelago is School.,"背景知识：
条目1：
- 名称：archipelago
- 类型：Property
- 简介：archipelago

条目2：
- 名称：School
- 类型：Class
- 简介：school",0,grok-4,0.0,8192,https://api2.aigcbest.top/v1,"判断结果：错误  
解释：archipelago作为属性表示群岛概念，其domain设置为School类缺乏语义合理性，因为学校与群岛无直接关联，且违反RDFS domain规则中主体类型约束的常识一致性。",0,1,
sample_0168,domain,"If a resource uses property archipelago as subject, then it should belong to class School.","背景知识：
条目1：
- 名称：archipelago
- 类型：Property
- 简介：archipelago

条目2：
- 名称：School
- 类型：Class
- 简介：school",0,grok-4,0.0,8192,https://api2.aigcbest.top/v1,"判断结果：[错误]  
解释：[背景知识中archipelago作为表示群岛的属性，其语义与School类（学校）无关，依据RDFS domain规则设置其主体为School类存在明显语义冲突。",0,1,
sample_0169,domain,"For any x and y, if x archipelago y holds, then x is an instance of School.","背景知识：
条目1：
- 名称：archipelago
- 类型：Property
- 简介：archipelago

条目2：
- 名称：School
- 类型：Class
- 简介：school",0,grok-4,0.0,8192,https://api2.aigcbest.top/v1,"判断结果：错误  
解释：背景知识中archipelago作为属性意指群岛，与School类（学校）在语义上无关，违反RDFS domain规则要求属性主体类需合理约束的语义一致性。",0,1,
sample_0170,domain,Property archipelago can only be applied to subjects of class School.,"背景知识：
条目1：
- 名称：archipelago
- 类型：Property
- 简介：archipelago

条目2：
- 名称：School
- 类型：Class
- 简介：school",0,grok-4,0.0,8192,https://api2.aigcbest.top/v1,"判断结果：错误  
解释：背景知识中未指定archipelago属性的domain为School类，且根据RDFS domain规则及常识，群岛属性与学校类无合理语义关联，存在明显冲突。",0,1,
sample_0171,domain,domain(architect) = Ship,"背景知识：
条目1：
- 名称：architect
- 类型：Property
- 简介：architect

条目2：
- 名称：Ship
- 类型：Class
- 简介：ship",0,grok-4,0.0,8192,https://api2.aigcbest.top/v1,"判断结果：[错误]
解释：[根据常识知识，architect属性通常指建筑物的建筑师，而非以Ship类作为域的主体，与语义合理性存在冲突。]",0,1,
sample_0172,domain,The domain of architect is Ship.,"背景知识：
条目1：
- 名称：architect
- 类型：Property
- 简介：architect

条目2：
- 名称：Ship
- 类型：Class
- 简介：ship",0,grok-4,0.0,8192,https://api2.aigcbest.top/v1,"判断结果：[正确]  
解释：背景知识中architect为属性、Ship为类，公理声明其domain为Ship符合RDFS语义规则（主体属于Ship类），且常识上船可有建筑师无明显冲突。",1,0,
sample_0173,domain,"If a resource uses property architect as subject, then it should belong to class Ship.","背景知识：
条目1：
- 名称：architect
- 类型：Property
- 简介：architect

条目2：
- 名称：Ship
- 类型：Class
- 简介：ship",0,grok-4,0.0,8192,https://api2.aigcbest.top/v1,"判断结果：[错误]  
解释：[背景知识中architect属性表示建筑师，与Ship类（船）无直接语义关联，违反RDFS domain规则的合理约束，因为船通常不以建筑师作为主体属性。",0,1,
sample_0174,domain,"For any x and y, if x architect y holds, then x is an instance of Ship.","背景知识：
条目1：
- 名称：architect
- 类型：Property
- 简介：architect

条目2：
- 名称：Ship
- 类型：Class
- 简介：ship",0,grok-4,0.0,8192,https://api2.aigcbest.top/v1,"判断结果：错误  
解释：根据背景知识，architect作为属性通常与建筑师相关，而Ship是船类，二者无语义关联，且RDFS domain规则要求属性主体属于指定类，但此处将architect主体约束为Ship实例与常识和背景知识冲突。",0,1,
sample_0175,domain,Property architect can only be applied to subjects of class Ship.,"背景知识：
条目1：
- 名称：architect
- 类型：Property
- 简介：architect

条目2：
- 名称：Ship
- 类型：Class
- 简介：ship",0,grok-4,0.0,8192,https://api2.aigcbest.top/v1,"判断结果：正确
解释：背景知识定义architect为Property且Ship为Class，无明确约束冲突，且RDFS domain规则允许将属性architect的主体限制为Ship类的实例，符合语义合理性与常识中船可有建筑师的设计关系。",1,0,
sample_0176,domain,domain(areaLand) = Island,"背景知识：
条目1：
- 名称：areaLand
- 类型：Property
- 简介：area land (m2)

条目2：
- 名称：Island
- 类型：Class
- 简介：island",0,grok-4,0.0,8192,https://api2.aigcbest.top/v1,"判断结果：[错误]  
解释：areaLand属性表示一般土地面积（m2），根据常识可适用于多种实体而不限于岛屿类，与将domain严格限制为Island的公理存在语义冲突。",0,1,
sample_0177,domain,The domain of areaLand is Island.,"背景知识：
条目1：
- 名称：areaLand
- 类型：Property
- 简介：area land (m2)

条目2：
- 名称：Island
- 类型：Class
- 简介：island",0,grok-4,0.0,8192,https://api2.aigcbest.top/v1,"判断结果：[错误]  
解释：[areaLand作为土地面积属性在背景知识中未限定仅适用于岛屿，而RDFS domain规则要求主体必须属于Island类，这与常识中土地面积可适用于多种实体（如大陆或国家）冲突，导致语义约束过窄。]",0,1,
sample_0178,domain,"If a resource uses property areaLand as subject, then it should belong to class Island.","背景知识：
条目1：
- 名称：areaLand
- 类型：Property
- 简介：area land (m2)

条目2：
- 名称：Island
- 类型：Class
- 简介：island",0,grok-4,0.0,8192,https://api2.aigcbest.top/v1,"判断结果：[错误]  
解释：背景知识中areaLand作为土地面积属性可适用于多种实体，而非仅限于Island类，强制其domain为Island与常识和RDFS语义规则冲突。",0,1,
sample_0179,domain,"For any x and y, if x areaLand y holds, then x is an instance of Island.","背景知识：
条目1：
- 名称：areaLand
- 类型：Property
- 简介：area land (m2)

条目2：
- 名称：Island
- 类型：Class
- 简介：island",0,grok-4,0.0,8192,https://api2.aigcbest.top/v1,"判断结果：错误  
解释：areaLand属性表示土地面积（m2），根据背景知识和常识可适用于各种实体而不限于岛屿，与公理强制将areaLand的domain限制为Island类的RDFS语义规则冲突。",0,1,
sample_0180,domain,Property areaLand can only be applied to subjects of class Island.,"背景知识：
条目1：
- 名称：areaLand
- 类型：Property
- 简介：area land (m2)

条目2：
- 名称：Island
- 类型：Class
- 简介：island",0,grok-4,0.0,8192,https://api2.aigcbest.top/v1,"判断结果：[错误]  
解释：[背景知识中areaLand作为土地面积属性可适用于多种实体而非仅限于Island类，公理的domain约束与常识知识冲突。]",0,1,
sample_0181,domain,domain(argueDate) = PowerStation,"背景知识：
条目1：
- 名称：argueDate
- 类型：Property
- 简介：argue date

条目2：
- 名称：PowerStation
- 类型：Class
- 简介：power station",0,grok-4,0.0,8192,https://api2.aigcbest.top/v1,"判断结果：[错误]  
解释：[argueDate作为“argue date”属性的语义与PowerStation作为“power station”类的发电站概念不相关，违反RDFS domain规则下属性域应与属性语义匹配的常识约束。]",0,1,
sample_0182,domain,The domain of argueDate is PowerStation.,"背景知识：
条目1：
- 名称：argueDate
- 类型：Property
- 简介：argue date

条目2：
- 名称：PowerStation
- 类型：Class
- 简介：power station",0,grok-4,0.0,8192,https://api2.aigcbest.top/v1,"判断结果：[错误]  
解释：argueDate作为“argue date”属性，其语义与PowerStation（发电站）类无合理关联，违反常识下domain约束的语义合理性。",0,1,
sample_0183,domain,"If a resource uses property argueDate as subject, then it should belong to class PowerStation.","背景知识：
条目1：
- 名称：argueDate
- 类型：Property
- 简介：argue date

条目2：
- 名称：PowerStation
- 类型：Class
- 简介：power station",0,grok-4,0.0,8192,https://api2.aigcbest.top/v1,"判断结果：错误
解释：背景知识中argueDate仅被定义为属性而无domain约束与PowerStation关联，且RDFS语义规则下该公理隐含的domain关系缺乏支持，同时常识上“argue date”与“power station”无明显语义联系。",0,1,
sample_0184,domain,"For any x and y, if x argueDate y holds, then x is an instance of PowerStation.","背景知识：
条目1：
- 名称：argueDate
- 类型：Property
- 简介：argue date

条目2：
- 名称：PowerStation
- 类型：Class
- 简介：power station",0,grok-4,0.0,8192,https://api2.aigcbest.top/v1,"判断结果：[错误]  
解释：argueDate作为“argue date”属性的语义与PowerStation（power station）类无明显关联，公理强加的domain约束不符合背景知识和常识，导致语义冲突。",0,1,
sample_0185,domain,Property argueDate can only be applied to subjects of class PowerStation.,"背景知识：
条目1：
- 名称：argueDate
- 类型：Property
- 简介：argue date

条目2：
- 名称：PowerStation
- 类型：Class
- 简介：power station",0,grok-4,0.0,8192,https://api2.aigcbest.top/v1,"判断结果：错误  
解释：背景知识中argueDate作为“argue date”属性与PowerStation作为“power station”类无明显语义关联，违反RDFS domain规则的合理约束要求。",0,1,
sample_0186,domain,domain(associatedRocket) = Saint,"背景知识：
条目1：
- 名称：associatedRocket
- 类型：Property
- 简介：associated rocket

条目2：
- 名称：Saint
- 类型：Class
- 简介：saint",0,grok-4,0.0,8192,https://api2.aigcbest.top/v1,"判断结果：错误  
解释：associatedRocket作为与火箭相关的属性，其domain指定为Saint类（圣人）存在明显语义冲突，因为RDFS domain规则要求属性的主体属于指定类，但圣人与火箭关联不合常识和背景知识。",0,1,
sample_0187,domain,The domain of associatedRocket is Saint.,"背景知识：
条目1：
- 名称：associatedRocket
- 类型：Property
- 简介：associated rocket

条目2：
- 名称：Saint
- 类型：Class
- 简介：saint",0,grok-4,0.0,8192,https://api2.aigcbest.top/v1,"判断结果：错误  
解释：associatedRocket作为与火箭关联的属性，其domain设置为Saint类（圣人）缺乏背景知识支持，且不符合RDFS domain规则下属性的主体应合理属于指定类的语义约束。",0,1,
sample_0188,domain,"If a resource uses property associatedRocket as subject, then it should belong to class Saint.","背景知识：
条目1：
- 名称：associatedRocket
- 类型：Property
- 简介：associated rocket

条目2：
- 名称：Saint
- 类型：Class
- 简介：saint",0,grok-4,0.0,8192,https://api2.aigcbest.top/v1,"判断结果：[错误]  
解释：[背景知识中associatedRocket是与火箭相关的属性，而Saint是圣人类，二者语义上无关联，这与RDFS domain规则要求属性主体类应合理约束其语义的规则冲突。]",0,1,
sample_0189,domain,"For any x and y, if x associatedRocket y holds, then x is an instance of Saint.","背景知识：
条目1：
- 名称：associatedRocket
- 类型：Property
- 简介：associated rocket

条目2：
- 名称：Saint
- 类型：Class
- 简介：saint",0,grok-4,0.0,8192,https://api2.aigcbest.top/v1,"判断结果：错误  
解释：公理对应associatedRocket的domain为Saint，但背景知识中associatedRocket为“associated rocket”属性，与Saint类（saint）的语义无关，违反RDFS domain规则的合理性约束。",0,1,
sample_0190,domain,Property associatedRocket can only be applied to subjects of class Saint.,"背景知识：
条目1：
- 名称：associatedRocket
- 类型：Property
- 简介：associated rocket

条目2：
- 名称：Saint
- 类型：Class
- 简介：saint",0,grok-4,0.0,8192,https://api2.aigcbest.top/v1,"判断结果：[错误]
解释：背景知识中associatedRocket作为“associated rocket”属性与Saint作为“saint”类的语义无关，依据RDFS domain规则和常识知识，此约束存在明显冲突。",0,1,
sample_0191,domain,domain(decideDate) = PowerStation,"背景知识：
条目1：
- 名称：decideDate
- 类型：Property
- 简介：decide date

条目2：
- 名称：PowerStation
- 类型：Class
- 简介：power station",0,grok-4,0.0,8192,https://api2.aigcbest.top/v1,"判断结果：[错误]  
解释：[decideDate作为“决定日期”属性，其domain指定为PowerStation（发电站）类在语义上不匹配，因为发电站与决定日期无直接关联，违反RDFS domain规则的语义合理性。]",0,1,
sample_0192,domain,The domain of decideDate is PowerStation.,"背景知识：
条目1：
- 名称：decideDate
- 类型：Property
- 简介：decide date

条目2：
- 名称：PowerStation
- 类型：Class
- 简介：power station",0,grok-4,0.0,8192,https://api2.aigcbest.top/v1,"判断结果：[错误]
解释：根据背景知识，decideDate作为“decide date”属性与PowerStation（power station）类在语义上无明显关联，违反RDFS domain规则的合理性约束，因为发电站并非典型具有“决定日期”的实体。",0,1,
sample_0193,domain,"If a resource uses property decideDate as subject, then it should belong to class PowerStation.","背景知识：
条目1：
- 名称：decideDate
- 类型：Property
- 简介：decide date

条目2：
- 名称：PowerStation
- 类型：Class
- 简介：power station",0,grok-4,0.0,8192,https://api2.aigcbest.top/v1,"判断结果：[错误]  
解释：[背景知识中未指定decideDate属性的domain为PowerStation，且常识上决定日期与发电站无直接语义关联，与RDFS domain规则不符。]",0,1,
sample_0194,domain,"For any x and y, if x decideDate y holds, then x is an instance of PowerStation.","背景知识：
条目1：
- 名称：decideDate
- 类型：Property
- 简介：decide date

条目2：
- 名称：PowerStation
- 类型：Class
- 简介：power station",0,grok-4,0.0,8192,https://api2.aigcbest.top/v1,"判断结果：错误  
解释：decideDate作为“decide date”属性的语义与PowerStation作为“power station”类的概念无关，违反RDFS domain规则中属性主体应合理属于指定类的语义约束。",0,1,
sample_0195,domain,Property decideDate can only be applied to subjects of class PowerStation.,"背景知识：
条目1：
- 名称：decideDate
- 类型：Property
- 简介：decide date

条目2：
- 名称：PowerStation
- 类型：Class
- 简介：power station",0,grok-4,0.0,8192,https://api2.aigcbest.top/v1,"判断结果：[错误]  
解释：背景知识中decideDate作为“decide date”属性与PowerStation作为“power station”类无明显语义关联，依据RDFS domain规则，此公理强加的主体约束缺乏合理依据并与常识冲突。",0,1,
sample_0196,domain,domain(density) = Infrastructure,"背景知识：
条目1：
- 名称：density
- 类型：Property
- 简介：density (μ3)

条目2：
- 名称：Infrastructure
- 类型：Class
- 简介：infrastructure",0,grok-4,0.0,8192,https://api2.aigcbest.top/v1,"判断结果：[错误]
解释：背景知识中density作为属性描述为“density (μ3)”，暗示其为通用密度概念（如物理密度），而将其domain限制为Infrastructure类与常识中密度适用于更广泛实体（如物质或材料）相冲突，不符合RDFS domain语义规则的合理约束。",0,1,
sample_0197,domain,The domain of density is Infrastructure.,"背景知识：
条目1：
- 名称：density
- 类型：Property
- 简介：density (μ3)

条目2：
- 名称：Infrastructure
- 类型：Class
- 简介：infrastructure",0,grok-4,0.0,8192,https://api2.aigcbest.top/v1,"判断结果：[正确]
解释：背景知识中density为Property且Infrastructure为Class，公理指定其domain符合RDFS语义规则，无明显冲突。",1,0,
sample_0198,domain,"If a resource uses property density as subject, then it should belong to class Infrastructure.","背景知识：
条目1：
- 名称：density
- 类型：Property
- 简介：density (μ3)

条目2：
- 名称：Infrastructure
- 类型：Class
- 简介：infrastructure",0,grok-4,0.0,8192,https://api2.aigcbest.top/v1,"判断结果：[错误]  
解释：背景知识未指定density属性的domain为Infrastructure，且根据常识，density通常描述物质或材料的密度，而非直接适用于基础设施类，与语义约束不符。",0,1,
sample_0199,domain,"For any x and y, if x density y holds, then x is an instance of Infrastructure.","背景知识：
条目1：
- 名称：density
- 类型：Property
- 简介：density (μ3)

条目2：
- 名称：Infrastructure
- 类型：Class
- 简介：infrastructure",0,grok-4,0.0,8192,https://api2.aigcbest.top/v1,"判断结果：[正确]  
解释：公理表述了density属性的domain为Infrastructure类，与背景知识中density作为Property和Infrastructure作为Class的定义相符，且无明显语义冲突。",1,0,
sample_0200,domain,Property density can only be applied to subjects of class Infrastructure.,"背景知识：
条目1：
- 名称：density
- 类型：Property
- 简介：density (μ3)

条目2：
- 名称：Infrastructure
- 类型：Class
- 简介：infrastructure",0,grok-4,0.0,8192,https://api2.aigcbest.top/v1,"判断结果：错误
解释：背景知识中density属性的简介为“density (μ3)”，未指定其domain为Infrastructure类，且RDFS语义规则下无约束要求该属性仅适用于基础设施，存在语义不匹配。",0,1,
sample_0201,domain,domain(diameter) = Automobile,"背景知识：
条目1：
- 名称：diameter
- 类型：Property
- 简介：diameter (mm)

条目2：
- 名称：Automobile
- 类型：Class
- 简介：automobile",0,grok-4,0.0,8192,https://api2.aigcbest.top/v1,"判断结果：[正确]  
解释：[背景知识中diameter作为属性可适用于Automobile类（如汽车轮胎直径），符合RDFS domain规则对属性主体的语义约束，无明显冲突。]",1,0,
sample_0202,domain,The domain of diameter is Automobile.,"背景知识：
条目1：
- 名称：diameter
- 类型：Property
- 简介：diameter (mm)

条目2：
- 名称：Automobile
- 类型：Class
- 简介：automobile",0,grok-4,0.0,8192,https://api2.aigcbest.top/v1,"判断结果：[错误]  
解释：背景知识中diameter作为通用属性（diameter (mm)）不应将domain严格限制为Automobile类，这与RDFS domain规则下属性的语义约束及常识知识冲突，导致不合理的类型限制。",0,1,
sample_0203,domain,"If a resource uses property diameter as subject, then it should belong to class Automobile.","背景知识：
条目1：
- 名称：diameter
- 类型：Property
- 简介：diameter (mm)

条目2：
- 名称：Automobile
- 类型：Class
- 简介：automobile",0,grok-4,0.0,8192,https://api2.aigcbest.top/v1,"判断结果：[错误]  
解释：[背景知识中未指定diameter属性的domain为Automobile类，此公理引入了未支持的RDFS domain约束，与给定知识存在冲突。]",0,1,
sample_0204,domain,"For any x and y, if x diameter y holds, then x is an instance of Automobile.","背景知识：
条目1：
- 名称：diameter
- 类型：Property
- 简介：diameter (mm)

条目2：
- 名称：Automobile
- 类型：Class
- 简介：automobile",0,grok-4,0.0,8192,https://api2.aigcbest.top/v1,"判断结果：错误  
解释：背景知识中diameter作为通用属性（diameter (mm)）未指定其domain为Automobile，且RDFS语义规则下该公理隐含domain约束与常识中直径适用于非汽车物体冲突。",0,1,
sample_0205,domain,Property diameter can only be applied to subjects of class Automobile.,"背景知识：
条目1：
- 名称：diameter
- 类型：Property
- 简介：diameter (mm)

条目2：
- 名称：Automobile
- 类型：Class
- 简介：automobile",0,grok-4,0.0,8192,https://api2.aigcbest.top/v1,"判断结果：[错误]  
解释：[背景知识中diameter作为通用属性（diameter (mm)）未指定domain限制，而公理将其domain严格限定为Automobile类，与常识中diameter可应用于多种物体（如轮胎或管道）的语义规则冲突。]",0,1,
sample_0206,domain,domain(firstLaunchDate) = Drug,"背景知识：
条目1：
- 名称：firstLaunchDate
- 类型：Property
- 简介：first launch date

条目2：
- 名称：Drug
- 类型：Class
- 简介：drug",0,grok-4,0.0,8192,https://api2.aigcbest.top/v1,"判断结果：正确  
解释：根据背景知识，firstLaunchDate属性表示首次上市日期，与Drug类（药品）语义相关，其domain约束主体为Drug类符合RDFS规则，无明显冲突。",1,0,
sample_0207,domain,The domain of firstLaunchDate is Drug.,"背景知识：
条目1：
- 名称：firstLaunchDate
- 类型：Property
- 简介：first launch date

条目2：
- 名称：Drug
- 类型：Class
- 简介：drug",0,grok-4,0.0,8192,https://api2.aigcbest.top/v1,"判断结果：正确  
解释：根据背景知识，firstLaunchDate作为属性表示“first launch date”，其domain为Drug类符合RDFS语义规则，因为这约束了属性的主体必须属于Drug类，与药物首次上市日期的语义关系相符。",1,0,
sample_0208,domain,"If a resource uses property firstLaunchDate as subject, then it should belong to class Drug.","背景知识：
条目1：
- 名称：firstLaunchDate
- 类型：Property
- 简介：first launch date

条目2：
- 名称：Drug
- 类型：Class
- 简介：drug",0,grok-4,0.0,8192,https://api2.aigcbest.top/v1,"判断结果：[错误]  
解释：[基于常识知识，firstLaunchDate作为“first launch date”可适用于非Drug类资源（如火箭或产品），因此将其隐含domain约束为Drug类与语义合理性冲突。]",0,1,
sample_0209,domain,"For any x and y, if x firstLaunchDate y holds, then x is an instance of Drug.","背景知识：
条目1：
- 名称：firstLaunchDate
- 类型：Property
- 简介：first launch date

条目2：
- 名称：Drug
- 类型：Class
- 简介：drug",0,grok-4,0.0,8192,https://api2.aigcbest.top/v1,"判断结果：[正确]  
解释：[公理描述了firstLaunchDate属性的domain为Drug类，符合RDFS语义规则，且背景知识中firstLaunchDate作为药物相关属性的语义关系合理无冲突。]",1,0,
sample_0210,domain,Property firstLaunchDate can only be applied to subjects of class Drug.,"背景知识：
条目1：
- 名称：firstLaunchDate
- 类型：Property
- 简介：first launch date

条目2：
- 名称：Drug
- 类型：Class
- 简介：drug",0,grok-4,0.0,8192,https://api2.aigcbest.top/v1,"判断结果：[正确]  
解释：[根据背景知识，firstLaunchDate作为Property的语义为“first launch date”，适用于Drug类（药物）的首次上市日期，与RDFS domain规则一致，无明显冲突。]",1,0,
sample_0211,domain,domain(firstLaunchRocket) = LaunchPad,"背景知识：
条目1：
- 名称：firstLaunchRocket
- 类型：Property
- 简介：first launch rocket

条目2：
- 名称：LaunchPad
- 类型：Class
- 简介：launch pad",1,grok-4,0.0,8192,https://api2.aigcbest.top/v1,"判断结果：正确  
解释：根据背景知识，firstLaunchRocket作为属性表示首次发射火箭，而LaunchPad作为类表示发射台，RDFS domain规则指定属性的主语类型为LaunchPad类实例，这与发射台拥有首次发射火箭的语义关系相符，无明显冲突。",1,1,
sample_0212,domain,The domain of firstLaunchRocket is LaunchPad.,"背景知识：
条目1：
- 名称：firstLaunchRocket
- 类型：Property
- 简介：first launch rocket

条目2：
- 名称：LaunchPad
- 类型：Class
- 简介：launch pad",1,grok-4,0.0,8192,https://api2.aigcbest.top/v1,"判断结果：正确  
解释：根据背景知识，firstLaunchRocket作为属性可合理关联到LaunchPad类作为其domain，因为发射台（LaunchPad）实例可以具有首次发射火箭的语义关系，且符合RDFS domain规则要求主体属于指定类。",1,1,
sample_0213,domain,"If a resource uses property firstLaunchRocket as subject, then it should belong to class LaunchPad.","背景知识：
条目1：
- 名称：firstLaunchRocket
- 类型：Property
- 简介：first launch rocket

条目2：
- 名称：LaunchPad
- 类型：Class
- 简介：launch pad",1,grok-4,0.0,8192,https://api2.aigcbest.top/v1,"判断结果：[正确]  
解释：根据背景知识，firstLaunchRocket作为属性可描述LaunchPad类的实例（如发射台的首次发射火箭），符合RDFS domain规则对属性主体的类约束，无明显冲突。",1,1,
sample_0214,domain,"For any x and y, if x firstLaunchRocket y holds, then x is an instance of LaunchPad.","背景知识：
条目1：
- 名称：firstLaunchRocket
- 类型：Property
- 简介：first launch rocket

条目2：
- 名称：LaunchPad
- 类型：Class
- 简介：launch pad",1,grok-4,0.0,8192,https://api2.aigcbest.top/v1,"判断结果：[正确]  
解释：[根据背景知识，firstLaunchRocket作为属性描述发射台的首次发射火箭，其domain为LaunchPad符合RDFS语义规则和常识，无明显冲突。]",1,1,
sample_0215,domain,Property firstLaunchRocket can only be applied to subjects of class LaunchPad.,"背景知识：
条目1：
- 名称：firstLaunchRocket
- 类型：Property
- 简介：first launch rocket

条目2：
- 名称：LaunchPad
- 类型：Class
- 简介：launch pad",1,grok-4,0.0,8192,https://api2.aigcbest.top/v1,"判断结果：[正确]  
解释：根据背景知识，firstLaunchRocket作为属性可描述LaunchPad类实例的首次发射火箭，符合RDFS domain规则对主体类别的语义约束，且无明显冲突。",1,1,
sample_0216,domain,domain(firstLaunchRocket) = Scientist,"背景知识：
条目1：
- 名称：firstLaunchRocket
- 类型：Property
- 简介：first launch rocket

条目2：
- 名称：Scientist
- 类型：Class
- 简介：scientist",0,grok-4,0.0,8192,https://api2.aigcbest.top/v1,"判断结果：[正确]
解释：根据背景知识，firstLaunchRocket作为属性可与Scientist类关联，其domain定义符合RDFS规则，表示属性的主体属于Scientist类，且无明显冲突。",1,0,
sample_0217,domain,The domain of firstLaunchRocket is Scientist.,"背景知识：
条目1：
- 名称：firstLaunchRocket
- 类型：Property
- 简介：first launch rocket

条目2：
- 名称：Scientist
- 类型：Class
- 简介：scientist",0,grok-4,0.0,8192,https://api2.aigcbest.top/v1,"判断结果：[正确]  
解释：根据背景知识，firstLaunchRocket作为属性可与Scientist类关联，其domain指定为Scientist符合RDFS语义规则，表示属性的主体属于科学家类，且无明显冲突。",1,0,
sample_0218,domain,"If a resource uses property firstLaunchRocket as subject, then it should belong to class Scientist.","背景知识：
条目1：
- 名称：firstLaunchRocket
- 类型：Property
- 简介：first launch rocket

条目2：
- 名称：Scientist
- 类型：Class
- 简介：scientist",0,grok-4,0.0,8192,https://api2.aigcbest.top/v1,"判断结果：[错误]  
解释：根据背景知识和常识，firstLaunchRocket属性表示“first launch rocket”，其主体不一定属于Scientist类，例如可能为组织或事件，而公理强制指定domain为Scientist存在冲突。",0,1,
sample_0219,domain,"For any x and y, if x firstLaunchRocket y holds, then x is an instance of Scientist.","背景知识：
条目1：
- 名称：firstLaunchRocket
- 类型：Property
- 简介：first launch rocket

条目2：
- 名称：Scientist
- 类型：Class
- 简介：scientist",0,grok-4,0.0,8192,https://api2.aigcbest.top/v1,"判断结果：[正确]  
解释：根据背景知识，firstLaunchRocket 是属性而 Scientist 是类，该公理相当于定义 firstLaunchRocket 的 domain 为 Scientist，符合 RDFS 语义规则且无明显冲突。",1,0,
sample_0220,domain,Property firstLaunchRocket can only be applied to subjects of class Scientist.,"背景知识：
条目1：
- 名称：firstLaunchRocket
- 类型：Property
- 简介：first launch rocket

条目2：
- 名称：Scientist
- 类型：Class
- 简介：scientist",0,grok-4,0.0,8192,https://api2.aigcbest.top/v1,"判断结果：[错误]
解释：背景知识中firstLaunchRocket作为“first launch rocket”属性与Scientist类无明确语义关联，RDFS domain规则要求属性主体属于指定类，但此约束缺乏常识支持且可能违反属性的一般适用性。",0,1,
sample_0221,domain,domain(height) = ChemicalSubstance,"背景知识：
条目1：
- 名称：height
- 类型：Property
- 简介：height (mm)

条目2：
- 名称：ChemicalSubstance
- 类型：Class
- 简介：chemical substance",0,grok-4,0.0,8192,https://api2.aigcbest.top/v1,"判断结果：错误  
解释：height属性表示物理高度（mm），其domain不应限制为ChemicalSubstance类，因为根据RDFS语义规则，这将错误约束属性的主体仅为化学物质实例，与常识中height适用于各种物理对象的背景知识冲突。",0,1,
sample_0222,domain,The domain of height is ChemicalSubstance.,"背景知识：
条目1：
- 名称：height
- 类型：Property
- 简介：height (mm)

条目2：
- 名称：ChemicalSubstance
- 类型：Class
- 简介：chemical substance",0,grok-4,0.0,8192,https://api2.aigcbest.top/v1,"判断结果：错误  
解释：根据背景知识，height属性表示物理高度（mm），而ChemicalSubstance是化学物质类，RDFS domain规则要求属性的主体必须属于该类，但化学物质通常不具备物理高度属性，导致语义冲突。",0,1,
sample_0223,domain,"If a resource uses property height as subject, then it should belong to class ChemicalSubstance.","背景知识：
条目1：
- 名称：height
- 类型：Property
- 简介：height (mm)

条目2：
- 名称：ChemicalSubstance
- 类型：Class
- 简介：chemical substance",0,grok-4,0.0,8192,https://api2.aigcbest.top/v1,"判断结果：错误
解释：根据背景知识，height属性表示物理高度（mm），而ChemicalSubstance类指化学物质，二者无语义包含或约束关系，与RDFS domain规则和常识知识冲突，因为许多非化学实体（如人或物体）可具有height属性。",0,1,
sample_0224,domain,"For any x and y, if x height y holds, then x is an instance of ChemicalSubstance.","背景知识：
条目1：
- 名称：height
- 类型：Property
- 简介：height (mm)

条目2：
- 名称：ChemicalSubstance
- 类型：Class
- 简介：chemical substance",0,grok-4,0.0,8192,https://api2.aigcbest.top/v1,"判断结果：错误  
解释：根据背景知识，height属性表示高度（mm），通常适用于具有物理尺寸的对象，而非专属于ChemicalSubstance类；依据RDFS domain规则，此公理隐含height的domain为ChemicalSubstance，但这与常识冲突，因为非化学物质也可具有高度属性。",0,1,
sample_0225,domain,Property height can only be applied to subjects of class ChemicalSubstance.,"背景知识：
条目1：
- 名称：height
- 类型：Property
- 简介：height (mm)

条目2：
- 名称：ChemicalSubstance
- 类型：Class
- 简介：chemical substance",0,grok-4,0.0,8192,https://api2.aigcbest.top/v1,"判断结果：[错误]  
解释：[背景知识中height属性表示物理高度（mm），依据RDFS domain规则，其主体不应仅限于ChemicalSubstance类，这与常识中高度适用于各种物理对象而非仅化学物质相冲突。]",0,1,
sample_0226,domain,domain(height) = Settlement,"背景知识：
条目1：
- 名称：height
- 类型：Property
- 简介：height (cm)

条目2：
- 名称：Settlement
- 类型：Class
- 简介：settlement",0,grok-4,0.0,8192,https://api2.aigcbest.top/v1,"判断结果：[错误]  
解释：[height属性表示厘米级高度，通常适用于人或物体，而非专属于Settlement类（定居点），这违反RDFS domain规则中属性主体应合理属于指定类的语义约束。]",0,1,
sample_0227,domain,The domain of height is Settlement.,"背景知识：
条目1：
- 名称：height
- 类型：Property
- 简介：height (cm)

条目2：
- 名称：Settlement
- 类型：Class
- 简介：settlement",0,grok-4,0.0,8192,https://api2.aigcbest.top/v1,"判断结果：[错误]  
解释：[背景知识中height属性表示厘米级高度，通常适用于物体或个体，而将其域约束为Settlement类（定居点）与RDFS domain规则及常识冲突，因为定居点的高度（如海拔）不典型地用厘米表示，且该约束不当限制了属性的适用范围。]",0,1,
sample_0228,domain,"If a resource uses property height as subject, then it should belong to class Settlement.","背景知识：
条目1：
- 名称：height
- 类型：Property
- 简介：height (cm)

条目2：
- 名称：Settlement
- 类型：Class
- 简介：settlement",0,grok-4,0.0,8192,https://api2.aigcbest.top/v1,"判断结果：[错误]
解释：背景知识中height属性表示通用高度（cm），而将其domain限制为Settlement类与RDFS语义规则及常识不符，因为高度可适用于多种实体而非仅限于定居点。",0,1,
sample_0229,domain,"For any x and y, if x height y holds, then x is an instance of Settlement.","背景知识：
条目1：
- 名称：height
- 类型：Property
- 简介：height (cm)

条目2：
- 名称：Settlement
- 类型：Class
- 简介：settlement",0,grok-4,0.0,8192,https://api2.aigcbest.top/v1,"判断结果：[错误]  
解释：[根据背景知识，height属性表示高度（厘米），通常适用于个体而非Settlement类（定居点），这与RDFS domain规则冲突，因为它错误地将height的域限制为不相关的Settlement类。]",0,1,
sample_0230,domain,Property height can only be applied to subjects of class Settlement.,"背景知识：
条目1：
- 名称：height
- 类型：Property
- 简介：height (cm)

条目2：
- 名称：Settlement
- 类型：Class
- 简介：settlement",0,grok-4,0.0,8192,https://api2.aigcbest.top/v1,"判断结果：[错误]  
解释：[背景知识中height属性表示通用高度（cm），而将其domain限制为Settlement类与常识及RDFS语义规则冲突，因为高度不应仅限于定居点实例。]",0,1,
sample_0231,domain,domain(lastLaunchDate) = LaunchPad,"背景知识：
条目1：
- 名称：lastLaunchDate
- 类型：Property
- 简介：last launch date

条目2：
- 名称：LaunchPad
- 类型：Class
- 简介：launch pad",1,grok-4,0.0,8192,https://api2.aigcbest.top/v1,"判断结果：正确  
解释：根据背景知识，lastLaunchDate作为发射日期属性，其domain为LaunchPad类符合RDFS语义规则，因为发射台实例合理地拥有最后发射日期属性，且无明显冲突。",1,1,
sample_0232,domain,The domain of lastLaunchDate is LaunchPad.,"背景知识：
条目1：
- 名称：lastLaunchDate
- 类型：Property
- 简介：last launch date

条目2：
- 名称：LaunchPad
- 类型：Class
- 简介：launch pad",1,grok-4,0.0,8192,https://api2.aigcbest.top/v1,"判断结果：正确  
解释：根据背景知识，lastLaunchDate作为属性表示发射台的最后发射日期，其domain为LaunchPad类符合RDFS语义规则，即属性的主体应属于发射台类，这与常识和给定简介一致无冲突。",1,1,
sample_0233,domain,"If a resource uses property lastLaunchDate as subject, then it should belong to class LaunchPad.","背景知识：
条目1：
- 名称：lastLaunchDate
- 类型：Property
- 简介：last launch date

条目2：
- 名称：LaunchPad
- 类型：Class
- 简介：launch pad",1,grok-4,0.0,8192,https://api2.aigcbest.top/v1,"判断结果：正确  
解释：基于背景知识，lastLaunchDate 属性表示发射台的最后发射日期，因此其主体（domain）应属于 LaunchPad 类，这符合 RDFS domain 语义规则。",1,1,
sample_0234,domain,"For any x and y, if x lastLaunchDate y holds, then x is an instance of LaunchPad.","背景知识：
条目1：
- 名称：lastLaunchDate
- 类型：Property
- 简介：last launch date

条目2：
- 名称：LaunchPad
- 类型：Class
- 简介：launch pad",1,grok-4,0.0,8192,https://api2.aigcbest.top/v1,"判断结果：正确  
解释：根据背景知识，lastLaunchDate作为“last launch date”属性适用于LaunchPad类（发射台），符合RDFS domain规则，即属性主体应属于指定类，无明显冲突。",1,1,
sample_0235,domain,Property lastLaunchDate can only be applied to subjects of class LaunchPad.,"背景知识：
条目1：
- 名称：lastLaunchDate
- 类型：Property
- 简介：last launch date

条目2：
- 名称：LaunchPad
- 类型：Class
- 简介：launch pad",1,grok-4,0.0,8192,https://api2.aigcbest.top/v1,"判断结果：[正确]  
解释：[根据背景知识，lastLaunchDate作为属性描述最后发射日期，与LaunchPad类（发射台）的语义相关，且符合RDFS domain规则对属性主体的类约束，无明显冲突。]",1,1,
sample_0236,domain,domain(lastLaunchRocket) = LaunchPad,"背景知识：
条目1：
- 名称：lastLaunchRocket
- 类型：Property
- 简介：last launch rocket

条目2：
- 名称：LaunchPad
- 类型：Class
- 简介：launch pad",1,grok-4,0.0,8192,https://api2.aigcbest.top/v1,"判断结果：正确  
解释：根据背景知识，lastLaunchRocket作为属性表示发射台的最后发射火箭，其domain为LaunchPad类符合RDFS语义规则，确保属性的主体属于发射台类，这与常识相符且无冲突。",1,1,
sample_0237,domain,The domain of lastLaunchRocket is LaunchPad.,"背景知识：
条目1：
- 名称：lastLaunchRocket
- 类型：Property
- 简介：last launch rocket

条目2：
- 名称：LaunchPad
- 类型：Class
- 简介：launch pad",1,grok-4,0.0,8192,https://api2.aigcbest.top/v1,"判断结果：[正确]  
解释：[根据背景知识，lastLaunchRocket作为属性描述“last launch rocket”，其domain为LaunchPad类（发射台）符合RDFS语义规则，表示属性的主体应属于发射台实例，这与发射台与火箭发射的语义关系一致且无冲突。]",1,1,
sample_0238,domain,"If a resource uses property lastLaunchRocket as subject, then it should belong to class LaunchPad.","背景知识：
条目1：
- 名称：lastLaunchRocket
- 类型：Property
- 简介：last launch rocket

条目2：
- 名称：LaunchPad
- 类型：Class
- 简介：launch pad",1,grok-4,0.0,8192,https://api2.aigcbest.top/v1,"判断结果：[正确]  
解释：[根据背景知识，lastLaunchRocket作为属性描述发射台的最后发射火箭，其主体应属于LaunchPad类，这符合RDFS domain语义规则对属性主体类别的约束。]",1,1,
sample_0239,domain,"For any x and y, if x lastLaunchRocket y holds, then x is an instance of LaunchPad.","背景知识：
条目1：
- 名称：lastLaunchRocket
- 类型：Property
- 简介：last launch rocket

条目2：
- 名称：LaunchPad
- 类型：Class
- 简介：launch pad",1,grok-4,0.0,8192,https://api2.aigcbest.top/v1,"判断结果：正确  
解释：根据背景知识，lastLaunchRocket作为属性描述发射台的最后发射火箭，公理符合RDFS domain规则，确保属性的主体x属于LaunchPad类，这与常识和语义约束一致。",1,1,
sample_0240,domain,Property lastLaunchRocket can only be applied to subjects of class LaunchPad.,"背景知识：
条目1：
- 名称：lastLaunchRocket
- 类型：Property
- 简介：last launch rocket

条目2：
- 名称：LaunchPad
- 类型：Class
- 简介：launch pad",1,grok-4,0.0,8192,https://api2.aigcbest.top/v1,"判断结果：[正确]  
解释：[根据背景知识，lastLaunchRocket作为属性描述最后发射的火箭，而LaunchPad作为发射台类，其domain约束合理符合RDFS语义规则，无明显冲突。]",1,1,
sample_0241,domain,domain(lastLaunchRocket) = Place,"背景知识：
条目1：
- 名称：lastLaunchRocket
- 类型：Property
- 简介：last launch rocket

条目2：
- 名称：Place
- 类型：Class
- 简介：place",0,grok-4,0.0,8192,https://api2.aigcbest.top/v1,"判断结果：正确  
解释：根据背景知识，lastLaunchRocket作为属性描述“last launch rocket”，其域为Place类符合RDFS domain规则，因为火箭发射通常与地点相关联，且无明显语义冲突。",1,0,
sample_0242,domain,The domain of lastLaunchRocket is Place.,"背景知识：
条目1：
- 名称：lastLaunchRocket
- 类型：Property
- 简介：last launch rocket

条目2：
- 名称：Place
- 类型：Class
- 简介：place",0,grok-4,0.0,8192,https://api2.aigcbest.top/v1,"判断结果：正确  
解释：根据背景知识，lastLaunchRocket作为属性可与Place类关联，表示地点相关的最后发射火箭，符合RDFS domain规则对属性主体的类约束，且无明显冲突。",1,0,
sample_0243,domain,"If a resource uses property lastLaunchRocket as subject, then it should belong to class Place.","背景知识：
条目1：
- 名称：lastLaunchRocket
- 类型：Property
- 简介：last launch rocket

条目2：
- 名称：Place
- 类型：Class
- 简介：place",0,grok-4,0.0,8192,https://api2.aigcbest.top/v1,"判断结果：[正确]  
解释：[根据RDFS domain规则，lastLaunchRocket属性作为“last launch rocket”的语义，其主体合理属于Place类，表示地点相关的最后发射火箭，无明显冲突。]",1,0,
sample_0244,domain,"For any x and y, if x lastLaunchRocket y holds, then x is an instance of Place.","背景知识：
条目1：
- 名称：lastLaunchRocket
- 类型：Property
- 简介：last launch rocket

条目2：
- 名称：Place
- 类型：Class
- 简介：place",0,grok-4,0.0,8192,https://api2.aigcbest.top/v1,"判断结果：[正确]  
解释：根据背景知识，lastLaunchRocket作为属性可能描述地点（Place）的最后发射火箭，符合RDFS domain规则中属性主语属于特定类的语义约束，且无明显冲突。",1,0,
sample_0245,domain,Property lastLaunchRocket can only be applied to subjects of class Place.,"背景知识：
条目1：
- 名称：lastLaunchRocket
- 类型：Property
- 简介：last launch rocket

条目2：
- 名称：Place
- 类型：Class
- 简介：place",0,grok-4,0.0,8192,https://api2.aigcbest.top/v1,"判断结果：[正确]  
解释：[背景知识中lastLaunchRocket作为属性可与Place类关联，符合RDFS domain规则对属性主体类别的语义约束，且无明显冲突。",1,0,
sample_0246,domain,domain(mass) = Planet,"背景知识：
条目1：
- 名称：mass
- 类型：Property
- 简介：mass (kg)

条目2：
- 名称：Planet
- 类型：Class
- 简介：planet",1,grok-4,0.0,8192,https://api2.aigcbest.top/v1,"判断结果：[错误]  
解释：[mass作为通用属性不应仅限于Planet类的domain，这与RDFS语义规则和常识知识冲突，因为许多非行星实体也具有质量。]",0,0,
sample_0247,domain,The domain of mass is Planet.,"背景知识：
条目1：
- 名称：mass
- 类型：Property
- 简介：mass (kg)

条目2：
- 名称：Planet
- 类型：Class
- 简介：planet",1,grok-4,0.0,8192,https://api2.aigcbest.top/v1,"判断结果：[错误]  
解释：[背景知识中mass作为通用属性表示质量（kg），不应将domain限制为Planet类，否则违反RDFS domain语义规则和常识，导致非行星实体无法具有质量属性。]",0,0,
sample_0248,domain,"If a resource uses property mass as subject, then it should belong to class Planet.","背景知识：
条目1：
- 名称：mass
- 类型：Property
- 简介：mass (kg)

条目2：
- 名称：Planet
- 类型：Class
- 简介：planet",1,grok-4,0.0,8192,https://api2.aigcbest.top/v1,"判断结果：[错误]  
解释：[背景知识中mass作为通用属性（mass (kg)）未指定domain为Planet，且根据常识知识与RDFS domain规则，mass可适用于多种实体而非仅限于Planet类，存在明显冲突。]",0,0,
sample_0249,domain,"For any x and y, if x mass y holds, then x is an instance of Planet.","背景知识：
条目1：
- 名称：mass
- 类型：Property
- 简介：mass (kg)

条目2：
- 名称：Planet
- 类型：Class
- 简介：planet",1,grok-4,0.0,8192,https://api2.aigcbest.top/v1,"判断结果：[错误]  
解释：公理隐含地将mass属性的domain限制为Planet类，但背景知识中mass作为通用质量属性（kg）可适用于多种实体，与RDFS domain语义规则和常识知识冲突，后者不允许将mass独占于行星。",0,0,
sample_0250,domain,Property mass can only be applied to subjects of class Planet.,"背景知识：
条目1：
- 名称：mass
- 类型：Property
- 简介：mass (kg)

条目2：
- 名称：Planet
- 类型：Class
- 简介：planet",1,grok-4,0.0,8192,https://api2.aigcbest.top/v1,"判断结果：[错误]  
解释：背景知识中mass作为通用属性（质量kg）可应用于多种实体，而公理将其domain严格限制为Planet类，与常识知识中质量的广泛适用性冲突。",0,0,
sample_0251,domain,domain(meanTemperature) = ChemicalSubstance,"背景知识：
条目1：
- 名称：meanTemperature
- 类型：Property
- 简介：mean temperature (K)

条目2：
- 名称：ChemicalSubstance
- 类型：Class
- 简介：chemical substance",0,grok-4,0.0,8192,https://api2.aigcbest.top/v1,"判断结果：[正确]  
解释：[meanTemperature作为属性表示平均温度，其域指定为ChemicalSubstance类符合RDFS domain规则，因为化学物质可具有温度相关属性，且背景知识无明显冲突。]",1,0,
sample_0252,domain,The domain of meanTemperature is ChemicalSubstance.,"背景知识：
条目1：
- 名称：meanTemperature
- 类型：Property
- 简介：mean temperature (K)

条目2：
- 名称：ChemicalSubstance
- 类型：Class
- 简介：chemical substance",0,grok-4,0.0,8192,https://api2.aigcbest.top/v1,"判断结果：[错误]
解释：meanTemperature作为平均温度属性，其域不应局限于ChemicalSubstance类，因为温度是通用概念，可适用于非化学物质实体，与背景知识和RDFS domain语义规则的合理性相冲突。",0,1,
sample_0253,domain,"If a resource uses property meanTemperature as subject, then it should belong to class ChemicalSubstance.","背景知识：
条目1：
- 名称：meanTemperature
- 类型：Property
- 简介：mean temperature (K)

条目2：
- 名称：ChemicalSubstance
- 类型：Class
- 简介：chemical substance",0,grok-4,0.0,8192,https://api2.aigcbest.top/v1,"判断结果：[错误]
解释：基于背景知识和常识，meanTemperature作为平均温度属性可适用于多种实体而不限于ChemicalSubstance类，因此该domain约束与RDFS语义规则存在明显冲突。",0,1,
sample_0254,domain,"For any x and y, if x meanTemperature y holds, then x is an instance of ChemicalSubstance.","背景知识：
条目1：
- 名称：meanTemperature
- 类型：Property
- 简介：mean temperature (K)

条目2：
- 名称：ChemicalSubstance
- 类型：Class
- 简介：chemical substance",0,grok-4,0.0,8192,https://api2.aigcbest.top/v1,"判断结果：错误  
解释：meanTemperature属性表示平均温度，可适用于各种实体而不限于化学物质，而公理将其domain约束为ChemicalSubstance，与背景知识和常识存在冲突。",0,1,
sample_0255,domain,Property meanTemperature can only be applied to subjects of class ChemicalSubstance.,"背景知识：
条目1：
- 名称：meanTemperature
- 类型：Property
- 简介：mean temperature (K)

条目2：
- 名称：ChemicalSubstance
- 类型：Class
- 简介：chemical substance",0,grok-4,0.0,8192,https://api2.aigcbest.top/v1,"判断结果：[错误]  
解释：根据背景知识，meanTemperature作为平均温度属性通常适用于具有温度状态的实体，而非ChemicalSubstance类中的化学物质，这与RDFS domain规则要求属性主体属于合适类的语义约束相冲突。",0,1,
sample_0256,domain,domain(minimumTemperature) = EducationalInstitution,"背景知识：
条目1：
- 名称：minimumTemperature
- 类型：Property
- 简介：minimum temperature (K)

条目2：
- 名称：EducationalInstitution
- 类型：Class
- 简介：educational institution",0,grok-4,0.0,8192,https://api2.aigcbest.top/v1,"判断结果：错误  
解释：minimumTemperature作为温度属性的domain被设置为EducationalInstitution类，与背景知识中其物理温度含义及RDFS domain规则要求主体类匹配属性语义存在明显冲突。",0,1,
sample_0257,domain,The domain of minimumTemperature is EducationalInstitution.,"背景知识：
条目1：
- 名称：minimumTemperature
- 类型：Property
- 简介：minimum temperature (K)

条目2：
- 名称：EducationalInstitution
- 类型：Class
- 简介：educational institution",0,grok-4,0.0,8192,https://api2.aigcbest.top/v1,"判断结果：错误  
解释：根据背景知识，minimumTemperature是表示最低温度的属性，而EducationalInstitution是教育机构类，将其domain设置为EducationalInstitution违反RDFS语义规则和常识，因为教育机构并非温度属性的合理主体。",0,1,
sample_0258,domain,"If a resource uses property minimumTemperature as subject, then it should belong to class EducationalInstitution.","背景知识：
条目1：
- 名称：minimumTemperature
- 类型：Property
- 简介：minimum temperature (K)

条目2：
- 名称：EducationalInstitution
- 类型：Class
- 简介：educational institution",0,grok-4,0.0,8192,https://api2.aigcbest.top/v1,"判断结果：错误  
解释：minimumTemperature作为温度属性与EducationalInstitution（教育机构）类无语义关联，违反RDFS domain规则中属性主体类别的合理约束。",0,1,
sample_0259,domain,"For any x and y, if x minimumTemperature y holds, then x is an instance of EducationalInstitution.","背景知识：
条目1：
- 名称：minimumTemperature
- 类型：Property
- 简介：minimum temperature (K)

条目2：
- 名称：EducationalInstitution
- 类型：Class
- 简介：educational institution",0,grok-4,0.0,8192,https://api2.aigcbest.top/v1,"判断结果：[错误]  
解释：[minimumTemperature作为温度属性的背景知识与EducationalInstitution类无关，强制其domain为EducationalInstitution违反RDFS语义规则和常识约束。]",0,1,
sample_0260,domain,Property minimumTemperature can only be applied to subjects of class EducationalInstitution.,"背景知识：
条目1：
- 名称：minimumTemperature
- 类型：Property
- 简介：minimum temperature (K)

条目2：
- 名称：EducationalInstitution
- 类型：Class
- 简介：educational institution",0,grok-4,0.0,8192,https://api2.aigcbest.top/v1,"判断结果：错误
解释：minimumTemperature作为温度属性（K单位）在语义上与EducationalInstitution（教育机构类）无关，违反RDFS domain规则中属性主体类别的合理约束。",0,1,
sample_0261,domain,domain(nciId) = AdministrativeRegion,"背景知识：
条目1：
- 名称：nciId
- 类型：Property
- 简介：NCI

条目2：
- 名称：AdministrativeRegion
- 类型：Class
- 简介：A PopulatedPlace under the jurisdiction of an administrative body. This body may administer either a whole region or one or more adjacent Settlements (town administration)",0,grok-4,0.0,8192,https://api2.aigcbest.top/v1,"判断结果：[错误]  
解释：背景知识中nciId作为“NCI”（可能指National Cancer Institute相关标识）的属性，与AdministrativeRegion（行政区域类）的语义无关，设定其domain为AdministrativeRegion违反RDFS domain规则的语义约束和常识一致性。",0,1,
sample_0262,domain,The domain of nciId is AdministrativeRegion.,"背景知识：
条目1：
- 名称：nciId
- 类型：Property
- 简介：NCI

条目2：
- 名称：AdministrativeRegion
- 类型：Class
- 简介：A PopulatedPlace under the jurisdiction of an administrative body. This body may administer either a whole region or one or more adjacent Settlements (town administration)",0,grok-4,0.0,8192,https://api2.aigcbest.top/v1,"判断结果：[错误]
解释：根据背景知识，nciId作为Property的简介为“NCI”（可能指National Cancer Institute，与医疗相关），而将其domain设置为AdministrativeRegion（行政区域类）存在语义不匹配，与RDFS domain规则要求属性主体类与属性语义一致的原则冲突。",0,1,
sample_0263,domain,"If a resource uses property nciId as subject, then it should belong to class AdministrativeRegion.","背景知识：
条目1：
- 名称：nciId
- 类型：Property
- 简介：NCI

条目2：
- 名称：AdministrativeRegion
- 类型：Class
- 简介：A PopulatedPlace under the jurisdiction of an administrative body. This body may administer either a whole region or one or more adjacent Settlements (town administration)",0,grok-4,0.0,8192,https://api2.aigcbest.top/v1,"判断结果：[错误]  
解释：[背景知识中nciId作为属性仅与NCI相关，而无证据表明其domain为AdministrativeRegion类，这与RDFS domain语义规则要求属性主体类约束需基于实际关系相冲突。]",0,1,
sample_0264,domain,"For any x and y, if x nciId y holds, then x is an instance of AdministrativeRegion.","背景知识：
条目1：
- 名称：nciId
- 类型：Property
- 简介：NCI

条目2：
- 名称：AdministrativeRegion
- 类型：Class
- 简介：A PopulatedPlace under the jurisdiction of an administrative body. This body may administer either a whole region or one or more adjacent Settlements (town administration)",0,grok-4,0.0,8192,https://api2.aigcbest.top/v1,"判断结果：[错误]  
解释：[背景知识中nciId作为Property的简介为NCI（可能指National Cancer Institute），与AdministrativeRegion（行政区域类）语义无关，声明其domain为AdministrativeRegion违反RDFS domain规则的语义合理性及常识。]",0,1,
sample_0265,domain,Property nciId can only be applied to subjects of class AdministrativeRegion.,"背景知识：
条目1：
- 名称：nciId
- 类型：Property
- 简介：NCI

条目2：
- 名称：AdministrativeRegion
- 类型：Class
- 简介：A PopulatedPlace under the jurisdiction of an administrative body. This body may administer either a whole region or one or more adjacent Settlements (town administration)",0,grok-4,0.0,8192,https://api2.aigcbest.top/v1,"判断结果：错误  
解释：背景知识中nciId属性的简介为“NCI”与AdministrativeRegion类的行政区域语义无关，RDFS domain规则要求属性主体属于指定类，但无证据支持此约束，导致明显冲突。",0,1,
sample_0266,domain,domain(numberOfClassrooms) = AdministrativeRegion,"背景知识：
条目1：
- 名称：numberOfClassrooms
- 类型：Property
- 简介：number of classrooms

条目2：
- 名称：AdministrativeRegion
- 类型：Class
- 简介：A PopulatedPlace under the jurisdiction of an administrative body. This body may administer either a whole region or one or more adjacent Settlements (town administration)",0,grok-4,0.0,8192,https://api2.aigcbest.top/v1,"判断结果：[错误]
解释：numberOfClassrooms属性表示教室数量，通常适用于学校或建筑物等实体，而将其domain限制为AdministrativeRegion类（行政区域）不符合语义约束和常识，因为行政区域并非直接拥有教室的典型主体，与RDFS domain规则要求主体属于指定类的语义不符。",0,1,
sample_0267,domain,The domain of numberOfClassrooms is AdministrativeRegion.,"背景知识：
条目1：
- 名称：numberOfClassrooms
- 类型：Property
- 简介：number of classrooms

条目2：
- 名称：AdministrativeRegion
- 类型：Class
- 简介：A PopulatedPlace under the jurisdiction of an administrative body. This body may administer either a whole region or one or more adjacent Settlements (town administration)",0,grok-4,0.0,8192,https://api2.aigcbest.top/v1,"判断结果：错误  
解释：numberOfClassrooms表示教室数量，通常与学校或建筑物相关，而AdministrativeRegion是行政区域类，根据背景知识和RDFS domain语义，其主体应为具有教室的实体而非行政区域，导致明显语义冲突。",0,1,
sample_0268,domain,"If a resource uses property numberOfClassrooms as subject, then it should belong to class AdministrativeRegion.","背景知识：
条目1：
- 名称：numberOfClassrooms
- 类型：Property
- 简介：number of classrooms

条目2：
- 名称：AdministrativeRegion
- 类型：Class
- 简介：A PopulatedPlace under the jurisdiction of an administrative body. This body may administer either a whole region or one or more adjacent Settlements (town administration)",0,grok-4,0.0,8192,https://api2.aigcbest.top/v1,"判断结果：[错误]  
解释：numberOfClassrooms属性表示教室数量，与AdministrativeRegion类（行政区域）的语义不符，违反RDFS domain规则中属性主体应合理属于指定类的约束。",0,1,
sample_0269,domain,"For any x and y, if x numberOfClassrooms y holds, then x is an instance of AdministrativeRegion.","背景知识：
条目1：
- 名称：numberOfClassrooms
- 类型：Property
- 简介：number of classrooms

条目2：
- 名称：AdministrativeRegion
- 类型：Class
- 简介：A PopulatedPlace under the jurisdiction of an administrative body. This body may administer either a whole region or one or more adjacent Settlements (town administration)",0,grok-4,0.0,8192,https://api2.aigcbest.top/v1,"判断结果：[错误]  
解释：根据背景知识，numberOfClassrooms属性描述教室数量，通常与学校等实体相关，而非AdministrativeRegion类代表的行政区域；RDFS domain规则要求属性主体属于指定类，但此公理将不相符的domain应用于numberOfClassrooms，导致语义冲突。",0,1,
sample_0270,domain,Property numberOfClassrooms can only be applied to subjects of class AdministrativeRegion.,"背景知识：
条目1：
- 名称：numberOfClassrooms
- 类型：Property
- 简介：number of classrooms

条目2：
- 名称：AdministrativeRegion
- 类型：Class
- 简介：A PopulatedPlace under the jurisdiction of an administrative body. This body may administer either a whole region or one or more adjacent Settlements (town administration)",0,grok-4,0.0,8192,https://api2.aigcbest.top/v1,"判断结果：错误  
解释：背景知识中numberOfClassrooms表示教室数量，与AdministrativeRegion作为行政区域的语义无关，违反RDFS domain规则中属性域需与主体类语义匹配的约束。",0,1,
sample_0271,domain,domain(orbitalPeriod) = Planet,"背景知识：
条目1：
- 名称：orbitalPeriod
- 类型：Property
- 简介：orbital period (μ)

条目2：
- 名称：Planet
- 类型：Class
- 简介：planet",1,grok-4,0.0,8192,https://api2.aigcbest.top/v1,"判断结果：[正确]  
解释：[根据背景知识，orbitalPeriod作为行星轨道周期的属性，其domain指定为Planet类符合RDFS语义规则，确保属性的主体属于行星实例。]",1,1,
sample_0272,domain,The domain of orbitalPeriod is Planet.,"背景知识：
条目1：
- 名称：orbitalPeriod
- 类型：Property
- 简介：orbital period (μ)

条目2：
- 名称：Planet
- 类型：Class
- 简介：planet",1,grok-4,0.0,8192,https://api2.aigcbest.top/v1,"判断结果：正确  
解释：根据背景知识，orbitalPeriod作为属性表示轨道周期，与Planet类（行星）相关联，RDFS domain规则要求属性的主体属于指定类，此公理合理约束orbitalPeriod的主体为Planet实例，无冲突。",1,1,
sample_0273,domain,"If a resource uses property orbitalPeriod as subject, then it should belong to class Planet.","背景知识：
条目1：
- 名称：orbitalPeriod
- 类型：Property
- 简介：orbital period (μ)

条目2：
- 名称：Planet
- 类型：Class
- 简介：planet",1,grok-4,0.0,8192,https://api2.aigcbest.top/v1,"判断结果：[正确]  
解释：根据背景知识，orbitalPeriod作为轨道周期属性通常与Planet类相关联，此公理符合RDFS domain语义规则，指定使用该属性的主体应属于Planet类，无明显冲突。",1,1,
sample_0274,domain,"For any x and y, if x orbitalPeriod y holds, then x is an instance of Planet.","背景知识：
条目1：
- 名称：orbitalPeriod
- 类型：Property
- 简介：orbital period (μ)

条目2：
- 名称：Planet
- 类型：Class
- 简介：planet",1,grok-4,0.0,8192,https://api2.aigcbest.top/v1,"判断结果：[正确]  
解释：[根据背景知识，orbitalPeriod作为属性与Planet类相关联，该公理符合RDFS domain规则，即属性主体x应属于Planet类，无明显冲突。]",1,1,
sample_0275,domain,Property orbitalPeriod can only be applied to subjects of class Planet.,"背景知识：
条目1：
- 名称：orbitalPeriod
- 类型：Property
- 简介：orbital period (μ)

条目2：
- 名称：Planet
- 类型：Class
- 简介：planet",1,grok-4,0.0,8192,https://api2.aigcbest.top/v1,"判断结果：[正确]  
解释：[背景知识中orbitalPeriod作为轨道周期属性适用于Planet类行星，符合RDFS domain规则对属性主体的语义约束，无明显冲突。",1,1,
sample_0276,domain,domain(otherChannel) = Drug,"背景知识：
条目1：
- 名称：otherChannel
- 类型：Property
- 简介：other channel

条目2：
- 名称：Drug
- 类型：Class
- 简介：drug",0,grok-4,0.0,8192,https://api2.aigcbest.top/v1,"判断结果：[正确]
解释：背景知识中otherChannel为属性、Drug为类，将其域设置为Drug符合RDFS domain规则，无明显语义冲突。",1,0,
sample_0277,domain,The domain of otherChannel is Drug.,"背景知识：
条目1：
- 名称：otherChannel
- 类型：Property
- 简介：other channel

条目2：
- 名称：Drug
- 类型：Class
- 简介：drug",0,grok-4,0.0,8192,https://api2.aigcbest.top/v1,"判断结果：[正确]  
解释：根据背景知识，otherChannel 为 Property 类型且 Drug 为 Class 类型，该公理符合 RDFS domain 语义规则，未发现明显冲突。",1,0,
sample_0278,domain,"If a resource uses property otherChannel as subject, then it should belong to class Drug.","背景知识：
条目1：
- 名称：otherChannel
- 类型：Property
- 简介：other channel

条目2：
- 名称：Drug
- 类型：Class
- 简介：drug",0,grok-4,0.0,8192,https://api2.aigcbest.top/v1,"判断结果：[错误]  
解释：公理试图为otherChannel属性指定domain为Drug类，但背景知识中otherChannel仅描述为“other channel”而无与“drug”相关的语义约束，违反RDFS domain规则的合理性且与常识不符。",0,1,
sample_0279,domain,"For any x and y, if x otherChannel y holds, then x is an instance of Drug.","背景知识：
条目1：
- 名称：otherChannel
- 类型：Property
- 简介：other channel

条目2：
- 名称：Drug
- 类型：Class
- 简介：drug",0,grok-4,0.0,8192,https://api2.aigcbest.top/v1,"判断结果：[错误]  
解释：[背景知识中未指定otherChannel属性的domain为Drug类，且无语义规则或常识支持此约束，故该公理不合理。]",0,1,
sample_0280,domain,Property otherChannel can only be applied to subjects of class Drug.,"背景知识：
条目1：
- 名称：otherChannel
- 类型：Property
- 简介：other channel

条目2：
- 名称：Drug
- 类型：Class
- 简介：drug",0,grok-4,0.0,8192,https://api2.aigcbest.top/v1,"判断结果：错误
解释：背景知识未指定otherChannel属性的domain为Drug类，该公理引入了未在背景中支持的约束，与RDFS domain语义规则不符。",0,1,
sample_0281,domain,domain(periapsis) = Planet,"背景知识：
条目1：
- 名称：periapsis
- 类型：Property
- 简介：periapsis (km)

条目2：
- 名称：Planet
- 类型：Class
- 简介：planet",1,grok-4,0.0,8192,https://api2.aigcbest.top/v1,"判断结果：[正确]  
解释：[根据背景知识，periapsis作为属性与Planet类相关，RDFS domain规则指定其主体属于Planet类，这符合语义约束且无明显冲突。]",1,1,
sample_0282,domain,The domain of periapsis is Planet.,"背景知识：
条目1：
- 名称：periapsis
- 类型：Property
- 简介：periapsis (km)

条目2：
- 名称：Planet
- 类型：Class
- 简介：planet",1,grok-4,0.0,8192,https://api2.aigcbest.top/v1,"判断结果：正确  
解释：根据背景知识，periapsis作为属性描述行星的近日点距离，其domain为Planet类符合RDFS语义规则，确保属性的主体属于Planet实例。",1,1,
sample_0283,domain,"If a resource uses property periapsis as subject, then it should belong to class Planet.","背景知识：
条目1：
- 名称：periapsis
- 类型：Property
- 简介：periapsis (km)

条目2：
- 名称：Planet
- 类型：Class
- 简介：planet",1,grok-4,0.0,8192,https://api2.aigcbest.top/v1,"判断结果：[正确]  
解释：根据RDFS domain规则，periapsis作为属性，其主体资源应属于Planet类，这与背景知识中periapsis描述轨道参数且Planet为行星类的语义相符，无明显冲突。",1,1,
sample_0284,domain,"For any x and y, if x periapsis y holds, then x is an instance of Planet.","背景知识：
条目1：
- 名称：periapsis
- 类型：Property
- 简介：periapsis (km)

条目2：
- 名称：Planet
- 类型：Class
- 简介：planet",1,grok-4,0.0,8192,https://api2.aigcbest.top/v1,"判断结果：[正确]  
解释：[基于背景知识中periapsis作为与行星相关的属性及Planet作为类的描述，该公理符合RDFS domain规则，确保属性主体属于Planet类，无明显冲突。]",1,1,
sample_0285,domain,Property periapsis can only be applied to subjects of class Planet.,"背景知识：
条目1：
- 名称：periapsis
- 类型：Property
- 简介：periapsis (km)

条目2：
- 名称：Planet
- 类型：Class
- 简介：planet",1,grok-4,0.0,8192,https://api2.aigcbest.top/v1,"判断结果：[正确]  
解释：根据背景知识，periapsis作为Property适用于Planet类，且RDFS domain规则支持属性主体约束于特定类，此公理合理无冲突。",1,1,
sample_0286,domain,domain(populationUrbanDensity) = Island,"背景知识：
条目1：
- 名称：populationUrbanDensity
- 类型：Property
- 简介：population urban density (/sqkm)

条目2：
- 名称：Island
- 类型：Class
- 简介：island",0,grok-4,0.0,8192,https://api2.aigcbest.top/v1,"判断结果：错误  
解释：populationUrbanDensity作为城市人口密度属性，其域不应限于Island类，因为背景知识和常识表明城市人口密度适用于各种地理实体而非仅岛屿，这违反RDFS domain语义约束的合理性。",0,1,
sample_0287,domain,The domain of populationUrbanDensity is Island.,"背景知识：
条目1：
- 名称：populationUrbanDensity
- 类型：Property
- 简介：population urban density (/sqkm)

条目2：
- 名称：Island
- 类型：Class
- 简介：island",0,grok-4,0.0,8192,https://api2.aigcbest.top/v1,"判断结果：错误  
解释：populationUrbanDensity作为城市人口密度属性，其domain若为Island类，将错误地将非岛屿实体（如大陆城市）推导为岛屿实例，与RDFS domain语义规则和常识知识冲突。",0,1,
sample_0288,domain,"If a resource uses property populationUrbanDensity as subject, then it should belong to class Island.","背景知识：
条目1：
- 名称：populationUrbanDensity
- 类型：Property
- 简介：population urban density (/sqkm)

条目2：
- 名称：Island
- 类型：Class
- 简介：island",0,grok-4,0.0,8192,https://api2.aigcbest.top/v1,"判断结果：错误  
解释：populationUrbanDensity属性描述城市人口密度，不限于Island类作为domain，违反RDFS domain语义规则中属性主体的合理约束。",0,1,
sample_0289,domain,"For any x and y, if x populationUrbanDensity y holds, then x is an instance of Island.","背景知识：
条目1：
- 名称：populationUrbanDensity
- 类型：Property
- 简介：population urban density (/sqkm)

条目2：
- 名称：Island
- 类型：Class
- 简介：island",0,grok-4,0.0,8192,https://api2.aigcbest.top/v1,"判断结果：[错误]  
解释：[人口城市密度属性描述的是通用的人口密度指标，不限于岛屿类，与背景知识中的属性简介和RDFS domain语义规则的合理性约束存在冲突。]",0,1,
sample_0290,domain,Property populationUrbanDensity can only be applied to subjects of class Island.,"背景知识：
条目1：
- 名称：populationUrbanDensity
- 类型：Property
- 简介：population urban density (/sqkm)

条目2：
- 名称：Island
- 类型：Class
- 简介：island",0,grok-4,0.0,8192,https://api2.aigcbest.top/v1,"判断结果：错误  
解释：背景知识中populationUrbanDensity作为人口城市密度属性未指定domain限制为Island类，且常识上该属性可应用于更广泛的地理实体而非仅限于岛屿，与RDFS domain语义约束存在冲突。",0,1,
sample_0291,domain,domain(previousInfrastructure) = PublicTransitSystem,"背景知识：
条目1：
- 名称：previousInfrastructure
- 类型：Property
- 简介：previous infrastructure

条目2：
- 名称：PublicTransitSystem
- 类型：Class
- 简介：A public transit system is a shared passenger transportation service which is available for use by the general public. Public transport modes include buses, trolleybuses, trams and trains, 'rapid transit' (metro/subways/undergrounds etc) an...",0,grok-4,0.0,8192,https://api2.aigcbest.top/v1,"判断结果：[正确]  
解释：[根据背景知识，previousInfrastructure作为属性可与PublicTransitSystem类关联，其domain定义主体属于该类符合RDFS语义规则，且无明显冲突。]",1,0,
sample_0292,domain,The domain of previousInfrastructure is PublicTransitSystem.,"背景知识：
条目1：
- 名称：previousInfrastructure
- 类型：Property
- 简介：previous infrastructure

条目2：
- 名称：PublicTransitSystem
- 类型：Class
- 简介：A public transit system is a shared passenger transportation service which is available for use by the general public. Public transport modes include buses, trolleybuses, trams and trains, 'rapid transit' (metro/subways/undergrounds etc) an...",0,grok-4,0.0,8192,https://api2.aigcbest.top/v1,"判断结果：[正确]  
解释：根据背景知识，previousInfrastructure作为属性可合理地将PublicTransitSystem作为其domain，表示该属性的主体属于公共交通系统类，与RDFS domain语义规则一致且无明显冲突。",1,0,
sample_0293,domain,"If a resource uses property previousInfrastructure as subject, then it should belong to class PublicTransitSystem.","背景知识：
条目1：
- 名称：previousInfrastructure
- 类型：Property
- 简介：previous infrastructure

条目2：
- 名称：PublicTransitSystem
- 类型：Class
- 简介：A public transit system is a shared passenger transportation service which is available for use by the general public. Public transport modes include buses, trolleybuses, trams and trains, 'rapid transit' (metro/subways/undergrounds etc) an...",0,grok-4,0.0,8192,https://api2.aigcbest.top/v1,"判断结果：[正确]  
解释：[根据背景知识，previousInfrastructure作为属性可能描述公共交通系统的前身基础设施，其domain约束主体属于PublicTransitSystem类符合RDFS语义规则和常识推理，无明显冲突。]",1,0,
sample_0294,domain,"For any x and y, if x previousInfrastructure y holds, then x is an instance of PublicTransitSystem.","背景知识：
条目1：
- 名称：previousInfrastructure
- 类型：Property
- 简介：previous infrastructure

条目2：
- 名称：PublicTransitSystem
- 类型：Class
- 简介：A public transit system is a shared passenger transportation service which is available for use by the general public. Public transport modes include buses, trolleybuses, trams and trains, 'rapid transit' (metro/subways/undergrounds etc) an...",0,grok-4,0.0,8192,https://api2.aigcbest.top/v1,"判断结果：[正确]
解释：基于RDFS domain语义，该公理合理地将previousInfrastructure属性的主体约束为PublicTransitSystem实例，与背景知识中属性的通用描述和类的交通系统语义无明显冲突。",1,0,
sample_0295,domain,Property previousInfrastructure can only be applied to subjects of class PublicTransitSystem.,"背景知识：
条目1：
- 名称：previousInfrastructure
- 类型：Property
- 简介：previous infrastructure

条目2：
- 名称：PublicTransitSystem
- 类型：Class
- 简介：A public transit system is a shared passenger transportation service which is available for use by the general public. Public transport modes include buses, trolleybuses, trams and trains, 'rapid transit' (metro/subways/undergrounds etc) an...",0,grok-4,0.0,8192,https://api2.aigcbest.top/v1,"判断结果：[正确]
解释：背景知识定义了previousInfrastructure属性和PublicTransitSystem类，该公理指定其domain为PublicTransitSystem，符合RDFS语义规则且无明显冲突。",1,0,
sample_0296,domain,domain(projectBudgetTotal) = Work,"背景知识：
条目1：
- 名称：projectBudgetTotal
- 类型：Property
- 简介：The total budget of the research project.

条目2：
- 名称：Work
- 类型：Class
- 简介：Item on which time has been spent for its realisation. Actor can be a human on not (machine, insects, nature...)",0,grok-4,0.0,8192,https://api2.aigcbest.top/v1,"判断结果：[正确]  
解释：[projectBudgetTotal作为研究项目的总预算属性，其域指定为Work类合理，因为背景知识中Work描述为花费时间实现的事物，包括研究项目，且符合RDFS domain规则要求主体属于该类。]",1,0,
sample_0297,domain,The domain of projectBudgetTotal is Work.,"背景知识：
条目1：
- 名称：projectBudgetTotal
- 类型：Property
- 简介：The total budget of the research project.

条目2：
- 名称：Work
- 类型：Class
- 简介：Item on which time has been spent for its realisation. Actor can be a human on not (machine, insects, nature...)",0,grok-4,0.0,8192,https://api2.aigcbest.top/v1,"判断结果：[正确]
解释：projectBudgetTotal作为研究项目的预算属性，其域设置为Work类合理，因为Work描述为花费时间实现的项，可包括研究项目，与RDFS domain规则一致，无明显冲突。",1,0,
sample_0298,domain,"If a resource uses property projectBudgetTotal as subject, then it should belong to class Work.","背景知识：
条目1：
- 名称：projectBudgetTotal
- 类型：Property
- 简介：The total budget of the research project.

条目2：
- 名称：Work
- 类型：Class
- 简介：Item on which time has been spent for its realisation. Actor can be a human on not (machine, insects, nature...)",0,grok-4,0.0,8192,https://api2.aigcbest.top/v1,"判断结果：[正确]  
解释：[根据背景知识，projectBudgetTotal属性描述研究项目的总预算，而Work类表示需花费时间实现的事项，研究项目符合此定义；依据RDFS domain规则，该属性主语应属于Work类，无明显冲突。]",1,0,
sample_0299,domain,"For any x and y, if x projectBudgetTotal y holds, then x is an instance of Work.","背景知识：
条目1：
- 名称：projectBudgetTotal
- 类型：Property
- 简介：The total budget of the research project.

条目2：
- 名称：Work
- 类型：Class
- 简介：Item on which time has been spent for its realisation. Actor can be a human on not (machine, insects, nature...)",0,grok-4,0.0,8192,https://api2.aigcbest.top/v1,"判断结果：[正确]  
解释：[根据背景知识，projectBudgetTotal属性描述研究项目的总预算，而研究项目符合Work类“为其实现花费时间的事项”的定义，因此公理隐含的RDFS domain规则合理，即具有该属性的主体x属于Work类。]",1,0,
sample_0300,domain,Property projectBudgetTotal can only be applied to subjects of class Work.,"背景知识：
条目1：
- 名称：projectBudgetTotal
- 类型：Property
- 简介：The total budget of the research project.

条目2：
- 名称：Work
- 类型：Class
- 简介：Item on which time has been spent for its realisation. Actor can be a human on not (machine, insects, nature...)",0,grok-4,0.0,8192,https://api2.aigcbest.top/v1,"判断结果：[正确]  
解释：[projectBudgetTotal作为研究项目预算的属性，其主体可合理属于Work类（花费时间实现的事物），符合RDFS domain语义规则且无背景知识冲突。]",1,0,
sample_0301,domain,domain(runtime) = Airline,"背景知识：
条目1：
- 名称：runtime
- 类型：Property
- 简介：runtime (m)

条目2：
- 名称：Airline
- 类型：Class
- 简介：airline",0,grok-4,0.0,8192,https://api2.aigcbest.top/v1,"判断结果：[错误]  
解释：[背景知识中runtime属性简介为运行时间（m），其domain设为Airline类意味着只有航空公司实例才能作为该属性的主体，但常识上运行时间通常与电影或航班相关而非航空公司本身，与RDFS domain语义规则约束冲突。]",0,1,
sample_0302,domain,The domain of runtime is Airline.,"背景知识：
条目1：
- 名称：runtime
- 类型：Property
- 简介：runtime (m)

条目2：
- 名称：Airline
- 类型：Class
- 简介：airline",0,grok-4,0.0,8192,https://api2.aigcbest.top/v1,"判断结果：错误  
解释：根据背景知识，runtime 是表示运行时间（单位m）的属性，而将其 domain 指定为 Airline 类（航空公司）会导致主体必须属于航空公司，这与运行时间通常关联于媒体、过程或航班而非航空公司的语义不符，违反 RDFS domain 规则的语义约束。",0,1,
sample_0303,domain,"If a resource uses property runtime as subject, then it should belong to class Airline.","背景知识：
条目1：
- 名称：runtime
- 类型：Property
- 简介：runtime (m)

条目2：
- 名称：Airline
- 类型：Class
- 简介：airline",0,grok-4,0.0,8192,https://api2.aigcbest.top/v1,"判断结果：[错误]  
解释：[背景知识中runtime属性描述为""runtime (m)""，语义上与Airline类（航空公司）无关，违反RDFS domain规则中属性主体应合理属于指定类的约束。]",0,1,
sample_0304,domain,"For any x and y, if x runtime y holds, then x is an instance of Airline.","背景知识：
条目1：
- 名称：runtime
- 类型：Property
- 简介：runtime (m)

条目2：
- 名称：Airline
- 类型：Class
- 简介：airline",0,grok-4,0.0,8192,https://api2.aigcbest.top/v1,"判断结果：错误  
解释：背景知识中runtime属性简介为“runtime (m)”，暗示其为运行时间（如电影时长），而非与Airline（航空公司）类相关的属性，因此将其domain约束为Airline与语义规则和常识存在冲突。",0,1,
sample_0305,domain,Property runtime can only be applied to subjects of class Airline.,"背景知识：
条目1：
- 名称：runtime
- 类型：Property
- 简介：runtime (m)

条目2：
- 名称：Airline
- 类型：Class
- 简介：airline",0,grok-4,0.0,8192,https://api2.aigcbest.top/v1,"判断结果：[错误]  
解释：[背景知识中runtime属性简介为“runtime (m)”（可能指运行时间），与Airline类（航空公司）无明显语义关联，违反RDFS domain规则下属性主体的合理约束。]",0,1,
sample_0306,range,range(academicAdvisor) = College,"背景知识：
条目1：
- 名称：academicAdvisor
- 类型：Property
- 简介：academic advisor

条目2：
- 名称：College
- 类型：Class
- 简介：college",0,grok-4,0.0,8192,https://api2.aigcbest.top/v1,"判断结果：[错误]  
解释：[根据背景知识，academicAdvisor作为学术顾问属性，其范围应指向个人而非机构，而RDFS range规则要求属性值属于指定类，此处将范围设为College类与常识语义冲突。]",0,1,
sample_0307,range,The range of academicAdvisor is College.,"背景知识：
条目1：
- 名称：academicAdvisor
- 类型：Property
- 简介：academic advisor

条目2：
- 名称：College
- 类型：Class
- 简介：college",0,grok-4,0.0,8192,https://api2.aigcbest.top/v1,"判断结果：[错误]  
解释：[根据背景知识，academicAdvisor作为属性表示学术顾问（通常为人），其range指定为College（学院类）违反RDFS语义规则和常识，因为属性的客体应为人而非机构。]",0,1,
sample_0308,range,"If a resource appears as the object of property academicAdvisor, then it should belong to class College.","背景知识：
条目1：
- 名称：academicAdvisor
- 类型：Property
- 简介：academic advisor

条目2：
- 名称：College
- 类型：Class
- 简介：college",0,grok-4,0.0,8192,https://api2.aigcbest.top/v1,"判断结果：[错误]  
解释：根据背景知识，academicAdvisor作为属性表示学术顾问（通常为人），其range应指向人相关类而非College类（表示学院），这与RDFS range语义规则和常识冲突。",0,1,
sample_0309,range,"For any x and y, if x academicAdvisor y holds, then y is an instance of College.","背景知识：
条目1：
- 名称：academicAdvisor
- 类型：Property
- 简介：academic advisor

条目2：
- 名称：College
- 类型：Class
- 简介：college",0,grok-4,0.0,8192,https://api2.aigcbest.top/v1,"判断结果：[错误]  
解释：根据背景知识，academicAdvisor作为属性表示学术顾问，通常指向个人而非机构，而公理要求其范围（range）为College类，这与RDFS语义规则和常识知识冲突。",0,1,
sample_0310,range,Property academicAdvisor can only point to objects of class College.,"背景知识：
条目1：
- 名称：academicAdvisor
- 类型：Property
- 简介：academic advisor

条目2：
- 名称：College
- 类型：Class
- 简介：college",0,grok-4,0.0,8192,https://api2.aigcbest.top/v1,"判断结果：[错误]  
解释：[根据背景知识，academicAdvisor作为学术顾问属性，其range应指向个人而非机构类College，这与RDFS range规则和常识语义相冲突。]",0,1,
sample_0311,range,range(administrativeDistrict) = PopulatedPlace,"背景知识：
条目1：
- 名称：administrativeDistrict
- 类型：Property
- 简介：administrative district

条目2：
- 名称：PopulatedPlace
- 类型：Class
- 简介：As defined by the United States Geological Survey, a populated place is a place or area with clustered or scattered buildings and a permanent human population (city, settlement, town, or village) referenced with geographic coordinates (http...",1,grok-4,0.0,8192,https://api2.aigcbest.top/v1,"判断结果：[正确]
解释：根据背景知识，administrativeDistrict作为属性指向行政区划，而PopulatedPlace类描述有人口聚居地，RDFS range规则要求属性值属于该类，此公理合理无明显冲突。",1,1,
sample_0312,range,The range of administrativeDistrict is PopulatedPlace.,"背景知识：
条目1：
- 名称：administrativeDistrict
- 类型：Property
- 简介：administrative district

条目2：
- 名称：PopulatedPlace
- 类型：Class
- 简介：As defined by the United States Geological Survey, a populated place is a place or area with clustered or scattered buildings and a permanent human population (city, settlement, town, or village) referenced with geographic coordinates (http...",1,grok-4,0.0,8192,https://api2.aigcbest.top/v1,"判断结果：[正确]  
解释：根据背景知识，administrativeDistrict作为属性表示行政区，而PopulatedPlace类描述有人口聚居地，RDFS range规则要求属性客体属于该类，此公理合理无明显冲突。",1,1,
sample_0313,range,"If a resource appears as the object of property administrativeDistrict, then it should belong to class PopulatedPlace.","背景知识：
条目1：
- 名称：administrativeDistrict
- 类型：Property
- 简介：administrative district

条目2：
- 名称：PopulatedPlace
- 类型：Class
- 简介：As defined by the United States Geological Survey, a populated place is a place or area with clustered or scattered buildings and a permanent human population (city, settlement, town, or village) referenced with geographic coordinates (http...",1,grok-4,0.0,8192,https://api2.aigcbest.top/v1,"判断结果：[正确]
解释：根据背景知识，administrativeDistrict作为属性表示行政区，其对象合理属于PopulatedPlace类（人口密集区域），符合RDFS range语义规则且无明显冲突。",1,1,
sample_0314,range,"For any x and y, if x administrativeDistrict y holds, then y is an instance of PopulatedPlace.","背景知识：
条目1：
- 名称：administrativeDistrict
- 类型：Property
- 简介：administrative district

条目2：
- 名称：PopulatedPlace
- 类型：Class
- 简介：As defined by the United States Geological Survey, a populated place is a place or area with clustered or scattered buildings and a permanent human population (city, settlement, town, or village) referenced with geographic coordinates (http...",1,grok-4,0.0,8192,https://api2.aigcbest.top/v1,"判断结果：[正确]  
解释：根据背景知识，administrativeDistrict作为属性指向行政区，而PopulatedPlace类描述有人口居住的地方，二者语义相容且无明显冲突，此公理符合RDFS range规则的语义推理。",1,1,
sample_0315,range,Property administrativeDistrict can only point to objects of class PopulatedPlace.,"背景知识：
条目1：
- 名称：administrativeDistrict
- 类型：Property
- 简介：administrative district

条目2：
- 名称：PopulatedPlace
- 类型：Class
- 简介：As defined by the United States Geological Survey, a populated place is a place or area with clustered or scattered buildings and a permanent human population (city, settlement, town, or village) referenced with geographic coordinates (http...",1,grok-4,0.0,8192,https://api2.aigcbest.top/v1,"判断结果：[正确]
解释：根据背景知识，administrativeDistrict作为属性指向行政区，而PopulatedPlace类描述有人口的地方，符合RDFS range语义规则且无明显冲突。",1,1,
sample_0316,range,range(affiliation) = Athlete,"背景知识：
条目1：
- 名称：affiliation
- 类型：Property
- 简介：affiliation

条目2：
- 名称：Athlete
- 类型：Class
- 简介：athlete",0,grok-4,0.0,8192,https://api2.aigcbest.top/v1,"判断结果：[错误]  
解释：[根据常识知识，affiliation属性的范围通常是组织或机构，而非Athlete类，这与RDFS range规则下属性的客体约束存在语义冲突。]",0,1,
sample_0317,range,The range of affiliation is Athlete.,"背景知识：
条目1：
- 名称：affiliation
- 类型：Property
- 简介：affiliation

条目2：
- 名称：Athlete
- 类型：Class
- 简介：athlete",0,grok-4,0.0,8192,https://api2.aigcbest.top/v1,"判断结果：[错误]  
解释：根据常识，affiliation属性的range通常指向组织或机构类，而非Athlete类，这与RDFS range规则的语义约束不符。",0,1,
sample_0318,range,"If a resource appears as the object of property affiliation, then it should belong to class Athlete.","背景知识：
条目1：
- 名称：affiliation
- 类型：Property
- 简介：affiliation

条目2：
- 名称：Athlete
- 类型：Class
- 简介：athlete",0,grok-4,0.0,8192,https://api2.aigcbest.top/v1,"判断结果：[错误]  
解释：[根据常识知识，affiliation属性的object通常表示所属机构而非运动员，与公理将object约束为Athlete类的RDFS range语义规则相冲突。]",0,1,
sample_0319,range,"For any x and y, if x affiliation y holds, then y is an instance of Athlete.","背景知识：
条目1：
- 名称：affiliation
- 类型：Property
- 简介：affiliation

条目2：
- 名称：Athlete
- 类型：Class
- 简介：athlete",0,grok-4,0.0,8192,https://api2.aigcbest.top/v1,"判断结果：错误
解释：根据常识知识，affiliation属性通常表示主体与组织或机构的关联，其range不应为Athlete类，这与背景知识中Athlete作为类的语义不符，违反RDFS range规则的合理性。",0,1,
sample_0320,range,Property affiliation can only point to objects of class Athlete.,"背景知识：
条目1：
- 名称：affiliation
- 类型：Property
- 简介：affiliation

条目2：
- 名称：Athlete
- 类型：Class
- 简介：athlete",0,grok-4,0.0,8192,https://api2.aigcbest.top/v1,"判断结果：错误
解释：背景知识未指定affiliation属性的range，且基于常识，affiliation通常指向组织或团体而非Athlete类实例，与RDFS range规则的语义约束存在冲突。",0,1,
sample_0321,range,range(album) = Athlete,"背景知识：
条目1：
- 名称：album
- 类型：Property
- 简介：album

条目2：
- 名称：Athlete
- 类型：Class
- 简介：athlete",0,grok-4,0.0,8192,https://api2.aigcbest.top/v1,"判断结果：[错误]  
解释：[根据背景知识，album作为属性其简介为“album”（可能指专辑），但将其range设置为Athlete类（运动员）会导致属性的客体必须是运动员实例，这与RDFS range规则和常识语义明显冲突。]",0,1,
sample_0322,range,The range of album is Athlete.,"背景知识：
条目1：
- 名称：album
- 类型：Property
- 简介：album

条目2：
- 名称：Athlete
- 类型：Class
- 简介：athlete",0,grok-4,0.0,8192,https://api2.aigcbest.top/v1,"判断结果：[错误]
解释：根据背景知识，album作为属性其语义为“album”（专辑），而RDFS range规则要求属性值属于指定类，但将album的值范围限制为Athlete（运动员）类与常识和语义关系明显冲突。",0,1,
sample_0323,range,"If a resource appears as the object of property album, then it should belong to class Athlete.","背景知识：
条目1：
- 名称：album
- 类型：Property
- 简介：album

条目2：
- 名称：Athlete
- 类型：Class
- 简介：athlete",0,grok-4,0.0,8192,https://api2.aigcbest.top/v1,"判断结果：错误
解释：背景知识中album属性的简介为“album”与Athlete类的“athlete”无语义关联，根据RDFS range规则和常识，该公理将album的对象约束为Athlete不合理。",0,1,
sample_0324,range,"For any x and y, if x album y holds, then y is an instance of Athlete.","背景知识：
条目1：
- 名称：album
- 类型：Property
- 简介：album

条目2：
- 名称：Athlete
- 类型：Class
- 简介：athlete",0,grok-4,0.0,8192,https://api2.aigcbest.top/v1,"判断结果：[错误]  
解释：背景知识中album作为属性无指定range，而公理隐含其range为Athlete类，但常识上album（如专辑）与Athlete（运动员）语义无关，违反RDFS range规则的合理性。",0,1,
sample_0325,range,Property album can only point to objects of class Athlete.,"背景知识：
条目1：
- 名称：album
- 类型：Property
- 简介：album

条目2：
- 名称：Athlete
- 类型：Class
- 简介：athlete",0,grok-4,0.0,8192,https://api2.aigcbest.top/v1,"判断结果：错误  
解释：背景知识中album作为属性与Athlete类无语义关联，且RDFS range规则要求属性值属于合理类，但album（专辑）指向Athlete（运动员）不符合常识和语义约束。",0,1,
sample_0326,range,range(alongside) = Department,"背景知识：
条目1：
- 名称：alongside
- 类型：Property
- 简介：alongside

条目2：
- 名称：Department
- 类型：Class
- 简介：department",0,grok-4,0.0,8192,https://api2.aigcbest.top/v1,"判断结果：[正确]  
解释：[背景知识确认alongside为属性、Department为类，无现有约束冲突，RDFS range规则允许设置属性的客体类为Department。]",1,0,
sample_0327,range,The range of alongside is Department.,"背景知识：
条目1：
- 名称：alongside
- 类型：Property
- 简介：alongside

条目2：
- 名称：Department
- 类型：Class
- 简介：department",0,grok-4,0.0,8192,https://api2.aigcbest.top/v1,"判断结果：正确
解释：背景知识确认alongside为Property且Department为Class，RDFS range规则允许将属性的客体约束为某一类，且无明显语义冲突。",1,0,
sample_0328,range,"If a resource appears as the object of property alongside, then it should belong to class Department.","背景知识：
条目1：
- 名称：alongside
- 类型：Property
- 简介：alongside

条目2：
- 名称：Department
- 类型：Class
- 简介：department",0,grok-4,0.0,8192,https://api2.aigcbest.top/v1,"判断结果：正确  
解释：公理描述了属性alongside的range为类Department，这符合RDFS语义规则中range约束的定义，且背景知识未提供任何冲突信息。",1,0,
sample_0329,range,"For any x and y, if x alongside y holds, then y is an instance of Department.","背景知识：
条目1：
- 名称：alongside
- 类型：Property
- 简介：alongside

条目2：
- 名称：Department
- 类型：Class
- 简介：department",0,grok-4,0.0,8192,https://api2.aigcbest.top/v1,"判断结果：[错误]  
解释：[基于常识知识，alongside属性表示并排或伴随关系，可指向各种实体而不限于Department类，与公理强制y为Department实例的range语义约束存在明显冲突。]",0,1,
sample_0330,range,Property alongside can only point to objects of class Department.,"背景知识：
条目1：
- 名称：alongside
- 类型：Property
- 简介：alongside

条目2：
- 名称：Department
- 类型：Class
- 简介：department",0,grok-4,0.0,8192,https://api2.aigcbest.top/v1,"判断结果：[正确]
解释：背景知识确认alongside为Property且Department为Class，该公理符合RDFS range规则定义属性的客体属于特定类，且无明显语义冲突。",1,0,
sample_0331,range,range(architect) = Place,"背景知识：
条目1：
- 名称：architect
- 类型：Property
- 简介：architect

条目2：
- 名称：Place
- 类型：Class
- 简介：place",0,grok-4,0.0,8192,https://api2.aigcbest.top/v1,"判断结果：[错误]  
解释：根据常识知识，architect作为属性通常指向建筑师（属于人或职业类），而非Place类，这与RDFS range规则要求属性客体属于指定类存在语义冲突。",0,1,
sample_0332,range,The range of architect is Place.,"背景知识：
条目1：
- 名称：architect
- 类型：Property
- 简介：architect

条目2：
- 名称：Place
- 类型：Class
- 简介：place",0,grok-4,0.0,8192,https://api2.aigcbest.top/v1,"判断结果：[错误]  
解释：根据背景知识，architect作为属性其语义指向建筑师（非地点），而RDFS range规则要求属性值属于指定类，但将范围设为Place类与常识中建筑师不属于地点的语义相冲突。",0,1,
sample_0333,range,"If a resource appears as the object of property architect, then it should belong to class Place.","背景知识：
条目1：
- 名称：architect
- 类型：Property
- 简介：architect

条目2：
- 名称：Place
- 类型：Class
- 简介：place",0,grok-4,0.0,8192,https://api2.aigcbest.top/v1,"判断结果：[错误]  
解释：[根据常识知识，architect属性通常表示建筑的建筑师，其客体应为人而非Place类，这与公理中将客体约束为Place的RDFS range语义规则相冲突。]",0,1,
sample_0334,range,"For any x and y, if x architect y holds, then y is an instance of Place.","背景知识：
条目1：
- 名称：architect
- 类型：Property
- 简介：architect

条目2：
- 名称：Place
- 类型：Class
- 简介：place",0,grok-4,0.0,8192,https://api2.aigcbest.top/v1,"判断结果：[正确]  
解释：[背景知识中architect为属性、Place为类，公理表述了architect的range为Place的语义约束，符合RDFS range规则且无冲突。]",1,0,
sample_0335,range,Property architect can only point to objects of class Place.,"背景知识：
条目1：
- 名称：architect
- 类型：Property
- 简介：architect

条目2：
- 名称：Place
- 类型：Class
- 简介：place",0,grok-4,0.0,8192,https://api2.aigcbest.top/v1,"判断结果：[错误]  
解释：根据背景知识和常识，architect作为属性通常指向建筑师（人）而非地点，与RDFS range规则要求属性对象属于Place类的语义约束冲突。",0,1,
sample_0336,range,range(arrondissement) = Organisation,"背景知识：
条目1：
- 名称：arrondissement
- 类型：Property
- 简介：arrondissement

条目2：
- 名称：Organisation
- 类型：Class
- 简介：organisation",0,grok-4,0.0,8192,https://api2.aigcbest.top/v1,"判断结果：错误  
解释：根据常识知识，arrondissement作为属性通常指行政区划而非组织，与背景中Organisation类（表示组织）存在语义冲突，违反RDFS range规则要求的值域类应匹配属性的实际语义。",0,1,
sample_0337,range,The range of arrondissement is Organisation.,"背景知识：
条目1：
- 名称：arrondissement
- 类型：Property
- 简介：arrondissement

条目2：
- 名称：Organisation
- 类型：Class
- 简介：organisation",0,grok-4,0.0,8192,https://api2.aigcbest.top/v1,"判断结果：错误
解释：根据背景知识，arrondissement作为Property的简介为行政区划含义，而Organisation作为Class的简介为组织含义，二者语义不符，违反RDFS range规则要求属性客体属于合理类。",0,1,
sample_0338,range,"If a resource appears as the object of property arrondissement, then it should belong to class Organisation.","背景知识：
条目1：
- 名称：arrondissement
- 类型：Property
- 简介：arrondissement

条目2：
- 名称：Organisation
- 类型：Class
- 简介：organisation",0,grok-4,0.0,8192,https://api2.aigcbest.top/v1,"判断结果：[错误]  
解释：根据常识知识，arrondissement属性通常表示行政区划，其对象应为区类而非Organisation类，与公理中将range约束为Organisation的语义规则冲突。",0,1,
sample_0339,range,"For any x and y, if x arrondissement y holds, then y is an instance of Organisation.","背景知识：
条目1：
- 名称：arrondissement
- 类型：Property
- 简介：arrondissement

条目2：
- 名称：Organisation
- 类型：Class
- 简介：organisation",0,grok-4,0.0,8192,https://api2.aigcbest.top/v1,"判断结果：[错误]  
解释：[背景知识中arrondissement作为属性语义指向行政区划而非组织，与公理隐含的RDFS range规则（要求属性客体属于Organisation类）存在常识性冲突。]",0,1,
sample_0340,range,Property arrondissement can only point to objects of class Organisation.,"背景知识：
条目1：
- 名称：arrondissement
- 类型：Property
- 简介：arrondissement

条目2：
- 名称：Organisation
- 类型：Class
- 简介：organisation",0,grok-4,0.0,8192,https://api2.aigcbest.top/v1,"判断结果：[错误]  
解释：背景知识中arrondissement作为属性意指行政区，与Organisation类（组织）无语义关联，违反RDFS range规则的合理性约束。",0,1,
sample_0341,range,range(associate) = BroadcastNetwork,"背景知识：
条目1：
- 名称：associate
- 类型：Property
- 简介：associate

条目2：
- 名称：BroadcastNetwork
- 类型：Class
- 简介：A broadcast network is an organization, such as a corporation or other association, that provides live or recorded content, such as movies, newscasts, sports, and public affairs programs for broadcast over a group of radio or television sta...",0,grok-4,0.0,8192,https://api2.aigcbest.top/v1,"判断结果：[错误]
解释：背景知识中associate仅被描述为一般属性而无指定其范围为BroadcastNetwork，且RDFS语义规则及常识并不支持associate属性的客体必须属于广播网络类，因此该公理存在明显冲突。",0,1,
sample_0342,range,The range of associate is BroadcastNetwork.,"背景知识：
条目1：
- 名称：associate
- 类型：Property
- 简介：associate

条目2：
- 名称：BroadcastNetwork
- 类型：Class
- 简介：A broadcast network is an organization, such as a corporation or other association, that provides live or recorded content, such as movies, newscasts, sports, and public affairs programs for broadcast over a group of radio or television sta...",0,grok-4,0.0,8192,https://api2.aigcbest.top/v1,"判断结果：[正确]
解释：背景知识中associate为属性而BroadcastNetwork为类，该公理声明其range符合RDFS语义规则，且无明显冲突。",1,0,
sample_0343,range,"If a resource appears as the object of property associate, then it should belong to class BroadcastNetwork.","背景知识：
条目1：
- 名称：associate
- 类型：Property
- 简介：associate

条目2：
- 名称：BroadcastNetwork
- 类型：Class
- 简介：A broadcast network is an organization, such as a corporation or other association, that provides live or recorded content, such as movies, newscasts, sports, and public affairs programs for broadcast over a group of radio or television sta...",0,grok-4,0.0,8192,https://api2.aigcbest.top/v1,"判断结果：[正确]
解释：[背景知识中associate作为属性可能用于描述与BroadcastNetwork类相关的关联，且无明显冲突符合RDFS range语义规则。]",1,0,
sample_0344,range,"For any x and y, if x associate y holds, then y is an instance of BroadcastNetwork.","背景知识：
条目1：
- 名称：associate
- 类型：Property
- 简介：associate

条目2：
- 名称：BroadcastNetwork
- 类型：Class
- 简介：A broadcast network is an organization, such as a corporation or other association, that provides live or recorded content, such as movies, newscasts, sports, and public affairs programs for broadcast over a group of radio or television sta...",0,grok-4,0.0,8192,https://api2.aigcbest.top/v1,"判断结果：[正确]  
解释：公理描述了associate属性的range为BroadcastNetwork类，符合RDFS语义规则，且背景知识中未提供冲突约束。",1,0,
sample_0345,range,Property associate can only point to objects of class BroadcastNetwork.,"背景知识：
条目1：
- 名称：associate
- 类型：Property
- 简介：associate

条目2：
- 名称：BroadcastNetwork
- 类型：Class
- 简介：A broadcast network is an organization, such as a corporation or other association, that provides live or recorded content, such as movies, newscasts, sports, and public affairs programs for broadcast over a group of radio or television sta...",0,grok-4,0.0,8192,https://api2.aigcbest.top/v1,"判断结果：错误
解释：背景知识中associate属性的简介未指定其range为BroadcastNetwork，且无RDFS语义规则或常识支持此严格约束，存在明显冲突。",0,1,
sample_0346,range,range(automobilePlatform) = Album,"背景知识：
条目1：
- 名称：automobilePlatform
- 类型：Property
- 简介：automobile platform

条目2：
- 名称：Album
- 类型：Class
- 简介：album",0,grok-4,0.0,8192,https://api2.aigcbest.top/v1,"判断结果：[错误]  
解释：[automobilePlatform作为汽车平台的属性，其range应指向汽车相关类，但背景知识中Album为音乐专辑类，二者语义不符，违反RDFS range规则的语义约束。]",0,1,
sample_0347,range,The range of automobilePlatform is Album.,"背景知识：
条目1：
- 名称：automobilePlatform
- 类型：Property
- 简介：automobile platform

条目2：
- 名称：Album
- 类型：Class
- 简介：album",0,grok-4,0.0,8192,https://api2.aigcbest.top/v1,"判断结果：错误  
解释：根据背景知识，automobilePlatform是汽车平台相关的属性，而Album是音乐专辑类，二者在语义上无关，将其range设置为Album违反RDFS中range约束的语义一致性要求。",0,1,
sample_0348,range,"If a resource appears as the object of property automobilePlatform, then it should belong to class Album.","背景知识：
条目1：
- 名称：automobilePlatform
- 类型：Property
- 简介：automobile platform

条目2：
- 名称：Album
- 类型：Class
- 简介：album",0,grok-4,0.0,8192,https://api2.aigcbest.top/v1,"判断结果：错误  
解释：根据背景知识，automobilePlatform是汽车平台相关的属性，其range应与汽车领域相关，而非音乐专辑类Album，这违反RDFS range语义规则的合理性约束。",0,1,
sample_0349,range,"For any x and y, if x automobilePlatform y holds, then y is an instance of Album.","背景知识：
条目1：
- 名称：automobilePlatform
- 类型：Property
- 简介：automobile platform

条目2：
- 名称：Album
- 类型：Class
- 简介：album",0,grok-4,0.0,8192,https://api2.aigcbest.top/v1,"判断结果：错误
解释：根据背景知识，automobilePlatform是汽车平台相关的属性，而Album是专辑类，二者语义无关；依据RDFS range规则，该公理隐含y应为Album实例，但这与常识和背景知识冲突。",0,1,
sample_0350,range,Property automobilePlatform can only point to objects of class Album.,"背景知识：
条目1：
- 名称：automobilePlatform
- 类型：Property
- 简介：automobile platform

条目2：
- 名称：Album
- 类型：Class
- 简介：album",0,grok-4,0.0,8192,https://api2.aigcbest.top/v1,"判断结果：错误  
解释：根据背景知识，automobilePlatform是汽车平台相关的属性，而Album是音乐专辑类，二者在语义上无关，导致该range约束与常识和RDFS语义规则冲突。",0,1,
sample_0351,range,range(automobilePlatform) = Automobile,"背景知识：
条目1：
- 名称：automobilePlatform
- 类型：Property
- 简介：automobile platform

条目2：
- 名称：Automobile
- 类型：Class
- 简介：automobile",1,grok-4,0.0,8192,https://api2.aigcbest.top/v1,"判断结果：[错误]  
解释：[根据背景知识，automobilePlatform作为汽车平台的属性，其范围应指向平台相关类而非Automobile类，这与RDFS range规则要求属性客体属于指定类的语义相冲突。]",0,0,
sample_0352,range,The range of automobilePlatform is Automobile.,"背景知识：
条目1：
- 名称：automobilePlatform
- 类型：Property
- 简介：automobile platform

条目2：
- 名称：Automobile
- 类型：Class
- 简介：automobile",1,grok-4,0.0,8192,https://api2.aigcbest.top/v1,"判断结果：错误  
解释：根据背景知识，automobilePlatform作为属性表示汽车平台，其range应指向平台相关类而非Automobile类，否则违反RDFS range规则导致语义冲突，即属性值不能合理属于汽车类。",0,0,
sample_0353,range,"If a resource appears as the object of property automobilePlatform, then it should belong to class Automobile.","背景知识：
条目1：
- 名称：automobilePlatform
- 类型：Property
- 简介：automobile platform

条目2：
- 名称：Automobile
- 类型：Class
- 简介：automobile",1,grok-4,0.0,8192,https://api2.aigcbest.top/v1,"判断结果：[错误]  
解释：根据背景知识，automobilePlatform作为汽车平台的属性，其对象通常为平台资源而非Automobile类实例，与RDFS range语义规则要求属性客体属于指定类存在冲突。",0,0,
sample_0354,range,"For any x and y, if x automobilePlatform y holds, then y is an instance of Automobile.","背景知识：
条目1：
- 名称：automobilePlatform
- 类型：Property
- 简介：automobile platform

条目2：
- 名称：Automobile
- 类型：Class
- 简介：automobile",1,grok-4,0.0,8192,https://api2.aigcbest.top/v1,"判断结果：错误  
解释：根据背景知识，automobilePlatform作为属性描述汽车平台，而公理将y推断为Automobile类的实例，这与RDFS range语义规则和常识冲突，因为汽车平台并非汽车实例。",0,0,
sample_0355,range,Property automobilePlatform can only point to objects of class Automobile.,"背景知识：
条目1：
- 名称：automobilePlatform
- 类型：Property
- 简介：automobile platform

条目2：
- 名称：Automobile
- 类型：Class
- 简介：automobile",1,grok-4,0.0,8192,https://api2.aigcbest.top/v1,"判断结果：[错误]  
解释：根据背景知识和常识，automobilePlatform作为属性应指向汽车平台而非汽车本身，与公理中将其range限制为Automobile类存在语义冲突。",0,0,
sample_0356,range,range(basedOn) = Band,"背景知识：
条目1：
- 名称：basedOn
- 类型：Property
- 简介：based on

条目2：
- 名称：Band
- 类型：Class
- 简介：Band",0,grok-4,0.0,8192,https://api2.aigcbest.top/v1,"判断结果：[正确]
解释：[basedOn作为属性，其range指定为Band类符合RDFS语义规则，且背景知识无明显冲突。]",1,0,
sample_0357,range,The range of basedOn is Band.,"背景知识：
条目1：
- 名称：basedOn
- 类型：Property
- 简介：based on

条目2：
- 名称：Band
- 类型：Class
- 简介：Band",0,grok-4,0.0,8192,https://api2.aigcbest.top/v1,"判断结果：[正确]
解释：根据背景知识，basedOn 是属性而 Band 是类，RDFS range 规则允许指定属性的客体属于某一类，且无明显语义冲突，因此该公理合理。",1,0,
sample_0358,range,"If a resource appears as the object of property basedOn, then it should belong to class Band.","背景知识：
条目1：
- 名称：basedOn
- 类型：Property
- 简介：based on

条目2：
- 名称：Band
- 类型：Class
- 简介：Band",0,grok-4,0.0,8192,https://api2.aigcbest.top/v1,"判断结果：[错误]
解释：[公理隐含basedOn属性的range为Band类，但背景知识未提供此约束，且根据RDFS语义规则与常识，basedOn的对象可为任意资源而不限于Band类，存在明显冲突。]",0,1,
sample_0359,range,"For any x and y, if x basedOn y holds, then y is an instance of Band.","背景知识：
条目1：
- 名称：basedOn
- 类型：Property
- 简介：based on

条目2：
- 名称：Band
- 类型：Class
- 简介：Band",0,grok-4,0.0,8192,https://api2.aigcbest.top/v1,"判断结果：错误
解释：公理要求basedOn属性的范围为Band类，但背景知识未指定此约束，且根据常识，basedOn可指向非Band实例，如书籍或故事，与语义规则中范围约束的强制性冲突。",0,1,
sample_0360,range,Property basedOn can only point to objects of class Band.,"背景知识：
条目1：
- 名称：basedOn
- 类型：Property
- 简介：based on

条目2：
- 名称：Band
- 类型：Class
- 简介：Band",0,grok-4,0.0,8192,https://api2.aigcbest.top/v1,"判断结果：[错误]  
解释：背景知识中basedOn仅被描述为通用属性“based on”，未指定其range为Band类，且根据RDFS range规则与常识，该属性不应被限制仅指向Band类的对象，否则存在语义冲突。",0,1,
sample_0361,range,range(beatifiedBy) = Person,"背景知识：
条目1：
- 名称：beatifiedBy
- 类型：Property
- 简介：beatified by

条目2：
- 名称：Person
- 类型：Class
- 简介：person",1,grok-4,0.0,8192,https://api2.aigcbest.top/v1,"判断结果：[正确]  
解释：根据背景知识，beatifiedBy属性表示“beatified by”（册封者），其范围为Person类符合RDFS range规则，因为册封者通常是人，这与语义约束一致且无冲突。",1,1,
sample_0362,range,The range of beatifiedBy is Person.,"背景知识：
条目1：
- 名称：beatifiedBy
- 类型：Property
- 简介：beatified by

条目2：
- 名称：Person
- 类型：Class
- 简介：person",1,grok-4,0.0,8192,https://api2.aigcbest.top/v1,"判断结果：[正确]  
解释：根据背景知识，beatifiedBy作为属性表示“beatified by”，其range指定客体属于Person类，这符合RDFS语义规则中range的定义且无明显冲突。",1,1,
sample_0363,range,"If a resource appears as the object of property beatifiedBy, then it should belong to class Person.","背景知识：
条目1：
- 名称：beatifiedBy
- 类型：Property
- 简介：beatified by

条目2：
- 名称：Person
- 类型：Class
- 简介：person",1,grok-4,0.0,8192,https://api2.aigcbest.top/v1,"判断结果：[正确]  
解释：根据RDFS range规则，beatifiedBy属性的客体属于Person类符合背景知识中Person作为人的类描述，且无语义冲突。",1,1,
sample_0364,range,"For any x and y, if x beatifiedBy y holds, then y is an instance of Person.","背景知识：
条目1：
- 名称：beatifiedBy
- 类型：Property
- 简介：beatified by

条目2：
- 名称：Person
- 类型：Class
- 简介：person",1,grok-4,0.0,8192,https://api2.aigcbest.top/v1,"判断结果：[正确]  
解释：[根据背景知识中beatifiedBy属性的语义（beatified by，通常涉及人作为执行者）和RDFS range规则，该公理合理地约束了属性的客体为Person类的实例，与常识和语义规则一致。]",1,1,
sample_0365,range,Property beatifiedBy can only point to objects of class Person.,"背景知识：
条目1：
- 名称：beatifiedBy
- 类型：Property
- 简介：beatified by

条目2：
- 名称：Person
- 类型：Class
- 简介：person",1,grok-4,0.0,8192,https://api2.aigcbest.top/v1,"判断结果：[正确]  
解释：根据背景知识，beatifiedBy作为属性表示“beatified by”，其range指向Person类符合RDFS语义规则和常识，即该属性的客体应为人的实例。",1,1,
sample_0366,range,range(billed) = Award,"背景知识：
条目1：
- 名称：billed
- 类型：Property
- 简介：billed

条目2：
- 名称：Award
- 类型：Class
- 简介：award",0,grok-4,0.0,8192,https://api2.aigcbest.top/v1,"判断结果：[错误]  
解释：[公理指定billed属性的范围为Award类，但根据背景知识和常识，billed作为属性通常与计费或记账相关，而Award作为奖项类与之语义不符，违反RDFS range规则的语义约束。]",0,1,
sample_0367,range,The range of billed is Award.,"背景知识：
条目1：
- 名称：billed
- 类型：Property
- 简介：billed

条目2：
- 名称：Award
- 类型：Class
- 简介：award",0,grok-4,0.0,8192,https://api2.aigcbest.top/v1,"判断结果：错误  
解释：背景知识中billed作为属性简介为“billed”（暗示计费含义），而Award作为类简介为“award”（奖项含义），根据RDFS range规则，其语义要求属性值属于指定类，但billed的范围为Award在常识上不合理，存在明显语义冲突。",0,1,
sample_0368,range,"If a resource appears as the object of property billed, then it should belong to class Award.","背景知识：
条目1：
- 名称：billed
- 类型：Property
- 简介：billed

条目2：
- 名称：Award
- 类型：Class
- 简介：award",0,grok-4,0.0,8192,https://api2.aigcbest.top/v1,"判断结果：错误  
解释：公理对应RDFS range规则，将billed属性的客体约束为Award类，但背景知识中billed简介为“billed”（意指计费）与Award（意指奖项）的语义不符，存在明显冲突。",0,1,
sample_0369,range,"For any x and y, if x billed y holds, then y is an instance of Award.","背景知识：
条目1：
- 名称：billed
- 类型：Property
- 简介：billed

条目2：
- 名称：Award
- 类型：Class
- 简介：award",0,grok-4,0.0,8192,https://api2.aigcbest.top/v1,"判断结果：[错误]  
解释：[背景知识中billed作为属性其语义为“billed”（如计费），而Award类为“award”（奖项），根据常识和RDFS range规则，billed的客体y不可能合理地属于Award类，存在语义冲突。]",0,1,
sample_0370,range,Property billed can only point to objects of class Award.,"背景知识：
条目1：
- 名称：billed
- 类型：Property
- 简介：billed

条目2：
- 名称：Award
- 类型：Class
- 简介：award",0,grok-4,0.0,8192,https://api2.aigcbest.top/v1,"判断结果：[错误]
解释：[背景知识中billed作为属性与Award类缺乏语义关联，且根据常识，billed通常涉及计费而非指向奖项，违反RDFS range规则的合理性约束。]",0,1,
sample_0371,range,range(canonizedBy) = Person,"背景知识：
条目1：
- 名称：canonizedBy
- 类型：Property
- 简介：canonized by

条目2：
- 名称：Person
- 类型：Class
- 简介：person",1,grok-4,0.0,8192,https://api2.aigcbest.top/v1,"判断结果：[正确]  
解释：根据背景知识，canonizedBy作为属性，其范围指定为Person类符合RDFS range规则，且无明显语义冲突，因为“canonized by”可合理指向进行封圣的个人实体。",1,1,
sample_0372,range,The range of canonizedBy is Person.,"背景知识：
条目1：
- 名称：canonizedBy
- 类型：Property
- 简介：canonized by

条目2：
- 名称：Person
- 类型：Class
- 简介：person",1,grok-4,0.0,8192,https://api2.aigcbest.top/v1,"判断结果：[正确]  
解释：[背景知识中canonizedBy为Property且Person为Class，公理指定其range为Person符合RDFS语义规则，无明显冲突。]",1,1,
sample_0373,range,"If a resource appears as the object of property canonizedBy, then it should belong to class Person.","背景知识：
条目1：
- 名称：canonizedBy
- 类型：Property
- 简介：canonized by

条目2：
- 名称：Person
- 类型：Class
- 简介：person",1,grok-4,0.0,8192,https://api2.aigcbest.top/v1,"判断结果：[正确]  
解释：公理描述了canonizedBy属性的range为Person类，与背景知识中canonizedBy作为属性及Person作为类的语义相符，且符合RDFS中range规则要求属性的客体属于指定类，无明显冲突。",1,1,
sample_0374,range,"For any x and y, if x canonizedBy y holds, then y is an instance of Person.","背景知识：
条目1：
- 名称：canonizedBy
- 类型：Property
- 简介：canonized by

条目2：
- 名称：Person
- 类型：Class
- 简介：person",1,grok-4,0.0,8192,https://api2.aigcbest.top/v1,"判断结果：[正确]  
解释：公理描述了canonizedBy属性的range为Person类，符合RDFS语义规则，且背景知识中无冲突约束。",1,1,
sample_0375,range,Property canonizedBy can only point to objects of class Person.,"背景知识：
条目1：
- 名称：canonizedBy
- 类型：Property
- 简介：canonized by

条目2：
- 名称：Person
- 类型：Class
- 简介：person",1,grok-4,0.0,8192,https://api2.aigcbest.top/v1,"判断结果：[正确]  
解释：[背景知识中canonizedBy为属性且Person为类，该公理对应RDFS range规则约束属性值属于Person类，无明显冲突且符合常识语义。]",1,1,
sample_0376,range,range(canonizedPlace) = College,"背景知识：
条目1：
- 名称：canonizedPlace
- 类型：Property
- 简介：canonized place

条目2：
- 名称：College
- 类型：Class
- 简介：college",0,grok-4,0.0,8192,https://api2.aigcbest.top/v1,"判断结果：错误  
解释：canonizedPlace作为“canonized place”属性，其范围应为地点相关类，但背景知识中将其限定为College（大学）类不符合RDFS range语义规则和常识，导致语义冲突。",0,1,
sample_0377,range,The range of canonizedPlace is College.,"背景知识：
条目1：
- 名称：canonizedPlace
- 类型：Property
- 简介：canonized place

条目2：
- 名称：College
- 类型：Class
- 简介：college",0,grok-4,0.0,8192,https://api2.aigcbest.top/v1,"判断结果：错误  
解释：根据背景知识，canonizedPlace作为属性表示“canonized place”（封圣地点），其range应为地点相关类，而非College（学院）类，这与RDFS range规则要求属性客体属于指定类的语义约束冲突。",0,1,
sample_0378,range,"If a resource appears as the object of property canonizedPlace, then it should belong to class College.","背景知识：
条目1：
- 名称：canonizedPlace
- 类型：Property
- 简介：canonized place

条目2：
- 名称：College
- 类型：Class
- 简介：college",0,grok-4,0.0,8192,https://api2.aigcbest.top/v1,"判断结果：[错误]
解释：根据常识知识，canonizedPlace作为“canonized place”属性，其对象通常指代封圣地点，而非教育机构类College，这与RDFS range语义规则下属性的客体约束存在明显冲突。",0,1,
sample_0379,range,"For any x and y, if x canonizedPlace y holds, then y is an instance of College.","背景知识：
条目1：
- 名称：canonizedPlace
- 类型：Property
- 简介：canonized place

条目2：
- 名称：College
- 类型：Class
- 简介：college",0,grok-4,0.0,8192,https://api2.aigcbest.top/v1,"判断结果：[错误]  
解释：[canonizedPlace作为“canonized place”属性，其客体y应表示册封地点，而背景知识中College是教育机构类，与RDFS range语义规则下属性的客体约束不符，存在明显语义冲突。]",0,1,
sample_0380,range,Property canonizedPlace can only point to objects of class College.,"背景知识：
条目1：
- 名称：canonizedPlace
- 类型：Property
- 简介：canonized place

条目2：
- 名称：College
- 类型：Class
- 简介：college",0,grok-4,0.0,8192,https://api2.aigcbest.top/v1,"判断结果：错误  
解释：背景知识中canonizedPlace作为“canonized place”属性指向册封地点，而College是学院类，根据常识和RDFS range规则，该属性范围约束为College不合理，与典型语义关系冲突。",0,1,
sample_0381,range,range(canton) = CareerStation,"背景知识：
条目1：
- 名称：canton
- 类型：Property
- 简介：canton

条目2：
- 名称：CareerStation
- 类型：Class
- 简介：this class marks a career step in the life of a person, e.g. a soccer player, holding information on the time span, matches and goals he or she achieved at a certain club",0,grok-4,0.0,8192,https://api2.aigcbest.top/v1,"判断结果：错误  
解释：根据背景知识，canton作为属性可能指地理或行政概念，而CareerStation类描述职业生涯阶段，与RDFS range规则要求属性客体属于指定类存在语义冲突，导致公理不合理。",0,1,
sample_0382,range,The range of canton is CareerStation.,"背景知识：
条目1：
- 名称：canton
- 类型：Property
- 简介：canton

条目2：
- 名称：CareerStation
- 类型：Class
- 简介：this class marks a career step in the life of a person, e.g. a soccer player, holding information on the time span, matches and goals he or she achieved at a certain club",0,grok-4,0.0,8192,https://api2.aigcbest.top/v1,"判断结果：错误  
解释：根据背景知识，canton作为属性可能指行政区划，而将其range设置为CareerStation类（职业生涯阶段）违反RDFS range规则的语义约束，导致属性值类型不匹配。",0,1,
sample_0383,range,"If a resource appears as the object of property canton, then it should belong to class CareerStation.","背景知识：
条目1：
- 名称：canton
- 类型：Property
- 简介：canton

条目2：
- 名称：CareerStation
- 类型：Class
- 简介：this class marks a career step in the life of a person, e.g. a soccer player, holding information on the time span, matches and goals he or she achieved at a certain club",0,grok-4,0.0,8192,https://api2.aigcbest.top/v1,"判断结果：错误  
解释：背景知识中canton作为属性可能与地理行政区相关，而CareerStation是职业生涯阶段类，二者语义不符，导致该range约束与RDFS规则下常识推理冲突。",0,1,
sample_0384,range,"For any x and y, if x canton y holds, then y is an instance of CareerStation.","背景知识：
条目1：
- 名称：canton
- 类型：Property
- 简介：canton

条目2：
- 名称：CareerStation
- 类型：Class
- 简介：this class marks a career step in the life of a person, e.g. a soccer player, holding information on the time span, matches and goals he or she achieved at a certain club",0,grok-4,0.0,8192,https://api2.aigcbest.top/v1,"判断结果：[错误]  
解释：背景知识中canton作为属性仅简述为“canton”而不涉及职业生涯，而CareerStation是职业步骤类，二者无语义关联，故该公理隐含的rdfs:range约束与背景知识冲突。",0,1,
sample_0385,range,Property canton can only point to objects of class CareerStation.,"背景知识：
条目1：
- 名称：canton
- 类型：Property
- 简介：canton

条目2：
- 名称：CareerStation
- 类型：Class
- 简介：this class marks a career step in the life of a person, e.g. a soccer player, holding information on the time span, matches and goals he or she achieved at a certain club",0,grok-4,0.0,8192,https://api2.aigcbest.top/v1,"判断结果：错误  
解释：背景知识中canton作为属性仅简述为“canton”而无range约束，与CareerStation类（职业生涯步骤）无语义关联，违反RDFS range规则的合理性要求。",0,1,
sample_0386,range,range(ceremonialCounty) = Department,"背景知识：
条目1：
- 名称：ceremonialCounty
- 类型：Property
- 简介：Ceremonial County

条目2：
- 名称：Department
- 类型：Class
- 简介：department",0,grok-4,0.0,8192,https://api2.aigcbest.top/v1,"判断结果：错误  
解释：根据背景知识，ceremonialCounty属性简介为Ceremonial County（礼仪郡），其range应为地理行政实体，而非Department类（部门），这违反RDFS range规则对属性客体类型的语义约束。",0,1,
sample_0387,range,The range of ceremonialCounty is Department.,"背景知识：
条目1：
- 名称：ceremonialCounty
- 类型：Property
- 简介：Ceremonial County

条目2：
- 名称：Department
- 类型：Class
- 简介：department",0,grok-4,0.0,8192,https://api2.aigcbest.top/v1,"判断结果：错误  
解释：根据背景知识，ceremonialCounty作为Property的简介为“Ceremonial County”（礼仪郡），其范围应为地理或行政实体类，而非Department类（部门），这违反RDFS range规则中属性值需符合语义约束的推理。",0,1,
sample_0388,range,"If a resource appears as the object of property ceremonialCounty, then it should belong to class Department.","背景知识：
条目1：
- 名称：ceremonialCounty
- 类型：Property
- 简介：Ceremonial County

条目2：
- 名称：Department
- 类型：Class
- 简介：department",0,grok-4,0.0,8192,https://api2.aigcbest.top/v1,"判断结果：[错误]  
解释：[公理隐含ceremonialCounty的range为Department，但背景知识显示ceremonialCounty与英国礼仪郡相关，而Department表示行政部门，二者语义不匹配，违反RDFS range规则的语义一致性。]",0,1,
sample_0389,range,"For any x and y, if x ceremonialCounty y holds, then y is an instance of Department.","背景知识：
条目1：
- 名称：ceremonialCounty
- 类型：Property
- 简介：Ceremonial County

条目2：
- 名称：Department
- 类型：Class
- 简介：department",0,grok-4,0.0,8192,https://api2.aigcbest.top/v1,"判断结果：错误  
解释：根据背景知识，ceremonialCounty表示英国礼仪郡，而Department表示部门，二者语义不匹配，导致该range约束与常识和RDFS规则冲突。",0,1,
sample_0390,range,Property ceremonialCounty can only point to objects of class Department.,"背景知识：
条目1：
- 名称：ceremonialCounty
- 类型：Property
- 简介：Ceremonial County

条目2：
- 名称：Department
- 类型：Class
- 简介：department",0,grok-4,0.0,8192,https://api2.aigcbest.top/v1,"判断结果：[错误]  
解释：[公理将ceremonialCounty属性的range设置为Department类，但背景知识显示ceremonialCounty简介为“Ceremonial County”（礼仪县），而Department简介为“department”（部门），二者语义不匹配，违反RDFS range规则的语义约束。]",0,1,
sample_0391,range,range(chairman) = Place,"背景知识：
条目1：
- 名称：chairman
- 类型：Property
- 简介：chairman

条目2：
- 名称：Place
- 类型：Class
- 简介：place",0,grok-4,0.0,8192,https://api2.aigcbest.top/v1,"判断结果：[错误]
解释：根据背景知识和常识，chairman作为属性通常指向人而非地方，与RDFS range规则要求属性值属于指定类（Place）的语义约束冲突。",0,1,
sample_0392,range,The range of chairman is Place.,"背景知识：
条目1：
- 名称：chairman
- 类型：Property
- 简介：chairman

条目2：
- 名称：Place
- 类型：Class
- 简介：place",0,grok-4,0.0,8192,https://api2.aigcbest.top/v1,"判断结果：错误  
解释：根据常识知识，chairman作为属性通常指向人或职位而非地方，与RDFS range规则要求属性客体属于指定类（Place）存在语义冲突。",0,1,
sample_0393,range,"If a resource appears as the object of property chairman, then it should belong to class Place.","背景知识：
条目1：
- 名称：chairman
- 类型：Property
- 简介：chairman

条目2：
- 名称：Place
- 类型：Class
- 简介：place",0,grok-4,0.0,8192,https://api2.aigcbest.top/v1,"判断结果：错误  
解释：背景知识中chairman作为属性通常指向人或职位，而非地方类Place，这与RDFS range规则要求属性对象属于指定类的语义约束冲突。",0,1,
sample_0394,range,"For any x and y, if x chairman y holds, then y is an instance of Place.","背景知识：
条目1：
- 名称：chairman
- 类型：Property
- 简介：chairman

条目2：
- 名称：Place
- 类型：Class
- 简介：place",0,grok-4,0.0,8192,https://api2.aigcbest.top/v1,"判断结果：[错误]  
解释：根据常识知识，chairman属性通常指向组织或职位而非地点，与公理中将y推断为Place实例的RDFS range语义存在明显冲突，且背景知识未提供支持该约束的信息。",0,1,
sample_0395,range,Property chairman can only point to objects of class Place.,"背景知识：
条目1：
- 名称：chairman
- 类型：Property
- 简介：chairman

条目2：
- 名称：Place
- 类型：Class
- 简介：place",0,grok-4,0.0,8192,https://api2.aigcbest.top/v1,"判断结果：[错误]  
解释：[背景知识中chairman作为属性通常指向人而非地方，与RDFS range规则下将客体约束为Place类存在语义冲突。]",0,1,
sample_0396,range,range(championInDoubleMale) = Athlete,"背景知识：
条目1：
- 名称：championInDoubleMale
- 类型：Property
- 简介：winner of a competition in the male double session (as in tennis)

条目2：
- 名称：Athlete
- 类型：Class
- 简介：athlete",1,grok-4,0.0,8192,https://api2.aigcbest.top/v1,"判断结果：[正确]  
解释：根据背景知识，championInDoubleMale属性表示男子双打比赛的获胜者，而获胜者属于Athlete类，这符合RDFS range规则对属性客体类别的语义约束。",1,1,
sample_0397,range,The range of championInDoubleMale is Athlete.,"背景知识：
条目1：
- 名称：championInDoubleMale
- 类型：Property
- 简介：winner of a competition in the male double session (as in tennis)

条目2：
- 名称：Athlete
- 类型：Class
- 简介：athlete",1,grok-4,0.0,8192,https://api2.aigcbest.top/v1,"判断结果：正确  
解释：根据背景知识，championInDoubleMale属性表示男子双打比赛的获胜者，该获胜者属于运动员类（Athlete），符合RDFS range规则对属性客体类型的约束。",1,1,
sample_0398,range,"If a resource appears as the object of property championInDoubleMale, then it should belong to class Athlete.","背景知识：
条目1：
- 名称：championInDoubleMale
- 类型：Property
- 简介：winner of a competition in the male double session (as in tennis)

条目2：
- 名称：Athlete
- 类型：Class
- 简介：athlete",1,grok-4,0.0,8192,https://api2.aigcbest.top/v1,"判断结果：正确  
解释：根据背景知识，championInDoubleMale属性的客体是双打比赛的获胜者，应属于Athlete类，这符合RDFS range规则对属性客体类别的语义约束。",1,1,
sample_0399,range,"For any x and y, if x championInDoubleMale y holds, then y is an instance of Athlete.","背景知识：
条目1：
- 名称：championInDoubleMale
- 类型：Property
- 简介：winner of a competition in the male double session (as in tennis)

条目2：
- 名称：Athlete
- 类型：Class
- 简介：athlete",1,grok-4,0.0,8192,https://api2.aigcbest.top/v1,"判断结果：正确  
解释：根据背景知识，championInDoubleMale属性描述男子双打比赛的获胜者，而获胜者应为运动员（Athlete类的实例），这符合RDFS中range语义规则对属性客体类别的约束。",1,1,
sample_0400,range,Property championInDoubleMale can only point to objects of class Athlete.,"背景知识：
条目1：
- 名称：championInDoubleMale
- 类型：Property
- 简介：winner of a competition in the male double session (as in tennis)

条目2：
- 名称：Athlete
- 类型：Class
- 简介：athlete",1,grok-4,0.0,8192,https://api2.aigcbest.top/v1,"判断结果：[正确]  
解释：[根据背景知识，championInDoubleMale属性表示男子双打比赛的获胜者，其range指向Athlete类符合RDFS语义规则和常识，因为获胜者应为运动员。]",1,1,
sample_0401,range,range(channel) = CareerStation,"背景知识：
条目1：
- 名称：channel
- 类型：Property
- 简介：channel

条目2：
- 名称：CareerStation
- 类型：Class
- 简介：this class marks a career step in the life of a person, e.g. a soccer player, holding information on the time span, matches and goals he or she achieved at a certain club",0,grok-4,0.0,8192,https://api2.aigcbest.top/v1,"判断结果：错误  
解释：背景知识中channel作为属性仅简述为“channel”而不涉及职业生涯，而CareerStation是标记个人职业步骤的类，根据RDFS range规则将其设为channel的范围缺乏语义关联且与常识不符。",0,1,
sample_0402,range,The range of channel is CareerStation.,"背景知识：
条目1：
- 名称：channel
- 类型：Property
- 简介：channel

条目2：
- 名称：CareerStation
- 类型：Class
- 简介：this class marks a career step in the life of a person, e.g. a soccer player, holding information on the time span, matches and goals he or she achieved at a certain club",0,grok-4,0.0,8192,https://api2.aigcbest.top/v1,"判断结果：错误
解释：背景知识中channel作为属性仅简述为“channel”而不涉及职业生涯语义，而CareerStation是职业步骤类，声明其为channel的range缺乏语义关联且与RDFS range规则的约束一致性冲突。",0,1,
sample_0403,range,"If a resource appears as the object of property channel, then it should belong to class CareerStation.","背景知识：
条目1：
- 名称：channel
- 类型：Property
- 简介：channel

条目2：
- 名称：CareerStation
- 类型：Class
- 简介：this class marks a career step in the life of a person, e.g. a soccer player, holding information on the time span, matches and goals he or she achieved at a certain club",0,grok-4,0.0,8192,https://api2.aigcbest.top/v1,"判断结果：[错误]
解释：背景知识中未指定channel属性的range为CareerStation类，且channel的简介与CareerStation的职业生涯语义无明显关联，违反RDFS range规则的语义约束。",0,1,
sample_0404,range,"For any x and y, if x channel y holds, then y is an instance of CareerStation.","背景知识：
条目1：
- 名称：channel
- 类型：Property
- 简介：channel

条目2：
- 名称：CareerStation
- 类型：Class
- 简介：this class marks a career step in the life of a person, e.g. a soccer player, holding information on the time span, matches and goals he or she achieved at a certain club",0,grok-4,0.0,8192,https://api2.aigcbest.top/v1,"判断结果：[错误]  
解释：背景知识中channel属性的简介未指定其range与CareerStation类相关联，且RDFS语义规则要求range约束需基于本体定义，而此处公理强加的y为CareerStation实例的约束缺乏支持，存在语义冲突。",0,1,
sample_0405,range,Property channel can only point to objects of class CareerStation.,"背景知识：
条目1：
- 名称：channel
- 类型：Property
- 简介：channel

条目2：
- 名称：CareerStation
- 类型：Class
- 简介：this class marks a career step in the life of a person, e.g. a soccer player, holding information on the time span, matches and goals he or she achieved at a certain club",0,grok-4,0.0,8192,https://api2.aigcbest.top/v1,"判断结果：错误  
解释：背景知识中未提供channel属性与CareerStation类之间的任何语义关联，且RDFS range规则要求属性的范围需基于明确约束，而此处缺乏支持该指向关系的证据。",0,1,
sample_0406,range,range(child) = Award,"背景知识：
条目1：
- 名称：child
- 类型：Property
- 简介：child

条目2：
- 名称：Award
- 类型：Class
- 简介：award",0,grok-4,0.0,8192,https://api2.aigcbest.top/v1,"判断结果：[错误]  
解释：[属性""child""通常表示亲子关系，其范围应指向人或类似实体，而非""Award""类代表的奖项，这违反RDFS range规则对属性对象类型的语义约束。]",0,1,
sample_0407,range,The range of child is Award.,"背景知识：
条目1：
- 名称：child
- 类型：Property
- 简介：child

条目2：
- 名称：Award
- 类型：Class
- 简介：award",0,grok-4,0.0,8192,https://api2.aigcbest.top/v1,"判断结果：错误  
解释：根据背景知识，child作为属性表示“孩子”，其range指定为Award类（表示“奖项”）违反RDFS语义规则，因为属性的客体应合理属于指定类，而“孩子”的值不可能是“奖项”。",0,1,
sample_0408,range,"If a resource appears as the object of property child, then it should belong to class Award.","背景知识：
条目1：
- 名称：child
- 类型：Property
- 简介：child

条目2：
- 名称：Award
- 类型：Class
- 简介：award",0,grok-4,0.0,8192,https://api2.aigcbest.top/v1,"判断结果：错误  
解释：根据背景知识和常识，属性child的对象应与“孩子”含义相关，而非属于Award类（奖项），这违反RDFS range语义的合理约束。",0,1,
sample_0409,range,"For any x and y, if x child y holds, then y is an instance of Award.","背景知识：
条目1：
- 名称：child
- 类型：Property
- 简介：child

条目2：
- 名称：Award
- 类型：Class
- 简介：award",0,grok-4,0.0,8192,https://api2.aigcbest.top/v1,"判断结果：[错误]  
解释：[背景知识中""child""作为属性表示子女关系，而""Award""作为类表示奖项，根据RDFS range规则推理，属性值y应为Award实例与常识冲突。]",0,1,
sample_0410,range,Property child can only point to objects of class Award.,"背景知识：
条目1：
- 名称：child
- 类型：Property
- 简介：child

条目2：
- 名称：Award
- 类型：Class
- 简介：award",0,grok-4,0.0,8192,https://api2.aigcbest.top/v1,"判断结果：错误  
解释：背景知识中child属性表示“孩子”，其range应指向人或类似实体，而非Award类（奖项），这与RDFS range规则和常识语义相冲突。",0,1,
sample_0411,range,range(coach) = Infrastructure,"背景知识：
条目1：
- 名称：coach
- 类型：Property
- 简介：coach

条目2：
- 名称：Infrastructure
- 类型：Class
- 简介：infrastructure",0,grok-4,0.0,8192,https://api2.aigcbest.top/v1,"判断结果：[错误]
解释：根据背景知识，coach作为属性意指“教练”，其范围应为人类或相关实体，而非Infrastructure类（基础设施），这违反RDFS range规则要求属性客体属于指定类的语义约束。",0,1,
sample_0412,range,The range of coach is Infrastructure.,"背景知识：
条目1：
- 名称：coach
- 类型：Property
- 简介：coach

条目2：
- 名称：Infrastructure
- 类型：Class
- 简介：infrastructure",0,grok-4,0.0,8192,https://api2.aigcbest.top/v1,"判断结果：[错误]
解释：根据常识知识，属性""coach""（可能指教练或类似概念）的范围不应限定为类""Infrastructure""（基础设施），这与RDFS range规则的语义约束存在明显冲突，因为基础设施并非教练的合理取值类型。",0,1,
sample_0413,range,"If a resource appears as the object of property coach, then it should belong to class Infrastructure.","背景知识：
条目1：
- 名称：coach
- 类型：Property
- 简介：coach

条目2：
- 名称：Infrastructure
- 类型：Class
- 简介：infrastructure",0,grok-4,0.0,8192,https://api2.aigcbest.top/v1,"判断结果：[正确]
解释：[该公理对应RDFS range语义规则，背景知识中coach为Property且Infrastructure为Class，无明显冲突且符合常识中可能的交通基础设施关联。]",1,0,
sample_0414,range,"For any x and y, if x coach y holds, then y is an instance of Infrastructure.","背景知识：
条目1：
- 名称：coach
- 类型：Property
- 简介：coach

条目2：
- 名称：Infrastructure
- 类型：Class
- 简介：infrastructure",0,grok-4,0.0,8192,https://api2.aigcbest.top/v1,"判断结果：[错误]  
解释：[背景知识中""coach""作为属性意指教练关系，而公理要求其range为Infrastructure类（基础设施），这与RDFS range语义规则和常识中教练对象的非基础设施性质冲突。]",0,1,
sample_0415,range,Property coach can only point to objects of class Infrastructure.,"背景知识：
条目1：
- 名称：coach
- 类型：Property
- 简介：coach

条目2：
- 名称：Infrastructure
- 类型：Class
- 简介：infrastructure",0,grok-4,0.0,8192,https://api2.aigcbest.top/v1,"判断结果：[错误]  
解释：背景知识中未指定coach属性的range为Infrastructure，且基于常识，coach（教练或类似含义）与Infrastructure（基础设施）无合理语义关联，违反RDFS range规则的语义合理性。",0,1,
sample_0416,range,range(college) = Infrastructure,"背景知识：
条目1：
- 名称：college
- 类型：Property
- 简介：college

条目2：
- 名称：Infrastructure
- 类型：Class
- 简介：infrastructure",0,grok-4,0.0,8192,https://api2.aigcbest.top/v1,"判断结果：错误  
解释：根据背景知识，college作为属性其语义指向教育机构，而Infrastructure作为类表示基础设施，两者在RDFS range规则下语义不匹配，无法合理约束属性的客体属于此类。",0,1,
sample_0417,range,The range of college is Infrastructure.,"背景知识：
条目1：
- 名称：college
- 类型：Property
- 简介：college

条目2：
- 名称：Infrastructure
- 类型：Class
- 简介：infrastructure",0,grok-4,0.0,8192,https://api2.aigcbest.top/v1,"判断结果：错误  
解释：根据常识知识，college作为属性通常指向教育机构，而非基础设施类（Infrastructure），这与RDFS range规则的语义约束不符，导致明显冲突。",0,1,
sample_0418,range,"If a resource appears as the object of property college, then it should belong to class Infrastructure.","背景知识：
条目1：
- 名称：college
- 类型：Property
- 简介：college

条目2：
- 名称：Infrastructure
- 类型：Class
- 简介：infrastructure",0,grok-4,0.0,8192,https://api2.aigcbest.top/v1,"判断结果：[错误]
解释：[背景知识中college作为属性其简介为college，通常指教育机构，而Infrastructure类简介为infrastructure指基础设施，二者语义不匹配，违反RDFS range规则的合理性。]",0,1,
sample_0419,range,"For any x and y, if x college y holds, then y is an instance of Infrastructure.","背景知识：
条目1：
- 名称：college
- 类型：Property
- 简介：college

条目2：
- 名称：Infrastructure
- 类型：Class
- 简介：infrastructure",0,grok-4,0.0,8192,https://api2.aigcbest.top/v1,"判断结果：[正确]  
解释：公理对应RDFS range规则，指定college属性的客体y为Infrastructure类的实例，背景知识未提供冲突约束且常识中学院可视为教育基础设施。",1,0,
sample_0420,range,Property college can only point to objects of class Infrastructure.,"背景知识：
条目1：
- 名称：college
- 类型：Property
- 简介：college

条目2：
- 名称：Infrastructure
- 类型：Class
- 简介：infrastructure",0,grok-4,0.0,8192,https://api2.aigcbest.top/v1,"判断结果：[正确]  
解释：背景知识中college为Property且Infrastructure为Class，无明确范围约束冲突，此公理符合RDFS range规则定义属性的客体类。",1,0,
sample_0421,range,range(commandStructure) = MilitaryUnit,"背景知识：
条目1：
- 名称：commandStructure
- 类型：Property
- 简介：command structure

条目2：
- 名称：MilitaryUnit
- 类型：Class
- 简介：military unit",1,grok-4,0.0,8192,https://api2.aigcbest.top/v1,"判断结果：[正确]  
解释：根据RDFS语义规则，range指定属性的客体类型，背景知识中commandStructure作为属性，其范围为MilitaryUnit类符合军事指挥结构可能指向军事单位的语义关系，无明显冲突。",1,1,
sample_0422,range,The range of commandStructure is MilitaryUnit.,"背景知识：
条目1：
- 名称：commandStructure
- 类型：Property
- 简介：command structure

条目2：
- 名称：MilitaryUnit
- 类型：Class
- 简介：military unit",1,grok-4,0.0,8192,https://api2.aigcbest.top/v1,"判断结果：[正确]  
解释：[根据背景知识，commandStructure作为Property可表示军事指挥结构，其range为MilitaryUnit类符合RDFS语义规则，即属性值的客体属于军事单位类，且无明显冲突。]",1,1,
sample_0423,range,"If a resource appears as the object of property commandStructure, then it should belong to class MilitaryUnit.","背景知识：
条目1：
- 名称：commandStructure
- 类型：Property
- 简介：command structure

条目2：
- 名称：MilitaryUnit
- 类型：Class
- 简介：military unit",1,grok-4,0.0,8192,https://api2.aigcbest.top/v1,"判断结果：正确  
解释：公理描述了commandStructure属性的range约束，即其对象应属于MilitaryUnit类，这与背景知识中commandStructure作为属性和MilitaryUnit作为类的定义相符，并符合RDFS中range规则的语义要求。",1,1,
sample_0424,range,"For any x and y, if x commandStructure y holds, then y is an instance of MilitaryUnit.","背景知识：
条目1：
- 名称：commandStructure
- 类型：Property
- 简介：command structure

条目2：
- 名称：MilitaryUnit
- 类型：Class
- 简介：military unit",1,grok-4,0.0,8192,https://api2.aigcbest.top/v1,"判断结果：正确  
解释：根据RDFS range规则，commandStructure作为军事命令结构属性，其客体y应为MilitaryUnit类的实例，这与背景知识中commandStructure的军事语义和MilitaryUnit的定义一致。",1,1,
sample_0425,range,Property commandStructure can only point to objects of class MilitaryUnit.,"背景知识：
条目1：
- 名称：commandStructure
- 类型：Property
- 简介：command structure

条目2：
- 名称：MilitaryUnit
- 类型：Class
- 简介：military unit",1,grok-4,0.0,8192,https://api2.aigcbest.top/v1,"判断结果：[正确]  
解释：背景知识中commandStructure作为属性描述指挥结构，其范围指向MilitaryUnit类（军事单位）符合RDFS range规则和军事常识，无明显冲突。",1,1,
sample_0426,range,range(commandStructure) = Rocket,"背景知识：
条目1：
- 名称：commandStructure
- 类型：Property
- 简介：command structure

条目2：
- 名称：Rocket
- 类型：Class
- 简介：rocket",0,grok-4,0.0,8192,https://api2.aigcbest.top/v1,"判断结果：错误
解释：根据背景知识，commandStructure作为属性表示“command structure”，其范围指定为Rocket类（火箭）不符合常识语义和RDFS range规则，因为命令结构的客体通常不是火箭实例，导致明显语义冲突。",0,1,
sample_0427,range,The range of commandStructure is Rocket.,"背景知识：
条目1：
- 名称：commandStructure
- 类型：Property
- 简介：command structure

条目2：
- 名称：Rocket
- 类型：Class
- 简介：rocket",0,grok-4,0.0,8192,https://api2.aigcbest.top/v1,"判断结果：错误  
解释：根据背景知识，commandStructure作为“command structure”属性，其range指定为Rocket类（火箭）不符合常识语义，因为命令结构的客体通常不是火箭实体，这违反RDFS range规则对属性值类型的合理约束。",0,1,
sample_0428,range,"If a resource appears as the object of property commandStructure, then it should belong to class Rocket.","背景知识：
条目1：
- 名称：commandStructure
- 类型：Property
- 简介：command structure

条目2：
- 名称：Rocket
- 类型：Class
- 简介：rocket",0,grok-4,0.0,8192,https://api2.aigcbest.top/v1,"判断结果：[错误]  
解释：[公理描述commandStructure属性的range为Rocket类，但基于常识，commandStructure（指挥结构）指向的客体不应是Rocket（火箭）类，这与属性语义存在明显冲突。]",0,1,
sample_0429,range,"For any x and y, if x commandStructure y holds, then y is an instance of Rocket.","背景知识：
条目1：
- 名称：commandStructure
- 类型：Property
- 简介：command structure

条目2：
- 名称：Rocket
- 类型：Class
- 简介：rocket",0,grok-4,0.0,8192,https://api2.aigcbest.top/v1,"判断结果：[错误]  
解释：[背景知识中commandStructure作为属性表示“command structure”，而公理要求其客体y必须是Rocket（火箭）的实例，但根据常识，命令结构并非火箭实例，与RDFS range语义规则下属性客体约束不符。]",0,1,
sample_0430,range,Property commandStructure can only point to objects of class Rocket.,"背景知识：
条目1：
- 名称：commandStructure
- 类型：Property
- 简介：command structure

条目2：
- 名称：Rocket
- 类型：Class
- 简介：rocket",0,grok-4,0.0,8192,https://api2.aigcbest.top/v1,"判断结果：[错误]  
解释：背景知识中commandStructure作为“command structure”属性，其语义与指向Rocket类（火箭）的范围约束不符，违反RDFS range规则的合理性且缺乏支持。",0,1,
sample_0431,range,range(company) = BroadcastNetwork,"背景知识：
条目1：
- 名称：company
- 类型：Property
- 简介：company

条目2：
- 名称：BroadcastNetwork
- 类型：Class
- 简介：A broadcast network is an organization, such as a corporation or other association, that provides live or recorded content, such as movies, newscasts, sports, and public affairs programs for broadcast over a group of radio or television sta...",0,grok-4,0.0,8192,https://api2.aigcbest.top/v1,"判断结果：[错误]
解释：根据背景知识，BroadcastNetwork是特定类型的组织（如公司或协会），而company作为通用属性，其范围不应严格限制为BroadcastNetwork类，否则违反RDFS range语义规则中对属性值类型的合理约束。",0,1,
sample_0432,range,The range of company is BroadcastNetwork.,"背景知识：
条目1：
- 名称：company
- 类型：Property
- 简介：company

条目2：
- 名称：BroadcastNetwork
- 类型：Class
- 简介：A broadcast network is an organization, such as a corporation or other association, that provides live or recorded content, such as movies, newscasts, sports, and public affairs programs for broadcast over a group of radio or television sta...",0,grok-4,0.0,8192,https://api2.aigcbest.top/v1,"判断结果：正确  
解释：根据背景知识，company 为属性且 BroadcastNetwork 为类，指定其 range 为 BroadcastNetwork 符合 RDFS range 规则，且 BroadcastNetwork 作为组织类与 company 概念无明显冲突。",1,0,
sample_0433,range,"If a resource appears as the object of property company, then it should belong to class BroadcastNetwork.","背景知识：
条目1：
- 名称：company
- 类型：Property
- 简介：company

条目2：
- 名称：BroadcastNetwork
- 类型：Class
- 简介：A broadcast network is an organization, such as a corporation or other association, that provides live or recorded content, such as movies, newscasts, sports, and public affairs programs for broadcast over a group of radio or television sta...",0,grok-4,0.0,8192,https://api2.aigcbest.top/v1,"判断结果：[错误]
解释：背景知识中company属性仅被描述为通用属性，而无明确range约束将其对象限制为BroadcastNetwork类，此公理与RDFS语义规则和常识不符，可能导致过度限制。",0,1,
sample_0434,range,"For any x and y, if x company y holds, then y is an instance of BroadcastNetwork.","背景知识：
条目1：
- 名称：company
- 类型：Property
- 简介：company

条目2：
- 名称：BroadcastNetwork
- 类型：Class
- 简介：A broadcast network is an organization, such as a corporation or other association, that provides live or recorded content, such as movies, newscasts, sports, and public affairs programs for broadcast over a group of radio or television sta...",0,grok-4,0.0,8192,https://api2.aigcbest.top/v1,"判断结果：错误  
解释：背景知识中company属性未指定range为BroadcastNetwork，而公理强制将属性的客体约束为BroadcastNetwork实例，与RDFS中无此语义约束的背景信息冲突。",0,1,
sample_0435,range,Property company can only point to objects of class BroadcastNetwork.,"背景知识：
条目1：
- 名称：company
- 类型：Property
- 简介：company

条目2：
- 名称：BroadcastNetwork
- 类型：Class
- 简介：A broadcast network is an organization, such as a corporation or other association, that provides live or recorded content, such as movies, newscasts, sports, and public affairs programs for broadcast over a group of radio or television sta...",0,grok-4,0.0,8192,https://api2.aigcbest.top/v1,"判断结果：错误
解释：背景知识中company属性的简介仅为通用“company”，未指定其range限于BroadcastNetwork类，此约束与RDFS range语义规则及常识中company的泛化含义冲突。",0,1,
sample_0436,range,range(constituencyDistrict) = PopulatedPlace,"背景知识：
条目1：
- 名称：constituencyDistrict
- 类型：Property
- 简介：constituency district

条目2：
- 名称：PopulatedPlace
- 类型：Class
- 简介：As defined by the United States Geological Survey, a populated place is a place or area with clustered or scattered buildings and a permanent human population (city, settlement, town, or village) referenced with geographic coordinates (http...",1,grok-4,0.0,8192,https://api2.aigcbest.top/v1,"判断结果：错误
解释：constituencyDistrict作为属性，其值应为选举区（地理或行政区域），但PopulatedPlace类定义为具体有人居住的地方（如城市或村庄），二者语义不匹配，无法满足RDFS range规则的类型约束。",0,0,
sample_0437,range,The range of constituencyDistrict is PopulatedPlace.,"背景知识：
条目1：
- 名称：constituencyDistrict
- 类型：Property
- 简介：constituency district

条目2：
- 名称：PopulatedPlace
- 类型：Class
- 简介：As defined by the United States Geological Survey, a populated place is a place or area with clustered or scattered buildings and a permanent human population (city, settlement, town, or village) referenced with geographic coordinates (http...",1,grok-4,0.0,8192,https://api2.aigcbest.top/v1,"判断结果：[正确]
解释：根据背景知识，PopulatedPlace代表有人居住的地理区域，而constituencyDistrict作为属性，其范围设置为PopulatedPlace符合RDFS range规则和常识，因为选区通常涉及有人口的地方。",1,1,
sample_0438,range,"If a resource appears as the object of property constituencyDistrict, then it should belong to class PopulatedPlace.","背景知识：
条目1：
- 名称：constituencyDistrict
- 类型：Property
- 简介：constituency district

条目2：
- 名称：PopulatedPlace
- 类型：Class
- 简介：As defined by the United States Geological Survey, a populated place is a place or area with clustered or scattered buildings and a permanent human population (city, settlement, town, or village) referenced with geographic coordinates (http...",1,grok-4,0.0,8192,https://api2.aigcbest.top/v1,"判断结果：[正确]
解释：基于背景知识，constituencyDistrict属性的客体为选区，通常指人口居住的地理区域，符合PopulatedPlace类的定义，这与RDFS range语义规则一致，无明显冲突。",1,1,
sample_0439,range,"For any x and y, if x constituencyDistrict y holds, then y is an instance of PopulatedPlace.","背景知识：
条目1：
- 名称：constituencyDistrict
- 类型：Property
- 简介：constituency district

条目2：
- 名称：PopulatedPlace
- 类型：Class
- 简介：As defined by the United States Geological Survey, a populated place is a place or area with clustered or scattered buildings and a permanent human population (city, settlement, town, or village) referenced with geographic coordinates (http...",1,grok-4,0.0,8192,https://api2.aigcbest.top/v1,"判断结果：[正确]
解释：[基于背景知识，constituencyDistrict属性的客体y作为一个选区，通常是有人口居住的地理区域，这符合PopulatedPlace类的定义，并与RDFS range语义规则一致，即属性客体应属于指定类。]",1,1,
sample_0440,range,Property constituencyDistrict can only point to objects of class PopulatedPlace.,"背景知识：
条目1：
- 名称：constituencyDistrict
- 类型：Property
- 简介：constituency district

条目2：
- 名称：PopulatedPlace
- 类型：Class
- 简介：As defined by the United States Geological Survey, a populated place is a place or area with clustered or scattered buildings and a permanent human population (city, settlement, town, or village) referenced with geographic coordinates (http...",1,grok-4,0.0,8192,https://api2.aigcbest.top/v1,"判断结果：[正确]  
解释：根据背景知识，constituencyDistrict作为属性指向的选区对象符合PopulatedPlace类的人口稠密地方定义，且无明显语义冲突，符合RDFS range规则。",1,1,
sample_0441,range,range(countryWithFirstSatellite) = Country,"背景知识：
条目1：
- 名称：countryWithFirstSatellite
- 类型：Property
- 简介：country with first satellite

条目2：
- 名称：Country
- 类型：Class
- 简介：country",1,grok-4,0.0,8192,https://api2.aigcbest.top/v1,"判断结果：[正确]  
解释：[根据背景知识，countryWithFirstSatellite属性表示与第一个卫星相关的国家，其范围指定为Country类符合RDFS range语义规则，即属性的客体属于Country类。]",1,1,
sample_0442,range,The range of countryWithFirstSatellite is Country.,"背景知识：
条目1：
- 名称：countryWithFirstSatellite
- 类型：Property
- 简介：country with first satellite

条目2：
- 名称：Country
- 类型：Class
- 简介：country",1,grok-4,0.0,8192,https://api2.aigcbest.top/v1,"判断结果：正确  
解释：根据背景知识，countryWithFirstSatellite属性表示与第一个卫星相关的国家，其范围指定为Country类符合RDFS range语义规则，确保属性值属于国家类实例。",1,1,
sample_0443,range,"If a resource appears as the object of property countryWithFirstSatellite, then it should belong to class Country.","背景知识：
条目1：
- 名称：countryWithFirstSatellite
- 类型：Property
- 简介：country with first satellite

条目2：
- 名称：Country
- 类型：Class
- 简介：country",1,grok-4,0.0,8192,https://api2.aigcbest.top/v1,"判断结果：正确  
解释：根据背景知识，countryWithFirstSatellite属性表示“有第一个卫星的国家”，其客体应为Country类，这符合RDFS range规则对属性值所属类的语义约束。",1,1,
sample_0444,range,"For any x and y, if x countryWithFirstSatellite y holds, then y is an instance of Country.","背景知识：
条目1：
- 名称：countryWithFirstSatellite
- 类型：Property
- 简介：country with first satellite

条目2：
- 名称：Country
- 类型：Class
- 简介：country",1,grok-4,0.0,8192,https://api2.aigcbest.top/v1,"判断结果：正确  
解释：根据背景知识，countryWithFirstSatellite属性描述与第一个卫星相关的国家，其range应为Country类，这符合RDFS中range规则对属性客体类别的语义约束。",1,1,
sample_0445,range,Property countryWithFirstSatellite can only point to objects of class Country.,"背景知识：
条目1：
- 名称：countryWithFirstSatellite
- 类型：Property
- 简介：country with first satellite

条目2：
- 名称：Country
- 类型：Class
- 简介：country",1,grok-4,0.0,8192,https://api2.aigcbest.top/v1,"判断结果：正确  
解释：根据背景知识，countryWithFirstSatellite属性描述与发射第一个卫星的国家相关，其值应为Country类的实例，这符合RDFS range语义规则对属性客体类别的约束。",1,1,
sample_0446,range,range(creatorOfDish) = Person,"背景知识：
条目1：
- 名称：creatorOfDish
- 类型：Property
- 简介：The person that creates (invents) the food (eg. Caesar Cardini is the creator of the Caesar salad).

条目2：
- 名称：Person
- 类型：Class
- 简介：person",1,grok-4,0.0,8192,https://api2.aigcbest.top/v1,"判断结果：[正确]  
解释：[根据背景知识，creatorOfDish属性的客体为创建菜肴的人，符合RDFS range规则将范围限制为Person类，无冲突。]",1,1,
sample_0447,range,The range of creatorOfDish is Person.,"背景知识：
条目1：
- 名称：creatorOfDish
- 类型：Property
- 简介：The person that creates (invents) the food (eg. Caesar Cardini is the creator of the Caesar salad).

条目2：
- 名称：Person
- 类型：Class
- 简介：person",1,grok-4,0.0,8192,https://api2.aigcbest.top/v1,"判断结果：错误  
解释：根据背景知识，creatorOfDish属性的客体是食物而非Person，这与RDFS range规则要求客体属于Person类存在冲突。",0,0,
sample_0448,range,"If a resource appears as the object of property creatorOfDish, then it should belong to class Person.","背景知识：
条目1：
- 名称：creatorOfDish
- 类型：Property
- 简介：The person that creates (invents) the food (eg. Caesar Cardini is the creator of the Caesar salad).

条目2：
- 名称：Person
- 类型：Class
- 简介：person",1,grok-4,0.0,8192,https://api2.aigcbest.top/v1,"判断结果：[错误]  
解释：[根据背景知识，creatorOfDish属性的对象是食物（如沙拉），而非Person类，这与RDFS range规则要求对象所属类的语义约束冲突。]",0,0,
sample_0449,range,"For any x and y, if x creatorOfDish y holds, then y is an instance of Person.","背景知识：
条目1：
- 名称：creatorOfDish
- 类型：Property
- 简介：The person that creates (invents) the food (eg. Caesar Cardini is the creator of the Caesar salad).

条目2：
- 名称：Person
- 类型：Class
- 简介：person",1,grok-4,0.0,8192,https://api2.aigcbest.top/v1,"判断结果：[错误]  
解释：[根据背景知识，creatorOfDish属性的客体y是食物而非Person的实例，这与公理要求y为Person实例相冲突，违反RDFS中range语义规则对属性值类型的约束。]",0,0,
sample_0450,range,Property creatorOfDish can only point to objects of class Person.,"背景知识：
条目1：
- 名称：creatorOfDish
- 类型：Property
- 简介：The person that creates (invents) the food (eg. Caesar Cardini is the creator of the Caesar salad).

条目2：
- 名称：Person
- 类型：Class
- 简介：person",1,grok-4,0.0,8192,https://api2.aigcbest.top/v1,"判断结果：错误  
解释：根据背景知识，creatorOfDish属性的客体应为菜肴而非Person类实例，与RDFS range语义规则中对属性值类别的约束相冲突。",0,0,
sample_0451,range,range(cultivatedVariety) = CultivatedVariety,"背景知识：
条目1：
- 名称：cultivatedVariety
- 类型：Property
- 简介：Name of the cultivar (cultivated variety)

条目2：
- 名称：CultivatedVariety
- 类型：Class
- 简介：A cultivar is a plant or grouping of plants selected for desirable characteristics that can be maintained by propagation. A plant whose origin or selection is primarily due to intentional human activity.",1,grok-4,0.0,8192,https://api2.aigcbest.top/v1,"判断结果：[错误]  
解释：[属性cultivatedVariety的背景知识表明其值为栽培品种的名称（字符串类型），而RDFS range规则要求其客体属于CultivatedVariety类，这与语义约束冲突。]",0,0,
sample_0452,range,The range of cultivatedVariety is CultivatedVariety.,"背景知识：
条目1：
- 名称：cultivatedVariety
- 类型：Property
- 简介：Name of the cultivar (cultivated variety)

条目2：
- 名称：CultivatedVariety
- 类型：Class
- 简介：A cultivar is a plant or grouping of plants selected for desirable characteristics that can be maintained by propagation. A plant whose origin or selection is primarily due to intentional human activity.",1,grok-4,0.0,8192,https://api2.aigcbest.top/v1,"判断结果：[错误]  
解释：[cultivatedVariety作为表示栽培品种名称的属性，其range应为字符串类型而非CultivatedVariety类，根据RDFS range规则和背景知识，这会导致语义冲突，因为属性值应是名称而非栽培品种实例。]",0,0,
sample_0453,range,"If a resource appears as the object of property cultivatedVariety, then it should belong to class CultivatedVariety.","背景知识：
条目1：
- 名称：cultivatedVariety
- 类型：Property
- 简介：Name of the cultivar (cultivated variety)

条目2：
- 名称：CultivatedVariety
- 类型：Class
- 简介：A cultivar is a plant or grouping of plants selected for desirable characteristics that can be maintained by propagation. A plant whose origin or selection is primarily due to intentional human activity.",1,grok-4,0.0,8192,https://api2.aigcbest.top/v1,"判断结果：错误  
解释：根据背景知识，cultivatedVariety属性表示栽培品种的名称，其对象应为字符串而非CultivatedVariety类的实例，这与RDFS range语义规则中要求属性对象属于指定类的约束相冲突。",0,0,
sample_0454,range,"For any x and y, if x cultivatedVariety y holds, then y is an instance of CultivatedVariety.","背景知识：
条目1：
- 名称：cultivatedVariety
- 类型：Property
- 简介：Name of the cultivar (cultivated variety)

条目2：
- 名称：CultivatedVariety
- 类型：Class
- 简介：A cultivar is a plant or grouping of plants selected for desirable characteristics that can be maintained by propagation. A plant whose origin or selection is primarily due to intentional human activity.",1,grok-4,0.0,8192,https://api2.aigcbest.top/v1,"判断结果：错误  
解释：根据背景知识，cultivatedVariety属性表示栽培品种的名称，其值应为字符串而非CultivatedVariety类的实例，因此该公理将属性范围错误地约束为CultivatedVariety类，与RDFS range语义规则和背景简介冲突。",0,0,
sample_0455,range,Property cultivatedVariety can only point to objects of class CultivatedVariety.,"背景知识：
条目1：
- 名称：cultivatedVariety
- 类型：Property
- 简介：Name of the cultivar (cultivated variety)

条目2：
- 名称：CultivatedVariety
- 类型：Class
- 简介：A cultivar is a plant or grouping of plants selected for desirable characteristics that can be maintained by propagation. A plant whose origin or selection is primarily due to intentional human activity.",1,grok-4,0.0,8192,https://api2.aigcbest.top/v1,"判断结果：[错误]  
解释：[背景知识中cultivatedVariety属性表示栽培品种的名称（应指向文本值），而公理将其range限制为CultivatedVariety类实例，违反RDFS range语义规则与属性语义的匹配。]",0,0,
sample_0456,range,range(dean) = Broadcaster,"背景知识：
条目1：
- 名称：dean
- 类型：Property
- 简介：dean

条目2：
- 名称：Broadcaster
- 类型：Class
- 简介：A broadcaster is an organisation responsible for the production of radio or television programs and/or their transmission. (http://en.wikipedia.org/wiki/Broadcaster - 28/03/2011)",0,grok-4,0.0,8192,https://api2.aigcbest.top/v1,"判断结果：[错误]
解释：根据背景知识，dean作为属性可能指代如“院长”等概念，而Broadcaster类描述广播组织，二者语义无关，导致range(dean)=Broadcaster的RDFS范围约束与常识和知识不符，存在明显冲突。",0,1,
sample_0457,range,The range of dean is Broadcaster.,"背景知识：
条目1：
- 名称：dean
- 类型：Property
- 简介：dean

条目2：
- 名称：Broadcaster
- 类型：Class
- 简介：A broadcaster is an organisation responsible for the production of radio or television programs and/or their transmission. (http://en.wikipedia.org/wiki/Broadcaster - 28/03/2011)",0,grok-4,0.0,8192,https://api2.aigcbest.top/v1,"判断结果：[错误]  
解释：[dean作为属性通常指代如学院院长的人类角色，但其range被指定为Broadcaster类（广播机构组织），这与背景知识中Broadcaster的语义定义及RDFS range规则的类型约束存在明显冲突。]",0,1,
sample_0458,range,"If a resource appears as the object of property dean, then it should belong to class Broadcaster.","背景知识：
条目1：
- 名称：dean
- 类型：Property
- 简介：dean

条目2：
- 名称：Broadcaster
- 类型：Class
- 简介：A broadcaster is an organisation responsible for the production of radio or television programs and/or their transmission. (http://en.wikipedia.org/wiki/Broadcaster - 28/03/2011)",0,grok-4,0.0,8192,https://api2.aigcbest.top/v1,"判断结果：[错误]  
解释：背景知识中dean作为属性未指定与Broadcaster类的语义关联，且RDFS range规则要求客体类需合理约束属性值，但dean（常指院长）与广播组织Broadcaster在常识上无明显匹配，导致公理冲突。",0,1,
sample_0459,range,"For any x and y, if x dean y holds, then y is an instance of Broadcaster.","背景知识：
条目1：
- 名称：dean
- 类型：Property
- 简介：dean

条目2：
- 名称：Broadcaster
- 类型：Class
- 简介：A broadcaster is an organisation responsible for the production of radio or television programs and/or their transmission. (http://en.wikipedia.org/wiki/Broadcaster - 28/03/2011)",0,grok-4,0.0,8192,https://api2.aigcbest.top/v1,"判断结果：[错误]  
解释：背景知识中dean作为属性无明确与Broadcaster类的语义关联，且RDFS range规则要求客体所属类需合理约束，而dean（常指学术院长）与广播组织无关，存在明显语义冲突。",0,1,
sample_0460,range,Property dean can only point to objects of class Broadcaster.,"背景知识：
条目1：
- 名称：dean
- 类型：Property
- 简介：dean

条目2：
- 名称：Broadcaster
- 类型：Class
- 简介：A broadcaster is an organisation responsible for the production of radio or television programs and/or their transmission. (http://en.wikipedia.org/wiki/Broadcaster - 28/03/2011)",0,grok-4,0.0,8192,https://api2.aigcbest.top/v1,"判断结果：[错误]  
解释：[背景知识中dean作为属性无明确语义关联Broadcaster类，而RDFS range规则要求属性值属于指定类，此公理缺乏支持且与常识冲突。]",0,1,
sample_0461,subClassOf,caf_ ⊑ company,"背景知识：
条目1：
- 名称：caf_
- 类型：Class
- 简介：{%%s is a %s, café}
- 补充信息：generalizations: location, company

条目2：
- 名称：company
- 类型：Class
- 简介：{%%s is a %s, company}
- 补充信息：generalizations: organization",1,grok-4,0.0,8192,https://api2.aigcbest.top/v1,"判断结果：[正确]  
解释：[根据背景知识，caf_的generalizations包括company，表示caf_是company的子类，这符合RDFS中subClassOf的语义规则，即caf_的实例也是company的实例，且无明显冲突。]",1,1,
sample_0462,subClassOf,caf_ is a subclass of company.,"背景知识：
条目1：
- 名称：caf_
- 类型：Class
- 简介：{%%s is a %s, café}
- 补充信息：generalizations: location, company

条目2：
- 名称：company
- 类型：Class
- 简介：{%%s is a %s, company}
- 补充信息：generalizations: organization",1,grok-4,0.0,8192,https://api2.aigcbest.top/v1,"判断结果：[正确]  
解释：[背景知识显示caf_的generalizations包括company，符合RDFS subClassOf语义规则，表示caf_类是company类的子类。]",1,1,
sample_0463,subClassOf,Every instance of caf_ is also an instance of company.,"背景知识：
条目1：
- 名称：caf_
- 类型：Class
- 简介：{%%s is a %s, café}
- 补充信息：generalizations: location, company

条目2：
- 名称：company
- 类型：Class
- 简介：{%%s is a %s, company}
- 补充信息：generalizations: organization",1,grok-4,0.0,8192,https://api2.aigcbest.top/v1,"判断结果：[正确]  
解释：[根据背景知识，caf_ 的 generalizations 包括 company，表示 caf_ subClassOf company，这符合 RDFS subClassOf 语义规则，即 caf_ 的每个实例也是 company 的实例。]",1,1,
sample_0464,subClassOf,"If an entity belongs to class caf_, then it also belongs to class company.","背景知识：
条目1：
- 名称：caf_
- 类型：Class
- 简介：{%%s is a %s, café}
- 补充信息：generalizations: location, company

条目2：
- 名称：company
- 类型：Class
- 简介：{%%s is a %s, company}
- 补充信息：generalizations: organization",1,grok-4,0.0,8192,https://api2.aigcbest.top/v1,"判断结果：[正确]  
解释：[背景知识显示caf_的generalizations包括company，表示caf_是company的子类，符合RDFS subClassOf语义规则。]",1,1,
sample_0465,subClassOf,The class caf_ is included in the class company.,"背景知识：
条目1：
- 名称：caf_
- 类型：Class
- 简介：{%%s is a %s, café}
- 补充信息：generalizations: location, company

条目2：
- 名称：company
- 类型：Class
- 简介：{%%s is a %s, company}
- 补充信息：generalizations: organization",1,grok-4,0.0,8192,https://api2.aigcbest.top/v1,"判断结果：[正确]  
解释：[背景知识中caf_的generalizations包括company，支持RDFS subClassOf规则下caf_类被包含在company类中，无冲突。]",1,1,
sample_0466,subPropertyOf,agenthierarchicallyaboveagent ⊑p agentcontrols,"背景知识：
条目1：
- 名称：agenthierarchicallyaboveagent
- 类型：Class
- 简介：{%%s is hierarchically %s %%s, above}
- 补充信息：generalizations: agentcontrols, agentcollaborateswithagent | domain: agent | range: agent

条目2：
- 名称：agentcontrols
- 类型：Class
- 简介：{%%s %s %%s, controls}
- 补充信息：generalizations: relatedto | domain: agent | range: everypromotedthing",1,grok-4,0.0,8192,https://api2.aigcbest.top/v1,"判断结果：[正确]  
解释：[背景知识中agenthierarchicallyaboveagent的generalizations包括agentcontrols，符合RDFS subPropertyOf语义规则，表示前者是后者的子属性且其关系可被后者蕴涵。]",1,1,
sample_0467,subPropertyOf,agenthierarchicallyaboveagent is a subproperty of agentcontrols.,"背景知识：
条目1：
- 名称：agenthierarchicallyaboveagent
- 类型：Class
- 简介：{%%s is hierarchically %s %%s, above}
- 补充信息：generalizations: agentcontrols, agentcollaborateswithagent | domain: agent | range: agent

条目2：
- 名称：agentcontrols
- 类型：Class
- 简介：{%%s %s %%s, controls}
- 补充信息：generalizations: relatedto | domain: agent | range: everypromotedthing",1,grok-4,0.0,8192,https://api2.aigcbest.top/v1,"判断结果：[正确]
解释：[背景知识显示agenthierarchicallyaboveagent的generalizations包括agentcontrols，表明其为agentcontrols的specialization，且domain相同、range兼容，符合RDFS subPropertyOf语义规则的蕴涵关系。]",1,1,
sample_0468,subPropertyOf,"If two resources are related by agenthierarchicallyaboveagent, then they are also related by agentcontrols.","背景知识：
条目1：
- 名称：agenthierarchicallyaboveagent
- 类型：Class
- 简介：{%%s is hierarchically %s %%s, above}
- 补充信息：generalizations: agentcontrols, agentcollaborateswithagent | domain: agent | range: agent

条目2：
- 名称：agentcontrols
- 类型：Class
- 简介：{%%s %s %%s, controls}
- 补充信息：generalizations: relatedto | domain: agent | range: everypromotedthing",1,grok-4,0.0,8192,https://api2.aigcbest.top/v1,"判断结果：[正确]  
解释：根据背景知识，agenthierarchicallyaboveagent的generalizations包括agentcontrols，表明其为agentcontrols的specialization，在RDFS语义中相当于subPropertyOf关系，因此如果两个资源通过agenthierarchicallyaboveagent相关，则也通过agentcontrols相关。",1,1,
sample_0469,subPropertyOf,"For any x and y, if x agenthierarchicallyaboveagent y holds, then x agentcontrols y also holds.","背景知识：
条目1：
- 名称：agenthierarchicallyaboveagent
- 类型：Class
- 简介：{%%s is hierarchically %s %%s, above}
- 补充信息：generalizations: agentcontrols, agentcollaborateswithagent | domain: agent | range: agent

条目2：
- 名称：agentcontrols
- 类型：Class
- 简介：{%%s %s %%s, controls}
- 补充信息：generalizations: relatedto | domain: agent | range: everypromotedthing",1,grok-4,0.0,8192,https://api2.aigcbest.top/v1,"判断结果：[正确]  
解释：根据背景知识，agenthierarchicallyaboveagent的generalizations包括agentcontrols，表明其为agentcontrols的子类或子属性，从而依据RDFS的subClassOf或subPropertyOf语义规则，若x agenthierarchicallyaboveagent y成立，则x agentcontrols y也成立。",1,1,
sample_0470,subPropertyOf,The property agenthierarchicallyaboveagent is more specific than the property agentcontrols.,"背景知识：
条目1：
- 名称：agenthierarchicallyaboveagent
- 类型：Class
- 简介：{%%s is hierarchically %s %%s, above}
- 补充信息：generalizations: agentcontrols, agentcollaborateswithagent | domain: agent | range: agent

条目2：
- 名称：agentcontrols
- 类型：Class
- 简介：{%%s %s %%s, controls}
- 补充信息：generalizations: relatedto | domain: agent | range: everypromotedthing",1,grok-4,0.0,8192,https://api2.aigcbest.top/v1,"判断结果：[正确]  
解释：[根据背景知识，agenthierarchicallyaboveagent的generalizations包括agentcontrols，符合RDFS subPropertyOf语义规则，表示前者是后者的更具体属性。]",1,1,
sample_0471,subPropertyOf,bombingvictim ⊑p relatedto,"背景知识：
条目1：
- 名称：bombingvictim
- 类型：Class
- 简介：bombingvictim is a class in the NELL knowledge base.
- 补充信息：generalizations: relatedto | domain: bombingevent | range: person

条目2：
- 名称：relatedto
- 类型：Class
- 简介：{%%s is somehow %s %%s, related to}
- 补充信息：generalizations: slot | domain: everypromotedthing | range: everypromotedthing",1,grok-4,0.0,8192,https://api2.aigcbest.top/v1,"判断结果：[正确]  
解释：根据背景知识，bombingvictim的generalizations为relatedto，表示其为relatedto的子属性，且RDFS subPropertyOf规则支持若(x bombingvictim y)则(x relatedto y)，语义上合理无冲突。",1,1,
sample_0472,subPropertyOf,bombingvictim is a subproperty of relatedto.,"背景知识：
条目1：
- 名称：bombingvictim
- 类型：Class
- 简介：bombingvictim is a class in the NELL knowledge base.
- 补充信息：generalizations: relatedto | domain: bombingevent | range: person

条目2：
- 名称：relatedto
- 类型：Class
- 简介：{%%s is somehow %s %%s, related to}
- 补充信息：generalizations: slot | domain: everypromotedthing | range: everypromotedthing",1,grok-4,0.0,8192,https://api2.aigcbest.top/v1,"判断结果：[错误]
解释：[bombingvictim and relatedto are both defined as classes in the background knowledge, but subPropertyOf in RDFS applies to properties, creating a semantic conflict.]",0,0,
sample_0473,subPropertyOf,"If two resources are related by bombingvictim, then they are also related by relatedto.","背景知识：
条目1：
- 名称：bombingvictim
- 类型：Class
- 简介：bombingvictim is a class in the NELL knowledge base.
- 补充信息：generalizations: relatedto | domain: bombingevent | range: person

条目2：
- 名称：relatedto
- 类型：Class
- 简介：{%%s is somehow %s %%s, related to}
- 补充信息：generalizations: slot | domain: everypromotedthing | range: everypromotedthing",1,grok-4,0.0,8192,https://api2.aigcbest.top/v1,"判断结果：[正确]  
解释：[根据背景知识，bombingvictim的generalizations包括relatedto，表明bombingvictim是relatedto的子属性，符合RDFS subPropertyOf语义规则，即如果两个资源通过bombingvictim相关联，则它们也通过relatedto相关联。]",1,1,
sample_0474,subPropertyOf,"For any x and y, if x bombingvictim y holds, then x relatedto y also holds.","背景知识：
条目1：
- 名称：bombingvictim
- 类型：Class
- 简介：bombingvictim is a class in the NELL knowledge base.
- 补充信息：generalizations: relatedto | domain: bombingevent | range: person

条目2：
- 名称：relatedto
- 类型：Class
- 简介：{%%s is somehow %s %%s, related to}
- 补充信息：generalizations: slot | domain: everypromotedthing | range: everypromotedthing",1,grok-4,0.0,8192,https://api2.aigcbest.top/v1,"判断结果：[正确]  
解释：背景知识显示bombingvictim的generalizations为relatedto，表明bombingvictim是relatedto的特化属性，符合RDFS subPropertyOf语义规则，即若x bombingvictim y成立，则x relatedto y也成立。",1,1,
sample_0475,subPropertyOf,The property bombingvictim is more specific than the property relatedto.,"背景知识：
条目1：
- 名称：bombingvictim
- 类型：Class
- 简介：bombingvictim is a class in the NELL knowledge base.
- 补充信息：generalizations: relatedto | domain: bombingevent | range: person

条目2：
- 名称：relatedto
- 类型：Class
- 简介：{%%s is somehow %s %%s, related to}
- 补充信息：generalizations: slot | domain: everypromotedthing | range: everypromotedthing",1,grok-4,0.0,8192,https://api2.aigcbest.top/v1,"判断结果：正确  
解释：根据背景知识，bombingvictim的generalizations包括relatedto，这符合RDFS subPropertyOf规则，表示bombingvictim是relatedto的更具体属性，且无语义冲突。",1,1,
sample_0476,subPropertyOf,buildingbelongstoorganization ⊑p locationactedinbyorganization,"背景知识：
条目1：
- 名称：buildingbelongstoorganization
- 类型：Class
- 简介：{%%s %s %%s, is a building belonging to}
- 补充信息：generalizations: locationactedinbyorganization | domain: building | range: organization

条目2：
- 名称：locationactedinbyorganization
- 类型：Class
- 简介：locationactedinbyorganization is a class in the NELL knowledge base.
- 补充信息：generalizations: locationactedinbyagent | domain: location | range: organization",1,grok-4,0.0,8192,https://api2.aigcbest.top/v1,"判断结果：[正确]  
解释：[背景知识显示buildingbelongstoorganization的generalizations为locationactedinbyorganization，且其domain（building）和range（organization）与后者的domain（location）和range（organization）兼容，符合RDFS subPropertyOf语义规则的包含关系。]",1,1,
sample_0477,subPropertyOf,buildingbelongstoorganization is a subproperty of locationactedinbyorganization.,"背景知识：
条目1：
- 名称：buildingbelongstoorganization
- 类型：Class
- 简介：{%%s %s %%s, is a building belonging to}
- 补充信息：generalizations: locationactedinbyorganization | domain: building | range: organization

条目2：
- 名称：locationactedinbyorganization
- 类型：Class
- 简介：locationactedinbyorganization is a class in the NELL knowledge base.
- 补充信息：generalizations: locationactedinbyagent | domain: location | range: organization",1,grok-4,0.0,8192,https://api2.aigcbest.top/v1,"判断结果：[错误]
解释：buildingbelongstoorganization和locationactedinbyorganization在背景知识中均为Class类型，而RDFS的subPropertyOf规则仅适用于属性间的包含关系，因此该公理与语义规则冲突。",0,0,
sample_0478,subPropertyOf,"If two resources are related by buildingbelongstoorganization, then they are also related by locationactedinbyorganization.","背景知识：
条目1：
- 名称：buildingbelongstoorganization
- 类型：Class
- 简介：{%%s %s %%s, is a building belonging to}
- 补充信息：generalizations: locationactedinbyorganization | domain: building | range: organization

条目2：
- 名称：locationactedinbyorganization
- 类型：Class
- 简介：locationactedinbyorganization is a class in the NELL knowledge base.
- 补充信息：generalizations: locationactedinbyagent | domain: location | range: organization",1,grok-4,0.0,8192,https://api2.aigcbest.top/v1,"判断结果：[正确]
解释：根据背景知识，buildingbelongstoorganization的generalizations包括locationactedinbyorganization，结合RDFS subPropertyOf语义规则，这隐含如果两个资源通过buildingbelongstoorganization相关，则也通过locationactedinbyorganization相关，且domain/range约束（building隐含subClassOf location）与常识一致，无冲突。",1,1,
sample_0479,subPropertyOf,"For any x and y, if x buildingbelongstoorganization y holds, then x locationactedinbyorganization y also holds.","背景知识：
条目1：
- 名称：buildingbelongstoorganization
- 类型：Class
- 简介：{%%s %s %%s, is a building belonging to}
- 补充信息：generalizations: locationactedinbyorganization | domain: building | range: organization

条目2：
- 名称：locationactedinbyorganization
- 类型：Class
- 简介：locationactedinbyorganization is a class in the NELL knowledge base.
- 补充信息：generalizations: locationactedinbyagent | domain: location | range: organization",1,grok-4,0.0,8192,https://api2.aigcbest.top/v1,"判断结果：[正确]  
解释：背景知识表明buildingbelongstoorganization是locationactedinbyorganization的子项（generalization），根据RDFS的subPropertyOf语义规则，若前者关系持有，则后者也应持有，且domain（building子于location）和range（均为organization）兼容。",1,1,
sample_0480,subPropertyOf,The property buildingbelongstoorganization is more specific than the property locationactedinbyorganization.,"背景知识：
条目1：
- 名称：buildingbelongstoorganization
- 类型：Class
- 简介：{%%s %s %%s, is a building belonging to}
- 补充信息：generalizations: locationactedinbyorganization | domain: building | range: organization

条目2：
- 名称：locationactedinbyorganization
- 类型：Class
- 简介：locationactedinbyorganization is a class in the NELL knowledge base.
- 补充信息：generalizations: locationactedinbyagent | domain: location | range: organization",1,grok-4,0.0,8192,https://api2.aigcbest.top/v1,"判断结果：[错误]
解释：背景知识中buildingbelongstoorganization和locationactedinbyorganization被定义为Class而非Property，与公理将其视为属性的表述冲突，且RDFS的subPropertyOf规则仅适用于属性而非类。",0,0,
sample_0481,subPropertyOf,cityhostsattraction ⊑p cityattractions,"背景知识：
条目1：
- 名称：cityhostsattraction
- 类型：Unknown
- 简介：Attraction occurs in the city
- 补充信息：generalizations: cityattractions | domain: city | range: attraction

条目2：
- 名称：cityattractions
- 类型：Unknown
- 简介：The city that an attraction is located in
- 补充信息：generalizations: locationcontainslocation | domain: city | range: attraction",1,grok-4,0.0,8192,https://api2.aigcbest.top/v1,"判断结果：[正确]
解释：[背景知识中明确指出cityhostsattraction的generalizations为cityattractions，符合RDFS subPropertyOf语义规则，表示cityhostsattraction是cityattractions的子属性。]",1,1,
sample_0482,subPropertyOf,cityhostsattraction is a subproperty of cityattractions.,"背景知识：
条目1：
- 名称：cityhostsattraction
- 类型：Unknown
- 简介：Attraction occurs in the city
- 补充信息：generalizations: cityattractions | domain: city | range: attraction

条目2：
- 名称：cityattractions
- 类型：Unknown
- 简介：The city that an attraction is located in
- 补充信息：generalizations: locationcontainslocation | domain: city | range: attraction",1,grok-4,0.0,8192,https://api2.aigcbest.top/v1,"判断结果：[正确]
解释：根据背景知识中cityhostsattraction的generalizations明确指定为cityattractions，这符合RDFS subPropertyOf语义规则，表示cityhostsattraction是cityattractions的子属性，且两者domain和range一致无冲突。",1,1,
sample_0483,subPropertyOf,"If two resources are related by cityhostsattraction, then they are also related by cityattractions.","背景知识：
条目1：
- 名称：cityhostsattraction
- 类型：Unknown
- 简介：Attraction occurs in the city
- 补充信息：generalizations: cityattractions | domain: city | range: attraction

条目2：
- 名称：cityattractions
- 类型：Unknown
- 简介：The city that an attraction is located in
- 补充信息：generalizations: locationcontainslocation | domain: city | range: attraction",1,grok-4,0.0,8192,https://api2.aigcbest.top/v1,"判断结果：[正确]
解释：[根据背景知识，cityhostsattraction 是 cityattractions 的子属性（generalizations 表示 subPropertyOf 关系），根据 RDFS subPropertyOf 语义规则，如果两个资源通过 cityhostsattraction 相关，则它们也通过 cityattractions 相关。]",1,1,
sample_0484,subPropertyOf,"For any x and y, if x cityhostsattraction y holds, then x cityattractions y also holds.","背景知识：
条目1：
- 名称：cityhostsattraction
- 类型：Unknown
- 简介：Attraction occurs in the city
- 补充信息：generalizations: cityattractions | domain: city | range: attraction

条目2：
- 名称：cityattractions
- 类型：Unknown
- 简介：The city that an attraction is located in
- 补充信息：generalizations: locationcontainslocation | domain: city | range: attraction",1,grok-4,0.0,8192,https://api2.aigcbest.top/v1,"判断结果：[正确]  
解释：根据背景知识，cityhostsattraction是cityattractions的generalization，即cityhostsattraction subPropertyOf cityattractions，符合RDFS中subPropertyOf的语义规则，若x cityhostsattraction y成立，则x cityattractions y也成立。",1,1,
sample_0485,subPropertyOf,The property cityhostsattraction is more specific than the property cityattractions.,"背景知识：
条目1：
- 名称：cityhostsattraction
- 类型：Unknown
- 简介：Attraction occurs in the city
- 补充信息：generalizations: cityattractions | domain: city | range: attraction

条目2：
- 名称：cityattractions
- 类型：Unknown
- 简介：The city that an attraction is located in
- 补充信息：generalizations: locationcontainslocation | domain: city | range: attraction",1,grok-4,0.0,8192,https://api2.aigcbest.top/v1,"判断结果：[正确]  
解释：[根据背景知识，cityhostsattraction的generalizations为cityattractions，符合RDFS subPropertyOf规则，表示前者是后者的更具体子属性。]",1,1,
sample_0486,subPropertyOf,citysportsteams ⊑p proxyfor,"背景知识：
条目1：
- 名称：citysportsteams
- 类型：Class
- 简介：citysportsteams is a class in the NELL knowledge base.
- 补充信息：generalizations: proxyfor, locationactedinbyorganization | domain: city | range: sportsteam

条目2：
- 名称：proxyfor
- 类型：Class
- 简介：{%%s is a %s for %%s, proxy}
- 补充信息：generalizations: mutualproxyfor | domain: everypromotedthing | range: everypromotedthing",1,grok-4,0.0,8192,https://api2.aigcbest.top/v1,"判断结果：[正确]  
解释：[根据背景知识，citysportsteams的generalizations包括proxyfor，表示citysportsteams是proxyfor的特定化形式，与RDFS subPropertyOf语义规则一致，且域范围约束无明显冲突。]",1,1,
sample_0487,subPropertyOf,citysportsteams is a subproperty of proxyfor.,"背景知识：
条目1：
- 名称：citysportsteams
- 类型：Class
- 简介：citysportsteams is a class in the NELL knowledge base.
- 补充信息：generalizations: proxyfor, locationactedinbyorganization | domain: city | range: sportsteam

条目2：
- 名称：proxyfor
- 类型：Class
- 简介：{%%s is a %s for %%s, proxy}
- 补充信息：generalizations: mutualproxyfor | domain: everypromotedthing | range: everypromotedthing",1,grok-4,0.0,8192,https://api2.aigcbest.top/v1,"判断结果：错误
解释：根据背景知识，citysportsteams和proxyfor均为Class类型，而RDFS的subPropertyOf语义规则仅适用于属性，因此该公理与类型约束冲突。",0,0,
sample_0488,subPropertyOf,"If two resources are related by citysportsteams, then they are also related by proxyfor.","背景知识：
条目1：
- 名称：citysportsteams
- 类型：Class
- 简介：citysportsteams is a class in the NELL knowledge base.
- 补充信息：generalizations: proxyfor, locationactedinbyorganization | domain: city | range: sportsteam

条目2：
- 名称：proxyfor
- 类型：Class
- 简介：{%%s is a %s for %%s, proxy}
- 补充信息：generalizations: mutualproxyfor | domain: everypromotedthing | range: everypromotedthing",1,grok-4,0.0,8192,https://api2.aigcbest.top/v1,"判断结果：正确
解释：根据背景知识，citysportsteams的generalizations包括proxyfor，这符合RDFS中subPropertyOf的语义规则，即如果两个资源通过citysportsteams相关联，则也通过proxyfor相关联。",1,1,
sample_0489,subPropertyOf,"For any x and y, if x citysportsteams y holds, then x proxyfor y also holds.","背景知识：
条目1：
- 名称：citysportsteams
- 类型：Class
- 简介：citysportsteams is a class in the NELL knowledge base.
- 补充信息：generalizations: proxyfor, locationactedinbyorganization | domain: city | range: sportsteam

条目2：
- 名称：proxyfor
- 类型：Class
- 简介：{%%s is a %s for %%s, proxy}
- 补充信息：generalizations: mutualproxyfor | domain: everypromotedthing | range: everypromotedthing",1,grok-4,0.0,8192,https://api2.aigcbest.top/v1,"判断结果：[正确]  
解释：[背景知识中citysportsteams的generalizations包括proxyfor，符合RDFS subPropertyOf语义规则，即citysportsteams属性蕴涵proxyfor属性。]",1,1,
sample_0490,subPropertyOf,The property citysportsteams is more specific than the property proxyfor.,"背景知识：
条目1：
- 名称：citysportsteams
- 类型：Class
- 简介：citysportsteams is a class in the NELL knowledge base.
- 补充信息：generalizations: proxyfor, locationactedinbyorganization | domain: city | range: sportsteam

条目2：
- 名称：proxyfor
- 类型：Class
- 简介：{%%s is a %s for %%s, proxy}
- 补充信息：generalizations: mutualproxyfor | domain: everypromotedthing | range: everypromotedthing",1,grok-4,0.0,8192,https://api2.aigcbest.top/v1,"判断结果：正确  
解释：根据背景知识中citysportsteams的generalizations包括proxyfor，这符合RDFS subPropertyOf语义规则，表示citysportsteams是proxyfor的更特定属性。",1,1,
sample_0491,subPropertyOf,companyalsoknownas ⊑p organizationalsoknownas,"背景知识：
条目1：
- 名称：companyalsoknownas
- 类型：Class
- 简介：{%%s is a company %s %%s, also known as}
- 补充信息：generalizations: organizationalsoknownas | domain: company | range: company

条目2：
- 名称：organizationalsoknownas
- 类型：Class
- 简介：{%%s is an organization %s %%s, also known as}
- 补充信息：generalizations: synonymfor | domain: organization | range: organization",1,grok-4,0.0,8192,https://api2.aigcbest.top/v1,"判断结果：[正确]  
解释：[背景知识中companyalsoknownas的generalizations明确指向organizationalsoknownas，且其domain/range（company）与organizationalsoknownas的（organization）兼容，符合RDFS subPropertyOf语义规则中子属性的包含关系。]",1,1,
sample_0492,subPropertyOf,companyalsoknownas is a subproperty of organizationalsoknownas.,"背景知识：
条目1：
- 名称：companyalsoknownas
- 类型：Class
- 简介：{%%s is a company %s %%s, also known as}
- 补充信息：generalizations: organizationalsoknownas | domain: company | range: company

条目2：
- 名称：organizationalsoknownas
- 类型：Class
- 简介：{%%s is an organization %s %%s, also known as}
- 补充信息：generalizations: synonymfor | domain: organization | range: organization",1,grok-4,0.0,8192,https://api2.aigcbest.top/v1,"判断结果：[正确]  
解释：[背景知识显示companyalsoknownas的generalizations包括organizationalsoknownas，且其domain/range（company）是organization的子集，符合RDFS subPropertyOf语义规则中子属性的包含关系。]",1,1,
sample_0493,subPropertyOf,"If two resources are related by companyalsoknownas, then they are also related by organizationalsoknownas.","背景知识：
条目1：
- 名称：companyalsoknownas
- 类型：Class
- 简介：{%%s is a company %s %%s, also known as}
- 补充信息：generalizations: organizationalsoknownas | domain: company | range: company

条目2：
- 名称：organizationalsoknownas
- 类型：Class
- 简介：{%%s is an organization %s %%s, also known as}
- 补充信息：generalizations: synonymfor | domain: organization | range: organization",1,grok-4,0.0,8192,https://api2.aigcbest.top/v1,"判断结果：[正确]  
解释：[根据背景知识，companyalsoknownas是organizationalsoknownas的泛化子项，且其domain/range（company）是organization的子类，符合RDFS subPropertyOf语义规则，即companyalsoknownas关系隐含organizationalsoknownas关系。]",1,1,
sample_0494,subPropertyOf,"For any x and y, if x companyalsoknownas y holds, then x organizationalsoknownas y also holds.","背景知识：
条目1：
- 名称：companyalsoknownas
- 类型：Class
- 简介：{%%s is a company %s %%s, also known as}
- 补充信息：generalizations: organizationalsoknownas | domain: company | range: company

条目2：
- 名称：organizationalsoknownas
- 类型：Class
- 简介：{%%s is an organization %s %%s, also known as}
- 补充信息：generalizations: synonymfor | domain: organization | range: organization",1,grok-4,0.0,8192,https://api2.aigcbest.top/v1,"判断结果：[正确]  
解释：[背景知识显示companyalsoknownas的generalizations为organizationalsoknownas，符合RDFS subPropertyOf语义规则，即companyalsoknownas是organizationalsoknownas的子属性，因此若x companyalsoknownas y成立，则x organizationalsoknownas y也成立，且domain/range约束通过常识（company subClassOf organization）一致。]",1,1,
sample_0495,subPropertyOf,The property companyalsoknownas is more specific than the property organizationalsoknownas.,"背景知识：
条目1：
- 名称：companyalsoknownas
- 类型：Class
- 简介：{%%s is a company %s %%s, also known as}
- 补充信息：generalizations: organizationalsoknownas | domain: company | range: company

条目2：
- 名称：organizationalsoknownas
- 类型：Class
- 简介：{%%s is an organization %s %%s, also known as}
- 补充信息：generalizations: synonymfor | domain: organization | range: organization",1,grok-4,0.0,8192,https://api2.aigcbest.top/v1,"判断结果：[正确]
解释：根据背景知识，companyalsoknownas的generalizations包括organizationalsoknownas，且其domain/range均为company（organization的子类），符合RDFS subPropertyOf规则中更具体属性继承更一般属性的语义包含关系。",1,1,
