id,axiom_type,axiom_text,context_info,label,model_name,temperature,max_tokens,base_url,model_output,model_label,is_correct,error
sample_0002,subClassOf,Airline is a subclass of PublicTransitSystem.,"背景知识：
条目1：
- 名称：Airline
- 类型：Class
- 简介：airline

条目2：
- 名称：PublicTransitSystem
- 类型：Class
- 简介：A public transit system is a shared passenger transportation service which is available for use by the general public. Public transport modes include buses, trolleybuses, trams and trains, 'rapid transit' (metro/subways/undergrounds etc) an...",1,deepseek-ai/DeepSeek-R1-Distill-Qwen-32B,0.0,8192,https://api2.aigcbest.top/v1,"嗯，我现在需要判断这个RDFS公理是否正确。公理是“Airline是PublicTransitSystem的子类”。首先，我得理解这两个类的定义。

根据背景知识，Airline是一个类，简介里只写了“airline”，可能指的是航空公司。而PublicTransitSystem是公共运输系统，包括公交车、电车、有轨电车、火车等，还有快速交通如地铁、轻轨等。

接下来，我得分析subClassOf的关系。subClassOf表示一个类是另一个类的子类，也就是说，所有属于Airline的实例都必须属于PublicTransitSystem。那航空公司是否属于公共运输系统呢？

航空公司通常提供商业飞行服务，属于公共交通的一部分，但PublicTransitSystem更侧重于城市内的公共交通，比如公交、地铁等。航空公司可能更偏向于长途运输，可能不完全属于PublicTransitSystem的范畴。或者，可能在某些情况下，航空公司被视为公共交通的一部分，但通常来说，它们可能更独立。

再考虑常识，公共运输系统通常指城市内的公交、地铁等，而航空公司可能属于更广泛的交通系统，但不一定直接是PublicTransitSystem的子类。因此，这个公理可能不正确，因为Airline可能不属于PublicTransitSystem的子类。
</think>

判断结果：错误
解释：Airline通常指航空公司，而PublicTransitSystem指公共运输系统，两者在语义上并不构成子类关系。",0,0.0,
sample_0003,subClassOf,Every instance of Airline is also an instance of PublicTransitSystem.,"背景知识：
条目1：
- 名称：Airline
- 类型：Class
- 简介：airline

条目2：
- 名称：PublicTransitSystem
- 类型：Class
- 简介：A public transit system is a shared passenger transportation service which is available for use by the general public. Public transport modes include buses, trolleybuses, trams and trains, 'rapid transit' (metro/subways/undergrounds etc) an...",1,deepseek-ai/DeepSeek-R1-Distill-Qwen-32B,0.0,8192,https://api2.aigcbest.top/v1,"嗯，我现在需要判断这个RDFS公理是否正确。公理是说“每一个Airline的实例都是PublicTransitSystem的实例”。首先，我得理解这两个类的定义。

Airline，根据背景知识，它是一个类，简介里只写了“airline”，可能指的是航空公司。而PublicTransitSystem是一个公共运输系统，包括公交车、电车、 tram、火车等，还有地铁、地下铁等快速交通方式。

那航空公司是否属于公共运输系统呢？航空公司主要提供空中交通服务，比如飞机航班，而公共运输系统通常指的是地面交通，比如公交车、地铁等。虽然航空公司也是公共交通的一种，但它们可能属于不同的类别。在RDFS中，subClassOf表示的是类的包含关系，即Airline是否是PublicTransitSystem的一个子类。

根据常识，航空公司和公共运输系统可能属于不同的类别，因为它们的服务方式和运营模式不同。因此，将Airline作为PublicTransitSystem的子类可能不太准确。所以，这个公理可能不正确。
</think>

判断结果：错误
解释：Airline和PublicTransitSystem在背景知识中被定义为不同的类，Airline并不属于PublicTransitSystem的子类。",0,0.0,
sample_0004,subClassOf,"If an entity belongs to class Airline, then it also belongs to class PublicTransitSystem.","背景知识：
条目1：
- 名称：Airline
- 类型：Class
- 简介：airline

条目2：
- 名称：PublicTransitSystem
- 类型：Class
- 简介：A public transit system is a shared passenger transportation service which is available for use by the general public. Public transport modes include buses, trolleybuses, trams and trains, 'rapid transit' (metro/subways/undergrounds etc) an...",1,deepseek-ai/DeepSeek-R1-Distill-Qwen-32B,0.0,8192,https://api2.aigcbest.top/v1,"嗯，我现在需要判断这个RDFS公理是否正确。公理是说，如果一个实体属于Airline类，那么它也属于PublicTransitSystem类。首先，我得理解这两个类的定义。

根据背景知识，Airline是一个类，简介里只写了“airline”，可能指的是航空公司。而PublicTransitSystem也是一个类，简介里提到它是一个公共客运服务系统，包括公交车、电车、有轨电车、火车等，还有快速交通系统如地铁、轻轨等。

接下来，我需要分析这两个类之间的关系。Airline通常指的是航空公司，比如像Delta、 Emirates这样的公司，它们主要提供航空服务，比如飞机航班。而PublicTransitSystem则更广泛，包括各种公共交通工具，比如公交车、地铁、火车等，但通常不包括航空公司，因为航空公司属于航空运输，而公共交通系统更多是地面运输或其他类型的公共交通。

所以，从常识来看，航空公司并不属于公共运输系统的一部分。因此，如果一个实体属于Airline类，它并不一定属于PublicTransitSystem类。这可能意味着这个公理是错误的，因为它错误地将Airline包含在PublicTransitSystem中，而实际上它们属于不同的类别。

另外，根据RDFS的subClassOf规则，如果Airline是PublicTransitSystem的子类，那么所有属于Airline的实例都必须属于PublicTransitSystem。但根据背景知识，这并不成立，因为航空公司和公共交通系统是不同的类别，没有包含关系。

所以，综合分析，这个公理是错误的，因为它不符合背景知识和常识。
</think>

判断结果：错误
解释：Airline和PublicTransitSystem是两个不同的类，Airline不属于PublicTransitSystem的子类。",0,0.0,
sample_0005,subClassOf,The class Airline is included in the class PublicTransitSystem.,"背景知识：
条目1：
- 名称：Airline
- 类型：Class
- 简介：airline

条目2：
- 名称：PublicTransitSystem
- 类型：Class
- 简介：A public transit system is a shared passenger transportation service which is available for use by the general public. Public transport modes include buses, trolleybuses, trams and trains, 'rapid transit' (metro/subways/undergrounds etc) an...",1,deepseek-ai/DeepSeek-R1-Distill-Qwen-32B,0.0,8192,https://api2.aigcbest.top/v1,"嗯，我现在需要判断这个RDFS公理是否正确。公理是说“Airline”这个类被包含在“PublicTransitSystem”这个类中。首先，我得理解这两个类的定义。

根据背景知识，Airline是一个类，简介里只写了“airline”，可能指的是航空公司。而PublicTransitSystem是一个类，简介里详细说明了它是一个公共客运服务系统，包括公交车、有轨电车、 tram、火车、地铁等。看起来PublicTransitSystem主要涵盖的是公共交通工具，比如公交、地铁这些。

接下来，我需要分析这两个类之间的关系。Airline通常指的是航空公司，比如像Delta、United这样的公司，它们提供的是航空运输服务。而PublicTransitSystem则包括各种公共交通方式，但主要集中在陆地上的交通工具，比如公交车、地铁等，可能不包括航空公司。

根据RDFS的subClassOf规则，如果Airline是PublicTransitSystem的子类，那么所有航空公司都必须属于公共运输系统。但实际情况是，航空公司虽然提供运输服务，但它们通常属于私营企业，而PublicTransitSystem更多指的是政府运营或公共性质的运输系统。因此，将Airline包含在PublicTransitSystem中可能不符合常识，因为它们属于不同的类别。

所以，这个公理可能不正确，因为它将航空公司归类为公共运输系统，而实际上它们可能属于不同的类别。
</think>

判断结果：错误
解释：Airline通常指航空公司，而PublicTransitSystem指公共交通系统，两者属于不同类别，因此Airline不应被包含在PublicTransitSystem中。",0,0.0,
sample_0006,subClassOf,Album ⊑ MusicalWork,"背景知识：
条目1：
- 名称：Album
- 类型：Class
- 简介：album

条目2：
- 名称：MusicalWork
- 类型：Class
- 简介：musical work",1,deepseek-ai/DeepSeek-R1-Distill-Qwen-32B,0.0,8192,https://api2.aigcbest.top/v1,"嗯，我现在需要判断这个RDFS公理是否正确。公理是Album ⊑ MusicalWork，也就是Album是MusicalWork的子类。首先，我得理解这两个类的含义。

根据背景知识，Album是一个类，简介是“album”，通常指的是音乐专辑，里面包含多首歌曲。而MusicalWork也是一个类，简介是“musical work”，通常指的是音乐作品，比如歌曲、交响乐等。那么，Album是否是MusicalWork的子类呢？

从常识来看，专辑通常由多个音乐作品组成，比如多首歌曲。所以，Album本身可能是一个集合，而MusicalWork是单个的作品。因此，Album可能不是MusicalWork的子类，而是包含多个MusicalWork的实例。

另外，RDFS的subClassOf表示的是类之间的包含关系，即所有Album的实例都是MusicalWork的实例。但实际情况是，专辑和音乐作品是不同的概念，专辑更像是一种集合或容器，而音乐作品是单个的创作。因此，这种子类关系可能不成立。

综上所述，这个公理可能不正确，因为它不符合背景知识和常识中的概念关系。
</think>

判断结果：错误
解释：Album通常指的是一张专辑，而MusicalWork指的是音乐作品，Album通常包含多个MusicalWork，因此Album不应是MusicalWork的子类。",0,0.0,
sample_0008,subClassOf,Every instance of Album is also an instance of MusicalWork.,"背景知识：
条目1：
- 名称：Album
- 类型：Class
- 简介：album

条目2：
- 名称：MusicalWork
- 类型：Class
- 简介：musical work",1,deepseek-ai/DeepSeek-R1-Distill-Qwen-32B,0.0,8192,https://api2.aigcbest.top/v1,"嗯，我现在需要判断这个RDFS公理是否正确。公理是“Every instance of Album is also an instance of MusicalWork。”也就是说，每一个专辑实例都是一个音乐作品实例。首先，我得理解这两个类的定义。

根据背景知识，Album是一个类，简介是“album”，通常指的是音乐专辑，包含多首歌曲。而MusicalWork也是一个类，简介是“musical work”，通常指的是音乐作品，比如歌曲、交响乐等。那么，专辑和音乐作品之间是什么关系呢？

从常识来看，专辑通常是由多个音乐作品组成的，比如多首歌曲。所以，专辑本身可能是一个集合，而音乐作品是专辑中的元素。因此，专辑并不一定是音乐作品本身，而是包含音乐作品的集合。

接下来，根据RDFS的subClassOf规则，如果Album是MusicalWork的子类，那么每个Album实例都必须是MusicalWork的实例。但根据常识，专辑和音乐作品是不同的概念，专辑更像是一种容器，而音乐作品是内容。因此，这种子类关系可能不成立。

所以，这个公理可能不正确，因为它错误地将专辑视为音乐作品的子类，而实际上它们是不同的概念。
</think>

判断结果：错误
解释：Album通常被视为包含多个MusicalWork的集合，而不是MusicalWork的子类，因此该公理与常识不符。",0,0.0,
sample_0010,subClassOf,The class Album is included in the class MusicalWork.,"背景知识：
条目1：
- 名称：Album
- 类型：Class
- 简介：album

条目2：
- 名称：MusicalWork
- 类型：Class
- 简介：musical work",1,deepseek-ai/DeepSeek-R1-Distill-Qwen-32B,0.0,8192,https://api2.aigcbest.top/v1,"嗯，我现在需要判断这个RDFS公理是否正确。公理是说“Album”这个类被包含在“MusicalWork”这个类中。首先，我得理解这两个类的含义。

根据背景知识，Album是一个类，简介是“album”，通常指的是音乐专辑，里面包含多首歌曲。而MusicalWork也是一个类，简介是“musical work”，通常指的是音乐作品，比如歌曲、交响乐等。那么，Album是否是MusicalWork的子类呢？

从常识来看，专辑通常是由多个音乐作品组成的，比如多首歌曲。所以，专辑本身可能被视为一种集合，而不是单一的音乐作品。因此，Album可能不是MusicalWork的直接子类，而是可能与之有其他关系，比如包含关系，而不是子类关系。

另外，RDFS的subClassOf表示的是类的包含关系，即所有Album都是MusicalWork。但根据常识，专辑和音乐作品是不同的概念，专辑更像是一个容器，而音乐作品是内容。因此，这个公理可能不符合语义规则，因为Album并不属于MusicalWork的子类。

所以，综合背景知识和常识，这个公理应该是错误的。
</think>

判断结果：错误
解释：Album通常被视为包含多个MusicalWork的集合，而不是MusicalWork的子类，因此Album不应被包含在MusicalWork中。",0,0.0,
sample_0011,subClassOf,Ambassador ⊑ Politician,"背景知识：
条目1：
- 名称：Ambassador
- 类型：Class
- 简介：An ambassador is the highest ranking diplomat that represents a nation and is usually accredited to a foreign sovereign or government, or to an international organization.

条目2：
- 名称：Politician
- 类型：Class
- 简介：politician",1,deepseek-ai/DeepSeek-R1-Distill-Qwen-32B,0.0,8192,https://api2.aigcbest.top/v1,"嗯，我现在需要判断这个RDFS公理是否正确。公理是Ambassador ⊑ Politician，也就是Ambassador是Politician的子类。首先，我得理解这两个类的定义。

根据背景知识，Ambassador是一个类，指的是最高级别的外交官，代表一个国家，通常被派驻到外国政府或国际组织。而Politician也是一个类，指的是政治家。那么，Ambassador是否属于Politician的子类呢？

从常识来看，政治家通常是指参与政治活动、竞选公职或在政府中担任职位的人。而大使虽然也是政府官员，但他们的主要职责是外交，不一定直接参与国内的政治活动。不过，很多大使在成为大使之前可能有政治背景，或者在政治上有一定的影响力，但并不意味着所有大使都是政治家。

再考虑RDFS的subClassOf规则，它表示一个类的所有实例都属于另一个类。所以，如果Ambassador是Politician的子类，那么所有大使都必须是政治家。但实际情况可能并非如此，有些大使可能来自外交官队伍，而不是直接的政治家。

因此，这个公理可能并不完全正确，因为大使不一定都是政治家，他们可能有不同的背景和职责。所以，这个公理可能存在问题。
</think>

判断结果：错误
解释：Ambassador通常不是Politician的子类，因为大使主要负责外交事务，而政治家则主要参与政治活动，两者职责和背景不同。",0,0.0,
sample_0012,subClassOf,Ambassador is a subclass of Politician.,"背景知识：
条目1：
- 名称：Ambassador
- 类型：Class
- 简介：An ambassador is the highest ranking diplomat that represents a nation and is usually accredited to a foreign sovereign or government, or to an international organization.

条目2：
- 名称：Politician
- 类型：Class
- 简介：politician",1,deepseek-ai/DeepSeek-R1-Distill-Qwen-32B,0.0,8192,https://api2.aigcbest.top/v1,"嗯，我现在需要判断这个RDFS公理是否正确。公理是“Ambassador是Politician的子类”。首先，我得理解这两个类的定义。

Ambassador，根据背景知识，是最高级别的外交官，代表国家，通常被派驻到外国政府或国际组织。而Politician，就是从政的人，通常指参与政治活动的人，比如议员、总理等。

接下来，我得分析Ambassador是否属于Politician的子类。Ambassador确实是在政治领域工作，代表国家进行外交活动，这可能意味着他们属于Politician。但Politician通常指的是直接参与政治决策的人，比如政府官员或议员，而Ambassador虽然重要，但他们的角色更多是外交而非直接的政治决策。

根据RDFS的subClassOf规则，如果Ambassador的所有实例都是Politician的实例，那么这个公理才成立。但实际情况中，Ambassador可能不一定都是Politician，他们可能来自不同的背景，比如外交官可能不是政治家。因此，这个公理可能不完全正确。

所以，综合考虑，这个公理可能存在问题，因为Ambassador和Politician的职责和角色有所不同，不能简单地认为Ambassador是Politician的子类。
</think>

判断结果：错误
解释：Ambassador作为最高级别的外交官，通常代表国家进行外交活动，而Politician指的是参与政治活动的人。虽然Ambassador可能在政治领域工作，但他们的角色和职责与Politician不同，因此Ambassador并不一定是Politician的子类。",0,0.0,
sample_0017,subClassOf,Attack is a subclass of SocietalEvent.,"背景知识：
条目1：
- 名称：Attack
- 类型：Class
- 简介：An Attack is not necessarily part of a Military Conflict

条目2：
- 名称：SocietalEvent
- 类型：Class
- 简介：an event that is clearly different from strictly personal events",1,deepseek-ai/DeepSeek-R1-Distill-Qwen-32B,0.0,8192,https://api2.aigcbest.top/v1,"嗯，我现在需要判断这个RDFS公理是否正确。公理是“Attack is a subclass of SocietalEvent。”首先，我得理解这两个类的定义。

根据背景知识，Attack被定义为一个类，简介中提到它“不一定是军事冲突的一部分”。这可能意味着Attack可以是各种类型的攻击，比如网络攻击、恐怖袭击，或者是个人之间的攻击，不一定局限在军事领域。

然后看SocietalEvent，它的简介是“一个明显不同于纯粹个人事件的事件”。也就是说，SocietalEvent指的是那些影响社会层面的事件，通常涉及较大范围的社会影响，比如战争、自然灾害、大型抗议活动等。

现在，我需要分析Attack是否是SocietalEvent的子类。根据定义，Attack可能包括一些影响社会的事件，比如大规模的恐怖袭击，这可能属于SocietalEvent。但另一方面，Attack也可能包括较小规模的事件，比如个人之间的攻击，这可能不属于SocietalEvent，因为它们可能被视为个人事件。

根据RDFS的subClassOf规则，如果所有Attack都是SocietalEvent，那么这个公理才成立。但根据背景知识，Attack并不一定都是社会性的事件，因此不能断定Attack是SocietalEvent的子类。所以，这个公理可能不正确。
</think>

判断结果：错误
解释：根据背景知识，Attack不一定属于SocietalEvent，因为Attack可能涉及个人事件，而SocietalEvent强调社会层面的影响。",0,0.0,
sample_0031,subClassOf,GridironFootballPlayer ⊑ AmericanFootballPlayer,"背景知识：
条目1：
- 名称：GridironFootballPlayer
- 类型：Class
- 简介：Gradiron football, also called North American football, is a family of soccer team games played primarily in the United States and Canada.

条目2：
- 名称：AmericanFootballPlayer
- 类型：Class
- 简介：american football player",0,deepseek-ai/DeepSeek-R1-Distill-Qwen-32B,0.0,8192,https://api2.aigcbest.top/v1,"嗯，我现在需要判断这个RDFS公理是否正确。公理是GridironFootballPlayer ⊑ AmericanFootballPlayer，也就是GridironFootballPlayer是AmericanFootballPlayer的子类。首先，我得理解这两个类的定义。

根据背景知识，GridironFootballPlayer的简介提到，Gradiron football，也称为北美足球，主要在美国和加拿大进行。而AmericanFootballPlayer的简介比较简短，只是“American football player”。通常，American football指的是美式足球，而Gridiron football有时也被用来指代美式足球，尤其是在加拿大，因为加拿大足球和美式足球有很多相似之处，但也有不同之处，比如场地大小和规则有些差异。

接下来，我需要分析这两个类之间的关系。GridironFootballPlayer是否是AmericanFootballPlayer的子类呢？从常识来看，美式足球运动员（AmericanFootballPlayer）通常指的是在美国职业橄榄球大联盟（NFL）等联赛中踢球的球员，而Gridiron football可能包括美式足球和加拿大足球。因此，GridironFootballPlayer可能包括美式足球运动员，但可能还包括加拿大足球运动员。所以，GridironFootballPlayer是否是AmericanFootballPlayer的子类呢？或者说，AmericanFootballPlayer是否是GridironFootballPlayer的子类？

根据RDFS的subClassOf规则，如果GridironFootballPlayer是AmericanFootballPlayer的子类，那么所有GridironFootballPlayer都是AmericanFootballPlayer。但实际情况可能并非如此，因为Gridiron football可能包括美式和加式足球，而AmericanFootballPlayer可能特指美式足球运动员。因此，GridironFootballPlayer可能包含AmericanFootballPlayer，而不是被包含。所以，这个公理可能不正确，因为它可能将GridironFootballPlayer作为更具体的类，而实际上它可能更广泛。

或者，可能Gridiron football和American football在某些情况下被视为同一事物，特别是在美国，Gridiron football可能就是指American football。因此，GridironFootballPlayer可能确实是AmericanFootballPlayer的子类。这可能取决于具体的定义和背景知识。

综合来看，背景知识中提到Gridiron football也被称为北美足球，而AmericanFootballPlayer指的是美式足球运动员。因此，GridironFootballPlayer可能包括美式足球运动员，所以GridironFootballPlayer应该是AmericanFootballPlayer的子类。因此，这个公理是正确的。
</think>

判断结果：正确
解释：GridironFootballPlayer是AmericanFootballPlayer的子类，因为Gridiron football也被称为北美足球，而AmericanFootballPlayer指的是美式足球运动员，两者在语义上存在包含关系。",1,0.0,
sample_0033,subClassOf,Every instance of GridironFootballPlayer is also an instance of AmericanFootballPlayer.,"背景知识：
条目1：
- 名称：GridironFootballPlayer
- 类型：Class
- 简介：Gradiron football, also called North American football, is a family of soccer team games played primarily in the United States and Canada.

条目2：
- 名称：AmericanFootballPlayer
- 类型：Class
- 简介：american football player",0,deepseek-ai/DeepSeek-R1-Distill-Qwen-32B,0.0,8192,https://api2.aigcbest.top/v1,"嗯，我现在需要判断这个RDFS公理是否正确。公理是说，每一个GridironFootballPlayer的实例也是AmericanFootballPlayer的实例。首先，我得理解这两个类的定义。

根据背景知识，GridironFootballPlayer指的是美式足球运动员，也称为北美足球，主要在美国和加拿大流行。而AmericanFootballPlayer的简介比较简短，直接翻译过来就是“美式足球运动员”。看起来这两个类描述的是同一种职业运动员。

接下来，我需要分析它们之间的关系。RDFS中的subClassOf公理表示一个类是另一个类的子类，也就是说，所有属于子类的实例都属于父类。这里，GridironFootballPlayer是否是AmericanFootballPlayer的子类呢？

从常识来看，美式足球和Gridiron football其实是同一种运动的不同叫法，尤其是在美国和加拿大。因此，GridironFootballPlayer和AmericanFootballPlayer实际上指的是同一类人。所以，GridironFootballPlayer应该是AmericanFootballPlayer的子类，或者说它们是同一个类的不同名称。

因此，这个公理是正确的，因为它准确地反映了这两个类之间的包含关系。
</think>

判断结果：正确
解释：GridironFootballPlayer和AmericanFootballPlayer在背景知识中被描述为同一类事物，因此GridironFootballPlayer是AmericanFootballPlayer的子类。",1,0.0,
sample_0034,subClassOf,"If an entity belongs to class GridironFootballPlayer, then it also belongs to class AmericanFootballPlayer.","背景知识：
条目1：
- 名称：GridironFootballPlayer
- 类型：Class
- 简介：Gradiron football, also called North American football, is a family of soccer team games played primarily in the United States and Canada.

条目2：
- 名称：AmericanFootballPlayer
- 类型：Class
- 简介：american football player",0,deepseek-ai/DeepSeek-R1-Distill-Qwen-32B,0.0,8192,https://api2.aigcbest.top/v1,"嗯，我现在需要判断这个RDFS公理是否正确。公理是说，如果一个实体属于GridironFootballPlayer这个类，那么它也属于AmericanFootballPlayer这个类。首先，我得理解这两个类的定义。

根据背景知识，GridironFootballPlayer的简介提到，Gradiron football，也就是美式足球，主要在美国和加拿大进行。而AmericanFootballPlayer的简介比较简短，只是说“美式足球运动员”。看起来这两个类可能有关系，但具体是什么关系呢？

接下来，我需要分析这两个类之间的关系。GridironFootballPlayer可能指的是美式足球运动员，而AmericanFootballPlayer可能也是指同样的群体。或者，GridironFootballPlayer可能是一个更具体的类别，而AmericanFootballPlayer是一个更广泛的类别，或者反之。

根据常识，美式足球（American football）通常被称为Gridiron football，尤其是在加拿大和美国。所以，GridironFootballPlayer可能就是AmericanFootballPlayer的同义词，或者GridironFootballPlayer是AmericanFootballPlayer的一个子类。如果是子类的话，那么GridironFootballPlayer属于AmericanFootballPlayer是正确的。

但是，也有可能GridironFootballPlayer指的是一个更具体的类别，比如职业联赛中的球员，而AmericanFootballPlayer可能包括所有级别的球员，包括大学和高中。这种情况下，GridironFootballPlayer可能属于AmericanFootballPlayer的子类，因此公理是正确的。

另外，从RDFS的subClassOf规则来看，如果GridironFootballPlayer是AmericanFootballPlayer的子类，那么任何属于GridironFootballPlayer的实体都属于AmericanFootballPlayer。因此，公理是正确的。

综上所述，公理是正确的，因为GridironFootballPlayer和AmericanFootballPlayer在语义上是同一类，或者GridironFootballPlayer是AmericanFootballPlayer的子类。
</think>

判断结果：正确
解释：GridironFootballPlayer和AmericanFootballPlayer在语义上是同一类，因此公理成立。",1,0.0,
sample_0035,subClassOf,The class GridironFootballPlayer is included in the class AmericanFootballPlayer.,"背景知识：
条目1：
- 名称：GridironFootballPlayer
- 类型：Class
- 简介：Gradiron football, also called North American football, is a family of soccer team games played primarily in the United States and Canada.

条目2：
- 名称：AmericanFootballPlayer
- 类型：Class
- 简介：american football player",0,deepseek-ai/DeepSeek-R1-Distill-Qwen-32B,0.0,8192,https://api2.aigcbest.top/v1,"嗯，我现在需要判断这个RDFS公理是否正确。公理是说GridironFootballPlayer这个类被包含在AmericanFootballPlayer这个类中。首先，我得理解这两个类的定义。

根据背景知识，GridironFootballPlayer指的是美式足球运动员，也称为北美足球，主要在美国和加拿大流行。而AmericanFootballPlayer的简介更直接，就是美式足球运动员。看起来这两个类描述的是同一种职业运动员。

接下来，我得考虑subClassOf的关系是否正确。subClassOf表示一个类是另一个类的子类，也就是说，所有GridironFootballPlayer都是AmericanFootballPlayer。从定义上看，Gridiron football其实就是美式足球，所以GridironFootballPlayer应该是AmericanFootballPlayer的子类。

再结合常识，美式足球在美国和加拿大确实很流行，而Gridiron football是美式足球的别称，所以这两个类应该是同一回事。因此，GridironFootballPlayer作为AmericanFootballPlayer的子类是合理的。

综上所述，这个公理是正确的，因为它准确地反映了GridironFootballPlayer和AmericanFootballPlayer之间的包含关系。
</think>

判断结果：正确
解释：GridironFootballPlayer和AmericanFootballPlayer都描述了美式足球运动员，因此GridironFootballPlayer是AmericanFootballPlayer的子类。",1,0.0,
sample_0042,subClassOf,PopulatedPlace is a subclass of Agglomeration.,"背景知识：
条目1：
- 名称：PopulatedPlace
- 类型：Class
- 简介：As defined by the United States Geological Survey, a populated place is a place or area with clustered or scattered buildings and a permanent human population (city, settlement, town, or village) referenced with geographic coordinates (http...

条目2：
- 名称：Agglomeration
- 类型：Class
- 简介：agglomeration",0,deepseek-ai/DeepSeek-R1-Distill-Qwen-32B,0.0,8192,https://api2.aigcbest.top/v1,"嗯，我现在需要判断这个RDFS公理是否正确。公理是PopulatedPlace是Agglomeration的子类。首先，我得理解这两个类的定义。

根据背景知识，PopulatedPlace是由美国地质调查局定义的，指的是有人居住的地方，比如城市、定居点、城镇或村庄，通常有地理坐标。而Agglomeration的简介比较简短，只提到“agglomeration”，这可能指的是人口聚集的地方，比如城市群或者大都市区。

接下来，我需要分析它们之间的关系。PopulatedPlace强调的是有人居住的区域，而Agglomeration可能更广泛，包括多个城市或区域的聚集。所以，PopulatedPlace可能属于Agglomeration的一个子类，因为它们都是人口聚集的地方，但PopulatedPlace更具体，而Agglomeration更广泛。

再考虑RDFS的subClassOf规则，如果PopulatedPlace的所有实例都是Agglomeration的实例，那么这个公理是正确的。根据常识，PopulatedPlace确实属于更广泛的Agglomeration类别，所以这个公理是合理的。
</think>

判断结果：正确
解释：PopulatedPlace作为有人居住的地方，属于更广泛的Agglomeration类别，符合subClassOf的语义规则。",1,0.0,
sample_0046,subClassOf,TopicalConcept ⊑ Type,"背景知识：
条目1：
- 名称：TopicalConcept
- 类型：Class
- 简介：topical concept

条目2：
- 名称：Type
- 类型：Class
- 简介：a category within a classification system",0,deepseek-ai/DeepSeek-R1-Distill-Qwen-32B,0.0,8192,https://api2.aigcbest.top/v1,"嗯，我现在需要判断这个RDFS公理是否正确。公理是TopicalConcept ⊑ Type，也就是TopicalConcept是Type的子类。首先，我得理解这两个类的定义。

根据背景知识，TopicalConcept是一个类，简介是“topical concept”，这可能指的是某个主题或主题概念。Type也是一个类，简介是“a category within a classification system”，也就是分类系统中的一个类别。

接下来，我得分析subClassOf的关系。subClassOf表示一个类是另一个类的子类，也就是说，所有属于TopicalConcept的实例也属于Type。那么，TopicalConcept是否是Type的子类呢？

TopicalConcept可能指的是具体的主题或概念，而Type更广泛，指的是分类系统中的类别。通常，主题概念可以被视为分类系统中的一种类别，所以TopicalConcept应该是Type的子类。这符合常识，因为主题概念属于更广泛的类别分类。

再结合RDFS的语义规则，subClassOf要求所有TopicalConcept的实例都必须是Type的实例。根据背景知识，这应该是成立的，因为TopicalConcept作为主题概念，属于Type的范畴。

所以，这个公理是正确的，因为它符合背景知识和语义规则。
</think>

判断结果：正确
解释：TopicalConcept作为主题概念，属于Type（分类系统中的类别），符合subClassOf的语义规则。",1,0.0,
sample_0047,subClassOf,TopicalConcept is a subclass of Type.,"背景知识：
条目1：
- 名称：TopicalConcept
- 类型：Class
- 简介：topical concept

条目2：
- 名称：Type
- 类型：Class
- 简介：a category within a classification system",0,deepseek-ai/DeepSeek-R1-Distill-Qwen-32B,0.0,8192,https://api2.aigcbest.top/v1,"嗯，我现在需要判断这个RDFS公理是否正确。公理是“TopicalConcept是Type的子类”。首先，我得理解这两个类的定义。

TopicalConcept被描述为“topical concept”，这可能指的是一个主题概念，通常用于分类或主题分类系统中。Type则被定义为“分类系统中的一个类别”，这听起来像是一个更广泛的概念，用于表示分类系统中的类别。

接下来，根据RDFS的subClassOf规则，如果TopicalConcept是Type的子类，那么所有TopicalConcept的实例也必须是Type的实例。也就是说，每个主题概念都属于某个分类系统中的类别。

从背景知识来看，Type是一个更广泛的类别，而TopicalConcept可能是一个更具体的类别。比如，Type可能包括各种分类，而TopicalConcept可能特指其中的主题分类。因此，TopicalConcept作为Type的子类是合理的，因为它属于Type的一个具体实例。

所以，这个公理是正确的，因为它符合RDFS的子类规则，并且背景知识支持这种包含关系。
</think>

判断结果：正确
解释：TopicalConcept作为Type的子类是合理的，因为TopicalConcept属于Type的一个具体实例，符合RDFS的子类规则。",1,0.0,
sample_0048,subClassOf,Every instance of TopicalConcept is also an instance of Type.,"背景知识：
条目1：
- 名称：TopicalConcept
- 类型：Class
- 简介：topical concept

条目2：
- 名称：Type
- 类型：Class
- 简介：a category within a classification system",0,deepseek-ai/DeepSeek-R1-Distill-Qwen-32B,0.0,8192,https://api2.aigcbest.top/v1,"嗯，我现在需要判断这个RDFS公理是否正确。公理是“Every instance of TopicalConcept is also an instance of Type。”也就是说，每个TopicalConcept的实例都是Type的实例。首先，我得理解这两个类的定义。

根据背景知识，TopicalConcept是一个类，简介是“topical concept”，可能指的是某个主题或主题概念。Type也是一个类，简介是“a category within a classification system”，也就是分类系统中的一个类别。那么，Type看起来像是一个更广泛的概念，而TopicalConcept可能是一个更具体的类别。

接下来，我需要分析subClassOf的关系。如果TopicalConcept是Type的子类，那么每个TopicalConcept的实例自然也是Type的实例。这符合RDFS的subClassOf规则，即如果A是B的子类，那么A的所有实例都是B的实例。

但是，我需要确认TopicalConcept是否确实是Type的子类。背景知识中并没有明确说明这一点，只是分别介绍了两个类。因此，我需要根据常识来判断。Type通常指的是分类系统中的类别，而TopicalConcept可能属于Type的一种，因为主题概念可以被视为分类系统中的一个类别。因此，这种子类关系是合理的。

综上所述，这个公理是正确的，因为它符合RDFS的subClassOf规则，并且在常识上，TopicalConcept作为Type的子类是合理的。
</think>

判断结果：正确
解释：根据背景知识，TopicalConcept作为Type的子类，符合RDFS的subClassOf规则，因此该公理是正确的。",1,0.0,
sample_0049,subClassOf,"If an entity belongs to class TopicalConcept, then it also belongs to class Type.","背景知识：
条目1：
- 名称：TopicalConcept
- 类型：Class
- 简介：topical concept

条目2：
- 名称：Type
- 类型：Class
- 简介：a category within a classification system",0,deepseek-ai/DeepSeek-R1-Distill-Qwen-32B,0.0,8192,https://api2.aigcbest.top/v1,"嗯，我现在需要判断这个RDFS公理是否正确。公理是说，如果一个实体属于TopicalConcept类，那么它也属于Type类。首先，我得理解这两个类的定义。

根据背景知识，TopicalConcept是一个类，简介是“topical concept”，可能指的是某个主题或主题概念。Type也是一个类，简介是“a category within a classification system”，也就是分类系统中的一个类别。

接下来，我需要分析这两个类之间的关系。公理中使用的是subClassOf，也就是TopicalConcept是Type的子类。这意味着所有TopicalConcept的实例都是Type的实例。

那么，TopicalConcept是否是Type的子类呢？Type通常指的是分类系统中的类别，而TopicalConcept可能更具体，比如某个特定的主题。比如，Type可能包括“动物”、“植物”等大类，而TopicalConcept可能指的是“哺乳动物”这样的子类。因此，TopicalConcept作为Type的子类是合理的，因为每个主题概念都属于某个更大的类别。

再结合RDFS的语义规则，subClassOf表示类之间的包含关系，即所有属于子类的实例都属于父类。这里TopicalConcept属于Type，符合语义规则。

所以，这个公理是正确的，因为它符合背景知识和RDFS的规则。
</think>

判断结果：正确
解释：TopicalConcept作为Type的子类，符合Type作为分类系统中类别的定义，因此公理正确。",1,0.0,
sample_0050,subClassOf,The class TopicalConcept is included in the class Type.,"背景知识：
条目1：
- 名称：TopicalConcept
- 类型：Class
- 简介：topical concept

条目2：
- 名称：Type
- 类型：Class
- 简介：a category within a classification system",0,deepseek-ai/DeepSeek-R1-Distill-Qwen-32B,0.0,8192,https://api2.aigcbest.top/v1,"嗯，我现在需要判断这个RDFS公理是否正确。公理是说TopicalConcept这个类被包含在Type这个类中，也就是TopicalConcept是Type的子类。首先，我得理解这两个类的定义。

根据背景知识，TopicalConcept是一个类，简介是“topical concept”，这可能指的是某个主题或主题概念。而Type也是一个类，简介是“a category within a classification system”，也就是分类系统中的一个类别。Type通常用来表示分类或类型，比如在很多系统中，Type可能用来分类事物，比如动物、植物等。

接下来，我需要分析subClassOf的关系是否合理。subClassOf表示的是类之间的包含关系，也就是说，TopicalConcept的所有实例都必须是Type的实例。那么，TopicalConcept是否是Type的一个子类呢？

TopicalConcept作为主题概念，可能更具体，而Type作为分类系统中的类别，可能更广泛。比如，Type可能包括各种类别，而TopicalConcept可能属于其中的一种。因此，TopicalConcept作为Type的子类是合理的，因为它属于Type的一种具体类别。

再结合RDFS的语义规则，subClassOf要求所有属于子类的实例都属于父类。这里TopicalConcept的实例都是Type的实例，符合语义规则。因此，这个公理是正确的。
</think>

判断结果：正确
解释：TopicalConcept作为主题概念，属于Type（分类系统中的类别）的一种，符合subClassOf的语义规则。",1,0.0,
sample_0059,subPropertyOf,"For any x and y, if x administrativeHeadCity y holds, then x capital y also holds.","背景知识：
条目1：
- 名称：administrativeHeadCity
- 类型：Property
- 简介：city where stand the administrative power

条目2：
- 名称：capital
- 类型：Property
- 简介：capital",0,deepseek-ai/DeepSeek-R1-Distill-Qwen-32B,0.0,8192,https://api2.aigcbest.top/v1,"嗯，我现在需要分析这个RDFS公理是否正确。公理是说，对于任何x和y，如果x administrativeHeadCity y成立，那么x capital y也成立。首先，我得理解这两个属性的含义。

根据背景知识，administrativeHeadCity是一个属性，表示“行政权力所在的那个城市”。而capital也是一个属性，通常指的是国家的首都。那么，行政首脑所在的城市是否一定是首都呢？这可能取决于具体的上下文。

在常识中，一个国家的首都通常是行政权力的中心，所以行政首脑所在的城市很可能就是首都。比如，北京是中国的首都，也是行政权力的中心。因此，如果x administrativeHeadCity y成立，那么x capital y也成立，这在大多数情况下是正确的。

不过，我需要考虑是否有例外情况。比如，有些国家可能有多个行政中心，或者行政首脑所在的城市可能不是首都。但根据常识，这种情况比较少见，大多数情况下，行政首脑所在的城市就是首都。因此，这个公理在大多数情况下是合理的。

综上所述，这个公理是正确的，因为它符合常识和背景知识中的语义关系。
</think>

判断结果：正确
解释：根据常识，行政首脑所在的城市通常是首都，因此如果x administrativeHeadCity y成立，那么x capital y也成立。",1,0.0,
sample_0063,subPropertyOf,"If two resources are related by championInMixedDouble, then they are also related by championInDouble.","背景知识：
条目1：
- 名称：championInMixedDouble
- 类型：Property
- 简介：winner of a competition in the mixed double session (as in tennis)

条目2：
- 名称：championInDouble
- 类型：Property
- 简介：winner of a competition in the double session (as in tennis)",1,deepseek-ai/DeepSeek-R1-Distill-Qwen-32B,0.0,8192,https://api2.aigcbest.top/v1,"嗯，我现在需要分析这个RDFS公理是否正确。公理是说，如果两个资源通过championInMixedDouble相关联，那么它们也通过championInDouble相关联。首先，我得理解这两个属性的含义。

根据背景知识，championInMixedDouble指的是在混合双打比赛中获胜的冠军，而championInDouble则是指在双打比赛中获胜的冠军。混合双打和普通双打是不同的，混合双打通常指的是男女搭档，而普通双打可能指的是同性别搭档，比如男双或女双。

接下来，我需要考虑这两个属性之间的关系。如果一个资源（比如一个运动员）是championInMixedDouble的冠军，那么他是否也必须是championInDouble的冠军呢？这可能不一定成立，因为混合双打和普通双打是不同的比赛项目，冠军可能在不同的项目中获得冠军，不一定同时获得两种冠军。

再者，从RDFS的语义规则来看，如果championInMixedDouble是championInDouble的子属性（subPropertyOf），那么任何使用championInMixedDouble的情况都必须同时满足championInDouble的条件。但根据常识，混合双打冠军并不必然意味着他们也是普通双打的冠军，因为这两个项目有不同的搭档和比赛规则。

因此，这个公理可能不正确，因为它假设了混合双打冠军必然也是普通双打冠军，这在现实中并不成立。所以，这个公理与背景知识和常识相冲突，应该判定为错误。
</think>

判断结果：错误
解释：championInMixedDouble和championInDouble是不同的属性，分别对应混合双打和普通双打冠军，两者之间没有必然的包含关系。",0,0.0,
sample_0076,subPropertyOf,code ⊑p codeStockExchange,"背景知识：
条目1：
- 名称：code
- 类型：Property
- 简介：Superproperty for any designation (string, integer as string) that is meant to identify an entity within the context of a system

条目2：
- 名称：codeStockExchange
- 类型：Property
- 简介：code Stock Exchange",0,deepseek-ai/DeepSeek-R1-Distill-Qwen-32B,0.0,8192,https://api2.aigcbest.top/v1,"好的，我现在需要分析给定的RDFS公理是否正确。公理是code ⊑p codeStockExchange，也就是code是codeStockExchange的上位属性。首先，我得理解这两个属性的定义。

根据背景知识，code是一个属性，作为任何标识符的超属性，用于在系统上下文中唯一标识实体。而codeStockExchange则是另一个属性，简介是“code Stock Exchange”，可能指的是股票交易所的代码。

接下来，我需要分析subPropertyOf的关系是否合理。subPropertyOf表示一个属性是另一个属性的子属性，意味着codeStockExchange的所有实例都属于code。也就是说，股票交易所的代码应该属于更广泛的code属性。

从语义上看，股票交易所的代码确实是一种标识符，符合code的定义。因此，codeStockExchange作为code的子属性是合理的。没有明显的冲突，所以这个公理是正确的。
</think>

判断结果：正确
解释：codeStockExchange作为code的子属性，符合code作为标识符的超属性定义，因此该公理合理。",1,0.0,
sample_0091,subPropertyOf,code ⊑p dutchNAIdentifier,"背景知识：
条目1：
- 名称：code
- 类型：Property
- 简介：Superproperty for any designation (string, integer as string) that is meant to identify an entity within the context of a system

条目2：
- 名称：dutchNAIdentifier
- 类型：Property
- 简介：Identifier for Duch National Archive",0,deepseek-ai/DeepSeek-R1-Distill-Qwen-32B,0.0,8192,https://api2.aigcbest.top/v1,"嗯，我现在需要判断这个RDFS公理是否正确。公理是code ⊑p dutchNAIdentifier，也就是code是dutchNAIdentifier的上位属性。首先，我得理解这两个属性的定义。

根据背景知识，code是一个属性，作为任何标识符的超属性，用于在系统上下文中标识实体。而dutchNAIdentifier是荷兰国家档案馆的标识符，属于code的子属性吗？或者说，dutchNAIdentifier是否是code的一个具体实例？

RDFS中的subPropertyOf关系表示一个属性是另一个属性的子属性，也就是说，dutchNAIdentifier的所有实例都属于code。那么，dutchNAIdentifier是否是code的一个特例呢？比如，荷兰国家档案馆的标识符是否属于更广泛的标识符类别？

从常识来看，国家档案馆的标识符通常是一个特定的标识符，可能属于更广泛的标识符类别。因此，dutchNAIdentifier应该是code的子属性，所以公理是正确的。
</think>

判断结果：正确
解释：dutchNAIdentifier作为荷兰国家档案馆的标识符，是code这一更广泛标识符概念的子属性，符合subPropertyOf的语义规则。",1,0.0,
sample_0096,subPropertyOf,code ⊑p dutchPPNCode,"背景知识：
条目1：
- 名称：code
- 类型：Property
- 简介：Superproperty for any designation (string, integer as string) that is meant to identify an entity within the context of a system

条目2：
- 名称：dutchPPNCode
- 类型：Property
- 简介：Dutch PPN code is a library cataloguing code for collection items (books, journals and the like).",0,deepseek-ai/DeepSeek-R1-Distill-Qwen-32B,0.0,8192,https://api2.aigcbest.top/v1,"好，我现在需要分析这个RDFS公理是否正确。公理是code ⊑p dutchPPNCode，也就是code是dutchPPNCode的超属性。首先，我得理解这两个属性的定义。

根据背景知识，code是一个超属性，用于标识系统中的实体，可以是字符串或整数字符串。而dutchPPNCode是荷兰的PPN代码，用于图书馆目录中的藏品，比如书籍和期刊。

接下来，我需要考虑subPropertyOf的关系是否正确。subPropertyOf表示一个属性是另一个属性的子属性，意味着所有dutchPPNCode的实例也属于code。这在语义上是合理的，因为PPN代码确实是一种标识符，属于更广泛的code类别。

所以，这个公理是正确的，因为它符合属性的层次结构，dutchPPNCode作为code的子属性是合理的。
</think>

判断结果：正确
解释：code作为超属性，dutchPPNCode是其子属性，符合属性层次结构。",1,0.0,
sample_0101,subPropertyOf,code ⊑p dutchWinkelID,"背景知识：
条目1：
- 名称：code
- 类型：Property
- 简介：Superproperty for any designation (string, integer as string) that is meant to identify an entity within the context of a system

条目2：
- 名称：dutchWinkelID
- 类型：Property
- 简介：Dutch Winkel ID is a code for an underground publication, as attributed by Lydia Winkel's work on the underground WW II press in the Netherlands.",0,deepseek-ai/DeepSeek-R1-Distill-Qwen-32B,0.0,8192,https://api2.aigcbest.top/v1,"嗯，我现在需要判断这个RDFS公理是否正确。公理是code ⊑p dutchWinkelID，也就是dutchWinkelID是code的子属性。首先，我得理解这两个属性的定义。

根据背景知识，code是一个超属性，用于标识系统中的实体，可以是字符串或整数字符串。而dutchWinkelID是专门用于荷兰地下出版物的代码，由Lydia Winkel的工作定义。看起来dutchWinkelID是code的一个具体应用，因为它也是一种标识符，属于code的范畴。

RDFS的subPropertyOf规则指出，如果一个属性是另一个的子属性，那么前者的所有实例都属于后者。这里，dutchWinkelID作为code的子属性，意味着所有使用dutchWinkelID的情况都属于code的使用情况。这符合常识，因为dutchWinkelID确实是一种特定的code。

所以，这个公理是正确的，因为它符合属性的层次结构和语义规则。
</think>

判断结果：正确
解释：dutchWinkelID作为code的子属性，符合code作为超属性的定义，因此该公理是合理的。",1,0.0,
sample_0115,subPropertyOf,The property codeSettlement is more specific than the property inseeCode.,"背景知识：
条目1：
- 名称：codeSettlement
- 类型：Property
- 简介：settlement code

条目2：
- 名称：inseeCode
- 类型：Property
- 简介：numerical indexing code used by the French National Institute for Statistics and Economic Studies (INSEE) to identify various entities",0,deepseek-ai/DeepSeek-R1-Distill-Qwen-32B,0.0,8192,https://api2.aigcbest.top/v1,"嗯，我现在需要判断这个RDFS公理是否正确。公理是说“codeSettlement属性比inseeCode属性更具体”。首先，我得理解这两个属性的定义。

根据背景知识，codeSettlement是一个属性，简介是“settlement code”，也就是定居点代码。而inseeCode也是一个属性，简介是法国国家统计局用来标识各种实体的数值索引代码。看起来这两个属性都是用来表示某种代码，但具体用途可能不同。

接下来，我需要分析subPropertyOf的关系。subPropertyOf表示一个属性是另一个属性的子属性，也就是说，codeSettlement如果是inseeCode的子属性，那么所有使用codeSettlement的地方都必须满足inseeCode的条件。换句话说，codeSettlement的范围应该更窄，更具体。

但是，从背景知识来看，codeSettlement是用于定居点的代码，而inseeCode是法国统计局用于标识各种实体的代码。定居点只是inseeCode可能标识的一种实体，但inseeCode可能还用于其他实体，比如企业、组织等。因此，codeSettlement可能只是inseeCode的一个子集，或者说更具体的情况。

不过，这里有个问题，subPropertyOf通常表示属性的范围更窄，而不是更宽。如果codeSettlement是inseeCode的子属性，那么inseeCode的范围应该包括codeSettlement的范围。但实际情况是，inseeCode的范围更广，而codeSettlement的范围更窄，所以codeSettlement应该是inseeCode的子属性，也就是更具体。

但是，我是不是搞反了？subPropertyOf是说A是B的子属性，那么A的范围必须是B的范围的子集。所以，如果codeSettlement是inseeCode的子属性，那么所有使用codeSettlement的地方都必须满足inseeCode的条件。这可能成立，因为定居点代码是inseeCode的一种。

不过，我需要再仔细想想。inseeCode是一个更广泛的代码系统，用于标识各种实体，而codeSettlement可能只是其中的一部分，用于定居点。因此，codeSettlement确实是inseeCode的一个子属性，所以公理是正确的。

或者，可能反过来，inseeCode是更具体的，而codeSettlement是更一般的？这可能吗？比如，如果inseeCode是用于定居点的，而codeSettlement是更广泛的，那么公理就是错误的。但根据简介，inseeCode是用于各种实体，而codeSettlement是定居点代码，所以codeSettlement更具体。

综上所述，公理是正确的，因为codeSettlement作为定居点代码，是inseeCode的一个子属性，更具体。
</think>

判断结果：正确
解释：codeSettlement作为定居点代码，是inseeCode的一个子属性，因此更具体。",1,0.0,
sample_0121,subPropertyOf,followedBy ⊑p nextMission,"背景知识：
条目1：
- 名称：followedBy
- 类型：Property
- 简介：followed by

条目2：
- 名称：nextMission
- 类型：Property
- 简介：next mission",0,deepseek-ai/DeepSeek-R1-Distill-Qwen-32B,0.0,8192,https://api2.aigcbest.top/v1,"嗯，我现在需要判断这个RDFS公理是否正确。公理是followedBy ⊑p nextMission，也就是followedBy是nextMission的子属性。首先，我得理解这两个属性的含义。

根据背景知识，followedBy是一个属性，简介是“followed by”，通常用来表示一个事物之后接着另一个事物。而nextMission是“next mission”，通常指接下来的任务。这两个属性看起来都是用来表示某种后续关系的，但具体语义可能有所不同。

接下来，我需要分析它们的语义关系。followedBy可能更广泛，可以用于任何类型的后续情况，比如事件、任务、步骤等等。而nextMission则更具体，专门用于任务之间的后续关系。因此，从语义上看，nextMission可以被视为followedBy的一个特例，因为任务的后续任务自然属于followedBy的范畴。

根据RDFS的subPropertyOf规则，如果一个属性是另一个属性的子属性，那么前者的所有实例都必须满足后者的约束。在这里，nextMission的所有实例都是followedBy的实例，所以followedBy ⊑p nextMission是正确的，因为nextMission的使用场景是followedBy的一个子集。

再结合常识，任务的后续任务确实属于更广泛的后续关系，所以这种包含关系是合理的。因此，这个公理是正确的。
</think>

判断结果：正确
解释：followedBy是nextMission的超属性，因为nextMission表示接下来的任务，属于followedBy的范畴。",1,0.0,
sample_0124,subPropertyOf,"For any x and y, if x followedBy y holds, then x nextMission y also holds.","背景知识：
条目1：
- 名称：followedBy
- 类型：Property
- 简介：followed by

条目2：
- 名称：nextMission
- 类型：Property
- 简介：next mission",0,deepseek-ai/DeepSeek-R1-Distill-Qwen-32B,0.0,8192,https://api2.aigcbest.top/v1,"嗯，我现在需要分析这个RDFS公理是否正确。公理是说，对于任何x和y，如果x followedBy y成立，那么x nextMission y也成立。首先，我得理解这两个属性的含义。

根据背景知识，followedBy是一个属性，意思是“被...跟随”，而nextMission是“下一个任务”。这两个属性看起来都是指向性的，可能用于描述任务之间的顺序关系。

接下来，我需要分析公理的结构。公理的形式是：如果x followedBy y，那么x nextMission y。这看起来像是在说，如果一个任务x被另一个任务y跟随，那么x的下一个任务就是y。这可能意味着followedBy和nextMission之间有某种包含关系，或者它们在语义上有重叠。

根据RDFS的规则，subPropertyOf表示属性之间的包含关系。如果followedBy是nextMission的子属性，那么任何followedBy的关系都会自动成为nextMission的关系。这正是公理所表达的内容。因此，这个公理可能是在声明followedBy是nextMission的子属性。

但是，我需要确认这两个属性的语义是否确实支持这种关系。followedBy通常表示的是顺序上的跟随，而nextMission则明确指下一个任务。在常识中，如果一个任务被另一个任务跟随，那么后者很可能是前者的下一个任务。因此，这种包含关系是合理的。

不过，也有可能存在例外情况。例如，followedBy可能用于更广泛的上下文，而不仅仅是任务之间的顺序。但根据背景知识，这两个属性都与任务相关，所以这种情况下，公理是成立的。

综上所述，这个公理是正确的，因为它符合RDFS的subPropertyOf规则，并且在语义上也合理。
</think>

判断结果：正确
解释：followedBy和nextMission在语义上具有包含关系，followedBy是nextMission的子属性，因此该公理符合RDFS语义规则。",1,0.0,
sample_0150,domain,Property agency can only be applied to subjects of class BaseballPlayer.,"背景知识：
条目1：
- 名称：agency
- 类型：Property
- 简介：agency

条目2：
- 名称：BaseballPlayer
- 类型：Class
- 简介：baseball player",0,deepseek-ai/DeepSeek-R1-Distill-Qwen-32B,0.0,8192,https://api2.aigcbest.top/v1,"嗯，我现在需要判断这个RDFS公理是否正确。公理是说“Property agency can only be applied to subjects of class BaseballPlayer。”也就是说，属性agency只能应用在BaseballPlayer类的主体上。

首先，我得识别公理中涉及的概念。这里有两个，一个是属性agency，另一个是类BaseballPlayer。根据背景知识，agency是一个属性，而BaseballPlayer是一个类，代表棒球运动员。

接下来，分析语义关系。公理中的约束是说，属性agency的主体只能是BaseballPlayer类的实例。这在RDFS中通常用domain来表示，即domain(agency) = BaseballPlayer。这意味着任何使用agency属性的主体都必须属于BaseballPlayer类。

然后，我需要结合RDFS的语义规则来推理。RDFS中的domain规则规定，如果一个属性的domain是某个类，那么所有使用该属性的主体都必须是该类的实例。这里，公理明确指定了这一点，所以符合RDFS的规则。

再考虑常识，棒球运动员通常会有代理（agency），比如经纪人或经理，这在现实中是合理的。因此，从常识角度来看，这个约束也是合理的。

最后，判断公理是否合理。公理与背景知识和语义规则都没有冲突，因此是正确的。
</think>

判断结果：正确
解释：根据背景知识，属性agency的主体只能是BaseballPlayer类的实例，这符合RDFS的domain规则。",1,0.0,
sample_0151,domain,domain(alliance) = BaseballPlayer,"背景知识：
条目1：
- 名称：alliance
- 类型：Property
- 简介：alliance

条目2：
- 名称：BaseballPlayer
- 类型：Class
- 简介：baseball player",0,deepseek-ai/DeepSeek-R1-Distill-Qwen-32B,0.0,8192,https://api2.aigcbest.top/v1,"嗯，我现在需要判断这个RDFS公理是否正确。公理是domain(alliance) = BaseballPlayer。首先，我得理解每个部分的意思。

alliance是一个属性，而BaseballPlayer是一个类。domain(alliance)的意思是说，所有使用alliance属性的主体都必须属于BaseballPlayer这个类。也就是说，只有BaseballPlayer类型的实例才能作为alliance属性的主体。

接下来，我得看看背景知识。alliance的简介里没有详细说明，但通常alliance指的是联盟或合作关系。BaseballPlayer是棒球运动员。那么，棒球运动员通常会属于某个联盟，比如MLB或者其他联盟。所以，从常识来看，棒球运动员可能属于某个联盟，因此alliance的主体应该是BaseballPlayer，这似乎合理。

再考虑RDFS的语义规则，domain约束确保属性的主体类型正确。这里alliance的主体确实是BaseballPlayer，符合语义规则。所以，这个公理应该是正确的。
</think>

判断结果：正确
解释：根据背景知识，alliance属性的主体应为BaseballPlayer，符合RDFS的domain语义规则。",1,0.0,
sample_0152,domain,The domain of alliance is BaseballPlayer.,"背景知识：
条目1：
- 名称：alliance
- 类型：Property
- 简介：alliance

条目2：
- 名称：BaseballPlayer
- 类型：Class
- 简介：baseball player",0,deepseek-ai/DeepSeek-R1-Distill-Qwen-32B,0.0,8192,https://api2.aigcbest.top/v1,"嗯，我现在需要判断这个RDFS公理是否正确。公理是“alliance的domain是BaseballPlayer”。首先，我得理解每个部分的意思。

alliance是一个属性，而BaseballPlayer是一个类。根据RDFS的定义，domain表示属性的主体必须属于某个类。也就是说，所有使用alliance属性的主体都必须是BaseballPlayer的实例。

接下来，我得看看背景知识。alliance的简介里没有详细说明，但通常alliance在中文里是“联盟”或“同盟”的意思。BaseballPlayer是“棒球运动员”。那么，alliance这个属性通常用来描述什么关系呢？比如，一个棒球运动员可能属于某个联盟，所以alliance的主体可能是棒球运动员，客体是联盟类。

所以，从常识来看，alliance的domain设置为BaseballPlayer是合理的，因为棒球运动员通常会属于某个联盟。因此，这个公理是正确的。
</think>

判断结果：正确
解释：alliance的domain设置为BaseballPlayer是合理的，因为棒球运动员通常属于某个联盟，符合常识和语义规则。",1,0.0,
sample_0155,domain,Property alliance can only be applied to subjects of class BaseballPlayer.,"背景知识：
条目1：
- 名称：alliance
- 类型：Property
- 简介：alliance

条目2：
- 名称：BaseballPlayer
- 类型：Class
- 简介：baseball player",0,deepseek-ai/DeepSeek-R1-Distill-Qwen-32B,0.0,8192,https://api2.aigcbest.top/v1,"好的，我现在需要分析给定的RDFS公理是否正确。公理是：“Property alliance can only be applied to subjects of class BaseballPlayer。”首先，我需要理解这个公理的意思。它表示属性“alliance”只能应用于类“BaseballPlayer”的实例作为主语。

接下来，我查看背景知识。条目1显示“alliance”是一个属性，但没有提供更多的信息，比如它的定义或用途。条目2指出“BaseballPlayer”是一个类，代表棒球运动员。根据常识，“alliance”通常指的是联盟或合作关系，这可能与棒球运动员相关，比如他们可能属于某个联盟。

根据RDFS的语义规则，属性的domain约束定义了该属性只能应用于特定类的实例。这里，公理明确将“alliance”的domain设置为“BaseballPlayer”。虽然背景知识中没有直接说明“alliance”与“BaseballPlayer”之间的关系，但常识上，棒球运动员确实可能属于某个联盟，因此这个约束是合理的。

因此，这个公理是正确的，因为它符合常识和RDFS的语义规则。
</think>

判断结果：正确
解释：根据常识，棒球运动员可能属于某个联盟，因此属性alliance的主体应为BaseballPlayer类。",1,0.0,
sample_0156,domain,domain(aoCloassification) = SpaceMission,"背景知识：
条目1：
- 名称：aoCloassification
- 类型：Property
- 简介：AO

条目2：
- 名称：SpaceMission
- 类型：Class
- 简介：space mission",0,deepseek-ai/DeepSeek-R1-Distill-Qwen-32B,0.0,8192,https://api2.aigcbest.top/v1,"好，我现在需要分析这个RDFS公理是否正确。公理是domain(aoCloassification) = SpaceMission。首先，我得理解每个部分的含义。

aoCloassification是一个属性，类型是Property，简介是AO。SpaceMission是一个类，类型是Class，简介是space mission。domain表示属性的主体属于某个类，也就是说，aoCloassification这个属性的主体必须是SpaceMission类的实例。

接下来，我需要结合背景知识和RDFS规则来分析。aoCloassification作为属性，它的domain被设定为SpaceMission，意味着只有SpaceMission类的实例才能使用这个属性。这在语义上是合理的，因为属性通常与特定类相关联，限定其使用范围。

常识上，AO可能与航天任务有关，SpaceMission作为类，确实可能使用这样的属性。因此，这个公理符合预期，没有明显冲突。

综上所述，这个公理是正确的。
</think>

判断结果：正确
解释：aoCloassification属性的主体应属于SpaceMission类，这与背景知识中的类和属性定义一致。",1,0.0,
sample_0157,domain,The domain of aoCloassification is SpaceMission.,"背景知识：
条目1：
- 名称：aoCloassification
- 类型：Property
- 简介：AO

条目2：
- 名称：SpaceMission
- 类型：Class
- 简介：space mission",0,deepseek-ai/DeepSeek-R1-Distill-Qwen-32B,0.0,8192,https://api2.aigcbest.top/v1,"好，我现在需要分析这个RDFS公理是否正确。公理是“aoCloassification的domain是SpaceMission”。首先，我得理解每个部分的含义。

aoCloassification是一个属性，类型是Property，简介是AO。SpaceMission是一个类，类型是Class，简介是space mission。RDFS中的domain表示属性的主体必须属于某个类。所以，这里的意思是说，当使用aoCloassification属性时，它的主体必须是SpaceMission类的实例。

接下来，我需要结合背景知识和常识来判断这个是否合理。aoCloassification可能与分类有关，而SpaceMission是太空任务。通常，分类属性可能用于描述任务的类型或类别，所以将aoCloassification的domain设为SpaceMission是合理的，因为属性的主体应该是太空任务实例。

此外，RDFS的语义规则支持这种用法，没有冲突。因此，这个公理是正确的。
</think>

判断结果：正确
解释：aoCloassification的domain设置为SpaceMission是合理的，因为属性的主体应属于SpaceMission类，符合RDFS语义规则。",1,0.0,
sample_0160,domain,Property aoCloassification can only be applied to subjects of class SpaceMission.,"背景知识：
条目1：
- 名称：aoCloassification
- 类型：Property
- 简介：AO

条目2：
- 名称：SpaceMission
- 类型：Class
- 简介：space mission",0,deepseek-ai/DeepSeek-R1-Distill-Qwen-32B,0.0,8192,https://api2.aigcbest.top/v1,"嗯，我现在需要判断这个RDFS公理是否正确。公理是说“Property aoCloassification can only be applied to subjects of class SpaceMission。”也就是属性aoCloassification只能应用在类SpaceMission的主体上。

首先，我得识别公理中的概念。这里有两个关键点：属性aoCloassification和类SpaceMission。根据背景知识，aoCloassification是一个属性，类型是Property，简介是AO。SpaceMission是一个类，类型是Class，简介是space mission。

接下来，分析语义关系。公理中提到的是domain约束，也就是属性的主体必须属于某个类。RDFS中的domain规则规定，如果一个属性的domain是某个类，那么所有使用该属性的主体都必须是该类的实例。

现在，结合背景知识，aoCloassification的简介是AO，这可能指的是某种分类或属性，而SpaceMission是空间任务。假设aoCloassification用于描述某种与空间任务相关的分类，那么将它的domain设置为SpaceMission是合理的，因为属性只能用于该类的实例。

再考虑常识，属性通常用于描述类的特征或关系。如果aoCloassification确实与SpaceMission相关，那么限制它的主体为SpaceMission是正确的。没有明显的冲突，所以这个公理应该是正确的。
</think>

判断结果：正确
解释：根据背景知识，属性aoCloassification的主体只能是类SpaceMission的实例，符合RDFS的domain规则。",1,0.0,
sample_0177,domain,The domain of areaLand is Island.,"背景知识：
条目1：
- 名称：areaLand
- 类型：Property
- 简介：area land (m2)

条目2：
- 名称：Island
- 类型：Class
- 简介：island",0,deepseek-ai/DeepSeek-R1-Distill-Qwen-32B,0.0,8192,https://api2.aigcbest.top/v1,"好，我现在需要判断给定的RDFS公理是否正确。公理是“areaLand的domain是Island”。首先，我得理解每个部分的含义。

areaLand是一个属性，类型是Property，简介是“area land (m2)”，所以它应该表示某个区域的陆地面积。Island是一个类，类型是Class，简介是“island”，也就是岛屿。

接下来，RDFS中的domain规则是指属性的主体必须属于某个类。也就是说，如果areaLand的domain是Island，那么所有使用areaLand属性的主体都必须是Island类的实例。

现在，结合常识，岛屿确实有陆地面积，所以areaLand作为属性，描述岛屿的面积是合理的。因此，这个公理是正确的，因为它符合背景知识和语义规则。
</think>

判断结果：正确
解释：areaLand属性描述的是陆地面积，而Island类代表岛屿，岛屿通常有陆地面积，因此将areaLand的domain设为Island是合理的。",1,0.0,
sample_0192,domain,The domain of decideDate is PowerStation.,"背景知识：
条目1：
- 名称：decideDate
- 类型：Property
- 简介：decide date

条目2：
- 名称：PowerStation
- 类型：Class
- 简介：power station",0,deepseek-ai/DeepSeek-R1-Distill-Qwen-32B,0.0,8192,https://api2.aigcbest.top/v1,"嗯，我现在需要判断这个RDFS公理是否正确。公理是“decideDate的domain是PowerStation”。首先，我得理解每个部分的意思。

decideDate是一个属性，类型是Property，简介是“decide date”，可能指的是某个决定的日期。PowerStation是一个类，类型是Class，简介是“power station”，也就是发电站。

接下来，RDFS中的domain规则是指属性的主体必须属于某个类。所以，这个公理的意思是说，decideDate这个属性的主体必须是PowerStation类的实例。

那我得想想，decideDate通常用来描述什么。比如，一个项目可能有决定日期，或者一个事件有决定日期。而发电站作为一个实体，可能有自己的决定日期，比如建设决定的日期。所以，从常识来看，这可能合理。

但是，背景知识中并没有明确说明decideDate的使用场景。它只是简单地介绍了属性和类的名称。因此，我需要考虑是否有可能存在其他情况。比如，decideDate可能用于其他类，而不仅仅是发电站。

另外，RDFS的domain约束是说属性的主体必须属于该类，但并不排除它可能属于其他类。所以，如果decideDate通常用于其他类，那么这个公理可能不正确。但如果没有其他信息，只能基于现有背景知识来判断。

综合来看，虽然背景知识有限，但根据常识，decideDate可以与PowerStation相关联，所以这个公理可能是正确的。
</think>

判断结果：正确
解释：decideDate作为属性，其主体属于PowerStation类，符合RDFS的domain规则，且与常识相符。",1,0.0,
sample_0195,domain,Property decideDate can only be applied to subjects of class PowerStation.,"背景知识：
条目1：
- 名称：decideDate
- 类型：Property
- 简介：decide date

条目2：
- 名称：PowerStation
- 类型：Class
- 简介：power station",0,deepseek-ai/DeepSeek-R1-Distill-Qwen-32B,0.0,8192,https://api2.aigcbest.top/v1,"嗯，我现在需要判断这个RDFS公理是否正确。公理是说“Property decideDate can only be applied to subjects of class PowerStation。”也就是属性decideDate只能应用在类PowerStation的实例上。

首先，我得识别公理中的概念。这里涉及的属性是decideDate，类是PowerStation。根据背景知识，decideDate是一个属性，简介是“decide date”，可能表示某个决定的日期。PowerStation是一个类，简介是“power station”，也就是发电站。

接下来，分析语义关系。公理是在说decideDate的domain是PowerStation，也就是说，decideDate这个属性只能用于PowerStation类的实例。根据RDFS的规则，domain约束了属性的主体必须属于某个类。

然后，结合常识和背景知识。发电站可能有各种属性，比如建设日期、运营日期、决定日期等等。decideDate可能指的是发电站被决定建设的日期，这在发电站的上下文中是合理的。因此，将decideDate的domain设为PowerStation是合适的，因为这个属性通常与发电站相关联。

再考虑是否有冲突。背景知识中没有提到decideDate与其他类的关联，也没有任何信息显示它不能用于PowerStation。因此，这个公理并没有明显的冲突。

综上所述，这个公理是合理的，判断为正确。
</think>

判断结果：正确
解释：根据背景知识，decideDate是一个属性，而PowerStation是一个类。公理表示decideDate只能应用于PowerStation类的实例，这符合RDFS的domain规则，因此是合理的。",1,0.0,
sample_0206,domain,domain(firstLaunchDate) = Drug,"背景知识：
条目1：
- 名称：firstLaunchDate
- 类型：Property
- 简介：first launch date

条目2：
- 名称：Drug
- 类型：Class
- 简介：drug",0,deepseek-ai/DeepSeek-R1-Distill-Qwen-32B,0.0,8192,https://api2.aigcbest.top/v1,"嗯，我现在需要判断这个RDFS公理是否正确。公理是domain(firstLaunchDate) = Drug。首先，我得理解每个部分的意思。

首先，domain表示属性的主体属于某个类。这里，firstLaunchDate是一个属性，它的主体应该是Drug类的实例。也就是说，所有Drug类的实例都应该有firstLaunchDate属性。

接下来，我看看背景知识。Drug是一个类，代表药物。firstLaunchDate是一个属性，表示首次上市日期。常识上，药物确实会有首次上市的日期，所以这个属性和类之间的关系是合理的。

根据RDFS的语义规则，domain约束了属性的主体必须属于指定的类。这里，Drug类的实例确实需要有firstLaunchDate属性，所以这个公理符合语义规则。

综上所述，这个公理是正确的，因为它正确地将firstLaunchDate属性的主体约束为Drug类。
</think>

判断结果：正确
解释：属性firstLaunchDate的主体应属于Drug类，这与常识相符，因为药物确实有首次上市日期。",1,0.0,
sample_0207,domain,The domain of firstLaunchDate is Drug.,"背景知识：
条目1：
- 名称：firstLaunchDate
- 类型：Property
- 简介：first launch date

条目2：
- 名称：Drug
- 类型：Class
- 简介：drug",0,deepseek-ai/DeepSeek-R1-Distill-Qwen-32B,0.0,8192,https://api2.aigcbest.top/v1,"嗯，我现在需要判断这个RDFS公理是否正确。公理是“firstLaunchDate的domain是Drug”。首先，我得理解每个部分的意思。

首先，公理中的概念是firstLaunchDate，它是一个属性。Drug是一个类。根据RDFS的定义，domain表示属性的主体必须属于某个类。也就是说，所有使用firstLaunchDate属性的主体都必须是Drug类的实例。

接下来，我得结合背景知识。firstLaunchDate的简介是“first launch date”，这通常指的是某个产品或药物首次上市的日期。Drug类代表药物，所以药物确实会有首次上市的日期。这看起来是合理的。

再考虑常识，药物在研发完成后会有一个首次上市的日期，这与firstLaunchDate的定义相符。因此，将firstLaunchDate的domain设为Drug是正确的，因为药物确实会有首次上市的日期，而这个属性描述的就是这个时间点。

所以，综合来看，这个公理是正确的，因为它符合背景知识和常识。
</think>

判断结果：正确
解释：firstLaunchDate的domain是Drug，因为药物通常会有首次上市的日期，这与属性的定义和常识相符。",1,0.0,
sample_0208,domain,"If a resource uses property firstLaunchDate as subject, then it should belong to class Drug.","背景知识：
条目1：
- 名称：firstLaunchDate
- 类型：Property
- 简介：first launch date

条目2：
- 名称：Drug
- 类型：Class
- 简介：drug",0,deepseek-ai/DeepSeek-R1-Distill-Qwen-32B,0.0,8192,https://api2.aigcbest.top/v1,"好的，我现在需要分析给定的RDFS公理是否正确。首先，公理是：“如果一个资源使用属性firstLaunchDate作为主语，那么它应该属于Drug类。” 

第一步，识别公理中的概念和属性。这里涉及的属性是firstLaunchDate，类是Drug。根据背景知识，firstLaunchDate是一个属性，而Drug是一个类。

第二步，分析语义关系。公理实际上是在说，任何使用firstLaunchDate作为主语的资源都必须属于Drug类。这相当于在定义firstLaunchDate的domain为Drug类。在RDFS中，domain约束属性的主语必须属于某个类。

第三步，应用RDFS规则。RDFS允许通过domain来限制属性的主语类型。如果定义firstLaunchDate的domain为Drug，那么所有使用该属性的主语都必须是Drug的实例。

第四步，判断合理性。根据常识，firstLaunchDate通常用于表示药物的首次上市日期，因此将其domain设为Drug是合理的。这符合背景知识和语义规则，没有冲突。

综上所述，该公理是正确的。
</think>

判断结果：正确
解释：根据背景知识，firstLaunchDate属性的主语应属于Drug类，这符合RDFS的domain约束规则。",1,0.0,
sample_0210,domain,Property firstLaunchDate can only be applied to subjects of class Drug.,"背景知识：
条目1：
- 名称：firstLaunchDate
- 类型：Property
- 简介：first launch date

条目2：
- 名称：Drug
- 类型：Class
- 简介：drug",0,deepseek-ai/DeepSeek-R1-Distill-Qwen-32B,0.0,8192,https://api2.aigcbest.top/v1,"嗯，我现在需要判断这个RDFS公理是否正确。公理是说“Property firstLaunchDate can only be applied to subjects of class Drug。”也就是属性firstLaunchDate只能应用在类Drug的主体上。

首先，我得识别公理中涉及的概念。这里有两个，一个是属性firstLaunchDate，另一个是类Drug。根据背景知识，firstLaunchDate是一个属性，而Drug是一个类，代表药物。

接下来，分析语义关系。公理的意思是说，firstLaunchDate这个属性的主体只能是Drug类的实例。也就是说，任何使用firstLaunchDate属性的主体都必须属于Drug类。这在RDFS中通常用domain来表示，即domain(Drug, firstLaunchDate)。

然后，我需要结合RDFS的语义规则。RDFS中的domain约束规定，如果一个属性的domain是某个类，那么所有使用该属性的主体都必须属于该类。这里公理明确指定了firstLaunchDate的domain是Drug，所以符合RDFS的规则。

再考虑常识。药物通常会有首次上市的日期，这很合理。所以从常识角度来看，这个公理也是合理的。

最后，判断是否正确。公理与背景知识和语义规则都没有冲突，所以是正确的。
</think>

判断结果：正确
解释：根据背景知识，firstLaunchDate是一个属性，而Drug是一个类。公理表示firstLaunchDate只能应用于Drug类的实例，这符合RDFS的domain约束规则，因此是合理的。",1,0.0,
sample_0211,domain,domain(firstLaunchRocket) = LaunchPad,"背景知识：
条目1：
- 名称：firstLaunchRocket
- 类型：Property
- 简介：first launch rocket

条目2：
- 名称：LaunchPad
- 类型：Class
- 简介：launch pad",1,deepseek-ai/DeepSeek-R1-Distill-Qwen-32B,0.0,8192,https://api2.aigcbest.top/v1,"嗯，我现在需要判断这个RDFS公理是否正确。公理是domain(firstLaunchRocket) = LaunchPad。首先，我得理解每个部分的意思。

首先，domain表示属性的主体属于某个类。这里，firstLaunchRocket是一个属性，它的主体应该属于LaunchPad这个类。那LaunchPad是什么？根据背景知识，LaunchPad是一个类，简介是“launch pad”，也就是发射台。而firstLaunchRocket是一个属性，简介是“first launch rocket”，可能指的是第一次发射火箭的事件或动作。

那问题来了，属性firstLaunchRocket的主体应该是谁呢？通常，发射火箭的主体应该是某个组织、公司或者发射台本身。比如，SpaceX可能会有firstLaunchRocket属性，说明他们第一次发射火箭的情况。而LaunchPad作为类，可能代表的是发射台的位置或设施，比如某个具体的发射台，如Cape Canaveral的发射台。

所以，如果domain(firstLaunchRocket) = LaunchPad，意味着所有具有firstLaunchRocket属性的实例都必须是LaunchPad类的实例。这可能有问题，因为发射火箭的主体通常是组织或公司，而不是发射台本身。发射台可能是一个地点，而不是执行发射动作的主体。

举个例子，如果有一个实例是“发射台A”，它可能有属性“firstLaunchRocket”，说明它第一次发射了火箭。这可能在某些情况下成立，但通常来说，发射火箭的主体更可能是组织，而不是发射台。因此，这个公理可能不符合常识，因为发射火箭的主体通常是组织，而不是发射台本身。

另外，从RDFS语义规则来看，domain约束了属性的主体类型。如果这里将firstLaunchRocket的主体限制为LaunchPad，那么所有使用这个属性的实例都必须是LaunchPad类的实例。这可能不符合实际情况，因为发射火箭的主体通常是组织或公司，而不是发射台。

综上所述，这个公理可能与背景知识和常识不符，因此判断为错误。
</think>

判断结果：错误
解释：属性firstLaunchRocket的主体应为执行发射的组织或公司，而非发射台本身，因此domain约束不正确。",0,0.0,
sample_0212,domain,The domain of firstLaunchRocket is LaunchPad.,"背景知识：
条目1：
- 名称：firstLaunchRocket
- 类型：Property
- 简介：first launch rocket

条目2：
- 名称：LaunchPad
- 类型：Class
- 简介：launch pad",1,deepseek-ai/DeepSeek-R1-Distill-Qwen-32B,0.0,8192,https://api2.aigcbest.top/v1,"嗯，我现在需要判断这个RDFS公理是否正确。公理是“firstLaunchRocket的domain是LaunchPad”。首先，我得理解每个部分的意思。

首先，firstLaunchRocket是一个属性，类型是Property，简介是“first launch rocket”。这可能表示某个实体的第一次发射火箭的情况。LaunchPad是一个类，类型是Class，简介是“launch pad”，也就是发射台。

接下来，domain在RDFS中表示属性的主体必须属于某个类。也就是说，如果这个公理成立，那么所有使用firstLaunchRocket属性的主体都必须是LaunchPad类的实例。

现在，我需要分析这个是否合理。firstLaunchRocket通常可能用来描述火箭的发射情况，比如某个火箭的第一次发射。那么，这个属性的主体应该是火箭，而不是发射台。发射台是火箭发射的地方，但属性的主体应该是火箭本身，而不是发射台。

举个例子，如果有一个火箭R，那么R.firstLaunchRocket可能指向某个事件或日期。而发射台L可能与火箭R有关系，比如L.hostsRocket R，但firstLaunchRocket的主体应该是R，而不是L。

所以，将firstLaunchRocket的domain设为LaunchPad是不正确的，因为属性的主体应该是火箭，而不是发射台。这与常识和RDFS的语义规则不符，因此这个公理是错误的。
</think>

判断结果：错误
解释：firstLaunchRocket的主体应为火箭，而非发射台，因此domain设为LaunchPad与常识不符。",0,0.0,
sample_0215,domain,Property firstLaunchRocket can only be applied to subjects of class LaunchPad.,"背景知识：
条目1：
- 名称：firstLaunchRocket
- 类型：Property
- 简介：first launch rocket

条目2：
- 名称：LaunchPad
- 类型：Class
- 简介：launch pad",1,deepseek-ai/DeepSeek-R1-Distill-Qwen-32B,0.0,8192,https://api2.aigcbest.top/v1,"嗯，我现在需要判断这个RDFS公理是否正确。公理是说属性firstLaunchRocket只能应用在类LaunchPad的实例上。首先，我得理解每个部分的意思。

首先，公理中的属性是firstLaunchRocket，它是一个属性，类型是Property，简介是“first launch rocket”。类是LaunchPad，类型是Class，简介是“launch pad”。所以，LaunchPad应该是指发射台，而firstLaunchRocket可能指的是第一次发射火箭的事件或属性。

接下来，公理的意思是说，只有LaunchPad类的实例才能使用firstLaunchRocket这个属性。也就是说，任何拥有firstLaunchRocket属性的主体都必须是LaunchPad类的实例。

现在，我需要结合RDFS的语义规则来分析。RDFS中的domain规则规定，属性的domain指定了该属性只能用于特定类的实例。所以，如果公理声明firstLaunchRocket的domain是LaunchPad，那么任何使用这个属性的主体都必须属于LaunchPad类。

根据背景知识，LaunchPad是发射台，而firstLaunchRocket可能与发射火箭的事件有关。通常，发射火箭的事件可能与发射台有关，但属性firstLaunchRocket可能更常用于火箭本身，而不是发射台。例如，火箭可能有firstLaunchRocket属性，表示它第一次发射的时间或地点。而发射台可能有其他属性，比如launches，表示它进行过哪些发射。

所以，从常识来看，firstLaunchRocket可能更适合应用在火箭类上，而不是发射台类。因此，将它的domain设为LaunchPad可能不符合预期的语义关系，导致公理不合理。

综上所述，这个公理可能与背景知识和常识不符，因此判断为错误。
</think>

判断结果：错误
解释：属性firstLaunchRocket的domain应为火箭类，而非发射台类LaunchPad，因此公理与常识不符。",0,0.0,
sample_0231,domain,domain(lastLaunchDate) = LaunchPad,"背景知识：
条目1：
- 名称：lastLaunchDate
- 类型：Property
- 简介：last launch date

条目2：
- 名称：LaunchPad
- 类型：Class
- 简介：launch pad",1,deepseek-ai/DeepSeek-R1-Distill-Qwen-32B,0.0,8192,https://api2.aigcbest.top/v1,"嗯，我现在需要判断这个RDFS公理是否正确。公理是domain(lastLaunchDate) = LaunchPad。首先，我得理解每个部分的意思。

lastLaunchDate是一个属性，类型是Property，简介是“last launch date”，也就是最后发射日期。LaunchPad是一个类，类型是Class，简介是“launch pad”，也就是发射台。

RDFS中的domain规则是指属性的主体必须属于某个类。所以这里的意思是，lastLaunchDate这个属性的主体必须是LaunchPad类的实例。

那我得想想，lastLaunchDate通常用来描述什么。发射日期通常和发射台有关，比如一个发射台的最后发射日期。所以，如果一个实例属于LaunchPad类，它可能有lastLaunchDate属性，记录它最后一次发射的时间。

但是，是否所有具有lastLaunchDate属性的实例都必须是LaunchPad类的呢？比如，可能还有其他类，比如火箭、任务等，也可能有lastLaunchDate属性。所以，将domain限制为LaunchPad可能太严格了，可能排除了其他合理的情况。

另外，根据常识，发射日期可能与多个类相关，而不仅仅是发射台。因此，将lastLaunchDate的domain设为LaunchPad可能不符合实际情况，导致公理不正确。
</think>

判断结果：错误
解释：lastLaunchDate通常用于描述发射事件的日期，而发射事件的主体通常是火箭或任务，而不是发射台本身，因此将其domain设为LaunchPad不符合常识。",0,0.0,
sample_0233,domain,"If a resource uses property lastLaunchDate as subject, then it should belong to class LaunchPad.","背景知识：
条目1：
- 名称：lastLaunchDate
- 类型：Property
- 简介：last launch date

条目2：
- 名称：LaunchPad
- 类型：Class
- 简介：launch pad",1,deepseek-ai/DeepSeek-R1-Distill-Qwen-32B,0.0,8192,https://api2.aigcbest.top/v1,"嗯，我现在需要分析这个RDFS公理是否正确。首先，公理是说如果一个资源使用lastLaunchDate作为主语，那么它应该属于LaunchPad类。那我得先理解每个部分的意思。

首先，lastLaunchDate是一个属性，类型是Property，简介是“last launch date”。LaunchPad是一个类，类型是Class，简介是“launch pad”。所以，LaunchPad应该是指发射台，而lastLaunchDate可能是指最后一次发射的日期。

接下来，公理中的条件是，如果一个资源作为lastLaunchDate的主语，那么它必须属于LaunchPad类。也就是说，任何拥有lastLaunchDate属性的资源都必须是LaunchPad类的实例。

那我得想，lastLaunchDate通常用来描述什么。发射台可能有lastLaunchDate，因为发射台会进行发射活动，记录最后一次发射的日期。但是，是否只有发射台才能有lastLaunchDate呢？比如，火箭或者其他设备也可能有lastLaunchDate，对吗？比如，火箭可能有自己的最后一次发射日期，而不仅仅是发射台。

所以，公理可能过于严格，因为它限制了只有LaunchPad类的资源才能使用lastLaunchDate属性。这可能不符合实际情况，因为其他类的资源也可能有lastLaunchDate属性。

再考虑RDFS的语义规则，特别是domain的使用。domain约束属性的主语必须属于某个类。如果公理是说lastLaunchDate的domain是LaunchPad，那么任何使用lastLaunchDate的资源都必须属于LaunchPad。但根据常识，这可能不正确，因为其他类也可能有lastLaunchDate。

因此，这个公理可能不正确，因为它限制了lastLaunchDate只能由LaunchPad类使用，而实际上可能有其他类也使用这个属性。
</think>

判断结果：错误
解释：lastLaunchDate属性的主语不一定只能是LaunchPad类的实例，其他类也可能有lastLaunchDate属性。",0,0.0,
sample_0234,domain,"For any x and y, if x lastLaunchDate y holds, then x is an instance of LaunchPad.","背景知识：
条目1：
- 名称：lastLaunchDate
- 类型：Property
- 简介：last launch date

条目2：
- 名称：LaunchPad
- 类型：Class
- 简介：launch pad",1,deepseek-ai/DeepSeek-R1-Distill-Qwen-32B,0.0,8192,https://api2.aigcbest.top/v1,"嗯，我现在需要分析这个RDFS公理是否正确。公理是说，对于任何x和y，如果x的lastLaunchDate是y，那么x必须是LaunchPad的一个实例。首先，我得理解每个部分的意思。

lastLaunchDate是一个属性，类型是Property，简介是“last launch date”，所以它应该表示某个实体的最后发射日期。LaunchPad是一个类，类型是Class，简介是“launch pad”，也就是发射台。

接下来，公理中的条件是x lastLaunchDate y，这意味着x有lastLaunchDate属性，值是y。然后结论是x必须是LaunchPad的实例。那问题来了，lastLaunchDate这个属性通常会关联到什么类呢？比如，可能关联到火箭、发射任务，或者发射台。但根据常识，发射台可能有最后的发射日期，所以这个属性可能属于LaunchPad类。

不过，RDFS的domain规则是说，属性的domain指定了该属性只能用于某个类的实例。如果lastLaunchDate的domain被定义为LaunchPad，那么公理就是正确的。但背景知识中并没有明确说明lastLaunchDate的domain是什么。所以，根据给定的背景知识，我们无法确定lastLaunchDate的domain是否是LaunchPad。

因此，这个公理可能不正确，因为它假设了lastLaunchDate的domain是LaunchPad，而背景知识中并没有提供足够的信息来支持这一点。所以，判断结果应该是错误。
</think>

判断结果：错误
解释：根据背景知识，lastLaunchDate是一个属性，但没有明确说明其domain是否为LaunchPad，因此无法确定该公理的合理性。",0,0.0,
sample_0237,domain,The domain of lastLaunchRocket is LaunchPad.,"背景知识：
条目1：
- 名称：lastLaunchRocket
- 类型：Property
- 简介：last launch rocket

条目2：
- 名称：LaunchPad
- 类型：Class
- 简介：launch pad",1,deepseek-ai/DeepSeek-R1-Distill-Qwen-32B,0.0,8192,https://api2.aigcbest.top/v1,"嗯，我现在需要判断这个RDFS公理是否正确。公理是“lastLaunchRocket的domain是LaunchPad”。首先，我得理解每个部分的意思。

lastLaunchRocket是一个属性，类型是Property，简介是“last launch rocket”。LaunchPad是一个类，类型是Class，简介是“launch pad”。所以，这个公理的意思是说，lastLaunchRocket这个属性的主体必须属于LaunchPad这个类。

接下来，我得分析这个关系是否合理。domain约束通常表示属性的主体属于某个类。比如，如果属性是“hasWing”，domain是“Bird”，那么所有有翅膀的主体必须是鸟。那么，lastLaunchRocket的domain是LaunchPad，意味着所有使用lastLaunchRocket属性的主体必须是LaunchPad类的实例。

现在，我需要结合常识来判断。lastLaunchRocket通常指的是最后一次发射的火箭，那么这个属性的主体应该是火箭，而不是发射台。发射台是火箭发射的地方，但lastLaunchRocket的主体应该是火箭本身，而不是发射台。所以，把domain设为LaunchPad可能不太对，应该是Rocket类或者其他相关类。

另外，从背景知识来看，LaunchPad是类，而lastLaunchRocket是属性，没有提到它与LaunchPad的关系。所以，这个公理可能不符合常识和背景知识，因此是错误的。
</think>

判断结果：错误
解释：lastLaunchRocket的domain应为与火箭相关的类，而非LaunchPad，因为属性的主体应为火箭，而发射台是火箭发射的地点。",0,0.0,
sample_0241,domain,domain(lastLaunchRocket) = Place,"背景知识：
条目1：
- 名称：lastLaunchRocket
- 类型：Property
- 简介：last launch rocket

条目2：
- 名称：Place
- 类型：Class
- 简介：place",0,deepseek-ai/DeepSeek-R1-Distill-Qwen-32B,0.0,8192,https://api2.aigcbest.top/v1,"好，我现在需要分析这个RDFS公理是否正确。公理是domain(lastLaunchRocket) = Place。首先，我得理解每个部分的意思。

lastLaunchRocket是一个属性，类型是Property，简介是“last launch rocket”。Place是一个类，类型是Class，简介是“place”。所以，这个公理的意思是说，lastLaunchRocket属性的主体必须属于Place类。

接下来，我得考虑RDFS的语义规则。domain约束指的是属性的主体必须属于某个类。这里，lastLaunchRocket的主体应该是某个地方，比如发射地点。这在常识上是合理的，因为火箭发射通常发生在特定的地点，比如发射场或特定的地理区域。

再结合背景知识，Place类代表的是一个地方，而lastLaunchRocket属性描述的是最后一次发射火箭的情况。因此，这个属性的主体应该是某个地方，比如发射地点，所以domain设置为Place是正确的。

有没有可能出错的地方？比如，是否lastLaunchRocket的主体应该是火箭而不是地方？但根据属性名称，lastLaunchRocket更像是描述某个地方的最后一次发射，所以主体应该是Place类。因此，这个公理是合理的，没有冲突。
</think>

判断结果：正确
解释：lastLaunchRocket属性的主体应属于Place类，这符合常识，因为火箭发射通常发生在特定的地点。",1,0.0,
sample_0243,domain,"If a resource uses property lastLaunchRocket as subject, then it should belong to class Place.","背景知识：
条目1：
- 名称：lastLaunchRocket
- 类型：Property
- 简介：last launch rocket

条目2：
- 名称：Place
- 类型：Class
- 简介：place",0,deepseek-ai/DeepSeek-R1-Distill-Qwen-32B,0.0,8192,https://api2.aigcbest.top/v1,"嗯，我现在需要分析这个RDFS公理是否正确。公理是说，如果一个资源使用lastLaunchRocket作为主语，那么它应该属于Place类。首先，我得理解每个部分的意思。

lastLaunchRocket是一个属性，类型是Property，简介是“last launch rocket”。Place是一个类，类型是Class，简介是“place”。所以，这个公理是在说，任何使用lastLaunchRocket属性的主语都必须属于Place类。

接下来，我得看看RDFS的规则。RDFS中的domain规则规定，属性的主语必须属于某个类。所以，如果公理是说lastLaunchRocket的domain是Place，那么它应该被定义为lastLaunchRocket的domain是Place。也就是说，正确的公理应该是：lastLaunchRocket的domain是Place。

但是，现在给出的公理是用自然语言表达的，而不是直接的RDFS语法。它说“如果一个资源使用lastLaunchRocket作为主语，那么它应该属于Place类。”这实际上是在描述lastLaunchRocket的domain是Place。所以，从语义上看，这个公理是正确的，因为它符合RDFS的domain规则。

不过，我需要确认一下，是否lastLaunchRocket的主语确实应该属于Place。根据常识，lastLaunchRocket可能指的是某个地方的最后一次发射火箭，所以主语应该是Place类的实例，比如某个发射场或地点。因此，这个公理是合理的，因为它符合预期的语义关系。

总结一下，公理是正确的，因为它正确应用了RDFS的domain规则，并且符合背景知识和常识。
</think>

判断结果：正确
解释：根据RDFS语义规则，属性lastLaunchRocket的主语应属于类Place，这符合公理的描述。",1,0.0,
sample_0244,domain,"For any x and y, if x lastLaunchRocket y holds, then x is an instance of Place.","背景知识：
条目1：
- 名称：lastLaunchRocket
- 类型：Property
- 简介：last launch rocket

条目2：
- 名称：Place
- 类型：Class
- 简介：place",0,deepseek-ai/DeepSeek-R1-Distill-Qwen-32B,0.0,8192,https://api2.aigcbest.top/v1,"嗯，我现在需要分析这个RDFS公理是否正确。公理是说，对于任何x和y，如果x lastLaunchRocket y成立，那么x必须是Place类的一个实例。首先，我得理解每个部分的意思。

lastLaunchRocket是一个属性，类型是Property，简介是“last launch rocket”。Place是一个类，类型是Class，简介是“place”。所以，这个公理是在说，如果一个东西x有lastLaunchRocket属性指向y，那么x必须属于Place类。

接下来，我得考虑RDFS的语义规则。特别是domain规则，它规定属性的主体必须属于某个类。这里，公理实际上是在声明lastLaunchRocket的domain是Place，也就是说，任何使用lastLaunchRocket属性的主体都必须是Place的实例。

现在，结合常识，lastLaunchRocket通常指的是某个地方最后一次发射火箭的情况。比如，一个发射场（属于Place类）可能有lastLaunchRocket属性，指向最后一次发射的火箭。所以，从常识来看，这个公理是合理的，因为发射场是Place类的实例，而lastLaunchRocket的主体应该是这样的地方。

另外，检查是否有冲突。背景知识中没有提到lastLaunchRocket的domain，所以这个公理并没有与已有的信息冲突。因此，这个公理是正确的。
</think>

判断结果：正确
解释：根据背景知识，lastLaunchRocket的主体应属于Place类，符合RDFS的domain规则。",1,0.0,
sample_0245,domain,Property lastLaunchRocket can only be applied to subjects of class Place.,"背景知识：
条目1：
- 名称：lastLaunchRocket
- 类型：Property
- 简介：last launch rocket

条目2：
- 名称：Place
- 类型：Class
- 简介：place",0,deepseek-ai/DeepSeek-R1-Distill-Qwen-32B,0.0,8192,https://api2.aigcbest.top/v1,"嗯，我现在需要判断这个RDFS公理是否正确。公理是说属性lastLaunchRocket只能应用在类Place的实例上。首先，我得理解每个部分的意思。

lastLaunchRocket是一个属性，类型是Property，简介是“last launch rocket”。Place是一个类，类型是Class，简介是“place”。所以，这个公理是在说，只有属于Place类的实例才能使用lastLaunchRocket属性。

接下来，我得看看RDFS的规则。RDFS中的domain约束是指属性的主体必须属于某个类。这里公理明确指出lastLaunchRocket的domain是Place，所以任何使用这个属性的主体都必须是Place类的实例。

然后，结合常识，lastLaunchRocket通常指的是某个地方最后一次发射火箭的情况。比如，一个发射场（属于Place类）可能会有lastLaunchRocket属性，记录最后一次发射的火箭信息。这符合常识，因为发射场是地点，而火箭发射通常与地点相关。

所以，从语义上看，这个公理是合理的，没有冲突。因此，判断结果应该是正确的。
</think>

判断结果：正确
解释：根据背景知识，lastLaunchRocket是一个属性，而Place是一个类。公理指出lastLaunchRocket只能应用于Place类的实例，这符合RDFS的domain约束规则，即属性的主体必须属于指定的类。",1,0.0,
sample_0246,domain,domain(mass) = Planet,"背景知识：
条目1：
- 名称：mass
- 类型：Property
- 简介：mass (kg)

条目2：
- 名称：Planet
- 类型：Class
- 简介：planet",1,deepseek-ai/DeepSeek-R1-Distill-Qwen-32B,0.0,8192,https://api2.aigcbest.top/v1,"嗯，我现在需要判断这个RDFS公理是否正确。公理是domain(mass) = Planet，也就是说属性mass的主体必须属于Planet这个类。首先，我得理解每个部分的意思。

mass是一个属性，类型是Property，简介是mass (kg)，所以它应该表示物体的质量，单位是千克。Planet是一个类，代表行星。那么，domain(mass) = Planet的意思是说，只有Planet类的实例才能拥有mass属性。

接下来，我得考虑常识。质量是一个非常普遍的属性，几乎任何有质量的物体都有mass，比如行星、恒星、卫星，甚至更小的物体如岩石、动物等。所以，如果domain限制为Planet，那可能太狭窄了，因为很多非行星的物体也有质量。

再看看RDFS的语义规则，domain约束属性的主体必须属于指定的类。如果这里设置为Planet，那么只有Planet类的实例才能有mass属性。这显然不符合实际情况，因为质量属性应该更广泛地应用。

所以，这个公理可能不正确，因为它限制了mass属性的使用范围，而实际上mass应该适用于更广泛的类，而不仅仅是Planet。
</think>

判断结果：错误
解释：属性mass的主体应为具有质量的物体，而不仅仅是Planet类，因此domain(mass) = Planet的限制过于狭窄。",0,0.0,
sample_0247,domain,The domain of mass is Planet.,"背景知识：
条目1：
- 名称：mass
- 类型：Property
- 简介：mass (kg)

条目2：
- 名称：Planet
- 类型：Class
- 简介：planet",1,deepseek-ai/DeepSeek-R1-Distill-Qwen-32B,0.0,8192,https://api2.aigcbest.top/v1,"嗯，我现在需要判断这个RDFS公理是否正确。公理是“mass的domain是Planet”。首先，我得理解每个部分的意思。

mass是一个属性，类型是Property，简介是“kg”，也就是质量，通常用千克衡量。Planet是一个类，类型是Class，简介是“planet”，也就是行星。

接下来，domain在RDFS中表示属性的主体必须属于某个类。也就是说，mass这个属性的主体必须是Planet类的实例。那问题来了，质量属性是否只能由行星拥有呢？

根据常识，质量是一个广泛适用的属性，不仅行星有质量，其他物体比如恒星、卫星、甚至地球上的物体都有质量。所以，如果mass的domain被限制为Planet，那就会排除其他可能拥有质量的实体，这显然不合理。

再结合RDFS的语义规则，domain约束应该准确反映属性的适用范围。这里mass的适用范围显然比Planet大，所以将domain设为Planet是错误的。

因此，这个公理是错误的，因为它限制了mass的使用范围，不符合实际情况。
</think>

判断结果：错误
解释：mass是一个属性，通常用于描述物体的质量，而不仅仅是行星的质量。将mass的domain限制为Planet类是不合理的，因为质量属性可以应用于各种物体，而不仅仅是行星。",0,0.0,
sample_0248,domain,"If a resource uses property mass as subject, then it should belong to class Planet.","背景知识：
条目1：
- 名称：mass
- 类型：Property
- 简介：mass (kg)

条目2：
- 名称：Planet
- 类型：Class
- 简介：planet",1,deepseek-ai/DeepSeek-R1-Distill-Qwen-32B,0.0,8192,https://api2.aigcbest.top/v1,"嗯，我现在需要判断这个RDFS公理是否正确。公理是说，如果一个资源使用属性mass作为主语，那么它应该属于类Planet。首先，我得理解每个部分的意思。

首先，属性mass的类型是Property，简介是mass (kg)，所以它应该表示质量，单位是千克。类Planet是Class，简介是planet，也就是行星。

接下来，公理中的条件是资源使用mass作为主语，也就是这个资源有mass属性。然后结论是这个资源属于Planet类。那我得看看，是否所有有mass属性的资源都是Planet。

根据常识，质量是一个很常见的属性，很多东西都有质量，比如人、动物、物品等等，而不仅仅是行星。所以，如果一个资源有mass属性，它可能属于很多类，而不一定是Planet。

再看看RDFS的规则，特别是domain的使用。domain约束属性的主语必须属于某个类。如果公理是说mass的domain是Planet，那么所有使用mass的资源都必须是Planet。但实际情况是，mass的domain可能更广泛，比如任何有质量的东西，而不仅仅是行星。

所以，这个公理可能过于限制了mass的使用范围，导致它不正确。因为很多非行星的资源也会有mass属性，所以不能说只有Planet类的资源才能使用mass。
</think>

判断结果：错误
解释：属性mass的主语可以是任何具有质量的资源，而不仅仅是类Planet的实例。",0,0.0,
sample_0249,domain,"For any x and y, if x mass y holds, then x is an instance of Planet.","背景知识：
条目1：
- 名称：mass
- 类型：Property
- 简介：mass (kg)

条目2：
- 名称：Planet
- 类型：Class
- 简介：planet",1,deepseek-ai/DeepSeek-R1-Distill-Qwen-32B,0.0,8192,https://api2.aigcbest.top/v1,"嗯，我现在需要判断这个RDFS公理是否正确。公理是说，对于任何x和y，如果x mass y成立，那么x就是Planet类的一个实例。首先，我得理解每个部分的意思。

首先，mass是一个属性，类型是Property，简介是mass (kg)，所以它应该表示物体的质量，单位是千克。Planet是一个类，类型是Class，简介是planet，所以它代表行星。

接下来，公理中的条件是x mass y，也就是x有mass属性，值是y。然后结论是x属于Planet类。那我得想，是否所有具有mass属性的实例都必须是Planet类的实例呢？

根据常识，质量是一个很常见的属性，很多东西都有质量，比如人、动物、物品等等，而不仅仅是行星。所以，如果mass属性的domain被限制为Planet，那可能有问题，因为很多非行星的实例也会有质量。

在RDFS中，domain表示属性的主体必须属于某个类。如果mass的domain被定义为Planet，那么任何使用mass属性的实例都必须是Planet的子类或实例。但根据背景知识，mass并没有明确说明它的domain，所以默认情况下，它可能适用于任何有质量的物体，而不仅仅是行星。

因此，这个公理可能过于限制了mass的使用范围，因为它假设只有Planet类的实例才有mass属性，但实际上，很多其他类的实例也可能有mass属性。所以，这个公理可能与常识和背景知识不符，因此是错误的。
</think>

判断结果：错误
解释：mass属性通常适用于所有具有质量的物体，而不仅仅是Planet类的实例，因此该公理与常识和背景知识不符。",0,0.0,
sample_0252,domain,The domain of meanTemperature is ChemicalSubstance.,"背景知识：
条目1：
- 名称：meanTemperature
- 类型：Property
- 简介：mean temperature (K)

条目2：
- 名称：ChemicalSubstance
- 类型：Class
- 简介：chemical substance",0,deepseek-ai/DeepSeek-R1-Distill-Qwen-32B,0.0,8192,https://api2.aigcbest.top/v1,"好，我现在需要判断这个RDFS公理是否正确。公理是“meanTemperature的domain是ChemicalSubstance”。首先，我得理解每个部分的含义。

meanTemperature是一个属性，表示平均温度，单位是开尔文。ChemicalSubstance是一个类，代表化学物质。RDFS中的domain规则说明，属性的主体必须属于某个类。

接下来，我思考一下，平均温度通常用来描述什么。比如，温度可以描述环境、物体、化学物质等。化学物质确实会有温度，所以从常识来看，这个公理是合理的。

再结合RDFS的规则，domain约束了属性的主体类型，这里ChemicalSubstance作为主体类是合适的。没有明显的冲突，所以这个公理是正确的。
</think>

判断结果：正确
解释：根据背景知识，meanTemperature是一个属性，表示平均温度，而ChemicalSubstance是一个类，表示化学物质。根据RDFS的语义规则，属性的domain约束了该属性的主体必须属于某个类。在这里，meanTemperature的domain被设定为ChemicalSubstance，意味着只有化学物质才能具有平均温度属性，这与常识和背景知识一致，因此该公理是合理的。",1,0.0,
sample_0253,domain,"If a resource uses property meanTemperature as subject, then it should belong to class ChemicalSubstance.","背景知识：
条目1：
- 名称：meanTemperature
- 类型：Property
- 简介：mean temperature (K)

条目2：
- 名称：ChemicalSubstance
- 类型：Class
- 简介：chemical substance",0,deepseek-ai/DeepSeek-R1-Distill-Qwen-32B,0.0,8192,https://api2.aigcbest.top/v1,"嗯，我现在需要分析这个RDFS公理是否正确。首先，公理是说如果一个资源使用属性meanTemperature作为主语，那么它应该属于类ChemicalSubstance。那我得先理解每个部分的意思。

首先，meanTemperature是一个属性，类型是Property，简介是平均温度，单位是开尔文。ChemicalSubstance是一个类，代表化学物质。那公理的意思是，任何使用meanTemperature作为主语的资源，都必须属于ChemicalSubstance类。

接下来，我得看看RDFS的规则。RDFS中的domain规则规定，属性的主语必须属于某个类。所以，如果meanTemperature的domain被定义为ChemicalSubstance，那么任何使用meanTemperature作为主语的资源都必须属于这个类。

现在，背景知识中并没有明确说明meanTemperature的domain是什么。所以，根据常识，平均温度通常与物质有关，比如化学物质确实会有温度属性。因此，将meanTemperature的domain设为ChemicalSubstance是合理的。

所以，这个公理是正确的，因为它符合RDFS的domain规则，并且与背景知识和常识相符。
</think>

判断结果：正确
解释：根据RDFS的domain规则，属性meanTemperature的主语应属于类ChemicalSubstance，这与背景知识和常识相符。",1,0.0,
sample_0263,domain,"If a resource uses property nciId as subject, then it should belong to class AdministrativeRegion.","背景知识：
条目1：
- 名称：nciId
- 类型：Property
- 简介：NCI

条目2：
- 名称：AdministrativeRegion
- 类型：Class
- 简介：A PopulatedPlace under the jurisdiction of an administrative body. This body may administer either a whole region or one or more adjacent Settlements (town administration)",0,deepseek-ai/DeepSeek-R1-Distill-Qwen-32B,0.0,8192,https://api2.aigcbest.top/v1,"嗯，我现在需要分析这个RDFS公理是否正确。公理是说，如果一个资源使用nciId作为主语，那么它应该属于AdministrativeRegion类。首先，我得理解每个部分的意思。

首先，nciId是一个属性，类型是Property，简介是NCI。这可能意味着它用于标识与NCI相关的东西，比如某种代码或标识符。然后，AdministrativeRegion是一个类，描述的是一个有人口的地方，由行政机构管辖，可能管理整个地区或一个或多个相邻的定居点，比如城镇。

接下来，公理中的条件是，如果一个资源作为nciId的主语出现，那么它必须属于AdministrativeRegion类。也就是说，任何使用nciId的资源都必须是行政区域的一部分。

根据RDFS的规则，domain约束是指属性的主语必须属于某个类。所以，如果nciId的domain被定义为AdministrativeRegion，那么任何使用nciId作为主语的资源都必须属于这个类。这符合RDFS的语义规则。

背景知识中，nciId的类型是Property，而AdministrativeRegion是Class。没有直接的信息说明nciId的domain是否是AdministrativeRegion，但根据常识，nciId可能用于标识行政区域，所以这个公理可能是合理的。

不过，也有可能nciId用于其他类，比如组织或其他实体，这时候公理就不正确。但根据给定的背景知识，没有明确的信息反驳这一点，所以只能基于现有信息判断。

综上所述，公理是正确的，因为它符合RDFS的domain约束规则，并且背景知识支持nciId与AdministrativeRegion的关联。
</think>

判断结果：正确
解释：根据RDFS语义规则，属性nciId的主语应属于AdministrativeRegion类，这与背景知识中的类和属性定义一致。",1,0.0,
sample_0272,domain,The domain of orbitalPeriod is Planet.,"背景知识：
条目1：
- 名称：orbitalPeriod
- 类型：Property
- 简介：orbital period (μ)

条目2：
- 名称：Planet
- 类型：Class
- 简介：planet",1,deepseek-ai/DeepSeek-R1-Distill-Qwen-32B,0.0,8192,https://api2.aigcbest.top/v1,"嗯，我现在需要判断这个RDFS公理是否正确。公理是“orbitalPeriod的domain是Planet”。首先，我得理解每个部分的意思。

orbitalPeriod是一个属性，表示轨道周期，通常用来描述天体围绕另一个天体运行的时间。Planet是一个类，代表行星。RDFS中的domain规则说明属性的主体必须属于某个类。

根据常识，轨道周期不仅行星有，卫星、恒星甚至其他天体也有轨道周期。比如，地球绕太阳的轨道周期是1年，而月球绕地球的轨道周期大约是27天。所以，如果domain只限制为Planet，那就不对了，因为很多非行星的天体也有轨道周期。

背景知识中，orbitalPeriod被定义为属性，但没有明确说明它的domain。而Planet只是其中一个可能的类。因此，将domain设为Planet会限制属性的使用，不符合实际情况。

所以，这个公理是错误的，因为它过于限制了属性的适用范围。
</think>

判断结果：错误
解释：orbitalPeriod的domain不仅仅是Planet，还可能包括其他天体，因此该公理与常识不符。",0,0.0,
sample_0274,domain,"For any x and y, if x orbitalPeriod y holds, then x is an instance of Planet.","背景知识：
条目1：
- 名称：orbitalPeriod
- 类型：Property
- 简介：orbital period (μ)

条目2：
- 名称：Planet
- 类型：Class
- 简介：planet",1,deepseek-ai/DeepSeek-R1-Distill-Qwen-32B,0.0,8192,https://api2.aigcbest.top/v1,"嗯，我现在需要判断这个RDFS公理是否正确。公理是说，对于任何x和y，如果x有orbitalPeriod y，那么x必须是Planet类的一个实例。首先，我得理解每个部分的意思。

首先，orbitalPeriod是一个属性，它描述的是轨道周期，通常用于天体，比如行星。Planet是一个类，代表行星。根据RDFS的规则，domain约束是指属性的主体必须属于某个类。所以，这个公理实际上是在说，orbitalPeriod的domain是Planet，也就是说，只有Planet类的实例才能拥有orbitalPeriod属性。

接下来，我得考虑背景知识。轨道周期确实通常与行星相关，但其实不只是行星才有轨道周期。比如，卫星、恒星甚至其他天体也可能有轨道周期。因此，如果硬性规定只有Planet才能有orbitalPeriod，可能会限制太多，不符合实际情况。

再想想RDFS的语义规则，domain约束是说属性的主体必须属于该类，但并不排除其他类的实例使用该属性。所以，如果公理强制要求只有Planet才能有orbitalPeriod，这可能过于严格，因为其他类也可能有这个属性。

综上所述，这个公理可能过于限制，因为它排除了其他可能拥有轨道周期的天体。因此，这个公理是错误的。
</think>

判断结果：错误
解释：根据背景知识，orbitalPeriod属性通常与Planet类相关，但并非仅限于Planet类，因此该公理过于严格，排除了其他可能具有轨道周期的天体。",0,0.0,
sample_0277,domain,The domain of otherChannel is Drug.,"背景知识：
条目1：
- 名称：otherChannel
- 类型：Property
- 简介：other channel

条目2：
- 名称：Drug
- 类型：Class
- 简介：drug",0,deepseek-ai/DeepSeek-R1-Distill-Qwen-32B,0.0,8192,https://api2.aigcbest.top/v1,"嗯，我现在需要判断这个RDFS公理是否正确。公理是“otherChannel的domain是Drug”。首先，我得理解每个部分的意思。

otherChannel是一个属性，Drug是一个类。domain表示属性的主体必须属于某个类。所以，这个公理的意思是，当使用otherChannel属性时，它的主体必须是Drug类的实例。

接下来，我得看看背景知识。条目1说otherChannel是属性，简介是“other channel”，可能是指其他渠道或途径。条目2说Drug是类，简介是“drug”，也就是药物。

现在，我需要分析这个公理是否合理。domain约束意味着，只有Drug类的实例才能作为otherChannel的主体。比如，如果有一个药物实例d，那么d otherChannel ... 是允许的。但如果是其他类的实例，比如Person，就不能用otherChannel属性。

从常识来看，otherChannel可能与药物有关，比如药物的其他销售渠道。所以，将domain设为Drug是合理的，因为它限制了只能药物实例使用这个属性。这符合RDFS的语义规则，没有冲突。

所以，这个公理是正确的。
</think>

判断结果：正确
解释：根据背景知识，otherChannel是一个属性，而Drug是一个类。将otherChannel的domain设为Drug意味着该属性只能用于Drug类的实例，这符合RDFS的语义规则。",1,0.0,
sample_0280,domain,Property otherChannel can only be applied to subjects of class Drug.,"背景知识：
条目1：
- 名称：otherChannel
- 类型：Property
- 简介：other channel

条目2：
- 名称：Drug
- 类型：Class
- 简介：drug",0,deepseek-ai/DeepSeek-R1-Distill-Qwen-32B,0.0,8192,https://api2.aigcbest.top/v1,"好的，我现在需要分析给定的RDFS公理是否正确。公理是：“Property otherChannel can only be applied to subjects of class Drug。”也就是属性otherChannel只能应用于类Drug的主体。

首先，识别公理中的概念。这里涉及的属性是otherChannel，类是Drug。根据背景知识，otherChannel是一个属性，而Drug是一个类，代表药物。

接下来，分析语义关系。公理声明的是属性otherChannel的domain，即该属性只能用于Drug类的实例。这意味着任何使用otherChannel属性的主体都必须是Drug类的成员。

然后，结合RDFS的语义规则。RDFS中的domain约束规定，如果一个属性的domain是某个类，那么所有使用该属性的主体都必须属于该类。这符合公理的描述。

再考虑常识和背景知识。Drug类通常指药物，而otherChannel可能表示其他渠道或相关信息。从常识来看，药物可能有其他销售渠道或相关信息，因此将otherChannel的domain限制为Drug是合理的。

最后，判断公理是否合理。公理符合RDFS规则，且与背景知识一致，没有明显冲突。因此，公理是正确的。
</think>

判断结果：正确
解释：根据背景知识，属性otherChannel的主体只能是类Drug的实例，这符合RDFS的domain约束规则。",1,0.0,
sample_0281,domain,domain(periapsis) = Planet,"背景知识：
条目1：
- 名称：periapsis
- 类型：Property
- 简介：periapsis (km)

条目2：
- 名称：Planet
- 类型：Class
- 简介：planet",1,deepseek-ai/DeepSeek-R1-Distill-Qwen-32B,0.0,8192,https://api2.aigcbest.top/v1,"好，我现在需要判断给定的RDFS公理是否正确。公理是domain(periapsis) = Planet，也就是属性periapsis的主体必须属于Planet类。

首先，识别公理中的概念。periapsis是一个属性，类型是Property，简介是“periapsis (km)”，这可能表示某个天体的近日点距离。Planet是一个类，类型是Class，简介是“planet”，代表行星。

接下来，结合背景知识分析。periapsis通常指的是天体轨道的近日点，这可能适用于行星、卫星、小行星等多种天体。而Planet类只包括行星，所以如果将periapsis的domain限制为Planet，可能会排除其他可能具有periapsis属性的天体。

然后，依据RDFS的语义规则。domain约束规定属性的主体必须属于指定的类。如果 periapsis 只能用于Planet，那么其他类如卫星就不能使用这个属性，这可能不符合实际情况，因为卫星也有periapsis。

最后，判断公理是否合理。由于periapsis可能适用于更广泛的天体，而不仅仅是Planet，所以将domain限制为Planet可能过于狭窄，与常识不符。因此，这个公理是错误的。
</think>

判断结果：错误
解释：属性periapsis的主体应属于更广泛的天体类，而不仅仅是Planet类。",0,0.0,
sample_0282,domain,The domain of periapsis is Planet.,"背景知识：
条目1：
- 名称：periapsis
- 类型：Property
- 简介：periapsis (km)

条目2：
- 名称：Planet
- 类型：Class
- 简介：planet",1,deepseek-ai/DeepSeek-R1-Distill-Qwen-32B,0.0,8192,https://api2.aigcbest.top/v1,"嗯，我现在需要判断这个RDFS公理是否正确。公理是“periapsis的domain是Planet”。首先，我得理解每个部分的意思。

periapsis是一个属性，类型是Property，简介是“periapsis (km)”，所以它应该表示某个天体的近日点距离，单位是千米。Planet是一个类，类型是Class，简介是“planet”，也就是行星。

接下来，RDFS中的domain规则是指属性的主体必须属于某个类。也就是说，如果periapsis的domain是Planet，那么所有具有periapsis属性的实例都必须是Planet类的实例。

现在，我需要考虑是否所有具有periapsis属性的实例都是Planet。periapsis通常指的是天体的近日点，这不仅限于行星，还包括其他天体，比如小行星、彗星等。因此，将periapsis的domain限制为Planet可能过于狭窄，因为它可能适用于更广泛的天体类别，而不仅仅是行星。

此外，根据常识，periapsis可以应用于各种轨道天体，而不仅仅是行星。所以，将domain设为Planet可能不符合实际情况，因为它排除了其他可能具有periapsis属性的天体。

综上所述，这个公理可能不正确，因为它限制了periapsis的使用范围，而实际上它应该适用于更广泛的类。
</think>

判断结果：错误
解释：periapsis属性的主体不仅限于Planet类，还可能包括其他天体，因此将其domain限制为Planet是不合理的。",0,0.0,
sample_0283,domain,"If a resource uses property periapsis as subject, then it should belong to class Planet.","背景知识：
条目1：
- 名称：periapsis
- 类型：Property
- 简介：periapsis (km)

条目2：
- 名称：Planet
- 类型：Class
- 简介：planet",1,deepseek-ai/DeepSeek-R1-Distill-Qwen-32B,0.0,8192,https://api2.aigcbest.top/v1,"嗯，我现在需要判断这个RDFS公理是否正确。公理是说，如果一个资源使用periapsis属性作为主语，那么它应该属于Planet类。首先，我得理解每个部分的意思。

periapsis是一个属性，类型是Property，简介是“periapsis (km)”，这可能表示某个天体的近日点距离。Planet是一个类，类型是Class，简介是“planet”，也就是行星。

接下来，根据RDFS的规则，domain约束是指属性的主语应该属于某个类。所以，这个公理实际上是在说periapsis的domain是Planet。也就是说，任何使用periapsis属性的主语都必须是Planet类的实例。

现在，我需要结合背景知识和常识来判断。periapsis通常指的是轨道的近日点，这不仅限于行星，还可能包括卫星、小行星等其他天体。因此，将periapsis的domain严格限制为Planet可能过于狭窄，因为其他类别的天体也可能有periapsis属性。

所以，这个公理可能不正确，因为它限制了periapsis只能用于Planet类，而实际上它的应用范围更广。
</think>

判断结果：错误
解释：periapsis属性的主语不仅限于Planet类，还可能包括其他天体，因此该公理与常识不符。",0,0.0,
sample_0284,domain,"For any x and y, if x periapsis y holds, then x is an instance of Planet.","背景知识：
条目1：
- 名称：periapsis
- 类型：Property
- 简介：periapsis (km)

条目2：
- 名称：Planet
- 类型：Class
- 简介：planet",1,deepseek-ai/DeepSeek-R1-Distill-Qwen-32B,0.0,8192,https://api2.aigcbest.top/v1,"嗯，我现在需要判断这个RDFS公理是否正确。公理是说，对于任何x和y，如果x periapsis y成立，那么x必须是Planet类的一个实例。首先，我得理解每个部分的意思。

periapsis是一个属性，类型是Property，简介是“periapsis (km)”，这可能表示某个天体的近日点距离。Planet是一个类，代表行星。所以，这个公理的意思是，如果某个东西x有periapsis属性y，那么x必须是Planet类的实例。

接下来，我得考虑RDFS的语义规则。特别是domain规则，它规定属性的主体必须属于某个类。这里，公理实际上是在声明periapsis的domain是Planet，也就是说，只有Planet类的实例才能拥有periapsis属性。

但是，根据常识，periapsis不仅仅是行星才有的属性。比如，卫星、小行星、彗星等其他天体也可能有periapsis。因此，将periapsis的domain限制为Planet可能过于狭窄，不符合实际情况。

所以，这个公理可能不正确，因为它限制了periapsis只能由Planet类的实例拥有，而实际上还有其他类的实例也可能拥有这个属性。
</think>

判断结果：错误
解释：periapsis属性的主体不仅限于Planet类，还可能包括其他天体，因此该公理与常识不符。",0,0.0,
sample_0287,domain,The domain of populationUrbanDensity is Island.,"背景知识：
条目1：
- 名称：populationUrbanDensity
- 类型：Property
- 简介：population urban density (/sqkm)

条目2：
- 名称：Island
- 类型：Class
- 简介：island",0,deepseek-ai/DeepSeek-R1-Distill-Qwen-32B,0.0,8192,https://api2.aigcbest.top/v1,"嗯，我现在需要判断这个RDFS公理是否正确。公理是说populationUrbanDensity的domain是Island。首先，我得理解每个部分的意思。

populationUrbanDensity是一个属性，类型是Property，简介里说是“population urban density (/sqkm)”，也就是人口密度，单位是每平方公里。Island是一个类，类型是Class，简介是“island”，也就是岛屿。

接下来，RDFS的domain规则是指属性的主体必须属于某个类。所以，这个公理的意思是说，当使用populationUrbanDensity这个属性时，它的主体必须是Island类的实例。

那我得想，人口密度这个属性通常用在什么地方。人口密度通常用来描述一个地区的人口数量，比如城市、国家、省份等。而岛屿作为一个地理实体，确实可以有人口密度，比如某个岛屿有多少人居住，密度是多少。所以从常识上看，这似乎是有道理的。

但是，RDFS的domain约束是否正确呢？domain约束是说，属性的主体必须属于某个类。这里，populationUrbanDensity的主体如果是Island，那么每个Island实例都可以有populationUrbanDensity属性。这在语义上是合理的，因为岛屿确实可以有人口密度。

不过，我是不是忽略了什么？比如，是否有其他类也可能有这个属性？比如，City或者Country也可能有populationUrbanDensity。但RDFS的domain约束并不排除其他类使用该属性，它只是规定了该属性的主体必须属于某个类。所以，如果Island是其中一个可能的主体，那么这个公理是正确的。

再想一下，是否有冲突的地方。比如，是否有其他背景知识说明populationUrbanDensity不能用于Island？根据提供的背景知识，没有这样的信息。所以，这个公理是合理的。

综上所述，这个公理是正确的，因为它符合RDFS的domain规则，并且在常识上也是合理的。
</think>

判断结果：正确
解释：populationUrbanDensity的domain是Island，符合RDFS的domain规则，因为岛屿可以有城市人口密度属性。",1,0.0,
sample_0291,domain,domain(previousInfrastructure) = PublicTransitSystem,"背景知识：
条目1：
- 名称：previousInfrastructure
- 类型：Property
- 简介：previous infrastructure

条目2：
- 名称：PublicTransitSystem
- 类型：Class
- 简介：A public transit system is a shared passenger transportation service which is available for use by the general public. Public transport modes include buses, trolleybuses, trams and trains, 'rapid transit' (metro/subways/undergrounds etc) an...",0,deepseek-ai/DeepSeek-R1-Distill-Qwen-32B,0.0,8192,https://api2.aigcbest.top/v1,"嗯，我现在需要判断这个RDFS公理是否正确。公理是domain(previousInfrastructure) = PublicTransitSystem。首先，我得理解每个部分的意思。

首先，previousInfrastructure是一个属性，类型是Property，简介是“previous infrastructure”。这可能意味着它表示某种基础设施的前驱或前身。

然后，PublicTransitSystem是一个类，类型是Class，简介是关于公共交通系统的描述，包括公交车、电车、 tram、火车等。所以，这个类代表的是公共交通系统。

接下来，公理中的domain表示属性的主体属于某个类。也就是说，previousInfrastructure这个属性的主体必须是PublicTransitSystem类的实例。

那我得思考，previousInfrastructure这个属性通常用来描述什么。假设它表示某个基础设施的前身，那么它的主体应该是某种基础设施。而PublicTransitSystem是公共交通系统，属于基础设施的一种。所以，如果previousInfrastructure的主体是PublicTransitSystem，那么这个公理是否合理呢？

根据常识，基础设施可能有前身，比如旧的公交系统可能被新的取代。所以，previousInfrastructure的主体确实可能是PublicTransitSystem。因此，这个公理是合理的，没有明显冲突。
</think>

判断结果：正确
解释：previousInfrastructure的主体属于PublicTransitSystem，符合其作为公共交通系统前身的语义。",1,0.0,
sample_0292,domain,The domain of previousInfrastructure is PublicTransitSystem.,"背景知识：
条目1：
- 名称：previousInfrastructure
- 类型：Property
- 简介：previous infrastructure

条目2：
- 名称：PublicTransitSystem
- 类型：Class
- 简介：A public transit system is a shared passenger transportation service which is available for use by the general public. Public transport modes include buses, trolleybuses, trams and trains, 'rapid transit' (metro/subways/undergrounds etc) an...",0,deepseek-ai/DeepSeek-R1-Distill-Qwen-32B,0.0,8192,https://api2.aigcbest.top/v1,"嗯，我现在需要判断这个RDFS公理是否正确。公理是“previousInfrastructure的domain是PublicTransitSystem”。首先，我得理解每个部分的意思。

previousInfrastructure是一个属性，根据背景知识，它可能表示某种基础设施的前驱或前身。PublicTransitSystem是一个类，指的是公共交通系统，包括公交车、地铁等。

接下来，domain表示属性的主体必须属于某个类。所以，这个公理的意思是，当使用previousInfrastructure属性时，它的主体必须是PublicTransitSystem类的实例。

那我得想，previousInfrastructure通常用来描述什么。比如，如果一个公共交通系统有之前的基础设施，那么这个属性的主体应该是PublicTransitSystem，而客体可能是指向另一个基础设施类。这在语义上是合理的，因为公共交通系统确实可能有前驱的基础设施。

再结合RDFS规则，domain约束是正确的，因为它确保了属性的使用符合类的定义。所以，这个公理是合理的，没有冲突。
</think>

判断结果：正确
解释：previousInfrastructure的domain约束为PublicTransitSystem，符合其作为属性描述公共交通系统前驱基础设施的语义。",1,0.0,
sample_0294,domain,"For any x and y, if x previousInfrastructure y holds, then x is an instance of PublicTransitSystem.","背景知识：
条目1：
- 名称：previousInfrastructure
- 类型：Property
- 简介：previous infrastructure

条目2：
- 名称：PublicTransitSystem
- 类型：Class
- 简介：A public transit system is a shared passenger transportation service which is available for use by the general public. Public transport modes include buses, trolleybuses, trams and trains, 'rapid transit' (metro/subways/undergrounds etc) an...",0,deepseek-ai/DeepSeek-R1-Distill-Qwen-32B,0.0,8192,https://api2.aigcbest.top/v1,"嗯，我现在需要判断这个RDFS公理是否正确。公理是说，对于任何x和y，如果x previousInfrastructure y成立，那么x必须是PublicTransitSystem的一个实例。首先，我得理解每个部分的意思。

首先，previousInfrastructure是一个属性，类型是Property，简介里只写了“previous infrastructure”，可能表示某种基础设施的关系。PublicTransitSystem是一个类，代表公共交通系统，包括公交车、电车、 tram、火车等。

接下来，公理中的条件是x previousInfrastructure y，这意味着x和y之间有previousInfrastructure的关系。然后结论是x必须属于PublicTransitSystem类。那我得看看这个结论是否合理。

根据RDFS的规则，domain约束是指属性的主体必须属于某个类。所以，如果previousInfrastructure的domain被定义为PublicTransitSystem，那么这个公理就是正确的。但背景知识中并没有提到previousInfrastructure的domain是什么，所以可能需要根据常识来判断。

通常，previousInfrastructure可能用于描述某个基础设施的前身，比如某个公共交通系统之前的基础设施。所以，如果x有previousInfrastructure关系，x很可能是某个公共交通系统，因此属于PublicTransitSystem类。这符合常识，所以公理是正确的。
</think>

判断结果：正确
解释：根据背景知识，previousInfrastructure属性的主体应属于PublicTransitSystem类，符合RDFS的domain约束规则。",1,0.0,
sample_0295,domain,Property previousInfrastructure can only be applied to subjects of class PublicTransitSystem.,"背景知识：
条目1：
- 名称：previousInfrastructure
- 类型：Property
- 简介：previous infrastructure

条目2：
- 名称：PublicTransitSystem
- 类型：Class
- 简介：A public transit system is a shared passenger transportation service which is available for use by the general public. Public transport modes include buses, trolleybuses, trams and trains, 'rapid transit' (metro/subways/undergrounds etc) an...",0,deepseek-ai/DeepSeek-R1-Distill-Qwen-32B,0.0,8192,https://api2.aigcbest.top/v1,"好，我现在需要分析这个RDFS公理是否正确。公理是说属性previousInfrastructure只能应用在类PublicTransitSystem的实例上。首先，我得理解每个部分的含义。

属性previousInfrastructure，根据背景知识，它是一个属性，简介是“previous infrastructure”，可能表示某种基础设施的前身或历史版本。类PublicTransitSystem是公共交通系统，包括公交车、电车、地铁等。

接下来，公理声明这个属性的domain是PublicTransitSystem，也就是说，只有属于这个类的实例才能使用这个属性。这符合常识，因为公共交通系统确实会有前身或历史基础设施，比如旧的公交线路或地铁线路。

RDFS的domain规则规定，属性的domain指定了该属性只能用于特定类的实例。这里previousInfrastructure的domain设为PublicTransitSystem，符合语义规则，没有冲突。

所以，这个公理是合理的，没有错误。
</think>

判断结果：正确
解释：属性previousInfrastructure的domain被设定为PublicTransitSystem，符合RDFS语义规则，因为previousInfrastructure通常与公共交通系统的前身相关。",1,0.0,
sample_0296,domain,domain(projectBudgetTotal) = Work,"背景知识：
条目1：
- 名称：projectBudgetTotal
- 类型：Property
- 简介：The total budget of the research project.

条目2：
- 名称：Work
- 类型：Class
- 简介：Item on which time has been spent for its realisation. Actor can be a human on not (machine, insects, nature...)",0,deepseek-ai/DeepSeek-R1-Distill-Qwen-32B,0.0,8192,https://api2.aigcbest.top/v1,"嗯，我现在需要判断这个RDFS公理是否正确。公理是domain(projectBudgetTotal) = Work。首先，我得理解每个部分的意思。

projectBudgetTotal是一个属性，表示研究项目的总预算。Work是一个类，指的是花费时间去实现的项目，比如人类或其他实体（机器、昆虫、自然）所完成的工作。

根据RDFS的domain规则，属性的domain指定了该属性的主体必须属于某个类。所以，这里的意思是说，projectBudgetTotal这个属性的主体必须是Work类的实例。

那projectBudgetTotal通常用在什么情况下呢？比如，一个研究项目可能有总预算，所以这个属性的主体应该是研究项目。而Work类的实例可能包括各种工作，比如软件开发、建筑项目等，这些可能都有预算。所以，从语义上看，projectBudgetTotal的主体确实属于Work类，因为研究项目属于Work的一种。

再结合常识，项目预算通常与项目相关，而项目属于Work的范畴。因此，这个公理是合理的，没有冲突。
</think>

判断结果：正确
解释：projectBudgetTotal的主体是研究项目，而研究项目属于Work类，因此domain(projectBudgetTotal) = Work是合理的。",1,0.0,
sample_0298,domain,"If a resource uses property projectBudgetTotal as subject, then it should belong to class Work.","背景知识：
条目1：
- 名称：projectBudgetTotal
- 类型：Property
- 简介：The total budget of the research project.

条目2：
- 名称：Work
- 类型：Class
- 简介：Item on which time has been spent for its realisation. Actor can be a human on not (machine, insects, nature...)",0,deepseek-ai/DeepSeek-R1-Distill-Qwen-32B,0.0,8192,https://api2.aigcbest.top/v1,"嗯，我现在需要分析这个RDFS公理是否正确。公理是说，如果一个资源使用projectBudgetTotal作为主语，那么它应该属于Work类。首先，我得理解每个部分的意思。

projectBudgetTotal是一个属性，表示研究项目的总预算。Work是一个类，指的是花费时间去实现的项目，比如人类或其他实体完成的项目。根据RDFS的规则，domain约束是指属性的主语必须属于某个类。

那公理的意思是，projectBudgetTotal的主语必须是Work类的实例。也就是说，任何使用projectBudgetTotal的资源都必须是Work类的成员。这符合RDFS的domain规则，因为属性的主语类型被限制了。

背景知识中，projectBudgetTotal是属性，Work是类，所以这个公理是正确的。没有冲突，所以判断为正确。
</think>

判断结果：正确
解释：根据RDFS的domain规则，属性projectBudgetTotal的主语应属于类Work，这与背景知识一致。",1,0.0,
sample_0299,domain,"For any x and y, if x projectBudgetTotal y holds, then x is an instance of Work.","背景知识：
条目1：
- 名称：projectBudgetTotal
- 类型：Property
- 简介：The total budget of the research project.

条目2：
- 名称：Work
- 类型：Class
- 简介：Item on which time has been spent for its realisation. Actor can be a human on not (machine, insects, nature...)",0,deepseek-ai/DeepSeek-R1-Distill-Qwen-32B,0.0,8192,https://api2.aigcbest.top/v1,"嗯，我现在需要判断这个RDFS公理是否正确。公理是说，对于任何x和y，如果x有projectBudgetTotal y，那么x必须是Work类的一个实例。首先，我得理解每个部分的意思。

projectBudgetTotal是一个属性，表示研究项目的总预算。Work是一个类，指的是花费时间去实现的项目，比如人类或其他实体完成的项目。根据RDFS的规则，domain约束是指属性的主体必须属于某个类。所以，如果projectBudgetTotal的domain是Work，那么任何使用这个属性的主体都必须是Work的实例。

现在，公理中的条件是x projectBudgetTotal y，这意味着x是这个属性的主体。根据domain的定义，x必须属于Work类。所以，公理中的结论是正确的，因为它符合RDFS的domain约束规则。没有明显的冲突，所以这个公理是正确的。
</think>

判断结果：正确
解释：根据RDFS的domain规则，属性projectBudgetTotal的主体必须是Work类的实例，因此该公理是正确的。",1,0.0,
sample_0300,domain,Property projectBudgetTotal can only be applied to subjects of class Work.,"背景知识：
条目1：
- 名称：projectBudgetTotal
- 类型：Property
- 简介：The total budget of the research project.

条目2：
- 名称：Work
- 类型：Class
- 简介：Item on which time has been spent for its realisation. Actor can be a human on not (machine, insects, nature...)",0,deepseek-ai/DeepSeek-R1-Distill-Qwen-32B,0.0,8192,https://api2.aigcbest.top/v1,"好的，我现在需要分析给定的RDFS公理是否正确。公理是：“Property projectBudgetTotal can only be applied to subjects of class Work。”也就是说，属性projectBudgetTotal只能应用于类Work的实例。

首先，我需要识别公理中涉及的概念。这里有两个关键部分：属性projectBudgetTotal和类Work。根据背景知识，projectBudgetTotal是一个属性，表示研究项目的总预算。而Work是一个类，指的是花费时间去实现的项目，主体可以是人类或其他实体。

接下来，分析语义关系。公理声明的是projectBudgetTotal的domain是Work，这意味着任何使用projectBudgetTotal属性的主体都必须属于Work类。根据RDFS的规则，domain约束确保属性只能应用于特定类的实例。

结合背景知识，projectBudgetTotal通常与项目相关，而Work类确实涵盖了各种项目，包括研究项目。因此，将projectBudgetTotal的domain设为Work是合理的，因为预算通常与项目相关联，而Work类正好描述了这类项目。

此外，常识上，预算属性确实适用于项目，而Work类作为项目的一种，符合这一语义关系。因此，公理没有与背景知识或语义规则冲突，是正确的。
</think>

判断结果：正确
解释：根据背景知识，projectBudgetTotal是描述研究项目总预算的属性，而Work类涵盖了需要花费时间实现的项目，因此将projectBudgetTotal的domain设为Work是合理的。",1,0.0,
sample_0301,domain,domain(runtime) = Airline,"背景知识：
条目1：
- 名称：runtime
- 类型：Property
- 简介：runtime (m)

条目2：
- 名称：Airline
- 类型：Class
- 简介：airline",0,deepseek-ai/DeepSeek-R1-Distill-Qwen-32B,0.0,8192,https://api2.aigcbest.top/v1,"嗯，我现在需要判断这个RDFS公理是否正确。公理是domain(runtime) = Airline。首先，我得理解每个部分的意思。

domain(runtime) 表示属性runtime的主体必须属于Airline这个类。也就是说，任何使用runtime属性的主体都必须是Airline类的实例。

接下来，我看看背景知识。runtime是一个属性，类型是Property，简介里写着runtime (m)，可能是指运行时间，比如航空公司运营的时间。Airline是一个类，代表航空公司。

根据常识，运行时间通常与航空公司相关，比如航空公司的运营时间。所以，runtime属性的主体应该是航空公司，也就是Airline类。这符合domain的定义，即属性的主体属于某个类。

RDFS的语义规则中，domain约束确保属性的使用符合类的定义。这里没有冲突，所以公理是合理的。
</think>

判断结果：正确
解释：属性runtime的主体应属于Airline类，这与背景知识中runtime与航空公司的关联一致。",1,0.0,
sample_0303,domain,"If a resource uses property runtime as subject, then it should belong to class Airline.","背景知识：
条目1：
- 名称：runtime
- 类型：Property
- 简介：runtime (m)

条目2：
- 名称：Airline
- 类型：Class
- 简介：airline",0,deepseek-ai/DeepSeek-R1-Distill-Qwen-32B,0.0,8192,https://api2.aigcbest.top/v1,"好的，我现在需要分析给定的RDFS公理是否正确。首先，公理是：“如果一个资源使用属性runtime作为主语，那么它应该属于类Airline。” 

首先，我需要识别公理中涉及的概念和属性。这里涉及的属性是runtime，类是Airline。根据背景知识，runtime是一个属性，而Airline是一个类。

接下来，分析语义关系。公理的意思是，任何使用runtime属性的资源都必须属于Airline类。这相当于在说，runtime属性的主语必须属于Airline类，也就是domain约束。在RDFS中，domain用于指定属性的主语必须属于某个类。

然后，结合背景知识，runtime的简介是“runtime (m)”，这可能指的是运行时间，通常与航空公司有关，比如航班的运行时间。因此，从常识来看，使用runtime属性的资源很可能是航空公司，即属于Airline类。

根据RDFS的语义规则，如果一个属性的domain被定义为某个类，那么所有使用该属性的主语都必须属于该类。因此，将runtime的domain设置为Airline是合理的，因为runtime通常与航空公司相关。

最后，判断公理是否合理。公理符合RDFS的domain规则，并且与背景知识和常识相符，因此是正确的。
</think>

判断结果：正确
解释：根据RDFS语义规则，属性runtime的主语应属于类Airline，这与背景知识中runtime与航空公司的关联一致。",1,0.0,
sample_0304,domain,"For any x and y, if x runtime y holds, then x is an instance of Airline.","背景知识：
条目1：
- 名称：runtime
- 类型：Property
- 简介：runtime (m)

条目2：
- 名称：Airline
- 类型：Class
- 简介：airline",0,deepseek-ai/DeepSeek-R1-Distill-Qwen-32B,0.0,8192,https://api2.aigcbest.top/v1,"嗯，我现在需要判断这个RDFS公理是否正确。公理是说，对于任何x和y，如果x runtime y成立，那么x必须是Airline类的一个实例。首先，我得理解每个部分的意思。

首先，runtime是一个属性，类型是Property，简介里写着runtime (m)，可能是指运行时间，比如航空公司运营的时间。Airline是一个类，代表航空公司。

接下来，公理中的条件是x runtime y，这意味着x有属性runtime，其值是y。然后结论是x必须是Airline的实例。那我得看看这个结论是否合理。

根据RDFS的规则，domain约束是指属性的主体必须属于某个类。这里，公理实际上是在声明runtime属性的domain是Airline。也就是说，任何使用runtime属性的主体都必须是Airline类的实例。

现在，结合背景知识，runtime可能与航空公司有关，比如运营时间。所以，如果runtime的domain是Airline，那么只有航空公司才能有runtime属性。这在语义上是合理的，因为运行时间通常与航空公司相关，而不是其他类型的实体。

所以，这个公理是正确的，因为它符合RDFS的domain规则，并且与背景知识一致。
</think>

判断结果：正确
解释：根据背景知识，runtime属性的主体应属于Airline类，因此该公理符合RDFS的domain规则。",1,0.0,
sample_0305,domain,Property runtime can only be applied to subjects of class Airline.,"背景知识：
条目1：
- 名称：runtime
- 类型：Property
- 简介：runtime (m)

条目2：
- 名称：Airline
- 类型：Class
- 简介：airline",0,deepseek-ai/DeepSeek-R1-Distill-Qwen-32B,0.0,8192,https://api2.aigcbest.top/v1,"好，我现在需要分析这个RDFS公理是否正确。公理是：“Property runtime can only be applied to subjects of class Airline。”也就是属性runtime只能应用在类Airline的主体上。

首先，识别公理中的概念。这里涉及的属性是runtime，类是Airline。根据背景知识，runtime是一个属性，而Airline是一个类，代表航空公司。

接下来，分析语义关系。公理声明的是runtime的domain是Airline，这意味着任何使用runtime属性的主体都必须属于Airline类。根据RDFS的规则，domain约束了属性的主体类型。

然后，结合背景知识。runtime的简介是“runtime (m)”，可能指的是运行时间，比如航空公司运营的时间。常识上，运行时间确实与航空公司相关，所以将runtime的domain设为Airline是合理的。

最后，判断公理是否合理。根据上述分析，公理符合背景知识和语义规则，没有冲突。因此，这个公理是正确的。
</think>

判断结果：正确
解释：根据背景知识，属性runtime的主体应属于类Airline，这与公理声明一致。",1,0.0,
sample_0308,range,"If a resource appears as the object of property academicAdvisor, then it should belong to class College.","背景知识：
条目1：
- 名称：academicAdvisor
- 类型：Property
- 简介：academic advisor

条目2：
- 名称：College
- 类型：Class
- 简介：college",0,deepseek-ai/DeepSeek-R1-Distill-Qwen-32B,0.0,8192,https://api2.aigcbest.top/v1,"嗯，我现在需要分析这个RDFS公理是否正确。公理是说，如果一个资源作为属性academicAdvisor的宾语出现，那么它应该属于类College。首先，我得理解每个部分的意思。

首先，属性academicAdvisor，根据背景知识，它是一个属性，可能表示学术顾问。类College，是一个类，代表学院。公理的意思是，如果某个资源被用作academicAdvisor的值，那么这个资源必须是College类的实例。

接下来，我需要考虑RDFS的语义规则。特别是关于属性的范围（range）的规则。RDFS中，属性的range定义了该属性的值必须属于某个类。所以，如果公理是说academicAdvisor的range是College，那么这应该是一个正确的声明。

但是，我需要确认background knowledge中是否有这样的信息。背景知识中，academicAdvisor被定义为属性，但没有明确说明它的range。所以，根据常识，学术顾问通常是学院的成员，所以将academicAdvisor的range设为College是合理的。

因此，这个公理是正确的，因为它符合RDFS的range规则，并且与背景知识和常识相符。
</think>

判断结果：正确
解释：根据RDFS语义规则，属性academicAdvisor的范围应为College，因此该公理是正确的。",1,0.0,
sample_0309,range,"For any x and y, if x academicAdvisor y holds, then y is an instance of College.","背景知识：
条目1：
- 名称：academicAdvisor
- 类型：Property
- 简介：academic advisor

条目2：
- 名称：College
- 类型：Class
- 简介：college",0,deepseek-ai/DeepSeek-R1-Distill-Qwen-32B,0.0,8192,https://api2.aigcbest.top/v1,"嗯，我现在需要判断这个RDFS公理是否正确。公理是说，对于任何x和y，如果x academicAdvisor y成立，那么y必须是College类的一个实例。首先，我得理解每个部分的意思。

首先，识别公理中的概念。这里有两个主要部分：属性academicAdvisor和类College。根据背景知识，academicAdvisor是一个属性，而College是一个类，代表学院。

接下来，分析语义关系。公理中的条件是x academicAdvisor y，这意味着x是y的学术顾问。然后结论是y必须属于College类。那我得想，学术顾问通常是谁呢？通常，学术顾问是指导学生的人，比如教授或者导师，而学生属于学院的成员，比如本科生或研究生。

根据常识，学术顾问（academic advisor）通常是学院的教职员工，而学生是学院的成员。所以，如果x是y的学术顾问，那么y应该是学生，而学生属于College类。因此，这个公理是合理的，因为它符合学术顾问与学生之间的关系，而学生属于学院。

再考虑RDFS的语义规则，特别是domain和range。这里公理实际上是在定义属性academicAdvisor的range，即y必须属于College。这与常识一致，因为学术顾问指导的是学院的学生，所以y应该是College的实例。

综上所述，这个公理是正确的，因为它符合背景知识和常识，没有明显的冲突。
</think>

判断结果：正确
解释：根据背景知识，academicAdvisor属性的客体应属于College类，符合RDFS的range语义规则。",1,0.0,
sample_0315,range,Property administrativeDistrict can only point to objects of class PopulatedPlace.,"背景知识：
条目1：
- 名称：administrativeDistrict
- 类型：Property
- 简介：administrative district

条目2：
- 名称：PopulatedPlace
- 类型：Class
- 简介：As defined by the United States Geological Survey, a populated place is a place or area with clustered or scattered buildings and a permanent human population (city, settlement, town, or village) referenced with geographic coordinates (http...",1,deepseek-ai/DeepSeek-R1-Distill-Qwen-32B,0.0,8192,https://api2.aigcbest.top/v1,"好，我现在需要分析这个RDFS公理是否正确。公理是说属性administrativeDistrict只能指向类PopulatedPlace的对象。首先，我得理解每个部分的含义。

根据背景知识，administrativeDistrict是一个属性，而PopulatedPlace是一个类，代表有人居住的地方，比如城市、城镇或村庄。RDFS中的range规则规定，属性的值必须属于指定的类。

接下来，我思考一下，administrativeDistrict通常指的是行政区划，比如省、市、区。这些行政区划通常包括多个地方，包括有人居住的和无人居住的区域。然而，PopulatedPlace特指有人居住的地方，所以如果一个属性的range被限制为PopulatedPlace，那么它只能指向有人居住的地方，这可能过于严格，因为行政区划可能包含无人区。

因此，这个公理可能不正确，因为它限制了administrativeDistrict只能指向有人居住的地方，而实际上行政区划可能包括更广泛的区域，不一定都是有人居住的。
</think>

判断结果：错误
解释：根据背景知识，属性administrativeDistrict的范围应包括所有行政区划，而不仅仅是有人居住的地方，因此将其限制为PopulatedPlace是不正确的。",0,0.0,
sample_0320,range,Property affiliation can only point to objects of class Athlete.,"背景知识：
条目1：
- 名称：affiliation
- 类型：Property
- 简介：affiliation

条目2：
- 名称：Athlete
- 类型：Class
- 简介：athlete",0,deepseek-ai/DeepSeek-R1-Distill-Qwen-32B,0.0,8192,https://api2.aigcbest.top/v1,"嗯，我现在需要判断这个RDFS公理是否正确。公理是“Property affiliation can only point to objects of class Athlete。”也就是说，属性affiliation只能指向类Athlete的实例。

首先，我得识别公理中涉及的概念。这里有两个：属性affiliation和类Athlete。根据背景知识，affiliation是一个属性，而Athlete是一个类，代表运动员。

接下来，分析语义关系。公理是在说affiliation的范围（range）只能是Athlete类。根据RDFS的规则，range约束了属性的值必须属于某个类。所以，这里affiliation的range被设定为Athlete。

然后，结合常识和背景知识。affiliation通常指的是隶属关系，比如一个人属于某个组织或团队。在体育领域，运动员可能隶属于某个俱乐部或国家队，所以affiliation指向Athlete是合理的。因为affiliation的值通常是运动员，所以这个约束是正确的。

最后，判断是否合理。根据RDFS规则和常识，这个公理是正确的，因为它正确地限定了affiliation的范围。
</think>

判断结果：正确
解释：根据背景知识，属性affiliation的范围被限定为类Athlete，这符合RDFS的range约束规则，因此该公理是合理的。",1,0.0,
sample_0326,range,range(alongside) = Department,"背景知识：
条目1：
- 名称：alongside
- 类型：Property
- 简介：alongside

条目2：
- 名称：Department
- 类型：Class
- 简介：department",0,deepseek-ai/DeepSeek-R1-Distill-Qwen-32B,0.0,8192,https://api2.aigcbest.top/v1,"好，我现在需要判断这个RDFS公理是否正确。公理是range(alongside) = Department。首先，我得理解每个部分的意思。

range表示属性的客体应该属于某个类。这里属性是alongside，类是Department。那alongside这个属性的客体必须是Department类的实例。

接下来，我看看背景知识。alongside是一个属性，没有更多的简介，Department是一个类，也没有详细说明。根据常识，alongside通常表示“与...并列”或者“在...旁边”的意思。比如，可以说一个人在某个部门工作，或者某个部门与另一个部门并列。

那么，如果range是Department，意味着当使用alongside属性时，它的值必须是Department类的实例。比如，可能表示某个部门与另一个部门并列。这在语义上是合理的，因为部门之间确实可以并列存在。

再考虑RDFS的语义规则，range约束是正确的，只要属性的值符合指定的类。这里没有明显冲突，所以这个公理是合理的。
</think>

判断结果：正确
解释：属性alongside的客体应属于Department类，符合RDFS的range语义规则。",1,0.0,
sample_0328,range,"If a resource appears as the object of property alongside, then it should belong to class Department.","背景知识：
条目1：
- 名称：alongside
- 类型：Property
- 简介：alongside

条目2：
- 名称：Department
- 类型：Class
- 简介：department",0,deepseek-ai/DeepSeek-R1-Distill-Qwen-32B,0.0,8192,https://api2.aigcbest.top/v1,"嗯，我现在需要判断这个RDFS公理是否正确。公理是说，如果一个资源作为属性alongside的宾语出现，那么它应该属于类Department。首先，我得理解每个部分的意思。

首先，识别公理中的概念和属性。这里涉及的属性是alongside，类是Department。根据背景知识，alongside是一个属性，Department是一个类，简介都很简单，没有更多的信息。

接下来，分析语义关系。公理的意思是，当某个资源被用在alongside属性的后面时，这个资源必须属于Department类。比如，如果A alongside B，那么B必须是Department的一个实例。

然后，结合RDFS的语义规则。RDFS中的range规则规定，属性的值必须属于某个类。所以，如果alongside的range被定义为Department，那么任何作为alongside宾语的资源都必须属于Department。

现在，判断这个公理是否合理。根据背景知识，alongside的属性没有明确说明它的range是什么，但公理假设了它的range是Department。这可能符合常识，比如在组织结构中，部门之间可能有alongside的关系，所以作为宾语的资源属于Department是合理的。

有没有冲突呢？背景知识中没有提到alongside的range，所以这个公理并没有明显冲突，只是假设了它的range。因此，这个公理是正确的，因为它符合RDFS的range规则，并且在常识中是合理的。
</think>

判断结果：正确
解释：根据RDFS的range规则，属性alongside的值应属于类Department，这与公理的描述一致。",1,0.0,
sample_0329,range,"For any x and y, if x alongside y holds, then y is an instance of Department.","背景知识：
条目1：
- 名称：alongside
- 类型：Property
- 简介：alongside

条目2：
- 名称：Department
- 类型：Class
- 简介：department",0,deepseek-ai/DeepSeek-R1-Distill-Qwen-32B,0.0,8192,https://api2.aigcbest.top/v1,"好的，我现在需要分析给定的RDFS公理是否正确。首先，公理是：“对于任何x和y，如果x alongside y成立，那么y是Department类的实例。” 

首先，识别公理中的概念和属性。这里涉及的属性是“alongside”，类是“Department”。根据背景知识，alongside是一个属性，Department是一个类。

接下来，分析语义关系。公理断言，如果x和y之间有alongside关系，那么y必须属于Department类。这可能意味着alongside属性的范围（range）被限制为Department类。

然后，结合RDFS规则。RDFS中的range规则规定，属性的范围定义了该属性的值必须属于某个类。因此，如果alongside的range被设定为Department，那么任何y作为alongside的值都必须是Department的实例。

现在，检查背景知识是否有冲突。背景知识中没有明确说明alongside的范围，因此根据常识，可能需要假设alongside通常用于表示某种伴随关系，比如部门之间的关系。因此，将y限制为Department类是合理的。

最后，判断公理是否合理。由于公理符合RDFS的range规则，并且与背景知识和常识相符，因此该公理是正确的。
</think>

判断结果：正确
解释：根据RDFS语义规则，属性alongside的范围被限制为Department类，因此如果x alongside y成立，y必须是Department类的实例。",1,0.0,
sample_0330,range,Property alongside can only point to objects of class Department.,"背景知识：
条目1：
- 名称：alongside
- 类型：Property
- 简介：alongside

条目2：
- 名称：Department
- 类型：Class
- 简介：department",0,deepseek-ai/DeepSeek-R1-Distill-Qwen-32B,0.0,8192,https://api2.aigcbest.top/v1,"好的，我现在需要分析给定的RDFS公理是否正确。公理是：“Property alongside can only point to objects of class Department。”首先，我需要理解这个公理的意思。它表示属性“alongside”只能指向类“Department”的实例。

接下来，我查看背景知识。背景知识中提到，“alongside”是一个属性，而“Department”是一个类。根据RDFS的规则，属性的range约束定义了该属性的值必须属于某个类。因此，这个公理实际上是在为“alongside”属性设置一个range，即它的值必须是“Department”的实例。

现在，我需要判断这个设置是否合理。根据常识，“alongside”通常用来表示伴随或并列的关系，比如“在...旁边”。如果将其range限制为“Department”，那么它只能用于描述与部门相关的伴随关系。这在某些特定领域（如组织结构）中可能是合理的，但在一般情况下，这样的限制可能过于狭窄，因为“alongside”可以用于描述各种实体之间的伴随关系，而不仅仅是部门。

然而，RDFS本身并不限制属性的使用范围，它只是提供了一种机制来定义约束。因此，从语义规则的角度来看，这个公理是正确的，因为它符合RDFS的定义方式。但是，从常识和实际应用的角度来看，这样的约束可能过于严格，可能限制了属性的灵活性。

综合考虑，虽然从技术规则上来说公理是正确的，但结合常识，这样的约束可能不合理。因此，我需要判断这个公理是否正确。根据任务要求，如果公理与背景知识或语义规则存在明显冲突，则判定为错误。在这里，公理并没有违反RDFS的规则，但它可能与常识不符，但任务中并没有明确指出需要考虑常识是否合理，只是判断是否符合规则和背景知识。因此，可能需要重新审视。

或者，可能我的理解有误。RDFS的range约束是允许的，所以公理是正确的。但可能在实际应用中，这样的约束可能不合理，但根据任务要求，只要符合语义规则和背景知识，就是正确的。因此，判断结果应该是正确，因为公理符合RDFS的规则，并且背景知识中没有冲突的信息。
</think>

判断结果：正确
解释：根据RDFS语义规则，属性的range约束定义了该属性的值必须属于某个类，而公理中明确指定了属性alongside的range为Department，这与RDFS的语义规则一致。",1,0.0,
sample_0331,range,range(architect) = Place,"背景知识：
条目1：
- 名称：architect
- 类型：Property
- 简介：architect

条目2：
- 名称：Place
- 类型：Class
- 简介：place",0,deepseek-ai/DeepSeek-R1-Distill-Qwen-32B,0.0,8192,https://api2.aigcbest.top/v1,"嗯，我现在需要判断这个RDFS公理是否正确。公理是range(architect) = Place。首先，我得理解每个部分的意思。

architect是一个属性，而Place是一个类。range的意思是说，这个属性的客体必须属于某个类。所以，range(architect) = Place意味着architect属性的值必须是Place类的实例。

接下来，我得看看背景知识。architect被定义为一个属性，但没有提供更多的信息，比如它通常指向什么。Place是一个类，可能代表地点。那么，architect这个属性通常用来表示什么呢？比如，可能表示某人是建筑师，或者某个地方有建筑师？

根据常识，architect通常指的是人，比如“建筑师”这个职业。所以，如果architect属性的值是Place，那可能意味着这个属性指向的是一个地点，比如“建筑师位于某个地方”。这可能不太常见，但也不是完全错误，因为有时候确实会提到建筑师所在的位置。

不过，通常情况下，architect属性可能更常用于描述人，而不是地点。所以，这里可能有些不太合理。但根据RDFS的语义规则，只要属性的值属于指定的类，就可以成立。所以，从语义规则来看，这个公理是正确的，因为它明确指定了architect的值必须是Place类的实例。

不过，考虑到常识，可能这个公理的应用场景比较特殊，或者architect在这里有特定的含义。所以，综合来看，这个公理在语义上是正确的，因为它符合RDFS的规则，即使在常识中可能不太常见。
</think>

判断结果：正确
解释：根据RDFS语义规则，属性architect的值必须属于类Place，这与背景知识中architect作为属性的定义一致。",1,0.0,
sample_0333,range,"If a resource appears as the object of property architect, then it should belong to class Place.","背景知识：
条目1：
- 名称：architect
- 类型：Property
- 简介：architect

条目2：
- 名称：Place
- 类型：Class
- 简介：place",0,deepseek-ai/DeepSeek-R1-Distill-Qwen-32B,0.0,8192,https://api2.aigcbest.top/v1,"嗯，我现在需要分析这个RDFS公理是否正确。公理是说，如果一个资源作为属性architect的宾语出现，那么它应该属于类Place。首先，我得理解每个部分的意思。

首先，architect是一个属性，而Place是一个类。根据RDFS的规则，属性architect的范围（range）应该指定它的值属于哪个类。这里公理的意思是，architect的范围是Place，也就是说，任何作为architect属性值的资源都必须是Place类的实例。

接下来，我需要结合背景知识。背景中提到architect是属性，Place是类，但没有明确说明architect的范围。通常，architect属性可能用来表示设计某个地方的人，比如建筑师设计了一个建筑，那么这个建筑可能属于Place类。所以，从常识来看，architect的范围设置为Place是合理的。

再考虑RDFS的语义规则，特别是关于range的使用。RDFS中的range约束确保属性的值属于指定的类。这里公理正确地应用了range规则，将architect的范围设为Place，符合语义要求。

综上所述，这个公理是正确的，因为它符合背景知识和RDFS的语义规则。
</think>

判断结果：正确
解释：根据背景知识，属性architect的范围应为Place，符合RDFS的语义规则。",1,0.0,
sample_0334,range,"For any x and y, if x architect y holds, then y is an instance of Place.","背景知识：
条目1：
- 名称：architect
- 类型：Property
- 简介：architect

条目2：
- 名称：Place
- 类型：Class
- 简介：place",0,deepseek-ai/DeepSeek-R1-Distill-Qwen-32B,0.0,8192,https://api2.aigcbest.top/v1,"嗯，我现在需要判断这个RDFS公理是否正确。公理是说，对于任何x和y，如果x architect y成立，那么y必须是Place类的一个实例。首先，我得理解每个部分的意思。

首先，识别公理中的概念。这里有两个主要部分：architect和Place。根据背景知识，architect是一个属性（Property），而Place是一个类（Class）。所以，architect属性连接的是两个资源，x和y，其中x是属性的主体，y是属性的客体。

接下来，分析语义关系。architect属性通常用来表示“设计”或“建筑师”的关系。比如，x architect y可能意味着x是y的建筑师，或者x设计了y。而Place是一个类，通常指地点，比如城市、建筑、公园等。

根据RDFS的语义规则，特别是关于属性的范围（range）的规则。如果一个属性的range被定义为某个类，那么该属性的所有客体都必须属于该类。在这个公理中，architect的range被隐式地定义为Place，因为公理说如果x architect y成立，那么y必须是Place的实例。

现在，结合常识来判断是否合理。建筑师通常设计的是建筑物，而建筑物属于Place类。所以，如果x architect y，y很可能是某个建筑，也就是Place的一个实例。这符合常识，因为建筑师设计的通常是地点或建筑，属于Place类。

因此，这个公理是合理的，因为它符合RDFS的语义规则，并且与背景知识和常识相符。
</think>

判断结果：正确
解释：根据背景知识，architect是一个属性，而Place是一个类。公理规定了architect属性的客体必须是Place类的实例，这符合RDFS的语义规则，因此该公理是正确的。",1,0.0,
sample_0335,range,Property architect can only point to objects of class Place.,"背景知识：
条目1：
- 名称：architect
- 类型：Property
- 简介：architect

条目2：
- 名称：Place
- 类型：Class
- 简介：place",0,deepseek-ai/DeepSeek-R1-Distill-Qwen-32B,0.0,8192,https://api2.aigcbest.top/v1,"嗯，我现在需要判断这个RDFS公理是否正确。公理是“Property architect can only point to objects of class Place。”也就是说，属性architect只能指向类Place的对象。首先，我得理解每个部分的含义。

根据背景知识，architect是一个属性，而Place是一个类。RDFS中的range规则规定，属性的值必须属于某个类。所以，这里architect的range被设定为Place，意味着任何使用architect属性的陈述，其对象都必须是Place类的实例。

接下来，我需要结合常识来分析。architect通常指的是建筑师，而建筑师通常与设计或建造的地点相关，比如建筑物、城市等。Place类通常代表地理位置或场所，这与architect的使用场景相符。因此，从语义上看，这个设定是合理的。

再考虑RDFS的规则，range约束确保了属性值的类型正确性，这里没有违反任何规则。所以，这个公理是正确的。
</think>

判断结果：正确
解释：根据背景知识，属性architect的范围被设定为类Place，符合RDFS的range规则，且与常识相符。",1,0.0,
sample_0344,range,"For any x and y, if x associate y holds, then y is an instance of BroadcastNetwork.","背景知识：
条目1：
- 名称：associate
- 类型：Property
- 简介：associate

条目2：
- 名称：BroadcastNetwork
- 类型：Class
- 简介：A broadcast network is an organization, such as a corporation or other association, that provides live or recorded content, such as movies, newscasts, sports, and public affairs programs for broadcast over a group of radio or television sta...",0,deepseek-ai/DeepSeek-R1-Distill-Qwen-32B,0.0,8192,https://api2.aigcbest.top/v1,"嗯，我现在需要判断这个RDFS公理是否正确。公理是说，对于任何x和y，如果x和y有associate关系，那么y必须是BroadcastNetwork的一个实例。首先，我得理解每个部分的意思。

首先，公理中的概念是associate属性和BroadcastNetwork类。根据背景知识，associate是一个属性，而BroadcastNetwork是一个类，代表广播网络组织，比如公司或协会，提供各种广播内容。

接下来，分析语义关系。公理中的条件是x associate y，这意味着x和y之间有某种关联。根据RDFS的规则，如果一个属性的range被定义为某个类，那么该属性的值必须属于该类。这里，公理实际上是在说，associate属性的range是BroadcastNetwork类，因为y必须是这个类的实例。

然后，结合常识，associate通常表示一种关联或合作关系。在广播领域，一个组织可能与另一个组织建立合作关系，比如电视台和广播网络之间的合作。因此，如果x和y有associate关系，y作为BroadcastNetwork的实例是合理的，因为y可能是一个广播网络，与x有合作关系。

再考虑RDFS的规则，特别是range的约束。如果associate的range被定义为BroadcastNetwork，那么任何使用这个属性的情况都必须遵守这个约束。因此，公理是正确的，因为它符合RDFS的语义规则，并且与背景知识中的BroadcastNetwork的定义一致。

最后，判断这个公理是否合理。根据上述分析，公理是正确的，因为它正确应用了RDFS的range规则，并且符合常识中的关联关系。
</think>

判断结果：正确
解释：根据背景知识，BroadcastNetwork是一个类，表示广播网络组织，而associate属性的range被定义为BroadcastNetwork，因此该公理符合RDFS语义规则。",1,0.0,
sample_0356,range,range(basedOn) = Band,"背景知识：
条目1：
- 名称：basedOn
- 类型：Property
- 简介：based on

条目2：
- 名称：Band
- 类型：Class
- 简介：Band",0,deepseek-ai/DeepSeek-R1-Distill-Qwen-32B,0.0,8192,https://api2.aigcbest.top/v1,"好，我现在需要分析这个RDFS公理是否正确。公理是range(basedOn) = Band。首先，我得理解每个部分的意思。

basedOn是一个属性，而Band是一个类。range表示属性的客体应该属于某个类。所以，这个公理的意思是，basedOn属性的值必须是Band类的实例。

接下来，我得看看背景知识。basedOn的简介是“based on”，这可能意味着它用来表示某种基于的关系。比如，一个作品可能基于某个乐队（Band）创作。所以，如果basedOn的范围是Band，那么它的值应该是乐队实例，这在语义上是合理的。

再考虑RDFS的规则，range约束确保属性的值属于指定的类。这里没有明显的冲突，因为basedOn的值确实可以是Band类的实例。常识上，基于乐队的情况也是常见的，比如音乐作品基于某个乐队。

综上所述，这个公理是合理的，没有错误。
</think>

判断结果：正确
解释：基于属性basedOn的语义，其范围设置为Band类是合理的，因为basedOn通常用于表示基于某事物的关系，而Band作为类，符合该属性的语义约束。",1,0.0,
sample_0359,range,"For any x and y, if x basedOn y holds, then y is an instance of Band.","背景知识：
条目1：
- 名称：basedOn
- 类型：Property
- 简介：based on

条目2：
- 名称：Band
- 类型：Class
- 简介：Band",0,deepseek-ai/DeepSeek-R1-Distill-Qwen-32B,0.0,8192,https://api2.aigcbest.top/v1,"嗯，我现在需要判断这个RDFS公理是否正确。公理是说，对于任何x和y，如果x basedOn y成立，那么y必须是Band类的一个实例。首先，我得理解每个部分的意思。

首先，basedOn是一个属性，类型是Property，简介里只写了“based on”，可能表示基于某个东西。Band是一个类，类型是Class，简介里只写了“Band”，可能指的是乐队。

接下来，公理中的条件是x basedOn y，也就是说，x基于y。然后结论是y必须是Band的实例。那我得看看这个结论是否合理。

根据RDFS的规则，属性的domain和range会影响这个结论是否正确。如果basedOn的domain是某个类，比如可能的类是MusicTrack或者Album，那么x必须属于这个类。而range如果是Band，那么y必须属于Band类。但背景知识中并没有给出basedOn的domain和range信息，所以只能根据常识来判断。

通常，basedOn这个属性可能用来表示某个作品基于某个乐队的音乐，比如一首歌基于某个乐队的风格。所以，如果x是某个作品，y是乐队，那么y属于Band类是合理的。因此，这个公理看起来是正确的，因为它符合常识和可能的语义关系。
</think>

判断结果：正确
解释：根据背景知识，basedOn属性的客体y应属于Band类，符合RDFS的range约束。",1,0.0,
sample_0360,range,Property basedOn can only point to objects of class Band.,"背景知识：
条目1：
- 名称：basedOn
- 类型：Property
- 简介：based on

条目2：
- 名称：Band
- 类型：Class
- 简介：Band",0,deepseek-ai/DeepSeek-R1-Distill-Qwen-32B,0.0,8192,https://api2.aigcbest.top/v1,"嗯，我现在需要判断这个RDFS公理是否正确。公理是“Property basedOn can only point to objects of class Band。”首先，我得理解这个公理的意思。它说属性basedOn只能指向类Band的对象。

接下来，我得看看背景知识。背景知识里有两个条目：basedOn是一个属性，Band是一个类。简介里basedOn的简介是“based on”，这可能意味着它表示某种基于的关系，比如一个作品基于某个乐队创作。

根据RDFS的规则，属性的range约束是指该属性的值必须属于某个类。所以，这个公理是在说，basedOn属性的值必须是Band类的实例。这在语义上是合理的，因为如果basedOn表示基于某个乐队，那么它的对象应该是乐队，也就是Band类。

再结合常识，比如在音乐领域，作品可能基于某个乐队创作，所以属性basedOn指向Band类是符合逻辑的。因此，这个公理是正确的，因为它符合RDFS的range规则，并且与背景知识和常识相符。
</think>

判断结果：正确
解释：根据背景知识，属性basedOn的范围被限制为类Band，这符合RDFS的range规则，因此该公理是合理的。",1,0.0,
sample_0379,range,"For any x and y, if x canonizedPlace y holds, then y is an instance of College.","背景知识：
条目1：
- 名称：canonizedPlace
- 类型：Property
- 简介：canonized place

条目2：
- 名称：College
- 类型：Class
- 简介：college",0,deepseek-ai/DeepSeek-R1-Distill-Qwen-32B,0.0,8192,https://api2.aigcbest.top/v1,"嗯，我现在需要判断这个RDFS公理是否正确。公理是说，对于任何x和y，如果x canonizedPlace y成立，那么y必须是College类的一个实例。首先，我得理解每个部分的意思。

首先，canonizedPlace是一个属性，类型是Property，简介是“canonized place”。这可能表示某个地方被正式认可或列为某个学院的地点。然后，College是一个类，类型是Class，简介是“college”，也就是学院。

接下来，公理中的条件是x canonizedPlace y，这意味着x和y之间有canonizedPlace的关系。根据RDFS的规则，属性的range约束是指属性的值必须属于某个类。所以，如果canonizedPlace的range被定义为College，那么y必须是College的实例。

现在，我需要检查背景知识中是否有这样的定义。背景知识中提到canonizedPlace是属性，但没有明确说明它的range是什么。然而，根据常识，canonizedPlace可能指的是某个学院的正式地点，所以它的range很可能是College。因此，这个公理是合理的，因为它符合RDFS的range规则，即属性的值必须属于指定的类。

所以，判断结果应该是正确的，因为公理符合RDFS的语义规则，并且与背景知识中的常识相符。
</think>

判断结果：正确
解释：根据RDFS语义规则，属性canonizedPlace的range约束要求其值必须属于College类，因此该公理是合理的。",1,0.0,
sample_0415,range,Property coach can only point to objects of class Infrastructure.,"背景知识：
条目1：
- 名称：coach
- 类型：Property
- 简介：coach

条目2：
- 名称：Infrastructure
- 类型：Class
- 简介：infrastructure",0,deepseek-ai/DeepSeek-R1-Distill-Qwen-32B,0.0,8192,https://api2.aigcbest.top/v1,"嗯，我现在需要判断这个RDFS公理是否正确。公理是“Property coach can only point to objects of class Infrastructure。”也就是说，属性coach只能指向类Infrastructure的对象。

首先，我得识别公理中的概念。这里涉及的属性是coach，类是Infrastructure。根据背景知识，coach是一个属性，而Infrastructure是一个类。

接下来，分析语义关系。公理中的约束是说，属性coach的范围（range）只能是Infrastructure类。也就是说，任何使用coach属性的陈述，其对象必须属于Infrastructure类。

然后，我需要结合RDFS的语义规则。RDFS中的range规则规定，如果一个属性的range被定义为某个类，那么该属性的所有实例都必须指向该类的实例。这里，公理明确指定了coach的range是Infrastructure，所以根据规则，这是正确的。

再考虑常识和背景知识。Coach通常指教练或指导者，而Infrastructure指的是基础设施，比如道路、桥梁等。从常识来看，教练和基础设施之间并没有直接的关联。因此，将coach的range限制为Infrastructure可能不符合常识，但RDFS本身并不考虑常识，只处理形式上的语义约束。

所以，从RDFS的规则来看，这个公理是正确的，因为它正确地应用了range约束。然而，从常识角度来看，这可能不合理，但题目只关注语义规则和背景知识，不考虑常识是否符合。因此，判断结果应该是正确的。
</think>

判断结果：正确
解释：根据RDFS语义规则，属性coach的范围被明确限制为类Infrastructure，符合range约束的定义。",1,0.0,
sample_0419,range,"For any x and y, if x college y holds, then y is an instance of Infrastructure.","背景知识：
条目1：
- 名称：college
- 类型：Property
- 简介：college

条目2：
- 名称：Infrastructure
- 类型：Class
- 简介：infrastructure",0,deepseek-ai/DeepSeek-R1-Distill-Qwen-32B,0.0,8192,https://api2.aigcbest.top/v1,"嗯，我现在需要判断这个RDFS公理是否正确。公理是说，对于任何x和y，如果x college y成立，那么y必须是Infrastructure类的一个实例。首先，我得理解每个部分的意思。

首先，公理中的属性是college，类型是Property，简介里只写了college，没有更多信息。然后，Infrastructure是一个类，简介是infrastructure，可能指的是基础设施，比如学校、道路之类的。

接下来，分析公理的结构。这是一个RDFS的range约束，也就是说，属性college的客体y必须属于Infrastructure类。根据RDFS的规则，如果一个属性的range被定义为某个类，那么所有使用该属性的陈述中，属性的值都必须属于该类。

现在，结合背景知识，college通常指的是大学或学院，而Infrastructure是基础设施。通常来说，college的值可能是指机构或地点，比如“Alice的大学是MIT”，这里的MIT是一个机构，可能属于Infrastructure类，因为学校是基础设施的一部分。所以，从常识来看，这个公理是合理的，因为大学属于基础设施。

不过，我得再仔细想想，是否有例外情况。比如，如果有人用college来表示其他意思，比如“Alice的大学是她的朋友”，那就不属于Infrastructure了。但根据背景知识，college作为属性，可能被定义为指向机构，所以这种情况下，公理是正确的。

综上所述，这个公理是正确的，因为它符合RDFS的range规则，并且与背景知识和常识相符。
</think>

判断结果：正确
解释：根据RDFS语义规则，属性college的range被约束为Infrastructure类，因此任何x college y成立时，y必须是Infrastructure类的实例。",1,0.0,
sample_0430,range,Property commandStructure can only point to objects of class Rocket.,"背景知识：
条目1：
- 名称：commandStructure
- 类型：Property
- 简介：command structure

条目2：
- 名称：Rocket
- 类型：Class
- 简介：rocket",0,deepseek-ai/DeepSeek-R1-Distill-Qwen-32B,0.0,8192,https://api2.aigcbest.top/v1,"好，我现在需要分析这个RDFS公理是否正确。公理是“Property commandStructure can only point to objects of class Rocket。”首先，我得理解每个部分的意思。

首先，commandStructure是一个属性，类型是Property，简介是command structure。Rocket是一个类，类型是Class，简介是rocket。公理的意思是说，commandStructure这个属性只能指向Rocket类的对象。

接下来，我需要根据RDFS的规则来分析。RDFS中的range规则规定，属性的值必须属于某个类。这里公理明确指出commandStructure的range是Rocket，所以根据规则，这是正确的。

然后，结合背景知识，commandStructure通常指的是某种结构，而Rocket是火箭。从常识来看，command structure可能与火箭的结构有关，所以这个公理在语义上是合理的。

最后，检查是否有冲突。背景知识中没有提到commandStructure的其他范围，所以没有冲突。因此，这个公理是正确的。
</think>

判断结果：正确
解释：根据RDFS的range规则，属性commandStructure的值必须属于类Rocket，这与背景知识中的定义一致。",1,0.0,
sample_0449,range,"For any x and y, if x creatorOfDish y holds, then y is an instance of Person.","背景知识：
条目1：
- 名称：creatorOfDish
- 类型：Property
- 简介：The person that creates (invents) the food (eg. Caesar Cardini is the creator of the Caesar salad).

条目2：
- 名称：Person
- 类型：Class
- 简介：person",1,deepseek-ai/DeepSeek-R1-Distill-Qwen-32B,0.0,8192,https://api2.aigcbest.top/v1,"嗯，我现在需要分析这个RDFS公理是否正确。公理是说，对于任何x和y，如果x creatorOfDish y成立，那么y必须是Person类的实例。首先，我得理解每个部分的意思。

首先，creatorOfDish是一个属性，表示创造某道菜的人。比如，Caesar Cardini创造了凯撒沙拉。所以，x是创造者，y是被创造的菜。接下来，Person是一个类，代表人。

公理的意思是，如果x创造了y，那么y必须是Person。这显然有问题，因为y应该是菜，而不是人。比如，凯撒沙拉是一道菜，不是人。所以，这里可能把属性的主语和宾语搞反了。

根据RDFS的规则，属性的domain和range应该正确。creatorOfDish的domain应该是Person，因为创造者是人，而range应该是Dish，因为被创造的是菜。但公理中说y是Person，这与常识和背景知识不符。

所以，这个公理是错误的，因为它颠倒了属性的方向，导致y被错误地归类为Person。
</think>

判断结果：错误
解释：根据背景知识，creatorOfDish属性的主体应为Person，而客体应为Dish，因此公理中将y判断为Person与常识和语义规则不符。",0,0.0,
sample_0451,range,range(cultivatedVariety) = CultivatedVariety,"背景知识：
条目1：
- 名称：cultivatedVariety
- 类型：Property
- 简介：Name of the cultivar (cultivated variety)

条目2：
- 名称：CultivatedVariety
- 类型：Class
- 简介：A cultivar is a plant or grouping of plants selected for desirable characteristics that can be maintained by propagation. A plant whose origin or selection is primarily due to intentional human activity.",1,deepseek-ai/DeepSeek-R1-Distill-Qwen-32B,0.0,8192,https://api2.aigcbest.top/v1,"好，我现在需要分析这个RDFS公理是否正确。公理是range(cultivatedVariety) = CultivatedVariety。首先，我得理解每个部分的含义。

cultivatedVariety是一个属性，表示“栽培变种的名称”。而CultivatedVariety是一个类，代表“栽培变种”，即经过人工选择的植物品种。RDFS中的range公理规定了属性的值应该属于某个类。

接下来，我需要考虑这个属性的值是否应该是CultivatedVariety类的实例。属性cultivatedVariety的值通常是字符串，比如“黄金苹果”这样的名称，而不是CultivatedVariety类的实例。因此，将range设置为CultivatedVariety是不正确的，因为属性的值应该是字符串，而不是类的实例。

此外，根据常识，属性的range通常指向类，但在这个情况下，属性的值是名称，属于字符串类型，而不是CultivatedVariety类。因此，这个公理与背景知识和语义规则不符，是错误的。
</think>

判断结果：错误
解释：属性cultivatedVariety的值应为字符串，而range将其限制为CultivatedVariety类，与属性的语义不符。",0,0.0,
sample_0452,range,The range of cultivatedVariety is CultivatedVariety.,"背景知识：
条目1：
- 名称：cultivatedVariety
- 类型：Property
- 简介：Name of the cultivar (cultivated variety)

条目2：
- 名称：CultivatedVariety
- 类型：Class
- 简介：A cultivar is a plant or grouping of plants selected for desirable characteristics that can be maintained by propagation. A plant whose origin or selection is primarily due to intentional human activity.",1,deepseek-ai/DeepSeek-R1-Distill-Qwen-32B,0.0,8192,https://api2.aigcbest.top/v1,"嗯，我现在需要判断这个RDFS公理是否正确。公理是说“cultivatedVariety的range是CultivatedVariety”。首先，我得理解每个术语的含义。

根据背景知识，cultivatedVariety是一个属性，用来表示栽培品种的名称。而CultivatedVariety是一个类，代表那些通过人工选择得到的植物品种。RDFS中的range规则是指属性的值应该属于某个类。

那么，cultivatedVariety的range是CultivatedVariety，意味着这个属性的值必须是CultivatedVariety类的实例。但这里有个问题，属性通常用来连接两个类，比如属性的主语属于某个类，宾语属于另一个类。而cultivatedVariety作为属性，它的值应该是字符串，比如“黄金苹果”这样的名称，而不是CultivatedVariety类的实例。

所以，这里可能混淆了属性和类的概念。属性的range应该是数据类型，比如xsd:string，而不是另一个类。因此，这个公理是错误的。
</think>

判断结果：错误
解释：属性cultivatedVariety的range应为字符串类型，而非CultivatedVariety类，因为属性通常表示名称，而类表示实体。",0,0.0,
sample_0453,range,"If a resource appears as the object of property cultivatedVariety, then it should belong to class CultivatedVariety.","背景知识：
条目1：
- 名称：cultivatedVariety
- 类型：Property
- 简介：Name of the cultivar (cultivated variety)

条目2：
- 名称：CultivatedVariety
- 类型：Class
- 简介：A cultivar is a plant or grouping of plants selected for desirable characteristics that can be maintained by propagation. A plant whose origin or selection is primarily due to intentional human activity.",1,deepseek-ai/DeepSeek-R1-Distill-Qwen-32B,0.0,8192,https://api2.aigcbest.top/v1,"嗯，我现在需要分析这个RDFS公理是否正确。公理是说，如果一个资源作为属性cultivatedVariety的值出现，那么它应该属于类CultivatedVariety。首先，我得理解这两个术语的含义。

根据背景知识，cultivatedVariety是一个属性，用来表示栽培品种的名称。而CultivatedVariety是一个类，代表那些通过人工选择得到的植物品种。所以，属性cultivatedVariety的值应该是名称，比如“红富士”这样的字符串，而不是具体的植物类实例。

RDFS中的range规则规定，属性的值应该属于某个类。这里，公理声称cultivatedVariety的range是CultivatedVariety类。但根据常识，属性的值通常是字符串或其他简单类型，而不是另一个类的实例。因此，将属性的range设置为CultivatedVariety类是不正确的，因为属性的值应该是名称，而不是类的实例。

所以，这个公理是错误的，因为它违反了RDFS的语义规则，将属性的值错误地指向了类，而不是正确的数据类型。
</think>

判断结果：错误
解释：属性cultivatedVariety的值应为字符串，而公理错误地将其范围设为CultivatedVariety类，违反了RDFS语义规则。",0,0.0,
sample_0465,subClassOf,The class caf_ is included in the class company.,"背景知识：
条目1：
- 名称：caf_
- 类型：Class
- 简介：{%%s is a %s, café}
- 补充信息：generalizations: location, company

条目2：
- 名称：company
- 类型：Class
- 简介：{%%s is a %s, company}
- 补充信息：generalizations: organization",1,deepseek-ai/DeepSeek-R1-Distill-Qwen-32B,0.0,8192,https://api2.aigcbest.top/v1,"嗯，我现在需要判断这个RDFS公理是否正确。公理是说“caf_类包含于company类”。首先，我得理解这两个类的定义和它们之间的关系。

根据背景知识，caf_是一个类，简介里说它是一个café，补充信息里提到它的上位类是location和company。而company类的简介是它是一个company，补充信息里说它的上位类是organization。那这里的subClassOf关系是否正确呢？

RDFS的subClassOf公理表示一个类是另一个类的子类，也就是说，所有属于子类的实例也属于父类。这里，caf_被声明为company的子类，意味着每个caf_都是一个company。但根据背景知识，caf_的上位类包括location和company，这可能意味着caf_同时属于这两个类，但并不一定意味着它是company的子类。

进一步分析，company的上位类是organization，而caf_作为café，通常属于location，因为它是一个地点。同时，它可能也是一个company，因为它是一个商业实体。但这里的问题在于，是否所有caf_都是company的实例。可能有些café是独立的，不一定是公司。因此，将caf_直接作为company的子类可能过于宽泛，可能不符合实际情况。

另外，RDFS的subClassOf公理要求子类的所有实例都必须满足父类的属性。如果caf_的所有实例都是company的实例，那么这个公理是正确的。但根据常识，café可以是公司的一部分，也可以是独立的个体，不一定都是company。因此，这个公理可能不准确。

综上所述，这个公理可能与背景知识和常识不符，因此判断为错误。
</think>

判断结果：错误
解释：根据背景知识，caf_的上位类包括location和company，但并不意味着caf_是company的子类，因此该公理与背景知识不符。",0,0.0,
sample_0466,subPropertyOf,agenthierarchicallyaboveagent ⊑p agentcontrols,"背景知识：
条目1：
- 名称：agenthierarchicallyaboveagent
- 类型：Class
- 简介：{%%s is hierarchically %s %%s, above}
- 补充信息：generalizations: agentcontrols, agentcollaborateswithagent | domain: agent | range: agent

条目2：
- 名称：agentcontrols
- 类型：Class
- 简介：{%%s %s %%s, controls}
- 补充信息：generalizations: relatedto | domain: agent | range: everypromotedthing",1,deepseek-ai/DeepSeek-R1-Distill-Qwen-32B,0.0,8192,https://api2.aigcbest.top/v1,"嗯，我现在需要判断这个RDFS公理是否正确。公理是agenthierarchicallyaboveagent ⊑p agentcontrols。首先，我得理解这个符号的意思。这里的“⊑p”应该是指subPropertyOf，也就是属性之间的包含关系。也就是说，agenthierarchicallyaboveagent这个属性是agentcontrols的子属性。

接下来，我得看看背景知识里的相关信息。条目1说agenthierarchicallyaboveagent是一个类，它的补充信息里提到generalizations是agentcontrols和agentcollaborateswithagent，domain是agent，range也是agent。而条目2中的agentcontrols是一个类，generalizations是relatedto，domain是agent，range是everypromotedthing。

现在，我需要分析这两个属性之间的关系。agenthierarchicallyaboveagent的范围是agent，而agentcontrols的范围是everypromotedthing。根据RDFS的语义规则，如果一个属性是另一个属性的子属性，那么它的范围必须是父属性范围的子类。也就是说，agenthierarchicallyaboveagent的range应该是agentcontrols的range的子类。

但是，agent的范围是agent，而agentcontrols的范围是everypromotedthing。这里可能有问题，因为agent和everypromotedthing之间没有明确的子类关系。通常，agentcontrols的范围可能更广泛，而agenthierarchicallyaboveagent的范围更具体。如果agent不是everypromotedthing的子类，那么这个公理可能不成立。

另外，从generalizations来看，agenthierarchicallyaboveagent的上位属性包括agentcontrols，这可能意味着agenthierarchicallyaboveagent是agentcontrols的一个更具体的属性。因此，agenthierarchicallyaboveagent的范围应该被agentcontrols的范围所包含。但根据背景知识，agentcontrols的范围是everypromotedthing，而agenthierarchicallyaboveagent的范围是agent，这可能意味着agent是everypromotedthing的子类吗？如果agent是everypromotedthing的子类，那么这个公理是正确的。否则，如果agent和everypromotedthing没有这种关系，那么公理可能不正确。

不过，背景知识中并没有明确说明agent是否是everypromotedthing的子类。因此，根据现有的信息，无法确定agenthierarchicallyaboveagent的范围是否符合agentcontrols的范围要求。因此，这个公理可能存在问题，因为它可能违反了RDFS的范围约束规则。
</think>

判断结果：错误
解释：agenthierarchicallyaboveagent的范围是agent，而agentcontrols的范围是everypromotedthing，这违反了RDFS的范围约束规则。",0,0.0,
sample_0467,subPropertyOf,agenthierarchicallyaboveagent is a subproperty of agentcontrols.,"背景知识：
条目1：
- 名称：agenthierarchicallyaboveagent
- 类型：Class
- 简介：{%%s is hierarchically %s %%s, above}
- 补充信息：generalizations: agentcontrols, agentcollaborateswithagent | domain: agent | range: agent

条目2：
- 名称：agentcontrols
- 类型：Class
- 简介：{%%s %s %%s, controls}
- 补充信息：generalizations: relatedto | domain: agent | range: everypromotedthing",1,deepseek-ai/DeepSeek-R1-Distill-Qwen-32B,0.0,8192,https://api2.aigcbest.top/v1,"嗯，我现在需要判断这个RDFS公理是否正确。公理是“agenthierarchicallyaboveagent是agentcontrols的子属性”。首先，我得理解这两个类的定义和它们的属性。

根据背景知识，agenthierarchicallyaboveagent是一个类，它的简介是“%%s is hierarchically %s %%s, above”，补充信息显示它的domain和range都是agent。而agentcontrols的简介是“%%s %s %%s, controls”，补充信息显示它的domain是agent，range是everypromotedthing。

接下来，我需要分析subPropertyOf的含义。subPropertyOf表示一个属性是另一个属性的子属性，也就是说，如果a是b的子属性，那么a的所有实例也属于b。因此，agenthierarchicallyaboveagent如果是agentcontrols的子属性，那么所有agenthierarchicallyaboveagent的关系也必须满足agentcontrols的条件。

现在，看看agenthierarchicallyaboveagent的range是agent，而agentcontrols的range是everypromotedthing。这里可能存在冲突，因为agent不一定属于everypromotedthing。如果agenthierarchicallyaboveagent的range比agentcontrols的更窄，那么它可能无法满足子属性的条件，因为子属性的range必须至少和父属性的range一样宽泛。

此外，agenthierarchicallyaboveagent的定义是关于agent之间的层级关系，而agentcontrols的定义是agent对某个事物的控制。这两者的语义似乎不同，一个涉及层级，另一个涉及控制，这可能意味着它们的属性关系并不直接适用subPropertyOf。

综上所述，agenthierarchicallyaboveagent的range和agentcontrols的range不兼容，而且它们的语义也不符合子属性的关系，因此这个公理是错误的。
</think>

判断结果：错误
解释：agenthierarchicallyaboveagent的range是agent，而agentcontrols的range是everypromotedthing，这与subPropertyOf的语义规则冲突，因为子属性的range必须至少与父属性的range一样宽泛。",0,0.0,
sample_0470,subPropertyOf,The property agenthierarchicallyaboveagent is more specific than the property agentcontrols.,"背景知识：
条目1：
- 名称：agenthierarchicallyaboveagent
- 类型：Class
- 简介：{%%s is hierarchically %s %%s, above}
- 补充信息：generalizations: agentcontrols, agentcollaborateswithagent | domain: agent | range: agent

条目2：
- 名称：agentcontrols
- 类型：Class
- 简介：{%%s %s %%s, controls}
- 补充信息：generalizations: relatedto | domain: agent | range: everypromotedthing",1,deepseek-ai/DeepSeek-R1-Distill-Qwen-32B,0.0,8192,https://api2.aigcbest.top/v1,"嗯，我现在需要判断这个RDFS公理是否正确。公理是说“agenthierarchicallyaboveagent”这个属性比“agentcontrols”更具体。首先，我得理解这两个属性的定义和它们的上下文。

根据背景知识，agenthierarchicallyaboveagent是一个类，它的简介是“%%s is hierarchically %s %%s, above”，补充信息显示它的domain和range都是agent，而且它的generalizations包括agentcontrols和agentcollaborateswithagent。这说明agenthierarchicallyaboveagent是agentcontrols的一个子类，因为它被列为generalizations之一。

然后看agentcontrols，它也是一个类，简介是“%%s %s %%s, controls”，补充信息显示它的domain是agent，range是everypromotedthing，generalizations是relatedto。这表明agentcontrols比agenthierarchicallyaboveagent更广泛，因为它属于更上层的类别。

现在，公理说agenthierarchicallyaboveagent比agentcontrols更具体，也就是agenthierarchicallyaboveagent是agentcontrols的子属性。根据RDFS的subPropertyOf规则，如果一个属性是另一个的子属性，那么前者必须满足后者的domain和range约束，并且在语义上更具体。

从背景知识来看，agenthierarchicallyaboveagent的domain和range都是agent，而agentcontrols的domain是agent，range是everypromotedthing。这里有个问题，因为agenthierarchicallyaboveagent的range是agent，而agentcontrols的range是everypromotedthing，这可能意味着agenthierarchicallyaboveagent的range比agentcontrols更具体，因为它限制在agent这个类，而agentcontrols的范围更广。

但是，根据RDFS的subPropertyOf规则，子属性的domain和range必须是父属性的子集。也就是说，agenthierarchicallyaboveagent的domain和range必须是agentcontrols的子集。然而，agentcontrols的range是everypromotedthing，而agenthierarchicallyaboveagent的range是agent，这可能意味着agent是everypromotedthing的子类吗？背景知识中没有明确说明，但通常agent可能属于everypromotedthing，所以这可能成立。

不过，更关键的是，agenthierarchicallyaboveagent被列为agentcontrols的generalizations，这意味着agenthierarchicallyaboveagent是agentcontrols的超类，而不是子类。因此，agenthierarchicallyaboveagent应该比agentcontrols更广泛，而不是更具体。所以，公理中说agenthierarchicallyaboveagent更具体是错误的，因为它实际上是agentcontrols的超类。

综上所述，这个公理是错误的，因为它与背景知识中的generalizations关系相矛盾。
</think>

判断结果：错误
解释：根据背景知识，agenthierarchicallyaboveagent的generalizations包括agentcontrols，这表明agenthierarchicallyaboveagent是agentcontrols的超类，而不是更具体的子类。",0,0.0,
sample_0472,subPropertyOf,bombingvictim is a subproperty of relatedto.,"背景知识：
条目1：
- 名称：bombingvictim
- 类型：Class
- 简介：bombingvictim is a class in the NELL knowledge base.
- 补充信息：generalizations: relatedto | domain: bombingevent | range: person

条目2：
- 名称：relatedto
- 类型：Class
- 简介：{%%s is somehow %s %%s, related to}
- 补充信息：generalizations: slot | domain: everypromotedthing | range: everypromotedthing",1,deepseek-ai/DeepSeek-R1-Distill-Qwen-32B,0.0,8192,https://api2.aigcbest.top/v1,"嗯，我现在需要判断这个RDFS公理是否正确。公理是“bombingvictim是relatedto的子属性”。首先，我得理解这两个术语的类型。根据背景知识，bombingvictim是一个类（Class），而relatedto也是一个类。RDFS中的subPropertyOf关系是用于属性之间的，也就是说，只有当两个都是属性（Property）时，才能使用subPropertyOf。这里，bombingvictim和relatedto都是类，所以它们不能作为属性来应用subPropertyOf。因此，这个公理是错误的，因为它不符合RDFS的语义规则。
</think>

判断结果：错误
解释：bombingvictim和relatedto都是类，而subPropertyOf仅适用于属性之间的关系，因此该公理不正确。",0,0.0,
sample_0474,subPropertyOf,"For any x and y, if x bombingvictim y holds, then x relatedto y also holds.","背景知识：
条目1：
- 名称：bombingvictim
- 类型：Class
- 简介：bombingvictim is a class in the NELL knowledge base.
- 补充信息：generalizations: relatedto | domain: bombingevent | range: person

条目2：
- 名称：relatedto
- 类型：Class
- 简介：{%%s is somehow %s %%s, related to}
- 补充信息：generalizations: slot | domain: everypromotedthing | range: everypromotedthing",1,deepseek-ai/DeepSeek-R1-Distill-Qwen-32B,0.0,8192,https://api2.aigcbest.top/v1,"嗯，我现在需要分析这个RDFS公理是否正确。公理是说，对于任何x和y，如果x bombingvictim y成立，那么x relatedto y也必须成立。首先，我得理解每个术语的含义。

根据背景知识，bombingvictim是一个类，它的补充信息显示generalizations是relatedto，domain是bombingevent，range是person。这可能意味着bombingvictim这个类是relatedto的一个子类，或者bombingvictim属性的范围和域有特定的限制。

然后，relatedto也是一个类，它的补充信息显示generalizations是slot，domain和range都是everypromotedthing。这可能意味着relatedto是一个更广泛的类，适用于各种事物。

现在，公理中的关系是，如果x bombingvictim y，那么x relatedto y。这可能涉及到subPropertyOf的关系，即bombingvictim是否是relatedto的子属性。根据RDFS规则，如果一个属性是另一个的子属性，那么前者的所有实例都必须满足后者。

但是，从背景知识来看，bombingvictim的domain是bombingevent，而relatedto的domain是everypromotedthing。这可能意味着bombingvictim的范围比relatedto更窄，所以如果x bombingvictim y，那么x必须属于bombingevent，而y必须是person。而relatedto的domain和range更广，所以x和y可能属于更广泛的类别。

然而，这里可能有一个问题。因为bombingvictim的generalizations是relatedto，这可能意味着bombingvictim是relatedto的一个子类，或者bombingvictim属性是relatedto的子属性。如果是后者，那么根据RDFS，如果x bombingvictim y，那么x relatedto y必须成立，这符合公理。但如果是前者，即bombingvictim是relatedto的子类，那么情况可能不同。

另外，我需要考虑RDFS的语义规则。如果bombingvictim是relatedto的子属性，那么公理是正确的。但根据背景知识，bombingvictim的generalizations是relatedto，这可能意味着bombingvictim是relatedto的子类，而不是子属性。因此，这可能意味着bombingvictim是relatedto的一个实例，而不是属性上的子属性。

因此，公理可能不正确，因为bombingvictim和relatedto的关系可能不是子属性的关系，而是类的子类关系。所以，x bombingvictim y并不必然导致x relatedto y，除非有明确的subPropertyOf关系。
</think>

判断结果：错误
解释：根据背景知识，bombingvictim的generalizations是relatedto，这可能意味着bombingvictim是relatedto的子类，而不是子属性，因此公理中的subPropertyOf关系不成立。",0,0.0,
sample_0475,subPropertyOf,The property bombingvictim is more specific than the property relatedto.,"背景知识：
条目1：
- 名称：bombingvictim
- 类型：Class
- 简介：bombingvictim is a class in the NELL knowledge base.
- 补充信息：generalizations: relatedto | domain: bombingevent | range: person

条目2：
- 名称：relatedto
- 类型：Class
- 简介：{%%s is somehow %s %%s, related to}
- 补充信息：generalizations: slot | domain: everypromotedthing | range: everypromotedthing",1,deepseek-ai/DeepSeek-R1-Distill-Qwen-32B,0.0,8192,https://api2.aigcbest.top/v1,"嗯，我现在需要判断这个RDFS公理是否正确。公理是说“bombingvictim这个属性比relatedto更具体”。首先，我得明确这两个术语的类型。根据背景知识，bombingvictim是一个类（Class），而relatedto也是一个类。但是，RDFS中的subPropertyOf关系是用于属性（Property）之间的，而不是类之间的。所以，这里可能有个混淆。

接下来，我看看补充信息。bombingvictim的补充信息里提到它有generalizations: relatedto，这可能意味着bombingvictim是relatedto的一个子类。但subPropertyOf是属性之间的关系，而这里讨论的是类之间的关系，所以这可能不适用。

另外，background中提到bombingvictim的domain是bombingevent，range是person，而relatedto的domain和range都是everypromotedthing。如果bombingvictim是relatedto的子类，那么它的domain和range应该更具体，这可能符合。但因为它们都是类，而不是属性，所以subPropertyOf不适用。

所以，这个公理是错误的，因为它错误地将类之间的关系应用到了属性的子关系上。
</think>

判断结果：错误
解释：bombingvictim是一个类，而relatedto也是一个类，因此它们之间不能使用subPropertyOf关系，该公理错误地将类与属性的关系混淆。",0,0.0,
sample_0477,subPropertyOf,buildingbelongstoorganization is a subproperty of locationactedinbyorganization.,"背景知识：
条目1：
- 名称：buildingbelongstoorganization
- 类型：Class
- 简介：{%%s %s %%s, is a building belonging to}
- 补充信息：generalizations: locationactedinbyorganization | domain: building | range: organization

条目2：
- 名称：locationactedinbyorganization
- 类型：Class
- 简介：locationactedinbyorganization is a class in the NELL knowledge base.
- 补充信息：generalizations: locationactedinbyagent | domain: location | range: organization",1,deepseek-ai/DeepSeek-R1-Distill-Qwen-32B,0.0,8192,https://api2.aigcbest.top/v1,"嗯，我现在需要判断这个RDFS公理是否正确。公理是“buildingbelongstoorganization是locationactedinbyorganization的子属性”。首先，我得理解这两个类的定义和它们的属性。

根据背景知识，buildingbelongstoorganization是一个类，它的简介是“%%s %s %%s, is a building belonging to”，补充信息显示它的domain是building，range是organization。也就是说，这个类描述的是属于某个组织的建筑。

然后看locationactedinbyorganization，它也是一个类，简介是“locationactedinbyorganization是NELL知识库中的一个类”，补充信息显示它的domain是location，range是organization。所以这个类描述的是被组织所涉及的地点。

现在，公理说buildingbelongstoorganization是locationactedinbyorganization的子属性。根据RDFS的subPropertyOf规则，如果一个属性是另一个的子属性，那么前者的所有实例都必须满足后者的约束。

接下来，我需要分析这两个属性的domain和range。buildingbelongstoorganization的domain是building，而locationactedinbyorganization的domain是location。building是location的一个子类，因为建筑是地点的一种。所以从domain来看，building属于location，这可能支持子属性的关系。

但是，range方面，两者都是organization，所以这里没有问题。不过，关键在于属性的意义。buildingbelongstoorganization表示建筑属于某个组织，而locationactedinbyorganization表示地点被组织所涉及。虽然建筑是地点的一种，但“属于”和“被涉及”在语义上可能并不完全一致。比如，一个建筑属于组织，可能意味着该组织拥有或管理它，而地点被涉及可能只是指组织在该地点活动，不一定拥有。

因此，虽然domain上building是location的子类，但属性的意义可能并不完全支持subPropertyOf的关系。这可能导致公理不合理，因为属性的语义可能不完全覆盖。
</think>

判断结果：错误
解释：buildingbelongstoorganization的domain是building，而locationactedinbyorganization的domain是location，虽然building是location的子类，但属性的语义并不完全支持subPropertyOf的关系。",0,0.0,
sample_0484,subPropertyOf,"For any x and y, if x cityhostsattraction y holds, then x cityattractions y also holds.","背景知识：
条目1：
- 名称：cityhostsattraction
- 类型：Unknown
- 简介：Attraction occurs in the city
- 补充信息：generalizations: cityattractions | domain: city | range: attraction

条目2：
- 名称：cityattractions
- 类型：Unknown
- 简介：The city that an attraction is located in
- 补充信息：generalizations: locationcontainslocation | domain: city | range: attraction",1,deepseek-ai/DeepSeek-R1-Distill-Qwen-32B,0.0,8192,https://api2.aigcbest.top/v1,"嗯，我现在需要分析这个RDFS公理是否正确。公理是说，对于任何x和y，如果x cityhostsattraction y成立，那么x cityattractions y也成立。首先，我得理解这两个属性的含义。

根据背景知识，cityhostsattraction的简介是“Attraction occurs in the city”，补充信息显示它的domain是city，range是attraction。而cityattractions的简介是“The city that an attraction is located in”，补充信息同样显示domain是city，range是attraction。看起来这两个属性描述的是类似的关系，都是城市和景点之间的关联。

接下来，我需要看看这两个属性之间是否有子属性的关系。RDFS中的subPropertyOf表示一个属性是另一个属性的子属性，也就是说，如果a subPropertyOf b，那么a的使用会隐含b的使用。但在这个背景知识中，并没有提到cityhostsattraction和cityattractions之间的subPropertyOf关系。因此，不能直接推断出cityhostsattraction是cityattractions的子属性。

公理中的推理是，如果x cityhostsattraction y，那么x cityattractions y也必须成立。这相当于在说cityhostsattraction是cityattractions的子属性。但根据背景知识，两者都是独立定义的属性，没有明确的子属性关系。因此，这个公理可能并不成立，因为它假设了不存在的子属性关系。

另外，从常识来看，一个城市可以host多个attractions，而cityattractions可能指的是城市包含的景点，这两者可能在实际应用中是不同的概念，或者至少没有明确的包含关系。因此，这个公理可能与背景知识不符，导致推理错误。

综上所述，这个公理是错误的，因为它假设了cityhostsattraction是cityattractions的子属性，而背景知识中并没有这样的信息。
</think>

判断结果：错误
解释：根据背景知识，cityhostsattraction和cityattractions是两个独立的属性，没有明确的subPropertyOf关系，因此不能直接推断出cityhostsattraction是cityattractions的子属性。",0,0.0,
sample_0485,subPropertyOf,The property cityhostsattraction is more specific than the property cityattractions.,"背景知识：
条目1：
- 名称：cityhostsattraction
- 类型：Unknown
- 简介：Attraction occurs in the city
- 补充信息：generalizations: cityattractions | domain: city | range: attraction

条目2：
- 名称：cityattractions
- 类型：Unknown
- 简介：The city that an attraction is located in
- 补充信息：generalizations: locationcontainslocation | domain: city | range: attraction",1,deepseek-ai/DeepSeek-R1-Distill-Qwen-32B,0.0,8192,https://api2.aigcbest.top/v1,"嗯，我现在需要判断这个RDFS公理是否正确。公理是说“cityhostsattraction”这个属性比“cityattractions”更具体。首先，我得理解这两个属性的含义和它们之间的关系。

根据背景知识，条目1中的“cityhostsattraction”属性，它的domain是city，range是attraction，简介是“Attraction occurs in the city”。而条目2中的“cityattractions”属性，domain同样是city，range也是attraction，简介是“The city that an attraction is located in”。看起来这两个属性描述的是类似的关系，都是城市和景点之间的关联。

接下来，RDFS中的subPropertyOf关系表示一个属性是另一个属性的子属性，也就是前者比后者更具体。所以，如果“cityhostsattraction”是“cityattractions”的子属性，那么前者应该在更狭窄的范围内使用，或者有更具体的含义。

但是，从背景知识来看，这两个属性的domain和range都是一样的，都是city和attraction。它们的简介也几乎相同，都是描述城市和景点之间的关系。这可能意味着它们在语义上是等价的，或者至少没有明显的子属性关系。

再考虑常识，通常一个城市可以有多个景点，而“hosts”和“attractions”可能都是用来表示这种关系的。如果它们的定义没有明显的层次关系，那么将其中一个作为另一个的子属性可能并不合理。

因此，这个公理可能存在问题，因为没有足够的依据表明“cityhostsattraction”比“cityattractions”更具体。它们可能在语义上是平行的，或者甚至可以互换使用，而不是一个更具体于另一个。
</think>

判断结果：错误
解释：根据背景知识，cityhostsattraction和cityattractions具有相同的domain和range，且描述的关系相似，因此cityhostsattraction并不比cityattractions更具体。",0,0.0,
sample_0486,subPropertyOf,citysportsteams ⊑p proxyfor,"背景知识：
条目1：
- 名称：citysportsteams
- 类型：Class
- 简介：citysportsteams is a class in the NELL knowledge base.
- 补充信息：generalizations: proxyfor, locationactedinbyorganization | domain: city | range: sportsteam

条目2：
- 名称：proxyfor
- 类型：Class
- 简介：{%%s is a %s for %%s, proxy}
- 补充信息：generalizations: mutualproxyfor | domain: everypromotedthing | range: everypromotedthing",1,deepseek-ai/DeepSeek-R1-Distill-Qwen-32B,0.0,8192,https://api2.aigcbest.top/v1,"嗯，我现在需要判断这个RDFS公理是否正确。公理是citysportsteams ⊑p proxyfor。首先，我得理解这个符号的意思。这里的“⊑p”应该是指subPropertyOf，也就是属性之间的包含关系。也就是说，citysportsteams这个属性是proxyfor的子属性。

接下来，我得看看背景知识。条目1说citysportsteams是一个类，它的domain是city，range是sportsteam。而条目2中的proxyfor也是一个类，它的domain和range都是everypromotedthing。补充信息里提到proxyfor的generalizations是mutualproxyfor，这可能意味着proxyfor和mutualproxyfor之间有某种关系，但具体是什么关系还不清楚。

现在，我需要分析这个公理是否合理。根据RDFS的语义规则，如果一个属性A是属性B的子属性，那么A的所有实例都必须满足B的约束。也就是说，citysportsteams的所有实例必须满足proxyfor的domain和range。

citysportsteams的domain是city，而proxyfor的domain是everypromotedthing。city是否是everypromotedthing的子类呢？背景知识中没有明确说明，但通常来说，city可能属于更广泛的类别，比如地理实体，而everypromotedthing可能是一个更宽泛的概念，包含各种被推广的事物。因此，city可能属于everypromotedthing，这样domain的约束就满足了。

再看range，citysportsteams的range是sportsteam，而proxyfor的range也是everypromotedthing。同样，sportsteam可能属于everypromotedthing，因为运动队通常会被推广。因此，range的约束也可能满足。

不过，这里有个问题。citysportsteams是一个类，而proxyfor也是一个类。在RDFS中，subPropertyOf通常用于属性之间的关系，而不是类之间的关系。也就是说，如果citysportsteams和proxyfor都是类，那么它们之间应该是subClassOf的关系，而不是subPropertyOf。这可能是一个错误，因为公理中使用了subPropertyOf来连接两个类，这不符合RDFS的语义规则。

另外，从背景知识来看，citysportsteams的属性是domain和range，而proxyfor也有自己的domain和range。如果citysportsteams是proxyfor的子属性，那么它的domain和range必须是proxyfor的domain和range的子集。但citysportsteams的domain是city，而proxyfor的domain是everypromotedthing，这可能没问题，但range方面，sportsteam是否是everypromotedthing的子类呢？这可能成立，但不确定。

不过，更关键的是，citysportsteams和proxyfor都是类，而不是属性。因此，将它们作为属性来使用subPropertyOf是不正确的。正确的做法应该是使用subClassOf来表示类之间的包含关系，而不是subPropertyOf。因此，这个公理在语义上是错误的，因为它错误地使用了subPropertyOf来连接两个类，而不是属性。
</think>

判断结果：错误
解释：citysportsteams和proxyfor都是类，而公理错误地使用了subPropertyOf来连接它们，应使用subClassOf。",0,0.0,
sample_0487,subPropertyOf,citysportsteams is a subproperty of proxyfor.,"背景知识：
条目1：
- 名称：citysportsteams
- 类型：Class
- 简介：citysportsteams is a class in the NELL knowledge base.
- 补充信息：generalizations: proxyfor, locationactedinbyorganization | domain: city | range: sportsteam

条目2：
- 名称：proxyfor
- 类型：Class
- 简介：{%%s is a %s for %%s, proxy}
- 补充信息：generalizations: mutualproxyfor | domain: everypromotedthing | range: everypromotedthing",1,deepseek-ai/DeepSeek-R1-Distill-Qwen-32B,0.0,8192,https://api2.aigcbest.top/v1,"嗯，我现在需要判断这个RDFS公理是否正确。公理是“citysportsteams是proxyfor的子属性”。首先，我得明确这两个术语的类型。根据背景知识，citysportsteams是一个类（Class），而proxyfor也是一个类（Class）。RDFS中的subPropertyOf关系是用于属性之间的，也就是说，只有当两个都是属性（Property）时，才能使用subPropertyOf。如果其中一个或两个都是类，那么这个公理就不符合RDFS的语义规则。

接下来，我查看背景知识中的补充信息。citysportsteams的补充信息提到它有generalizations，domain是city，range是sportsteam。而proxyfor的补充信息显示它的generalizations是mutualproxyfor，domain和range都是everypromotedthing。这进一步确认了它们都是类，而不是属性。

因此，将一个类作为另一个类的子属性是不正确的，因为subPropertyOf只能在属性之间使用。所以，这个公理是错误的。
</think>

判断结果：错误
解释：citysportsteams和proxyfor都是类，而subPropertyOf只能用于属性之间，因此该公理违反了RDFS语义规则。",0,0.0,
sample_0488,subPropertyOf,"If two resources are related by citysportsteams, then they are also related by proxyfor.","背景知识：
条目1：
- 名称：citysportsteams
- 类型：Class
- 简介：citysportsteams is a class in the NELL knowledge base.
- 补充信息：generalizations: proxyfor, locationactedinbyorganization | domain: city | range: sportsteam

条目2：
- 名称：proxyfor
- 类型：Class
- 简介：{%%s is a %s for %%s, proxy}
- 补充信息：generalizations: mutualproxyfor | domain: everypromotedthing | range: everypromotedthing",1,deepseek-ai/DeepSeek-R1-Distill-Qwen-32B,0.0,8192,https://api2.aigcbest.top/v1,"嗯，我现在需要分析这个RDFS公理是否正确。公理是说，如果两个资源通过citysportsteams相关联，那么它们也通过proxyfor相关联。首先，我得理解这两个类的定义和它们的属性。

根据背景知识，citysportsteams是一个类，它的domain是city，range是sportsteam。也就是说，这个类表示城市和运动队之间的关系，比如“纽约市有纽约扬基队”。而proxyfor也是一个类，它的domain和range都是everypromotedthing，这可能表示一种代理或代表关系，比如“X代理Y”。

接下来，公理说如果两个资源通过citysportsteams关联，那么它们也通过proxyfor关联。这可能意味着，如果A citysportsteams B，那么A proxyfor B。但citysportsteams表示的是城市和运动队之间的关系，而proxyfor表示的是代理关系。这两者之间并没有直接的语义联系。城市和运动队之间的关系并不必然意味着代理关系。

再考虑RDFS的规则，特别是subClassOf和subPropertyOf。这里并没有明确的子类或子属性关系，所以不能直接推断citysportsteams是proxyfor的子类。因此，这个公理可能不符合背景知识和语义规则，因为它错误地将两种不同的关系联系在一起。
</think>

判断结果：错误
解释：citysportsteams的domain是city，range是sportsteam，而proxyfor的domain和range都是everypromotedthing，两者之间没有直接的语义关联，因此该公理不合理。",0,0.0,
sample_0489,subPropertyOf,"For any x and y, if x citysportsteams y holds, then x proxyfor y also holds.","背景知识：
条目1：
- 名称：citysportsteams
- 类型：Class
- 简介：citysportsteams is a class in the NELL knowledge base.
- 补充信息：generalizations: proxyfor, locationactedinbyorganization | domain: city | range: sportsteam

条目2：
- 名称：proxyfor
- 类型：Class
- 简介：{%%s is a %s for %%s, proxy}
- 补充信息：generalizations: mutualproxyfor | domain: everypromotedthing | range: everypromotedthing",1,deepseek-ai/DeepSeek-R1-Distill-Qwen-32B,0.0,8192,https://api2.aigcbest.top/v1,"嗯，我现在需要分析这个RDFS公理是否正确。公理是说，对于任何x和y，如果x citysportsteams y成立，那么x proxyfor y也必须成立。首先，我得理解每个术语的含义。

根据背景知识，citysportsteams是一个类，它的domain是city，range是sportsteam。也就是说，citysportsteams属性连接的是城市和运动队。而proxyfor也是一个类，它的domain和range都是everypromotedthing，这意味着它连接的是被推广的事物，比如产品或服务。

接下来，公理中的subPropertyOf关系意味着citysportsteams是proxyfor的子属性。也就是说，如果x citysportsteams y成立，那么x proxyfor y也必须成立。但这里有个问题：citysportsteams的domain是city，而proxyfor的domain是everypromotedthing。city和everypromotedthing之间没有明确的包含关系，所以不能保证所有满足citysportsteams的关系都满足proxyfor。

另外，从常识来看，citysportsteams通常指的是城市拥有的运动队，而proxyfor可能指的是代理关系，两者在语义上没有直接的关联。因此，这个公理可能不符合实际情况，因为它假设了两个不同领域的属性之间存在包含关系，而实际上并没有这样的依据。

综上所述，这个公理是不正确的，因为它违反了RDFS的语义规则，特别是关于属性的domain和range的约束，以及属性之间的子属性关系的合理性。
</think>

判断结果：错误
解释：citysportsteams的domain是city，而proxyfor的domain是everypromotedthing，两者之间没有明确的包含关系，因此无法保证citysportsteams的实例必然属于proxyfor。",0,0.0,
sample_0490,subPropertyOf,The property citysportsteams is more specific than the property proxyfor.,"背景知识：
条目1：
- 名称：citysportsteams
- 类型：Class
- 简介：citysportsteams is a class in the NELL knowledge base.
- 补充信息：generalizations: proxyfor, locationactedinbyorganization | domain: city | range: sportsteam

条目2：
- 名称：proxyfor
- 类型：Class
- 简介：{%%s is a %s for %%s, proxy}
- 补充信息：generalizations: mutualproxyfor | domain: everypromotedthing | range: everypromotedthing",1,deepseek-ai/DeepSeek-R1-Distill-Qwen-32B,0.0,8192,https://api2.aigcbest.top/v1,"嗯，我现在需要判断这个RDFS公理是否正确。公理是说“citysportsteams这个属性比proxyfor更具体”。首先，我得明确这两个术语是什么类型的。根据背景知识，citysportsteams是一个类，而proxyfor也是一个类。但是，RDFS中的subPropertyOf关系是用于属性之间的，也就是说，只有当两者都是属性时，才能用subPropertyOf来表示它们之间的包含关系。

接下来，我查看补充信息。citysportsteams的补充信息里提到它有generalizations，也就是更一般的类，包括proxyfor和locationactedinbyorganization。这可能意味着citysportsteams是proxyfor的一个子类。但是，这里有个问题，因为subPropertyOf是属性之间的关系，而这里讨论的是类之间的关系，所以可能混淆了subClassOf和subPropertyOf的概念。

另外，proxyfor的补充信息显示它的generalizations是mutualproxyfor，而domain和range都是everypromotedthing。这表明proxyfor可能是一个属性，而不是一个类。但根据背景知识，proxyfor被标记为Class类型，这可能是一个错误，或者可能在实际应用中它被用作属性。

综合来看，公理试图用subPropertyOf来描述两个类之间的关系，这不符合RDFS的语义规则，因为subPropertyOf只能用于属性。因此，这个公理是错误的，因为它错误地应用了subPropertyOf在类之间，而不是属性之间。
</think>

判断结果：错误
解释：citysportsteams是一个类，而proxyfor也是一个类，因此它们之间不能使用subPropertyOf关系，因为subPropertyOf仅适用于属性之间的关系。",0,0.0,
