id,axiom_type,axiom_text,label,subject,object,subject_context,object_context,context_info,claude_model_label,claude_is_correct,claude_output,gpt_model_label,gpt_is_correct,gpt_output,qwen_model_label,qwen_is_correct,qwen_output
sample_0010,subClassOf,State_Public_Works_Engineering_Corps__u0028_France_u0029_ ⊑ Engineer,1,http://yago-knowledge.org/resource/State_Public_Works_Engineering_Corps__u0028_France_u0029_,http://yago-knowledge.org/resource/Engineer,"- 名称：State_Public_Works_Engineering_Corps__u0028_France_u0029_
- 类型：Class
- 简介：State_Public_Works_Engineering_Corps__u0028_France_u0029_ is a class in the knowledge base.","- 名称：Engineer
- 类型：Class
- 简介：An engineer is a practitioner of engineering. The word engineer is derived from the Latin words ingeniare and ingenium (""cleverness""). The foundational qualifications of a licensed professional engineer typically include a four-year bachelo...","背景知识：
条目1：
- 名称：State_Public_Works_Engineering_Corps__u0028_France_u0029_
- 类型：Class
- 简介：State_Public_Works_Engineering_Corps__u0028_France_u0029_ is a class in the knowledge base.

条目2：
- 名称：Engineer
- 类型：Class
- 简介：An engineer is a practitioner of engineering. The word engineer is derived from the Latin words ingeniare and ingenium (""cleverness""). The foundational qualifications of a licensed professional engineer typically include a four-year bachelo...",0,0,"判断结果：错误
解释：State_Public_Works_Engineering_Corps__u0028_France_u0029_是一个具体的组织机构类，而Engineer是指从事工程实践的个人职业类，两者在本体层级上属于不同的分类维度（组织vs个人），不存在包含关系，该subClassOf公理违反了RDFS的语义约束。",0,0,"判断结果：错误
解释：rdfs:subClassOf 要求子类的所有实例也是父类的实例，而 State_Public_Works_Engineering_Corps__u0028_France_u0029_ 表示一个机构/团体（corps）而非个体工程师，将组织类作为 Engineer 的子类与常识语义规则不符。",0,0,"判断结果：错误  
解释：根据背景知识，State_Public_Works_Engineering_Corps__u0028_France_u0029_ 是一个类，而 Engineer 也是一个类，但前者描述的是一个组织或机构，后者描述的是个人职业角色，二者不存在子类关系。"
sample_0015,subClassOf,Corps_de_l_u0027_armement ⊑ Engineer,1,http://yago-knowledge.org/resource/Corps_de_l_u0027_armement,http://yago-knowledge.org/resource/Engineer,"- 名称：Corps_de_l_u0027_armement
- 类型：Class
- 简介：Corps_de_l_u0027_armement is a class in the knowledge base.","- 名称：Engineer
- 类型：Class
- 简介：An engineer is a practitioner of engineering. The word engineer is derived from the Latin words ingeniare and ingenium (""cleverness""). The foundational qualifications of a licensed professional engineer typically include a four-year bachelo...","背景知识：
条目1：
- 名称：Corps_de_l_u0027_armement
- 类型：Class
- 简介：Corps_de_l_u0027_armement is a class in the knowledge base.

条目2：
- 名称：Engineer
- 类型：Class
- 简介：An engineer is a practitioner of engineering. The word engineer is derived from the Latin words ingeniare and ingenium (""cleverness""). The foundational qualifications of a licensed professional engineer typically include a four-year bachelo...",0,0,"判断结果：错误
解释：Corps_de_l_u0027_armement（法国军事工程兵部队）是一个特定的军事组织机构，而Engineer（工程师）是指从事工程实践的专业人员，两者在语义上不存在包含关系，该subClassOf公理违反了RDFS类层次的语义约束。",0,0,"判断结果：[错误]
解释：[背景知识仅将Corps_de_l_u0027_armement和Engineer分别声明为类，并未提供任何信息表明前者的所有实例都属于Engineer，而rdfs:subClassOf要求此包含关系成立，缺乏证据故不合理。]",0,0,"判断结果：错误  
解释：根据背景知识，Corps_de_l_u0027_armement和Engineer是两个独立的类，且无信息表明前者是后者的子类，因此该公理与背景知识冲突。"
sample_0060,subClassOf,Antoinism ⊑ Catholicism,1,http://yago-knowledge.org/resource/Antoinism,http://yago-knowledge.org/resource/Catholicism,"- 名称：Antoinism
- 类型：Class
- 简介：Antoinism is a healing-oriented new religious movement founded in 1910 by Louis-Joseph Antoine (1846–1912) in Jemeppe-sur-Meuse, Seraing in Belgium. With a total of 64 temples, over forty reading rooms across the world and thousands of memb...","- 名称：Catholicism
- 类型：Class
- 简介：The Catholic Church, commonly called the Roman Catholic Church, is the largest Christian denomination, with an estimated 1.28 to 1.41 billion baptized members worldwide as of 2026. It consists of 24 autonomous churches—the Latin Church and....","背景知识：
条目1：
- 名称：Antoinism
- 类型：Class
- 简介：Antoinism is a healing-oriented new religious movement founded in 1910 by Louis-Joseph Antoine (1846–1912) in Jemeppe-sur-Meuse, Seraing in Belgium. With a total of 64 temples, over forty reading rooms across the world and thousands of memb...

条目2：
- 名称：Catholicism
- 类型：Class
- 简介：The Catholic Church, commonly called the Roman Catholic Church, is the largest Christian denomination, with an estimated 1.28 to 1.41 billion baptized members worldwide as of 2026. It consists of 24 autonomous churches—the Latin Church and....",0,0,"判断结果：错误
解释：Antoinism是1910年由Louis-Joseph Antoine创立的独立新兴宗教运动，而Catholicism是有着悠久历史的基督教最大教派，两者是不同的宗教体系，Antoinism并非Catholicism的子类，该subClassOf关系违反了背景知识中对两个宗教的独立身份定义。",0,0,"判断结果：[错误]
解释：[RDFS中subClassOf表示前者的所有实例也属于后者，但背景说明Antoinism是1910年由Louis-Joseph Antoine创立的独立新兴宗教运动，并非罗马天主教（Catholicism）的一个子类，因此该从属断言不成立。]",0,0,"判断结果：错误  
解释：根据背景知识，Antoinism是一个1910年创立的新宗教运动，而Catholicism是基督教中最大的教派，两者在语义上并无包含关系，因此Antoinism不是Catholicism的子类。"
sample_0066,subPropertyOf,price ⊑p hasNumericValue,1,http://schema.org/price,https://www.omg.org/spec/Commons/Quantities/hasNumericValue,"- 名称：price
- 类型：Property
- 简介：The offer price of a product, or of a price component when attached to PriceSpecification and its subtypes.<br/><br/> Usage guidelines:<br/><br/> <ul> <li>Use the <a class=""localLink"" href=""/priceCurrency"">priceCurrency</a> property (with s...
- 补充信息：domainIncludes: http://schema.org/DonateAction, http://schema.org/Offer, http://schema.org/PriceSpecification, http://schema.org/TradeAction | rangeIncludes: http://schema.org/Numb...","- 名称：hasNumericValue
- 类型：Class
- 简介：hasNumericValue is a class in the knowledge base.","背景知识：
条目1：
- 名称：price
- 类型：Property
- 简介：The offer price of a product, or of a price component when attached to PriceSpecification and its subtypes.<br/><br/> Usage guidelines:<br/><br/> <ul> <li>Use the <a class=""localLink"" href=""/priceCurrency"">priceCurrency</a> property (with s...
- 补充信息：domainIncludes: http://schema.org/DonateAction, http://schema.org/Offer, http://schema.org/PriceSpecification, http://schema.org/TradeAction | rangeIncludes: http://schema.org/Numb...

条目2：
- 名称：hasNumericValue
- 类型：Class
- 简介：hasNumericValue is a class in the knowledge base.",0,0,"判断结果：错误
解释：price是属性（Property），hasNumericValue是类（Class），subPropertyOf关系只能存在于两个属性之间，不能将属性与类进行包含关系的定义，因此该公理违反了RDFS的基本语义规则。",0,0,"判断结果：[错误]
解释：[price 是一个属性而 hasNumericValue 在背景知识中为类，RDFS 中的子属性关系（subPropertyOf/⊑p）只能在属性之间成立，不能将属性声明为类的子属性，因此该公理不合理。]",0,0,"判断结果：错误  
解释：根据背景知识，price是一个Property，而hasNumericValue是一个Class，RDFS中属性（Property）不能是类（Class）的子属性（subPropertyOf）。"
sample_0068,subPropertyOf,serviceSmsNumber ⊑p hasAddress,1,http://schema.org/serviceSmsNumber,https://www.omg.org/spec/Commons/Locations/hasAddress,"- 名称：serviceSmsNumber
- 类型：Property
- 简介：The number to access the service by text message.
- 补充信息：domainIncludes: http://schema.org/ServiceChannel | rangeIncludes: http://schema.org/ContactPoint","- 名称：hasAddress
- 类型：Class
- 简介：hasAddress is a class in the knowledge base.","背景知识：
条目1：
- 名称：serviceSmsNumber
- 类型：Property
- 简介：The number to access the service by text message.
- 补充信息：domainIncludes: http://schema.org/ServiceChannel | rangeIncludes: http://schema.org/ContactPoint

条目2：
- 名称：hasAddress
- 类型：Class
- 简介：hasAddress is a class in the knowledge base.",0,0,"判断结果：错误
解释：serviceSmsNumber是属性（Property），hasAddress是类（Class），subPropertyOf关系只能存在于两个属性之间，不能将属性与类进行包含关系比较，因此该公理违反了RDFS的基本类型约束。",0,0,"判断结果：错误
解释：subPropertyOf（⊑p）应连接属性到属性，但背景中serviceSmsNumber是Property而hasAddress是Class，类型不匹配且语义不成立，因此该公理不合理。",0,0,"判断结果：错误  
解释：serviceSmsNumber 是一个属性，而 hasAddress 是一个类，根据 RDFS 语义规则，属性和类之间不能直接建立子属性关系 (subPropertyOf)。"
sample_0069,subPropertyOf,announcementLocation ⊑p spatialCoverage,1,http://schema.org/announcementLocation,http://schema.org/spatialCoverage,"- 名称：announcementLocation
- 类型：Property
- 简介：Indicates a specific <a class=""localLink"" href=""/CivicStructure"">CivicStructure</a> or <a class=""localLink"" href=""/LocalBusiness"">LocalBusiness</a> associated with the SpecialAnnouncement. For example, a specific testing facility or busines...
- 补充信息：domainIncludes: http://schema.org/SpecialAnnouncement | rangeIncludes: http://schema.org/CivicStructure, http://schema.org/LocalBusiness","- 名称：spatialCoverage
- 类型：Property
- 简介：The spatialCoverage of a CreativeWork indicates the place(s) which are the focus of the content. It is a subproperty of contentLocation intended primarily for more technical and detailed materials. For example with a Dataset, it indicates a...
- 补充信息：domainIncludes: http://schema.org/CreativeWork | rangeIncludes: http://schema.org/Place","背景知识：
条目1：
- 名称：announcementLocation
- 类型：Property
- 简介：Indicates a specific <a class=""localLink"" href=""/CivicStructure"">CivicStructure</a> or <a class=""localLink"" href=""/LocalBusiness"">LocalBusiness</a> associated with the SpecialAnnouncement. For example, a specific testing facility or busines...
- 补充信息：domainIncludes: http://schema.org/SpecialAnnouncement | rangeIncludes: http://schema.org/CivicStructure, http://schema.org/LocalBusiness

条目2：
- 名称：spatialCoverage
- 类型：Property
- 简介：The spatialCoverage of a CreativeWork indicates the place(s) which are the focus of the content. It is a subproperty of contentLocation intended primarily for more technical and detailed materials. For example with a Dataset, it indicates a...
- 补充信息：domainIncludes: http://schema.org/CreativeWork | rangeIncludes: http://schema.org/Place",0,0,"判断结果：错误
解释：announcementLocation的domain为SpecialAnnouncement，而spatialCoverage的domain为CreativeWork，两者domain不兼容；且announcementLocation的range为CivicStructure或LocalBusiness，而spatialCoverage的range为Place，两者range也不兼容，因此announcementLocation不能是spatialCoverage的子属性。",0,0,"判断结果：错误
解释：announcementLocation 的 domain 是 SpecialAnnouncement 而 spatialCoverage 的 domain 是 CreativeWork，背景知识未表明 SpecialAnnouncement 为 CreativeWork，按 RDFS 子属性语义将前者设为后者的子属性会错误地推断 SpecialAnnouncement 属于 CreativeWork，因而不合理。",0,0,"判断结果：错误  
解释：根据背景知识，announcementLocation的domain是SpecialAnnouncement，而spatialCoverage的domain是CreativeWork，两者领域不一致，因此announcementLocation不可能是spatialCoverage的子属性。"
sample_0075,subPropertyOf,availableAtOrFrom ⊑p areaServed,1,http://schema.org/availableAtOrFrom,http://schema.org/areaServed,"- 名称：availableAtOrFrom
- 类型：Property
- 简介：The place(s) from which the offer can be obtained (e.g. store locations).
- 补充信息：domainIncludes: http://schema.org/Demand, http://schema.org/Offer | rangeIncludes: http://schema.org/Place","- 名称：areaServed
- 类型：Property
- 简介：The geographic area where a service or offered item is provided.
- 补充信息：domainIncludes: http://schema.org/ContactPoint, http://schema.org/DeliveryChargeSpecification, http://schema.org/Demand, http://schema.org/FinancialIncentive, http://schema.org/Off...","背景知识：
条目1：
- 名称：availableAtOrFrom
- 类型：Property
- 简介：The place(s) from which the offer can be obtained (e.g. store locations).
- 补充信息：domainIncludes: http://schema.org/Demand, http://schema.org/Offer | rangeIncludes: http://schema.org/Place

条目2：
- 名称：areaServed
- 类型：Property
- 简介：The geographic area where a service or offered item is provided.
- 补充信息：domainIncludes: http://schema.org/ContactPoint, http://schema.org/DeliveryChargeSpecification, http://schema.org/Demand, http://schema.org/FinancialIncentive, http://schema.org/Off...",0,0,"判断结果：错误
解释：availableAtOrFrom表示获取商品/服务的具体地点，而areaServed表示服务覆盖的地理区域范围，两者语义不同且无包含关系，不应存在subPropertyOf关系。",0,0,"判断结果：错误
解释：虽然背景知识中两者在域/域（如 Demand）和值域（Place）上有部分重合，但 availableAtOrFrom 表示可获得要约的具体地点（store locations），而 areaServed 表示服务或商品覆盖的地理区域，二者语义不等同，将 availableAtOrFrom 设为 areaServed 的子属性会错误地把“可获得地点”蕴涵为“覆盖区域”，因而不合理。",0,0,"判断结果：错误  
解释：根据背景知识，availableAtOrFrom的domainIncludes为Demand和Offer，而areaServed的domainIncludes不包含这些类，因此两者之间不存在subPropertyOf关系。"
sample_0077,subPropertyOf,recipeIngredient ⊑p supply,1,http://schema.org/recipeIngredient,http://schema.org/supply,"- 名称：recipeIngredient
- 类型：Property
- 简介：An ingredient or ordered list of ingredients and potentially quantities used in the recipe, e.g. 1 cup of sugar, flour or garlic. The ingredients can be represented as free text or more structured values.
- 补充信息：domainIncludes: http://schema.org/Recipe | rangeIncludes: http://schema.org/ItemList, http://schema.org/PropertyValue, http://schema.org/Text","- 名称：supply
- 类型：Property
- 简介：A sub-property of instrument. A supply consumed when performing instructions or a direction.
- 补充信息：domainIncludes: http://schema.org/HowTo, http://schema.org/HowToDirection | rangeIncludes: http://schema.org/HowToSupply, http://schema.org/Text","背景知识：
条目1：
- 名称：recipeIngredient
- 类型：Property
- 简介：An ingredient or ordered list of ingredients and potentially quantities used in the recipe, e.g. 1 cup of sugar, flour or garlic. The ingredients can be represented as free text or more structured values.
- 补充信息：domainIncludes: http://schema.org/Recipe | rangeIncludes: http://schema.org/ItemList, http://schema.org/PropertyValue, http://schema.org/Text

条目2：
- 名称：supply
- 类型：Property
- 简介：A sub-property of instrument. A supply consumed when performing instructions or a direction.
- 补充信息：domainIncludes: http://schema.org/HowTo, http://schema.org/HowToDirection | rangeIncludes: http://schema.org/HowToSupply, http://schema.org/Text",0,0,"判断结果：错误
解释：recipeIngredient和supply是两个独立的属性，分别用于不同的领域（Recipe vs HowTo），它们之间不存在subPropertyOf的包含关系，且supply被明确定义为instrument的子属性而非recipeIngredient的父属性。",0,0,"判断结果：[错误]
解释：[两者均为属性但语义不匹配：recipeIngredient 的主体为 Recipe，客体为 ItemList/PropertyValue/Text，而 supply 的主体为 HowTo/HowToDirection，客体为 HowToSupply/Text；按 RDFS 子属性要求子属性的 domain/range 应更窄或一致，二者域/值不匹配，因此该子属性公理不成立。]",0,0,"判断结果：错误  
解释：根据背景知识，recipeIngredient的domain是Recipe，而supply的domain是HowTo或HowToDirection，两者的主体类不一致，因此recipeIngredient不可能是supply的子属性。"
sample_0080,subPropertyOf,legalName ⊑p hasName,1,http://schema.org/legalName,https://www.omg.org/spec/Commons/Text/hasName,"- 名称：legalName
- 类型：Property
- 简介：The official name of the organization, e.g. the registered company name.
- 补充信息：domainIncludes: http://schema.org/Organization | rangeIncludes: http://schema.org/Text","- 名称：hasName
- 类型：Class
- 简介：hasName is a class in the knowledge base.","背景知识：
条目1：
- 名称：legalName
- 类型：Property
- 简介：The official name of the organization, e.g. the registered company name.
- 补充信息：domainIncludes: http://schema.org/Organization | rangeIncludes: http://schema.org/Text

条目2：
- 名称：hasName
- 类型：Class
- 简介：hasName is a class in the knowledge base.",0,0,"判断结果：错误
解释：legalName是属性（Property），hasName是类（Class），两者类型不同，无法建立subPropertyOf关系；且legalName的range为Text而非hasName类，违反了RDFS属性包含关系的语义规则。",0,0,"判断结果：[错误]
解释：[背景中 legalName 被声明为 Property（具有 domainIncludes: Organization 和 rangeIncludes: Text），而 hasName 被声明为 Class，RDFS 的 subPropertyOf 关系要求主语和宾语均为属性，因此将 property 指定为某个类的子属性在类型上不成立，与 RDFS 语义规则冲突。]",0,0,"判断结果：错误  
解释：legalName 是一个属性 (Property)，而 hasName 是一个类 (Class)，根据 RDFS 语义规则，属性和类之间不能直接建立子属性关系 (subPropertyOf)。"
sample_0081,subPropertyOf,inChI ⊑p hasRepresentation,1,http://schema.org/inChI,http://schema.org/hasRepresentation,"- 名称：inChI
- 类型：Property
- 简介：Non-proprietary identifier for molecular entity that can be used in printed and electronic data sources thus enabling easier linking of diverse data compilations.
- 补充信息：domainIncludes: http://schema.org/MolecularEntity | rangeIncludes: http://schema.org/Text","- 名称：hasRepresentation
- 类型：Property
- 简介：A common representation such as a protein sequence or chemical structure for this entity. For images use schema.org/image.
- 补充信息：domainIncludes: http://schema.org/BioChemEntity | rangeIncludes: http://schema.org/PropertyValue, http://schema.org/Text, http://schema.org/URL","背景知识：
条目1：
- 名称：inChI
- 类型：Property
- 简介：Non-proprietary identifier for molecular entity that can be used in printed and electronic data sources thus enabling easier linking of diverse data compilations.
- 补充信息：domainIncludes: http://schema.org/MolecularEntity | rangeIncludes: http://schema.org/Text

条目2：
- 名称：hasRepresentation
- 类型：Property
- 简介：A common representation such as a protein sequence or chemical structure for this entity. For images use schema.org/image.
- 补充信息：domainIncludes: http://schema.org/BioChemEntity | rangeIncludes: http://schema.org/PropertyValue, http://schema.org/Text, http://schema.org/URL",0,0,"判断结果：错误
解释：inChI是属性，hasRepresentation也是属性，subPropertyOf关系应表示属性间的包含关系（如果P1 ⊑p P2，则P1的语义范围应被P2包含），但inChI的domain为MolecularEntity、range为Text，而hasRepresentation的domain为BioChemEntity、range为PropertyValue/Text/URL，两者的domain和range约束不存在包含关系，因此inChI ⊑p hasRepresentation的公理不成立。",0,0,"判断结果：错误
解释：RDFS 中若 p 为 q 的子属性则需满足 domain(p) ⊆ domain(q) 且 range(p) ⊆ range(q)；而 inChI 的 domainIncludes 为 MolecularEntity、hasRepresentation 的 domainIncludes 为 BioChemEntity，且背景知识中未声明 MolecularEntity ⊑ BioChemEntity（虽然 inChI 的 range Text 被包含在 hasRepresentation 的 rangeIncludes 中），因此域不兼容，该公理不合理。",0,0,"判断结果：错误  
解释：根据背景知识，inChI的domain是MolecularEntity，而hasRepresentation的domain是BioChemEntity，两者领域不一致，因此inChI不可能是hasRepresentation的子属性。"
sample_0084,subPropertyOf,longitude ⊑p hasLongitude,1,http://schema.org/longitude,https://www.omg.org/spec/Commons/Locations/hasLongitude,"- 名称：longitude
- 类型：Property
- 简介：The longitude of a location. For example <code>-122.08585</code> (<a href=""https://en.wikipedia.org/wiki/World_Geodetic_System"">WGS 84</a>).
- 补充信息：domainIncludes: http://schema.org/GeoCoordinates, http://schema.org/Place | rangeIncludes: http://schema.org/Number, http://schema.org/Text","- 名称：hasLongitude
- 类型：Class
- 简介：hasLongitude is a class in the knowledge base.","背景知识：
条目1：
- 名称：longitude
- 类型：Property
- 简介：The longitude of a location. For example <code>-122.08585</code> (<a href=""https://en.wikipedia.org/wiki/World_Geodetic_System"">WGS 84</a>).
- 补充信息：domainIncludes: http://schema.org/GeoCoordinates, http://schema.org/Place | rangeIncludes: http://schema.org/Number, http://schema.org/Text

条目2：
- 名称：hasLongitude
- 类型：Class
- 简介：hasLongitude is a class in the knowledge base.",0,0,"判断结果：错误
解释：longitude是属性（Property），hasLongitude是类（Class），两者类型不同，不能使用subPropertyOf（⊑p）关系进行比较，且背景知识中未显示longitude与hasLongitude存在任何包含关系。",0,0,"判断结果：错误
解释：背景知识表明 longitude 是一个 Property，而 hasLongitude 是一个 Class，RDFS 中的子属性关系（⊑p）只能用于属性之间，类型不匹配且语义不成立。",0,0,"判断结果：错误  
解释：根据背景知识，longitude是一个Property，而hasLongitude是一个Class，RDFS中subPropertyOf关系仅适用于属性之间，因此该公理语义上不成立。"
sample_0086,subPropertyOf,partOfInvoice ⊑p isReferencedIn,1,http://schema.org/partOfInvoice,https://spec.edmcouncil.org/fibo/ontology/FND/Arrangements/Documents/isReferencedIn,"- 名称：partOfInvoice
- 类型：Property
- 简介：The order is being paid as part of the referenced Invoice.
- 补充信息：domainIncludes: http://schema.org/Order | rangeIncludes: http://schema.org/Invoice","- 名称：isReferencedIn
- 类型：Class
- 简介：isReferencedIn is a class in the knowledge base.","背景知识：
条目1：
- 名称：partOfInvoice
- 类型：Property
- 简介：The order is being paid as part of the referenced Invoice.
- 补充信息：domainIncludes: http://schema.org/Order | rangeIncludes: http://schema.org/Invoice

条目2：
- 名称：isReferencedIn
- 类型：Class
- 简介：isReferencedIn is a class in the knowledge base.",0,0,"判断结果：错误
解释：partOfInvoice是Property类型，isReferencedIn是Class类型，subPropertyOf（⊑p）关系只能存在于两个属性之间，不能将属性与类进行关联，违反了RDFS的基本语义规则。",0,0,"判断结果：[错误]
解释：[partOfInvoice 是一个属性而 isReferencedIn 被定义为类，RDFS 中的 subPropertyOf（⊑p）关系要求两端都是属性，因此将属性声明为某个类的子属性是语义上不合理的。]",0,0,"判断结果：错误  
解释：partOfInvoice 是一个属性，而 isReferencedIn 是一个类，根据 RDFS 语义规则，属性和类之间不能直接建立 subPropertyOf (⊑p) 关系。"
sample_0087,subPropertyOf,clipNumber ⊑p position,1,http://schema.org/clipNumber,http://schema.org/position,"- 名称：clipNumber
- 类型：Property
- 简介：Position of the clip within an ordered group of clips.
- 补充信息：domainIncludes: http://schema.org/Clip | rangeIncludes: http://schema.org/Integer, http://schema.org/Text","- 名称：position
- 类型：Property
- 简介：The position of an item in a series or sequence of items.
- 补充信息：domainIncludes: http://schema.org/CreativeWork, http://schema.org/ListItem | rangeIncludes: http://schema.org/Integer, http://schema.org/Text","背景知识：
条目1：
- 名称：clipNumber
- 类型：Property
- 简介：Position of the clip within an ordered group of clips.
- 补充信息：domainIncludes: http://schema.org/Clip | rangeIncludes: http://schema.org/Integer, http://schema.org/Text

条目2：
- 名称：position
- 类型：Property
- 简介：The position of an item in a series or sequence of items.
- 补充信息：domainIncludes: http://schema.org/CreativeWork, http://schema.org/ListItem | rangeIncludes: http://schema.org/Integer, http://schema.org/Text",0,0,"判断结果：错误
解释：clipNumber和position是两个独立的属性，分别描述不同的语义概念（前者特指剪辑在有序组中的位置，后者泛指项目在序列中的位置），且两者的domain和range定义不同，不存在subPropertyOf的包含关系。",0,0,"判断结果：错误
解释：clipNumber 的 domainIncludes 为 Clip，而 position 的 domainIncludes 为 CreativeWork 和 ListItem，若声明 clipNumber ⊑p position 则使用 clipNumber 的主体应当属于 position 的域类（CreativeWork 或 ListItem），但背景知识未表明 Clip 是 CreativeWork 或 ListItem 的子类，域不匹配因此不合理。",0,0,"判断结果：错误  
解释：根据背景知识，clipNumber的domain为Clip，而position的domain包括CreativeWork和ListItem，两者domain不一致，因此clipNumber不是position的子属性。"
sample_0088,subPropertyOf,minimumPaymentDue ⊑p hasLowerBound,1,http://schema.org/minimumPaymentDue,https://www.omg.org/spec/Commons/Quantities/hasLowerBound,"- 名称：minimumPaymentDue
- 类型：Property
- 简介：The minimum payment required at this time.
- 补充信息：domainIncludes: http://schema.org/Invoice | rangeIncludes: http://schema.org/MonetaryAmount, http://schema.org/PriceSpecification","- 名称：hasLowerBound
- 类型：Class
- 简介：hasLowerBound is a class in the knowledge base.","背景知识：
条目1：
- 名称：minimumPaymentDue
- 类型：Property
- 简介：The minimum payment required at this time.
- 补充信息：domainIncludes: http://schema.org/Invoice | rangeIncludes: http://schema.org/MonetaryAmount, http://schema.org/PriceSpecification

条目2：
- 名称：hasLowerBound
- 类型：Class
- 简介：hasLowerBound is a class in the knowledge base.",0,0,"判断结果：错误
解释：minimumPaymentDue是属性（Property），hasLowerBound是类（Class），属性不能是类的子集，违反了RDFS中subPropertyOf只能用于属性间关系的基本语义规则。",0,0,"判断结果：错误
解释：minimumPaymentDue 在背景中是一个属性，而 hasLowerBound 被定义为一个类，RDFS 的 subPropertyOf 关系应适用于属性之间，属性与类之间不能成立子属性关系，因此该公理不合理。",0,0,"判断结果：错误  
解释：minimumPaymentDue 是一个属性，而 hasLowerBound 是一个类，根据 RDFS 语义规则，属性和类之间不能直接建立 subPropertyOf 关系。"
sample_0092,subPropertyOf,hasCategoryCode ⊑p hasDefinedTerm,1,http://schema.org/hasCategoryCode,http://schema.org/hasDefinedTerm,"- 名称：hasCategoryCode
- 类型：Property
- 简介：A Category code contained in this code set.
- 补充信息：domainIncludes: http://schema.org/CategoryCodeSet | rangeIncludes: http://schema.org/CategoryCode","- 名称：hasDefinedTerm
- 类型：Property
- 简介：A Defined Term contained in this term set.
- 补充信息：domainIncludes: http://schema.org/DefinedTermSet, http://schema.org/Taxon | rangeIncludes: http://schema.org/DefinedTerm","背景知识：
条目1：
- 名称：hasCategoryCode
- 类型：Property
- 简介：A Category code contained in this code set.
- 补充信息：domainIncludes: http://schema.org/CategoryCodeSet | rangeIncludes: http://schema.org/CategoryCode

条目2：
- 名称：hasDefinedTerm
- 类型：Property
- 简介：A Defined Term contained in this term set.
- 补充信息：domainIncludes: http://schema.org/DefinedTermSet, http://schema.org/Taxon | rangeIncludes: http://schema.org/DefinedTerm",0,0,"判断结果：错误
解释：hasCategoryCode的range是CategoryCode，hasDefinedTerm的range是DefinedTerm，两者为不同的概念类型，不存在包含关系，因此hasCategoryCode ⊑p hasDefinedTerm的属性包含关系不成立。",0,0,"判断结果：[错误]
解释：[背景知识显示 hasCategoryCode 的 domainIncludes 为 CategoryCodeSet、rangeIncludes 为 CategoryCode，而 hasDefinedTerm 的 domainIncludes 为 DefinedTermSet 和 Taxon、rangeIncludes 为 DefinedTerm；根据 RDFS，若 p1 ⊑p p2 则 p1 的主客体必须属于 p2 的 domain/range（即 p1 的 domain 应为 p2 的子类且 p1 的 range 应为 p2 的子类），但两者的 domain/range 并不兼容，因此公理不合理。]",0,0,"判断结果：错误  
解释：根据背景知识，hasCategoryCode的domain和range与hasDefinedTerm的domain和range不匹配，无法满足subPropertyOf的语义约束。"
sample_0093,subPropertyOf,legislationPassedBy ⊑p creator,1,http://schema.org/legislationPassedBy,http://schema.org/creator,"- 名称：legislationPassedBy
- 类型：Property
- 简介：The person or organization that originally passed or made the law: typically parliament (for primary legislation) or government (for secondary legislation). This indicates the ""legal author"" of the law, as opposed to its physical author.
- 补充信息：domainIncludes: http://schema.org/Legislation | rangeIncludes: http://schema.org/Organization, http://schema.org/Person","- 名称：creator
- 类型：Property
- 简介：The creator/author of this CreativeWork. This is the same as the Author property for CreativeWork.
- 补充信息：domainIncludes: http://schema.org/CreativeWork, http://schema.org/UserComments | rangeIncludes: http://schema.org/Organization, http://schema.org/Person","背景知识：
条目1：
- 名称：legislationPassedBy
- 类型：Property
- 简介：The person or organization that originally passed or made the law: typically parliament (for primary legislation) or government (for secondary legislation). This indicates the ""legal author"" of the law, as opposed to its physical author.
- 补充信息：domainIncludes: http://schema.org/Legislation | rangeIncludes: http://schema.org/Organization, http://schema.org/Person

条目2：
- 名称：creator
- 类型：Property
- 简介：The creator/author of this CreativeWork. This is the same as the Author property for CreativeWork.
- 补充信息：domainIncludes: http://schema.org/CreativeWork, http://schema.org/UserComments | rangeIncludes: http://schema.org/Organization, http://schema.org/Person",0,0,"判断结果：错误
解释：legislationPassedBy的domain为Legislation，而creator的domain为CreativeWork和UserComments，两个属性的定义域不同，legislationPassedBy不能作为creator的子属性，因为子属性关系要求前者的domain应包含于后者的domain。",0,0,"判断结果：错误
解释：legislationPassedBy 的 domain 是 Legislation，而 creator 的 domain 是 CreativeWork/UserComments；若将 legislationPassedBy 设为 creator 的子属性，则使用 legislationPassedBy 的主体会被推断为 CreativeWork 或 UserComments，但背景知识未表明 Legislation 是这两者的子类，因此该公理不合理。",0,0,"判断结果：错误  
解释：根据背景知识，legislationPassedBy的domain是Legislation，而creator的domain是CreativeWork和UserComments，两者的领域不兼容，因此该公理与语义规则冲突。"
sample_0094,subPropertyOf,handlingTime ⊑p duration,1,http://schema.org/handlingTime,http://schema.org/duration,"- 名称：handlingTime
- 类型：Property
- 简介：The typical delay between the receipt of the order and the goods either leaving the warehouse or being prepared for pickup, in case the delivery method is on site pickup.<br/><br/> In the context of <a class=""localLink"" href=""/ShippingDeliv...
- 补充信息：domainIncludes: http://schema.org/ShippingDeliveryTime, http://schema.org/ShippingService | rangeIncludes: http://schema.org/QuantitativeValue, http://schema.org/ServicePeriod","- 名称：duration
- 类型：Property
- 简介：The duration of the item (movie, audio recording, event, etc.) in <a href=""http://en.wikipedia.org/wiki/ISO_8601"">ISO 8601 duration format</a>.
- 补充信息：domainIncludes: http://schema.org/Audiobook, http://schema.org/Episode, http://schema.org/Event, http://schema.org/MediaObject, http://schema.org/Movie, http://schema.org/MusicReco...","背景知识：
条目1：
- 名称：handlingTime
- 类型：Property
- 简介：The typical delay between the receipt of the order and the goods either leaving the warehouse or being prepared for pickup, in case the delivery method is on site pickup.<br/><br/> In the context of <a class=""localLink"" href=""/ShippingDeliv...
- 补充信息：domainIncludes: http://schema.org/ShippingDeliveryTime, http://schema.org/ShippingService | rangeIncludes: http://schema.org/QuantitativeValue, http://schema.org/ServicePeriod

条目2：
- 名称：duration
- 类型：Property
- 简介：The duration of the item (movie, audio recording, event, etc.) in <a href=""http://en.wikipedia.org/wiki/ISO_8601"">ISO 8601 duration format</a>.
- 补充信息：domainIncludes: http://schema.org/Audiobook, http://schema.org/Episode, http://schema.org/Event, http://schema.org/MediaObject, http://schema.org/Movie, http://schema.org/MusicReco...",0,0,"判断结果：错误
解释：handlingTime和duration是两个独立的属性，分别用于描述订单处理延迟时间和媒体项目时长，它们的domain和range完全不同，不存在属性包含关系，因此handlingTime ⊑p duration的subPropertyOf公理不成立。",0,0,"判断结果：错误
解释：handlingTime 的 domainIncludes 为 ShippingDeliveryTime/ShippingService、rangeIncludes 为 QuantitativeValue/ServicePeriod，而 duration 适用于媒体/事件等并以 ISO 8601 时长/Duration 为取值，二者在域和值类型上不兼容，依据 RDFS 子属性要求不应将其设为子属性。",0,0,"判断结果：错误  
解释：根据背景知识，handlingTime的domain和range与duration的domain和range无直接包含关系，且语义上两者描述的内容不一致，无法满足subPropertyOf的语义约束。"
sample_0095,subPropertyOf,legislationType ⊑p genre,1,http://schema.org/legislationType,http://schema.org/genre,"- 名称：legislationType
- 类型：Property
- 简介：The type of the legislation. Examples of values are ""law"", ""act"", ""directive"", ""decree"", ""regulation"", ""statutory instrument"", ""loi organique"", ""règlement grand-ducal"", etc., depending on the country.
- 补充信息：domainIncludes: http://schema.org/Legislation | rangeIncludes: http://schema.org/CategoryCode, http://schema.org/Text","- 名称：genre
- 类型：Property
- 简介：Genre of the creative work, broadcast channel or group.
- 补充信息：domainIncludes: http://schema.org/BroadcastChannel, http://schema.org/CreativeWork, http://schema.org/MusicGroup | rangeIncludes: http://schema.org/DefinedTerm, http://schema.org/T...","背景知识：
条目1：
- 名称：legislationType
- 类型：Property
- 简介：The type of the legislation. Examples of values are ""law"", ""act"", ""directive"", ""decree"", ""regulation"", ""statutory instrument"", ""loi organique"", ""règlement grand-ducal"", etc., depending on the country.
- 补充信息：domainIncludes: http://schema.org/Legislation | rangeIncludes: http://schema.org/CategoryCode, http://schema.org/Text

条目2：
- 名称：genre
- 类型：Property
- 简介：Genre of the creative work, broadcast channel or group.
- 补充信息：domainIncludes: http://schema.org/BroadcastChannel, http://schema.org/CreativeWork, http://schema.org/MusicGroup | rangeIncludes: http://schema.org/DefinedTerm, http://schema.org/T...",0,0,"判断结果：错误
解释：legislationType和genre是两个独立的属性，分别用于描述立法文件和创意作品/广播频道/音乐组的不同特征，它们的domain和range完全不同，不存在subPropertyOf的包含关系。",0,0,"判断结果：错误
解释：根据背景知识，legislationType 的 domainIncludes 是 Legislation，而 genre 的 domainIncludes 是 BroadcastChannel/CreativeWork/MusicGroup；在 RDFS 中若 legislationType ⊑p genre，则使用 legislationType 的三元组也会被视作使用 genre，从而把立法实体错误地推断为 genre 的域类，导致类型冲突，因此该公理不合理。",0,0,"判断结果：错误  
解释：根据背景知识，legislationType的domain是Legislation，而genre的domain包括BroadcastChannel、CreativeWork和MusicGroup，两者的语义领域不一致，因此legislationType不可能是genre的子属性。"
sample_0096,subPropertyOf,nsn ⊑p identifiedBy,1,http://schema.org/nsn,https://www.omg.org/spec/Commons/Identifiers/identifiedBy,"- 名称：nsn
- 类型：Property
- 简介：Indicates the <a href=""https://en.wikipedia.org/wiki/NATO_Stock_Number"">NATO stock number</a> (nsn) of a <a class=""localLink"" href=""/Product"">Product</a>.
- 补充信息：domainIncludes: http://schema.org/Product | rangeIncludes: http://schema.org/Text","- 名称：identifiedBy
- 类型：Class
- 简介：identifiedBy is a class in the knowledge base.","背景知识：
条目1：
- 名称：nsn
- 类型：Property
- 简介：Indicates the <a href=""https://en.wikipedia.org/wiki/NATO_Stock_Number"">NATO stock number</a> (nsn) of a <a class=""localLink"" href=""/Product"">Product</a>.
- 补充信息：domainIncludes: http://schema.org/Product | rangeIncludes: http://schema.org/Text

条目2：
- 名称：identifiedBy
- 类型：Class
- 简介：identifiedBy is a class in the knowledge base.",0,0,"判断结果：错误
解释：nsn是属性（Property），identifiedBy是类（Class），属性不能是另一属性的子属性当其目标为类，且根据背景知识nsn的range为Text而非identifiedBy类，两者之间不存在有效的subPropertyOf关系。",0,0,"判断结果：错误
解释：nsn在背景中被定义为属性而identifiedBy是一个类，rdfs:subPropertyOf关系要求两边都是属性，因类型不匹配该公理语义上不成立。",0,0,"判断结果：错误  
解释：nsn是一个属性（Property），而identifiedBy是一个类（Class），根据RDFS语义规则，属性和类之间不能直接建立子属性（subPropertyOf）关系。"
sample_0097,subPropertyOf,servicePhone ⊑p hasAddress,1,http://schema.org/servicePhone,https://www.omg.org/spec/Commons/Locations/hasAddress,"- 名称：servicePhone
- 类型：Property
- 简介：The phone number to use to access the service.
- 补充信息：domainIncludes: http://schema.org/ServiceChannel | rangeIncludes: http://schema.org/ContactPoint","- 名称：hasAddress
- 类型：Class
- 简介：hasAddress is a class in the knowledge base.","背景知识：
条目1：
- 名称：servicePhone
- 类型：Property
- 简介：The phone number to use to access the service.
- 补充信息：domainIncludes: http://schema.org/ServiceChannel | rangeIncludes: http://schema.org/ContactPoint

条目2：
- 名称：hasAddress
- 类型：Class
- 简介：hasAddress is a class in the knowledge base.",0,0,"判断结果：错误
解释：servicePhone是属性（Property），hasAddress是类（Class），subPropertyOf关系只能存在于两个属性之间，不能将属性与类进行包含关系比较，因此该公理违反了RDFS的基本类型约束规则。",0,0,"判断结果：错误
解释：servicePhone是属性而hasAddress被标注为类，⊑p（subPropertyOf）要求左右两侧均为属性，因类型不匹配且与RDFS语义规则冲突，故公理错误。",0,0,"判断结果：错误  
解释：servicePhone 是一个属性，而 hasAddress 是一个类，根据 RDFS 语义规则，属性和类之间不能直接建立 subPropertyOf (⊑p) 关系。"
sample_0098,subPropertyOf,legislationCommences ⊑p legislationChanges,1,http://schema.org/legislationCommences,http://schema.org/legislationChanges,"- 名称：legislationCommences
- 类型：Property
- 简介：Another legislation that this one sets into force.
- 补充信息：domainIncludes: http://schema.org/Legislation | rangeIncludes: http://schema.org/Legislation","- 名称：legislationChanges
- 类型：Property
- 简介：Another legislation that this legislation changes. This encompasses the notions of amendment, replacement, correction, repeal, or other types of change. This may be a direct change (textual or non-textual amendment) or a consequential or in...
- 补充信息：domainIncludes: http://schema.org/Legislation | rangeIncludes: http://schema.org/Legislation","背景知识：
条目1：
- 名称：legislationCommences
- 类型：Property
- 简介：Another legislation that this one sets into force.
- 补充信息：domainIncludes: http://schema.org/Legislation | rangeIncludes: http://schema.org/Legislation

条目2：
- 名称：legislationChanges
- 类型：Property
- 简介：Another legislation that this legislation changes. This encompasses the notions of amendment, replacement, correction, repeal, or other types of change. This may be a direct change (textual or non-textual amendment) or a consequential or in...
- 补充信息：domainIncludes: http://schema.org/Legislation | rangeIncludes: http://schema.org/Legislation",0,0,"判断结果：错误
解释：legislationCommences（立法生效）和legislationChanges（立法变更）表示不同的法律关系，前者表示一项立法使另一项立法生效，后者表示一项立法修改或废止另一项立法，两者在语义上不存在包含关系，因此不能建立subPropertyOf关系。",0,0,"判断结果：错误
解释：两者虽在背景知识中具有相同的 domain/range（均为 Legislation），但“sets into force（使生效）”不等同于“changes（修改、替换、废止等）”，因此不能可靠地推断 legislationCommences 为 legislationChanges 的子属性。",0,0,"判断结果：错误  
解释：根据背景知识，legislationCommences和legislationChanges的语义不同，前者表示立法启动另一立法，后者表示立法对另一立法的修改，二者无包含关系。"
sample_0099,subPropertyOf,isVariantOf ⊑p exemplifies,1,http://schema.org/isVariantOf,https://www.omg.org/spec/Commons/Classifiers/exemplifies,"- 名称：isVariantOf
- 类型：Property
- 简介：Indicates the kind of product that this is a variant of. In the case of <a class=""localLink"" href=""/ProductModel"">ProductModel</a>, this is a pointer (from a ProductModel) to a base product from which this product is a variant. It is safe t...
- 补充信息：domainIncludes: http://schema.org/Product, http://schema.org/ProductModel | rangeIncludes: http://schema.org/ProductGroup, http://schema.org/ProductModel","- 名称：exemplifies
- 类型：Class
- 简介：exemplifies is a class in the knowledge base.","背景知识：
条目1：
- 名称：isVariantOf
- 类型：Property
- 简介：Indicates the kind of product that this is a variant of. In the case of <a class=""localLink"" href=""/ProductModel"">ProductModel</a>, this is a pointer (from a ProductModel) to a base product from which this product is a variant. It is safe t...
- 补充信息：domainIncludes: http://schema.org/Product, http://schema.org/ProductModel | rangeIncludes: http://schema.org/ProductGroup, http://schema.org/ProductModel

条目2：
- 名称：exemplifies
- 类型：Class
- 简介：exemplifies is a class in the knowledge base.",0,0,"判断结果：错误
解释：isVariantOf是属性，exemplifies是类，subPropertyOf公理要求两端都必须是属性，不能将属性与类进行包含关系比较，因此该公理违反了RDFS语义规则。",0,0,"判断结果：错误
解释：isVariantOf 是一个属性，而背景知识中 exemplifies 是一个类，RDFS 的 subPropertyOf（⊑p）只适用于属性与属性之间，不能把属性声明为类的子属性，因此该公理不合理。",0,0,"判断结果：错误  
解释：isVariantOf 是一个属性 (Property)，而 exemplifies 是一个类 (Class)，根据 RDFS 语义规则，属性和类之间无法直接建立 subPropertyOf 关系。"
sample_0102,subPropertyOf,readBy ⊑p actor,1,http://schema.org/readBy,http://schema.org/actor,"- 名称：readBy
- 类型：Property
- 简介：A person who reads (performs) the audiobook.
- 补充信息：domainIncludes: http://schema.org/Audiobook | rangeIncludes: http://schema.org/Person","- 名称：actor
- 类型：Property
- 简介：An actor (individual or a group), e.g. in TV, radio, movie, video games etc., or in an event. Actors can be associated with individual items or with a series, episode, clip.
- 补充信息：domainIncludes: http://schema.org/Clip, http://schema.org/CreativeWorkSeason, http://schema.org/Episode, http://schema.org/Event, http://schema.org/Movie, http://schema.org/MovieSe...","背景知识：
条目1：
- 名称：readBy
- 类型：Property
- 简介：A person who reads (performs) the audiobook.
- 补充信息：domainIncludes: http://schema.org/Audiobook | rangeIncludes: http://schema.org/Person

条目2：
- 名称：actor
- 类型：Property
- 简介：An actor (individual or a group), e.g. in TV, radio, movie, video games etc., or in an event. Actors can be associated with individual items or with a series, episode, clip.
- 补充信息：domainIncludes: http://schema.org/Clip, http://schema.org/CreativeWorkSeason, http://schema.org/Episode, http://schema.org/Event, http://schema.org/Movie, http://schema.org/MovieSe...",0,0,"判断结果：错误
解释：readBy属性的domain为Audiobook、range为Person，而actor属性的domain包括Clip、Episode、Movie等创意作品类型，两者的语义含义和适用范围存在本质区别，readBy不能作为actor的子属性。",0,0,"判断结果：[错误]
解释：[readBy的domain是Audiobook且range为Person；若将readBy设为actor的子属性，则依据rdfs:subPropertyOf与rdfs:domain规则，任何用readBy的三元组也会成为actor三元组，从而会根据actor的domain推断出该有声书属于actor的domain中列举的Clip/Movie等类，与背景语义（readBy专用于Audiobook）冲突。]",0,0,"判断结果：错误  
解释：根据背景知识，readBy的主体是Audiobook，而actor的主体包括Clip、CreativeWorkSeason等，两者的语义范围不一致，因此readBy不是actor的子属性。"
sample_0103,subPropertyOf,paymentUrl ⊑p hasAddress,1,http://schema.org/paymentUrl,https://www.omg.org/spec/Commons/Locations/hasAddress,"- 名称：paymentUrl
- 类型：Property
- 简介：The URL for sending a payment.
- 补充信息：domainIncludes: http://schema.org/Order | rangeIncludes: http://schema.org/URL","- 名称：hasAddress
- 类型：Class
- 简介：hasAddress is a class in the knowledge base.","背景知识：
条目1：
- 名称：paymentUrl
- 类型：Property
- 简介：The URL for sending a payment.
- 补充信息：domainIncludes: http://schema.org/Order | rangeIncludes: http://schema.org/URL

条目2：
- 名称：hasAddress
- 类型：Class
- 简介：hasAddress is a class in the knowledge base.",0,0,"判断结果：错误
解释：paymentUrl的range是URL类型，而hasAddress是Class类型，两者语义不兼容，paymentUrl不能是hasAddress的子属性。",0,0,"判断结果：[错误]
解释：[paymentUrl 在背景知识中是一个属性而 hasAddress 被声明为类，rdfs:subPropertyOf（⊑p）要求两端都是属性，因此将 paymentUrl 宣称为 hasAddress 的子属性在语义上不成立。]",0,0,"判断结果：错误  
解释：paymentUrl 是一个属性（Property），而 hasAddress 是一个类（Class），根据 RDFS 语义规则，属性和类之间不能直接建立子属性（subPropertyOf）关系。"
sample_0104,subPropertyOf,legislationDate ⊑p dateCreated,1,http://schema.org/legislationDate,http://schema.org/dateCreated,"- 名称：legislationDate
- 类型：Property
- 简介：The date of adoption or signature of the legislation. This is the date at which the text is officially aknowledged to be a legislation, even though it might not even be published or in force.
- 补充信息：domainIncludes: http://schema.org/Legislation | rangeIncludes: http://schema.org/Date","- 名称：dateCreated
- 类型：Property
- 简介：The date on which the CreativeWork was created or the item was added to a DataFeed.
- 补充信息：domainIncludes: http://schema.org/CreativeWork, http://schema.org/DataFeedItem | rangeIncludes: http://schema.org/Date, http://schema.org/DateTime","背景知识：
条目1：
- 名称：legislationDate
- 类型：Property
- 简介：The date of adoption or signature of the legislation. This is the date at which the text is officially aknowledged to be a legislation, even though it might not even be published or in force.
- 补充信息：domainIncludes: http://schema.org/Legislation | rangeIncludes: http://schema.org/Date

条目2：
- 名称：dateCreated
- 类型：Property
- 简介：The date on which the CreativeWork was created or the item was added to a DataFeed.
- 补充信息：domainIncludes: http://schema.org/CreativeWork, http://schema.org/DataFeedItem | rangeIncludes: http://schema.org/Date, http://schema.org/DateTime",0,0,"判断结果：错误
解释：legislationDate的domain为Legislation且range为Date，而dateCreated的domain为CreativeWork/DataFeedItem且range为Date/DateTime，两个属性的定义域不同且语义含义差异大（前者特指立法文件的采纳日期，后者泛指创意作品的创建日期），不满足subPropertyOf的传递性要求，因此legislationDate ⊑p dateCreated的公理不成立。",0,0,"判断结果：错误
解释：legislationDate的domain是Legislation，而dateCreated的domain限定为CreativeWork或DataFeedItem，背景知识未表明Legislation为CreativeWork的子类，因此不能将legislationDate断言为dateCreated的子属性（尽管两者的range兼容）。",0,0,"判断结果：错误  
解释：根据背景知识，legislationDate的domain是Legislation，而dateCreated的domain包括CreativeWork和DataFeedItem，两者的适用范围不一致，因此legislationDate不是dateCreated的子属性。"
sample_0107,subPropertyOf,priceCurrency ⊑p hasCurrency,1,http://schema.org/priceCurrency,https://spec.edmcouncil.org/fibo/ontology/FND/Accounting/CurrencyAmount/hasCurrency,"- 名称：priceCurrency
- 类型：Property
- 简介：The currency of the price, or a price component when attached to <a class=""localLink"" href=""/PriceSpecification"">PriceSpecification</a> and its subtypes.<br/><br/> Use standard formats: <a href=""http://en.wikipedia.org/wiki/ISO_4217"">ISO 42...
- 补充信息：domainIncludes: http://schema.org/DonateAction, http://schema.org/Offer, http://schema.org/PriceSpecification, http://schema.org/Reservation, http://schema.org/Ticket, http://schem...","- 名称：hasCurrency
- 类型：Class
- 简介：hasCurrency is a class in the knowledge base.","背景知识：
条目1：
- 名称：priceCurrency
- 类型：Property
- 简介：The currency of the price, or a price component when attached to <a class=""localLink"" href=""/PriceSpecification"">PriceSpecification</a> and its subtypes.<br/><br/> Use standard formats: <a href=""http://en.wikipedia.org/wiki/ISO_4217"">ISO 42...
- 补充信息：domainIncludes: http://schema.org/DonateAction, http://schema.org/Offer, http://schema.org/PriceSpecification, http://schema.org/Reservation, http://schema.org/Ticket, http://schem...

条目2：
- 名称：hasCurrency
- 类型：Class
- 简介：hasCurrency is a class in the knowledge base.",0,0,"判断结果：错误
解释：priceCurrency是属性（Property），hasCurrency是类（Class），两者类型不匹配，属性不能是类的子属性，违反了RDFS中subPropertyOf关系要求两端都必须是属性的语义规则。",0,0,"判断结果：错误
解释：背景中 priceCurrency 被标注为 Property，而 hasCurrency 是一个 Class，RDFS 中 ⊑p（subPropertyOf）只能用于属性之间，故将属性 priceCurrency 置为类 hasCurrency 的子属性在语义上不成立。",0,0,"判断结果：错误  
解释：priceCurrency 是一个属性（Property），而 hasCurrency 是一个类（Class），根据 RDFS 语义规则，属性和类之间不能直接建立子属性（subPropertyOf）关系。"
sample_0109,subPropertyOf,legislationJurisdiction ⊑p spatialCoverage,1,http://schema.org/legislationJurisdiction,http://schema.org/spatialCoverage,"- 名称：legislationJurisdiction
- 类型：Property
- 简介：The jurisdiction from which the legislation originates.
- 补充信息：domainIncludes: http://schema.org/Legislation | rangeIncludes: http://schema.org/AdministrativeArea, http://schema.org/Text","- 名称：spatialCoverage
- 类型：Property
- 简介：The spatialCoverage of a CreativeWork indicates the place(s) which are the focus of the content. It is a subproperty of contentLocation intended primarily for more technical and detailed materials. For example with a Dataset, it indicates a...
- 补充信息：domainIncludes: http://schema.org/CreativeWork | rangeIncludes: http://schema.org/Place","背景知识：
条目1：
- 名称：legislationJurisdiction
- 类型：Property
- 简介：The jurisdiction from which the legislation originates.
- 补充信息：domainIncludes: http://schema.org/Legislation | rangeIncludes: http://schema.org/AdministrativeArea, http://schema.org/Text

条目2：
- 名称：spatialCoverage
- 类型：Property
- 简介：The spatialCoverage of a CreativeWork indicates the place(s) which are the focus of the content. It is a subproperty of contentLocation intended primarily for more technical and detailed materials. For example with a Dataset, it indicates a...
- 补充信息：domainIncludes: http://schema.org/CreativeWork | rangeIncludes: http://schema.org/Place",0,0,"判断结果：错误
解释：legislationJurisdiction的domain为Legislation，range为AdministrativeArea/Text，而spatialCoverage的domain为CreativeWork，range为Place，两个属性的domain和range约束不兼容，legislationJurisdiction不能是spatialCoverage的子属性。",0,0,"判断结果：错误
解释：legislationJurisdiction 的 rangeIncludes 包含 Text（且也可为 AdministrativeArea），而 spatialCoverage 的 rangeIncludes 为 Place；根据 RDFS 的 subPropertyOf 语义，若将 legislationJurisdiction 设为 spatialCoverage 的子属性，则所有 legislationJurisdiction 的对象都应被视为 Place，这与其可能为 Text 的取值冲突，因此该公理不合理。",0,0,"判断结果：错误  
解释：根据背景知识，legislationJurisdiction的domain是Legislation，而spatialCoverage的domain是CreativeWork，两者的主体类不一致，因此legislationJurisdiction不可能是spatialCoverage的子属性。"
sample_0111,subPropertyOf,certificationIdentification ⊑p hasRegistrationIdentifier,1,http://schema.org/certificationIdentification,https://spec.edmcouncil.org/fibo/ontology/FND/Arrangements/Registration/hasRegistrationIdentifier,"- 名称：certificationIdentification
- 类型：Property
- 简介：Identifier of a certification instance (as registered with an independent certification body). Typically this identifier can be used to consult and verify the certification instance. See also <a href=""https://www.gs1.org/voc/certificationId...
- 补充信息：domainIncludes: http://schema.org/Certification | rangeIncludes: http://schema.org/DefinedTerm, http://schema.org/Text","- 名称：hasRegistrationIdentifier
- 类型：Class
- 简介：hasRegistrationIdentifier is a class in the knowledge base.","背景知识：
条目1：
- 名称：certificationIdentification
- 类型：Property
- 简介：Identifier of a certification instance (as registered with an independent certification body). Typically this identifier can be used to consult and verify the certification instance. See also <a href=""https://www.gs1.org/voc/certificationId...
- 补充信息：domainIncludes: http://schema.org/Certification | rangeIncludes: http://schema.org/DefinedTerm, http://schema.org/Text

条目2：
- 名称：hasRegistrationIdentifier
- 类型：Class
- 简介：hasRegistrationIdentifier is a class in the knowledge base.",0,0,"判断结果：错误
解释：certificationIdentification是属性（Property），而hasRegistrationIdentifier是类（Class），两者类型不同，不能使用subPropertyOf（⊑p）关系进行关联，违反了RDFS语义规则中属性包含关系必须在同类型概念间建立的原则。",0,0,"判断结果：错误
解释：certificationIdentification 是一个 Property 而 hasRegistrationIdentifier 是一个 Class，⊑p 表示子属性关系只适用于属性之间，类型不匹配且与背景知识冲突。",0,0,"判断结果：错误  
解释：certificationIdentification 是一个属性（Property），而 hasRegistrationIdentifier 是一个类（Class），根据 RDFS 语义规则，属性和类之间不能直接建立 subPropertyOf (⊑p) 关系。"
sample_0113,subPropertyOf,maxPrice ⊑p hasUpperBound,1,http://schema.org/maxPrice,https://www.omg.org/spec/Commons/Quantities/hasUpperBound,"- 名称：maxPrice
- 类型：Property
- 简介：The highest price if the price is a range.
- 补充信息：domainIncludes: http://schema.org/PriceSpecification | rangeIncludes: http://schema.org/Number","- 名称：hasUpperBound
- 类型：Class
- 简介：hasUpperBound is a class in the knowledge base.","背景知识：
条目1：
- 名称：maxPrice
- 类型：Property
- 简介：The highest price if the price is a range.
- 补充信息：domainIncludes: http://schema.org/PriceSpecification | rangeIncludes: http://schema.org/Number

条目2：
- 名称：hasUpperBound
- 类型：Class
- 简介：hasUpperBound is a class in the knowledge base.",0,0,"判断结果：错误
解释：maxPrice是属性（Property），hasUpperBound是类（Class），subPropertyOf（⊑p）用于表示属性间的包含关系，不能用于属性与类之间的关系，违反了RDFS语义规则。",0,0,"判断结果：错误
解释：maxPrice 在背景知识中是属性（domainIncludes: PriceSpecification，rangeIncludes: Number），而 hasUpperBound 被声明为类，RDFS 中的 subPropertyOf 只能用于属性与属性之间，因类型不匹配该公理不合理。",0,0,"判断结果：错误  
解释：maxPrice是一个属性（Property），而hasUpperBound是一个类（Class），根据RDFS语义规则，属性和类之间不能直接建立子属性（subPropertyOf）关系。"
sample_0115,subPropertyOf,brand ⊑p hasDesignation,1,http://schema.org/brand,https://spec.edmcouncil.org/fibo/ontology/FND/Relations/Relations/hasDesignation,"- 名称：brand
- 类型：Property
- 简介：The brand(s) associated with a product or service, or the brand(s) maintained by an organization or business person.
- 补充信息：domainIncludes: http://schema.org/Organization, http://schema.org/Person, http://schema.org/Product, http://schema.org/Service | rangeIncludes: http://schema.org/Brand, http://sche...","- 名称：hasDesignation
- 类型：Class
- 简介：hasDesignation is a class in the knowledge base.","背景知识：
条目1：
- 名称：brand
- 类型：Property
- 简介：The brand(s) associated with a product or service, or the brand(s) maintained by an organization or business person.
- 补充信息：domainIncludes: http://schema.org/Organization, http://schema.org/Person, http://schema.org/Product, http://schema.org/Service | rangeIncludes: http://schema.org/Brand, http://sche...

条目2：
- 名称：hasDesignation
- 类型：Class
- 简介：hasDesignation is a class in the knowledge base.",0,0,"判断结果：错误
解释：brand是属性（Property），hasDesignation是类（Class），属性不能是类的子属性，两者类型不匹配，该公理违反了RDFS中subPropertyOf关系必须连接两个属性的基本语义规则。",0,0,"判断结果：错误
解释：background 中 brand 被标注为 Property，而 hasDesignation 被标注为 Class，RDFS 的子属性关系（⊑p）只能在属性与属性之间成立，二者类型不匹配因此该公理错误。",0,0,"判断结果：错误  
解释：brand 是一个 Property，而 hasDesignation 是一个 Class，根据 RDFS 语义规则，Property 和 Class 之间不能直接建立 subPropertyOf (⊑p) 关系。"
sample_0116,subPropertyOf,orderDate ⊑p hasDate,1,http://schema.org/orderDate,https://www.omg.org/spec/Commons/DatesAndTimes/hasDate,"- 名称：orderDate
- 类型：Property
- 简介：Date order was placed.
- 补充信息：domainIncludes: http://schema.org/Order | rangeIncludes: http://schema.org/Date, http://schema.org/DateTime","- 名称：hasDate
- 类型：Class
- 简介：hasDate is a class in the knowledge base.","背景知识：
条目1：
- 名称：orderDate
- 类型：Property
- 简介：Date order was placed.
- 补充信息：domainIncludes: http://schema.org/Order | rangeIncludes: http://schema.org/Date, http://schema.org/DateTime

条目2：
- 名称：hasDate
- 类型：Class
- 简介：hasDate is a class in the knowledge base.",0,0,"判断结果：错误
解释：orderDate是属性（Property），hasDate是类（Class），属性不能是类的子属性，两者类型不匹配，该公理违反了RDFS的基本类型约束。",0,0,"判断结果：错误
解释：orderDate 是一个属性而 hasDate 是一个类，rdfs:subPropertyOf（⊑p）要求左右均为属性，二者类型不匹配故该公理语义上错误。",0,0,"判断结果：错误  
解释：orderDate 是一个属性（Property），而 hasDate 是一个类（Class），根据 RDFS 语义规则，属性和类之间不能直接建立 subPropertyOf (⊑p) 关系。"
sample_0120,subPropertyOf,actionableFeedbackPolicy ⊑p publishingPrinciples,1,http://schema.org/actionableFeedbackPolicy,http://schema.org/publishingPrinciples,"- 名称：actionableFeedbackPolicy
- 类型：Property
- 简介：For a <a class=""localLink"" href=""/NewsMediaOrganization"">NewsMediaOrganization</a> or other news-related <a class=""localLink"" href=""/Organization"">Organization</a>, a statement about public engagement activities (for news media, the newsroo...
- 补充信息：domainIncludes: http://schema.org/NewsMediaOrganization, http://schema.org/Organization | rangeIncludes: http://schema.org/CreativeWork, http://schema.org/URL","- 名称：publishingPrinciples
- 类型：Property
- 简介：The publishingPrinciples property indicates (typically via <a class=""localLink"" href=""/URL"">URL</a>) a document describing the editorial principles of an <a class=""localLink"" href=""/Organization"">Organization</a> (or individual, e.g. a <a c...
- 补充信息：domainIncludes: http://schema.org/CreativeWork, http://schema.org/Organization, http://schema.org/Person | rangeIncludes: http://schema.org/CreativeWork, http://schema.org/URL","背景知识：
条目1：
- 名称：actionableFeedbackPolicy
- 类型：Property
- 简介：For a <a class=""localLink"" href=""/NewsMediaOrganization"">NewsMediaOrganization</a> or other news-related <a class=""localLink"" href=""/Organization"">Organization</a>, a statement about public engagement activities (for news media, the newsroo...
- 补充信息：domainIncludes: http://schema.org/NewsMediaOrganization, http://schema.org/Organization | rangeIncludes: http://schema.org/CreativeWork, http://schema.org/URL

条目2：
- 名称：publishingPrinciples
- 类型：Property
- 简介：The publishingPrinciples property indicates (typically via <a class=""localLink"" href=""/URL"">URL</a>) a document describing the editorial principles of an <a class=""localLink"" href=""/Organization"">Organization</a> (or individual, e.g. a <a c...
- 补充信息：domainIncludes: http://schema.org/CreativeWork, http://schema.org/Organization, http://schema.org/Person | rangeIncludes: http://schema.org/CreativeWork, http://schema.org/URL",0,0,"判断结果：错误
解释：actionableFeedbackPolicy的domainIncludes包含NewsMediaOrganization和Organization，rangeIncludes为CreativeWork和URL；publishingPrinciples的domainIncludes为CreativeWork、Organization和Person，rangeIncludes为CreativeWork和URL。两个属性的domain和range约束不存在包含关系，actionableFeedbackPolicy的domain范围（NewsMediaOrganization、Organization）并未被publishingPrinciples的domain范围（CreativeWork、Organization、Person）完全包含，因此不满足subPropertyOf的语义要求。",0,0,"判断结果：[错误]
解释：[actionableFeedbackPolicy 表示关于公众参与活动而 publishingPrinciples 表示编辑原则，二者语义不一致，虽然背景中两者的 domain/range 在形式上兼容，但从语义上不应将 actionableFeedbackPolicy 作为 publishingPrinciples 的子属性，故该公理不合理。]",0,0,"判断结果：错误  
解释：根据背景知识，actionableFeedbackPolicy的domainIncludes为NewsMediaOrganization和Organization，而publishingPrinciples的domainIncludes包含CreativeWork、Organization和Person，两者的主体范围不一致，无法满足subPropertyOf的语义约束。"
sample_0124,domain,domain(activeIngredient) = DrugStrength,1,http://schema.org/activeIngredient,http://schema.org/DrugStrength,"- 名称：activeIngredient
- 类型：Property
- 简介：An active ingredient, typically chemical compounds and/or biologic substances.
- 补充信息：domainIncludes: http://schema.org/DietarySupplement, http://schema.org/Drug, http://schema.org/DrugStrength, http://schema.org/Substance | rangeIncludes: http://schema.org/Text","- 名称：DrugStrength
- 类型：Property
- 简介：DrugStrength is a property in the knowledge base.","背景知识：
条目1：
- 名称：activeIngredient
- 类型：Property
- 简介：An active ingredient, typically chemical compounds and/or biologic substances.
- 补充信息：domainIncludes: http://schema.org/DietarySupplement, http://schema.org/Drug, http://schema.org/DrugStrength, http://schema.org/Substance | rangeIncludes: http://schema.org/Text

条目2：
- 名称：DrugStrength
- 类型：Property
- 简介：DrugStrength is a property in the knowledge base.",0,0,"判断结果：错误
解释：根据背景知识，activeIngredient的domainIncludes包括DietarySupplement、Drug、DrugStrength和Substance四个类，而公理将domain限定为仅DrugStrength，这与多值domain的语义不符，且过度限制了属性的适用范围。",0,0,"判断结果：[错误]
解释：[背景知识中 activeIngredient 的 domainIncludes 包含 DrugStrength、DietarySupplement、Drug、Substance，表示可选/多重域，而 rdfs:domain 将主体强制为 DrugStrength（必要类型），与背景意图不一致且过于限制，故不合理。]",0,0,"判断结果：错误  
解释：根据背景知识，activeIngredient的domainIncludes包含DietarySupplement、Drug、DrugStrength和Substance等多个类，而公理中将domain限定为仅DrugStrength，与背景知识冲突。"
sample_0127,domain,domain(memberOf) = Organization,1,http://schema.org/memberOf,http://schema.org/Organization,"- 名称：memberOf
- 类型：Property
- 简介：An Organization (or ProgramMembership) to which this Person or Organization belongs.
- 补充信息：domainIncludes: http://schema.org/Organization, http://schema.org/Person | rangeIncludes: http://schema.org/MemberProgramTier, http://schema.org/Organization, http://schema.org/Pro...","- 名称：Organization
- 类型：Property
- 简介：An organization or organisation is an entity—such as a company, or corporation or an institution, or an association—comprising one or more people and having a particular purpose.","背景知识：
条目1：
- 名称：memberOf
- 类型：Property
- 简介：An Organization (or ProgramMembership) to which this Person or Organization belongs.
- 补充信息：domainIncludes: http://schema.org/Organization, http://schema.org/Person | rangeIncludes: http://schema.org/MemberProgramTier, http://schema.org/Organization, http://schema.org/Pro...

条目2：
- 名称：Organization
- 类型：Property
- 简介：An organization or organisation is an entity—such as a company, or corporation or an institution, or an association—comprising one or more people and having a particular purpose.",0,0,"判断结果：错误
解释：根据背景知识，memberOf属性的domainIncludes包括Organization和Person两个类，因此domain(memberOf)应为Organization和Person的并集，而非仅为Organization，该公理遗漏了Person这一重要定义域约束。",0,0,"判断结果：错误
解释：背景知识表明 memberOf 的 domainIncludes 同时包含 Organization 和 Person，而在 RDFS 中声明 domain 为 Organization 会将所有 memberOf 的主语推断为 Organization（包括 Person），因此与背景知识冲突，属于不合理。",0,0,"判断结果：错误  
解释：根据背景知识，memberOf 的 domainIncludes 包含 Organization 和 Person，而公理中仅限定为 Organization，与背景知识不符。"
sample_0128,domain,domain(serviceArea) = Service,1,http://schema.org/serviceArea,http://schema.org/Service,"- 名称：serviceArea
- 类型：Property
- 简介：The geographic area where the service is provided.
- 补充信息：domainIncludes: http://schema.org/ContactPoint, http://schema.org/Organization, http://schema.org/Service | rangeIncludes: http://schema.org/AdministrativeArea, http://schema.org/G...","- 名称：Service
- 类型：Property
- 简介：Service may refer to:","背景知识：
条目1：
- 名称：serviceArea
- 类型：Property
- 简介：The geographic area where the service is provided.
- 补充信息：domainIncludes: http://schema.org/ContactPoint, http://schema.org/Organization, http://schema.org/Service | rangeIncludes: http://schema.org/AdministrativeArea, http://schema.org/G...

条目2：
- 名称：Service
- 类型：Property
- 简介：Service may refer to:",0,0,"判断结果：错误
解释：背景知识明确指出serviceArea的domainIncludes包括ContactPoint、Organization和Service三个类，而公理仅将domain限定为Service，遗漏了其他合法的定义域，与背景知识不符。",0,0,"判断结果：错误
解释：背景知识表明 serviceArea 的 domainIncludes 包含 ContactPoint、Organization 和 Service，意味着其主语可属于多种类，而在 RDFS 中声明 domain(serviceArea)=Service 会强制所有 serviceArea 的主语为单一类 Service，与背景的多重 domain 包含关系冲突，因此不合理。",0,0,"判断结果：错误  
解释：根据背景知识，serviceArea的domainIncludes包含ContactPoint、Organization和Service，而公理中仅将domain限定为Service，与背景知识不符。"
sample_0131,domain,domain(penciler) = ComicStory,1,http://schema.org/penciler,http://schema.org/ComicStory,"- 名称：penciler
- 类型：Property
- 简介：The individual who draws the primary narrative artwork.
- 补充信息：domainIncludes: http://schema.org/ComicIssue, http://schema.org/ComicStory, http://schema.org/VisualArtwork | rangeIncludes: http://schema.org/Person","- 名称：ComicStory
- 类型：Property
- 简介：ComicStory is a property in the knowledge base.","背景知识：
条目1：
- 名称：penciler
- 类型：Property
- 简介：The individual who draws the primary narrative artwork.
- 补充信息：domainIncludes: http://schema.org/ComicIssue, http://schema.org/ComicStory, http://schema.org/VisualArtwork | rangeIncludes: http://schema.org/Person

条目2：
- 名称：ComicStory
- 类型：Property
- 简介：ComicStory is a property in the knowledge base.",0,0,"判断结果：错误
解释：背景知识表明penciler属性的domainIncludes包括ComicIssue、ComicStory和VisualArtwork三个类，而公理仅将domain限定为ComicStory，这违反了RDFS domain语义规则中domain应为所有可能主体类的并集的原则，造成了语义约束的不完整和过度限制。",0,0,"判断结果：错误
解释：背景知识表明 penciler 的 domainIncludes 包含 ComicIssue、ComicStory 和 VisualArtwork，表示其域并非仅限 ComicStory，而 rdfs:domain 将属性主语强制限定为某一类，因此将 domain(penciler) 设为仅 ComicStory 与背景信息冲突。",0,0,"判断结果：错误  
解释：根据背景知识，penciler的domainIncludes包含ComicIssue、ComicStory和VisualArtwork，而不仅仅是ComicStory，因此该公理与背景知识冲突。"
sample_0132,domain,domain(countryOfOrigin) = Movie,1,http://schema.org/countryOfOrigin,http://schema.org/Movie,"- 名称：countryOfOrigin
- 类型：Property
- 简介：The country of origin of something, including products as well as creative works such as movie and TV content.<br/><br/> In the case of TV and movie, this would be the country of the principle offices of the production company or individual...
- 补充信息：domainIncludes: http://schema.org/CreativeWork, http://schema.org/Movie, http://schema.org/Product, http://schema.org/TVEpisode, http://schema.org/TVSeason, http://schema.org/TVSer...","- 名称：Movie
- 类型：Property
- 简介：A film, movie, or motion picture is a work of visual art that simulates experiences and otherwise communicates ideas, stories, perceptions, emotions, or atmosphere through the use of moving images that are generally, since the 1930s, synchr...","背景知识：
条目1：
- 名称：countryOfOrigin
- 类型：Property
- 简介：The country of origin of something, including products as well as creative works such as movie and TV content.<br/><br/> In the case of TV and movie, this would be the country of the principle offices of the production company or individual...
- 补充信息：domainIncludes: http://schema.org/CreativeWork, http://schema.org/Movie, http://schema.org/Product, http://schema.org/TVEpisode, http://schema.org/TVSeason, http://schema.org/TVSer...

条目2：
- 名称：Movie
- 类型：Property
- 简介：A film, movie, or motion picture is a work of visual art that simulates experiences and otherwise communicates ideas, stories, perceptions, emotions, or atmosphere through the use of moving images that are generally, since the 1930s, synchr...",0,0,"判断结果：错误
解释：根据背景知识，countryOfOrigin属性的domainIncludes包括CreativeWork、Movie、Product等多个类，而RDFS中domain表示属性的唯一主体类，将domain限制为单一的Movie类会排除Product等其他合法的主体类，与背景知识中的多域约束不符。",0,0,"判断结果：[错误]
解释：[背景知识表明 countryOfOrigin 的 domainIncludes 包含 CreativeWork、Movie、Product、TVEpisode、TVSeason 等多类，而在 RDFS 中将 domain(countryOfOrigin) 设为单一的 Movie 会根据域推理断定所有该属性的主语都是 Movie，与背景的多重适用类型相冲突。]",0,0,"判断结果：错误  
解释：根据背景知识，countryOfOrigin 的 domainIncludes 包含多个类（如 CreativeWork、Movie、Product 等），而公理中将其 domain 限定为 Movie，与背景知识不符。"
sample_0135,domain,domain(letterer) = VisualArtwork,1,http://schema.org/letterer,http://schema.org/VisualArtwork,"- 名称：letterer
- 类型：Property
- 简介：The individual who adds lettering, including speech balloons and sound effects, to artwork.
- 补充信息：domainIncludes: http://schema.org/ComicIssue, http://schema.org/ComicStory, http://schema.org/VisualArtwork | rangeIncludes: http://schema.org/Person","- 名称：VisualArtwork
- 类型：Property
- 简介：VisualArtwork is a property in the knowledge base.","背景知识：
条目1：
- 名称：letterer
- 类型：Property
- 简介：The individual who adds lettering, including speech balloons and sound effects, to artwork.
- 补充信息：domainIncludes: http://schema.org/ComicIssue, http://schema.org/ComicStory, http://schema.org/VisualArtwork | rangeIncludes: http://schema.org/Person

条目2：
- 名称：VisualArtwork
- 类型：Property
- 简介：VisualArtwork is a property in the knowledge base.",0,0,"判断结果：错误
解释：根据背景知识，letterer属性的domainIncludes包括ComicIssue、ComicStory和VisualArtwork三个类，而公理将domain限制为单一的VisualArtwork，这与实际的多值域约束不符，且遗漏了ComicIssue和ComicStory两个重要的定义域。",0,0,"判断结果：[错误]
解释：[背景中虽然 entry1 指出 letterer 的 domainIncludes 包含 VisualArtwork，但 entry2 将 VisualArtwork 标注为 Property，而 rdfs:domain 的语义是断言属性的主语属于某一类（应为类资源），因此将 domain(letterer)=VisualArtwork 与背景知识及 RDFS 语义规则存在冲突。]",0,0,"判断结果：错误  
解释：根据背景知识，letterer的domainIncludes包含多个类（如ComicIssue、ComicStory和VisualArtwork），而公理中将domain限制为仅VisualArtwork，与背景知识冲突。"
sample_0139,domain,domain(width) = MediaObject,1,http://schema.org/width,http://schema.org/MediaObject,"- 名称：width
- 类型：Property
- 简介：The width of the item.
- 补充信息：domainIncludes: http://schema.org/MediaObject, http://schema.org/OfferShippingDetails, http://schema.org/Product, http://schema.org/ShippingConditions, http://schema.org/VisualArtw...","- 名称：MediaObject
- 类型：Property
- 简介：The Media Object Server (MOS) protocol allows newsroom computer systems (NRCS) to communicate using a standard protocol with video servers, audio servers, still stores, and character generators for broadcast production.","背景知识：
条目1：
- 名称：width
- 类型：Property
- 简介：The width of the item.
- 补充信息：domainIncludes: http://schema.org/MediaObject, http://schema.org/OfferShippingDetails, http://schema.org/Product, http://schema.org/ShippingConditions, http://schema.org/VisualArtw...

条目2：
- 名称：MediaObject
- 类型：Property
- 简介：The Media Object Server (MOS) protocol allows newsroom computer systems (NRCS) to communicate using a standard protocol with video servers, audio servers, still stores, and character generators for broadcast production.",0,0,"判断结果：错误
解释：根据背景知识，width属性的domainIncludes包含多个类（MediaObject、Product等），而非仅限于MediaObject，因此domain(width) = MediaObject的单一约束过于狭隘且不完整，与实际的语义关系不符。",0,0,"判断结果：错误
解释：背景中 width 的 domainIncludes 列出 MediaObject、OfferShippingDetails、Product 等多个类，表明其域不应仅限于单一 MediaObject，且背景将 MediaObject 标注为 Property 而非类，故将 domain(width) 定为 MediaObject 与背景和 RDFS 的类约束不符。",0,0,"判断结果：错误  
解释：根据背景知识，width的domainIncludes包含多个类（如MediaObject、Product等），而公理中将domain限定为仅MediaObject，与背景知识不符。"
sample_0141,domain,domain(status) = MedicalStudy,1,http://schema.org/status,http://schema.org/MedicalStudy,"- 名称：status
- 类型：Property
- 简介：The status of the study (enumerated).
- 补充信息：domainIncludes: http://schema.org/MedicalCondition, http://schema.org/MedicalProcedure, http://schema.org/MedicalStudy | rangeIncludes: http://schema.org/EventStatusType, http://sc...","- 名称：MedicalStudy
- 类型：Property
- 简介：MedicalStudy is a property in the knowledge base.","背景知识：
条目1：
- 名称：status
- 类型：Property
- 简介：The status of the study (enumerated).
- 补充信息：domainIncludes: http://schema.org/MedicalCondition, http://schema.org/MedicalProcedure, http://schema.org/MedicalStudy | rangeIncludes: http://schema.org/EventStatusType, http://sc...

条目2：
- 名称：MedicalStudy
- 类型：Property
- 简介：MedicalStudy is a property in the knowledge base.",0,0,"判断结果：错误
解释：根据背景知识，status属性的domainIncludes包括MedicalCondition、MedicalProcedure和MedicalStudy三个类，而公理仅将domain限定为MedicalStudy，遗漏了其他合法的定义域类，违反了RDFS语义规则中domain应当包含所有允许使用该属性的类的原则。",0,0,"判断结果：[错误]
解释：[背景显示 status 的 domainIncludes 包含多个类（MedicalCondition、MedicalProcedure、MedicalStudy 等），且背景中 MedicalStudy 被标为 Property 而非类，故将 domain(status) 断言为单一类 MedicalStudy 与背景信息和 RDFS 中 domain 应为类的语义要求冲突。]",0,0,"判断结果：错误  
解释：根据背景知识，status的domainIncludes包含多个类（如MedicalCondition、MedicalProcedure、MedicalStudy），而公理中将domain限制为仅MedicalStudy，与背景知识冲突。"
sample_0143,domain,domain(slogan) = Brand,1,http://schema.org/slogan,http://schema.org/Brand,"- 名称：slogan
- 类型：Property
- 简介：A slogan or motto associated with the item.
- 补充信息：domainIncludes: http://schema.org/Brand, http://schema.org/Organization, http://schema.org/Place, http://schema.org/Product, http://schema.org/Service | rangeIncludes: http://schem...","- 名称：Brand
- 类型：Property
- 简介：A brand is a name, term, design, symbol or any other feature that distinguishes one seller's goods or service from those of other sellers. Brands are studied in business, marketing, and advertising and used for recognition and, importantly,...","背景知识：
条目1：
- 名称：slogan
- 类型：Property
- 简介：A slogan or motto associated with the item.
- 补充信息：domainIncludes: http://schema.org/Brand, http://schema.org/Organization, http://schema.org/Place, http://schema.org/Product, http://schema.org/Service | rangeIncludes: http://schem...

条目2：
- 名称：Brand
- 类型：Property
- 简介：A brand is a name, term, design, symbol or any other feature that distinguishes one seller's goods or service from those of other sellers. Brands are studied in business, marketing, and advertising and used for recognition and, importantly,...",0,0,"判断结果：错误
解释：根据背景知识，slogan属性的domainIncludes包括Brand、Organization、Place、Product、Service等多个类，而公理将其domain限制为仅Brand，这与RDFS语义中domain应涵盖所有可能的主体类的要求不符，过度限制了属性的适用范围。",0,0,"判断结果：错误
解释：RDFS的domain声明表示所有slogan属性的主体必须为该类，但背景知识表明slogan可用于Brand、Organization、Place、Product、Service等多类，因此将domain限定为仅Brand与背景信息冲突。",0,0,"判断结果：错误  
解释：根据背景知识，slogan的domainIncludes包含多个类（如Brand、Organization等），而公理中将domain限制为仅Brand，与背景知识不符。"
sample_0145,domain,domain(handlingTime) = ShippingService,1,http://schema.org/handlingTime,http://schema.org/ShippingService,"- 名称：handlingTime
- 类型：Property
- 简介：The typical delay between the receipt of the order and the goods either leaving the warehouse or being prepared for pickup, in case the delivery method is on site pickup.<br/><br/> In the context of <a class=""localLink"" href=""/ShippingDeliv...
- 补充信息：domainIncludes: http://schema.org/ShippingDeliveryTime, http://schema.org/ShippingService | rangeIncludes: http://schema.org/QuantitativeValue, http://schema.org/ServicePeriod","- 名称：ShippingService
- 类型：Property
- 简介：ShippingService is a property in the knowledge base.","背景知识：
条目1：
- 名称：handlingTime
- 类型：Property
- 简介：The typical delay between the receipt of the order and the goods either leaving the warehouse or being prepared for pickup, in case the delivery method is on site pickup.<br/><br/> In the context of <a class=""localLink"" href=""/ShippingDeliv...
- 补充信息：domainIncludes: http://schema.org/ShippingDeliveryTime, http://schema.org/ShippingService | rangeIncludes: http://schema.org/QuantitativeValue, http://schema.org/ServicePeriod

条目2：
- 名称：ShippingService
- 类型：Property
- 简介：ShippingService is a property in the knowledge base.",0,0,"判断结果：错误
解释：根据背景知识，handlingTime属性的domainIncludes包括ShippingDeliveryTime和ShippingService，但条目2表明ShippingService本身被定义为Property而非Class，违反了RDFS中domain必须指向类（Class）的语义规则，因此该公理的domain定义存在类型不匹配的问题。",0,0,"判断结果：错误
解释：根据背景知识，handlingTime 的 domainIncludes 同时包含 ShippingDeliveryTime 和 ShippingService，而在 RDFS 中 domain(handlingTime)=ShippingService 将断言所有 handlingTime 的主体现为 ShippingService（排除了 ShippingDeliveryTime），与背景中允许 ShippingDeliveryTime 作为主体的约定冲突。",0,0,"判断结果：错误  
解释：根据背景知识，handlingTime的domainIncludes包含ShippingDeliveryTime和ShippingService，而RDFS语义规则要求domain定义必须是精确的类，不能仅选择其中一个作为唯一定义。"
sample_0146,domain,domain(weight) = Product,1,http://schema.org/weight,http://schema.org/Product,"- 名称：weight
- 类型：Property
- 简介：The weight of the product or person.
- 补充信息：domainIncludes: http://schema.org/OfferShippingDetails, http://schema.org/Person, http://schema.org/Product, http://schema.org/ShippingConditions, http://schema.org/VisualArtwork |...","- 名称：Product
- 类型：Property
- 简介：Product may refer to:","背景知识：
条目1：
- 名称：weight
- 类型：Property
- 简介：The weight of the product or person.
- 补充信息：domainIncludes: http://schema.org/OfferShippingDetails, http://schema.org/Person, http://schema.org/Product, http://schema.org/ShippingConditions, http://schema.org/VisualArtwork |...

条目2：
- 名称：Product
- 类型：Property
- 简介：Product may refer to:",0,0,"判断结果：错误
解释：根据背景知识，weight属性的domainIncludes包含多个类（Person、Product、OfferShippingDetails等），而公理仅将domain限制为Product，这与RDFS语义中domain应表示属性所有可能主体的完整约束不符，属于过度限制。",0,0,"判断结果：错误
解释：背景知识表明weight的domainIncludes包含OfferShippingDetails、Person、Product、ShippingConditions、VisualArtwork等多类，而在RDFS中声明domain(weight)=Product会将所有该属性的主体强制为Product，从而错误地排除了其他被允许的主体类型，与背景知识和意图不符。",0,0,"判断结果：错误  
解释：根据背景知识，weight 的 domainIncludes 包含多个类（如 OfferShippingDetails、Person、Product 等），而公理中将 domain 限定为仅 Product，与背景知识冲突。"
sample_0147,domain,domain(contactPoint) = Person,1,http://schema.org/contactPoint,http://schema.org/Person,"- 名称：contactPoint
- 类型：Property
- 简介：A contact point for a person or organization.
- 补充信息：domainIncludes: http://schema.org/HealthInsurancePlan, http://schema.org/Organization, http://schema.org/Person | rangeIncludes: http://schema.org/ContactPoint","- 名称：Person
- 类型：Property
- 简介：A person is a being who has certain capacities or attributes such as reason, morality, consciousness or self-consciousness, and being a part of a culturally established form of social relations such as kinship, ownership of property, or leg...","背景知识：
条目1：
- 名称：contactPoint
- 类型：Property
- 简介：A contact point for a person or organization.
- 补充信息：domainIncludes: http://schema.org/HealthInsurancePlan, http://schema.org/Organization, http://schema.org/Person | rangeIncludes: http://schema.org/ContactPoint

条目2：
- 名称：Person
- 类型：Property
- 简介：A person is a being who has certain capacities or attributes such as reason, morality, consciousness or self-consciousness, and being a part of a culturally established form of social relations such as kinship, ownership of property, or leg...",0,0,"判断结果：错误
解释：根据背景知识，contactPoint属性的domainIncludes包括HealthInsurancePlan、Organization和Person三个类，而公理仅将domain限制为Person，遗漏了其他合法的定义域类，与RDFS语义规则中domain应完整描述属性所有可能主体的要求不符。",0,0,"判断结果：错误
解释：背景知识表明contactPoint的domainIncludes包含HealthInsurancePlan、Organization和Person，将domain设为仅Person会错误地排除其它被允许的主体（Organization、HealthInsurancePlan），与背景知识和RDFS中domain导致所有主体现为该类的语义冲突。",0,0,"判断结果：错误  
解释：根据背景知识，contactPoint的domainIncludes包含HealthInsurancePlan、Organization和Person，而不仅仅是Person，因此该公理与背景知识冲突。"
sample_0148,domain,domain(funding) = BioChemEntity,1,http://schema.org/funding,http://schema.org/BioChemEntity,"- 名称：funding
- 类型：Property
- 简介：A <a class=""localLink"" href=""/Grant"">Grant</a> that directly or indirectly provide funding or sponsorship for this item. See also <a class=""localLink"" href=""/ownershipFundingInfo"">ownershipFundingInfo</a>.
- 补充信息：domainIncludes: http://schema.org/BioChemEntity, http://schema.org/CreativeWork, http://schema.org/Event, http://schema.org/MedicalEntity, http://schema.org/Organization, http://sc...","- 名称：BioChemEntity
- 类型：Property
- 简介：BioChemEntity is a property in the knowledge base.","背景知识：
条目1：
- 名称：funding
- 类型：Property
- 简介：A <a class=""localLink"" href=""/Grant"">Grant</a> that directly or indirectly provide funding or sponsorship for this item. See also <a class=""localLink"" href=""/ownershipFundingInfo"">ownershipFundingInfo</a>.
- 补充信息：domainIncludes: http://schema.org/BioChemEntity, http://schema.org/CreativeWork, http://schema.org/Event, http://schema.org/MedicalEntity, http://schema.org/Organization, http://sc...

条目2：
- 名称：BioChemEntity
- 类型：Property
- 简介：BioChemEntity is a property in the knowledge base.",0,0,"判断结果：错误
解释：根据背景知识，funding属性的domainIncludes包含多个类（BioChemEntity、CreativeWork、Event、MedicalEntity、Organization等），而公理仅将domain限制为BioChemEntity，这违反了RDFS语义规则中domain应涵盖所有可能主体类的要求，造成了语义约束的不完整和过度限制。",0,0,"判断结果：错误
解释：背景知识中虽然funding的domainIncludes列有BioChemEntity，但条目2将BioChemEntity声明为Property而非类，而RDFS的domain必须指向一个类（而且schema.org的domainIncludes也不是严格的rdfs:domain唯一指定），因此将domain(funding)设为BioChemEntity在语义上不正确。",0,0,"判断结果：错误  
解释：根据背景知识，funding的domainIncludes包含多个类（如BioChemEntity、CreativeWork等），而公理中将domain限定为仅BioChemEntity，与背景知识冲突。"
sample_0149,domain,domain(price) = PriceSpecification,1,http://schema.org/price,http://schema.org/PriceSpecification,"- 名称：price
- 类型：Property
- 简介：The offer price of a product, or of a price component when attached to PriceSpecification and its subtypes.<br/><br/> Usage guidelines:<br/><br/> <ul> <li>Use the <a class=""localLink"" href=""/priceCurrency"">priceCurrency</a> property (with s...
- 补充信息：domainIncludes: http://schema.org/DonateAction, http://schema.org/Offer, http://schema.org/PriceSpecification, http://schema.org/TradeAction | rangeIncludes: http://schema.org/Numb...","- 名称：PriceSpecification
- 类型：Property
- 简介：PriceSpecification is a property in the knowledge base.","背景知识：
条目1：
- 名称：price
- 类型：Property
- 简介：The offer price of a product, or of a price component when attached to PriceSpecification and its subtypes.<br/><br/> Usage guidelines:<br/><br/> <ul> <li>Use the <a class=""localLink"" href=""/priceCurrency"">priceCurrency</a> property (with s...
- 补充信息：domainIncludes: http://schema.org/DonateAction, http://schema.org/Offer, http://schema.org/PriceSpecification, http://schema.org/TradeAction | rangeIncludes: http://schema.org/Numb...

条目2：
- 名称：PriceSpecification
- 类型：Property
- 简介：PriceSpecification is a property in the knowledge base.",0,0,"判断结果：错误
解释：根据背景知识，price属性的domainIncludes包括DonateAction、Offer、PriceSpecification和TradeAction等多个类，而公理仅将domain限制为PriceSpecification，这与RDFS语义中domain应包含所有可能的主体类的要求不符，过度限制了属性的适用范围。",0,0,"判断结果：[错误]
解释：[背景知识中 price 的 domainIncludes 包含 DonateAction、Offer、PriceSpecification、TradeAction，表明其主语可属于多种类，而将 rdfs:domain 唯一指定为 PriceSpecification 与该信息不一致，因此不合理。]",0,0,"判断结果：错误  
解释：根据背景知识，price的domainIncludes包含多个类（如DonateAction、Offer等），而PriceSpecification仅是其中之一，因此domain(price)不应被限定为PriceSpecification。"
sample_0150,domain,domain(eligibleRegion) = DeliveryChargeSpecification,1,http://schema.org/eligibleRegion,http://schema.org/DeliveryChargeSpecification,"- 名称：eligibleRegion
- 类型：Property
- 简介：The ISO 3166-1 (ISO 3166-1 alpha-2) or ISO 3166-2 code, the place, or the GeoShape for the geo-political region(s) for which the offer or delivery charge specification is valid.<br/><br/> See also <a class=""localLink"" href=""/ineligibleRegio...
- 补充信息：domainIncludes: http://schema.org/ActionAccessSpecification, http://schema.org/DeliveryChargeSpecification, http://schema.org/Demand, http://schema.org/Offer | rangeIncludes: http:...","- 名称：DeliveryChargeSpecification
- 类型：Property
- 简介：DeliveryChargeSpecification is a property in the knowledge base.","背景知识：
条目1：
- 名称：eligibleRegion
- 类型：Property
- 简介：The ISO 3166-1 (ISO 3166-1 alpha-2) or ISO 3166-2 code, the place, or the GeoShape for the geo-political region(s) for which the offer or delivery charge specification is valid.<br/><br/> See also <a class=""localLink"" href=""/ineligibleRegio...
- 补充信息：domainIncludes: http://schema.org/ActionAccessSpecification, http://schema.org/DeliveryChargeSpecification, http://schema.org/Demand, http://schema.org/Offer | rangeIncludes: http:...

条目2：
- 名称：DeliveryChargeSpecification
- 类型：Property
- 简介：DeliveryChargeSpecification is a property in the knowledge base.",0,0,"判断结果：错误
解释：根据背景知识，eligibleRegion属性的domainIncludes包括ActionAccessSpecification、DeliveryChargeSpecification、Demand、Offer等多个类，而公理仅将domain限制为DeliveryChargeSpecification，这与实际的多域约束不符，属于过度限制。",0,0,"判断结果：错误
解释：背景知识显示eligibleRegion的domainIncludes包括ActionAccessSpecification、DeliveryChargeSpecification、Demand和Offer，不能单独将domain断定为仅为DeliveryChargeSpecification，与已有的领域声明冲突。",0,0,"判断结果：错误  
解释：根据背景知识，eligibleRegion的domainIncludes包含多个类（如ActionAccessSpecification、DeliveryChargeSpecification等），而公理中将其domain限定为单一类DeliveryChargeSpecification，与背景知识不符。"
sample_0152,domain,domain(height) = ShippingConditions,1,http://schema.org/height,http://schema.org/ShippingConditions,"- 名称：height
- 类型：Property
- 简介：The height of the item.
- 补充信息：domainIncludes: http://schema.org/MediaObject, http://schema.org/OfferShippingDetails, http://schema.org/Person, http://schema.org/Product, http://schema.org/ShippingConditions, ht...","- 名称：ShippingConditions
- 类型：Property
- 简介：ShippingConditions is a property in the knowledge base.","背景知识：
条目1：
- 名称：height
- 类型：Property
- 简介：The height of the item.
- 补充信息：domainIncludes: http://schema.org/MediaObject, http://schema.org/OfferShippingDetails, http://schema.org/Person, http://schema.org/Product, http://schema.org/ShippingConditions, ht...

条目2：
- 名称：ShippingConditions
- 类型：Property
- 简介：ShippingConditions is a property in the knowledge base.",0,0,"判断结果：错误
解释：根据背景知识，height属性的domainIncludes包括Person、Product、MediaObject等多个类，但ShippingConditions被明确标注为Property而非Class，不应作为height的domain；且即使ShippingConditions是类，height的domain也应是多个类的并集而非单一的ShippingConditions。",0,0,"判断结果：错误
解释：虽然height的domainIncludes列出了http://schema.org/ShippingConditions，但背景知识将ShippingConditions标注为Property而非类，而根据RDFS语义rdfs:domain应指向类（且height实际有多个可能的域），因此将domain(height)设为ShippingConditions不合理。",0,0,"判断结果：错误  
解释：根据背景知识，height的domainIncludes包含多个类（如MediaObject、Person等），而ShippingConditions只是其中一个可能的类，因此不能断言domain(height)唯一等于ShippingConditions。"
sample_0153,domain,domain(runtimePlatform) = SoftwareSourceCode,1,http://schema.org/runtimePlatform,http://schema.org/SoftwareSourceCode,"- 名称：runtimePlatform
- 类型：Property
- 简介：Runtime platform or script interpreter dependencies (example: Java v1, Python 2.3, .NET Framework 3.0).
- 补充信息：domainIncludes: http://schema.org/SoftwareApplication, http://schema.org/SoftwareSourceCode | rangeIncludes: http://schema.org/RuntimePlatform, http://schema.org/Text","- 名称：SoftwareSourceCode
- 类型：Property
- 简介：SoftwareSourceCode is a property in the knowledge base.","背景知识：
条目1：
- 名称：runtimePlatform
- 类型：Property
- 简介：Runtime platform or script interpreter dependencies (example: Java v1, Python 2.3, .NET Framework 3.0).
- 补充信息：domainIncludes: http://schema.org/SoftwareApplication, http://schema.org/SoftwareSourceCode | rangeIncludes: http://schema.org/RuntimePlatform, http://schema.org/Text

条目2：
- 名称：SoftwareSourceCode
- 类型：Property
- 简介：SoftwareSourceCode is a property in the knowledge base.",0,0,"判断结果：错误
解释：根据背景知识，runtimePlatform属性的domainIncludes包括SoftwareApplication和SoftwareSourceCode，但domain应为SoftwareApplication和SoftwareSourceCode的公共父类或更宽泛的类型，而将domain限定为单一的SoftwareSourceCode会排除SoftwareApplication这一合法的主体类，违反了RDFS的domain语义约束。",0,0,"判断结果：错误
解释：根据RDFS中rdfs:domain的语义，domain(runtimePlatform)=SoftwareSourceCode会断言所有作为runtimePlatform主语的个体都是SoftwareSourceCode，但背景中runtimePlatform的domainIncludes同时包含SoftwareApplication和SoftwareSourceCode，表明其主体可为两类之一，故将域仅限定为SoftwareSourceCode与背景信息及语义要求冲突。",0,0,"判断结果：错误  
解释：根据背景知识，runtimePlatform的domainIncludes包含SoftwareApplication和SoftwareSourceCode，而公理中将其domain限定为仅SoftwareSourceCode，与背景知识不符。"
sample_0156,domain,domain(restockingFee) = MerchantReturnPolicySeasonalOverride,1,http://schema.org/restockingFee,http://schema.org/MerchantReturnPolicySeasonalOverride,"- 名称：restockingFee
- 类型：Property
- 简介：Use <a class=""localLink"" href=""/MonetaryAmount"">MonetaryAmount</a> to specify a fixed restocking fee for product returns, or use <a class=""localLink"" href=""/Number"">Number</a> to specify a percentage of the product price paid by the custome...
- 补充信息：domainIncludes: http://schema.org/MerchantReturnPolicy, http://schema.org/MerchantReturnPolicySeasonalOverride | rangeIncludes: http://schema.org/MonetaryAmount, http://schema.org/...","- 名称：MerchantReturnPolicySeasonalOverride
- 类型：Property
- 简介：MerchantReturnPolicySeasonalOverride is a property in the knowledge base.","背景知识：
条目1：
- 名称：restockingFee
- 类型：Property
- 简介：Use <a class=""localLink"" href=""/MonetaryAmount"">MonetaryAmount</a> to specify a fixed restocking fee for product returns, or use <a class=""localLink"" href=""/Number"">Number</a> to specify a percentage of the product price paid by the custome...
- 补充信息：domainIncludes: http://schema.org/MerchantReturnPolicy, http://schema.org/MerchantReturnPolicySeasonalOverride | rangeIncludes: http://schema.org/MonetaryAmount, http://schema.org/...

条目2：
- 名称：MerchantReturnPolicySeasonalOverride
- 类型：Property
- 简介：MerchantReturnPolicySeasonalOverride is a property in the knowledge base.",0,0,"判断结果：错误
解释：根据背景知识，restockingFee的domainIncludes包括MerchantReturnPolicy和MerchantReturnPolicySeasonalOverride，但MerchantReturnPolicySeasonalOverride本身被定义为Property而非Class，不能作为属性的domain值，且domain应为MerchantReturnPolicy而非其季节性覆盖变体。",0,0,"判断结果：错误
解释：背景知识表明 restockingFee 的 domainIncludes 同时包含 MerchantReturnPolicy 和 MerchantReturnPolicySeasonalOverride，而 RDFS 的 domain 表示对属性主体现实的类型约束，因此将 domain 断言为仅 MerchantReturnPolicySeasonalOverride 与背景知识不符。",0,0,"判断结果：错误  
解释：根据背景知识，restockingFee的domainIncludes包含MerchantReturnPolicy和MerchantReturnPolicySeasonalOverride，而公理中将domain限定为仅MerchantReturnPolicySeasonalOverride，与背景知识不符。"
sample_0159,domain,domain(occupancy) = HotelRoom,1,http://schema.org/occupancy,http://schema.org/HotelRoom,"- 名称：occupancy
- 类型：Property
- 简介：The allowed total occupancy for the accommodation in persons (including infants etc). For individual accommodations, this is not necessarily the legal maximum but defines the permitted usage as per the contractual agreement (e.g. a double r...
- 补充信息：domainIncludes: http://schema.org/Accommodation, http://schema.org/Apartment, http://schema.org/HotelRoom, http://schema.org/SingleFamilyResidence, http://schema.org/Suite | rangeI...","- 名称：HotelRoom
- 类型：Property
- 简介：Hotel Room is an American drama anthology series that aired for three episodes on HBO on January 8, 1993, with a rerun the next night. Created by Monty Montgomery and David Lynch, each episode stars a different cast and takes place in the s...","背景知识：
条目1：
- 名称：occupancy
- 类型：Property
- 简介：The allowed total occupancy for the accommodation in persons (including infants etc). For individual accommodations, this is not necessarily the legal maximum but defines the permitted usage as per the contractual agreement (e.g. a double r...
- 补充信息：domainIncludes: http://schema.org/Accommodation, http://schema.org/Apartment, http://schema.org/HotelRoom, http://schema.org/SingleFamilyResidence, http://schema.org/Suite | rangeI...

条目2：
- 名称：HotelRoom
- 类型：Property
- 简介：Hotel Room is an American drama anthology series that aired for three episodes on HBO on January 8, 1993, with a rerun the next night. Created by Monty Montgomery and David Lynch, each episode stars a different cast and takes place in the s...",0,0,"判断结果：错误
解释：根据背景知识，occupancy属性的domainIncludes包括Accommodation、Apartment、HotelRoom、SingleFamilyResidence、Suite等多个类，而公理将domain限制为仅HotelRoom，这与实际的多重域约束不符，且过度限制了该属性的适用范围。",0,0,"判断结果：错误
解释：背景指出occupancy的domainIncludes包含Accommodation、Apartment、HotelRoom、SingleFamilyResidence、Suite，将domain仅设为HotelRoom与该多重域声明不符；且在RDFS中单一domain会把所有occupancy的主语强制归为该类，因而过于限制并与已有域信息冲突。",0,0,"判断结果：错误  
解释：根据背景知识，occupancy的domainIncludes包含多个类（如Accommodation、Apartment等），而不仅限于HotelRoom，因此该公理与背景知识冲突。"
sample_0161,domain,domain(suitableForDiet) = MenuItem,1,http://schema.org/suitableForDiet,http://schema.org/MenuItem,"- 名称：suitableForDiet
- 类型：Property
- 简介：Indicates a dietary restriction or guideline for which this recipe or menu item is suitable, e.g. diabetic, halal etc.
- 补充信息：domainIncludes: http://schema.org/MenuItem, http://schema.org/Recipe | rangeIncludes: http://schema.org/Diet, http://schema.org/RestrictedDiet","- 名称：MenuItem
- 类型：Property
- 简介：MenuItem is a property in the knowledge base.","背景知识：
条目1：
- 名称：suitableForDiet
- 类型：Property
- 简介：Indicates a dietary restriction or guideline for which this recipe or menu item is suitable, e.g. diabetic, halal etc.
- 补充信息：domainIncludes: http://schema.org/MenuItem, http://schema.org/Recipe | rangeIncludes: http://schema.org/Diet, http://schema.org/RestrictedDiet

条目2：
- 名称：MenuItem
- 类型：Property
- 简介：MenuItem is a property in the knowledge base.",0,0,"判断结果：错误
解释：根据背景知识，suitableForDiet的domainIncludes包括MenuItem和Recipe两个类，而公理仅将domain限定为MenuItem，遗漏了Recipe，违反了RDFS domain约束的完整性要求。",0,0,"判断结果：错误
解释：根据背景，suitableForDiet 的 domainIncludes 同时包含 http://schema.org/MenuItem 与 http://schema.org/Recipe，且背景中 MenuItem 被标记为 Property 而非类，而 RDFS 的 rdfs:domain 应指向类且该断言不应仅限定为 MenuItem（也会把主体现为一个属性实例），因此将 domain(suitableForDiet) 设为 MenuItem 与背景与语义规则不符，不合理。",0,0,"判断结果：错误  
解释：根据背景知识，suitableForDiet的domainIncludes包含MenuItem和Recipe，而公理中仅将domain限定为MenuItem，与背景知识不符。"
sample_0163,domain,domain(width) = OfferShippingDetails,1,http://schema.org/width,http://schema.org/OfferShippingDetails,"- 名称：width
- 类型：Property
- 简介：The width of the item.
- 补充信息：domainIncludes: http://schema.org/MediaObject, http://schema.org/OfferShippingDetails, http://schema.org/Product, http://schema.org/ShippingConditions, http://schema.org/VisualArtw...","- 名称：OfferShippingDetails
- 类型：Property
- 简介：OfferShippingDetails is a property in the knowledge base.","背景知识：
条目1：
- 名称：width
- 类型：Property
- 简介：The width of the item.
- 补充信息：domainIncludes: http://schema.org/MediaObject, http://schema.org/OfferShippingDetails, http://schema.org/Product, http://schema.org/ShippingConditions, http://schema.org/VisualArtw...

条目2：
- 名称：OfferShippingDetails
- 类型：Property
- 简介：OfferShippingDetails is a property in the knowledge base.",0,0,"判断结果：错误
解释：根据背景知识，width属性的domainIncludes包含多个类（MediaObject、Product等），而OfferShippingDetails仅是其中之一，因此domain(width) = OfferShippingDetails的单一约束过于狭隘且不完整，与实际的语义关系不符。",0,0,"判断结果：[错误]
解释：[width 的 domainIncludes 列表包含 OfferShippingDetails 但也包含多个其他类（如 MediaObject、Product 等），且背景条目2将 OfferShippingDetails 标注为 Property，因此断言 domain(width)=OfferShippingDetails 既不符合给定的 domainIncludes 信息也与 RDFS 对域应为类的常规预期不符。]",0,0,"判断结果：错误  
解释：根据背景知识，width的domainIncludes包含多个类（如MediaObject、Product等），而不仅仅是OfferShippingDetails，因此该公理与背景知识冲突。"
sample_0167,domain,domain(weight) = OfferShippingDetails,1,http://schema.org/weight,http://schema.org/OfferShippingDetails,"- 名称：weight
- 类型：Property
- 简介：The weight of the product or person.
- 补充信息：domainIncludes: http://schema.org/OfferShippingDetails, http://schema.org/Person, http://schema.org/Product, http://schema.org/ShippingConditions, http://schema.org/VisualArtwork |...","- 名称：OfferShippingDetails
- 类型：Property
- 简介：OfferShippingDetails is a property in the knowledge base.","背景知识：
条目1：
- 名称：weight
- 类型：Property
- 简介：The weight of the product or person.
- 补充信息：domainIncludes: http://schema.org/OfferShippingDetails, http://schema.org/Person, http://schema.org/Product, http://schema.org/ShippingConditions, http://schema.org/VisualArtwork |...

条目2：
- 名称：OfferShippingDetails
- 类型：Property
- 简介：OfferShippingDetails is a property in the knowledge base.",0,0,"判断结果：错误
解释：根据背景知识，weight属性的domainIncludes包含多个类（Person、Product、OfferShippingDetails等），而公理声称domain(weight)仅为OfferShippingDetails，这违反了RDFS domain语义规则中对属性定义域的完整性要求，过度限制了该属性的适用范围。",0,0,"判断结果：[错误]
解释：[背景中weight的domainIncludes列出Person、Product、OfferShippingDetails等多个类且OfferShippingDetails在背景中被标注为Property，rdfs:domain应指向类且将domain限定为单一的OfferShippingDetails既与weight的多重domainIncludes不符，也把一个属性当作类使用，因此不合理。]",0,0,"判断结果：错误  
解释：根据背景知识，weight的domainIncludes包含多个类（如Person、Product等），而不仅仅是OfferShippingDetails，因此该公理与背景知识冲突。"
sample_0168,domain,domain(medicalSpecialty) = MedicalOrganization,1,http://schema.org/medicalSpecialty,http://schema.org/MedicalOrganization,"- 名称：medicalSpecialty
- 类型：Property
- 简介：A medical specialty of the provider.
- 补充信息：domainIncludes: http://schema.org/Hospital, http://schema.org/MedicalClinic, http://schema.org/MedicalOrganization, http://schema.org/Physician | rangeIncludes: http://schema.org/M...","- 名称：MedicalOrganization
- 类型：Property
- 简介：MedicalOrganization is a property in the knowledge base.","背景知识：
条目1：
- 名称：medicalSpecialty
- 类型：Property
- 简介：A medical specialty of the provider.
- 补充信息：domainIncludes: http://schema.org/Hospital, http://schema.org/MedicalClinic, http://schema.org/MedicalOrganization, http://schema.org/Physician | rangeIncludes: http://schema.org/M...

条目2：
- 名称：MedicalOrganization
- 类型：Property
- 简介：MedicalOrganization is a property in the knowledge base.",0,0,"判断结果：错误
解释：背景知识明确指出medicalSpecialty的domainIncludes包含Hospital、MedicalClinic、MedicalOrganization等多个类，而公理将其domain限制为仅MedicalOrganization，违反了RDFS domain的语义规则（domain应包含所有可能的主体类），且与背景知识中的domainIncludes信息不符。",0,0,"判断结果：错误
解释：背景中 medicalSpecialty 的 domainIncludes 包含 Hospital、MedicalClinic、MedicalOrganization、Physician，且背景将 MedicalOrganization 标注为 Property 而非类，因而断言 domain(medicalSpecialty)=MedicalOrganization 与背景中多重域约束及 RDFS 中 domain 应指向类的语义不符。",0,0,"判断结果：错误  
解释：根据背景知识，medicalSpecialty的domainIncludes包含多个类（如Hospital、MedicalClinic、Physician等），而不仅仅是MedicalOrganization，因此该公理与背景知识冲突。"
sample_0169,domain,domain(contactPoint) = Organization,1,http://schema.org/contactPoint,http://schema.org/Organization,"- 名称：contactPoint
- 类型：Property
- 简介：A contact point for a person or organization.
- 补充信息：domainIncludes: http://schema.org/HealthInsurancePlan, http://schema.org/Organization, http://schema.org/Person | rangeIncludes: http://schema.org/ContactPoint","- 名称：Organization
- 类型：Property
- 简介：An organization or organisation is an entity—such as a company, or corporation or an institution, or an association—comprising one or more people and having a particular purpose.","背景知识：
条目1：
- 名称：contactPoint
- 类型：Property
- 简介：A contact point for a person or organization.
- 补充信息：domainIncludes: http://schema.org/HealthInsurancePlan, http://schema.org/Organization, http://schema.org/Person | rangeIncludes: http://schema.org/ContactPoint

条目2：
- 名称：Organization
- 类型：Property
- 简介：An organization or organisation is an entity—such as a company, or corporation or an institution, or an association—comprising one or more people and having a particular purpose.",0,0,"判断结果：错误
解释：背景知识表明contactPoint的domainIncludes包括Organization、HealthInsurancePlan和Person三个类，而公理仅将domain限制为Organization，这违反了RDFS语义规则中domain应当包含所有可能的主体类的原则，造成了语义信息的丢失和不完整性。",0,0,"判断结果：错误
解释：依据RDFS的domain语义，domain(contactPoint)=Organization 会断定所有 contactPoint 的主语都是 Organization，但背景知识表明 contactPoint 的 domainIncludes 同时包括 HealthInsurancePlan、Organization 和 Person，故该断言过于狭窄，与背景知识冲突。",0,0,"判断结果：错误  
解释：根据背景知识，contactPoint的domainIncludes包含HealthInsurancePlan、Organization和Person，而不仅仅是Organization，因此该公理与背景知识冲突。"
sample_0170,domain,domain(hasCertification) = Place,1,http://schema.org/hasCertification,http://schema.org/Place,"- 名称：hasCertification
- 类型：Property
- 简介：Certification information about a product, organization, service, place, or person.
- 补充信息：domainIncludes: http://schema.org/Organization, http://schema.org/Person, http://schema.org/Place, http://schema.org/Product, http://schema.org/Service | rangeIncludes: http://sche...","- 名称：Place
- 类型：Property
- 简介：Place may refer to:","背景知识：
条目1：
- 名称：hasCertification
- 类型：Property
- 简介：Certification information about a product, organization, service, place, or person.
- 补充信息：domainIncludes: http://schema.org/Organization, http://schema.org/Person, http://schema.org/Place, http://schema.org/Product, http://schema.org/Service | rangeIncludes: http://sche...

条目2：
- 名称：Place
- 类型：Property
- 简介：Place may refer to:",0,0,"判断结果：错误
解释：根据背景知识，hasCertification属性的domainIncludes包括Organization、Person、Place和Product、Service等多个类，而公理将domain限制为单一的Place类，这与背景知识中的多域约束不符，且遗漏了Organization和Person等重要的主体类型。",0,0,"判断结果：错误
解释：根据背景，hasCertification 的 domainIncludes 包含 Organization、Person、Place、Product、Service，而 RDFS 的 domain 声明意味着任意使用该属性的主语都应为该类，将 domain 设为单一的 Place 会错误地将所有主语限定为 Place，与背景的多类域描述不符。",0,0,"判断结果：错误  
解释：根据背景知识，hasCertification的domainIncludes包含Organization、Person、Place、Product和Service，而不仅仅是Place，因此该公理与背景知识冲突。"
sample_0171,domain,domain(estimatedSalary) = JobPosting,1,http://schema.org/estimatedSalary,http://schema.org/JobPosting,"- 名称：estimatedSalary
- 类型：Property
- 简介：An estimated salary for a job posting or occupation, based on a variety of variables including, but not limited to industry, job title, and location. Estimated salaries are often computed by outside organizations rather than the hiring orga...
- 补充信息：domainIncludes: http://schema.org/JobPosting, http://schema.org/Occupation | rangeIncludes: http://schema.org/MonetaryAmount, http://schema.org/MonetaryAmountDistribution, http://s...","- 名称：JobPosting
- 类型：Property
- 简介：JobPosting is a property in the knowledge base.","背景知识：
条目1：
- 名称：estimatedSalary
- 类型：Property
- 简介：An estimated salary for a job posting or occupation, based on a variety of variables including, but not limited to industry, job title, and location. Estimated salaries are often computed by outside organizations rather than the hiring orga...
- 补充信息：domainIncludes: http://schema.org/JobPosting, http://schema.org/Occupation | rangeIncludes: http://schema.org/MonetaryAmount, http://schema.org/MonetaryAmountDistribution, http://s...

条目2：
- 名称：JobPosting
- 类型：Property
- 简介：JobPosting is a property in the knowledge base.",0,0,"判断结果：错误
解释：根据背景知识，estimatedSalary的domainIncludes包括JobPosting和Occupation两个类，使用domain(estimatedSalary) = JobPosting进行单一限制会排除Occupation，与原始语义定义不符。",0,0,"判断结果：错误
解释：背景中estimatedSalary的domainIncludes包含JobPosting和Occupation（表明预期主体可属于任一类），且背景又将JobPosting标注为Property，但rdfs:domain应指向类且在RDFS中多重domain为交集语义，因此将domain(estimatedSalary)唯一设为JobPosting与背景对JobPosting类型的描述及RDFS语义产生冲突。",0,0,"判断结果：错误  
解释：根据背景知识，estimatedSalary的domainIncludes包含JobPosting和Occupation，而公理中仅限定为JobPosting，与背景知识不符。"
sample_0172,domain,domain(inLanguage) = WriteAction,1,http://schema.org/inLanguage,http://schema.org/WriteAction,"- 名称：inLanguage
- 类型：Property
- 简介：The language of the content or performance or used in an action. Please use one of the language codes from the <a href=""http://tools.ietf.org/html/bcp47"">IETF BCP 47 standard</a>. See also <a class=""localLink"" href=""/availableLanguage"">avai...
- 补充信息：domainIncludes: http://schema.org/BroadcastService, http://schema.org/CommunicateAction, http://schema.org/CreativeWork, http://schema.org/Event, http://schema.org/LinkRole, http:/...","- 名称：WriteAction
- 类型：Property
- 简介：WriteAction is a property in the knowledge base.","背景知识：
条目1：
- 名称：inLanguage
- 类型：Property
- 简介：The language of the content or performance or used in an action. Please use one of the language codes from the <a href=""http://tools.ietf.org/html/bcp47"">IETF BCP 47 standard</a>. See also <a class=""localLink"" href=""/availableLanguage"">avai...
- 补充信息：domainIncludes: http://schema.org/BroadcastService, http://schema.org/CommunicateAction, http://schema.org/CreativeWork, http://schema.org/Event, http://schema.org/LinkRole, http:/...

条目2：
- 名称：WriteAction
- 类型：Property
- 简介：WriteAction is a property in the knowledge base.",0,0,"判断结果：错误
解释：根据背景知识，inLanguage属性的domainIncludes包括BroadcastService、CommunicateAction、CreativeWork、Event、LinkRole等多个类，但不包括WriteAction，且WriteAction被标注为Property而非Class，因此将domain(inLanguage)定义为WriteAction与背景知识不符。",0,0,"判断结果：错误
解释：根据背景，inLanguage 的 domainIncludes 列表包含 BroadcastService、CommunicateAction、CreativeWork 等类，而 WriteAction 在背景中被标注为 Property（而非类），且 RDFS 的 domain 语义为若 domain(p)=C 则任何 s p o 可推出 s rdf:type C，因此将 inLanguage 的 domain 设为 WriteAction 会把主语强制归为一个“属性”而非类，语义上不正确。",0,0,"判断结果：错误  
解释：根据背景知识，inLanguage的domainIncludes包含多个类（如BroadcastService、CreativeWork等），而WriteAction并未出现在其定义中，因此该公理与背景知识冲突。"
sample_0174,domain,domain(measurementMethod) = StatisticalVariable,1,http://schema.org/measurementMethod,http://schema.org/StatisticalVariable,"- 名称：measurementMethod
- 类型：Property
- 简介：A subproperty of <a class=""localLink"" href=""/measurementTechnique"">measurementTechnique</a> that can be used for specifying specific methods, in particular via <a class=""localLink"" href=""/MeasurementMethodEnum"">MeasurementMethodEnum</a>.
- 补充信息：domainIncludes: http://schema.org/DataCatalog, http://schema.org/DataDownload, http://schema.org/Dataset, http://schema.org/Observation, http://schema.org/PropertyValue, http://sch...","- 名称：StatisticalVariable
- 类型：Property
- 简介：StatisticalVariable is a property in the knowledge base.","背景知识：
条目1：
- 名称：measurementMethod
- 类型：Property
- 简介：A subproperty of <a class=""localLink"" href=""/measurementTechnique"">measurementTechnique</a> that can be used for specifying specific methods, in particular via <a class=""localLink"" href=""/MeasurementMethodEnum"">MeasurementMethodEnum</a>.
- 补充信息：domainIncludes: http://schema.org/DataCatalog, http://schema.org/DataDownload, http://schema.org/Dataset, http://schema.org/Observation, http://schema.org/PropertyValue, http://sch...

条目2：
- 名称：StatisticalVariable
- 类型：Property
- 简介：StatisticalVariable is a property in the knowledge base.",0,0,"判断结果：错误
解释：根据背景知识，measurementMethod的domainIncludes包括DataCatalog、DataDownload、Dataset、Observation、PropertyValue等，但不包括StatisticalVariable，因此该公理与背景知识中的domain约束信息不符。",0,0,"判断结果：错误
解释：measurementMethod在背景中为属性且其domainIncludes列举的是类（如DataCatalog、Dataset、Observation等），而StatisticalVariable被标注为属性而非类，且RDFS的domain应指向类，因此将measurementMethod的domain设为StatisticalVariable在语义上不正确并与背景信息冲突。",0,0,"判断结果：错误  
解释：根据背景知识，measurementMethod的domainIncludes包含多个类（如DataCatalog、Dataset等），而StatisticalVariable并未被提及为其中之一，因此该公理与背景知识冲突。"
sample_0176,domain,domain(shippingDestination) = DeliveryTimeSettings,1,http://schema.org/shippingDestination,http://schema.org/DeliveryTimeSettings,"- 名称：shippingDestination
- 类型：Property
- 简介：indicates (possibly multiple) shipping destinations. These can be defined in several ways, e.g. postalCode ranges.
- 补充信息：domainIncludes: http://schema.org/DeliveryTimeSettings, http://schema.org/OfferShippingDetails, http://schema.org/ShippingConditions, http://schema.org/ShippingRateSettings | range...","- 名称：DeliveryTimeSettings
- 类型：Property
- 简介：DeliveryTimeSettings is a property in the knowledge base.","背景知识：
条目1：
- 名称：shippingDestination
- 类型：Property
- 简介：indicates (possibly multiple) shipping destinations. These can be defined in several ways, e.g. postalCode ranges.
- 补充信息：domainIncludes: http://schema.org/DeliveryTimeSettings, http://schema.org/OfferShippingDetails, http://schema.org/ShippingConditions, http://schema.org/ShippingRateSettings | range...

条目2：
- 名称：DeliveryTimeSettings
- 类型：Property
- 简介：DeliveryTimeSettings is a property in the knowledge base.",0,0,"判断结果：错误
解释：根据背景知识，shippingDestination属性的domainIncludes包含多个类（DeliveryTimeSettings、OfferShippingDetails、ShippingConditions、ShippingRateSettings），而公理仅将domain限制为单一的DeliveryTimeSettings，这与RDFS语义中domain应涵盖所有可能的主体类的规则不符，造成了语义约束的不完整和过度限制。",0,0,"判断结果：错误
解释：RDFS 中 rdfs:domain 表示所有使用该属性的主语都应为该类，而背景指出 shippingDestination 的 domainIncludes 同时包含 DeliveryTimeSettings、OfferShippingDetails、ShippingConditions、ShippingRateSettings 等多个类，将 domain 设为仅 DeliveryTimeSettings 与背景中允许多个域的说明相冲突。",0,0,"判断结果：错误  
解释：根据背景知识，shippingDestination的domainIncludes包含多个类（如DeliveryTimeSettings、OfferShippingDetails等），而公理中将其domain限定为唯一的DeliveryTimeSettings，与背景知识冲突。"
sample_0177,domain,domain(hasMeasurement) = Product,1,http://schema.org/hasMeasurement,http://schema.org/Product,"- 名称：hasMeasurement
- 类型：Property
- 简介：A measurement of an item, For example, the inseam of pants, the wheel size of a bicycle, the gauge of a screw, or the carbon footprint measured for certification by an authority. Usually an exact measurement, but can also be a range of meas...
- 补充信息：domainIncludes: http://schema.org/Certification, http://schema.org/Offer, http://schema.org/Product, http://schema.org/SizeSpecification | rangeIncludes: http://schema.org/Quantita...","- 名称：Product
- 类型：Property
- 简介：Product may refer to:","背景知识：
条目1：
- 名称：hasMeasurement
- 类型：Property
- 简介：A measurement of an item, For example, the inseam of pants, the wheel size of a bicycle, the gauge of a screw, or the carbon footprint measured for certification by an authority. Usually an exact measurement, but can also be a range of meas...
- 补充信息：domainIncludes: http://schema.org/Certification, http://schema.org/Offer, http://schema.org/Product, http://schema.org/SizeSpecification | rangeIncludes: http://schema.org/Quantita...

条目2：
- 名称：Product
- 类型：Property
- 简介：Product may refer to:",0,0,"判断结果：错误
解释：根据背景知识，hasMeasurement的domainIncludes包括Certification、Offer、Product和SizeSpecification等多个类，而公理仅将domain限制为Product，这与RDFS语义中domain应涵盖所有可能的主体类的要求不符，过度限制了属性的适用范围。",0,0,"判断结果：[错误]
解释：[背景知识显示 hasMeasurement 的 domainIncludes 包含 Certification、Offer、Product 和 SizeSpecification，而 RDFS 的 domain 断言会将所有使用该属性的主体推断为 Product，因而与背景中其他允许的主体类别冲突。]",0,0,"判断结果：错误  
解释：根据背景知识，hasMeasurement的domainIncludes包含多个类（如Certification、Offer、Product等），而不仅仅是Product，因此该公理与背景知识冲突。"
sample_0178,domain,domain(review) = Service,1,http://schema.org/review,http://schema.org/Service,"- 名称：review
- 类型：Property
- 简介：A review of the item.
- 补充信息：domainIncludes: http://schema.org/Brand, http://schema.org/CreativeWork, http://schema.org/Event, http://schema.org/Offer, http://schema.org/Organization, http://schema.org/Place,....","- 名称：Service
- 类型：Property
- 简介：Service may refer to:","背景知识：
条目1：
- 名称：review
- 类型：Property
- 简介：A review of the item.
- 补充信息：domainIncludes: http://schema.org/Brand, http://schema.org/CreativeWork, http://schema.org/Event, http://schema.org/Offer, http://schema.org/Organization, http://schema.org/Place,....

条目2：
- 名称：Service
- 类型：Property
- 简介：Service may refer to:",0,0,"判断结果：错误
解释：根据背景知识，review属性的domainIncludes包括Brand、CreativeWork、Event、Offer、Organization、Place等多个类，但不包括Service，因此将domain(review)定义为Service与背景知识中的实际语义约束不符。",0,0,"判断结果：错误
解释：根据背景，review 的 domainIncludes 列举了 Brand、CreativeWork、Event、Offer、Organization、Place 等类，而 Service 在背景中被标注为 Property（非类），且将 domain 指定为 Service 与已有的 domainIncludes 值不符且把属性作为类使用在语义上不正确。",0,0,"判断结果：错误  
解释：根据背景知识，review的domainIncludes包含多个类（如Brand、CreativeWork等），而Service并未明确列出，因此将domain(review)限定为Service与背景知识冲突。"
sample_0179,domain,domain(ineligibleRegion) = Offer,1,http://schema.org/ineligibleRegion,http://schema.org/Offer,"- 名称：ineligibleRegion
- 类型：Property
- 简介：The ISO 3166-1 (ISO 3166-1 alpha-2) or ISO 3166-2 code, the place, or the GeoShape for the geo-political region(s) for which the offer or delivery charge specification is not valid, e.g. a region where the transaction is not allowed.<br/><b...
- 补充信息：domainIncludes: http://schema.org/ActionAccessSpecification, http://schema.org/DeliveryChargeSpecification, http://schema.org/Demand, http://schema.org/MediaObject, http://schema.o...","- 名称：Offer
- 类型：Property
- 简介：(The) Offer or offers may refer to:","背景知识：
条目1：
- 名称：ineligibleRegion
- 类型：Property
- 简介：The ISO 3166-1 (ISO 3166-1 alpha-2) or ISO 3166-2 code, the place, or the GeoShape for the geo-political region(s) for which the offer or delivery charge specification is not valid, e.g. a region where the transaction is not allowed.<br/><b...
- 补充信息：domainIncludes: http://schema.org/ActionAccessSpecification, http://schema.org/DeliveryChargeSpecification, http://schema.org/Demand, http://schema.org/MediaObject, http://schema.o...

条目2：
- 名称：Offer
- 类型：Property
- 简介：(The) Offer or offers may refer to:",0,0,"判断结果：错误
解释：根据背景知识，ineligibleRegion属性的domainIncludes包括ActionAccessSpecification、DeliveryChargeSpecification、Demand、MediaObject等多个类，但不包括Offer，因此将其domain定义为单一的Offer与实际的多域属性设计不符，且缺少其他必要的域约束。",0,0,"判断结果：[错误]
解释：[背景显示 ineligibleRegion 的 domainIncludes 涉及多种类（如 ActionAccessSpecification、DeliveryChargeSpecification、Demand、MediaObject 等），将其 domain 设为单一的 Offer 与背景知识冲突，且根据 RDFS 的 domain 语义会错误地断言所有使用该属性的主语都是 Offer。]",0,0,"判断结果：错误  
解释：根据背景知识，ineligibleRegion的domainIncludes未包含Offer，因此该公理与背景知识冲突。"
sample_0180,domain,domain(gtin14) = Offer,1,http://schema.org/gtin14,http://schema.org/Offer,"- 名称：gtin14
- 类型：Property
- 简介：The GTIN-14 code of the product, or the product to which the offer refers. See <a href=""http://www.gs1.org/barcodes/technical/idkeys/gtin"">GS1 GTIN Summary</a> for more details.
- 补充信息：domainIncludes: http://schema.org/Demand, http://schema.org/Offer, http://schema.org/Product | rangeIncludes: http://schema.org/Text","- 名称：Offer
- 类型：Property
- 简介：(The) Offer or offers may refer to:","背景知识：
条目1：
- 名称：gtin14
- 类型：Property
- 简介：The GTIN-14 code of the product, or the product to which the offer refers. See <a href=""http://www.gs1.org/barcodes/technical/idkeys/gtin"">GS1 GTIN Summary</a> for more details.
- 补充信息：domainIncludes: http://schema.org/Demand, http://schema.org/Offer, http://schema.org/Product | rangeIncludes: http://schema.org/Text

条目2：
- 名称：Offer
- 类型：Property
- 简介：(The) Offer or offers may refer to:",0,0,"判断结果：错误
解释：根据背景知识，gtin14属性的domainIncludes包括Demand、Offer和Product三个类，而公理仅将domain限制为Offer，遗漏了Demand和Product，与背景知识中的完整domain约束不符。",0,0,"判断结果：错误
解释：背景知识表明 gtin14 的 domainIncludes 包含 Demand、Offer 和 Product，表明其主体现实中可为多类，断言 domain(gtin14)=Offer 会错误地将域限定为单一类与背景信息冲突。",0,0,"判断结果：错误  
解释：根据背景知识，gtin14的domainIncludes包含Demand、Offer和Product，而不仅仅是Offer，因此该公理与背景知识冲突。"
sample_0182,range,range(seatingType) = Text,1,http://schema.org/seatingType,http://schema.org/Text,"- 名称：seatingType
- 类型：Property
- 简介：The type/class of the seat.
- 补充信息：domainIncludes: http://schema.org/Seat | rangeIncludes: http://schema.org/QualitativeValue, http://schema.org/Text","- 名称：Text
- 类型：Property
- 简介：Text may refer to:","背景知识：
条目1：
- 名称：seatingType
- 类型：Property
- 简介：The type/class of the seat.
- 补充信息：domainIncludes: http://schema.org/Seat | rangeIncludes: http://schema.org/QualitativeValue, http://schema.org/Text

条目2：
- 名称：Text
- 类型：Property
- 简介：Text may refer to:",0,0,"判断结果：错误
解释：根据背景知识，seatingType的rangeIncludes为QualitativeValue和Text，但Text被定义为Property而非Class，不符合RDFS中range应指向类的语义规则，且该公理遗漏了QualitativeValue这一主要值域。",0,0,"判断结果：错误
解释：背景知识表明 seatingType 的 rangeIncludes 同时包含 http://schema.org/QualitativeValue 和 Text，按 RDFS 的 range 语义将 range 明确等同于 Text 会排除 QualitativeValue，与背景信息冲突。",0,0,"判断结果：错误  
解释：根据背景知识，seatingType的rangeIncludes包含QualitativeValue和Text，因此其值域不仅限于Text，公理与背景知识冲突。"
sample_0185,range,range(dataFeedElement) = DataFeedItem,1,http://schema.org/dataFeedElement,http://schema.org/DataFeedItem,"- 名称：dataFeedElement
- 类型：Property
- 简介：An item within a data feed. Data feeds may have many elements.
- 补充信息：domainIncludes: http://schema.org/DataFeed | rangeIncludes: http://schema.org/DataFeedItem, http://schema.org/Text, http://schema.org/Thing","- 名称：DataFeedItem
- 类型：Property
- 简介：DataFeedItem is a property in the knowledge base.","背景知识：
条目1：
- 名称：dataFeedElement
- 类型：Property
- 简介：An item within a data feed. Data feeds may have many elements.
- 补充信息：domainIncludes: http://schema.org/DataFeed | rangeIncludes: http://schema.org/DataFeedItem, http://schema.org/Text, http://schema.org/Thing

条目2：
- 名称：DataFeedItem
- 类型：Property
- 简介：DataFeedItem is a property in the knowledge base.",0,0,"判断结果：错误
解释：根据背景知识，dataFeedElement的rangeIncludes包括DataFeedItem、Text和Thing三个类，而公理将range限定为仅DataFeedItem，这与原始定义的多值range约束不符，过度限制了属性的值域。",0,0,"判断结果：错误
解释：背景中 dataFeedElement 的 rangeIncludes 同时列出 DataFeedItem、Text、Thing，表示对象可属于多种类型，因而断言 range 等于单一的 DataFeedItem 与背景信息冲突；且背景将 DataFeedItem 标注为 Property（而非类），作为 rdfs:range 使用亦不合语义。",0,0,"判断结果：错误  
解释：根据背景知识，dataFeedElement的rangeIncludes包含DataFeedItem、Text和Thing，而不仅仅是DataFeedItem，因此该公理与背景知识冲突。"
sample_0188,range,range(educationalCredentialAwarded) = URL,1,http://schema.org/educationalCredentialAwarded,http://schema.org/URL,"- 名称：educationalCredentialAwarded
- 类型：Property
- 简介：A description of the qualification, award, certificate, diploma or other educational credential awarded as a consequence of successful completion of this course or program.
- 补充信息：domainIncludes: http://schema.org/Course, http://schema.org/EducationalOccupationalProgram | rangeIncludes: http://schema.org/EducationalOccupationalCredential, http://schema.org/T...","- 名称：URL
- 类型：Property
- 简介：A uniform resource locator (URL), colloquially known as a web address, is a reference to a resource on the World Wide Web. A URL specifies the location of a resource on a computer network and a mechanism for retrieving it. A URL is a specif...","背景知识：
条目1：
- 名称：educationalCredentialAwarded
- 类型：Property
- 简介：A description of the qualification, award, certificate, diploma or other educational credential awarded as a consequence of successful completion of this course or program.
- 补充信息：domainIncludes: http://schema.org/Course, http://schema.org/EducationalOccupationalProgram | rangeIncludes: http://schema.org/EducationalOccupationalCredential, http://schema.org/T...

条目2：
- 名称：URL
- 类型：Property
- 简介：A uniform resource locator (URL), colloquially known as a web address, is a reference to a resource on the World Wide Web. A URL specifies the location of a resource on a computer network and a mechanism for retrieving it. A URL is a specif...",0,0,"判断结果：错误
解释：根据背景知识，educationalCredentialAwarded属性的rangeIncludes为EducationalOccupationalCredential等教育凭证类型，而非URL，该公理将其range定义为URL与背景知识的语义约束明显冲突。",0,0,"判断结果：错误
解释：背景中 educationalCredentialAwarded 的 rangeIncludes 指向 EducationalOccupationalCredential 等类/数据类型，而 URL 在背景被标注为 Property，因此将该属性的 range 设为 URL 与背景知识不符，且 RDFS 中 range 应指向类或数据类型，故该公理不合理。",0,0,"判断结果：错误  
解释：根据背景知识，educationalCredentialAwarded的rangeIncludes为EducationalOccupationalCredential或相关类，而非URL，因此该公理与背景知识冲突。"
sample_0189,range,range(meetsEmissionStandard) = URL,1,http://schema.org/meetsEmissionStandard,http://schema.org/URL,"- 名称：meetsEmissionStandard
- 类型：Property
- 简介：Indicates that the vehicle meets the respective emission standard.
- 补充信息：domainIncludes: http://schema.org/Vehicle | rangeIncludes: http://schema.org/QualitativeValue, http://schema.org/Text, http://schema.org/URL","- 名称：URL
- 类型：Property
- 简介：A uniform resource locator (URL), colloquially known as a web address, is a reference to a resource on the World Wide Web. A URL specifies the location of a resource on a computer network and a mechanism for retrieving it. A URL is a specif...","背景知识：
条目1：
- 名称：meetsEmissionStandard
- 类型：Property
- 简介：Indicates that the vehicle meets the respective emission standard.
- 补充信息：domainIncludes: http://schema.org/Vehicle | rangeIncludes: http://schema.org/QualitativeValue, http://schema.org/Text, http://schema.org/URL

条目2：
- 名称：URL
- 类型：Property
- 简介：A uniform resource locator (URL), colloquially known as a web address, is a reference to a resource on the World Wide Web. A URL specifies the location of a resource on a computer network and a mechanism for retrieving it. A URL is a specif...",0,0,"判断结果：错误
解释：根据背景知识，meetsEmissionStandard的rangeIncludes包括QualitativeValue、Text和URL三种类型，但URL作为单一range值不能完整表达该属性的值域约束，且URL通常用于表示网络资源位置而非排放标准的具体值，与属性的语义目的不符。",0,0,"判断结果：错误
解释：背景知识表明meetsEmissionStandard的rangeIncludes包含QualitativeValue、Text和URL三种类型，故将range仅设为URL与已有范围声明冲突，因此不合理。",0,0,"判断结果：错误  
解释：根据背景知识，meetsEmissionStandard的rangeIncludes包含QualitativeValue、Text和URL，而公理中将其范围限定为仅为URL，与背景知识冲突。"
sample_0190,range,range(geoEquals) = Place,1,http://schema.org/geoEquals,http://schema.org/Place,"- 名称：geoEquals
- 类型：Property
- 简介：Represents spatial relations in which two geometries (or the places they represent) are topologically equal, as defined in <a href=""https://en.wikipedia.org/wiki/DE-9IM"">DE-9IM</a>. ""Two geometries are topologically equal if their interiors...
- 补充信息：domainIncludes: http://schema.org/GeospatialGeometry, http://schema.org/Place | rangeIncludes: http://schema.org/GeospatialGeometry, http://schema.org/Place","- 名称：Place
- 类型：Property
- 简介：Place may refer to:","背景知识：
条目1：
- 名称：geoEquals
- 类型：Property
- 简介：Represents spatial relations in which two geometries (or the places they represent) are topologically equal, as defined in <a href=""https://en.wikipedia.org/wiki/DE-9IM"">DE-9IM</a>. ""Two geometries are topologically equal if their interiors...
- 补充信息：domainIncludes: http://schema.org/GeospatialGeometry, http://schema.org/Place | rangeIncludes: http://schema.org/GeospatialGeometry, http://schema.org/Place

条目2：
- 名称：Place
- 类型：Property
- 简介：Place may refer to:",0,0,"判断结果：错误
解释：根据背景知识，geoEquals属性的rangeIncludes包括GeospatialGeometry和Place两个类，而公理仅将range限定为Place，遗漏了GeospatialGeometry，导致语义表达不完整且与背景知识不符。",0,0,"判断结果：错误
解释：背景知识表明 geoEquals 的 rangeIncludes 同时包含 GeospatialGeometry 和 Place，而将 range 限定为仅 Place 会与该背景约束冲突（排除了 GeospatialGeometry），因此不合理。",0,0,"判断结果：错误  
解释：根据背景知识，geoEquals 的 rangeIncludes 包含 GeospatialGeometry 和 Place，因此其值域不仅限于 Place，还应包括 GeospatialGeometry。"
sample_0191,range,range(industry) = Text,1,http://schema.org/industry,http://schema.org/Text,"- 名称：industry
- 类型：Property
- 简介：The industry associated with the job position.
- 补充信息：domainIncludes: http://schema.org/JobPosting | rangeIncludes: http://schema.org/DefinedTerm, http://schema.org/Text","- 名称：Text
- 类型：Property
- 简介：Text may refer to:","背景知识：
条目1：
- 名称：industry
- 类型：Property
- 简介：The industry associated with the job position.
- 补充信息：domainIncludes: http://schema.org/JobPosting | rangeIncludes: http://schema.org/DefinedTerm, http://schema.org/Text

条目2：
- 名称：Text
- 类型：Property
- 简介：Text may refer to:",0,0,"判断结果：错误
解释：根据背景知识，industry属性的rangeIncludes包括DefinedTerm和Text，但range(industry) = Text的表述过于绝对且不完整，因为它排除了DefinedTerm作为合法的值域，违反了RDFS range语义规则中对属性值域的完整性要求。",0,0,"判断结果：错误
解释：背景知识表明 industry 的 rangeIncludes 同时包含 http://schema.org/DefinedTerm 和 Text，RDFS 的 range 可有多个值，断言 range(industry)=Text 将范围限定为仅 Text 与背景信息冲突且过于严格。",0,0,"判断结果：错误  
解释：根据背景知识，industry的rangeIncludes为DefinedTerm和Text，而公理仅限定为Text，与背景知识不符。"
sample_0192,range,range(logo) = ImageObject,1,http://schema.org/logo,http://schema.org/ImageObject,"- 名称：logo
- 类型：Property
- 简介：An associated logo.
- 补充信息：domainIncludes: http://schema.org/Brand, http://schema.org/Certification, http://schema.org/Organization, http://schema.org/Place, http://schema.org/Product, http://schema.org/Serv...","- 名称：ImageObject
- 类型：Property
- 简介：ImageObject is a property in the knowledge base.","背景知识：
条目1：
- 名称：logo
- 类型：Property
- 简介：An associated logo.
- 补充信息：domainIncludes: http://schema.org/Brand, http://schema.org/Certification, http://schema.org/Organization, http://schema.org/Place, http://schema.org/Product, http://schema.org/Serv...

条目2：
- 名称：ImageObject
- 类型：Property
- 简介：ImageObject is a property in the knowledge base.",0,0,"判断结果：错误
解释：背景知识表明logo属性的range应包括Image、ImageObject等视觉内容类型，但条目2将ImageObject定义为Property而非Class，违反了RDFS中range必须指向类而非属性的语义规则，且logo的实际range应为Image或更具体的图像表示类，而非ImageObject属性本身。",0,0,"判断结果：[错误]
解释：[背景中将ImageObject标注为Property而非类，而rdfs:range的语义是将属性的宾元归入某一类，因此将logo的range设为ImageObject与背景类型信息及语义预期不一致。]",0,0,"判断结果：错误  
解释：根据背景知识，logo的range未明确指定为ImageObject，且ImageObject被描述为一个属性而非类，与range应指向类的语义规则冲突。"
sample_0193,range,range(offeredBy) = Person,1,http://schema.org/offeredBy,http://schema.org/Person,"- 名称：offeredBy
- 类型：Property
- 简介：A pointer to the organization or person making the offer.
- 补充信息：domainIncludes: http://schema.org/Offer | rangeIncludes: http://schema.org/Organization, http://schema.org/Person","- 名称：Person
- 类型：Property
- 简介：A person is a being who has certain capacities or attributes such as reason, morality, consciousness or self-consciousness, and being a part of a culturally established form of social relations such as kinship, ownership of property, or leg...","背景知识：
条目1：
- 名称：offeredBy
- 类型：Property
- 简介：A pointer to the organization or person making the offer.
- 补充信息：domainIncludes: http://schema.org/Offer | rangeIncludes: http://schema.org/Organization, http://schema.org/Person

条目2：
- 名称：Person
- 类型：Property
- 简介：A person is a being who has certain capacities or attributes such as reason, morality, consciousness or self-consciousness, and being a part of a culturally established form of social relations such as kinship, ownership of property, or leg...",0,0,"判断结果：错误
解释：根据背景知识，offeredBy属性的rangeIncludes包括Organization和Person两个类，而公理仅将range限制为Person，遗漏了Organization，与RDFS语义规则中range应包含所有可能的值域不符。",0,0,"判断结果：[错误]
解释：[背景资料表明 offeredBy 的 rangeIncludes 同时包含 Organization 与 Person，RDFS 中 range 表示属性值应属于该类，将 range(offeredBy) 设为仅 Person 忽略了 Organization，与背景知识和语义约束冲突。]",0,0,"判断结果：错误  
解释：根据背景知识，offeredBy的rangeIncludes包含Organization和Person，因此其值域不仅限于Person，还可能包括Organization。"
sample_0194,range,range(performers) = Person,1,http://schema.org/performers,http://schema.org/Person,"- 名称：performers
- 类型：Property
- 简介：The main performer or performers of the event&#x2014;for example, a presenter, musician, or actor.
- 补充信息：domainIncludes: http://schema.org/Event | rangeIncludes: http://schema.org/Organization, http://schema.org/Person","- 名称：Person
- 类型：Property
- 简介：A person is a being who has certain capacities or attributes such as reason, morality, consciousness or self-consciousness, and being a part of a culturally established form of social relations such as kinship, ownership of property, or leg...","背景知识：
条目1：
- 名称：performers
- 类型：Property
- 简介：The main performer or performers of the event&#x2014;for example, a presenter, musician, or actor.
- 补充信息：domainIncludes: http://schema.org/Event | rangeIncludes: http://schema.org/Organization, http://schema.org/Person

条目2：
- 名称：Person
- 类型：Property
- 简介：A person is a being who has certain capacities or attributes such as reason, morality, consciousness or self-consciousness, and being a part of a culturally established form of social relations such as kinship, ownership of property, or leg...",0,0,"判断结果：错误
解释：根据背景知识，performers属性的rangeIncludes包括Organization和Person两个类，因此range(performers)应为{Organization, Person}的并集，而非仅限Person，该公理表述不完整且不准确。",0,0,"判断结果：错误
解释：背景中 performers 的 rangeIncludes 同时包含 Organization 和 Person，而在 RDFS 中给出 range(performers)=Person 意味着属性值必须属于 Person，这与背景允许为 Organization 的说明相冲突。",0,0,"判断结果：错误  
解释：背景知识中rangeIncludes表明performers的值域包括Organization和Person，而公理仅限定为Person，与背景知识冲突。"
sample_0198,range,range(author) = Organization,1,http://schema.org/author,http://schema.org/Organization,"- 名称：author
- 类型：Property
- 简介：The author of this content or rating. Please note that author is special in that HTML 5 provides a special mechanism for indicating authorship via the rel tag. That is equivalent to this and may be used interchangeably.
- 补充信息：domainIncludes: http://schema.org/CreativeWork, http://schema.org/Rating | rangeIncludes: http://schema.org/Organization, http://schema.org/Person","- 名称：Organization
- 类型：Property
- 简介：An organization or organisation is an entity—such as a company, or corporation or an institution, or an association—comprising one or more people and having a particular purpose.","背景知识：
条目1：
- 名称：author
- 类型：Property
- 简介：The author of this content or rating. Please note that author is special in that HTML 5 provides a special mechanism for indicating authorship via the rel tag. That is equivalent to this and may be used interchangeably.
- 补充信息：domainIncludes: http://schema.org/CreativeWork, http://schema.org/Rating | rangeIncludes: http://schema.org/Organization, http://schema.org/Person

条目2：
- 名称：Organization
- 类型：Property
- 简介：An organization or organisation is an entity—such as a company, or corporation or an institution, or an association—comprising one or more people and having a particular purpose.",0,0,"判断结果：错误
解释：根据背景知识，author属性的rangeIncludes包括Organization和Person两个类，而公理仅将range限定为Organization，遗漏了Person，与背景知识中的完整range定义不符。",0,0,"判断结果：错误
解释：背景知识表明 author 的 rangeIncludes 包含 Organization 和 Person，而将 range 限定为仅 Organization 会与允许作者为 Person 的事实冲突，且根据 RDFS 语义 range 表示所有属性客体必须属于该类，因此不合理。",0,0,"判断结果：错误  
解释：根据背景知识，author的rangeIncludes包含Organization和Person，因此其值域不仅限于Organization，还应包括Person。"
sample_0201,range,range(diseaseSpreadStatistics) = WebContent,1,http://schema.org/diseaseSpreadStatistics,http://schema.org/WebContent,"- 名称：diseaseSpreadStatistics
- 类型：Property
- 简介：Statistical information about the spread of a disease, either as <a class=""localLink"" href=""/WebContent"">WebContent</a>, or described directly as a <a class=""localLink"" href=""/Dataset"">Dataset</a>, or the specific <a class=""localLink"" href=...
- 补充信息：domainIncludes: http://schema.org/SpecialAnnouncement | rangeIncludes: http://schema.org/Dataset, http://schema.org/Observation, http://schema.org/URL, http://schema.org/WebContent","- 名称：WebContent
- 类型：Property
- 简介：WebContent is a property in the knowledge base.","背景知识：
条目1：
- 名称：diseaseSpreadStatistics
- 类型：Property
- 简介：Statistical information about the spread of a disease, either as <a class=""localLink"" href=""/WebContent"">WebContent</a>, or described directly as a <a class=""localLink"" href=""/Dataset"">Dataset</a>, or the specific <a class=""localLink"" href=...
- 补充信息：domainIncludes: http://schema.org/SpecialAnnouncement | rangeIncludes: http://schema.org/Dataset, http://schema.org/Observation, http://schema.org/URL, http://schema.org/WebContent

条目2：
- 名称：WebContent
- 类型：Property
- 简介：WebContent is a property in the knowledge base.",0,0,"判断结果：错误
解释：根据背景知识，diseaseSpreadStatistics的rangeIncludes包括Dataset、Observation、URL和WebContent四个类，而公理将其range限定为仅WebContent，这与RDFS语义中range应包含所有可能的值域范围的规则不符，且过度限制了属性的取值范围。",0,0,"判断结果：[错误]
解释：[根据RDFS语义，声明range(diseaseSpreadStatistics)=WebContent意味着该属性的所有值都必须为WebContent的实例，但背景知识表明diseaseSpreadStatistics的rangeIncludes包含Dataset、Observation、URL和WebContent，不能仅限定为WebContent，因此该公理不合理。]",0,0,"判断结果：错误  
解释：根据背景知识，diseaseSpreadStatistics 的 rangeIncludes 包含多个类（Dataset、Observation、URL、WebContent），而公理将其范围限定为仅 WebContent，与背景知识冲突。"
sample_0204,range,range(reviewedBy) = Organization,1,http://schema.org/reviewedBy,http://schema.org/Organization,"- 名称：reviewedBy
- 类型：Property
- 简介：People or organizations that have reviewed the content on this web page for accuracy and/or completeness.
- 补充信息：domainIncludes: http://schema.org/WebPage | rangeIncludes: http://schema.org/Organization, http://schema.org/Person","- 名称：Organization
- 类型：Property
- 简介：An organization or organisation is an entity—such as a company, or corporation or an institution, or an association—comprising one or more people and having a particular purpose.","背景知识：
条目1：
- 名称：reviewedBy
- 类型：Property
- 简介：People or organizations that have reviewed the content on this web page for accuracy and/or completeness.
- 补充信息：domainIncludes: http://schema.org/WebPage | rangeIncludes: http://schema.org/Organization, http://schema.org/Person

条目2：
- 名称：Organization
- 类型：Property
- 简介：An organization or organisation is an entity—such as a company, or corporation or an institution, or an association—comprising one or more people and having a particular purpose.",0,0,"判断结果：错误
解释：根据背景知识，reviewedBy属性的rangeIncludes包括Organization和Person两个类，而公理仅将range限定为Organization，遗漏了Person，导致语义约束不完整且与背景知识不符。",0,0,"判断结果：错误
解释：背景知识中 reviewedBy 的 rangeIncludes 同时包含 Organization 和 Person，而将 range(reviewedBy) 断言为仅 Organization 在 RDFS 中会要求所有 reviewedBy 的客体都是 Organization，从而排除了 Person，与背景知识冲突。",0,0,"判断结果：错误  
解释：根据背景知识，reviewedBy的rangeIncludes包含Organization和Person，因此其值域不仅限于Organization。"
sample_0205,range,range(recipeInstructions) = ItemList,1,http://schema.org/recipeInstructions,http://schema.org/ItemList,"- 名称：recipeInstructions
- 类型：Property
- 简介：A step in making the recipe, in the form of a single item (document, video, etc.) or an ordered list with HowToStep and/or HowToSection items.
- 补充信息：domainIncludes: http://schema.org/Recipe | rangeIncludes: http://schema.org/CreativeWork, http://schema.org/ItemList, http://schema.org/Text","- 名称：ItemList
- 类型：Property
- 简介：ItemList is a property in the knowledge base.","背景知识：
条目1：
- 名称：recipeInstructions
- 类型：Property
- 简介：A step in making the recipe, in the form of a single item (document, video, etc.) or an ordered list with HowToStep and/or HowToSection items.
- 补充信息：domainIncludes: http://schema.org/Recipe | rangeIncludes: http://schema.org/CreativeWork, http://schema.org/ItemList, http://schema.org/Text

条目2：
- 名称：ItemList
- 类型：Property
- 简介：ItemList is a property in the knowledge base.",0,0,"判断结果：错误
解释：根据背景知识，recipeInstructions的rangeIncludes包括CreativeWork、ItemList和Text三个类，而公理将其range限定为仅ItemList，这与背景知识中的多值range约束不符，属于过度限制。",0,0,"判断结果：[错误]
解释：[背景知识表明 recipeInstructions 的 rangeIncludes 同时包含 CreativeWork、ItemList 和 Text，而 RDFS 的 rdfs:range 表示属性值必须属于该类，断言 range(recipeInstructions)=ItemList 会排除其它允许的类型，与背景知识冲突。]",0,0,"判断结果：错误  
解释：根据背景知识，recipeInstructions的rangeIncludes包含CreativeWork、ItemList和Text，而公理仅限定为ItemList，与背景知识不符。"
sample_0207,range,range(totalPrice) = PriceSpecification,1,http://schema.org/totalPrice,http://schema.org/PriceSpecification,"- 名称：totalPrice
- 类型：Property
- 简介：The total price for the reservation or ticket, including applicable taxes, shipping, etc.<br/><br/> Usage guidelines:<br/><br/> <ul> <li>Use values from 0123456789 (Unicode 'DIGIT ZERO' (U+0030) to 'DIGIT NINE' (U+0039)) rather than superfi...
- 补充信息：domainIncludes: http://schema.org/Reservation, http://schema.org/Ticket | rangeIncludes: http://schema.org/Number, http://schema.org/PriceSpecification, http://schema.org/Text","- 名称：PriceSpecification
- 类型：Property
- 简介：PriceSpecification is a property in the knowledge base.","背景知识：
条目1：
- 名称：totalPrice
- 类型：Property
- 简介：The total price for the reservation or ticket, including applicable taxes, shipping, etc.<br/><br/> Usage guidelines:<br/><br/> <ul> <li>Use values from 0123456789 (Unicode 'DIGIT ZERO' (U+0030) to 'DIGIT NINE' (U+0039)) rather than superfi...
- 补充信息：domainIncludes: http://schema.org/Reservation, http://schema.org/Ticket | rangeIncludes: http://schema.org/Number, http://schema.org/PriceSpecification, http://schema.org/Text

条目2：
- 名称：PriceSpecification
- 类型：Property
- 简介：PriceSpecification is a property in the knowledge base.",0,0,"判断结果：错误
解释：根据背景知识，totalPrice属性的rangeIncludes包括Number、PriceSpecification和Text三个类，而公理将range限制为仅PriceSpecification，这与背景知识中的多值域约束不符，过度限制了属性的取值范围。",0,0,"判断结果：错误
解释：背景知识中 totalPrice 的 rangeIncludes 同时包含 Number、PriceSpecification 和 Text，表明其值可以属于多种类型，而该公理将范围限定为单一的 PriceSpecification，与背景知识（且在 RDFS 中 rdfs:range 表示属性值应属于所指定类）的语义信息冲突，因此不合理。",0,0,"判断结果：错误  
解释：根据背景知识，totalPrice的rangeIncludes包含http://schema.org/Number、http://schema.org/PriceSpecification和http://schema.org/Text，而公理中仅限定为PriceSpecification，与背景知识不符。"
sample_0209,range,range(dateModified) = Date,1,http://schema.org/dateModified,http://schema.org/Date,"- 名称：dateModified
- 类型：Property
- 简介：The date on which the CreativeWork was most recently modified or when the item's entry was modified within a DataFeed.
- 补充信息：domainIncludes: http://schema.org/CreativeWork, http://schema.org/DataFeedItem | rangeIncludes: http://schema.org/Date, http://schema.org/DateTime","- 名称：Date
- 类型：Property
- 简介：Date or dates may refer to:Date, the fruit of the date palm Jujube, also known as red date or Chinese date, the fruit of Ziziphus jujuba","背景知识：
条目1：
- 名称：dateModified
- 类型：Property
- 简介：The date on which the CreativeWork was most recently modified or when the item's entry was modified within a DataFeed.
- 补充信息：domainIncludes: http://schema.org/CreativeWork, http://schema.org/DataFeedItem | rangeIncludes: http://schema.org/Date, http://schema.org/DateTime

条目2：
- 名称：Date
- 类型：Property
- 简介：Date or dates may refer to:Date, the fruit of the date palm Jujube, also known as red date or Chinese date, the fruit of Ziziphus jujuba",0,0,"判断结果：错误
解释：根据背景知识，dateModified属性的rangeIncludes包括Date和DateTime两种类型，而公理仅将range限定为Date，遗漏了DateTime这一有效的值域类型，与背景知识中的完整约束信息不符。",0,0,"判断结果：错误
解释：背景中 dateModified 的 rangeIncludes 同时包含 http://schema.org/Date 和 http://schema.org/DateTime，而 RDFS 的 range 声明意味着所有 dateModified 的客体都必须为该类，将 range(dateModified)=Date 会错误地排除或要求将 DateTime 值视为 Date，与背景知识冲突。",0,0,"判断结果：错误  
解释：根据背景知识，dateModified的rangeIncludes为http://schema.org/Date和http://schema.org/DateTime，而Date单独作为range不符合其定义范围。"
sample_0213,range,range(certificationIdentification) = DefinedTerm,1,http://schema.org/certificationIdentification,http://schema.org/DefinedTerm,"- 名称：certificationIdentification
- 类型：Property
- 简介：Identifier of a certification instance (as registered with an independent certification body). Typically this identifier can be used to consult and verify the certification instance. See also <a href=""https://www.gs1.org/voc/certificationId...
- 补充信息：domainIncludes: http://schema.org/Certification | rangeIncludes: http://schema.org/DefinedTerm, http://schema.org/Text","- 名称：DefinedTerm
- 类型：Property
- 简介：DefinedTerm is a property in the knowledge base.","背景知识：
条目1：
- 名称：certificationIdentification
- 类型：Property
- 简介：Identifier of a certification instance (as registered with an independent certification body). Typically this identifier can be used to consult and verify the certification instance. See also <a href=""https://www.gs1.org/voc/certificationId...
- 补充信息：domainIncludes: http://schema.org/Certification | rangeIncludes: http://schema.org/DefinedTerm, http://schema.org/Text

条目2：
- 名称：DefinedTerm
- 类型：Property
- 简介：DefinedTerm is a property in the knowledge base.",0,0,"判断结果：错误
解释：根据背景知识，certificationIdentification的rangeIncludes包括DefinedTerm和Text两个类型，该公理仅将range限定为DefinedTerm，遗漏了Text类型，不符合原始的range约束定义。",0,0,"判断结果：错误
解释：因为背景知识表明certificationIdentification的rangeIncludes包含DefinedTerm和Text，故不能断言其range仅等于DefinedTerm（与已有rangeIncludes不一致）；且背景将DefinedTerm标为Property，而rdfs:range应指向类，存在类型冲突。",0,0,"判断结果：错误  
解释：根据背景知识，certificationIdentification的rangeIncludes为DefinedTerm和Text，而公理将其范围限定为仅DefinedTerm，与背景知识不符。"
sample_0224,range,range(producer) = Person,1,http://schema.org/producer,http://schema.org/Person,"- 名称：producer
- 类型：Property
- 简介：The person or organization who produced the work (e.g. music album, movie, TV/radio series etc.).
- 补充信息：domainIncludes: http://schema.org/CreativeWork | rangeIncludes: http://schema.org/Organization, http://schema.org/Person","- 名称：Person
- 类型：Property
- 简介：A person is a being who has certain capacities or attributes such as reason, morality, consciousness or self-consciousness, and being a part of a culturally established form of social relations such as kinship, ownership of property, or leg...","背景知识：
条目1：
- 名称：producer
- 类型：Property
- 简介：The person or organization who produced the work (e.g. music album, movie, TV/radio series etc.).
- 补充信息：domainIncludes: http://schema.org/CreativeWork | rangeIncludes: http://schema.org/Organization, http://schema.org/Person

条目2：
- 名称：Person
- 类型：Property
- 简介：A person is a being who has certain capacities or attributes such as reason, morality, consciousness or self-consciousness, and being a part of a culturally established form of social relations such as kinship, ownership of property, or leg...",0,0,"判断结果：错误
解释：根据背景知识，producer属性的rangeIncludes包括Organization和Person两个类，因此range(producer)应为{Organization, Person}的并集，而非仅限Person，该公理遗漏了Organization这一有效的值域类型。",0,0,"判断结果：错误
解释：背景知识表明 producer 的 rangeIncludes 包含 Organization 和 Person，断言 range(producer)=Person 会错误地排除 Organization，与背景知识及 RDFS 关于属性取值可能属于多个类的语义冲突。",0,0,"判断结果：错误  
解释：根据背景知识，producer的rangeIncludes包含Organization和Person，因此其值域不仅限于Person。"
sample_0227,range,range(fundedItem) = Product,1,http://schema.org/fundedItem,http://schema.org/Product,"- 名称：fundedItem
- 类型：Property
- 简介：Indicates something directly or indirectly funded or sponsored through a <a class=""localLink"" href=""/Grant"">Grant</a>. See also <a class=""localLink"" href=""/ownershipFundingInfo"">ownershipFundingInfo</a>.
- 补充信息：domainIncludes: http://schema.org/Grant | rangeIncludes: http://schema.org/BioChemEntity, http://schema.org/CreativeWork, http://schema.org/Event, http://schema.org/MedicalEntity,....","- 名称：Product
- 类型：Property
- 简介：Product may refer to:","背景知识：
条目1：
- 名称：fundedItem
- 类型：Property
- 简介：Indicates something directly or indirectly funded or sponsored through a <a class=""localLink"" href=""/Grant"">Grant</a>. See also <a class=""localLink"" href=""/ownershipFundingInfo"">ownershipFundingInfo</a>.
- 补充信息：domainIncludes: http://schema.org/Grant | rangeIncludes: http://schema.org/BioChemEntity, http://schema.org/CreativeWork, http://schema.org/Event, http://schema.org/MedicalEntity,....

条目2：
- 名称：Product
- 类型：Property
- 简介：Product may refer to:",0,0,"判断结果：错误
解释：根据背景知识，fundedItem属性的rangeIncludes包括BioChemEntity、CreativeWork、Event、MedicalEntity等，但不包括Product，该公理与背景知识中的range约束信息不符。",0,0,"判断结果：错误
解释：依据背景，fundedItem的rangeIncludes列举了BioChemEntity、CreativeWork、Event、MedicalEntity等类而未包括Product；且背景中Product被标为属性而非类，故将fundedItem的range设为Product既与背景事实冲突，也不符合RDFS中range应指向类的语义。",0,0,"判断结果：错误  
解释：根据背景知识，fundedItem的rangeIncludes包含CreativeWork、Event等类，而未提及Product类，因此该公理与背景知识冲突。"
sample_0228,range,range(ownershipFundingInfo) = AboutPage,1,http://schema.org/ownershipFundingInfo,http://schema.org/AboutPage,"- 名称：ownershipFundingInfo
- 类型：Property
- 简介：For an <a class=""localLink"" href=""/Organization"">Organization</a> (often but not necessarily a <a class=""localLink"" href=""/NewsMediaOrganization"">NewsMediaOrganization</a>), a description of organizational ownership structure; funding and g...
- 补充信息：domainIncludes: http://schema.org/NewsMediaOrganization, http://schema.org/Organization | rangeIncludes: http://schema.org/AboutPage, http://schema.org/CreativeWork, http://schema....","- 名称：AboutPage
- 类型：Property
- 简介：AboutPage is a property in the knowledge base.","背景知识：
条目1：
- 名称：ownershipFundingInfo
- 类型：Property
- 简介：For an <a class=""localLink"" href=""/Organization"">Organization</a> (often but not necessarily a <a class=""localLink"" href=""/NewsMediaOrganization"">NewsMediaOrganization</a>), a description of organizational ownership structure; funding and g...
- 补充信息：domainIncludes: http://schema.org/NewsMediaOrganization, http://schema.org/Organization | rangeIncludes: http://schema.org/AboutPage, http://schema.org/CreativeWork, http://schema....

条目2：
- 名称：AboutPage
- 类型：Property
- 简介：AboutPage is a property in the knowledge base.",0,0,"判断结果：错误
解释：根据背景知识，ownershipFundingInfo的rangeIncludes包括AboutPage、CreativeWork等多个类，但range应表示属性值的完整值域，将range限定为单一的AboutPage与背景知识中的多值rangeIncludes信息不符，且忽略了其他合法的值域类型。",0,0,"判断结果：[错误]
解释：[背景知识显示 ownershipFundingInfo 的 rangeIncludes 包含 AboutPage 以及其他类（如 CreativeWork 等），因此将 range 严格等于 AboutPage 与该多重 range 声明冲突，rdfs:range 表示所有属性值都必须属于该类，故不合理。]",0,0,"判断结果：错误  
解释：根据背景知识，ownershipFundingInfo的rangeIncludes包含多个类（如AboutPage、CreativeWork等），而公理将其范围限定为仅AboutPage，与背景知识冲突。"
sample_0233,range,range(itinerary) = Place,1,http://schema.org/itinerary,http://schema.org/Place,"- 名称：itinerary
- 类型：Property
- 简介：Destination(s) ( <a class=""localLink"" href=""/Place"">Place</a> ) that make up a trip. For a trip where destination order is important use <a class=""localLink"" href=""/ItemList"">ItemList</a> to specify that order (see examples).
- 补充信息：domainIncludes: http://schema.org/Trip | rangeIncludes: http://schema.org/ItemList, http://schema.org/Place","- 名称：Place
- 类型：Property
- 简介：Place may refer to:","背景知识：
条目1：
- 名称：itinerary
- 类型：Property
- 简介：Destination(s) ( <a class=""localLink"" href=""/Place"">Place</a> ) that make up a trip. For a trip where destination order is important use <a class=""localLink"" href=""/ItemList"">ItemList</a> to specify that order (see examples).
- 补充信息：domainIncludes: http://schema.org/Trip | rangeIncludes: http://schema.org/ItemList, http://schema.org/Place

条目2：
- 名称：Place
- 类型：Property
- 简介：Place may refer to:",0,0,"判断结果：错误
解释：根据背景知识，itinerary属性的rangeIncludes包括ItemList和Place两个类，而公理仅将range限定为Place，遗漏了ItemList这一重要的值域约束，与背景知识不符。",0,0,"判断结果：错误
解释：背景知识表明itinerary的rangeIncludes包括ItemList和Place，而在RDFS语义中属性的range应反映所有声明的目标类（rdfs:range会对属性对象施加类型约束），因此将range仅设为Place与背景信息（遗漏ItemList）冲突。",0,0,"判断结果：错误  
解释：背景知识中明确指出，itinerary的rangeIncludes包含http://schema.org/ItemList和http://schema.org/Place，因此其范围不仅限于Place。"
sample_0234,range,range(suggestedGender) = Text,1,http://schema.org/suggestedGender,http://schema.org/Text,"- 名称：suggestedGender
- 类型：Property
- 简介：The suggested gender of the intended person or audience, for example ""male"", ""female"", or ""unisex"".
- 补充信息：domainIncludes: http://schema.org/PeopleAudience, http://schema.org/SizeSpecification | rangeIncludes: http://schema.org/GenderType, http://schema.org/Text","- 名称：Text
- 类型：Property
- 简介：Text may refer to:","背景知识：
条目1：
- 名称：suggestedGender
- 类型：Property
- 简介：The suggested gender of the intended person or audience, for example ""male"", ""female"", or ""unisex"".
- 补充信息：domainIncludes: http://schema.org/PeopleAudience, http://schema.org/SizeSpecification | rangeIncludes: http://schema.org/GenderType, http://schema.org/Text

条目2：
- 名称：Text
- 类型：Property
- 简介：Text may refer to:",0,0,"判断结果：错误
解释：根据背景知识，suggestedGender的rangeIncludes包括GenderType和Text，但其主要语义范围应为GenderType（表示性别类型），将range定义为仅包含Text违反了属性的核心语义约束，且忽略了更具体的GenderType类型限制。",0,0,"判断结果：错误
解释：背景知识表明 suggestedGender 的 rangeIncludes 包含 GenderType 和 Text，而断言 range(suggestedGender)=Text 会根据 RDFS 的 range 语义把所有值推断为 Text 而排除 GenderType，与给定的范围信息冲突。",0,0,"判断结果：错误  
解释：根据背景知识，suggestedGender的rangeIncludes包含GenderType和Text，因此其值域不仅限于Text，还可能包括GenderType。"
sample_0235,range,range(businessDays) = OpeningHoursSpecification,1,http://schema.org/businessDays,http://schema.org/OpeningHoursSpecification,"- 名称：businessDays
- 类型：Property
- 简介：Days of the week when the merchant typically operates, indicated via opening hours markup.
- 补充信息：domainIncludes: http://schema.org/ServicePeriod, http://schema.org/ShippingDeliveryTime | rangeIncludes: http://schema.org/DayOfWeek, http://schema.org/OpeningHoursSpecification","- 名称：OpeningHoursSpecification
- 类型：Property
- 简介：OpeningHoursSpecification is a property in the knowledge base.","背景知识：
条目1：
- 名称：businessDays
- 类型：Property
- 简介：Days of the week when the merchant typically operates, indicated via opening hours markup.
- 补充信息：domainIncludes: http://schema.org/ServicePeriod, http://schema.org/ShippingDeliveryTime | rangeIncludes: http://schema.org/DayOfWeek, http://schema.org/OpeningHoursSpecification

条目2：
- 名称：OpeningHoursSpecification
- 类型：Property
- 简介：OpeningHoursSpecification is a property in the knowledge base.",0,0,"判断结果：错误
解释：根据背景知识，businessDays属性的rangeIncludes包括DayOfWeek和OpeningHoursSpecification，但OpeningHoursSpecification应属于domain而非range，因为businessDays用于描述营业日期（DayOfWeek），而OpeningHoursSpecification是该属性所附加的对象类型，将OpeningHoursSpecification作为range违反了属性值域的语义约束。",0,0,"判断结果：错误
解释：根据背景，businessDays 的 rangeIncludes 同时包含 DayOfWeek 和 OpeningHoursSpecification，RDFS 的 range 若仅为 OpeningHoursSpecification 会错误地排除 DayOfWeek，与背景信息不一致。",0,0,"判断结果：错误  
解释：根据背景知识，businessDays的rangeIncludes为http://schema.org/DayOfWeek和http://schema.org/OpeningHoursSpecification，而公理中将range限定为仅OpeningHoursSpecification，与背景知识冲突。"
