id,axiom_type,axiom_text,label,model_name,temperature,max_tokens,base_url,model_output,model_label,is_correct,error
sample_0001,subClassOf,Company ⊑ Organisation,1,qwen-max-0125,0.0,8192,https://api2.aigcbest.top/v1,"判断结果：正确  
解释：公司（Company）是一种组织（Organisation），符合常识和语义关系。",1,1,
sample_0002,subClassOf,Person ⊑ Animal,1,qwen-max-0125,0.0,8192,https://api2.aigcbest.top/v1,"判断结果：正确  
解释：根据常识，人是动物的一种，因此“Person ⊑ Animal”符合语义关系。",1,1,
sample_0003,subClassOf,Actor ⊑ Artist,1,qwen-max-0125,0.0,8192,https://api2.aigcbest.top/v1,"判断结果：正确  
解释：演员（Actor）是一种艺术家（Artist），符合常识和语义关系。",1,1,
sample_0004,subClassOf,Publisher ⊑ Company,1,qwen-max-0125,0.0,8192,https://api2.aigcbest.top/v1,"判断结果：正确  
解释：出版商（Publisher）通常是一种公司（Company），符合常识和语义关系。",1,1,
sample_0005,subClassOf,Genre ⊑ TopicalConcept,1,qwen-max-0125,0.0,8192,https://api2.aigcbest.top/v1,"判断结果：正确  
解释：Genre（类型）可以被视为TopicalConcept（主题概念）的一种具体表现形式，符合常识和语义约束。",1,1,
sample_0006,subClassOf,Department ⊑ GovernmentalAdministrativeRegion,1,qwen-max-0125,0.0,8192,https://api2.aigcbest.top/v1,"判断结果：错误  
解释：部门（Department）通常是一个组织内的职能单位，而政府行政区（GovernmentalAdministrativeRegion）是地理或行政划分，二者语义不符。",0,0,
sample_0007,subClassOf,Software ⊑ Work,1,qwen-max-0125,0.0,8192,https://api2.aigcbest.top/v1,"判断结果：正确  
解释：软件可以被视为一种作品，符合常识和语义关系。",1,1,
sample_0008,subClassOf,School ⊑ EducationalInstitution,1,qwen-max-0125,0.0,8192,https://api2.aigcbest.top/v1,"判断结果：正确  
解释：学校是教育机构的一种，符合常识和语义关系。",1,1,
sample_0009,subClassOf,Type ⊑ TopicalConcept,1,qwen-max-0125,0.0,8192,https://api2.aigcbest.top/v1,"判断结果：正确  
解释：在常识和语义上，""Type""可以被看作是""TopicalConcept""的一种具体表现形式，符合子类关系的定义。",1,1,
sample_0010,subClassOf,Academic ⊑ Person,1,qwen-max-0125,0.0,8192,https://api2.aigcbest.top/v1,"判断结果：正确  
解释：学术人员（Academic）是人的一个子集，符合常识和语义约束。",1,1,
sample_0011,subClassOf,AcademicConference ⊑ SocietalEvent,1,qwen-max-0125,0.0,8192,https://api2.aigcbest.top/v1,"判断结果：正确  
解释：学术会议是社会事件的一种，符合常识和语义关系。",1,1,
sample_0012,subClassOf,AcademicJournal ⊑ PeriodicalLiterature,1,qwen-max-0125,0.0,8192,https://api2.aigcbest.top/v1,"判断结果：正确  
解释：学术期刊是期刊文献的一种，符合常识和语义关系。",1,1,
sample_0013,subClassOf,AcademicSubject ⊑ TopicalConcept,1,qwen-max-0125,0.0,8192,https://api2.aigcbest.top/v1,"判断结果：正确  
解释：学术科目（AcademicSubject）可以被视为一种主题概念（TopicalConcept），符合常识和语义关系。",1,1,
sample_0014,subClassOf,AdministrativeRegion ⊑ Region,1,qwen-max-0125,0.0,8192,https://api2.aigcbest.top/v1,"判断结果：正确  
解释：行政区域是区域的一种具体类型，符合常识和语义约束。",1,1,
sample_0015,subClassOf,AdultActor ⊑ Actor,1,qwen-max-0125,0.0,8192,https://api2.aigcbest.top/v1,"判断结果：正确  
解释：根据常识，成年演员是演员的一个子集，符合“AdultActor ⊑ Actor”的语义关系。",1,1,
sample_0016,subClassOf,Agglomeration ⊑ PopulatedPlace,1,qwen-max-0125,0.0,8192,https://api2.aigcbest.top/v1,"判断结果：正确  
解释：聚集体（Agglomeration）可以被合理地视为人口聚集地（PopulatedPlace）的一种类型，符合常识和语义约束。",1,1,
sample_0017,subClassOf,Aircraft ⊑ MeanOfTransportation,1,qwen-max-0125,0.0,8192,https://api2.aigcbest.top/v1,"判断结果：正确  
解释：飞机（Aircraft）是一种交通工具（MeanOfTransportation），符合常识和语义关系。",1,1,
sample_0018,subClassOf,Airline ⊑ PublicTransitSystem,1,qwen-max-0125,0.0,8192,https://api2.aigcbest.top/v1,"判断结果：错误  
解释：航空公司（Airline）并不一定是公共交通系统（PublicTransitSystem）的子类，二者在语义上不具有这种包含关系。",0,0,
sample_0019,subClassOf,Airport ⊑ Infrastructure,1,qwen-max-0125,0.0,8192,https://api2.aigcbest.top/v1,"判断结果：正确  
解释：机场是一种基础设施，符合常识和语义关系。",1,1,
sample_0020,subClassOf,Album ⊑ MusicalWork,1,qwen-max-0125,0.0,8192,https://api2.aigcbest.top/v1,"判断结果：正确  
解释：专辑（Album）是一种音乐作品（MusicalWork），符合常识和语义关系。",1,1,
sample_0021,subClassOf,AmateurBoxer ⊑ Boxer,1,qwen-max-0125,0.0,8192,https://api2.aigcbest.top/v1,"判断结果：正确  
解释：业余拳击手是拳击手的一个子集，符合常识和语义关系。",1,1,
sample_0022,subClassOf,Ambassador ⊑ Politician,1,qwen-max-0125,0.0,8192,https://api2.aigcbest.top/v1,"判断结果：正确  
解释：大使是一种政治家，符合常识和语义关系。",1,1,
sample_0023,subClassOf,AmericanFootballCoach ⊑ Coach,1,qwen-max-0125,0.0,8192,https://api2.aigcbest.top/v1,"判断结果：正确  
解释：AmericanFootballCoach 是 Coach 的一个子类，符合常识和语义约束。",1,1,
sample_0024,subClassOf,AmericanFootballLeague ⊑ SportsLeague,1,qwen-max-0125,0.0,8192,https://api2.aigcbest.top/v1,"判断结果：正确  
解释：AmericanFootballLeague 是 SportsLeague 的一个子类，符合常识和语义关系。",1,1,
sample_0025,subClassOf,AmericanFootballPlayer ⊑ GridironFootballPlayer,1,qwen-max-0125,0.0,8192,https://api2.aigcbest.top/v1,"判断结果：正确  
解释：美式足球运动员是格斗式足球运动员的一个子集，符合常识和语义关系。",1,1,
sample_0026,subClassOf,AmericanFootballTeam ⊑ SportsTeam,1,qwen-max-0125,0.0,8192,https://api2.aigcbest.top/v1,"判断结果：正确  
解释：美式橄榄球队是运动队的一种，符合常识和语义关系。",1,1,
sample_0027,subClassOf,AmericanLeader ⊑ Person,1,qwen-max-0125,0.0,8192,https://api2.aigcbest.top/v1,"判断结果：正确  
解释：根据常识，美国领导人属于人的范畴，因此“AmericanLeader ⊑ Person”是合理的。",1,1,
sample_0028,subClassOf,Amphibian ⊑ Animal,1,qwen-max-0125,0.0,8192,https://api2.aigcbest.top/v1,"判断结果：正确  
解释：两栖动物（Amphibian）是动物（Animal）的一个子类，符合常识和生物学分类。",1,1,
sample_0029,subClassOf,AmusementParkAttraction ⊑ ArchitecturalStructure,1,qwen-max-0125,0.0,8192,https://api2.aigcbest.top/v1,"判断结果：错误  
解释：游乐场景点（AmusementParkAttraction）并不一定是建筑结构（ArchitecturalStructure），它可能包括非建筑的设施或活动。",0,0,
sample_0030,subClassOf,Animal ⊑ Eukaryote,1,qwen-max-0125,0.0,8192,https://api2.aigcbest.top/v1,"判断结果：正确  
解释：动物是真核生物的一个子集，符合生物学分类常识。",1,1,
sample_0031,subClassOf,AnimangaCharacter ⊑ ComicsCharacter,1,qwen-max-0125,0.0,8192,https://api2.aigcbest.top/v1,"判断结果：正确  
解释：动画和漫画角色（AnimangaCharacter）可以合理地视为漫画角色（ComicsCharacter）的子集，符合常识和语义关系。",1,1,
sample_0032,subClassOf,Anime ⊑ Cartoon,1,qwen-max-0125,0.0,8192,https://api2.aigcbest.top/v1,"判断结果：正确  
解释：动画（Anime）是卡通（Cartoon）的一个子类，符合常识和语义关系。",1,1,
sample_0033,subClassOf,Annotation ⊑ WrittenWork,1,qwen-max-0125,0.0,8192,https://api2.aigcbest.top/v1,"判断结果：正确  
解释：注释（Annotation）可以被视为书面作品（WrittenWork）的一种特定类型，符合常识和语义约束。",1,1,
sample_0034,subClassOf,Arachnid ⊑ Animal,1,qwen-max-0125,0.0,8192,https://api2.aigcbest.top/v1,"判断结果：正确  
解释：根据常识，蛛形纲动物（Arachnid）是动物（Animal）的一个子类。",1,1,
sample_0035,subClassOf,Archaea ⊑ Species,1,qwen-max-0125,0.0,8192,https://api2.aigcbest.top/v1,"判断结果：正确  
解释：古细菌（Archaea）是物种（Species）的一个子集，符合生物分类学的常识。",1,1,
sample_0036,subClassOf,Archbishop ⊑ ChristianBishop,1,qwen-max-0125,0.0,8192,https://api2.aigcbest.top/v1,"判断结果：正确  
解释：根据常识，大主教（Archbishop）是基督教主教（ChristianBishop）的一种，符合子类关系的语义约束。",1,1,
sample_0037,subClassOf,Archeologist ⊑ Person,1,qwen-max-0125,0.0,8192,https://api2.aigcbest.top/v1,"判断结果：正确  
解释：考古学家是人的一个子集，符合常识和语义关系。",1,1,
sample_0038,subClassOf,ArcherPlayer ⊑ Athlete,1,qwen-max-0125,0.0,8192,https://api2.aigcbest.top/v1,"判断结果：正确  
解释：射箭运动员（ArcherPlayer）是运动员（Athlete）的一种，符合常识和语义关系。",1,1,
sample_0039,subClassOf,Archipelago ⊑ NaturalPlace,1,qwen-max-0125,0.0,8192,https://api2.aigcbest.top/v1,"判断结果：正确  
解释：群岛（Archipelago）是一种自然地理实体，符合自然地点（NaturalPlace）的定义。",1,1,
sample_0040,subClassOf,Architect ⊑ Person,1,qwen-max-0125,0.0,8192,https://api2.aigcbest.top/v1,"判断结果：正确  
解释：建筑师是人的一个子集，符合常识和语义关系。",1,1,
sample_0041,subClassOf,Archive ⊑ CollectionOfValuables,1,qwen-max-0125,0.0,8192,https://api2.aigcbest.top/v1,"判断结果：正确  
解释：档案（Archive）可以被合理地视为收藏品（CollectionOfValuables）的一种，符合常识和语义关系。",1,1,
sample_0042,subClassOf,Arena ⊑ ArchitecturalStructure,1,qwen-max-0125,0.0,8192,https://api2.aigcbest.top/v1,"判断结果：正确  
解释：竞技场（Arena）是一种建筑结构（ArchitecturalStructure），符合常识和语义关系。",1,1,
sample_0043,subClassOf,Aristocrat ⊑ Person,1,qwen-max-0125,0.0,8192,https://api2.aigcbest.top/v1,"判断结果：正确  
解释：贵族是人的一个子集，符合常识和语义关系。",1,1,
sample_0044,subClassOf,Arrondissement ⊑ GovernmentalAdministrativeRegion,1,qwen-max-0125,0.0,8192,https://api2.aigcbest.top/v1,"判断结果：正确  
解释：Arrondissement（区）是政府行政区域的一种，符合常识和语义关系。",1,1,
sample_0045,subClassOf,Artery ⊑ AnatomicalStructure,1,qwen-max-0125,0.0,8192,https://api2.aigcbest.top/v1,"判断结果：正确  
解释：动脉是解剖结构的一种，符合常识和语义关系。",1,1,
sample_0046,subClassOf,Article ⊑ WrittenWork,1,qwen-max-0125,0.0,8192,https://api2.aigcbest.top/v1,"判断结果：正确  
解释：文章（Article）是一种书面作品（WrittenWork），符合常识和语义关系。",1,1,
sample_0047,subClassOf,ArtificialSatellite ⊑ Satellite,1,qwen-max-0125,0.0,8192,https://api2.aigcbest.top/v1,"判断结果：正确  
解释：人造卫星是卫星的一种，符合常识和语义关系。",1,1,
sample_0048,subClassOf,Artist ⊑ Person,1,qwen-max-0125,0.0,8192,https://api2.aigcbest.top/v1,"判断结果：正确  
解释：艺术家是人的一个子集，符合常识和语义关系。",1,1,
sample_0049,subClassOf,ArtistDiscography ⊑ MusicalWork,1,qwen-max-0125,0.0,8192,https://api2.aigcbest.top/v1,"判断结果：错误  
解释：艺术家的唱片目录（ArtistDiscography）是一个关于艺术家及其作品集合的描述，而音乐作品（MusicalWork）是具体的创作内容，前者并非后者的子类。",0,0,
sample_0050,subClassOf,ArtisticGenre ⊑ Genre,1,qwen-max-0125,0.0,8192,https://api2.aigcbest.top/v1,"判断结果：正确  
解释：艺术流派（ArtisticGenre）是流派（Genre）的一种具体类型，符合常识和语义关系。",1,1,
sample_0051,subClassOf,Artwork ⊑ Work,1,qwen-max-0125,0.0,8192,https://api2.aigcbest.top/v1,"判断结果：正确  
解释：艺术品（Artwork）可以被合理地视为作品（Work）的一种，符合常识和语义关系。",1,1,
sample_0052,subClassOf,Asteroid ⊑ CelestialBody,1,qwen-max-0125,0.0,8192,https://api2.aigcbest.top/v1,"判断结果：正确  
解释：小行星是天体的一种，符合常识和语义关系。",1,1,
sample_0053,subClassOf,Astronaut ⊑ Person,1,qwen-max-0125,0.0,8192,https://api2.aigcbest.top/v1,"判断结果：正确  
解释：宇航员是人的一个子集，符合常识和语义关系。",1,1,
sample_0054,subClassOf,Athlete ⊑ Person,1,qwen-max-0125,0.0,8192,https://api2.aigcbest.top/v1,"判断结果：正确  
解释：运动员是人的一个子集，符合常识和语义关系。",1,1,
sample_0055,subClassOf,Athletics ⊑ Sport,1,qwen-max-0125,0.0,8192,https://api2.aigcbest.top/v1,"判断结果：正确  
解释：田径（Athletics）是体育（Sport）的一个子类，符合常识和语义关系。",1,1,
sample_0056,subClassOf,AthleticsPlayer ⊑ Athlete,1,qwen-max-0125,0.0,8192,https://api2.aigcbest.top/v1,"判断结果：正确  
解释：田径运动员是运动员的一个子集，符合常识和语义关系。",1,1,
sample_0057,subClassOf,Atoll ⊑ Island,1,qwen-max-0125,0.0,8192,https://api2.aigcbest.top/v1,"判断结果：正确  
解释：环礁（Atoll）是一种特殊的岛屿（Island），符合常识和语义关系。",1,1,
sample_0058,subClassOf,Attack ⊑ SocietalEvent,1,qwen-max-0125,0.0,8192,https://api2.aigcbest.top/v1,"判断结果：正确  
解释：攻击行为可以被视为社会事件的一种，符合常识和语义约束。",1,1,
sample_0059,subClassOf,AustralianFootballLeague ⊑ SportsLeague,1,qwen-max-0125,0.0,8192,https://api2.aigcbest.top/v1,"判断结果：正确  
解释：AustralianFootballLeague 是一个体育联盟，属于 SportsLeague 的子类，符合常识和语义关系。",1,1,
sample_0060,subClassOf,AustralianFootballTeam ⊑ SportsTeam,1,qwen-max-0125,0.0,8192,https://api2.aigcbest.top/v1,"判断结果：正确  
解释：澳大利亚橄榄球队是体育队伍的一种，符合常识和语义关系。",1,1,
sample_0061,subClassOf,AustralianRulesFootballPlayer ⊑ Athlete,1,qwen-max-0125,0.0,8192,https://api2.aigcbest.top/v1,"判断结果：正确  
解释：澳大利亚规则足球运动员是运动员的一种，符合常识和语义关系。",1,1,
sample_0062,subClassOf,AutoRacingLeague ⊑ SportsLeague,1,qwen-max-0125,0.0,8192,https://api2.aigcbest.top/v1,"判断结果：正确  
解释：汽车赛车联盟（AutoRacingLeague）是一种体育联盟（SportsLeague），符合常识和语义关系。",1,1,
sample_0063,subClassOf,Automobile ⊑ MeanOfTransportation,1,qwen-max-0125,0.0,8192,https://api2.aigcbest.top/v1,"判断结果：正确  
解释：汽车（Automobile）是一种交通工具（MeanOfTransportation），符合常识和语义关系。",1,1,
sample_0064,subClassOf,AutomobileEngine ⊑ Engine,1,qwen-max-0125,0.0,8192,https://api2.aigcbest.top/v1,"判断结果：正确  
解释：汽车发动机是发动机的一种，符合常识和语义关系。",1,1,
sample_0065,subClassOf,BackScene ⊑ MusicalArtist,1,qwen-max-0125,0.0,8192,https://api2.aigcbest.top/v1,"判断结果：错误  
解释：背景场景（BackScene）与音乐艺术家（MusicalArtist）之间不存在合理的子类关系。",0,0,
sample_0066,subClassOf,Bacteria ⊑ Species,1,qwen-max-0125,0.0,8192,https://api2.aigcbest.top/v1,"判断结果：错误  
解释：细菌（Bacteria）是一个域或分类级别，而物种（Species）是其下属的具体分类单元，两者并非直接的子类关系。",0,0,
sample_0067,subClassOf,BadmintonPlayer ⊑ Athlete,1,qwen-max-0125,0.0,8192,https://api2.aigcbest.top/v1,"判断结果：正确  
解释：羽毛球运动员是运动员的一种，符合常识和语义关系。",1,1,
sample_0068,subClassOf,Band ⊑ Group,1,qwen-max-0125,0.0,8192,https://api2.aigcbest.top/v1,"判断结果：正确  
解释：乐队（Band）是一种特定类型的团体（Group），符合常识和语义关系。",1,1,
sample_0069,subClassOf,Bank ⊑ Company,1,qwen-max-0125,0.0,8192,https://api2.aigcbest.top/v1,"判断结果：正确  
解释：银行是一种公司，符合常识和语义关系。",1,1,
sample_0070,subClassOf,Baronet ⊑ BritishRoyalty,1,qwen-max-0125,0.0,8192,https://api2.aigcbest.top/v1,"判断结果：错误  
解释：Baronet（男爵）虽然属于英国贵族体系，但并不等同于英国皇室（BritishRoyalty），因此该子类关系不符合常识。",0,0,
sample_0071,subClassOf,BaseballLeague ⊑ SportsLeague,1,qwen-max-0125,0.0,8192,https://api2.aigcbest.top/v1,"判断结果：正确  
解释：棒球联盟（BaseballLeague）是体育联盟（SportsLeague）的一种，符合常识和语义关系。",1,1,
sample_0072,subClassOf,BaseballPlayer ⊑ Athlete,1,qwen-max-0125,0.0,8192,https://api2.aigcbest.top/v1,"判断结果：正确  
解释：棒球运动员是运动员的一种，符合常识和语义关系。",1,1,
sample_0073,subClassOf,BaseballSeason ⊑ SportsTeamSeason,1,qwen-max-0125,0.0,8192,https://api2.aigcbest.top/v1,"判断结果：正确  
解释：棒球赛季（BaseballSeason）是体育团队赛季（SportsTeamSeason）的一种，符合常识和语义关系。",1,1,
sample_0074,subClassOf,BaseballTeam ⊑ SportsTeam,1,qwen-max-0125,0.0,8192,https://api2.aigcbest.top/v1,"判断结果：正确  
解释：棒球队是运动队的一种，符合常识和语义关系。",1,1,
sample_0075,subClassOf,BasketballLeague ⊑ SportsLeague,1,qwen-max-0125,0.0,8192,https://api2.aigcbest.top/v1,"判断结果：正确  
解释：篮球联赛是体育联赛的一种，符合常识和语义关系。",1,1,
sample_0076,subClassOf,BasketballPlayer ⊑ Athlete,1,qwen-max-0125,0.0,8192,https://api2.aigcbest.top/v1,"判断结果：正确  
解释：篮球运动员是运动员的一种，符合常识和语义关系。",1,1,
sample_0077,subClassOf,BasketballTeam ⊑ SportsTeam,1,qwen-max-0125,0.0,8192,https://api2.aigcbest.top/v1,"判断结果：正确  
解释：篮球队是运动队的一种，符合常识和语义关系。",1,1,
sample_0078,subClassOf,Battery ⊑ Device,1,qwen-max-0125,0.0,8192,https://api2.aigcbest.top/v1,"判断结果：正确  
解释：电池（Battery）是一种设备（Device），符合常识中的分类关系。",1,1,
sample_0079,subClassOf,Bay ⊑ BodyOfWater,1,qwen-max-0125,0.0,8192,https://api2.aigcbest.top/v1,"判断结果：正确  
解释：海湾（Bay）是一种水域（BodyOfWater），符合常识和语义关系。",1,1,
sample_0080,subClassOf,Beach ⊑ NaturalPlace,1,qwen-max-0125,0.0,8192,https://api2.aigcbest.top/v1,"判断结果：正确  
解释：海滩是自然地点的一种，符合常识和语义关系。",1,1,
sample_0081,subClassOf,BeachVolleyballPlayer ⊑ VolleyballPlayer,1,qwen-max-0125,0.0,8192,https://api2.aigcbest.top/v1,"判断结果：正确  
解释：沙滩排球运动员是排球运动员的一个子集，符合常识和语义关系。",1,1,
sample_0082,subClassOf,BeautyQueen ⊑ Person,1,qwen-max-0125,0.0,8192,https://api2.aigcbest.top/v1,"判断结果：正确  
解释：选美皇后(BeautyQueen)是一个人(Person)，符合常识和语义关系。",1,1,
sample_0083,subClassOf,Beer ⊑ Beverage,1,qwen-max-0125,0.0,8192,https://api2.aigcbest.top/v1,"判断结果：正确  
解释：啤酒（Beer）是一种饮料（Beverage），符合常识和语义关系。",1,1,
sample_0084,subClassOf,Beverage ⊑ Food,1,qwen-max-0125,0.0,8192,https://api2.aigcbest.top/v1,"判断结果：正确  
解释：饮料（Beverage）可以被视为食物（Food）的一种特殊类型，符合常识中的分类关系。",1,1,
sample_0085,subClassOf,Biathlete ⊑ WinterSportPlayer,1,qwen-max-0125,0.0,8192,https://api2.aigcbest.top/v1,"判断结果：正确  
解释：冬季两项运动员（Biathlete）是冬季运动选手（WinterSportPlayer）的一个子集，符合常识和语义关系。",1,1,
sample_0086,subClassOf,BiologicalDatabase ⊑ Database,1,qwen-max-0125,0.0,8192,https://api2.aigcbest.top/v1,"判断结果：正确  
解释：生物数据库是数据库的一种特定类型，符合常识和语义约束。",1,1,
sample_0087,subClassOf,Biologist ⊑ Scientist,1,qwen-max-0125,0.0,8192,https://api2.aigcbest.top/v1,"判断结果：正确  
解释：生物学家是科学家的一个子集，符合常识和语义关系。",1,1,
sample_0088,subClassOf,Bird ⊑ Animal,1,qwen-max-0125,0.0,8192,https://api2.aigcbest.top/v1,"判断结果：正确  
解释：鸟类是动物的一个子集，符合常识和生物学分类。",1,1,
sample_0089,subClassOf,BloodVessel ⊑ AnatomicalStructure,1,qwen-max-0125,0.0,8192,https://api2.aigcbest.top/v1,"判断结果：正确  
解释：血管（BloodVessel）是一种解剖结构（AnatomicalStructure），符合常识和语义关系。",1,1,
sample_0090,subClassOf,BoardGame ⊑ Game,1,qwen-max-0125,0.0,8192,https://api2.aigcbest.top/v1,"判断结果：正确  
解释：棋盘游戏（BoardGame）是游戏（Game）的一种，符合常识和语义关系。",1,1,
sample_0091,subClassOf,BobsleighAthlete ⊑ WinterSportPlayer,1,qwen-max-0125,0.0,8192,https://api2.aigcbest.top/v1,"判断结果：正确  
解释：雪橇运动员是冬季运动选手的一种，符合常识和语义关系。",1,1,
sample_0092,subClassOf,BodyOfWater ⊑ NaturalPlace,1,qwen-max-0125,0.0,8192,https://api2.aigcbest.top/v1,"判断结果：正确  
解释：水域是自然地点的一种，符合常识和语义关系。",1,1,
sample_0093,subClassOf,Bodybuilder ⊑ Athlete,1,qwen-max-0125,0.0,8192,https://api2.aigcbest.top/v1,"判断结果：正确  
解释：健美运动员是运动员的一个子集，符合常识和语义关系。",1,1,
sample_0094,subClassOf,Bone ⊑ AnatomicalStructure,1,qwen-max-0125,0.0,8192,https://api2.aigcbest.top/v1,"判断结果：正确  
解释：骨骼（Bone）是解剖结构（AnatomicalStructure）的一种，符合常识和语义关系。",1,1,
sample_0095,subClassOf,Book ⊑ WrittenWork,1,qwen-max-0125,0.0,8192,https://api2.aigcbest.top/v1,"判断结果：正确  
解释：书籍是书面作品的一种，符合常识和语义关系。",1,1,
sample_0096,subClassOf,BowlingLeague ⊑ SportsLeague,1,qwen-max-0125,0.0,8192,https://api2.aigcbest.top/v1,"判断结果：正确  
解释：保龄球联赛是体育联赛的一种，符合常识和语义关系。",1,1,
sample_0097,subClassOf,Boxer ⊑ Athlete,1,qwen-max-0125,0.0,8192,https://api2.aigcbest.top/v1,"判断结果：正确  
解释：拳击手（Boxer）是一种运动员（Athlete），符合常识和语义关系。",1,1,
sample_0098,subClassOf,BoxingLeague ⊑ SportsLeague,1,qwen-max-0125,0.0,8192,https://api2.aigcbest.top/v1,"判断结果：正确  
解释：拳击联盟（BoxingLeague）是体育联盟（SportsLeague）的一种，符合常识和语义关系。",1,1,
sample_0099,subClassOf,Brain ⊑ AnatomicalStructure,1,qwen-max-0125,0.0,8192,https://api2.aigcbest.top/v1,"判断结果：正确  
解释：大脑是解剖结构的一种，符合常识和语义关系。",1,1,
sample_0100,subClassOf,Brewery ⊑ Company,1,qwen-max-0125,0.0,8192,https://api2.aigcbest.top/v1,"判断结果：正确  
解释：酿酒厂（Brewery）是一种公司（Company），符合常识和语义关系。",1,1,
sample_0101,subPropertyOf,averageDepth ⊑p depth,1,qwen-max-0125,0.0,8192,https://api2.aigcbest.top/v1,"判断结果：错误  
解释：averageDepth作为属性，不应是depth的子属性，因为平均深度与深度在语义上并非子属性关系。",0,0,
sample_0102,subPropertyOf,capital ⊑p administrativeHeadCity,1,qwen-max-0125,0.0,8192,https://api2.aigcbest.top/v1,"判断结果：正确  
解释：首都（capital）是一个城市，通常也是该国家的行政中心（administrativeHeadCity），符合常识和语义关系。",1,1,
sample_0103,subPropertyOf,championInDoubleMale ⊑p championInDouble,1,qwen-max-0125,0.0,8192,https://api2.aigcbest.top/v1,"判断结果：正确  
解释：男性双打冠军是双打冠军的一种，符合子类与父类的语义关系。",1,1,
sample_0104,subPropertyOf,championInSingleMale ⊑p championInSingle,1,qwen-max-0125,0.0,8192,https://api2.aigcbest.top/v1,"判断结果：正确  
解释：男性单打冠军是单打冠军的一个子集，符合常识和语义约束。",1,1,
sample_0105,subPropertyOf,colourHexCode ⊑p code,1,qwen-max-0125,0.0,8192,https://api2.aigcbest.top/v1,"判断结果：错误  
解释：属性“colourHexCode”表示颜色的十六进制代码，与“code”之间没有直接的子属性关系，语义上不合理。",0,0,
sample_0106,subPropertyOf,cosparId ⊑p code,1,qwen-max-0125,0.0,8192,https://api2.aigcbest.top/v1,"判断结果：错误  
解释：cosparId 通常表示一个实体的标识符，而 code 表示某种编码，标识符并不一定是编码的子属性，语义上不符合常识。",0,0,
sample_0107,subPropertyOf,fdaUniiCode ⊑p code,1,qwen-max-0125,0.0,8192,https://api2.aigcbest.top/v1,"判断结果：错误  
解释：属性之间的子属性关系（subPropertyOf）需要语义上具有继承性，而“fdaUniiCode”与“code”并无明显的语义继承关系。",0,0,
sample_0108,subPropertyOf,greekName ⊑p Name,1,qwen-max-0125,0.0,8192,https://api2.aigcbest.top/v1,"判断结果：错误  
解释：greekName 是一个具体的属性，而 Name 是一个类，属性和类之间不能直接使用 ⊑p（subPropertyOf）关系。",0,0,
sample_0109,subPropertyOf,imdbId ⊑p code,1,qwen-max-0125,0.0,8192,https://api2.aigcbest.top/v1,"判断结果：错误  
解释：imdbId 是一个具体的标识符，通常作为属性值存在，而 code 是一个更通用的概念，两者之间不存在合理的子类关系。",0,0,
sample_0110,subPropertyOf,inseeCode ⊑p codeSettlement,1,qwen-max-0125,0.0,8192,https://api2.aigcbest.top/v1,"判断结果：错误  
解释：属性“inseeCode”通常用于表示法国国家统计与经济研究所的编码，而“codeSettlement”表示聚落编码，两者语义不符，不应存在子属性关系。",0,0,
sample_0111,subPropertyOf,isPartOfMilitaryConflict ⊑p isPartOf,1,qwen-max-0125,0.0,8192,https://api2.aigcbest.top/v1,"判断结果：正确  
解释：isPartOfMilitaryConflict 是 isPartOf 的一种具体化，符合常识和语义约束。",1,1,
sample_0112,subPropertyOf,isPartOfWineRegion ⊑p isPartOf,1,qwen-max-0125,0.0,8192,https://api2.aigcbest.top/v1,"判断结果：正确  
解释：isPartOfWineRegion 是 isPartOf 的一种具体化，符合常识和语义约束。",1,1,
sample_0113,subPropertyOf,iso6391Code ⊑p LanguageCode,1,qwen-max-0125,0.0,8192,https://api2.aigcbest.top/v1,"判断结果：正确  
解释：ISO 639-1代码是语言代码的一种标准形式，符合“iso6391Code是LanguageCode的子类”的语义关系。",1,1,
sample_0114,subPropertyOf,iso6392Code ⊑p LanguageCode,1,qwen-max-0125,0.0,8192,https://api2.aigcbest.top/v1,"判断结果：正确  
解释：iso6392Code 是语言代码的一种，符合其作为 LanguageCode 子类的语义关系。",1,1,
sample_0115,subPropertyOf,iso6393Code ⊑p LanguageCode,1,qwen-max-0125,0.0,8192,https://api2.aigcbest.top/v1,"判断结果：正确  
解释：ISO 639-3代码是语言代码的一种标准，符合“iso6393Code是LanguageCode的子类”的语义关系。",1,1,
sample_0116,subPropertyOf,latinName ⊑p Name,1,qwen-max-0125,0.0,8192,https://api2.aigcbest.top/v1,"判断结果：错误  
解释：latinName 是一个具体的属性，而 Name 是一个类或概念，属性和类之间不能直接使用 subPropertyOf (⊑p) 关系。",0,0,
sample_0117,subPropertyOf,literaryGenre ⊑p genre,1,qwen-max-0125,0.0,8192,https://api2.aigcbest.top/v1,"判断结果：正确  
解释：文学体裁(literaryGenre)是体裁(genre)的一种子类型，符合常识和语义关系。",1,1,
sample_0118,subPropertyOf,locationCity ⊑p location,1,qwen-max-0125,0.0,8192,https://api2.aigcbest.top/v1,"判断结果：正确  
解释：城市（locationCity）是地点（location）的一种具体类型，符合常识和语义约束。",1,1,
sample_0119,subPropertyOf,locationCountry ⊑p location,1,qwen-max-0125,0.0,8192,https://api2.aigcbest.top/v1,"判断结果：错误  
解释：属性之间的子属性关系（subPropertyOf）要求语义上更具体的属性是更通用属性的子属性，而“locationCountry”表示国家位置，“location”表示一般位置，前者并非后者的子属性。",0,0,
sample_0120,subPropertyOf,maximumDepth ⊑p depth,1,qwen-max-0125,0.0,8192,https://api2.aigcbest.top/v1,"判断结果：错误  
解释：maximumDepth 是一个具体的属性值，而 depth 是一个属性，两者之间不存在子属性关系。",0,0,
sample_0121,subPropertyOf,mayor ⊑p Leader,1,qwen-max-0125,0.0,8192,https://api2.aigcbest.top/v1,"判断结果：正确  
解释：市长是一种领导者，符合常识和语义关系。",1,1,
sample_0122,subPropertyOf,nextEvent ⊑p followedBy,1,qwen-max-0125,0.0,8192,https://api2.aigcbest.top/v1,"判断结果：正确  
解释：在事件序列中，“nextEvent”可以合理地被解释为“followedBy”的一种具体表现，符合常识和语义约束。",1,1,
sample_0123,subPropertyOf,nextMission ⊑p followedBy,1,qwen-max-0125,0.0,8192,https://api2.aigcbest.top/v1,"判断结果：错误  
解释：根据常识，nextMission 应该是 followedBy 的子属性，而不是父属性。",0,0,
sample_0124,subPropertyOf,officialSchoolColour ⊑p ColourName,1,qwen-max-0125,0.0,8192,https://api2.aigcbest.top/v1,"判断结果：正确  
解释：官方学校颜色可以合理地被视为颜色名称的一种具体表现形式。",1,1,
sample_0125,subPropertyOf,owningOrganisation ⊑p owner,1,qwen-max-0125,0.0,8192,https://api2.aigcbest.top/v1,"判断结果：错误  
解释：属性之间的子属性关系（subPropertyOf）要求语义上更具体的属性是更通用属性的子属性，而“owningOrganisation”和“owner”在语义上并不具有这种层级关系。",0,0,
sample_0126,subPropertyOf,postalCode ⊑p code,1,qwen-max-0125,0.0,8192,https://api2.aigcbest.top/v1,"判断结果：错误  
解释：邮政编码（postalCode）是一个具体的数值或字符串，而“code”通常是一个更泛化的概念，两者之间不存在直接的子属性关系。",0,0,
sample_0127,subPropertyOf,schoolCode ⊑p code,1,qwen-max-0125,0.0,8192,https://api2.aigcbest.top/v1,"判断结果：错误  
解释：schoolCode 是一个特定领域的属性，而 code 是一个通用概念，两者之间没有明确的子属性关系。",0,0,
sample_0128,subPropertyOf,bronzeMedalist ⊑p Medalist,1,qwen-max-0125,0.0,8192,https://api2.aigcbest.top/v1,"判断结果：正确  
解释：获得铜牌的选手（bronzeMedalist）属于奖牌获得者（Medalist）的一种，符合常识和语义关系。",1,1,
sample_0129,subPropertyOf,championInDoubleFemale ⊑p championInDouble,1,qwen-max-0125,0.0,8192,https://api2.aigcbest.top/v1,"判断结果：正确  
解释：女性双打冠军是双打冠军的一个子集，符合常识和语义约束。",1,1,
sample_0130,subPropertyOf,championInMixedDouble ⊑p championInDouble,1,qwen-max-0125,0.0,8192,https://api2.aigcbest.top/v1,"判断结果：正确  
解释：混合双打冠军是双打冠军的一种具体类型，符合子类关系的语义约束。",1,1,
sample_0131,subPropertyOf,championInSingleFemale ⊑p championInSingle,1,qwen-max-0125,0.0,8192,https://api2.aigcbest.top/v1,"判断结果：正确  
解释：女性单打冠军是单打冠军的一个子集，符合常识和语义约束。",1,1,
sample_0132,subPropertyOf,goldMedalist ⊑p Medalist,1,qwen-max-0125,0.0,8192,https://api2.aigcbest.top/v1,"判断结果：正确  
解释：获得金牌的选手（goldMedalist）是奖牌获得者（Medalist）的一个子集，符合常识和语义约束。",1,1,
sample_0133,subPropertyOf,isPartOfAnatomicalStructure ⊑p isPartOf,1,qwen-max-0125,0.0,8192,https://api2.aigcbest.top/v1,"判断结果：正确  
解释：isPartOfAnatomicalStructure 是 isPartOf 的一种具体化，符合常识和语义约束。",1,1,
sample_0134,subPropertyOf,originalLanguage ⊑p language,1,qwen-max-0125,0.0,8192,https://api2.aigcbest.top/v1,"判断结果：正确  
解释：原语言(originalLanguage)是语言(language)的一种具体表现形式，符合常识和语义约束。",1,1,
sample_0135,subPropertyOf,premiereDate ⊑p releaseDate,1,qwen-max-0125,0.0,8192,https://api2.aigcbest.top/v1,"判断结果：正确  
解释：首映日期（premiereDate）是发布日期（releaseDate）的一种具体形式，符合常识和语义约束。",1,1,
sample_0136,subPropertyOf,premiereYear ⊑p releaseYear,1,qwen-max-0125,0.0,8192,https://api2.aigcbest.top/v1,"判断结果：正确  
解释：首映年份（premiereYear）通常是发布年份（releaseYear）的一部分或等同于发布年份，符合常识和语义约束。",1,1,
sample_0137,subPropertyOf,rankingWins ⊑p Wins,1,qwen-max-0125,0.0,8192,https://api2.aigcbest.top/v1,"判断结果：错误  
解释：rankingWins 和 Wins 之间的关系不符合常识语义，无法直接断定 rankingWins 是 Wins 的子类。",0,0,
sample_0138,subPropertyOf,silverMedalist ⊑p Medalist,1,qwen-max-0125,0.0,8192,https://api2.aigcbest.top/v1,"判断结果：正确  
解释：银牌得主（silverMedalist）是奖牌得主（Medalist）的一种，符合常识和语义关系。",1,1,
sample_0139,subPropertyOf,atcCode ⊑p code,1,qwen-max-0125,0.0,8192,https://api2.aigcbest.top/v1,"判断结果：错误  
解释：ATC代码是药物分类系统的代码，与普通代码（code）没有直接的子类关系。",0,0,
sample_0140,subPropertyOf,muteCharacterInPlay ⊑p characterInPlay,1,qwen-max-0125,0.0,8192,https://api2.aigcbest.top/v1,"判断结果：正确  
解释：哑剧角色（muteCharacterInPlay）是戏剧角色（characterInPlay）的一种，符合常识和语义关系。",1,1,
sample_0141,subPropertyOf,chorusCharacterInPlay ⊑p characterInPlay,1,qwen-max-0125,0.0,8192,https://api2.aigcbest.top/v1,"判断结果：正确  
解释：合唱角色是戏剧角色的一种，符合子类与父类的语义关系。",1,1,
sample_0142,subPropertyOf,ceeb ⊑p code,1,qwen-max-0125,0.0,8192,https://api2.aigcbest.top/v1,"判断结果：错误  
解释：公理表达的关系不符合常识，""ceeb""和""code""之间的语义关联不明确且不合理。",0,0,
sample_0143,subPropertyOf,aitaCode ⊑p code,1,qwen-max-0125,0.0,8192,https://api2.aigcbest.top/v1,"判断结果：错误  
解释：公理表达的语义不清晰，且“aitaCode”与“code”之间的关系不符合常识或明确的领域知识。",0,0,
sample_0144,subPropertyOf,albumRuntime ⊑p runtime,1,qwen-max-0125,0.0,8192,https://api2.aigcbest.top/v1,"判断结果：错误  
解释：albumRuntime 和 runtime 之间没有明确的子属性关系，语义上不合理。",0,0,
sample_0145,subPropertyOf,awayColourHexCode ⊑p colourHexCode,1,qwen-max-0125,0.0,8192,https://api2.aigcbest.top/v1,"判断结果：错误  
解释：awayColourHexCode 和 colourHexCode 之间没有明确的语义层次关系表明前者是后者的子属性。",0,0,
sample_0146,subPropertyOf,bibsysId ⊑p code,1,qwen-max-0125,0.0,8192,https://api2.aigcbest.top/v1,"判断结果：错误  
解释：bibsysId 通常表示一个系统中的标识符，而 code 表示编码，两者语义上不存在子属性关系。",0,0,
sample_0147,subPropertyOf,bnfId ⊑p code,1,qwen-max-0125,0.0,8192,https://api2.aigcbest.top/v1,"判断结果：错误  
解释：公理表达的关系不符合常识，`bnfId` 和 `code` 之间没有明确的语义关联表明前者是后者的子类。",0,0,
sample_0148,subPropertyOf,bpnId ⊑p code,1,qwen-max-0125,0.0,8192,https://api2.aigcbest.top/v1,"判断结果：错误  
解释：属性之间的子属性关系（subPropertyOf）需要语义上具有继承性，而“bpnId”和“code”在语义上没有明显的继承关系。",0,0,
sample_0149,subPropertyOf,brinCode ⊑p code,1,qwen-max-0125,0.0,8192,https://api2.aigcbest.top/v1,"判断结果：错误  
解释：根据常识和语义约束，""brinCode""作为类或属性与""code""之间的关系未明确表达合理的层级或属性关联。",0,0,
sample_0150,subPropertyOf,championInDouble ⊑p champion,1,qwen-max-0125,0.0,8192,https://api2.aigcbest.top/v1,"判断结果：错误  
解释：双打冠军(championInDouble)并不一定是总体意义上的冠军(champion)，两者语义范围不一致。",0,0,
sample_0151,subPropertyOf,championInSingle ⊑p champion,1,qwen-max-0125,0.0,8192,https://api2.aigcbest.top/v1,"判断结果：错误  
解释：单打冠军（championInSingle）并不一定是总体意义上的冠军（champion），因为冠军可能存在于其他类型的比赛（如双打或团体赛）中，两者并非子类关系。",0,0,
sample_0152,subPropertyOf,chief ⊑p Leader,1,qwen-max-0125,0.0,8192,https://api2.aigcbest.top/v1,"判断结果：正确  
解释：根据常识，“chief”（首领）是“Leader”（领导者）的一种具体角色或类型，符合子类关系的语义。",1,1,
sample_0153,subPropertyOf,codeIndex ⊑p code,1,qwen-max-0125,0.0,8192,https://api2.aigcbest.top/v1,"判断结果：错误  
解释：根据常识和语义约束，codeIndex作为类或属性与code之间的关系未明确表达合理的层次或属性约束。",0,0,
sample_0154,subPropertyOf,codeListOfHonour ⊑p code,1,qwen-max-0125,0.0,8192,https://api2.aigcbest.top/v1,"判断结果：错误  
解释：荣誉代码列表（codeListOfHonour）作为类，与代码（code）之间的子类关系不符合常识语义。",0,0,
sample_0155,subPropertyOf,codeMemorial ⊑p Code,1,qwen-max-0125,0.0,8192,https://api2.aigcbest.top/v1,"判断结果：错误  
解释：根据常识，""codeMemorial""和""Code""之间的""is-a""关系不符合语义逻辑，因为""codeMemorial""更像是一种纪念物或实体，而""Code""通常指代码或规范。",0,0,
sample_0156,subPropertyOf,codeMunicipalMonument ⊑p code,1,qwen-max-0125,0.0,8192,https://api2.aigcbest.top/v1,"判断结果：错误  
解释：根据常识，市政古迹代码（codeMunicipalMonument）不应是代码（code）的子类，二者语义上不具备合理的子类关系。",0,0,
sample_0157,subPropertyOf,codeNationalMonument ⊑p code,1,qwen-max-0125,0.0,8192,https://api2.aigcbest.top/v1,"判断结果：错误  
解释：根据常识，国家级纪念碑的代码（codeNationalMonument）不应是更通用代码（code）的子类，语义上不合理。",0,0,
sample_0158,subPropertyOf,codeProvincialMonument ⊑p code,1,qwen-max-0125,0.0,8192,https://api2.aigcbest.top/v1,"判断结果：错误  
解释：根据常识，省级纪念碑代码（codeProvincialMonument）不应是代码（code）的子类，二者语义上不具备合理的子类关系。",0,0,
sample_0159,subPropertyOf,codeStockExchange ⊑p code,1,qwen-max-0125,0.0,8192,https://api2.aigcbest.top/v1,"判断结果：错误  
解释：股票交易所代码（codeStockExchange）与一般代码（code）之间没有明确的子类关系，语义上不合理。",0,0,
sample_0160,subPropertyOf,commandant ⊑p keyPerson,1,qwen-max-0125,0.0,8192,https://api2.aigcbest.top/v1,"判断结果：错误  
解释：指挥官（commandant）与关键人物（keyPerson）之间没有明确的常识或语义上的子类关系。",0,0,
sample_0161,subPropertyOf,communityIsoCode ⊑p isoCode,1,qwen-max-0125,0.0,8192,https://api2.aigcbest.top/v1,"判断结果：错误  
解释：根据常识，`communityIsoCode` 和 `isoCode` 是两个不同的概念，前者通常表示社区的ISO代码，而后者是通用的ISO代码，两者之间没有明确的子属性关系。",0,0,
sample_0162,subPropertyOf,dfE ⊑p code,1,qwen-max-0125,0.0,8192,https://api2.aigcbest.top/v1,"判断结果：错误  
解释：公理表达的语义不清晰，且不符合常见的RDFS语义规范，无法直接判断其合理性。",0,0,
sample_0163,subPropertyOf,distanceToCapital ⊑p Distance,1,qwen-max-0125,0.0,8192,https://api2.aigcbest.top/v1,"判断结果：错误  
解释：属性“distanceToCapital”的值域应为数值类型或具体距离单位，而不是抽象的“Distance”概念。",0,0,
sample_0164,subPropertyOf,dutchArtworkCode ⊑p code,1,qwen-max-0125,0.0,8192,https://api2.aigcbest.top/v1,"判断结果：错误  
解释：属性“code”通常用于表示通用的编码，而“dutchArtworkCode”特指荷兰艺术品的编码，两者语义范围不匹配，不应构成子属性关系。",0,0,
sample_0165,subPropertyOf,dutchMIPCode ⊑p Code,1,qwen-max-0125,0.0,8192,https://api2.aigcbest.top/v1,"判断结果：错误  
解释：根据常识和语义约束，“dutchMIPCode”作为一个特定的代码类型，不应被定义为“Code”的子类，而更可能是其实例或具有其他关系。",0,0,
sample_0166,subPropertyOf,dutchNAIdentifier ⊑p code,1,qwen-max-0125,0.0,8192,https://api2.aigcbest.top/v1,"判断结果：错误  
解释：属性“dutchNAIdentifier”与“code”之间没有明确的语义关联，且不符合常识或领域知识。",0,0,
sample_0167,subPropertyOf,dutchPPNCode ⊑p code,1,qwen-max-0125,0.0,8192,https://api2.aigcbest.top/v1,"判断结果：错误  
解释：属性“code”通常用于表示通用的编码，而“dutchPPNCode”特指荷兰的PPN编码，两者语义范围不匹配，不应构成子属性关系。",0,0,
sample_0168,subPropertyOf,dutchWinkelID ⊑p code,1,qwen-max-0125,0.0,8192,https://api2.aigcbest.top/v1,"判断结果：错误  
解释：属性“code”通常用于表示编码，而“dutchWinkelID”作为标识符与“code”之间没有明确的子属性关系。",0,0,
sample_0169,subPropertyOf,eastPlace ⊑p closeTo,1,qwen-max-0125,0.0,8192,https://api2.aigcbest.top/v1,"判断结果：错误  
解释：eastPlace表示“东方的地点”，而closeTo表示“接近”，两者之间没有直接的子类关系，语义上不合理。",0,0,
sample_0170,subPropertyOf,ekatteCode ⊑p codeSettlement,1,qwen-max-0125,0.0,8192,https://api2.aigcbest.top/v1,"判断结果：错误  
解释：ekatteCode 是一个具体的属性，而 codeSettlement 是一个类，属性和类之间不能直接使用 subPropertyOf 关系。",0,0,
sample_0171,subPropertyOf,featuring ⊑p artist,1,qwen-max-0125,0.0,8192,https://api2.aigcbest.top/v1,"判断结果：错误  
解释：属性“featuring”通常用于表示某物包含或呈现某种特性，而“artist”是一个类，二者语义上不构成合理的子属性关系。",0,0,
sample_0172,subPropertyOf,filmPolskiId ⊑p code,1,qwen-max-0125,0.0,8192,https://api2.aigcbest.top/v1,"判断结果：错误  
解释：filmPolskiId 作为电影的波兰语标识符，与代码（code）之间不存在明显的子属性关系，语义上不合理。",0,0,
sample_0173,subPropertyOf,filmRuntime ⊑p runtime,1,qwen-max-0125,0.0,8192,https://api2.aigcbest.top/v1,"判断结果：错误  
解释：属性之间的子属性关系（subPropertyOf）应使用符号“⊑p”表示，但“filmRuntime”是一个类或属性名称，语义上不能直接作为子属性。",0,0,
sample_0174,subPropertyOf,firstPublisher ⊑p publisher,1,qwen-max-0125,0.0,8192,https://api2.aigcbest.top/v1,"判断结果：正确  
解释：firstPublisher是publisher的一个子属性，符合属性间的语义层次关系。",1,1,
sample_0175,subPropertyOf,highestAltitude ⊑p altitude,1,qwen-max-0125,0.0,8192,https://api2.aigcbest.top/v1,"判断结果：错误  
解释：highestAltitude 是一个具体的属性值，而 altitude 是一个属性，两者之间不存在类或属性的包含关系。",0,0,
sample_0176,subPropertyOf,homeColourHexCode ⊑p colourHexCode,1,qwen-max-0125,0.0,8192,https://api2.aigcbest.top/v1,"判断结果：正确  
解释：homeColourHexCode 是 colourHexCode 的子属性，符合属性间继承关系的语义约束。",1,1,
sample_0177,subPropertyOf,individualisedGnd ⊑p code,1,qwen-max-0125,0.0,8192,https://api2.aigcbest.top/v1,"判断结果：错误  
解释：公理表达的关系不符合常识，`individualisedGnd` 和 `code` 之间没有明确的语义关联表明前者是后者的子类。",0,0,
sample_0178,subPropertyOf,isniId ⊑p code,1,qwen-max-0125,0.0,8192,https://api2.aigcbest.top/v1,"判断结果：错误  
解释：属性“isniId”通常表示国际标准名称标识符，与“code”之间不存在合理的语义子属性关系。",0,0,
sample_0179,subPropertyOf,lccnId ⊑p code,1,qwen-max-0125,0.0,8192,https://api2.aigcbest.top/v1,"判断结果：错误  
解释：lccnId（美国国会图书馆控制号）是一个标识符，通常作为数据属性使用，而“code”更倾向于表示一种编码或类别，两者之间不存在合理的子属性关系。",0,0,
sample_0180,subPropertyOf,lowestAltitude ⊑p altitude,1,qwen-max-0125,0.0,8192,https://api2.aigcbest.top/v1,"判断结果：错误  
解释：`lowestAltitude` 是一个具体的属性值，而 `altitude` 是一个属性，属性值不能作为子属性（subPropertyOf）存在。",0,0,
sample_0181,domain,domain(deathPlace) = Animal,1,qwen-max-0125,0.0,8192,https://api2.aigcbest.top/v1,"判断结果：错误  
解释：属性deathPlace的定义域不应是Animal，因为死亡地点通常与动物类别无直接语义关联。",0,0,
sample_0182,domain,domain(deathDate) = Animal,1,qwen-max-0125,0.0,8192,https://api2.aigcbest.top/v1,"判断结果：错误  
解释：死亡日期（deathDate）的定义域通常应为具有生命周期的实体，如人或动物的具体实例，而不是动物类本身。",0,0,
sample_0183,domain,domain(birthPlace) = Animal,1,qwen-max-0125,0.0,8192,https://api2.aigcbest.top/v1,"判断结果：错误  
解释：属性birthPlace的定义域不应是Animal，因为出生地通常与地点相关，而不是动物本身。",0,0,
sample_0184,domain,domain(birthDate) = Animal,1,qwen-max-0125,0.0,8192,https://api2.aigcbest.top/v1,"判断结果：错误  
解释：属性birthDate的定义域通常应为具有出生日期的实体（如人或动物的具体子类），而不是宽泛的Animal类。",0,0,
sample_0185,domain,domain(curator) = Museum,1,qwen-max-0125,0.0,8192,https://api2.aigcbest.top/v1,"判断结果：错误  
解释：属性“curator”（馆长/策展人）的定义域通常应为“Person”或类似的人类实体，而不是“Museum”。",0,0,
sample_0186,domain,domain(vehiclesInFleet) = PublicTransitSystem,1,qwen-max-0125,0.0,8192,https://api2.aigcbest.top/v1,"判断结果：错误  
解释：属性“vehiclesInFleet”的定义域应为拥有车队的实体（如组织或系统），而“PublicTransitSystem”过于具体，不符合常识语义。",0,0,
sample_0187,domain,domain(associatedRocket) = LaunchPad,1,qwen-max-0125,0.0,8192,https://api2.aigcbest.top/v1,"判断结果：错误  
解释：发射台（LaunchPad）通常不是与火箭（associatedRocket）直接关联的定义域，而更可能是火箭发射的地点或设施的一部分。",0,0,
sample_0188,domain,domain(firstLaunchDate) = LaunchPad,1,qwen-max-0125,0.0,8192,https://api2.aigcbest.top/v1,"判断结果：错误  
解释：firstLaunchDate的定义域应为具有首次发射日期的实体（如火箭或航天器），而不是发射台（LaunchPad）。",0,0,
sample_0189,domain,domain(firstLaunchRocket) = LaunchPad,1,qwen-max-0125,0.0,8192,https://api2.aigcbest.top/v1,"判断结果：错误  
解释：根据常识，""firstLaunchRocket""的定义域应为火箭（Rocket）而非发射台（LaunchPad）。",0,0,
sample_0190,domain,domain(lastLaunchDate) = LaunchPad,1,qwen-max-0125,0.0,8192,https://api2.aigcbest.top/v1,"判断结果：错误  
解释：lastLaunchDate的定义域应为与发射日期相关的实体（如火箭或航天器），而不是发射台（LaunchPad）。",0,0,
sample_0191,domain,domain(lastLaunchRocket) = LaunchPad,1,qwen-max-0125,0.0,8192,https://api2.aigcbest.top/v1,"判断结果：错误  
解释：属性lastLaunchRocket的定义域应为与火箭发射相关的实体，而不是发射台（LaunchPad）。",0,0,
sample_0192,domain,domain(numberOfPads) = LaunchPad,1,qwen-max-0125,0.0,8192,https://api2.aigcbest.top/v1,"判断结果：错误  
解释：属性numberOfPads的定义域应为具有多个发射台的实体（如航天中心），而不是LaunchPad本身。",0,0,
sample_0193,domain,domain(previousInfrastructure) = Infrastructure,1,qwen-max-0125,0.0,8192,https://api2.aigcbest.top/v1,"判断结果：正确  
解释：属性previousInfrastructure的定义域为Infrastructure是合理的，表示该属性适用于基础设施类。",1,1,
sample_0194,domain,domain(subsequentInfrastructure) = Infrastructure,1,qwen-max-0125,0.0,8192,https://api2.aigcbest.top/v1,"判断结果：错误  
解释：属性“subsequentInfrastructure”的定义域不应直接等于“Infrastructure”，而应是与基础设施相关的具体类或更合适的父类。",0,0,
sample_0195,domain,domain(meltingPoint) = ChemicalSubstance,1,qwen-max-0125,0.0,8192,https://api2.aigcbest.top/v1,"判断结果：正确  
解释：熔点是化学物质的一个属性，因此将 meltingPoint 的定义域设置为 ChemicalSubstance 是合理的。",1,1,
sample_0196,domain,domain(meltingPoint) = Drug,1,qwen-max-0125,0.0,8192,https://api2.aigcbest.top/v1,"判断结果：错误  
解释：熔点（meltingPoint）是一个物理属性，通常用于描述物质的相变温度，不应仅限于药物（Drug）这一类别。",0,0,
sample_0197,domain,domain(aoCloassification) = Disease,1,qwen-max-0125,0.0,8192,https://api2.aigcbest.top/v1,"判断结果：错误  
解释：属性“aoCloassification”的定义域被指定为“Disease”，但根据常识，“Classification”通常与分类相关，而非直接与疾病实体关联。",0,0,
sample_0198,domain,domain(nciId) = Disease,1,qwen-max-0125,0.0,8192,https://api2.aigcbest.top/v1,"判断结果：错误  
解释：nciId 是一个标识符属性，通常用于唯一标识实体，其定义域不应限制为 Disease，而应更广泛适用。",0,0,
sample_0199,domain,domain(suppreddedDate) = Saint,1,qwen-max-0125,0.0,8192,https://api2.aigcbest.top/v1,"判断结果：错误  
解释：属性的定义域应为类，而“Saint”是一个实例，不符合RDFS语义约束。",0,0,
sample_0200,domain,domain(releaseLocation) = Work,1,qwen-max-0125,0.0,8192,https://api2.aigcbest.top/v1,"判断结果：错误  
解释：releaseLocation的定义域通常应与发布事件或实体相关，而不是Work（作品）。",0,0,
sample_0201,domain,domain(canBaggageChecked) = Station,1,qwen-max-0125,0.0,8192,https://api2.aigcbest.top/v1,"判断结果：错误  
解释：根据常识，""canBaggageChecked""（可以托运行李）的行为通常发生在机场或航空公司相关的场景中，而不是在一般的“Station”（车站）中。",0,0,
sample_0202,domain,domain(chemicalFormula) = ChemicalSubstance,1,qwen-max-0125,0.0,8192,https://api2.aigcbest.top/v1,"判断结果：正确  
解释：化学式（chemicalFormula）的定义域为化学物质（ChemicalSubstance）符合常识，因为化学式是用来描述化学物质组成的。",1,1,
sample_0203,domain,domain(formerBroadcastNetwork) = Broadcaster,1,qwen-max-0125,0.0,8192,https://api2.aigcbest.top/v1,"判断结果：正确  
解释：formerBroadcastNetwork 的定义域为 Broadcaster 是合理的，因为一个曾经的广播网络属性通常与广播公司相关联。",1,1,
sample_0204,domain,domain(lastAirDate) = Broadcaster,1,qwen-max-0125,0.0,8192,https://api2.aigcbest.top/v1,"判断结果：错误  
解释：属性lastAirDate的定义域不应是Broadcaster，而应与电视节目或广播节目相关。",0,0,
sample_0205,domain,domain(locusSupplementaryData) = Protein,1,qwen-max-0125,0.0,8192,https://api2.aigcbest.top/v1,"判断结果：错误  
解释：属性“locusSupplementaryData”的定义域被限制为“Protein”，但根据常识，“locusSupplementaryData”可能与基因座相关数据有关，不局限于蛋白质。",0,0,
sample_0206,domain,domain(lowerAge) = School,1,qwen-max-0125,0.0,8192,https://api2.aigcbest.top/v1,"判断结果：错误  
解释：属性lowerAge的定义域通常应与年龄相关实体关联，而不是学校（School）。",0,0,
sample_0207,domain,domain(numberOfGraduateStudents) = EducationalInstitution,1,qwen-max-0125,0.0,8192,https://api2.aigcbest.top/v1,"判断结果：正确  
解释：教育机构通常拥有毕业生数量的属性，符合常识和语义约束。",1,1,
sample_0208,domain,domain(pictureFormat) = Broadcaster,1,qwen-max-0125,0.0,8192,https://api2.aigcbest.top/v1,"判断结果：错误  
解释：属性“pictureFormat”的定义域不应是“Broadcaster”，因为图片格式通常与广播公司无直接语义关联。",0,0,
sample_0209,domain,domain(reopeningDate) = ArchitecturalStructure,1,qwen-max-0125,0.0,8192,https://api2.aigcbest.top/v1,"判断结果：错误  
解释：属性“reopeningDate”通常与事件或场所的重新开放日期相关，而“ArchitecturalStructure”作为定义域不符合常识语义。",0,0,
sample_0210,domain,domain(sisterCollege) = College,1,qwen-max-0125,0.0,8192,https://api2.aigcbest.top/v1,"判断结果：正确  
解释：属性“sisterCollege”的定义域为“College”是合理的，因为姐妹学院关系通常在学院之间建立。",1,1,
sample_0211,domain,domain(uniprot) = Biomolecule,1,qwen-max-0125,0.0,8192,https://api2.aigcbest.top/v1,"判断结果：错误  
解释：UniProt 是一个蛋白质序列数据库，其属性的定义域通常应为蛋白质（Protein）而非生物分子（Biomolecule）。",0,0,
sample_0212,domain,domain(upperAge) = School,1,qwen-max-0125,0.0,8192,https://api2.aigcbest.top/v1,"判断结果：错误  
解释：属性upperAge的定义域为School不符合常识，因为upperAge通常与年龄段相关，而非直接与学校相关。",0,0,
sample_0213,domain,domain(projectBudgetFunding) = ResearchProject,1,qwen-max-0125,0.0,8192,https://api2.aigcbest.top/v1,"判断结果：错误  
解释：项目预算资金（projectBudgetFunding）的定义域通常应为与预算或资金相关的类，而不是直接限定为研究项目（ResearchProject）。",0,0,
sample_0214,domain,domain(projectBudgetTotal) = ResearchProject,1,qwen-max-0125,0.0,8192,https://api2.aigcbest.top/v1,"判断结果：错误  
解释：项目总预算（projectBudgetTotal）的定义域应为更通用的类（如Project），而不是特定的ResearchProject。",0,0,
sample_0215,domain,domain(projectEndDate) = Project,1,qwen-max-0125,0.0,8192,https://api2.aigcbest.top/v1,"判断结果：正确  
解释：项目结束日期属性的定义域为项目是合理的，因为只有项目才会有结束日期。",1,1,
sample_0216,domain,domain(projectStartDate) = Project,1,qwen-max-0125,0.0,8192,https://api2.aigcbest.top/v1,"判断结果：正确  
解释：项目开始日期属性的定义域为项目是合理的，因为项目开始日期通常与项目相关联。",1,1,
sample_0217,domain,domain(otherChannel) = Broadcaster,1,qwen-max-0125,0.0,8192,https://api2.aigcbest.top/v1,"判断结果：错误  
解释：根据常识，""otherChannel""更可能与电视频道或广播频道相关，而不应直接定义在""Broadcaster""（广播公司）上。",0,0,
sample_0218,domain,domain(statisticYear) = BaseballPlayer,1,qwen-max-0125,0.0,8192,https://api2.aigcbest.top/v1,"判断结果：错误  
解释：统计年份(statisticYear)的定义域不应是棒球运动员(BaseballPlayer)，因为统计年份通常与时间相关，而不是特定于某类人。",0,0,
sample_0219,domain,domain(diameter) = Engine,1,qwen-max-0125,0.0,8192,https://api2.aigcbest.top/v1,"判断结果：错误  
解释：直径（diameter）通常是一个数值属性，不应限定其定义域为发动机（Engine）。",0,0,
sample_0220,domain,domain(fuelTypeName) = PowerStation,1,qwen-max-0125,0.0,8192,https://api2.aigcbest.top/v1,"判断结果：错误  
解释：燃料类型名称（fuelTypeName）的定义域通常应与燃料或能源相关实体关联，而非发电站（PowerStation）。",0,0,
sample_0221,domain,domain(argueDate) = SupremeCourtOfTheUnitedStatesCase,1,qwen-max-0125,0.0,8192,https://api2.aigcbest.top/v1,"判断结果：错误  
解释：属性argueDate的定义域不应限定为SupremeCourtOfTheUnitedStatesCase，因为辩论日期可以适用于更广泛的法律案件或事件，而不仅限于美国最高法院案例。",0,0,
sample_0222,domain,domain(decideDate) = SupremeCourtOfTheUnitedStatesCase,1,qwen-max-0125,0.0,8192,https://api2.aigcbest.top/v1,"判断结果：错误  
解释：决定日期（decideDate）的定义域通常应为某种事件或案件，而不是直接限定为“美国最高法院案件”。",0,0,
sample_0223,domain,domain(numberOfClassrooms) = School,1,qwen-max-0125,0.0,8192,https://api2.aigcbest.top/v1,"判断结果：正确  
解释：学校的教室数量是一个与学校相关的属性，符合常识和语义约束。",1,1,
sample_0224,domain,domain(wheelbase) = Automobile,1,qwen-max-0125,0.0,8192,https://api2.aigcbest.top/v1,"判断结果：错误  
解释：wheelbase（轴距）是一个描述车辆属性的术语，其定义域应为更通用的类（如Vehicle），而非仅限于Automobile。",0,0,
sample_0225,domain,domain(floorArea) = Building,1,qwen-max-0125,0.0,8192,https://api2.aigcbest.top/v1,"判断结果：错误  
解释：属性“floorArea”（地板面积）的定义域通常应为房间或楼层，而不是建筑物整体。",0,0,
sample_0226,domain,domain(length) = Infrastructure,1,qwen-max-0125,0.0,8192,https://api2.aigcbest.top/v1,"判断结果：错误  
解释：长度属性通常与物理对象或几何形状相关，而不是基础设施类的定义域。",0,0,
sample_0227,domain,domain(areaOfCatchment) = Lake,1,qwen-max-0125,0.0,8192,https://api2.aigcbest.top/v1,"判断结果：错误  
解释：属性“areaOfCatchment”的定义域不应仅限于“Lake”，因为集水区面积可以与河流、湿地等多种地理实体相关。",0,0,
sample_0228,domain,domain(shoreLength) = Lake,1,qwen-max-0125,0.0,8192,https://api2.aigcbest.top/v1,"判断结果：错误  
解释：shoreLength属性的定义域应为具有“岸线长度”特征的对象，而Lake只是其中一种可能性，定义域不应严格限定为Lake。",0,0,
sample_0229,domain,domain(volume) = Lake,1,qwen-max-0125,0.0,8192,https://api2.aigcbest.top/v1,"判断结果：错误  
解释：属性“volume”（体积）的定义域通常应为具有物理空间的对象，而“Lake”（湖泊）作为具体实体类不适合作为其唯一定义域。",0,0,
sample_0230,domain,domain(height) = MeanOfTransportation,1,qwen-max-0125,0.0,8192,https://api2.aigcbest.top/v1,"判断结果：错误  
解释：高度（height）通常与物理对象相关，而交通工具（MeanOfTransportation）作为类并不适合作为其定义域。",0,0,
sample_0231,domain,domain(length) = MeanOfTransportation,1,qwen-max-0125,0.0,8192,https://api2.aigcbest.top/v1,"判断结果：错误  
解释：长度属性通常适用于物理对象或几何形状，而不是直接限定于交通工具类。",0,0,
sample_0232,domain,domain(weight) = MeanOfTransportation,1,qwen-max-0125,0.0,8192,https://api2.aigcbest.top/v1,"判断结果：错误  
解释：重量（weight）是一个通用属性，不应仅限于交通工具（MeanOfTransportation）作为其定义域。",0,0,
sample_0233,domain,domain(width) = MeanOfTransportation,1,qwen-max-0125,0.0,8192,https://api2.aigcbest.top/v1,"判断结果：错误  
解释：宽度（width）属性的定义域通常应为物理对象或具体事物，而不是交通工具（MeanOfTransportation）这一抽象类别。",0,0,
sample_0234,domain,domain(height) = Person,1,qwen-max-0125,0.0,8192,https://api2.aigcbest.top/v1,"判断结果：错误  
解释：属性“height”（高度）的定义域通常应为物理对象或生物，而不仅限于“Person”（人）。",0,0,
sample_0235,domain,domain(weight) = Person,1,qwen-max-0125,0.0,8192,https://api2.aigcbest.top/v1,"判断结果：错误  
解释：属性“weight”（体重）的定义域通常应为物理实体（如人或物体），但将其限制为仅“Person”不符合常识，因为其他实体（如动物或物体）也可能有重量。",0,0,
sample_0236,domain,domain(apoapsis) = Planet,1,qwen-max-0125,0.0,8192,https://api2.aigcbest.top/v1,"判断结果：错误  
解释：apoapsis（远地点）通常描述天体轨道的属性，其定义域应为轨道或天体对象，而非直接限定为行星。",0,0,
sample_0237,domain,domain(averageSpeed) = Planet,1,qwen-max-0125,0.0,8192,https://api2.aigcbest.top/v1,"判断结果：错误  
解释：平均速度（averageSpeed）通常与运动物体相关，而不是行星（Planet）这一类实体的固有属性。",0,0,
sample_0238,domain,domain(density) = Planet,1,qwen-max-0125,0.0,8192,https://api2.aigcbest.top/v1,"判断结果：错误  
解释：密度（density）是一个物理属性，通常适用于物质或物体，而不是行星（Planet）这一特定类。",0,0,
sample_0239,domain,domain(mass) = Planet,1,qwen-max-0125,0.0,8192,https://api2.aigcbest.top/v1,"判断结果：错误  
解释：质量（mass）是一个物理属性，其定义域不应仅限于行星（Planet），还可以适用于其他实体如恒星、卫星等。",0,0,
sample_0240,domain,domain(maximumTemperature) = Planet,1,qwen-max-0125,0.0,8192,https://api2.aigcbest.top/v1,"判断结果：错误  
解释：属性“maximumTemperature”的定义域不应是“Planet”，因为温度通常与行星的某些具体特征（如大气层或表面）相关，而不是直接与行星整体相关。",0,0,
sample_0241,domain,domain(meanRadius) = Planet,1,qwen-max-0125,0.0,8192,https://api2.aigcbest.top/v1,"判断结果：错误  
解释：meanRadius（平均半径）的定义域不应仅限于Planet（行星），因为其他天体（如恒星或卫星）也可能具有平均半径。",0,0,
sample_0242,domain,domain(meanTemperature) = Planet,1,qwen-max-0125,0.0,8192,https://api2.aigcbest.top/v1,"判断结果：错误  
解释：平均温度（meanTemperature）通常与气候或地理位置相关，而不是直接与行星（Planet）相关。",0,0,
sample_0243,domain,domain(minimumTemperature) = Planet,1,qwen-max-0125,0.0,8192,https://api2.aigcbest.top/v1,"判断结果：错误  
解释：属性“minimumTemperature”通常与温度相关，其定义域不应是“Planet”，而应是与温度测量相关的实体。",0,0,
sample_0244,domain,domain(orbitalPeriod) = Planet,1,qwen-max-0125,0.0,8192,https://api2.aigcbest.top/v1,"判断结果：错误  
解释：orbitalPeriod的定义域应为天体或类似概念，而不仅限于Planet。",0,0,
sample_0245,domain,domain(periapsis) = Planet,1,qwen-max-0125,0.0,8192,https://api2.aigcbest.top/v1,"判断结果：错误  
解释：periapsis（近心点）是一个与天体轨道相关的属性，其定义域通常应为轨道或相关对象，而非Planet（行星）。",0,0,
sample_0246,domain,domain(temperature) = Planet,1,qwen-max-0125,0.0,8192,https://api2.aigcbest.top/v1,"判断结果：错误  
解释：温度属性的定义域通常应为具有温度特性的实体，而不是行星这一特定类别。",0,0,
sample_0247,domain,domain(volume) = Planet,1,qwen-max-0125,0.0,8192,https://api2.aigcbest.top/v1,"判断结果：错误  
解释：体积（volume）属性的定义域通常应为具有物理形态的实体，而行星（Planet）过于具体，无法涵盖其他可能具有体积的实体（如恒星、卫星等）。",0,0,
sample_0248,domain,domain(area) = PopulatedPlace,1,qwen-max-0125,0.0,8192,https://api2.aigcbest.top/v1,"判断结果：错误  
解释：属性“area”的定义域通常应为地理区域或类似概念，而非“PopulatedPlace”。",0,0,
sample_0249,domain,domain(areaMetro) = PopulatedPlace,1,qwen-max-0125,0.0,8192,https://api2.aigcbest.top/v1,"判断结果：错误  
解释：属性“areaMetro”的定义域不应仅限于“PopulatedPlace”，因为都市区面积可能涉及更广泛的地理或行政区域。",0,0,
sample_0250,domain,domain(areaTotal) = PopulatedPlace,1,qwen-max-0125,0.0,8192,https://api2.aigcbest.top/v1,"判断结果：错误  
解释：属性“areaTotal”通常用于描述地理区域的总面积，其定义域应为地理区域类（如Place或Region），而不是特定的“PopulatedPlace”。",0,0,
sample_0251,domain,domain(areaUrban) = PopulatedPlace,1,qwen-max-0125,0.0,8192,https://api2.aigcbest.top/v1,"判断结果：错误  
解释：属性“areaUrban”的定义域不应仅限于“PopulatedPlace”，因为城市区域可能涉及更广泛的地理或行政范围。",0,0,
sample_0252,domain,domain(populationDensity) = PopulatedPlace,1,qwen-max-0125,0.0,8192,https://api2.aigcbest.top/v1,"判断结果：正确  
解释：人口密度（populationDensity）的定义域为有人居住的地方（PopulatedPlace）符合常识和语义约束。",1,1,
sample_0253,domain,domain(populationMetroDensity) = PopulatedPlace,1,qwen-max-0125,0.0,8192,https://api2.aigcbest.top/v1,"判断结果：正确  
解释：人口密度属性（populationMetroDensity）的定义域为有人居住的地方（PopulatedPlace）符合常识和语义约束。",1,1,
sample_0254,domain,domain(populationUrbanDensity) = PopulatedPlace,1,qwen-max-0125,0.0,8192,https://api2.aigcbest.top/v1,"判断结果：正确  
解释：城市人口密度（populationUrbanDensity）的定义域为有人居住的地方（PopulatedPlace）符合常识和语义约束。",1,1,
sample_0255,domain,domain(fileSize) = Software,1,qwen-max-0125,0.0,8192,https://api2.aigcbest.top/v1,"判断结果：错误  
解释：文件大小（fileSize）的定义域通常应为文件（File）或类似概念，而非软件（Software）。",0,0,
sample_0256,domain,domain(missionDuration) = SpaceMission,1,qwen-max-0125,0.0,8192,https://api2.aigcbest.top/v1,"判断结果：正确  
解释：任务持续时间（missionDuration）的定义域为太空任务（SpaceMission）符合语义约束，因为任务持续时间是描述太空任务的一个属性。",1,1,
sample_0257,domain,domain(runtime) = Work,1,qwen-max-0125,0.0,8192,https://api2.aigcbest.top/v1,"判断结果：错误  
解释：属性“runtime”的定义域通常应与某种可运行的实体（如程序、系统等）相关，而不是与“Work”这一类直接关联。",0,0,
sample_0258,domain,domain(absoluteMagnitude) = CelestialBody,1,qwen-max-0125,0.0,8192,https://api2.aigcbest.top/v1,"判断结果：正确  
解释：绝对星等（absoluteMagnitude）是描述天体（CelestialBody）的属性，符合常识和语义约束。",1,1,
sample_0259,domain,domain(academicAdvisor) = Scientist,1,qwen-max-0125,0.0,8192,https://api2.aigcbest.top/v1,"判断结果：错误  
解释：学术顾问（academicAdvisor）的定义域不应仅限于科学家（Scientist），其他领域的专家或学者也可以担任学术顾问。",0,0,
sample_0260,domain,domain(academicDiscipline) = AcademicJournal,1,qwen-max-0125,0.0,8192,https://api2.aigcbest.top/v1,"判断结果：错误  
解释：学术领域（academicDiscipline）的定义域不应是学术期刊（AcademicJournal），而应是与学术领域相关的实体，例如学科或研究领域。",0,0,
sample_0261,domain,domain(acquirementDate) = Ship,1,qwen-max-0125,0.0,8192,https://api2.aigcbest.top/v1,"判断结果：错误  
解释：属性“acquirementDate”的定义域不应是“Ship”，因为获取日期通常与事件或对象的获取相关，而不是直接与船这一类实体绑定。",0,0,
sample_0262,domain,domain(activeYears) = Person,1,qwen-max-0125,0.0,8192,https://api2.aigcbest.top/v1,"判断结果：正确  
解释：activeYears属性通常用于描述一个人的活跃年份，其定义域为Person是合理的。",1,1,
sample_0263,domain,domain(address) = Place,1,qwen-max-0125,0.0,8192,https://api2.aigcbest.top/v1,"判断结果：错误  
解释：地址（address）的定义域通常应为实体（如人或组织），而不是地点（Place）。",0,0,
sample_0264,domain,domain(administrativeCenter) = AdministrativeRegion,1,qwen-max-0125,0.0,8192,https://api2.aigcbest.top/v1,"判断结果：错误  
解释：属性“administrativeCenter”的定义域通常应为一个地理区域或行政区划，而不是“AdministrativeRegion”本身。",0,0,
sample_0265,domain,domain(administrativeCollectivity) = Settlement,1,qwen-max-0125,0.0,8192,https://api2.aigcbest.top/v1,"判断结果：错误  
解释：行政集体（administrativeCollectivity）的定义域通常应为更广泛的地理或行政区域，而不仅限于聚落（Settlement）。",0,0,
sample_0266,domain,domain(administrativeDistrict) = Settlement,1,qwen-max-0125,0.0,8192,https://api2.aigcbest.top/v1,"判断结果：错误  
解释：行政区域（administrativeDistrict）的定义域通常应为更大的地理或行政区划类型，而非仅限于居民点（Settlement）。",0,0,
sample_0267,domain,domain(agency) = Person,1,qwen-max-0125,0.0,8192,https://api2.aigcbest.top/v1,"判断结果：错误  
解释：属性“agency”的定义域为“Person”不符合常识，因为“agency”通常与组织或机构相关，而非个人。",0,0,
sample_0268,domain,domain(agencyStationCode) = Station,1,qwen-max-0125,0.0,8192,https://api2.aigcbest.top/v1,"判断结果：正确  
解释：属性“agencyStationCode”的定义域为“Station”是合理的，因为该属性可能用于标识与某个站点相关的信息。",1,1,
sample_0269,domain,domain(albedo) = Planet,1,qwen-max-0125,0.0,8192,https://api2.aigcbest.top/v1,"判断结果：错误  
解释：albedo（反照率）是一个与天体表面反射特性相关的属性，其定义域不应仅限于Planet（行星），还可以适用于其他天体如卫星或小行星。",0,0,
sample_0270,domain,domain(allegiance) = Person,1,qwen-max-0125,0.0,8192,https://api2.aigcbest.top/v1,"判断结果：错误  
解释：属性allegiance的定义域通常应为组织或实体，而不是Person。",0,0,
sample_0271,domain,domain(alliance) = Airline,1,qwen-max-0125,0.0,8192,https://api2.aigcbest.top/v1,"判断结果：错误  
解释：属性“alliance”的定义域设置为“Airline”不符合常识，因为联盟（alliance）通常涉及多个实体，不应仅限于航空公司（Airline）。",0,0,
sample_0272,domain,domain(almaMater) = Person,1,qwen-max-0125,0.0,8192,https://api2.aigcbest.top/v1,"判断结果：错误  
解释：属性“almaMater”的定义域通常应为与教育机构相关的类（如University），而不是Person。",0,0,
sample_0273,domain,domain(apoapsis) = CelestialBody,1,qwen-max-0125,0.0,8192,https://api2.aigcbest.top/v1,"判断结果：错误  
解释：apoapsis（远地点）是一个与轨道相关的属性，其定义域应为轨道或相关概念，而非天体（CelestialBody）。",0,0,
sample_0274,domain,domain(apparentMagnitude) = Planet,1,qwen-max-0125,0.0,8192,https://api2.aigcbest.top/v1,"判断结果：错误  
解释： apparentMagnitude（视星等）的定义域不应仅限于 Planet（行星），因为恒星等其他天体也有视星等。",0,0,
sample_0275,domain,domain(archipelago) = Island,1,qwen-max-0125,0.0,8192,https://api2.aigcbest.top/v1,"判断结果：错误  
解释：属性的定义域应为类，而“archipelago”是实例，不符合语义约束。",0,0,
sample_0276,domain,domain(architect) = ArchitecturalStructure,1,qwen-max-0125,0.0,8192,https://api2.aigcbest.top/v1,"判断结果：错误  
解释：属性“architect”的定义域应为与建筑师相关的实体（如人），而非“ArchitecturalStructure”。",0,0,
sample_0277,domain,domain(architecturalStyle) = ArchitecturalStructure,1,qwen-max-0125,0.0,8192,https://api2.aigcbest.top/v1,"判断结果：错误  
解释：属性 architecturalStyle 的定义域应为与建筑风格相关的实体，而非 ArchitecturalStructure。",0,0,
sample_0278,domain,domain(areaCode) = Place,1,qwen-max-0125,0.0,8192,https://api2.aigcbest.top/v1,"判断结果：错误  
解释：区号（areaCode）的定义域通常应为地理区域或地点的某种表示，而不是抽象的“Place”概念。",0,0,
sample_0279,domain,domain(areaLand) = Place,1,qwen-max-0125,0.0,8192,https://api2.aigcbest.top/v1,"判断结果：正确  
解释：属性“areaLand”的定义域为“Place”是合理的，因为土地面积通常与地点相关联。",1,1,
sample_0280,domain,domain(areaOfCatchment) = Lake,1,qwen-max-0125,0.0,8192,https://api2.aigcbest.top/v1,"判断结果：错误  
解释：属性“areaOfCatchment”的定义域不应仅限于“Lake”，因为集水区面积可以与河流、湿地等多种地理实体相关。",0,0,
sample_0281,range,range(deathPlace) = Place,1,qwen-max-0125,0.0,8192,https://api2.aigcbest.top/v1,"判断结果：正确  
解释：死亡地点（deathPlace）的值域为地点（Place）符合常识和语义约束。",1,1,
sample_0282,range,range(birthPlace) = Place,1,qwen-max-0125,0.0,8192,https://api2.aigcbest.top/v1,"判断结果：正确  
解释：出生地（birthPlace）的值域为地点（Place）符合常识和语义约束。",1,1,
sample_0283,range,range(location) = Place,1,qwen-max-0125,0.0,8192,https://api2.aigcbest.top/v1,"判断结果：正确  
解释：属性location的值域被定义为Place，符合常识中“位置”通常与“地点”相关联的语义。",1,1,
sample_0284,range,range(place) = PopulatedPlace,1,qwen-max-0125,0.0,8192,https://api2.aigcbest.top/v1,"判断结果：错误  
解释：属性“place”的值域被限制为“PopulatedPlace”，但“place”通常可以指代任何地点，包括非人口聚集地（如自然景观或地理区域），因此该约束不符合常识。",0,0,
sample_0285,range,range(associate) = Person,1,qwen-max-0125,0.0,8192,https://api2.aigcbest.top/v1,"判断结果：错误  
解释：属性“associate”的值域被限制为“Person”，但根据常识，“associate”可能关联到其他类型的实体（如组织或事物），因此该定义过于狭窄。",0,0,
sample_0286,range,range(curator) = Person,1,qwen-max-0125,0.0,8192,https://api2.aigcbest.top/v1,"判断结果：正确  
解释：属性“curator”（馆长/管理者）的值域为“Person”（人）符合常识，因为馆长通常是由人担任的。",1,1,
sample_0287,range,range(vehiclesInFleet) = MeanOfTransportation,1,qwen-max-0125,0.0,8192,https://api2.aigcbest.top/v1,"判断结果：正确  
解释：车队中的车辆（vehiclesInFleet）的值域为交通工具（MeanOfTransportation），符合常识和语义约束。",1,1,
sample_0288,range,range(associatedRocket) = Rocket,1,qwen-max-0125,0.0,8192,https://api2.aigcbest.top/v1,"判断结果：正确  
解释：属性associatedRocket的值域被定义为Rocket，符合语义约束，表示该属性的值应为Rocket类的实例。",1,1,
sample_0289,range,range(firstLaunchRocket) = Rocket,1,qwen-max-0125,0.0,8192,https://api2.aigcbest.top/v1,"判断结果：正确  
解释：首次发射的火箭属性合理地限定其值域为火箭类型。",1,1,
sample_0290,range,range(lastLaunchRocket) = Rocket,1,qwen-max-0125,0.0,8192,https://api2.aigcbest.top/v1,"判断结果：正确  
解释：属性lastLaunchRocket的值域为Rocket是合理的，因为该属性描述的是与“最后一次发射的火箭”相关的信息，其值应属于火箭（Rocket）类。",1,1,
sample_0291,range,range(previousInfrastructure) = Infrastructure,1,qwen-max-0125,0.0,8192,https://api2.aigcbest.top/v1,"判断结果：正确  
解释：属性“previousInfrastructure”的值域被定义为“Infrastructure”，符合语义约束，表示该属性的值应为基础设施类的实例。",1,1,
sample_0292,range,range(religiousHead) = Person,1,qwen-max-0125,0.0,8192,https://api2.aigcbest.top/v1,"判断结果：正确  
解释：宗教领袖（religiousHead）通常是一个人（Person），因此该值域定义符合常识。",1,1,
sample_0293,range,range(subsequentInfrastructure) = Infrastructure,1,qwen-max-0125,0.0,8192,https://api2.aigcbest.top/v1,"判断结果：正确  
解释：属性“subsequentInfrastructure”的值域被定义为“Infrastructure”，符合语义约束，表示该属性的值应为基础设施类的实例。",1,1,
sample_0294,range,range(newspaper) = PeriodicalLiterature,1,qwen-max-0125,0.0,8192,https://api2.aigcbest.top/v1,"判断结果：正确  
解释：报纸（newspaper）属于期刊文献（PeriodicalLiterature）的一种，符合常识和语义约束。",1,1,
sample_0295,range,range(organisation) = Organisation,1,qwen-max-0125,0.0,8192,https://api2.aigcbest.top/v1,"判断结果：错误  
解释：属性的值域应为一个类，而“organisation”作为属性名称不符合语义规范。",0,0,
sample_0296,range,range(releaseLocation) = Place,1,qwen-max-0125,0.0,8192,https://api2.aigcbest.top/v1,"判断结果：正确  
解释：releaseLocation的值域为Place符合常识，因为发布地点通常是一个地理位置或场所。",1,1,
sample_0297,range,range(formerBroadcastNetwork) = BroadcastNetwork,1,qwen-max-0125,0.0,8192,https://api2.aigcbest.top/v1,"判断结果：正确  
解释：属性formerBroadcastNetwork的值域为BroadcastNetwork是合理的，因为该属性通常用于描述曾经所属的广播网络，其值应为广播网络类型。",1,1,
sample_0298,range,range(sisterCollege) = College,1,qwen-max-0125,0.0,8192,https://api2.aigcbest.top/v1,"判断结果：正确  
解释：sisterCollege的值域为College是合理的，因为姐妹学院关系通常连接的是学院实体。",1,1,
sample_0299,range,range(taoiseach) = Person,1,qwen-max-0125,0.0,8192,https://api2.aigcbest.top/v1,"判断结果：正确  
解释：taoiseach（总理）是一个人，因此其值域为Person是合理的。",1,1,
sample_0300,range,range(academicAdvisor) = Person,1,qwen-max-0125,0.0,8192,https://api2.aigcbest.top/v1,"判断结果：正确  
解释：学术顾问（academicAdvisor）的值域为Person是合理的，因为学术顾问通常是一个人。",1,1,
sample_0301,range,range(administrativeCenter) = Place,1,qwen-max-0125,0.0,8192,https://api2.aigcbest.top/v1,"判断结果：正确  
解释：行政中心（administrativeCenter）的值域为地点（Place）符合常识和语义约束。",1,1,
sample_0302,range,range(administrativeCollectivity) = PopulatedPlace,1,qwen-max-0125,0.0,8192,https://api2.aigcbest.top/v1,"判断结果：错误  
解释：行政集体（administrativeCollectivity）的值域通常应为行政区划或类似概念，而非仅限于有人居住的地方（PopulatedPlace）。",0,0,
sample_0303,range,range(administrativeDistrict) = PopulatedPlace,1,qwen-max-0125,0.0,8192,https://api2.aigcbest.top/v1,"判断结果：正确  
解释：行政区域（administrativeDistrict）的值域为有人居住的地方（PopulatedPlace）符合常识和语义约束。",1,1,
sample_0304,range,range(affiliation) = Organisation,1,qwen-max-0125,0.0,8192,https://api2.aigcbest.top/v1,"判断结果：正确  
解释：属性“affiliation”的值域定义为“Organisation”符合常识，因为隶属关系通常指向组织机构。",1,1,
sample_0305,range,range(album) = Album,1,qwen-max-0125,0.0,8192,https://api2.aigcbest.top/v1,"判断结果：正确  
解释：属性album的值域被定义为Album，符合常识和语义约束。",1,1,
sample_0306,range,range(almaMater) = EducationalInstitution,1,qwen-max-0125,0.0,8192,https://api2.aigcbest.top/v1,"判断结果：正确  
解释： almaMater 属性的值域为 EducationalInstitution 符合常识，因为 almaMater 通常指某人毕业或曾经学习过的教育机构。",1,1,
sample_0307,range,range(alongside) = Person,1,qwen-max-0125,0.0,8192,https://api2.aigcbest.top/v1,"判断结果：错误  
解释：属性“alongside”的值域被定义为“Person”，但“alongside”通常表示位置关系，其值域不应局限于“Person”。",0,0,
sample_0308,range,range(anthem) = Work,1,qwen-max-0125,0.0,8192,https://api2.aigcbest.top/v1,"判断结果：正确  
解释：国歌（anthem）可以被合理地视为一种作品（Work），符合常识和语义约束。",1,1,
sample_0309,range,range(appointer) = Person,1,qwen-max-0125,0.0,8192,https://api2.aigcbest.top/v1,"判断结果：正确  
解释：属性“appointer”（任命者）的值域为“Person”（人）符合常识，因为任命者通常是一个人。",1,1,
sample_0310,range,range(architect) = Architect,1,qwen-max-0125,0.0,8192,https://api2.aigcbest.top/v1,"判断结果：错误  
解释：属性“architect”的值域应为建筑相关的实体或概念，而不是“Architect”本身。",0,0,
sample_0311,range,range(arrondissement) = PopulatedPlace,1,qwen-max-0125,0.0,8192,https://api2.aigcbest.top/v1,"判断结果：错误  
解释：arrondissement通常指行政区划，其值域不应是PopulatedPlace（居住地）。",0,0,
sample_0312,range,range(artery) = Artery,1,qwen-max-0125,0.0,8192,https://api2.aigcbest.top/v1,"判断结果：错误  
解释：属性的值域应为一个类或数据类型，而“artery”作为属性与其值域“Artery”在语义上不匹配。",0,0,
sample_0313,range,range(artist) = Agent,1,qwen-max-0125,0.0,8192,https://api2.aigcbest.top/v1,"判断结果：正确  
解释：艺术家（artist）可以被合理地视为一种代理（Agent），符合常识和语义约束。",1,1,
sample_0314,range,range(associatedBand) = Band,1,qwen-max-0125,0.0,8192,https://api2.aigcbest.top/v1,"判断结果：正确  
解释：属性“associatedBand”的值域被定义为“Band”，符合常识和语义约束，因为与乐队相关的事物通常属于“Band”类。",1,1,
sample_0315,range,range(associatedMusicalArtist) = MusicalArtist,1,qwen-max-0125,0.0,8192,https://api2.aigcbest.top/v1,"判断结果：正确  
解释：属性associatedMusicalArtist的值域为MusicalArtist符合语义约束，因为与音乐相关的事物通常会关联到音乐艺术家。",1,1,
sample_0316,range,range(associationOfLocalGovernment) = PopulatedPlace,1,qwen-max-0125,0.0,8192,https://api2.aigcbest.top/v1,"判断结果：错误  
解释：属性“associationOfLocalGovernment”的值域不应是“PopulatedPlace”，因为地方政府关联通常涉及组织或行政区划，而非直接指代人口聚居地。",0,0,
sample_0317,range,range(author) = Person,1,qwen-max-0125,0.0,8192,https://api2.aigcbest.top/v1,"判断结果：正确  
解释：属性“author”的值域为“Person”符合常识，因为作者通常是指人。",1,1,
sample_0318,range,range(automobilePlatform) = Automobile,1,qwen-max-0125,0.0,8192,https://api2.aigcbest.top/v1,"判断结果：错误  
解释：属性automobilePlatform的值域不应是Automobile，而应是与平台相关的概念（如Platform）。",0,0,
sample_0319,range,range(award) = Award,1,qwen-max-0125,0.0,8192,https://api2.aigcbest.top/v1,"判断结果：正确  
解释：属性“award”的值域被定义为“Award”，符合常识和语义约束，因为“award”通常与“Award”类相关联。",1,1,
sample_0320,range,range(bandMember) = Person,1,qwen-max-0125,0.0,8192,https://api2.aigcbest.top/v1,"判断结果：正确  
解释：bandMember属性的值域为Person是合理的，因为乐队成员通常是指人。",1,1,
sample_0321,range,range(basedOn) = Work,1,qwen-max-0125,0.0,8192,https://api2.aigcbest.top/v1,"判断结果：正确  
解释：属性“basedOn”通常用于表示某事物基于另一个事物，其值域为“Work”是合理的，符合常见的语义约束。",1,1,
sample_0322,range,range(battle) = MilitaryConflict,1,qwen-max-0125,0.0,8192,https://api2.aigcbest.top/v1,"判断结果：正确  
解释：属性“battle”的值域被定义为“MilitaryConflict”，符合常识中“战斗”属于“军事冲突”的语义关系。",1,1,
sample_0323,range,range(beatifiedBy) = Person,1,qwen-max-0125,0.0,8192,https://api2.aigcbest.top/v1,"判断结果：正确  
解释：beatifiedBy的值域为Person是合理的，因为“被封圣”通常是由一个人（如宗教领袖或教皇）执行的行为。",1,1,
sample_0324,range,range(beatifiedPlace) = PopulatedPlace,1,qwen-max-0125,0.0,8192,https://api2.aigcbest.top/v1,"判断结果：正确  
解释：beatifiedPlace的值域为PopulatedPlace是合理的，因为被祝福的地方通常是一个有人居住或具有特定意义的地点。",1,1,
sample_0325,range,range(beltwayCity) = City,1,qwen-max-0125,0.0,8192,https://api2.aigcbest.top/v1,"判断结果：错误  
解释：beltwayCity的值域应为与“环城公路城市”相关的概念，而不是泛指所有城市。",0,0,
sample_0326,range,range(billed) = PopulatedPlace,1,qwen-max-0125,0.0,8192,https://api2.aigcbest.top/v1,"判断结果：错误  
解释：属性“billed”的值域被定义为“PopulatedPlace”不符合常识语义，因为“billed”通常与账单或计费相关，与“PopulatedPlace”无直接关联。",0,0,
sample_0327,range,range(broadcastNetwork) = BroadcastNetwork,1,qwen-max-0125,0.0,8192,https://api2.aigcbest.top/v1,"判断结果：正确  
解释：属性broadcastNetwork的值域被定义为BroadcastNetwork，符合语义约束，表示该属性的值应属于BroadcastNetwork类。",1,1,
sample_0328,range,range(canonizedBy) = Person,1,qwen-max-0125,0.0,8192,https://api2.aigcbest.top/v1,"判断结果：错误  
解释：canonizedBy的值域通常应为某种事件或行为，而不是Person。",0,0,
sample_0329,range,range(canonizedPlace) = PopulatedPlace,1,qwen-max-0125,0.0,8192,https://api2.aigcbest.top/v1,"判断结果：错误  
解释：canonizedPlace的值域被定义为PopulatedPlace，但“canonizedPlace”通常指与宗教或历史相关的地点，其值域不应局限于“有人居住的地方”。",0,0,
sample_0330,range,range(canton) = Settlement,1,qwen-max-0125,0.0,8192,https://api2.aigcbest.top/v1,"判断结果：错误  
解释：根据常识，“canton”通常指行政区划，其值域不应是“Settlement”（聚居地）。",0,0,
sample_0331,range,range(capital) = City,1,qwen-max-0125,0.0,8192,https://api2.aigcbest.top/v1,"判断结果：正确  
解释：属性“capital”（首都）的值域为“City”（城市）符合常识和语义约束，因为首都是一个城市。",1,1,
sample_0332,range,range(careerStation) = CareerStation,1,qwen-max-0125,0.0,8192,https://api2.aigcbest.top/v1,"判断结果：正确  
解释：属性careerStation的值域被定义为CareerStation，符合属性值域的语义约束。",1,1,
sample_0333,range,range(ceremonialCounty) = PopulatedPlace,1,qwen-max-0125,0.0,8192,https://api2.aigcbest.top/v1,"判断结果：错误  
解释：ceremonialCounty的值域应为行政区划或类似概念，而非泛指所有有人居住的地方（PopulatedPlace）。",0,0,
sample_0334,range,range(chairman) = Person,1,qwen-max-0125,0.0,8192,https://api2.aigcbest.top/v1,"判断结果：正确  
解释：chairman的值域为Person是合理的，因为主席通常是一个人。",1,1,
sample_0335,range,range(chairperson) = Person,1,qwen-max-0125,0.0,8192,https://api2.aigcbest.top/v1,"判断结果：正确  
解释：chairperson的值域为Person是合理的，因为主席通常是一个人。",1,1,
sample_0336,range,range(championInDoubleMale) = Athlete,1,qwen-max-0125,0.0,8192,https://api2.aigcbest.top/v1,"判断结果：正确  
解释：双打冠军通常由运动员获得，因此将`championInDoubleMale`的值域定义为`Athlete`是合理的。",1,1,
sample_0337,range,range(championInSingleMale) = Athlete,1,qwen-max-0125,0.0,8192,https://api2.aigcbest.top/v1,"判断结果：正确  
解释：男性单打冠军通常属于运动员（Athlete）范畴，符合常识和语义约束。",1,1,
sample_0338,range,range(chancellor) = Person,1,qwen-max-0125,0.0,8192,https://api2.aigcbest.top/v1,"判断结果：正确  
解释：chancellor（校长）通常是一个人，因此其值域为Person是合理的。",1,1,
sample_0339,range,range(channel) = Broadcaster,1,qwen-max-0125,0.0,8192,https://api2.aigcbest.top/v1,"判断结果：错误  
解释：属性“channel”的值域定义为“Broadcaster”不符合常识，因为“channel”通常与电视频道或广播频道相关，而“Broadcaster”更适合作为一个类而非值域。",0,0,
sample_0340,range,range(child) = Person,1,qwen-max-0125,0.0,8192,https://api2.aigcbest.top/v1,"判断结果：正确  
解释：child属性的值域为Person是合理的，因为child通常指代一个人。",1,1,
sample_0341,range,range(childOrganisation) = Organisation,1,qwen-max-0125,0.0,8192,https://api2.aigcbest.top/v1,"判断结果：正确  
解释：childOrganisation的值域为Organisation符合语义约束，表示子组织属于组织的一种。",1,1,
sample_0342,range,range(cinematography) = Person,1,qwen-max-0125,0.0,8192,https://api2.aigcbest.top/v1,"判断结果：错误  
解释：cinematography（电影摄影）的值域通常不是Person，而可能是与电影制作相关的概念或实体。",0,0,
sample_0343,range,range(city) = City,1,qwen-max-0125,0.0,8192,https://api2.aigcbest.top/v1,"判断结果：正确  
解释：属性“city”的值域被定义为“City”，符合常识和语义约束，表示该属性的值应为城市类的实例。",1,1,
sample_0344,range,range(club) = SportsTeam,1,qwen-max-0125,0.0,8192,https://api2.aigcbest.top/v1,"判断结果：错误  
解释：club的范围应包含更广泛的概念，不仅限于SportsTeam，还可以是其他类型的俱乐部。",0,0,
sample_0345,range,range(coach) = Person,1,qwen-max-0125,0.0,8192,https://api2.aigcbest.top/v1,"判断结果：正确  
解释：教练（coach）通常是一个人（Person），因此将coach的值域定义为Person是合理的。",1,1,
sample_0346,range,range(college) = EducationalInstitution,1,qwen-max-0125,0.0,8192,https://api2.aigcbest.top/v1,"判断结果：正确  
解释：college的值域为EducationalInstitution符合常识，因为学院通常属于教育机构的一种。",1,1,
sample_0347,range,range(colour) = Colour,1,qwen-max-0125,0.0,8192,https://api2.aigcbest.top/v1,"判断结果：正确  
解释：属性colour的值域被定义为Colour，符合常识和语义约束。",1,1,
sample_0348,range,range(commandStructure) = MilitaryUnit,1,qwen-max-0125,0.0,8192,https://api2.aigcbest.top/v1,"判断结果：错误  
解释：commandStructure的值域通常应为某种结构或指令类型，而非MilitaryUnit。",0,0,
sample_0349,range,range(commander) = Person,1,qwen-max-0125,0.0,8192,https://api2.aigcbest.top/v1,"判断结果：正确  
解释：指挥官（commander）通常是一个人（Person），因此该值域定义符合常识语义。",1,1,
sample_0350,range,range(company) = Organisation,1,qwen-max-0125,0.0,8192,https://api2.aigcbest.top/v1,"判断结果：正确  
解释：公司的范围可以合理地定义为组织，因为公司是一种特定类型的组织。",1,1,
sample_0351,range,range(composer) = Person,1,qwen-max-0125,0.0,8192,https://api2.aigcbest.top/v1,"判断结果：正确  
解释：作曲家（composer）的值域通常是指一个人（Person），这符合常识和语义约束。",1,1,
sample_0352,range,range(constituencyDistrict) = PopulatedPlace,1,qwen-max-0125,0.0,8192,https://api2.aigcbest.top/v1,"判断结果：正确  
解释：选区（constituencyDistrict）的值域为有人居住的地方（PopulatedPlace）符合常识和语义约束。",1,1,
sample_0353,range,range(councilArea) = PopulatedPlace,1,qwen-max-0125,0.0,8192,https://api2.aigcbest.top/v1,"判断结果：错误  
解释：councilArea的值域通常应为行政区划或类似概念，而非泛指所有有人居住的地方（PopulatedPlace）。",0,0,
sample_0354,range,range(country) = Country,1,qwen-max-0125,0.0,8192,https://api2.aigcbest.top/v1,"判断结果：正确  
解释：属性country的值域被定义为Country，符合常识和语义约束。",1,1,
sample_0355,range,range(countryWithFirstSatellite) = Country,1,qwen-max-0125,0.0,8192,https://api2.aigcbest.top/v1,"判断结果：正确  
解释：发射第一颗卫星的国家（countryWithFirstSatellite）的值域应为国家（Country），符合常识和语义约束。",1,1,
sample_0356,range,range(creator) = Agent,1,qwen-max-0125,0.0,8192,https://api2.aigcbest.top/v1,"判断结果：正确  
解释：creator属性的值域为Agent是合理的，因为creator通常指代创建某物的主体，而Agent可以表示人或组织等能够执行动作的实体。",1,1,
sample_0357,range,range(creatorOfDish) = Person,1,qwen-max-0125,0.0,8192,https://api2.aigcbest.top/v1,"判断结果：正确  
解释：creatorOfDish的值域为Person是合理的，因为创造菜肴的行为通常由人完成。",1,1,
sample_0358,range,range(crosses) = River,1,qwen-max-0125,0.0,8192,https://api2.aigcbest.top/v1,"判断结果：错误  
解释：属性“crosses”的值域不应仅限定为“River”，因为“crosses”可以用于描述跨越多种地理实体（如道路、桥梁等）。",0,0,
sample_0359,range,range(cultivatedVariety) = CultivatedVariety,1,qwen-max-0125,0.0,8192,https://api2.aigcbest.top/v1,"判断结果：正确  
解释：属性“cultivatedVariety”的值域被定义为“CultivatedVariety”，符合属性值域的语义约束。",1,1,
sample_0360,range,range(currency) = Currency,1,qwen-max-0125,0.0,8192,https://api2.aigcbest.top/v1,"判断结果：正确  
解释：属性currency的值域定义为Currency符合语义约束，表示该属性的值应属于Currency类。",1,1,
sample_0361,range,range(currentMember) = Person,1,qwen-max-0125,0.0,8192,https://api2.aigcbest.top/v1,"判断结果：错误  
解释：currentMember的值域应为具体实体或对象，而不是抽象类Person。",0,0,
sample_0362,range,range(dean) = Person,1,qwen-max-0125,0.0,8192,https://api2.aigcbest.top/v1,"判断结果：错误  
解释：属性“dean”的值域定义为“Person”不符合常识，因为“dean”通常指代一个职位或角色，其值域更可能是某个具体担任该职位的实体类型（如“Professor”或“Administrator”），而非泛化的“Person”。",0,0,
sample_0363,range,range(debutTeam) = SportsTeam,1,qwen-max-0125,0.0,8192,https://api2.aigcbest.top/v1,"判断结果：正确  
解释：属性debutTeam的值域为SportsTeam是合理的，因为“首次亮相的队伍”通常是一个体育团队。",1,1,
sample_0364,range,range(department) = Department,1,qwen-max-0125,0.0,8192,https://api2.aigcbest.top/v1,"判断结果：正确  
解释：属性department的值域被定义为Department，符合常识和语义约束。",1,1,
sample_0365,range,range(deputy) = Person,1,qwen-max-0125,0.0,8192,https://api2.aigcbest.top/v1,"判断结果：正确  
解释：属性“deputy”的值域被定义为“Person”，符合常识中“副手”通常指代人的语义。",1,1,
sample_0366,range,range(derivative) = MusicGenre,1,qwen-max-0125,0.0,8192,https://api2.aigcbest.top/v1,"判断结果：错误  
解释：属性“derivative”的值域被定义为“MusicGenre”，但根据常识，“derivative”通常表示某种衍生关系，其值域应更广泛，不限于音乐流派。",0,0,
sample_0367,range,range(designCompany) = Company,1,qwen-max-0125,0.0,8192,https://api2.aigcbest.top/v1,"判断结果：正确  
解释：设计公司（designCompany）的值域为公司（Company），符合常识和语义约束。",1,1,
sample_0368,range,range(designer) = Person,1,qwen-max-0125,0.0,8192,https://api2.aigcbest.top/v1,"判断结果：正确  
解释：设计师（designer）的值域为人类（Person）符合常识语义，因为设计师通常是由人担任的角色。",1,1,
sample_0369,range,range(destination) = PopulatedPlace,1,qwen-max-0125,0.0,8192,https://api2.aigcbest.top/v1,"判断结果：正确  
解释：目的地（destination）的值域通常是一个有人居住的地方（PopulatedPlace），这符合常识和语义约束。",1,1,
sample_0370,range,range(developer) = Agent,1,qwen-max-0125,0.0,8192,https://api2.aigcbest.top/v1,"判断结果：正确  
解释：在常识中，开发者（developer）通常指代一个代理（Agent），因此该范围定义是合理的。",1,1,
sample_0371,range,range(director) = Person,1,qwen-max-0125,0.0,8192,https://api2.aigcbest.top/v1,"判断结果：正确  
解释：导演（director）的值域为人类（Person），符合常识和语义约束。",1,1,
sample_0372,range,range(discoverer) = Person,1,qwen-max-0125,0.0,8192,https://api2.aigcbest.top/v1,"判断结果：正确  
解释：发现者（discoverer）的值域为人类（Person）符合常识语义。",1,1,
sample_0373,range,range(disease) = Disease,1,qwen-max-0125,0.0,8192,https://api2.aigcbest.top/v1,"判断结果：正确  
解释：属性 disease 的值域被定义为 Disease，符合语义约束，表示该属性的值应属于 Disease 类。",1,1,
sample_0374,range,range(distributor) = Organisation,1,qwen-max-0125,0.0,8192,https://api2.aigcbest.top/v1,"判断结果：正确  
解释：分销商（distributor）的值域通常是一个组织（Organisation），这符合常识和语义约束。",1,1,
sample_0375,range,range(district) = PopulatedPlace,1,qwen-max-0125,0.0,8192,https://api2.aigcbest.top/v1,"判断结果：错误  
解释：district的值域通常应为行政区划或地理区域，而不是泛指所有有人居住的地方（PopulatedPlace）。",0,0,
sample_0376,range,range(doctoralAdvisor) = Person,1,qwen-max-0125,0.0,8192,https://api2.aigcbest.top/v1,"判断结果：正确  
解释：博士生导师（doctoralAdvisor）的值域是人（Person），符合常识和语义约束。",1,1,
sample_0377,range,range(doctoralStudent) = Person,1,qwen-max-0125,0.0,8192,https://api2.aigcbest.top/v1,"判断结果：正确  
解释：博士生（doctoralStudent）通常是一个人（Person），因此该值域定义符合常识和语义约束。",1,1,
sample_0378,range,range(draftTeam) = SportsTeam,1,qwen-max-0125,0.0,8192,https://api2.aigcbest.top/v1,"判断结果：正确  
解释：draftTeam的值域为SportsTeam是合理的，因为选秀队伍通常属于体育团队的范畴。",1,1,
sample_0379,range,range(editing) = Person,1,qwen-max-0125,0.0,8192,https://api2.aigcbest.top/v1,"判断结果：错误  
解释：编辑行为的值域通常应为文档或内容，而非人。",0,0,
sample_0380,range,range(editor) = Agent,1,qwen-max-0125,0.0,8192,https://api2.aigcbest.top/v1,"判断结果：正确  
解释：编辑者（editor）通常指代一个执行编辑操作的实体，可以合理地将其值域定义为代理（Agent）。",1,1,
sample_0381,subClassOf,Organisation ⊑ Company,0,qwen-max-0125,0.0,8192,https://api2.aigcbest.top/v1,"判断结果：错误  
解释：并非所有组织都是公司，组织是一个更广泛的概念，包括非营利组织、政府机构等。",0,1,
sample_0382,subClassOf,Animal ⊑ Person,0,qwen-max-0125,0.0,8192,https://api2.aigcbest.top/v1,"判断结果：错误  
解释：动物（Animal）不是人的子类（Person），两者是不同的概念，不符合常识语义。",0,1,
sample_0383,subClassOf,Artist ⊑ Actor,0,qwen-max-0125,0.0,8192,https://api2.aigcbest.top/v1,"判断结果：错误  
解释：艺术家（Artist）和演员（Actor）是两个不同的概念，艺术家不一定是演员，因此这种子类关系不符合常识。",0,1,
sample_0384,subClassOf,Company ⊑ Publisher,0,qwen-max-0125,0.0,8192,https://api2.aigcbest.top/v1,"判断结果：错误  
解释：并非所有公司都是出版商，公司是一个更广泛的概念，而出版商是特定领域的公司类型。",0,1,
sample_0385,subClassOf,TopicalConcept ⊑ Genre,0,qwen-max-0125,0.0,8192,https://api2.aigcbest.top/v1,"判断结果：错误  
解释：TopicalConcept（主题概念）和Genre（类型/流派）是两个不同的抽象概念，前者通常用于描述主题或内容的概念化分类，而后者用于描述艺术作品的风格或类别，两者之间不存在明显的子类关系。",0,1,
sample_0386,subClassOf,GovernmentalAdministrativeRegion ⊑ Department,0,qwen-max-0125,0.0,8192,https://api2.aigcbest.top/v1,"判断结果：错误  
解释：政府行政区（GovernmentalAdministrativeRegion）并不是部门（Department）的子类，二者语义上不存在继承关系。",0,1,
sample_0387,subClassOf,Work ⊑ Software,0,qwen-max-0125,0.0,8192,https://api2.aigcbest.top/v1,"判断结果：错误  
解释：Work和Software是两个语义上不相关的概念，Work通常指代工作或劳动，而Software指软件，前者不是后者的子类。",0,1,
sample_0388,subClassOf,EducationalInstitution ⊑ School,0,qwen-max-0125,0.0,8192,https://api2.aigcbest.top/v1,"判断结果：错误  
解释：并非所有教育机构（EducationalInstitution）都是学校（School），教育机构还包括大学、学院等其他类型。",0,1,
sample_0389,subClassOf,TopicalConcept ⊑ Type,0,qwen-max-0125,0.0,8192,https://api2.aigcbest.top/v1,"判断结果：错误  
解释：TopicalConcept 和 Type 之间没有明显的语义包含关系，TopicalConcept 通常表示主题概念，而 Type 表示类型，二者不符合常识中的子类关系。",0,1,
sample_0390,subClassOf,Person ⊑ Academic,0,qwen-max-0125,0.0,8192,https://api2.aigcbest.top/v1,"判断结果：错误  
解释：并非所有Person都是Academic，Person是一个更广泛的类别。",0,1,
sample_0391,subClassOf,SocietalEvent ⊑ AcademicConference,0,qwen-max-0125,0.0,8192,https://api2.aigcbest.top/v1,"判断结果：错误  
解释：社会事件（SocietalEvent）是一个更广泛的类别，而学术会议（AcademicConference）是特定类型的事件，不应被定义为社会事件的子类。",0,1,
sample_0392,subClassOf,PeriodicalLiterature ⊑ AcademicJournal,0,qwen-max-0125,0.0,8192,https://api2.aigcbest.top/v1,"判断结果：错误  
解释：PeriodicalLiterature（定期出版物）是一个更广义的概念，而AcademicJournal（学术期刊）是其特定子集，因此应为AcademicJournal ⊑ PeriodicalLiterature。",0,1,
sample_0393,subClassOf,TopicalConcept ⊑ AcademicSubject,0,qwen-max-0125,0.0,8192,https://api2.aigcbest.top/v1,"判断结果：正确  
解释：主题概念（TopicalConcept）可以是学术科目（AcademicSubject）的一种，符合常识和语义约束。",1,0,
sample_0394,subClassOf,Region ⊑ AdministrativeRegion,0,qwen-max-0125,0.0,8192,https://api2.aigcbest.top/v1,"判断结果：错误  
解释：Region是一个更广泛的概念，而AdministrativeRegion是其具体子集，公理方向不符合常识语义。",0,1,
sample_0395,subClassOf,Actor ⊑ AdultActor,0,qwen-max-0125,0.0,8192,https://api2.aigcbest.top/v1,"判断结果：错误  
解释：并非所有演员（Actor）都是成人演员（AdultActor），因为演员可能包括未成年人。",0,1,
sample_0396,subClassOf,PopulatedPlace ⊑ Agglomeration,0,qwen-max-0125,0.0,8192,https://api2.aigcbest.top/v1,"判断结果：正确  
解释：根据常识，有人居住的地方（PopulatedPlace）可以被合理地视为一种聚集地（Agglomeration）。",1,0,
sample_0397,subClassOf,MeanOfTransportation ⊑ Aircraft,0,qwen-max-0125,0.0,8192,https://api2.aigcbest.top/v1,"判断结果：错误  
解释：MeanOfTransportation 是一个更广泛的类别，包含多种交通工具，而 Aircraft 只是其中的一种，因此 MeanOfTransportation 不可能是 Aircraft 的子类。",0,1,
sample_0398,subClassOf,PublicTransitSystem ⊑ Airline,0,qwen-max-0125,0.0,8192,https://api2.aigcbest.top/v1,"判断结果：错误  
解释：公共交通系统（PublicTransitSystem）是一个广义概念，包含多种交通方式，而航空公司（Airline）只是其中一种特定类型，不能将整个公共交通系统视为航空公司的子类。",0,1,
sample_0399,subClassOf,Infrastructure ⊑ Airport,0,qwen-max-0125,0.0,8192,https://api2.aigcbest.top/v1,"判断结果：错误  
解释：基础设施（Infrastructure）是一个更广泛的概念，而机场（Airport）只是其中的一种具体类型，因此Infrastructure不应被定义为Airport的子类。",0,1,
sample_0400,subClassOf,MusicalWork ⊑ Album,0,qwen-max-0125,0.0,8192,https://api2.aigcbest.top/v1,"判断结果：错误  
解释：音乐作品（MusicalWork）是一个广义概念，而专辑（Album）是具体承载音乐作品的一种形式，两者并非子类关系。",0,1,
sample_0401,subClassOf,Boxer ⊑ AmateurBoxer,0,qwen-max-0125,0.0,8192,https://api2.aigcbest.top/v1,"判断结果：错误  
解释：职业拳击手(Boxer)不一定是业余拳击手(AmateurBoxer)，两者之间不存在必然的子类关系。",0,1,
sample_0402,subClassOf,Politician ⊑ Ambassador,0,qwen-max-0125,0.0,8192,https://api2.aigcbest.top/v1,"判断结果：错误  
解释：并非所有政治家都是大使，政治家的范围更广，而大使是一个特定角色或职位。",0,1,
sample_0403,subClassOf,Coach ⊑ AmericanFootballCoach,0,qwen-max-0125,0.0,8192,https://api2.aigcbest.top/v1,"判断结果：错误  
解释：Coach是一个更广泛的类别，而AmericanFootballCoach是其具体子类，公理方向应为AmericanFootballCoach ⊑ Coach。",0,1,
sample_0404,subClassOf,SportsLeague ⊑ AmericanFootballLeague,0,qwen-max-0125,0.0,8192,https://api2.aigcbest.top/v1,"判断结果：错误  
解释：并非所有体育联赛都是美式足球联赛，因此该子类关系不符合常识。",0,1,
sample_0405,subClassOf,GridironFootballPlayer ⊑ AmericanFootballPlayer,0,qwen-max-0125,0.0,8192,https://api2.aigcbest.top/v1,"判断结果：正确  
解释：GridironFootballPlayer是AmericanFootballPlayer的子类，符合常识和语义关系。",1,0,
sample_0406,subClassOf,SportsTeam ⊑ AmericanFootballTeam,0,qwen-max-0125,0.0,8192,https://api2.aigcbest.top/v1,"判断结果：错误  
解释：并非所有体育队伍都是美式橄榄球队，体育队伍是一个更广泛的概念。",0,1,
sample_0407,subClassOf,Person ⊑ AmericanLeader,0,qwen-max-0125,0.0,8192,https://api2.aigcbest.top/v1,"判断结果：错误  
解释：并非所有Person都是AmericanLeader，语义上不符合常识。",0,1,
sample_0408,subClassOf,Animal ⊑ Amphibian,0,qwen-max-0125,0.0,8192,https://api2.aigcbest.top/v1,"判断结果：错误  
解释：并非所有动物都是两栖动物，两栖动物只是动物的一个子类。",0,1,
sample_0409,subClassOf,ArchitecturalStructure ⊑ AmusementParkAttraction,0,qwen-max-0125,0.0,8192,https://api2.aigcbest.top/v1,"判断结果：错误  
解释：建筑结构（ArchitecturalStructure）通常指建筑物或构筑物的整体设计和组成，而游乐场景点（AmusementParkAttraction）是特定的娱乐设施，前者并不一定是后者的子类。",0,1,
sample_0410,subClassOf,Eukaryote ⊑ Animal,0,qwen-max-0125,0.0,8192,https://api2.aigcbest.top/v1,"判断结果：错误  
解释：真核生物（Eukaryote）是一个更大的分类范畴，包含动物（Animal）、植物、真菌等，因此动物是真核生物的子集，而不是真核生物是动物的子集。",0,1,
sample_0411,subClassOf,ComicsCharacter ⊑ AnimangaCharacter,0,qwen-max-0125,0.0,8192,https://api2.aigcbest.top/v1,"判断结果：正确  
解释：漫画角色（ComicsCharacter）可以合理地被视为动画和漫画角色（AnimangaCharacter）的子集，符合常识和语义关系。",1,0,
sample_0412,subClassOf,Cartoon ⊑ Anime,0,qwen-max-0125,0.0,8192,https://api2.aigcbest.top/v1,"判断结果：正确  
解释：卡通（Cartoon）可以被视为动画（Anime）的一个子类，因为卡通是动画的一种特定形式或风格。",1,0,
sample_0413,subClassOf,WrittenWork ⊑ Annotation,0,qwen-max-0125,0.0,8192,https://api2.aigcbest.top/v1,"判断结果：错误  
解释：书面作品（WrittenWork）与注释（Annotation）是两种不同的概念，书面作品通常不会被定义为注释的子类。",0,1,
sample_0414,subClassOf,Animal ⊑ Arachnid,0,qwen-max-0125,0.0,8192,https://api2.aigcbest.top/v1,"判断结果：错误  
解释：Animal（动物）是一个更广泛的类别，而Arachnid（蛛形纲动物）是Animal的一个子类，因此Animal不能是Arachnid的子类。",0,1,
sample_0415,subClassOf,Species ⊑ Archaea,0,qwen-max-0125,0.0,8192,https://api2.aigcbest.top/v1,"判断结果：错误  
解释：Species是一个更广泛的概念，而Archaea是特定领域中的一个分类，不能将整个Species归为Archaea的子类。",0,1,
sample_0416,subClassOf,ChristianBishop ⊑ Archbishop,0,qwen-max-0125,0.0,8192,https://api2.aigcbest.top/v1,"判断结果：错误  
解释：并非所有的基督教主教（ChristianBishop）都是大主教（Archbishop），大主教是一个更具体的职位或头衔。",0,1,
sample_0417,subClassOf,Person ⊑ Archeologist,0,qwen-max-0125,0.0,8192,https://api2.aigcbest.top/v1,"判断结果：错误  
解释：并非所有Person都是Archeologist，这不符合常识。",0,1,
sample_0418,subClassOf,Athlete ⊑ ArcherPlayer,0,qwen-max-0125,0.0,8192,https://api2.aigcbest.top/v1,"判断结果：错误  
解释：并非所有运动员（Athlete）都是射箭运动员（ArcherPlayer），射箭运动员是运动员的一个子集。",0,1,
sample_0419,subClassOf,NaturalPlace ⊑ Archipelago,0,qwen-max-0125,0.0,8192,https://api2.aigcbest.top/v1,"判断结果：错误  
解释：NaturalPlace（自然地点）是一个更广泛的类别，而Archipelago（群岛）是其可能的子集，但不能说所有自然地点都是群岛。",0,1,
sample_0420,subClassOf,Person ⊑ Architect,0,qwen-max-0125,0.0,8192,https://api2.aigcbest.top/v1,"判断结果：错误  
解释：并非所有Person都是Architect，Person是一个更广泛的类别，包含许多其他职业和角色。",0,1,
sample_0421,subClassOf,CollectionOfValuables ⊑ Archive,0,qwen-max-0125,0.0,8192,https://api2.aigcbest.top/v1,"判断结果：错误  
解释：收藏品集合（CollectionOfValuables）与档案馆（Archive）之间没有直接的常识或语义上的包含关系。",0,1,
sample_0422,subClassOf,ArchitecturalStructure ⊑ Arena,0,qwen-max-0125,0.0,8192,https://api2.aigcbest.top/v1,"判断结果：错误  
解释：建筑结构（ArchitecturalStructure）是一个广义概念，而竞技场（Arena）是特定类型的建筑，不能将所有建筑结构都归为竞技场。",0,1,
sample_0423,subClassOf,Person ⊑ Aristocrat,0,qwen-max-0125,0.0,8192,https://api2.aigcbest.top/v1,"判断结果：错误  
解释：并非所有Person都是Aristocrat，两者之间不存在这种包含关系。",0,1,
sample_0424,subClassOf,GovernmentalAdministrativeRegion ⊑ Arrondissement,0,qwen-max-0125,0.0,8192,https://api2.aigcbest.top/v1,"判断结果：错误  
解释：GovernmentalAdministrativeRegion 是一个更通用的概念，而 Arrondissement 是特定类型的行政区域，不能将所有政府行政区归为 Arrondissement。",0,1,
sample_0425,subClassOf,AnatomicalStructure ⊑ Artery,0,qwen-max-0125,0.0,8192,https://api2.aigcbest.top/v1,"判断结果：错误  
解释：AnatomicalStructure（解剖结构）是一个更广义的概念，而Artery（动脉）是其具体子类之一，因此应为 Artery ⊑ AnatomicalStructure。",0,1,
sample_0426,subClassOf,WrittenWork ⊑ Article,0,qwen-max-0125,0.0,8192,https://api2.aigcbest.top/v1,"判断结果：错误  
解释：书面作品（WrittenWork）是一个更广泛的概念，而文章（Article）是其中的一种具体形式，因此 WrittenWork 不应被定义为 Article 的子类。",0,1,
sample_0427,subClassOf,Satellite ⊑ ArtificialSatellite,0,qwen-max-0125,0.0,8192,https://api2.aigcbest.top/v1,"判断结果：正确  
解释：卫星（Satellite）是人造卫星（ArtificialSatellite）的一个子类，符合常识和语义关系。",1,0,
sample_0428,subClassOf,Person ⊑ Artist,0,qwen-max-0125,0.0,8192,https://api2.aigcbest.top/v1,"判断结果：错误  
解释：并非所有Person都是Artist，Person是一个更广泛的类别，而Artist是其可能的子集。",0,1,
sample_0429,subClassOf,MusicalWork ⊑ ArtistDiscography,0,qwen-max-0125,0.0,8192,https://api2.aigcbest.top/v1,"判断结果：错误  
解释：音乐作品（MusicalWork）和艺术家的唱片目录（ArtistDiscography）是不同的概念，前者是个体作品，后者是艺术家所有作品的集合，不符合子类关系。",0,1,
sample_0430,subClassOf,Genre ⊑ ArtisticGenre,0,qwen-max-0125,0.0,8192,https://api2.aigcbest.top/v1,"判断结果：正确  
解释：Genre（类型）可以合理地被视为ArtisticGenre（艺术类型）的子类，符合常识和语义约束。",1,0,
sample_0431,subClassOf,Work ⊑ Artwork,0,qwen-max-0125,0.0,8192,https://api2.aigcbest.top/v1,"判断结果：错误  
解释：Work是一个更广泛的概念，而Artwork是Work的一个特定子集，因此Work不一定是Artwork的子类。",0,1,
sample_0432,subClassOf,CelestialBody ⊑ Asteroid,0,qwen-max-0125,0.0,8192,https://api2.aigcbest.top/v1,"判断结果：错误  
解释：CelestialBody（天体）是一个更广泛的概念，而Asteroid（小行星）只是其中的一个子集，因此CelestialBody不能是Asteroid的子类。",0,1,
sample_0433,subClassOf,Person ⊑ Astronaut,0,qwen-max-0125,0.0,8192,https://api2.aigcbest.top/v1,"判断结果：错误  
解释：并非所有人类都是宇航员，因此Person类不应该是Astronaut的子类。",0,1,
sample_0434,subClassOf,Person ⊑ Athlete,0,qwen-max-0125,0.0,8192,https://api2.aigcbest.top/v1,"判断结果：错误  
解释：并非所有Person都是Athlete，Person是一个更广泛的类别，包含许多非运动员的个体。",0,1,
sample_0435,subClassOf,Sport ⊑ Athletics,0,qwen-max-0125,0.0,8192,https://api2.aigcbest.top/v1,"判断结果：错误  
解释：Sport（体育）是一个更广泛的概念，而Athletics（田径运动）是Sport的一个子集，因此Sport不是Athletics的子类。",0,1,
sample_0436,subClassOf,Athlete ⊑ AthleticsPlayer,0,qwen-max-0125,0.0,8192,https://api2.aigcbest.top/v1,"判断结果：正确  
解释：根据常识，运动员（Athlete）是从事体育运动的人，而田径运动员（AthleticsPlayer）是运动员的一种，因此该公理符合语义关系。",1,0,
sample_0437,subClassOf,Island ⊑ Atoll,0,qwen-max-0125,0.0,8192,https://api2.aigcbest.top/v1,"判断结果：错误  
解释：并非所有岛屿（Island）都是环礁（Atoll），环礁是岛屿的一种特殊类型，因此该公理不符合常识语义。",0,1,
sample_0438,subClassOf,SocietalEvent ⊑ Attack,0,qwen-max-0125,0.0,8192,https://api2.aigcbest.top/v1,"判断结果：错误  
解释：社会事件（SocietalEvent）是一个广义概念，而攻击（Attack）是具体的一种行为，不能将所有社会事件归为攻击。",0,1,
sample_0439,subClassOf,SportsLeague ⊑ AustralianFootballLeague,0,qwen-max-0125,0.0,8192,https://api2.aigcbest.top/v1,"判断结果：错误  
解释：SportsLeague 是一个更广泛的类别，而 AustralianFootballLeague 是其具体实例或子集，不应将整个 SportsLeague 归为 AustralianFootballLeague。",0,1,
sample_0440,subClassOf,SportsTeam ⊑ AustralianFootballTeam,0,qwen-max-0125,0.0,8192,https://api2.aigcbest.top/v1,"判断结果：错误  
解释：并非所有体育队伍都是澳式足球队，体育队伍是一个更广泛的概念。",0,1,
sample_0441,subClassOf,Athlete ⊑ AustralianRulesFootballPlayer,0,qwen-max-0125,0.0,8192,https://api2.aigcbest.top/v1,"判断结果：错误  
解释：并非所有运动员都是澳大利亚规则足球运动员，该公理违反了常识分类关系。",0,1,
sample_0442,subClassOf,SportsLeague ⊑ AutoRacingLeague,0,qwen-max-0125,0.0,8192,https://api2.aigcbest.top/v1,"判断结果：错误  
解释：并非所有体育联盟都是汽车赛车联盟，两者之间不存在子类关系。",0,1,
sample_0443,subClassOf,MeanOfTransportation ⊑ Automobile,0,qwen-max-0125,0.0,8192,https://api2.aigcbest.top/v1,"判断结果：错误  
解释：所有交通工具（MeanOfTransportation）不可能都是汽车（Automobile），因为交通工具还包括飞机、火车等其他类型。",0,1,
sample_0444,subClassOf,Engine ⊑ AutomobileEngine,0,qwen-max-0125,0.0,8192,https://api2.aigcbest.top/v1,"判断结果：错误  
解释：Engine是一个更广泛的类别，而AutomobileEngine是其子类，公理方向不符合常识语义。",0,1,
sample_0445,subClassOf,MusicalArtist ⊑ BackScene,0,qwen-max-0125,0.0,8192,https://api2.aigcbest.top/v1,"判断结果：错误  
解释：音乐艺术家（MusicalArtist）通常不被定义为幕后工作者（BackScene），两者在语义上没有明显的包含关系。",0,1,
sample_0446,subClassOf,Species ⊑ Bacteria,0,qwen-max-0125,0.0,8192,https://api2.aigcbest.top/v1,"判断结果：错误  
解释：Species是一个更广泛的概念，包含多种生物分类单元，而Bacteria只是其中的一个特定类别，因此Species不能被定义为Bacteria的子类。",0,1,
sample_0447,subClassOf,Athlete ⊑ BadmintonPlayer,0,qwen-max-0125,0.0,8192,https://api2.aigcbest.top/v1,"判断结果：错误  
解释：并非所有运动员都是羽毛球运动员，因此该子类关系不符合常识。",0,1,
sample_0448,subClassOf,Group ⊑ Band,0,qwen-max-0125,0.0,8192,https://api2.aigcbest.top/v1,"判断结果：错误  
解释：Group和Band在常识中是不同的概念，Group是一个更广泛的概念，而Band通常指音乐团体，Group不是Band的子类。",0,1,
sample_0449,subClassOf,Company ⊑ Bank,0,qwen-max-0125,0.0,8192,https://api2.aigcbest.top/v1,"判断结果：错误  
解释：并非所有公司都是银行，公司和银行是不同的概念，公司是一个更广泛的概念。",0,1,
sample_0450,subClassOf,BritishRoyalty ⊑ Baronet,0,qwen-max-0125,0.0,8192,https://api2.aigcbest.top/v1,"判断结果：错误  
解释：英国皇室（BritishRoyalty）通常具有比男爵（Baronet）更高的社会地位，不应被定义为男爵的子类。",0,1,
sample_0451,subClassOf,SportsLeague ⊑ BaseballLeague,0,qwen-max-0125,0.0,8192,https://api2.aigcbest.top/v1,"判断结果：错误  
解释：并非所有体育联盟都是棒球联盟，体育联盟是一个更广泛的概念。",0,1,
sample_0452,subClassOf,Athlete ⊑ BaseballPlayer,0,qwen-max-0125,0.0,8192,https://api2.aigcbest.top/v1,"判断结果：错误  
解释：并非所有运动员（Athlete）都是棒球运动员（BaseballPlayer），因此该子类关系不符合常识。",0,1,
sample_0453,subClassOf,SportsTeamSeason ⊑ BaseballSeason,0,qwen-max-0125,0.0,8192,https://api2.aigcbest.top/v1,"判断结果：错误  
解释：并非所有体育团队的赛季都属于棒球赛季，因此该子类关系不符合常识。",0,1,
sample_0454,subClassOf,SportsTeam ⊑ BaseballTeam,0,qwen-max-0125,0.0,8192,https://api2.aigcbest.top/v1,"判断结果：错误  
解释：并非所有体育队伍都是棒球队，棒球队只是体育队伍的一个子集。",0,1,
sample_0455,subClassOf,SportsLeague ⊑ BasketballLeague,0,qwen-max-0125,0.0,8192,https://api2.aigcbest.top/v1,"判断结果：错误  
解释：并非所有体育联赛都是篮球联赛，体育联赛是一个更广泛的概念。",0,1,
sample_0456,subClassOf,Athlete ⊑ BasketballPlayer,0,qwen-max-0125,0.0,8192,https://api2.aigcbest.top/v1,"判断结果：错误  
解释：并非所有运动员（Athlete）都是篮球运动员（BasketballPlayer），因此该子类关系不符合常识。",0,1,
sample_0457,subClassOf,SportsTeam ⊑ BasketballTeam,0,qwen-max-0125,0.0,8192,https://api2.aigcbest.top/v1,"判断结果：错误  
解释：并非所有体育队伍都是篮球队，体育队伍还包括足球队、排球队等其他类型。",0,1,
sample_0458,subClassOf,Device ⊑ Battery,0,qwen-max-0125,0.0,8192,https://api2.aigcbest.top/v1,"判断结果：错误  
解释：设备（Device）是一个广义概念，而电池（Battery）是设备的一种具体类型，因此设备不一定是电池的子类。",0,1,
sample_0459,subClassOf,BodyOfWater ⊑ Bay,0,qwen-max-0125,0.0,8192,https://api2.aigcbest.top/v1,"判断结果：错误  
解释：并非所有的水体（BodyOfWater）都是海湾（Bay），因此该公理不符合常识语义。",0,1,
sample_0460,subClassOf,NaturalPlace ⊑ Beach,0,qwen-max-0125,0.0,8192,https://api2.aigcbest.top/v1,"判断结果：错误  
解释：并非所有自然地点都是海滩，自然地点的范围远大于海滩。",0,1,
sample_0461,subClassOf,VolleyballPlayer ⊑ BeachVolleyballPlayer,0,qwen-max-0125,0.0,8192,https://api2.aigcbest.top/v1,"判断结果：错误  
解释：并非所有排球运动员都是沙滩排球运动员，两者是不同的子类。",0,1,
sample_0462,subClassOf,Person ⊑ BeautyQueen,0,qwen-max-0125,0.0,8192,https://api2.aigcbest.top/v1,"判断结果：错误  
解释：并非所有Person都是BeautyQueen，这不符合常识和语义约束。",0,1,
sample_0463,subClassOf,Beverage ⊑ Beer,0,qwen-max-0125,0.0,8192,https://api2.aigcbest.top/v1,"判断结果：错误  
解释：Beverage（饮料）是一个更广泛的类别，而Beer（啤酒）是其下的一个子类，因此Beverage不能是Beer的子类。",0,1,
sample_0464,subClassOf,Food ⊑ Beverage,0,qwen-max-0125,0.0,8192,https://api2.aigcbest.top/v1,"判断结果：错误  
解释：食物（Food）和饮料（Beverage）是两个不同的概念，食物不一定是饮料，因此食物不是饮料的子类。",0,1,
sample_0465,subClassOf,WinterSportPlayer ⊑ Biathlete,0,qwen-max-0125,0.0,8192,https://api2.aigcbest.top/v1,"判断结果：错误  
解释：并非所有冬季运动运动员都是滑雪射击两项全能运动员。",0,1,
sample_0466,subClassOf,Database ⊑ BiologicalDatabase,0,qwen-max-0125,0.0,8192,https://api2.aigcbest.top/v1,"判断结果：错误  
解释：并非所有数据库都是生物数据库，生物数据库是数据库的一个特定子集。",0,1,
sample_0467,subClassOf,Scientist ⊑ Biologist,0,qwen-max-0125,0.0,8192,https://api2.aigcbest.top/v1,"判断结果：错误  
解释：科学家（Scientist）是一个更广泛的类别，而生物学家（Biologist）是科学家的一个子集，因此应该是 Biologist ⊑ Scientist。",0,1,
sample_0468,subClassOf,Animal ⊑ Bird,0,qwen-max-0125,0.0,8192,https://api2.aigcbest.top/v1,"判断结果：错误  
解释：Animal是Bird的超类，而不是子类，因此该公理语义不合理。",0,1,
sample_0469,subClassOf,AnatomicalStructure ⊑ BloodVessel,0,qwen-max-0125,0.0,8192,https://api2.aigcbest.top/v1,"判断结果：错误  
解释：AnatomicalStructure（解剖结构）是一个更广泛的类别，而BloodVessel（血管）只是其中的一个子类，因此应是BloodVessel ⊑ AnatomicalStructure。",0,1,
sample_0470,subClassOf,Game ⊑ BoardGame,0,qwen-max-0125,0.0,8192,https://api2.aigcbest.top/v1,"判断结果：错误  
解释：并非所有游戏（Game）都是棋盘游戏（BoardGame），游戏的概念更广泛，包含许多非棋盘游戏的类型。",0,1,
sample_0471,subClassOf,WinterSportPlayer ⊑ BobsleighAthlete,0,qwen-max-0125,0.0,8192,https://api2.aigcbest.top/v1,"判断结果：错误  
解释：并非所有冬季运动项目的运动员都是雪车运动员，WinterSportPlayer是一个更广泛的类别。",0,1,
sample_0472,subClassOf,NaturalPlace ⊑ BodyOfWater,0,qwen-max-0125,0.0,8192,https://api2.aigcbest.top/v1,"判断结果：错误  
解释：自然地点（NaturalPlace）是一个广义概念，包含多种类型的地方，而水体（BodyOfWater）只是其中的一种特定类型，因此不能说所有自然地点都是水体。",0,1,
sample_0473,subClassOf,Athlete ⊑ Bodybuilder,0,qwen-max-0125,0.0,8192,https://api2.aigcbest.top/v1,"判断结果：错误  
解释：并非所有运动员（Athlete）都是健美运动员（Bodybuilder），健美运动员是运动员的一个特定子集。",0,1,
sample_0474,subClassOf,AnatomicalStructure ⊑ Bone,0,qwen-max-0125,0.0,8192,https://api2.aigcbest.top/v1,"判断结果：错误  
解释：并非所有解剖结构都是骨骼，解剖结构包括更广泛的概念如器官、组织等。",0,1,
sample_0475,subClassOf,WrittenWork ⊑ Book,0,qwen-max-0125,0.0,8192,https://api2.aigcbest.top/v1,"判断结果：错误  
解释：书面作品（WrittenWork）是一个更广泛的概念，书籍（Book）只是其中的一种类型，因此不能说所有书面作品都是书籍。",0,1,
sample_0476,subClassOf,SportsLeague ⊑ BowlingLeague,0,qwen-max-0125,0.0,8192,https://api2.aigcbest.top/v1,"判断结果：错误  
解释：并非所有体育联盟都是保龄球联盟，保龄球联盟只是体育联盟的一个子集。",0,1,
sample_0477,subClassOf,Athlete ⊑ Boxer,0,qwen-max-0125,0.0,8192,https://api2.aigcbest.top/v1,"判断结果：错误  
解释：并非所有运动员（Athlete）都是拳击手（Boxer），因此该子类关系不符合常识。",0,1,
sample_0478,subClassOf,SportsLeague ⊑ BoxingLeague,0,qwen-max-0125,0.0,8192,https://api2.aigcbest.top/v1,"判断结果：错误  
解释：并非所有体育联赛都是拳击联赛，拳击联赛只是体育联赛的一个子集。",0,1,
sample_0479,subClassOf,AnatomicalStructure ⊑ Brain,0,qwen-max-0125,0.0,8192,https://api2.aigcbest.top/v1,"判断结果：错误  
解释：AnatomicalStructure是解剖结构的通用类，而Brain是其具体子类，公理方向错误，应为Brain ⊑ AnatomicalStructure。",0,1,
sample_0480,subClassOf,Company ⊑ Brewery,0,qwen-max-0125,0.0,8192,https://api2.aigcbest.top/v1,"判断结果：错误  
解释：并非所有公司都是酿酒厂，公司是一个更广泛的类别，而酿酒厂是特定类型的公司或实体。",0,1,
sample_0481,subPropertyOf,depth ⊑p averageDepth,0,qwen-max-0125,0.0,8192,https://api2.aigcbest.top/v1,"判断结果：错误  
解释：depth（深度）是一个具体的数值属性，而averageDepth（平均深度）是基于多个深度值计算得出的统计属性，两者之间不存在直接的子属性关系。",0,1,
sample_0482,subPropertyOf,administrativeHeadCity ⊑p capital,0,qwen-max-0125,0.0,8192,https://api2.aigcbest.top/v1,"判断结果：错误  
解释：行政中心城市（administrativeHeadCity）并不总是等同于首都（capital），两者语义上存在明显区别。",0,1,
sample_0483,subPropertyOf,championInDouble ⊑p championInDoubleMale,0,qwen-max-0125,0.0,8192,https://api2.aigcbest.top/v1,"判断结果：错误  
解释：双打冠军（championInDouble）并不一定是男性双打冠军（championInDoubleMale），还可能包括女性双打冠军。",0,1,
sample_0484,subPropertyOf,championInSingle ⊑p championInSingleMale,0,qwen-max-0125,0.0,8192,https://api2.aigcbest.top/v1,"判断结果：错误  
解释：单打冠军（championInSingle）不应被定义为男性单打冠军（championInSingleMale）的子类，因为单打冠军可以包括男性和女性。",0,1,
sample_0485,subPropertyOf,code ⊑p colourHexCode,0,qwen-max-0125,0.0,8192,https://api2.aigcbest.top/v1,"判断结果：错误  
解释：属性“code”与“colourHexCode”之间的子属性关系不符合常识语义，因为“code”通常表示通用编码，而“colourHexCode”特指颜色的十六进制编码，二者没有明确的子属性关联。",0,1,
sample_0486,subPropertyOf,code ⊑p cosparId,0,qwen-max-0125,0.0,8192,https://api2.aigcbest.top/v1,"判断结果：错误  
解释：`code` 和 `cosparId` 之间没有明确的语义关联表明前者是后者的子类或子属性，此关系不符合常识或领域知识。",0,1,
sample_0487,subPropertyOf,code ⊑p fdaUniiCode,0,qwen-max-0125,0.0,8192,https://api2.aigcbest.top/v1,"判断结果：错误  
解释：根据常识，""code""作为一个通用概念，不应被定义为""fdaUniiCode""的子类，因为后者是特定领域的代码类型。",0,1,
sample_0488,subPropertyOf,Name ⊑p greekName,0,qwen-max-0125,0.0,8192,https://api2.aigcbest.top/v1,"判断结果：错误  
解释：Name 和 greekName 之间没有明确的语义关联表明前者必然是后者的子类。",0,1,
sample_0489,subPropertyOf,code ⊑p imdbId,0,qwen-max-0125,0.0,8192,https://api2.aigcbest.top/v1,"判断结果：错误  
解释：代码（code）与IMDb标识符（imdbId）之间不存在合理的子类关系。",0,1,
sample_0490,subPropertyOf,codeSettlement ⊑p inseeCode,0,qwen-max-0125,0.0,8192,https://api2.aigcbest.top/v1,"判断结果：错误  
解释：codeSettlement 和 inseeCode 之间没有明确的子类关系，且不符合常识或领域知识。",0,1,
sample_0491,subPropertyOf,isPartOf ⊑p isPartOfMilitaryConflict,0,qwen-max-0125,0.0,8192,https://api2.aigcbest.top/v1,"判断结果：错误  
解释：isPartOf和isPartOfMilitaryConflict的语义范围不一致，前者是通用的部分关系，后者特指军事冲突中的部分关系，前者不一定是后者的子属性。",0,1,
sample_0492,subPropertyOf,isPartOf ⊑p isPartOfWineRegion,0,qwen-max-0125,0.0,8192,https://api2.aigcbest.top/v1,"判断结果：错误  
解释：isPartOf 和 isPartOfWineRegion 的语义范围不一致，前者是通用的部分关系，后者特指葡萄酒产区的部分关系，不能直接将通用关系作为特化关系的子属性。",0,1,
sample_0493,subPropertyOf,LanguageCode ⊑p iso6391Code,0,qwen-max-0125,0.0,8192,https://api2.aigcbest.top/v1,"判断结果：错误  
解释：LanguageCode 是一个类，而 iso6391Code 看起来是一个属性，类和属性之间不能直接使用 subClassOf 关系。",0,1,
sample_0494,subPropertyOf,LanguageCode ⊑p iso6392Code,0,qwen-max-0125,0.0,8192,https://api2.aigcbest.top/v1,"判断结果：错误  
解释：LanguageCode 和 iso6392Code 之间的关系不明确，且 iso6392Code 并非公认的 RDFS/OWL 标准属性或类。",0,1,
sample_0495,subPropertyOf,LanguageCode ⊑p iso6393Code,0,qwen-max-0125,0.0,8192,https://api2.aigcbest.top/v1,"判断结果：错误  
解释：LanguageCode 和 iso6393Code 之间的关系不明确，且 iso6393Code 并非公认的 RDFS/OWL 标准概念或属性。",0,1,
sample_0496,subPropertyOf,Name ⊑p latinName,0,qwen-max-0125,0.0,8192,https://api2.aigcbest.top/v1,"判断结果：错误  
解释：Name 和 latinName 之间不存在明显的子类关系，语义上不合理。",0,1,
sample_0497,subPropertyOf,genre ⊑p literaryGenre,0,qwen-max-0125,0.0,8192,https://api2.aigcbest.top/v1,"判断结果：错误  
解释：genre和literaryGenre是同一层次的概念，前者不应被定义为后者的子类。",0,1,
sample_0498,subPropertyOf,location ⊑p locationCity,0,qwen-max-0125,0.0,8192,https://api2.aigcbest.top/v1,"判断结果：错误  
解释：location和locationCity之间的关系不符合常识语义，location通常是一个更广泛的概念，不应被定义为locationCity的子类。",0,1,
sample_0499,subPropertyOf,location ⊑p locationCountry,0,qwen-max-0125,0.0,8192,https://api2.aigcbest.top/v1,"判断结果：错误  
解释：location和locationCountry是两个不同的概念，前者通常表示位置，后者表示国家，它们之间不存在子类关系。",0,1,
sample_0500,subPropertyOf,depth ⊑p maximumDepth,0,qwen-max-0125,0.0,8192,https://api2.aigcbest.top/v1,"判断结果：错误  
解释：depth（深度）是一个具体的数值属性，而maximumDepth（最大深度）是描述某个范围或极限的属性，前者不可能是后者的子属性。",0,1,
sample_0501,subPropertyOf,Leader ⊑p mayor,0,qwen-max-0125,0.0,8192,https://api2.aigcbest.top/v1,"判断结果：错误  
解释：Leader是一个更广泛的类别，而mayor是具体的一个角色，不应将Leader定义为mayor的子类。",0,1,
sample_0502,subPropertyOf,followedBy ⊑p nextEvent,0,qwen-max-0125,0.0,8192,https://api2.aigcbest.top/v1,"判断结果：正确  
解释：followedBy作为“被跟随”关系，可以合理地表示为nextEvent的子属性，符合事件顺序的语义约束。",1,0,
sample_0503,subPropertyOf,followedBy ⊑p nextMission,0,qwen-max-0125,0.0,8192,https://api2.aigcbest.top/v1,"判断结果：错误  
解释：属性“followedBy”通常表示时间或顺序上的跟随关系，而“nextMission”是一个具体的类，语义上不符合属性值域的约束。",0,1,
sample_0504,subPropertyOf,ColourName ⊑p officialSchoolColour,0,qwen-max-0125,0.0,8192,https://api2.aigcbest.top/v1,"判断结果：错误  
解释：属性“officialSchoolColour”通常用于描述学校官方颜色的值，而“ColourName”是一个类，表示颜色名称，二者语义上不构成子类关系。",0,1,
sample_0505,subPropertyOf,owner ⊑p owningOrganisation,0,qwen-max-0125,0.0,8192,https://api2.aigcbest.top/v1,"判断结果：错误  
解释：owner通常表示个体拥有者，而owningOrganisation表示组织作为拥有者，两者语义不匹配，不符合常识。",0,1,
sample_0506,subPropertyOf,code ⊑p postalCode,0,qwen-max-0125,0.0,8192,https://api2.aigcbest.top/v1,"判断结果：错误  
解释：属性`code`和`postalCode`之间没有明确的语义关联，且`code`通常是一个通用概念，不能直接断定其为`postalCode`的子属性。",0,1,
sample_0507,subPropertyOf,code ⊑p schoolCode,0,qwen-max-0125,0.0,8192,https://api2.aigcbest.top/v1,"判断结果：错误  
解释：根据常识，""code""是一个通用概念，而""schoolCode""是特定于学校的代码，前者不一定是后者的子类。",0,1,
sample_0508,subPropertyOf,Medalist ⊑p bronzeMedalist,0,qwen-max-0125,0.0,8192,https://api2.aigcbest.top/v1,"判断结果：错误  
解释：根据常识，Medalist（奖牌得主）是一个更广义的概念，而bronzeMedalist（铜牌得主）是其具体子集，应为bronzeMedalist ⊑ Medalist而非相反。",0,1,
sample_0509,subPropertyOf,championInDouble ⊑p championInDoubleFemale,0,qwen-max-0125,0.0,8192,https://api2.aigcbest.top/v1,"判断结果：错误  
解释：双打冠军（championInDouble）不应被定义为女子双打冠军（championInDoubleFemale）的子类，因为双打冠军是一个更广义的概念，包含男子双打、女子双打和混合双打等多种情况。",0,1,
sample_0510,subPropertyOf,championInDouble ⊑p championInMixedDouble,0,qwen-max-0125,0.0,8192,https://api2.aigcbest.top/v1,"判断结果：错误  
解释：双打冠军和混双冠军是不同的类别，前者不一定包含后者。",0,1,
sample_0511,subPropertyOf,championInSingle ⊑p championInSingleFemale,0,qwen-max-0125,0.0,8192,https://api2.aigcbest.top/v1,"判断结果：错误  
解释：男性单打冠军不可能是女性单打冠军的子类。",0,1,
sample_0512,subPropertyOf,Medalist ⊑p goldMedalist,0,qwen-max-0125,0.0,8192,https://api2.aigcbest.top/v1,"判断结果：错误  
解释：Medalist（奖牌获得者）是一个更广义的概念，而goldMedalist（金牌获得者）是其子集，公理方向错误。",0,1,
sample_0513,subPropertyOf,isPartOf ⊑p isPartOfAnatomicalStructure,0,qwen-max-0125,0.0,8192,https://api2.aigcbest.top/v1,"判断结果：错误  
解释：isPartOf 是一个通用的部分关系，而 isPartOfAnatomicalStructure 是特定于解剖结构的部分关系，前者不一定是后者的子属性。",0,1,
sample_0514,subPropertyOf,language ⊑p originalLanguage,0,qwen-max-0125,0.0,8192,https://api2.aigcbest.top/v1,"判断结果：错误  
解释：语言（language）是一个类，而原始语言（originalLanguage）是一个属性，类与属性之间不能直接使用子类关系（subClassOf）。",0,1,
sample_0515,subPropertyOf,releaseDate ⊑p premiereDate,0,qwen-max-0125,0.0,8192,https://api2.aigcbest.top/v1,"判断结果：错误  
解释：releaseDate和premiereDate是两个不同的时间属性，前者通常指正式发布日期，后者指首次公开亮相日期，二者并非子属性关系。",0,1,
sample_0516,subPropertyOf,releaseYear ⊑p premiereYear,0,qwen-max-0125,0.0,8192,https://api2.aigcbest.top/v1,"判断结果：错误  
解释：releaseYear和premiereYear的语义不同，前者指正式发行年份，后者指首次上映年份，两者并非子属性关系。",0,1,
sample_0517,subPropertyOf,Wins ⊑p rankingWins,0,qwen-max-0125,0.0,8192,https://api2.aigcbest.top/v1,"判断结果：错误  
解释：Wins通常表示“胜利”的概念，而rankingWins更倾向于表示“排名中的胜利”，前者并不一定是后者的子集，语义上不符合常识。",0,1,
sample_0518,subPropertyOf,Medalist ⊑p silverMedalist,0,qwen-max-0125,0.0,8192,https://api2.aigcbest.top/v1,"判断结果：错误  
解释：Medalist（奖牌得主）是一个更广义的概念，而silverMedalist（银牌得主）是其具体子集，公理方向应为silverMedalist ⊑ Medalist。",0,1,
sample_0519,subPropertyOf,code ⊑p atcCode,0,qwen-max-0125,0.0,8192,https://api2.aigcbest.top/v1,"判断结果：错误  
解释：根据常识，""code""和""atcCode""之间的关系未明确表达语义约束，且""code""作为通用概念不应直接被定义为""atcCode""的子类。",0,1,
sample_0520,subPropertyOf,characterInPlay ⊑p muteCharacterInPlay,0,qwen-max-0125,0.0,8192,https://api2.aigcbest.top/v1,"判断结果：错误  
解释：角色在戏剧中（characterInPlay）并不总是哑剧角色（muteCharacterInPlay），两者之间不存在必然的子类关系。",0,1,
sample_0521,subPropertyOf,characterInPlay ⊑p chorusCharacterInPlay,0,qwen-max-0125,0.0,8192,https://api2.aigcbest.top/v1,"判断结果：错误  
解释：根据常识，戏剧中的角色（characterInPlay）并不一定是合唱角色（chorusCharacterInPlay），两者之间不存在必然的子类关系。",0,1,
sample_0522,subPropertyOf,code ⊑p ceeb,0,qwen-max-0125,0.0,8192,https://api2.aigcbest.top/v1,"判断结果：错误  
解释：公理中使用的符号“⊑p”不是标准的RDFS语法，且“code”和“ceeb”之间的语义关系不明确，无法验证其合理性。",0,1,
sample_0523,subPropertyOf,code ⊑p aitaCode,0,qwen-max-0125,0.0,8192,https://api2.aigcbest.top/v1,"判断结果：错误  
解释：公理表达的关系不符合常识，""code""和""aitaCode""之间的子类关系缺乏明确的语义支持。",0,1,
sample_0524,subPropertyOf,runtime ⊑p albumRuntime,0,qwen-max-0125,0.0,8192,https://api2.aigcbest.top/v1,"判断结果：错误  
解释：根据常识，""runtime""通常表示运行时长，而""albumRuntime""特指专辑的时长，前者并不一定是后者的子类。",0,1,
sample_0525,subPropertyOf,colourHexCode ⊑p awayColourHexCode,0,qwen-max-0125,0.0,8192,https://api2.aigcbest.top/v1,"判断结果：错误  
解释：属性之间的子属性关系（subPropertyOf）在此处不合理，因为“colourHexCode”和“awayColourHexCode”在语义上没有明确的包含或继承关系。",0,1,
sample_0526,subPropertyOf,code ⊑p bibsysId,0,qwen-max-0125,0.0,8192,https://api2.aigcbest.top/v1,"判断结果：错误  
解释：根据常识和语义约束，`code` 和 `bibsysId` 之间没有明确的子类关系。",0,1,
sample_0527,subPropertyOf,code ⊑p bnfId,0,qwen-max-0125,0.0,8192,https://api2.aigcbest.top/v1,"判断结果：错误  
解释：根据常识和语义约束，`code` 和 `bnfId` 之间没有明确的子类关系。",0,1,
sample_0528,subPropertyOf,code ⊑p bpnId,0,qwen-max-0125,0.0,8192,https://api2.aigcbest.top/v1,"判断结果：错误  
解释：根据常识和语义约束，`code` 和 `bpnId` 之间没有明确的子类关系。",0,1,
sample_0529,subPropertyOf,code ⊑p brinCode,0,qwen-max-0125,0.0,8192,https://api2.aigcbest.top/v1,"判断结果：错误  
解释：根据常识和语义约束，`code` 和 `brinCode` 的关系未明确，且 `p` 不符合 RDFS 标准谓词的定义。",0,1,
sample_0530,subPropertyOf,champion ⊑p championInDouble,0,qwen-max-0125,0.0,8192,https://api2.aigcbest.top/v1,"判断结果：错误  
解释：常识上，一个“冠军”不一定是“双打冠军”，两者之间没有必然的子类关系。",0,1,
sample_0531,subPropertyOf,champion ⊑p championInSingle,0,qwen-max-0125,0.0,8192,https://api2.aigcbest.top/v1,"判断结果：错误  
解释：常识上，一个“冠军”不一定是“单打冠军”，因为冠军可能来自双打或其他形式的比赛。",0,1,
sample_0532,subPropertyOf,Leader ⊑p chief,0,qwen-max-0125,0.0,8192,https://api2.aigcbest.top/v1,"判断结果：错误  
解释：公理表达的“Leader是chief的子类”不符合常识语义，两者应为近义关系而非严格的子类关系。",0,1,
sample_0533,subPropertyOf,code ⊑p codeIndex,0,qwen-max-0125,0.0,8192,https://api2.aigcbest.top/v1,"判断结果：错误  
解释：根据常识，代码（code）和代码索引（codeIndex）是不同的概念，代码不一定是代码索引的子集。",0,1,
sample_0534,subPropertyOf,code ⊑p codeListOfHonour,0,qwen-max-0125,0.0,8192,https://api2.aigcbest.top/v1,"判断结果：错误  
解释：根据常识和语义约束，“code”作为一个通用概念，不应被定义为“codeListOfHonour”的子类，因为后者具有更具体的语义范围。",0,1,
sample_0535,subPropertyOf,Code ⊑p codeMemorial,0,qwen-max-0125,0.0,8192,https://api2.aigcbest.top/v1,"判断结果：错误  
解释：根据常识，""Code""和""codeMemorial""之间的""is-a""关系不符合语义逻辑，因为""Code""通常指代码本身，而""codeMemorial""可能指代码的纪念物或相关实体，二者并无明显的子类关系。",0,1,
sample_0536,subPropertyOf,code ⊑p codeMunicipalMonument,0,qwen-max-0125,0.0,8192,https://api2.aigcbest.top/v1,"判断结果：错误  
解释：根据常识，""code""作为一个通用概念，不应被定义为""codeMunicipalMonument""的子类，因为后者是更具体的领域概念。",0,1,
sample_0537,subPropertyOf,code ⊑p codeNationalMonument,0,qwen-max-0125,0.0,8192,https://api2.aigcbest.top/v1,"判断结果：错误  
解释：根据常识，""code""作为一个通用概念，不应被定义为""codeNationalMonument""的子类，因为后者是特定领域的代码类型，语义范围更窄。",0,1,
sample_0538,subPropertyOf,code ⊑p codeProvincialMonument,0,qwen-max-0125,0.0,8192,https://api2.aigcbest.top/v1,"判断结果：错误  
解释：根据常识，""code""作为一个通用概念，不应被定义为""codeProvincialMonument""的子类，因为后者具有特定领域含义，而前者过于宽泛。",0,1,
sample_0539,subPropertyOf,code ⊑p codeStockExchange,0,qwen-max-0125,0.0,8192,https://api2.aigcbest.top/v1,"判断结果：错误  
解释：代码（code）与股票交易所代码（codeStockExchange）之间没有明确的子类关系，语义上不合理。",0,1,
sample_0540,subPropertyOf,keyPerson ⊑p commandant,0,qwen-max-0125,0.0,8192,https://api2.aigcbest.top/v1,"判断结果：错误  
解释：根据常识，“关键人物”(keyPerson)并不一定是“指挥官”(commandant)，两者之间没有必然的子类关系。",0,1,
sample_0541,subPropertyOf,isoCode ⊑p communityIsoCode,0,qwen-max-0125,0.0,8192,https://api2.aigcbest.top/v1,"判断结果：错误  
解释：属性之间的子属性关系（subPropertyOf）需要语义上更具体或等价的约束，而`isoCode`和`communityIsoCode`在语义上没有明确的包含关系。",0,1,
sample_0542,subPropertyOf,code ⊑p dfE,0,qwen-max-0125,0.0,8192,https://api2.aigcbest.top/v1,"判断结果：错误  
解释：公理表达的关系不符合常识或语义约束，因为“code”和“dfE”之间的具体含义不明确且未体现合理的类或属性关系。",0,1,
sample_0543,subPropertyOf,Distance ⊑p distanceToCapital,0,qwen-max-0125,0.0,8192,https://api2.aigcbest.top/v1,"判断结果：错误  
解释：属性“distanceToCapital”的定义域应为具体实体（如城市或地点），而不是抽象概念“Distance”。",0,1,
sample_0544,subPropertyOf,code ⊑p dutchArtworkCode,0,qwen-max-0125,0.0,8192,https://api2.aigcbest.top/v1,"判断结果：错误  
解释：属性之间的子属性关系（subPropertyOf）需要语义上具有继承性，而“code”和“dutchArtworkCode”之间没有明显的语义继承关系。",0,1,
sample_0545,subPropertyOf,Code ⊑p dutchMIPCode,0,qwen-max-0125,0.0,8192,https://api2.aigcbest.top/v1,"判断结果：错误  
解释：公理表达的关系不符合常识，`Code` 和 `dutchMIPCode` 之间的语义关系不明确且未体现合理的层次结构。",0,1,
sample_0546,subPropertyOf,code ⊑p dutchNAIdentifier,0,qwen-max-0125,0.0,8192,https://api2.aigcbest.top/v1,"判断结果：错误  
解释：属性“code”与“dutchNAIdentifier”之间的子属性关系（subPropertyOf）不符合常识语义，因为“code”通常表示通用的编码概念，而“dutchNAIdentifier”特指荷兰的某种标识符，二者没有明显的语义继承关系。",0,1,
sample_0547,subPropertyOf,code ⊑p dutchPPNCode,0,qwen-max-0125,0.0,8192,https://api2.aigcbest.top/v1,"判断结果：错误  
解释：根据常识和语义约束，`code`作为一个通用概念，不应被定义为`dutchPPNCode`的子类，因为后者是特定领域的代码类型，语义范围更窄。",0,1,
sample_0548,subPropertyOf,code ⊑p dutchWinkelID,0,qwen-max-0125,0.0,8192,https://api2.aigcbest.top/v1,"判断结果：错误  
解释：属性“code”与“dutchWinkelID”之间的子属性关系（subPropertyOf）不符合常识语义，因为两者的命名和含义没有明显的继承或包含关系。",0,1,
sample_0549,subPropertyOf,closeTo ⊑p eastPlace,0,qwen-max-0125,0.0,8192,https://api2.aigcbest.top/v1,"判断结果：错误  
解释：closeTo表示“接近”的语义，而eastPlace表示“东方的地点”，两者之间没有合理的语义包含关系。",0,1,
sample_0550,subPropertyOf,codeSettlement ⊑p ekatteCode,0,qwen-max-0125,0.0,8192,https://api2.aigcbest.top/v1,"判断结果：错误  
解释：codeSettlement 和 ekatteCode 之间的关系不符合常识语义，且未明确体现合理的类或属性约束。",0,1,
sample_0551,subPropertyOf,artist ⊑p featuring,0,qwen-max-0125,0.0,8192,https://api2.aigcbest.top/v1,"判断结果：错误  
解释：艺术家（artist）和被特别提及（featuring）之间不存在明显的子类关系，语义上不合理。",0,1,
sample_0552,subPropertyOf,code ⊑p filmPolskiId,0,qwen-max-0125,0.0,8192,https://api2.aigcbest.top/v1,"判断结果：错误  
解释：属性“code”与“filmPolskiId”之间的子属性关系（subPropertyOf）不符合常识语义，因为“code”通常表示通用的编码，而“filmPolskiId”特指波兰电影的标识符，二者没有明显的语义继承关系。",0,1,
sample_0553,subPropertyOf,runtime ⊑p filmRuntime,0,qwen-max-0125,0.0,8192,https://api2.aigcbest.top/v1,"判断结果：错误  
解释：runtime和filmRuntime的语义不明确，且未体现合理的类或属性关系。",0,1,
sample_0554,subPropertyOf,publisher ⊑p firstPublisher,0,qwen-max-0125,0.0,8192,https://api2.aigcbest.top/v1,"判断结果：错误  
解释：根据常识，""publisher""（出版者）是一个更广泛的概念，而""firstPublisher""（首次出版者）是其特定子集，因此应为""firstPublisher ⊑p publisher""。",0,1,
sample_0555,subPropertyOf,altitude ⊑p highestAltitude,0,qwen-max-0125,0.0,8192,https://api2.aigcbest.top/v1,"判断结果：错误  
解释：altitude通常表示海拔高度，而highestAltitude表示最高海拔，前者不是后者的子属性，语义上不符合常识。",0,1,
sample_0556,subPropertyOf,colourHexCode ⊑p homeColourHexCode,0,qwen-max-0125,0.0,8192,https://api2.aigcbest.top/v1,"判断结果：错误  
解释：属性之间的子属性关系（subPropertyOf）需要语义上更具体或等价的约束，而“colourHexCode”和“homeColourHexCode”在语义上没有明确的包含关系。",0,1,
sample_0557,subPropertyOf,code ⊑p individualisedGnd,0,qwen-max-0125,0.0,8192,https://api2.aigcbest.top/v1,"判断结果：错误  
解释：代码（code）通常表示一种抽象的符号系统，与个体化地名（individualisedGnd）无直接语义包含关系。",0,1,
sample_0558,subPropertyOf,code ⊑p isniId,0,qwen-max-0125,0.0,8192,https://api2.aigcbest.top/v1,"判断结果：错误  
解释：根据常识，`code`和`isniId`之间没有明确的子类关系，`code`通常表示一般编码，而`isniId`是特定的国际标准名称标识符，二者语义不符。",0,1,
sample_0559,subPropertyOf,code ⊑p lccnId,0,qwen-max-0125,0.0,8192,https://api2.aigcbest.top/v1,"判断结果：错误  
解释：code和lccnId之间没有明确的语义关联，且code通常表示代码，而lccnId表示图书馆分类号，两者不存在子类关系。",0,1,
sample_0560,subPropertyOf,altitude ⊑p lowestAltitude,0,qwen-max-0125,0.0,8192,https://api2.aigcbest.top/v1,"判断结果：错误  
解释：海拔（altitude）是一个具体的数值属性，而最低海拔（lowestAltitude）是特定范围内的一个值，前者不能被语义上视为后者的子属性。",0,1,
sample_0561,domain,domain(deathPlace) = Airline,0,qwen-max-0125,0.0,8192,https://api2.aigcbest.top/v1,"判断结果：错误  
解释：属性“deathPlace”的定义域不应是“Airline”，因为“死亡地点”与“航空公司”之间没有合理的语义关联。",0,1,
sample_0562,domain,domain(deathDate) = Disease,0,qwen-max-0125,0.0,8192,https://api2.aigcbest.top/v1,"判断结果：错误  
解释：死亡日期（deathDate）的定义域通常应为与生命体相关的类（如人或动物），而不是疾病（Disease）。",0,1,
sample_0563,domain,domain(birthPlace) = Museum,0,qwen-max-0125,0.0,8192,https://api2.aigcbest.top/v1,"判断结果：错误  
解释：出生地点（birthPlace）的定义域通常应为生物或人，而不是博物馆（Museum）。",0,1,
sample_0564,domain,domain(birthDate) = Biomolecule,0,qwen-max-0125,0.0,8192,https://api2.aigcbest.top/v1,"判断结果：错误  
解释：属性birthDate的定义域不应是Biomolecule，因为出生日期通常与生物分子无关，而更可能与人或动物相关。",0,1,
sample_0565,domain,domain(curator) = ArchitecturalStructure,0,qwen-max-0125,0.0,8192,https://api2.aigcbest.top/v1,"判断结果：错误  
解释：属性curator（馆长/策展人）的定义域通常应与人员或角色相关，而不是建筑结构（ArchitecturalStructure）。",0,1,
sample_0566,domain,domain(vehiclesInFleet) = EducationalInstitution,0,qwen-max-0125,0.0,8192,https://api2.aigcbest.top/v1,"判断结果：错误  
解释：属性“vehiclesInFleet”的定义域通常应与车队相关的实体（如组织或机构）相关，而“EducationalInstitution”过于具体且不符合常识语义。",0,1,
sample_0567,domain,domain(associatedRocket) = Saint,0,qwen-max-0125,0.0,8192,https://api2.aigcbest.top/v1,"判断结果：错误  
解释：属性“associatedRocket”的定义域不应是具体个体“Saint”，而应是类或更抽象的概念。",0,1,
sample_0568,domain,domain(firstLaunchDate) = Drug,0,qwen-max-0125,0.0,8192,https://api2.aigcbest.top/v1,"判断结果：错误  
解释：药物（Drug）的首次上市日期（firstLaunchDate）不应作为药物的定义域，而应是属性的值域为日期类型。",0,1,
sample_0569,domain,domain(firstLaunchRocket) = Scientist,0,qwen-max-0125,0.0,8192,https://api2.aigcbest.top/v1,"判断结果：错误  
解释：首次发射火箭的主体通常不是科学家，而是航天机构或工程师团队。",0,1,
sample_0570,domain,domain(lastLaunchDate) = ChemicalSubstance,0,qwen-max-0125,0.0,8192,https://api2.aigcbest.top/v1,"判断结果：错误  
解释：属性lastLaunchDate的定义域不应是ChemicalSubstance，因为“最后发射日期”通常与火箭或航天器相关，而非化学物质。",0,1,
sample_0571,domain,domain(lastLaunchRocket) = Place,0,qwen-max-0125,0.0,8192,https://api2.aigcbest.top/v1,"判断结果：错误  
解释：属性“lastLaunchRocket”的定义域应与火箭发射相关实体（如火箭或发射事件）相关，而不是地点（Place）。",0,1,
sample_0572,domain,domain(numberOfPads) = MeanOfTransportation,0,qwen-max-0125,0.0,8192,https://api2.aigcbest.top/v1,"判断结果：错误  
解释：属性“numberOfPads”的定义域不应是“MeanOfTransportation”，因为“numberOfPads”通常与某种具体设备或物体相关，而非交通工具。",0,1,
sample_0573,domain,domain(previousInfrastructure) = PublicTransitSystem,0,qwen-max-0125,0.0,8192,https://api2.aigcbest.top/v1,"判断结果：错误  
解释：属性“previousInfrastructure”的定义域不应限定为“PublicTransitSystem”，因为基础设施的前序关系可以适用于更广泛的领域，而不仅限于公共交通系统。",0,1,
sample_0574,domain,domain(subsequentInfrastructure) = Museum,0,qwen-max-0125,0.0,8192,https://api2.aigcbest.top/v1,"判断结果：错误  
解释：属性“subsequentInfrastructure”的定义域设置为“Museum”不符合常识，因为“subsequentInfrastructure”通常与基础设施相关，而博物馆只是特定类型的地点或建筑。",0,1,
sample_0575,domain,domain(meltingPoint) = School,0,qwen-max-0125,0.0,8192,https://api2.aigcbest.top/v1,"判断结果：错误  
解释：熔点（meltingPoint）的定义域通常应为物质或材料类，而不是学校（School）。",0,1,
sample_0576,domain,domain(meltingPoint) = EducationalInstitution,0,qwen-max-0125,0.0,8192,https://api2.aigcbest.top/v1,"判断结果：错误  
解释：熔点（meltingPoint）的定义域应为物质或材料类，而非教育机构（EducationalInstitution）。",0,1,
sample_0577,domain,domain(aoCloassification) = SpaceMission,0,qwen-max-0125,0.0,8192,https://api2.aigcbest.top/v1,"判断结果：错误  
解释：属性“aoCloassification”的定义域被指定为“SpaceMission”，但根据常识，“aoCloassification”看起来更像是一个分类相关的属性，其定义域应更广泛或与分类相关，而不是特定的“SpaceMission”。",0,1,
sample_0578,domain,domain(nciId) = AdministrativeRegion,0,qwen-max-0125,0.0,8192,https://api2.aigcbest.top/v1,"判断结果：错误  
解释：nciId 通常表示唯一标识符，其定义域不应限定为 AdministrativeRegion，这不符合常识和语义约束。",0,1,
sample_0579,domain,domain(suppreddedDate) = Museum,0,qwen-max-0125,0.0,8192,https://api2.aigcbest.top/v1,"判断结果：错误  
解释：属性suppreddedDate的定义域不应是Museum，因为日期属性通常与时间相关，而非直接与博物馆实体相关。",0,1,
sample_0580,domain,domain(releaseLocation) = AcademicJournal,0,qwen-max-0125,0.0,8192,https://api2.aigcbest.top/v1,"判断结果：错误  
解释：发布地点（releaseLocation）的定义域通常应为某种实体（如论文或出版物），而不是学术期刊（AcademicJournal）。",0,1,
sample_0581,domain,domain(canBaggageChecked) = Protein,0,qwen-max-0125,0.0,8192,https://api2.aigcbest.top/v1,"判断结果：错误  
解释：canBaggageChecked的定义域为Protein不符合常识，因为“可以托运的行李”通常与生物领域的“蛋白质”无关。",0,1,
sample_0582,domain,domain(chemicalFormula) = Island,0,qwen-max-0125,0.0,8192,https://api2.aigcbest.top/v1,"判断结果：错误  
解释：化学式（chemicalFormula）的定义域通常应为化学物质或相关实体，而不是“岛屿（Island）”，这不符合常识和语义约束。",0,1,
sample_0583,domain,domain(formerBroadcastNetwork) = Scientist,0,qwen-max-0125,0.0,8192,https://api2.aigcbest.top/v1,"判断结果：错误  
解释：属性formerBroadcastNetwork的定义域不应是Scientist，因为“以前的广播网络”与“科学家”之间没有合理的语义关联。",0,1,
sample_0584,domain,domain(lastAirDate) = Lake,0,qwen-max-0125,0.0,8192,https://api2.aigcbest.top/v1,"判断结果：错误  
解释：属性“lastAirDate”的定义域应为与日期相关的实体，而不是“Lake”这种地理实体。",0,1,
sample_0585,domain,domain(locusSupplementaryData) = EducationalInstitution,0,qwen-max-0125,0.0,8192,https://api2.aigcbest.top/v1,"判断结果：错误  
解释：属性“locusSupplementaryData”的定义域被限制为“EducationalInstitution”，但根据常识，“locusSupplementaryData”可能适用于更广泛的实体，而不仅限于教育机构。",0,1,
sample_0586,domain,domain(lowerAge) = Person,0,qwen-max-0125,0.0,8192,https://api2.aigcbest.top/v1,"判断结果：错误  
解释：属性lowerAge的定义域应为与年龄相关的类（如Person或具体年龄段的类），而不是直接定义为Person。",0,1,
sample_0587,domain,domain(numberOfGraduateStudents) = Place,0,qwen-max-0125,0.0,8192,https://api2.aigcbest.top/v1,"判断结果：错误  
解释：属性“numberOfGraduateStudents”的定义域应为教育机构或类似概念，而非“Place”。",0,1,
sample_0588,domain,domain(pictureFormat) = Biomolecule,0,qwen-max-0125,0.0,8192,https://api2.aigcbest.top/v1,"判断结果：错误  
解释：属性“pictureFormat”通常与图像格式相关，而“Biomolecule”是生物分子领域的一个类，二者语义不符。",0,1,
sample_0589,domain,domain(reopeningDate) = Animal,0,qwen-max-0125,0.0,8192,https://api2.aigcbest.top/v1,"判断结果：错误  
解释：属性“reopeningDate”通常与日期相关，而“Animal”作为定义域不符合常识语义。",0,1,
sample_0590,domain,domain(sisterCollege) = Station,0,qwen-max-0125,0.0,8192,https://api2.aigcbest.top/v1,"判断结果：错误  
解释：属性“sisterCollege”的定义域不应是“Station”，因为“sisterCollege”通常用于描述教育机构之间的关系，而“Station”与教育机构无直接关联。",0,1,
sample_0591,domain,domain(uniprot) = MeanOfTransportation,0,qwen-max-0125,0.0,8192,https://api2.aigcbest.top/v1,"判断结果：错误  
解释：UniProt是一个与蛋白质序列和功能注释相关的数据库，与交通工具（MeanOfTransportation）无任何语义关联。",0,1,
sample_0592,domain,domain(upperAge) = Engine,0,qwen-max-0125,0.0,8192,https://api2.aigcbest.top/v1,"判断结果：错误  
解释：属性“upperAge”的定义域为“Engine”不符合常识，因为“upperAge”通常与年龄相关，而“Engine”是机械领域概念，二者无直接关联。",0,1,
sample_0593,domain,domain(projectBudgetFunding) = Biomolecule,0,qwen-max-0125,0.0,8192,https://api2.aigcbest.top/v1,"判断结果：错误  
解释：项目预算资金（projectBudgetFunding）的定义域通常与项目或组织相关，而与生物分子（Biomolecule）无直接语义关联。",0,1,
sample_0594,domain,domain(projectBudgetTotal) = Work,0,qwen-max-0125,0.0,8192,https://api2.aigcbest.top/v1,"判断结果：错误  
解释：项目总预算（projectBudgetTotal）的定义域通常应为项目（Project）或类似概念，而非“工作（Work）”。",0,1,
sample_0595,domain,domain(projectEndDate) = School,0,qwen-max-0125,0.0,8192,https://api2.aigcbest.top/v1,"判断结果：错误  
解释：项目结束日期的定义域通常应与项目或相关实体关联，而不是学校。",0,1,
sample_0596,domain,domain(projectStartDate) = Engine,0,qwen-max-0125,0.0,8192,https://api2.aigcbest.top/v1,"判断结果：错误  
解释：项目开始日期的定义域通常应为项目或相关实体，而不是“引擎”。",0,1,
sample_0597,domain,domain(otherChannel) = Drug,0,qwen-max-0125,0.0,8192,https://api2.aigcbest.top/v1,"判断结果：错误  
解释：属性otherChannel的定义域为Drug不符合常识，因为“其他渠道”通常与药物类无直接语义关联。",0,1,
sample_0598,domain,domain(statisticYear) = ChemicalSubstance,0,qwen-max-0125,0.0,8192,https://api2.aigcbest.top/v1,"判断结果：错误  
解释：统计年份（statisticYear）的定义域通常应与时间或数据相关，而不是化学物质（ChemicalSubstance）。",0,1,
sample_0599,domain,domain(diameter) = Automobile,0,qwen-max-0125,0.0,8192,https://api2.aigcbest.top/v1,"判断结果：错误  
解释：直径（diameter）通常是一个数值属性，不应限定其定义域为汽车（Automobile）。",0,1,
sample_0600,domain,domain(fuelTypeName) = Drug,0,qwen-max-0125,0.0,8192,https://api2.aigcbest.top/v1,"判断结果：错误  
解释：燃料类型名称（fuelTypeName）的定义域不可能是药物（Drug），这不符合常识和语义约束。",0,1,
sample_0601,domain,domain(argueDate) = PowerStation,0,qwen-max-0125,0.0,8192,https://api2.aigcbest.top/v1,"判断结果：错误  
解释：属性“argueDate”的定义域为“PowerStation”不符合常识，因为“argueDate”通常与日期相关，而“PowerStation”是实体类概念。",0,1,
sample_0602,domain,domain(decideDate) = PowerStation,0,qwen-max-0125,0.0,8192,https://api2.aigcbest.top/v1,"判断结果：错误  
解释：属性“decideDate”的定义域为“PowerStation”不符合常识，因为“决定日期”通常与事件或决策相关，而非直接与“电站”这一实体相关。",0,1,
sample_0603,domain,domain(numberOfClassrooms) = AdministrativeRegion,0,qwen-max-0125,0.0,8192,https://api2.aigcbest.top/v1,"判断结果：错误  
解释：属性“numberOfClassrooms”的定义域通常应为与学校或建筑物相关的类，而不是“AdministrativeRegion”。",0,1,
sample_0604,domain,domain(wheelbase) = College,0,qwen-max-0125,0.0,8192,https://api2.aigcbest.top/v1,"判断结果：错误  
解释：属性“wheelbase”（轴距）通常与车辆相关，而“College”（学院）作为定义域不符合常识语义。",0,1,
sample_0605,domain,domain(floorArea) = PublicTransitSystem,0,qwen-max-0125,0.0,8192,https://api2.aigcbest.top/v1,"判断结果：错误  
解释：属性“floorArea”通常与建筑物或房间相关，而“PublicTransitSystem”表示公共交通系统，二者语义不符。",0,1,
sample_0606,domain,domain(length) = Planet,0,qwen-max-0125,0.0,8192,https://api2.aigcbest.top/v1,"判断结果：错误  
解释：长度属性通常用于描述物体的尺寸，而不是行星这一类天体的固有属性。",0,1,
sample_0607,domain,domain(areaOfCatchment) = Scientist,0,qwen-max-0125,0.0,8192,https://api2.aigcbest.top/v1,"判断结果：错误  
解释：属性“areaOfCatchment”的定义域设置为“Scientist”不符合常识，因为“集水区面积”通常与地理或环境领域相关，而非科学家。",0,1,
sample_0608,domain,domain(shoreLength) = Disease,0,qwen-max-0125,0.0,8192,https://api2.aigcbest.top/v1,"判断结果：错误  
解释：shoreLength（海岸线长度）的定义域不可能是Disease（疾病），因为海岸线长度与疾病无直接关联，不符合常识和语义约束。",0,1,
sample_0609,domain,domain(volume) = Automobile,0,qwen-max-0125,0.0,8192,https://api2.aigcbest.top/v1,"判断结果：错误  
解释：属性“volume”通常表示体积或容量，其定义域不应限定为“Automobile”，因为体积可以适用于许多其他实体类型。",0,1,
sample_0610,domain,domain(height) = ChemicalSubstance,0,qwen-max-0125,0.0,8192,https://api2.aigcbest.top/v1,"判断结果：错误  
解释：高度（height）通常用于描述物理对象的垂直尺寸，而化学物质（ChemicalSubstance）作为抽象或微观概念，不适合用高度来描述。",0,1,
sample_0611,domain,domain(length) = AcademicJournal,0,qwen-max-0125,0.0,8192,https://api2.aigcbest.top/v1,"判断结果：错误  
解释：长度属性通常用于描述物理对象或文本的长度，而学术期刊是一个抽象概念，不适合作为长度属性的定义域。",0,1,
sample_0612,domain,domain(weight) = ResearchProject,0,qwen-max-0125,0.0,8192,https://api2.aigcbest.top/v1,"判断结果：错误  
解释：重量（weight）属性的定义域通常应为物理对象或实体，而非研究项目（ResearchProject）。",0,1,
sample_0613,domain,domain(width) = Airline,0,qwen-max-0125,0.0,8192,https://api2.aigcbest.top/v1,"判断结果：错误  
解释：宽度（width）的定义域通常与物理对象或几何形状相关，而不是航空公司（Airline）。",0,1,
sample_0614,domain,domain(height) = Settlement,0,qwen-max-0125,0.0,8192,https://api2.aigcbest.top/v1,"判断结果：错误  
解释：高度（height）通常与物理对象或地理特征相关，而不是与定居点（Settlement）直接相关。",0,1,
sample_0615,domain,domain(weight) = SupremeCourtOfTheUnitedStatesCase,0,qwen-max-0125,0.0,8192,https://api2.aigcbest.top/v1,"判断结果：错误  
解释：重量（weight）的定义域不应是“美国最高法院案件”，这不符合常识和语义约束。",0,1,
sample_0616,domain,domain(apoapsis) = Ship,0,qwen-max-0125,0.0,8192,https://api2.aigcbest.top/v1,"判断结果：错误  
解释：apoapsis（远地点）通常与天体或轨道相关，而不是与Ship（船）直接相关，语义上不符合常识。",0,1,
sample_0617,domain,domain(averageSpeed) = Protein,0,qwen-max-0125,0.0,8192,https://api2.aigcbest.top/v1,"判断结果：错误  
解释：averageSpeed通常与速度相关，而Protein是生物化学领域的概念，二者语义不符。",0,1,
sample_0618,domain,domain(density) = Infrastructure,0,qwen-max-0125,0.0,8192,https://api2.aigcbest.top/v1,"判断结果：错误  
解释：属性“density”（密度）通常与物理对象或材料相关，而“Infrastructure”（基础设施）作为其定义域不符合常识语义。",0,1,
sample_0619,domain,domain(mass) = PublicTransitSystem,0,qwen-max-0125,0.0,8192,https://api2.aigcbest.top/v1,"判断结果：错误  
解释：质量（mass）通常是一个物理属性，其定义域不应是公共交通系统（PublicTransitSystem）。",0,1,
sample_0620,domain,domain(maximumTemperature) = EducationalInstitution,0,qwen-max-0125,0.0,8192,https://api2.aigcbest.top/v1,"判断结果：错误  
解释：属性“maximumTemperature”的定义域通常应与温度相关实体关联，而非“EducationalInstitution”。",0,1,
sample_0621,domain,domain(meanRadius) = ResearchProject,0,qwen-max-0125,0.0,8192,https://api2.aigcbest.top/v1,"判断结果：错误  
解释：属性meanRadius的定义域通常应与具有“平均半径”特征的对象相关，而ResearchProject（研究项目）作为抽象概念不符合这一语义约束。",0,1,
sample_0622,domain,domain(meanTemperature) = ChemicalSubstance,0,qwen-max-0125,0.0,8192,https://api2.aigcbest.top/v1,"判断结果：错误  
解释：属性meanTemperature的定义域不应是ChemicalSubstance，因为“平均温度”通常与物理对象或环境相关，而非化学物质本身。",0,1,
sample_0623,domain,domain(minimumTemperature) = EducationalInstitution,0,qwen-max-0125,0.0,8192,https://api2.aigcbest.top/v1,"判断结果：错误  
解释：属性“minimumTemperature”通常与温度相关，而其定义域设置为“EducationalInstitution”不符合常识语义。",0,1,
sample_0624,domain,domain(orbitalPeriod) = Drug,0,qwen-max-0125,0.0,8192,https://api2.aigcbest.top/v1,"判断结果：错误  
解释：orbitalPeriod（轨道周期）通常与天体相关，而Drug（药物）与其语义不符，定义域设置不合理。",0,1,
sample_0625,domain,domain(periapsis) = Automobile,0,qwen-max-0125,0.0,8192,https://api2.aigcbest.top/v1,"判断结果：错误  
解释：periapsis通常指天文学中的近心点，与Automobile无直接语义关联。",0,1,
sample_0626,domain,domain(temperature) = Biomolecule,0,qwen-max-0125,0.0,8192,https://api2.aigcbest.top/v1,"判断结果：错误  
解释：温度（temperature）通常是一个物理量，与生物分子（Biomolecule）无直接语义关联，定义域不符合常识。",0,1,
sample_0627,domain,domain(volume) = Airline,0,qwen-max-0125,0.0,8192,https://api2.aigcbest.top/v1,"判断结果：错误  
解释：属性“volume”通常与物理量或音量相关，而“Airline”表示航空公司，二者语义不符。",0,1,
sample_0628,domain,domain(area) = SupremeCourtOfTheUnitedStatesCase,0,qwen-max-0125,0.0,8192,https://api2.aigcbest.top/v1,"判断结果：错误  
解释：属性“area”通常表示某个实体的领域或范围，而“SupremeCourtOfTheUnitedStatesCase”是一个特定类，语义上不适合作为“area”的定义域。",0,1,
sample_0629,domain,domain(areaMetro) = Station,0,qwen-max-0125,0.0,8192,https://api2.aigcbest.top/v1,"判断结果：错误  
解释：属性“areaMetro”的定义域为“Station”不符合常识，因为“areaMetro”通常与地理区域相关，而“Station”是一个具体的实体类型。",0,1,
sample_0630,domain,domain(areaTotal) = SupremeCourtOfTheUnitedStatesCase,0,qwen-max-0125,0.0,8192,https://api2.aigcbest.top/v1,"判断结果：错误  
解释：属性“areaTotal”的定义域通常应与地理区域或物理空间相关，而“SupremeCourtOfTheUnitedStatesCase”是法律领域的概念，二者语义不符。",0,1,
sample_0631,domain,domain(areaUrban) = PowerStation,0,qwen-max-0125,0.0,8192,https://api2.aigcbest.top/v1,"判断结果：错误  
解释：属性“areaUrban”的定义域不应是“PowerStation”，因为城市区域与发电站之间没有直接的定义域关系。",0,1,
sample_0632,domain,domain(populationDensity) = School,0,qwen-max-0125,0.0,8192,https://api2.aigcbest.top/v1,"判断结果：错误  
解释：属性“populationDensity”（人口密度）的定义域通常应为地理区域或类似概念，而非“School”（学校）。",0,1,
sample_0633,domain,domain(populationMetroDensity) = Biomolecule,0,qwen-max-0125,0.0,8192,https://api2.aigcbest.top/v1,"判断结果：错误  
解释：属性“populationMetroDensity”通常与人口密度相关，而其定义域被指定为“Biomolecule”，这不符合常识和语义约束。",0,1,
sample_0634,domain,domain(populationUrbanDensity) = Island,0,qwen-max-0125,0.0,8192,https://api2.aigcbest.top/v1,"判断结果：错误  
解释：属性“populationUrbanDensity”（城市人口密度）的定义域通常应为城市或区域，而不是“Island”（岛屿），因为岛屿不一定是城市或具有城市人口密度的概念。",0,1,
sample_0635,domain,domain(fileSize) = Infrastructure,0,qwen-max-0125,0.0,8192,https://api2.aigcbest.top/v1,"判断结果：错误  
解释：文件大小（fileSize）的定义域通常应与文件或数据对象相关，而不是与基础设施（Infrastructure）直接相关。",0,1,
sample_0636,domain,domain(missionDuration) = AdministrativeRegion,0,qwen-max-0125,0.0,8192,https://api2.aigcbest.top/v1,"判断结果：错误  
解释：任务持续时间（missionDuration）的定义域不应是行政区域（AdministrativeRegion），二者语义不符。",0,1,
sample_0637,domain,domain(runtime) = Airline,0,qwen-max-0125,0.0,8192,https://api2.aigcbest.top/v1,"判断结果：错误  
解释：属性“runtime”通常与时间相关，而“Airline”是航空公司类，二者语义不符。",0,1,
sample_0638,domain,domain(absoluteMagnitude) = Station,0,qwen-max-0125,0.0,8192,https://api2.aigcbest.top/v1,"判断结果：错误  
解释：绝对星等（absoluteMagnitude）是一个天文学中的数值属性，通常用于描述天体的亮度，其定义域不可能是“Station”（站点），这不符合常识和领域知识。",0,1,
sample_0639,domain,domain(academicAdvisor) = ArchitecturalStructure,0,qwen-max-0125,0.0,8192,https://api2.aigcbest.top/v1,"判断结果：错误  
解释：学术顾问（academicAdvisor）的定义域通常应为与人相关的类，而不是建筑结构（ArchitecturalStructure）。",0,1,
sample_0640,domain,domain(academicDiscipline) = Station,0,qwen-max-0125,0.0,8192,https://api2.aigcbest.top/v1,"判断结果：错误  
解释：学术领域（academicDiscipline）的定义域不应是“Station”，因为“Station”通常指代物理地点，与学术领域无直接语义关联。",0,1,
sample_0641,domain,domain(acquirementDate) = Planet,0,qwen-max-0125,0.0,8192,https://api2.aigcbest.top/v1,"判断结果：错误  
解释：属性“acquirementDate”通常与时间相关，而“Planet”作为类不符合其定义域的语义约束。",0,1,
sample_0642,domain,domain(activeYears) = Automobile,0,qwen-max-0125,0.0,8192,https://api2.aigcbest.top/v1,"判断结果：错误  
解释：activeYears的定义域不应是Automobile，因为“活跃年份”通常与人或组织相关，而非汽车。",0,1,
sample_0643,domain,domain(address) = Biomolecule,0,qwen-max-0125,0.0,8192,https://api2.aigcbest.top/v1,"判断结果：错误  
解释：属性“address”通常与地点或位置相关，而“Biomolecule”表示生物分子，二者语义不符。",0,1,
sample_0644,domain,domain(administrativeCenter) = Airline,0,qwen-max-0125,0.0,8192,https://api2.aigcbest.top/v1,"判断结果：错误  
解释：属性“administrativeCenter”的定义域不应是“Airline”，因为航空公司的行政中心通常与地理或组织实体相关，而非航空公司本身。",0,1,
sample_0645,domain,domain(administrativeCollectivity) = AcademicJournal,0,qwen-max-0125,0.0,8192,https://api2.aigcbest.top/v1,"判断结果：错误  
解释：行政实体（administrativeCollectivity）的定义域不可能是学术期刊（AcademicJournal），二者语义不符。",0,1,
sample_0646,domain,domain(administrativeDistrict) = EducationalInstitution,0,qwen-max-0125,0.0,8192,https://api2.aigcbest.top/v1,"判断结果：错误  
解释：属性“administrativeDistrict”的定义域不应是“EducationalInstitution”，因为行政区域通常与地理或行政区划相关，而非教育机构。",0,1,
sample_0647,domain,domain(agency) = BaseballPlayer,0,qwen-max-0125,0.0,8192,https://api2.aigcbest.top/v1,"判断结果：错误  
解释：属性“agency”的定义域不应特指“BaseballPlayer”，因为“agency”通常表示代理关系，适用于更广泛的主体。",0,1,
sample_0648,domain,domain(agencyStationCode) = LaunchPad,0,qwen-max-0125,0.0,8192,https://api2.aigcbest.top/v1,"判断结果：错误  
解释：属性“agencyStationCode”的定义域不应是具体的实体“LaunchPad”，而应是更抽象的类或概念。",0,1,
sample_0649,domain,domain(albedo) = EducationalInstitution,0,qwen-max-0125,0.0,8192,https://api2.aigcbest.top/v1,"判断结果：错误  
解释：albedo（反照率）通常与反射率相关，与EducationalInstitution无直接语义关联。",0,1,
sample_0650,domain,domain(allegiance) = PublicTransitSystem,0,qwen-max-0125,0.0,8192,https://api2.aigcbest.top/v1,"判断结果：错误  
解释：属性“allegiance”的定义域为“PublicTransitSystem”不符合常识，因为“allegiance”通常与人或组织的忠诚相关，而非公共交通系统。",0,1,
sample_0651,domain,domain(alliance) = BaseballPlayer,0,qwen-max-0125,0.0,8192,https://api2.aigcbest.top/v1,"判断结果：错误  
解释：属性“alliance”的定义域设置为“BaseballPlayer”不符合常识，因为“alliance”通常表示联盟或合作关系，与“BaseballPlayer”无直接语义关联。",0,1,
sample_0652,domain,domain(almaMater) = Building,0,qwen-max-0125,0.0,8192,https://api2.aigcbest.top/v1,"判断结果：错误  
解释：属性“almaMater”通常表示某人的母校，其定义域应为“人”或相关概念，而非“建筑”。",0,1,
sample_0653,domain,domain(apoapsis) = Biomolecule,0,qwen-max-0125,0.0,8192,https://api2.aigcbest.top/v1,"判断结果：错误  
解释：apoapsis（远地点）是一个天文学概念，与Biomolecule（生物分子）无直接语义关联，定义域不符合常识。",0,1,
sample_0654,domain,domain(apparentMagnitude) = Infrastructure,0,qwen-max-0125,0.0,8192,https://api2.aigcbest.top/v1,"判断结果：错误  
解释：apparentMagnitude（视星等）是一个天文学概念，通常用于描述天体的亮度，与Infrastructure（基础设施）无直接语义关联。",0,1,
sample_0655,domain,domain(archipelago) = School,0,qwen-max-0125,0.0,8192,https://api2.aigcbest.top/v1,"判断结果：错误  
解释：属性“archipelago”（群岛）的定义域不可能是“School”（学校），二者在语义上无合理关联。",0,1,
sample_0656,domain,domain(architect) = Ship,0,qwen-max-0125,0.0,8192,https://api2.aigcbest.top/v1,"判断结果：错误  
解释：建筑师（architect）的定义域通常与建筑或设计相关，而不是船舶（Ship）。",0,1,
sample_0657,domain,domain(architecturalStyle) = BaseballPlayer,0,qwen-max-0125,0.0,8192,https://api2.aigcbest.top/v1,"判断结果：错误  
解释：属性“architecturalStyle”的定义域不应是“BaseballPlayer”，因为建筑风格与棒球运动员之间没有合理的语义关联。",0,1,
sample_0658,domain,domain(areaCode) = School,0,qwen-max-0125,0.0,8192,https://api2.aigcbest.top/v1,"判断结果：错误  
解释：areaCode通常表示区域代码，与School无直接语义关联，定义域应为地理相关类而非学校。",0,1,
sample_0659,domain,domain(areaLand) = Island,0,qwen-max-0125,0.0,8192,https://api2.aigcbest.top/v1,"判断结果：错误  
解释：属性“areaLand”的定义域不应仅限于“Island”，因为陆地面积可以适用于更广泛的地理实体，如国家、大陆等。",0,1,
sample_0660,domain,domain(areaOfCatchment) = Software,0,qwen-max-0125,0.0,8192,https://api2.aigcbest.top/v1,"判断结果：错误  
解释：属性“areaOfCatchment”通常与地理或环境领域相关，而“Software”作为定义域不符合常识语义。",0,1,
sample_0661,range,range(deathPlace) = Broadcaster,0,qwen-max-0125,0.0,8192,https://api2.aigcbest.top/v1,"判断结果：错误  
解释：死亡地点（deathPlace）的值域通常应为地理位置或相关实体，而不是广播公司（Broadcaster）。",0,1,
sample_0662,range,range(birthPlace) = Country,0,qwen-max-0125,0.0,8192,https://api2.aigcbest.top/v1,"判断结果：错误  
解释：出生地（birthPlace）的值域通常是一个具体的地点（如城市或地区），而不仅仅是国家（Country）。",0,1,
sample_0663,range,range(location) = College,0,qwen-max-0125,0.0,8192,https://api2.aigcbest.top/v1,"判断结果：错误  
解释：属性location的值域不应仅限定为College，因为位置可以有多种类型，如城市、国家等。",0,1,
sample_0664,range,range(place) = Band,0,qwen-max-0125,0.0,8192,https://api2.aigcbest.top/v1,"判断结果：错误  
解释：属性place的值域通常应为地理位置或地点相关概念，而Band（乐队）与地点无直接语义关联。",0,1,
sample_0665,range,range(associate) = BroadcastNetwork,0,qwen-max-0125,0.0,8192,https://api2.aigcbest.top/v1,"判断结果：错误  
解释：属性“associate”的值域被定义为“BroadcastNetwork”，但“associate”通常表示某种关联关系，其值域不应局限于特定的类。",0,1,
sample_0666,range,range(curator) = Agent,0,qwen-max-0125,0.0,8192,https://api2.aigcbest.top/v1,"判断结果：正确  
解释：curator（管理者）的值域为Agent（代理/主体）符合常识，因为管理者通常是一个能执行操作的实体。",1,0,
sample_0667,range,range(vehiclesInFleet) = Company,0,qwen-max-0125,0.0,8192,https://api2.aigcbest.top/v1,"判断结果：错误  
解释：属性“vehiclesInFleet”的值域应为某种车辆类型，而不是“Company”。",0,1,
sample_0668,range,range(associatedRocket) = MusicGenre,0,qwen-max-0125,0.0,8192,https://api2.aigcbest.top/v1,"判断结果：错误  
解释：属性“associatedRocket”的值域被定义为“MusicGenre”，但火箭与音乐流派之间没有合理的语义关联。",0,1,
sample_0669,range,range(firstLaunchRocket) = Band,0,qwen-max-0125,0.0,8192,https://api2.aigcbest.top/v1,"判断结果：错误  
解释：属性“firstLaunchRocket”的值域定义为“Band”不符合常识，因为“firstLaunchRocket”通常与火箭或航天器相关，而“Band”通常指乐队，两者无直接关联。",0,1,
sample_0670,range,range(lastLaunchRocket) = Colour,0,qwen-max-0125,0.0,8192,https://api2.aigcbest.top/v1,"判断结果：错误  
解释：火箭的最后一次发射（lastLaunchRocket）与颜色（Colour）之间没有合理的语义关联，值域定义不符合常识。",0,1,
sample_0671,range,range(previousInfrastructure) = Broadcaster,0,qwen-max-0125,0.0,8192,https://api2.aigcbest.top/v1,"判断结果：错误  
解释：属性“previousInfrastructure”的值域定义为“Broadcaster”不符合常识，因为“previousInfrastructure”通常与基础设施相关，而“Broadcaster”属于广播领域，二者语义不匹配。",0,1,
sample_0672,range,range(religiousHead) = CareerStation,0,qwen-max-0125,0.0,8192,https://api2.aigcbest.top/v1,"判断结果：错误  
解释：宗教领袖（religiousHead）的值域不应是职业站点（CareerStation），这不符合常识和语义逻辑。",0,1,
sample_0673,range,range(subsequentInfrastructure) = Artery,0,qwen-max-0125,0.0,8192,https://api2.aigcbest.top/v1,"判断结果：错误  
解释：属性“subsequentInfrastructure”的值域被定义为“Artery”，但根据常识，“subsequentInfrastructure”可能涉及多种基础设施类型，不应仅限于“Artery”。",0,1,
sample_0674,range,range(newspaper) = BroadcastNetwork,0,qwen-max-0125,0.0,8192,https://api2.aigcbest.top/v1,"判断结果：错误  
解释：报纸（newspaper）的值域不应是广播网络（BroadcastNetwork），两者在语义上不相关。",0,1,
sample_0675,range,range(organisation) = Currency,0,qwen-max-0125,0.0,8192,https://api2.aigcbest.top/v1,"判断结果：错误  
解释：组织（organisation）的值域不可能是货币（Currency），这不符合常识和语义约束。",0,1,
sample_0676,range,range(releaseLocation) = CultivatedVariety,0,qwen-max-0125,0.0,8192,https://api2.aigcbest.top/v1,"判断结果：错误  
解释：属性releaseLocation的值域不应是CultivatedVariety，因为发布地点通常与地理位置相关，而不是与栽培品种相关。",0,1,
sample_0677,range,range(formerBroadcastNetwork) = Infrastructure,0,qwen-max-0125,0.0,8192,https://api2.aigcbest.top/v1,"判断结果：错误  
解释：formerBroadcastNetwork的值域应为与广播网络相关的实体，而不是基础设施（Infrastructure）。",0,1,
sample_0678,range,range(sisterCollege) = MeanOfTransportation,0,qwen-max-0125,0.0,8192,https://api2.aigcbest.top/v1,"判断结果：错误  
解释：sisterCollege的值域应为教育机构或类似概念，而非交通工具。",0,1,
sample_0679,range,range(taoiseach) = Organisation,0,qwen-max-0125,0.0,8192,https://api2.aigcbest.top/v1,"判断结果：错误  
解释：属性“taoiseach”的值域应为具体的人（Person），而不是组织（Organisation），因为“taoiseach”指的是爱尔兰总理，属于个人角色。",0,1,
sample_0680,range,range(academicAdvisor) = College,0,qwen-max-0125,0.0,8192,https://api2.aigcbest.top/v1,"判断结果：错误  
解释：学术顾问（academicAdvisor）的值域应该是人或相关角色，而不是学院（College）。",0,1,
sample_0681,range,range(administrativeCenter) = Album,0,qwen-max-0125,0.0,8192,https://api2.aigcbest.top/v1,"判断结果：错误  
解释：属性“administrativeCenter”的值域通常应为地理位置或相关实体，而不是“Album”。",0,1,
sample_0682,range,range(administrativeCollectivity) = Colour,0,qwen-max-0125,0.0,8192,https://api2.aigcbest.top/v1,"判断结果：错误  
解释：行政实体的值域不可能是颜色，语义上不相关。",0,1,
sample_0683,range,range(administrativeDistrict) = Rocket,0,qwen-max-0125,0.0,8192,https://api2.aigcbest.top/v1,"判断结果：错误  
解释：属性“administrativeDistrict”的值域通常应为地理或行政区域类型，而“Rocket”与该语义不符。",0,1,
sample_0684,range,range(affiliation) = Athlete,0,qwen-max-0125,0.0,8192,https://api2.aigcbest.top/v1,"判断结果：错误  
解释：属性“affiliation”的值域不应仅限于“Athlete”，因为隶属关系可以涉及其他类型实体（如组织、团队等）。",0,1,
sample_0685,range,range(album) = Athlete,0,qwen-max-0125,0.0,8192,https://api2.aigcbest.top/v1,"判断结果：错误  
解释：专辑（album）的值域通常与音乐或艺术作品相关，而运动员（Athlete）与其无直接语义关联。",0,1,
sample_0686,range,range(almaMater) = Country,0,qwen-max-0125,0.0,8192,https://api2.aigcbest.top/v1,"判断结果：错误  
解释：属性“almaMater”通常表示某人的母校，其值域应为教育机构（如大学或学院），而不是国家。",0,1,
sample_0687,range,range(alongside) = Department,0,qwen-max-0125,0.0,8192,https://api2.aigcbest.top/v1,"判断结果：错误  
解释：属性“alongside”的值域被定义为“Department”，但“alongside”通常表示某种并列关系，与“Department”无直接语义关联，不符合常识。",0,1,
sample_0688,range,range(anthem) = Band,0,qwen-max-0125,0.0,8192,https://api2.aigcbest.top/v1,"判断结果：错误  
解释：anthem（国歌）的值域应该是与音乐或音频相关的内容，而不是Band（乐队）。",0,1,
sample_0689,range,range(appointer) = Company,0,qwen-max-0125,0.0,8192,https://api2.aigcbest.top/v1,"判断结果：错误  
解释：根据常识，appointer（任命者）的值域通常应为具有任命能力的实体（如人或组织），而不一定是公司。",0,1,
sample_0690,range,range(architect) = Place,0,qwen-max-0125,0.0,8192,https://api2.aigcbest.top/v1,"判断结果：错误  
解释：建筑师（architect）通常指的是一种职业或角色，与地点（Place）无直接语义关联，因此将地点设为建筑师的值域不符合常识。",0,1,
sample_0691,range,range(arrondissement) = Organisation,0,qwen-max-0125,0.0,8192,https://api2.aigcbest.top/v1,"判断结果：错误  
解释：arrondissement通常指行政区划，与Organisation的语义不符。",0,1,
sample_0692,range,range(artery) = MusicGenre,0,qwen-max-0125,0.0,8192,https://api2.aigcbest.top/v1,"判断结果：错误  
解释：动脉（artery）是一个解剖学概念，与音乐流派（MusicGenre）无直接关联，语义上不合理。",0,1,
sample_0693,range,range(artist) = MusicalArtist,0,qwen-max-0125,0.0,8192,https://api2.aigcbest.top/v1,"判断结果：错误  
解释：属性“artist”的值域不应仅限于“MusicalArtist”，因为艺术家可以属于其他领域，如画家、雕塑家等。",0,1,
sample_0694,range,range(associatedBand) = City,0,qwen-max-0125,0.0,8192,https://api2.aigcbest.top/v1,"判断结果：错误  
解释：属性“associatedBand”的值域为“City”不符合常识，因为“associatedBand”通常与乐队相关，而乐队一般不是城市。",0,1,
sample_0695,range,range(associatedMusicalArtist) = Organisation,0,qwen-max-0125,0.0,8192,https://api2.aigcbest.top/v1,"判断结果：错误  
解释：属性“associatedMusicalArtist”的值域通常应为与音乐艺术家相关的个体，而不是组织（Organisation）。",0,1,
sample_0696,range,range(associationOfLocalGovernment) = Automobile,0,qwen-max-0125,0.0,8192,https://api2.aigcbest.top/v1,"判断结果：错误  
解释：地方政府协会的属性值域不可能是汽车，这不符合常识和语义约束。",0,1,
sample_0697,range,range(author) = Colour,0,qwen-max-0125,0.0,8192,https://api2.aigcbest.top/v1,"判断结果：错误  
解释：属性“author”的值域通常应为表示人的类，而不是颜色（Colour）。",0,1,
sample_0698,range,range(automobilePlatform) = Album,0,qwen-max-0125,0.0,8192,https://api2.aigcbest.top/v1,"判断结果：错误  
解释：automobilePlatform的值域不可能是Album，因为汽车平台与专辑属于完全不同的领域，语义上不相关。",0,1,
sample_0699,range,range(award) = Country,0,qwen-max-0125,0.0,8192,https://api2.aigcbest.top/v1,"判断结果：错误  
解释：奖项（award）的值域通常不是国家（Country），而更可能是具体的奖项名称或相关实体。",0,1,
sample_0700,range,range(bandMember) = Place,0,qwen-max-0125,0.0,8192,https://api2.aigcbest.top/v1,"判断结果：错误  
解释：bandMember属性的值域应该是与人或音乐家相关的类，而不是地点（Place）。",0,1,
sample_0701,range,range(basedOn) = Band,0,qwen-max-0125,0.0,8192,https://api2.aigcbest.top/v1,"判断结果：错误  
解释：属性“basedOn”的值域设置为“Band”不符合常识，因为“basedOn”通常表示某事物基于另一事物，其值域应更广泛，不限于“Band”。",0,1,
sample_0702,range,range(battle) = Currency,0,qwen-max-0125,0.0,8192,https://api2.aigcbest.top/v1,"判断结果：错误  
解释：战斗（battle）的值域通常与事件或行为相关，而货币（Currency）与其语义不符。",0,1,
sample_0703,range,range(beatifiedBy) = EducationalInstitution,0,qwen-max-0125,0.0,8192,https://api2.aigcbest.top/v1,"判断结果：错误  
解释：被册封为圣人（beatifiedBy）的主体通常与宗教机构相关，而非教育机构。",0,1,
sample_0704,range,range(beatifiedPlace) = Currency,0,qwen-max-0125,0.0,8192,https://api2.aigcbest.top/v1,"判断结果：错误  
解释：beatifiedPlace的值域应为地点相关概念，而非货币（Currency）。",0,1,
sample_0705,range,range(beltwayCity) = PeriodicalLiterature,0,qwen-max-0125,0.0,8192,https://api2.aigcbest.top/v1,"判断结果：错误  
解释：beltwayCity的值域不应是PeriodicalLiterature，二者语义上无合理关联。",0,1,
sample_0706,range,range(billed) = Award,0,qwen-max-0125,0.0,8192,https://api2.aigcbest.top/v1,"判断结果：错误  
解释：属性“billed”的值域被定义为“Award”不符合常识，因为“billed”通常与账单或计费相关，而“Award”表示奖项，二者语义上不匹配。",0,1,
sample_0707,range,range(broadcastNetwork) = Currency,0,qwen-max-0125,0.0,8192,https://api2.aigcbest.top/v1,"判断结果：错误  
解释：广播网络（broadcastNetwork）的值域不可能是货币（Currency），这不符合常识和语义约束。",0,1,
sample_0708,range,range(canonizedBy) = Work,0,qwen-max-0125,0.0,8192,https://api2.aigcbest.top/v1,"判断结果：错误  
解释：canonizedBy的值域通常应为执行“canonized”操作的主体（如人或组织），而不是Work。",0,1,
sample_0709,range,range(canonizedPlace) = College,0,qwen-max-0125,0.0,8192,https://api2.aigcbest.top/v1,"判断结果：错误  
解释：canonizedPlace的值域被定义为College，但“canonizedPlace”通常指代与宗教或历史相关的地点，与“College”无直接语义关联，不符合常识。",0,1,
sample_0710,range,range(canton) = CareerStation,0,qwen-max-0125,0.0,8192,https://api2.aigcbest.top/v1,"判断结果：错误  
解释：属性“canton”通常表示“州”或“行政区划”，其值域不应是“CareerStation”（职业站点），这不符合常识和语义约束。",0,1,
sample_0711,range,range(capital) = Album,0,qwen-max-0125,0.0,8192,https://api2.aigcbest.top/v1,"判断结果：错误  
解释：capital通常表示“首都”或“资本”，与Album（专辑）无直接语义关联，值域定义不合理。",0,1,
sample_0712,range,range(careerStation) = MusicGenre,0,qwen-max-0125,0.0,8192,https://api2.aigcbest.top/v1,"判断结果：错误  
解释：职业阶段（careerStation）的值域不应是音乐流派（MusicGenre），二者语义不符。",0,1,
sample_0713,range,range(ceremonialCounty) = Department,0,qwen-max-0125,0.0,8192,https://api2.aigcbest.top/v1,"判断结果：错误  
解释：ceremonialCounty的值域通常应为地理区域或类似概念，而不是“Department”。",0,1,
sample_0714,range,range(chairman) = Place,0,qwen-max-0125,0.0,8192,https://api2.aigcbest.top/v1,"判断结果：错误  
解释：属性chairman的值域应该是与人相关的类，而不是Place。",0,1,
sample_0715,range,range(chairperson) = MilitaryConflict,0,qwen-max-0125,0.0,8192,https://api2.aigcbest.top/v1,"判断结果：错误  
解释：chairperson的值域通常应为Person或相关类，而不应是MilitaryConflict，语义上不合理。",0,1,
sample_0716,range,range(championInDoubleMale) = CultivatedVariety,0,qwen-max-0125,0.0,8192,https://api2.aigcbest.top/v1,"判断结果：错误  
解释：属性“championInDoubleMale”的值域不应是“CultivatedVariety”，因为“冠军”与“栽培品种”之间没有直接合理的语义关联。",0,1,
sample_0717,range,range(championInSingleMale) = PopulatedPlace,0,qwen-max-0125,0.0,8192,https://api2.aigcbest.top/v1,"判断结果：错误  
解释：属性“championInSingleMale”的值域不应是“PopulatedPlace”，因为“championInSingleMale”通常表示男性单打冠军，其值域应为某种赛事或运动相关概念，而非地点。",0,1,
sample_0718,range,range(chancellor) = Organisation,0,qwen-max-0125,0.0,8192,https://api2.aigcbest.top/v1,"判断结果：错误  
解释：chancellor通常指人，其值域应为Person或类似概念，而非Organisation。",0,1,
sample_0719,range,range(channel) = CareerStation,0,qwen-max-0125,0.0,8192,https://api2.aigcbest.top/v1,"判断结果：错误  
解释：属性“channel”的值域被定义为“CareerStation”，但根据常识，“channel”通常与传播媒介或通信渠道相关，而“CareerStation”更可能与职业或职位相关，二者语义不符。",0,1,
sample_0720,range,range(child) = Award,0,qwen-max-0125,0.0,8192,https://api2.aigcbest.top/v1,"判断结果：错误  
解释：属性“child”的值域通常应为与人或生物相关的类，而不是“Award”（奖项）。",0,1,
sample_0721,range,range(childOrganisation) = Agent,0,qwen-max-0125,0.0,8192,https://api2.aigcbest.top/v1,"判断结果：错误  
解释：childOrganisation的值域应为组织类型，而不是泛化的Agent。",0,1,
sample_0722,range,range(cinematography) = MeanOfTransportation,0,qwen-max-0125,0.0,8192,https://api2.aigcbest.top/v1,"判断结果：错误  
解释：电影摄影（cinematography）的值域不应是交通工具（MeanOfTransportation），二者语义不符。",0,1,
sample_0723,range,range(city) = Agent,0,qwen-max-0125,0.0,8192,https://api2.aigcbest.top/v1,"判断结果：错误  
解释：城市（city）的值域不应是代理（Agent），因为城市通常是一个地理位置或行政区域，与代理无直接语义关联。",0,1,
sample_0724,range,range(club) = Disease,0,qwen-max-0125,0.0,8192,https://api2.aigcbest.top/v1,"判断结果：错误  
解释：俱乐部（club）的值域不可能是疾病（Disease），这不符合常识和语义约束。",0,1,
sample_0725,range,range(coach) = Infrastructure,0,qwen-max-0125,0.0,8192,https://api2.aigcbest.top/v1,"判断结果：错误  
解释：教练（coach）通常指人或某种指导角色，与基础设施（Infrastructure）无直接语义关联，值域定义不合理。",0,1,
sample_0726,range,range(college) = Infrastructure,0,qwen-max-0125,0.0,8192,https://api2.aigcbest.top/v1,"判断结果：错误  
解释：大学（college）的值域通常应与教育机构或相关概念相关，而不是基础设施（Infrastructure）。",0,1,
sample_0727,range,range(colour) = CultivatedVariety,0,qwen-max-0125,0.0,8192,https://api2.aigcbest.top/v1,"判断结果：错误  
解释：属性“colour”的值域应该是颜色相关的类，而不是“CultivatedVariety”（栽培品种）。",0,1,
sample_0728,range,range(commandStructure) = Rocket,0,qwen-max-0125,0.0,8192,https://api2.aigcbest.top/v1,"判断结果：错误  
解释：属性commandStructure的值域为Rocket不符合常识，因为“指挥结构”通常与人或组织相关，而非火箭。",0,1,
sample_0729,range,range(commander) = MusicGenre,0,qwen-max-0125,0.0,8192,https://api2.aigcbest.top/v1,"判断结果：错误  
解释：指挥官（commander）通常与音乐流派（MusicGenre）无直接关联，语义上不合理。",0,1,
sample_0730,range,range(company) = BroadcastNetwork,0,qwen-max-0125,0.0,8192,https://api2.aigcbest.top/v1,"判断结果：错误  
解释：公司的范围（range）不应限定为广播网络（BroadcastNetwork），因为公司可以属于各种行业和领域。",0,1,
sample_0731,range,range(composer) = BroadcastNetwork,0,qwen-max-0125,0.0,8192,https://api2.aigcbest.top/v1,"判断结果：错误  
解释：作曲家（composer）的值域不应是广播网络（BroadcastNetwork），这不符合常识和语义约束。",0,1,
sample_0732,range,range(constituencyDistrict) = River,0,qwen-max-0125,0.0,8192,https://api2.aigcbest.top/v1,"判断结果：错误  
解释：选区（constituencyDistrict）通常指地理区域，与河流（River）无直接语义关联，值域定义不合理。",0,1,
sample_0733,range,range(councilArea) = Company,0,qwen-max-0125,0.0,8192,https://api2.aigcbest.top/v1,"判断结果：错误  
解释：councilArea的值域通常应为地理区域或类似概念，而不是公司（Company）。",0,1,
sample_0734,range,range(country) = Album,0,qwen-max-0125,0.0,8192,https://api2.aigcbest.top/v1,"判断结果：错误  
解释：属性“country”的值域通常应为国家或地区，而不是“Album”。",0,1,
sample_0735,range,range(countryWithFirstSatellite) = Band,0,qwen-max-0125,0.0,8192,https://api2.aigcbest.top/v1,"判断结果：错误  
解释：属性“countryWithFirstSatellite”的值域不应是“Band”，因为国家与卫星发射的关系与乐队（Band）无关，语义上不合理。",0,1,
sample_0736,range,range(creator) = Department,0,qwen-max-0125,0.0,8192,https://api2.aigcbest.top/v1,"判断结果：错误  
解释：属性“creator”的值域通常应为具体的人或组织，而不是“Department”这样的类。",0,1,
sample_0737,range,range(creatorOfDish) = Colour,0,qwen-max-0125,0.0,8192,https://api2.aigcbest.top/v1,"判断结果：错误  
解释：属性“creatorOfDish”的值域不应是“Colour”，因为创造菜品的主体通常是人或组织，与颜色无关。",0,1,
sample_0738,range,range(crosses) = Architect,0,qwen-max-0125,0.0,8192,https://api2.aigcbest.top/v1,"判断结果：错误  
解释：属性“crosses”的值域被定义为“Architect”，但根据常识，“crosses”通常表示某种跨越关系，其值域不应限制为特定的职业或角色。",0,1,
sample_0739,range,range(cultivatedVariety) = MusicGenre,0,qwen-max-0125,0.0,8192,https://api2.aigcbest.top/v1,"判断结果：错误  
解释：栽培品种（cultivatedVariety）与音乐流派（MusicGenre）之间没有合理的语义关联，属性值域定义不符合常识。",0,1,
sample_0740,range,range(currency) = Work,0,qwen-max-0125,0.0,8192,https://api2.aigcbest.top/v1,"判断结果：错误  
解释：货币（currency）的值域通常应为某种货币单位或相关概念，而不是“工作（Work）”。",0,1,
sample_0741,range,range(currentMember) = Award,0,qwen-max-0125,0.0,8192,https://api2.aigcbest.top/v1,"判断结果：错误  
解释：currentMember的值域不应是Award，因为成员通常是人或组织，而Award表示奖项，二者语义不符。",0,1,
sample_0742,range,range(dean) = Broadcaster,0,qwen-max-0125,0.0,8192,https://api2.aigcbest.top/v1,"判断结果：错误  
解释：根据常识，“dean”通常指“院长”，与“Broadcaster（广播员）”无直接语义关联，值域定义不合理。",0,1,
sample_0743,range,range(debutTeam) = CareerStation,0,qwen-max-0125,0.0,8192,https://api2.aigcbest.top/v1,"判断结果：错误  
解释：debutTeam的值域应为团队或组织类型，而非CareerStation。",0,1,
sample_0744,range,range(department) = MilitaryUnit,0,qwen-max-0125,0.0,8192,https://api2.aigcbest.top/v1,"判断结果：错误  
解释：属性“department”的值域通常应为组织或部门相关类，而非“MilitaryUnit”。",0,1,
sample_0745,range,range(deputy) = Department,0,qwen-max-0125,0.0,8192,https://api2.aigcbest.top/v1,"判断结果：错误  
解释：属性“deputy”的值域通常应为个人或职位，而不是部门（Department）。",0,1,
sample_0746,range,range(derivative) = MilitaryUnit,0,qwen-max-0125,0.0,8192,https://api2.aigcbest.top/v1,"判断结果：错误  
解释：属性“derivative”的值域被定义为“MilitaryUnit”，但根据常识，“derivative”通常表示某种派生关系，其值域不应局限于军事单位。",0,1,
sample_0747,range,range(designCompany) = Organisation,0,qwen-max-0125,0.0,8192,https://api2.aigcbest.top/v1,"判断结果：正确  
解释：设计公司（designCompany）的值域为组织（Organisation）符合常识，因为设计公司通常属于某种组织实体。",1,0,
sample_0748,range,range(designer) = Agent,0,qwen-max-0125,0.0,8192,https://api2.aigcbest.top/v1,"判断结果：正确  
解释：设计师（designer）的值域为代理（Agent）符合常识，因为设计师通常指代一个具有行为能力的实体。",1,0,
sample_0749,range,range(destination) = Artery,0,qwen-max-0125,0.0,8192,https://api2.aigcbest.top/v1,"判断结果：错误  
解释：目的地（destination）的值域通常是一个地点或位置，而不是动脉（Artery），这不符合常识语义。",0,1,
sample_0750,range,range(developer) = Rocket,0,qwen-max-0125,0.0,8192,https://api2.aigcbest.top/v1,"判断结果：错误  
解释：属性“developer”的值域通常应为与开发者相关的实体（如人或组织），而不是“Rocket”这种物理对象。",0,1,
sample_0751,range,range(director) = City,0,qwen-max-0125,0.0,8192,https://api2.aigcbest.top/v1,"判断结果：错误  
解释：属性“director”的值域通常应为表示人的类，而不是城市。",0,1,
sample_0752,range,range(discoverer) = PopulatedPlace,0,qwen-max-0125,0.0,8192,https://api2.aigcbest.top/v1,"判断结果：错误  
解释：属性“discoverer”通常表示发现者，其值域应为人物或组织，而不是“PopulatedPlace”（有人居住的地方）。",0,1,
sample_0753,range,range(disease) = Company,0,qwen-max-0125,0.0,8192,https://api2.aigcbest.top/v1,"判断结果：错误  
解释：疾病的值域应该是与健康或医学相关的概念，而不是公司。",0,1,
sample_0754,range,range(distributor) = Artery,0,qwen-max-0125,0.0,8192,https://api2.aigcbest.top/v1,"判断结果：错误  
解释：属性“distributor”的值域被定义为“Artery”，但“distributor”通常与分销商相关，而“Artery”是动脉，二者语义不符。",0,1,
sample_0755,range,range(district) = Artery,0,qwen-max-0125,0.0,8192,https://api2.aigcbest.top/v1,"判断结果：错误  
解释：district（地区）的值域通常应为地理区域或地点类型，而不是Artery（动脉），这不符合常识和语义约束。",0,1,
sample_0756,range,range(doctoralAdvisor) = Place,0,qwen-max-0125,0.0,8192,https://api2.aigcbest.top/v1,"判断结果：错误  
解释：doctoralAdvisor的值域应该是人或类似的概念，而不是地点（Place）。",0,1,
sample_0757,range,range(doctoralStudent) = Rocket,0,qwen-max-0125,0.0,8192,https://api2.aigcbest.top/v1,"判断结果：错误  
解释：博士生（doctoralStudent）的值域不可能是火箭（Rocket），这不符合常识和语义约束。",0,1,
sample_0758,range,range(draftTeam) = MeanOfTransportation,0,qwen-max-0125,0.0,8192,https://api2.aigcbest.top/v1,"判断结果：错误  
解释：draftTeam通常指代的是一个团队或组织，而不是交通工具，因此其值域不应为MeanOfTransportation。",0,1,
sample_0759,range,range(editing) = Artery,0,qwen-max-0125,0.0,8192,https://api2.aigcbest.top/v1,"判断结果：错误  
解释：编辑（editing）属性的值域（range）定义为动脉（Artery）不符合常识语义，编辑通常与文本或数据相关，而动脉属于生物医学领域概念，二者无直接关联。",0,1,
sample_0760,range,range(editor) = Rocket,0,qwen-max-0125,0.0,8192,https://api2.aigcbest.top/v1,"判断结果：错误  
解释：编辑器（editor）的值域通常是指人或组织，而不是火箭（Rocket），语义上不合理。",0,1,
